com/moonsworth/lunar/CCROIHHHCOCHHOHORCIRHOCRROIOCI/HORHROIOIOICIRHIOCOICHHHIHCIIO	com/moonsworth/lunar/CCROIHHHCOCHHOHORCIRHOCRROIOCI/HORHROIOIOICIRHIOCOICHHHIHCIIO_
com/moonsworth/lunar/CCROIHHHCOCHHOHORCIRHOCRROIOCI/HORHROIOIOICIRHIOCOICHHHIHCIIO$HORHROIOIOICIRHIOCOICHHHIHCIIO	com/moonsworth/lunar/CCROIHHHCOCHHOHORCIRHOCRROIOCI/HORHROIOIOICIRHIOCOICHHHIHCIIO_$HORHROIOIOICIRHIOCOICHHHIHCIIO
com/moonsworth/lunar/HORHROIOIOICIRHIOCOICHHHIHCIIO/HORHROIOIOICIRHIOCOICHHHIHCIIO	com/moonsworth/lunar/HORHROIOIOICIRHIOCOICHHHIHCIIO/HORHROIOIOICIRHIOCOICHHHIHCIIO_
com/moonsworth/lunar/HORHROIOIOICIRHIOCOICHHHIHCIIO/HORHROIOIOICIRHIOCOICHHHIHCIIO$HORHROIOIOICIRHIOCOICHHHIHCIIO	com/moonsworth/lunar/HORHROIOIOICIRHIOCOICHHHIHCIIO/HORHROIOIOICIRHIOCOICHHHIHCIIO_$HORHROIOIOICIRHIOCOICHHHIHCIIO
com/moonsworth/lunar/HORHROIOIOICIRHIOCOICHHHIHCIIO/HORHROIOIOICIRHIOCOICHHHIHCIIO$HHRROIIHRRICIIHIIHICRHHRHOHHOO	com/moonsworth/lunar/HORHROIOIOICIRHIOCOICHHHIHCIIO/HORHROIOIOICIRHIOCOICHHHIHCIIO_$HHRROIIHRRICIIHIIHICRHHRHOHHOO
com/moonsworth/lunar/HORHROIOIOICIRHIOCOICHHHIHCIIO/HORHROIOIOICIRHIOCOICHHHIHCIIO/HHRROIIHRRICIIHIIHICRHHRHOHHOO	com/moonsworth/lunar/HORHROIOIOICIRHIOCOICHHHIHCIIO/HORHROIOIOICIRHIOCOICHHHIHCIIO/HHRROIIHRRICIIHIIHICRHHRHOHHOO_
com/moonsworth/lunar/HORHROIOIOICIRHIOCOICHHHIHCIIO/HORHROIOIOICIRHIOCOICHHHIHCIIO/HHRROIIHRRICIIHIIHICRHHRHOHHOO$2	com/moonsworth/lunar/HORHROIOIOICIRHIOCOICHHHIHCIIO/HORHROIOIOICIRHIOCOICHHHIHCIIO/HHRROIIHRRICIIHIIHICRHHRHOHHOO_$2
com/moonsworth/lunar/HORHROIOIOICIRHIOCOICHHHIHCIIO/HORHROIOIOICIRHIOCOICHHHIHCIIO/HHRROIIHRRICIIHIIHICRHHRHOHHOO$1	com/moonsworth/lunar/HORHROIOIOICIRHIOCOICHHHIHCIIO/HORHROIOIOICIRHIOCOICHHHIHCIIO/HHRROIIHRRICIIHIIHICRHHRHOHHOO_$1
com/moonsworth/lunar/HORHROIOIOICIRHIOCOICHHHIHCIIO/HORHROIOIOICIRHIOCOICHHHIHCIIO/HHRROIIHRRICIIHIIHICRHHRHOHHOO$3	com/moonsworth/lunar/HORHROIOIOICIRHIOCOICHHHIHCIIO/HORHROIOIOICIRHIOCOICHHHIHCIIO/HHRROIIHRRICIIHIIHICRHHRHOHHOO_$3
com/moonsworth/lunar/HORHROIOIOICIRHIOCOICHHHIHCIIO/HORHROIOIOICIRHIOCOICHHHIHCIIO/HHRROIIHRRICIIHIIHICRHHRHOHHOO$4	com/moonsworth/lunar/HORHROIOIOICIRHIOCOICHHHIHCIIO/HORHROIOIOICIRHIOCOICHHHIHCIIO/HHRROIIHRRICIIHIIHICRHHRHOHHOO_$4
com/moonsworth/lunar/HORHROIOIOICIRHIOCOICHHHIHCIIO/HORHROIOIOICIRHIOCOICHHHIHCIIO/HORHROIOIOICIRHIOCOICHHHIHCIIO	com/moonsworth/lunar/HORHROIOIOICIRHIOCOICHHHIHCIIO/HORHROIOIOICIRHIOCOICHHHIHCIIO/HORHROIOIOICIRHIOCOICHHHIHCIIO_
com/moonsworth/lunar/HORHROIOIOICIRHIOCOICHHHIHCIIO/HORHROIOIOICIRHIOCOICHHHIHCIIO/HRICOROOOCCOCOROCRHHCRRIRCOICO	com/moonsworth/lunar/HORHROIOIOICIRHIOCOICHHHIHCIIO/HORHROIOIOICIRHIOCOICHHHIHCIIO/HRICOROOOCCOCOROCRHHCRRIRCOICO_
com/moonsworth/lunar/HRICOROOOCCOCOROCRHHCRRIRCOICO/CCHOHROIOHHCCCOCIIOIRCHRROHHRC/HHRROIIHRRICIIHIIHICRHHRHOHHOO	com/moonsworth/lunar/HRICOROOOCCOCOROCRHHCRRIRCOICO/CCHOHROIOHHCCCOCIIOIRCHRROHHRC/HHRROIIHRRICIIHIIHICRHHRHOHHOO_
com/moonsworth/lunar/HRICOROOOCCOCOROCRHHCRRIRCOICO/CCHOHROIOHHCCCOCIIOIRCHRROHHRC/HORHROIOIOICIRHIOCOICHHHIHCIIO	com/moonsworth/lunar/HRICOROOOCCOCOROCRHHCRRIRCOICO/CCHOHROIOHHCCCOCIIOIRCHRROHHRC/HORHROIOIOICIRHIOCOICHHHIHCIIO_
com/moonsworth/lunar/HRICOROOOCCOCOROCRHHCRRIRCOICO/CCHOHROIOHHCCCOCIIOIRCHRROHHRC/HORHROIOIOICIRHIOCOICHHHIHCIIO$HORHROIOIOICIRHIOCOICHHHIHCIIO	com/moonsworth/lunar/HRICOROOOCCOCOROCRHHCRRIRCOICO/CCHOHROIOHHCCCOCIIOIRCHRROHHRC/HORHROIOIOICIRHIOCOICHHHIHCIIO_$HORHROIOIOICIRHIOCOICHHHIHCIIO
com/moonsworth/lunar/HRICOROOOCCOCOROCRHHCRRIRCOICO/CCHOHROIOHHCCCOCIIOIRCHRROHHRC/HRICOROOOCCOCOROCRHHCRRIRCOICO	com/moonsworth/lunar/HRICOROOOCCOCOROCRHHCRRIRCOICO/CCHOHROIOHHCCCOCIIOIRCHRROHHRC/HRICOROOOCCOCOROCRHHCRRIRCOICO_
com/moonsworth/lunar/HRICOROOOCCOCOROCRHHCRRIRCOICO/CCHOHROIOHHCCCOCIIOIRCHRROHHRC/ICRHORIIHOHROHOHOCOOHOOCOORRHO	com/moonsworth/lunar/HRICOROOOCCOCOROCRHHCRRIRCOICO/CCHOHROIOHHCCCOCIIOIRCHRROHHRC/ICRHORIIHOHROHOHOCOOHOOCOORRHO_
com/moonsworth/lunar/HRICOROOOCCOCOROCRHHCRRIRCOICO/HHRROIIHRRICIIHIIHICRHHRHOHHOO	com/moonsworth/lunar/HRICOROOOCCOCOROCRHHCRRIRCOICO/HHRROIIHRRICIIHIIHICRHHRHOHHOO_
com/moonsworth/lunar/HRICOROOOCCOCOROCRHHCRRIRCOICO/HORHROIOIOICIRHIOCOICHHHIHCIIO	com/moonsworth/lunar/HRICOROOOCCOCOROCRHHCRRIRCOICO/HORHROIOIOICIRHIOCOICHHHIHCIIO_
com/moonsworth/lunar/HRICOROOOCCOCOROCRHHCRRIRCOICO/HORHROIOIOICIRHIOCOICHHHIHCIIO$HORHROIOIOICIRHIOCOICHHHIHCIIO	com/moonsworth/lunar/HRICOROOOCCOCOROCRHHCRRIRCOICO/HORHROIOIOICIRHIOCOICHHHIHCIIO_$HORHROIOIOICIRHIOCOICHHHIHCIIO
com/moonsworth/lunar/HRICOROOOCCOCOROCRHHCRRIRCOICO/HRICOROOOCCOCOROCRHHCRRIRCOICO/HORHROIOIOICIRHIOCOICHHHIHCIIO	com/moonsworth/lunar/HRICOROOOCCOCOROCRHHCRRIRCOICO/HRICOROOOCCOCOROCRHHCRRIRCOICO/HORHROIOIOICIRHIOCOICHHHIHCIIO_
com/moonsworth/lunar/HRICOROOOCCOCOROCRHHCRRIRCOICO/HROHOIOCHIRIHICOORIHOHCIOIRIIH/HHRROIIHRRICIIHIIHICRHHRHOHHOO	com/moonsworth/lunar/HRICOROOOCCOCOROCRHHCRRIRCOICO/HROHOIOCHIRIHICOORIHOHCIOIRIIH/HHRROIIHRRICIIHIIHICRHHRHOHHOO_
com/moonsworth/lunar/HRICOROOOCCOCOROCRHHCRRIRCOICO/HROHOIOCHIRIHICOORIHOHCIOIRIIH/HORHROIOIOICIRHIOCOICHHHIHCIIO	com/moonsworth/lunar/HRICOROOOCCOCOROCRHHCRRIRCOICO/HROHOIOCHIRIHICOORIHOHCIOIRIIH/HORHROIOIOICIRHIOCOICHHHIHCIIO_
com/moonsworth/lunar/HRICOROOOCCOCOROCRHHCRRIRCOICO/HROHOIOCHIRIHICOORIHOHCIOIRIIH/HRICOROOOCCOCOROCRHHCRRIRCOICO	com/moonsworth/lunar/HRICOROOOCCOCOROCRHHCRRIRCOICO/HROHOIOCHIRIHICOORIHOHCIOIRIIH/HRICOROOOCCOCOROCRHHCRRIRCOICO_
com/moonsworth/lunar/HRICOROOOCCOCOROCRHHCRRIRCOICO/HROHOIOCHIRIHICOORIHOHCIOIRIIH/ICRHORIIHOHROHOHOCOOHOOCOORRHO	com/moonsworth/lunar/HRICOROOOCCOCOROCRHHCRRIRCOICO/HROHOIOCHIRIHICOORIHOHCIOIRIIH/ICRHORIIHOHROHOHOCOOHOOCOORRHO_
com/moonsworth/lunar/HRICOROOOCCOCOROCRHHCRRIRCOICO/HROHOIOCHIRIHICOORIHOHCIOIRIIH/OHROCHICOIOICHOCRROORRCIIICIHO	com/moonsworth/lunar/HRICOROOOCCOCOROCRHHCRRIRCOICO/HROHOIOCHIRIHICOORIHOHCIOIRIIH/OHROCHICOIOICHOCRROORRCIIICIHO_
com/moonsworth/lunar/HRICOROOOCCOCOROCRHHCRRIRCOICO/HROHOIOCHIRIHICOORIHOHCIOIRIIH/ORCHOHHCOHCORRICRIHCHHRORHHCHH	com/moonsworth/lunar/HRICOROOOCCOCOROCRHHCRRIRCOICO/HROHOIOCHIRIHICOORIHOHCIOIRIIH/ORCHOHHCOHCORRICRIHCHHRORHHCHH_
com/moonsworth/lunar/HRICOROOOCCOCOROCRHHCRRIRCOICO/HROHOIOCHIRIHICOORIHOHCIOIRIIH/RCIOICOHRIOIIRRRROCRHCIICRROHO	com/moonsworth/lunar/HRICOROOOCCOCOROCRHHCRRIRCOICO/HROHOIOCHIRIHICOORIHOHCIOIRIIH/RCIOICOHRIOIIRRRROCRHCIICRROHO_
com/moonsworth/lunar/HRICOROOOCCOCOROCRHHCRRIRCOICO/HROOOICICRCOCIROHIRICCCOCCIORH/HHRROIIHRRICIIHIIHICRHHRHOHHOO	com/moonsworth/lunar/HRICOROOOCCOCOROCRHHCRRIRCOICO/HROOOICICRCOCIROHIRICCCOCCIORH/HHRROIIHRRICIIHIIHICRHHRHOHHOO_
com/moonsworth/lunar/HRICOROOOCCOCOROCRHHCRRIRCOICO/HROOOICICRCOCIROHIRICCCOCCIORH/HHRROIIHRRICIIHIIHICRHHRHOHHOO/HORHROIOIOICIRHIOCOICHHHIHCIIO	com/moonsworth/lunar/HRICOROOOCCOCOROCRHHCRRIRCOICO/HROOOICICRCOCIROHIRICCCOCCIORH/HHRROIIHRRICIIHIIHICRHHRHOHHOO/HORHROIOIOICIRHIOCOICHHHIHCIIO_
com/moonsworth/lunar/HRICOROOOCCOCOROCRHHCRRIRCOICO/HROOOICICRCOCIROHIRICCCOCCIORH/HORHROIOIOICIRHIOCOICHHHIHCIIO	com/moonsworth/lunar/HRICOROOOCCOCOROCRHHCRRIRCOICO/HROOOICICRCOCIROHIRICCCOCCIORH/HORHROIOIOICIRHIOCOICHHHIHCIIO_
com/moonsworth/lunar/HRICOROOOCCOCOROCRHHCRRIRCOICO/HROOOICICRCOCIROHIRICCCOCCIORH/HRICOROOOCCOCOROCRHHCRRIRCOICO	com/moonsworth/lunar/HRICOROOOCCOCOROCRHHCRRIRCOICO/HROOOICICRCOCIROHIRICCCOCCIORH/HRICOROOOCCOCOROCRHHCRRIRCOICO_
com/moonsworth/lunar/HRICOROOOCCOCOROCRHHCRRIRCOICO/HROOOICICRCOCIROHIRICCCOCCIORH/ICRHORIIHOHROHOHOCOOHOOCOORRHO	com/moonsworth/lunar/HRICOROOOCCOCOROCRHHCRRIRCOICO/HROOOICICRCOCIROHIRICCCOCCIORH/ICRHORIIHOHROHOHOCOOHOOCOORRHO_
com/moonsworth/lunar/HRICOROOOCCOCOROCRHHCRRIRCOICO/HROOOICICRCOCIROHIRICCCOCCIORH/OHROCHICOIOICHOCRROORRCIIICIHO	com/moonsworth/lunar/HRICOROOOCCOCOROCRHHCRRIRCOICO/HROOOICICRCOCIROHIRICCCOCCIORH/OHROCHICOIOICHOCRROORRCIIICIHO_
com/moonsworth/lunar/HRICOROOOCCOCOROCRHHCRRIRCOICO/HROOOICICRCOCIROHIRICCCOCCIORH/RCIOICOHRIOIIRRRROCRHCIICRROHO	com/moonsworth/lunar/HRICOROOOCCOCOROCRHHCRRIRCOICO/HROOOICICRCOCIROHIRICCCOCCIORH/RCIOICOHRIOIIRRRROCRHCIICRROHO_
com/moonsworth/lunar/HRICOROOOCCOCOROCRHHCRRIRCOICO/ICRHORIIHOHROHOHOCOOHOOCOORRHO/HHRROIIHRRICIIHIIHICRHHRHOHHOO	com/moonsworth/lunar/HRICOROOOCCOCOROCRHHCRRIRCOICO/ICRHORIIHOHROHOHOCOOHOOCOORRHO/HHRROIIHRRICIIHIIHICRHHRHOHHOO_
com/moonsworth/lunar/HRICOROOOCCOCOROCRHHCRRIRCOICO/ICRHORIIHOHROHOHOCOOHOOCOORRHO/HORHROIOIOICIRHIOCOICHHHIHCIIO	com/moonsworth/lunar/HRICOROOOCCOCOROCRHHCRRIRCOICO/ICRHORIIHOHROHOHOCOOHOOCOORRHO/HORHROIOIOICIRHIOCOICHHHIHCIIO_
com/moonsworth/lunar/HRICOROOOCCOCOROCRHHCRRIRCOICO/ICRHORIIHOHROHOHOCOOHOOCOORRHO/HRICOROOOCCOCOROCRHHCRRIRCOICO	com/moonsworth/lunar/HRICOROOOCCOCOROCRHHCRRIRCOICO/ICRHORIIHOHROHOHOCOOHOOCOORRHO/HRICOROOOCCOCOROCRHHCRRIRCOICO_
com/moonsworth/lunar/HRICOROOOCCOCOROCRHHCRRIRCOICO/IHRHHRIHICHOOICIRIOOHOICHIRHOI/HORHROIOIOICIRHIOCOICHHHIHCIIO	com/moonsworth/lunar/HRICOROOOCCOCOROCRHHCRRIRCOICO/IHRHHRIHICHOOICIRIOOHOICHIRHOI/HORHROIOIOICIRHIOCOICHHHIHCIIO_
com/moonsworth/lunar/HRICOROOOCCOCOROCRHHCRRIRCOICO/OIRIOIIIRICICCHORICRRIRROHCRIC/HHRROIIHRRICIIHIIHICRHHRHOHHOO	com/moonsworth/lunar/HRICOROOOCCOCOROCRHHCRRIRCOICO/OIRIOIIIRICICCHORICRRIRROHCRIC/HHRROIIHRRICIIHIIHICRHHRHOHHOO_
com/moonsworth/lunar/HRICOROOOCCOCOROCRHHCRRIRCOICO/OIRIOIIIRICICCHORICRRIRROHCRIC/HHRROIIHRRICIIHIIHICRHHRHOHHOO$HORHROIOIOICIRHIOCOICHHHIHCIIO	com/moonsworth/lunar/HRICOROOOCCOCOROCRHHCRRIRCOICO/OIRIOIIIRICICCHORICRRIRROHCRIC/HHRROIIHRRICIIHIIHICRHHRHOHHOO_$HORHROIOIOICIRHIOCOICHHHIHCIIO
com/moonsworth/lunar/HRICOROOOCCOCOROCRHHCRRIRCOICO/OIRIOIIIRICICCHORICRRIRROHCRIC/HORHROIOIOICIRHIOCOICHHHIHCIIO	com/moonsworth/lunar/HRICOROOOCCOCOROCRHHCRRIRCOICO/OIRIOIIIRICICCHORICRRIRROHCRIC/HORHROIOIOICIRHIOCOICHHHIHCIIO_
com/moonsworth/lunar/HRICOROOOCCOCOROCRHHCRRIRCOICO/OIRIOIIIRICICCHORICRRIRROHCRIC/HRICOROOOCCOCOROCRHHCRRIRCOICO	com/moonsworth/lunar/HRICOROOOCCOCOROCRHHCRRIRCOICO/OIRIOIIIRICICCHORICRRIRROHCRIC/HRICOROOOCCOCOROCRHHCRRIRCOICO_
com/moonsworth/lunar/HRICOROOOCCOCOROCRHHCRRIRCOICO/OIRIOIIIRICICCHORICRRIRROHCRIC/ICRHORIIHOHROHOHOCOOHOOCOORRHO	com/moonsworth/lunar/HRICOROOOCCOCOROCRHHCRRIRCOICO/OIRIOIIIRICICCHORICRRIRROHCRIC/ICRHORIIHOHROHOHOCOOHOOCOORRHO_
com/moonsworth/lunar/HRICOROOOCCOCOROCRHHCRRIRCOICO/OIRIOIIIRICICCHORICRRIRROHCRIC/RCIOICOHRIOIIRRRROCRHCIICRROHO	com/moonsworth/lunar/HRICOROOOCCOCOROCRHHCRRIRCOICO/OIRIOIIIRICICCHORICRRIRROHCRIC/RCIOICOHRIOIIRRRROCRHCIICRROHO_
com/moonsworth/lunar/HRICOROOOCCOCOROCRHHCRRIRCOICO/OORHIHOOORHHIRORRICRRORCHRRIIC/HORHROIOIOICIRHIOCOICHHHIHCIIO	com/moonsworth/lunar/HRICOROOOCCOCOROCRHHCRRIRCOICO/OORHIHOOORHHIRORRICRRORCHRRIIC/HORHROIOIOICIRHIOCOICHHHIHCIIO_
com/moonsworth/lunar/HRICOROOOCCOCOROCRHHCRRIRCOICO/RCIOICOHRIOIIRRRROCRHCIICRROHO/HHRROIIHRRICIIHIIHICRHHRHOHHOO	com/moonsworth/lunar/HRICOROOOCCOCOROCRHHCRRIRCOICO/RCIOICOHRIOIIRRRROCRHCIICRROHO/HHRROIIHRRICIIHIIHICRHHRHOHHOO_
com/moonsworth/lunar/HRICOROOOCCOCOROCRHHCRRIRCOICO/RCIOICOHRIOIIRRRROCRHCIICRROHO/HHRROIIHRRICIIHIIHICRHHRHOHHOO/HHRROIIHRRICIIHIIHICRHHRHOHHOO	com/moonsworth/lunar/HRICOROOOCCOCOROCRHHCRRIRCOICO/RCIOICOHRIOIIRRRROCRHCIICRROHO/HHRROIIHRRICIIHIIHICRHHRHOHHOO/HHRROIIHRRICIIHIIHICRHHRHOHHOO_
com/moonsworth/lunar/HRICOROOOCCOCOROCRHHCRRIRCOICO/RCIOICOHRIOIIRRRROCRHCIICRROHO/HHRROIIHRRICIIHIIHICRHHRHOHHOO/HORHROIOIOICIRHIOCOICHHHIHCIIO	com/moonsworth/lunar/HRICOROOOCCOCOROCRHHCRRIRCOICO/RCIOICOHRIOIIRRRROCRHCIICRROHO/HHRROIIHRRICIIHIIHICRHHRHOHHOO/HORHROIOIOICIRHIOCOICHHHIHCIIO_
com/moonsworth/lunar/HRICOROOOCCOCOROCRHHCRRIRCOICO/RCIOICOHRIOIIRRRROCRHCIICRROHO/HHRROIIHRRICIIHIIHICRHHRHOHHOO/HRICOROOOCCOCOROCRHHCRRIRCOICO	com/moonsworth/lunar/HRICOROOOCCOCOROCRHHCRRIRCOICO/RCIOICOHRIOIIRRRROCRHCIICRROHO/HHRROIIHRRICIIHIIHICRHHRHOHHOO/HRICOROOOCCOCOROCRHHCRRIRCOICO_
com/moonsworth/lunar/HRICOROOOCCOCOROCRHHCRRIRCOICO/RCIOICOHRIOIIRRRROCRHCIICRROHO/HHRROIIHRRICIIHIIHICRHHRHOHHOO/HRICOROOOCCOCOROCRHHCRRIRCOICO/HORHROIOIOICIRHIOCOICHHHIHCIIO/HORHROIOIOICIRHIOCOICHHHIHCIIO	com/moonsworth/lunar/HRICOROOOCCOCOROCRHHCRRIRCOICO/RCIOICOHRIOIIRRRROCRHCIICRROHO/HHRROIIHRRICIIHIIHICRHHRHOHHOO/HRICOROOOCCOCOROCRHHCRRIRCOICO/HORHROIOIOICIRHIOCOICHHHIHCIIO/HORHROIOIOICIRHIOCOICHHHIHCIIO_
com/moonsworth/lunar/HRICOROOOCCOCOROCRHHCRRIRCOICO/RCIOICOHRIOIIRRRROCRHCIICRROHO/HORHROIOIOICIRHIOCOICHHHIHCIIO	com/moonsworth/lunar/HRICOROOOCCOCOROCRHHCRRIRCOICO/RCIOICOHRIOIIRRRROCRHCIICRROHO/HORHROIOIOICIRHIOCOICHHHIHCIIO_
com/moonsworth/lunar/HRICOROOOCCOCOROCRHHCRRIRCOICO/RCIOICOHRIOIIRRRROCRHCIICRROHO/HORHROIOIOICIRHIOCOICHHHIHCIIO$HORHROIOIOICIRHIOCOICHHHIHCIIO	com/moonsworth/lunar/HRICOROOOCCOCOROCRHHCRRIRCOICO/RCIOICOHRIOIIRRRROCRHCIICRROHO/HORHROIOIOICIRHIOCOICHHHIHCIIO_$HORHROIOIOICIRHIOCOICHHHIHCIIO
com/moonsworth/lunar/HRICOROOOCCOCOROCRHHCRRIRCOICO/RCIOICOHRIOIIRRRROCRHCIICRROHO/HRICOROOOCCOCOROCRHHCRRIRCOICO	com/moonsworth/lunar/HRICOROOOCCOCOROCRHHCRRIRCOICO/RCIOICOHRIOIIRRRROCRHCIICRROHO/HRICOROOOCCOCOROCRHHCRRIRCOICO_
com/moonsworth/lunar/HRICOROOOCCOCOROCRHHCRRIRCOICO/RCIOICOHRIOIIRRRROCRHCIICRROHO/HROHOIOCHIRIHICOORIHOHCIOIRIIH/HHRROIIHRRICIIHIIHICRHHRHOHHOO	com/moonsworth/lunar/HRICOROOOCCOCOROCRHHCRRIRCOICO/RCIOICOHRIOIIRRRROCRHCIICRROHO/HROHOIOCHIRIHICOORIHOHCIOIRIIH/HHRROIIHRRICIIHIIHICRHHRHOHHOO_
com/moonsworth/lunar/HRICOROOOCCOCOROCRHHCRRIRCOICO/RCIOICOHRIOIIRRRROCRHCIICRROHO/HROHOIOCHIRIHICOORIHOHCIOIRIIH/HORHROIOIOICIRHIOCOICHHHIHCIIO	com/moonsworth/lunar/HRICOROOOCCOCOROCRHHCRRIRCOICO/RCIOICOHRIOIIRRRROCRHCIICRROHO/HROHOIOCHIRIHICOORIHOHCIOIRIIH/HORHROIOIOICIRHIOCOICHHHIHCIIO_
com/moonsworth/lunar/HRICOROOOCCOCOROCRHHCRRIRCOICO/RCIOICOHRIOIIRRRROCRHCIICRROHO/ICRHORIIHOHROHOHOCOOHOOCOORRHO	com/moonsworth/lunar/HRICOROOOCCOCOROCRHHCRRIRCOICO/RCIOICOHRIOIIRRRROCRHCIICRROHO/ICRHORIIHOHROHOHOCOOHOOCOORRHO_
com/moonsworth/lunar/HRICOROOOCCOCOROCRHHCRRIRCOICO/RCIOICOHRIOIIRRRROCRHCIICRROHO/ORICHRORRORHORHOIHCRHOORCRRHOI/CCROIHHHCOCHHOHORCIRHOCRROIOCI	com/moonsworth/lunar/HRICOROOOCCOCOROCRHHCRRIRCOICO/RCIOICOHRIOIIRRRROCRHCIICRROHO/ORICHRORRORHORHOIHCRHOORCRRHOI/CCROIHHHCOCHHOHORCIRHOCRROIOCI_
com/moonsworth/lunar/HRICOROOOCCOCOROCRHHCRRIRCOICO/RCIOICOHRIOIIRRRROCRHCIICRROHO/ORICHRORRORHORHOIHCRHOORCRRHOI/HHRROIIHRRICIIHIIHICRHHRHOHHOO	com/moonsworth/lunar/HRICOROOOCCOCOROCRHHCRRIRCOICO/RCIOICOHRIOIIRRRROCRHCIICRROHO/ORICHRORRORHORHOIHCRHOORCRRHOI/HHRROIIHRRICIIHIIHICRHHRHOHHOO_
com/moonsworth/lunar/HRICOROOOCCOCOROCRHHCRRIRCOICO/RCIOICOHRIOIIRRRROCRHCIICRROHO/ORICHRORRORHORHOIHCRHOORCRRHOI/HIOROOCORHICHIRIHIRCCORCIIICCH	com/moonsworth/lunar/HRICOROOOCCOCOROCRHHCRRIRCOICO/RCIOICOHRIOIIRRRROCRHCIICRROHO/ORICHRORRORHORHOIHCRHOORCRRHOI/HIOROOCORHICHIRIHIRCCORCIIICCH_
com/moonsworth/lunar/HRICOROOOCCOCOROCRHHCRRIRCOICO/RCIOICOHRIOIIRRRROCRHCIICRROHO/ORICHRORRORHORHOIHCRHOORCRRHOI/HORHROIOIOICIRHIOCOICHHHIHCIIO	com/moonsworth/lunar/HRICOROOOCCOCOROCRHHCRRIRCOICO/RCIOICOHRIOIIRRRROCRHCIICRROHO/ORICHRORRORHORHOIHCRHOORCRRHOI/HORHROIOIOICIRHIOCOICHHHIHCIIO_
com/moonsworth/lunar/HRICOROOOCCOCOROCRHHCRRIRCOICO/RCIOICOHRIOIIRRRROCRHCIICRROHO/ORICHRORRORHORHOIHCRHOORCRRHOI/HORHROIOIOICIRHIOCOICHHHIHCIIO/HHRROIIHRRICIIHIIHICRHHRHOHHOO	com/moonsworth/lunar/HRICOROOOCCOCOROCRHHCRRIRCOICO/RCIOICOHRIOIIRRRROCRHCIICRROHO/ORICHRORRORHORHOIHCRHOORCRRHOI/HORHROIOIOICIRHIOCOICHHHIHCIIO/HHRROIIHRRICIIHIIHICRHHRHOHHOO_
com/moonsworth/lunar/HRICOROOOCCOCOROCRHHCRRIRCOICO/RCIOICOHRIOIIRRRROCRHCIICRROHO/ORICHRORRORHORHOIHCRHOORCRRHOI/HORHROIOIOICIRHIOCOICHHHIHCIIO/HORHROIOIOICIRHIOCOICHHHIHCIIO	com/moonsworth/lunar/HRICOROOOCCOCOROCRHHCRRIRCOICO/RCIOICOHRIOIIRRRROCRHCIICRROHO/ORICHRORRORHORHOIHCRHOORCRRHOI/HORHROIOIOICIRHIOCOICHHHIHCIIO/HORHROIOIOICIRHIOCOICHHHIHCIIO_
com/moonsworth/lunar/HRICOROOOCCOCOROCRHHCRRIRCOICO/RCIOICOHRIOIIRRRROCRHCIICRROHO/ORICHRORRORHORHOIHCRHOORCRRHOI/HORHROIOIOICIRHIOCOICHHHIHCIIO/HRICOROOOCCOCOROCRHHCRRIRCOICO	com/moonsworth/lunar/HRICOROOOCCOCOROCRHHCRRIRCOICO/RCIOICOHRIOIIRRRROCRHCIICRROHO/ORICHRORRORHORHOIHCRHOORCRRHOI/HORHROIOIOICIRHIOCOICHHHIHCIIO/HRICOROOOCCOCOROCRHHCRRIRCOICO_
com/moonsworth/lunar/HRICOROOOCCOCOROCRHHCRRIRCOICO/RCIOICOHRIOIIRRRROCRHCIICRROHO/ORICHRORRORHORHOIHCRHOORCRRHOI/HORHROIOIOICIRHIOCOICHHHIHCIIO/HRICOROOOCCOCOROCRHHCRRIRCOICO$HORHROIOIOICIRHIOCOICHHHIHCIIO	com/moonsworth/lunar/HRICOROOOCCOCOROCRHHCRRIRCOICO/RCIOICOHRIOIIRRRROCRHCIICRROHO/ORICHRORRORHORHOIHCRHOORCRRHOI/HORHROIOIOICIRHIOCOICHHHIHCIIO/HRICOROOOCCOCOROCRHHCRRIRCOICO_$HORHROIOIOICIRHIOCOICHHHIHCIIO
com/moonsworth/lunar/HRICOROOOCCOCOROCRHHCRRIRCOICO/RCIOICOHRIOIIRRRROCRHCIICRROHO/ORICHRORRORHORHOIHCRHOORCRRHOI/HORHROIOIOICIRHIOCOICHHHIHCIIO/ICRHORIIHOHROHOHOCOOHOOCOORRHO	com/moonsworth/lunar/HRICOROOOCCOCOROCRHHCRRIRCOICO/RCIOICOHRIOIIRRRROCRHCIICRROHO/ORICHRORRORHORHOIHCRHOORCRRHOI/HORHROIOIOICIRHIOCOICHHHIHCIIO/ICRHORIIHOHROHOHOCOOHOOCOORRHO_
com/moonsworth/lunar/HRICOROOOCCOCOROCRHHCRRIRCOICO/RCIOICOHRIOIIRRRROCRHCIICRROHO/ORICHRORRORHORHOIHCRHOORCRRHOI/HORHROIOIOICIRHIOCOICHHHIHCIIO/ICRHORIIHOHROHOHOCOOHOOCOORRHO$HORHROIOIOICIRHIOCOICHHHIHCIIO	com/moonsworth/lunar/HRICOROOOCCOCOROCRHHCRRIRCOICO/RCIOICOHRIOIIRRRROCRHCIICRROHO/ORICHRORRORHORHOIHCRHOORCRRHOI/HORHROIOIOICIRHIOCOICHHHIHCIIO/ICRHORIIHOHROHOHOCOOHOOCOORRHO_$HORHROIOIOICIRHIOCOICHHHIHCIIO
com/moonsworth/lunar/HRICOROOOCCOCOROCRHHCRRIRCOICO/RCIOICOHRIOIIRRRROCRHCIICRROHO/ORICHRORRORHORHOIHCRHOORCRRHOI/HRICOROOOCCOCOROCRHHCRRIRCOICO	com/moonsworth/lunar/HRICOROOOCCOCOROCRHHCRRIRCOICO/RCIOICOHRIOIIRRRROCRHCIICRROHO/ORICHRORRORHORHOIHCRHOORCRRHOI/HRICOROOOCCOCOROCRHHCRRIRCOICO_
com/moonsworth/lunar/HRICOROOOCCOCOROCRHHCRRIRCOICO/RCIOICOHRIOIIRRRROCRHCIICRROHO/ORICHRORRORHORHOIHCRHOORCRRHOI/HROHOIOCHIRIHICOORIHOHCIOIRIIH	com/moonsworth/lunar/HRICOROOOCCOCOROCRHHCRRIRCOICO/RCIOICOHRIOIIRRRROCRHCIICRROHO/ORICHRORRORHORHOIHCRHOORCRRHOI/HROHOIOCHIRIHICOORIHOHCIOIRIIH_
com/moonsworth/lunar/HRICOROOOCCOCOROCRHHCRRIRCOICO/RCIOICOHRIOIIRRRROCRHCIICRROHO/ORICHRORRORHORHOIHCRHOORCRRHOI/ICRHORIIHOHROHOHOCOOHOOCOORRHO	com/moonsworth/lunar/HRICOROOOCCOCOROCRHHCRRIRCOICO/RCIOICOHRIOIIRRRROCRHCIICRROHO/ORICHRORRORHORHOIHCRHOORCRRHOI/ICRHORIIHOHROHOHOCOOHOOCOORRHO_
com/moonsworth/lunar/HRICOROOOCCOCOROCRHHCRRIRCOICO/RCIOICOHRIOIIRRRROCRHCIICRROHO/ORICHRORRORHORHOIHCRHOORCRRHOI/IHRHHRIHICHOOICIRIOOHOICHIRHOI	com/moonsworth/lunar/HRICOROOOCCOCOROCRHHCRRIRCOICO/RCIOICOHRIOIIRRRROCRHCIICRROHO/ORICHRORRORHORHOIHCRHOORCRRHOI/IHRHHRIHICHOOICIRIOOHOICHIRHOI_
com/moonsworth/lunar/HRICOROOOCCOCOROCRHHCRRIRCOICO/RCIOICOHRIOIIRRRROCRHCIICRROHO/ORICHRORRORHORHOIHCRHOORCRRHOI/IHRHHRIHICHOOICIRIOOHOICHIRHOI$HORHROIOIOICIRHIOCOICHHHIHCIIO	com/moonsworth/lunar/HRICOROOOCCOCOROCRHHCRRIRCOICO/RCIOICOHRIOIIRRRROCRHCIICRROHO/ORICHRORRORHORHOIHCRHOORCRRHOI/IHRHHRIHICHOOICIRIOOHOICHIRHOI_$HORHROIOIOICIRHIOCOICHHHIHCIIO
com/moonsworth/lunar/HRICOROOOCCOCOROCRHHCRRIRCOICO/RCIOICOHRIOIIRRRROCRHCIICRROHO/ORICHRORRORHORHOIHCRHOORCRRHOI/IIORCIOOIHRRRICOHIRCIHOOCCOHRO	com/moonsworth/lunar/HRICOROOOCCOCOROCRHHCRRIRCOICO/RCIOICOHRIOIIRRRROCRHCIICRROHO/ORICHRORRORHORHOIHCRHOORCRRHOI/IIORCIOOIHRRRICOHIRCIHOOCCOHRO_
com/moonsworth/lunar/HRICOROOOCCOCOROCRHHCRRIRCOICO/RCIOICOHRIOIIRRRROCRHCIICRROHO/ORICHRORRORHORHOIHCRHOORCRRHOI/OHOOORICRHIIIIRHCICICOCHROICRC	com/moonsworth/lunar/HRICOROOOCCOCOROCRHHCRRIRCOICO/RCIOICOHRIOIIRRRROCRHCIICRROHO/ORICHRORRORHORHOIHCRHOORCRRHOI/OHOOORICRHIIIIRHCICICOCHROICRC_
com/moonsworth/lunar/HRICOROOOCCOCOROCRHHCRRIRCOICO/RCIOICOHRIOIIRRRROCRHCIICRROHO/ORICHRORRORHORHOIHCRHOORCRRHOI/OHOOORICRHIIIIRHCICICOCHROICRC/HHRROIIHRRICIIHIIHICRHHRHOHHOO	com/moonsworth/lunar/HRICOROOOCCOCOROCRHHCRRIRCOICO/RCIOICOHRIOIIRRRROCRHCIICRROHO/ORICHRORRORHORHOIHCRHOORCRRHOI/OHOOORICRHIIIIRHCICICOCHROICRC/HHRROIIHRRICIIHIIHICRHHRHOHHOO_
com/moonsworth/lunar/HRICOROOOCCOCOROCRHHCRRIRCOICO/RCIOICOHRIOIIRRRROCRHCIICRROHO/ORICHRORRORHORHOIHCRHOORCRRHOI/OHOOORICRHIIIIRHCICICOCHROICRC/HHRROIIHRRICIIHIIHICRHHRHOHHOO/HORHROIOIOICIRHIOCOICHHHIHCIIO	com/moonsworth/lunar/HRICOROOOCCOCOROCRHHCRRIRCOICO/RCIOICOHRIOIIRRRROCRHCIICRROHO/ORICHRORRORHORHOIHCRHOORCRRHOI/OHOOORICRHIIIIRHCICICOCHROICRC/HHRROIIHRRICIIHIIHICRHHRHOHHOO/HORHROIOIOICIRHIOCOICHHHIHCIIO_
com/moonsworth/lunar/HRICOROOOCCOCOROCRHHCRRIRCOICO/RCIOICOHRIOIIRRRROCRHCIICRROHO/ORICHRORRORHORHOIHCRHOORCRRHOI/OHOOORICRHIIIIRHCICICOCHROICRC/HORHROIOIOICIRHIOCOICHHHIHCIIO	com/moonsworth/lunar/HRICOROOOCCOCOROCRHHCRRIRCOICO/RCIOICOHRIOIIRRRROCRHCIICRROHO/ORICHRORRORHORHOIHCRHOORCRRHOI/OHOOORICRHIIIIRHCICICOCHROICRC/HORHROIOIOICIRHIOCOICHHHIHCIIO_
com/moonsworth/lunar/HRICOROOOCCOCOROCRHHCRRIRCOICO/RCIOICOHRIOIIRRRROCRHCIICRROHO/ORICHRORRORHORHOIHCRHOORCRRHOI/OHROCHICOIOICHOCRROORRCIIICIHO	com/moonsworth/lunar/HRICOROOOCCOCOROCRHHCRRIRCOICO/RCIOICOHRIOIIRRRROCRHCIICRROHO/ORICHRORRORHORHOIHCRHOORCRRHOI/OHROCHICOIOICHOCRROORRCIIICIHO_
com/moonsworth/lunar/HRICOROOOCCOCOROCRHHCRRIRCOICO/RCIOICOHRIOIIRRRROCRHCIICRROHO/ORICHRORRORHORHOIHCRHOORCRRHOI/OIRIOIIIRICICCHORICRRIRROHCRIC	com/moonsworth/lunar/HRICOROOOCCOCOROCRHHCRRIRCOICO/RCIOICOHRIOIIRRRROCRHCIICRROHO/ORICHRORRORHORHOIHCRHOORCRRHOI/OIRIOIIIRICICCHORICRRIRROHCRIC_
com/moonsworth/lunar/HRICOROOOCCOCOROCRHHCRRIRCOICO/RCIOICOHRIOIIRRRROCRHCIICRROHO/ORICHRORRORHORHOIHCRHOORCRRHOI/ORCHOHHCOHCORRICRIHCHHRORHHCHH	com/moonsworth/lunar/HRICOROOOCCOCOROCRHHCRRIRCOICO/RCIOICOHRIOIIRRRROCRHCIICRROHO/ORICHRORRORHORHOIHCRHOORCRRHOI/ORCHOHHCOHCORRICRIHCHHRORHHCHH_
com/moonsworth/lunar/HRICOROOOCCOCOROCRHHCRRIRCOICO/RCIOICOHRIOIIRRRROCRHCIICRROHO/ORICHRORRORHORHOIHCRHOORCRRHOI/ORCHOHHCOHCORRICRIHCHHRORHHCHH/HHRROIIHRRICIIHIIHICRHHRHOHHOO	com/moonsworth/lunar/HRICOROOOCCOCOROCRHHCRRIRCOICO/RCIOICOHRIOIIRRRROCRHCIICRROHO/ORICHRORRORHORHOIHCRHOORCRRHOI/ORCHOHHCOHCORRICRIHCHHRORHHCHH/HHRROIIHRRICIIHIIHICRHHRHOHHOO_
com/moonsworth/lunar/HRICOROOOCCOCOROCRHHCRRIRCOICO/RCIOICOHRIOIIRRRROCRHCIICRROHO/ORICHRORRORHORHOIHCRHOORCRRHOI/ORCHOHHCOHCORRICRIHCHHRORHHCHH/HORHROIOIOICIRHIOCOICHHHIHCIIO	com/moonsworth/lunar/HRICOROOOCCOCOROCRHHCRRIRCOICO/RCIOICOHRIOIIRRRROCRHCIICRROHO/ORICHRORRORHORHOIHCRHOORCRRHOI/ORCHOHHCOHCORRICRIHCHHRORHHCHH/HORHROIOIOICIRHIOCOICHHHIHCIIO_
com/moonsworth/lunar/HRICOROOOCCOCOROCRHHCRRIRCOICO/RCIOICOHRIOIIRRRROCRHCIICRROHO/ORICHRORRORHORHOIHCRHOORCRRHOI/ORCHOHHCOHCORRICRIHCHHRORHHCHH/HRICOROOOCCOCOROCRHHCRRIRCOICO	com/moonsworth/lunar/HRICOROOOCCOCOROCRHHCRRIRCOICO/RCIOICOHRIOIIRRRROCRHCIICRROHO/ORICHRORRORHORHOIHCRHOORCRRHOI/ORCHOHHCOHCORRICRIHCHHRORHHCHH/HRICOROOOCCOCOROCRHHCRRIRCOICO_
com/moonsworth/lunar/HRICOROOOCCOCOROCRHHCRRIRCOICO/RCIOICOHRIOIIRRRROCRHCIICRROHO/ORICHRORRORHORHOIHCRHOORCRRHOI/ORCHOHHCOHCORRICRIHCHHRORHHCHH/HRICOROOOCCOCOROCRHHCRRIRCOICO/HORHROIOIOICIRHIOCOICHHHIHCIIO	com/moonsworth/lunar/HRICOROOOCCOCOROCRHHCRRIRCOICO/RCIOICOHRIOIIRRRROCRHCIICRROHO/ORICHRORRORHORHOIHCRHOORCRRHOI/ORCHOHHCOHCORRICRIHCHHRORHHCHH/HRICOROOOCCOCOROCRHHCRRIRCOICO/HORHROIOIOICIRHIOCOICHHHIHCIIO_
com/moonsworth/lunar/HRICOROOOCCOCOROCRHHCRRIRCOICO/RCIOICOHRIOIIRRRROCRHCIICRROHO/ORICHRORRORHORHOIHCRHOORCRRHOI/ORICHRORRORHORHOIHCRHOORCRRHOI	com/moonsworth/lunar/HRICOROOOCCOCOROCRHHCRRIRCOICO/RCIOICOHRIOIIRRRROCRHCIICRROHO/ORICHRORRORHORHOIHCRHOORCRRHOI/ORICHRORRORHORHOIHCRHOORCRRHOI_
com/moonsworth/lunar/HRICOROOOCCOCOROCRHHCRRIRCOICO/RCIOICOHRIOIIRRRROCRHCIICRROHO/ORICHRORRORHORHOIHCRHOORCRRHOI/ORICHRORRORHORHOIHCRHOORCRRHOI$HORHROIOIOICIRHIOCOICHHHIHCIIO	com/moonsworth/lunar/HRICOROOOCCOCOROCRHHCRRIRCOICO/RCIOICOHRIOIIRRRROCRHCIICRROHO/ORICHRORRORHORHOIHCRHOORCRRHOI/ORICHRORRORHORHOIHCRHOORCRRHOI_$HORHROIOIOICIRHIOCOICHHHIHCIIO
com/moonsworth/lunar/HRICOROOOCCOCOROCRHHCRRIRCOICO/RCIOICOHRIOIIRRRROCRHCIICRROHO/ORICHRORRORHORHOIHCRHOORCRRHOI/RCIOICOHRIOIIRRRROCRHCIICRROHO	com/moonsworth/lunar/HRICOROOOCCOCOROCRHHCRRIRCOICO/RCIOICOHRIOIIRRRROCRHCIICRROHO/ORICHRORRORHORHOIHCRHOORCRRHOI/RCIOICOHRIOIIRRRROCRHCIICRROHO_
com/moonsworth/lunar/HRICOROOOCCOCOROCRHHCRRIRCOICO/RCIOICOHRIOIIRRRROCRHCIICRROHO/ORICHRORRORHORHOIHCRHOORCRRHOI/RHIRRICCRHHHIIHHIHHOHRCHIOORCC	com/moonsworth/lunar/HRICOROOOCCOCOROCRHHCRRIRCOICO/RCIOICOHRIOIIRRRROCRHCIICRROHO/ORICHRORRORHORHOIHCRHOORCRRHOI/RHIRRICCRHHHIIHHIHHOHRCHIOORCC_
com/moonsworth/lunar/HRICOROOOCCOCOROCRHHCRRIRCOICO/RCIOICOHRIOIIRRRROCRHCIICRROHO/ORICHRORRORHORHOIHCRHOORCRRHOI/RIIICIRHRCIHOOOORHOICRIICCCRHR	com/moonsworth/lunar/HRICOROOOCCOCOROCRHHCRRIRCOICO/RCIOICOHRIOIIRRRROCRHCIICRROHO/ORICHRORRORHORHOIHCRHOORCRRHOI/RIIICIRHRCIHOOOORHOICRIICCCRHR_
com/moonsworth/lunar/HRICOROOOCCOCOROCRHHCRRIRCOICO/RCIOICOHRIOIIRRRROCRHCIICRROHO/RCIOICOHRIOIIRRRROCRHCIICRROHO	com/moonsworth/lunar/HRICOROOOCCOCOROCRHHCRRIRCOICO/RCIOICOHRIOIIRRRROCRHCIICRROHO/RCIOICOHRIOIIRRRROCRHCIICRROHO_
com/moonsworth/lunar/HRICOROOOCCOCOROCRHHCRRIRCOICO/RIIICIRHRCIHOOOORHOICRIICCCRHR/HHRROIIHRRICIIHIIHICRHHRHOHHOO	com/moonsworth/lunar/HRICOROOOCCOCOROCRHHCRRIRCOICO/RIIICIRHRCIHOOOORHOICRIICCCRHR/HHRROIIHRRICIIHIIHICRHHRHOHHOO_
com/moonsworth/lunar/HRICOROOOCCOCOROCRHHCRRIRCOICO/RIIICIRHRCIHOOOORHOICRIICCCRHR/HORHROIOIOICIRHIOCOICHHHIHCIIO	com/moonsworth/lunar/HRICOROOOCCOCOROCRHHCRRIRCOICO/RIIICIRHRCIHOOOORHOICRIICCCRHR/HORHROIOIOICIRHIOCOICHHHIHCIIO_
com/moonsworth/lunar/HRICOROOOCCOCOROCRHHCRRIRCOICO/RIIICIRHRCIHOOOORHOICRIICCCRHR/HRICOROOOCCOCOROCRHHCRRIRCOICO	com/moonsworth/lunar/HRICOROOOCCOCOROCRHHCRRIRCOICO/RIIICIRHRCIHOOOORHOICRIICCCRHR/HRICOROOOCCOCOROCRHHCRRIRCOICO_
com/moonsworth/lunar/HRICOROOOCCOCOROCRHHCRRIRCOICO/RIIICIRHRCIHOOOORHOICRIICCCRHR/ICRHORIIHOHROHOHOCOOHOOCOORRHO	com/moonsworth/lunar/HRICOROOOCCOCOROCRHHCRRIRCOICO/RIIICIRHRCIHOOOORHOICRIICCCRHR/ICRHORIIHOHROHOHOCOOHOOCOORRHO_
com/moonsworth/lunar/HRICOROOOCCOCOROCRHHCRRIRCOICO/RIIICIRHRCIHOOOORHOICRIICCCRHR/OHROCHICOIOICHOCRROORRCIIICIHO	com/moonsworth/lunar/HRICOROOOCCOCOROCRHHCRRIRCOICO/RIIICIRHRCIHOOOORHOICRIICCCRHR/OHROCHICOIOICHOCRROORRCIIICIHO_
com/moonsworth/lunar/HRICOROOOCCOCOROCRHHCRRIRCOICO/RIIICIRHRCIHOOOORHOICRIICCCRHR/RCIOICOHRIOIIRRRROCRHCIICRROHO	com/moonsworth/lunar/HRICOROOOCCOCOROCRHHCRRIRCOICO/RIIICIRHRCIHOOOORHOICRIICCCRHR/RCIOICOHRIOIIRRRROCRHCIICRROHO_
com/moonsworth/lunar/HRICOROOOCCOCOROCRHHCRRIRCOICO/RIIIOHCCHRRRORICCHIIHHOORIIOIR/HHRROIIHRRICIIHIIHICRHHRHOHHOO	com/moonsworth/lunar/HRICOROOOCCOCOROCRHHCRRIRCOICO/RIIIOHCCHRRRORICCHIIHHOORIIOIR/HHRROIIHRRICIIHIIHICRHHRHOHHOO_
com/moonsworth/lunar/HRICOROOOCCOCOROCRHHCRRIRCOICO/RIIIOHCCHRRRORICCHIIHHOORIIOIR/HORHROIOIOICIRHIOCOICHHHIHCIIO	com/moonsworth/lunar/HRICOROOOCCOCOROCRHHCRRIRCOICO/RIIIOHCCHRRRORICCHIIHHOORIIOIR/HORHROIOIOICIRHIOCOICHHHIHCIIO_
com/moonsworth/lunar/HRICOROOOCCOCOROCRHHCRRIRCOICO/RIIIOHCCHRRRORICCHIIHHOORIIOIR/HORHROIOIOICIRHIOCOICHHHIHCIIO/HORHROIOIOICIRHIOCOICHHHIHCIIO	com/moonsworth/lunar/HRICOROOOCCOCOROCRHHCRRIRCOICO/RIIIOHCCHRRRORICCHIIHHOORIIOIR/HORHROIOIOICIRHIOCOICHHHIHCIIO/HORHROIOIOICIRHIOCOICHHHIHCIIO_
com/moonsworth/lunar/HRICOROOOCCOCOROCRHHCRRIRCOICO/RIIIOHCCHRRRORICCHIIHHOORIIOIR/HRICOROOOCCOCOROCRHHCRRIRCOICO	com/moonsworth/lunar/HRICOROOOCCOCOROCRHHCRRIRCOICO/RIIIOHCCHRRRORICCHIIHHOORIIOIR/HRICOROOOCCOCOROCRHHCRRIRCOICO_
com/moonsworth/lunar/HRICOROOOCCOCOROCRHHCRRIRCOICO/RIIIOHCCHRRRORICCHIIHHOORIIOIR/ICRHORIIHOHROHOHOCOOHOOCOORRHO	com/moonsworth/lunar/HRICOROOOCCOCOROCRHHCRRIRCOICO/RIIIOHCCHRRRORICCHIIHHOORIIOIR/ICRHORIIHOHROHOHOCOOHOOCOORRHO_
com/moonsworth/lunar/HRICOROOOCCOCOROCRHHCRRIRCOICO/RIIIOHCCHRRRORICCHIIHHOORIIOIR/ICRHORIIHOHROHOHOCOOHOOCOORRHO/HORHROIOIOICIRHIOCOICHHHIHCIIO	com/moonsworth/lunar/HRICOROOOCCOCOROCRHHCRRIRCOICO/RIIIOHCCHRRRORICCHIIHHOORIIOIR/ICRHORIIHOHROHOHOCOOHOOCOORRHO/HORHROIOIOICIRHIOCOICHHHIHCIIO_
com/moonsworth/lunar/IHRHHRIHICHOOICIRIOOHOICHIRHOI/HORHROIOIOICIRHIOCOICHHHIHCIIO	com/moonsworth/lunar/IHRHHRIHICHOOICIRIOOHOICHIRHOI/HORHROIOIOICIRHIOCOICHHHIHCIIO_
com/moonsworth/lunar/IHRHHRIHICHOOICIRIOOHOICHIRHOI/HORHROIOIOICIRHIOCOICHHHIHCIIO/HORHROIOIOICIRHIOCOICHHHIHCIIO/HORHROIOIOICIRHIOCOICHHHIHCIIO	com/moonsworth/lunar/IHRHHRIHICHOOICIRIOOHOICHIRHOI/HORHROIOIOICIRHIOCOICHHHIHCIIO/HORHROIOIOICIRHIOCOICHHHIHCIIO/HORHROIOIOICIRHIOCOICHHHIHCIIO_
com/moonsworth/lunar/OHOOORICRHIIIIRHCICICOCHROICRC/HHRROIIHRRICIIHIIHICRHHRHOHHOO	com/moonsworth/lunar/OHOOORICRHIIIIRHCICICOCHROICRC/HHRROIIHRRICIIHIIHICRHHRHOHHOO_
com/moonsworth/lunar/OHOOORICRHIIIIRHCICICOCHROICRC/HORHROIOIOICIRHIOCOICHHHIHCIIO	com/moonsworth/lunar/OHOOORICRHIIIIRHCICICOCHROICRC/HORHROIOIOICIRHIOCOICHHHIHCIIO_
com/moonsworth/lunar/ORICHRORRORHORHOIHCRHOORCRRHOI/HORHROIOIOICIRHIOCOICHHHIHCIIO	com/moonsworth/lunar/ORICHRORRORHORHOIHCRHOORCRRHOI/HORHROIOIOICIRHIOCOICHHHIHCIIO_
com/moonsworth/lunar/ORICHRORRORHORHOIHCRHOORCRRHOI/HORHROIOIOICIRHIOCOICHHHIHCIIO$HORHROIOIOICIRHIOCOICHHHIHCIIO	com/moonsworth/lunar/ORICHRORRORHORHOIHCRHOORCRRHOI/HORHROIOIOICIRHIOCOICHHHIHCIIO_$HORHROIOIOICIRHIOCOICHHHIHCIIO
com/moonsworth/lunar/ORICHRORRORHORHOIHCRHOORCRRHOI/HORHROIOIOICIRHIOCOICHHHIHCIIO/HORHROIOIOICIRHIOCOICHHHIHCIIO	com/moonsworth/lunar/ORICHRORRORHORHOIHCRHOORCRRHOI/HORHROIOIOICIRHIOCOICHHHIHCIIO/HORHROIOIOICIRHIOCOICHHHIHCIIO_
com/moonsworth/lunar/RCIOICOHRIOIIRRRROCRHCIICRROHO/HORHROIOIOICIRHIOCOICHHHIHCIIO/HHRROIIHRRICIIHIIHICRHHRHOHHOO/CCROIHHHCOCHHOHORCIRHOCRROIOCI	com/moonsworth/lunar/RCIOICOHRIOIIRRRROCRHCIICRROHO/HORHROIOIOICIRHIOCOICHHHIHCIIO/HHRROIIHRRICIIHIIHICRHHRHOHHOO/CCROIHHHCOCHHOHORCIRHOCRROIOCI_
com/moonsworth/lunar/RCIOICOHRIOIIRRRROCRHCIICRROHO/HORHROIOIOICIRHIOCOICHHHIHCIIO/HHRROIIHRRICIIHIIHICRHHRHOHHOO/CCROIHHHCOCHHOHORCIRHOCRROIOCI$1	com/moonsworth/lunar/RCIOICOHRIOIIRRRROCRHCIICRROHO/HORHROIOIOICIRHIOCOICHHHIHCIIO/HHRROIIHRRICIIHIIHICRHHRHOHHOO/CCROIHHHCOCHHOHORCIRHOCRROIOCI_$1
com/moonsworth/lunar/RCIOICOHRIOIIRRRROCRHCIICRROHO/HORHROIOIOICIRHIOCOICHHHIHCIIO/HHRROIIHRRICIIHIIHICRHHRHOHHOO/CCROIHHHCOCHHOHORCIRHOCRROIOCI$HORHROIOIOICIRHIOCOICHHHIHCIIO	com/moonsworth/lunar/RCIOICOHRIOIIRRRROCRHCIICRROHO/HORHROIOIOICIRHIOCOICHHHIHCIIO/HHRROIIHRRICIIHIIHICRHHRHOHHOO/CCROIHHHCOCHHOHORCIRHOCRROIOCI_$HORHROIOIOICIRHIOCOICHHHIHCIIO
com/moonsworth/lunar/RCIOICOHRIOIIRRRROCRHCIICRROHO/HORHROIOIOICIRHIOCOICHHHIHCIIO/HHRROIIHRRICIIHIIHICRHHRHOHHOO/HHRROIIHRRICIIHIIHICRHHRHOHHOO	com/moonsworth/lunar/RCIOICOHRIOIIRRRROCRHCIICRROHO/HORHROIOIOICIRHIOCOICHHHIHCIIO/HHRROIIHRRICIIHIIHICRHHRHOHHOO/HHRROIIHRRICIIHIIHICRHHRHOHHOO_
com/moonsworth/lunar/RCIOICOHRIOIIRRRROCRHCIICRROHO/HORHROIOIOICIRHIOCOICHHHIHCIIO/HHRROIIHRRICIIHIIHICRHHRHOHHOO/HORHROIOIOICIRHIOCOICHHHIHCIIO	com/moonsworth/lunar/RCIOICOHRIOIIRRRROCRHCIICRROHO/HORHROIOIOICIRHIOCOICHHHIHCIIO/HHRROIIHRRICIIHIIHICRHHRHOHHOO/HORHROIOIOICIRHIOCOICHHHIHCIIO_
com/moonsworth/lunar/RCIOICOHRIOIIRRRROCRHCIICRROHO/HORHROIOIOICIRHIOCOICHHHIHCIIO/HHRROIIHRRICIIHIIHICRHHRHOHHOO/HORHROIOIOICIRHIOCOICHHHIHCIIO$HORHROIOIOICIRHIOCOICHHHIHCIIO	com/moonsworth/lunar/RCIOICOHRIOIIRRRROCRHCIICRROHO/HORHROIOIOICIRHIOCOICHHHIHCIIO/HHRROIIHRRICIIHIIHICRHHRHOHHOO/HORHROIOIOICIRHIOCOICHHHIHCIIO_$HORHROIOIOICIRHIOCOICHHHIHCIIO
com/moonsworth/lunar/RCIOICOHRIOIIRRRROCRHCIICRROHO/HORHROIOIOICIRHIOCOICHHHIHCIIO/HHRROIIHRRICIIHIIHICRHHRHOHHOO/HRICOROOOCCOCOROCRHHCRRIRCOICO	com/moonsworth/lunar/RCIOICOHRIOIIRRRROCRHCIICRROHO/HORHROIOIOICIRHIOCOICHHHIHCIIO/HHRROIIHRRICIIHIIHICRHHRHOHHOO/HRICOROOOCCOCOROCRHHCRRIRCOICO_
com/moonsworth/lunar/RCIOICOHRIOIIRRRROCRHCIICRROHO/HORHROIOIOICIRHIOCOICHHHIHCIIO/HHRROIIHRRICIIHIIHICRHHRHOHHOO/HROHOIOCHIRIHICOORIHOHCIOIRIIH	com/moonsworth/lunar/RCIOICOHRIOIIRRRROCRHCIICRROHO/HORHROIOIOICIRHIOCOICHHHIHCIIO/HHRROIIHRRICIIHIIHICRHHRHOHHOO/HROHOIOCHIRIHICOORIHOHCIOIRIIH_
com/moonsworth/lunar/RCIOICOHRIOIIRRRROCRHCIICRROHO/HORHROIOIOICIRHIOCOICHHHIHCIIO/HHRROIIHRRICIIHIIHICRHHRHOHHOO/ICRHORIIHOHROHOHOCOOHOOCOORRHO	com/moonsworth/lunar/RCIOICOHRIOIIRRRROCRHCIICRROHO/HORHROIOIOICIRHIOCOICHHHIHCIIO/HHRROIIHRRICIIHIIHICRHHRHOHHOO/ICRHORIIHOHROHOHOCOOHOOCOORRHO_
com/moonsworth/lunar/RCIOICOHRIOIIRRRROCRHCIICRROHO/HORHROIOIOICIRHIOCOICHHHIHCIIO/HHRROIIHRRICIIHIIHICRHHRHOHHOO/OHROCHICOIOICHOCRROORRCIIICIHO	com/moonsworth/lunar/RCIOICOHRIOIIRRRROCRHCIICRROHO/HORHROIOIOICIRHIOCOICHHHIHCIIO/HHRROIIHRRICIIHIIHICRHHRHOHHOO/OHROCHICOIOICHOCRROORRCIIICIHO_
com/moonsworth/lunar/RCIOICOHRIOIIRRRROCRHCIICRROHO/HORHROIOIOICIRHIOCOICHHHIHCIIO/HHRROIIHRRICIIHIIHICRHHRHOHHOO/OHROCHICOIOICHOCRROORRCIIICIHO/HHRROIIHRRICIIHIIHICRHHRHOHHOO	com/moonsworth/lunar/RCIOICOHRIOIIRRRROCRHCIICRROHO/HORHROIOIOICIRHIOCOICHHHIHCIIO/HHRROIIHRRICIIHIIHICRHHRHOHHOO/OHROCHICOIOICHOCRROORRCIIICIHO/HHRROIIHRRICIIHIIHICRHHRHOHHOO_
com/moonsworth/lunar/RCIOICOHRIOIIRRRROCRHCIICRROHO/HORHROIOIOICIRHIOCOICHHHIHCIIO/HHRROIIHRRICIIHIIHICRHHRHOHHOO/OHROCHICOIOICHOCRROORRCIIICIHO/HORHROIOIOICIRHIOCOICHHHIHCIIO	com/moonsworth/lunar/RCIOICOHRIOIIRRRROCRHCIICRROHO/HORHROIOIOICIRHIOCOICHHHIHCIIO/HHRROIIHRRICIIHIIHICRHHRHOHHOO/OHROCHICOIOICHOCRROORRCIIICIHO/HORHROIOIOICIRHIOCOICHHHIHCIIO_
com/moonsworth/lunar/RCIOICOHRIOIIRRRROCRHCIICRROHO/HORHROIOIOICIRHIOCOICHHHIHCIIO/HHRROIIHRRICIIHIIHICRHHRHOHHOO/ORCHOHHCOHCORRICRIHCHHRORHHCHH	com/moonsworth/lunar/RCIOICOHRIOIIRRRROCRHCIICRROHO/HORHROIOIOICIRHIOCOICHHHIHCIIO/HHRROIIHRRICIIHIIHICRHHRHOHHOO/ORCHOHHCOHCORRICRIHCHHRORHHCHH_
com/moonsworth/lunar/RCIOICOHRIOIIRRRROCRHCIICRROHO/HORHROIOIOICIRHIOCOICHHHIHCIIO/HHRROIIHRRICIIHIIHICRHHRHOHHOO/ORCHOHHCOHCORRICRIHCHHRORHHCHH$HORHROIOIOICIRHIOCOICHHHIHCIIO	com/moonsworth/lunar/RCIOICOHRIOIIRRRROCRHCIICRROHO/HORHROIOIOICIRHIOCOICHHHIHCIIO/HHRROIIHRRICIIHIIHICRHHRHOHHOO/ORCHOHHCOHCORRICRIHCHHRORHHCHH_$HORHROIOIOICIRHIOCOICHHHIHCIIO
com/moonsworth/lunar/RCIOICOHRIOIIRRRROCRHCIICRROHO/HORHROIOIOICIRHIOCOICHHHIHCIIO/HHRROIIHRRICIIHIIHICRHHRHOHHOO/ORCHOHHCOHCORRICRIHCHHRORHHCHH/HORHROIOIOICIRHIOCOICHHHIHCIIO	com/moonsworth/lunar/RCIOICOHRIOIIRRRROCRHCIICRROHO/HORHROIOIOICIRHIOCOICHHHIHCIIO/HHRROIIHRRICIIHIIHICRHHRHOHHOO/ORCHOHHCOHCORRICRIHCHHRORHHCHH/HORHROIOIOICIRHIOCOICHHHIHCIIO_
com/moonsworth/lunar/RCIOICOHRIOIIRRRROCRHCIICRROHO/HORHROIOIOICIRHIOCOICHHHIHCIIO/HHRROIIHRRICIIHIIHICRHHRHOHHOO/ORICHRORRORHORHOIHCRHOORCRRHOI	com/moonsworth/lunar/RCIOICOHRIOIIRRRROCRHCIICRROHO/HORHROIOIOICIRHIOCOICHHHIHCIIO/HHRROIIHRRICIIHIIHICRHHRHOHHOO/ORICHRORRORHORHOIHCRHOORCRRHOI_
com/moonsworth/lunar/RCIOICOHRIOIIRRRROCRHCIICRROHO/HORHROIOIOICIRHIOCOICHHHIHCIIO/HHRROIIHRRICIIHIIHICRHHRHOHHOO/RCIOICOHRIOIIRRRROCRHCIICRROHO	com/moonsworth/lunar/RCIOICOHRIOIIRRRROCRHCIICRROHO/HORHROIOIOICIRHIOCOICHHHIHCIIO/HHRROIIHRRICIIHIIHICRHHRHOHHOO/RCIOICOHRIOIIRRRROCRHCIICRROHO_
com/moonsworth/lunar/RCIOICOHRIOIIRRRROCRHCIICRROHO/HORHROIOIOICIRHIOCOICHHHIHCIIO/HRICOROOOCCOCOROCRHHCRRIRCOICO/CCROIHHHCOCHHOHORCIRHOCRROIOCI	com/moonsworth/lunar/RCIOICOHRIOIIRRRROCRHCIICRROHO/HORHROIOIOICIRHIOCOICHHHIHCIIO/HRICOROOOCCOCOROCRHHCRRIRCOICO/CCROIHHHCOCHHOHORCIRHOCRROIOCI_
com/moonsworth/lunar/RCIOICOHRIOIIRRRROCRHCIICRROHO/HORHROIOIOICIRHIOCOICHHHIHCIIO/HRICOROOOCCOCOROCRHHCRRIRCOICO/CCROIHHHCOCHHOHORCIRHOCRROIOCI$HORHROIOIOICIRHIOCOICHHHIHCIIO	com/moonsworth/lunar/RCIOICOHRIOIIRRRROCRHCIICRROHO/HORHROIOIOICIRHIOCOICHHHIHCIIO/HRICOROOOCCOCOROCRHHCRRIRCOICO/CCROIHHHCOCHHOHORCIRHOCRROIOCI_$HORHROIOIOICIRHIOCOICHHHIHCIIO
com/moonsworth/lunar/RCIOICOHRIOIIRRRROCRHCIICRROHO/HORHROIOIOICIRHIOCOICHHHIHCIIO/HRICOROOOCCOCOROCRHHCRRIRCOICO/HHRROIIHRRICIIHIIHICRHHRHOHHOO	com/moonsworth/lunar/RCIOICOHRIOIIRRRROCRHCIICRROHO/HORHROIOIOICIRHIOCOICHHHIHCIIO/HRICOROOOCCOCOROCRHHCRRIRCOICO/HHRROIIHRRICIIHIIHICRHHRHOHHOO_
com/moonsworth/lunar/RCIOICOHRIOIIRRRROCRHCIICRROHO/HORHROIOIOICIRHIOCOICHHHIHCIIO/HRICOROOOCCOCOROCRHHCRRIRCOICO/HHRROIIHRRICIIHIIHICRHHRHOHHOO$HORHROIOIOICIRHIOCOICHHHIHCIIO	com/moonsworth/lunar/RCIOICOHRIOIIRRRROCRHCIICRROHO/HORHROIOIOICIRHIOCOICHHHIHCIIO/HRICOROOOCCOCOROCRHHCRRIRCOICO/HHRROIIHRRICIIHIIHICRHHRHOHHOO_$HORHROIOIOICIRHIOCOICHHHIHCIIO
com/moonsworth/lunar/RCIOICOHRIOIIRRRROCRHCIICRROHO/HORHROIOIOICIRHIOCOICHHHIHCIIO/HRICOROOOCCOCOROCRHHCRRIRCOICO/HHRROIIHRRICIIHIIHICRHHRHOHHOO$HHRROIIHRRICIIHIIHICRHHRHOHHOO	com/moonsworth/lunar/RCIOICOHRIOIIRRRROCRHCIICRROHO/HORHROIOIOICIRHIOCOICHHHIHCIIO/HRICOROOOCCOCOROCRHHCRRIRCOICO/HHRROIIHRRICIIHIIHICRHHRHOHHOO_$HHRROIIHRRICIIHIIHICRHHRHOHHOO
com/moonsworth/lunar/RCIOICOHRIOIIRRRROCRHCIICRROHO/HORHROIOIOICIRHIOCOICHHHIHCIIO/HRICOROOOCCOCOROCRHHCRRIRCOICO/HHRROIIHRRICIIHIIHICRHHRHOHHOO$HORHROIOIOICIRHIOCOICHHHIHCIIO$HORHROIOIOICIRHIOCOICHHHIHCIIO	com/moonsworth/lunar/RCIOICOHRIOIIRRRROCRHCIICRROHO/HORHROIOIOICIRHIOCOICHHHIHCIIO/HRICOROOOCCOCOROCRHHCRRIRCOICO/HHRROIIHRRICIIHIIHICRHHRHOHHOO_$HORHROIOIOICIRHIOCOICHHHIHCIIO$HORHROIOIOICIRHIOCOICHHHIHCIIO
com/moonsworth/lunar/RCIOICOHRIOIIRRRROCRHCIICRROHO/HORHROIOIOICIRHIOCOICHHHIHCIIO/HRICOROOOCCOCOROCRHHCRRIRCOICO/HIOROOCORHICHIRIHIRCCORCIIICCH	com/moonsworth/lunar/RCIOICOHRIOIIRRRROCRHCIICRROHO/HORHROIOIOICIRHIOCOICHHHIHCIIO/HRICOROOOCCOCOROCRHHCRRIRCOICO/HIOROOCORHICHIRIHIRCCORCIIICCH_
com/moonsworth/lunar/RCIOICOHRIOIIRRRROCRHCIICRROHO/HORHROIOIOICIRHIOCOICHHHIHCIIO/HRICOROOOCCOCOROCRHHCRRIRCOICO/HORHROIOIOICIRHIOCOICHHHIHCIIO	com/moonsworth/lunar/RCIOICOHRIOIIRRRROCRHCIICRROHO/HORHROIOIOICIRHIOCOICHHHIHCIIO/HRICOROOOCCOCOROCRHHCRRIRCOICO/HORHROIOIOICIRHIOCOICHHHIHCIIO_
com/moonsworth/lunar/RCIOICOHRIOIIRRRROCRHCIICRROHO/HORHROIOIOICIRHIOCOICHHHIHCIIO/HRICOROOOCCOCOROCRHHCRRIRCOICO/HRICOROOOCCOCOROCRHHCRRIRCOICO	com/moonsworth/lunar/RCIOICOHRIOIIRRRROCRHCIICRROHO/HORHROIOIOICIRHIOCOICHHHIHCIIO/HRICOROOOCCOCOROCRHHCRRIRCOICO/HRICOROOOCCOCOROCRHHCRRIRCOICO_
com/moonsworth/lunar/RCIOICOHRIOIIRRRROCRHCIICRROHO/HORHROIOIOICIRHIOCOICHHHIHCIIO/HRICOROOOCCOCOROCRHHCRRIRCOICO/HRICOROOOCCOCOROCRHHCRRIRCOICO/HHRROIIHRRICIIHIIHICRHHRHOHHOO	com/moonsworth/lunar/RCIOICOHRIOIIRRRROCRHCIICRROHO/HORHROIOIOICIRHIOCOICHHHIHCIIO/HRICOROOOCCOCOROCRHHCRRIRCOICO/HRICOROOOCCOCOROCRHHCRRIRCOICO/HHRROIIHRRICIIHIIHICRHHRHOHHOO_
com/moonsworth/lunar/RCIOICOHRIOIIRRRROCRHCIICRROHO/HORHROIOIOICIRHIOCOICHHHIHCIIO/HRICOROOOCCOCOROCRHHCRRIRCOICO/HRICOROOOCCOCOROCRHHCRRIRCOICO/HHRROIIHRRICIIHIIHICRHHRHOHHOO$HORHROIOIOICIRHIOCOICHHHIHCIIO	com/moonsworth/lunar/RCIOICOHRIOIIRRRROCRHCIICRROHO/HORHROIOIOICIRHIOCOICHHHIHCIIO/HRICOROOOCCOCOROCRHHCRRIRCOICO/HRICOROOOCCOCOROCRHHCRRIRCOICO/HHRROIIHRRICIIHIIHICRHHRHOHHOO_$HORHROIOIOICIRHIOCOICHHHIHCIIO
com/moonsworth/lunar/RCIOICOHRIOIIRRRROCRHCIICRROHO/HORHROIOIOICIRHIOCOICHHHIHCIIO/HRICOROOOCCOCOROCRHHCRRIRCOICO/HRICOROOOCCOCOROCRHHCRRIRCOICO/HHRROIIHRRICIIHIIHICRHHRHOHHOO$1	com/moonsworth/lunar/RCIOICOHRIOIIRRRROCRHCIICRROHO/HORHROIOIOICIRHIOCOICHHHIHCIIO/HRICOROOOCCOCOROCRHHCRRIRCOICO/HRICOROOOCCOCOROCRHHCRRIRCOICO/HHRROIIHRRICIIHIIHICRHHRHOHHOO_$1
com/moonsworth/lunar/RCIOICOHRIOIIRRRROCRHCIICRROHO/HORHROIOIOICIRHIOCOICHHHIHCIIO/HRICOROOOCCOCOROCRHHCRRIRCOICO/HRICOROOOCCOCOROCRHHCRRIRCOICO/HHRROIIHRRICIIHIIHICRHHRHOHHOO$HHRROIIHRRICIIHIIHICRHHRHOHHOO	com/moonsworth/lunar/RCIOICOHRIOIIRRRROCRHCIICRROHO/HORHROIOIOICIRHIOCOICHHHIHCIIO/HRICOROOOCCOCOROCRHHCRRIRCOICO/HRICOROOOCCOCOROCRHHCRRIRCOICO/HHRROIIHRRICIIHIIHICRHHRHOHHOO_$HHRROIIHRRICIIHIIHICRHHRHOHHOO
com/moonsworth/lunar/RCIOICOHRIOIIRRRROCRHCIICRROHO/HORHROIOIOICIRHIOCOICHHHIHCIIO/HRICOROOOCCOCOROCRHHCRRIRCOICO/HRICOROOOCCOCOROCRHHCRRIRCOICO/HORHROIOIOICIRHIOCOICHHHIHCIIO	com/moonsworth/lunar/RCIOICOHRIOIIRRRROCRHCIICRROHO/HORHROIOIOICIRHIOCOICHHHIHCIIO/HRICOROOOCCOCOROCRHHCRRIRCOICO/HRICOROOOCCOCOROCRHHCRRIRCOICO/HORHROIOIOICIRHIOCOICHHHIHCIIO_
com/moonsworth/lunar/RCIOICOHRIOIIRRRROCRHCIICRROHO/HORHROIOIOICIRHIOCOICHHHIHCIIO/HRICOROOOCCOCOROCRHHCRRIRCOICO/HROHOIOCHIRIHICOORIHOHCIOIRIIH	com/moonsworth/lunar/RCIOICOHRIOIIRRRROCRHCIICRROHO/HORHROIOIOICIRHIOCOICHHHIHCIIO/HRICOROOOCCOCOROCRHHCRRIRCOICO/HROHOIOCHIRIHICOORIHOHCIOIRIIH_
com/moonsworth/lunar/RCIOICOHRIOIIRRRROCRHCIICRROHO/HORHROIOIOICIRHIOCOICHHHIHCIIO/HRICOROOOCCOCOROCRHHCRRIRCOICO/ICRHORIIHOHROHOHOCOOHOOCOORRHO	com/moonsworth/lunar/RCIOICOHRIOIIRRRROCRHCIICRROHO/HORHROIOIOICIRHIOCOICHHHIHCIIO/HRICOROOOCCOCOROCRHHCRRIRCOICO/ICRHORIIHOHROHOHOCOOHOOCOORRHO_
com/moonsworth/lunar/RCIOICOHRIOIIRRRROCRHCIICRROHO/HORHROIOIOICIRHIOCOICHHHIHCIIO/HRICOROOOCCOCOROCRHHCRRIRCOICO/ICRHORIIHOHROHOHOCOOHOOCOORRHO$HORHROIOIOICIRHIOCOICHHHIHCIIO	com/moonsworth/lunar/RCIOICOHRIOIIRRRROCRHCIICRROHO/HORHROIOIOICIRHIOCOICHHHIHCIIO/HRICOROOOCCOCOROCRHHCRRIRCOICO/ICRHORIIHOHROHOHOCOOHOOCOORRHO_$HORHROIOIOICIRHIOCOICHHHIHCIIO
com/moonsworth/lunar/RCIOICOHRIOIIRRRROCRHCIICRROHO/HORHROIOIOICIRHIOCOICHHHIHCIIO/HRICOROOOCCOCOROCRHHCRRIRCOICO/ICRHORIIHOHROHOHOCOOHOOCOORRHO$HHRROIIHRRICIIHIIHICRHHRHOHHOO	com/moonsworth/lunar/RCIOICOHRIOIIRRRROCRHCIICRROHO/HORHROIOIOICIRHIOCOICHHHIHCIIO/HRICOROOOCCOCOROCRHHCRRIRCOICO/ICRHORIIHOHROHOHOCOOHOOCOORRHO_$HHRROIIHRRICIIHIIHICRHHRHOHHOO
com/moonsworth/lunar/RCIOICOHRIOIIRRRROCRHCIICRROHO/HORHROIOIOICIRHIOCOICHHHIHCIIO/HRICOROOOCCOCOROCRHHCRRIRCOICO/IHRHHRIHICHOOICIRIOOHOICHIRHOI	com/moonsworth/lunar/RCIOICOHRIOIIRRRROCRHCIICRROHO/HORHROIOIOICIRHIOCOICHHHIHCIIO/HRICOROOOCCOCOROCRHHCRRIRCOICO/IHRHHRIHICHOOICIRIOOHOICHIRHOI_
com/moonsworth/lunar/RCIOICOHRIOIIRRRROCRHCIICRROHO/HORHROIOIOICIRHIOCOICHHHIHCIIO/HRICOROOOCCOCOROCRHHCRRIRCOICO/IHRHHRIHICHOOICIRIOOHOICHIRHOI$HORHROIOIOICIRHIOCOICHHHIHCIIO	com/moonsworth/lunar/RCIOICOHRIOIIRRRROCRHCIICRROHO/HORHROIOIOICIRHIOCOICHHHIHCIIO/HRICOROOOCCOCOROCRHHCRRIRCOICO/IHRHHRIHICHOOICIRIOOHOICHIRHOI_$HORHROIOIOICIRHIOCOICHHHIHCIIO
com/moonsworth/lunar/RCIOICOHRIOIIRRRROCRHCIICRROHO/HORHROIOIOICIRHIOCOICHHHIHCIIO/HRICOROOOCCOCOROCRHHCRRIRCOICO/IIORCIOOIHRRRICOHIRCIHOOCCOHRO	com/moonsworth/lunar/RCIOICOHRIOIIRRRROCRHCIICRROHO/HORHROIOIOICIRHIOCOICHHHIHCIIO/HRICOROOOCCOCOROCRHHCRRIRCOICO/IIORCIOOIHRRRICOHIRCIHOOCCOHRO_
com/moonsworth/lunar/RCIOICOHRIOIIRRRROCRHCIICRROHO/HORHROIOIOICIRHIOCOICHHHIHCIIO/HRICOROOOCCOCOROCRHHCRRIRCOICO/IIORCIOOIHRRRICOHIRCIHOOCCOHRO$1	com/moonsworth/lunar/RCIOICOHRIOIIRRRROCRHCIICRROHO/HORHROIOIOICIRHIOCOICHHHIHCIIO/HRICOROOOCCOCOROCRHHCRRIRCOICO/IIORCIOOIHRRRICOHIRCIHOOCCOHRO_$1
com/moonsworth/lunar/RCIOICOHRIOIIRRRROCRHCIICRROHO/HORHROIOIOICIRHIOCOICHHHIHCIIO/HRICOROOOCCOCOROCRHHCRRIRCOICO/IIORCIOOIHRRRICOHIRCIHOOCCOHRO$HORHROIOIOICIRHIOCOICHHHIHCIIO	com/moonsworth/lunar/RCIOICOHRIOIIRRRROCRHCIICRROHO/HORHROIOIOICIRHIOCOICHHHIHCIIO/HRICOROOOCCOCOROCRHHCRRIRCOICO/IIORCIOOIHRRRICOHIRCIHOOCCOHRO_$HORHROIOIOICIRHIOCOICHHHIHCIIO
com/moonsworth/lunar/RCIOICOHRIOIIRRRROCRHCIICRROHO/HORHROIOIOICIRHIOCOICHHHIHCIIO/HRICOROOOCCOCOROCRHHCRRIRCOICO/IIORCIOOIHRRRICOHIRCIHOOCCOHRO/HORHROIOIOICIRHIOCOICHHHIHCIIO	com/moonsworth/lunar/RCIOICOHRIOIIRRRROCRHCIICRROHO/HORHROIOIOICIRHIOCOICHHHIHCIIO/HRICOROOOCCOCOROCRHHCRRIRCOICO/IIORCIOOIHRRRICOHIRCIHOOCCOHRO/HORHROIOIOICIRHIOCOICHHHIHCIIO_
com/moonsworth/lunar/RCIOICOHRIOIIRRRROCRHCIICRROHO/HORHROIOIOICIRHIOCOICHHHIHCIIO/HRICOROOOCCOCOROCRHHCRRIRCOICO/OHOOORICRHIIIIRHCICICOCHROICRC	com/moonsworth/lunar/RCIOICOHRIOIIRRRROCRHCIICRROHO/HORHROIOIOICIRHIOCOICHHHIHCIIO/HRICOROOOCCOCOROCRHHCRRIRCOICO/OHOOORICRHIIIIRHCICICOCHROICRC_
com/moonsworth/lunar/RCIOICOHRIOIIRRRROCRHCIICRROHO/HORHROIOIOICIRHIOCOICHHHIHCIIO/HRICOROOOCCOCOROCRHHCRRIRCOICO/OHOOORICRHIIIIRHCICICOCHROICRC/HORHROIOIOICIRHIOCOICHHHIHCIIO	com/moonsworth/lunar/RCIOICOHRIOIIRRRROCRHCIICRROHO/HORHROIOIOICIRHIOCOICHHHIHCIIO/HRICOROOOCCOCOROCRHHCRRIRCOICO/OHOOORICRHIIIIRHCICICOCHROICRC/HORHROIOIOICIRHIOCOICHHHIHCIIO_
com/moonsworth/lunar/RCIOICOHRIOIIRRRROCRHCIICRROHO/HORHROIOIOICIRHIOCOICHHHIHCIIO/HRICOROOOCCOCOROCRHHCRRIRCOICO/OHOOORICRHIIIIRHCICICOCHROICRC/HORHROIOIOICIRHIOCOICHHHIHCIIO$HRICOROOOCCOCOROCRHHCRRIRCOICO	com/moonsworth/lunar/RCIOICOHRIOIIRRRROCRHCIICRROHO/HORHROIOIOICIRHIOCOICHHHIHCIIO/HRICOROOOCCOCOROCRHHCRRIRCOICO/OHOOORICRHIIIIRHCICICOCHROICRC/HORHROIOIOICIRHIOCOICHHHIHCIIO_$HRICOROOOCCOCOROCRHHCRRIRCOICO
com/moonsworth/lunar/RCIOICOHRIOIIRRRROCRHCIICRROHO/HORHROIOIOICIRHIOCOICHHHIHCIIO/HRICOROOOCCOCOROCRHHCRRIRCOICO/OHOOORICRHIIIIRHCICICOCHROICRC/HORHROIOIOICIRHIOCOICHHHIHCIIO$HORHROIOIOICIRHIOCOICHHHIHCIIO$1	com/moonsworth/lunar/RCIOICOHRIOIIRRRROCRHCIICRROHO/HORHROIOIOICIRHIOCOICHHHIHCIIO/HRICOROOOCCOCOROCRHHCRRIRCOICO/OHOOORICRHIIIIRHCICICOCHROICRC/HORHROIOIOICIRHIOCOICHHHIHCIIO_$HORHROIOIOICIRHIOCOICHHHIHCIIO$1
com/moonsworth/lunar/RCIOICOHRIOIIRRRROCRHCIICRROHO/HORHROIOIOICIRHIOCOICHHHIHCIIO/HRICOROOOCCOCOROCRHHCRRIRCOICO/OHOOORICRHIIIIRHCICICOCHROICRC/HORHROIOIOICIRHIOCOICHHHIHCIIO$HORHROIOIOICIRHIOCOICHHHIHCIIO$4	com/moonsworth/lunar/RCIOICOHRIOIIRRRROCRHCIICRROHO/HORHROIOIOICIRHIOCOICHHHIHCIIO/HRICOROOOCCOCOROCRHHCRRIRCOICO/OHOOORICRHIIIIRHCICICOCHROICRC/HORHROIOIOICIRHIOCOICHHHIHCIIO_$HORHROIOIOICIRHIOCOICHHHIHCIIO$4
com/moonsworth/lunar/RCIOICOHRIOIIRRRROCRHCIICRROHO/HORHROIOIOICIRHIOCOICHHHIHCIIO/HRICOROOOCCOCOROCRHHCRRIRCOICO/OHOOORICRHIIIIRHCICICOCHROICRC/HORHROIOIOICIRHIOCOICHHHIHCIIO$HORHROIOIOICIRHIOCOICHHHIHCIIO$3	com/moonsworth/lunar/RCIOICOHRIOIIRRRROCRHCIICRROHO/HORHROIOIOICIRHIOCOICHHHIHCIIO/HRICOROOOCCOCOROCRHHCRRIRCOICO/OHOOORICRHIIIIRHCICICOCHROICRC/HORHROIOIOICIRHIOCOICHHHIHCIIO_$HORHROIOIOICIRHIOCOICHHHIHCIIO$3
com/moonsworth/lunar/RCIOICOHRIOIIRRRROCRHCIICRROHO/HORHROIOIOICIRHIOCOICHHHIHCIIO/HRICOROOOCCOCOROCRHHCRRIRCOICO/OHOOORICRHIIIIRHCICICOCHROICRC/HORHROIOIOICIRHIOCOICHHHIHCIIO$HORHROIOIOICIRHIOCOICHHHIHCIIO$7	com/moonsworth/lunar/RCIOICOHRIOIIRRRROCRHCIICRROHO/HORHROIOIOICIRHIOCOICHHHIHCIIO/HRICOROOOCCOCOROCRHHCRRIRCOICO/OHOOORICRHIIIIRHCICICOCHROICRC/HORHROIOIOICIRHIOCOICHHHIHCIIO_$HORHROIOIOICIRHIOCOICHHHIHCIIO$7
com/moonsworth/lunar/RCIOICOHRIOIIRRRROCRHCIICRROHO/HORHROIOIOICIRHIOCOICHHHIHCIIO/HRICOROOOCCOCOROCRHHCRRIRCOICO/OHOOORICRHIIIIRHCICICOCHROICRC/HORHROIOIOICIRHIOCOICHHHIHCIIO$HORHROIOIOICIRHIOCOICHHHIHCIIO$6	com/moonsworth/lunar/RCIOICOHRIOIIRRRROCRHCIICRROHO/HORHROIOIOICIRHIOCOICHHHIHCIIO/HRICOROOOCCOCOROCRHHCRRIRCOICO/OHOOORICRHIIIIRHCICICOCHROICRC/HORHROIOIOICIRHIOCOICHHHIHCIIO_$HORHROIOIOICIRHIOCOICHHHIHCIIO$6
com/moonsworth/lunar/RCIOICOHRIOIIRRRROCRHCIICRROHO/HORHROIOIOICIRHIOCOICHHHIHCIIO/HRICOROOOCCOCOROCRHHCRRIRCOICO/OHOOORICRHIIIIRHCICICOCHROICRC/HORHROIOIOICIRHIOCOICHHHIHCIIO$HORHROIOIOICIRHIOCOICHHHIHCIIO$5	com/moonsworth/lunar/RCIOICOHRIOIIRRRROCRHCIICRROHO/HORHROIOIOICIRHIOCOICHHHIHCIIO/HRICOROOOCCOCOROCRHHCRRIRCOICO/OHOOORICRHIIIIRHCICICOCHROICRC/HORHROIOIOICIRHIOCOICHHHIHCIIO_$HORHROIOIOICIRHIOCOICHHHIHCIIO$5
com/moonsworth/lunar/RCIOICOHRIOIIRRRROCRHCIICRROHO/HORHROIOIOICIRHIOCOICHHHIHCIIO/HRICOROOOCCOCOROCRHHCRRIRCOICO/OHOOORICRHIIIIRHCICICOCHROICRC/HORHROIOIOICIRHIOCOICHHHIHCIIO$HORHROIOIOICIRHIOCOICHHHIHCIIO	com/moonsworth/lunar/RCIOICOHRIOIIRRRROCRHCIICRROHO/HORHROIOIOICIRHIOCOICHHHIHCIIO/HRICOROOOCCOCOROCRHHCRRIRCOICO/OHOOORICRHIIIIRHCICICOCHROICRC/HORHROIOIOICIRHIOCOICHHHIHCIIO_$HORHROIOIOICIRHIOCOICHHHIHCIIO
com/moonsworth/lunar/RCIOICOHRIOIIRRRROCRHCIICRROHO/HORHROIOIOICIRHIOCOICHHHIHCIIO/HRICOROOOCCOCOROCRHHCRRIRCOICO/OHOOORICRHIIIIRHCICICOCHROICRC/HORHROIOIOICIRHIOCOICHHHIHCIIO$HORHROIOIOICIRHIOCOICHHHIHCIIO$2	com/moonsworth/lunar/RCIOICOHRIOIIRRRROCRHCIICRROHO/HORHROIOIOICIRHIOCOICHHHIHCIIO/HRICOROOOCCOCOROCRHHCRRIRCOICO/OHOOORICRHIIIIRHCICICOCHROICRC/HORHROIOIOICIRHIOCOICHHHIHCIIO_$HORHROIOIOICIRHIOCOICHHHIHCIIO$2
com/moonsworth/lunar/RCIOICOHRIOIIRRRROCRHCIICRROHO/HORHROIOIOICIRHIOCOICHHHIHCIIO/HRICOROOOCCOCOROCRHHCRRIRCOICO/OHOOORICRHIIIIRHCICICOCHROICRC/HORHROIOIOICIRHIOCOICHHHIHCIIO$HHRROIIHRRICIIHIIHICRHHRHOHHOO	com/moonsworth/lunar/RCIOICOHRIOIIRRRROCRHCIICRROHO/HORHROIOIOICIRHIOCOICHHHIHCIIO/HRICOROOOCCOCOROCRHHCRRIRCOICO/OHOOORICRHIIIIRHCICICOCHROICRC/HORHROIOIOICIRHIOCOICHHHIHCIIO_$HHRROIIHRRICIIHIIHICRHHRHOHHOO
com/moonsworth/lunar/RCIOICOHRIOIIRRRROCRHCIICRROHO/HORHROIOIOICIRHIOCOICHHHIHCIIO/HRICOROOOCCOCOROCRHHCRRIRCOICO/OHROCHICOIOICHOCRROORRCIIICIHO	com/moonsworth/lunar/RCIOICOHRIOIIRRRROCRHCIICRROHO/HORHROIOIOICIRHIOCOICHHHIHCIIO/HRICOROOOCCOCOROCRHHCRRIRCOICO/OHROCHICOIOICHOCRROORRCIIICIHO_
com/moonsworth/lunar/RCIOICOHRIOIIRRRROCRHCIICRROHO/HORHROIOIOICIRHIOCOICHHHIHCIIO/HRICOROOOCCOCOROCRHHCRRIRCOICO/OIRIOIIIRICICCHORICRRIRROHCRIC	com/moonsworth/lunar/RCIOICOHRIOIIRRRROCRHCIICRROHO/HORHROIOIOICIRHIOCOICHHHIHCIIO/HRICOROOOCCOCOROCRHHCRRIRCOICO/OIRIOIIIRICICCHORICRRIRROHCRIC_
com/moonsworth/lunar/RCIOICOHRIOIIRRRROCRHCIICRROHO/HORHROIOIOICIRHIOCOICHHHIHCIIO/HRICOROOOCCOCOROCRHHCRRIRCOICO/OIRIOIIIRICICCHORICRRIRROHCRIC$HORHROIOIOICIRHIOCOICHHHIHCIIO	com/moonsworth/lunar/RCIOICOHRIOIIRRRROCRHCIICRROHO/HORHROIOIOICIRHIOCOICHHHIHCIIO/HRICOROOOCCOCOROCRHHCRRIRCOICO/OIRIOIIIRICICCHORICRRIRROHCRIC_$HORHROIOIOICIRHIOCOICHHHIHCIIO
com/moonsworth/lunar/RCIOICOHRIOIIRRRROCRHCIICRROHO/HORHROIOIOICIRHIOCOICHHHIHCIIO/HRICOROOOCCOCOROCRHHCRRIRCOICO/ORCHOHHCOHCORRICRIHCHHRORHHCHH	com/moonsworth/lunar/RCIOICOHRIOIIRRRROCRHCIICRROHO/HORHROIOIOICIRHIOCOICHHHIHCIIO/HRICOROOOCCOCOROCRHHCRRIRCOICO/ORCHOHHCOHCORRICRIHCHHRORHHCHH_
com/moonsworth/lunar/RCIOICOHRIOIIRRRROCRHCIICRROHO/HORHROIOIOICIRHIOCOICHHHIHCIIO/HRICOROOOCCOCOROCRHHCRRIRCOICO/ORICHRORRORHORHOIHCRHOORCRRHOI	com/moonsworth/lunar/RCIOICOHRIOIIRRRROCRHCIICRROHO/HORHROIOIOICIRHIOCOICHHHIHCIIO/HRICOROOOCCOCOROCRHHCRRIRCOICO/ORICHRORRORHORHOIHCRHOORCRRHOI_
com/moonsworth/lunar/RCIOICOHRIOIIRRRROCRHCIICRROHO/HORHROIOIOICIRHIOCOICHHHIHCIIO/HRICOROOOCCOCOROCRHHCRRIRCOICO/ORICHRORRORHORHOIHCRHOORCRRHOI$1	com/moonsworth/lunar/RCIOICOHRIOIIRRRROCRHCIICRROHO/HORHROIOIOICIRHIOCOICHHHIHCIIO/HRICOROOOCCOCOROCRHHCRRIRCOICO/ORICHRORRORHORHOIHCRHOORCRRHOI_$1
com/moonsworth/lunar/RCIOICOHRIOIIRRRROCRHCIICRROHO/HORHROIOIOICIRHIOCOICHHHIHCIIO/HRICOROOOCCOCOROCRHHCRRIRCOICO/RCIOICOHRIOIIRRRROCRHCIICRROHO	com/moonsworth/lunar/RCIOICOHRIOIIRRRROCRHCIICRROHO/HORHROIOIOICIRHIOCOICHHHIHCIIO/HRICOROOOCCOCOROCRHHCRRIRCOICO/RCIOICOHRIOIIRRRROCRHCIICRROHO_
com/moonsworth/lunar/RCIOICOHRIOIIRRRROCRHCIICRROHO/HORHROIOIOICIRHIOCOICHHHIHCIIO/HRICOROOOCCOCOROCRHHCRRIRCOICO/RHIRRICCRHHHIIHHIHHOHRCHIOORCC	com/moonsworth/lunar/RCIOICOHRIOIIRRRROCRHCIICRROHO/HORHROIOIOICIRHIOCOICHHHIHCIIO/HRICOROOOCCOCOROCRHHCRRIRCOICO/RHIRRICCRHHHIIHHIHHOHRCHIOORCC_
com/moonsworth/lunar/RCIOICOHRIOIIRRRROCRHCIICRROHO/HORHROIOIOICIRHIOCOICHHHIHCIIO/HRICOROOOCCOCOROCRHHCRRIRCOICO/RHIRRICCRHHHIIHHIHHOHRCHIOORCC$HORHROIOIOICIRHIOCOICHHHIHCIIO	com/moonsworth/lunar/RCIOICOHRIOIIRRRROCRHCIICRROHO/HORHROIOIOICIRHIOCOICHHHIHCIIO/HRICOROOOCCOCOROCRHHCRRIRCOICO/RHIRRICCRHHHIIHHIHHOHRCHIOORCC_$HORHROIOIOICIRHIOCOICHHHIHCIIO
com/moonsworth/lunar/RCIOICOHRIOIIRRRROCRHCIICRROHO/HORHROIOIOICIRHIOCOICHHHIHCIIO/HRICOROOOCCOCOROCRHHCRRIRCOICO/RHIRRICCRHHHIIHHIHHOHRCHIOORCC/HHRROIIHRRICIIHIIHICRHHRHOHHOO	com/moonsworth/lunar/RCIOICOHRIOIIRRRROCRHCIICRROHO/HORHROIOIOICIRHIOCOICHHHIHCIIO/HRICOROOOCCOCOROCRHHCRRIRCOICO/RHIRRICCRHHHIIHHIHHOHRCHIOORCC/HHRROIIHRRICIIHIIHICRHHRHOHHOO_
com/moonsworth/lunar/RCIOICOHRIOIIRRRROCRHCIICRROHO/HORHROIOIOICIRHIOCOICHHHIHCIIO/HRICOROOOCCOCOROCRHHCRRIRCOICO/RHIRRICCRHHHIIHHIHHOHRCHIOORCC/HHRROIIHRRICIIHIIHICRHHRHOHHOO$1	com/moonsworth/lunar/RCIOICOHRIOIIRRRROCRHCIICRROHO/HORHROIOIOICIRHIOCOICHHHIHCIIO/HRICOROOOCCOCOROCRHHCRRIRCOICO/RHIRRICCRHHHIIHHIHHOHRCHIOORCC/HHRROIIHRRICIIHIIHICRHHRHOHHOO_$1
com/moonsworth/lunar/RCIOICOHRIOIIRRRROCRHCIICRROHO/HORHROIOIOICIRHIOCOICHHHIHCIIO/HRICOROOOCCOCOROCRHHCRRIRCOICO/RHIRRICCRHHHIIHHIHHOHRCHIOORCC/HORHROIOIOICIRHIOCOICHHHIHCIIO	com/moonsworth/lunar/RCIOICOHRIOIIRRRROCRHCIICRROHO/HORHROIOIOICIRHIOCOICHHHIHCIIO/HRICOROOOCCOCOROCRHHCRRIRCOICO/RHIRRICCRHHHIIHHIHHOHRCHIOORCC/HORHROIOIOICIRHIOCOICHHHIHCIIO_
com/moonsworth/lunar/RCIOICOHRIOIIRRRROCRHCIICRROHO/HORHROIOIOICIRHIOCOICHHHIHCIIO/ICRHORIIHOHROHOHOCOOHOOCOORRHO/HORHROIOIOICIRHIOCOICHHHIHCIIO/HHRROIIHRRICIIHIIHICRHHRHOHHOO	com/moonsworth/lunar/RCIOICOHRIOIIRRRROCRHCIICRROHO/HORHROIOIOICIRHIOCOICHHHIHCIIO/ICRHORIIHOHROHOHOCOOHOOCOORRHO/HORHROIOIOICIRHIOCOICHHHIHCIIO/HHRROIIHRRICIIHIIHICRHHRHOHHOO_
com/moonsworth/lunar/RCIOICOHRIOIIRRRROCRHCIICRROHO/HORHROIOIOICIRHIOCOICHHHIHCIIO/ICRHORIIHOHROHOHOCOOHOOCOORRHO/HORHROIOIOICIRHIOCOICHHHIHCIIO/HORHROIOIOICIRHIOCOICHHHIHCIIO	com/moonsworth/lunar/RCIOICOHRIOIIRRRROCRHCIICRROHO/HORHROIOIOICIRHIOCOICHHHIHCIIO/ICRHORIIHOHROHOHOCOOHOOCOORRHO/HORHROIOIOICIRHIOCOICHHHIHCIIO/HORHROIOIOICIRHIOCOICHHHIHCIIO_
com/moonsworth/lunar/RCIOICOHRIOIIRRRROCRHCIICRROHO/HORHROIOIOICIRHIOCOICHHHIHCIIO/RCIOICOHRIOIIRRRROCRHCIICRROHO/HORHROIOIOICIRHIOCOICHHHIHCIIO/HHRROIIHRRICIIHIIHICRHHRHOHHOO	com/moonsworth/lunar/RCIOICOHRIOIIRRRROCRHCIICRROHO/HORHROIOIOICIRHIOCOICHHHIHCIIO/RCIOICOHRIOIIRRRROCRHCIICRROHO/HORHROIOIOICIRHIOCOICHHHIHCIIO/HHRROIIHRRICIIHIIHICRHHRHOHHOO_
com/moonsworth/lunar/RCIOICOHRIOIIRRRROCRHCIICRROHO/HORHROIOIOICIRHIOCOICHHHIHCIIO/RCIOICOHRIOIIRRRROCRHCIICRROHO/HORHROIOIOICIRHIOCOICHHHIHCIIO/HHRROIIHRRICIIHIIHICRHHRHOHHOO$1	com/moonsworth/lunar/RCIOICOHRIOIIRRRROCRHCIICRROHO/HORHROIOIOICIRHIOCOICHHHIHCIIO/RCIOICOHRIOIIRRRROCRHCIICRROHO/HORHROIOIOICIRHIOCOICHHHIHCIIO/HHRROIIHRRICIIHIIHICRHHRHOHHOO_$1
com/moonsworth/lunar/RCIOICOHRIOIIRRRROCRHCIICRROHO/HORHROIOIOICIRHIOCOICHHHIHCIIO/RCIOICOHRIOIIRRRROCRHCIICRROHO/HORHROIOIOICIRHIOCOICHHHIHCIIO/HHRROIIHRRICIIHIIHICRHHRHOHHOO/HORHROIOIOICIRHIOCOICHHHIHCIIO	com/moonsworth/lunar/RCIOICOHRIOIIRRRROCRHCIICRROHO/HORHROIOIOICIRHIOCOICHHHIHCIIO/RCIOICOHRIOIIRRRROCRHCIICRROHO/HORHROIOIOICIRHIOCOICHHHIHCIIO/HHRROIIHRRICIIHIIHICRHHRHOHHOO/HORHROIOIOICIRHIOCOICHHHIHCIIO_
com/moonsworth/lunar/RCIOICOHRIOIIRRRROCRHCIICRROHO/HORHROIOIOICIRHIOCOICHHHIHCIIO/RCIOICOHRIOIIRRRROCRHCIICRROHO/HORHROIOIOICIRHIOCOICHHHIHCIIO/HORHROIOIOICIRHIOCOICHHHIHCIIO	com/moonsworth/lunar/RCIOICOHRIOIIRRRROCRHCIICRROHO/HORHROIOIOICIRHIOCOICHHHIHCIIO/RCIOICOHRIOIIRRRROCRHCIICRROHO/HORHROIOIOICIRHIOCOICHHHIHCIIO/HORHROIOIOICIRHIOCOICHHHIHCIIO_
com/moonsworth/lunar/RCIOICOHRIOIIRRRROCRHCIICRROHO/HORHROIOIOICIRHIOCOICHHHIHCIIO/RCIOICOHRIOIIRRRROCRHCIICRROHO/HORHROIOIOICIRHIOCOICHHHIHCIIO/HORHROIOIOICIRHIOCOICHHHIHCIIO/HORHROIOIOICIRHIOCOICHHHIHCIIO	com/moonsworth/lunar/RCIOICOHRIOIIRRRROCRHCIICRROHO/HORHROIOIOICIRHIOCOICHHHIHCIIO/RCIOICOHRIOIIRRRROCRHCIICRROHO/HORHROIOIOICIRHIOCOICHHHIHCIIO/HORHROIOIOICIRHIOCOICHHHIHCIIO/HORHROIOIOICIRHIOCOICHHHIHCIIO_
com/moonsworth/lunar/RCIOICOHRIOIIRRRROCRHCIICRROHO/HORHROIOIOICIRHIOCOICHHHIHCIIO/RCIOICOHRIOIIRRRROCRHCIICRROHO/HORHROIOIOICIRHIOCOICHHHIHCIIO/HRICOROOOCCOCOROCRHHCRRIRCOICO	com/moonsworth/lunar/RCIOICOHRIOIIRRRROCRHCIICRROHO/HORHROIOIOICIRHIOCOICHHHIHCIIO/RCIOICOHRIOIIRRRROCRHCIICRROHO/HORHROIOIOICIRHIOCOICHHHIHCIIO/HRICOROOOCCOCOROCRHHCRRIRCOICO_
com/moonsworth/lunar/RCIOICOHRIOIIRRRROCRHCIICRROHO/HORHROIOIOICIRHIOCOICHHHIHCIIO/RCIOICOHRIOIIRRRROCRHCIICRROHO/HORHROIOIOICIRHIOCOICHHHIHCIIO/HRICOROOOCCOCOROCRHHCRRIRCOICO$1	com/moonsworth/lunar/RCIOICOHRIOIIRRRROCRHCIICRROHO/HORHROIOIOICIRHIOCOICHHHIHCIIO/RCIOICOHRIOIIRRRROCRHCIICRROHO/HORHROIOIOICIRHIOCOICHHHIHCIIO/HRICOROOOCCOCOROCRHHCRRIRCOICO_$1
com/moonsworth/lunar/RHIRRICCRHHHIIHHIHHOHRCHIOORCC/HHRROIIHRRICIIHIIHICRHHRHOHHOO/HORHROIOIOICIRHIOCOICHHHIHCIIO	com/moonsworth/lunar/RHIRRICCRHHHIIHHIHHOHRCHIOORCC/HHRROIIHRRICIIHIIHICRHHRHOHHOO/HORHROIOIOICIRHIOCOICHHHIHCIIO_
com/moonsworth/lunar/RHIRRICCRHHHIIHHIHHOHRCHIOORCC/HORHROIOIOICIRHIOCOICHHHIHCIIO	com/moonsworth/lunar/RHIRRICCRHHHIIHHIHHOHRCHIOORCC/HORHROIOIOICIRHIOCOICHHHIHCIIO_
com/moonsworth/lunar/RHIRRICCRHHHIIHHIHHOHRCHIOORCC/HORHROIOIOICIRHIOCOICHHHIHCIIO/HORHROIOIOICIRHIOCOICHHHIHCIIO	com/moonsworth/lunar/RHIRRICCRHHHIIHHIHHOHRCHIOORCC/HORHROIOIOICIRHIOCOICHHHIHCIIO/HORHROIOIOICIRHIOCOICHHHIHCIIO_
com/moonsworth/lunar/RHIRRICCRHHHIIHHIHHOHRCHIOORCC/HORHROIOIOICIRHIOCOICHHHIHCIIO/HORHROIOIOICIRHIOCOICHHHIHCIIO/HRICOROOOCCOCOROCRHHCRRIRCOICO/HORHROIOIOICIRHIOCOICHHHIHCIIO	com/moonsworth/lunar/RHIRRICCRHHHIIHHIHHOHRCHIOORCC/HORHROIOIOICIRHIOCOICHHHIHCIIO/HORHROIOIOICIRHIOCOICHHHIHCIIO/HRICOROOOCCOCOROCRHHCRRIRCOICO/HORHROIOIOICIRHIOCOICHHHIHCIIO_
com/moonsworth/lunar/RHIRRICCRHHHIIHHIHHOHRCHIOORCC/HORHROIOIOICIRHIOCOICHHHIHCIIO/ICRHORIIHOHROHOHOCOOHOOCOORRHO/HORHROIOIOICIRHIOCOICHHHIHCIIO	com/moonsworth/lunar/RHIRRICCRHHHIIHHIHHOHRCHIOORCC/HORHROIOIOICIRHIOCOICHHHIHCIIO/ICRHORIIHOHROHOHOCOOHOOCOORRHO/HORHROIOIOICIRHIOCOICHHHIHCIIO_
com/moonsworth/lunar/client/CCHOHROIOHHCCCOCIIOIRCHRROHHRC/HHRROIIHRRICIIHIIHICRHHRHOHHOO	com/moonsworth/lunar/client/CCHOHROIOHHCCCOCIIOIRCHRROHHRC/HHRROIIHRRICIIHIIHICRHHRHOHHOO_
com/moonsworth/lunar/client/CCHOHROIOHHCCCOCIIOIRCHRROHHRC/HORHROIOIOICIRHIOCOICHHHIHCIIO	com/moonsworth/lunar/client/CCHOHROIOHHCCCOCIIOIRCHRROHHRC/HORHROIOIOICIRHIOCOICHHHIHCIIO_
com/moonsworth/lunar/client/CCROIHHHCOCHHOHORCIRHOCRROIOCI/HHRROIIHRRICIIHIIHICRHHRHOHHOO	com/moonsworth/lunar/client/CCROIHHHCOCHHOHORCIRHOCRROIOCI/HHRROIIHRRICIIHIIHICRHHRHOHHOO_
com/moonsworth/lunar/client/CCROIHHHCOCHHOHORCIRHOCRROIOCI/HORHROIOIOICIRHIOCOICHHHIHCIIO	com/moonsworth/lunar/client/CCROIHHHCOCHHOHORCIRHOCRROIOCI/HORHROIOIOICIRHIOCOICHHHIHCIIO_
com/moonsworth/lunar/client/CCROIHHHCOCHHOHORCIRHOCRROIOCI/HORHROIOIOICIRHIOCOICHHHIHCIIO/HHRROIIHRRICIIHIIHICRHHRHOHHOO	com/moonsworth/lunar/client/CCROIHHHCOCHHOHORCIRHOCRROIOCI/HORHROIOIOICIRHIOCOICHHHIHCIIO/HHRROIIHRRICIIHIIHICRHHRHOHHOO_
com/moonsworth/lunar/client/CCROIHHHCOCHHOHORCIRHOCRROIOCI/HORHROIOIOICIRHIOCOICHHHIHCIIO/HORHROIOIOICIRHIOCOICHHHIHCIIO	com/moonsworth/lunar/client/CCROIHHHCOCHHOHORCIRHOCRROIOCI/HORHROIOIOICIRHIOCOICHHHIHCIIO/HORHROIOIOICIRHIOCOICHHHIHCIIO_
com/moonsworth/lunar/client/CCROIHHHCOCHHOHORCIRHOCRROIOCI/HRICOROOOCCOCOROCRHHCRRIRCOICO	com/moonsworth/lunar/client/CCROIHHHCOCHHOHORCIRHOCRROIOCI/HRICOROOOCCOCOROCRHHCRRIRCOICO_
com/moonsworth/lunar/client/CCROIHHHCOCHHOHORCIRHOCRROIOCI/HRICOROOOCCOCOROCRHHCRRIRCOICO/HHRROIIHRRICIIHIIHICRHHRHOHHOO	com/moonsworth/lunar/client/CCROIHHHCOCHHOHORCIRHOCRROIOCI/HRICOROOOCCOCOROCRHHCRRIRCOICO/HHRROIIHRRICIIHIIHICRHHRHOHHOO_
com/moonsworth/lunar/client/CCROIHHHCOCHHOHORCIRHOCRROIOCI/HRICOROOOCCOCOROCRHHCRRIRCOICO/HORHROIOIOICIRHIOCOICHHHIHCIIO	com/moonsworth/lunar/client/CCROIHHHCOCHHOHORCIRHOCRROIOCI/HRICOROOOCCOCOROCRHHCRRIRCOICO/HORHROIOIOICIRHIOCOICHHHIHCIIO_
com/moonsworth/lunar/client/CCROIHHHCOCHHOHORCIRHOCRROIOCI/HRICOROOOCCOCOROCRHHCRRIRCOICO/HORHROIOIOICIRHIOCOICHHHIHCIIO/HHRROIIHRRICIIHIIHICRHHRHOHHOO	com/moonsworth/lunar/client/CCROIHHHCOCHHOHORCIRHOCRROIOCI/HRICOROOOCCOCOROCRHHCRRIRCOICO/HORHROIOIOICIRHIOCOICHHHIHCIIO/HHRROIIHRRICIIHIIHICRHHRHOHHOO_
com/moonsworth/lunar/client/CCROIHHHCOCHHOHORCIRHOCRROIOCI/HRICOROOOCCOCOROCRHHCRRIRCOICO/HORHROIOIOICIRHIOCOICHHHIHCIIO/HORHROIOIOICIRHIOCOICHHHIHCIIO	com/moonsworth/lunar/client/CCROIHHHCOCHHOHORCIRHOCRROIOCI/HRICOROOOCCOCOROCRHHCRRIRCOICO/HORHROIOIOICIRHIOCOICHHHIHCIIO/HORHROIOIOICIRHIOCOICHHHIHCIIO_
com/moonsworth/lunar/client/CCROIHHHCOCHHOHORCIRHOCRROIOCI/HRICOROOOCCOCOROCRHHCRRIRCOICO/HORHROIOIOICIRHIOCOICHHHIHCIIO/HRICOROOOCCOCOROCRHHCRRIRCOICO	com/moonsworth/lunar/client/CCROIHHHCOCHHOHORCIRHOCRROIOCI/HRICOROOOCCOCOROCRHHCRRIRCOICO/HORHROIOIOICIRHIOCOICHHHIHCIIO/HRICOROOOCCOCOROCRHHCRRIRCOICO_
com/moonsworth/lunar/client/CCROIHHHCOCHHOHORCIRHOCRROIOCI/ICRHORIIHOHROHOHOCOOHOOCOORRHO	com/moonsworth/lunar/client/CCROIHHHCOCHHOHORCIRHOCRROIOCI/ICRHORIIHOHROHOHOCOOHOOCOORRHO_
com/moonsworth/lunar/client/CCROIHHHCOCHHOHORCIRHOCRROIOCI/ICRHORIIHOHROHOHOCOOHOOCOORRHO/HORHROIOIOICIRHIOCOICHHHIHCIIO	com/moonsworth/lunar/client/CCROIHHHCOCHHOHORCIRHOCRROIOCI/ICRHORIIHOHROHOHOCOOHOOCOORRHO/HORHROIOIOICIRHIOCOICHHHIHCIIO_
com/moonsworth/lunar/client/CCROIHHHCOCHHOHORCIRHOCRROIOCI/OHROCHICOIOICHOCRROORRCIIICIHO	com/moonsworth/lunar/client/CCROIHHHCOCHHOHORCIRHOCRROIOCI/OHROCHICOIOICHOCRROORRCIIICIHO_
com/moonsworth/lunar/client/CCROIHHHCOCHHOHORCIRHOCRROIOCI/OHROCHICOIOICHOCRROORRCIIICIHO$HORHROIOIOICIRHIOCOICHHHIHCIIO	com/moonsworth/lunar/client/CCROIHHHCOCHHOHORCIRHOCRROIOCI/OHROCHICOIOICHOCRROORRCIIICIHO_$HORHROIOIOICIRHIOCOICHHHIHCIIO
com/moonsworth/lunar/client/CCROIHHHCOCHHOHORCIRHOCRROIOCI/RCIOICOHRIOIIRRRROCRHCIICRROHO	com/moonsworth/lunar/client/CCROIHHHCOCHHOHORCIRHOCRROIOCI/RCIOICOHRIOIIRRRROCRHCIICRROHO_
com/moonsworth/lunar/client/CCROIHHHCOCHHOHORCIRHOCRROIOCI/RCIOICOHRIOIIRRRROCRHCIICRROHO/HHRROIIHRRICIIHIIHICRHHRHOHHOO	com/moonsworth/lunar/client/CCROIHHHCOCHHOHORCIRHOCRROIOCI/RCIOICOHRIOIIRRRROCRHCIICRROHO/HHRROIIHRRICIIHIIHICRHHRHOHHOO_
com/moonsworth/lunar/client/CCROIHHHCOCHHOHORCIRHOCRROIOCI/RCIOICOHRIOIIRRRROCRHCIICRROHO/HHRROIIHRRICIIHIIHICRHHRHOHHOO/HORHROIOIOICIRHIOCOICHHHIHCIIO	com/moonsworth/lunar/client/CCROIHHHCOCHHOHORCIRHOCRROIOCI/RCIOICOHRIOIIRRRROCRHCIICRROHO/HHRROIIHRRICIIHIIHICRHHRHOHHOO/HORHROIOIOICIRHIOCOICHHHIHCIIO_
com/moonsworth/lunar/client/CCROIHHHCOCHHOHORCIRHOCRROIOCI/RCIOICOHRIOIIRRRROCRHCIICRROHO/HHRROIIHRRICIIHIIHICRHHRHOHHOO/ICRHORIIHOHROHOHOCOOHOOCOORRHO/HORHROIOIOICIRHIOCOICHHHIHCIIO	com/moonsworth/lunar/client/CCROIHHHCOCHHOHORCIRHOCRROIOCI/RCIOICOHRIOIIRRRROCRHCIICRROHO/HHRROIIHRRICIIHIIHICRHHRHOHHOO/ICRHORIIHOHROHOHOCOOHOOCOORRHO/HORHROIOIOICIRHIOCOICHHHIHCIIO_
com/moonsworth/lunar/client/CCROIHHHCOCHHOHORCIRHOCRROIOCI/RCIOICOHRIOIIRRRROCRHCIICRROHO/HHRROIIHRRICIIHIIHICRHHRHOHHOO/ICRHORIIHOHROHOHOCOOHOOCOORRHO/HORHROIOIOICIRHIOCOICHHHIHCIIO$1	com/moonsworth/lunar/client/CCROIHHHCOCHHOHORCIRHOCRROIOCI/RCIOICOHRIOIIRRRROCRHCIICRROHO/HHRROIIHRRICIIHIIHICRHHRHOHHOO/ICRHORIIHOHROHOHOCOOHOOCOORRHO/HORHROIOIOICIRHIOCOICHHHIHCIIO_$1
com/moonsworth/lunar/client/CCROIHHHCOCHHOHORCIRHOCRROIOCI/RCIOICOHRIOIIRRRROCRHCIICRROHO/HIOCORCOCHIOHHCIROHIIRRHRHOIHO/HORHROIOIOICIRHIOCOICHHHIHCIIO	com/moonsworth/lunar/client/CCROIHHHCOCHHOHORCIRHOCRROIOCI/RCIOICOHRIOIIRRRROCRHCIICRROHO/HIOCORCOCHIOHHCIROHIIRRHRHOIHO/HORHROIOIOICIRHIOCOICHHHIHCIIO_
com/moonsworth/lunar/client/CCROIHHHCOCHHOHORCIRHOCRROIOCI/RCIOICOHRIOIIRRRROCRHCIICRROHO/HIRIHCROOIRIORCCOIRRCRHOHCCRRO/HHRROIIHRRICIIHIIHICRHHRHOHHOO	com/moonsworth/lunar/client/CCROIHHHCOCHHOHORCIRHOCRROIOCI/RCIOICOHRIOIIRRRROCRHCIICRROHO/HIRIHCROOIRIORCCOIRRCRHOHCCRRO/HHRROIIHRRICIIHIIHICRHHRHOHHOO_
com/moonsworth/lunar/client/CCROIHHHCOCHHOHORCIRHOCRROIOCI/RCIOICOHRIOIIRRRROCRHCIICRROHO/HIRIHCROOIRIORCCOIRRCRHOHCCRRO/HORHROIOIOICIRHIOCOICHHHIHCIIO	com/moonsworth/lunar/client/CCROIHHHCOCHHOHORCIRHOCRROIOCI/RCIOICOHRIOIIRRRROCRHCIICRROHO/HIRIHCROOIRIORCCOIRRCRHOHCCRRO/HORHROIOIOICIRHIOCOICHHHIHCIIO_
com/moonsworth/lunar/client/CCROIHHHCOCHHOHORCIRHOCRROIOCI/RCIOICOHRIOIIRRRROCRHCIICRROHO/HIRIHCROOIRIORCCOIRRCRHOHCCRRO/HORHROIOIOICIRHIOCOICHHHIHCIIO$HHRROIIHRRICIIHIIHICRHHRHOHHOO	com/moonsworth/lunar/client/CCROIHHHCOCHHOHORCIRHOCRROIOCI/RCIOICOHRIOIIRRRROCRHCIICRROHO/HIRIHCROOIRIORCCOIRRCRHOHCCRRO/HORHROIOIOICIRHIOCOICHHHIHCIIO_$HHRROIIHRRICIIHIIHICRHHRHOHHOO
com/moonsworth/lunar/client/CCROIHHHCOCHHOHORCIRHOCRROIOCI/RCIOICOHRIOIIRRRROCRHCIICRROHO/HIRIHCROOIRIORCCOIRRCRHOHCCRRO/HORHROIOIOICIRHIOCOICHHHIHCIIO$1	com/moonsworth/lunar/client/CCROIHHHCOCHHOHORCIRHOCRROIOCI/RCIOICOHRIOIIRRRROCRHCIICRROHO/HIRIHCROOIRIORCCOIRRCRHOHCCRRO/HORHROIOIOICIRHIOCOICHHHIHCIIO_$1
com/moonsworth/lunar/client/CCROIHHHCOCHHOHORCIRHOCRROIOCI/RCIOICOHRIOIIRRRROCRHCIICRROHO/HIRIHCROOIRIORCCOIRRCRHOHCCRRO/HORHROIOIOICIRHIOCOICHHHIHCIIO$HORHROIOIOICIRHIOCOICHHHIHCIIO	com/moonsworth/lunar/client/CCROIHHHCOCHHOHORCIRHOCRROIOCI/RCIOICOHRIOIIRRRROCRHCIICRROHO/HIRIHCROOIRIORCCOIRRCRHOHCCRRO/HORHROIOIOICIRHIOCOICHHHIHCIIO_$HORHROIOIOICIRHIOCOICHHHIHCIIO
com/moonsworth/lunar/client/CCROIHHHCOCHHOHORCIRHOCRROIOCI/RCIOICOHRIOIIRRRROCRHCIICRROHO/HIRIHCROOIRIORCCOIRRCRHOHCCRRO/HORHROIOIOICIRHIOCOICHHHIHCIIO$ICRHORIIHOHROHOHOCOOHOOCOORRHO	com/moonsworth/lunar/client/CCROIHHHCOCHHOHORCIRHOCRROIOCI/RCIOICOHRIOIIRRRROCRHCIICRROHO/HIRIHCROOIRIORCCOIRRCRHOHCCRRO/HORHROIOIOICIRHIOCOICHHHIHCIIO_$ICRHORIIHOHROHOHOCOOHOOCOORRHO
com/moonsworth/lunar/client/CCROIHHHCOCHHOHORCIRHOCRROIOCI/RCIOICOHRIOIIRRRROCRHCIICRROHO/HIRIHCROOIRIORCCOIRRCRHOHCCRRO/HORHROIOIOICIRHIOCOICHHHIHCIIO$HRICOROOOCCOCOROCRHHCRRIRCOICO	com/moonsworth/lunar/client/CCROIHHHCOCHHOHORCIRHOCRROIOCI/RCIOICOHRIOIIRRRROCRHCIICRROHO/HIRIHCROOIRIORCCOIRRCRHOHCCRRO/HORHROIOIOICIRHIOCOICHHHIHCIIO_$HRICOROOOCCOCOROCRHHCRRIRCOICO
com/moonsworth/lunar/client/CCROIHHHCOCHHOHORCIRHOCRROIOCI/RCIOICOHRIOIIRRRROCRHCIICRROHO/HIRIHCROOIRIORCCOIRRCRHOHCCRRO/HORHROIOIOICIRHIOCOICHHHIHCIIO/HORHROIOIOICIRHIOCOICHHHIHCIIO	com/moonsworth/lunar/client/CCROIHHHCOCHHOHORCIRHOCRROIOCI/RCIOICOHRIOIIRRRROCRHCIICRROHO/HIRIHCROOIRIORCCOIRRCRHOHCCRRO/HORHROIOIOICIRHIOCOICHHHIHCIIO/HORHROIOIOICIRHIOCOICHHHIHCIIO_
com/moonsworth/lunar/client/CCROIHHHCOCHHOHORCIRHOCRROIOCI/RCIOICOHRIOIIRRRROCRHCIICRROHO/HIRIHCROOIRIORCCOIRRCRHOHCCRRO/HORHROIOIOICIRHIOCOICHHHIHCIIO/HORHROIOIOICIRHIOCOICHHHIHCIIO/HORHROIOIOICIRHIOCOICHHHIHCIIO	com/moonsworth/lunar/client/CCROIHHHCOCHHOHORCIRHOCRROIOCI/RCIOICOHRIOIIRRRROCRHCIICRROHO/HIRIHCROOIRIORCCOIRRCRHOHCCRRO/HORHROIOIOICIRHIOCOICHHHIHCIIO/HORHROIOIOICIRHIOCOICHHHIHCIIO/HORHROIOIOICIRHIOCOICHHHIHCIIO_
com/moonsworth/lunar/client/CCROIHHHCOCHHOHORCIRHOCRROIOCI/RCIOICOHRIOIIRRRROCRHCIICRROHO/HIRIHCROOIRIORCCOIRRCRHOHCCRRO/HORHROIOIOICIRHIOCOICHHHIHCIIO/HORHROIOIOICIRHIOCOICHHHIHCIIO/HORHROIOIOICIRHIOCOICHHHIHCIIO$HORHROIOIOICIRHIOCOICHHHIHCIIO	com/moonsworth/lunar/client/CCROIHHHCOCHHOHORCIRHOCRROIOCI/RCIOICOHRIOIIRRRROCRHCIICRROHO/HIRIHCROOIRIORCCOIRRCRHOHCCRRO/HORHROIOIOICIRHIOCOICHHHIHCIIO/HORHROIOIOICIRHIOCOICHHHIHCIIO/HORHROIOIOICIRHIOCOICHHHIHCIIO_$HORHROIOIOICIRHIOCOICHHHIHCIIO
com/moonsworth/lunar/client/CCROIHHHCOCHHOHORCIRHOCRROIOCI/RCIOICOHRIOIIRRRROCRHCIICRROHO/HOIHIOIROHORRROCIHRHROHIHIHOCO/HHRROIIHRRICIIHIIHICRHHRHOHHOO	com/moonsworth/lunar/client/CCROIHHHCOCHHOHORCIRHOCRROIOCI/RCIOICOHRIOIIRRRROCRHCIICRROHO/HOIHIOIROHORRROCIHRHROHIHIHOCO/HHRROIIHRRICIIHIIHICRHHRHOHHOO_
com/moonsworth/lunar/client/CCROIHHHCOCHHOHORCIRHOCRROIOCI/RCIOICOHRIOIIRRRROCRHCIICRROHO/HOIHIOIROHORRROCIHRHROHIHIHOCO/HHRROIIHRRICIIHIIHICRHHRHOHHOO$11	com/moonsworth/lunar/client/CCROIHHHCOCHHOHORCIRHOCRROIOCI/RCIOICOHRIOIIRRRROCRHCIICRROHO/HOIHIOIROHORRROCIHRHROHIHIHOCO/HHRROIIHRRICIIHIIHICRHHRHOHHOO_$11
com/moonsworth/lunar/client/CCROIHHHCOCHHOHORCIRHOCRROIOCI/RCIOICOHRIOIIRRRROCRHCIICRROHO/HOIHIOIROHORRROCIHRHROHIHIHOCO/HHRROIIHRRICIIHIIHICRHHRHOHHOO$10	com/moonsworth/lunar/client/CCROIHHHCOCHHOHORCIRHOCRROIOCI/RCIOICOHRIOIIRRRROCRHCIICRROHO/HOIHIOIROHORRROCIHRHROHIHIHOCO/HHRROIIHRRICIIHIIHICRHHRHOHHOO_$10
com/moonsworth/lunar/client/CCROIHHHCOCHHOHORCIRHOCRROIOCI/RCIOICOHRIOIIRRRROCRHCIICRROHO/HOIHIOIROHORRROCIHRHROHIHIHOCO/HHRROIIHRRICIIHIIHICRHHRHOHHOO$7	com/moonsworth/lunar/client/CCROIHHHCOCHHOHORCIRHOCRROIOCI/RCIOICOHRIOIIRRRROCRHCIICRROHO/HOIHIOIROHORRROCIHRHROHIHIHOCO/HHRROIIHRRICIIHIIHICRHHRHOHHOO_$7
com/moonsworth/lunar/client/CCROIHHHCOCHHOHORCIRHOCRROIOCI/RCIOICOHRIOIIRRRROCRHCIICRROHO/HOIHIOIROHORRROCIHRHROHIHIHOCO/HHRROIIHRRICIIHIIHICRHHRHOHHOO$1	com/moonsworth/lunar/client/CCROIHHHCOCHHOHORCIRHOCRROIOCI/RCIOICOHRIOIIRRRROCRHCIICRROHO/HOIHIOIROHORRROCIHRHROHIHIHOCO/HHRROIIHRRICIIHIIHICRHHRHOHHOO_$1
com/moonsworth/lunar/client/CCROIHHHCOCHHOHORCIRHOCRROIOCI/RCIOICOHRIOIIRRRROCRHCIICRROHO/HOIHIOIROHORRROCIHRHROHIHIHOCO/HHRROIIHRRICIIHIIHICRHHRHOHHOO$6	com/moonsworth/lunar/client/CCROIHHHCOCHHOHORCIRHOCRROIOCI/RCIOICOHRIOIIRRRROCRHCIICRROHO/HOIHIOIROHORRROCIHRHROHIHIHOCO/HHRROIIHRRICIIHIIHICRHHRHOHHOO_$6
com/moonsworth/lunar/client/CCROIHHHCOCHHOHORCIRHOCRROIOCI/RCIOICOHRIOIIRRRROCRHCIICRROHO/HOIHIOIROHORRROCIHRHROHIHIHOCO/HHRROIIHRRICIIHIIHICRHHRHOHHOO$8	com/moonsworth/lunar/client/CCROIHHHCOCHHOHORCIRHOCRROIOCI/RCIOICOHRIOIIRRRROCRHCIICRROHO/HOIHIOIROHORRROCIHRHROHIHIHOCO/HHRROIIHRRICIIHIIHICRHHRHOHHOO_$8
com/moonsworth/lunar/client/CCROIHHHCOCHHOHORCIRHOCRROIOCI/RCIOICOHRIOIIRRRROCRHCIICRROHO/HOIHIOIROHORRROCIHRHROHIHIHOCO/HHRROIIHRRICIIHIIHICRHHRHOHHOO$2	com/moonsworth/lunar/client/CCROIHHHCOCHHOHORCIRHOCRROIOCI/RCIOICOHRIOIIRRRROCRHCIICRROHO/HOIHIOIROHORRROCIHRHROHIHIHOCO/HHRROIIHRRICIIHIIHICRHHRHOHHOO_$2
com/moonsworth/lunar/client/CCROIHHHCOCHHOHORCIRHOCRROIOCI/RCIOICOHRIOIIRRRROCRHCIICRROHO/HOIHIOIROHORRROCIHRHROHIHIHOCO/HHRROIIHRRICIIHIIHICRHHRHOHHOO$13	com/moonsworth/lunar/client/CCROIHHHCOCHHOHORCIRHOCRROIOCI/RCIOICOHRIOIIRRRROCRHCIICRROHO/HOIHIOIROHORRROCIHRHROHIHIHOCO/HHRROIIHRRICIIHIIHICRHHRHOHHOO_$13
com/moonsworth/lunar/client/CCROIHHHCOCHHOHORCIRHOCRROIOCI/RCIOICOHRIOIIRRRROCRHCIICRROHO/HOIHIOIROHORRROCIHRHROHIHIHOCO/HHRROIIHRRICIIHIIHICRHHRHOHHOO$4	com/moonsworth/lunar/client/CCROIHHHCOCHHOHORCIRHOCRROIOCI/RCIOICOHRIOIIRRRROCRHCIICRROHO/HOIHIOIROHORRROCIHRHROHIHIHOCO/HHRROIIHRRICIIHIIHICRHHRHOHHOO_$4
com/moonsworth/lunar/client/CCROIHHHCOCHHOHORCIRHOCRROIOCI/RCIOICOHRIOIIRRRROCRHCIICRROHO/HOIHIOIROHORRROCIHRHROHIHIHOCO/HHRROIIHRRICIIHIIHICRHHRHOHHOO$15	com/moonsworth/lunar/client/CCROIHHHCOCHHOHORCIRHOCRROIOCI/RCIOICOHRIOIIRRRROCRHCIICRROHO/HOIHIOIROHORRROCIHRHROHIHIHOCO/HHRROIIHRRICIIHIIHICRHHRHOHHOO_$15
com/moonsworth/lunar/client/CCROIHHHCOCHHOHORCIRHOCRROIOCI/RCIOICOHRIOIIRRRROCRHCIICRROHO/HOIHIOIROHORRROCIHRHROHIHIHOCO/HHRROIIHRRICIIHIIHICRHHRHOHHOO$14	com/moonsworth/lunar/client/CCROIHHHCOCHHOHORCIRHOCRROIOCI/RCIOICOHRIOIIRRRROCRHCIICRROHO/HOIHIOIROHORRROCIHRHROHIHIHOCO/HHRROIIHRRICIIHIIHICRHHRHOHHOO_$14
com/moonsworth/lunar/client/CCROIHHHCOCHHOHORCIRHOCRROIOCI/RCIOICOHRIOIIRRRROCRHCIICRROHO/HOIHIOIROHORRROCIHRHROHIHIHOCO/HHRROIIHRRICIIHIIHICRHHRHOHHOO$12	com/moonsworth/lunar/client/CCROIHHHCOCHHOHORCIRHOCRROIOCI/RCIOICOHRIOIIRRRROCRHCIICRROHO/HOIHIOIROHORRROCIHRHROHIHIHOCO/HHRROIIHRRICIIHIIHICRHHRHOHHOO_$12
com/moonsworth/lunar/client/CCROIHHHCOCHHOHORCIRHOCRROIOCI/RCIOICOHRIOIIRRRROCRHCIICRROHO/HOIHIOIROHORRROCIHRHROHIHIHOCO/HHRROIIHRRICIIHIIHICRHHRHOHHOO$9	com/moonsworth/lunar/client/CCROIHHHCOCHHOHORCIRHOCRROIOCI/RCIOICOHRIOIIRRRROCRHCIICRROHO/HOIHIOIROHORRROCIHRHROHIHIHOCO/HHRROIIHRRICIIHIIHICRHHRHOHHOO_$9
com/moonsworth/lunar/client/CCROIHHHCOCHHOHORCIRHOCRROIOCI/RCIOICOHRIOIIRRRROCRHCIICRROHO/HOIHIOIROHORRROCIHRHROHIHIHOCO/HHRROIIHRRICIIHIIHICRHHRHOHHOO$3	com/moonsworth/lunar/client/CCROIHHHCOCHHOHORCIRHOCRROIOCI/RCIOICOHRIOIIRRRROCRHCIICRROHO/HOIHIOIROHORRROCIHRHROHIHIHOCO/HHRROIIHRRICIIHIIHICRHHRHOHHOO_$3
com/moonsworth/lunar/client/CCROIHHHCOCHHOHORCIRHOCRROIOCI/RCIOICOHRIOIIRRRROCRHCIICRROHO/HOIHIOIROHORRROCIHRHROHIHIHOCO/HHRROIIHRRICIIHIIHICRHHRHOHHOO$5	com/moonsworth/lunar/client/CCROIHHHCOCHHOHORCIRHOCRROIOCI/RCIOICOHRIOIIRRRROCRHCIICRROHO/HOIHIOIROHORRROCIHRHROHIHIHOCO/HHRROIIHRRICIIHIIHICRHHRHOHHOO_$5
com/moonsworth/lunar/client/CCROIHHHCOCHHOHORCIRHOCRROIOCI/RCIOICOHRIOIIRRRROCRHCIICRROHO/HOIHIOIROHORRROCIHRHROHIHIHOCO/HHRROIIHRRICIIHIIHICRHHRHOHHOO/HORHROIOIOICIRHIOCOICHHHIHCIIO	com/moonsworth/lunar/client/CCROIHHHCOCHHOHORCIRHOCRROIOCI/RCIOICOHRIOIIRRRROCRHCIICRROHO/HOIHIOIROHORRROCIHRHROHIHIHOCO/HHRROIIHRRICIIHIIHICRHHRHOHHOO/HORHROIOIOICIRHIOCOICHHHIHCIIO_
com/moonsworth/lunar/client/CCROIHHHCOCHHOHORCIRHOCRROIOCI/RCIOICOHRIOIIRRRROCRHCIICRROHO/HOIHIOIROHORRROCIHRHROHIHIHOCO/HHRROIIHRRICIIHIIHICRHHRHOHHOO/HORHROIOIOICIRHIOCOICHHHIHCIIO/HORHROIOIOICIRHIOCOICHHHIHCIIO	com/moonsworth/lunar/client/CCROIHHHCOCHHOHORCIRHOCRROIOCI/RCIOICOHRIOIIRRRROCRHCIICRROHO/HOIHIOIROHORRROCIHRHROHIHIHOCO/HHRROIIHRRICIIHIIHICRHHRHOHHOO/HORHROIOIOICIRHIOCOICHHHIHCIIO/HORHROIOIOICIRHIOCOICHHHIHCIIO_
com/moonsworth/lunar/client/CCROIHHHCOCHHOHORCIRHOCRROIOCI/RCIOICOHRIOIIRRRROCRHCIICRROHO/HOIHIOIROHORRROCIHRHROHIHIHOCO/HORHROIOIOICIRHIOCOICHHHIHCIIO	com/moonsworth/lunar/client/CCROIHHHCOCHHOHORCIRHOCRROIOCI/RCIOICOHRIOIIRRRROCRHCIICRROHO/HOIHIOIROHORRROCIHRHROHIHIHOCO/HORHROIOIOICIRHIOCOICHHHIHCIIO_
com/moonsworth/lunar/client/CCROIHHHCOCHHOHORCIRHOCRROIOCI/RCIOICOHRIOIIRRRROCRHCIICRROHO/HOIHIOIROHORRROCIHRHROHIHIHOCO/HORHROIOIOICIRHIOCOICHHHIHCIIO/CCROIHHHCOCHHOHORCIRHOCRROIOCI/HORHROIOIOICIRHIOCOICHHHIHCIIO	com/moonsworth/lunar/client/CCROIHHHCOCHHOHORCIRHOCRROIOCI/RCIOICOHRIOIIRRRROCRHCIICRROHO/HOIHIOIROHORRROCIHRHROHIHIHOCO/HORHROIOIOICIRHIOCOICHHHIHCIIO/CCROIHHHCOCHHOHORCIRHOCRROIOCI/HORHROIOIOICIRHIOCOICHHHIHCIIO_
com/moonsworth/lunar/client/CCROIHHHCOCHHOHORCIRHOCRROIOCI/RCIOICOHRIOIIRRRROCRHCIICRROHO/HOIHIOIROHORRROCIHRHROHIHIHOCO/HORHROIOIOICIRHIOCOICHHHIHCIIO/CCROIHHHCOCHHOHORCIRHOCRROIOCI/HORHROIOIOICIRHIOCOICHHHIHCIIO$HORHROIOIOICIRHIOCOICHHHIHCIIO	com/moonsworth/lunar/client/CCROIHHHCOCHHOHORCIRHOCRROIOCI/RCIOICOHRIOIIRRRROCRHCIICRROHO/HOIHIOIROHORRROCIHRHROHIHIHOCO/HORHROIOIOICIRHIOCOICHHHIHCIIO/CCROIHHHCOCHHOHORCIRHOCRROIOCI/HORHROIOIOICIRHIOCOICHHHIHCIIO_$HORHROIOIOICIRHIOCOICHHHIHCIIO
com/moonsworth/lunar/client/CCROIHHHCOCHHOHORCIRHOCRROIOCI/RCIOICOHRIOIIRRRROCRHCIICRROHO/HOIHIOIROHORRROCIHRHROHIHIHOCO/HORHROIOIOICIRHIOCOICHHHIHCIIO/HROHOIOCHIRIHICOORIHOHCIOIRIIH/HORHROIOIOICIRHIOCOICHHHIHCIIO	com/moonsworth/lunar/client/CCROIHHHCOCHHOHORCIRHOCRROIOCI/RCIOICOHRIOIIRRRROCRHCIICRROHO/HOIHIOIROHORRROCIHRHROHIHIHOCO/HORHROIOIOICIRHIOCOICHHHIHCIIO/HROHOIOCHIRIHICOORIHOHCIOIRIIH/HORHROIOIOICIRHIOCOICHHHIHCIIO_
com/moonsworth/lunar/client/CCROIHHHCOCHHOHORCIRHOCRROIOCI/RCIOICOHRIOIIRRRROCRHCIICRROHO/HOIHIOIROHORRROCIHRHROHIHIHOCO/HORHROIOIOICIRHIOCOICHHHIHCIIO/HROHOIOCHIRIHICOORIHOHCIOIRIIH/HORHROIOIOICIRHIOCOICHHHIHCIIO$HORHROIOIOICIRHIOCOICHHHIHCIIO	com/moonsworth/lunar/client/CCROIHHHCOCHHOHORCIRHOCRROIOCI/RCIOICOHRIOIIRRRROCRHCIICRROHO/HOIHIOIROHORRROCIHRHROHIHIHOCO/HORHROIOIOICIRHIOCOICHHHIHCIIO/HROHOIOCHIRIHICOORIHOHCIOIRIIH/HORHROIOIOICIRHIOCOICHHHIHCIIO_$HORHROIOIOICIRHIOCOICHHHIHCIIO
com/moonsworth/lunar/client/CCROIHHHCOCHHOHORCIRHOCRROIOCI/RCIOICOHRIOIIRRRROCRHCIICRROHO/HOIHIOIROHORRROCIHRHROHIHIHOCO/HORHROIOIOICIRHIOCOICHHHIHCIIO/ICRHORIIHOHROHOHOCOOHOOCOORRHO/HORHROIOIOICIRHIOCOICHHHIHCIIO	com/moonsworth/lunar/client/CCROIHHHCOCHHOHORCIRHOCRROIOCI/RCIOICOHRIOIIRRRROCRHCIICRROHO/HOIHIOIROHORRROCIHRHROHIHIHOCO/HORHROIOIOICIRHIOCOICHHHIHCIIO/ICRHORIIHOHROHOHOCOOHOOCOORRHO/HORHROIOIOICIRHIOCOICHHHIHCIIO_
com/moonsworth/lunar/client/CCROIHHHCOCHHOHORCIRHOCRROIOCI/RCIOICOHRIOIIRRRROCRHCIICRROHO/HOIHIOIROHORRROCIHRHROHIHIHOCO/HORHROIOIOICIRHIOCOICHHHIHCIIO/ICRHORIIHOHROHOHOCOOHOOCOORRHO/HORHROIOIOICIRHIOCOICHHHIHCIIO$1	com/moonsworth/lunar/client/CCROIHHHCOCHHOHORCIRHOCRROIOCI/RCIOICOHRIOIIRRRROCRHCIICRROHO/HOIHIOIROHORRROCIHRHROHIHIHOCO/HORHROIOIOICIRHIOCOICHHHIHCIIO/ICRHORIIHOHROHOHOCOOHOOCOORRHO/HORHROIOIOICIRHIOCOICHHHIHCIIO_$1
com/moonsworth/lunar/client/CCROIHHHCOCHHOHORCIRHOCRROIOCI/RCIOICOHRIOIIRRRROCRHCIICRROHO/HOIHIOIROHORRROCIHRHROHIHIHOCO/HORHROIOIOICIRHIOCOICHHHIHCIIO/IHRHHRIHICHOOICIRIOOHOICHIRHOI/HHRROIIHRRICIIHIIHICRHHRHOHHOO	com/moonsworth/lunar/client/CCROIHHHCOCHHOHORCIRHOCRROIOCI/RCIOICOHRIOIIRRRROCRHCIICRROHO/HOIHIOIROHORRROCIHRHROHIHIHOCO/HORHROIOIOICIRHIOCOICHHHIHCIIO/IHRHHRIHICHOOICIRIOOHOICHIRHOI/HHRROIIHRRICIIHIIHICRHHRHOHHOO_
com/moonsworth/lunar/client/CCROIHHHCOCHHOHORCIRHOCRROIOCI/RCIOICOHRIOIIRRRROCRHCIICRROHO/HOIHIOIROHORRROCIHRHROHIHIHOCO/HORHROIOIOICIRHIOCOICHHHIHCIIO/IHRHHRIHICHOOICIRIOOHOICHIRHOI/HHRROIIHRRICIIHIIHICRHHRHOHHOO$HORHROIOIOICIRHIOCOICHHHIHCIIO	com/moonsworth/lunar/client/CCROIHHHCOCHHOHORCIRHOCRROIOCI/RCIOICOHRIOIIRRRROCRHCIICRROHO/HOIHIOIROHORRROCIHRHROHIHIHOCO/HORHROIOIOICIRHIOCOICHHHIHCIIO/IHRHHRIHICHOOICIRIOOHOICHIRHOI/HHRROIIHRRICIIHIIHICRHHRHOHHOO_$HORHROIOIOICIRHIOCOICHHHIHCIIO
com/moonsworth/lunar/client/CCROIHHHCOCHHOHORCIRHOCRROIOCI/RCIOICOHRIOIIRRRROCRHCIICRROHO/HOIHIOIROHORRROCIHRHROHIHIHOCO/HORHROIOIOICIRHIOCOICHHHIHCIIO/IHRHHRIHICHOOICIRIOOHOICHIRHOI/HORHROIOIOICIRHIOCOICHHHIHCIIO	com/moonsworth/lunar/client/CCROIHHHCOCHHOHORCIRHOCRROIOCI/RCIOICOHRIOIIRRRROCRHCIICRROHO/HOIHIOIROHORRROCIHRHROHIHIHOCO/HORHROIOIOICIRHIOCOICHHHIHCIIO/IHRHHRIHICHOOICIRIOOHOICHIRHOI/HORHROIOIOICIRHIOCOICHHHIHCIIO_
com/moonsworth/lunar/client/CCROIHHHCOCHHOHORCIRHOCRROIOCI/RCIOICOHRIOIIRRRROCRHCIICRROHO/HOIHIOIROHORRROCIHRHROHIHIHOCO/HORHROIOIOICIRHIOCOICHHHIHCIIO/IHRHHRIHICHOOICIRIOOHOICHIRHOI/HORHROIOIOICIRHIOCOICHHHIHCIIO/HORHROIOIOICIRHIOCOICHHHIHCIIO	com/moonsworth/lunar/client/CCROIHHHCOCHHOHORCIRHOCRROIOCI/RCIOICOHRIOIIRRRROCRHCIICRROHO/HOIHIOIROHORRROCIHRHROHIHIHOCO/HORHROIOIOICIRHIOCOICHHHIHCIIO/IHRHHRIHICHOOICIRIOOHOICHIRHOI/HORHROIOIOICIRHIOCOICHHHIHCIIO/HORHROIOIOICIRHIOCOICHHHIHCIIO_
com/moonsworth/lunar/client/CCROIHHHCOCHHOHORCIRHOCRROIOCI/RCIOICOHRIOIIRRRROCRHCIICRROHO/HOIHIOIROHORRROCIHRHROHIHIHOCO/HORHROIOIOICIRHIOCOICHHHIHCIIO/OHOOORICRHIIIIRHCICICOCHROICRC/HHRROIIHRRICIIHIIHICRHHRHOHHOO	com/moonsworth/lunar/client/CCROIHHHCOCHHOHORCIRHOCRROIOCI/RCIOICOHRIOIIRRRROCRHCIICRROHO/HOIHIOIROHORRROCIHRHROHIHIHOCO/HORHROIOIOICIRHIOCOICHHHIHCIIO/OHOOORICRHIIIIRHCICICOCHROICRC/HHRROIIHRRICIIHIIHICRHHRHOHHOO_
com/moonsworth/lunar/client/CCROIHHHCOCHHOHORCIRHOCRROIOCI/RCIOICOHRIOIIRRRROCRHCIICRROHO/HOIHIOIROHORRROCIHRHROHIHIHOCO/HORHROIOIOICIRHIOCOICHHHIHCIIO/OHOOORICRHIIIIRHCICICOCHROICRC/HORHROIOIOICIRHIOCOICHHHIHCIIO	com/moonsworth/lunar/client/CCROIHHHCOCHHOHORCIRHOCRROIOCI/RCIOICOHRIOIIRRRROCRHCIICRROHO/HOIHIOIROHORRROCIHRHROHIHIHOCO/HORHROIOIOICIRHIOCOICHHHIHCIIO/OHOOORICRHIIIIRHCICICOCHROICRC/HORHROIOIOICIRHIOCOICHHHIHCIIO_
com/moonsworth/lunar/client/CCROIHHHCOCHHOHORCIRHOCRROIOCI/RCIOICOHRIOIIRRRROCRHCIICRROHO/HOIHIOIROHORRROCIHRHROHIHIHOCO/HORHROIOIOICIRHIOCOICHHHIHCIIO/OHOOORICRHIIIIRHCICICOCHROICRC/HORHROIOIOICIRHIOCOICHHHIHCIIO/HHRROIIHRRICIIHIIHICRHHRHOHHOO	com/moonsworth/lunar/client/CCROIHHHCOCHHOHORCIRHOCRROIOCI/RCIOICOHRIOIIRRRROCRHCIICRROHO/HOIHIOIROHORRROCIHRHROHIHIHOCO/HORHROIOIOICIRHIOCOICHHHIHCIIO/OHOOORICRHIIIIRHCICICOCHROICRC/HORHROIOIOICIRHIOCOICHHHIHCIIO/HHRROIIHRRICIIHIIHICRHHRHOHHOO_
com/moonsworth/lunar/client/CCROIHHHCOCHHOHORCIRHOCRROIOCI/RCIOICOHRIOIIRRRROCRHCIICRROHO/HOIHIOIROHORRROCIHRHROHIHIHOCO/HORHROIOIOICIRHIOCOICHHHIHCIIO/OHOOORICRHIIIIRHCICICOCHROICRC/HORHROIOIOICIRHIOCOICHHHIHCIIO/HHRROIIHRRICIIHIIHICRHHRHOHHOO$HORHROIOIOICIRHIOCOICHHHIHCIIO	com/moonsworth/lunar/client/CCROIHHHCOCHHOHORCIRHOCRROIOCI/RCIOICOHRIOIIRRRROCRHCIICRROHO/HOIHIOIROHORRROCIHRHROHIHIHOCO/HORHROIOIOICIRHIOCOICHHHIHCIIO/OHOOORICRHIIIIRHCICICOCHROICRC/HORHROIOIOICIRHIOCOICHHHIHCIIO/HHRROIIHRRICIIHIIHICRHHRHOHHOO_$HORHROIOIOICIRHIOCOICHHHIHCIIO
com/moonsworth/lunar/client/CCROIHHHCOCHHOHORCIRHOCRROIOCI/RCIOICOHRIOIIRRRROCRHCIICRROHO/HOIHIOIROHORRROCIHRHROHIHIHOCO/HORHROIOIOICIRHIOCOICHHHIHCIIO/OHOOORICRHIIIIRHCICICOCHROICRC/HORHROIOIOICIRHIOCOICHHHIHCIIO/HORHROIOIOICIRHIOCOICHHHIHCIIO	com/moonsworth/lunar/client/CCROIHHHCOCHHOHORCIRHOCRROIOCI/RCIOICOHRIOIIRRRROCRHCIICRROHO/HOIHIOIROHORRROCIHRHROHIHIHOCO/HORHROIOIOICIRHIOCOICHHHIHCIIO/OHOOORICRHIIIIRHCICICOCHROICRC/HORHROIOIOICIRHIOCOICHHHIHCIIO/HORHROIOIOICIRHIOCOICHHHIHCIIO_
com/moonsworth/lunar/client/CCROIHHHCOCHHOHORCIRHOCRROIOCI/RCIOICOHRIOIIRRRROCRHCIICRROHO/HOIHIOIROHORRROCIHRHROHIHIHOCO/HORHROIOIOICIRHIOCOICHHHIHCIIO/OHOOORICRHIIIIRHCICICOCHROICRC/HORHROIOIOICIRHIOCOICHHHIHCIIO/HRICOROOOCCOCOROCRHHCRRIRCOICO	com/moonsworth/lunar/client/CCROIHHHCOCHHOHORCIRHOCRROIOCI/RCIOICOHRIOIIRRRROCRHCIICRROHO/HOIHIOIROHORRROCIHRHROHIHIHOCO/HORHROIOIOICIRHIOCOICHHHIHCIIO/OHOOORICRHIIIIRHCICICOCHROICRC/HORHROIOIOICIRHIOCOICHHHIHCIIO/HRICOROOOCCOCOROCRHHCRRIRCOICO_
com/moonsworth/lunar/client/CCROIHHHCOCHHOHORCIRHOCRROIOCI/RCIOICOHRIOIIRRRROCRHCIICRROHO/HOIHIOIROHORRROCIHRHROHIHIHOCO/HORHROIOIOICIRHIOCOICHHHIHCIIO/OHOOORICRHIIIIRHCICICOCHROICRC/HORHROIOIOICIRHIOCOICHHHIHCIIO/HRICOROOOCCOCOROCRHHCRRIRCOICO/HHRROIIHRRICIIHIIHICRHHRHOHHOO	com/moonsworth/lunar/client/CCROIHHHCOCHHOHORCIRHOCRROIOCI/RCIOICOHRIOIIRRRROCRHCIICRROHO/HOIHIOIROHORRROCIHRHROHIHIHOCO/HORHROIOIOICIRHIOCOICHHHIHCIIO/OHOOORICRHIIIIRHCICICOCHROICRC/HORHROIOIOICIRHIOCOICHHHIHCIIO/HRICOROOOCCOCOROCRHHCRRIRCOICO/HHRROIIHRRICIIHIIHICRHHRHOHHOO_
com/moonsworth/lunar/client/CCROIHHHCOCHHOHORCIRHOCRROIOCI/RCIOICOHRIOIIRRRROCRHCIICRROHO/HOIHIOIROHORRROCIHRHROHIHIHOCO/HORHROIOIOICIRHIOCOICHHHIHCIIO/OHOOORICRHIIIIRHCICICOCHROICRC/HORHROIOIOICIRHIOCOICHHHIHCIIO/HRICOROOOCCOCOROCRHHCRRIRCOICO/HORHROIOIOICIRHIOCOICHHHIHCIIO	com/moonsworth/lunar/client/CCROIHHHCOCHHOHORCIRHOCRROIOCI/RCIOICOHRIOIIRRRROCRHCIICRROHO/HOIHIOIROHORRROCIHRHROHIHIHOCO/HORHROIOIOICIRHIOCOICHHHIHCIIO/OHOOORICRHIIIIRHCICICOCHROICRC/HORHROIOIOICIRHIOCOICHHHIHCIIO/HRICOROOOCCOCOROCRHHCRRIRCOICO/HORHROIOIOICIRHIOCOICHHHIHCIIO_
com/moonsworth/lunar/client/CCROIHHHCOCHHOHORCIRHOCRROIOCI/RCIOICOHRIOIIRRRROCRHCIICRROHO/HOIHIOIROHORRROCIHRHROHIHIHOCO/HORHROIOIOICIRHIOCOICHHHIHCIIO/OHOOORICRHIIIIRHCICICOCHROICRC/HRICOROOOCCOCOROCRHHCRRIRCOICO	com/moonsworth/lunar/client/CCROIHHHCOCHHOHORCIRHOCRROIOCI/RCIOICOHRIOIIRRRROCRHCIICRROHO/HOIHIOIROHORRROCIHRHROHIHIHOCO/HORHROIOIOICIRHIOCOICHHHIHCIIO/OHOOORICRHIIIIRHCICICOCHROICRC/HRICOROOOCCOCOROCRHHCRRIRCOICO_
com/moonsworth/lunar/client/CCROIHHHCOCHHOHORCIRHOCRROIOCI/RCIOICOHRIOIIRRRROCRHCIICRROHO/HOIHIOIROHORRROCIHRHROHIHIHOCO/HORHROIOIOICIRHIOCOICHHHIHCIIO/OIRIOIIIRICICCHORICRRIRROHCRIC/HORHROIOIOICIRHIOCOICHHHIHCIIO	com/moonsworth/lunar/client/CCROIHHHCOCHHOHORCIRHOCRROIOCI/RCIOICOHRIOIIRRRROCRHCIICRROHO/HOIHIOIROHORRROCIHRHROHIHIHOCO/HORHROIOIOICIRHIOCOICHHHIHCIIO/OIRIOIIIRICICCHORICRRIRROHCRIC/HORHROIOIOICIRHIOCOICHHHIHCIIO_
com/moonsworth/lunar/client/CCROIHHHCOCHHOHORCIRHOCRROIOCI/RCIOICOHRIOIIRRRROCRHCIICRROHO/HOIHIOIROHORRROCIHRHROHIHIHOCO/HORHROIOIOICIRHIOCOICHHHIHCIIO/OIRIOIIIRICICCHORICRRIRROHCRIC/HORHROIOIOICIRHIOCOICHHHIHCIIO/HORHROIOIOICIRHIOCOICHHHIHCIIO	com/moonsworth/lunar/client/CCROIHHHCOCHHOHORCIRHOCRROIOCI/RCIOICOHRIOIIRRRROCRHCIICRROHO/HOIHIOIROHORRROCIHRHROHIHIHOCO/HORHROIOIOICIRHIOCOICHHHIHCIIO/OIRIOIIIRICICCHORICRRIRROHCRIC/HORHROIOIOICIRHIOCOICHHHIHCIIO/HORHROIOIOICIRHIOCOICHHHIHCIIO_
com/moonsworth/lunar/client/CCROIHHHCOCHHOHORCIRHOCRROIOCI/RCIOICOHRIOIIRRRROCRHCIICRROHO/HOIHIOIROHORRROCIHRHROHIHIHOCO/HORHROIOIOICIRHIOCOICHHHIHCIIO/RIIICIRHRCIHOOOORHOICRIICCCRHR/HORHROIOIOICIRHIOCOICHHHIHCIIO	com/moonsworth/lunar/client/CCROIHHHCOCHHOHORCIRHOCRROIOCI/RCIOICOHRIOIIRRRROCRHCIICRROHO/HOIHIOIROHORRROCIHRHROHIHIHOCO/HORHROIOIOICIRHIOCOICHHHIHCIIO/RIIICIRHRCIHOOOORHOICRIICCCRHR/HORHROIOIOICIRHIOCOICHHHIHCIIO_
com/moonsworth/lunar/client/CCROIHHHCOCHHOHORCIRHOCRROIOCI/RCIOICOHRIOIIRRRROCRHCIICRROHO/HOIHIOIROHORRROCIHRHROHIHIHOCO/HRICOROOOCCOCOROCRHHCRRIRCOICO	com/moonsworth/lunar/client/CCROIHHHCOCHHOHORCIRHOCRROIOCI/RCIOICOHRIOIIRRRROCRHCIICRROHO/HOIHIOIROHORRROCIHRHROHIHIHOCO/HRICOROOOCCOCOROCRHHCRRIRCOICO_
com/moonsworth/lunar/client/CCROIHHHCOCHHOHORCIRHOCRROIOCI/RCIOICOHRIOIIRRRROCRHCIICRROHO/HOIHIOIROHORRROCIHRHROHIHIHOCO/HRICOROOOCCOCOROCRHHCRRIRCOICO/HORHROIOIOICIRHIOCOICHHHIHCIIO	com/moonsworth/lunar/client/CCROIHHHCOCHHOHORCIRHOCRROIOCI/RCIOICOHRIOIIRRRROCRHCIICRROHO/HOIHIOIROHORRROCIHRHROHIHIHOCO/HRICOROOOCCOCOROCRHHCRRIRCOICO/HORHROIOIOICIRHIOCOICHHHIHCIIO_
com/moonsworth/lunar/client/CCROIHHHCOCHHOHORCIRHOCRROIOCI/RCIOICOHRIOIIRRRROCRHCIICRROHO/HOIHIOIROHORRROCIHRHROHIHIHOCO/HRICOROOOCCOCOROCRHHCRRIRCOICO/HORHROIOIOICIRHIOCOICHHHIHCIIO/HHRROIIHRRICIIHIIHICRHHRHOHHOO	com/moonsworth/lunar/client/CCROIHHHCOCHHOHORCIRHOCRROIOCI/RCIOICOHRIOIIRRRROCRHCIICRROHO/HOIHIOIROHORRROCIHRHROHIHIHOCO/HRICOROOOCCOCOROCRHHCRRIRCOICO/HORHROIOIOICIRHIOCOICHHHIHCIIO/HHRROIIHRRICIIHIIHICRHHRHOHHOO_
com/moonsworth/lunar/client/CCROIHHHCOCHHOHORCIRHOCRROIOCI/RCIOICOHRIOIIRRRROCRHCIICRROHO/HOIHIOIROHORRROCIHRHROHIHIHOCO/HRICOROOOCCOCOROCRHHCRRIRCOICO/HORHROIOIOICIRHIOCOICHHHIHCIIO/HHRROIIHRRICIIHIIHICRHHRHOHHOO/HHRROIIHRRICIIHIIHICRHHRHOHHOO	com/moonsworth/lunar/client/CCROIHHHCOCHHOHORCIRHOCRROIOCI/RCIOICOHRIOIIRRRROCRHCIICRROHO/HOIHIOIROHORRROCIHRHROHIHIHOCO/HRICOROOOCCOCOROCRHHCRRIRCOICO/HORHROIOIOICIRHIOCOICHHHIHCIIO/HHRROIIHRRICIIHIIHICRHHRHOHHOO/HHRROIIHRRICIIHIIHICRHHRHOHHOO_
com/moonsworth/lunar/client/CCROIHHHCOCHHOHORCIRHOCRROIOCI/RCIOICOHRIOIIRRRROCRHCIICRROHO/HOIHIOIROHORRROCIHRHROHIHIHOCO/HRICOROOOCCOCOROCRHHCRRIRCOICO/HORHROIOIOICIRHIOCOICHHHIHCIIO/HHRROIIHRRICIIHIIHICRHHRHOHHOO/HORHROIOIOICIRHIOCOICHHHIHCIIO	com/moonsworth/lunar/client/CCROIHHHCOCHHOHORCIRHOCRROIOCI/RCIOICOHRIOIIRRRROCRHCIICRROHO/HOIHIOIROHORRROCIHRHROHIHIHOCO/HRICOROOOCCOCOROCRHHCRRIRCOICO/HORHROIOIOICIRHIOCOICHHHIHCIIO/HHRROIIHRRICIIHIIHICRHHRHOHHOO/HORHROIOIOICIRHIOCOICHHHIHCIIO_
com/moonsworth/lunar/client/CCROIHHHCOCHHOHORCIRHOCRROIOCI/RCIOICOHRIOIIRRRROCRHCIICRROHO/HOIHIOIROHORRROCIHRHROHIHIHOCO/HRICOROOOCCOCOROCRHHCRRIRCOICO/HORHROIOIOICIRHIOCOICHHHIHCIIO/HORHROIOIOICIRHIOCOICHHHIHCIIO	com/moonsworth/lunar/client/CCROIHHHCOCHHOHORCIRHOCRROIOCI/RCIOICOHRIOIIRRRROCRHCIICRROHO/HOIHIOIROHORRROCIHRHROHIHIHOCO/HRICOROOOCCOCOROCRHHCRRIRCOICO/HORHROIOIOICIRHIOCOICHHHIHCIIO/HORHROIOIOICIRHIOCOICHHHIHCIIO_
com/moonsworth/lunar/client/CCROIHHHCOCHHOHORCIRHOCRROIOCI/RCIOICOHRIOIIRRRROCRHCIICRROHO/HOIHIOIROHORRROCIHRHROHIHIHOCO/HRICOROOOCCOCOROCRHHCRRIRCOICO/HORHROIOIOICIRHIOCOICHHHIHCIIO/HORHROIOIOICIRHIOCOICHHHIHCIIO/HHRROIIHRRICIIHIIHICRHHRHOHHOO/HORHROIOIOICIRHIOCOICHHHIHCIIO	com/moonsworth/lunar/client/CCROIHHHCOCHHOHORCIRHOCRROIOCI/RCIOICOHRIOIIRRRROCRHCIICRROHO/HOIHIOIROHORRROCIHRHROHIHIHOCO/HRICOROOOCCOCOROCRHHCRRIRCOICO/HORHROIOIOICIRHIOCOICHHHIHCIIO/HORHROIOIOICIRHIOCOICHHHIHCIIO/HHRROIIHRRICIIHIIHICRHHRHOHHOO/HORHROIOIOICIRHIOCOICHHHIHCIIO_
com/moonsworth/lunar/client/CCROIHHHCOCHHOHORCIRHOCRROIOCI/RCIOICOHRIOIIRRRROCRHCIICRROHO/HOIHIOIROHORRROCIHRHROHIHIHOCO/HRICOROOOCCOCOROCRHHCRRIRCOICO/HORHROIOIOICIRHIOCOICHHHIHCIIO/HRICOROOOCCOCOROCRHHCRRIRCOICO	com/moonsworth/lunar/client/CCROIHHHCOCHHOHORCIRHOCRROIOCI/RCIOICOHRIOIIRRRROCRHCIICRROHO/HOIHIOIROHORRROCIHRHROHIHIHOCO/HRICOROOOCCOCOROCRHHCRRIRCOICO/HORHROIOIOICIRHIOCOICHHHIHCIIO/HRICOROOOCCOCOROCRHHCRRIRCOICO_
com/moonsworth/lunar/client/CCROIHHHCOCHHOHORCIRHOCRROIOCI/RCIOICOHRIOIIRRRROCRHCIICRROHO/HOIHIOIROHORRROCIHRHROHIHIHOCO/HROHOIOCHIRIHICOORIHOHCIOIRIIH/HHRROIIHRRICIIHIIHICRHHRHOHHOO/HORHROIOIOICIRHIOCOICHHHIHCIIO	com/moonsworth/lunar/client/CCROIHHHCOCHHOHORCIRHOCRROIOCI/RCIOICOHRIOIIRRRROCRHCIICRROHO/HOIHIOIROHORRROCIHRHROHIHIHOCO/HROHOIOCHIRIHICOORIHOHCIOIRIIH/HHRROIIHRRICIIHIIHICRHHRHOHHOO/HORHROIOIOICIRHIOCOICHHHIHCIIO_
com/moonsworth/lunar/client/CCROIHHHCOCHHOHORCIRHOCRROIOCI/RCIOICOHRIOIIRRRROCRHCIICRROHO/HOIHIOIROHORRROCIHRHROHIHIHOCO/HROHOIOCHIRIHICOORIHOHCIOIRIIH/HIOROOCORHICHIRIHIRCCORCIIICCH/HORHROIOIOICIRHIOCOICHHHIHCIIO	com/moonsworth/lunar/client/CCROIHHHCOCHHOHORCIRHOCRROIOCI/RCIOICOHRIOIIRRRROCRHCIICRROHO/HOIHIOIROHORRROCIHRHROHIHIHOCO/HROHOIOCHIRIHICOORIHOHCIOIRIIH/HIOROOCORHICHIRIHIRCCORCIIICCH/HORHROIOIOICIRHIOCOICHHHIHCIIO_
com/moonsworth/lunar/client/CCROIHHHCOCHHOHORCIRHOCRROIOCI/RCIOICOHRIOIIRRRROCRHCIICRROHO/HOIHIOIROHORRROCIHRHROHIHIHOCO/HROHOIOCHIRIHICOORIHOHCIOIRIIH/HORHROIOIOICIRHIOCOICHHHIHCIIO/HHRROIIHRRICIIHIIHICRHHRHOHHOO	com/moonsworth/lunar/client/CCROIHHHCOCHHOHORCIRHOCRROIOCI/RCIOICOHRIOIIRRRROCRHCIICRROHO/HOIHIOIROHORRROCIHRHROHIHIHOCO/HROHOIOCHIRIHICOORIHOHCIOIRIIH/HORHROIOIOICIRHIOCOICHHHIHCIIO/HHRROIIHRRICIIHIIHICRHHRHOHHOO_
com/moonsworth/lunar/client/CCROIHHHCOCHHOHORCIRHOCRROIOCI/RCIOICOHRIOIIRRRROCRHCIICRROHO/HOIHIOIROHORRROCIHRHROHIHIHOCO/HROHOIOCHIRIHICOORIHOHCIOIRIIH/HORHROIOIOICIRHIOCOICHHHIHCIIO/HORHROIOIOICIRHIOCOICHHHIHCIIO	com/moonsworth/lunar/client/CCROIHHHCOCHHOHORCIRHOCRROIOCI/RCIOICOHRIOIIRRRROCRHCIICRROHO/HOIHIOIROHORRROCIHRHROHIHIHOCO/HROHOIOCHIRIHICOORIHOHCIOIRIIH/HORHROIOIOICIRHIOCOICHHHIHCIIO/HORHROIOIOICIRHIOCOICHHHIHCIIO_
com/moonsworth/lunar/client/CCROIHHHCOCHHOHORCIRHOCRROIOCI/RCIOICOHRIOIIRRRROCRHCIICRROHO/HOIHIOIROHORRROCIHRHROHIHIHOCO/HROHOIOCHIRIHICOORIHOHCIOIRIIH/HORHROIOIOICIRHIOCOICHHHIHCIIO/HORHROIOIOICIRHIOCOICHHHIHCIIO/HORHROIOIOICIRHIOCOICHHHIHCIIO	com/moonsworth/lunar/client/CCROIHHHCOCHHOHORCIRHOCRROIOCI/RCIOICOHRIOIIRRRROCRHCIICRROHO/HOIHIOIROHORRROCIHRHROHIHIHOCO/HROHOIOCHIRIHICOORIHOHCIOIRIIH/HORHROIOIOICIRHIOCOICHHHIHCIIO/HORHROIOIOICIRHIOCOICHHHIHCIIO/HORHROIOIOICIRHIOCOICHHHIHCIIO_
com/moonsworth/lunar/client/CCROIHHHCOCHHOHORCIRHOCRROIOCI/RCIOICOHRIOIIRRRROCRHCIICRROHO/HOIHIOIROHORRROCIHRHROHIHIHOCO/HROHOIOCHIRIHICOORIHOHCIOIRIIH/HROHOIOCHIRIHICOORIHOHCIOIRIIH/HORHROIOIOICIRHIOCOICHHHIHCIIO	com/moonsworth/lunar/client/CCROIHHHCOCHHOHORCIRHOCRROIOCI/RCIOICOHRIOIIRRRROCRHCIICRROHO/HOIHIOIROHORRROCIHRHROHIHIHOCO/HROHOIOCHIRIHICOORIHOHCIOIRIIH/HROHOIOCHIRIHICOORIHOHCIOIRIIH/HORHROIOIOICIRHIOCOICHHHIHCIIO_
com/moonsworth/lunar/client/CCROIHHHCOCHHOHORCIRHOCRROIOCI/RCIOICOHRIOIIRRRROCRHCIICRROHO/HOIHIOIROHORRROCIHRHROHIHIHOCO/HROHOIOCHIRIHICOORIHOHCIOIRIIH/OHROCHICOIOICHOCRROORRCIIICIHO/HORHROIOIOICIRHIOCOICHHHIHCIIO	com/moonsworth/lunar/client/CCROIHHHCOCHHOHORCIRHOCRROIOCI/RCIOICOHRIOIIRRRROCRHCIICRROHO/HOIHIOIROHORRROCIHRHROHIHIHOCO/HROHOIOCHIRIHICOORIHOHCIOIRIIH/OHROCHICOIOICHOCRROORRCIIICIHO/HORHROIOIOICIRHIOCOICHHHIHCIIO_
com/moonsworth/lunar/client/CCROIHHHCOCHHOHORCIRHOCRROIOCI/RCIOICOHRIOIIRRRROCRHCIICRROHO/HOIHIOIROHORRROCIHRHROHIHIHOCO/HROHOIOCHIRIHICOORIHOHCIOIRIIH/OHROCHICOIOICHOCRROORRCIIICIHO/HORHROIOIOICIRHIOCOICHHHIHCIIO$HORHROIOIOICIRHIOCOICHHHIHCIIO	com/moonsworth/lunar/client/CCROIHHHCOCHHOHORCIRHOCRROIOCI/RCIOICOHRIOIIRRRROCRHCIICRROHO/HOIHIOIROHORRROCIHRHROHIHIHOCO/HROHOIOCHIRIHICOORIHOHCIOIRIIH/OHROCHICOIOICHOCRROORRCIIICIHO/HORHROIOIOICIRHIOCOICHHHIHCIIO_$HORHROIOIOICIRHIOCOICHHHIHCIIO
com/moonsworth/lunar/client/CCROIHHHCOCHHOHORCIRHOCRROIOCI/RCIOICOHRIOIIRRRROCRHCIICRROHO/HOIHIOIROHORRROCIHRHROHIHIHOCO/HROHOIOCHIRIHICOORIHOHCIOIRIIH/OHROCHICOIOICHOCRROORRCIIICIHO/HORHROIOIOICIRHIOCOICHHHIHCIIO/HHRROIIHRRICIIHIIHICRHHRHOHHOO	com/moonsworth/lunar/client/CCROIHHHCOCHHOHORCIRHOCRROIOCI/RCIOICOHRIOIIRRRROCRHCIICRROHO/HOIHIOIROHORRROCIHRHROHIHIHOCO/HROHOIOCHIRIHICOORIHOHCIOIRIIH/OHROCHICOIOICHOCRROORRCIIICIHO/HORHROIOIOICIRHIOCOICHHHIHCIIO/HHRROIIHRRICIIHIIHICRHHRHOHHOO_
com/moonsworth/lunar/client/CCROIHHHCOCHHOHORCIRHOCRROIOCI/RCIOICOHRIOIIRRRROCRHCIICRROHO/HOIHIOIROHORRROCIHRHROHIHIHOCO/HROHOIOCHIRIHICOORIHOHCIOIRIIH/OHROCHICOIOICHOCRROORRCIIICIHO/HORHROIOIOICIRHIOCOICHHHIHCIIO/HHRROIIHRRICIIHIIHICRHHRHOHHOO/HHRROIIHRRICIIHIIHICRHHRHOHHOO	com/moonsworth/lunar/client/CCROIHHHCOCHHOHORCIRHOCRROIOCI/RCIOICOHRIOIIRRRROCRHCIICRROHO/HOIHIOIROHORRROCIHRHROHIHIHOCO/HROHOIOCHIRIHICOORIHOHCIOIRIIH/OHROCHICOIOICHOCRROORRCIIICIHO/HORHROIOIOICIRHIOCOICHHHIHCIIO/HHRROIIHRRICIIHIIHICRHHRHOHHOO/HHRROIIHRRICIIHIIHICRHHRHOHHOO_
com/moonsworth/lunar/client/CCROIHHHCOCHHOHORCIRHOCRROIOCI/RCIOICOHRIOIIRRRROCRHCIICRROHO/HOIHIOIROHORRROCIHRHROHIHIHOCO/HROHOIOCHIRIHICOORIHOHCIOIRIIH/OHROCHICOIOICHOCRROORRCIIICIHO/HORHROIOIOICIRHIOCOICHHHIHCIIO/HHRROIIHRRICIIHIIHICRHHRHOHHOO/HHRROIIHRRICIIHIIHICRHHRHOHHOO$HORHROIOIOICIRHIOCOICHHHIHCIIO	com/moonsworth/lunar/client/CCROIHHHCOCHHOHORCIRHOCRROIOCI/RCIOICOHRIOIIRRRROCRHCIICRROHO/HOIHIOIROHORRROCIHRHROHIHIHOCO/HROHOIOCHIRIHICOORIHOHCIOIRIIH/OHROCHICOIOICHOCRROORRCIIICIHO/HORHROIOIOICIRHIOCOICHHHIHCIIO/HHRROIIHRRICIIHIIHICRHHRHOHHOO/HHRROIIHRRICIIHIIHICRHHRHOHHOO_$HORHROIOIOICIRHIOCOICHHHIHCIIO
com/moonsworth/lunar/client/CCROIHHHCOCHHOHORCIRHOCRROIOCI/RCIOICOHRIOIIRRRROCRHCIICRROHO/HOIHIOIROHORRROCIHRHROHIHIHOCO/HROHOIOCHIRIHICOORIHOHCIOIRIIH/OHROCHICOIOICHOCRROORRCIIICIHO/HORHROIOIOICIRHIOCOICHHHIHCIIO/HHRROIIHRRICIIHIIHICRHHRHOHHOO/HORHROIOIOICIRHIOCOICHHHIHCIIO	com/moonsworth/lunar/client/CCROIHHHCOCHHOHORCIRHOCRROIOCI/RCIOICOHRIOIIRRRROCRHCIICRROHO/HOIHIOIROHORRROCIHRHROHIHIHOCO/HROHOIOCHIRIHICOORIHOHCIOIRIIH/OHROCHICOIOICHOCRROORRCIIICIHO/HORHROIOIOICIRHIOCOICHHHIHCIIO/HHRROIIHRRICIIHIIHICRHHRHOHHOO/HORHROIOIOICIRHIOCOICHHHIHCIIO_
com/moonsworth/lunar/client/CCROIHHHCOCHHOHORCIRHOCRROIOCI/RCIOICOHRIOIIRRRROCRHCIICRROHO/HOIHIOIROHORRROCIHRHROHIHIHOCO/HROHOIOCHIRIHICOORIHOHCIOIRIIH/OHROCHICOIOICHOCRROORRCIIICIHO/HORHROIOIOICIRHIOCOICHHHIHCIIO/HHRROIIHRRICIIHIIHICRHHRHOHHOO/HRICOROOOCCOCOROCRHHCRRIRCOICO	com/moonsworth/lunar/client/CCROIHHHCOCHHOHORCIRHOCRROIOCI/RCIOICOHRIOIIRRRROCRHCIICRROHO/HOIHIOIROHORRROCIHRHROHIHIHOCO/HROHOIOCHIRIHICOORIHOHCIOIRIIH/OHROCHICOIOICHOCRROORRCIIICIHO/HORHROIOIOICIRHIOCOICHHHIHCIIO/HHRROIIHRRICIIHIIHICRHHRHOHHOO/HRICOROOOCCOCOROCRHHCRRIRCOICO_
com/moonsworth/lunar/client/CCROIHHHCOCHHOHORCIRHOCRROIOCI/RCIOICOHRIOIIRRRROCRHCIICRROHO/HOIHIOIROHORRROCIHRHROHIHIHOCO/HROHOIOCHIRIHICOORIHOHCIOIRIIH/OHROCHICOIOICHOCRROORRCIIICIHO/HORHROIOIOICIRHIOCOICHHHIHCIIO/HHRROIIHRRICIIHIIHICRHHRHOHHOO/ICRHORIIHOHROHOHOCOOHOOCOORRHO	com/moonsworth/lunar/client/CCROIHHHCOCHHOHORCIRHOCRROIOCI/RCIOICOHRIOIIRRRROCRHCIICRROHO/HOIHIOIROHORRROCIHRHROHIHIHOCO/HROHOIOCHIRIHICOORIHOHCIOIRIIH/OHROCHICOIOICHOCRROORRCIIICIHO/HORHROIOIOICIRHIOCOICHHHIHCIIO/HHRROIIHRRICIIHIIHICRHHRHOHHOO/ICRHORIIHOHROHOHOCOOHOOCOORRHO_
com/moonsworth/lunar/client/CCROIHHHCOCHHOHORCIRHOCRROIOCI/RCIOICOHRIOIIRRRROCRHCIICRROHO/HOIHIOIROHORRROCIHRHROHIHIHOCO/HROHOIOCHIRIHICOORIHOHCIOIRIIH/OHROCHICOIOICHOCRROORRCIIICIHO/HORHROIOIOICIRHIOCOICHHHIHCIIO/HORHROIOIOICIRHIOCOICHHHIHCIIO	com/moonsworth/lunar/client/CCROIHHHCOCHHOHORCIRHOCRROIOCI/RCIOICOHRIOIIRRRROCRHCIICRROHO/HOIHIOIROHORRROCIHRHROHIHIHOCO/HROHOIOCHIRIHICOORIHOHCIOIRIIH/OHROCHICOIOICHOCRROORRCIIICIHO/HORHROIOIOICIRHIOCOICHHHIHCIIO/HORHROIOIOICIRHIOCOICHHHIHCIIO_
com/moonsworth/lunar/client/CCROIHHHCOCHHOHORCIRHOCRROIOCI/RCIOICOHRIOIIRRRROCRHCIICRROHO/HOIHIOIROHORRROCIHRHROHIHIHOCO/HROHOIOCHIRIHICOORIHOHCIOIRIIH/OHROCHICOIOICHOCRROORRCIIICIHO/HORHROIOIOICIRHIOCOICHHHIHCIIO/HORHROIOIOICIRHIOCOICHHHIHCIIO/HHRROIIHRRICIIHIIHICRHHRHOHHOO	com/moonsworth/lunar/client/CCROIHHHCOCHHOHORCIRHOCRROIOCI/RCIOICOHRIOIIRRRROCRHCIICRROHO/HOIHIOIROHORRROCIHRHROHIHIHOCO/HROHOIOCHIRIHICOORIHOHCIOIRIIH/OHROCHICOIOICHOCRROORRCIIICIHO/HORHROIOIOICIRHIOCOICHHHIHCIIO/HORHROIOIOICIRHIOCOICHHHIHCIIO/HHRROIIHRRICIIHIIHICRHHRHOHHOO_
com/moonsworth/lunar/client/CCROIHHHCOCHHOHORCIRHOCRROIOCI/RCIOICOHRIOIIRRRROCRHCIICRROHO/HOIHIOIROHORRROCIHRHROHIHIHOCO/HROHOIOCHIRIHICOORIHOHCIOIRIIH/OHROCHICOIOICHOCRROORRCIIICIHO/HORHROIOIOICIRHIOCOICHHHIHCIIO/HORHROIOIOICIRHIOCOICHHHIHCIIO/HHRROIIHRRICIIHIIHICRHHRHOHHOO/HORHROIOIOICIRHIOCOICHHHIHCIIO	com/moonsworth/lunar/client/CCROIHHHCOCHHOHORCIRHOCRROIOCI/RCIOICOHRIOIIRRRROCRHCIICRROHO/HOIHIOIROHORRROCIHRHROHIHIHOCO/HROHOIOCHIRIHICOORIHOHCIOIRIIH/OHROCHICOIOICHOCRROORRCIIICIHO/HORHROIOIOICIRHIOCOICHHHIHCIIO/HORHROIOIOICIRHIOCOICHHHIHCIIO/HHRROIIHRRICIIHIIHICRHHRHOHHOO/HORHROIOIOICIRHIOCOICHHHIHCIIO_
com/moonsworth/lunar/client/CCROIHHHCOCHHOHORCIRHOCRROIOCI/RCIOICOHRIOIIRRRROCRHCIICRROHO/HOIHIOIROHORRROCIHRHROHIHIHOCO/HROHOIOCHIRIHICOORIHOHCIOIRIIH/OHROCHICOIOICHOCRROORRCIIICIHO/HORHROIOIOICIRHIOCOICHHHIHCIIO/HORHROIOIOICIRHIOCOICHHHIHCIIO/HHRROIIHRRICIIHIIHICRHHRHOHHOO/HORHROIOIOICIRHIOCOICHHHIHCIIO$3	com/moonsworth/lunar/client/CCROIHHHCOCHHOHORCIRHOCRROIOCI/RCIOICOHRIOIIRRRROCRHCIICRROHO/HOIHIOIROHORRROCIHRHROHIHIHOCO/HROHOIOCHIRIHICOORIHOHCIOIRIIH/OHROCHICOIOICHOCRROORRCIIICIHO/HORHROIOIOICIRHIOCOICHHHIHCIIO/HORHROIOIOICIRHIOCOICHHHIHCIIO/HHRROIIHRRICIIHIIHICRHHRHOHHOO/HORHROIOIOICIRHIOCOICHHHIHCIIO_$3
com/moonsworth/lunar/client/CCROIHHHCOCHHOHORCIRHOCRROIOCI/RCIOICOHRIOIIRRRROCRHCIICRROHO/HOIHIOIROHORRROCIHRHROHIHIHOCO/HROHOIOCHIRIHICOORIHOHCIOIRIIH/OHROCHICOIOICHOCRROORRCIIICIHO/HORHROIOIOICIRHIOCOICHHHIHCIIO/HORHROIOIOICIRHIOCOICHHHIHCIIO/HHRROIIHRRICIIHIIHICRHHRHOHHOO/HORHROIOIOICIRHIOCOICHHHIHCIIO$1	com/moonsworth/lunar/client/CCROIHHHCOCHHOHORCIRHOCRROIOCI/RCIOICOHRIOIIRRRROCRHCIICRROHO/HOIHIOIROHORRROCIHRHROHIHIHOCO/HROHOIOCHIRIHICOORIHOHCIOIRIIH/OHROCHICOIOICHOCRROORRCIIICIHO/HORHROIOIOICIRHIOCOICHHHIHCIIO/HORHROIOIOICIRHIOCOICHHHIHCIIO/HHRROIIHRRICIIHIIHICRHHRHOHHOO/HORHROIOIOICIRHIOCOICHHHIHCIIO_$1
com/moonsworth/lunar/client/CCROIHHHCOCHHOHORCIRHOCRROIOCI/RCIOICOHRIOIIRRRROCRHCIICRROHO/HOIHIOIROHORRROCIHRHROHIHIHOCO/HROHOIOCHIRIHICOORIHOHCIOIRIIH/OHROCHICOIOICHOCRROORRCIIICIHO/HORHROIOIOICIRHIOCOICHHHIHCIIO/HORHROIOIOICIRHIOCOICHHHIHCIIO/HHRROIIHRRICIIHIIHICRHHRHOHHOO/HORHROIOIOICIRHIOCOICHHHIHCIIO$2	com/moonsworth/lunar/client/CCROIHHHCOCHHOHORCIRHOCRROIOCI/RCIOICOHRIOIIRRRROCRHCIICRROHO/HOIHIOIROHORRROCIHRHROHIHIHOCO/HROHOIOCHIRIHICOORIHOHCIOIRIIH/OHROCHICOIOICHOCRROORRCIIICIHO/HORHROIOIOICIRHIOCOICHHHIHCIIO/HORHROIOIOICIRHIOCOICHHHIHCIIO/HHRROIIHRRICIIHIIHICRHHRHOHHOO/HORHROIOIOICIRHIOCOICHHHIHCIIO_$2
com/moonsworth/lunar/client/CCROIHHHCOCHHOHORCIRHOCRROIOCI/RCIOICOHRIOIIRRRROCRHCIICRROHO/HOIHIOIROHORRROCIHRHROHIHIHOCO/HROHOIOCHIRIHICOORIHOHCIOIRIIH/OHROCHICOIOICHOCRROORRCIIICIHO/HORHROIOIOICIRHIOCOICHHHIHCIIO/HORHROIOIOICIRHIOCOICHHHIHCIIO/HORHROIOIOICIRHIOCOICHHHIHCIIO	com/moonsworth/lunar/client/CCROIHHHCOCHHOHORCIRHOCRROIOCI/RCIOICOHRIOIIRRRROCRHCIICRROHO/HOIHIOIROHORRROCIHRHROHIHIHOCO/HROHOIOCHIRIHICOORIHOHCIOIRIIH/OHROCHICOIOICHOCRROORRCIIICIHO/HORHROIOIOICIRHIOCOICHHHIHCIIO/HORHROIOIOICIRHIOCOICHHHIHCIIO/HORHROIOIOICIRHIOCOICHHHIHCIIO_
com/moonsworth/lunar/client/CCROIHHHCOCHHOHORCIRHOCRROIOCI/RCIOICOHRIOIIRRRROCRHCIICRROHO/HOIHIOIROHORRROCIHRHROHIHIHOCO/HROHOIOCHIRIHICOORIHOHCIOIRIIH/OHROCHICOIOICHOCRROORRCIIICIHO/HORHROIOIOICIRHIOCOICHHHIHCIIO/HORHROIOIOICIRHIOCOICHHHIHCIIO/HORHROIOIOICIRHIOCOICHHHIHCIIO$HORHROIOIOICIRHIOCOICHHHIHCIIO	com/moonsworth/lunar/client/CCROIHHHCOCHHOHORCIRHOCRROIOCI/RCIOICOHRIOIIRRRROCRHCIICRROHO/HOIHIOIROHORRROCIHRHROHIHIHOCO/HROHOIOCHIRIHICOORIHOHCIOIRIIH/OHROCHICOIOICHOCRROORRCIIICIHO/HORHROIOIOICIRHIOCOICHHHIHCIIO/HORHROIOIOICIRHIOCOICHHHIHCIIO/HORHROIOIOICIRHIOCOICHHHIHCIIO_$HORHROIOIOICIRHIOCOICHHHIHCIIO
com/moonsworth/lunar/client/CCROIHHHCOCHHOHORCIRHOCRROIOCI/RCIOICOHRIOIIRRRROCRHCIICRROHO/HOIHIOIROHORRROCIHRHROHIHIHOCO/HROHOIOCHIRIHICOORIHOHCIOIRIIH/OHROCHICOIOICHOCRROORRCIIICIHO/HORHROIOIOICIRHIOCOICHHHIHCIIO/HORHROIOIOICIRHIOCOICHHHIHCIIO/HORHROIOIOICIRHIOCOICHHHIHCIIO$HHRROIIHRRICIIHIIHICRHHRHOHHOO	com/moonsworth/lunar/client/CCROIHHHCOCHHOHORCIRHOCRROIOCI/RCIOICOHRIOIIRRRROCRHCIICRROHO/HOIHIOIROHORRROCIHRHROHIHIHOCO/HROHOIOCHIRIHICOORIHOHCIOIRIIH/OHROCHICOIOICHOCRROORRCIIICIHO/HORHROIOIOICIRHIOCOICHHHIHCIIO/HORHROIOIOICIRHIOCOICHHHIHCIIO/HORHROIOIOICIRHIOCOICHHHIHCIIO_$HHRROIIHRRICIIHIIHICRHHRHOHHOO
com/moonsworth/lunar/client/CCROIHHHCOCHHOHORCIRHOCRROIOCI/RCIOICOHRIOIIRRRROCRHCIICRROHO/HOIHIOIROHORRROCIHRHROHIHIHOCO/HROHOIOCHIRIHICOORIHOHCIOIRIIH/OHROCHICOIOICHOCRROORRCIIICIHO/HORHROIOIOICIRHIOCOICHHHIHCIIO/HORHROIOIOICIRHIOCOICHHHIHCIIO/HORHROIOIOICIRHIOCOICHHHIHCIIO/HHRROIIHRRICIIHIIHICRHHRHOHHOO	com/moonsworth/lunar/client/CCROIHHHCOCHHOHORCIRHOCRROIOCI/RCIOICOHRIOIIRRRROCRHCIICRROHO/HOIHIOIROHORRROCIHRHROHIHIHOCO/HROHOIOCHIRIHICOORIHOHCIOIRIIH/OHROCHICOIOICHOCRROORRCIIICIHO/HORHROIOIOICIRHIOCOICHHHIHCIIO/HORHROIOIOICIRHIOCOICHHHIHCIIO/HORHROIOIOICIRHIOCOICHHHIHCIIO/HHRROIIHRRICIIHIIHICRHHRHOHHOO_
com/moonsworth/lunar/client/CCROIHHHCOCHHOHORCIRHOCRROIOCI/RCIOICOHRIOIIRRRROCRHCIICRROHO/HOIHIOIROHORRROCIHRHROHIHIHOCO/HROHOIOCHIRIHICOORIHOHCIOIRIIH/OHROCHICOIOICHOCRROORRCIIICIHO/HORHROIOIOICIRHIOCOICHHHIHCIIO/HORHROIOIOICIRHIOCOICHHHIHCIIO/HORHROIOIOICIRHIOCOICHHHIHCIIO/HORHROIOIOICIRHIOCOICHHHIHCIIO	com/moonsworth/lunar/client/CCROIHHHCOCHHOHORCIRHOCRROIOCI/RCIOICOHRIOIIRRRROCRHCIICRROHO/HOIHIOIROHORRROCIHRHROHIHIHOCO/HROHOIOCHIRIHICOORIHOHCIOIRIIH/OHROCHICOIOICHOCRROORRCIIICIHO/HORHROIOIOICIRHIOCOICHHHIHCIIO/HORHROIOIOICIRHIOCOICHHHIHCIIO/HORHROIOIOICIRHIOCOICHHHIHCIIO/HORHROIOIOICIRHIOCOICHHHIHCIIO_
com/moonsworth/lunar/client/CCROIHHHCOCHHOHORCIRHOCRROIOCI/RCIOICOHRIOIIRRRROCRHCIICRROHO/HOIHIOIROHORRROCIHRHROHIHIHOCO/HROHOIOCHIRIHICOORIHOHCIOIRIIH/OHROCHICOIOICHOCRROORRCIIICIHO/HORHROIOIOICIRHIOCOICHHHIHCIIO/HORHROIOIOICIRHIOCOICHHHIHCIIO/HORHROIOIOICIRHIOCOICHHHIHCIIO/HORHROIOIOICIRHIOCOICHHHIHCIIO/HORHROIOIOICIRHIOCOICHHHIHCIIO	com/moonsworth/lunar/client/CCROIHHHCOCHHOHORCIRHOCRROIOCI/RCIOICOHRIOIIRRRROCRHCIICRROHO/HOIHIOIROHORRROCIHRHROHIHIHOCO/HROHOIOCHIRIHICOORIHOHCIOIRIIH/OHROCHICOIOICHOCRROORRCIIICIHO/HORHROIOIOICIRHIOCOICHHHIHCIIO/HORHROIOIOICIRHIOCOICHHHIHCIIO/HORHROIOIOICIRHIOCOICHHHIHCIIO/HORHROIOIOICIRHIOCOICHHHIHCIIO/HORHROIOIOICIRHIOCOICHHHIHCIIO_
com/moonsworth/lunar/client/CCROIHHHCOCHHOHORCIRHOCRROIOCI/RCIOICOHRIOIIRRRROCRHCIICRROHO/HOIHIOIROHORRROCIHRHROHIHIHOCO/HROHOIOCHIRIHICOORIHOHCIOIRIIH/OHROCHICOIOICHOCRROORRCIIICIHO/HORHROIOIOICIRHIOCOICHHHIHCIIO/HORHROIOIOICIRHIOCOICHHHIHCIIO/HORHROIOIOICIRHIOCOICHHHIHCIIO/HRICOROOOCCOCOROCRHHCRRIRCOICO	com/moonsworth/lunar/client/CCROIHHHCOCHHOHORCIRHOCRROIOCI/RCIOICOHRIOIIRRRROCRHCIICRROHO/HOIHIOIROHORRROCIHRHROHIHIHOCO/HROHOIOCHIRIHICOORIHOHCIOIRIIH/OHROCHICOIOICHOCRROORRCIIICIHO/HORHROIOIOICIRHIOCOICHHHIHCIIO/HORHROIOIOICIRHIOCOICHHHIHCIIO/HORHROIOIOICIRHIOCOICHHHIHCIIO/HRICOROOOCCOCOROCRHHCRRIRCOICO_
com/moonsworth/lunar/client/CCROIHHHCOCHHOHORCIRHOCRROIOCI/RCIOICOHRIOIIRRRROCRHCIICRROHO/HOIHIOIROHORRROCIHRHROHIHIHOCO/HROHOIOCHIRIHICOORIHOHCIOIRIIH/OHROCHICOIOICHOCRROORRCIIICIHO/HORHROIOIOICIRHIOCOICHHHIHCIIO/HORHROIOIOICIRHIOCOICHHHIHCIIO/HORHROIOIOICIRHIOCOICHHHIHCIIO/ICRHORIIHOHROHOHOCOOHOOCOORRHO	com/moonsworth/lunar/client/CCROIHHHCOCHHOHORCIRHOCRROIOCI/RCIOICOHRIOIIRRRROCRHCIICRROHO/HOIHIOIROHORRROCIHRHROHIHIHOCO/HROHOIOCHIRIHICOORIHOHCIOIRIIH/OHROCHICOIOICHOCRROORRCIIICIHO/HORHROIOIOICIRHIOCOICHHHIHCIIO/HORHROIOIOICIRHIOCOICHHHIHCIIO/HORHROIOIOICIRHIOCOICHHHIHCIIO/ICRHORIIHOHROHOHOCOOHOOCOORRHO_
com/moonsworth/lunar/client/CCROIHHHCOCHHOHORCIRHOCRROIOCI/RCIOICOHRIOIIRRRROCRHCIICRROHO/HOIHIOIROHORRROCIHRHROHIHIHOCO/HROHOIOCHIRIHICOORIHOHCIOIRIIH/OHROCHICOIOICHOCRROORRCIIICIHO/HORHROIOIOICIRHIOCOICHHHIHCIIO/HORHROIOIOICIRHIOCOICHHHIHCIIO/HORHROIOIOICIRHIOCOICHHHIHCIIO/ICRHORIIHOHROHOHOCOOHOOCOORRHO$HORHROIOIOICIRHIOCOICHHHIHCIIO	com/moonsworth/lunar/client/CCROIHHHCOCHHOHORCIRHOCRROIOCI/RCIOICOHRIOIIRRRROCRHCIICRROHO/HOIHIOIROHORRROCIHRHROHIHIHOCO/HROHOIOCHIRIHICOORIHOHCIOIRIIH/OHROCHICOIOICHOCRROORRCIIICIHO/HORHROIOIOICIRHIOCOICHHHIHCIIO/HORHROIOIOICIRHIOCOICHHHIHCIIO/HORHROIOIOICIRHIOCOICHHHIHCIIO/ICRHORIIHOHROHOHOCOOHOOCOORRHO_$HORHROIOIOICIRHIOCOICHHHIHCIIO
com/moonsworth/lunar/client/CCROIHHHCOCHHOHORCIRHOCRROIOCI/RCIOICOHRIOIIRRRROCRHCIICRROHO/HOIHIOIROHORRROCIHRHROHIHIHOCO/HROHOIOCHIRIHICOORIHOHCIOIRIIH/OHROCHICOIOICHOCRROORRCIIICIHO/HORHROIOIOICIRHIOCOICHHHIHCIIO/HORHROIOIOICIRHIOCOICHHHIHCIIO/HRICOROOOCCOCOROCRHHCRRIRCOICO	com/moonsworth/lunar/client/CCROIHHHCOCHHOHORCIRHOCRROIOCI/RCIOICOHRIOIIRRRROCRHCIICRROHO/HOIHIOIROHORRROCIHRHROHIHIHOCO/HROHOIOCHIRIHICOORIHOHCIOIRIIH/OHROCHICOIOICHOCRROORRCIIICIHO/HORHROIOIOICIRHIOCOICHHHIHCIIO/HORHROIOIOICIRHIOCOICHHHIHCIIO/HRICOROOOCCOCOROCRHHCRRIRCOICO_
com/moonsworth/lunar/client/CCROIHHHCOCHHOHORCIRHOCRROIOCI/RCIOICOHRIOIIRRRROCRHCIICRROHO/HOIHIOIROHORRROCIHRHROHIHIHOCO/HROHOIOCHIRIHICOORIHOHCIOIRIIH/OHROCHICOIOICHOCRROORRCIIICIHO/HORHROIOIOICIRHIOCOICHHHIHCIIO/HORHROIOIOICIRHIOCOICHHHIHCIIO/HRICOROOOCCOCOROCRHHCRRIRCOICO/HHRROIIHRRICIIHIIHICRHHRHOHHOO	com/moonsworth/lunar/client/CCROIHHHCOCHHOHORCIRHOCRROIOCI/RCIOICOHRIOIIRRRROCRHCIICRROHO/HOIHIOIROHORRROCIHRHROHIHIHOCO/HROHOIOCHIRIHICOORIHOHCIOIRIIH/OHROCHICOIOICHOCRROORRCIIICIHO/HORHROIOIOICIRHIOCOICHHHIHCIIO/HORHROIOIOICIRHIOCOICHHHIHCIIO/HRICOROOOCCOCOROCRHHCRRIRCOICO/HHRROIIHRRICIIHIIHICRHHRHOHHOO_
com/moonsworth/lunar/client/CCROIHHHCOCHHOHORCIRHOCRROIOCI/RCIOICOHRIOIIRRRROCRHCIICRROHO/HOIHIOIROHORRROCIHRHROHIHIHOCO/HROHOIOCHIRIHICOORIHOHCIOIRIIH/OHROCHICOIOICHOCRROORRCIIICIHO/HORHROIOIOICIRHIOCOICHHHIHCIIO/HORHROIOIOICIRHIOCOICHHHIHCIIO/HRICOROOOCCOCOROCRHHCRRIRCOICO/HHRROIIHRRICIIHIIHICRHHRHOHHOO$1	com/moonsworth/lunar/client/CCROIHHHCOCHHOHORCIRHOCRROIOCI/RCIOICOHRIOIIRRRROCRHCIICRROHO/HOIHIOIROHORRROCIHRHROHIHIHOCO/HROHOIOCHIRIHICOORIHOHCIOIRIIH/OHROCHICOIOICHOCRROORRCIIICIHO/HORHROIOIOICIRHIOCOICHHHIHCIIO/HORHROIOIOICIRHIOCOICHHHIHCIIO/HRICOROOOCCOCOROCRHHCRRIRCOICO/HHRROIIHRRICIIHIIHICRHHRHOHHOO_$1
com/moonsworth/lunar/client/CCROIHHHCOCHHOHORCIRHOCRROIOCI/RCIOICOHRIOIIRRRROCRHCIICRROHO/HOIHIOIROHORRROCIHRHROHIHIHOCO/HROHOIOCHIRIHICOORIHOHCIOIRIIH/OHROCHICOIOICHOCRROORRCIIICIHO/HORHROIOIOICIRHIOCOICHHHIHCIIO/HORHROIOIOICIRHIOCOICHHHIHCIIO/HRICOROOOCCOCOROCRHHCRRIRCOICO/HORHROIOIOICIRHIOCOICHHHIHCIIO	com/moonsworth/lunar/client/CCROIHHHCOCHHOHORCIRHOCRROIOCI/RCIOICOHRIOIIRRRROCRHCIICRROHO/HOIHIOIROHORRROCIHRHROHIHIHOCO/HROHOIOCHIRIHICOORIHOHCIOIRIIH/OHROCHICOIOICHOCRROORRCIIICIHO/HORHROIOIOICIRHIOCOICHHHIHCIIO/HORHROIOIOICIRHIOCOICHHHIHCIIO/HRICOROOOCCOCOROCRHHCRRIRCOICO/HORHROIOIOICIRHIOCOICHHHIHCIIO_
com/moonsworth/lunar/client/CCROIHHHCOCHHOHORCIRHOCRROIOCI/RCIOICOHRIOIIRRRROCRHCIICRROHO/HOIHIOIROHORRROCIHRHROHIHIHOCO/HROHOIOCHIRIHICOORIHOHCIOIRIIH/OHROCHICOIOICHOCRROORRCIIICIHO/HORHROIOIOICIRHIOCOICHHHIHCIIO/HORHROIOIOICIRHIOCOICHHHIHCIIO/HRICOROOOCCOCOROCRHHCRRIRCOICO/HRICOROOOCCOCOROCRHHCRRIRCOICO	com/moonsworth/lunar/client/CCROIHHHCOCHHOHORCIRHOCRROIOCI/RCIOICOHRIOIIRRRROCRHCIICRROHO/HOIHIOIROHORRROCIHRHROHIHIHOCO/HROHOIOCHIRIHICOORIHOHCIOIRIIH/OHROCHICOIOICHOCRROORRCIIICIHO/HORHROIOIOICIRHIOCOICHHHIHCIIO/HORHROIOIOICIRHIOCOICHHHIHCIIO/HRICOROOOCCOCOROCRHHCRRIRCOICO/HRICOROOOCCOCOROCRHHCRRIRCOICO_
com/moonsworth/lunar/client/CCROIHHHCOCHHOHORCIRHOCRROIOCI/RCIOICOHRIOIIRRRROCRHCIICRROHO/HOIHIOIROHORRROCIHRHROHIHIHOCO/HROHOIOCHIRIHICOORIHOHCIOIRIIH/OHROCHICOIOICHOCRROORRCIIICIHO/HORHROIOIOICIRHIOCOICHHHIHCIIO/HORHROIOIOICIRHIOCOICHHHIHCIIO/HRICOROOOCCOCOROCRHHCRRIRCOICO/ICRHORIIHOHROHOHOCOOHOOCOORRHO	com/moonsworth/lunar/client/CCROIHHHCOCHHOHORCIRHOCRROIOCI/RCIOICOHRIOIIRRRROCRHCIICRROHO/HOIHIOIROHORRROCIHRHROHIHIHOCO/HROHOIOCHIRIHICOORIHOHCIOIRIIH/OHROCHICOIOICHOCRROORRCIIICIHO/HORHROIOIOICIRHIOCOICHHHIHCIIO/HORHROIOIOICIRHIOCOICHHHIHCIIO/HRICOROOOCCOCOROCRHHCRRIRCOICO/ICRHORIIHOHROHOHOCOOHOOCOORRHO_
com/moonsworth/lunar/client/CCROIHHHCOCHHOHORCIRHOCRROIOCI/RCIOICOHRIOIIRRRROCRHCIICRROHO/HOIHIOIROHORRROCIHRHROHIHIHOCO/HROHOIOCHIRIHICOORIHOHCIOIRIIH/OHROCHICOIOICHOCRROORRCIIICIHO/HORHROIOIOICIRHIOCOICHHHIHCIIO/HRICOROOOCCOCOROCRHHCRRIRCOICO	com/moonsworth/lunar/client/CCROIHHHCOCHHOHORCIRHOCRROIOCI/RCIOICOHRIOIIRRRROCRHCIICRROHO/HOIHIOIROHORRROCIHRHROHIHIHOCO/HROHOIOCHIRIHICOORIHOHCIOIRIIH/OHROCHICOIOICHOCRROORRCIIICIHO/HORHROIOIOICIRHIOCOICHHHIHCIIO/HRICOROOOCCOCOROCRHHCRRIRCOICO_
com/moonsworth/lunar/client/CCROIHHHCOCHHOHORCIRHOCRROIOCI/RCIOICOHRIOIIRRRROCRHCIICRROHO/HOIHIOIROHORRROCIHRHROHIHIHOCO/HROHOIOCHIRIHICOORIHOHCIOIRIIH/OHROCHICOIOICHOCRROORRCIIICIHO/HORHROIOIOICIRHIOCOICHHHIHCIIO/HRICOROOOCCOCOROCRHHCRRIRCOICO$1	com/moonsworth/lunar/client/CCROIHHHCOCHHOHORCIRHOCRROIOCI/RCIOICOHRIOIIRRRROCRHCIICRROHO/HOIHIOIROHORRROCIHRHROHIHIHOCO/HROHOIOCHIRIHICOORIHOHCIOIRIIH/OHROCHICOIOICHOCRROORRCIIICIHO/HORHROIOIOICIRHIOCOICHHHIHCIIO/HRICOROOOCCOCOROCRHHCRRIRCOICO_$1
com/moonsworth/lunar/client/CCROIHHHCOCHHOHORCIRHOCRROIOCI/RCIOICOHRIOIIRRRROCRHCIICRROHO/HOIHIOIROHORRROCIHRHROHIHIHOCO/HROHOIOCHIRIHICOORIHOHCIOIRIIH/ORCHOHHCOHCORRICRIHCHHRORHHCHH/HORHROIOIOICIRHIOCOICHHHIHCIIO	com/moonsworth/lunar/client/CCROIHHHCOCHHOHORCIRHOCRROIOCI/RCIOICOHRIOIIRRRROCRHCIICRROHO/HOIHIOIROHORRROCIHRHROHIHIHOCO/HROHOIOCHIRIHICOORIHOHCIOIRIIH/ORCHOHHCOHCORRICRIHCHHRORHHCHH/HORHROIOIOICIRHIOCOICHHHIHCIIO_
com/moonsworth/lunar/client/CCROIHHHCOCHHOHORCIRHOCRROIOCI/RCIOICOHRIOIIRRRROCRHCIICRROHO/HOIHIOIROHORRROCIHRHROHIHIHOCO/HROHOIOCHIRIHICOORIHOHCIOIRIIH/ORICHRORRORHORHOIHCRHOORCRRHOI/HHRROIIHRRICIIHIIHICRHHRHOHHOO	com/moonsworth/lunar/client/CCROIHHHCOCHHOHORCIRHOCRROIOCI/RCIOICOHRIOIIRRRROCRHCIICRROHO/HOIHIOIROHORRROCIHRHROHIHIHOCO/HROHOIOCHIRIHICOORIHOHCIOIRIIH/ORICHRORRORHORHOIHCRHOORCRRHOI/HHRROIIHRRICIIHIIHICRHHRHOHHOO_
com/moonsworth/lunar/client/CCROIHHHCOCHHOHORCIRHOCRROIOCI/RCIOICOHRIOIIRRRROCRHCIICRROHO/HOIHIOIROHORRROCIHRHROHIHIHOCO/HROHOIOCHIRIHICOORIHOHCIOIRIIH/ORICHRORRORHORHOIHCRHOORCRRHOI/HORHROIOIOICIRHIOCOICHHHIHCIIO	com/moonsworth/lunar/client/CCROIHHHCOCHHOHORCIRHOCRROIOCI/RCIOICOHRIOIIRRRROCRHCIICRROHO/HOIHIOIROHORRROCIHRHROHIHIHOCO/HROHOIOCHIRIHICOORIHOHCIOIRIIH/ORICHRORRORHORHOIHCRHOORCRRHOI/HORHROIOIOICIRHIOCOICHHHIHCIIO_
com/moonsworth/lunar/client/CCROIHHHCOCHHOHORCIRHOCRROIOCI/RCIOICOHRIOIIRRRROCRHCIICRROHO/HOIHIOIROHORRROCIHRHROHIHIHOCO/HROHOIOCHIRIHICOORIHOHCIOIRIIH/ORICHRORRORHORHOIHCRHOORCRRHOI/HORHROIOIOICIRHIOCOICHHHIHCIIO$HHRROIIHRRICIIHIIHICRHHRHOHHOO	com/moonsworth/lunar/client/CCROIHHHCOCHHOHORCIRHOCRROIOCI/RCIOICOHRIOIIRRRROCRHCIICRROHO/HOIHIOIROHORRROCIHRHROHIHIHOCO/HROHOIOCHIRIHICOORIHOHCIOIRIIH/ORICHRORRORHORHOIHCRHOORCRRHOI/HORHROIOIOICIRHIOCOICHHHIHCIIO_$HHRROIIHRRICIIHIIHICRHHRHOHHOO
com/moonsworth/lunar/client/CCROIHHHCOCHHOHORCIRHOCRROIOCI/RCIOICOHRIOIIRRRROCRHCIICRROHO/HOIHIOIROHORRROCIHRHROHIHIHOCO/HROHOIOCHIRIHICOORIHOHCIOIRIIH/ORICHRORRORHORHOIHCRHOORCRRHOI/HORHROIOIOICIRHIOCOICHHHIHCIIO$HORHROIOIOICIRHIOCOICHHHIHCIIO	com/moonsworth/lunar/client/CCROIHHHCOCHHOHORCIRHOCRROIOCI/RCIOICOHRIOIIRRRROCRHCIICRROHO/HOIHIOIROHORRROCIHRHROHIHIHOCO/HROHOIOCHIRIHICOORIHOHCIOIRIIH/ORICHRORRORHORHOIHCRHOORCRRHOI/HORHROIOIOICIRHIOCOICHHHIHCIIO_$HORHROIOIOICIRHIOCOICHHHIHCIIO
com/moonsworth/lunar/client/CCROIHHHCOCHHOHORCIRHOCRROIOCI/RCIOICOHRIOIIRRRROCRHCIICRROHO/HOIHIOIROHORRROCIHRHROHIHIHOCO/HROHOIOCHIRIHICOORIHOHCIOIRIIH/ORICHRORRORHORHOIHCRHOORCRRHOI/HORHROIOIOICIRHIOCOICHHHIHCIIO$1	com/moonsworth/lunar/client/CCROIHHHCOCHHOHORCIRHOCRROIOCI/RCIOICOHRIOIIRRRROCRHCIICRROHO/HOIHIOIROHORRROCIHRHROHIHIHOCO/HROHOIOCHIRIHICOORIHOHCIOIRIIH/ORICHRORRORHORHOIHCRHOORCRRHOI/HORHROIOIOICIRHIOCOICHHHIHCIIO_$1
com/moonsworth/lunar/client/CCROIHHHCOCHHOHORCIRHOCRROIOCI/RCIOICOHRIOIIRRRROCRHCIICRROHO/HOIHIOIROHORRROCIHRHROHIHIHOCO/HROHOIOCHIRIHICOORIHOHCIOIRIIH/ORICHRORRORHORHOIHCRHOORCRRHOI/HORHROIOIOICIRHIOCOICHHHIHCIIO/HORHROIOIOICIRHIOCOICHHHIHCIIO	com/moonsworth/lunar/client/CCROIHHHCOCHHOHORCIRHOCRROIOCI/RCIOICOHRIOIIRRRROCRHCIICRROHO/HOIHIOIROHORRROCIHRHROHIHIHOCO/HROHOIOCHIRIHICOORIHOHCIOIRIIH/ORICHRORRORHORHOIHCRHOORCRRHOI/HORHROIOIOICIRHIOCOICHHHIHCIIO/HORHROIOIOICIRHIOCOICHHHIHCIIO_
com/moonsworth/lunar/client/CCROIHHHCOCHHOHORCIRHOCRROIOCI/RCIOICOHRIOIIRRRROCRHCIICRROHO/HOIHIOIROHORRROCIHRHROHIHIHOCO/HROHOIOCHIRIHICOORIHOHCIOIRIIH/ORICHRORRORHORHOIHCRHOORCRRHOI/HRICOROOOCCOCOROCRHHCRRIRCOICO	com/moonsworth/lunar/client/CCROIHHHCOCHHOHORCIRHOCRROIOCI/RCIOICOHRIOIIRRRROCRHCIICRROHO/HOIHIOIROHORRROCIHRHROHIHIHOCO/HROHOIOCHIRIHICOORIHOHCIOIRIIH/ORICHRORRORHORHOIHCRHOORCRRHOI/HRICOROOOCCOCOROCRHHCRRIRCOICO_
com/moonsworth/lunar/client/CCROIHHHCOCHHOHORCIRHOCRROIOCI/RCIOICOHRIOIIRRRROCRHCIICRROHO/HOIHIOIROHORRROCIHRHROHIHIHOCO/HROHOIOCHIRIHICOORIHOHCIOIRIIH/RHIRRICCRHHHIIHHIHHOHRCHIOORCC/HORHROIOIOICIRHIOCOICHHHIHCIIO	com/moonsworth/lunar/client/CCROIHHHCOCHHOHORCIRHOCRROIOCI/RCIOICOHRIOIIRRRROCRHCIICRROHO/HOIHIOIROHORRROCIHRHROHIHIHOCO/HROHOIOCHIRIHICOORIHOHCIOIRIIH/RHIRRICCRHHHIIHHIHHOHRCHIOORCC/HORHROIOIOICIRHIOCOICHHHIHCIIO_
com/moonsworth/lunar/client/CCROIHHHCOCHHOHORCIRHOCRROIOCI/RCIOICOHRIOIIRRRROCRHCIICRROHO/HOIHIOIROHORRROCIHRHROHIHIHOCO/HROHOIOCHIRIHICOORIHOHCIOIRIIH/RHIRRICCRHHHIIHHIHHOHRCHIOORCC/HORHROIOIOICIRHIOCOICHHHIHCIIO$HORHROIOIOICIRHIOCOICHHHIHCIIO	com/moonsworth/lunar/client/CCROIHHHCOCHHOHORCIRHOCRROIOCI/RCIOICOHRIOIIRRRROCRHCIICRROHO/HOIHIOIROHORRROCIHRHROHIHIHOCO/HROHOIOCHIRIHICOORIHOHCIOIRIIH/RHIRRICCRHHHIIHHIHHOHRCHIOORCC/HORHROIOIOICIRHIOCOICHHHIHCIIO_$HORHROIOIOICIRHIOCOICHHHIHCIIO
com/moonsworth/lunar/client/CCROIHHHCOCHHOHORCIRHOCRROIOCI/RCIOICOHRIOIIRRRROCRHCIICRROHO/HOIHIOIROHORRROCIHRHROHIHIHOCO/ICRHORIIHOHROHOHOCOOHOOCOORRHO/HHRROIIHRRICIIHIIHICRHHRHOHHOO	com/moonsworth/lunar/client/CCROIHHHCOCHHOHORCIRHOCRROIOCI/RCIOICOHRIOIIRRRROCRHCIICRROHO/HOIHIOIROHORRROCIHRHROHIHIHOCO/ICRHORIIHOHROHOHOCOOHOOCOORRHO/HHRROIIHRRICIIHIIHICRHHRHOHHOO_
com/moonsworth/lunar/client/CCROIHHHCOCHHOHORCIRHOCRROIOCI/RCIOICOHRIOIIRRRROCRHCIICRROHO/HOIHIOIROHORRROCIHRHROHIHIHOCO/ICRHORIIHOHROHOHOCOOHOOCOORRHO/HHRROIIHRRICIIHIIHICRHHRHOHHOO$1	com/moonsworth/lunar/client/CCROIHHHCOCHHOHORCIRHOCRROIOCI/RCIOICOHRIOIIRRRROCRHCIICRROHO/HOIHIOIROHORRROCIHRHROHIHIHOCO/ICRHORIIHOHROHOHOCOOHOOCOORRHO/HHRROIIHRRICIIHIIHICRHHRHOHHOO_$1
com/moonsworth/lunar/client/CCROIHHHCOCHHOHORCIRHOCRROIOCI/RCIOICOHRIOIIRRRROCRHCIICRROHO/HOIHIOIROHORRROCIHRHROHIHIHOCO/ICRHORIIHOHROHOHOCOOHOOCOORRHO/HORHROIOIOICIRHIOCOICHHHIHCIIO	com/moonsworth/lunar/client/CCROIHHHCOCHHOHORCIRHOCRROIOCI/RCIOICOHRIOIIRRRROCRHCIICRROHO/HOIHIOIROHORRROCIHRHROHIHIHOCO/ICRHORIIHOHROHOHOCOOHOOCOORRHO/HORHROIOIOICIRHIOCOICHHHIHCIIO_
com/moonsworth/lunar/client/CCROIHHHCOCHHOHORCIRHOCRROIOCI/RCIOICOHRIOIIRRRROCRHCIICRROHO/HOIHIOIROHORRROCIHRHROHIHIHOCO/ICRHORIIHOHROHOHOCOOHOOCOORRHO/HRICOROOOCCOCOROCRHHCRRIRCOICO	com/moonsworth/lunar/client/CCROIHHHCOCHHOHORCIRHOCRROIOCI/RCIOICOHRIOIIRRRROCRHCIICRROHO/HOIHIOIROHORRROCIHRHROHIHIHOCO/ICRHORIIHOHROHOHOCOOHOOCOORRHO/HRICOROOOCCOCOROCRHHCRRIRCOICO_
com/moonsworth/lunar/client/CCROIHHHCOCHHOHORCIRHOCRROIOCI/RCIOICOHRIOIIRRRROCRHCIICRROHO/HOIHIOIROHORRROCIHRHROHIHIHOCO/OHROCHICOIOICHOCRROORRCIIICIHO/HHRROIIHRRICIIHIIHICRHHRHOHHOO	com/moonsworth/lunar/client/CCROIHHHCOCHHOHORCIRHOCRROIOCI/RCIOICOHRIOIIRRRROCRHCIICRROHO/HOIHIOIROHORRROCIHRHROHIHIHOCO/OHROCHICOIOICHOCRROORRCIIICIHO/HHRROIIHRRICIIHIIHICRHHRHOHHOO_
com/moonsworth/lunar/client/CCROIHHHCOCHHOHORCIRHOCRROIOCI/RCIOICOHRIOIIRRRROCRHCIICRROHO/HOIHIOIROHORRROCIHRHROHIHIHOCO/OHROCHICOIOICHOCRROORRCIIICIHO/HORHROIOIOICIRHIOCOICHHHIHCIIO	com/moonsworth/lunar/client/CCROIHHHCOCHHOHORCIRHOCRROIOCI/RCIOICOHRIOIIRRRROCRHCIICRROHO/HOIHIOIROHORRROCIHRHROHIHIHOCO/OHROCHICOIOICHOCRROORRCIIICIHO/HORHROIOIOICIRHIOCOICHHHIHCIIO_
com/moonsworth/lunar/client/CCROIHHHCOCHHOHORCIRHOCRROIOCI/RCIOICOHRIOIIRRRROCRHCIICRROHO/HOIHIOIROHORRROCIHRHROHIHIHOCO/OHROCHICOIOICHOCRROORRCIIICIHO/HRICOROOOCCOCOROCRHHCRRIRCOICO	com/moonsworth/lunar/client/CCROIHHHCOCHHOHORCIRHOCRROIOCI/RCIOICOHRIOIIRRRROCRHCIICRROHO/HOIHIOIROHORRROCIHRHROHIHIHOCO/OHROCHICOIOICHOCRROORRCIIICIHO/HRICOROOOCCOCOROCRHHCRRIRCOICO_
com/moonsworth/lunar/client/CCROIHHHCOCHHOHORCIRHOCRROIOCI/RCIOICOHRIOIIRRRROCRHCIICRROHO/HOIHIOIROHORRROCIHRHROHIHIHOCO/OHROCHICOIOICHOCRROORRCIIICIHO/HROHOIOCHIRIHICOORIHOHCIOIRIIH/HORHROIOIOICIRHIOCOICHHHIHCIIO	com/moonsworth/lunar/client/CCROIHHHCOCHHOHORCIRHOCRROIOCI/RCIOICOHRIOIIRRRROCRHCIICRROHO/HOIHIOIROHORRROCIHRHROHIHIHOCO/OHROCHICOIOICHOCRROORRCIIICIHO/HROHOIOCHIRIHICOORIHOHCIOIRIIH/HORHROIOIOICIRHIOCOICHHHIHCIIO_
com/moonsworth/lunar/client/CCROIHHHCOCHHOHORCIRHOCRROIOCI/RCIOICOHRIOIIRRRROCRHCIICRROHO/HOIHIOIROHORRROCIHRHROHIHIHOCO/OHROCHICOIOICHOCRROORRCIIICIHO/ORCHOHHCOHCORRICRIHCHHRORHHCHH/HORHROIOIOICIRHIOCOICHHHIHCIIO	com/moonsworth/lunar/client/CCROIHHHCOCHHOHORCIRHOCRROIOCI/RCIOICOHRIOIIRRRROCRHCIICRROHO/HOIHIOIROHORRROCIHRHROHIHIHOCO/OHROCHICOIOICHOCRROORRCIIICIHO/ORCHOHHCOHCORRICRIHCHHRORHHCHH/HORHROIOIOICIRHIOCOICHHHIHCIIO_
com/moonsworth/lunar/client/CCROIHHHCOCHHOHORCIRHOCRROIOCI/RCIOICOHRIOIIRRRROCRHCIICRROHO/HOIHIOIROHORRROCIHRHROHIHIHOCO/RCIOICOHRIOIIRRRROCRHCIICRROHO/HHRROIIHRRICIIHIIHICRHHRHOHHOO	com/moonsworth/lunar/client/CCROIHHHCOCHHOHORCIRHOCRROIOCI/RCIOICOHRIOIIRRRROCRHCIICRROHO/HOIHIOIROHORRROCIHRHROHIHIHOCO/RCIOICOHRIOIIRRRROCRHCIICRROHO/HHRROIIHRRICIIHIIHICRHHRHOHHOO_
com/moonsworth/lunar/client/CCROIHHHCOCHHOHORCIRHOCRROIOCI/RCIOICOHRIOIIRRRROCRHCIICRROHO/HOIHIOIROHORRROCIHRHROHIHIHOCO/RCIOICOHRIOIIRRRROCRHCIICRROHO/HHRROIIHRRICIIHIIHICRHHRHOHHOO$HHRROIIHRRICIIHIIHICRHHRHOHHOO	com/moonsworth/lunar/client/CCROIHHHCOCHHOHORCIRHOCRROIOCI/RCIOICOHRIOIIRRRROCRHCIICRROHO/HOIHIOIROHORRROCIHRHROHIHIHOCO/RCIOICOHRIOIIRRRROCRHCIICRROHO/HHRROIIHRRICIIHIIHICRHHRHOHHOO_$HHRROIIHRRICIIHIIHICRHHRHOHHOO
com/moonsworth/lunar/client/CCROIHHHCOCHHOHORCIRHOCRROIOCI/RCIOICOHRIOIIRRRROCRHCIICRROHO/HOIHIOIROHORRROCIHRHROHIHIHOCO/RCIOICOHRIOIIRRRROCRHCIICRROHO/HHRROIIHRRICIIHIIHICRHHRHOHHOO$HRICOROOOCCOCOROCRHHCRRIRCOICO	com/moonsworth/lunar/client/CCROIHHHCOCHHOHORCIRHOCRROIOCI/RCIOICOHRIOIIRRRROCRHCIICRROHO/HOIHIOIROHORRROCIHRHROHIHIHOCO/RCIOICOHRIOIIRRRROCRHCIICRROHO/HHRROIIHRRICIIHIIHICRHHRHOHHOO_$HRICOROOOCCOCOROCRHHCRRIRCOICO
com/moonsworth/lunar/client/CCROIHHHCOCHHOHORCIRHOCRROIOCI/RCIOICOHRIOIIRRRROCRHCIICRROHO/HOIHIOIROHORRROCIHRHROHIHIHOCO/RCIOICOHRIOIIRRRROCRHCIICRROHO/HHRROIIHRRICIIHIIHICRHHRHOHHOO$HORHROIOIOICIRHIOCOICHHHIHCIIO	com/moonsworth/lunar/client/CCROIHHHCOCHHOHORCIRHOCRROIOCI/RCIOICOHRIOIIRRRROCRHCIICRROHO/HOIHIOIROHORRROCIHRHROHIHIHOCO/RCIOICOHRIOIIRRRROCRHCIICRROHO/HHRROIIHRRICIIHIIHICRHHRHOHHOO_$HORHROIOIOICIRHIOCOICHHHIHCIIO
com/moonsworth/lunar/client/CCROIHHHCOCHHOHORCIRHOCRROIOCI/RCIOICOHRIOIIRRRROCRHCIICRROHO/HOIHIOIROHORRROCIHRHROHIHIHOCO/RCIOICOHRIOIIRRRROCRHCIICRROHO/HORHROIOIOICIRHIOCOICHHHIHCIIO	com/moonsworth/lunar/client/CCROIHHHCOCHHOHORCIRHOCRROIOCI/RCIOICOHRIOIIRRRROCRHCIICRROHO/HOIHIOIROHORRROCIHRHROHIHIHOCO/RCIOICOHRIOIIRRRROCRHCIICRROHO/HORHROIOIOICIRHIOCOICHHHIHCIIO_
com/moonsworth/lunar/client/CCROIHHHCOCHHOHORCIRHOCRROIOCI/RCIOICOHRIOIIRRRROCRHCIICRROHO/HOOHOOCICIOHOCCCCRCICOIIOIOIIH/HORHROIOIOICIRHIOCOICHHHIHCIIO	com/moonsworth/lunar/client/CCROIHHHCOCHHOHORCIRHOCRROIOCI/RCIOICOHRIOIIRRRROCRHCIICRROHO/HOOHOOCICIOHOCCCCRCICOIIOIOIIH/HORHROIOIOICIRHIOCOICHHHIHCIIO_
com/moonsworth/lunar/client/CCROIHHHCOCHHOHORCIRHOCRROIOCI/RCIOICOHRIOIIRRRROCRHCIICRROHO/HOOHOOCICIOHOCCCCRCICOIIOIOIIH/HORHROIOIOICIRHIOCOICHHHIHCIIO/HORHROIOIOICIRHIOCOICHHHIHCIIO	com/moonsworth/lunar/client/CCROIHHHCOCHHOHORCIRHOCRROIOCI/RCIOICOHRIOIIRRRROCRHCIICRROHO/HOOHOOCICIOHOCCCCRCICOIIOIOIIH/HORHROIOIOICIRHIOCOICHHHIHCIIO/HORHROIOIOICIRHIOCOICHHHIHCIIO_
com/moonsworth/lunar/client/CCROIHHHCOCHHOHORCIRHOCRROIOCI/RCIOICOHRIOIIRRRROCRHCIICRROHO/HOOHOOCICIOHOCCCCRCICOIIOIOIIH/HORHROIOIOICIRHIOCOICHHHIHCIIO/HORHROIOIOICIRHIOCOICHHHIHCIIO$HORHROIOIOICIRHIOCOICHHHIHCIIO	com/moonsworth/lunar/client/CCROIHHHCOCHHOHORCIRHOCRROIOCI/RCIOICOHRIOIIRRRROCRHCIICRROHO/HOOHOOCICIOHOCCCCRCICOIIOIOIIH/HORHROIOIOICIRHIOCOICHHHIHCIIO/HORHROIOIOICIRHIOCOICHHHIHCIIO_$HORHROIOIOICIRHIOCOICHHHIHCIIO
com/moonsworth/lunar/client/CCROIHHHCOCHHOHORCIRHOCRROIOCI/RCIOICOHRIOIIRRRROCRHCIICRROHO/HOOHOOCICIOHOCCCCRCICOIIOIOIIH/HORHROIOIOICIRHIOCOICHHHIHCIIO/HORHROIOIOICIRHIOCOICHHHIHCIIO$HHRROIIHRRICIIHIIHICRHHRHOHHOO	com/moonsworth/lunar/client/CCROIHHHCOCHHOHORCIRHOCRROIOCI/RCIOICOHRIOIIRRRROCRHCIICRROHO/HOOHOOCICIOHOCCCCRCICOIIOIOIIH/HORHROIOIOICIRHIOCOICHHHIHCIIO/HORHROIOIOICIRHIOCOICHHHIHCIIO_$HHRROIIHRRICIIHIIHICRHHRHOHHOO
com/moonsworth/lunar/client/CCROIHHHCOCHHOHORCIRHOCRROIOCI/RCIOICOHRIOIIRRRROCRHCIICRROHO/HORHIRROCIOIICIOHCOCCOOHIRCCRI/HHRROIIHRRICIIHIIHICRHHRHOHHOO	com/moonsworth/lunar/client/CCROIHHHCOCHHOHORCIRHOCRROIOCI/RCIOICOHRIOIIRRRROCRHCIICRROHO/HORHIRROCIOIICIOHCOCCOOHIRCCRI/HHRROIIHRRICIIHIIHICRHHRHOHHOO_
com/moonsworth/lunar/client/CCROIHHHCOCHHOHORCIRHOCRROIOCI/RCIOICOHRIOIIRRRROCRHCIICRROHO/HORHIRROCIOIICIOHCOCCOOHIRCCRI/HORHROIOIOICIRHIOCOICHHHIHCIIO	com/moonsworth/lunar/client/CCROIHHHCOCHHOHORCIRHOCRROIOCI/RCIOICOHRIOIIRRRROCRHCIICRROHO/HORHIRROCIOIICIOHCOCCOOHIRCCRI/HORHROIOIOICIRHIOCOICHHHIHCIIO_
com/moonsworth/lunar/client/CCROIHHHCOCHHOHORCIRHOCRROIOCI/RCIOICOHRIOIIRRRROCRHCIICRROHO/HORHROIOIOICIRHIOCOICHHHIHCIIO	com/moonsworth/lunar/client/CCROIHHHCOCHHOHORCIRHOCRROIOCI/RCIOICOHRIOIIRRRROCRHCIICRROHO/HORHROIOIOICIRHIOCOICHHHIHCIIO_
com/moonsworth/lunar/client/CCROIHHHCOCHHOHORCIRHOCRROIOCI/RCIOICOHRIOIIRRRROCRHCIICRROHO/HRHCHRICROCCHOHOROROIRIICHCRHH/HHRROIIHRRICIIHIIHICRHHRHOHHOO	com/moonsworth/lunar/client/CCROIHHHCOCHHOHORCIRHOCRROIOCI/RCIOICOHRIOIIRRRROCRHCIICRROHO/HRHCHRICROCCHOHOROROIRIICHCRHH/HHRROIIHRRICIIHIIHICRHHRHOHHOO_
com/moonsworth/lunar/client/CCROIHHHCOCHHOHORCIRHOCRROIOCI/RCIOICOHRIOIIRRRROCRHCIICRROHO/HRHCHRICROCCHOHOROROIRIICHCRHH/HORHROIOIOICIRHIOCOICHHHIHCIIO	com/moonsworth/lunar/client/CCROIHHHCOCHHOHORCIRHOCRROIOCI/RCIOICOHRIOIIRRRROCRHCIICRROHO/HRHCHRICROCCHOHOROROIRIICHCRHH/HORHROIOIOICIRHIOCOICHHHIHCIIO_
com/moonsworth/lunar/client/CCROIHHHCOCHHOHORCIRHOCRROIOCI/RCIOICOHRIOIIRRRROCRHCIICRROHO/HRICOROOOCCOCOROCRHHCRRIRCOICO	com/moonsworth/lunar/client/CCROIHHHCOCHHOHORCIRHOCRROIOCI/RCIOICOHRIOIIRRRROCRHCIICRROHO/HRICOROOOCCOCOROCRHHCRRIRCOICO_
com/moonsworth/lunar/client/CCROIHHHCOCHHOHORCIRHOCRROIOCI/RCIOICOHRIOIIRRRROCRHCIICRROHO/HRICOROOOCCOCOROCRHHCRRIRCOICO/HORHROIOIOICIRHIOCOICHHHIHCIIO	com/moonsworth/lunar/client/CCROIHHHCOCHHOHORCIRHOCRROIOCI/RCIOICOHRIOIIRRRROCRHCIICRROHO/HRICOROOOCCOCOROCRHHCRRIRCOICO/HORHROIOIOICIRHIOCOICHHHIHCIIO_
com/moonsworth/lunar/client/CCROIHHHCOCHHOHORCIRHOCRROIOCI/RCIOICOHRIOIIRRRROCRHCIICRROHO/HROOOICICRCOCIROHIRICCCOCCIORH/HHRROIIHRRICIIHIIHICRHHRHOHHOO	com/moonsworth/lunar/client/CCROIHHHCOCHHOHORCIRHOCRROIOCI/RCIOICOHRIOIIRRRROCRHCIICRROHO/HROOOICICRCOCIROHIRICCCOCCIORH/HHRROIIHRRICIIHIIHICRHHRHOHHOO_
com/moonsworth/lunar/client/CCROIHHHCOCHHOHORCIRHOCRROIOCI/RCIOICOHRIOIIRRRROCRHCIICRROHO/HROOOICICRCOCIROHIRICCCOCCIORH/HHRROIIHRRICIIHIIHICRHHRHOHHOO$1	com/moonsworth/lunar/client/CCROIHHHCOCHHOHORCIRHOCRROIOCI/RCIOICOHRIOIIRRRROCRHCIICRROHO/HROOOICICRCOCIROHIRICCCOCCIORH/HHRROIIHRRICIIHIIHICRHHRHOHHOO_$1
com/moonsworth/lunar/client/CCROIHHHCOCHHOHORCIRHOCRROIOCI/RCIOICOHRIOIIRRRROCRHCIICRROHO/HROOOICICRCOCIROHIRICCCOCCIORH/HHRROIIHRRICIIHIIHICRHHRHOHHOO$HORHROIOIOICIRHIOCOICHHHIHCIIO	com/moonsworth/lunar/client/CCROIHHHCOCHHOHORCIRHOCRROIOCI/RCIOICOHRIOIIRRRROCRHCIICRROHO/HROOOICICRCOCIROHIRICCCOCCIORH/HHRROIIHRRICIIHIIHICRHHRHOHHOO_$HORHROIOIOICIRHIOCOICHHHIHCIIO
com/moonsworth/lunar/client/CCROIHHHCOCHHOHORCIRHOCRROIOCI/RCIOICOHRIOIIRRRROCRHCIICRROHO/HROOOICICRCOCIROHIRICCCOCCIORH/HORHROIOIOICIRHIOCOICHHHIHCIIO	com/moonsworth/lunar/client/CCROIHHHCOCHHOHORCIRHOCRROIOCI/RCIOICOHRIOIIRRRROCRHCIICRROHO/HROOOICICRCOCIROHIRICCCOCCIORH/HORHROIOIOICIRHIOCOICHHHIHCIIO_
com/moonsworth/lunar/client/CCROIHHHCOCHHOHORCIRHOCRROIOCI/RCIOICOHRIOIIRRRROCRHCIICRROHO/HROOOICICRCOCIROHIRICCCOCCIORH/HORHROIOIOICIRHIOCOICHHHIHCIIO$HORHROIOIOICIRHIOCOICHHHIHCIIO	com/moonsworth/lunar/client/CCROIHHHCOCHHOHORCIRHOCRROIOCI/RCIOICOHRIOIIRRRROCRHCIICRROHO/HROOOICICRCOCIROHIRICCCOCCIORH/HORHROIOIOICIRHIOCOICHHHIHCIIO_$HORHROIOIOICIRHIOCOICHHHIHCIIO
com/moonsworth/lunar/client/CCROIHHHCOCHHOHORCIRHOCRROIOCI/RCIOICOHRIOIIRRRROCRHCIICRROHO/HROOOICICRCOCIROHIRICCCOCCIORH/HORHROIOIOICIRHIOCOICHHHIHCIIO$1	com/moonsworth/lunar/client/CCROIHHHCOCHHOHORCIRHOCRROIOCI/RCIOICOHRIOIIRRRROCRHCIICRROHO/HROOOICICRCOCIROHIRICCCOCCIORH/HORHROIOIOICIRHIOCOICHHHIHCIIO_$1
com/moonsworth/lunar/client/CCROIHHHCOCHHOHORCIRHOCRROIOCI/RCIOICOHRIOIIRRRROCRHCIICRROHO/HRORICORIHHHRICRIRCIIOHCRIRRHI/HHRROIIHRRICIIHIIHICRHHRHOHHOO	com/moonsworth/lunar/client/CCROIHHHCOCHHOHORCIRHOCRROIOCI/RCIOICOHRIOIIRRRROCRHCIICRROHO/HRORICORIHHHRICRIRCIIOHCRIRRHI/HHRROIIHRRICIIHIIHICRHHRHOHHOO_
com/moonsworth/lunar/client/CCROIHHHCOCHHOHORCIRHOCRROIOCI/RCIOICOHRIOIIRRRROCRHCIICRROHO/HRORICORIHHHRICRIRCIIOHCRIRRHI/HORHROIOIOICIRHIOCOICHHHIHCIIO	com/moonsworth/lunar/client/CCROIHHHCOCHHOHORCIRHOCRROIOCI/RCIOICOHRIOIIRRRROCRHCIICRROHO/HRORICORIHHHRICRIRCIIOHCRIRRHI/HORHROIOIOICIRHIOCOICHHHIHCIIO_
com/moonsworth/lunar/client/CCROIHHHCOCHHOHORCIRHOCRROIOCI/RCIOICOHRIOIIRRRROCRHCIICRROHO/HRORICORIHHHRICRIRCIIOHCRIRRHI/HORHROIOIOICIRHIOCOICHHHIHCIIO$HORHROIOIOICIRHIOCOICHHHIHCIIO	com/moonsworth/lunar/client/CCROIHHHCOCHHOHORCIRHOCRROIOCI/RCIOICOHRIOIIRRRROCRHCIICRROHO/HRORICORIHHHRICRIRCIIOHCRIRRHI/HORHROIOIOICIRHIOCOICHHHIHCIIO_$HORHROIOIOICIRHIOCOICHHHIHCIIO
com/moonsworth/lunar/client/CCROIHHHCOCHHOHORCIRHOCRROIOCI/RCIOICOHRIOIIRRRROCRHCIICRROHO/HRORICORIHHHRICRIRCIIOHCRIRRHI/HRICOROOOCCOCOROCRHHCRRIRCOICO	com/moonsworth/lunar/client/CCROIHHHCOCHHOHORCIRHOCRROIOCI/RCIOICOHRIOIIRRRROCRHCIICRROHO/HRORICORIHHHRICRIRCIIOHCRIRRHI/HRICOROOOCCOCOROCRHHCRRIRCOICO_
com/moonsworth/lunar/client/CCROIHHHCOCHHOHORCIRHOCRROIOCI/RCIOICOHRIOIIRRRROCRHCIICRROHO/HRORICORIHHHRICRIRCIIOHCRIRRHI/HRICOROOOCCOCOROCRHHCRRIRCOICO$1	com/moonsworth/lunar/client/CCROIHHHCOCHHOHORCIRHOCRROIOCI/RCIOICOHRIOIIRRRROCRHCIICRROHO/HRORICORIHHHRICRIRCIIOHCRIRRHI/HRICOROOOCCOCOROCRHHCRRIRCOICO_$1
com/moonsworth/lunar/client/CCROIHHHCOCHHOHORCIRHOCRROIOCI/RCIOICOHRIOIIRRRROCRHCIICRROHO/HRORICORIHHHRICRIRCIIOHCRIRRHI/HRICOROOOCCOCOROCRHHCRRIRCOICO$HORHROIOIOICIRHIOCOICHHHIHCIIO	com/moonsworth/lunar/client/CCROIHHHCOCHHOHORCIRHOCRROIOCI/RCIOICOHRIOIIRRRROCRHCIICRROHO/HRORICORIHHHRICRIRCIIOHCRIRRHI/HRICOROOOCCOCOROCRHHCRRIRCOICO_$HORHROIOIOICIRHIOCOICHHHIHCIIO
com/moonsworth/lunar/client/CCROIHHHCOCHHOHORCIRHOCRROIOCI/RCIOICOHRIOIIRRRROCRHCIICRROHO/HRRCROICHIIROIHRCOIHRRHCCRIIRH/HORHROIOIOICIRHIOCOICHHHIHCIIO	com/moonsworth/lunar/client/CCROIHHHCOCHHOHORCIRHOCRROIOCI/RCIOICOHRIOIIRRRROCRHCIICRROHO/HRRCROICHIIROIHRCOIHRRHCCRIIRH/HORHROIOIOICIRHIOCOICHHHIHCIIO_
com/moonsworth/lunar/client/CCROIHHHCOCHHOHORCIRHOCRROIOCI/RCIOICOHRIOIIRRRROCRHCIICRROHO/HRRCROICHIIROIHRCOIHRRHCCRIIRH/HORHROIOIOICIRHIOCOICHHHIHCIIO$HORHROIOIOICIRHIOCOICHHHIHCIIO	com/moonsworth/lunar/client/CCROIHHHCOCHHOHORCIRHOCRROIOCI/RCIOICOHRIOIIRRRROCRHCIICRROHO/HRRCROICHIIROIHRCOIHRRHCCRIIRH/HORHROIOIOICIRHIOCOICHHHIHCIIO_$HORHROIOIOICIRHIOCOICHHHIHCIIO
com/moonsworth/lunar/client/CCROIHHHCOCHHOHORCIRHOCRROIOCI/RCIOICOHRIOIIRRRROCRHCIICRROHO/HRRRIRCICHHHRROIHRRCRCORIHHOHI/HORHROIOIOICIRHIOCOICHHHIHCIIO	com/moonsworth/lunar/client/CCROIHHHCOCHHOHORCIRHOCRROIOCI/RCIOICOHRIOIIRRRROCRHCIICRROHO/HRRRIRCICHHHRROIHRRCRCORIHHOHI/HORHROIOIOICIRHIOCOICHHHIHCIIO_
com/moonsworth/lunar/client/CCROIHHHCOCHHOHORCIRHOCRROIOCI/RCIOICOHRIOIIRRRROCRHCIICRROHO/HRRRIRCICHHHRROIHRRCRCORIHHOHI/HORHROIOIOICIRHIOCOICHHHIHCIIO$HHRROIIHRRICIIHIIHICRHHRHOHHOO	com/moonsworth/lunar/client/CCROIHHHCOCHHOHORCIRHOCRROIOCI/RCIOICOHRIOIIRRRROCRHCIICRROHO/HRRRIRCICHHHRROIHRRCRCORIHHOHI/HORHROIOIOICIRHIOCOICHHHIHCIIO_$HHRROIIHRRICIIHIIHICRHHRHOHHOO
com/moonsworth/lunar/client/CCROIHHHCOCHHOHORCIRHOCRROIOCI/RCIOICOHRIOIIRRRROCRHCIICRROHO/HRRRIRCICHHHRROIHRRCRCORIHHOHI/HORHROIOIOICIRHIOCOICHHHIHCIIO$HORHROIOIOICIRHIOCOICHHHIHCIIO	com/moonsworth/lunar/client/CCROIHHHCOCHHOHORCIRHOCRROIOCI/RCIOICOHRIOIIRRRROCRHCIICRROHO/HRRRIRCICHHHRROIHRRCRCORIHHOHI/HORHROIOIOICIRHIOCOICHHHIHCIIO_$HORHROIOIOICIRHIOCOICHHHIHCIIO
com/moonsworth/lunar/client/CCROIHHHCOCHHOHORCIRHOCRROIOCI/RCIOICOHRIOIIRRRROCRHCIICRROHO/ICIHHHCHHOIHHRROOCHOICRHOCHCOI/HORHROIOIOICIRHIOCOICHHHIHCIIO	com/moonsworth/lunar/client/CCROIHHHCOCHHOHORCIRHOCRROIOCI/RCIOICOHRIOIIRRRROCRHCIICRROHO/ICIHHHCHHOIHHRROOCHOICRHOCHCOI/HORHROIOIOICIRHIOCOICHHHIHCIIO_
com/moonsworth/lunar/client/CCROIHHHCOCHHOHORCIRHOCRROIOCI/RCIOICOHRIOIIRRRROCRHCIICRROHO/ICIHHHCHHOIHHRROOCHOICRHOCHCOI/HORHROIOIOICIRHIOCOICHHHIHCIIO$1	com/moonsworth/lunar/client/CCROIHHHCOCHHOHORCIRHOCRROIOCI/RCIOICOHRIOIIRRRROCRHCIICRROHO/ICIHHHCHHOIHHRROOCHOICRHOCHCOI/HORHROIOIOICIRHIOCOICHHHIHCIIO_$1
com/moonsworth/lunar/client/CCROIHHHCOCHHOHORCIRHOCRROIOCI/RCIOICOHRIOIIRRRROCRHCIICRROHO/ICRHORIIHOHROHOHOCOOHOOCOORRHO/HHRROIIHRRICIIHIIHICRHHRHOHHOO	com/moonsworth/lunar/client/CCROIHHHCOCHHOHORCIRHOCRROIOCI/RCIOICOHRIOIIRRRROCRHCIICRROHO/ICRHORIIHOHROHOHOCOOHOOCOORRHO/HHRROIIHRRICIIHIIHICRHHRHOHHOO_
com/moonsworth/lunar/client/CCROIHHHCOCHHOHORCIRHOCRROIOCI/RCIOICOHRIOIIRRRROCRHCIICRROHO/ICRHORIIHOHROHOHOCOOHOOCOORRHO/HHRROIIHRRICIIHIIHICRHHRHOHHOO$HORHROIOIOICIRHIOCOICHHHIHCIIO	com/moonsworth/lunar/client/CCROIHHHCOCHHOHORCIRHOCRROIOCI/RCIOICOHRIOIIRRRROCRHCIICRROHO/ICRHORIIHOHROHOHOCOOHOOCOORRHO/HHRROIIHRRICIIHIIHICRHHRHOHHOO_$HORHROIOIOICIRHIOCOICHHHIHCIIO
com/moonsworth/lunar/client/CCROIHHHCOCHHOHORCIRHOCRROIOCI/RCIOICOHRIOIIRRRROCRHCIICRROHO/ICRHORIIHOHROHOHOCOOHOOCOORRHO/HORHROIOIOICIRHIOCOICHHHIHCIIO	com/moonsworth/lunar/client/CCROIHHHCOCHHOHORCIRHOCRROIOCI/RCIOICOHRIOIIRRRROCRHCIICRROHO/ICRHORIIHOHROHOHOCOOHOOCOORRHO/HORHROIOIOICIRHIOCOICHHHIHCIIO_
com/moonsworth/lunar/client/CCROIHHHCOCHHOHORCIRHOCRROIOCI/RCIOICOHRIOIIRRRROCRHCIICRROHO/IHRHHRIHICHOOICIRIOOHOICHIRHOI/HHRROIIHRRICIIHIIHICRHHRHOHHOO	com/moonsworth/lunar/client/CCROIHHHCOCHHOHORCIRHOCRROIOCI/RCIOICOHRIOIIRRRROCRHCIICRROHO/IHRHHRIHICHOOICIRIOOHOICHIRHOI/HHRROIIHRRICIIHIIHICRHHRHOHHOO_
com/moonsworth/lunar/client/CCROIHHHCOCHHOHORCIRHOCRROIOCI/RCIOICOHRIOIIRRRROCRHCIICRROHO/IHRHHRIHICHOOICIRIOOHOICHIRHOI/HORHROIOIOICIRHIOCOICHHHIHCIIO	com/moonsworth/lunar/client/CCROIHHHCOCHHOHORCIRHOCRROIOCI/RCIOICOHRIOIIRRRROCRHCIICRROHO/IHRHHRIHICHOOICIRIOOHOICHIRHOI/HORHROIOIOICIRHIOCOICHHHIHCIIO_
com/moonsworth/lunar/client/CCROIHHHCOCHHOHORCIRHOCRROIOCI/RCIOICOHRIOIIRRRROCRHCIICRROHO/IIHOIORIOCHCOORROROHIRIRIOHOHH/HHRROIIHRRICIIHIIHICRHHRHOHHOO	com/moonsworth/lunar/client/CCROIHHHCOCHHOHORCIRHOCRROIOCI/RCIOICOHRIOIIRRRROCRHCIICRROHO/IIHOIORIOCHCOORROROHIRIRIOHOHH/HHRROIIHRRICIIHIIHICRHHRHOHHOO_
com/moonsworth/lunar/client/CCROIHHHCOCHHOHORCIRHOCRROIOCI/RCIOICOHRIOIIRRRROCRHCIICRROHO/IIHOIORIOCHCOORROROHIRIRIOHOHH/HHRROIIHRRICIIHIIHICRHHRHOHHOO$HORHROIOIOICIRHIOCOICHHHIHCIIO	com/moonsworth/lunar/client/CCROIHHHCOCHHOHORCIRHOCRROIOCI/RCIOICOHRIOIIRRRROCRHCIICRROHO/IIHOIORIOCHCOORROROHIRIRIOHOHH/HHRROIIHRRICIIHIIHICRHHRHOHHOO_$HORHROIOIOICIRHIOCOICHHHIHCIIO
com/moonsworth/lunar/client/CCROIHHHCOCHHOHORCIRHOCRROIOCI/RCIOICOHRIOIIRRRROCRHCIICRROHO/IIHOIORIOCHCOORROROHIRIRIOHOHH/HORHROIOIOICIRHIOCOICHHHIHCIIO	com/moonsworth/lunar/client/CCROIHHHCOCHHOHORCIRHOCRROIOCI/RCIOICOHRIOIIRRRROCRHCIICRROHO/IIHOIORIOCHCOORROROHIRIRIOHOHH/HORHROIOIOICIRHIOCOICHHHIHCIIO_
com/moonsworth/lunar/client/CCROIHHHCOCHHOHORCIRHOCRROIOCI/RCIOICOHRIOIIRRRROCRHCIICRROHO/IIHOIORIOCHCOORROROHIRIRIOHOHH/HORHROIOIOICIRHIOCOICHHHIHCIIO/HHRROIIHRRICIIHIIHICRHHRHOHHOO	com/moonsworth/lunar/client/CCROIHHHCOCHHOHORCIRHOCRROIOCI/RCIOICOHRIOIIRRRROCRHCIICRROHO/IIHOIORIOCHCOORROROHIRIRIOHOHH/HORHROIOIOICIRHIOCOICHHHIHCIIO/HHRROIIHRRICIIHIIHICRHHRHOHHOO_
com/moonsworth/lunar/client/CCROIHHHCOCHHOHORCIRHOCRROIOCI/RCIOICOHRIOIIRRRROCRHCIICRROHO/IIHOIORIOCHCOORROROHIRIRIOHOHH/HORHROIOIOICIRHIOCOICHHHIHCIIO/HORHROIOIOICIRHIOCOICHHHIHCIIO	com/moonsworth/lunar/client/CCROIHHHCOCHHOHORCIRHOCRROIOCI/RCIOICOHRIOIIRRRROCRHCIICRROHO/IIHOIORIOCHCOORROROHIRIRIOHOHH/HORHROIOIOICIRHIOCOICHHHIHCIIO/HORHROIOIOICIRHIOCOICHHHIHCIIO_
com/moonsworth/lunar/client/CCROIHHHCOCHHOHORCIRHOCRROIOCI/RCIOICOHRIOIIRRRROCRHCIICRROHO/IIHOIORIOCHCOORROROHIRIRIOHOHH/HORHROIOIOICIRHIOCOICHHHIHCIIO/HORHROIOIOICIRHIOCOICHHHIHCIIO$HORHROIOIOICIRHIOCOICHHHIHCIIO	com/moonsworth/lunar/client/CCROIHHHCOCHHOHORCIRHOCRROIOCI/RCIOICOHRIOIIRRRROCRHCIICRROHO/IIHOIORIOCHCOORROROHIRIRIOHOHH/HORHROIOIOICIRHIOCOICHHHIHCIIO/HORHROIOIOICIRHIOCOICHHHIHCIIO_$HORHROIOIOICIRHIOCOICHHHIHCIIO
com/moonsworth/lunar/client/CCROIHHHCOCHHOHORCIRHOCRROIOCI/RCIOICOHRIOIIRRRROCRHCIICRROHO/IIHOIORIOCHCOORROROHIRIRIOHOHH/HORHROIOIOICIRHIOCOICHHHIHCIIO/HRICOROOOCCOCOROCRHHCRRIRCOICO	com/moonsworth/lunar/client/CCROIHHHCOCHHOHORCIRHOCRROIOCI/RCIOICOHRIOIIRRRROCRHCIICRROHO/IIHOIORIOCHCOORROROHIRIRIOHOHH/HORHROIOIOICIRHIOCOICHHHIHCIIO/HRICOROOOCCOCOROCRHHCRRIRCOICO_
com/moonsworth/lunar/client/CCROIHHHCOCHHOHORCIRHOCRROIOCI/RCIOICOHRIOIIRRRROCRHCIICRROHO/IIHOIORIOCHCOORROROHIRIRIOHOHH/HORHROIOIOICIRHIOCOICHHHIHCIIO/ICRHORIIHOHROHOHOCOOHOOCOORRHO	com/moonsworth/lunar/client/CCROIHHHCOCHHOHORCIRHOCRROIOCI/RCIOICOHRIOIIRRRROCRHCIICRROHO/IIHOIORIOCHCOORROROHIRIRIOHOHH/HORHROIOIOICIRHIOCOICHHHIHCIIO/ICRHORIIHOHROHOHOCOOHOOCOORRHO_
com/moonsworth/lunar/client/CCROIHHHCOCHHOHORCIRHOCRROIOCI/RCIOICOHRIOIIRRRROCRHCIICRROHO/IIHOIORIOCHCOORROROHIRIRIOHOHH/HORHROIOIOICIRHIOCOICHHHIHCIIO/RCIOICOHRIOIIRRRROCRHCIICRROHO	com/moonsworth/lunar/client/CCROIHHHCOCHHOHORCIRHOCRROIOCI/RCIOICOHRIOIIRRRROCRHCIICRROHO/IIHOIORIOCHCOORROROHIRIRIOHOHH/HORHROIOIOICIRHIOCOICHHHIHCIIO/RCIOICOHRIOIIRRRROCRHCIICRROHO_
com/moonsworth/lunar/client/CCROIHHHCOCHHOHORCIRHOCRROIOCI/RCIOICOHRIOIIRRRROCRHCIICRROHO/IRCHCHOHRRIOORHRCHRIHIOHRCIHRH/HHRROIIHRRICIIHIIHICRHHRHOHHOO	com/moonsworth/lunar/client/CCROIHHHCOCHHOHORCIRHOCRROIOCI/RCIOICOHRIOIIRRRROCRHCIICRROHO/IRCHCHOHRRIOORHRCHRIHIOHRCIHRH/HHRROIIHRRICIIHIIHICRHHRHOHHOO_
com/moonsworth/lunar/client/CCROIHHHCOCHHOHORCIRHOCRROIOCI/RCIOICOHRIOIIRRRROCRHCIICRROHO/IRCHCHOHRRIOORHRCHRIHIOHRCIHRH/HHRROIIHRRICIIHIIHICRHHRHOHHOO/HORHROIOIOICIRHIOCOICHHHIHCIIO	com/moonsworth/lunar/client/CCROIHHHCOCHHOHORCIRHOCRROIOCI/RCIOICOHRIOIIRRRROCRHCIICRROHO/IRCHCHOHRRIOORHRCHRIHIOHRCIHRH/HHRROIIHRRICIIHIIHICRHHRHOHHOO/HORHROIOIOICIRHIOCOICHHHIHCIIO_
com/moonsworth/lunar/client/CCROIHHHCOCHHOHORCIRHOCRROIOCI/RCIOICOHRIOIIRRRROCRHCIICRROHO/IRCHCHOHRRIOORHRCHRIHIOHRCIHRH/HHRROIIHRRICIIHIIHICRHHRHOHHOO/HORHROIOIOICIRHIOCOICHHHIHCIIO$HORHROIOIOICIRHIOCOICHHHIHCIIO	com/moonsworth/lunar/client/CCROIHHHCOCHHOHORCIRHOCRROIOCI/RCIOICOHRIOIIRRRROCRHCIICRROHO/IRCHCHOHRRIOORHRCHRIHIOHRCIHRH/HHRROIIHRRICIIHIIHICRHHRHOHHOO/HORHROIOIOICIRHIOCOICHHHIHCIIO_$HORHROIOIOICIRHIOCOICHHHIHCIIO
com/moonsworth/lunar/client/CCROIHHHCOCHHOHORCIRHOCRROIOCI/RCIOICOHRIOIIRRRROCRHCIICRROHO/IRCHCHOHRRIOORHRCHRIHIOHRCIHRH/HHRROIIHRRICIIHIIHICRHHRHOHHOO/HRICOROOOCCOCOROCRHHCRRIRCOICO/HHRROIIHRRICIIHIIHICRHHRHOHHOO	com/moonsworth/lunar/client/CCROIHHHCOCHHOHORCIRHOCRROIOCI/RCIOICOHRIOIIRRRROCRHCIICRROHO/IRCHCHOHRRIOORHRCHRIHIOHRCIHRH/HHRROIIHRRICIIHIIHICRHHRHOHHOO/HRICOROOOCCOCOROCRHHCRRIRCOICO/HHRROIIHRRICIIHIIHICRHHRHOHHOO_
com/moonsworth/lunar/client/CCROIHHHCOCHHOHORCIRHOCRROIOCI/RCIOICOHRIOIIRRRROCRHCIICRROHO/IRCHCHOHRRIOORHRCHRIHIOHRCIHRH/HHRROIIHRRICIIHIIHICRHHRHOHHOO/HRICOROOOCCOCOROCRHHCRRIRCOICO/HHRROIIHRRICIIHIIHICRHHRHOHHOO$HHRROIIHRRICIIHIIHICRHHRHOHHOO	com/moonsworth/lunar/client/CCROIHHHCOCHHOHORCIRHOCRROIOCI/RCIOICOHRIOIIRRRROCRHCIICRROHO/IRCHCHOHRRIOORHRCHRIHIOHRCIHRH/HHRROIIHRRICIIHIIHICRHHRHOHHOO/HRICOROOOCCOCOROCRHHCRRIRCOICO/HHRROIIHRRICIIHIIHICRHHRHOHHOO_$HHRROIIHRRICIIHIIHICRHHRHOHHOO
com/moonsworth/lunar/client/CCROIHHHCOCHHOHORCIRHOCRROIOCI/RCIOICOHRIOIIRRRROCRHCIICRROHO/IRCHCHOHRRIOORHRCHRIHIOHRCIHRH/HHRROIIHRRICIIHIIHICRHHRHOHHOO/HRICOROOOCCOCOROCRHHCRRIRCOICO/HHRROIIHRRICIIHIIHICRHHRHOHHOO$HORHROIOIOICIRHIOCOICHHHIHCIIO	com/moonsworth/lunar/client/CCROIHHHCOCHHOHORCIRHOCRROIOCI/RCIOICOHRIOIIRRRROCRHCIICRROHO/IRCHCHOHRRIOORHRCHRIHIOHRCIHRH/HHRROIIHRRICIIHIIHICRHHRHOHHOO/HRICOROOOCCOCOROCRHHCRRIRCOICO/HHRROIIHRRICIIHIIHICRHHRHOHHOO_$HORHROIOIOICIRHIOCOICHHHIHCIIO
com/moonsworth/lunar/client/CCROIHHHCOCHHOHORCIRHOCRROIOCI/RCIOICOHRIOIIRRRROCRHCIICRROHO/IRCHCHOHRRIOORHRCHRIHIOHRCIHRH/HHRROIIHRRICIIHIIHICRHHRHOHHOO/HRICOROOOCCOCOROCRHHCRRIRCOICO/HORHROIOIOICIRHIOCOICHHHIHCIIO	com/moonsworth/lunar/client/CCROIHHHCOCHHOHORCIRHOCRROIOCI/RCIOICOHRIOIIRRRROCRHCIICRROHO/IRCHCHOHRRIOORHRCHRIHIOHRCIHRH/HHRROIIHRRICIIHIIHICRHHRHOHHOO/HRICOROOOCCOCOROCRHHCRRIRCOICO/HORHROIOIOICIRHIOCOICHHHIHCIIO_
com/moonsworth/lunar/client/CCROIHHHCOCHHOHORCIRHOCRROIOCI/RCIOICOHRIOIIRRRROCRHCIICRROHO/IRCHCHOHRRIOORHRCHRIHIOHRCIHRH/HHRROIIHRRICIIHIIHICRHHRHOHHOO/HRICOROOOCCOCOROCRHHCRRIRCOICO/HRICOROOOCCOCOROCRHHCRRIRCOICO	com/moonsworth/lunar/client/CCROIHHHCOCHHOHORCIRHOCRROIOCI/RCIOICOHRIOIIRRRROCRHCIICRROHO/IRCHCHOHRRIOORHRCHRIHIOHRCIHRH/HHRROIIHRRICIIHIIHICRHHRHOHHOO/HRICOROOOCCOCOROCRHHCRRIRCOICO/HRICOROOOCCOCOROCRHHCRRIRCOICO_
com/moonsworth/lunar/client/CCROIHHHCOCHHOHORCIRHOCRROIOCI/RCIOICOHRIOIIRRRROCRHCIICRROHO/IRCHCHOHRRIOORHRCHRIHIOHRCIHRH/HORHROIOIOICIRHIOCOICHHHIHCIIO	com/moonsworth/lunar/client/CCROIHHHCOCHHOHORCIRHOCRROIOCI/RCIOICOHRIOIIRRRROCRHCIICRROHO/IRCHCHOHRRIOORHRCHRIHIOHRCIHRH/HORHROIOIOICIRHIOCOICHHHIHCIIO_
com/moonsworth/lunar/client/CCROIHHHCOCHHOHORCIRHOCRROIOCI/RCIOICOHRIOIIRRRROCRHCIICRROHO/IRCHCHOHRRIOORHRCHRIHIOHRCIHRH/HORHROIOIOICIRHIOCOICHHHIHCIIO$HRICOROOOCCOCOROCRHHCRRIRCOICO	com/moonsworth/lunar/client/CCROIHHHCOCHHOHORCIRHOCRROIOCI/RCIOICOHRIOIIRRRROCRHCIICRROHO/IRCHCHOHRRIOORHRCHRIHIOHRCIHRH/HORHROIOIOICIRHIOCOICHHHIHCIIO_$HRICOROOOCCOCOROCRHHCRRIRCOICO
com/moonsworth/lunar/client/CCROIHHHCOCHHOHORCIRHOCRROIOCI/RCIOICOHRIOIIRRRROCRHCIICRROHO/IRCHCHOHRRIOORHRCHRIHIOHRCIHRH/HORHROIOIOICIRHIOCOICHHHIHCIIO$HHRROIIHRRICIIHIIHICRHHRHOHHOO	com/moonsworth/lunar/client/CCROIHHHCOCHHOHORCIRHOCRROIOCI/RCIOICOHRIOIIRRRROCRHCIICRROHO/IRCHCHOHRRIOORHRCHRIHIOHRCIHRH/HORHROIOIOICIRHIOCOICHHHIHCIIO_$HHRROIIHRRICIIHIIHICRHHRHOHHOO
com/moonsworth/lunar/client/CCROIHHHCOCHHOHORCIRHOCRROIOCI/RCIOICOHRIOIIRRRROCRHCIICRROHO/IRCHCHOHRRIOORHRCHRIHIOHRCIHRH/HORHROIOIOICIRHIOCOICHHHIHCIIO$HORHROIOIOICIRHIOCOICHHHIHCIIO	com/moonsworth/lunar/client/CCROIHHHCOCHHOHORCIRHOCRROIOCI/RCIOICOHRIOIIRRRROCRHCIICRROHO/IRCHCHOHRRIOORHRCHRIHIOHRCIHRH/HORHROIOIOICIRHIOCOICHHHIHCIIO_$HORHROIOIOICIRHIOCOICHHHIHCIIO
com/moonsworth/lunar/client/CCROIHHHCOCHHOHORCIRHOCRROIOCI/RCIOICOHRIOIIRRRROCRHCIICRROHO/IRCHCHOHRRIOORHRCHRIHIOHRCIHRH/HRICOROOOCCOCOROCRHHCRRIRCOICO	com/moonsworth/lunar/client/CCROIHHHCOCHHOHORCIRHOCRROIOCI/RCIOICOHRIOIIRRRROCRHCIICRROHO/IRCHCHOHRRIOORHRCHRIHIOHRCIHRH/HRICOROOOCCOCOROCRHHCRRIRCOICO_
com/moonsworth/lunar/client/CCROIHHHCOCHHOHORCIRHOCRROIOCI/RCIOICOHRIOIIRRRROCRHCIICRROHO/IRCHCHOHRRIOORHRCHRIHIOHRCIHRH/ICRHORIIHOHROHOHOCOOHOOCOORRHO	com/moonsworth/lunar/client/CCROIHHHCOCHHOHORCIRHOCRROIOCI/RCIOICOHRIOIIRRRROCRHCIICRROHO/IRCHCHOHRRIOORHRCHRIHIOHRCIHRH/ICRHORIIHOHROHOHOCOOHOOCOORRHO_
com/moonsworth/lunar/client/CCROIHHHCOCHHOHORCIRHOCRROIOCI/RCIOICOHRIOIIRRRROCRHCIICRROHO/IRCHCHOHRRIOORHRCHRIHIOHRCIHRH/ICRHORIIHOHROHOHOCOOHOOCOORRHO$HORHROIOIOICIRHIOCOICHHHIHCIIO	com/moonsworth/lunar/client/CCROIHHHCOCHHOHORCIRHOCRROIOCI/RCIOICOHRIOIIRRRROCRHCIICRROHO/IRCHCHOHRRIOORHRCHRIHIOHRCIHRH/ICRHORIIHOHROHOHOCOOHOOCOORRHO_$HORHROIOIOICIRHIOCOICHHHIHCIIO
com/moonsworth/lunar/client/CCROIHHHCOCHHOHORCIRHOCRROIOCI/RCIOICOHRIOIIRRRROCRHCIICRROHO/IRCHCHOHRRIOORHRCHRIHIOHRCIHRH/ICRHORIIHOHROHOHOCOOHOOCOORRHO/HORHROIOIOICIRHIOCOICHHHIHCIIO	com/moonsworth/lunar/client/CCROIHHHCOCHHOHORCIRHOCRROIOCI/RCIOICOHRIOIIRRRROCRHCIICRROHO/IRCHCHOHRRIOORHRCHRIHIOHRCIHRH/ICRHORIIHOHROHOHOCOOHOOCOORRHO/HORHROIOIOICIRHIOCOICHHHIHCIIO_
com/moonsworth/lunar/client/CCROIHHHCOCHHOHORCIRHOCRROIOCI/RCIOICOHRIOIIRRRROCRHCIICRROHO/IRCHCHOHRRIOORHRCHRIHIOHRCIHRH/OHROCHICOIOICHOCRROORRCIIICIHO	com/moonsworth/lunar/client/CCROIHHHCOCHHOHORCIRHOCRROIOCI/RCIOICOHRIOIIRRRROCRHCIICRROHO/IRCHCHOHRRIOORHRCHRIHIOHRCIHRH/OHROCHICOIOICHOCRROORRCIIICIHO_
com/moonsworth/lunar/client/CCROIHHHCOCHHOHORCIRHOCRROIOCI/RCIOICOHRIOIIRRRROCRHCIICRROHO/IRCHCHOHRRIOORHRCHRIHIOHRCIHRH/RCIOICOHRIOIIRRRROCRHCIICRROHO	com/moonsworth/lunar/client/CCROIHHHCOCHHOHORCIRHOCRROIOCI/RCIOICOHRIOIIRRRROCRHCIICRROHO/IRCHCHOHRRIOORHRCHRIHIOHRCIHRH/RCIOICOHRIOIIRRRROCRHCIICRROHO_
com/moonsworth/lunar/client/CCROIHHHCOCHHOHORCIRHOCRROIOCI/RCIOICOHRIOIIRRRROCRHCIICRROHO/OHRCHRORCORHICIHCOHICIHHHIRORC/HORHROIOIOICIRHIOCOICHHHIHCIIO	com/moonsworth/lunar/client/CCROIHHHCOCHHOHORCIRHOCRROIOCI/RCIOICOHRIOIIRRRROCRHCIICRROHO/OHRCHRORCORHICIHCOHICIHHHIRORC/HORHROIOIOICIRHIOCOICHHHIHCIIO_
com/moonsworth/lunar/client/CCROIHHHCOCHHOHORCIRHOCRROIOCI/RCIOICOHRIOIIRRRROCRHCIICRROHO/OIRHOOIICOCIOOHICRRRICORIHHIHC/HORHROIOIOICIRHIOCOICHHHIHCIIO	com/moonsworth/lunar/client/CCROIHHHCOCHHOHORCIRHOCRROIOCI/RCIOICOHRIOIIRRRROCRHCIICRROHO/OIRHOOIICOCIOOHICRRRICORIHHIHC/HORHROIOIOICIRHIOCOICHHHIHCIIO_
com/moonsworth/lunar/client/CCROIHHHCOCHHOHORCIRHOCRROIOCI/RCIOICOHRIOIIRRRROCRHCIICRROHO/OIRIOIIIRICICCHORICRRIRROHCRIC/HORHROIOIOICIRHIOCOICHHHIHCIIO	com/moonsworth/lunar/client/CCROIHHHCOCHHOHORCIRHOCRROIOCI/RCIOICOHRIOIIRRRROCRHCIICRROHO/OIRIOIIIRICICCHORICRRIRROHCRIC/HORHROIOIOICIRHIOCOICHHHIHCIIO_
com/moonsworth/lunar/client/CCROIHHHCOCHHOHORCIRHOCRROIOCI/RCIOICOHRIOIIRRRROCRHCIICRROHO/OIRIOIIIRICICCHORICRRIRROHCRIC/HORHROIOIOICIRHIOCOICHHHIHCIIO$1	com/moonsworth/lunar/client/CCROIHHHCOCHHOHORCIRHOCRROIOCI/RCIOICOHRIOIIRRRROCRHCIICRROHO/OIRIOIIIRICICCHORICRRIRROHCRIC/HORHROIOIOICIRHIOCOICHHHIHCIIO_$1
com/moonsworth/lunar/client/CCROIHHHCOCHHOHORCIRHOCRROIOCI/RCIOICOHRIOIIRRRROCRHCIICRROHO/OOCIOHRCCCRHHIIIIOOCIIHHHRIORO/HHRROIIHRRICIIHIIHICRHHRHOHHOO/HHRROIIHRRICIIHIIHICRHHRHOHHOO	com/moonsworth/lunar/client/CCROIHHHCOCHHOHORCIRHOCRROIOCI/RCIOICOHRIOIIRRRROCRHCIICRROHO/OOCIOHRCCCRHHIIIIOOCIIHHHRIORO/HHRROIIHRRICIIHIIHICRHHRHOHHOO/HHRROIIHRRICIIHIIHICRHHRHOHHOO_
com/moonsworth/lunar/client/CCROIHHHCOCHHOHORCIRHOCRROIOCI/RCIOICOHRIOIIRRRROCRHCIICRROHO/OOCIOHRCCCRHHIIIIOOCIIHHHRIORO/HHRROIIHRRICIIHIIHICRHHRHOHHOO/HORHROIOIOICIRHIOCOICHHHIHCIIO	com/moonsworth/lunar/client/CCROIHHHCOCHHOHORCIRHOCRROIOCI/RCIOICOHRIOIIRRRROCRHCIICRROHO/OOCIOHRCCCRHHIIIIOOCIIHHHRIORO/HHRROIIHRRICIIHIIHICRHHRHOHHOO/HORHROIOIOICIRHIOCOICHHHIHCIIO_
com/moonsworth/lunar/client/CCROIHHHCOCHHOHORCIRHOCRROIOCI/RCIOICOHRIOIIRRRROCRHCIICRROHO/OOCIOHRCCCRHHIIIIOOCIIHHHRIORO/HHRROIIHRRICIIHIIHICRHHRHOHHOO/HORHROIOIOICIRHIOCOICHHHIHCIIO$HORHROIOIOICIRHIOCOICHHHIHCIIO	com/moonsworth/lunar/client/CCROIHHHCOCHHOHORCIRHOCRROIOCI/RCIOICOHRIOIIRRRROCRHCIICRROHO/OOCIOHRCCCRHHIIIIOOCIIHHHRIORO/HHRROIIHRRICIIHIIHICRHHRHOHHOO/HORHROIOIOICIRHIOCOICHHHIHCIIO_$HORHROIOIOICIRHIOCOICHHHIHCIIO
com/moonsworth/lunar/client/CCROIHHHCOCHHOHORCIRHOCRROIOCI/RCIOICOHRIOIIRRRROCRHCIICRROHO/OOCIOHRCCCRHHIIIIOOCIIHHHRIORO/HHRROIIHRRICIIHIIHICRHHRHOHHOO/HRICOROOOCCOCOROCRHHCRRIRCOICO	com/moonsworth/lunar/client/CCROIHHHCOCHHOHORCIRHOCRROIOCI/RCIOICOHRIOIIRRRROCRHCIICRROHO/OOCIOHRCCCRHHIIIIOOCIIHHHRIORO/HHRROIIHRRICIIHIIHICRHHRHOHHOO/HRICOROOOCCOCOROCRHHCRRIRCOICO_
com/moonsworth/lunar/client/CCROIHHHCOCHHOHORCIRHOCRROIOCI/RCIOICOHRIOIIRRRROCRHCIICRROHO/OOCIOHRCCCRHHIIIIOOCIIHHHRIORO/HORHROIOIOICIRHIOCOICHHHIHCIIO/HHRROIIHRRICIIHIIHICRHHRHOHHOO	com/moonsworth/lunar/client/CCROIHHHCOCHHOHORCIRHOCRROIOCI/RCIOICOHRIOIIRRRROCRHCIICRROHO/OOCIOHRCCCRHHIIIIOOCIIHHHRIORO/HORHROIOIOICIRHIOCOICHHHIHCIIO/HHRROIIHRRICIIHIIHICRHHRHOHHOO_
com/moonsworth/lunar/client/CCROIHHHCOCHHOHORCIRHOCRROIOCI/RCIOICOHRIOIIRRRROCRHCIICRROHO/OOCIOHRCCCRHHIIIIOOCIIHHHRIORO/HORHROIOIOICIRHIOCOICHHHIHCIIO/HORHROIOIOICIRHIOCOICHHHIHCIIO	com/moonsworth/lunar/client/CCROIHHHCOCHHOHORCIRHOCRROIOCI/RCIOICOHRIOIIRRRROCRHCIICRROHO/OOCIOHRCCCRHHIIIIOOCIIHHHRIORO/HORHROIOIOICIRHIOCOICHHHIHCIIO/HORHROIOIOICIRHIOCOICHHHIHCIIO_
com/moonsworth/lunar/client/CCROIHHHCOCHHOHORCIRHOCRROIOCI/RCIOICOHRIOIIRRRROCRHCIICRROHO/OOCIOHRCCCRHHIIIIOOCIIHHHRIORO/HORHROIOIOICIRHIOCOICHHHIHCIIO/HRICOROOOCCOCOROCRHHCRRIRCOICO	com/moonsworth/lunar/client/CCROIHHHCOCHHOHORCIRHOCRROIOCI/RCIOICOHRIOIIRRRROCRHCIICRROHO/OOCIOHRCCCRHHIIIIOOCIIHHHRIORO/HORHROIOIOICIRHIOCOICHHHIHCIIO/HRICOROOOCCOCOROCRHHCRRIRCOICO_
com/moonsworth/lunar/client/CCROIHHHCOCHHOHORCIRHOCRROIOCI/RCIOICOHRIOIIRRRROCRHCIICRROHO/OOCIOHRCCCRHHIIIIOOCIIHHHRIORO/HORHROIOIOICIRHIOCOICHHHIHCIIO/ICRHORIIHOHROHOHOCOOHOOCOORRHO	com/moonsworth/lunar/client/CCROIHHHCOCHHOHORCIRHOCRROIOCI/RCIOICOHRIOIIRRRROCRHCIICRROHO/OOCIOHRCCCRHHIIIIOOCIIHHHRIORO/HORHROIOIOICIRHIOCOICHHHIHCIIO/ICRHORIIHOHROHOHOCOOHOOCOORRHO_
com/moonsworth/lunar/client/CCROIHHHCOCHHOHORCIRHOCRROIOCI/RCIOICOHRIOIIRRRROCRHCIICRROHO/OOCIOHRCCCRHHIIIIOOCIIHHHRIORO/HORHROIOIOICIRHIOCOICHHHIHCIIO/ICRHORIIHOHROHOHOCOOHOOCOORRHO/HORHROIOIOICIRHIOCOICHHHIHCIIO	com/moonsworth/lunar/client/CCROIHHHCOCHHOHORCIRHOCRROIOCI/RCIOICOHRIOIIRRRROCRHCIICRROHO/OOCIOHRCCCRHHIIIIOOCIIHHHRIORO/HORHROIOIOICIRHIOCOICHHHIHCIIO/ICRHORIIHOHROHOHOCOOHOOCOORRHO/HORHROIOIOICIRHIOCOICHHHIHCIIO_
com/moonsworth/lunar/client/CCROIHHHCOCHHOHORCIRHOCRROIOCI/RCIOICOHRIOIIRRRROCRHCIICRROHO/OOCIOHRCCCRHHIIIIOOCIIHHHRIORO/HORHROIOIOICIRHIOCOICHHHIHCIIO/ORCHOHHCOHCORRICRIHCHHRORHHCHH/HHRROIIHRRICIIHIIHICRHHRHOHHOO	com/moonsworth/lunar/client/CCROIHHHCOCHHOHORCIRHOCRROIOCI/RCIOICOHRIOIIRRRROCRHCIICRROHO/OOCIOHRCCCRHHIIIIOOCIIHHHRIORO/HORHROIOIOICIRHIOCOICHHHIHCIIO/ORCHOHHCOHCORRICRIHCHHRORHHCHH/HHRROIIHRRICIIHIIHICRHHRHOHHOO_
com/moonsworth/lunar/client/CCROIHHHCOCHHOHORCIRHOCRROIOCI/RCIOICOHRIOIIRRRROCRHCIICRROHO/OOCIOHRCCCRHHIIIIOOCIIHHHRIORO/HORHROIOIOICIRHIOCOICHHHIHCIIO/ORCHOHHCOHCORRICRIHCHHRORHHCHH/HORHROIOIOICIRHIOCOICHHHIHCIIO	com/moonsworth/lunar/client/CCROIHHHCOCHHOHORCIRHOCRROIOCI/RCIOICOHRIOIIRRRROCRHCIICRROHO/OOCIOHRCCCRHHIIIIOOCIIHHHRIORO/HORHROIOIOICIRHIOCOICHHHIHCIIO/ORCHOHHCOHCORRICRIHCHHRORHHCHH/HORHROIOIOICIRHIOCOICHHHIHCIIO_
com/moonsworth/lunar/client/CCROIHHHCOCHHOHORCIRHOCRROIOCI/RCIOICOHRIOIIRRRROCRHCIICRROHO/OOCIOHRCCCRHHIIIIOOCIIHHHRIORO/HORHROIOIOICIRHIOCOICHHHIHCIIO/RCIOICOHRIOIIRRRROCRHCIICRROHO/HRICOROOOCCOCOROCRHHCRRIRCOICO/HORHROIOIOICIRHIOCOICHHHIHCIIO	com/moonsworth/lunar/client/CCROIHHHCOCHHOHORCIRHOCRROIOCI/RCIOICOHRIOIIRRRROCRHCIICRROHO/OOCIOHRCCCRHHIIIIOOCIIHHHRIORO/HORHROIOIOICIRHIOCOICHHHIHCIIO/RCIOICOHRIOIIRRRROCRHCIICRROHO/HRICOROOOCCOCOROCRHHCRRIRCOICO/HORHROIOIOICIRHIOCOICHHHIHCIIO_
com/moonsworth/lunar/client/CCROIHHHCOCHHOHORCIRHOCRROIOCI/RCIOICOHRIOIIRRRROCRHCIICRROHO/OOCIOHRCCCRHHIIIIOOCIIHHHRIORO/HORHROIOIOICIRHIOCOICHHHIHCIIO/RCIOICOHRIOIIRRRROCRHCIICRROHO/HROHOIOCHIRIHICOORIHOHCIOIRIIH/HORHROIOIOICIRHIOCOICHHHIHCIIO	com/moonsworth/lunar/client/CCROIHHHCOCHHOHORCIRHOCRROIOCI/RCIOICOHRIOIIRRRROCRHCIICRROHO/OOCIOHRCCCRHHIIIIOOCIIHHHRIORO/HORHROIOIOICIRHIOCOICHHHIHCIIO/RCIOICOHRIOIIRRRROCRHCIICRROHO/HROHOIOCHIRIHICOORIHOHCIOIRIIH/HORHROIOIOICIRHIOCOICHHHIHCIIO_
com/moonsworth/lunar/client/CCROIHHHCOCHHOHORCIRHOCRROIOCI/RCIOICOHRIOIIRRRROCRHCIICRROHO/OOCIOHRCCCRHHIIIIOOCIIHHHRIORO/HORHROIOIOICIRHIOCOICHHHIHCIIO/RCIOICOHRIOIIRRRROCRHCIICRROHO/ORCHOHHCOHCORRICRIHCHHRORHHCHH/HORHROIOIOICIRHIOCOICHHHIHCIIO	com/moonsworth/lunar/client/CCROIHHHCOCHHOHORCIRHOCRROIOCI/RCIOICOHRIOIIRRRROCRHCIICRROHO/OOCIOHRCCCRHHIIIIOOCIIHHHRIORO/HORHROIOIOICIRHIOCOICHHHIHCIIO/RCIOICOHRIOIIRRRROCRHCIICRROHO/ORCHOHHCOHCORRICRIHCHHRORHHCHH/HORHROIOIOICIRHIOCOICHHHIHCIIO_
com/moonsworth/lunar/client/CCROIHHHCOCHHOHORCIRHOCRROIOCI/RCIOICOHRIOIIRRRROCRHCIICRROHO/OOCIOHRCCCRHHIIIIOOCIIHHHRIORO/ICRHORIIHOHROHOHOCOOHOOCOORRHO/HORHROIOIOICIRHIOCOICHHHIHCIIO	com/moonsworth/lunar/client/CCROIHHHCOCHHOHORCIRHOCRROIOCI/RCIOICOHRIOIIRRRROCRHCIICRROHO/OOCIOHRCCCRHHIIIIOOCIIHHHRIORO/ICRHORIIHOHROHOHOCOOHOOCOORRHO/HORHROIOIOICIRHIOCOICHHHIHCIIO_
com/moonsworth/lunar/client/CCROIHHHCOCHHOHORCIRHOCRROIOCI/RCIOICOHRIOIIRRRROCRHCIICRROHO/OOCIOHRCCCRHHIIIIOOCIIHHHRIORO/OHROCHICOIOICHOCRROORRCIIICIHO/HHRROIIHRRICIIHIIHICRHHRHOHHOO	com/moonsworth/lunar/client/CCROIHHHCOCHHOHORCIRHOCRROIOCI/RCIOICOHRIOIIRRRROCRHCIICRROHO/OOCIOHRCCCRHHIIIIOOCIIHHHRIORO/OHROCHICOIOICHOCRROORRCIIICIHO/HHRROIIHRRICIIHIIHICRHHRHOHHOO_
com/moonsworth/lunar/client/CCROIHHHCOCHHOHORCIRHOCRROIOCI/RCIOICOHRIOIIRRRROCRHCIICRROHO/OOCIOHRCCCRHHIIIIOOCIIHHHRIORO/OHROCHICOIOICHOCRROORRCIIICIHO/HORHROIOIOICIRHIOCOICHHHIHCIIO	com/moonsworth/lunar/client/CCROIHHHCOCHHOHORCIRHOCRROIOCI/RCIOICOHRIOIIRRRROCRHCIICRROHO/OOCIOHRCCCRHHIIIIOOCIIHHHRIORO/OHROCHICOIOICHOCRROORRCIIICIHO/HORHROIOIOICIRHIOCOICHHHIHCIIO_
com/moonsworth/lunar/client/CCROIHHHCOCHHOHORCIRHOCRROIOCI/RCIOICOHRIOIIRRRROCRHCIICRROHO/OOCIOHRCCCRHHIIIIOOCIIHHHRIORO/OHROCHICOIOICHOCRROORRCIIICIHO/HRICOROOOCCOCOROCRHHCRRIRCOICO/HORHROIOIOICIRHIOCOICHHHIHCIIO	com/moonsworth/lunar/client/CCROIHHHCOCHHOHORCIRHOCRROIOCI/RCIOICOHRIOIIRRRROCRHCIICRROHO/OOCIOHRCCCRHHIIIIOOCIIHHHRIORO/OHROCHICOIOICHOCRROORRCIIICIHO/HRICOROOOCCOCOROCRHHCRRIRCOICO/HORHROIOIOICIRHIOCOICHHHIHCIIO_
com/moonsworth/lunar/client/CCROIHHHCOCHHOHORCIRHOCRROIOCI/RCIOICOHRIOIIRRRROCRHCIICRROHO/OOCIOHRCCCRHHIIIIOOCIIHHHRIORO/ORCHOHHCOHCORRICRIHCHHRORHHCHH/HHRROIIHRRICIIHIIHICRHHRHOHHOO	com/moonsworth/lunar/client/CCROIHHHCOCHHOHORCIRHOCRROIOCI/RCIOICOHRIOIIRRRROCRHCIICRROHO/OOCIOHRCCCRHHIIIIOOCIIHHHRIORO/ORCHOHHCOHCORRICRIHCHHRORHHCHH/HHRROIIHRRICIIHIIHICRHHRHOHHOO_
com/moonsworth/lunar/client/CCROIHHHCOCHHOHORCIRHOCRROIOCI/RCIOICOHRIOIIRRRROCRHCIICRROHO/OOCIOHRCCCRHHIIIIOOCIIHHHRIORO/ORCHOHHCOHCORRICRIHCHHRORHHCHH/HORHROIOIOICIRHIOCOICHHHIHCIIO	com/moonsworth/lunar/client/CCROIHHHCOCHHOHORCIRHOCRROIOCI/RCIOICOHRIOIIRRRROCRHCIICRROHO/OOCIOHRCCCRHHIIIIOOCIIHHHRIORO/ORCHOHHCOHCORRICRIHCHHRORHHCHH/HORHROIOIOICIRHIOCOICHHHIHCIIO_
com/moonsworth/lunar/client/CCROIHHHCOCHHOHORCIRHOCRROIOCI/RCIOICOHRIOIIRRRROCRHCIICRROHO/OOCIOHRCCCRHHIIIIOOCIIHHHRIORO/ORCHOHHCOHCORRICRIHCHHRORHHCHH/HORHROIOIOICIRHIOCOICHHHIHCIIO/HORHROIOIOICIRHIOCOICHHHIHCIIO	com/moonsworth/lunar/client/CCROIHHHCOCHHOHORCIRHOCRROIOCI/RCIOICOHRIOIIRRRROCRHCIICRROHO/OOCIOHRCCCRHHIIIIOOCIIHHHRIORO/ORCHOHHCOHCORRICRIHCHHRORHHCHH/HORHROIOIOICIRHIOCOICHHHIHCIIO/HORHROIOIOICIRHIOCOICHHHIHCIIO_
com/moonsworth/lunar/client/CCROIHHHCOCHHOHORCIRHOCRROIOCI/RCIOICOHRIOIIRRRROCRHCIICRROHO/OOCIOHRCCCRHHIIIIOOCIIHHHRIORO/ORCHOHHCOHCORRICRIHCHHRORHHCHH/RCIOICOHRIOIIRRRROCRHCIICRROHO/HORHROIOIOICIRHIOCOICHHHIHCIIO	com/moonsworth/lunar/client/CCROIHHHCOCHHOHORCIRHOCRROIOCI/RCIOICOHRIOIIRRRROCRHCIICRROHO/OOCIOHRCCCRHHIIIIOOCIIHHHRIORO/ORCHOHHCOHCORRICRIHCHHRORHHCHH/RCIOICOHRIOIIRRRROCRHCIICRROHO/HORHROIOIOICIRHIOCOICHHHIHCIIO_
com/moonsworth/lunar/client/CCROIHHHCOCHHOHORCIRHOCRROIOCI/RCIOICOHRIOIIRRRROCRHCIICRROHO/OOCIOHRCCCRHHIIIIOOCIIHHHRIORO/RCIOICOHRIOIIRRRROCRHCIICRROHO/HHRROIIHRRICIIHIIHICRHHRHOHHOO	com/moonsworth/lunar/client/CCROIHHHCOCHHOHORCIRHOCRROIOCI/RCIOICOHRIOIIRRRROCRHCIICRROHO/OOCIOHRCCCRHHIIIIOOCIIHHHRIORO/RCIOICOHRIOIIRRRROCRHCIICRROHO/HHRROIIHRRICIIHIIHICRHHRHOHHOO_
com/moonsworth/lunar/client/CCROIHHHCOCHHOHORCIRHOCRROIOCI/RCIOICOHRIOIIRRRROCRHCIICRROHO/OOCIOHRCCCRHHIIIIOOCIIHHHRIORO/RCIOICOHRIOIIRRRROCRHCIICRROHO/HORHROIOIOICIRHIOCOICHHHIHCIIO	com/moonsworth/lunar/client/CCROIHHHCOCHHOHORCIRHOCRROIOCI/RCIOICOHRIOIIRRRROCRHCIICRROHO/OOCIOHRCCCRHHIIIIOOCIIHHHRIORO/RCIOICOHRIOIIRRRROCRHCIICRROHO/HORHROIOIOICIRHIOCOICHHHIHCIIO_
com/moonsworth/lunar/client/CCROIHHHCOCHHOHORCIRHOCRROIOCI/RCIOICOHRIOIIRRRROCRHCIICRROHO/OOCIOHRCCCRHHIIIIOOCIIHHHRIORO/RCIOICOHRIOIIRRRROCRHCIICRROHO/HORHROIOIOICIRHIOCOICHHHIHCIIO/HORHROIOIOICIRHIOCOICHHHIHCIIO	com/moonsworth/lunar/client/CCROIHHHCOCHHOHORCIRHOCRROIOCI/RCIOICOHRIOIIRRRROCRHCIICRROHO/OOCIOHRCCCRHHIIIIOOCIIHHHRIORO/RCIOICOHRIOIIRRRROCRHCIICRROHO/HORHROIOIOICIRHIOCOICHHHIHCIIO/HORHROIOIOICIRHIOCOICHHHIHCIIO_
com/moonsworth/lunar/client/CCROIHHHCOCHHOHORCIRHOCRROIOCI/RCIOICOHRIOIIRRRROCRHCIICRROHO/OOCIOHRCCCRHHIIIIOOCIIHHHRIORO/RCIOICOHRIOIIRRRROCRHCIICRROHO/HRICOROOOCCOCOROCRHHCRRIRCOICO	com/moonsworth/lunar/client/CCROIHHHCOCHHOHORCIRHOCRROIOCI/RCIOICOHRIOIIRRRROCRHCIICRROHO/OOCIOHRCCCRHHIIIIOOCIIHHHRIORO/RCIOICOHRIOIIRRRROCRHCIICRROHO/HRICOROOOCCOCOROCRHHCRRIRCOICO_
com/moonsworth/lunar/client/CCROIHHHCOCHHOHORCIRHOCRROIOCI/RCIOICOHRIOIIRRRROCRHCIICRROHO/OOOHIHRHRHIIICICCCRRICOOICOIRR/HHRROIIHRRICIIHIIHICRHHRHOHHOO	com/moonsworth/lunar/client/CCROIHHHCOCHHOHORCIRHOCRROIOCI/RCIOICOHRIOIIRRRROCRHCIICRROHO/OOOHIHRHRHIIICICCCRRICOOICOIRR/HHRROIIHRRICIIHIIHICRHHRHOHHOO_
com/moonsworth/lunar/client/CCROIHHHCOCHHOHORCIRHOCRROIOCI/RCIOICOHRIOIIRRRROCRHCIICRROHO/OOOHIHRHRHIIICICCCRRICOOICOIRR/HORHROIOIOICIRHIOCOICHHHIHCIIO	com/moonsworth/lunar/client/CCROIHHHCOCHHOHORCIRHOCRROIOCI/RCIOICOHRIOIIRRRROCRHCIICRROHO/OOOHIHRHRHIIICICCCRRICOOICOIRR/HORHROIOIOICIRHIOCOICHHHIHCIIO_
com/moonsworth/lunar/client/CCROIHHHCOCHHOHORCIRHOCRROIOCI/RCIOICOHRIOIIRRRROCRHCIICRROHO/RCCHCRRHRORRCCHHOHCHHCCOHHROHI/HORHROIOIOICIRHIOCOICHHHIHCIIO	com/moonsworth/lunar/client/CCROIHHHCOCHHOHORCIRHOCRROIOCI/RCIOICOHRIOIIRRRROCRHCIICRROHO/RCCHCRRHRORRCCHHOHCHHCCOHHROHI/HORHROIOIOICIRHIOCOICHHHIHCIIO_
com/moonsworth/lunar/client/CCROIHHHCOCHHOHORCIRHOCRROIOCI/RCIOICOHRIOIIRRRROCRHCIICRROHO/RCOHRRRHRIOORHCRORIIHCCORRCRRC/HORHROIOIOICIRHIOCOICHHHIHCIIO	com/moonsworth/lunar/client/CCROIHHHCOCHHOHORCIRHOCRROIOCI/RCIOICOHRIOIIRRRROCRHCIICRROHO/RCOHRRRHRIOORHCRORIIHCCORRCRRC/HORHROIOIOICIRHIOCOICHHHIHCIIO_
com/moonsworth/lunar/client/CCROIHHHCOCHHOHORCIRHOCRROIOCI/RCIOICOHRIOIIRRRROCRHCIICRROHO/RCRHIIIOHIRHRCORCCCIRRRICHIHRC/HORHROIOIOICIRHIOCOICHHHIHCIIO	com/moonsworth/lunar/client/CCROIHHHCOCHHOHORCIRHOCRROIOCI/RCIOICOHRIOIIRRRROCRHCIICRROHO/RCRHIIIOHIRHRCORCCCIRRRICHIHRC/HORHROIOIOICIRHIOCOICHHHIHCIIO_
com/moonsworth/lunar/client/CCROIHHHCOCHHOHORCIRHOCRROIOCI/RCIOICOHRIOIIRRRROCRHCIICRROHO/RCRHIIIOHIRHRCORCCCIRRRICHIHRC/HORHROIOIOICIRHIOCOICHHHIHCIIO$HORHROIOIOICIRHIOCOICHHHIHCIIO	com/moonsworth/lunar/client/CCROIHHHCOCHHOHORCIRHOCRROIOCI/RCIOICOHRIOIIRRRROCRHCIICRROHO/RCRHIIIOHIRHRCORCCCIRRRICHIHRC/HORHROIOIOICIRHIOCOICHHHIHCIIO_$HORHROIOIOICIRHIOCOICHHHIHCIIO
com/moonsworth/lunar/client/CCROIHHHCOCHHOHORCIRHOCRROIOCI/RCIOICOHRIOIIRRRROCRHCIICRROHO/RCRHIIIOHIRHRCORCCCIRRRICHIHRC/HORHROIOIOICIRHIOCOICHHHIHCIIO/HORHROIOIOICIRHIOCOICHHHIHCIIO	com/moonsworth/lunar/client/CCROIHHHCOCHHOHORCIRHOCRROIOCI/RCIOICOHRIOIIRRRROCRHCIICRROHO/RCRHIIIOHIRHRCORCCCIRRRICHIHRC/HORHROIOIOICIRHIOCOICHHHIHCIIO/HORHROIOIOICIRHIOCOICHHHIHCIIO_
com/moonsworth/lunar/client/CCROIHHHCOCHHOHORCIRHOCRROIOCI/RCIOICOHRIOIIRRRROCRHCIICRROHO/RCRHIIIOHIRHRCORCCCIRRRICHIHRC/HORHROIOIOICIRHIOCOICHHHIHCIIO/HORHROIOIOICIRHIOCOICHHHIHCIIO$HORHROIOIOICIRHIOCOICHHHIHCIIO	com/moonsworth/lunar/client/CCROIHHHCOCHHOHORCIRHOCRROIOCI/RCIOICOHRIOIIRRRROCRHCIICRROHO/RCRHIIIOHIRHRCORCCCIRRRICHIHRC/HORHROIOIOICIRHIOCOICHHHIHCIIO/HORHROIOIOICIRHIOCOICHHHIHCIIO_$HORHROIOIOICIRHIOCOICHHHIHCIIO
com/moonsworth/lunar/client/CCROIHHHCOCHHOHORCIRHOCRROIOCI/RCIOICOHRIOIIRRRROCRHCIICRROHO/RIHHRCCHRCRRIOOOIHICHCCHIRRCCC/HHRROIIHRRICIIHIIHICRHHRHOHHOO	com/moonsworth/lunar/client/CCROIHHHCOCHHOHORCIRHOCRROIOCI/RCIOICOHRIOIIRRRROCRHCIICRROHO/RIHHRCCHRCRRIOOOIHICHCCHIRRCCC/HHRROIIHRRICIIHIIHICRHHRHOHHOO_
com/moonsworth/lunar/client/CCROIHHHCOCHHOHORCIRHOCRROIOCI/RCIOICOHRIOIIRRRROCRHCIICRROHO/RIHHRCCHRCRRIOOOIHICHCCHIRRCCC/HORHROIOIOICIRHIOCOICHHHIHCIIO	com/moonsworth/lunar/client/CCROIHHHCOCHHOHORCIRHOCRROIOCI/RCIOICOHRIOIIRRRROCRHCIICRROHO/RIHHRCCHRCRRIOOOIHICHCCHIRRCCC/HORHROIOIOICIRHIOCOICHHHIHCIIO_
com/moonsworth/lunar/client/CCROIHHHCOCHHOHORCIRHOCRROIOCI/RCIOICOHRIOIIRRRROCRHCIICRROHO/RIHHRCCHRCRRIOOOIHICHCCHIRRCCC/HORHROIOIOICIRHIOCOICHHHIHCIIO/HHRROIIHRRICIIHIIHICRHHRHOHHOO	com/moonsworth/lunar/client/CCROIHHHCOCHHOHORCIRHOCRROIOCI/RCIOICOHRIOIIRRRROCRHCIICRROHO/RIHHRCCHRCRRIOOOIHICHCCHIRRCCC/HORHROIOIOICIRHIOCOICHHHIHCIIO/HHRROIIHRRICIIHIIHICRHHRHOHHOO_
com/moonsworth/lunar/client/CCROIHHHCOCHHOHORCIRHOCRROIOCI/RCIOICOHRIOIIRRRROCRHCIICRROHO/RIHHRCCHRCRRIOOOIHICHCCHIRRCCC/HORHROIOIOICIRHIOCOICHHHIHCIIO/HORHROIOIOICIRHIOCOICHHHIHCIIO	com/moonsworth/lunar/client/CCROIHHHCOCHHOHORCIRHOCRROIOCI/RCIOICOHRIOIIRRRROCRHCIICRROHO/RIHHRCCHRCRRIOOOIHICHCCHIRRCCC/HORHROIOIOICIRHIOCOICHHHIHCIIO/HORHROIOIOICIRHIOCOICHHHIHCIIO_
com/moonsworth/lunar/client/CCROIHHHCOCHHOHORCIRHOCRROIOCI/RCIOICOHRIOIIRRRROCRHCIICRROHO/RIOOHRCHIRCIICRIRCOCHIRHHCOIRO/HHRROIIHRRICIIHIIHICRHHRHOHHOO	com/moonsworth/lunar/client/CCROIHHHCOCHHOHORCIRHOCRROIOCI/RCIOICOHRIOIIRRRROCRHCIICRROHO/RIOOHRCHIRCIICRIRCOCHIRHHCOIRO/HHRROIIHRRICIIHIIHICRHHRHOHHOO_
com/moonsworth/lunar/client/CCROIHHHCOCHHOHORCIRHOCRROIOCI/RCIOICOHRIOIIRRRROCRHCIICRROHO/RIOOHRCHIRCIICRIRCOCHIRHHCOIRO/HHRROIIHRRICIIHIIHICRHHRHOHHOO$HORHROIOIOICIRHIOCOICHHHIHCIIO	com/moonsworth/lunar/client/CCROIHHHCOCHHOHORCIRHOCRROIOCI/RCIOICOHRIOIIRRRROCRHCIICRROHO/RIOOHRCHIRCIICRIRCOCHIRHHCOIRO/HHRROIIHRRICIIHIIHICRHHRHOHHOO_$HORHROIOIOICIRHIOCOICHHHIHCIIO
com/moonsworth/lunar/client/CCROIHHHCOCHHOHORCIRHOCRROIOCI/RCIOICOHRIOIIRRRROCRHCIICRROHO/RIOOHRCHIRCIICRIRCOCHIRHHCOIRO/HORHROIOIOICIRHIOCOICHHHIHCIIO	com/moonsworth/lunar/client/CCROIHHHCOCHHOHORCIRHOCRROIOCI/RCIOICOHRIOIIRRRROCRHCIICRROHO/RIOOHRCHIRCIICRIRCOCHIRHHCOIRO/HORHROIOIOICIRHIOCOICHHHIHCIIO_
com/moonsworth/lunar/client/CCROIHHHCOCHHOHORCIRHOCRROIOCI/RCIOICOHRIOIIRRRROCRHCIICRROHO/RIOOHRCHIRCIICRIRCOCHIRHHCOIRO/HORHROIOIOICIRHIOCOICHHHIHCIIO/HHRROIIHRRICIIHIIHICRHHRHOHHOO	com/moonsworth/lunar/client/CCROIHHHCOCHHOHORCIRHOCRROIOCI/RCIOICOHRIOIIRRRROCRHCIICRROHO/RIOOHRCHIRCIICRIRCOCHIRHHCOIRO/HORHROIOIOICIRHIOCOICHHHIHCIIO/HHRROIIHRRICIIHIIHICRHHRHOHHOO_
com/moonsworth/lunar/client/CCROIHHHCOCHHOHORCIRHOCRROIOCI/RCIOICOHRIOIIRRRROCRHCIICRROHO/RIOOHRCHIRCIICRIRCOCHIRHHCOIRO/HORHROIOIOICIRHIOCOICHHHIHCIIO/HORHROIOIOICIRHIOCOICHHHIHCIIO	com/moonsworth/lunar/client/CCROIHHHCOCHHOHORCIRHOCRROIOCI/RCIOICOHRIOIIRRRROCRHCIICRROHO/RIOOHRCHIRCIICRIRCOCHIRHHCOIRO/HORHROIOIOICIRHIOCOICHHHIHCIIO/HORHROIOIOICIRHIOCOICHHHIHCIIO_
com/moonsworth/lunar/client/CCROIHHHCOCHHOHORCIRHOCRROIOCI/RCIOICOHRIOIIRRRROCRHCIICRROHO/RRCIOHHRCRCCOCCIOROHORCRROHCOC/HORHROIOIOICIRHIOCOICHHHIHCIIO	com/moonsworth/lunar/client/CCROIHHHCOCHHOHORCIRHOCRROIOCI/RCIOICOHRIOIIRRRROCRHCIICRROHO/RRCIOHHRCRCCOCCIOROHORCRROHCOC/HORHROIOIOICIRHIOCOICHHHIHCIIO_
com/moonsworth/lunar/client/CCROIHHHCOCHHOHORCIRHOCRROIOCI/RCIOICOHRIOIIRRRROCRHCIICRROHO/RRCIOHHRCRCCOCCIOROHORCRROHCOC/HORHROIOIOICIRHIOCOICHHHIHCIIO$1	com/moonsworth/lunar/client/CCROIHHHCOCHHOHORCIRHOCRROIOCI/RCIOICOHRIOIIRRRROCRHCIICRROHO/RRCIOHHRCRCCOCCIOROHORCRROHCOC/HORHROIOIOICIRHIOCOICHHHIHCIIO_$1
com/moonsworth/lunar/client/CCROIHHHCOCHHOHORCIRHOCRROIOCI/RCIOICOHRIOIIRRRROCRHCIICRROHO/RRCIOHHRCRCCOCCIOROHORCRROHCOC/HORHROIOIOICIRHIOCOICHHHIHCIIO/HORHROIOIOICIRHIOCOICHHHIHCIIO	com/moonsworth/lunar/client/CCROIHHHCOCHHOHORCIRHOCRROIOCI/RCIOICOHRIOIIRRRROCRHCIICRROHO/RRCIOHHRCRCCOCCIOROHORCRROHCOC/HORHROIOIOICIRHIOCOICHHHIHCIIO/HORHROIOIOICIRHIOCOICHHHIHCIIO_
com/moonsworth/lunar/client/CCROIHHHCOCHHOHORCIRHOCRROIOCI/RCIOICOHRIOIIRRRROCRHCIICRROHO/RRCIOHHRCRCCOCCIOROHORCRROHCOC/HORHROIOIOICIRHIOCOICHHHIHCIIO/HORHROIOIOICIRHIOCOICHHHIHCIIO$HORHROIOIOICIRHIOCOICHHHIHCIIO	com/moonsworth/lunar/client/CCROIHHHCOCHHOHORCIRHOCRROIOCI/RCIOICOHRIOIIRRRROCRHCIICRROHO/RRCIOHHRCRCCOCCIOROHORCRROHCOC/HORHROIOIOICIRHIOCOICHHHIHCIIO/HORHROIOIOICIRHIOCOICHHHIHCIIO_$HORHROIOIOICIRHIOCOICHHHIHCIIO
com/moonsworth/lunar/client/HCCIHCROHHCOOHCHCHHHICIOROHICC/HHRROIIHRRICIIHIIHICRHHRHOHHOO	com/moonsworth/lunar/client/HCCIHCROHHCOOHCHCHHHICIOROHICC/HHRROIIHRRICIIHIIHICRHHRHOHHOO_
com/moonsworth/lunar/client/HCCIHCROHHCOOHCHCHHHICIOROHICC/HORHROIOIOICIRHIOCOICHHHIHCIIO	com/moonsworth/lunar/client/HCCIHCROHHCOOHCHCHHHICIOROHICC/HORHROIOIOICIRHIOCOICHHHIHCIIO_
com/moonsworth/lunar/client/HCCIHCROHHCOOHCHCHHHICIOROHICC/HORHROIOIOICIRHIOCOICHHHIHCIIO/HORHROIOIOICIRHIOCOICHHHIHCIIO	com/moonsworth/lunar/client/HCCIHCROHHCOOHCHCHHHICIOROHICC/HORHROIOIOICIRHIOCOICHHHIHCIIO/HORHROIOIOICIRHIOCOICHHHIHCIIO_
com/moonsworth/lunar/client/HCCIHCROHHCOOHCHCHHHICIOROHICC/HORHROIOIOICIRHIOCOICHHHIHCIIO/HORHROIOIOICIRHIOCOICHHHIHCIIO$1	com/moonsworth/lunar/client/HCCIHCROHHCOOHCHCHHHICIOROHICC/HORHROIOIOICIRHIOCOICHHHIHCIIO/HORHROIOIOICIRHIOCOICHHHIHCIIO_$1
com/moonsworth/lunar/client/HCCIHCROHHCOOHCHCHHHICIOROHICC/HRICOROOOCCOCOROCRHHCRRIRCOICO	com/moonsworth/lunar/client/HCCIHCROHHCOOHCHCHHHICIOROHICC/HRICOROOOCCOCOROCRHHCRRIRCOICO_
com/moonsworth/lunar/client/HCCIHCROHHCOOHCHCHHHICIOROHICC/HRICOROOOCCOCOROCRHHCRRIRCOICO/HORHROIOIOICIRHIOCOICHHHIHCIIO	com/moonsworth/lunar/client/HCCIHCROHHCOOHCHCHHHICIOROHICC/HRICOROOOCCOCOROCRHHCRRIRCOICO/HORHROIOIOICIRHIOCOICHHHIHCIIO_
com/moonsworth/lunar/client/HCCIHCROHHCOOHCHCHHHICIOROHICC/ICRHORIIHOHROHOHOCOOHOOCOORRHO	com/moonsworth/lunar/client/HCCIHCROHHCOOHCHCHHHICIOROHICC/ICRHORIIHOHROHOHOCOOHOOCOORRHO_
com/moonsworth/lunar/client/HCCIHCROHHCOOHCHCHHHICIOROHICC/ICRHORIIHOHROHOHOCOOHOOCOORRHO/HORHROIOIOICIRHIOCOICHHHIHCIIO	com/moonsworth/lunar/client/HCCIHCROHHCOOHCHCHHHICIOROHICC/ICRHORIIHOHROHOHOCOOHOOCOORRHO/HORHROIOIOICIRHIOCOICHHHIHCIIO_
com/moonsworth/lunar/client/HCCIHCROHHCOOHCHCHHHICIOROHICC/RCIOICOHRIOIIRRRROCRHCIICRROHO	com/moonsworth/lunar/client/HCCIHCROHHCOOHCHCHHHICIOROHICC/RCIOICOHRIOIIRRRROCRHCIICRROHO_
com/moonsworth/lunar/client/HCHHRHHCRIIORRRICOOCCOCHIRRRRR/HHRROIIHRRICIIHIIHICRHHRHOHHOO	com/moonsworth/lunar/client/HCHHRHHCRIIORRRICOOCCOCHIRRRRR/HHRROIIHRRICIIHIIHICRHHRHOHHOO_
com/moonsworth/lunar/client/HCHHRHHCRIIORRRICOOCCOCHIRRRRR/HHRROIIHRRICIIHIIHICRHHRHOHHOO/HHRROIIHRRICIIHIIHICRHHRHOHHOO	com/moonsworth/lunar/client/HCHHRHHCRIIORRRICOOCCOCHIRRRRR/HHRROIIHRRICIIHIIHICRHHRHOHHOO/HHRROIIHRRICIIHIIHICRHHRHOHHOO_
com/moonsworth/lunar/client/HCHHRHHCRIIORRRICOOCCOCHIRRRRR/HHRROIIHRRICIIHIIHICRHHRHOHHOO/HHRROIIHRRICIIHIIHICRHHRHOHHOO$HORHROIOIOICIRHIOCOICHHHIHCIIO	com/moonsworth/lunar/client/HCHHRHHCRIIORRRICOOCCOCHIRRRRR/HHRROIIHRRICIIHIIHICRHHRHOHHOO/HHRROIIHRRICIIHIIHICRHHRHOHHOO_$HORHROIOIOICIRHIOCOICHHHIHCIIO
com/moonsworth/lunar/client/HCHHRHHCRIIORRRICOOCCOCHIRRRRR/HHRROIIHRRICIIHIIHICRHHRHOHHOO/HORHROIOIOICIRHIOCOICHHHIHCIIO	com/moonsworth/lunar/client/HCHHRHHCRIIORRRICOOCCOCHIRRRRR/HHRROIIHRRICIIHIIHICRHHRHOHHOO/HORHROIOIOICIRHIOCOICHHHIHCIIO_
com/moonsworth/lunar/client/HCHHRHHCRIIORRRICOOCCOCHIRRRRR/HHRROIIHRRICIIHIIHICRHHRHOHHOO/HORHROIOIOICIRHIOCOICHHHIHCIIO$1	com/moonsworth/lunar/client/HCHHRHHCRIIORRRICOOCCOCHIRRRRR/HHRROIIHRRICIIHIIHICRHHRHOHHOO/HORHROIOIOICIRHIOCOICHHHIHCIIO_$1
com/moonsworth/lunar/client/HCHHRHHCRIIORRRICOOCCOCHIRRRRR/HHRROIIHRRICIIHIIHICRHHRHOHHOO/HORHROIOIOICIRHIOCOICHHHIHCIIO/HORHROIOIOICIRHIOCOICHHHIHCIIO	com/moonsworth/lunar/client/HCHHRHHCRIIORRRICOOCCOCHIRRRRR/HHRROIIHRRICIIHIIHICRHHRHOHHOO/HORHROIOIOICIRHIOCOICHHHIHCIIO/HORHROIOIOICIRHIOCOICHHHIHCIIO_
com/moonsworth/lunar/client/HCHHRHHCRIIORRRICOOCCOCHIRRRRR/HHRROIIHRRICIIHIIHICRHHRHOHHOO/HORHROIOIOICIRHIOCOICHHHIHCIIO/HORHROIOIOICIRHIOCOICHHHIHCIIO$HORHROIOIOICIRHIOCOICHHHIHCIIO	com/moonsworth/lunar/client/HCHHRHHCRIIORRRICOOCCOCHIRRRRR/HHRROIIHRRICIIHIIHICRHHRHOHHOO/HORHROIOIOICIRHIOCOICHHHIHCIIO/HORHROIOIOICIRHIOCOICHHHIHCIIO_$HORHROIOIOICIRHIOCOICHHHIHCIIO
com/moonsworth/lunar/client/HCHHRHHCRIIORRRICOOCCOCHIRRRRR/HHRROIIHRRICIIHIIHICRHHRHOHHOO/HORHROIOIOICIRHIOCOICHHHIHCIIO/HORHROIOIOICIRHIOCOICHHHIHCIIO/HORHROIOIOICIRHIOCOICHHHIHCIIO	com/moonsworth/lunar/client/HCHHRHHCRIIORRRICOOCCOCHIRRRRR/HHRROIIHRRICIIHIIHICRHHRHOHHOO/HORHROIOIOICIRHIOCOICHHHIHCIIO/HORHROIOIOICIRHIOCOICHHHIHCIIO/HORHROIOIOICIRHIOCOICHHHIHCIIO_
com/moonsworth/lunar/client/HCHHRHHCRIIORRRICOOCCOCHIRRRRR/HHRROIIHRRICIIHIIHICRHHRHOHHOO/HORHROIOIOICIRHIOCOICHHHIHCIIO/HORHROIOIOICIRHIOCOICHHHIHCIIO/HORHROIOIOICIRHIOCOICHHHIHCIIO$HRICOROOOCCOCOROCRHHCRRIRCOICO	com/moonsworth/lunar/client/HCHHRHHCRIIORRRICOOCCOCHIRRRRR/HHRROIIHRRICIIHIIHICRHHRHOHHOO/HORHROIOIOICIRHIOCOICHHHIHCIIO/HORHROIOIOICIRHIOCOICHHHIHCIIO/HORHROIOIOICIRHIOCOICHHHIHCIIO_$HRICOROOOCCOCOROCRHHCRRIRCOICO
com/moonsworth/lunar/client/HCHHRHHCRIIORRRICOOCCOCHIRRRRR/HHRROIIHRRICIIHIIHICRHHRHOHHOO/HORHROIOIOICIRHIOCOICHHHIHCIIO/HORHROIOIOICIRHIOCOICHHHIHCIIO/HORHROIOIOICIRHIOCOICHHHIHCIIO$HHRROIIHRRICIIHIIHICRHHRHOHHOO	com/moonsworth/lunar/client/HCHHRHHCRIIORRRICOOCCOCHIRRRRR/HHRROIIHRRICIIHIIHICRHHRHOHHOO/HORHROIOIOICIRHIOCOICHHHIHCIIO/HORHROIOIOICIRHIOCOICHHHIHCIIO/HORHROIOIOICIRHIOCOICHHHIHCIIO_$HHRROIIHRRICIIHIIHICRHHRHOHHOO
com/moonsworth/lunar/client/HCHHRHHCRIIORRRICOOCCOCHIRRRRR/HHRROIIHRRICIIHIIHICRHHRHOHHOO/HORHROIOIOICIRHIOCOICHHHIHCIIO/HORHROIOIOICIRHIOCOICHHHIHCIIO/HORHROIOIOICIRHIOCOICHHHIHCIIO$HORHROIOIOICIRHIOCOICHHHIHCIIO$1	com/moonsworth/lunar/client/HCHHRHHCRIIORRRICOOCCOCHIRRRRR/HHRROIIHRRICIIHIIHICRHHRHOHHOO/HORHROIOIOICIRHIOCOICHHHIHCIIO/HORHROIOIOICIRHIOCOICHHHIHCIIO/HORHROIOIOICIRHIOCOICHHHIHCIIO_$HORHROIOIOICIRHIOCOICHHHIHCIIO$1
com/moonsworth/lunar/client/HCHHRHHCRIIORRRICOOCCOCHIRRRRR/HHRROIIHRRICIIHIIHICRHHRHOHHOO/HORHROIOIOICIRHIOCOICHHHIHCIIO/HORHROIOIOICIRHIOCOICHHHIHCIIO/HORHROIOIOICIRHIOCOICHHHIHCIIO$HORHROIOIOICIRHIOCOICHHHIHCIIO	com/moonsworth/lunar/client/HCHHRHHCRIIORRRICOOCCOCHIRRRRR/HHRROIIHRRICIIHIIHICRHHRHOHHOO/HORHROIOIOICIRHIOCOICHHHIHCIIO/HORHROIOIOICIRHIOCOICHHHIHCIIO/HORHROIOIOICIRHIOCOICHHHIHCIIO_$HORHROIOIOICIRHIOCOICHHHIHCIIO
com/moonsworth/lunar/client/HCHHRHHCRIIORRRICOOCCOCHIRRRRR/HHRROIIHRRICIIHIIHICRHHRHOHHOO/HRICOROOOCCOCOROCRHHCRRIRCOICO	com/moonsworth/lunar/client/HCHHRHHCRIIORRRICOOCCOCHIRRRRR/HHRROIIHRRICIIHIIHICRHHRHOHHOO/HRICOROOOCCOCOROCRHHCRRIRCOICO_
com/moonsworth/lunar/client/HCHHRHHCRIIORRRICOOCCOCHIRRRRR/HHRROIIHRRICIIHIIHICRHHRHOHHOO/HRICOROOOCCOCOROCRHHCRRIRCOICO$1	com/moonsworth/lunar/client/HCHHRHHCRIIORRRICOOCCOCHIRRRRR/HHRROIIHRRICIIHIIHICRHHRHOHHOO/HRICOROOOCCOCOROCRHHCRRIRCOICO_$1
com/moonsworth/lunar/client/HCHHRHHCRIIORRRICOOCCOCHIRRRRR/HHRROIIHRRICIIHIIHICRHHRHOHHOO/HRICOROOOCCOCOROCRHHCRRIRCOICO/HHRROIIHRRICIIHIIHICRHHRHOHHOO	com/moonsworth/lunar/client/HCHHRHHCRIIORRRICOOCCOCHIRRRRR/HHRROIIHRRICIIHIIHICRHHRHOHHOO/HRICOROOOCCOCOROCRHHCRRIRCOICO/HHRROIIHRRICIIHIIHICRHHRHOHHOO_
com/moonsworth/lunar/client/HCHHRHHCRIIORRRICOOCCOCHIRRRRR/HHRROIIHRRICIIHIIHICRHHRHOHHOO/HRICOROOOCCOCOROCRHHCRRIRCOICO/HORHROIOIOICIRHIOCOICHHHIHCIIO	com/moonsworth/lunar/client/HCHHRHHCRIIORRRICOOCCOCHIRRRRR/HHRROIIHRRICIIHIIHICRHHRHOHHOO/HRICOROOOCCOCOROCRHHCRRIRCOICO/HORHROIOIOICIRHIOCOICHHHIHCIIO_
com/moonsworth/lunar/client/HCHHRHHCRIIORRRICOOCCOCHIRRRRR/HHRROIIHRRICIIHIIHICRHHRHOHHOO/HRICOROOOCCOCOROCRHHCRRIRCOICO/HORHROIOIOICIRHIOCOICHHHIHCIIO$HORHROIOIOICIRHIOCOICHHHIHCIIO	com/moonsworth/lunar/client/HCHHRHHCRIIORRRICOOCCOCHIRRRRR/HHRROIIHRRICIIHIIHICRHHRHOHHOO/HRICOROOOCCOCOROCRHHCRRIRCOICO/HORHROIOIOICIRHIOCOICHHHIHCIIO_$HORHROIOIOICIRHIOCOICHHHIHCIIO
com/moonsworth/lunar/client/HCHHRHHCRIIORRRICOOCCOCHIRRRRR/HHRROIIHRRICIIHIIHICRHHRHOHHOO/ICRHORIIHOHROHOHOCOOHOOCOORRHO	com/moonsworth/lunar/client/HCHHRHHCRIIORRRICOOCCOCHIRRRRR/HHRROIIHRRICIIHIIHICRHHRHOHHOO/ICRHORIIHOHROHOHOCOOHOOCOORRHO_
com/moonsworth/lunar/client/HCHHRHHCRIIORRRICOOCCOCHIRRRRR/HHRROIIHRRICIIHIIHICRHHRHOHHOO/OHROCHICOIOICHOCRROORRCIIICIHO	com/moonsworth/lunar/client/HCHHRHHCRIIORRRICOOCCOCHIRRRRR/HHRROIIHRRICIIHIIHICRHHRHOHHOO/OHROCHICOIOICHOCRROORRCIIICIHO_
com/moonsworth/lunar/client/HCHHRHHCRIIORRRICOOCCOCHIRRRRR/HHRROIIHRRICIIHIIHICRHHRHOHHOO/RCIOICOHRIOIIRRRROCRHCIICRROHO	com/moonsworth/lunar/client/HCHHRHHCRIIORRRICOOCCOCHIRRRRR/HHRROIIHRRICIIHIIHICRHHRHOHHOO/RCIOICOHRIOIIRRRROCRHCIICRROHO_
com/moonsworth/lunar/client/HCHHRHHCRIIORRRICOOCCOCHIRRRRR/HHRROIIHRRICIIHIIHICRHHRHOHHOO/RCIOICOHRIOIIRRRROCRHCIICRROHO/HORHROIOIOICIRHIOCOICHHHIHCIIO	com/moonsworth/lunar/client/HCHHRHHCRIIORRRICOOCCOCHIRRRRR/HHRROIIHRRICIIHIIHICRHHRHOHHOO/RCIOICOHRIOIIRRRROCRHCIICRROHO/HORHROIOIOICIRHIOCOICHHHIHCIIO_
com/moonsworth/lunar/client/HCHHRHHCRIIORRRICOOCCOCHIRRRRR/HHRROIIHRRICIIHIIHICRHHRHOHHOO/RCIOICOHRIOIIRRRROCRHCIICRROHO/HORHROIOIOICIRHIOCOICHHHIHCIIO$1	com/moonsworth/lunar/client/HCHHRHHCRIIORRRICOOCCOCHIRRRRR/HHRROIIHRRICIIHIIHICRHHRHOHHOO/RCIOICOHRIOIIRRRROCRHCIICRROHO/HORHROIOIOICIRHIOCOICHHHIHCIIO_$1
com/moonsworth/lunar/client/HCHHRHHCRIIORRRICOOCCOCHIRRRRR/HORHROIOIOICIRHIOCOICHHHIHCIIO	com/moonsworth/lunar/client/HCHHRHHCRIIORRRICOOCCOCHIRRRRR/HORHROIOIOICIRHIOCOICHHHIHCIIO_
com/moonsworth/lunar/client/HICCRORORCRIHCORCCIORIOROORIHR/HHRROIIHRRICIIHIIHICRHHRHOHHOO	com/moonsworth/lunar/client/HICCRORORCRIHCORCCIORIOROORIHR/HHRROIIHRRICIIHIIHICRHHRHOHHOO_
com/moonsworth/lunar/client/HICCRORORCRIHCORCCIORIOROORIHR/HORHROIOIOICIRHIOCOICHHHIHCIIO	com/moonsworth/lunar/client/HICCRORORCRIHCORCCIORIOROORIHR/HORHROIOIOICIRHIOCOICHHHIHCIIO_
com/moonsworth/lunar/client/HICCRORORCRIHCORCCIORIOROORIHR/HRICOROOOCCOCOROCRHHCRRIRCOICO	com/moonsworth/lunar/client/HICCRORORCRIHCORCCIORIOROORIHR/HRICOROOOCCOCOROCRHHCRRIRCOICO_
com/moonsworth/lunar/client/HICCRORORCRIHCORCCIORIOROORIHR/ICRHORIIHOHROHOHOCOOHOOCOORRHO	com/moonsworth/lunar/client/HICCRORORCRIHCORCCIORIOROORIHR/ICRHORIIHOHROHOHOCOOHOOCOORRHO_
com/moonsworth/lunar/client/HICCRORORCRIHCORCCIORIOROORIHR/OHROCHICOIOICHOCRROORRCIIICIHO	com/moonsworth/lunar/client/HICCRORORCRIHCORCCIORIOROORIHR/OHROCHICOIOICHOCRROORRCIIICIHO_
com/moonsworth/lunar/client/HICCRORORCRIHCORCCIORIOROORIHR/OHROCHICOIOICHOCRROORRCIIICIHO/CCROIHHHCOCHHOHORCIRHOCRROIOCI	com/moonsworth/lunar/client/HICCRORORCRIHCORCCIORIOROORIHR/OHROCHICOIOICHOCRROORRCIIICIHO/CCROIHHHCOCHHOHORCIRHOCRROIOCI_
com/moonsworth/lunar/client/HICCRORORCRIHCORCCIORIOROORIHR/OHROCHICOIOICHOCRROORRCIIICIHO/CCROIHHHCOCHHOHORCIRHOCRROIOCI/HHRROIIHRRICIIHIIHICRHHRHOHHOO	com/moonsworth/lunar/client/HICCRORORCRIHCORCCIORIOROORIHR/OHROCHICOIOICHOCRROORRCIIICIHO/CCROIHHHCOCHHOHORCIRHOCRROIOCI/HHRROIIHRRICIIHIIHICRHHRHOHHOO_
com/moonsworth/lunar/client/HICCRORORCRIHCORCCIORIOROORIHR/OHROCHICOIOICHOCRROORRCIIICIHO/CCROIHHHCOCHHOHORCIRHOCRROIOCI/HHRROIIHRRICIIHIIHICRHHRHOHHOO$1	com/moonsworth/lunar/client/HICCRORORCRIHCORCCIORIOROORIHR/OHROCHICOIOICHOCRROORRCIIICIHO/CCROIHHHCOCHHOHORCIRHOCRROIOCI/HHRROIIHRRICIIHIIHICRHHRHOHHOO_$1
com/moonsworth/lunar/client/HICCRORORCRIHCORCCIORIOROORIHR/OHROCHICOIOICHOCRROORRCIIICIHO/CCROIHHHCOCHHOHORCIRHOCRROIOCI/HORHROIOIOICIRHIOCOICHHHIHCIIO	com/moonsworth/lunar/client/HICCRORORCRIHCORCCIORIOROORIHR/OHROCHICOIOICHOCRROORRCIIICIHO/CCROIHHHCOCHHOHORCIRHOCRROIOCI/HORHROIOIOICIRHIOCOICHHHIHCIIO_
com/moonsworth/lunar/client/HICCRORORCRIHCORCCIORIOROORIHR/OHROCHICOIOICHOCRROORRCIIICIHO/CCROIHHHCOCHHOHORCIRHOCRROIOCI/HORHROIOIOICIRHIOCOICHHHIHCIIO$HHRROIIHRRICIIHIIHICRHHRHOHHOO	com/moonsworth/lunar/client/HICCRORORCRIHCORCCIORIOROORIHR/OHROCHICOIOICHOCRROORRCIIICIHO/CCROIHHHCOCHHOHORCIRHOCRROIOCI/HORHROIOIOICIRHIOCOICHHHIHCIIO_$HHRROIIHRRICIIHIIHICRHHRHOHHOO
com/moonsworth/lunar/client/HICCRORORCRIHCORCCIORIOROORIHR/OHROCHICOIOICHOCRROORRCIIICIHO/CCROIHHHCOCHHOHORCIRHOCRROIOCI/HORHROIOIOICIRHIOCOICHHHIHCIIO$HORHROIOIOICIRHIOCOICHHHIHCIIO	com/moonsworth/lunar/client/HICCRORORCRIHCORCCIORIOROORIHR/OHROCHICOIOICHOCRROORRCIIICIHO/CCROIHHHCOCHHOHORCIRHOCRROIOCI/HORHROIOIOICIRHIOCOICHHHIHCIIO_$HORHROIOIOICIRHIOCOICHHHIHCIIO
com/moonsworth/lunar/client/HICCRORORCRIHCORCCIORIOROORIHR/OHROCHICOIOICHOCRROORRCIIICIHO/CCROIHHHCOCHHOHORCIRHOCRROIOCI/HORHROIOIOICIRHIOCOICHHHIHCIIO$HRICOROOOCCOCOROCRHHCRRIRCOICO	com/moonsworth/lunar/client/HICCRORORCRIHCORCCIORIOROORIHR/OHROCHICOIOICHOCRROORRCIIICIHO/CCROIHHHCOCHHOHORCIRHOCRROIOCI/HORHROIOIOICIRHIOCOICHHHIHCIIO_$HRICOROOOCCOCOROCRHHCRRIRCOICO
com/moonsworth/lunar/client/HICCRORORCRIHCORCCIORIOROORIHR/OHROCHICOIOICHOCRROORRCIIICIHO/HHRROIIHRRICIIHIIHICRHHRHOHHOO	com/moonsworth/lunar/client/HICCRORORCRIHCORCCIORIOROORIHR/OHROCHICOIOICHOCRROORRCIIICIHO/HHRROIIHRRICIIHIIHICRHHRHOHHOO_
com/moonsworth/lunar/client/HICCRORORCRIHCORCCIORIOROORIHR/OHROCHICOIOICHOCRROORRCIIICIHO/HHRROIIHRRICIIHIIHICRHHRHOHHOO/HHRROIIHRRICIIHIIHICRHHRHOHHOO	com/moonsworth/lunar/client/HICCRORORCRIHCORCCIORIOROORIHR/OHROCHICOIOICHOCRROORRCIIICIHO/HHRROIIHRRICIIHIIHICRHHRHOHHOO/HHRROIIHRRICIIHIIHICRHHRHOHHOO_
com/moonsworth/lunar/client/HICCRORORCRIHCORCCIORIOROORIHR/OHROCHICOIOICHOCRROORRCIIICIHO/HHRROIIHRRICIIHIIHICRHHRHOHHOO/HHRROIIHRRICIIHIIHICRHHRHOHHOO/HHRROIIHRRICIIHIIHICRHHRHOHHOO/HHRROIIHRRICIIHIIHICRHHRHOHHOO	com/moonsworth/lunar/client/HICCRORORCRIHCORCCIORIOROORIHR/OHROCHICOIOICHOCRROORRCIIICIHO/HHRROIIHRRICIIHIIHICRHHRHOHHOO/HHRROIIHRRICIIHIIHICRHHRHOHHOO/HHRROIIHRRICIIHIIHICRHHRHOHHOO/HHRROIIHRRICIIHIIHICRHHRHOHHOO_
com/moonsworth/lunar/client/HICCRORORCRIHCORCCIORIOROORIHR/OHROCHICOIOICHOCRROORRCIIICIHO/HHRROIIHRRICIIHIIHICRHHRHOHHOO/HHRROIIHRRICIIHIIHICRHHRHOHHOO/HHRROIIHRRICIIHIIHICRHHRHOHHOO/HORHROIOIOICIRHIOCOICHHHIHCIIO	com/moonsworth/lunar/client/HICCRORORCRIHCORCCIORIOROORIHR/OHROCHICOIOICHOCRROORRCIIICIHO/HHRROIIHRRICIIHIIHICRHHRHOHHOO/HHRROIIHRRICIIHIIHICRHHRHOHHOO/HHRROIIHRRICIIHIIHICRHHRHOHHOO/HORHROIOIOICIRHIOCOICHHHIHCIIO_
com/moonsworth/lunar/client/HICCRORORCRIHCORCCIORIOROORIHR/OHROCHICOIOICHOCRROORRCIIICIHO/HHRROIIHRRICIIHIIHICRHHRHOHHOO/HHRROIIHRRICIIHIIHICRHHRHOHHOO/HHRROIIHRRICIIHIIHICRHHRHOHHOO/HRICOROOOCCOCOROCRHHCRRIRCOICO	com/moonsworth/lunar/client/HICCRORORCRIHCORCCIORIOROORIHR/OHROCHICOIOICHOCRROORRCIIICIHO/HHRROIIHRRICIIHIIHICRHHRHOHHOO/HHRROIIHRRICIIHIIHICRHHRHOHHOO/HHRROIIHRRICIIHIIHICRHHRHOHHOO/HRICOROOOCCOCOROCRHHCRRIRCOICO_
com/moonsworth/lunar/client/HICCRORORCRIHCORCCIORIOROORIHR/OHROCHICOIOICHOCRROORRCIIICIHO/HHRROIIHRRICIIHIIHICRHHRHOHHOO/HHRROIIHRRICIIHIIHICRHHRHOHHOO/HORHROIOIOICIRHIOCOICHHHIHCIIO	com/moonsworth/lunar/client/HICCRORORCRIHCORCCIORIOROORIHR/OHROCHICOIOICHOCRROORRCIIICIHO/HHRROIIHRRICIIHIIHICRHHRHOHHOO/HHRROIIHRRICIIHIIHICRHHRHOHHOO/HORHROIOIOICIRHIOCOICHHHIHCIIO_
com/moonsworth/lunar/client/HICCRORORCRIHCORCCIORIOROORIHR/OHROCHICOIOICHOCRROORRCIIICIHO/HHRROIIHRRICIIHIIHICRHHRHOHHOO/HORHROIOIOICIRHIOCOICHHHIHCIIO	com/moonsworth/lunar/client/HICCRORORCRIHCORCCIORIOROORIHR/OHROCHICOIOICHOCRROORRCIIICIHO/HHRROIIHRRICIIHIIHICRHHRHOHHOO/HORHROIOIOICIRHIOCOICHHHIHCIIO_
com/moonsworth/lunar/client/HICCRORORCRIHCORCCIORIOROORIHR/OHROCHICOIOICHOCRROORRCIIICIHO/HIOROOCORHICHIRIHIRCCORCIIICCH	com/moonsworth/lunar/client/HICCRORORCRIHCORCCIORIOROORIHR/OHROCHICOIOICHOCRROORRCIIICIHO/HIOROOCORHICHIRIHIRCCORCIIICCH_
com/moonsworth/lunar/client/HICCRORORCRIHCORCCIORIOROORIHR/OHROCHICOIOICHOCRROORRCIIICIHO/HORHROIOIOICIRHIOCOICHHHIHCIIO	com/moonsworth/lunar/client/HICCRORORCRIHCORCCIORIOROORIHR/OHROCHICOIOICHOCRROORRCIIICIHO/HORHROIOIOICIRHIOCOICHHHIHCIIO_
com/moonsworth/lunar/client/HICCRORORCRIHCORCCIORIOROORIHR/OHROCHICOIOICHOCRROORRCIIICIHO/HORHROIOIOICIRHIOCOICHHHIHCIIO/HHRROIIHRRICIIHIIHICRHHRHOHHOO	com/moonsworth/lunar/client/HICCRORORCRIHCORCCIORIOROORIHR/OHROCHICOIOICHOCRROORRCIIICIHO/HORHROIOIOICIRHIOCOICHHHIHCIIO/HHRROIIHRRICIIHIIHICRHHRHOHHOO_
com/moonsworth/lunar/client/HICCRORORCRIHCORCCIORIOROORIHR/OHROCHICOIOICHOCRROORRCIIICIHO/HORHROIOIOICIRHIOCOICHHHIHCIIO/HHRROIIHRRICIIHIIHICRHHRHOHHOO/HORHROIOIOICIRHIOCOICHHHIHCIIO	com/moonsworth/lunar/client/HICCRORORCRIHCORCCIORIOROORIHR/OHROCHICOIOICHOCRROORRCIIICIHO/HORHROIOIOICIRHIOCOICHHHIHCIIO/HHRROIIHRRICIIHIIHICRHHRHOHHOO/HORHROIOIOICIRHIOCOICHHHIHCIIO_
com/moonsworth/lunar/client/HICCRORORCRIHCORCCIORIOROORIHR/OHROCHICOIOICHOCRROORRCIIICIHO/HORHROIOIOICIRHIOCOICHHHIHCIIO/HORHROIOIOICIRHIOCOICHHHIHCIIO	com/moonsworth/lunar/client/HICCRORORCRIHCORCCIORIOROORIHR/OHROCHICOIOICHOCRROORRCIIICIHO/HORHROIOIOICIRHIOCOICHHHIHCIIO/HORHROIOIOICIRHIOCOICHHHIHCIIO_
com/moonsworth/lunar/client/HICCRORORCRIHCORCCIORIOROORIHR/OHROCHICOIOICHOCRROORRCIIICIHO/HORHROIOIOICIRHIOCOICHHHIHCIIO/HRICOROOOCCOCOROCRHHCRRIRCOICO	com/moonsworth/lunar/client/HICCRORORCRIHCORCCIORIOROORIHR/OHROCHICOIOICHOCRROORRCIIICIHO/HORHROIOIOICIRHIOCOICHHHIHCIIO/HRICOROOOCCOCOROCRHHCRRIRCOICO_
com/moonsworth/lunar/client/HICCRORORCRIHCORCCIORIOROORIHR/OHROCHICOIOICHOCRROORRCIIICIHO/HORHROIOIOICIRHIOCOICHHHIHCIIO/ICRHORIIHOHROHOHOCOOHOOCOORRHO/HORHROIOIOICIRHIOCOICHHHIHCIIO	com/moonsworth/lunar/client/HICCRORORCRIHCORCCIORIOROORIHR/OHROCHICOIOICHOCRROORRCIIICIHO/HORHROIOIOICIRHIOCOICHHHIHCIIO/ICRHORIIHOHROHOHOCOOHOOCOORRHO/HORHROIOIOICIRHIOCOICHHHIHCIIO_
com/moonsworth/lunar/client/HICCRORORCRIHCORCCIORIOROORIHR/OHROCHICOIOICHOCRROORRCIIICIHO/HRICOROOOCCOCOROCRHHCRRIRCOICO	com/moonsworth/lunar/client/HICCRORORCRIHCORCCIORIOROORIHR/OHROCHICOIOICHOCRROORRCIIICIHO/HRICOROOOCCOCOROCRHHCRRIRCOICO_
com/moonsworth/lunar/client/HICCRORORCRIHCORCCIORIOROORIHR/OHROCHICOIOICHOCRROORRCIIICIHO/HROHOIOCHIRIHICOORIHOHCIOIRIIH	com/moonsworth/lunar/client/HICCRORORCRIHCORCCIORIOROORIHR/OHROCHICOIOICHOCRROORRCIIICIHO/HROHOIOCHIRIHICOORIHOHCIOIRIIH_
com/moonsworth/lunar/client/HICCRORORCRIHCORCCIORIOROORIHR/OHROCHICOIOICHOCRROORRCIIICIHO/HROHOIOCHIRIHICOORIHOHCIOIRIIH$1	com/moonsworth/lunar/client/HICCRORORCRIHCORCCIORIOROORIHR/OHROCHICOIOICHOCRROORRCIIICIHO/HROHOIOCHIRIHICOORIHOHCIOIRIIH_$1
com/moonsworth/lunar/client/HICCRORORCRIHCORCCIORIOROORIHR/OHROCHICOIOICHOCRROORRCIIICIHO/HROHOIOCHIRIHICOORIHOHCIOIRIIH$HORHROIOIOICIRHIOCOICHHHIHCIIO	com/moonsworth/lunar/client/HICCRORORCRIHCORCCIORIOROORIHR/OHROCHICOIOICHOCRROORRCIIICIHO/HROHOIOCHIRIHICOORIHOHCIOIRIIH_$HORHROIOIOICIRHIOCOICHHHIHCIIO
com/moonsworth/lunar/client/HICCRORORCRIHCORCCIORIOROORIHR/OHROCHICOIOICHOCRROORRCIIICIHO/HROHOIOCHIRIHICOORIHOHCIOIRIIH$2	com/moonsworth/lunar/client/HICCRORORCRIHCORCCIORIOROORIHR/OHROCHICOIOICHOCRROORRCIIICIHO/HROHOIOCHIRIHICOORIHOHCIOIRIIH_$2
com/moonsworth/lunar/client/HICCRORORCRIHCORCCIORIOROORIHR/OHROCHICOIOICHOCRROORRCIIICIHO/ICRHORIIHOHROHOHOCOOHOOCOORRHO	com/moonsworth/lunar/client/HICCRORORCRIHCORCCIORIOROORIHR/OHROCHICOIOICHOCRROORRCIIICIHO/ICRHORIIHOHROHOHOCOOHOOCOORRHO_
com/moonsworth/lunar/client/HICCRORORCRIHCORCCIORIOROORIHR/OHROCHICOIOICHOCRROORRCIIICIHO/ICRHORIIHOHROHOHOCOOHOOCOORRHO/HHRROIIHRRICIIHIIHICRHHRHOHHOO	com/moonsworth/lunar/client/HICCRORORCRIHCORCCIORIOROORIHR/OHROCHICOIOICHOCRROORRCIIICIHO/ICRHORIIHOHROHOHOCOOHOOCOORRHO/HHRROIIHRRICIIHIIHICRHHRHOHHOO_
com/moonsworth/lunar/client/HICCRORORCRIHCORCCIORIOROORIHR/OHROCHICOIOICHOCRROORRCIIICIHO/ICRHORIIHOHROHOHOCOOHOOCOORRHO/HHRROIIHRRICIIHIIHICRHHRHOHHOO$HORHROIOIOICIRHIOCOICHHHIHCIIO	com/moonsworth/lunar/client/HICCRORORCRIHCORCCIORIOROORIHR/OHROCHICOIOICHOCRROORRCIIICIHO/ICRHORIIHOHROHOHOCOOHOOCOORRHO/HHRROIIHRRICIIHIIHICRHHRHOHHOO_$HORHROIOIOICIRHIOCOICHHHIHCIIO
com/moonsworth/lunar/client/HICCRORORCRIHCORCCIORIOROORIHR/OHROCHICOIOICHOCRROORRCIIICIHO/ICRHORIIHOHROHOHOCOOHOOCOORRHO/HORHROIOIOICIRHIOCOICHHHIHCIIO	com/moonsworth/lunar/client/HICCRORORCRIHCORCCIORIOROORIHR/OHROCHICOIOICHOCRROORRCIIICIHO/ICRHORIIHOHROHOHOCOOHOOCOORRHO/HORHROIOIOICIRHIOCOICHHHIHCIIO_
com/moonsworth/lunar/client/HICCRORORCRIHCORCCIORIOROORIHR/OHROCHICOIOICHOCRROORRCIIICIHO/ICRHORIIHOHROHOHOCOOHOOCOORRHO/HRICOROOOCCOCOROCRHHCRRIRCOICO	com/moonsworth/lunar/client/HICCRORORCRIHCORCCIORIOROORIHR/OHROCHICOIOICHOCRROORRCIIICIHO/ICRHORIIHOHROHOHOCOOHOOCOORRHO/HRICOROOOCCOCOROCRHHCRRIRCOICO_
com/moonsworth/lunar/client/HICCRORORCRIHCORCCIORIOROORIHR/OHROCHICOIOICHOCRROORRCIIICIHO/OHOOORICRHIIIIRHCICICOCHROICRC	com/moonsworth/lunar/client/HICCRORORCRIHCORCCIORIOROORIHR/OHROCHICOIOICHOCRROORRCIIICIHO/OHOOORICRHIIIIRHCICICOCHROICRC_
com/moonsworth/lunar/client/HICCRORORCRIHCORCCIORIOROORIHR/OHROCHICOIOICHOCRROORRCIIICIHO/OHOOORICRHIIIIRHCICICOCHROICRC/HHRROIIHRRICIIHIIHICRHHRHOHHOO	com/moonsworth/lunar/client/HICCRORORCRIHCORCCIORIOROORIHR/OHROCHICOIOICHOCRROORRCIIICIHO/OHOOORICRHIIIIRHCICICOCHROICRC/HHRROIIHRRICIIHIIHICRHHRHOHHOO_
com/moonsworth/lunar/client/HICCRORORCRIHCORCCIORIOROORIHR/OHROCHICOIOICHOCRROORRCIIICIHO/OHOOORICRHIIIIRHCICICOCHROICRC/HORHROIOIOICIRHIOCOICHHHIHCIIO	com/moonsworth/lunar/client/HICCRORORCRIHCORCCIORIOROORIHR/OHROCHICOIOICHOCRROORRCIIICIHO/OHOOORICRHIIIIRHCICICOCHROICRC/HORHROIOIOICIRHIOCOICHHHIHCIIO_
com/moonsworth/lunar/client/HICCRORORCRIHCORCCIORIOROORIHR/OHROCHICOIOICHOCRROORRCIIICIHO/OHROCHICOIOICHOCRROORRCIIICIHO	com/moonsworth/lunar/client/HICCRORORCRIHCORCCIORIOROORIHR/OHROCHICOIOICHOCRROORRCIIICIHO/OHROCHICOIOICHOCRROORRCIIICIHO_
com/moonsworth/lunar/client/HICCRORORCRIHCORCCIORIOROORIHR/OHROCHICOIOICHOCRROORRCIIICIHO/OIRIOIIIRICICCHORICRRIRROHCRIC	com/moonsworth/lunar/client/HICCRORORCRIHCORCCIORIOROORIHR/OHROCHICOIOICHOCRROORRCIIICIHO/OIRIOIIIRICICCHORICRRIRROHCRIC_
com/moonsworth/lunar/client/HICCRORORCRIHCORCCIORIOROORIHR/OHROCHICOIOICHOCRROORRCIIICIHO/OIRIOIIIRICICCHORICRRIRROHCRIC$HORHROIOIOICIRHIOCOICHHHIHCIIO	com/moonsworth/lunar/client/HICCRORORCRIHCORCCIORIOROORIHR/OHROCHICOIOICHOCRROORRCIIICIHO/OIRIOIIIRICICCHORICRRIRROHCRIC_$HORHROIOIOICIRHIOCOICHHHIHCIIO
com/moonsworth/lunar/client/HICCRORORCRIHCORCCIORIOROORIHR/OHROCHICOIOICHOCRROORRCIIICIHO/OIRIOIIIRICICCHORICRRIRROHCRIC$1	com/moonsworth/lunar/client/HICCRORORCRIHCORCCIORIOROORIHR/OHROCHICOIOICHOCRROORRCIIICIHO/OIRIOIIIRICICCHORICRRIRROHCRIC_$1
com/moonsworth/lunar/client/HICCRORORCRIHCORCCIORIOROORIHR/OHROCHICOIOICHOCRROORRCIIICIHO/ORCHOHHCOHCORRICRIHCHHRORHHCHH	com/moonsworth/lunar/client/HICCRORORCRIHCORCCIORIOROORIHR/OHROCHICOIOICHOCRROORRCIIICIHO/ORCHOHHCOHCORRICRIHCHHRORHHCHH_
com/moonsworth/lunar/client/HICCRORORCRIHCORCCIORIOROORIHR/OHROCHICOIOICHOCRROORRCIIICIHO/ORCHOHHCOHCORRICRIHCHHRORHHCHH$HORHROIOIOICIRHIOCOICHHHIHCIIO	com/moonsworth/lunar/client/HICCRORORCRIHCORCCIORIOROORIHR/OHROCHICOIOICHOCRROORRCIIICIHO/ORCHOHHCOHCORRICRIHCHHRORHHCHH_$HORHROIOIOICIRHIOCOICHHHIHCIIO
com/moonsworth/lunar/client/HICCRORORCRIHCORCCIORIOROORIHR/OHROCHICOIOICHOCRROORRCIIICIHO/ORCHOHHCOHCORRICRIHCHHRORHHCHH/HORHROIOIOICIRHIOCOICHHHIHCIIO	com/moonsworth/lunar/client/HICCRORORCRIHCORCCIORIOROORIHR/OHROCHICOIOICHOCRROORRCIIICIHO/ORCHOHHCOHCORRICRIHCHHRORHHCHH/HORHROIOIOICIRHIOCOICHHHIHCIIO_
com/moonsworth/lunar/client/HICCRORORCRIHCORCCIORIOROORIHR/OHROCHICOIOICHOCRROORRCIIICIHO/ORCHOHHCOHCORRICRIHCHHRORHHCHH/HORHROIOIOICIRHIOCOICHHHIHCIIO$HORHROIOIOICIRHIOCOICHHHIHCIIO	com/moonsworth/lunar/client/HICCRORORCRIHCORCCIORIOROORIHR/OHROCHICOIOICHOCRROORRCIIICIHO/ORCHOHHCOHCORRICRIHCHHRORHHCHH/HORHROIOIOICIRHIOCOICHHHIHCIIO_$HORHROIOIOICIRHIOCOICHHHIHCIIO
com/moonsworth/lunar/client/HICCRORORCRIHCORCCIORIOROORIHR/OHROCHICOIOICHOCRROORRCIIICIHO/ORCHOHHCOHCORRICRIHCHHRORHHCHH/HORHROIOIOICIRHIOCOICHHHIHCIIO$HHRROIIHRRICIIHIIHICRHHRHOHHOO	com/moonsworth/lunar/client/HICCRORORCRIHCORCCIORIOROORIHR/OHROCHICOIOICHOCRROORRCIIICIHO/ORCHOHHCOHCORRICRIHCHHRORHHCHH/HORHROIOIOICIRHIOCOICHHHIHCIIO_$HHRROIIHRRICIIHIIHICRHHRHOHHOO
com/moonsworth/lunar/client/HICCRORORCRIHCORCCIORIOROORIHR/OHROCHICOIOICHOCRROORRCIIICIHO/ORICHRORRORHORHOIHCRHOORCRRHOI	com/moonsworth/lunar/client/HICCRORORCRIHCORCCIORIOROORIHR/OHROCHICOIOICHOCRROORRCIIICIHO/ORICHRORRORHORHOIHCRHOORCRRHOI_
com/moonsworth/lunar/client/HICCRORORCRIHCORCCIORIOROORIHR/OHROCHICOIOICHOCRROORRCIIICIHO/RCIOICOHRIOIIRRRROCRHCIICRROHO	com/moonsworth/lunar/client/HICCRORORCRIHCORCCIORIOROORIHR/OHROCHICOIOICHOCRROORRCIIICIHO/RCIOICOHRIOIIRRRROCRHCIICRROHO_
com/moonsworth/lunar/client/HICCRORORCRIHCORCCIORIOROORIHR/OIRIOIIIRICICCHORICRRIRROHCRIC/HORHROIOIOICIRHIOCOICHHHIHCIIO	com/moonsworth/lunar/client/HICCRORORCRIHCORCCIORIOROORIHR/OIRIOIIIRICICCHORICRRIRROHCRIC/HORHROIOIOICIRHIOCOICHHHIHCIIO_
com/moonsworth/lunar/client/HICCRORORCRIHCORCCIORIOROORIHR/ORCHOHHCOHCORRICRIHCHHRORHHCHH	com/moonsworth/lunar/client/HICCRORORCRIHCORCCIORIOROORIHR/ORCHOHHCOHCORRICRIHCHHRORHHCHH_
com/moonsworth/lunar/client/HICCRORORCRIHCORCCIORIOROORIHR/ORCHOHHCOHCORRICRIHCHHRORHHCHH/HORHROIOIOICIRHIOCOICHHHIHCIIO	com/moonsworth/lunar/client/HICCRORORCRIHCORCCIORIOROORIHR/ORCHOHHCOHCORRICRIHCHHRORHHCHH/HORHROIOIOICIRHIOCOICHHHIHCIIO_
com/moonsworth/lunar/client/HICCRORORCRIHCORCCIORIOROORIHR/RCIOICOHRIOIIRRRROCRHCIICRROHO	com/moonsworth/lunar/client/HICCRORORCRIHCORCCIORIOROORIHR/RCIOICOHRIOIIRRRROCRHCIICRROHO_
com/moonsworth/lunar/client/HIOROOCORHICHIRIHIRCCORCIIICCH/HORHROIOIOICIRHIOCOICHHHIHCIIO	com/moonsworth/lunar/client/HIOROOCORHICHIRIHIRCCORCIIICCH/HORHROIOIOICIRHIOCOICHHHIHCIIO_
com/moonsworth/lunar/client/HIRIHCROOIRIORCCOIRRCRHOHCCRRO/HHRROIIHRRICIIHIIHICRHHRHOHHOO	com/moonsworth/lunar/client/HIRIHCROOIRIORCCOIRRCRHOHCCRRO/HHRROIIHRRICIIHIIHICRHHRHOHHOO_
com/moonsworth/lunar/client/HIRIHCROOIRIORCCOIRRCRHOHCCRRO/HHRROIIHRRICIIHIIHICRHHRHOHHOO/HHRROIIHRRICIIHIIHICRHHRHOHHOO	com/moonsworth/lunar/client/HIRIHCROOIRIORCCOIRRCRHOHCCRRO/HHRROIIHRRICIIHIIHICRHHRHOHHOO/HHRROIIHRRICIIHIIHICRHHRHOHHOO_
com/moonsworth/lunar/client/HIRIHCROOIRIORCCOIRRCRHOHCCRRO/HHRROIIHRRICIIHIIHICRHHRHOHHOO/HHRROIIHRRICIIHIIHICRHHRHOHHOO$1	com/moonsworth/lunar/client/HIRIHCROOIRIORCCOIRRCRHOHCCRRO/HHRROIIHRRICIIHIIHICRHHRHOHHOO/HHRROIIHRRICIIHIIHICRHHRHOHHOO_$1
com/moonsworth/lunar/client/HIRIHCROOIRIORCCOIRRCRHOHCCRRO/HHRROIIHRRICIIHIIHICRHHRHOHHOO/HHRROIIHRRICIIHIIHICRHHRHOHHOO/HORHROIOIOICIRHIOCOICHHHIHCIIO	com/moonsworth/lunar/client/HIRIHCROOIRIORCCOIRRCRHOHCCRRO/HHRROIIHRRICIIHIIHICRHHRHOHHOO/HHRROIIHRRICIIHIIHICRHHRHOHHOO/HORHROIOIOICIRHIOCOICHHHIHCIIO_
com/moonsworth/lunar/client/HIRIHCROOIRIORCCOIRRCRHOHCCRRO/HHRROIIHRRICIIHIIHICRHHRHOHHOO/HORHROIOIOICIRHIOCOICHHHIHCIIO	com/moonsworth/lunar/client/HIRIHCROOIRIORCCOIRRCRHOHCCRRO/HHRROIIHRRICIIHIIHICRHHRHOHHOO/HORHROIOIOICIRHIOCOICHHHIHCIIO_
com/moonsworth/lunar/client/HIRIHCROOIRIORCCOIRRCRHOHCCRRO/HHRROIIHRRICIIHIIHICRHHRHOHHOO/HRICOROOOCCOCOROCRHHCRRIRCOICO	com/moonsworth/lunar/client/HIRIHCROOIRIORCCOIRRCRHOHCCRRO/HHRROIIHRRICIIHIIHICRHHRHOHHOO/HRICOROOOCCOCOROCRHHCRRIRCOICO_
com/moonsworth/lunar/client/HIRIHCROOIRIORCCOIRRCRHOHCCRRO/HHRROIIHRRICIIHIIHICRHHRHOHHOO/HRICOROOOCCOCOROCRHHCRRIRCOICO/HORHROIOIOICIRHIOCOICHHHIHCIIO	com/moonsworth/lunar/client/HIRIHCROOIRIORCCOIRRCRHOHCCRRO/HHRROIIHRRICIIHIIHICRHHRHOHHOO/HRICOROOOCCOCOROCRHHCRRIRCOICO/HORHROIOIOICIRHIOCOICHHHIHCIIO_
com/moonsworth/lunar/client/HIRIHCROOIRIORCCOIRRCRHOHCCRRO/HHRROIIHRRICIIHIIHICRHHRHOHHOO/ICRHORIIHOHROHOHOCOOHOOCOORRHO	com/moonsworth/lunar/client/HIRIHCROOIRIORCCOIRRCRHOHCCRRO/HHRROIIHRRICIIHIIHICRHHRHOHHOO/ICRHORIIHOHROHOHOCOOHOOCOORRHO_
com/moonsworth/lunar/client/HIRIHCROOIRIORCCOIRRCRHOHCCRRO/HHRROIIHRRICIIHIIHICRHHRHOHHOO/OHROCHICOIOICHOCRROORRCIIICIHO/HHRROIIHRRICIIHIIHICRHHRHOHHOO	com/moonsworth/lunar/client/HIRIHCROOIRIORCCOIRRCRHOHCCRRO/HHRROIIHRRICIIHIIHICRHHRHOHHOO/OHROCHICOIOICHOCRROORRCIIICIHO/HHRROIIHRRICIIHIIHICRHHRHOHHOO_
com/moonsworth/lunar/client/HIRIHCROOIRIORCCOIRRCRHOHCCRRO/HHRROIIHRRICIIHIIHICRHHRHOHHOO/OHROCHICOIOICHOCRROORRCIIICIHO/HORHROIOIOICIRHIOCOICHHHIHCIIO	com/moonsworth/lunar/client/HIRIHCROOIRIORCCOIRRCRHOHCCRRO/HHRROIIHRRICIIHIIHICRHHRHOHHOO/OHROCHICOIOICHOCRROORRCIIICIHO/HORHROIOIOICIRHIOCOICHHHIHCIIO_
com/moonsworth/lunar/client/HIRIHCROOIRIORCCOIRRCRHOHCCRRO/HHRROIIHRRICIIHIIHICRHHRHOHHOO/OHROCHICOIOICHOCRROORRCIIICIHO/HRICOROOOCCOCOROCRHHCRRIRCOICO	com/moonsworth/lunar/client/HIRIHCROOIRIORCCOIRRCRHOHCCRRO/HHRROIIHRRICIIHIIHICRHHRHOHHOO/OHROCHICOIOICHOCRROORRCIIICIHO/HRICOROOOCCOCOROCRHHCRRIRCOICO_
com/moonsworth/lunar/client/HIRIHCROOIRIORCCOIRRCRHOHCCRRO/HHRROIIHRRICIIHIIHICRHHRHOHHOO/OHROCHICOIOICHOCRROORRCIIICIHO/HRICOROOOCCOCOROCRHHCRRIRCOICO/HORHROIOIOICIRHIOCOICHHHIHCIIO	com/moonsworth/lunar/client/HIRIHCROOIRIORCCOIRRCRHOHCCRRO/HHRROIIHRRICIIHIIHICRHHRHOHHOO/OHROCHICOIOICHOCRROORRCIIICIHO/HRICOROOOCCOCOROCRHHCRRIRCOICO/HORHROIOIOICIRHIOCOICHHHIHCIIO_
com/moonsworth/lunar/client/HIRIHCROOIRIORCCOIRRCRHOHCCRRO/HHRROIIHRRICIIHIIHICRHHRHOHHOO/ORICHRORRORHORHOIHCRHOORCRRHOI/HORHROIOIOICIRHIOCOICHHHIHCIIO	com/moonsworth/lunar/client/HIRIHCROOIRIORCCOIRRCRHOHCCRRO/HHRROIIHRRICIIHIIHICRHHRHOHHOO/ORICHRORRORHORHOIHCRHOORCRRHOI/HORHROIOIOICIRHIOCOICHHHIHCIIO_
com/moonsworth/lunar/client/HIRIHCROOIRIORCCOIRRCRHOHCCRRO/HHRROIIHRRICIIHIIHICRHHRHOHHOO/ORICHRORRORHORHOIHCRHOORCRRHOI/HORHROIOIOICIRHIOCOICHHHIHCIIO/HHRROIIHRRICIIHIIHICRHHRHOHHOO	com/moonsworth/lunar/client/HIRIHCROOIRIORCCOIRRCRHOHCCRRO/HHRROIIHRRICIIHIIHICRHHRHOHHOO/ORICHRORRORHORHOIHCRHOORCRRHOI/HORHROIOIOICIRHIOCOICHHHIHCIIO/HHRROIIHRRICIIHIIHICRHHRHOHHOO_
com/moonsworth/lunar/client/HIRIHCROOIRIORCCOIRRCRHOHCCRRO/HHRROIIHRRICIIHIIHICRHHRHOHHOO/ORICHRORRORHORHOIHCRHOORCRRHOI/HORHROIOIOICIRHIOCOICHHHIHCIIO/HORHROIOIOICIRHIOCOICHHHIHCIIO	com/moonsworth/lunar/client/HIRIHCROOIRIORCCOIRRCRHOHCCRRO/HHRROIIHRRICIIHIIHICRHHRHOHHOO/ORICHRORRORHORHOIHCRHOORCRRHOI/HORHROIOIOICIRHIOCOICHHHIHCIIO/HORHROIOIOICIRHIOCOICHHHIHCIIO_
com/moonsworth/lunar/client/HIRIHCROOIRIORCCOIRRCRHOHCCRRO/HHRROIIHRRICIIHIIHICRHHRHOHHOO/ORICHRORRORHORHOIHCRHOORCRRHOI/HORHROIOIOICIRHIOCOICHHHIHCIIO/HRICOROOOCCOCOROCRHHCRRIRCOICO	com/moonsworth/lunar/client/HIRIHCROOIRIORCCOIRRCRHOHCCRRO/HHRROIIHRRICIIHIIHICRHHRHOHHOO/ORICHRORRORHORHOIHCRHOORCRRHOI/HORHROIOIOICIRHIOCOICHHHIHCIIO/HRICOROOOCCOCOROCRHHCRRIRCOICO_
com/moonsworth/lunar/client/HIRIHCROOIRIORCCOIRRCRHOHCCRRO/HHRROIIHRRICIIHIIHICRHHRHOHHOO/ORICHRORRORHORHOIHCRHOORCRRHOI/HORHROIOIOICIRHIOCOICHHHIHCIIO/HRICOROOOCCOCOROCRHHCRRIRCOICO/HORHROIOIOICIRHIOCOICHHHIHCIIO	com/moonsworth/lunar/client/HIRIHCROOIRIORCCOIRRCRHOHCCRRO/HHRROIIHRRICIIHIIHICRHHRHOHHOO/ORICHRORRORHORHOIHCRHOORCRRHOI/HORHROIOIOICIRHIOCOICHHHIHCIIO/HRICOROOOCCOCOROCRHHCRRIRCOICO/HORHROIOIOICIRHIOCOICHHHIHCIIO_
com/moonsworth/lunar/client/HIRIHCROOIRIORCCOIRRCRHOHCCRRO/HHRROIIHRRICIIHIIHICRHHRHOHHOO/ORICHRORRORHORHOIHCRHOORCRRHOI/HORHROIOIOICIRHIOCOICHHHIHCIIO/ICRHORIIHOHROHOHOCOOHOOCOORRHO	com/moonsworth/lunar/client/HIRIHCROOIRIORCCOIRRCRHOHCCRRO/HHRROIIHRRICIIHIIHICRHHRHOHHOO/ORICHRORRORHORHOIHCRHOORCRRHOI/HORHROIOIOICIRHIOCOICHHHIHCIIO/ICRHORIIHOHROHOHOCOOHOOCOORRHO_
com/moonsworth/lunar/client/HIRIHCROOIRIORCCOIRRCRHOHCCRRO/HHRROIIHRRICIIHIIHICRHHRHOHHOO/ORICHRORRORHORHOIHCRHOORCRRHOI/HORHROIOIOICIRHIOCOICHHHIHCIIO/ICRHORIIHOHROHOHOCOOHOOCOORRHO$HORHROIOIOICIRHIOCOICHHHIHCIIO	com/moonsworth/lunar/client/HIRIHCROOIRIORCCOIRRCRHOHCCRRO/HHRROIIHRRICIIHIIHICRHHRHOHHOO/ORICHRORRORHORHOIHCRHOORCRRHOI/HORHROIOIOICIRHIOCOICHHHIHCIIO/ICRHORIIHOHROHOHOCOOHOOCOORRHO_$HORHROIOIOICIRHIOCOICHHHIHCIIO
com/moonsworth/lunar/client/HIRIHCROOIRIORCCOIRRCRHOHCCRRO/HHRROIIHRRICIIHIIHICRHHRHOHHOO/ORICHRORRORHORHOIHCRHOORCRRHOI/HORHROIOIOICIRHIOCOICHHHIHCIIO/ICRHORIIHOHROHOHOCOOHOOCOORRHO$1	com/moonsworth/lunar/client/HIRIHCROOIRIORCCOIRRCRHOHCCRRO/HHRROIIHRRICIIHIIHICRHHRHOHHOO/ORICHRORRORHORHOIHCRHOORCRRHOI/HORHROIOIOICIRHIOCOICHHHIHCIIO/ICRHORIIHOHROHOHOCOOHOOCOORRHO_$1
com/moonsworth/lunar/client/HIRIHCROOIRIORCCOIRRCRHOHCCRRO/HHRROIIHRRICIIHIIHICRHHRHOHHOO/ORICHRORRORHORHOIHCRHOORCRRHOI/HORHROIOIOICIRHIOCOICHHHIHCIIO/ICRHORIIHOHROHOHOCOOHOOCOORRHO$HHRROIIHRRICIIHIIHICRHHRHOHHOO	com/moonsworth/lunar/client/HIRIHCROOIRIORCCOIRRCRHOHCCRRO/HHRROIIHRRICIIHIIHICRHHRHOHHOO/ORICHRORRORHORHOIHCRHOORCRRHOI/HORHROIOIOICIRHIOCOICHHHIHCIIO/ICRHORIIHOHROHOHOCOOHOOCOORRHO_$HHRROIIHRRICIIHIIHICRHHRHOHHOO
com/moonsworth/lunar/client/HIRIHCROOIRIORCCOIRRCRHOHCCRRO/HHRROIIHRRICIIHIIHICRHHRHOHHOO/ORICHRORRORHORHOIHCRHOORCRRHOI/HORHROIOIOICIRHIOCOICHHHIHCIIO/RCIOICOHRIOIIRRRROCRHCIICRROHO	com/moonsworth/lunar/client/HIRIHCROOIRIORCCOIRRCRHOHCCRRO/HHRROIIHRRICIIHIIHICRHHRHOHHOO/ORICHRORRORHORHOIHCRHOORCRRHOI/HORHROIOIOICIRHIOCOICHHHIHCIIO/RCIOICOHRIOIIRRRROCRHCIICRROHO_
com/moonsworth/lunar/client/HIRIHCROOIRIORCCOIRRCRHOHCCRRO/HORHROIOIOICIRHIOCOICHHHIHCIIO	com/moonsworth/lunar/client/HIRIHCROOIRIORCCOIRRCRHOHCCRRO/HORHROIOIOICIRHIOCOICHHHIHCIIO_
com/moonsworth/lunar/client/HIRIHCROOIRIORCCOIRRCRHOHCCRRO/HORHROIOIOICIRHIOCOICHHHIHCIIO$HORHROIOIOICIRHIOCOICHHHIHCIIO	com/moonsworth/lunar/client/HIRIHCROOIRIORCCOIRRCRHOHCCRRO/HORHROIOIOICIRHIOCOICHHHIHCIIO_$HORHROIOIOICIRHIOCOICHHHIHCIIO
com/moonsworth/lunar/client/HIRIHCROOIRIORCCOIRRCRHOHCCRRO/HRICOROOOCCOCOROCRHHCRRIRCOICO	com/moonsworth/lunar/client/HIRIHCROOIRIORCCOIRRCRHOHCCRRO/HRICOROOOCCOCOROCRHHCRRIRCOICO_
com/moonsworth/lunar/client/HIRIHCROOIRIORCCOIRRCRHOHCCRRO/ICRHORIIHOHROHOHOCOOHOOCOORRHO	com/moonsworth/lunar/client/HIRIHCROOIRIORCCOIRRCRHOHCCRRO/ICRHORIIHOHROHOHOCOOHOOCOORRHO_
com/moonsworth/lunar/client/HIRIHCROOIRIORCCOIRRCRHOHCCRRO/ICRHORIIHOHROHOHOCOOHOOCOORRHO$ICRHORIIHOHROHOHOCOOHOOCOORRHO	com/moonsworth/lunar/client/HIRIHCROOIRIORCCOIRRCRHOHCCRRO/ICRHORIIHOHROHOHOCOOHOOCOORRHO_$ICRHORIIHOHROHOHOCOOHOOCOORRHO
com/moonsworth/lunar/client/HIRIHCROOIRIORCCOIRRCRHOHCCRRO/ICRHORIIHOHROHOHOCOOHOOCOORRHO$HORHROIOIOICIRHIOCOICHHHIHCIIO	com/moonsworth/lunar/client/HIRIHCROOIRIORCCOIRRCRHOHCCRRO/ICRHORIIHOHROHOHOCOOHOOCOORRHO_$HORHROIOIOICIRHIOCOICHHHIHCIIO
com/moonsworth/lunar/client/HIRIHCROOIRIORCCOIRRCRHOHCCRRO/ICRHORIIHOHROHOHOCOOHOOCOORRHO$HHRROIIHRRICIIHIIHICRHHRHOHHOO	com/moonsworth/lunar/client/HIRIHCROOIRIORCCOIRRCRHOHCCRRO/ICRHORIIHOHROHOHOCOOHOOCOORRHO_$HHRROIIHRRICIIHIIHICRHHRHOHHOO
com/moonsworth/lunar/client/HIRIHCROOIRIORCCOIRRCRHOHCCRRO/ICRHORIIHOHROHOHOCOOHOOCOORRHO$HRICOROOOCCOCOROCRHHCRRIRCOICO	com/moonsworth/lunar/client/HIRIHCROOIRIORCCOIRRCRHOHCCRRO/ICRHORIIHOHROHOHOCOOHOOCOORRHO_$HRICOROOOCCOCOROCRHHCRRIRCOICO
com/moonsworth/lunar/client/HIRIHCROOIRIORCCOIRRCRHOHCCRRO/ICRHORIIHOHROHOHOCOOHOOCOORRHO$RCIOICOHRIOIIRRRROCRHCIICRROHO	com/moonsworth/lunar/client/HIRIHCROOIRIORCCOIRRCRHOHCCRRO/ICRHORIIHOHROHOHOCOOHOOCOORRHO_$RCIOICOHRIOIIRRRROCRHCIICRROHO
com/moonsworth/lunar/client/HIRIHCROOIRIORCCOIRRCRHOHCCRRO/ICRHORIIHOHROHOHOCOOHOOCOORRHO/HORHROIOIOICIRHIOCOICHHHIHCIIO	com/moonsworth/lunar/client/HIRIHCROOIRIORCCOIRRCRHOHCCRRO/ICRHORIIHOHROHOHOCOOHOOCOORRHO/HORHROIOIOICIRHIOCOICHHHIHCIIO_
com/moonsworth/lunar/client/HORHROIOIOICIRHIOCOICHHHIHCIIO	com/moonsworth/lunar/client/HORHROIOIOICIRHIOCOICHHHIHCIIO_
com/moonsworth/lunar/client/HORHROIOIOICIRHIOCOICHHHIHCIIO/HHRROIIHRRICIIHIIHICRHHRHOHHOO	com/moonsworth/lunar/client/HORHROIOIOICIRHIOCOICHHHIHCIIO/HHRROIIHRRICIIHIIHICRHHRHOHHOO_
com/moonsworth/lunar/client/HORHROIOIOICIRHIOCOICHHHIHCIIO/HORHROIOIOICIRHIOCOICHHHIHCIIO	com/moonsworth/lunar/client/HORHROIOIOICIRHIOCOICHHHIHCIIO/HORHROIOIOICIRHIOCOICHHHIHCIIO_
com/moonsworth/lunar/client/HORHROIOIOICIRHIOCOICHHHIHCIIO/HORHROIOIOICIRHIOCOICHHHIHCIIO/HORHROIOIOICIRHIOCOICHHHIHCIIO	com/moonsworth/lunar/client/HORHROIOIOICIRHIOCOICHHHIHCIIO/HORHROIOIOICIRHIOCOICHHHIHCIIO/HORHROIOIOICIRHIOCOICHHHIHCIIO_
com/moonsworth/lunar/client/HORHROIOIOICIRHIOCOICHHHIHCIIO/HORHROIOIOICIRHIOCOICHHHIHCIIO/HORHROIOIOICIRHIOCOICHHHIHCIIO$HORHROIOIOICIRHIOCOICHHHIHCIIO	com/moonsworth/lunar/client/HORHROIOIOICIRHIOCOICHHHIHCIIO/HORHROIOIOICIRHIOCOICHHHIHCIIO/HORHROIOIOICIRHIOCOICHHHIHCIIO_$HORHROIOIOICIRHIOCOICHHHIHCIIO
com/moonsworth/lunar/client/HORHROIOIOICIRHIOCOICHHHIHCIIO/HORHROIOIOICIRHIOCOICHHHIHCIIO/HORHROIOIOICIRHIOCOICHHHIHCIIO/HHRROIIHRRICIIHIIHICRHHRHOHHOO	com/moonsworth/lunar/client/HORHROIOIOICIRHIOCOICHHHIHCIIO/HORHROIOIOICIRHIOCOICHHHIHCIIO/HORHROIOIOICIRHIOCOICHHHIHCIIO/HHRROIIHRRICIIHIIHICRHHRHOHHOO_
com/moonsworth/lunar/client/HORHROIOIOICIRHIOCOICHHHIHCIIO/HORHROIOIOICIRHIOCOICHHHIHCIIO/HORHROIOIOICIRHIOCOICHHHIHCIIO/HORHROIOIOICIRHIOCOICHHHIHCIIO	com/moonsworth/lunar/client/HORHROIOIOICIRHIOCOICHHHIHCIIO/HORHROIOIOICIRHIOCOICHHHIHCIIO/HORHROIOIOICIRHIOCOICHHHIHCIIO/HORHROIOIOICIRHIOCOICHHHIHCIIO_
com/moonsworth/lunar/client/HORHROIOIOICIRHIOCOICHHHIHCIIO/HORHROIOIOICIRHIOCOICHHHIHCIIO/HORHROIOIOICIRHIOCOICHHHIHCIIO/HRICOROOOCCOCOROCRHHCRRIRCOICO	com/moonsworth/lunar/client/HORHROIOIOICIRHIOCOICHHHIHCIIO/HORHROIOIOICIRHIOCOICHHHIHCIIO/HORHROIOIOICIRHIOCOICHHHIHCIIO/HRICOROOOCCOCOROCRHHCRRIRCOICO_
com/moonsworth/lunar/client/HORHROIOIOICIRHIOCOICHHHIHCIIO/HORHROIOIOICIRHIOCOICHHHIHCIIO/HORHROIOIOICIRHIOCOICHHHIHCIIO/ICRHORIIHOHROHOHOCOOHOOCOORRHO	com/moonsworth/lunar/client/HORHROIOIOICIRHIOCOICHHHIHCIIO/HORHROIOIOICIRHIOCOICHHHIHCIIO/HORHROIOIOICIRHIOCOICHHHIHCIIO/ICRHORIIHOHROHOHOCOOHOOCOORRHO_
com/moonsworth/lunar/client/HROHOIOCHIRIHICOORIHOHCIOIRIIH/HHRROIIHRRICIIHIIHICRHHRHOHHOO	com/moonsworth/lunar/client/HROHOIOCHIRIHICOORIHOHCIOIRIIH/HHRROIIHRRICIIHIIHICRHHRHOHHOO_
com/moonsworth/lunar/client/HROHOIOCHIRIHICOORIHOHCIOIRIIH/HORHROIOIOICIRHIOCOICHHHIHCIIO	com/moonsworth/lunar/client/HROHOIOCHIRIHICOORIHOHCIOIRIIH/HORHROIOIOICIRHIOCOICHHHIHCIIO_
com/moonsworth/lunar/client/IHRHHRIHICHOOICIRIOOHOICHIRHOI/HORHROIOIOICIRHIOCOICHHHIHCIIO	com/moonsworth/lunar/client/IHRHHRIHICHOOICIRIOOHOICHIRHOI/HORHROIOIOICIRHIOCOICHHHIHCIIO_
com/moonsworth/lunar/client/IICOCHRHIRHIHIIRHOORCHHIIOIOIR/HORHROIOIOICIRHIOCOICHHHIHCIIO/HORHROIOIOICIRHIOCOICHHHIHCIIO/HHRROIIHRRICIIHIIHICRHHRHOHHOO/HORHROIOIOICIRHIOCOICHHHIHCIIO	com/moonsworth/lunar/client/IICOCHRHIRHIHIIRHOORCHHIIOIOIR/HORHROIOIOICIRHIOCOICHHHIHCIIO/HORHROIOIOICIRHIOCOICHHHIHCIIO/HHRROIIHRRICIIHIIHICRHHRHOHHOO/HORHROIOIOICIRHIOCOICHHHIHCIIO_
com/moonsworth/lunar/client/IRCHCHOHRRIOORHRCHRIHIOHRCIHRH/HORHROIOIOICIRHIOCOICHHHIHCIIO/CCROIHHHCOCHHOHORCIRHOCRROIOCI/HORHROIOIOICIRHIOCOICHHHIHCIIO	com/moonsworth/lunar/client/IRCHCHOHRRIOORHRCHRIHIOHRCIHRH/HORHROIOIOICIRHIOCOICHHHIHCIIO/CCROIHHHCOCHHOHORCIRHOCRROIOCI/HORHROIOIOICIRHIOCOICHHHIHCIIO_
com/moonsworth/lunar/client/IRCHCHOHRRIOORHRCHRIHIOHRCIHRH/HORHROIOIOICIRHIOCOICHHHIHCIIO/HHRROIIHRRICIIHIIHICRHHRHOHHOO	com/moonsworth/lunar/client/IRCHCHOHRRIOORHRCHRIHIOHRCIHRH/HORHROIOIOICIRHIOCOICHHHIHCIIO/HHRROIIHRRICIIHIIHICRHHRHOHHOO_
com/moonsworth/lunar/client/IRCHCHOHRRIOORHRCHRIHIOHRCIHRH/HORHROIOIOICIRHIOCOICHHHIHCIIO/HORHROIOIOICIRHIOCOICHHHIHCIIO	com/moonsworth/lunar/client/IRCHCHOHRRIOORHRCHRIHIOHRCIHRH/HORHROIOIOICIRHIOCOICHHHIHCIIO/HORHROIOIOICIRHIOCOICHHHIHCIIO_
com/moonsworth/lunar/client/IRCHCHOHRRIOORHRCHRIHIOHRCIHRH/HORHROIOIOICIRHIOCOICHHHIHCIIO/HORHROIOIOICIRHIOCOICHHHIHCIIO$2	com/moonsworth/lunar/client/IRCHCHOHRRIOORHRCHRIHIOHRCIHRH/HORHROIOIOICIRHIOCOICHHHIHCIIO/HORHROIOIOICIRHIOCOICHHHIHCIIO_$2
com/moonsworth/lunar/client/IRCHCHOHRRIOORHRCHRIHIOHRCIHRH/HORHROIOIOICIRHIOCOICHHHIHCIIO/HORHROIOIOICIRHIOCOICHHHIHCIIO$HORHROIOIOICIRHIOCOICHHHIHCIIO	com/moonsworth/lunar/client/IRCHCHOHRRIOORHRCHRIHIOHRCIHRH/HORHROIOIOICIRHIOCOICHHHIHCIIO/HORHROIOIOICIRHIOCOICHHHIHCIIO_$HORHROIOIOICIRHIOCOICHHHIHCIIO
com/moonsworth/lunar/client/IRCHCHOHRRIOORHRCHRIHIOHRCIHRH/HORHROIOIOICIRHIOCOICHHHIHCIIO/HORHROIOIOICIRHIOCOICHHHIHCIIO$1	com/moonsworth/lunar/client/IRCHCHOHRRIOORHRCHRIHIOHRCIHRH/HORHROIOIOICIRHIOCOICHHHIHCIIO/HORHROIOIOICIRHIOCOICHHHIHCIIO_$1
com/moonsworth/lunar/client/IRCHCHOHRRIOORHRCHRIHIOHRCIHRH/HORHROIOIOICIRHIOCOICHHHIHCIIO/OHROCHICOIOICHOCRROORRCIIICIHO/HORHROIOIOICIRHIOCOICHHHIHCIIO	com/moonsworth/lunar/client/IRCHCHOHRRIOORHRCHRIHIOHRCIHRH/HORHROIOIOICIRHIOCOICHHHIHCIIO/OHROCHICOIOICHOCRROORRCIIICIHO/HORHROIOIOICIRHIOCOICHHHIHCIIO_
com/moonsworth/lunar/client/IRCHCHOHRRIOORHRCHRIHIOHRCIHRH/HORHROIOIOICIRHIOCOICHHHIHCIIO/OHROCHICOIOICHOCRROORRCIIICIHO/HORHROIOIOICIRHIOCOICHHHIHCIIO$HHRROIIHRRICIIHIIHICRHHRHOHHOO	com/moonsworth/lunar/client/IRCHCHOHRRIOORHRCHRIHIOHRCIHRH/HORHROIOIOICIRHIOCOICHHHIHCIIO/OHROCHICOIOICHOCRROORRCIIICIHO/HORHROIOIOICIRHIOCOICHHHIHCIIO_$HHRROIIHRRICIIHIIHICRHHRHOHHOO
com/moonsworth/lunar/client/IRCHCHOHRRIOORHRCHRIHIOHRCIHRH/HORHROIOIOICIRHIOCOICHHHIHCIIO/OHROCHICOIOICHOCRROORRCIIICIHO/HORHROIOIOICIRHIOCOICHHHIHCIIO$HORHROIOIOICIRHIOCOICHHHIHCIIO	com/moonsworth/lunar/client/IRCHCHOHRRIOORHRCHRIHIOHRCIHRH/HORHROIOIOICIRHIOCOICHHHIHCIIO/OHROCHICOIOICHOCRROORRCIIICIHO/HORHROIOIOICIRHIOCOICHHHIHCIIO_$HORHROIOIOICIRHIOCOICHHHIHCIIO
com/moonsworth/lunar/client/IRCHCHOHRRIOORHRCHRIHIOHRCIHRH/HORHROIOIOICIRHIOCOICHHHIHCIIO/OHROCHICOIOICHOCRROORRCIIICIHO/HORHROIOIOICIRHIOCOICHHHIHCIIO/HORHROIOIOICIRHIOCOICHHHIHCIIO	com/moonsworth/lunar/client/IRCHCHOHRRIOORHRCHRIHIOHRCIHRH/HORHROIOIOICIRHIOCOICHHHIHCIIO/OHROCHICOIOICHOCRROORRCIIICIHO/HORHROIOIOICIRHIOCOICHHHIHCIIO/HORHROIOIOICIRHIOCOICHHHIHCIIO_
com/moonsworth/lunar/client/IRCHCHOHRRIOORHRCHRIHIOHRCIHRH/HORHROIOIOICIRHIOCOICHHHIHCIIO/ORCHOHHCOHCORRICRIHCHHRORHHCHH/HORHROIOIOICIRHIOCOICHHHIHCIIO	com/moonsworth/lunar/client/IRCHCHOHRRIOORHRCHRIHIOHRCIHRH/HORHROIOIOICIRHIOCOICHHHIHCIIO/ORCHOHHCOHCORRICRIHCHHRORHHCHH/HORHROIOIOICIRHIOCOICHHHIHCIIO_
com/moonsworth/lunar/client/IRCHCHOHRRIOORHRCHRIHIOHRCIHRH/HORHROIOIOICIRHIOCOICHHHIHCIIO/ORICHRORRORHORHOIHCRHOORCRRHOI/HHRROIIHRRICIIHIIHICRHHRHOHHOO	com/moonsworth/lunar/client/IRCHCHOHRRIOORHRCHRIHIOHRCIHRH/HORHROIOIOICIRHIOCOICHHHIHCIIO/ORICHRORRORHORHOIHCRHOORCRRHOI/HHRROIIHRRICIIHIIHICRHHRHOHHOO_
com/moonsworth/lunar/client/IRCHCHOHRRIOORHRCHRIHIOHRCIHRH/HORHROIOIOICIRHIOCOICHHHIHCIIO/ORICHRORRORHORHOIHCRHOORCRRHOI/HORHROIOIOICIRHIOCOICHHHIHCIIO	com/moonsworth/lunar/client/IRCHCHOHRRIOORHRCHRIHIOHRCIHRH/HORHROIOIOICIRHIOCOICHHHIHCIIO/ORICHRORRORHORHOIHCRHOORCRRHOI/HORHROIOIOICIRHIOCOICHHHIHCIIO_
com/moonsworth/lunar/client/IRCHCHOHRRIOORHRCHRIHIOHRCIHRH/HORHROIOIOICIRHIOCOICHHHIHCIIO/RCIOICOHRIOIIRRRROCRHCIICRROHO/HRICOROOOCCOCOROCRHHCRRIRCOICO/HORHROIOIOICIRHIOCOICHHHIHCIIO	com/moonsworth/lunar/client/IRCHCHOHRRIOORHRCHRIHIOHRCIHRH/HORHROIOIOICIRHIOCOICHHHIHCIIO/RCIOICOHRIOIIRRRROCRHCIICRROHO/HRICOROOOCCOCOROCRHHCRRIRCOICO/HORHROIOIOICIRHIOCOICHHHIHCIIO_
com/moonsworth/lunar/client/OCRORCCHCRIOOIRHOHRRHCRRHRCIHO/HHRROIIHRRICIIHIIHICRHHRHOHHOO	com/moonsworth/lunar/client/OCRORCCHCRIOOIRHOHRRHCRRHRCIHO/HHRROIIHRRICIIHIIHICRHHRHOHHOO_
com/moonsworth/lunar/client/OCRORCCHCRIOOIRHOHRRHCRRHRCIHO/HHRROIIHRRICIIHIIHICRHHRHOHHOO$HORHROIOIOICIRHIOCOICHHHIHCIIO	com/moonsworth/lunar/client/OCRORCCHCRIOOIRHOHRRHCRRHRCIHO/HHRROIIHRRICIIHIIHICRHHRHOHHOO_$HORHROIOIOICIRHIOCOICHHHIHCIIO
com/moonsworth/lunar/client/OCRORCCHCRIOOIRHOHRRHCRRHRCIHO/HORHROIOIOICIRHIOCOICHHHIHCIIO	com/moonsworth/lunar/client/OCRORCCHCRIOOIRHOHRRHCRRHRCIHO/HORHROIOIOICIRHIOCOICHHHIHCIIO_
com/moonsworth/lunar/client/OCRORCCHCRIOOIRHOHRRHCRRHRCIHO/HORHROIOIOICIRHIOCOICHHHIHCIIO$RCIOICOHRIOIIRRRROCRHCIICRROHO	com/moonsworth/lunar/client/OCRORCCHCRIOOIRHOHRRHCRRHRCIHO/HORHROIOIOICIRHIOCOICHHHIHCIIO_$RCIOICOHRIOIIRRRROCRHCIICRROHO
com/moonsworth/lunar/client/OCRORCCHCRIOOIRHOHRRHCRRHRCIHO/HORHROIOIOICIRHIOCOICHHHIHCIIO$RHIRRICCRHHHIIHHIHHOHRCHIOORCC	com/moonsworth/lunar/client/OCRORCCHCRIOOIRHOHRRHCRRHRCIHO/HORHROIOIOICIRHIOCOICHHHIHCIIO_$RHIRRICCRHHHIIHHIHHOHRCHIOORCC
com/moonsworth/lunar/client/OCRORCCHCRIOOIRHOHRRHCRRHRCIHO/HORHROIOIOICIRHIOCOICHHHIHCIIO$HORHROIOIOICIRHIOCOICHHHIHCIIO	com/moonsworth/lunar/client/OCRORCCHCRIOOIRHOHRRHCRRHRCIHO/HORHROIOIOICIRHIOCOICHHHIHCIIO_$HORHROIOIOICIRHIOCOICHHHIHCIIO
com/moonsworth/lunar/client/OCRORCCHCRIOOIRHOHRRHCRRHRCIHO/HORHROIOIOICIRHIOCOICHHHIHCIIO$OIRIOIIIRICICCHORICRRIRROHCRIC	com/moonsworth/lunar/client/OCRORCCHCRIOOIRHOHRRHCRRHRCIHO/HORHROIOIOICIRHIOCOICHHHIHCIIO_$OIRIOIIIRICICCHORICRRIRROHCRIC
com/moonsworth/lunar/client/OCRORCCHCRIOOIRHOHRRHCRRHRCIHO/HORHROIOIOICIRHIOCOICHHHIHCIIO$HHRROIIHRRICIIHIIHICRHHRHOHHOO	com/moonsworth/lunar/client/OCRORCCHCRIOOIRHOHRRHCRRHRCIHO/HORHROIOIOICIRHIOCOICHHHIHCIIO_$HHRROIIHRRICIIHIIHICRHHRHOHHOO
com/moonsworth/lunar/client/OCRORCCHCRIOOIRHOHRRHCRRHRCIHO/HORHROIOIOICIRHIOCOICHHHIHCIIO$IHRHHRIHICHOOICIRIOOHOICHIRHOI	com/moonsworth/lunar/client/OCRORCCHCRIOOIRHOHRRHCRRHRCIHO/HORHROIOIOICIRHIOCOICHHHIHCIIO_$IHRHHRIHICHOOICIRIOOHOICHIRHOI
com/moonsworth/lunar/client/OCRORCCHCRIOOIRHOHRRHCRRHRCIHO/HORHROIOIOICIRHIOCOICHHHIHCIIO$RIIICIRHRCIHOOOORHOICRIICCCRHR	com/moonsworth/lunar/client/OCRORCCHCRIOOIRHOHRRHCRRHRCIHO/HORHROIOIOICIRHIOCOICHHHIHCIIO_$RIIICIRHRCIHOOOORHOICRIICCCRHR
com/moonsworth/lunar/client/OCRORCCHCRIOOIRHOHRRHCRRHRCIHO/HORHROIOIOICIRHIOCOICHHHIHCIIO$OHROCHICOIOICHOCRROORRCIIICIHO	com/moonsworth/lunar/client/OCRORCCHCRIOOIRHOHRRHCRRHRCIHO/HORHROIOIOICIRHIOCOICHHHIHCIIO_$OHROCHICOIOICHOCRROORRCIIICIHO
com/moonsworth/lunar/client/OCRORCCHCRIOOIRHOHRRHCRRHRCIHO/HORHROIOIOICIRHIOCOICHHHIHCIIO$CCROIHHHCOCHHOHORCIRHOCRROIOCI	com/moonsworth/lunar/client/OCRORCCHCRIOOIRHOHRRHCRRHRCIHO/HORHROIOIOICIRHIOCOICHHHIHCIIO_$CCROIHHHCOCHHOHORCIRHOCRROIOCI
com/moonsworth/lunar/client/OCRORCCHCRIOOIRHOHRRHCRRHRCIHO/HORHROIOIOICIRHIOCOICHHHIHCIIO$HRICOROOOCCOCOROCRHHCRRIRCOICO	com/moonsworth/lunar/client/OCRORCCHCRIOOIRHOHRRHCRRHRCIHO/HORHROIOIOICIRHIOCOICHHHIHCIIO_$HRICOROOOCCOCOROCRHHCRRIRCOICO
com/moonsworth/lunar/client/OCRORCCHCRIOOIRHOHRRHCRRHRCIHO/HORHROIOIOICIRHIOCOICHHHIHCIIO$HIOROOCORHICHIRIHIRCCORCIIICCH	com/moonsworth/lunar/client/OCRORCCHCRIOOIRHOHRRHCRRHRCIHO/HORHROIOIOICIRHIOCOICHHHIHCIIO_$HIOROOCORHICHIRIHIRCCORCIIICCH
com/moonsworth/lunar/client/OCRORCCHCRIOOIRHOHRRHCRRHRCIHO/HORHROIOIOICIRHIOCOICHHHIHCIIO$ICRHORIIHOHROHOHOCOOHOOCOORRHO	com/moonsworth/lunar/client/OCRORCCHCRIOOIRHOHRRHCRRHRCIHO/HORHROIOIOICIRHIOCOICHHHIHCIIO_$ICRHORIIHOHROHOHOCOOHOOCOORRHO
com/moonsworth/lunar/client/OCRORCCHCRIOOIRHOHRRHCRRHRCIHO/HORHROIOIOICIRHIOCOICHHHIHCIIO$HROHOIOCHIRIHICOORIHOHCIOIRIIH	com/moonsworth/lunar/client/OCRORCCHCRIOOIRHOHRRHCRRHRCIHO/HORHROIOIOICIRHIOCOICHHHIHCIIO_$HROHOIOCHIRIHICOORIHOHCIOIRIIH
com/moonsworth/lunar/client/OCRORCCHCRIOOIRHOHRRHCRRHRCIHO/HORHROIOIOICIRHIOCOICHHHIHCIIO$ORICHRORRORHORHOIHCRHOORCRRHOI	com/moonsworth/lunar/client/OCRORCCHCRIOOIRHOHRRHCRRHRCIHO/HORHROIOIOICIRHIOCOICHHHIHCIIO_$ORICHRORRORHORHOIHCRHOORCRRHOI
com/moonsworth/lunar/client/OCRORCCHCRIOOIRHOHRRHCRRHRCIHO/HORHROIOIOICIRHIOCOICHHHIHCIIO$IIORCIOOIHRRRICOHIRCIHOOCCOHRO	com/moonsworth/lunar/client/OCRORCCHCRIOOIRHOHRRHCRRHRCIHO/HORHROIOIOICIRHIOCOICHHHIHCIIO_$IIORCIOOIHRRRICOHIRCIHOOCCOHRO
com/moonsworth/lunar/client/OCRORCCHCRIOOIRHOHRRHCRRHRCIHO/HORHROIOIOICIRHIOCOICHHHIHCIIO$ORCHOHHCOHCORRICRIHCHHRORHHCHH	com/moonsworth/lunar/client/OCRORCCHCRIOOIRHOHRRHCRRHRCIHO/HORHROIOIOICIRHIOCOICHHHIHCIIO_$ORCHOHHCOHCORRICRIHCHHRORHHCHH
com/moonsworth/lunar/client/OCRORCCHCRIOOIRHOHRRHCRRHRCIHO/HORHROIOIOICIRHIOCOICHHHIHCIIO$IRCHCHOHRRIOORHRCHRIHIOHRCIHRH	com/moonsworth/lunar/client/OCRORCCHCRIOOIRHOHRRHCRRHRCIHO/HORHROIOIOICIRHIOCOICHHHIHCIIO_$IRCHCHOHRRIOORHRCHRIHIOHRCIHRH
com/moonsworth/lunar/client/OCRORCCHCRIOOIRHOHRRHCRRHRCIHO/HORHROIOIOICIRHIOCOICHHHIHCIIO$OHOOORICRHIIIIRHCICICOCHROICRC	com/moonsworth/lunar/client/OCRORCCHCRIOOIRHOHRRHCRRHRCIHO/HORHROIOIOICIRHIOCOICHHHIHCIIO_$OHOOORICRHIIIIRHCICICOCHROICRC
com/moonsworth/lunar/client/OCRORCCHCRIOOIRHOHRRHCRRHRCIHO/HORHROIOIOICIRHIOCOICHHHIHCIIO$RIIIOHCCHRRRORICCHIIHHOORIIOIR	com/moonsworth/lunar/client/OCRORCCHCRIOOIRHOHRRHCRRHRCIHO/HORHROIOIOICIRHIOCOICHHHIHCIIO_$RIIIOHCCHRRRORICCHIIHHOORIIOIR
com/moonsworth/lunar/client/OIRIOIIIRICICCHORICRRIRROHCRIC/HHRROIIHRRICIIHIIHICRHHRHOHHOO	com/moonsworth/lunar/client/OIRIOIIIRICICCHORICRRIRROHCRIC/HHRROIIHRRICIIHIIHICRHHRHOHHOO_
com/moonsworth/lunar/client/OIRIOIIIRICICCHORICRRIRROHCRIC/HORHROIOIOICIRHIOCOICHHHIHCIIO	com/moonsworth/lunar/client/OIRIOIIIRICICCHORICRRIRROHCRIC/HORHROIOIOICIRHIOCOICHHHIHCIIO_
com/moonsworth/lunar/client/OIRIOIIIRICICCHORICRRIRROHCRIC/OHROCHICOIOICHOCRROORRCIIICIHO/HHRROIIHRRICIIHIIHICRHHRHOHHOO	com/moonsworth/lunar/client/OIRIOIIIRICICCHORICRRIRROHCRIC/OHROCHICOIOICHOCRROORRCIIICIHO/HHRROIIHRRICIIHIIHICRHHRHOHHOO_
com/moonsworth/lunar/client/OIRIOIIIRICICCHORICRRIRROHCRIC/OHROCHICOIOICHOCRROORRCIIICIHO/HHRROIIHRRICIIHIIHICRHHRHOHHOO/HHRROIIHRRICIIHIIHICRHHRHOHHOO	com/moonsworth/lunar/client/OIRIOIIIRICICCHORICRRIRROHCRIC/OHROCHICOIOICHOCRROORRCIIICIHO/HHRROIIHRRICIIHIIHICRHHRHOHHOO/HHRROIIHRRICIIHIIHICRHHRHOHHOO_
com/moonsworth/lunar/client/OIRIOIIIRICICCHORICRRIRROHCRIC/OHROCHICOIOICHOCRROORRCIIICIHO/HHRROIIHRRICIIHIIHICRHHRHOHHOO/HORHROIOIOICIRHIOCOICHHHIHCIIO	com/moonsworth/lunar/client/OIRIOIIIRICICCHORICRRIRROHCRIC/OHROCHICOIOICHOCRROORRCIIICIHO/HHRROIIHRRICIIHIIHICRHHRHOHHOO/HORHROIOIOICIRHIOCOICHHHIHCIIO_
com/moonsworth/lunar/client/OIRIOIIIRICICCHORICRRIRROHCRIC/OHROCHICOIOICHOCRROORRCIIICIHO/HHRROIIHRRICIIHIIHICRHHRHOHHOO/HORHROIOIOICIRHIOCOICHHHIHCIIO$1	com/moonsworth/lunar/client/OIRIOIIIRICICCHORICRRIRROHCRIC/OHROCHICOIOICHOCRROORRCIIICIHO/HHRROIIHRRICIIHIIHICRHHRHOHHOO/HORHROIOIOICIRHIOCOICHHHIHCIIO_$1
com/moonsworth/lunar/client/OIRIOIIIRICICCHORICRRIRROHCRIC/OHROCHICOIOICHOCRROORRCIIICIHO/HHRROIIHRRICIIHIIHICRHHRHOHHOO/HRICOROOOCCOCOROCRHHCRRIRCOICO	com/moonsworth/lunar/client/OIRIOIIIRICICCHORICRRIRROHCRIC/OHROCHICOIOICHOCRROORRCIIICIHO/HHRROIIHRRICIIHIIHICRHHRHOHHOO/HRICOROOOCCOCOROCRHHCRRIRCOICO_
com/moonsworth/lunar/client/OIRIOIIIRICICCHORICRRIRROHCRIC/OHROCHICOIOICHOCRROORRCIIICIHO/HORHROIOIOICIRHIOCOICHHHIHCIIO	com/moonsworth/lunar/client/OIRIOIIIRICICCHORICRRIRROHCRIC/OHROCHICOIOICHOCRROORRCIIICIHO/HORHROIOIOICIRHIOCOICHHHIHCIIO_
com/moonsworth/lunar/client/OIRIOIIIRICICCHORICRRIRROHCRIC/OHROCHICOIOICHOCRROORRCIIICIHO/HRICOROOOCCOCOROCRHHCRRIRCOICO	com/moonsworth/lunar/client/OIRIOIIIRICICCHORICRRIRROHCRIC/OHROCHICOIOICHOCRROORRCIIICIHO/HRICOROOOCCOCOROCRHHCRRIRCOICO_
com/moonsworth/lunar/client/OIRIOIIIRICICCHORICRRIRROHCRIC/OHROCHICOIOICHOCRROORRCIIICIHO/ICRHORIIHOHROHOHOCOOHOOCOORRHO	com/moonsworth/lunar/client/OIRIOIIIRICICCHORICRRIRROHCRIC/OHROCHICOIOICHOCRROORRCIIICIHO/ICRHORIIHOHROHOHOCOOHOOCOORRHO_
com/moonsworth/lunar/client/OIRIOIIIRICICCHORICRRIRROHCRIC/OHROCHICOIOICHOCRROORRCIIICIHO/ICRHORIIHOHROHOHOCOOHOOCOORRHO/HHRROIIHRRICIIHIIHICRHHRHOHHOO	com/moonsworth/lunar/client/OIRIOIIIRICICCHORICRRIRROHCRIC/OHROCHICOIOICHOCRROORRCIIICIHO/ICRHORIIHOHROHOHOCOOHOOCOORRHO/HHRROIIHRRICIIHIIHICRHHRHOHHOO_
com/moonsworth/lunar/client/OIRIOIIIRICICCHORICRRIRROHCRIC/OHROCHICOIOICHOCRROORRCIIICIHO/ICRHORIIHOHROHOHOCOOHOOCOORRHO/HHRROIIHRRICIIHIIHICRHHRHOHHOO/HORHROIOIOICIRHIOCOICHHHIHCIIO	com/moonsworth/lunar/client/OIRIOIIIRICICCHORICRRIRROHCRIC/OHROCHICOIOICHOCRROORRCIIICIHO/ICRHORIIHOHROHOHOCOOHOOCOORRHO/HHRROIIHRRICIIHIIHICRHHRHOHHOO/HORHROIOIOICIRHIOCOICHHHIHCIIO_
com/moonsworth/lunar/client/OIRIOIIIRICICCHORICRRIRROHCRIC/OHROCHICOIOICHOCRROORRCIIICIHO/ICRHORIIHOHROHOHOCOOHOOCOORRHO/HORHROIOIOICIRHIOCOICHHHIHCIIO	com/moonsworth/lunar/client/OIRIOIIIRICICCHORICRRIRROHCRIC/OHROCHICOIOICHOCRROORRCIIICIHO/ICRHORIIHOHROHOHOCOOHOOCOORRHO/HORHROIOIOICIRHIOCOICHHHIHCIIO_
com/moonsworth/lunar/client/OIRIOIIIRICICCHORICRRIRROHCRIC/OHROCHICOIOICHOCRROORRCIIICIHO/ICRHORIIHOHROHOHOCOOHOOCOORRHO/HORHROIOIOICIRHIOCOICHHHIHCIIO$HORHROIOIOICIRHIOCOICHHHIHCIIO	com/moonsworth/lunar/client/OIRIOIIIRICICCHORICRRIRROHCRIC/OHROCHICOIOICHOCRROORRCIIICIHO/ICRHORIIHOHROHOHOCOOHOOCOORRHO/HORHROIOIOICIRHIOCOICHHHIHCIIO_$HORHROIOIOICIRHIOCOICHHHIHCIIO
com/moonsworth/lunar/client/OIRIOIIIRICICCHORICRRIRROHCRIC/RHIRRICCRHHHIIHHIHHOHRCHIOORCC/HHRROIIHRRICIIHIIHICRHHRHOHHOO/HHRROIIHRRICIIHIIHICRHHRHOHHOO	com/moonsworth/lunar/client/OIRIOIIIRICICCHORICRRIRROHCRIC/RHIRRICCRHHHIIHHIHHOHRCHIOORCC/HHRROIIHRRICIIHIIHICRHHRHOHHOO/HHRROIIHRRICIIHIIHICRHHRHOHHOO_
com/moonsworth/lunar/client/OIRIOIIIRICICCHORICRRIRROHCRIC/RHIRRICCRHHHIIHHIHHOHRCHIOORCC/HHRROIIHRRICIIHIIHICRHHRHOHHOO/HHRROIIHRRICIIHIIHICRHHRHOHHOO$HORHROIOIOICIRHIOCOICHHHIHCIIO	com/moonsworth/lunar/client/OIRIOIIIRICICCHORICRRIRROHCRIC/RHIRRICCRHHHIIHHIHHOHRCHIOORCC/HHRROIIHRRICIIHIIHICRHHRHOHHOO/HHRROIIHRRICIIHIIHICRHHRHOHHOO_$HORHROIOIOICIRHIOCOICHHHIHCIIO
com/moonsworth/lunar/client/OIRIOIIIRICICCHORICRRIRROHCRIC/RHIRRICCRHHHIIHHIHHOHRCHIOORCC/HHRROIIHRRICIIHIIHICRHHRHOHHOO/HORHROIOIOICIRHIOCOICHHHIHCIIO	com/moonsworth/lunar/client/OIRIOIIIRICICCHORICRRIRROHCRIC/RHIRRICCRHHHIIHHIHHOHRCHIOORCC/HHRROIIHRRICIIHIIHICRHHRHOHHOO/HORHROIOIOICIRHIOCOICHHHIHCIIO_
com/moonsworth/lunar/client/OIRIOIIIRICICCHORICRRIRROHCRIC/RHIRRICCRHHHIIHHIHHOHRCHIOORCC/HHRROIIHRRICIIHIIHICRHHRHOHHOO/HORHROIOIOICIRHIOCOICHHHIHCIIO$HORHROIOIOICIRHIOCOICHHHIHCIIO	com/moonsworth/lunar/client/OIRIOIIIRICICCHORICRRIRROHCRIC/RHIRRICCRHHHIIHHIHHOHRCHIOORCC/HHRROIIHRRICIIHIIHICRHHRHOHHOO/HORHROIOIOICIRHIOCOICHHHIHCIIO_$HORHROIOIOICIRHIOCOICHHHIHCIIO
com/moonsworth/lunar/client/OIRIOIIIRICICCHORICRRIRROHCRIC/RHIRRICCRHHHIIHHIHHOHRCHIOORCC/HHRROIIHRRICIIHIIHICRHHRHOHHOO/HORHROIOIOICIRHIOCOICHHHIHCIIO$HHRROIIHRRICIIHIIHICRHHRHOHHOO	com/moonsworth/lunar/client/OIRIOIIIRICICCHORICRRIRROHCRIC/RHIRRICCRHHHIIHHIHHOHRCHIOORCC/HHRROIIHRRICIIHIIHICRHHRHOHHOO/HORHROIOIOICIRHIOCOICHHHIHCIIO_$HHRROIIHRRICIIHIIHICRHHRHOHHOO
com/moonsworth/lunar/client/OIRIOIIIRICICCHORICRRIRROHCRIC/RHIRRICCRHHHIIHHIHHOHRCHIOORCC/HORHROIOIOICIRHIOCOICHHHIHCIIO	com/moonsworth/lunar/client/OIRIOIIIRICICCHORICRRIRROHCRIC/RHIRRICCRHHHIIHHIHHOHRCHIOORCC/HORHROIOIOICIRHIOCOICHHHIHCIIO_
com/moonsworth/lunar/client/OORHIHOOORHHIRORRICRRORCHRRIIC/HHRROIIHRRICIIHIIHICRHHRHOHHOO/HHRROIIHRRICIIHIIHICRHHRHOHHOO	com/moonsworth/lunar/client/OORHIHOOORHHIRORRICRRORCHRRIIC/HHRROIIHRRICIIHIIHICRHHRHOHHOO/HHRROIIHRRICIIHIIHICRHHRHOHHOO_
com/moonsworth/lunar/client/OORHIHOOORHHIRORRICRRORCHRRIIC/HHRROIIHRRICIIHIIHICRHHRHOHHOO/HORHROIOIOICIRHIOCOICHHHIHCIIO	com/moonsworth/lunar/client/OORHIHOOORHHIRORRICRRORCHRRIIC/HHRROIIHRRICIIHIIHICRHHRHOHHOO/HORHROIOIOICIRHIOCOICHHHIHCIIO_
com/moonsworth/lunar/client/OORHIHOOORHHIRORRICRRORCHRRIIC/HORHROIOIOICIRHIOCOICHHHIHCIIO/HORHROIOIOICIRHIOCOICHHHIHCIIO	com/moonsworth/lunar/client/OORHIHOOORHHIRORRICRRORCHRRIIC/HORHROIOIOICIRHIOCOICHHHIHCIIO/HORHROIOIOICIRHIOCOICHHHIHCIIO_
com/moonsworth/lunar/client/OORHIHOOORHHIRORRICRRORCHRRIIC/HORHROIOIOICIRHIOCOICHHHIHCIIO/HORHROIOIOICIRHIOCOICHHHIHCIIO/HORHROIOIOICIRHIOCOICHHHIHCIIO	com/moonsworth/lunar/client/OORHIHOOORHHIRORRICRRORCHRRIIC/HORHROIOIOICIRHIOCOICHHHIHCIIO/HORHROIOIOICIRHIOCOICHHHIHCIIO/HORHROIOIOICIRHIOCOICHHHIHCIIO_
com/moonsworth/lunar/client/OORHIHOOORHHIRORRICRRORCHRRIIC/HORHROIOIOICIRHIOCOICHHHIHCIIO/HORHROIOIOICIRHIOCOICHHHIHCIIO/HORHROIOIOICIRHIOCOICHHHIHCIIO/HHRROIIHRRICIIHIIHICRHHRHOHHOO	com/moonsworth/lunar/client/OORHIHOOORHHIRORRICRRORCHRRIIC/HORHROIOIOICIRHIOCOICHHHIHCIIO/HORHROIOIOICIRHIOCOICHHHIHCIIO/HORHROIOIOICIRHIOCOICHHHIHCIIO/HHRROIIHRRICIIHIIHICRHHRHOHHOO_
com/moonsworth/lunar/client/OORHIHOOORHHIRORRICRRORCHRRIIC/HORHROIOIOICIRHIOCOICHHHIHCIIO/HORHROIOIOICIRHIOCOICHHHIHCIIO/HORHROIOIOICIRHIOCOICHHHIHCIIO/HORHROIOIOICIRHIOCOICHHHIHCIIO	com/moonsworth/lunar/client/OORHIHOOORHHIRORRICRRORCHRRIIC/HORHROIOIOICIRHIOCOICHHHIHCIIO/HORHROIOIOICIRHIOCOICHHHIHCIIO/HORHROIOIOICIRHIOCOICHHHIHCIIO/HORHROIOIOICIRHIOCOICHHHIHCIIO_
com/moonsworth/lunar/client/OORHIHOOORHHIRORRICRRORCHRRIIC/HORHROIOIOICIRHIOCOICHHHIHCIIO/HORHROIOIOICIRHIOCOICHHHIHCIIO/HORHROIOIOICIRHIOCOICHHHIHCIIO/HRICOROOOCCOCOROCRHHCRRIRCOICO	com/moonsworth/lunar/client/OORHIHOOORHHIRORRICRRORCHRRIIC/HORHROIOIOICIRHIOCOICHHHIHCIIO/HORHROIOIOICIRHIOCOICHHHIHCIIO/HORHROIOIOICIRHIOCOICHHHIHCIIO/HRICOROOOCCOCOROCRHHCRRIRCOICO_
com/moonsworth/lunar/client/OORHIHOOORHHIRORRICRRORCHRRIIC/HORHROIOIOICIRHIOCOICHHHIHCIIO/HORHROIOIOICIRHIOCOICHHHIHCIIO/HORHROIOIOICIRHIOCOICHHHIHCIIO/ICRHORIIHOHROHOHOCOOHOOCOORRHO	com/moonsworth/lunar/client/OORHIHOOORHHIRORRICRRORCHRRIIC/HORHROIOIOICIRHIOCOICHHHIHCIIO/HORHROIOIOICIRHIOCOICHHHIHCIIO/HORHROIOIOICIRHIOCOICHHHIHCIIO/ICRHORIIHOHROHOHOCOOHOOCOORRHO_
com/moonsworth/lunar/client/OORHIHOOORHHIRORRICRRORCHRRIIC/HRICOROOOCCOCOROCRHHCRRIRCOICO/HORHROIOIOICIRHIOCOICHHHIHCIIO	com/moonsworth/lunar/client/OORHIHOOORHHIRORRICRRORCHRRIIC/HRICOROOOCCOCOROCRHHCRRIRCOICO/HORHROIOIOICIRHIOCOICHHHIHCIIO_
com/moonsworth/lunar/client/OORHIHOOORHHIRORRICRRORCHRRIIC/HRICOROOOCCOCOROCRHHCRRIRCOICO/HORHROIOIOICIRHIOCOICHHHIHCIIO/HHRROIIHRRICIIHIIHICRHHRHOHHOO	com/moonsworth/lunar/client/OORHIHOOORHHIRORRICRRORCHRRIIC/HRICOROOOCCOCOROCRHHCRRIRCOICO/HORHROIOIOICIRHIOCOICHHHIHCIIO/HHRROIIHRRICIIHIIHICRHHRHOHHOO_
com/moonsworth/lunar/client/OORHIHOOORHHIRORRICRRORCHRRIIC/HRICOROOOCCOCOROCRHHCRRIRCOICO/HORHROIOIOICIRHIOCOICHHHIHCIIO/HORHROIOIOICIRHIOCOICHHHIHCIIO	com/moonsworth/lunar/client/OORHIHOOORHHIRORRICRRORCHRRIIC/HRICOROOOCCOCOROCRHHCRRIRCOICO/HORHROIOIOICIRHIOCOICHHHIHCIIO/HORHROIOIOICIRHIOCOICHHHIHCIIO_
com/moonsworth/lunar/client/OORHIHOOORHHIRORRICRRORCHRRIIC/HRICOROOOCCOCOROCRHHCRRIRCOICO/HORHROIOIOICIRHIOCOICHHHIHCIIO/HORHROIOIOICIRHIOCOICHHHIHCIIO/HHRROIIHRRICIIHIIHICRHHRHOHHOO	com/moonsworth/lunar/client/OORHIHOOORHHIRORRICRRORCHRRIIC/HRICOROOOCCOCOROCRHHCRRIRCOICO/HORHROIOIOICIRHIOCOICHHHIHCIIO/HORHROIOIOICIRHIOCOICHHHIHCIIO/HHRROIIHRRICIIHIIHICRHHRHOHHOO_
com/moonsworth/lunar/client/OORHIHOOORHHIRORRICRRORCHRRIIC/HRICOROOOCCOCOROCRHHCRRIRCOICO/HORHROIOIOICIRHIOCOICHHHIHCIIO/HORHROIOIOICIRHIOCOICHHHIHCIIO/HORHROIOIOICIRHIOCOICHHHIHCIIO	com/moonsworth/lunar/client/OORHIHOOORHHIRORRICRRORCHRRIIC/HRICOROOOCCOCOROCRHHCRRIRCOICO/HORHROIOIOICIRHIOCOICHHHIHCIIO/HORHROIOIOICIRHIOCOICHHHIHCIIO/HORHROIOIOICIRHIOCOICHHHIHCIIO_
com/moonsworth/lunar/client/OORHIHOOORHHIRORRICRRORCHRRIIC/HRICOROOOCCOCOROCRHHCRRIRCOICO/HORHROIOIOICIRHIOCOICHHHIHCIIO/HORHROIOIOICIRHIOCOICHHHIHCIIO/HRICOROOOCCOCOROCRHHCRRIRCOICO	com/moonsworth/lunar/client/OORHIHOOORHHIRORRICRRORCHRRIIC/HRICOROOOCCOCOROCRHHCRRIRCOICO/HORHROIOIOICIRHIOCOICHHHIHCIIO/HORHROIOIOICIRHIOCOICHHHIHCIIO/HRICOROOOCCOCOROCRHHCRRIRCOICO_
com/moonsworth/lunar/client/OORHIHOOORHHIRORRICRRORCHRRIIC/HRICOROOOCCOCOROCRHHCRRIRCOICO/HORHROIOIOICIRHIOCOICHHHIHCIIO/HORHROIOIOICIRHIOCOICHHHIHCIIO/ICRHORIIHOHROHOHOCOOHOOCOORRHO	com/moonsworth/lunar/client/OORHIHOOORHHIRORRICRRORCHRRIIC/HRICOROOOCCOCOROCRHHCRRIRCOICO/HORHROIOIOICIRHIOCOICHHHIHCIIO/HORHROIOIOICIRHIOCOICHHHIHCIIO/ICRHORIIHOHROHOHOCOOHOOCOORRHO_
com/moonsworth/lunar/client/OORHIHOOORHHIRORRICRRORCHRRIIC/HRICOROOOCCOCOROCRHHCRRIRCOICO/HORHROIOIOICIRHIOCOICHHHIHCIIO/HORHROIOIOICIRHIOCOICHHHIHCIIO/OHROCHICOIOICHOCRROORRCIIICIHO	com/moonsworth/lunar/client/OORHIHOOORHHIRORRICRRORCHRRIIC/HRICOROOOCCOCOROCRHHCRRIRCOICO/HORHROIOIOICIRHIOCOICHHHIHCIIO/HORHROIOIOICIRHIOCOICHHHIHCIIO/OHROCHICOIOICHOCRROORRCIIICIHO_
com/moonsworth/lunar/client/OORHIHOOORHHIRORRICRRORCHRRIIC/HRICOROOOCCOCOROCRHHCRRIRCOICO/HORHROIOIOICIRHIOCOICHHHIHCIIO/HORHROIOIOICIRHIOCOICHHHIHCIIO/ORCHOHHCOHCORRICRIHCHHRORHHCHH	com/moonsworth/lunar/client/OORHIHOOORHHIRORRICRRORCHRRIIC/HRICOROOOCCOCOROCRHHCRRIRCOICO/HORHROIOIOICIRHIOCOICHHHIHCIIO/HORHROIOIOICIRHIOCOICHHHIHCIIO/ORCHOHHCOHCORRICRIHCHHRORHHCHH_
com/moonsworth/lunar/client/OORHIHOOORHHIRORRICRRORCHRRIIC/HRICOROOOCCOCOROCRHHCRRIRCOICO/HORHROIOIOICIRHIOCOICHHHIHCIIO/HORHROIOIOICIRHIOCOICHHHIHCIIO/RCIOICOHRIOIIRRRROCRHCIICRROHO	com/moonsworth/lunar/client/OORHIHOOORHHIRORRICRRORCHRRIIC/HRICOROOOCCOCOROCRHHCRRIRCOICO/HORHROIOIOICIRHIOCOICHHHIHCIIO/HORHROIOIOICIRHIOCOICHHHIHCIIO/RCIOICOHRIOIIRRRROCRHCIICRROHO_
com/moonsworth/lunar/client/OORHIHOOORHHIRORRICRRORCHRRIIC/ICRHORIIHOHROHOHOCOOHOOCOORRHO/HHRROIIHRRICIIHIIHICRHHRHOHHOO	com/moonsworth/lunar/client/OORHIHOOORHHIRORRICRRORCHRRIIC/ICRHORIIHOHROHOHOCOOHOOCOORRHO/HHRROIIHRRICIIHIIHICRHHRHOHHOO_
com/moonsworth/lunar/client/OORHIHOOORHHIRORRICRRORCHRRIIC/ICRHORIIHOHROHOHOCOOHOOCOORRHO/HHRROIIHRRICIIHIIHICRHHRHOHHOO/HORHROIOIOICIRHIOCOICHHHIHCIIO	com/moonsworth/lunar/client/OORHIHOOORHHIRORRICRRORCHRRIIC/ICRHORIIHOHROHOHOCOOHOOCOORRHO/HHRROIIHRRICIIHIIHICRHHRHOHHOO/HORHROIOIOICIRHIOCOICHHHIHCIIO_
com/moonsworth/lunar/client/OORHIHOOORHHIRORRICRRORCHRRIIC/ICRHORIIHOHROHOHOCOOHOOCOORRHO/HHRROIIHRRICIIHIIHICRHHRHOHHOO/HORHROIOIOICIRHIOCOICHHHIHCIIO/HORHROIOIOICIRHIOCOICHHHIHCIIO	com/moonsworth/lunar/client/OORHIHOOORHHIRORRICRRORCHRRIIC/ICRHORIIHOHROHOHOCOOHOOCOORRHO/HHRROIIHRRICIIHIIHICRHHRHOHHOO/HORHROIOIOICIRHIOCOICHHHIHCIIO/HORHROIOIOICIRHIOCOICHHHIHCIIO_
com/moonsworth/lunar/client/OORHIHOOORHHIRORRICRRORCHRRIIC/ICRHORIIHOHROHOHOCOOHOOCOORRHO/HORHROIOIOICIRHIOCOICHHHIHCIIO	com/moonsworth/lunar/client/OORHIHOOORHHIRORRICRRORCHRRIIC/ICRHORIIHOHROHOHOCOOHOOCOORRHO/HORHROIOIOICIRHIOCOICHHHIHCIIO_
com/moonsworth/lunar/client/ORCCOORHRRCOHOHRRHIHRRIOCOHCIC/HORHROIOIOICIRHIOCOICHHHIHCIIO/HORHROIOIOICIRHIOCOICHHHIHCIIO/HHRROIIHRRICIIHIIHICRHHRHOHHOO/HORHROIOIOICIRHIOCOICHHHIHCIIO	com/moonsworth/lunar/client/ORCCOORHRRCOHOHRRHIHRRIOCOHCIC/HORHROIOIOICIRHIOCOICHHHIHCIIO/HORHROIOIOICIRHIOCOICHHHIHCIIO/HHRROIIHRRICIIHIIHICRHHRHOHHOO/HORHROIOIOICIRHIOCOICHHHIHCIIO_
com/moonsworth/lunar/client/ORCHOHHCOHCORRICRIHCHHRORHHCHH/HORHROIOIOICIRHIOCOICHHHIHCIIO	com/moonsworth/lunar/client/ORCHOHHCOHCORRICRIHCHHRORHHCHH/HORHROIOIOICIRHIOCOICHHHIHCIIO_
com/moonsworth/lunar/client/ORCHOHHCOHCORRICRIHCHHRORHHCHH/HORHROIOIOICIRHIOCOICHHHIHCIIO/HHRROIIHRRICIIHIIHICRHHRHOHHOO	com/moonsworth/lunar/client/ORCHOHHCOHCORRICRIHCHHRORHHCHH/HORHROIOIOICIRHIOCOICHHHIHCIIO/HHRROIIHRRICIIHIIHICRHHRHOHHOO_
com/moonsworth/lunar/client/ORCHOHHCOHCORRICRIHCHHRORHHCHH/HORHROIOIOICIRHIOCOICHHHIHCIIO/HORHROIOIOICIRHIOCOICHHHIHCIIO	com/moonsworth/lunar/client/ORCHOHHCOHCORRICRIHCHHRORHHCHH/HORHROIOIOICIRHIOCOICHHHIHCIIO/HORHROIOIOICIRHIOCOICHHHIHCIIO_
com/moonsworth/lunar/client/ORCHOHHCOHCORRICRIHCHHRORHHCHH/HORHROIOIOICIRHIOCOICHHHIHCIIO/HRICOROOOCCOCOROCRHHCRRIRCOICO	com/moonsworth/lunar/client/ORCHOHHCOHCORRICRIHCHHRORHHCHH/HORHROIOIOICIRHIOCOICHHHIHCIIO/HRICOROOOCCOCOROCRHHCRRIRCOICO_
com/moonsworth/lunar/client/ORCHOHHCOHCORRICRIHCHHRORHHCHH/HORHROIOIOICIRHIOCOICHHHIHCIIO/HROHOIOCHIRIHICOORIHOHCIOIRIIH/HHRROIIHRRICIIHIIHICRHHRHOHHOO	com/moonsworth/lunar/client/ORCHOHHCOHCORRICRIHCHHRORHHCHH/HORHROIOIOICIRHIOCOICHHHIHCIIO/HROHOIOCHIRIHICOORIHOHCIOIRIIH/HHRROIIHRRICIIHIIHICRHHRHOHHOO_
com/moonsworth/lunar/client/ORCHOHHCOHCORRICRIHCHHRORHHCHH/HORHROIOIOICIRHIOCOICHHHIHCIIO/HROHOIOCHIRIHICOORIHOHCIOIRIIH/HORHROIOIOICIRHIOCOICHHHIHCIIO	com/moonsworth/lunar/client/ORCHOHHCOHCORRICRIHCHHRORHHCHH/HORHROIOIOICIRHIOCOICHHHIHCIIO/HROHOIOCHIRIHICOORIHOHCIOIRIIH/HORHROIOIOICIRHIOCOICHHHIHCIIO_
com/moonsworth/lunar/client/ORCHOHHCOHCORRICRIHCHHRORHHCHH/HORHROIOIOICIRHIOCOICHHHIHCIIO/HROHOIOCHIRIHICOORIHOHCIOIRIIH/HORHROIOIOICIRHIOCOICHHHIHCIIO/HORHROIOIOICIRHIOCOICHHHIHCIIO	com/moonsworth/lunar/client/ORCHOHHCOHCORRICRIHCHHRORHHCHH/HORHROIOIOICIRHIOCOICHHHIHCIIO/HROHOIOCHIRIHICOORIHOHCIOIRIIH/HORHROIOIOICIRHIOCOICHHHIHCIIO/HORHROIOIOICIRHIOCOICHHHIHCIIO_
com/moonsworth/lunar/client/ORCHOHHCOHCORRICRIHCHHRORHHCHH/HORHROIOIOICIRHIOCOICHHHIHCIIO/OHROCHICOIOICHOCRROORRCIIICIHO/HORHROIOIOICIRHIOCOICHHHIHCIIO	com/moonsworth/lunar/client/ORCHOHHCOHCORRICRIHCHHRORHHCHH/HORHROIOIOICIRHIOCOICHHHIHCIIO/OHROCHICOIOICHOCRROORRCIIICIHO/HORHROIOIOICIRHIOCOICHHHIHCIIO_
com/moonsworth/lunar/client/RCIOICOHRIOIIRRRROCRHCIICRROHO/HHRROIIHRRICIIHIIHICRHHRHOHHOO	com/moonsworth/lunar/client/RCIOICOHRIOIIRRRROCRHCIICRROHO/HHRROIIHRRICIIHIIHICRHHRHOHHOO_
com/moonsworth/lunar/client/RCIOICOHRIOIIRRRROCRHCIICRROHO/HHRROIIHRRICIIHIIHICRHHRHOHHOO$3	com/moonsworth/lunar/client/RCIOICOHRIOIIRRRROCRHCIICRROHO/HHRROIIHRRICIIHIIHICRHHRHOHHOO_$3
com/moonsworth/lunar/client/RCIOICOHRIOIIRRRROCRHCIICRROHO/HHRROIIHRRICIIHIIHICRHHRHOHHOO$4	com/moonsworth/lunar/client/RCIOICOHRIOIIRRRROCRHCIICRROHO/HHRROIIHRRICIIHIIHICRHHRHOHHOO_$4
com/moonsworth/lunar/client/RCIOICOHRIOIIRRRROCRHCIICRROHO/HHRROIIHRRICIIHIIHICRHHRHOHHOO$1	com/moonsworth/lunar/client/RCIOICOHRIOIIRRRROCRHCIICRROHO/HHRROIIHRRICIIHIIHICRHHRHOHHOO_$1
com/moonsworth/lunar/client/RCIOICOHRIOIIRRRROCRHCIICRROHO/HHRROIIHRRICIIHIIHICRHHRHOHHOO$2	com/moonsworth/lunar/client/RCIOICOHRIOIIRRRROCRHCIICRROHO/HHRROIIHRRICIIHIIHICRHHRHOHHOO_$2
com/moonsworth/lunar/client/RCIOICOHRIOIIRRRROCRHCIICRROHO/HHRROIIHRRICIIHIIHICRHHRHOHHOO$5	com/moonsworth/lunar/client/RCIOICOHRIOIIRRRROCRHCIICRROHO/HHRROIIHRRICIIHIIHICRHHRHOHHOO_$5
com/moonsworth/lunar/client/RCIOICOHRIOIIRRRROCRHCIICRROHO/HHRROIIHRRICIIHIIHICRHHRHOHHOO$6	com/moonsworth/lunar/client/RCIOICOHRIOIIRRRROCRHCIICRROHO/HHRROIIHRRICIIHIIHICRHHRHOHHOO_$6
com/moonsworth/lunar/client/RCIOICOHRIOIIRRRROCRHCIICRROHO/HORHROIOIOICIRHIOCOICHHHIHCIIO	com/moonsworth/lunar/client/RCIOICOHRIOIIRRRROCRHCIICRROHO/HORHROIOIOICIRHIOCOICHHHIHCIIO_
com/moonsworth/lunar/client/RCIOICOHRIOIIRRRROCRHCIICRROHO/HRICOROOOCCOCOROCRHHCRRIRCOICO	com/moonsworth/lunar/client/RCIOICOHRIOIIRRRROCRHCIICRROHO/HRICOROOOCCOCOROCRHHCRRIRCOICO_
com/moonsworth/lunar/client/RCOHRRRHRIOORHCRORIIHCCORRCRRC/HORHROIOIOICIRHIOCOICHHHIHCIIO	com/moonsworth/lunar/client/RCOHRRRHRIOORHCRORIIHCCORRCRRC/HORHROIOIOICIRHIOCOICHHHIHCIIO_
com/moonsworth/lunar/client/RCOHRRRHRIOORHCRORIIHCCORRCRRC/HORHROIOIOICIRHIOCOICHHHIHCIIO/HORHROIOIOICIRHIOCOICHHHIHCIIO	com/moonsworth/lunar/client/RCOHRRRHRIOORHCRORIIHCCORRCRRC/HORHROIOIOICIRHIOCOICHHHIHCIIO/HORHROIOIOICIRHIOCOICHHHIHCIIO_
com/moonsworth/lunar/client/RIHHRCCHRCRRIOOOIHICHCCHIRRCCC/HORHROIOIOICIRHIOCOICHHHIHCIIO/HORHROIOIOICIRHIOCOICHHHIHCIIO/ICRHORIIHOHROHOHOCOOHOOCOORRHO/HORHROIOIOICIRHIOCOICHHHIHCIIO	com/moonsworth/lunar/client/RIHHRCCHRCRRIOOOIHICHCCHIRRCCC/HORHROIOIOICIRHIOCOICHHHIHCIIO/HORHROIOIOICIRHIOCOICHHHIHCIIO/ICRHORIIHOHROHOHOCOOHOOCOORRHO/HORHROIOIOICIRHIOCOICHHHIHCIIO_
com/moonsworth/lunar/client/RIIICIRHRCIHOOOORHOICRIICCCRHR/HORHROIOIOICIRHIOCOICHHHIHCIIO	com/moonsworth/lunar/client/RIIICIRHRCIHOOOORHOICRIICCCRHR/HORHROIOIOICIRHIOCOICHHHIHCIIO_
com/moonsworth/lunar/client/RIIIOHCCHRRRORICCHIIHHOORIIOIR/HHRROIIHRRICIIHIIHICRHHRHOHHOO	com/moonsworth/lunar/client/RIIIOHCCHRRRORICCHIIHHOORIIOIR/HHRROIIHRRICIIHIIHICRHHRHOHHOO_
com/moonsworth/lunar/client/RIIIOHCCHRRRORICCHIIHHOORIIOIR/HORHROIOIOICIRHIOCOICHHHIHCIIO	com/moonsworth/lunar/client/RIIIOHCCHRRRORICCHIIHHOORIIOIR/HORHROIOIOICIRHIOCOICHHHIHCIIO_
com/moonsworth/lunar/client/RIIIOHCCHRRRORICCHIIHHOORIIOIR/HRICOROOOCCOCOROCRHHCRRIRCOICO	com/moonsworth/lunar/client/RIIIOHCCHRRRORICCHIIHHOORIIOIR/HRICOROOOCCOCOROCRHHCRRIRCOICO_
com/moonsworth/lunar/client/RIIIOHCCHRRRORICCHIIHHOORIIOIR/ICRHORIIHOHROHOHOCOOHOOCOORRHO	com/moonsworth/lunar/client/RIIIOHCCHRRRORICCHIIHHOORIIOIR/ICRHORIIHOHROHOHOCOOHOOCOORRHO_
com/moonsworth/lunar/client/RIIIOHCCHRRRORICCHIIHHOORIIOIR/OHROCHICOIOICHOCRROORRCIIICIHO	com/moonsworth/lunar/client/RIIIOHCCHRRRORICCHIIHHOORIIOIR/OHROCHICOIOICHOCRROORRCIIICIHO_
com/moonsworth/lunar/client/RIIIOHCCHRRRORICCHIIHHOORIIOIR/RCIOICOHRIOIIRRRROCRHCIICRROHO	com/moonsworth/lunar/client/RIIIOHCCHRRRORICCHIIHHOORIIOIR/RCIOICOHRIOIIRRRROCRHCIICRROHO_
com/moonsworth/lunar/client/RRCIOHHRCRCCOCCIOROHORCRROHCOC/HHRROIIHRRICIIHIIHICRHHRHOHHOO/HORHROIOIOICIRHIOCOICHHHIHCIIO	com/moonsworth/lunar/client/RRCIOHHRCRCCOCCIOROHORCRROHCOC/HHRROIIHRRICIIHIIHICRHHRHOHHOO/HORHROIOIOICIRHIOCOICHHHIHCIIO_
com/moonsworth/lunar/client/RRCIOHHRCRCCOCCIOROHORCRROHCOC/HORHROIOIOICIRHIOCOICHHHIHCIIO/HORHROIOIOICIRHIOCOICHHHIHCIIO	com/moonsworth/lunar/client/RRCIOHHRCRCCOCCIOROHORCRROHCOC/HORHROIOIOICIRHIOCOICHHHIHCIIO/HORHROIOIOICIRHIOCOICHHHIHCIIO_
com/moonsworth/lunar/client/util/CCROIHHHCOCHHOHORCIRHOCRROIOCI	com/moonsworth/lunar/client/util/CCROIHHHCOCHHOHORCIRHOCRROIOCI_
com/moonsworth/lunar/client/util/HHRROIIHRRICIIHIIHICRHHRHOHHOO	com/moonsworth/lunar/client/util/HHRROIIHRRICIIHIIHICRHHRHOHHOO_
com/moonsworth/lunar/client/util/HIOROOCORHICHIRIHIRCCORCIIICCH	com/moonsworth/lunar/client/util/HIOROOCORHICHIRIHIRCCORCIIICCH_
com/moonsworth/lunar/client/util/HORHROIOIOICIRHIOCOICHHHIHCIIO	com/moonsworth/lunar/client/util/HORHROIOIOICIRHIOCOICHHHIHCIIO_
com/moonsworth/lunar/client/util/HRICOROOOCCOCOROCRHHCRRIRCOICO	com/moonsworth/lunar/client/util/HRICOROOOCCOCOROCRHHCRRIRCOICO_
com/moonsworth/lunar/client/util/HRICOROOOCCOCOROCRHHCRRIRCOICO/HORHROIOIOICIRHIOCOICHHHIHCIIO	com/moonsworth/lunar/client/util/HRICOROOOCCOCOROCRHHCRRIRCOICO/HORHROIOIOICIRHIOCOICHHHIHCIIO_
com/moonsworth/lunar/client/util/HROHOIOCHIRIHICOORIHOHCIOIRIIH	com/moonsworth/lunar/client/util/HROHOIOCHIRIHICOORIHOHCIOIRIIH_
com/moonsworth/lunar/client/util/ICRHORIIHOHROHOHOCOOHOOCOORRHO	com/moonsworth/lunar/client/util/ICRHORIIHOHROHOHOCOOHOOCOORRHO_
com/moonsworth/lunar/client/util/ICRHORIIHOHROHOHOCOOHOOCOORRHO$HRICOROOOCCOCOROCRHHCRRIRCOICO	com/moonsworth/lunar/client/util/ICRHORIIHOHROHOHOCOOHOOCOORRHO_$HRICOROOOCCOCOROCRHHCRRIRCOICO
com/moonsworth/lunar/client/util/ICRHORIIHOHROHOHOCOOHOOCOORRHO$ICRHORIIHOHROHOHOCOOHOOCOORRHO	com/moonsworth/lunar/client/util/ICRHORIIHOHROHOHOCOOHOOCOORRHO_$ICRHORIIHOHROHOHOCOOHOOCOORRHO
com/moonsworth/lunar/client/util/ICRHORIIHOHROHOHOCOOHOOCOORRHO$HORHROIOIOICIRHIOCOICHHHIHCIIO	com/moonsworth/lunar/client/util/ICRHORIIHOHROHOHOCOOHOOCOORRHO_$HORHROIOIOICIRHIOCOICHHHIHCIIO
com/moonsworth/lunar/client/util/ICRHORIIHOHROHOHOCOOHOOCOORRHO$1	com/moonsworth/lunar/client/util/ICRHORIIHOHROHOHOCOOHOOCOORRHO_$1
com/moonsworth/lunar/client/util/ICRHORIIHOHROHOHOCOOHOOCOORRHO$HHRROIIHRRICIIHIIHICRHHRHOHHOO	com/moonsworth/lunar/client/util/ICRHORIIHOHROHOHOCOOHOOCOORRHO_$HHRROIIHRRICIIHIIHICRHHRHOHHOO
com/moonsworth/lunar/client/util/IHRHHRIHICHOOICIRIOOHOICHIRHOI	com/moonsworth/lunar/client/util/IHRHHRIHICHOOICIRIOOHOICHIRHOI_
com/moonsworth/lunar/client/util/OHOOORICRHIIIIRHCICICOCHROICRC	com/moonsworth/lunar/client/util/OHOOORICRHIIIIRHCICICOCHROICRC_
com/moonsworth/lunar/client/util/OHOOORICRHIIIIRHCICICOCHROICRC/HORHROIOIOICIRHIOCOICHHHIHCIIO	com/moonsworth/lunar/client/util/OHOOORICRHIIIIRHCICICOCHROICRC/HORHROIOIOICIRHIOCOICHHHIHCIIO_
com/moonsworth/lunar/client/util/OHROCHICOIOICHOCRROORRCIIICIHO	com/moonsworth/lunar/client/util/OHROCHICOIOICHOCRROORRCIIICIHO_
com/moonsworth/lunar/client/util/OIRIOIIIRICICCHORICRRIRROHCRIC	com/moonsworth/lunar/client/util/OIRIOIIIRICICCHORICRRIRROHCRIC_
com/moonsworth/lunar/client/util/OIRIOIIIRICICCHORICRRIRROHCRIC$HORHROIOIOICIRHIOCOICHHHIHCIIO	com/moonsworth/lunar/client/util/OIRIOIIIRICICCHORICRRIRROHCRIC_$HORHROIOIOICIRHIOCOICHHHIHCIIO
com/moonsworth/lunar/client/util/ORCHOHHCOHCORRICRIHCHHRORHHCHH	com/moonsworth/lunar/client/util/ORCHOHHCOHCORRICRIHCHHRORHHCHH_
com/moonsworth/lunar/client/util/ORICHRORRORHORHOIHCRHOORCRRHOI	com/moonsworth/lunar/client/util/ORICHRORRORHORHOIHCRHOORCRRHOI_
com/moonsworth/lunar/client/util/ORICHRORRORHORHOIHCRHOORCRRHOI$HHRROIIHRRICIIHIIHICRHHRHOHHOO	com/moonsworth/lunar/client/util/ORICHRORRORHORHOIHCRHOORCRRHOI_$HHRROIIHRRICIIHIIHICRHHRHOHHOO
com/moonsworth/lunar/client/util/ORICHRORRORHORHOIHCRHOORCRRHOI$HORHROIOIOICIRHIOCOICHHHIHCIIO	com/moonsworth/lunar/client/util/ORICHRORRORHORHOIHCRHOORCRRHOI_$HORHROIOIOICIRHIOCOICHHHIHCIIO
com/moonsworth/lunar/client/util/RCIOICOHRIOIIRRRROCRHCIICRROHO	com/moonsworth/lunar/client/util/RCIOICOHRIOIIRRRROCRHCIICRROHO_
com/moonsworth/lunar/client/util/RCIOICOHRIOIIRRRROCRHCIICRROHO$1	com/moonsworth/lunar/client/util/RCIOICOHRIOIIRRRROCRHCIICRROHO_$1
com/moonsworth/lunar/client/util/RHIRRICCRHHHIIHHIHHOHRCHIOORCC	com/moonsworth/lunar/client/util/RHIRRICCRHHHIIHHIHHOHRCHIOORCC_
com/moonsworth/lunar/client/util/RHIRRICCRHHHIIHHIHHOHRCHIOORCC/HORHROIOIOICIRHIOCOICHHHIHCIIO	com/moonsworth/lunar/client/util/RHIRRICCRHHHIIHHIHHOHRCHIOORCC/HORHROIOIOICIRHIOCOICHHHIHCIIO_
com/moonsworth/lunar/forge/HHRROIIHRRICIIHIIHICRHHRHOHHOO	com/moonsworth/lunar/forge/HHRROIIHRRICIIHIIHICRHHRHOHHOO_
com/moonsworth/lunar/forge/HORHROIOIOICIRHIOCOICHHHIHCIIO	com/moonsworth/lunar/forge/HORHROIOIOICIRHIOCOICHHHIHCIIO_
com/moonsworth/lunar/forge/HORHROIOIOICIRHIOCOICHHHIHCIIO$HORHROIOIOICIRHIOCOICHHHIHCIIO	com/moonsworth/lunar/forge/HORHROIOIOICIRHIOCOICHHHIHCIIO_$HORHROIOIOICIRHIOCOICHHHIHCIIO
com/moonsworth/lunar/forge/HRICOROOOCCOCOROCRHHCRRIRCOICO	com/moonsworth/lunar/forge/HRICOROOOCCOCOROCRHHCRRIRCOICO_
com/moonsworth/lunar/forge/HRICOROOOCCOCOROCRHHCRRIRCOICO/HORHROIOIOICIRHIOCOICHHHIHCIIO	com/moonsworth/lunar/forge/HRICOROOOCCOCOROCRHHCRRIRCOICO/HORHROIOIOICIRHIOCOICHHHIHCIIO_
com/moonsworth/lunar/forge/ICRHORIIHOHROHOHOCOOHOOCOORRHO/HORHROIOIOICIRHIOCOICHHHIHCIIO	com/moonsworth/lunar/forge/ICRHORIIHOHROHOHOCOOHOOCOORRHO/HORHROIOIOICIRHIOCOICHHHIHCIIO_
com/moonsworth/lunar/forge/RCIOICOHRIOIIRRRROCRHCIICRROHO/HORHROIOIOICIRHIOCOICHHHIHCIIO	com/moonsworth/lunar/forge/RCIOICOHRIOIIRRRROCRHCIICRROHO/HORHROIOIOICIRHIOCOICHHHIHCIIO_
com/moonsworth/lunar/forge/lib/HHRROIIHRRICIIHIIHICRHHRHOHHOO/HORHROIOIOICIRHIOCOICHHHIHCIIO	com/moonsworth/lunar/forge/lib/HHRROIIHRRICIIHIIHICRHHRHOHHOO/HORHROIOIOICIRHIOCOICHHHIHCIIO_
com/moonsworth/lunar/forge/lib/HORHROIOIOICIRHIOCOICHHHIHCIIO/HHRROIIHRRICIIHIIHICRHHRHOHHOO	com/moonsworth/lunar/forge/lib/HORHROIOIOICIRHIOCOICHHHIHCIIO/HHRROIIHRRICIIHIIHICRHHRHOHHOO_
com/moonsworth/lunar/forge/lib/HORHROIOIOICIRHIOCOICHHHIHCIIO/HORHROIOIOICIRHIOCOICHHHIHCIIO	com/moonsworth/lunar/forge/lib/HORHROIOIOICIRHIOCOICHHHIHCIIO/HORHROIOIOICIRHIOCOICHHHIHCIIO_
com/moonsworth/lunar/forge/lib/HORHROIOIOICIRHIOCOICHHHIHCIIO/HORHROIOIOICIRHIOCOICHHHIHCIIO/HHRROIIHRRICIIHIIHICRHHRHOHHOO	com/moonsworth/lunar/forge/lib/HORHROIOIOICIRHIOCOICHHHIHCIIO/HORHROIOIOICIRHIOCOICHHHIHCIIO/HHRROIIHRRICIIHIIHICRHHRHOHHOO_
com/moonsworth/lunar/forge/lib/HORHROIOIOICIRHIOCOICHHHIHCIIO/HORHROIOIOICIRHIOCOICHHHIHCIIO/HORHROIOIOICIRHIOCOICHHHIHCIIO	com/moonsworth/lunar/forge/lib/HORHROIOIOICIRHIOCOICHHHIHCIIO/HORHROIOIOICIRHIOCOICHHHIHCIIO/HORHROIOIOICIRHIOCOICHHHIHCIIO_
com/moonsworth/lunar/forge/lib/HORHROIOIOICIRHIOCOICHHHIHCIIO/HORHROIOIOICIRHIOCOICHHHIHCIIO/HRICOROOOCCOCOROCRHHCRRIRCOICO	com/moonsworth/lunar/forge/lib/HORHROIOIOICIRHIOCOICHHHIHCIIO/HORHROIOIOICIRHIOCOICHHHIHCIIO/HRICOROOOCCOCOROCRHHCRRIRCOICO_
com/moonsworth/lunar/forge/lib/HORHROIOIOICIRHIOCOICHHHIHCIIO/HORHROIOIOICIRHIOCOICHHHIHCIIO/HROHOIOCHIRIHICOORIHOHCIOIRIIH	com/moonsworth/lunar/forge/lib/HORHROIOIOICIRHIOCOICHHHIHCIIO/HORHROIOIOICIRHIOCOICHHHIHCIIO/HROHOIOCHIRIHICOORIHOHCIOIRIIH_
com/moonsworth/lunar/forge/lib/HORHROIOIOICIRHIOCOICHHHIHCIIO/HORHROIOIOICIRHIOCOICHHHIHCIIO/ICRHORIIHOHROHOHOCOOHOOCOORRHO	com/moonsworth/lunar/forge/lib/HORHROIOIOICIRHIOCOICHHHIHCIIO/HORHROIOIOICIRHIOCOICHHHIHCIIO/ICRHORIIHOHROHOHOCOOHOOCOORRHO_
com/moonsworth/lunar/forge/lib/HORHROIOIOICIRHIOCOICHHHIHCIIO/HORHROIOIOICIRHIOCOICHHHIHCIIO/OHROCHICOIOICHOCRROORRCIIICIHO	com/moonsworth/lunar/forge/lib/HORHROIOIOICIRHIOCOICHHHIHCIIO/HORHROIOIOICIRHIOCOICHHHIHCIIO/OHROCHICOIOICHOCRROORRCIIICIHO_
com/moonsworth/lunar/forge/lib/HORHROIOIOICIRHIOCOICHHHIHCIIO/HORHROIOIOICIRHIOCOICHHHIHCIIO/ORCHOHHCOHCORRICRIHCHHRORHHCHH	com/moonsworth/lunar/forge/lib/HORHROIOIOICIRHIOCOICHHHIHCIIO/HORHROIOIOICIRHIOCOICHHHIHCIIO/ORCHOHHCOHCORRICRIHCHHRORHHCHH_
com/moonsworth/lunar/forge/lib/HORHROIOIOICIRHIOCOICHHHIHCIIO/HORHROIOIOICIRHIOCOICHHHIHCIIO/ORICHRORRORHORHOIHCRHOORCRRHOI	com/moonsworth/lunar/forge/lib/HORHROIOIOICIRHIOCOICHHHIHCIIO/HORHROIOIOICIRHIOCOICHHHIHCIIO/ORICHRORRORHORHOIHCRHOORCRRHOI_
com/moonsworth/lunar/forge/lib/HORHROIOIOICIRHIOCOICHHHIHCIIO/HORHROIOIOICIRHIOCOICHHHIHCIIO/RCIOICOHRIOIIRRRROCRHCIICRROHO	com/moonsworth/lunar/forge/lib/HORHROIOIOICIRHIOCOICHHHIHCIIO/HORHROIOIOICIRHIOCOICHHHIHCIIO/RCIOICOHRIOIIRRRROCRHCIICRROHO_
com/moonsworth/lunar/forge/lib/HORHROIOIOICIRHIOCOICHHHIHCIIO/HRICOROOOCCOCOROCRHHCRRIRCOICO/HHRROIIHRRICIIHIIHICRHHRHOHHOO	com/moonsworth/lunar/forge/lib/HORHROIOIOICIRHIOCOICHHHIHCIIO/HRICOROOOCCOCOROCRHHCRRIRCOICO/HHRROIIHRRICIIHIIHICRHHRHOHHOO_
com/moonsworth/lunar/forge/lib/HORHROIOIOICIRHIOCOICHHHIHCIIO/HRICOROOOCCOCOROCRHHCRRIRCOICO/HORHROIOIOICIRHIOCOICHHHIHCIIO	com/moonsworth/lunar/forge/lib/HORHROIOIOICIRHIOCOICHHHIHCIIO/HRICOROOOCCOCOROCRHHCRRIRCOICO/HORHROIOIOICIRHIOCOICHHHIHCIIO_
com/moonsworth/lunar/forge/lib/HORHROIOIOICIRHIOCOICHHHIHCIIO/HRICOROOOCCOCOROCRHHCRRIRCOICO/HRICOROOOCCOCOROCRHHCRRIRCOICO	com/moonsworth/lunar/forge/lib/HORHROIOIOICIRHIOCOICHHHIHCIIO/HRICOROOOCCOCOROCRHHCRRIRCOICO/HRICOROOOCCOCOROCRHHCRRIRCOICO_
com/moonsworth/lunar/forge/lib/HORHROIOIOICIRHIOCOICHHHIHCIIO/HRICOROOOCCOCOROCRHHCRRIRCOICO/ICRHORIIHOHROHOHOCOOHOOCOORRHO	com/moonsworth/lunar/forge/lib/HORHROIOIOICIRHIOCOICHHHIHCIIO/HRICOROOOCCOCOROCRHHCRRIRCOICO/ICRHORIIHOHROHOHOCOOHOOCOORRHO_
com/moonsworth/lunar/forge/lib/HORHROIOIOICIRHIOCOICHHHIHCIIO/HRICOROOOCCOCOROCRHHCRRIRCOICO/OHROCHICOIOICHOCRROORRCIIICIHO	com/moonsworth/lunar/forge/lib/HORHROIOIOICIRHIOCOICHHHIHCIIO/HRICOROOOCCOCOROCRHHCRRIRCOICO/OHROCHICOIOICHOCRROORRCIIICIHO_
com/moonsworth/lunar/forge/lib/HORHROIOIOICIRHIOCOICHHHIHCIIO/HRICOROOOCCOCOROCRHHCRRIRCOICO/RCIOICOHRIOIIRRRROCRHCIICRROHO	com/moonsworth/lunar/forge/lib/HORHROIOIOICIRHIOCOICHHHIHCIIO/HRICOROOOCCOCOROCRHHCRRIRCOICO/RCIOICOHRIOIIRRRROCRHCIICRROHO_
com/moonsworth/lunar/forge/lib/HORHROIOIOICIRHIOCOICHHHIHCIIO/ICRHORIIHOHROHOHOCOOHOOCOORRHO/HRICOROOOCCOCOROCRHHCRRIRCOICO/HORHROIOIOICIRHIOCOICHHHIHCIIO	com/moonsworth/lunar/forge/lib/HORHROIOIOICIRHIOCOICHHHIHCIIO/ICRHORIIHOHROHOHOCOOHOOCOORRHO/HRICOROOOCCOCOROCRHHCRRIRCOICO/HORHROIOIOICIRHIOCOICHHHIHCIIO_
com/moonsworth/lunar/forge/lib/HORHROIOIOICIRHIOCOICHHHIHCIIO/ICRHORIIHOHROHOHOCOOHOOCOORRHO/HRICOROOOCCOCOROCRHHCRRIRCOICO/HORHROIOIOICIRHIOCOICHHHIHCIIO/HORHROIOIOICIRHIOCOICHHHIHCIIO	com/moonsworth/lunar/forge/lib/HORHROIOIOICIRHIOCOICHHHIHCIIO/ICRHORIIHOHROHOHOCOOHOOCOORRHO/HRICOROOOCCOCOROCRHHCRRIRCOICO/HORHROIOIOICIRHIOCOICHHHIHCIIO/HORHROIOIOICIRHIOCOICHHHIHCIIO_
com/moonsworth/lunar/forge/lib/ICRHORIIHOHROHOHOCOOHOOCOORRHO/HHRROIIHRRICIIHIIHICRHHRHOHHOO	com/moonsworth/lunar/forge/lib/ICRHORIIHOHROHOHOCOOHOOCOORRHO/HHRROIIHRRICIIHIIHICRHHRHOHHOO_
com/moonsworth/lunar/forge/lib/ICRHORIIHOHROHOHOCOOHOOCOORRHO/HORHROIOIOICIRHIOCOICHHHIHCIIO	com/moonsworth/lunar/forge/lib/ICRHORIIHOHROHOHOCOOHOOCOORRHO/HORHROIOIOICIRHIOCOICHHHIHCIIO_
com/moonsworth/lunar/forge/lib/ICRHORIIHOHROHOHOCOOHOOCOORRHO/HRICOROOOCCOCOROCRHHCRRIRCOICO	com/moonsworth/lunar/forge/lib/ICRHORIIHOHROHOHOCOOHOOCOORRHO/HRICOROOOCCOCOROCRHHCRRIRCOICO_
com/moonsworth/lunar/forge/lib/ICRHORIIHOHROHOHOCOOHOOCOORRHO/ICRHORIIHOHROHOHOCOOHOOCOORRHO	com/moonsworth/lunar/forge/lib/ICRHORIIHOHROHOHOCOOHOOCOORRHO/ICRHORIIHOHROHOHOCOOHOOCOORRHO_
com/moonsworth/lunar/forge/lib/ICRHORIIHOHROHOHOCOOHOOCOORRHO/OHROCHICOIOICHOCRROORRCIIICIHO	com/moonsworth/lunar/forge/lib/ICRHORIIHOHROHOHOCOOHOOCOORRHO/OHROCHICOIOICHOCRROORRCIIICIHO_
com/moonsworth/lunar/forge/lib/ICRHORIIHOHROHOHOCOOHOOCOORRHO/ORCHOHHCOHCORRICRIHCHHRORHHCHH	com/moonsworth/lunar/forge/lib/ICRHORIIHOHROHOHOCOOHOOCOORRHO/ORCHOHHCOHCORRICRIHCHHRORHHCHH_
com/moonsworth/lunar/forge/lib/ICRHORIIHOHROHOHOCOOHOOCOORRHO/ORICHRORRORHORHOIHCRHOORCRRHOI	com/moonsworth/lunar/forge/lib/ICRHORIIHOHROHOHOCOOHOOCOORRHO/ORICHRORRORHORHOIHCRHOORCRRHOI_
com/moonsworth/lunar/forge/lib/ICRHORIIHOHROHOHOCOOHOOCOORRHO/ORICHRORRORHORHOIHCRHOORCRRHOI$HHRROIIHRRICIIHIIHICRHHRHOHHOO	com/moonsworth/lunar/forge/lib/ICRHORIIHOHROHOHOCOOHOOCOORRHO/ORICHRORRORHORHOIHCRHOORCRRHOI_$HHRROIIHRRICIIHIIHICRHHRHOHHOO
com/moonsworth/lunar/forge/lib/ICRHORIIHOHROHOHOCOOHOOCOORRHO/ORICHRORRORHORHOIHCRHOORCRRHOI$HORHROIOIOICIRHIOCOICHHHIHCIIO	com/moonsworth/lunar/forge/lib/ICRHORIIHOHROHOHOCOOHOOCOORRHO/ORICHRORRORHORHOIHCRHOORCRRHOI_$HORHROIOIOICIRHIOCOICHHHIHCIIO
com/moonsworth/lunar/forge/lib/ICRHORIIHOHROHOHOCOOHOOCOORRHO/ORICHRORRORHORHOIHCRHOORCRRHOI$HRICOROOOCCOCOROCRHHCRRIRCOICO	com/moonsworth/lunar/forge/lib/ICRHORIIHOHROHOHOCOOHOOCOORRHO/ORICHRORRORHORHOIHCRHOORCRRHOI_$HRICOROOOCCOCOROCRHHCRRIRCOICO
com/moonsworth/lunar/forge/lib/ICRHORIIHOHROHOHOCOOHOOCOORRHO/ORICHRORRORHORHOIHCRHOORCRRHOI$1	com/moonsworth/lunar/forge/lib/ICRHORIIHOHROHOHOCOOHOOCOORRHO/ORICHRORRORHORHOIHCRHOORCRRHOI_$1
com/moonsworth/lunar/forge/lib/ICRHORIIHOHROHOHOCOOHOOCOORRHO/RCIOICOHRIOIIRRRROCRHCIICRROHO	com/moonsworth/lunar/forge/lib/ICRHORIIHOHROHOHOCOOHOOCOORRHO/RCIOICOHRIOIIRRRROCRHCIICRROHO_
com/moonsworth/lunar/genesis/HORHROIOIOICIRHIOCOICHHHIHCIIO	com/moonsworth/lunar/genesis/HORHROIOIOICIRHIOCOICHHHIHCIIO_
com/moonsworth/lunar/genesis/HORHROIOIOICIRHIOCOICHHHIHCIIO/HORHROIOIOICIRHIOCOICHHHIHCIIO/HORHROIOIOICIRHIOCOICHHHIHCIIO/HHRROIIHRRICIIHIIHICRHHRHOHHOO/HORHROIOIOICIRHIOCOICHHHIHCIIO	com/moonsworth/lunar/genesis/HORHROIOIOICIRHIOCOICHHHIHCIIO/HORHROIOIOICIRHIOCOICHHHIHCIIO/HORHROIOIOICIRHIOCOICHHHIHCIIO/HHRROIIHRRICIIHIIHICRHHRHOHHOO/HORHROIOIOICIRHIOCOICHHHIHCIIO_
com/moonsworth/lunar/genesis/HORHROIOIOICIRHIOCOICHHHIHCIIO/HORHROIOIOICIRHIOCOICHHHIHCIIO/HORHROIOIOICIRHIOCOICHHHIHCIIO/IHRHHRIHICHOOICIRIOOHOICHIRHOI/HORHROIOIOICIRHIOCOICHHHIHCIIO/HORHROIOIOICIRHIOCOICHHHIHCIIO	com/moonsworth/lunar/genesis/HORHROIOIOICIRHIOCOICHHHIHCIIO/HORHROIOIOICIRHIOCOICHHHIHCIIO/HORHROIOIOICIRHIOCOICHHHIHCIIO/IHRHHRIHICHOOICIRIOOHOICHIRHOI/HORHROIOIOICIRHIOCOICHHHIHCIIO/HORHROIOIOICIRHIOCOICHHHIHCIIO_
com/moonsworth/lunar/genesis/HORHROIOIOICIRHIOCOICHHHIHCIIO/HORHROIOIOICIRHIOCOICHHHIHCIIO/HORHROIOIOICIRHIOCOICHHHIHCIIO/IHRHHRIHICHOOICIRIOOHOICHIRHOI/HORHROIOIOICIRHIOCOICHHHIHCIIO/HORHROIOIOICIRHIOCOICHHHIHCIIO$HORHROIOIOICIRHIOCOICHHHIHCIIO	com/moonsworth/lunar/genesis/HORHROIOIOICIRHIOCOICHHHIHCIIO/HORHROIOIOICIRHIOCOICHHHIHCIIO/HORHROIOIOICIRHIOCOICHHHIHCIIO/IHRHHRIHICHOOICIRIOOHOICHIRHOI/HORHROIOIOICIRHIOCOICHHHIHCIIO/HORHROIOIOICIRHIOCOICHHHIHCIIO_$HORHROIOIOICIRHIOCOICHHHIHCIIO
com/moonsworth/lunar/genesis/HORHROIOIOICIRHIOCOICHHHIHCIIO/HORHROIOIOICIRHIOCOICHHHIHCIIO/HORHROIOIOICIRHIOCOICHHHIHCIIO/IHRHHRIHICHOOICIRIOOHOICHIRHOI/HORHROIOIOICIRHIOCOICHHHIHCIIO/HORHROIOIOICIRHIOCOICHHHIHCIIO$HHRROIIHRRICIIHIIHICRHHRHOHHOO	com/moonsworth/lunar/genesis/HORHROIOIOICIRHIOCOICHHHIHCIIO/HORHROIOIOICIRHIOCOICHHHIHCIIO/HORHROIOIOICIRHIOCOICHHHIHCIIO/IHRHHRIHICHOOICIRIOOHOICHIRHOI/HORHROIOIOICIRHIOCOICHHHIHCIIO/HORHROIOIOICIRHIOCOICHHHIHCIIO_$HHRROIIHRRICIIHIIHICRHHRHOHHOO
com/moonsworth/lunar/ichor/CCROIHHHCOCHHOHORCIRHOCRROIOCI	com/moonsworth/lunar/ichor/CCROIHHHCOCHHOHORCIRHOCRROIOCI_
com/moonsworth/lunar/ichor/HHRROIIHRRICIIHIIHICRHHRHOHHOO	com/moonsworth/lunar/ichor/HHRROIIHRRICIIHIIHICRHHRHOHHOO_
com/moonsworth/lunar/ichor/HORHROIOIOICIRHIOCOICHHHIHCIIO	com/moonsworth/lunar/ichor/HORHROIOIOICIRHIOCOICHHHIHCIIO_
com/moonsworth/lunar/ichor/HORHROIOIOICIRHIOCOICHHHIHCIIO/HORHROIOIOICIRHIOCOICHHHIHCIIO	com/moonsworth/lunar/ichor/HORHROIOIOICIRHIOCOICHHHIHCIIO/HORHROIOIOICIRHIOCOICHHHIHCIIO_
com/moonsworth/lunar/ichor/HRICOROOOCCOCOROCRHHCRRIRCOICO	com/moonsworth/lunar/ichor/HRICOROOOCCOCOROCRHHCRRIRCOICO_
com/moonsworth/lunar/ichor/HRICOROOOCCOCOROCRHHCRRIRCOICO/HORHROIOIOICIRHIOCOICHHHIHCIIO	com/moonsworth/lunar/ichor/HRICOROOOCCOCOROCRHHCRRIRCOICO/HORHROIOIOICIRHIOCOICHHHIHCIIO_
com/moonsworth/lunar/ichor/HROHOIOCHIRIHICOORIHOHCIOIRIIH	com/moonsworth/lunar/ichor/HROHOIOCHIRIHICOORIHOHCIOIRIIH_
com/moonsworth/lunar/ichor/ICRHORIIHOHROHOHOCOOHOOCOORRHO	com/moonsworth/lunar/ichor/ICRHORIIHOHROHOHOCOOHOOCOORRHO_
com/moonsworth/lunar/ichor/ICRHORIIHOHROHOHOCOOHOOCOORRHO/HORHROIOIOICIRHIOCOICHHHIHCIIO	com/moonsworth/lunar/ichor/ICRHORIIHOHROHOHOCOOHOOCOORRHO/HORHROIOIOICIRHIOCOICHHHIHCIIO_
com/moonsworth/lunar/ichor/ICRHORIIHOHROHOHOCOOHOOCOORRHO/HORHROIOIOICIRHIOCOICHHHIHCIIO/HORHROIOIOICIRHIOCOICHHHIHCIIO	com/moonsworth/lunar/ichor/ICRHORIIHOHROHOHOCOOHOOCOORRHO/HORHROIOIOICIRHIOCOICHHHIHCIIO/HORHROIOIOICIRHIOCOICHHHIHCIIO_
com/moonsworth/lunar/ichor/ICRHORIIHOHROHOHOCOOHOOCOORRHO/HORHROIOIOICIRHIOCOICHHHIHCIIO/HORHROIOIOICIRHIOCOICHHHIHCIIO$HRICOROOOCCOCOROCRHHCRRIRCOICO	com/moonsworth/lunar/ichor/ICRHORIIHOHROHOHOCOOHOOCOORRHO/HORHROIOIOICIRHIOCOICHHHIHCIIO/HORHROIOIOICIRHIOCOICHHHIHCIIO_$HRICOROOOCCOCOROCRHHCRRIRCOICO
com/moonsworth/lunar/ichor/ICRHORIIHOHROHOHOCOOHOOCOORRHO/HORHROIOIOICIRHIOCOICHHHIHCIIO/HORHROIOIOICIRHIOCOICHHHIHCIIO$HHRROIIHRRICIIHIIHICRHHRHOHHOO	com/moonsworth/lunar/ichor/ICRHORIIHOHROHOHOCOOHOOCOORRHO/HORHROIOIOICIRHIOCOICHHHIHCIIO/HORHROIOIOICIRHIOCOICHHHIHCIIO_$HHRROIIHRRICIIHIIHICRHHRHOHHOO
com/moonsworth/lunar/ichor/ICRHORIIHOHROHOHOCOOHOOCOORRHO/HORHROIOIOICIRHIOCOICHHHIHCIIO/HORHROIOIOICIRHIOCOICHHHIHCIIO$HORHROIOIOICIRHIOCOICHHHIHCIIO	com/moonsworth/lunar/ichor/ICRHORIIHOHROHOHOCOOHOOCOORRHO/HORHROIOIOICIRHIOCOICHHHIHCIIO/HORHROIOIOICIRHIOCOICHHHIHCIIO_$HORHROIOIOICIRHIOCOICHHHIHCIIO
com/moonsworth/lunar/ichor/ICRHORIIHOHROHOHOCOOHOOCOORRHO/HORHROIOIOICIRHIOCOICHHHIHCIIO/HORHROIOIOICIRHIOCOICHHHIHCIIO$ICRHORIIHOHROHOHOCOOHOOCOORRHO	com/moonsworth/lunar/ichor/ICRHORIIHOHROHOHOCOOHOOCOORRHO/HORHROIOIOICIRHIOCOICHHHIHCIIO/HORHROIOIOICIRHIOCOICHHHIHCIIO_$ICRHORIIHOHROHOHOCOOHOOCOORRHO
com/moonsworth/lunar/ichor/OHROCHICOIOICHOCRROORRCIIICIHO	com/moonsworth/lunar/ichor/OHROCHICOIOICHOCRROORRCIIICIHO_
com/moonsworth/lunar/ichor/OHROCHICOIOICHOCRROORRCIIICIHO/HHRROIIHRRICIIHIIHICRHHRHOHHOO	com/moonsworth/lunar/ichor/OHROCHICOIOICHOCRROORRCIIICIHO/HHRROIIHRRICIIHIIHICRHHRHOHHOO_
com/moonsworth/lunar/ichor/OHROCHICOIOICHOCRROORRCIIICIHO/HORHROIOIOICIRHIOCOICHHHIHCIIO	com/moonsworth/lunar/ichor/OHROCHICOIOICHOCRROORRCIIICIHO/HORHROIOIOICIRHIOCOICHHHIHCIIO_
com/moonsworth/lunar/ichor/ORCHOHHCOHCORRICRIHCHHRORHHCHH	com/moonsworth/lunar/ichor/ORCHOHHCOHCORRICRIHCHHRORHHCHH_
com/moonsworth/lunar/ichor/ORCHOHHCOHCORRICRIHCHHRORHHCHH$HORHROIOIOICIRHIOCOICHHHIHCIIO	com/moonsworth/lunar/ichor/ORCHOHHCOHCORRICRIHCHHRORHHCHH_$HORHROIOIOICIRHIOCOICHHHIHCIIO
com/moonsworth/lunar/ichor/ORICHRORRORHORHOIHCRHOORCRRHOI	com/moonsworth/lunar/ichor/ORICHRORRORHORHOIHCRHOORCRRHOI_
com/moonsworth/lunar/ichor/ORICHRORRORHORHOIHCRHOORCRRHOI$HORHROIOIOICIRHIOCOICHHHIHCIIO	com/moonsworth/lunar/ichor/ORICHRORRORHORHOIHCRHOORCRRHOI_$HORHROIOIOICIRHIOCOICHHHIHCIIO
com/moonsworth/lunar/ichor/RCIOICOHRIOIIRRRROCRHCIICRROHO	com/moonsworth/lunar/ichor/RCIOICOHRIOIIRRRROCRHCIICRROHO_
com/moonsworth/lunar/ichor/RCIOICOHRIOIIRRRROCRHCIICRROHO$HORHROIOIOICIRHIOCOICHHHIHCIIO	com/moonsworth/lunar/ichor/RCIOICOHRIOIIRRRROCRHCIICRROHO_$HORHROIOIOICIRHIOCOICHHHIHCIIO
com/moonsworth/lunar/ichor/RCIOICOHRIOIIRRRROCRHCIICRROHO$HHRROIIHRRICIIHIIHICRHHRHOHHOO	com/moonsworth/lunar/ichor/RCIOICOHRIOIIRRRROCRHCIICRROHO_$HHRROIIHRRICIIHIIHICRHHRHOHHOO
com/moonsworth/lunar/ichor/RCIOICOHRIOIIRRRROCRHCIICRROHO$HRICOROOOCCOCOROCRHHCRRIRCOICO	com/moonsworth/lunar/ichor/RCIOICOHRIOIIRRRROCRHCIICRROHO_$HRICOROOOCCOCOROCRHHCRRIRCOICO
com/moonsworth/lunar/legacy/HHRROIIHRRICIIHIIHICRHHRHOHHOO	com/moonsworth/lunar/legacy/HHRROIIHRRICIIHIIHICRHHRHOHHOO_
com/moonsworth/lunar/legacy/HHRROIIHRRICIIHIIHICRHHRHOHHOO/HHRROIIHRRICIIHIIHICRHHRHOHHOO/CCROIHHHCOCHHOHORCIRHOCRROIOCI/HORHROIOIOICIRHIOCOICHHHIHCIIO	com/moonsworth/lunar/legacy/HHRROIIHRRICIIHIIHICRHHRHOHHOO/HHRROIIHRRICIIHIIHICRHHRHOHHOO/CCROIHHHCOCHHOHORCIRHOCRROIOCI/HORHROIOIOICIRHIOCOICHHHIHCIIO_
com/moonsworth/lunar/legacy/HHRROIIHRRICIIHIIHICRHHRHOHHOO/HHRROIIHRRICIIHIIHICRHHRHOHHOO/HORHROIOIOICIRHIOCOICHHHIHCIIO	com/moonsworth/lunar/legacy/HHRROIIHRRICIIHIIHICRHHRHOHHOO/HHRROIIHRRICIIHIIHICRHHRHOHHOO/HORHROIOIOICIRHIOCOICHHHIHCIIO_
com/moonsworth/lunar/legacy/HHRROIIHRRICIIHIIHICRHHRHOHHOO/HHRROIIHRRICIIHIIHICRHHRHOHHOO/HRICOROOOCCOCOROCRHHCRRIRCOICO/HHRROIIHRRICIIHIIHICRHHRHOHHOO	com/moonsworth/lunar/legacy/HHRROIIHRRICIIHIIHICRHHRHOHHOO/HHRROIIHRRICIIHIIHICRHHRHOHHOO/HRICOROOOCCOCOROCRHHCRRIRCOICO/HHRROIIHRRICIIHIIHICRHHRHOHHOO_
com/moonsworth/lunar/legacy/HHRROIIHRRICIIHIIHICRHHRHOHHOO/HHRROIIHRRICIIHIIHICRHHRHOHHOO/HRICOROOOCCOCOROCRHHCRRIRCOICO/HHRROIIHRRICIIHIIHICRHHRHOHHOO/HORHROIOIOICIRHIOCOICHHHIHCIIO	com/moonsworth/lunar/legacy/HHRROIIHRRICIIHIIHICRHHRHOHHOO/HHRROIIHRRICIIHIIHICRHHRHOHHOO/HRICOROOOCCOCOROCRHHCRRIRCOICO/HHRROIIHRRICIIHIIHICRHHRHOHHOO/HORHROIOIOICIRHIOCOICHHHIHCIIO_
com/moonsworth/lunar/legacy/HHRROIIHRRICIIHIIHICRHHRHOHHOO/HHRROIIHRRICIIHIIHICRHHRHOHHOO/HRICOROOOCCOCOROCRHHCRRIRCOICO/HORHROIOIOICIRHIOCOICHHHIHCIIO	com/moonsworth/lunar/legacy/HHRROIIHRRICIIHIIHICRHHRHOHHOO/HHRROIIHRRICIIHIIHICRHHRHOHHOO/HRICOROOOCCOCOROCRHHCRRIRCOICO/HORHROIOIOICIRHIOCOICHHHIHCIIO_
com/moonsworth/lunar/legacy/HHRROIIHRRICIIHIIHICRHHRHOHHOO/HHRROIIHRRICIIHIIHICRHHRHOHHOO/HRICOROOOCCOCOROCRHHCRRIRCOICO/HRICOROOOCCOCOROCRHHCRRIRCOICO	com/moonsworth/lunar/legacy/HHRROIIHRRICIIHIIHICRHHRHOHHOO/HHRROIIHRRICIIHIIHICRHHRHOHHOO/HRICOROOOCCOCOROCRHHCRRIRCOICO/HRICOROOOCCOCOROCRHHCRRIRCOICO_
com/moonsworth/lunar/legacy/HHRROIIHRRICIIHIIHICRHHRHOHHOO/HHRROIIHRRICIIHIIHICRHHRHOHHOO/HRICOROOOCCOCOROCRHHCRRIRCOICO/HRICOROOOCCOCOROCRHHCRRIRCOICO/HHRROIIHRRICIIHIIHICRHHRHOHHOO	com/moonsworth/lunar/legacy/HHRROIIHRRICIIHIIHICRHHRHOHHOO/HHRROIIHRRICIIHIIHICRHHRHOHHOO/HRICOROOOCCOCOROCRHHCRRIRCOICO/HRICOROOOCCOCOROCRHHCRRIRCOICO/HHRROIIHRRICIIHIIHICRHHRHOHHOO_
com/moonsworth/lunar/legacy/HHRROIIHRRICIIHIIHICRHHRHOHHOO/HHRROIIHRRICIIHIIHICRHHRHOHHOO/HRICOROOOCCOCOROCRHHCRRIRCOICO/HRICOROOOCCOCOROCRHHCRRIRCOICO/HORHROIOIOICIRHIOCOICHHHIHCIIO	com/moonsworth/lunar/legacy/HHRROIIHRRICIIHIIHICRHHRHOHHOO/HHRROIIHRRICIIHIIHICRHHRHOHHOO/HRICOROOOCCOCOROCRHHCRRIRCOICO/HRICOROOOCCOCOROCRHHCRRIRCOICO/HORHROIOIOICIRHIOCOICHHHIHCIIO_
com/moonsworth/lunar/legacy/HHRROIIHRRICIIHIIHICRHHRHOHHOO/HHRROIIHRRICIIHIIHICRHHRHOHHOO/HRICOROOOCCOCOROCRHHCRRIRCOICO/ORCHOHHCOHCORRICRIHCHHRORHHCHH/HHRROIIHRRICIIHIIHICRHHRHOHHOO	com/moonsworth/lunar/legacy/HHRROIIHRRICIIHIIHICRHHRHOHHOO/HHRROIIHRRICIIHIIHICRHHRHOHHOO/HRICOROOOCCOCOROCRHHCRRIRCOICO/ORCHOHHCOHCORRICRIHCHHRORHHCHH/HHRROIIHRRICIIHIIHICRHHRHOHHOO_
com/moonsworth/lunar/legacy/HHRROIIHRRICIIHIIHICRHHRHOHHOO/HHRROIIHRRICIIHIIHICRHHRHOHHOO/HRICOROOOCCOCOROCRHHCRRIRCOICO/ORCHOHHCOHCORRICRIHCHHRORHHCHH/HHRROIIHRRICIIHIIHICRHHRHOHHOO/HORHROIOIOICIRHIOCOICHHHIHCIIO	com/moonsworth/lunar/legacy/HHRROIIHRRICIIHIIHICRHHRHOHHOO/HHRROIIHRRICIIHIIHICRHHRHOHHOO/HRICOROOOCCOCOROCRHHCRRIRCOICO/ORCHOHHCOHCORRICRIHCHHRORHHCHH/HHRROIIHRRICIIHIIHICRHHRHOHHOO/HORHROIOIOICIRHIOCOICHHHIHCIIO_
com/moonsworth/lunar/legacy/HHRROIIHRRICIIHIIHICRHHRHOHHOO/HHRROIIHRRICIIHIIHICRHHRHOHHOO/HRICOROOOCCOCOROCRHHCRRIRCOICO/ORCHOHHCOHCORRICRIHCHHRORHHCHH/HORHROIOIOICIRHIOCOICHHHIHCIIO	com/moonsworth/lunar/legacy/HHRROIIHRRICIIHIIHICRHHRHOHHOO/HHRROIIHRRICIIHIIHICRHHRHOHHOO/HRICOROOOCCOCOROCRHHCRRIRCOICO/ORCHOHHCOHCORRICRIHCHHRORHHCHH/HORHROIOIOICIRHIOCOICHHHIHCIIO_
com/moonsworth/lunar/legacy/HHRROIIHRRICIIHIIHICRHHRHOHHOO/HHRROIIHRRICIIHIIHICRHHRHOHHOO/HRICOROOOCCOCOROCRHHCRRIRCOICO/ORCHOHHCOHCORRICRIHCHHRORHHCHH/HRICOROOOCCOCOROCRHHCRRIRCOICO	com/moonsworth/lunar/legacy/HHRROIIHRRICIIHIIHICRHHRHOHHOO/HHRROIIHRRICIIHIIHICRHHRHOHHOO/HRICOROOOCCOCOROCRHHCRRIRCOICO/ORCHOHHCOHCORRICRIHCHHRORHHCHH/HRICOROOOCCOCOROCRHHCRRIRCOICO_
com/moonsworth/lunar/legacy/HHRROIIHRRICIIHIIHICRHHRHOHHOO/HHRROIIHRRICIIHIIHICRHHRHOHHOO/HRICOROOOCCOCOROCRHHCRRIRCOICO/ORCHOHHCOHCORRICRIHCHHRORHHCHH/ICRHORIIHOHROHOHOCOOHOOCOORRHO	com/moonsworth/lunar/legacy/HHRROIIHRRICIIHIIHICRHHRHOHHOO/HHRROIIHRRICIIHIIHICRHHRHOHHOO/HRICOROOOCCOCOROCRHHCRRIRCOICO/ORCHOHHCOHCORRICRIHCHHRORHHCHH/ICRHORIIHOHROHOHOCOOHOOCOORRHO_
com/moonsworth/lunar/legacy/HHRROIIHRRICIIHIIHICRHHRHOHHOO/HHRROIIHRRICIIHIIHICRHHRHOHHOO/HRICOROOOCCOCOROCRHHCRRIRCOICO/ORCHOHHCOHCORRICRIHCHHRORHHCHH/OHROCHICOIOICHOCRROORRCIIICIHO	com/moonsworth/lunar/legacy/HHRROIIHRRICIIHIIHICRHHRHOHHOO/HHRROIIHRRICIIHIIHICRHHRHOHHOO/HRICOROOOCCOCOROCRHHCRRIRCOICO/ORCHOHHCOHCORRICRIHCHHRORHHCHH/OHROCHICOIOICHOCRROORRCIIICIHO_
com/moonsworth/lunar/legacy/HHRROIIHRRICIIHIIHICRHHRHOHHOO/HHRROIIHRRICIIHIIHICRHHRHOHHOO/HRICOROOOCCOCOROCRHHCRRIRCOICO/ORCHOHHCOHCORRICRIHCHHRORHHCHH/RCIOICOHRIOIIRRRROCRHCIICRROHO	com/moonsworth/lunar/legacy/HHRROIIHRRICIIHIIHICRHHRHOHHOO/HHRROIIHRRICIIHIIHICRHHRHOHHOO/HRICOROOOCCOCOROCRHHCRRIRCOICO/ORCHOHHCOHCORRICRIHCHHRORHHCHH/RCIOICOHRIOIIRRRROCRHCIICRROHO_
com/moonsworth/lunar/legacy/HHRROIIHRRICIIHIIHICRHHRHOHHOO/HHRROIIHRRICIIHIIHICRHHRHOHHOO/HRICOROOOCCOCOROCRHHCRRIRCOICO/ORCHOHHCOHCORRICRIHCHHRORHHCHH/RCIOICOHRIOIIRRRROCRHCIICRROHO$1	com/moonsworth/lunar/legacy/HHRROIIHRRICIIHIIHICRHHRHOHHOO/HHRROIIHRRICIIHIIHICRHHRHOHHOO/HRICOROOOCCOCOROCRHHCRRIRCOICO/ORCHOHHCOHCORRICRIHCHHRORHHCHH/RCIOICOHRIOIIRRRROCRHCIICRROHO_$1
com/moonsworth/lunar/legacy/HHRROIIHRRICIIHIIHICRHHRHOHHOO/HHRROIIHRRICIIHIIHICRHHRHOHHOO/HROHOIOCHIRIHICOORIHOHCIOIRIIH/HORHROIOIOICIRHIOCOICHHHIHCIIO	com/moonsworth/lunar/legacy/HHRROIIHRRICIIHIIHICRHHRHOHHOO/HHRROIIHRRICIIHIIHICRHHRHOHHOO/HROHOIOCHIRIHICOORIHOHCIOIRIIH/HORHROIOIOICIRHIOCOICHHHIHCIIO_
com/moonsworth/lunar/legacy/HHRROIIHRRICIIHIIHICRHHRHOHHOO/HHRROIIHRRICIIHIIHICRHHRHOHHOO/IHRHHRIHICHOOICIRIOOHOICHIRHOI/HORHROIOIOICIRHIOCOICHHHIHCIIO/HORHROIOIOICIRHIOCOICHHHIHCIIO	com/moonsworth/lunar/legacy/HHRROIIHRRICIIHIIHICRHHRHOHHOO/HHRROIIHRRICIIHIIHICRHHRHOHHOO/IHRHHRIHICHOOICIRIOOHOICHIRHOI/HORHROIOIOICIRHIOCOICHHHIHCIIO/HORHROIOIOICIRHIOCOICHHHIHCIIO_
com/moonsworth/lunar/legacy/HHRROIIHRRICIIHIIHICRHHRHOHHOO/HHRROIIHRRICIIHIIHICRHHRHOHHOO/IRCHCHOHRRIOORHRCHRIHIOHRCIHRH/HORHROIOIOICIRHIOCOICHHHIHCIIO	com/moonsworth/lunar/legacy/HHRROIIHRRICIIHIIHICRHHRHOHHOO/HHRROIIHRRICIIHIIHICRHHRHOHHOO/IRCHCHOHRRIOORHRCHRIHIOHRCIHRH/HORHROIOIOICIRHIOCOICHHHIHCIIO_
com/moonsworth/lunar/legacy/HHRROIIHRRICIIHIIHICRHHRHOHHOO/HHRROIIHRRICIIHIIHICRHHRHOHHOO/RCIOICOHRIOIIRRRROCRHCIICRROHO/HHRROIIHRRICIIHIIHICRHHRHOHHOO	com/moonsworth/lunar/legacy/HHRROIIHRRICIIHIIHICRHHRHOHHOO/HHRROIIHRRICIIHIIHICRHHRHOHHOO/RCIOICOHRIOIIRRRROCRHCIICRROHO/HHRROIIHRRICIIHIIHICRHHRHOHHOO_
com/moonsworth/lunar/legacy/HHRROIIHRRICIIHIIHICRHHRHOHHOO/HHRROIIHRRICIIHIIHICRHHRHOHHOO/RCIOICOHRIOIIRRRROCRHCIICRROHO/HORHROIOIOICIRHIOCOICHHHIHCIIO	com/moonsworth/lunar/legacy/HHRROIIHRRICIIHIIHICRHHRHOHHOO/HHRROIIHRRICIIHIIHICRHHRHOHHOO/RCIOICOHRIOIIRRRROCRHCIICRROHO/HORHROIOIOICIRHIOCOICHHHIHCIIO_
com/moonsworth/lunar/legacy/HHRROIIHRRICIIHIIHICRHHRHOHHOO/HHRROIIHRRICIIHIIHICRHHRHOHHOO/RCIOICOHRIOIIRRRROCRHCIICRROHO/HRICOROOOCCOCOROCRHHCRRIRCOICO	com/moonsworth/lunar/legacy/HHRROIIHRRICIIHIIHICRHHRHOHHOO/HHRROIIHRRICIIHIIHICRHHRHOHHOO/RCIOICOHRIOIIRRRROCRHCIICRROHO/HRICOROOOCCOCOROCRHHCRRIRCOICO_
com/moonsworth/lunar/legacy/HHRROIIHRRICIIHIIHICRHHRHOHHOO/HHRROIIHRRICIIHIIHICRHHRHOHHOO/RIIIOHCCHRRRORICCHIIHHOORIIOIR/HHRROIIHRRICIIHIIHICRHHRHOHHOO	com/moonsworth/lunar/legacy/HHRROIIHRRICIIHIIHICRHHRHOHHOO/HHRROIIHRRICIIHIIHICRHHRHOHHOO/RIIIOHCCHRRRORICCHIIHHOORIIOIR/HHRROIIHRRICIIHIIHICRHHRHOHHOO_
com/moonsworth/lunar/legacy/HHRROIIHRRICIIHIIHICRHHRHOHHOO/HHRROIIHRRICIIHIIHICRHHRHOHHOO/RIIIOHCCHRRRORICCHIIHHOORIIOIR/HORHROIOIOICIRHIOCOICHHHIHCIIO	com/moonsworth/lunar/legacy/HHRROIIHRRICIIHIIHICRHHRHOHHOO/HHRROIIHRRICIIHIIHICRHHRHOHHOO/RIIIOHCCHRRRORICCHIIHHOORIIOIR/HORHROIOIOICIRHIOCOICHHHIHCIIO_
com/moonsworth/lunar/legacy/HHRROIIHRRICIIHIIHICRHHRHOHHOO/HRICOROOOCCOCOROCRHHCRRIRCOICO/HHRROIIHRRICIIHIIHICRHHRHOHHOO	com/moonsworth/lunar/legacy/HHRROIIHRRICIIHIIHICRHHRHOHHOO/HRICOROOOCCOCOROCRHHCRRIRCOICO/HHRROIIHRRICIIHIIHICRHHRHOHHOO_
com/moonsworth/lunar/legacy/HHRROIIHRRICIIHIIHICRHHRHOHHOO/HRICOROOOCCOCOROCRHHCRRIRCOICO/HORHROIOIOICIRHIOCOICHHHIHCIIO	com/moonsworth/lunar/legacy/HHRROIIHRRICIIHIIHICRHHRHOHHOO/HRICOROOOCCOCOROCRHHCRRIRCOICO/HORHROIOIOICIRHIOCOICHHHIHCIIO_
com/moonsworth/lunar/legacy/HHRROIIHRRICIIHIIHICRHHRHOHHOO/HRICOROOOCCOCOROCRHHCRRIRCOICO/HORHROIOIOICIRHIOCOICHHHIHCIIO/HORHROIOIOICIRHIOCOICHHHIHCIIO	com/moonsworth/lunar/legacy/HHRROIIHRRICIIHIIHICRHHRHOHHOO/HRICOROOOCCOCOROCRHHCRRIRCOICO/HORHROIOIOICIRHIOCOICHHHIHCIIO/HORHROIOIOICIRHIOCOICHHHIHCIIO_
com/moonsworth/lunar/legacy/HHRROIIHRRICIIHIIHICRHHRHOHHOO/HRICOROOOCCOCOROCRHHCRRIRCOICO/HRICOROOOCCOCOROCRHHCRRIRCOICO	com/moonsworth/lunar/legacy/HHRROIIHRRICIIHIIHICRHHRHOHHOO/HRICOROOOCCOCOROCRHHCRRIRCOICO/HRICOROOOCCOCOROCRHHCRRIRCOICO_
com/moonsworth/lunar/legacy/HORHROIOIOICIRHIOCOICHHHIHCIIO	com/moonsworth/lunar/legacy/HORHROIOIOICIRHIOCOICHHHIHCIIO_
com/moonsworth/lunar/legacy/HORHROIOIOICIRHIOCOICHHHIHCIIO$1	com/moonsworth/lunar/legacy/HORHROIOIOICIRHIOCOICHHHIHCIIO_$1
com/moonsworth/lunar/legacy/HORHROIOIOICIRHIOCOICHHHIHCIIO$2	com/moonsworth/lunar/legacy/HORHROIOIOICIRHIOCOICHHHIHCIIO_$2
com/moonsworth/lunar/legacy/HRICOROOOCCOCOROCRHHCRRIRCOICO/HHRROIIHRRICIIHIIHICRHHRHOHHOO	com/moonsworth/lunar/legacy/HRICOROOOCCOCOROCRHHCRRIRCOICO/HHRROIIHRRICIIHIIHICRHHRHOHHOO_
com/moonsworth/lunar/legacy/HRICOROOOCCOCOROCRHHCRRIRCOICO/HICCRORORCRIHCORCCIORIOROORIHR/HHRROIIHRRICIIHIIHICRHHRHOHHOO	com/moonsworth/lunar/legacy/HRICOROOOCCOCOROCRHHCRRIRCOICO/HICCRORORCRIHCORCCIORIOROORIHR/HHRROIIHRRICIIHIIHICRHHRHOHHOO_
com/moonsworth/lunar/legacy/HRICOROOOCCOCOROCRHHCRRIRCOICO/HICCRORORCRIHCORCCIORIOROORIHR/HHRROIIHRRICIIHIIHICRHHRHOHHOO$1	com/moonsworth/lunar/legacy/HRICOROOOCCOCOROCRHHCRRIRCOICO/HICCRORORCRIHCORCCIORIOROORIHR/HHRROIIHRRICIIHIIHICRHHRHOHHOO_$1
com/moonsworth/lunar/legacy/HRICOROOOCCOCOROCRHHCRRIRCOICO/HICCRORORCRIHCORCCIORIOROORIHR/HORHROIOIOICIRHIOCOICHHHIHCIIO	com/moonsworth/lunar/legacy/HRICOROOOCCOCOROCRHHCRRIRCOICO/HICCRORORCRIHCORCCIORIOROORIHR/HORHROIOIOICIRHIOCOICHHHIHCIIO_
com/moonsworth/lunar/legacy/HRICOROOOCCOCOROCRHHCRRIRCOICO/HICCRORORCRIHCORCCIORIOROORIHR/HRICOROOOCCOCOROCRHHCRRIRCOICO	com/moonsworth/lunar/legacy/HRICOROOOCCOCOROCRHHCRRIRCOICO/HICCRORORCRIHCORCCIORIOROORIHR/HRICOROOOCCOCOROCRHHCRRIRCOICO_
com/moonsworth/lunar/legacy/HRICOROOOCCOCOROCRHHCRRIRCOICO/HORHROIOIOICIRHIOCOICHHHIHCIIO	com/moonsworth/lunar/legacy/HRICOROOOCCOCOROCRHHCRRIRCOICO/HORHROIOIOICIRHIOCOICHHHIHCIIO_
com/moonsworth/lunar/legacy/HRICOROOOCCOCOROCRHHCRRIRCOICO/HRICOROOOCCOCOROCRHHCRRIRCOICO/HHRROIIHRRICIIHIIHICRHHRHOHHOO	com/moonsworth/lunar/legacy/HRICOROOOCCOCOROCRHHCRRIRCOICO/HRICOROOOCCOCOROCRHHCRRIRCOICO/HHRROIIHRRICIIHIIHICRHHRHOHHOO_
com/moonsworth/lunar/legacy/HRICOROOOCCOCOROCRHHCRRIRCOICO/HRICOROOOCCOCOROCRHHCRRIRCOICO/HORHROIOIOICIRHIOCOICHHHIHCIIO	com/moonsworth/lunar/legacy/HRICOROOOCCOCOROCRHHCRRIRCOICO/HRICOROOOCCOCOROCRHHCRRIRCOICO/HORHROIOIOICIRHIOCOICHHHIHCIIO_
com/moonsworth/lunar/legacy/HRICOROOOCCOCOROCRHHCRRIRCOICO/ICRHORIIHOHROHOHOCOOHOOCOORRHO/CCROIHHHCOCHHOHORCIRHOCRROIOCI/HHRROIIHRRICIIHIIHICRHHRHOHHOO	com/moonsworth/lunar/legacy/HRICOROOOCCOCOROCRHHCRRIRCOICO/ICRHORIIHOHROHOHOCOOHOOCOORRHO/CCROIHHHCOCHHOHORCIRHOCRROIOCI/HHRROIIHRRICIIHIIHICRHHRHOHHOO_
com/moonsworth/lunar/legacy/HRICOROOOCCOCOROCRHHCRRIRCOICO/ICRHORIIHOHROHOHOCOOHOOCOORRHO/CCROIHHHCOCHHOHORCIRHOCRROIOCI/HORHROIOIOICIRHIOCOICHHHIHCIIO	com/moonsworth/lunar/legacy/HRICOROOOCCOCOROCRHHCRRIRCOICO/ICRHORIIHOHROHOHOCOOHOOCOORRHO/CCROIHHHCOCHHOHORCIRHOCRROIOCI/HORHROIOIOICIRHIOCOICHHHIHCIIO_
com/moonsworth/lunar/legacy/HRICOROOOCCOCOROCRHHCRRIRCOICO/ICRHORIIHOHROHOHOCOOHOOCOORRHO/HHRROIIHRRICIIHIIHICRHHRHOHHOO	com/moonsworth/lunar/legacy/HRICOROOOCCOCOROCRHHCRRIRCOICO/ICRHORIIHOHROHOHOCOOHOOCOORRHO/HHRROIIHRRICIIHIIHICRHHRHOHHOO_
com/moonsworth/lunar/legacy/HRICOROOOCCOCOROCRHHCRRIRCOICO/ICRHORIIHOHROHOHOCOOHOOCOORRHO/HHRROIIHRRICIIHIIHICRHHRHOHHOO/HORHROIOIOICIRHIOCOICHHHIHCIIO	com/moonsworth/lunar/legacy/HRICOROOOCCOCOROCRHHCRRIRCOICO/ICRHORIIHOHROHOHOCOOHOOCOORRHO/HHRROIIHRRICIIHIIHICRHHRHOHHOO/HORHROIOIOICIRHIOCOICHHHIHCIIO_
com/moonsworth/lunar/legacy/HRICOROOOCCOCOROCRHHCRRIRCOICO/ICRHORIIHOHROHOHOCOOHOOCOORRHO/HORHROIOIOICIRHIOCOICHHHIHCIIO	com/moonsworth/lunar/legacy/HRICOROOOCCOCOROCRHHCRRIRCOICO/ICRHORIIHOHROHOHOCOOHOOCOORRHO/HORHROIOIOICIRHIOCOICHHHIHCIIO_
com/moonsworth/lunar/legacy/HRICOROOOCCOCOROCRHHCRRIRCOICO/ICRHORIIHOHROHOHOCOOHOOCOORRHO/HRICOROOOCCOCOROCRHHCRRIRCOICO/HHRROIIHRRICIIHIIHICRHHRHOHHOO	com/moonsworth/lunar/legacy/HRICOROOOCCOCOROCRHHCRRIRCOICO/ICRHORIIHOHROHOHOCOOHOOCOORRHO/HRICOROOOCCOCOROCRHHCRRIRCOICO/HHRROIIHRRICIIHIIHICRHHRHOHHOO_
com/moonsworth/lunar/legacy/HRICOROOOCCOCOROCRHHCRRIRCOICO/ICRHORIIHOHROHOHOCOOHOOCOORRHO/HRICOROOOCCOCOROCRHHCRRIRCOICO/HORHROIOIOICIRHIOCOICHHHIHCIIO	com/moonsworth/lunar/legacy/HRICOROOOCCOCOROCRHHCRRIRCOICO/ICRHORIIHOHROHOHOCOOHOOCOORRHO/HRICOROOOCCOCOROCRHHCRRIRCOICO/HORHROIOIOICIRHIOCOICHHHIHCIIO_
com/moonsworth/lunar/legacy/HRICOROOOCCOCOROCRHHCRRIRCOICO/ICRHORIIHOHROHOHOCOOHOOCOORRHO/HROHOIOCHIRIHICOORIHOHCIOIRIIH/HHRROIIHRRICIIHIIHICRHHRHOHHOO	com/moonsworth/lunar/legacy/HRICOROOOCCOCOROCRHHCRRIRCOICO/ICRHORIIHOHROHOHOCOOHOOCOORRHO/HROHOIOCHIRIHICOORIHOHCIOIRIIH/HHRROIIHRRICIIHIIHICRHHRHOHHOO_
com/moonsworth/lunar/legacy/HRICOROOOCCOCOROCRHHCRRIRCOICO/ICRHORIIHOHROHOHOCOOHOOCOORRHO/HROHOIOCHIRIHICOORIHOHCIOIRIIH/HORHROIOIOICIRHIOCOICHHHIHCIIO	com/moonsworth/lunar/legacy/HRICOROOOCCOCOROCRHHCRRIRCOICO/ICRHORIIHOHROHOHOCOOHOOCOORRHO/HROHOIOCHIRIHICOORIHOHCIOIRIIH/HORHROIOIOICIRHIOCOICHHHIHCIIO_
com/moonsworth/lunar/legacy/HRICOROOOCCOCOROCRHHCRRIRCOICO/ICRHORIIHOHROHOHOCOOHOOCOORRHO/HROHOIOCHIRIHICOORIHOHCIOIRIIH/HRICOROOOCCOCOROCRHHCRRIRCOICO	com/moonsworth/lunar/legacy/HRICOROOOCCOCOROCRHHCRRIRCOICO/ICRHORIIHOHROHOHOCOOHOOCOORRHO/HROHOIOCHIRIHICOORIHOHCIOIRIIH/HRICOROOOCCOCOROCRHHCRRIRCOICO_
com/moonsworth/lunar/legacy/HRICOROOOCCOCOROCRHHCRRIRCOICO/ICRHORIIHOHROHOHOCOOHOOCOORRHO/HROHOIOCHIRIHICOORIHOHCIOIRIIH/HRICOROOOCCOCOROCRHHCRRIRCOICO/HORHROIOIOICIRHIOCOICHHHIHCIIO	com/moonsworth/lunar/legacy/HRICOROOOCCOCOROCRHHCRRIRCOICO/ICRHORIIHOHROHOHOCOOHOOCOORRHO/HROHOIOCHIRIHICOORIHOHCIOIRIIH/HRICOROOOCCOCOROCRHHCRRIRCOICO/HORHROIOIOICIRHIOCOICHHHIHCIIO_
com/moonsworth/lunar/legacy/HRICOROOOCCOCOROCRHHCRRIRCOICO/ICRHORIIHOHROHOHOCOOHOOCOORRHO/HROHOIOCHIRIHICOORIHOHCIOIRIIH/ICRHORIIHOHROHOHOCOOHOOCOORRHO	com/moonsworth/lunar/legacy/HRICOROOOCCOCOROCRHHCRRIRCOICO/ICRHORIIHOHROHOHOCOOHOOCOORRHO/HROHOIOCHIRIHICOORIHOHCIOIRIIH/ICRHORIIHOHROHOHOCOOHOOCOORRHO_
com/moonsworth/lunar/legacy/HRICOROOOCCOCOROCRHHCRRIRCOICO/ICRHORIIHOHROHOHOCOOHOOCOORRHO/HROHOIOCHIRIHICOORIHOHCIOIRIIH/RCIOICOHRIOIIRRRROCRHCIICRROHO	com/moonsworth/lunar/legacy/HRICOROOOCCOCOROCRHHCRRIRCOICO/ICRHORIIHOHROHOHOCOOHOOCOORRHO/HROHOIOCHIRIHICOORIHOHCIOIRIIH/RCIOICOHRIOIIRRRROCRHCIICRROHO_
com/moonsworth/lunar/legacy/HRICOROOOCCOCOROCRHHCRRIRCOICO/ORCHOHHCOHCORRICRIHCHHRORHHCHH/HHRROIIHRRICIIHIIHICRHHRHOHHOO	com/moonsworth/lunar/legacy/HRICOROOOCCOCOROCRHHCRRIRCOICO/ORCHOHHCOHCORRICRIHCHHRORHHCHH/HHRROIIHRRICIIHIIHICRHHRHOHHOO_
com/moonsworth/lunar/legacy/HRICOROOOCCOCOROCRHHCRRIRCOICO/ORCHOHHCOHCORRICRIHCHHRORHHCHH/HORHROIOIOICIRHIOCOICHHHIHCIIO	com/moonsworth/lunar/legacy/HRICOROOOCCOCOROCRHHCRRIRCOICO/ORCHOHHCOHCORRICRIHCHHRORHHCHH/HORHROIOIOICIRHIOCOICHHHIHCIIO_
com/moonsworth/lunar/legacy/HRICOROOOCCOCOROCRHHCRRIRCOICO/ORCHOHHCOHCORRICRIHCHHRORHHCHH/HRICOROOOCCOCOROCRHHCRRIRCOICO	com/moonsworth/lunar/legacy/HRICOROOOCCOCOROCRHHCRRIRCOICO/ORCHOHHCOHCORRICRIHCHHRORHHCHH/HRICOROOOCCOCOROCRHHCRRIRCOICO_
com/moonsworth/lunar/legacy/HRICOROOOCCOCOROCRHHCRRIRCOICO/ORCHOHHCOHCORRICRIHCHHRORHHCHH/ICRHORIIHOHROHOHOCOOHOOCOORRHO	com/moonsworth/lunar/legacy/HRICOROOOCCOCOROCRHHCRRIRCOICO/ORCHOHHCOHCORRICRIHCHHRORHHCHH/ICRHORIIHOHROHOHOCOOHOOCOORRHO_
com/moonsworth/lunar/legacy/HRICOROOOCCOCOROCRHHCRRIRCOICO/ORCHOHHCOHCORRICRIHCHHRORHHCHH/ICRHORIIHOHROHOHOCOOHOOCOORRHO$1	com/moonsworth/lunar/legacy/HRICOROOOCCOCOROCRHHCRRIRCOICO/ORCHOHHCOHCORRICRIHCHHRORHHCHH/ICRHORIIHOHROHOHOCOOHOOCOORRHO_$1
com/moonsworth/lunar/legacy/HRICOROOOCCOCOROCRHHCRRIRCOICO/ORCHOHHCOHCORRICRIHCHHRORHHCHH/RCIOICOHRIOIIRRRROCRHCIICRROHO	com/moonsworth/lunar/legacy/HRICOROOOCCOCOROCRHHCRRIRCOICO/ORCHOHHCOHCORRICRIHCHHRORHHCHH/RCIOICOHRIOIIRRRROCRHCIICRROHO_
com/moonsworth/lunar/legacy/HRICOROOOCCOCOROCRHHCRRIRCOICO/RHIRRICCRHHHIIHHIHHOHRCHIOORCC/HORHROIOIOICIRHIOCOICHHHIHCIIO	com/moonsworth/lunar/legacy/HRICOROOOCCOCOROCRHHCRRIRCOICO/RHIRRICCRHHHIIHHIHHOHRCHIOORCC/HORHROIOIOICIRHIOCOICHHHIHCIIO_
com/moonsworth/lunar/legacy/HRICOROOOCCOCOROCRHHCRRIRCOICO/RIIICIRHRCIHOOOORHOICRIICCCRHR/HORHROIOIOICIRHIOCOICHHHIHCIIO	com/moonsworth/lunar/legacy/HRICOROOOCCOCOROCRHHCRRIRCOICO/RIIICIRHRCIHOOOORHOICRIICCCRHR/HORHROIOIOICIRHIOCOICHHHIHCIIO_
com/moonsworth/lunar/legacy/optifine/mixin/HHRROIIHRRICIIHIIHICRHHRHOHHOO	com/moonsworth/lunar/legacy/optifine/mixin/HHRROIIHRRICIIHIIHICRHHRHOHHOO_
com/moonsworth/lunar/legacy/optifine/mixin/HORHROIOIOICIRHIOCOICHHHIHCIIO	com/moonsworth/lunar/legacy/optifine/mixin/HORHROIOIOICIRHIOCOICHHHIHCIIO_
com/moonsworth/lunar/legacy/wrapper/CCROIHHHCOCHHOHORCIRHOCRROIOCI	com/moonsworth/lunar/legacy/wrapper/CCROIHHHCOCHHOHORCIRHOCRROIOCI_
com/moonsworth/lunar/legacy/wrapper/HHRROIIHRRICIIHIIHICRHHRHOHHOO	com/moonsworth/lunar/legacy/wrapper/HHRROIIHRRICIIHIIHICRHHRHOHHOO_
com/moonsworth/lunar/legacy/wrapper/HHRROIIHRRICIIHIIHICRHHRHOHHOO$HHRROIIHRRICIIHIIHICRHHRHOHHOO	com/moonsworth/lunar/legacy/wrapper/HHRROIIHRRICIIHIIHICRHHRHOHHOO_$HHRROIIHRRICIIHIIHICRHHRHOHHOO
com/moonsworth/lunar/legacy/wrapper/HHRROIIHRRICIIHIIHICRHHRHOHHOO$HORHROIOIOICIRHIOCOICHHHIHCIIO	com/moonsworth/lunar/legacy/wrapper/HHRROIIHRRICIIHIIHICRHHRHOHHOO_$HORHROIOIOICIRHIOCOICHHHIHCIIO
com/moonsworth/lunar/legacy/wrapper/HORHROIOIOICIRHIOCOICHHHIHCIIO	com/moonsworth/lunar/legacy/wrapper/HORHROIOIOICIRHIOCOICHHHIHCIIO_
com/moonsworth/lunar/legacy/wrapper/HRICOROOOCCOCOROCRHHCRRIRCOICO	com/moonsworth/lunar/legacy/wrapper/HRICOROOOCCOCOROCRHHCRRIRCOICO_
com/moonsworth/lunar/legacy/wrapper/HROHOIOCHIRIHICOORIHOHCIOIRIIH	com/moonsworth/lunar/legacy/wrapper/HROHOIOCHIRIHICOORIHOHCIOIRIIH_
com/moonsworth/lunar/legacy/wrapper/ICRHORIIHOHROHOHOCOOHOOCOORRHO	com/moonsworth/lunar/legacy/wrapper/ICRHORIIHOHROHOHOCOOHOOCOORRHO_
com/moonsworth/lunar/legacy/wrapper/ICRHORIIHOHROHOHOCOOHOOCOORRHO/HHRROIIHRRICIIHIIHICRHHRHOHHOO/HORHROIOIOICIRHIOCOICHHHIHCIIO	com/moonsworth/lunar/legacy/wrapper/ICRHORIIHOHROHOHOCOOHOOCOORRHO/HHRROIIHRRICIIHIIHICRHHRHOHHOO/HORHROIOIOICIRHIOCOICHHHIHCIIO_
com/moonsworth/lunar/legacy/wrapper/ICRHORIIHOHROHOHOCOOHOOCOORRHO/OHROCHICOIOICHOCRROORRCIIICIHO/HHRROIIHRRICIIHIIHICRHHRHOHHOO	com/moonsworth/lunar/legacy/wrapper/ICRHORIIHOHROHOHOCOOHOOCOORRHO/OHROCHICOIOICHOCRROORRCIIICIHO/HHRROIIHRRICIIHIIHICRHHRHOHHOO_
com/moonsworth/lunar/legacy/wrapper/ICRHORIIHOHROHOHOCOOHOOCOORRHO/OHROCHICOIOICHOCRROORRCIIICIHO/HORHROIOIOICIRHIOCOICHHHIHCIIO	com/moonsworth/lunar/legacy/wrapper/ICRHORIIHOHROHOHOCOOHOOCOORRHO/OHROCHICOIOICHOCRROORRCIIICIHO/HORHROIOIOICIRHIOCOICHHHIHCIIO_
com/moonsworth/lunar/legacy/wrapper/OHOOORICRHIIIIRHCICICOCHROICRC	com/moonsworth/lunar/legacy/wrapper/OHOOORICRHIIIIRHCICICOCHROICRC_
com/moonsworth/lunar/legacy/wrapper/OHOOORICRHIIIIRHCICICOCHROICRC/HORHROIOIOICIRHIOCOICHHHIHCIIO/HORHROIOIOICIRHIOCOICHHHIHCIIO	com/moonsworth/lunar/legacy/wrapper/OHOOORICRHIIIIRHCICICOCHROICRC/HORHROIOIOICIRHIOCOICHHHIHCIIO/HORHROIOIOICIRHIOCOICHHHIHCIIO_
com/moonsworth/lunar/legacy/wrapper/OHROCHICOIOICHOCRROORRCIIICIHO	com/moonsworth/lunar/legacy/wrapper/OHROCHICOIOICHOCRROORRCIIICIHO_
com/moonsworth/lunar/legacy/wrapper/OHROCHICOIOICHOCRROORRCIIICIHO$HRICOROOOCCOCOROCRHHCRRIRCOICO	com/moonsworth/lunar/legacy/wrapper/OHROCHICOIOICHOCRROORRCIIICIHO_$HRICOROOOCCOCOROCRHHCRRIRCOICO
com/moonsworth/lunar/legacy/wrapper/OHROCHICOIOICHOCRROORRCIIICIHO$ICRHORIIHOHROHOHOCOOHOOCOORRHO	com/moonsworth/lunar/legacy/wrapper/OHROCHICOIOICHOCRROORRCIIICIHO_$ICRHORIIHOHROHOHOCOOHOOCOORRHO
com/moonsworth/lunar/legacy/wrapper/OHROCHICOIOICHOCRROORRCIIICIHO$ORICHRORRORHORHOIHCRHOORCRRHOI	com/moonsworth/lunar/legacy/wrapper/OHROCHICOIOICHOCRROORRCIIICIHO_$ORICHRORRORHORHOIHCRHOORCRRHOI
com/moonsworth/lunar/legacy/wrapper/OHROCHICOIOICHOCRROORRCIIICIHO$ORCHOHHCOHCORRICRIHCHHRORHHCHH	com/moonsworth/lunar/legacy/wrapper/OHROCHICOIOICHOCRROORRCIIICIHO_$ORCHOHHCOHCORRICRIHCHHRORHHCHH
com/moonsworth/lunar/legacy/wrapper/OHROCHICOIOICHOCRROORRCIIICIHO$OIRIOIIIRICICCHORICRRIRROHCRIC	com/moonsworth/lunar/legacy/wrapper/OHROCHICOIOICHOCRROORRCIIICIHO_$OIRIOIIIRICICCHORICRRIRROHCRIC
com/moonsworth/lunar/legacy/wrapper/OHROCHICOIOICHOCRROORRCIIICIHO$HHRROIIHRRICIIHIIHICRHHRHOHHOO	com/moonsworth/lunar/legacy/wrapper/OHROCHICOIOICHOCRROORRCIIICIHO_$HHRROIIHRRICIIHIIHICRHHRHOHHOO
com/moonsworth/lunar/legacy/wrapper/OHROCHICOIOICHOCRROORRCIIICIHO$HORHROIOIOICIRHIOCOICHHHIHCIIO	com/moonsworth/lunar/legacy/wrapper/OHROCHICOIOICHOCRROORRCIIICIHO_$HORHROIOIOICIRHIOCOICHHHIHCIIO
com/moonsworth/lunar/legacy/wrapper/OHROCHICOIOICHOCRROORRCIIICIHO$RHIRRICCRHHHIIHHIHHOHRCHIOORCC	com/moonsworth/lunar/legacy/wrapper/OHROCHICOIOICHOCRROORRCIIICIHO_$RHIRRICCRHHHIIHHIHHOHRCHIOORCC
com/moonsworth/lunar/legacy/wrapper/OHROCHICOIOICHOCRROORRCIIICIHO$RCIOICOHRIOIIRRRROCRHCIICRROHO	com/moonsworth/lunar/legacy/wrapper/OHROCHICOIOICHOCRROORRCIIICIHO_$RCIOICOHRIOIIRRRROCRHCIICRROHO
com/moonsworth/lunar/legacy/wrapper/OHROCHICOIOICHOCRROORRCIIICIHO$OHROCHICOIOICHOCRROORRCIIICIHO	com/moonsworth/lunar/legacy/wrapper/OHROCHICOIOICHOCRROORRCIIICIHO_$OHROCHICOIOICHOCRROORRCIIICIHO
com/moonsworth/lunar/legacy/wrapper/OHROCHICOIOICHOCRROORRCIIICIHO$OHOOORICRHIIIIRHCICICOCHROICRC	com/moonsworth/lunar/legacy/wrapper/OHROCHICOIOICHOCRROORRCIIICIHO_$OHOOORICRHIIIIRHCICICOCHROICRC
com/moonsworth/lunar/legacy/wrapper/OHROCHICOIOICHOCRROORRCIIICIHO$CCROIHHHCOCHHOHORCIRHOCRROIOCI	com/moonsworth/lunar/legacy/wrapper/OHROCHICOIOICHOCRROORRCIIICIHO_$CCROIHHHCOCHHOHORCIRHOCRROIOCI
com/moonsworth/lunar/legacy/wrapper/OHROCHICOIOICHOCRROORRCIIICIHO$HROHOIOCHIRIHICOORIHOHCIOIRIIH	com/moonsworth/lunar/legacy/wrapper/OHROCHICOIOICHOCRROORRCIIICIHO_$HROHOIOCHIRIHICOORIHOHCIOIRIIH
com/moonsworth/lunar/legacy/wrapper/OHROCHICOIOICHOCRROORRCIIICIHO$HIOROOCORHICHIRIHIRCCORCIIICCH	com/moonsworth/lunar/legacy/wrapper/OHROCHICOIOICHOCRROORRCIIICIHO_$HIOROOCORHICHIRIHIRCCORCIIICCH
com/moonsworth/lunar/legacy/wrapper/OIRIOIIIRICICCHORICRRIRROHCRIC	com/moonsworth/lunar/legacy/wrapper/OIRIOIIIRICICCHORICRRIRROHCRIC_
com/moonsworth/lunar/legacy/wrapper/ORCHOHHCOHCORRICRIHCHHRORHHCHH	com/moonsworth/lunar/legacy/wrapper/ORCHOHHCOHCORRICRIHCHHRORHHCHH_
com/moonsworth/lunar/legacy/wrapper/ORCHOHHCOHCORRICRIHCHHRORHHCHH/HORHROIOIOICIRHIOCOICHHHIHCIIO	com/moonsworth/lunar/legacy/wrapper/ORCHOHHCOHCORRICRIHCHHRORHHCHH/HORHROIOIOICIRHIOCOICHHHIHCIIO_
com/moonsworth/lunar/legacy/wrapper/ORICHRORRORHORHOIHCRHOORCRRHOI	com/moonsworth/lunar/legacy/wrapper/ORICHRORRORHORHOIHCRHOORCRRHOI_
com/moonsworth/lunar/legacy/wrapper/ORICHRORRORHORHOIHCRHOORCRRHOI$1	com/moonsworth/lunar/legacy/wrapper/ORICHRORRORHORHOIHCRHOORCRRHOI_$1
com/moonsworth/lunar/legacy/wrapper/RCIOICOHRIOIIRRRROCRHCIICRROHO	com/moonsworth/lunar/legacy/wrapper/RCIOICOHRIOIIRRRROCRHCIICRROHO_
