a	net/minecraft/util/EnumChatFormatting
aa	net/minecraft/command/server/CommandEmote
aaa	net/minecraft/item/ItemLeaves
aab	net/minecraft/item/ItemMap
aac	net/minecraft/item/ItemBucketMilk
aad	net/minecraft/item/ItemMinecart
aae	net/minecraft/item/ItemMultiTexture
aaf	net/minecraft/item/ItemNameTag
aag	net/minecraft/item/ItemPickaxe
aah	net/minecraft/item/ItemPiston
aai	net/minecraft/item/ItemPotion
aaj	net/minecraft/item/EnumRarity
aak	net/minecraft/item/ItemRecord
aal	net/minecraft/item/ItemRedstone
aam	net/minecraft/item/ItemSaddle
aan	net/minecraft/item/ItemSeedFood
aao	net/minecraft/item/ItemSeeds
aap	net/minecraft/item/ItemShears
aaq	net/minecraft/item/ItemSpade
aar	net/minecraft/item/ItemSign
aas	net/minecraft/item/ItemSimpleFoiled
aat	net/minecraft/item/ItemSkull
aau	net/minecraft/item/ItemSlab
aav	net/minecraft/item/ItemSnow
aaw	net/minecraft/item/ItemSnowball
aax	net/minecraft/item/ItemMonsterPlacer
aay	net/minecraft/item/ItemSword
aaz	net/minecraft/item/ItemColored
ab	net/minecraft/command/CommandEnchant
aba	net/minecraft/item/EnumAction
abb	net/minecraft/item/ItemLilyPad
abc	net/minecraft/item/ItemWritableBook
abd	net/minecraft/item/ItemEditableBook
abe	net/minecraft/potion/PotionHelper
abh	net/minecraft/item/crafting/RecipesArmorDyes
abi	net/minecraft/item/crafting/RecipesArmor
abj	net/minecraft/item/crafting/RecipesBanners
abj$a	abj$RecipeAddPattern
abj$b	abj$RecipeDuplicatePattern
abk	net/minecraft/item/crafting/RecipeBookCloning
abl	net/minecraft/item/crafting/RecipesDyes
abm	net/minecraft/item/crafting/RecipeFireworks
abn	net/minecraft/item/crafting/RecipesFood
abo	net/minecraft/item/crafting/FurnaceRecipes
abp	net/minecraft/item/crafting/RecipesMapCloning
abq	net/minecraft/item/crafting/RecipesMapExtending
abr	net/minecraft/item/crafting/RecipesIngots
abs	net/minecraft/item/crafting/IRecipe
abt	net/minecraft/item/crafting/CraftingManager
abu	net/minecraft/item/crafting/RecipeRepairItem
abv	net/minecraft/item/crafting/ShapedRecipes
abw	net/minecraft/item/crafting/ShapelessRecipes
abx	net/minecraft/item/crafting/RecipesCrafting
aby	net/minecraft/item/crafting/RecipesTools
abz	net/minecraft/item/crafting/RecipesWeapons
ac	net/minecraft/command/CommandEntityData
acb	net/minecraft/enchantment/EnchantmentArrowDamage
acc	net/minecraft/enchantment/EnchantmentArrowFire
acd	net/minecraft/enchantment/EnchantmentArrowInfinite
ace	net/minecraft/enchantment/EnchantmentArrowKnockback
acf	net/minecraft/enchantment/EnchantmentDamage
acg	net/minecraft/enchantment/EnchantmentDurability
ach	net/minecraft/enchantment/EnchantmentDigging
aci	net/minecraft/enchantment/Enchantment
acj	net/minecraft/enchantment/EnumEnchantmentType
ack	net/minecraft/enchantment/EnchantmentHelper
ack$a	ack$DamageIterator
ack$b	ack$HurtIterator
ack$c	ack$IModifier
ack$d	ack$ModifierLiving
ack$e	ack$ModifierDamage
acl	net/minecraft/enchantment/EnchantmentData
acm	net/minecraft/enchantment/EnchantmentFireAspect
acn	net/minecraft/enchantment/EnchantmentFishingSpeed
aco	net/minecraft/enchantment/EnchantmentKnockback
acp	net/minecraft/enchantment/EnchantmentLootBonus
acq	net/minecraft/enchantment/EnchantmentOxygen
acr	net/minecraft/enchantment/EnchantmentProtection
acs	net/minecraft/enchantment/EnchantmentThorns
act	net/minecraft/enchantment/EnchantmentUntouching
acu	net/minecraft/enchantment/EnchantmentWaterWalker
acv	net/minecraft/enchantment/EnchantmentWaterWorker
acy	net/minecraft/entity/IMerchant
acz	net/minecraft/village/MerchantRecipe
ad	net/minecraft/command/CommandExecuteAt
ada	net/minecraft/village/MerchantRecipeList
adc	net/minecraft/command/server/CommandBlockLogic
add	net/minecraft/tileentity/MobSpawnerBaseLogic
add$a	add$WeightedRandomMinecart
ade	net/minecraft/block/BlockEventData
adf	net/minecraft/util/EnumWorldBlockLayer
adg	net/minecraft/world/ChunkCoordIntPair
adi	net/minecraft/world/Explosion
adj	net/minecraft/world/ColorizerFoliage
adk	net/minecraft/world/GameRules
adk$a	adk$Value
adk$b	adk$ValueType
adl	net/minecraft/world/ColorizerGrass
adm	net/minecraft/world/World
adn	net/minecraft/world/MinecraftException
ado	net/minecraft/world/IWorldAccess
adp	net/minecraft/world/WorldSettings
adp$a	adp$GameType
adq	net/minecraft/world/IBlockAccess
adr	net/minecraft/world/WorldType
ads	net/minecraft/world/EnumSkyBlock
adt	net/minecraft/world/SpawnerAnimals
adu	net/minecraft/world/Teleporter
adu$a	adu$PortalPosition
adv	net/minecraft/world/ChunkCache
adw	net/minecraft/world/NextTickListEntry
adx	net/minecraft/world/biome/BiomeGenBeach
ady	net/minecraft/world/biome/BiomeGenBase
ady$a	ady$Height
ady$b	ady$TempCategory
ady$c	ady$SpawnListEntry
adz	net/minecraft/world/biome/BiomeCache
adz$a	adz$Block
ae	net/minecraft/command/CommandXP
aea	net/minecraft/world/biome/BiomeColorHelper
aea$a	aea$ColorResolver
aeb	net/minecraft/world/biome/BiomeDecorator
aec	net/minecraft/world/biome/WorldChunkManager
aed	net/minecraft/world/biome/BiomeGenDesert
aee	net/minecraft/world/biome/BiomeGenHills
aef	net/minecraft/world/biome/WorldChunkManagerHell
aeg	net/minecraft/world/biome/BiomeGenForest
aeh	net/minecraft/world/biome/BiomeGenHell
aei	net/minecraft/world/biome/BiomeGenSnow
aej	net/minecraft/world/biome/BiomeGenJungle
aek	net/minecraft/world/biome/BiomeGenMesa
ael	net/minecraft/world/biome/BiomeGenMushroomIsland
aem	net/minecraft/world/biome/BiomeGenMutated
aen	net/minecraft/world/biome/BiomeGenOcean
aeo	net/minecraft/world/biome/BiomeGenPlains
aeq	net/minecraft/world/biome/BiomeGenRiver
aer	net/minecraft/world/biome/BiomeGenSavanna
aer$a	aer$Mutated
aes	net/minecraft/world/biome/BiomeGenStoneBeach
aet	net/minecraft/world/biome/BiomeGenSwamp
aeu	net/minecraft/world/biome/BiomeGenTaiga
aev	net/minecraft/world/biome/BiomeGenEnd
aew	net/minecraft/world/biome/BiomeEndDecorator
aey	net/minecraft/block/BlockAir
aez	net/minecraft/block/BlockAnvil
aez$a	aez$Anvil
af	net/minecraft/command/CommandFill
afa	net/minecraft/block/BlockBanner
afa$a	afa$BlockBannerStanding
afa$b	afa$BlockBannerHanging
afb	net/minecraft/block/BlockBarrier
afc	net/minecraft/block/BlockContainer
afd	net/minecraft/block/BlockBasePressurePlate
afe	net/minecraft/block/BlockRailBase
afe$a	afe$Rail
afe$b	afe$EnumRailDirection
aff	net/minecraft/block/BlockBeacon
afg	net/minecraft/block/BlockBed
afg$a	afg$EnumPartType
afh	net/minecraft/block/Block
afh$a	afh$EnumOffsetType
afh$b	afh$SoundType
afi	net/minecraft/init/Blocks
afj	net/minecraft/block/IGrowable
afk	net/minecraft/block/BlockBookshelf
afl	net/minecraft/block/BlockBrewingStand
afm	net/minecraft/block/BlockBush
afn	net/minecraft/block/BlockButton
afo	net/minecraft/block/BlockCactus
afp	net/minecraft/block/BlockCake
afq	net/minecraft/block/BlockCarrot
afr	net/minecraft/block/BlockCauldron
afs	net/minecraft/block/BlockChest
aft	net/minecraft/block/BlockClay
afu	net/minecraft/block/BlockCocoa
afv	net/minecraft/block/BlockColored
afw	net/minecraft/block/BlockCommandBlock
afx	net/minecraft/block/BlockRedstoneComparator
afx$a	afx$Mode
afy	net/minecraft/block/BlockWorkbench
afy$a	afy$InterfaceCraftingTable
afz	net/minecraft/block/BlockCrops
ag	net/minecraft/command/CommandDifficulty
aga	net/minecraft/block/BlockDaylightDetector
agb	net/minecraft/block/BlockDeadBush
agc	net/minecraft/block/BlockRailDetector
agd	net/minecraft/block/BlockRedstoneDiode
age	net/minecraft/block/BlockDirectional
agf	net/minecraft/block/BlockDirt
agf$a	agf$DirtType
agg	net/minecraft/block/BlockDispenser
agh	net/minecraft/block/BlockDoor
agh$a	agh$EnumDoorHalf
agh$b	agh$EnumHingePosition
agi	net/minecraft/block/BlockDoublePlant
agi$a	agi$EnumBlockHalf
agi$b	agi$EnumPlantType
agj	net/minecraft/block/BlockDragonEgg
agk	net/minecraft/block/BlockDropper
agl	net/minecraft/block/BlockDynamicLiquid
agm	net/minecraft/block/BlockEnchantmentTable
agn	net/minecraft/block/BlockEndPortal
ago	net/minecraft/block/BlockEndPortalFrame
agp	net/minecraft/block/BlockEnderChest
agq	net/minecraft/block/ITileEntityProvider
agr	net/minecraft/block/BlockFalling
ags	net/minecraft/block/BlockFarmland
agt	net/minecraft/block/BlockFence
agu	net/minecraft/block/BlockFenceGate
agv	net/minecraft/block/BlockFire
agw	net/minecraft/block/BlockFlower
agw$a	agw$EnumFlowerType
agw$b	agw$EnumFlowerColor
agx	net/minecraft/block/BlockFlowerPot
agx$a	agx$EnumFlowerType
agy	net/minecraft/block/BlockDoubleStoneSlabNew
agz	net/minecraft/block/BlockDoubleStoneSlab
ah	net/minecraft/command/CommandGameMode
aha	net/minecraft/block/BlockDoubleWoodSlab
ahb	net/minecraft/block/BlockFurnace
ahc	net/minecraft/block/BlockGlass
ahd	net/minecraft/block/BlockGlowstone
ahe	net/minecraft/block/BlockGrass
ahf	net/minecraft/block/BlockGravel
ahg	net/minecraft/block/BlockHalfStoneSlabNew
ahh	net/minecraft/block/BlockSlab
ahh$a	ahh$EnumBlockHalf
ahi	net/minecraft/block/BlockHalfStoneSlab
ahj	net/minecraft/block/BlockBreakable
ahk	net/minecraft/block/BlockHalfWoodSlab
ahl	net/minecraft/block/BlockHardenedClay
ahm	net/minecraft/block/BlockHay
ahn	net/minecraft/block/BlockHopper
aho	net/minecraft/block/BlockHugeMushroom
aho$a	aho$EnumType
ahp	net/minecraft/block/BlockIce
ahq	net/minecraft/block/BlockJukebox
ahq$a	ahq$TileEntityJukebox
ahr	net/minecraft/block/BlockLadder
ahs	net/minecraft/block/BlockLeaves
ahu	net/minecraft/block/BlockLever
ahu$a	ahu$EnumOrientation
ahv	net/minecraft/block/BlockLiquid
ahw	net/minecraft/block/BlockLog
ahw$a	ahw$EnumAxis
ahx	net/minecraft/block/BlockMelon
ahy	net/minecraft/block/BlockMobSpawner
ahz	net/minecraft/block/BlockSilverfish
ahz$a	ahz$EnumType
ai	net/minecraft/command/CommandGameRule
aia	net/minecraft/block/BlockMushroom
aib	net/minecraft/block/BlockMycelium
aic	net/minecraft/block/BlockNetherBrick
aid	net/minecraft/block/BlockNetherWart
aie	net/minecraft/block/BlockNetherrack
aif	net/minecraft/block/BlockNewLeaf
aig	net/minecraft/block/BlockNewLog
aih	net/minecraft/block/BlockStoneSlabNew
aih$a	aih$EnumType
aii	net/minecraft/block/BlockNote
aij	net/minecraft/block/BlockObsidian
aik	net/minecraft/block/BlockOldLeaf
ail	net/minecraft/block/BlockOldLog
aim	net/minecraft/block/BlockOre
ain	net/minecraft/block/BlockPackedIce
aio	net/minecraft/block/BlockPlanks
aio$a	aio$EnumType
aip	net/minecraft/block/BlockPortal
aip$a	aip$Size
aiq	net/minecraft/block/BlockPotato
air	net/minecraft/block/BlockCompressedPowered
ais	net/minecraft/block/BlockRailPowered
ait	net/minecraft/block/BlockPressurePlate
ait$a	ait$Sensitivity
aiu	net/minecraft/block/BlockPrismarine
aiu$a	aiu$EnumType
aiv	net/minecraft/block/BlockPumpkin
aiw	net/minecraft/block/BlockQuartz
aiw$a	aiw$EnumType
aix	net/minecraft/block/BlockRail
aiy	net/minecraft/block/BlockRedFlower
aiz	net/minecraft/block/BlockRedSandstone
aiz$a	aiz$EnumType
aj	net/minecraft/command/CommandGive
aja	net/minecraft/block/BlockRedstoneOre
ajb	net/minecraft/block/BlockRedstoneWire
ajb$a	ajb$EnumAttachPosition
ajc	net/minecraft/block/BlockRedstoneLight
ajd	net/minecraft/block/BlockRedstoneTorch
ajd$a	ajd$Toggle
aje	net/minecraft/block/BlockReed
ajf	net/minecraft/block/BlockRedstoneRepeater
ajg	net/minecraft/block/BlockRotatedPillar
ajh	net/minecraft/block/BlockSand
ajh$a	ajh$EnumType
aji	net/minecraft/block/BlockSandStone
aji$a	aji$EnumType
ajj	net/minecraft/block/BlockSapling
ajk	net/minecraft/block/BlockSeaLantern
ajl	net/minecraft/block/BlockSign
ajm	net/minecraft/block/BlockSkull
ajn	net/minecraft/block/BlockSlime
ajo	net/minecraft/block/BlockSnowBlock
ajp	net/minecraft/block/BlockSnow
ajq	net/minecraft/block/BlockSoulSand
ajr	net/minecraft/block/BlockSponge
ajs	net/minecraft/block/BlockStainedGlass
ajt	net/minecraft/block/BlockStainedGlassPane
aju	net/minecraft/block/BlockStairs
aju$a	aju$EnumHalf
aju$b	aju$EnumShape
ajv	net/minecraft/block/BlockStandingSign
ajw	net/minecraft/block/BlockStaticLiquid
ajx	net/minecraft/block/BlockStem
ajy	net/minecraft/block/BlockStone
ajy$a	ajy$EnumType
ajz	net/minecraft/block/BlockStoneBrick
ajz$a	ajz$EnumType
ak	net/minecraft/command/CommandHelp
aka	net/minecraft/block/BlockButtonStone
akb	net/minecraft/block/BlockStoneSlab
akb$a	akb$EnumType
akc	net/minecraft/block/BlockTallGrass
akc$a	akc$EnumType
akd	net/minecraft/block/BlockPane
ake	net/minecraft/block/BlockTNT
akf	net/minecraft/block/BlockTorch
akg	net/minecraft/block/BlockLeavesBase
akh	net/minecraft/block/BlockTrapDoor
akh$a	akh$DoorHalf
aki	net/minecraft/block/BlockTripWire
akj	net/minecraft/block/BlockTripWireHook
akk	net/minecraft/block/BlockVine
akl	net/minecraft/block/BlockWall
akl$a	akl$EnumType
akm	net/minecraft/block/BlockWallSign
akn	net/minecraft/block/BlockLilyPad
ako	net/minecraft/block/BlockWeb
akp	net/minecraft/block/BlockPressurePlateWeighted
akq	net/minecraft/block/BlockButtonWood
akr	net/minecraft/block/BlockWoodSlab
aks	net/minecraft/block/BlockCarpet
akt	net/minecraft/block/BlockYellowFlower
aku	net/minecraft/tileentity/TileEntityBanner
aku$a	aku$EnumBannerPattern
akv	net/minecraft/tileentity/TileEntityBeacon
akv$a	akv$BeamSegment
akw	net/minecraft/tileentity/TileEntity
akx	net/minecraft/tileentity/TileEntityBrewingStand
aky	net/minecraft/tileentity/TileEntityChest
akz	net/minecraft/tileentity/TileEntityCommandBlock
al	net/minecraft/command/CommandServerKick
ala	net/minecraft/tileentity/TileEntityComparator
alb	net/minecraft/tileentity/TileEntityDaylightDetector
alc	net/minecraft/tileentity/TileEntityDispenser
ald	net/minecraft/tileentity/TileEntityDropper
ale	net/minecraft/tileentity/TileEntityEnchantmentTable
alf	net/minecraft/tileentity/TileEntityEnderChest
alg	net/minecraft/tileentity/TileEntityFlowerPot
alh	net/minecraft/tileentity/TileEntityFurnace
ali	net/minecraft/tileentity/IHopper
alj	net/minecraft/tileentity/TileEntityHopper
alk	net/minecraft/tileentity/TileEntityLockable
all	net/minecraft/tileentity/TileEntityMobSpawner
alm	net/minecraft/tileentity/TileEntityNote
aln	net/minecraft/tileentity/TileEntitySign
alo	net/minecraft/tileentity/TileEntitySkull
alp	net/minecraft/tileentity/TileEntityEndPortal
als	net/minecraft/block/BlockPistonBase
alt	net/minecraft/block/BlockPistonExtension
alt$a	alt$EnumPistonType
alu	net/minecraft/tileentity/TileEntityPiston
alv	net/minecraft/block/BlockPistonMoving
alw	net/minecraft/block/state/BlockPistonStructureHelper
aly	net/minecraft/block/state/BlockStateBase
alz	net/minecraft/block/state/IBlockState
am	net/minecraft/command/CommandKill
ama	net/minecraft/block/state/BlockState
ama$a	ama$StateImplementation
amc	net/minecraft/block/state/BlockWorldState
amd	net/minecraft/block/state/pattern/BlockPattern
amd$a	amd$CacheLoader
amd$b	amd$PatternHelper
ame	net/minecraft/block/state/pattern/FactoryBlockPattern
amg	net/minecraft/block/state/pattern/BlockHelper
amh	net/minecraft/block/state/pattern/BlockStateHelper
amj	net/minecraft/block/properties/PropertyHelper
amk	net/minecraft/block/properties/PropertyBool
aml	net/minecraft/block/properties/PropertyDirection
amm	net/minecraft/block/properties/PropertyEnum
amn	net/minecraft/block/properties/PropertyInteger
amo	net/minecraft/block/properties/IProperty
amq	net/minecraft/world/border/IBorderListener
amr	net/minecraft/world/border/EnumBorderStatus
ams	net/minecraft/world/border/WorldBorder
amv	net/minecraft/world/chunk/IChunkProvider
amw	net/minecraft/world/chunk/NibbleArray
amx	net/minecraft/world/chunk/EmptyChunk
amy	net/minecraft/world/chunk/Chunk
amy$a	amy$EnumCreateEntityType
amz	net/minecraft/world/chunk/storage/ExtendedBlockStorage
an	net/minecraft/command/server/CommandListBans
ana	net/minecraft/world/chunk/storage/NibbleArrayReader
and	net/minecraft/world/chunk/storage/IChunkLoader
ang	net/minecraft/world/chunk/storage/ChunkLoader
ang$a	ang$AnvilConverterData
anh	net/minecraft/world/chunk/storage/RegionFile
anh$a	anh$ChunkBuffer
ani	net/minecraft/world/chunk/storage/RegionFileCache
anj	net/minecraft/world/chunk/storage/AnvilChunkLoader
anm	net/minecraft/world/WorldProvider
ann	net/minecraft/world/WorldProviderHell
ano	net/minecraft/world/WorldProviderSurface
anp	net/minecraft/world/WorldProviderEnd
anr	net/minecraft/world/gen/MapGenRavine
ans	net/minecraft/world/chunk/ChunkPrimer
ant	net/minecraft/world/gen/ChunkProviderSettings
ant$a	ant$Factory
ant$b	ant$Serializer
anu	net/minecraft/world/gen/ChunkProviderDebug
anv	net/minecraft/world/gen/ChunkProviderFlat
anw	net/minecraft/world/gen/ChunkProviderHell
anx	net/minecraft/world/gen/MapGenCaves
any	net/minecraft/world/gen/MapGenBase
anz	net/minecraft/world/gen/MapGenCavesHell
ao	net/minecraft/command/server/CommandListPlayers
aoa	net/minecraft/world/gen/ChunkProviderGenerate
aob	net/minecraft/world/gen/ChunkProviderEnd
aoh	net/minecraft/world/gen/feature/WorldGenAbstractTree
aoi	net/minecraft/world/gen/feature/WorldGenBigTree
aoi$a	aoi$FoliageCoordinates
aoj	net/minecraft/world/gen/feature/WorldGenForest
aok	net/minecraft/world/gen/feature/WorldGenBlockBlob
aol	net/minecraft/world/gen/feature/WorldGeneratorBonusChest
aom	net/minecraft/world/gen/GeneratorBushFeature
aon	net/minecraft/world/gen/feature/WorldGenCactus
aop	net/minecraft/world/gen/feature/WorldGenClay
aoq	net/minecraft/world/gen/feature/WorldGenDeadBush
aor	net/minecraft/world/gen/feature/WorldGenDesertWells
aos	net/minecraft/world/gen/feature/WorldGenDoublePlant
aot	net/minecraft/world/gen/feature/WorldGenerator
aou	net/minecraft/world/gen/feature/WorldGenFlowers
aov	net/minecraft/world/gen/feature/WorldGenShrub
aow	net/minecraft/world/gen/feature/WorldGenFire
aox	net/minecraft/world/gen/feature/WorldGenGlowStone2
aoy	net/minecraft/world/gen/feature/WorldGenHellLava
aoz	net/minecraft/world/gen/feature/WorldGenBigMushroom
ap	net/minecraft/command/server/CommandMessage
apa	net/minecraft/world/gen/feature/WorldGenIcePath
apb	net/minecraft/world/gen/feature/WorldGenIceSpike
apc	net/minecraft/world/gen/feature/WorldGenLakes
apd	net/minecraft/world/gen/feature/WorldGenGlowStone1
ape	net/minecraft/world/gen/feature/WorldGenMegaJungle
apf	net/minecraft/world/gen/feature/WorldGenMegaPineTree
apg	net/minecraft/world/gen/feature/WorldGenHugeTrees
aph	net/minecraft/world/gen/feature/WorldGenMelon
api	net/minecraft/world/gen/feature/WorldGenDungeons
apj	net/minecraft/world/gen/feature/WorldGenMinable
apk	net/minecraft/world/gen/feature/WorldGenTaiga1
apl	net/minecraft/world/gen/feature/WorldGenPumpkin
apm	net/minecraft/world/gen/feature/WorldGenReed
apn	net/minecraft/world/gen/feature/WorldGenCanopyTree
apo	net/minecraft/world/gen/feature/WorldGenSand
app	net/minecraft/world/gen/feature/WorldGenSavannaTree
apq	net/minecraft/world/gen/feature/WorldGenSpikes
apr	net/minecraft/world/gen/feature/WorldGenLiquids
aps	net/minecraft/world/gen/feature/WorldGenTaiga2
apt	net/minecraft/world/gen/feature/WorldGenSwamp
apu	net/minecraft/world/gen/feature/WorldGenTallGrass
apv	net/minecraft/world/gen/feature/WorldGenTrees
apw	net/minecraft/world/gen/feature/WorldGenVines
apx	net/minecraft/world/gen/feature/WorldGenWaterlily
apz	net/minecraft/world/gen/FlatGeneratorInfo
aq	net/minecraft/command/server/CommandMessageRaw
aqa	net/minecraft/world/gen/FlatLayerInfo
aqe	net/minecraft/world/gen/structure/StructureBoundingBox
aqf	net/minecraft/world/gen/structure/MapGenMineshaft
aqg	net/minecraft/world/gen/structure/StructureMineshaftPieces
aqg$a	aqg$Corridor
aqg$b	aqg$Cross
aqg$c	aqg$Room
aqg$d	aqg$Stairs
aqh	net/minecraft/world/gen/structure/StructureMineshaftStart
aqi	net/minecraft/world/gen/structure/MapGenNetherBridge
aqi$a	aqi$Start
aqj	net/minecraft/world/gen/structure/StructureNetherBridgePieces
aqj$a	aqj$Crossing3
aqj$b	aqj$End
aqj$c	aqj$Straight
aqj$d	aqj$Corridor3
aqj$e	aqj$Corridor4
aqj$f	aqj$Entrance
aqj$g	aqj$Crossing2
aqj$h	aqj$Corridor
aqj$i	aqj$Corridor5
aqj$j	aqj$Corridor2
aqj$k	aqj$NetherStalkRoom
aqj$l	aqj$Throne
aqj$m	aqj$Piece
aqj$n	aqj$PieceWeight
aqj$o	aqj$Crossing
aqj$p	aqj$Stairs
aqj$q	aqj$Start
aqk	net/minecraft/world/gen/structure/StructureOceanMonument
aqk$a	aqk$StartMonument
aql	net/minecraft/world/gen/structure/StructureOceanMonumentPieces
aql$a	aql$XDoubleRoomFitHelper
aql$b	aql$XYDoubleRoomFitHelper
aql$c	aql$YDoubleRoomFitHelper
aql$d	aql$YZDoubleRoomFitHelper
aql$e	aql$ZDoubleRoomFitHelper
aql$f	aql$FitSimpleRoomHelper
aql$g	aql$FitSimpleRoomTopHelper
aql$h	aql$MonumentBuilding
aql$i	aql$MonumentRoomFitHelper
aql$j	aql$MonumentCoreRoom
aql$k	aql$DoubleXRoom
aql$l	aql$DoubleXYRoom
aql$m	aql$DoubleYRoom
aql$n	aql$DoubleYZRoom
aql$o	aql$DoubleZRoom
aql$p	aql$EntryRoom
aql$q	aql$Penthouse
aql$r	aql$Piece
aql$s	aql$SimpleRoom
aql$t	aql$SimpleTopRoom
aql$u	aql$WingRoom
aql$v	aql$RoomDefinition
aqm	net/minecraft/world/gen/structure/MapGenScatteredFeature
aqm$a	aqm$Start
aqn	net/minecraft/world/gen/structure/ComponentScatteredFeaturePieces
aqn$a	aqn$DesertPyramid
aqn$b	aqn$JunglePyramid
aqn$b$a	aqn$b$Stones
aqn$c	aqn$Feature
aqn$d	aqn$SwampHut
aqo	net/minecraft/world/gen/structure/MapGenStronghold
aqo$a	aqo$Start
aqp	net/minecraft/world/gen/structure/StructureStrongholdPieces
aqp$a	aqp$ChestCorridor
aqp$b	aqp$Corridor
aqp$c	aqp$Crossing
aqp$d	aqp$LeftTurn
aqp$e	aqp$Library
aqp$f	aqp$PieceWeight
aqp$g	aqp$PortalRoom
aqp$h	aqp$Prison
aqp$i	aqp$RightTurn
aqp$j	aqp$RoomCrossing
aqp$k	aqp$Stones
aqp$l	aqp$Stairs
aqp$m	aqp$Stairs2
aqp$n	aqp$Straight
aqp$o	aqp$StairsStraight
aqp$p	aqp$Stronghold
aqp$p$a	aqp$p$Door
aqq	net/minecraft/world/gen/structure/MapGenStructure
aqr	net/minecraft/world/gen/structure/MapGenStructureIO
aqs	net/minecraft/world/gen/structure/MapGenStructureData
aqt	net/minecraft/world/gen/structure/StructureComponent
aqt$a	aqt$BlockSelector
aqu	net/minecraft/world/gen/structure/StructureStart
aqv	net/minecraft/world/gen/structure/MapGenVillage
aqv$a	aqv$Start
aqw	net/minecraft/world/gen/structure/StructureVillagePieces
aqw$a	aqw$House1
aqw$b	aqw$Field1
aqw$c	aqw$Field2
aqw$d	aqw$Torch
aqw$e	aqw$PieceWeight
aqw$f	aqw$Hall
aqw$g	aqw$House4Garden
aqw$h	aqw$WoodHut
aqw$i	aqw$Church
aqw$j	aqw$House2
aqw$k	aqw$Start
aqw$l	aqw$Path
aqw$m	aqw$House3
aqw$n	aqw$Village
aqw$o	aqw$Road
aqw$p	aqw$Well
ar	net/minecraft/command/server/CommandOp
arb	net/minecraft/world/gen/NoiseGeneratorImproved
arc	net/minecraft/world/gen/NoiseGeneratorOctaves
ard	net/minecraft/world/gen/NoiseGeneratorPerlin
arg	net/minecraft/world/gen/NoiseGeneratorSimplex
arh	net/minecraft/world/gen/NoiseGenerator
arj	net/minecraft/block/material/MaterialLogic
ark	net/minecraft/block/material/MaterialTransparent
arl	net/minecraft/block/material/MaterialLiquid
arm	net/minecraft/block/material/Material
arn	net/minecraft/block/material/MapColor
aro	net/minecraft/block/material/MaterialPortal
arq	net/minecraft/world/gen/layer/GenLayerDeepOcean
arr	net/minecraft/world/gen/layer/GenLayerEdge
arr$a	arr$Mode
ars	net/minecraft/world/gen/layer/GenLayerAddIsland
art	net/minecraft/world/gen/layer/GenLayerAddMushroomIsland
aru	net/minecraft/world/gen/layer/GenLayerAddSnow
arv	net/minecraft/world/gen/layer/GenLayerBiomeEdge
arw	net/minecraft/world/gen/layer/GenLayerBiome
as	net/minecraft/command/server/CommandPardonIp
asa	net/minecraft/world/gen/layer/GenLayerFuzzyZoom
asc	net/minecraft/world/gen/layer/IntCache
asd	net/minecraft/world/gen/layer/GenLayerIsland
ase	net/minecraft/world/gen/layer/GenLayer
asf	net/minecraft/world/gen/layer/GenLayerRareBiome
asg	net/minecraft/world/gen/layer/GenLayerHills
ash	net/minecraft/world/gen/layer/GenLayerRemoveTooMuchOcean
asi	net/minecraft/world/gen/layer/GenLayerRiverInit
asj	net/minecraft/world/gen/layer/GenLayerRiver
ask	net/minecraft/world/gen/layer/GenLayerRiverMix
asl	net/minecraft/world/gen/layer/GenLayerShore
asm	net/minecraft/world/gen/layer/GenLayerSmooth
asq	net/minecraft/world/gen/layer/GenLayerVoronoiZoom
asr	net/minecraft/world/gen/layer/GenLayerZoom
asu	net/minecraft/pathfinding/Path
asv	net/minecraft/pathfinding/PathPoint
asw	net/minecraft/world/pathfinder/NodeProcessor
asx	net/minecraft/pathfinding/PathEntity
asy	net/minecraft/pathfinding/PathFinder
asz	net/minecraft/world/pathfinder/SwimNodeProcessor
at	net/minecraft/command/server/CommandPardonPlayer
ata	net/minecraft/world/pathfinder/WalkNodeProcessor
ate	net/minecraft/world/WorldSavedData
atf	net/minecraft/util/Vec4b
atg	net/minecraft/world/storage/MapData
atg$a	atg$MapInfo
atj	net/minecraft/world/chunk/storage/AnvilSaveHandler
atk	net/minecraft/world/chunk/storage/AnvilSaveConverter
atl	net/minecraft/world/storage/DerivedWorldInfo
atm	net/minecraft/world/storage/SaveHandler
atn	net/minecraft/world/storage/SaveFormatOld
ato	net/minecraft/world/storage/WorldInfo
atp	net/minecraft/world/storage/ISaveHandler
atq	net/minecraft/client/AnvilConverterException
atr	net/minecraft/world/storage/ISaveFormat
ats	net/minecraft/world/storage/SaveFormatComparator
atx	net/minecraft/world/storage/SaveHandlerMP
aty	net/minecraft/world/storage/IPlayerFileData
atz	net/minecraft/world/storage/SaveDataMemoryStorage
au	net/minecraft/command/CommandParticle
aua	net/minecraft/world/storage/MapStorage
auc	net/minecraft/world/storage/ThreadedFileIOBase
aud	net/minecraft/world/storage/IThreadedFileIO
aug	net/minecraft/util/AxisAlignedBB
auh	net/minecraft/util/MovingObjectPosition
auh$a	auh$MovingObjectType
aui	net/minecraft/util/Vec3
auk	net/minecraft/scoreboard/ScoreObjective
aul	net/minecraft/scoreboard/ScorePlayerTeam
aum	net/minecraft/scoreboard/Score
auo	net/minecraft/scoreboard/Scoreboard
aup	net/minecraft/scoreboard/ScoreboardSaveData
auq	net/minecraft/scoreboard/Team
auq$a	auq$EnumVisible
aur	net/minecraft/scoreboard/GoalColor
aus	net/minecraft/scoreboard/ScoreDummyCriteria
aut	net/minecraft/scoreboard/ScoreHealthCriteria
auu	net/minecraft/scoreboard/IScoreObjectiveCriteria
auu$a	auu$EnumRenderType
auv	net/minecraft/stats/ObjectiveStat
auz	net/minecraft/client/renderer/ActiveRenderInfo
av	net/minecraft/command/CommandPlaySound
ava	net/minecraft/client/gui/ChatLine
avb	net/minecraft/client/settings/KeyBinding
avc	net/minecraft/client/renderer/RenderHelper
avd	net/minecraft/client/renderer/GLAllocation
ave	net/minecraft/client/Minecraft
avf	net/minecraft/util/MouseHelper
avh	net/minecraft/client/settings/GameSettings
avh$a	avh$Options
avi	net/minecraft/client/LoadingScreenRenderer
avj	net/minecraft/util/ScreenShotHelper
avk	net/minecraft/util/MinecraftError
avl	net/minecraft/util/Timer
avm	net/minecraft/util/Session
avm$a	avm$Type
avn	net/minecraft/client/gui/FontRenderer
avo	net/minecraft/client/gui/GuiIngame
avp	net/minecraft/client/gui/Gui
avq	net/minecraft/client/gui/MapItemRenderer
avq$a	avq$Instance
avr	net/minecraft/client/gui/ScaledResolution
avs	net/minecraft/client/gui/GuiButton
avt	net/minecraft/client/gui/GuiNewChat
avu	net/minecraft/client/gui/GuiUtilRenderComponents
avv	net/minecraft/client/gui/GuiOverlayDebug
avw	net/minecraft/client/gui/GuiTextField
avx	net/minecraft/client/gui/GuiSlider
avx$a	avx$FormatHelper
avy	net/minecraft/client/gui/GuiLabel
avz	net/minecraft/client/gui/GuiButtonLanguage
aw	net/minecraft/command/server/CommandPublishLocalServer
awb	net/minecraft/client/gui/GuiListButton
awc	net/minecraft/client/gui/GuiLockIconButton
awc$a	awc$Icon
awd	net/minecraft/client/gui/GuiListExtended
awd$a	awd$IGuiListEntry
awe	net/minecraft/client/gui/GuiOptionButton
awf	net/minecraft/client/gui/GuiOptionsRowList
awf$a	awf$Row
awg	net/minecraft/client/gui/GuiPageButtonList
awg$a	awg$GuiButtonEntry
awg$b	awg$GuiResponder
awg$c	awg$EditBoxEntry
awg$d	awg$GuiEntry
awg$e	awg$GuiLabelEntry
awg$f	awg$GuiListEntry
awg$g	awg$GuiSlideEntry
awh	net/minecraft/client/gui/GuiPlayerTabOverlay
awh$a	awh$PlayerComparator
awi	net/minecraft/client/gui/GuiSlot
awj	net/minecraft/client/gui/GuiOptionSlider
awk	net/minecraft/client/gui/GuiStreamIndicator
awm	net/minecraft/client/gui/GuiSpectator
awp	net/minecraft/client/gui/GuiButtonRealmsProxy
awq	net/minecraft/client/gui/GuiClickableScrolledSelectionListProxy
awr	net/minecraft/client/gui/GuiScreenRealmsProxy
aws	net/minecraft/client/gui/GuiSlotRealmsProxy
awt	net/minecraft/client/gui/GuiSimpleScrolledSelectionListProxy
awu	net/minecraft/client/gui/ScreenChatOptions
awv	net/minecraft/client/gui/GuiChat
aww	net/minecraft/client/gui/GuiConfirmOpenLink
awx	net/minecraft/client/gui/GuiYesNoCallback
awy	net/minecraft/client/gui/GuiYesNo
awz	net/minecraft/client/multiplayer/GuiConnecting
ax	net/minecraft/command/CommandReplaceItem
axa	net/minecraft/client/gui/GuiCreateFlatWorld
axa$a	axa$Details
axb	net/minecraft/client/gui/GuiCreateWorld
axc	net/minecraft/client/gui/GuiScreenCustomizePresets
axc$a	axc$Info
axc$b	axc$ListPreset
axd	net/minecraft/client/gui/GuiCustomizeWorldScreen
axe	net/minecraft/client/gui/GuiGameOver
axf	net/minecraft/client/gui/GuiScreenDemo
axg	net/minecraft/client/gui/GuiScreenServerList
axh	net/minecraft/client/gui/GuiDisconnected
axi	net/minecraft/client/gui/GuiScreenAddServer
axj	net/minecraft/client/gui/GuiErrorScreen
axk	net/minecraft/client/gui/GuiSleepMP
axl	net/minecraft/client/gui/GuiLanguage
axl$a	axl$List
axn	net/minecraft/client/gui/GuiOptions
axo	net/minecraft/client/gui/GuiMemoryErrorScreen
axp	net/minecraft/client/gui/GuiIngameMenu
axq	net/minecraft/client/gui/GuiFlatPresets
axq$a	axq$LayerItem
axq$b	axq$ListSlot
axr	net/minecraft/client/gui/GuiScreenWorking
axs	net/minecraft/client/gui/GuiDownloadTerrain
axt	net/minecraft/client/gui/GuiRenameWorld
axu	net/minecraft/client/gui/GuiScreen
axv	net/minecraft/client/gui/GuiSelectWorld
axv$a	axv$List
axw	net/minecraft/client/gui/GuiShareToLan
axx	net/minecraft/client/gui/GuiCustomizeSkin
axx$a	axx$ButtonPart
axy	net/minecraft/client/gui/GuiSnooper
axy$a	axy$List
axz	net/minecraft/client/gui/GuiScreenOptionsSounds
axz$a	axz$Button
ay	net/minecraft/command/server/CommandSaveAll
aya	net/minecraft/client/gui/GuiMainMenu
ayb	net/minecraft/client/gui/GuiVideoSettings
ayc	net/minecraft/client/gui/GuiWinGame
ayd	net/minecraft/client/gui/achievement/GuiAchievement
aye	net/minecraft/client/gui/achievement/GuiAchievements
ayf	net/minecraft/client/gui/achievement/GuiStats
ayf$a	ayf$StatsBlock
ayf$b	ayf$StatsGeneral
ayf$c	ayf$StatsItem
ayf$d	ayf$StatsMobsList
ayf$e	ayf$Stats
ayg	net/minecraft/client/gui/IProgressMeter
ayi	net/minecraft/client/gui/GuiKeyBindingList
ayi$a	ayi$CategoryEntry
ayi$b	ayi$KeyEntry
ayj	net/minecraft/client/gui/GuiControls
ayl	net/minecraft/client/gui/inventory/GuiContainer
aym	net/minecraft/client/gui/GuiRepair
ayn	net/minecraft/client/gui/inventory/GuiBeacon
ayn$a	ayn$CancelButton
ayn$b	ayn$ConfirmButton
ayn$c	ayn$PowerButton
ayn$d	ayn$Button
ayo	net/minecraft/client/gui/GuiScreenBook
ayo$a	ayo$NextPageButton
ayp	net/minecraft/client/gui/inventory/GuiBrewingStand
ayq	net/minecraft/client/gui/GuiCommandBlock
ayr	net/minecraft/client/gui/inventory/GuiChest
ays	net/minecraft/client/gui/inventory/GuiCrafting
ayt	net/minecraft/client/gui/inventory/CreativeCrafting
ayu	net/minecraft/client/gui/inventory/GuiContainerCreative
ayu$a	ayu$ContainerCreative
ayu$b	ayu$CreativeSlot
ayv	net/minecraft/client/gui/inventory/GuiDispenser
ayw	net/minecraft/client/renderer/InventoryEffectRenderer
ayx	net/minecraft/util/EnchantmentNameParts
ayy	net/minecraft/client/gui/GuiEnchantment
ayz	net/minecraft/client/gui/inventory/GuiFurnace
az	net/minecraft/command/server/CommandSaveOff
aza	net/minecraft/client/gui/GuiHopper
azb	net/minecraft/client/gui/inventory/GuiScreenHorseInventory
azc	net/minecraft/client/gui/inventory/GuiInventory
azd	net/minecraft/client/gui/GuiMerchant
azd$a	azd$MerchantButton
aze	net/minecraft/client/gui/inventory/GuiEditSign
azh	net/minecraft/client/gui/GuiMultiplayer
azi	net/minecraft/client/gui/ServerListEntryLanScan
azj	net/minecraft/client/gui/ServerListEntryLanDetected
azk	net/minecraft/client/gui/ServerListEntryNormal
azl	net/minecraft/client/gui/ServerSelectionList
azo	net/minecraft/client/gui/GuiScreenResourcePacks
azp	net/minecraft/client/resources/ResourcePackListEntry
azq	net/minecraft/client/resources/ResourcePackListEntryDefault
azr	net/minecraft/client/resources/ResourcePackListEntryFound
azt	net/minecraft/client/gui/GuiResourcePackAvailable
azu	net/minecraft/client/gui/GuiResourcePackList
azv	net/minecraft/client/gui/GuiResourcePackSelected
azy	net/minecraft/client/gui/stream/GuiIngestServers
azy$a	azy$ServerList
azz	net/minecraft/client/gui/stream/GuiStreamOptions
b	net/minecraft/crash/CrashReport
ba	net/minecraft/command/server/CommandSaveOn
baa	net/minecraft/client/gui/stream/GuiStreamUnavailable
baa$a	baa$Reason
bab	net/minecraft/client/gui/stream/GuiTwitchUserMode
bad	net/minecraft/client/gui/spectator/PlayerMenuObject
bae	net/minecraft/client/gui/spectator/BaseSpectatorGroup
baf	net/minecraft/client/gui/spectator/SpectatorMenu
baf$a	baf$EndSpectatorObject
baf$b	baf$MoveMenuObject
bag	net/minecraft/client/gui/spectator/ISpectatorMenuView
bah	net/minecraft/client/gui/spectator/ISpectatorMenuObject
bai	net/minecraft/client/gui/spectator/ISpectatorMenuRecipient
baj	net/minecraft/client/gui/spectator/categories/SpectatorDetails
bak	net/minecraft/client/gui/spectator/categories/TeleportToPlayer
bal	net/minecraft/client/gui/spectator/categories/TeleportToTeam
bal$a	bal$TeamSelectionObject
bao	net/minecraft/client/main/GameConfiguration
bao$a	bao$DisplayInformation
bao$b	bao$FolderInformation
bao$c	bao$GameInformation
bao$d	bao$ServerInformation
bao$e	bao$UserInformation
bas	net/minecraft/client/model/ModelArmorStandArmor
bat	net/minecraft/client/model/ModelArmorStand
bau	net/minecraft/client/model/ModelBanner
bav	net/minecraft/client/model/ModelBat
baw	net/minecraft/client/model/ModelBlaze
bax	net/minecraft/client/model/ModelBoat
bay	net/minecraft/client/model/ModelBook
baz	net/minecraft/client/model/ModelChest
bb	net/minecraft/command/server/CommandBroadcast
bba	net/minecraft/client/model/ModelChicken
bbb	net/minecraft/client/model/ModelCow
bbc	net/minecraft/client/model/ModelCreeper
bbd	net/minecraft/client/model/ModelEnderman
bbe	net/minecraft/client/model/ModelEnderMite
bbf	net/minecraft/client/model/ModelGhast
bbg	net/minecraft/client/model/ModelGuardian
bbh	net/minecraft/client/model/ModelHorse
bbi	net/minecraft/client/model/ModelHumanoidHead
bbj	net/minecraft/client/model/ModelBiped
bbk	net/minecraft/client/model/ModelLargeChest
bbl	net/minecraft/client/model/ModelMagmaCube
bbm	net/minecraft/client/model/ModelLeashKnot
bbn	net/minecraft/client/model/ModelMinecart
bbo	net/minecraft/client/model/ModelBase
bbp	net/minecraft/client/model/ModelOcelot
bbq	net/minecraft/client/model/ModelPig
bbr	net/minecraft/client/model/ModelPlayer
bbs	net/minecraft/client/model/TexturedQuad
bbt	net/minecraft/client/model/ModelQuadruped
bbu	net/minecraft/client/model/ModelRabbit
bbv	net/minecraft/client/model/ModelSheep1
bbw	net/minecraft/client/model/ModelSheep2
bbx	net/minecraft/client/model/ModelSign
bby	net/minecraft/client/model/ModelSilverfish
bbz	net/minecraft/client/model/ModelSkeletonHead
bc	net/minecraft/command/server/CommandScoreboard
bca	net/minecraft/client/model/ModelSkeleton
bcc	net/minecraft/client/model/ModelSlime
bcd	net/minecraft/client/model/ModelSnowMan
bce	net/minecraft/client/model/ModelSpider
bcf	net/minecraft/client/model/ModelSquid
bcg	net/minecraft/client/model/PositionTextureVertex
bch	net/minecraft/client/model/ModelIronGolem
bci	net/minecraft/client/model/ModelVillager
bcj	net/minecraft/client/model/ModelZombieVillager
bck	net/minecraft/client/model/ModelWitch
bcl	net/minecraft/client/model/ModelWither
bcm	net/minecraft/client/model/ModelWolf
bcn	net/minecraft/client/model/ModelZombie
bco	net/minecraft/client/model/ModelDragon
bcp	net/minecraft/client/model/ModelEnderCrystal
bcr	net/minecraft/client/model/ModelBox
bct	net/minecraft/client/model/ModelRenderer
bcu	net/minecraft/client/model/TextureOffset
bcx	net/minecraft/client/network/NetHandlerLoginClient
bcy	net/minecraft/client/network/NetHandlerPlayClient
bcz	net/minecraft/client/multiplayer/ChunkProviderClient
bd	net/minecraft/command/ServerCommandManager
bda	net/minecraft/client/multiplayer/PlayerControllerMP
bdb	net/minecraft/client/multiplayer/WorldClient
bdc	net/minecraft/client/network/NetworkPlayerInfo
bdd	net/minecraft/client/multiplayer/ServerAddress
bde	net/minecraft/client/multiplayer/ServerData
bde$a	bde$ServerResourceMode
bdf	net/minecraft/client/multiplayer/ServerList
bdg	net/minecraft/client/network/OldServerPinger
bdj	net/minecraft/client/particle/Barrier
bdj$a	bdj$Factory
bdk	net/minecraft/client/particle/EntityBreakingFX
bdk$a	bdk$Factory
bdk$b	bdk$SlimeFactory
bdk$c	bdk$SnowballFactory
bdl	net/minecraft/client/particle/EntityBubbleFX
bdl$a	bdl$Factory
bdm	net/minecraft/client/particle/EntityCrit2FX
bdm$a	bdm$MagicFactory
bdm$b	bdm$Factory
bdn	net/minecraft/client/particle/EntityDropParticleFX
bdn$a	bdn$LavaFactory
bdn$b	bdn$WaterFactory
bdo	net/minecraft/client/particle/EntityEnchantmentTableParticleFX
bdo$a	bdo$EnchantmentTable
bdp	net/minecraft/client/particle/EntityExplodeFX
bdp$a	bdp$Factory
bdq	net/minecraft/client/particle/EntityFirework
bdq$a	bdq$OverlayFX
bdq$b	bdq$SparkFX
bdq$c	bdq$StarterFX
bdq$d	bdq$Factory
bdr	net/minecraft/client/particle/EntityFlameFX
bdr$a	bdr$Factory
bds	net/minecraft/client/particle/EntityFootStepFX
bds$a	bds$Factory
bdt	net/minecraft/client/particle/EntityHeartFX
bdt$a	bdt$AngryVillagerFactory
bdt$b	bdt$Factory
bdu	net/minecraft/client/particle/EntityLargeExplodeFX
bdu$a	bdu$Factory
bdv	net/minecraft/client/particle/EntityHugeExplodeFX
bdv$a	bdv$Factory
bdw	net/minecraft/client/particle/EntityPickupFX
bdx	net/minecraft/client/particle/EntityCritFX
bdx$a	bdx$Factory
bdy	net/minecraft/client/particle/EntityLavaFX
bdy$a	bdy$Factory
bdz	net/minecraft/client/particle/MobAppearance
bdz$a	bdz$Factory
be	net/minecraft/command/server/CommandSetBlock
bea	net/minecraft/client/particle/EntityNoteFX
bea$a	bea$Factory
beb	net/minecraft/client/particle/EntityFX
bec	net/minecraft/client/particle/EffectRenderer
bed	net/minecraft/client/particle/IParticleFactory
bee	net/minecraft/client/particle/EntityCloudFX
bee$a	bee$Factory
bef	net/minecraft/client/particle/EntityPortalFX
bef$a	bef$Factory
beg	net/minecraft/client/particle/EntityReddustFX
beg$a	beg$Factory
beh	net/minecraft/client/particle/EntitySmokeFX
beh$a	beh$Factory
bei	net/minecraft/client/particle/EntitySnowShovelFX
bei$a	bei$Factory
bej	net/minecraft/client/particle/EntitySpellParticleFX
bej$a	bej$AmbientMobFactory
bej$b	bej$InstantFactory
bej$c	bej$MobFactory
bej$d	bej$Factory
bej$e	bej$WitchFactory
bek	net/minecraft/client/particle/EntitySplashFX
bek$a	bek$Factory
bel	net/minecraft/client/particle/EntitySuspendFX
bel$a	bel$Factory
bem	net/minecraft/client/particle/EntityAuraFX
bem$a	bem$HappyVillagerFactory
bem$b	bem$Factory
ben	net/minecraft/client/particle/EntityBlockDustFX
ben$a	ben$Factory
beo	net/minecraft/client/particle/EntityDiggingFX
beo$a	beo$Factory
bep	net/minecraft/client/particle/EntityParticleEmitter
beq	net/minecraft/client/particle/EntityFishWakeFX
beq$a	beq$Factory
ber	net/minecraft/client/particle/EntityRainFX
ber$a	ber$Factory
bet	net/minecraft/client/entity/AbstractClientPlayer
beu	net/minecraft/util/MovementInput
bev	net/minecraft/util/MovementInputFromOptions
bew	net/minecraft/client/entity/EntityPlayerSP
bex	net/minecraft/client/entity/EntityOtherPlayerMP
bey	net/minecraft/client/player/inventory/LocalBlockIntercommunication
bez	net/minecraft/client/player/inventory/ContainerLocalMenu
bf	net/minecraft/command/server/CommandSetDefaultSpawnpoint
bfc	net/minecraft/entity/boss/BossStatus
bfd	net/minecraft/client/renderer/WorldRenderer
bfd$a	bfd$State
bfe	net/minecraft/client/renderer/WorldVertexBufferUploader
bff	net/minecraft/client/renderer/RegionRenderCache
bfg	net/minecraft/client/renderer/RegionRenderCacheBuilder
bfh	net/minecraft/client/renderer/ChunkRenderContainer
bfi	net/minecraft/client/renderer/tileentity/TileEntityItemStackRenderer
bfj	net/minecraft/client/renderer/EnumFaceDirection
bfj$a	bfj$Constants
bfj$b	bfj$VertexInformation
bfk	net/minecraft/client/renderer/EntityRenderer
bfl	net/minecraft/client/renderer/GlStateManager
bfl$a	bfl$AlphaState
bfl$b	bfl$BlendState
bfl$c	bfl$BooleanState
bfl$d	bfl$ClearState
bfl$e	bfl$Color
bfl$f	bfl$ColorLogicState
bfl$g	bfl$ColorMask
bfl$h	bfl$ColorMaterialState
bfl$i	bfl$CullState
bfl$j	bfl$DepthState
bfl$k	bfl$FogState
bfl$l	bfl$PolygonOffsetState
bfl$m	bfl$StencilFunc
bfl$n	bfl$StencilState
bfl$o	bfl$TexGen
bfl$p	bfl$TexGenCoord
bfl$q	bfl$TexGenState
bfl$r	bfl$TextureState
bfm	net/minecraft/client/renderer/IImageBuffer
bfn	net/minecraft/client/renderer/ItemRenderer
bfo	net/minecraft/client/renderer/ItemModelMesher
bfp	net/minecraft/client/renderer/ItemMeshDefinition
bfr	net/minecraft/client/renderer/RenderGlobal
bfr$a	bfr$ContainerLocalRenderInformation
bfs	net/minecraft/client/renderer/ImageBufferDownload
bft	net/minecraft/client/renderer/RenderList
bfw	net/minecraft/client/shader/Framebuffer
bfx	net/minecraft/client/renderer/Tessellator
bfy	net/minecraft/client/renderer/VboRenderList
bfz	net/minecraft/client/renderer/VertexBufferUploader
bg	net/minecraft/command/CommandSetPlayerTimeout
bga	net/minecraft/client/renderer/ViewFrustum
bgb	net/minecraft/client/renderer/ChestRenderer
bgc	net/minecraft/client/renderer/BlockModelShapes
bgd	net/minecraft/client/renderer/BlockRendererDispatcher
bge	net/minecraft/client/renderer/BlockFluidRenderer
bgf	net/minecraft/client/renderer/BlockModelRenderer
bgf$a	bgf$EnumNeighborInfo
bgf$b	bgf$AmbientOcclusionFace
bgf$c	bgf$VertexTranslations
bgf$d	bgf$Orientation
bgg	net/minecraft/client/renderer/block/model/BakedQuad
bgh	net/minecraft/client/renderer/block/model/BlockPart
bgh$a	bgh$Deserializer
bgi	net/minecraft/client/renderer/block/model/BlockPartFace
bgi$a	bgi$Deserializer
bgj	net/minecraft/client/renderer/block/model/BlockPartRotation
bgk	net/minecraft/client/renderer/block/model/BlockFaceUV
bgk$a	bgk$Deserializer
bgl	net/minecraft/client/renderer/block/model/ModelBlock
bgl$a	bgl$Bookkeep
bgl$b	bgl$Deserializer
bgl$c	bgl$LoopException
bgm	net/minecraft/client/renderer/block/model/ModelBlockDefinition
bgm$a	bgm$Deserializer
bgm$b	bgm$MissingVariantException
bgm$c	bgm$Variant
bgm$c$a	bgm$c$Deserializer
bgm$d	bgm$Variants
bgn	net/minecraft/client/renderer/block/model/BreakingFour
bgo	net/minecraft/client/renderer/block/model/FaceBakery
bgp	net/minecraft/client/renderer/block/model/ItemModelGenerator
bgp$a	bgp$Span
bgp$b	bgp$SpanFacing
bgq	net/minecraft/client/renderer/block/model/ItemTransformVec3f
bgq$a	bgq$Deserializer
bgr	net/minecraft/client/renderer/block/model/ItemCameraTransforms
bgr$a	bgr$Deserializer
bgr$b	bgr$TransformType
bgu	net/minecraft/client/renderer/block/statemap/StateMapperBase
bgv	net/minecraft/client/renderer/block/statemap/BlockStateMapper
bgw	net/minecraft/client/renderer/block/statemap/DefaultStateMapper
bgx	net/minecraft/client/renderer/block/statemap/StateMap
bgx$a	bgx$Builder
bgy	net/minecraft/client/renderer/block/statemap/IStateMapper
bh	net/minecraft/command/CommandSetSpawnpoint
bha	net/minecraft/client/renderer/tileentity/TileEntityBannerRenderer
bha$a	bha$TimedBannerTexture
bhb	net/minecraft/client/renderer/tileentity/TileEntityBeaconRenderer
bhc	net/minecraft/client/renderer/tileentity/TileEntityRendererDispatcher
bhd	net/minecraft/client/renderer/tileentity/TileEntitySpecialRenderer
bhe	net/minecraft/client/renderer/tileentity/TileEntityChestRenderer
bhf	net/minecraft/client/renderer/tileentity/TileEntityEnchantmentTableRenderer
bhg	net/minecraft/client/renderer/tileentity/TileEntityEnderChestRenderer
bhh	net/minecraft/client/renderer/tileentity/TileEntityMobSpawnerRenderer
bhi	net/minecraft/client/renderer/tileentity/TileEntityPistonRenderer
bhj	net/minecraft/client/renderer/tileentity/TileEntitySignRenderer
bhk	net/minecraft/client/renderer/tileentity/TileEntitySkullRenderer
bhl	net/minecraft/client/renderer/tileentity/TileEntityEndPortalRenderer
bhn	net/minecraft/client/renderer/chunk/ChunkCompileTaskGenerator
bhn$a	bhn$Status
bhn$b	bhn$Type
bho	net/minecraft/client/renderer/chunk/ChunkRenderDispatcher
bhp	net/minecraft/client/renderer/chunk/ChunkRenderWorker
bhq	net/minecraft/client/renderer/chunk/CompiledChunk
bhr	net/minecraft/client/renderer/chunk/ListChunkFactory
bhs	net/minecraft/client/renderer/chunk/ListedRenderChunk
bht	net/minecraft/client/renderer/chunk/RenderChunk
bhu	net/minecraft/client/renderer/chunk/IRenderChunkFactory
bhv	net/minecraft/client/renderer/chunk/VboChunkFactory
bhw	net/minecraft/client/renderer/chunk/VisGraph
bhx	net/minecraft/client/renderer/chunk/SetVisibility
bi	net/minecraft/command/CommandShowSeed
bia	net/minecraft/client/renderer/culling/ICamera
bib	net/minecraft/client/renderer/culling/ClippingHelperImpl
bic	net/minecraft/client/renderer/culling/Frustum
bid	net/minecraft/client/renderer/culling/ClippingHelper
big	net/minecraft/client/renderer/entity/ArmorStandRenderer
bih	net/minecraft/client/renderer/entity/RenderArrow
bii	net/minecraft/client/renderer/entity/RenderBat
bij	net/minecraft/client/renderer/entity/RenderBlaze
bik	net/minecraft/client/renderer/entity/RenderBoat
bil	net/minecraft/client/renderer/entity/RenderCaveSpider
bim	net/minecraft/client/renderer/entity/RenderChicken
bin	net/minecraft/client/renderer/entity/RenderCow
bio	net/minecraft/client/renderer/entity/RenderCreeper
bip	net/minecraft/client/renderer/entity/RenderEntity
biq	net/minecraft/client/renderer/tileentity/RenderEnderCrystal
bir	net/minecraft/client/renderer/entity/RenderDragon
bis	net/minecraft/client/renderer/entity/RenderEnderman
bit	net/minecraft/client/renderer/entity/RenderEndermite
biu	net/minecraft/client/renderer/entity/RenderManager
biv	net/minecraft/client/renderer/entity/Render
biw	net/minecraft/client/renderer/entity/RenderXPOrb
bix	net/minecraft/client/renderer/entity/RenderFallingBlock
biy	net/minecraft/client/renderer/entity/RenderFireball
biz	net/minecraft/client/renderer/entity/RenderFish
bj	net/minecraft/command/CommandSpreadPlayers
bj$a	bj$Position
bja	net/minecraft/client/renderer/entity/RenderGhast
bjb	net/minecraft/client/renderer/entity/RenderGiantZombie
bjc	net/minecraft/client/renderer/entity/RenderGuardian
bjd	net/minecraft/client/renderer/entity/RenderHorse
bje	net/minecraft/client/renderer/entity/RenderBiped
bjf	net/minecraft/client/renderer/entity/RenderEntityItem
bjg	net/minecraft/client/renderer/tileentity/RenderItemFrame
bjh	net/minecraft/client/renderer/entity/RenderItem
bji	net/minecraft/client/renderer/entity/RenderMagmaCube
bjj	net/minecraft/client/renderer/entity/RenderLeashKnot
bjk	net/minecraft/client/renderer/entity/RenderLightningBolt
bjl	net/minecraft/client/renderer/entity/RendererLivingEntity
bjm	net/minecraft/client/renderer/entity/RenderMinecart
bjn	net/minecraft/client/renderer/entity/RenderMinecartMobSpawner
bjo	net/minecraft/client/renderer/entity/RenderLiving
bjp	net/minecraft/client/renderer/entity/RenderMooshroom
bjq	net/minecraft/client/renderer/entity/RenderOcelot
bjr	net/minecraft/client/renderer/entity/RenderPainting
bjs	net/minecraft/client/renderer/entity/RenderPig
bjt	net/minecraft/client/renderer/entity/RenderPigZombie
bju	net/minecraft/client/renderer/entity/RenderRabbit
bjv	net/minecraft/client/renderer/entity/RenderSheep
bjw	net/minecraft/client/renderer/entity/RenderSilverfish
bjx	net/minecraft/client/renderer/entity/RenderSkeleton
bjy	net/minecraft/client/renderer/entity/RenderSlime
bjz	net/minecraft/client/renderer/entity/RenderSnowMan
bk	net/minecraft/command/CommandStats
bka	net/minecraft/client/renderer/entity/RenderSpider
bkb	net/minecraft/client/renderer/entity/RenderSquid
bkc	net/minecraft/client/renderer/entity/RenderSnowball
bkd	net/minecraft/client/renderer/entity/RenderPotion
bke	net/minecraft/client/renderer/entity/RenderTntMinecart
bkf	net/minecraft/client/renderer/entity/RenderTNTPrimed
bkg	net/minecraft/client/renderer/entity/RenderIronGolem
bkh	net/minecraft/client/renderer/entity/RenderVillager
bki	net/minecraft/client/renderer/entity/RenderWitch
bkj	net/minecraft/client/renderer/entity/RenderWither
bkk	net/minecraft/client/renderer/tileentity/RenderWitherSkull
bkl	net/minecraft/client/renderer/entity/RenderWolf
bkm	net/minecraft/client/renderer/entity/RenderZombie
bkn	net/minecraft/client/renderer/entity/layers/LayerArmorBase
bko	net/minecraft/client/renderer/entity/layers/LayerArrow
bkp	net/minecraft/client/renderer/entity/layers/LayerCape
bkq	net/minecraft/client/renderer/entity/layers/LayerHeldBlock
bkr	net/minecraft/client/renderer/entity/layers/LayerCreeperCharge
bks	net/minecraft/client/renderer/entity/layers/LayerCustomHead
bkt	net/minecraft/client/renderer/entity/layers/LayerDeadmau5Head
bku	net/minecraft/client/renderer/entity/layers/LayerEnderDragonDeath
bkv	net/minecraft/client/renderer/entity/layers/LayerEnderDragonEyes
bkw	net/minecraft/client/renderer/entity/layers/LayerEndermanEyes
bkx	net/minecraft/client/renderer/entity/layers/LayerBipedArmor
bky	net/minecraft/client/renderer/entity/layers/LayerHeldItem
bkz	net/minecraft/client/renderer/entity/layers/LayerMooshroomMushroom
bl	net/minecraft/command/server/CommandStop
bla	net/minecraft/client/renderer/entity/layers/LayerSaddle
blb	net/minecraft/client/renderer/entity/layers/LayerRenderer
blc	net/minecraft/client/renderer/entity/layers/LayerSheepWool
bld	net/minecraft/client/renderer/entity/layers/LayerSlimeGel
ble	net/minecraft/client/renderer/entity/layers/LayerSnowmanHead
blf	net/minecraft/client/renderer/entity/layers/LayerSpiderEyes
blg	net/minecraft/client/renderer/entity/layers/LayerVillagerArmor
blh	net/minecraft/client/renderer/entity/layers/LayerIronGolemFlower
bli	net/minecraft/client/renderer/entity/layers/LayerHeldItemWitch
blj	net/minecraft/client/renderer/entity/layers/LayerWitherAura
blk	net/minecraft/client/renderer/entity/layers/LayerWolfCollar
bln	net/minecraft/client/renderer/entity/RenderPlayer
blo	net/minecraft/client/util/JsonBlendingMode
blp	net/minecraft/client/shader/ShaderDefault
blq	net/minecraft/client/shader/ShaderManager
blr	net/minecraft/client/shader/ShaderGroup
bls	net/minecraft/client/shader/Shader
blt	net/minecraft/client/shader/ShaderLoader
blt$a	blt$ShaderType
blu	net/minecraft/client/shader/ShaderLinkHelper
blv	net/minecraft/client/shader/ShaderUniform
bly	net/minecraft/client/renderer/texture/AbstractTexture
blz	net/minecraft/client/renderer/texture/DynamicTexture
bm	net/minecraft/command/server/CommandSummon
bma	net/minecraft/client/renderer/ThreadDownloadImageData
bmb	net/minecraft/client/renderer/texture/IIconCreator
bmc	net/minecraft/client/renderer/texture/LayeredColorMaskTexture
bmd	net/minecraft/client/renderer/texture/LayeredTexture
bme	net/minecraft/client/renderer/texture/SimpleTexture
bmf	net/minecraft/client/renderer/texture/Stitcher
bmf$a	bmf$Holder
bmf$b	bmf$Slot
bmg	net/minecraft/client/renderer/StitcherException
bmh	net/minecraft/client/renderer/texture/TextureMap
bmi	net/minecraft/client/renderer/texture/TextureAtlasSprite
bmj	net/minecraft/client/renderer/texture/TextureManager
bmk	net/minecraft/client/renderer/texture/ITextureObject
bml	net/minecraft/client/renderer/texture/TextureUtil
bmm	net/minecraft/client/renderer/texture/ITickable
bmn	net/minecraft/client/renderer/texture/ITickableTextureObject
bmo	net/minecraft/client/renderer/texture/TextureClock
bmp	net/minecraft/client/renderer/texture/TextureCompass
bms	net/minecraft/client/renderer/vertex/DefaultVertexFormats
bmt	net/minecraft/client/renderer/vertex/VertexBuffer
bmu	net/minecraft/client/renderer/vertex/VertexFormat
bmv	net/minecraft/client/renderer/vertex/VertexFormatElement
bmv$a	bmv$EnumType
bmv$b	bmv$EnumUsage
bmx	net/minecraft/client/resources/AbstractResourcePack
bmy	net/minecraft/client/resources/ResourceIndex
bmz	net/minecraft/client/resources/DefaultPlayerSkin
bn	net/minecraft/command/server/CommandTeleport
bna	net/minecraft/client/resources/DefaultResourcePack
bnb	net/minecraft/client/resources/FallbackResourceManager
bnb$a	bnb$InputStreamLeakedResourceLogger
bnc	net/minecraft/client/resources/FileResourcePack
bnd	net/minecraft/client/resources/FolderResourcePack
bne	net/minecraft/client/resources/FoliageColorReloadListener
bnf	net/minecraft/client/resources/GrassColorReloadListener
bng	net/minecraft/client/resources/IReloadableResourceManager
bnh	net/minecraft/client/resources/IResource
bni	net/minecraft/client/resources/IResourceManager
bnj	net/minecraft/client/resources/IResourceManagerReloadListener
bnk	net/minecraft/client/resources/IResourcePack
bnl	net/minecraft/client/resources/ResourcePackFileNotFoundException
bnm	net/minecraft/client/resources/ResourcePackRepository
bnm$a	bnm$Entry
bnn	net/minecraft/client/resources/SimpleReloadableResourceManager
bno	net/minecraft/client/resources/SimpleResource
bnp	net/minecraft/client/resources/SkinManager
bnp$a	bnp$SkinAvailableCallback
bnq	net/minecraft/client/resources/I18n
bnr	net/minecraft/client/resources/Language
bns	net/minecraft/client/resources/LanguageManager
bnt	net/minecraft/client/resources/Locale
bnv	net/minecraft/client/resources/data/BaseMetadataSectionSerializer
bnw	net/minecraft/client/resources/data/IMetadataSection
bnx	net/minecraft/client/resources/data/IMetadataSectionSerializer
bny	net/minecraft/client/resources/data/IMetadataSerializer
bny$a	bny$Registration
bnz	net/minecraft/client/resources/data/AnimationFrame
boa	net/minecraft/client/resources/data/AnimationMetadataSection
bob	net/minecraft/client/resources/data/AnimationMetadataSectionSerializer
bod	net/minecraft/client/resources/data/FontMetadataSection
boe	net/minecraft/client/resources/data/FontMetadataSectionSerializer
bog	net/minecraft/client/resources/data/LanguageMetadataSection
boh	net/minecraft/client/resources/data/LanguageMetadataSectionSerializer
boj	net/minecraft/client/resources/data/PackMetadataSection
bok	net/minecraft/client/resources/data/PackMetadataSectionSerializer
bon	net/minecraft/client/resources/data/TextureMetadataSection
boo	net/minecraft/client/resources/data/TextureMetadataSectionSerializer
boq	net/minecraft/client/resources/model/IBakedModel
bor	net/minecraft/client/resources/model/ModelRotation
bos	net/minecraft/client/resources/model/BuiltInModel
bot	net/minecraft/client/resources/model/ModelBakery
bou	net/minecraft/client/resources/model/ModelManager
bov	net/minecraft/client/resources/model/ModelResourceLocation
bow	net/minecraft/client/resources/model/SimpleBakedModel
bow$a	bow$Builder
box	net/minecraft/client/resources/model/WeightedBakedModel
box$a	box$Builder
box$b	box$MyWeighedRandomItem
bp	net/minecraft/command/server/CommandTestForBlock
bpa	net/minecraft/client/audio/PositionedSound
bpb	net/minecraft/client/audio/MovingSound
bpc	net/minecraft/client/audio/GuardianSound
bpd	net/minecraft/client/audio/MovingSoundMinecart
bpe	net/minecraft/client/audio/MovingSoundMinecartRiding
bpf	net/minecraft/client/audio/PositionedSoundRecord
bpg	net/minecraft/client/audio/SoundCategory
bph	net/minecraft/client/audio/SoundList
bph$a	bph$SoundEntry
bph$a$a	bph$a$Type
bpi	net/minecraft/client/audio/SoundListSerializer
bpj	net/minecraft/client/audio/ISound
bpj$a	bpj$AttenuationType
bpk	net/minecraft/client/audio/ITickableSound
bpn	net/minecraft/server/integrated/IntegratedPlayerList
bpo	net/minecraft/server/integrated/IntegratedServer
bpp	net/minecraft/server/integrated/IntegratedServerCommandManager
bpq	net/minecraft/client/network/LanServerDetector
bpq$a	bpq$LanServer
bpq$b	bpq$ThreadLanServerFind
bpq$c	bpq$LanServerList
bpr	net/minecraft/client/multiplayer/ThreadLanServerPing
bpv	net/minecraft/client/audio/MusicTicker
bpv$a	bpv$MusicType
bpw	net/minecraft/client/audio/SoundPoolEntry
bpx	net/minecraft/client/audio/SoundManager
bpx$a	bpx$SoundSystemStarterThread
bpy	net/minecraft/client/audio/SoundEventAccessorComposite
bpz	net/minecraft/client/audio/SoundHandler
bq	net/minecraft/command/server/CommandTestFor
bqa	net/minecraft/client/audio/SoundRegistry
bqb	net/minecraft/client/audio/ISoundEventAccessor
bqc	net/minecraft/client/audio/SoundEventAccessor
bqe	net/minecraft/client/stream/MetadataAchievement
bqf	net/minecraft/client/stream/MetadataCombat
bqg	net/minecraft/client/stream/MetadataPlayerDeath
bqh	net/minecraft/client/stream/Metadata
bqj	net/minecraft/client/stream/BroadcastController
bqj$a	bqj$BroadcastState
bqj$b	bqj$BroadcastListener
bqk	net/minecraft/client/stream/ChatController
bqk$a	bqk$EnumChannelState
bqk$b	bqk$ChatChannelListener
bqk$c	bqk$ChatState
bqk$d	bqk$EnumEmoticonMode
bqk$e	bqk$ChatListener
bql	net/minecraft/client/stream/IngestServerTester
bql$a	bql$IngestTestListener
bql$b	bql$IngestTestState
bqm	net/minecraft/client/stream/IStream
bqm$a	bqm$AuthFailureReason
bqn	net/minecraft/client/stream/TwitchStream
bqo	net/minecraft/client/stream/NullStream
bqq	net/minecraft/util/Matrix4f
bqr	net/minecraft/util/Vector3d
bqs	net/minecraft/client/renderer/OpenGlHelper
br	net/minecraft/command/CommandTime
bs	net/minecraft/command/CommandTitle
bt	net/minecraft/command/CommandToggleDownfall
bu	net/minecraft/command/CommandTrigger
bv	net/minecraft/command/CommandWeather
bw	net/minecraft/command/server/CommandWhitelist
bx	net/minecraft/command/CommandWorldBorder
bz	net/minecraft/command/CommandException
c	net/minecraft/crash/CrashReportCategory
c$a	c$Entry
ca	net/minecraft/command/EntityNotFoundException
cb	net/minecraft/command/NumberInvalidException
cc	net/minecraft/command/SyntaxErrorException
cd	net/minecraft/command/PlayerNotFoundException
ce	net/minecraft/command/CommandNotFoundException
cf	net/minecraft/command/WrongUsageException
cj	net/minecraft/util/BlockPos
cj$a	cj$MutableBlockPos
ck	net/minecraft/dispenser/IBlockSource
cl	net/minecraft/block/BlockSourceImpl
cm	net/minecraft/util/Cartesian
cm$a	cm$GetList
cm$b	cm$Product
cm$b$a	cm$b$ProductIterator
cn	net/minecraft/dispenser/BehaviorDefaultDispenseItem
co	net/minecraft/util/RegistryNamespacedDefaultedByKey
cp	net/minecraft/util/RegistryDefaulted
cq	net/minecraft/util/EnumFacing
cq$a	cq$Axis
cq$b	cq$AxisDirection
cq$c	cq$Plane
cr	net/minecraft/dispenser/IBehaviorDispenseItem
cs	net/minecraft/util/IObjectIntIterable
ct	net/minecraft/util/ObjectIntIdentityMap
cu	net/minecraft/dispenser/ILocatableSource
cv	net/minecraft/dispenser/ILocation
cw	net/minecraft/util/MapPopulator
cx	net/minecraft/util/RegistryNamespaced
cy	net/minecraft/util/EnumParticleTypes
cz	net/minecraft/dispenser/IPosition
da	net/minecraft/dispenser/PositionImpl
db	net/minecraft/util/IRegistry
dc	net/minecraft/util/Rotations
dd	net/minecraft/util/RegistrySimple
df	net/minecraft/util/Vec3i
di	net/minecraft/util/StatCollector
dj	net/minecraft/util/StringTranslate
dl	net/minecraft/nbt/NBTTagByteArray
dm	net/minecraft/nbt/NBTTagByte
dn	net/minecraft/nbt/NBTTagCompound
dp	net/minecraft/nbt/NBTTagDouble
dq	net/minecraft/nbt/NBTTagEnd
dr	net/minecraft/nbt/NBTTagFloat
ds	net/minecraft/nbt/NBTTagIntArray
dt	net/minecraft/nbt/NBTTagInt
du	net/minecraft/nbt/NBTTagList
dv	net/minecraft/nbt/NBTTagLong
dw	net/minecraft/nbt/NBTSizeTracker
dx	net/minecraft/nbt/CompressedStreamTools
dy	net/minecraft/nbt/NBTUtil
dz	net/minecraft/nbt/NBTTagShort
e	net/minecraft/util/ReportedException
ea	net/minecraft/nbt/NBTTagString
eb	net/minecraft/nbt/NBTBase
eb$a	eb$NBTPrimitive
ec	net/minecraft/nbt/NBTException
ed	net/minecraft/nbt/JsonToNBT
ed$a	ed$Any
ed$b	ed$Compound
ed$c	ed$List
ed$d	ed$Primitive
ef	net/minecraft/network/NettyEncryptionTranslator
eg	net/minecraft/network/NettyEncryptingDecoder
eh	net/minecraft/network/NettyEncryptingEncoder
ei	net/minecraft/network/NettyCompressionDecoder
ej	net/minecraft/network/NettyCompressionEncoder
ek	net/minecraft/network/NetworkManager
ek$a	ek$InboundHandlerTuplePacketListener
el	net/minecraft/network/EnumConnectionState
em	net/minecraft/network/PacketBuffer
en	net/minecraft/util/MessageDeserializer
eo	net/minecraft/util/MessageSerializer
ep	net/minecraft/network/INetHandler
eq	net/minecraft/util/MessageDeserializer2
er	net/minecraft/util/MessageSerializer2
es	net/minecraft/util/ChatComponentStyle
et	net/minecraft/event/ClickEvent
et$a	et$Action
eu	net/minecraft/util/IChatComponent
eu$a	eu$Serializer
ev	net/minecraft/util/ChatComponentProcessor
ew	net/minecraft/event/HoverEvent
ew$a	ew$Action
ex	net/minecraft/util/ChatComponentScore
ey	net/minecraft/util/ChatComponentSelector
ez	net/minecraft/util/ChatStyle
ez$a	ez$Serializer
f	net/minecraft/util/ChatAllowedCharacters
fa	net/minecraft/util/ChatComponentText
fb	net/minecraft/util/ChatComponentTranslation
fc	net/minecraft/util/ChatComponentTranslationFormatException
ff	net/minecraft/network/Packet
fg	net/minecraft/network/EnumPacketDirection
fh	net/minecraft/network/PacketThreadUtil
fi	net/minecraft/network/play/server/S08PacketPlayerPosLook
fi$a	fi$EnumFlags
fj	net/minecraft/network/play/INetHandlerPlayClient
fk	net/minecraft/network/play/server/S0EPacketSpawnObject
fl	net/minecraft/network/play/server/S11PacketSpawnExperienceOrb
fm	net/minecraft/network/play/server/S2CPacketSpawnGlobalEntity
fn	net/minecraft/network/play/server/S0FPacketSpawnMob
fo	net/minecraft/network/play/server/S10PacketSpawnPainting
fp	net/minecraft/network/play/server/S0CPacketSpawnPlayer
fq	net/minecraft/network/play/server/S0BPacketAnimation
fr	net/minecraft/network/play/server/S37PacketStatistics
fs	net/minecraft/network/play/server/S25PacketBlockBreakAnim
ft	net/minecraft/network/play/server/S35PacketUpdateTileEntity
fu	net/minecraft/network/play/server/S24PacketBlockAction
fv	net/minecraft/network/play/server/S23PacketBlockChange
fw	net/minecraft/network/play/server/S41PacketServerDifficulty
fx	net/minecraft/network/play/server/S3APacketTabComplete
fy	net/minecraft/network/play/server/S02PacketChat
fz	net/minecraft/network/play/server/S22PacketMultiBlockChange
fz$a	fz$BlockUpdateData
g	net/minecraft/util/Util
g$a	g$EnumOS
ga	net/minecraft/network/play/server/S32PacketConfirmTransaction
gb	net/minecraft/network/play/server/S2EPacketCloseWindow
gc	net/minecraft/network/play/server/S2DPacketOpenWindow
gd	net/minecraft/network/play/server/S30PacketWindowItems
ge	net/minecraft/network/play/server/S31PacketWindowProperty
gf	net/minecraft/network/play/server/S2FPacketSetSlot
gg	net/minecraft/network/play/server/S3FPacketCustomPayload
gh	net/minecraft/network/play/server/S40PacketDisconnect
gi	net/minecraft/network/play/server/S19PacketEntityStatus
gj	net/minecraft/network/play/server/S49PacketUpdateEntityNBT
gk	net/minecraft/network/play/server/S27PacketExplosion
gl	net/minecraft/network/play/server/S46PacketSetCompressionLevel
gm	net/minecraft/network/play/server/S2BPacketChangeGameState
gn	net/minecraft/network/play/server/S00PacketKeepAlive
go	net/minecraft/network/play/server/S21PacketChunkData
go$a	go$Extracted
gp	net/minecraft/network/play/server/S26PacketMapChunkBulk
gq	net/minecraft/network/play/server/S28PacketEffect
gr	net/minecraft/network/play/server/S2APacketParticles
gs	net/minecraft/network/play/server/S29PacketSoundEffect
gt	net/minecraft/network/play/server/S01PacketJoinGame
gu	net/minecraft/network/play/server/S34PacketMaps
gv	net/minecraft/network/play/server/S14PacketEntity
gv$a	gv$S15PacketEntityRelMove
gv$b	gv$S17PacketEntityLookMove
gv$c	gv$S16PacketEntityLook
gw	net/minecraft/network/play/server/S36PacketSignEditorOpen
gx	net/minecraft/network/play/server/S39PacketPlayerAbilities
gy	net/minecraft/network/play/server/S42PacketCombatEvent
gy$a	gy$Event
gz	net/minecraft/network/play/server/S38PacketPlayerListItem
gz$a	gz$Action
gz$b	gz$AddPlayerData
h	net/minecraft/command/IAdminCommand
ha	net/minecraft/network/play/server/S0APacketUseBed
hb	net/minecraft/network/play/server/S13PacketDestroyEntities
hc	net/minecraft/network/play/server/S1EPacketRemoveEntityEffect
hd	net/minecraft/network/play/server/S48PacketResourcePackSend
he	net/minecraft/network/play/server/S07PacketRespawn
hf	net/minecraft/network/play/server/S19PacketEntityHeadLook
hg	net/minecraft/network/play/server/S44PacketWorldBorder
hg$a	hg$Action
hh	net/minecraft/network/play/server/S43PacketCamera
hi	net/minecraft/network/play/server/S09PacketHeldItemChange
hj	net/minecraft/network/play/server/S3DPacketDisplayScoreboard
hk	net/minecraft/network/play/server/S1CPacketEntityMetadata
hl	net/minecraft/network/play/server/S1BPacketEntityAttach
hm	net/minecraft/network/play/server/S12PacketEntityVelocity
hn	net/minecraft/network/play/server/S04PacketEntityEquipment
ho	net/minecraft/network/play/server/S1FPacketSetExperience
hp	net/minecraft/network/play/server/S06PacketUpdateHealth
hq	net/minecraft/network/play/server/S3BPacketScoreboardObjective
hr	net/minecraft/network/play/server/S3EPacketTeams
hs	net/minecraft/network/play/server/S3CPacketUpdateScore
hs$a	hs$Action
ht	net/minecraft/network/play/server/S05PacketSpawnPosition
hu	net/minecraft/network/play/server/S03PacketTimeUpdate
hv	net/minecraft/network/play/server/S45PacketTitle
hv$a	hv$Type
hw	net/minecraft/network/play/server/S33PacketUpdateSign
hx	net/minecraft/network/play/server/S47PacketPlayerListHeaderFooter
hy	net/minecraft/network/play/server/S0DPacketCollectItem
hz	net/minecraft/network/play/server/S18PacketEntityTeleport
i	net/minecraft/command/CommandBase
i$a	i$CoordinateArg
ia	net/minecraft/network/play/server/S20PacketEntityProperties
ia$a	ia$Snapshot
ib	net/minecraft/network/play/server/S1DPacketEntityEffect
ic	net/minecraft/network/play/INetHandlerPlayServer
id	net/minecraft/network/play/client/C14PacketTabComplete
ie	net/minecraft/network/play/client/C01PacketChatMessage
ig	net/minecraft/network/play/client/C16PacketClientStatus
ig$a	ig$EnumState
ih	net/minecraft/network/play/client/C15PacketClientSettings
ii	net/minecraft/network/play/client/C0FPacketConfirmTransaction
ij	net/minecraft/network/play/client/C11PacketEnchantItem
ik	net/minecraft/network/play/client/C0EPacketClickWindow
il	net/minecraft/network/play/client/C0DPacketCloseWindow
im	net/minecraft/network/play/client/C17PacketCustomPayload
in	net/minecraft/network/play/client/C02PacketUseEntity
in$a	in$Action
io	net/minecraft/network/play/client/C00PacketKeepAlive
ip	net/minecraft/network/play/client/C03PacketPlayer
ip$a	ip$C04PacketPlayerPosition
ip$b	ip$C06PacketPlayerPosLook
ip$c	ip$C05PacketPlayerLook
iq	net/minecraft/network/play/client/C13PacketPlayerAbilities
ir	net/minecraft/network/play/client/C07PacketPlayerDigging
ir$a	ir$Action
is	net/minecraft/network/play/client/C0BPacketEntityAction
is$a	is$Action
it	net/minecraft/network/play/client/C0CPacketInput
iu	net/minecraft/network/play/client/C19PacketResourcePackStatus
iu$a	iu$Action
iv	net/minecraft/network/play/client/C09PacketHeldItemChange
iw	net/minecraft/network/play/client/C10PacketCreativeInventoryAction
ix	net/minecraft/network/play/client/C12PacketUpdateSign
iy	net/minecraft/network/play/client/C0APacketAnimation
iz	net/minecraft/network/play/client/C18PacketSpectate
j	net/minecraft/command/CommandHandler
ja	net/minecraft/network/play/client/C08PacketPlayerBlockPlacement
jc	net/minecraft/network/handshake/client/C00Handshake
jd	net/minecraft/network/handshake/INetHandlerHandshakeServer
jf	net/minecraft/network/login/INetHandlerLoginClient
jg	net/minecraft/network/login/server/S02PacketLoginSuccess
jh	net/minecraft/network/login/server/S01PacketEncryptionRequest
ji	net/minecraft/network/login/server/S03PacketEnableCompression
jj	net/minecraft/network/login/server/S00PacketDisconnect
jk	net/minecraft/network/login/INetHandlerLoginServer
jl	net/minecraft/network/login/client/C00PacketLoginStart
jm	net/minecraft/network/login/client/C01PacketEncryptionResponse
jp	net/minecraft/network/status/INetHandlerStatusClient
jq	net/minecraft/network/status/server/S01PacketPong
jr	net/minecraft/network/status/server/S00PacketServerInfo
js	net/minecraft/network/ServerStatusResponse
js$a	js$PlayerCountData
js$a$a	js$a$Serializer
js$b	js$Serializer
js$c	js$MinecraftProtocolVersionIdentifier
js$c$a	js$c$Serializer
jt	net/minecraft/network/status/INetHandlerStatusServer
ju	net/minecraft/network/status/client/C01PacketPing
jv	net/minecraft/network/status/client/C00PacketServerQuery
jy	net/minecraft/util/ResourceLocation
k	net/minecraft/command/ICommand
ka	net/minecraft/dispenser/BehaviorProjectileDispense
kb	net/minecraft/init/Bootstrap
kc	net/minecraft/client/util/JsonException
kc$a	kc$Entry
kd	net/minecraft/command/ServerCommand
kf	net/minecraft/server/ServerEula
kg	net/minecraft/util/LoggingPrintStream
ki	net/minecraft/network/ThreadQuickExitException
kj	net/minecraft/network/rcon/IServer
kk	net/minecraft/scoreboard/ServerScoreboard
kl	net/minecraft/server/dedicated/PropertyManager
km	net/minecraft/util/ITickable
kn	net/minecraft/server/dedicated/DedicatedPlayerList
ko	net/minecraft/server/dedicated/DedicatedServer
kp	net/minecraft/server/dedicated/ServerHangWatchdog
kr	net/minecraft/server/gui/MinecraftServerGui
ks	net/minecraft/server/gui/PlayerListComponent
kt	net/minecraft/server/gui/StatsComponent
kw	net/minecraft/client/renderer/DestroyBlockProgress
kx	net/minecraft/world/demo/DemoWorldServer
ky	net/minecraft/world/demo/DemoWorldManager
kz	net/minecraft/world/WorldServerMulti
l	net/minecraft/command/ICommandManager
la	net/minecraft/entity/EntityTracker
lb	net/minecraft/world/WorldManager
lc	net/minecraft/server/management/PlayerManager
lc$a	lc$PlayerInstance
ld	net/minecraft/world/gen/ChunkProviderServer
le	net/minecraft/world/WorldServer
le$a	le$ServerBlockEventList
lf	net/minecraft/entity/player/EntityPlayerMP
lg	net/minecraft/server/management/ItemInWorldManager
lh	net/minecraft/entity/EntityTrackerEntry
lj	net/minecraft/network/PingResponseHandler
lk	net/minecraft/client/network/NetHandlerHandshakeMemory
ll	net/minecraft/network/NetworkSystem
lm	net/minecraft/network/NetHandlerPlayServer
ln	net/minecraft/server/network/NetHandlerHandshakeTCP
lo	net/minecraft/server/network/NetHandlerLoginServer
lo$a	lo$LoginState
lp	net/minecraft/server/network/NetHandlerStatusServer
ls	net/minecraft/server/management/BanEntry
lt	net/minecraft/server/management/PlayerProfileCache
lt$a	lt$ProfileEntry
lt$b	lt$Serializer
lu	net/minecraft/server/management/BanList
lv	net/minecraft/server/management/IPBanEntry
lw	net/minecraft/server/management/PreYggdrasilConverter
lw$a	lw$ConversionError
lx	net/minecraft/server/management/ServerConfigurationManager
ly	net/minecraft/server/management/UserListOps
lz	net/minecraft/server/management/UserListOpsEntry
m	net/minecraft/command/ICommandSender
ma	net/minecraft/server/management/UserListEntry
mb	net/minecraft/server/management/UserList
mb$a	mb$Serializer
mc	net/minecraft/server/management/UserListBans
md	net/minecraft/server/management/UserListBansEntry
me	net/minecraft/server/management/UserListWhitelist
mf	net/minecraft/server/management/UserListWhitelistEntry
mh	net/minecraft/network/rcon/RConOutputStream
mi	net/minecraft/network/rcon/RConUtils
mj	net/minecraft/network/rcon/RConConsoleSource
ml	net/minecraft/network/rcon/RConThreadBase
mm	net/minecraft/network/rcon/RConThreadQuery
mm$a	mm$Auth
mn	net/minecraft/network/rcon/RConThreadClient
mo	net/minecraft/network/rcon/RConThreadMain
mq	net/minecraft/stats/Achievement
mr	net/minecraft/stats/AchievementList
ms	net/minecraft/stats/IStatStringFormat
mt	net/minecraft/stats/StatBasic
mu	net/minecraft/stats/StatCrafting
mv	net/minecraft/stats/StatisticsFile
mw	net/minecraft/stats/StatBase
mx	net/minecraft/stats/IStatType
my	net/minecraft/util/TupleIntJsonSerializable
mz	net/minecraft/util/IJsonSerializable
n	net/minecraft/command/CommandResultStats
n$a	n$Type
na	net/minecraft/stats/StatList
nb	net/minecraft/stats/StatFileWriter
nc	net/minecraft/util/JsonSerializableSet
ne	net/minecraft/util/ClassInheritanceMultiMap
net/minecraft/advancements/CriteriaTriggers	net/minecraft/stats/AchievementList
net/minecraft/block/Block_v1_7	net/minecraft/block/Block
net/minecraft/block/state/BlockStateBase$1_v1_8	net/minecraft/block/state/BlockStateBase$1
net/minecraft/block/state/BlockStateContainer	net/minecraft/block/state/BlockState
net/minecraft/block/state/BlockStateContainer$1_v1_8	net/minecraft/block/state/BlockStateContainer$1
net/minecraft/block/state/pattern/BlockMatcher	net/minecraft/block/state/pattern/BlockHelper
net/minecraft/block/state/pattern/BlockStateMatcher	net/minecraft/block/state/pattern/BlockStateHelper
net/minecraft/client/Minecraft$10	net/minecraft/client/Minecraft$3
net/minecraft/client/Minecraft$10_v1_8	net/minecraft/client/Minecraft$3
net/minecraft/client/Minecraft$11	net/minecraft/client/Minecraft$4
net/minecraft/client/Minecraft$11_v1_8	net/minecraft/client/Minecraft$4
net/minecraft/client/Minecraft$12_v1_8	net/minecraft/client/Minecraft$5
net/minecraft/client/Minecraft$13_v1_8	net/minecraft/client/Minecraft$6
net/minecraft/client/Minecraft$14_v1_8	net/minecraft/client/Minecraft$7
net/minecraft/client/Minecraft$15_v1_8	net/minecraft/client/Minecraft$8
net/minecraft/client/Minecraft$16	net/minecraft/client/Minecraft$9
net/minecraft/client/Minecraft$2	net/minecraft/client/Minecraft$10
net/minecraft/client/Minecraft$3_v1_8	net/minecraft/client/Minecraft$11
net/minecraft/client/Minecraft$4_v1_8	net/minecraft/client/Minecraft$12
net/minecraft/client/Minecraft$5_v1_8	net/minecraft/client/Minecraft$13
net/minecraft/client/Minecraft$6_v1_8	net/minecraft/client/Minecraft$14
net/minecraft/client/Minecraft$7_v1_8	net/minecraft/client/Minecraft$15
net/minecraft/client/Minecraft$8	net/minecraft/client/Minecraft$16
net/minecraft/client/Minecraft$8_v1_8	net/minecraft/client/Minecraft$16
net/minecraft/client/Minecraft$9	net/minecraft/client/Minecraft$2
net/minecraft/client/Minecraft$9_v1_8	net/minecraft/client/Minecraft$2
net/minecraft/client/audio/ISoundEventAccessor_v1_8	net/minecraft/client/audio/ISoundEventAccessor
net/minecraft/client/audio/SoundEventAccessor_v1_7	net/minecraft/client/audio/SoundEventAccessor
net/minecraft/client/audio/SoundHandler$2_v1_8	net/minecraft/client/audio/SoundHandler$2
net/minecraft/client/audio/SoundListSerializer_v1_8	net/minecraft/client/audio/SoundListSerializer
net/minecraft/client/audio/SoundRegistry_v1_8	net/minecraft/client/audio/SoundRegistry
net/minecraft/client/gui/GuiWorldEdit	net/minecraft/client/gui/GuiRenameWorld
net/minecraft/client/gui/GuiWorldSelection	net/minecraft/client/gui/GuiSelectWorld
net/minecraft/client/gui/achievement/GuiStats$StatsBlock$1_v1_8	net/minecraft/client/gui/achievement/GuiStats$StatsBlock$1
net/minecraft/client/gui/achievement/GuiStats$StatsItem$1_v1_8	net/minecraft/client/gui/achievement/GuiStats$StatsItem$1
net/minecraft/client/gui/advancements/GuiAdvancement	net/minecraft/client/gui/achievement/GuiAchievement
net/minecraft/client/multiplayer/WorldClient$1_v1_8	net/minecraft/client/multiplayer/WorldClient$1
net/minecraft/client/multiplayer/WorldClient$2_v1_8	net/minecraft/client/multiplayer/WorldClient$2
net/minecraft/client/multiplayer/WorldClient$3_v1_8	net/minecraft/client/multiplayer/WorldClient$3
net/minecraft/client/multiplayer/WorldClient$4_v1_8	net/minecraft/client/multiplayer/WorldClient$4
net/minecraft/client/network/NetHandlerLoginClient$1_v1_8	net/minecraft/client/network/NetHandlerLoginClient$1
net/minecraft/client/network/ServerPinger	net/minecraft/client/network/OldServerPinger
net/minecraft/client/network/ServerPinger$2_v1_8	net/minecraft/client/network/ServerPinger$2
net/minecraft/client/particle/Particle	net/minecraft/client/particle/EntityFX
net/minecraft/client/particle/ParticleBlockDust	net/minecraft/client/particle/EntityBlockDustFX
net/minecraft/client/particle/ParticleBreaking	net/minecraft/client/particle/EntityBreakingFX
net/minecraft/client/particle/ParticleBubble	net/minecraft/client/particle/EntityBubbleFX
net/minecraft/client/particle/ParticleCloud	net/minecraft/client/particle/EntityCloudFX
net/minecraft/client/particle/ParticleCrit	net/minecraft/client/particle/EntityCrit2FX
net/minecraft/client/particle/ParticleDigging	net/minecraft/client/particle/EntityDiggingFX
net/minecraft/client/particle/ParticleDrip	net/minecraft/client/particle/EntityDropParticleFX
net/minecraft/client/particle/ParticleEmitter	net/minecraft/client/particle/EntityParticleEmitter
net/minecraft/client/particle/ParticleEnchantmentTable	net/minecraft/client/particle/EntityEnchantmentTableParticleFX
net/minecraft/client/particle/ParticleExplosion	net/minecraft/client/particle/EntityExplodeFX
net/minecraft/client/particle/ParticleExplosionHuge	net/minecraft/client/particle/EntityHugeExplodeFX
net/minecraft/client/particle/ParticleExplosionLarge	net/minecraft/client/particle/EntityLargeExplodeFX
net/minecraft/client/particle/ParticleFirework	net/minecraft/client/particle/EntityFirework
net/minecraft/client/particle/ParticleFirework$Overlay	net/minecraft/client/particle/ParticleFirework$OverlayFX
net/minecraft/client/particle/ParticleFirework$Spark	net/minecraft/client/particle/ParticleFirework$SparkFX
net/minecraft/client/particle/ParticleFirework$Starter	net/minecraft/client/particle/ParticleFirework$StarterFX
net/minecraft/client/particle/ParticleFlame	net/minecraft/client/particle/EntityFlameFX
net/minecraft/client/particle/ParticleFootStep	net/minecraft/client/particle/EntityFootStepFX
net/minecraft/client/particle/ParticleHeart	net/minecraft/client/particle/EntityHeartFX
net/minecraft/client/particle/ParticleItemPickup	net/minecraft/client/particle/EntityPickupFX
net/minecraft/client/particle/ParticleLava	net/minecraft/client/particle/EntityLavaFX
net/minecraft/client/particle/ParticleManager	net/minecraft/client/particle/EffectRenderer
net/minecraft/client/particle/ParticleManager$1_v1_8	net/minecraft/client/particle/ParticleManager$1
net/minecraft/client/particle/ParticleManager$2_v1_8	net/minecraft/client/particle/ParticleManager$2
net/minecraft/client/particle/ParticleManager$3_v1_8	net/minecraft/client/particle/ParticleManager$3
net/minecraft/client/particle/ParticleManager$4_v1_8	net/minecraft/client/particle/ParticleManager$4
net/minecraft/client/particle/ParticleMobAppearance	net/minecraft/client/particle/MobAppearance
net/minecraft/client/particle/ParticleNote	net/minecraft/client/particle/EntityNoteFX
net/minecraft/client/particle/ParticlePortal	net/minecraft/client/particle/EntityPortalFX
net/minecraft/client/particle/ParticleRain	net/minecraft/client/particle/EntityRainFX
net/minecraft/client/particle/ParticleRedstone	net/minecraft/client/particle/EntityReddustFX
net/minecraft/client/particle/ParticleSmokeLarge	net/minecraft/client/particle/EntityCritFX
net/minecraft/client/particle/ParticleSmokeNormal	net/minecraft/client/particle/EntitySmokeFX
net/minecraft/client/particle/ParticleSnowShovel	net/minecraft/client/particle/EntitySnowShovelFX
net/minecraft/client/particle/ParticleSpell	net/minecraft/client/particle/EntitySpellParticleFX
net/minecraft/client/particle/ParticleSplash	net/minecraft/client/particle/EntitySplashFX
net/minecraft/client/particle/ParticleSuspend	net/minecraft/client/particle/EntitySuspendFX
net/minecraft/client/particle/ParticleSuspendedTown	net/minecraft/client/particle/EntityAuraFX
net/minecraft/client/particle/ParticleWaterWake	net/minecraft/client/particle/EntityFishWakeFX
net/minecraft/client/renderer/BufferBuilder	net/minecraft/client/renderer/WorldRenderer
net/minecraft/client/renderer/EntityRenderer$2_v1_8	net/minecraft/client/renderer/EntityRenderer$2
net/minecraft/client/renderer/EntityRenderer$3_v1_8	net/minecraft/client/renderer/EntityRenderer$3
net/minecraft/client/renderer/Matrix4f	net/minecraft/util/Matrix4f
net/minecraft/client/renderer/RenderGlobal$1_v1_8	net/minecraft/client/renderer/RenderGlobal$1
net/minecraft/client/renderer/RenderItem	net/minecraft/client/renderer/entity/RenderItem
net/minecraft/client/renderer/RenderItem$10	net/minecraft/client/renderer/RenderItem$9
net/minecraft/client/renderer/RenderItem$1_v1_8	net/minecraft/client/renderer/RenderItem$1
net/minecraft/client/renderer/RenderItem$3_v1_8	net/minecraft/client/renderer/RenderItem$2
net/minecraft/client/renderer/RenderItem$4_v1_8	net/minecraft/client/renderer/RenderItem$3
net/minecraft/client/renderer/RenderItem$5	net/minecraft/client/renderer/RenderItem$4
net/minecraft/client/renderer/RenderItem$8	net/minecraft/client/renderer/RenderItem$5
net/minecraft/client/renderer/RenderItem$9	net/minecraft/client/renderer/RenderItem$8
net/minecraft/client/renderer/Vector3d	net/minecraft/util/Vector3d
net/minecraft/client/renderer/block/model/BakedQuadRetextured	net/minecraft/client/renderer/block/model/BreakingFour
net/minecraft/client/renderer/block/model/BuiltInModel	net/minecraft/client/resources/model/BuiltInModel
net/minecraft/client/renderer/block/model/IBakedModel	net/minecraft/client/resources/model/IBakedModel
net/minecraft/client/renderer/block/model/ModelBakery	net/minecraft/client/resources/model/ModelBakery
net/minecraft/client/renderer/block/model/ModelBakery$2	net/minecraft/client/renderer/block/model/ModelBakery$1
net/minecraft/client/renderer/block/model/ModelBakery$3	net/minecraft/client/renderer/block/model/ModelBakery$2
net/minecraft/client/renderer/block/model/ModelManager	net/minecraft/client/resources/model/ModelManager
net/minecraft/client/renderer/block/model/ModelResourceLocation	net/minecraft/client/resources/model/ModelResourceLocation
net/minecraft/client/renderer/block/model/ModelRotation	net/minecraft/client/resources/model/ModelRotation
net/minecraft/client/renderer/block/model/SimpleBakedModel	net/minecraft/client/resources/model/SimpleBakedModel
net/minecraft/client/renderer/block/model/WeightedBakedModel	net/minecraft/client/resources/model/WeightedBakedModel
net/minecraft/client/renderer/block/model/WeightedBakedModel$WeightedModel	net/minecraft/client/renderer/block/model/WeightedBakedModel$MyWeighedRandomItem
net/minecraft/client/renderer/entity/RenderArmorStand	net/minecraft/client/renderer/entity/ArmorStandRenderer
net/minecraft/client/renderer/entity/RenderArrow_v1_8	net/minecraft/client/renderer/entity/RenderArrow
net/minecraft/client/renderer/entity/RenderBat_v1_8	net/minecraft/client/renderer/entity/RenderBat
net/minecraft/client/renderer/entity/RenderBiped_v1_8	net/minecraft/client/renderer/entity/RenderBiped
net/minecraft/client/renderer/entity/RenderBlaze_v1_8	net/minecraft/client/renderer/entity/RenderBlaze
net/minecraft/client/renderer/entity/RenderBoat_v1_8	net/minecraft/client/renderer/entity/RenderBoat
net/minecraft/client/renderer/entity/RenderCaveSpider_v1_8	net/minecraft/client/renderer/entity/RenderCaveSpider
net/minecraft/client/renderer/entity/RenderChicken_v1_8	net/minecraft/client/renderer/entity/RenderChicken
net/minecraft/client/renderer/entity/RenderCow_v1_8	net/minecraft/client/renderer/entity/RenderCow
net/minecraft/client/renderer/entity/RenderCreeper_v1_8	net/minecraft/client/renderer/entity/RenderCreeper
net/minecraft/client/renderer/entity/RenderDragon_v1_8	net/minecraft/client/renderer/entity/RenderDragon
net/minecraft/client/renderer/entity/RenderEnderCrystal	net/minecraft/client/renderer/tileentity/RenderEnderCrystal
net/minecraft/client/renderer/entity/RenderEnderman_v1_8	net/minecraft/client/renderer/entity/RenderEnderman
net/minecraft/client/renderer/entity/RenderEntity_v1_8	net/minecraft/client/renderer/entity/RenderEntity
net/minecraft/client/renderer/entity/RenderFallingBlock_v1_8	net/minecraft/client/renderer/entity/RenderFallingBlock
net/minecraft/client/renderer/entity/RenderFireball_v1_8	net/minecraft/client/renderer/entity/RenderFireball
net/minecraft/client/renderer/entity/RenderFish_v1_8	net/minecraft/client/renderer/entity/RenderFish
net/minecraft/client/renderer/entity/RenderGhast_v1_8	net/minecraft/client/renderer/entity/RenderGhast
net/minecraft/client/renderer/entity/RenderGiantZombie_v1_8	net/minecraft/client/renderer/entity/RenderGiantZombie
net/minecraft/client/renderer/entity/RenderHorse_v1_8	net/minecraft/client/renderer/entity/RenderHorse
net/minecraft/client/renderer/entity/RenderIronGolem_v1_8	net/minecraft/client/renderer/entity/RenderIronGolem
net/minecraft/client/renderer/entity/RenderItemFrame	net/minecraft/client/renderer/tileentity/RenderItemFrame
net/minecraft/client/renderer/entity/RenderLeashKnot_v1_8	net/minecraft/client/renderer/entity/RenderLeashKnot
net/minecraft/client/renderer/entity/RenderLightningBolt_v1_8	net/minecraft/client/renderer/entity/RenderLightningBolt
net/minecraft/client/renderer/entity/RenderLivingBase	net/minecraft/client/renderer/entity/RendererLivingEntity
net/minecraft/client/renderer/entity/RenderLiving_v1_8	net/minecraft/client/renderer/entity/RenderLiving
net/minecraft/client/renderer/entity/RenderMagmaCube_v1_8	net/minecraft/client/renderer/entity/RenderMagmaCube
net/minecraft/client/renderer/entity/RenderMinecartMobSpawner_v1_8	net/minecraft/client/renderer/entity/RenderMinecartMobSpawner
net/minecraft/client/renderer/entity/RenderMinecart_v1_8	net/minecraft/client/renderer/entity/RenderMinecart
net/minecraft/client/renderer/entity/RenderMooshroom_v1_8	net/minecraft/client/renderer/entity/RenderMooshroom
net/minecraft/client/renderer/entity/RenderOcelot_v1_8	net/minecraft/client/renderer/entity/RenderOcelot
net/minecraft/client/renderer/entity/RenderPainting_v1_8	net/minecraft/client/renderer/entity/RenderPainting
net/minecraft/client/renderer/entity/RenderPig_v1_8	net/minecraft/client/renderer/entity/RenderPig
net/minecraft/client/renderer/entity/RenderPlayer_v1_8	net/minecraft/client/renderer/entity/RenderPlayer
net/minecraft/client/renderer/entity/RenderSheep_v1_8	net/minecraft/client/renderer/entity/RenderSheep
net/minecraft/client/renderer/entity/RenderSilverfish_v1_8	net/minecraft/client/renderer/entity/RenderSilverfish
net/minecraft/client/renderer/entity/RenderSkeleton_v1_8	net/minecraft/client/renderer/entity/RenderSkeleton
net/minecraft/client/renderer/entity/RenderSlime_v1_8	net/minecraft/client/renderer/entity/RenderSlime
net/minecraft/client/renderer/entity/RenderSnowMan_v1_8	net/minecraft/client/renderer/entity/RenderSnowMan
net/minecraft/client/renderer/entity/RenderSnowball_v1_8	net/minecraft/client/renderer/entity/RenderSnowball
net/minecraft/client/renderer/entity/RenderSpider_v1_8	net/minecraft/client/renderer/entity/RenderSpider
net/minecraft/client/renderer/entity/RenderSquid_v1_8	net/minecraft/client/renderer/entity/RenderSquid
net/minecraft/client/renderer/entity/RenderTNTPrimed_v1_8	net/minecraft/client/renderer/entity/RenderTNTPrimed
net/minecraft/client/renderer/entity/RenderTntMinecart_v1_8	net/minecraft/client/renderer/entity/RenderTntMinecart
net/minecraft/client/renderer/entity/RenderVillager_v1_8	net/minecraft/client/renderer/entity/RenderVillager
net/minecraft/client/renderer/entity/RenderWitch_v1_8	net/minecraft/client/renderer/entity/RenderWitch
net/minecraft/client/renderer/entity/RenderWitherSkull	net/minecraft/client/renderer/tileentity/RenderWitherSkull
net/minecraft/client/renderer/entity/RenderWither_v1_8	net/minecraft/client/renderer/entity/RenderWither
net/minecraft/client/renderer/entity/RenderWolf_v1_8	net/minecraft/client/renderer/entity/RenderWolf
net/minecraft/client/renderer/entity/RenderXPOrb_v1_8	net/minecraft/client/renderer/entity/RenderXPOrb
net/minecraft/client/renderer/entity/RenderZombie_v1_8	net/minecraft/client/renderer/entity/RenderZombie
net/minecraft/client/renderer/entity/Render_v1_8	net/minecraft/client/renderer/entity/Render
net/minecraft/client/renderer/entity/layers/LayerSpiderEyes_v1_8	net/minecraft/client/renderer/entity/layers/LayerSpiderEyes
net/minecraft/client/renderer/texture/ITextureMapPopulator	net/minecraft/client/renderer/texture/IIconCreator
net/minecraft/client/renderer/texture/Stitcher$Holder_v1_8	net/minecraft/client/renderer/texture/Stitcher$Holder
net/minecraft/client/renderer/texture/TextureAtlasSprite$1_v1_8	net/minecraft/client/renderer/texture/TextureAtlasSprite$1
net/minecraft/client/renderer/texture/TextureManager$1_v1_8	net/minecraft/client/renderer/texture/TextureManager$1
net/minecraft/client/renderer/texture/TextureMap$1_v1_8	net/minecraft/client/renderer/texture/TextureMap$1
net/minecraft/client/renderer/texture/TextureMap$2_v1_8	net/minecraft/client/renderer/texture/TextureMap$2
net/minecraft/client/renderer/texture/TextureMap$3_v1_8	net/minecraft/client/renderer/texture/TextureMap$3
net/minecraft/client/renderer/tileentity/TileEntityBeaconRenderer_v1_8	net/minecraft/client/renderer/tileentity/TileEntityBeaconRenderer
net/minecraft/client/renderer/tileentity/TileEntityChestRenderer_v1_8	net/minecraft/client/renderer/tileentity/TileEntityChestRenderer
net/minecraft/client/renderer/tileentity/TileEntityEnderChestRenderer_v1_8	net/minecraft/client/renderer/tileentity/TileEntityEnderChestRenderer
net/minecraft/client/renderer/tileentity/TileEntityMobSpawnerRenderer_v1_8	net/minecraft/client/renderer/tileentity/TileEntityMobSpawnerRenderer
net/minecraft/client/renderer/tileentity/TileEntitySignRenderer_v1_8	net/minecraft/client/renderer/tileentity/TileEntitySignRenderer
net/minecraft/client/renderer/tileentity/TileEntitySkullRenderer_v1_8	net/minecraft/client/renderer/tileentity/TileEntitySkullRenderer
net/minecraft/client/renderer/tileentity/TileEntitySpecialRenderer_v1_8	net/minecraft/client/renderer/tileentity/TileEntitySpecialRenderer
net/minecraft/client/resources/Language_v1_8	net/minecraft/client/resources/Language
net/minecraft/client/resources/SimpleReloadableResourceManager$1_v1_8	net/minecraft/client/resources/SimpleReloadableResourceManager$1
net/minecraft/client/resources/SkinManager$1_v1_8	net/minecraft/client/resources/SkinManager$1
net/minecraft/client/resources/data/AnimationMetadataSectionSerializer_v1_8	net/minecraft/client/resources/data/AnimationMetadataSectionSerializer
net/minecraft/client/resources/data/BaseMetadataSectionSerializer_v1_8	net/minecraft/client/resources/data/BaseMetadataSectionSerializer
net/minecraft/client/resources/data/FontMetadataSectionSerializer_v1_8	net/minecraft/client/resources/data/FontMetadataSectionSerializer
net/minecraft/client/resources/data/IMetadataSectionSerializer_v1_8	net/minecraft/client/resources/data/IMetadataSectionSerializer
net/minecraft/client/resources/data/LanguageMetadataSectionSerializer_v1_8	net/minecraft/client/resources/data/LanguageMetadataSectionSerializer
net/minecraft/client/resources/data/MetadataSerializer	net/minecraft/client/resources/data/IMetadataSerializer
net/minecraft/client/resources/data/MetadataSerializer$Registration_v1_8	net/minecraft/client/resources/data/MetadataSerializer$Registration
net/minecraft/client/resources/data/PackMetadataSectionSerializer_v1_8	net/minecraft/client/resources/data/PackMetadataSectionSerializer
net/minecraft/client/resources/data/TextureMetadataSectionSerializer_v1_8	net/minecraft/client/resources/data/TextureMetadataSectionSerializer
net/minecraft/client/resources/model/ModelBakery$2	net/minecraft/client/resources/model/ModelBakery$1
net/minecraft/client/resources/model/ModelBakery$3	net/minecraft/client/resources/model/ModelBakery$2
net/minecraft/client/settings/KeyBinding_v1_8	net/minecraft/client/settings/KeyBinding
net/minecraft/command/AdvancementCommand	net/minecraft/command/server/CommandAchievement
net/minecraft/command/AdvancementCommand$1_v1_8	net/minecraft/command/AdvancementCommand$1
net/minecraft/command/EntitySelector	net/minecraft/command/PlayerSelector
net/minecraft/command/EntitySelector$10	net/minecraft/command/EntitySelector$8
net/minecraft/command/EntitySelector$11	net/minecraft/command/EntitySelector$9
net/minecraft/command/EntitySelector$12	net/minecraft/command/EntitySelector$10
net/minecraft/command/EntitySelector$14	net/minecraft/command/EntitySelector$11
net/minecraft/command/EntitySelector$1_v1_8	net/minecraft/command/EntitySelector$1
net/minecraft/command/EntitySelector$2	net/minecraft/command/EntitySelector$12
net/minecraft/command/EntitySelector$3	net/minecraft/command/EntitySelector$2
net/minecraft/command/EntitySelector$4	net/minecraft/command/EntitySelector$3
net/minecraft/command/EntitySelector$5	net/minecraft/command/EntitySelector$4
net/minecraft/command/EntitySelector$7	net/minecraft/command/EntitySelector$5
net/minecraft/command/EntitySelector$8	net/minecraft/command/EntitySelector$6
net/minecraft/command/EntitySelector$9	net/minecraft/command/EntitySelector$7
net/minecraft/command/ICommandListener	net/minecraft/command/IAdminCommand
net/minecraft/command/ICommand_v1_8	net/minecraft/command/ICommand
net/minecraft/crash/CrashReport$1_v1_8	net/minecraft/crash/CrashReport$1
net/minecraft/crash/CrashReport$2_v1_8	net/minecraft/crash/CrashReport$2
net/minecraft/crash/CrashReport$3_v1_8	net/minecraft/crash/CrashReport$3
net/minecraft/crash/CrashReport$4_v1_8	net/minecraft/crash/CrashReport$4
net/minecraft/crash/CrashReport$5_v1_8	net/minecraft/crash/CrashReport$5
net/minecraft/crash/CrashReport$6_v1_8	net/minecraft/crash/CrashReport$6
net/minecraft/crash/CrashReport$7_v1_8	net/minecraft/crash/CrashReport$7
net/minecraft/crash/CrashReportCategory$1_v1_8	net/minecraft/crash/CrashReportCategory$1
net/minecraft/crash/CrashReportCategory$2_v1_8	net/minecraft/crash/CrashReportCategory$2
net/minecraft/crash/CrashReportCategory$3_v1_8	net/minecraft/crash/CrashReportCategory$3
net/minecraft/creativetab/CreativeTabs$10	net/minecraft/creativetab/CreativeTabs$7
net/minecraft/creativetab/CreativeTabs$11	net/minecraft/creativetab/CreativeTabs$8
net/minecraft/creativetab/CreativeTabs$12	net/minecraft/creativetab/CreativeTabs$9
net/minecraft/creativetab/CreativeTabs$2	net/minecraft/creativetab/CreativeTabs$10
net/minecraft/creativetab/CreativeTabs$3	net/minecraft/creativetab/CreativeTabs$11
net/minecraft/creativetab/CreativeTabs$4	net/minecraft/creativetab/CreativeTabs$12
net/minecraft/creativetab/CreativeTabs$5	net/minecraft/creativetab/CreativeTabs$2
net/minecraft/creativetab/CreativeTabs$6	net/minecraft/creativetab/CreativeTabs$3
net/minecraft/creativetab/CreativeTabs$7	net/minecraft/creativetab/CreativeTabs$4
net/minecraft/creativetab/CreativeTabs$8	net/minecraft/creativetab/CreativeTabs$5
net/minecraft/creativetab/CreativeTabs$9	net/minecraft/creativetab/CreativeTabs$6
net/minecraft/enchantment/Enchantment_v1_7	net/minecraft/enchantment/Enchantment
net/minecraft/entity/Entity$1_v1_8	net/minecraft/entity/Entity$1
net/minecraft/entity/Entity$2_v1_8	net/minecraft/entity/Entity$2
net/minecraft/entity/EntityTracker$1_v1_8	net/minecraft/entity/EntityTracker$1
net/minecraft/entity/MultiPartEntityPart	net/minecraft/entity/boss/EntityDragonPart
net/minecraft/entity/ai/EntityAIAttackMelee	net/minecraft/entity/ai/EntityAIAttackOnCollide
net/minecraft/entity/ai/EntityAIAttackRanged	net/minecraft/entity/ai/EntityAIArrowAttack
net/minecraft/entity/ai/EntityAIAvoidEntity_v1_8	net/minecraft/entity/ai/EntityAIAvoidEntity
net/minecraft/entity/ai/EntityAINearestAttackableTarget_v1_8	net/minecraft/entity/ai/EntityAINearestAttackableTarget
net/minecraft/entity/ai/EntityAITargetNonTamed_v1_8	net/minecraft/entity/ai/EntityAITargetNonTamed
net/minecraft/entity/ai/attributes/AbstractAttributeMap	net/minecraft/entity/ai/attributes/BaseAttributeMap
net/minecraft/entity/ai/attributes/AttributeMap	net/minecraft/entity/ai/attributes/ServersideAttributeMap
net/minecraft/entity/item/EntityMinecart$Type	net/minecraft/entity/item/EntityMinecart$EnumMinecartType
net/minecraft/entity/item/EntityMinecartCommandBlock	net/minecraft/entity/EntityMinecartCommandBlock
net/minecraft/entity/item/EntityMinecartMobSpawner	net/minecraft/entity/ai/EntityMinecartMobSpawner
net/minecraft/entity/monster/EntityEnderman$AIFindPlayer_v1_8	net/minecraft/entity/monster/EntityEnderman$AIFindPlayer
net/minecraft/entity/monster/EntitySpider$AISpiderTarget_v1_8	net/minecraft/entity/monster/EntitySpider$AISpiderTarget
net/minecraft/entity/player/EntityPlayer$SleepResult	net/minecraft/entity/player/EntityPlayer$EnumStatus
net/minecraft/entity/player/InventoryPlayer$1_v1_8	net/minecraft/entity/player/InventoryPlayer$1
net/minecraft/init/Bootstrap$11	net/minecraft/init/Bootstrap$2
net/minecraft/init/Bootstrap$12	net/minecraft/init/Bootstrap$3
net/minecraft/init/Bootstrap$13	net/minecraft/init/Bootstrap$4
net/minecraft/init/Bootstrap$14	net/minecraft/init/Bootstrap$5
net/minecraft/init/Bootstrap$15	net/minecraft/init/Bootstrap$6
net/minecraft/init/Bootstrap$16	net/minecraft/init/Bootstrap$7
net/minecraft/init/Bootstrap$17	net/minecraft/init/Bootstrap$8
net/minecraft/init/Bootstrap$18	net/minecraft/init/Bootstrap$9
net/minecraft/init/Bootstrap$2	net/minecraft/init/Bootstrap$10
net/minecraft/init/Bootstrap$3	net/minecraft/init/Bootstrap$11
net/minecraft/init/Bootstrap$4	net/minecraft/init/Bootstrap$12
net/minecraft/init/Bootstrap$5	net/minecraft/init/Bootstrap$13
net/minecraft/init/Bootstrap$6	net/minecraft/init/Bootstrap$14
net/minecraft/init/Bootstrap$7	net/minecraft/init/Bootstrap$15
net/minecraft/init/Bootstrap$8	net/minecraft/init/Bootstrap$16
net/minecraft/inventory/ContainerHorseChest	net/minecraft/inventory/AnimalChest
net/minecraft/inventory/IContainerListener	net/minecraft/inventory/ICrafting
net/minecraft/inventory/IInventoryChangedListener	net/minecraft/inventory/IInvBasic
net/minecraft/item/Item$12	net/minecraft/item/Item$2
net/minecraft/item/Item$15	net/minecraft/item/Item$3
net/minecraft/item/Item$16	net/minecraft/item/Item$4
net/minecraft/item/Item$17	net/minecraft/item/Item$5
net/minecraft/item/Item$18	net/minecraft/item/Item$6
net/minecraft/item/Item$19	net/minecraft/item/Item$7
net/minecraft/item/Item$2	net/minecraft/item/Item$10
net/minecraft/item/Item$20	net/minecraft/item/Item$8
net/minecraft/item/Item$21	net/minecraft/item/Item$9
net/minecraft/item/Item$3	net/minecraft/item/Item$11
net/minecraft/item/Item$4	net/minecraft/item/Item$12
net/minecraft/item/Item$5	net/minecraft/item/Item$13
net/minecraft/item/Item$6	net/minecraft/item/Item$14
net/minecraft/item/Item$7	net/minecraft/item/Item$15
net/minecraft/item/Item$8	net/minecraft/item/Item$16
net/minecraft/item/Item$9	net/minecraft/item/Item$17
net/minecraft/item/ItemBlockSpecial	net/minecraft/item/ItemReed
net/minecraft/item/ItemWrittenBook	net/minecraft/item/ItemEditableBook
net/minecraft/item/Item_v1_7	net/minecraft/item/Item
net/minecraft/item/crafting/CraftingManager$1_v1_8	net/minecraft/item/crafting/CraftingManager$1
net/minecraft/item/crafting/RecipeBookCloning_v1_7	net/minecraft/item/crafting/RecipeBookCloning
net/minecraft/item/crafting/RecipeFireworks_v1_7	net/minecraft/item/crafting/RecipeFireworks
net/minecraft/item/crafting/RecipeRepairItem_v1_8	net/minecraft/item/crafting/RecipeRepairItem
net/minecraft/item/crafting/RecipesArmorDyes_v1_7	net/minecraft/item/crafting/RecipesArmorDyes
net/minecraft/item/crafting/RecipesBanners$RecipeAddPattern_v1_8	net/minecraft/item/crafting/RecipesBanners$RecipeAddPattern
net/minecraft/item/crafting/RecipesBanners$RecipeDuplicatePattern_v1_8	net/minecraft/item/crafting/RecipesBanners$RecipeDuplicatePattern
net/minecraft/item/crafting/RecipesMapCloning_v1_7	net/minecraft/item/crafting/RecipesMapCloning
net/minecraft/item/crafting/ShapedRecipes_v1_7	net/minecraft/item/crafting/ShapedRecipes
net/minecraft/item/crafting/ShapelessRecipes_v1_7	net/minecraft/item/crafting/ShapelessRecipes
net/minecraft/nbt/NBTTagCompound$1_v1_8	net/minecraft/nbt/NBTTagCompound$1
net/minecraft/nbt/NBTTagCompound$2_v1_8	net/minecraft/nbt/NBTTagCompound$2
net/minecraft/network/LegacyPingHandler	net/minecraft/network/PingResponseHandler
net/minecraft/network/NetHandlerPlayServer$1_v1_8	net/minecraft/network/NetHandlerPlayServer$1
net/minecraft/network/NettyEncryptingDecoder_v1_8	net/minecraft/network/NettyEncryptingDecoder
net/minecraft/network/NettyEncryptingEncoder_v1_8	net/minecraft/network/NettyEncryptingEncoder
net/minecraft/network/NettyPacketDecoder	net/minecraft/util/MessageDeserializer
net/minecraft/network/NettyVarint21FrameDecoder	net/minecraft/util/MessageDeserializer2
net/minecraft/network/NettyVarint21FrameEncoder	net/minecraft/util/MessageSerializer2
net/minecraft/network/NetworkManager_v1_8	net/minecraft/network/NetworkManager
net/minecraft/network/NetworkSystem$1_v1_8	net/minecraft/network/NetworkSystem$1
net/minecraft/network/NetworkSystem$2_v1_8	net/minecraft/network/NetworkSystem$2
net/minecraft/network/NetworkSystem$3_v1_8	net/minecraft/network/NetworkSystem$3
net/minecraft/network/NetworkSystem$4_v1_8	net/minecraft/network/NetworkSystem$4
net/minecraft/network/Packet_v1_8	net/minecraft/network/Packet
net/minecraft/network/ServerStatusResponse$Players	net/minecraft/network/ServerStatusResponse$PlayerCountData
net/minecraft/network/ServerStatusResponse$Players$Serializer_v1_8	net/minecraft/network/ServerStatusResponse$Players$Serializer
net/minecraft/network/ServerStatusResponse$Serializer_v1_8	net/minecraft/network/ServerStatusResponse$Serializer
net/minecraft/network/ServerStatusResponse$Version	net/minecraft/network/ServerStatusResponse$MinecraftProtocolVersionIdentifier
net/minecraft/network/ServerStatusResponse$Version$Serializer_v1_8	net/minecraft/network/ServerStatusResponse$Version$Serializer
net/minecraft/network/datasync/EntityDataManager	net/minecraft/entity/DataWatcher
net/minecraft/network/login/client/CPacketEncryptionResponse	net/minecraft/network/login/client/C01PacketEncryptionResponse
net/minecraft/network/login/client/CPacketLoginStart	net/minecraft/network/login/client/C00PacketLoginStart
net/minecraft/network/login/server/SPacketDisconnect	net/minecraft/network/login/server/S00PacketDisconnect
net/minecraft/network/login/server/SPacketEnableCompression	net/minecraft/network/login/server/S03PacketEnableCompression
net/minecraft/network/login/server/SPacketEncryptionRequest	net/minecraft/network/login/server/S01PacketEncryptionRequest
net/minecraft/network/login/server/SPacketLoginSuccess	net/minecraft/network/login/server/S02PacketLoginSuccess
net/minecraft/network/play/client/CPacketAnimation	net/minecraft/network/play/client/C0APacketAnimation
net/minecraft/network/play/client/CPacketChatMessage	net/minecraft/network/play/client/C01PacketChatMessage
net/minecraft/network/play/client/CPacketClickWindow	net/minecraft/network/play/client/C0EPacketClickWindow
net/minecraft/network/play/client/CPacketClientSettings	net/minecraft/network/play/client/C15PacketClientSettings
net/minecraft/network/play/client/CPacketClientStatus	net/minecraft/network/play/client/C16PacketClientStatus
net/minecraft/network/play/client/CPacketClientStatus$State	net/minecraft/network/play/client/CPacketClientStatus$EnumState
net/minecraft/network/play/client/CPacketCloseWindow	net/minecraft/network/play/client/C0DPacketCloseWindow
net/minecraft/network/play/client/CPacketConfirmTransaction	net/minecraft/network/play/client/C0FPacketConfirmTransaction
net/minecraft/network/play/client/CPacketCreativeInventoryAction	net/minecraft/network/play/client/C10PacketCreativeInventoryAction
net/minecraft/network/play/client/CPacketCustomPayload	net/minecraft/network/play/client/C17PacketCustomPayload
net/minecraft/network/play/client/CPacketEnchantItem	net/minecraft/network/play/client/C11PacketEnchantItem
net/minecraft/network/play/client/CPacketEntityAction	net/minecraft/network/play/client/C0BPacketEntityAction
net/minecraft/network/play/client/CPacketHeldItemChange	net/minecraft/network/play/client/C09PacketHeldItemChange
net/minecraft/network/play/client/CPacketInput	net/minecraft/network/play/client/C0CPacketInput
net/minecraft/network/play/client/CPacketKeepAlive	net/minecraft/network/play/client/C00PacketKeepAlive
net/minecraft/network/play/client/CPacketPlayer	net/minecraft/network/play/client/C03PacketPlayer
net/minecraft/network/play/client/CPacketPlayer$Position	net/minecraft/network/play/client/CPacketPlayer$C04PacketPlayerPosition
net/minecraft/network/play/client/CPacketPlayer$PositionRotation	net/minecraft/network/play/client/CPacketPlayer$C06PacketPlayerPosLook
net/minecraft/network/play/client/CPacketPlayer$Rotation	net/minecraft/network/play/client/CPacketPlayer$C05PacketPlayerLook
net/minecraft/network/play/client/CPacketPlayerAbilities	net/minecraft/network/play/client/C13PacketPlayerAbilities
net/minecraft/network/play/client/CPacketPlayerDigging	net/minecraft/network/play/client/C07PacketPlayerDigging
net/minecraft/network/play/client/CPacketPlayerTryUseItemOnBlock	net/minecraft/network/play/client/C08PacketPlayerBlockPlacement
net/minecraft/network/play/client/CPacketResourcePackStatus	net/minecraft/network/play/client/C19PacketResourcePackStatus
net/minecraft/network/play/client/CPacketSpectate	net/minecraft/network/play/client/C18PacketSpectate
net/minecraft/network/play/client/CPacketTabComplete	net/minecraft/network/play/client/C14PacketTabComplete
net/minecraft/network/play/client/CPacketUpdateSign	net/minecraft/network/play/client/C12PacketUpdateSign
net/minecraft/network/play/client/CPacketUseEntity	net/minecraft/network/play/client/C02PacketUseEntity
net/minecraft/network/play/server/SPacketAnimation	net/minecraft/network/play/server/S0BPacketAnimation
net/minecraft/network/play/server/SPacketBlockAction	net/minecraft/network/play/server/S24PacketBlockAction
net/minecraft/network/play/server/SPacketBlockBreakAnim	net/minecraft/network/play/server/S25PacketBlockBreakAnim
net/minecraft/network/play/server/SPacketBlockChange	net/minecraft/network/play/server/S23PacketBlockChange
net/minecraft/network/play/server/SPacketCamera	net/minecraft/network/play/server/S43PacketCamera
net/minecraft/network/play/server/SPacketChangeGameState	net/minecraft/network/play/server/S2BPacketChangeGameState
net/minecraft/network/play/server/SPacketChat	net/minecraft/network/play/server/S02PacketChat
net/minecraft/network/play/server/SPacketChunkData	net/minecraft/network/play/server/S21PacketChunkData
net/minecraft/network/play/server/SPacketCloseWindow	net/minecraft/network/play/server/S2EPacketCloseWindow
net/minecraft/network/play/server/SPacketCollectItem	net/minecraft/network/play/server/S0DPacketCollectItem
net/minecraft/network/play/server/SPacketCombatEvent	net/minecraft/network/play/server/S42PacketCombatEvent
net/minecraft/network/play/server/SPacketConfirmTransaction	net/minecraft/network/play/server/S32PacketConfirmTransaction
net/minecraft/network/play/server/SPacketCooldown	net/minecraft/network/play/server/S46PacketSetCompressionLevel
net/minecraft/network/play/server/SPacketCustomPayload	net/minecraft/network/play/server/S3FPacketCustomPayload
net/minecraft/network/play/server/SPacketDestroyEntities	net/minecraft/network/play/server/S13PacketDestroyEntities
net/minecraft/network/play/server/SPacketDisconnect	net/minecraft/network/play/server/S40PacketDisconnect
net/minecraft/network/play/server/SPacketDisplayObjective	net/minecraft/network/play/server/S3DPacketDisplayScoreboard
net/minecraft/network/play/server/SPacketEffect	net/minecraft/network/play/server/S28PacketEffect
net/minecraft/network/play/server/SPacketEntity	net/minecraft/network/play/server/S14PacketEntity
net/minecraft/network/play/server/SPacketEntityAttach	net/minecraft/network/play/server/S1BPacketEntityAttach
net/minecraft/network/play/server/SPacketEntityEffect	net/minecraft/network/play/server/S1DPacketEntityEffect
net/minecraft/network/play/server/SPacketEntityEquipment	net/minecraft/network/play/server/S04PacketEntityEquipment
net/minecraft/network/play/server/SPacketEntityHeadLook	net/minecraft/network/play/server/S19PacketEntityHeadLook
net/minecraft/network/play/server/SPacketEntityMetadata	net/minecraft/network/play/server/S1CPacketEntityMetadata
net/minecraft/network/play/server/SPacketEntityProperties	net/minecraft/network/play/server/S20PacketEntityProperties
net/minecraft/network/play/server/SPacketEntityStatus	net/minecraft/network/play/server/S19PacketEntityStatus
net/minecraft/network/play/server/SPacketEntityTeleport	net/minecraft/network/play/server/S18PacketEntityTeleport
net/minecraft/network/play/server/SPacketEntityVelocity	net/minecraft/network/play/server/S12PacketEntityVelocity
net/minecraft/network/play/server/SPacketExplosion	net/minecraft/network/play/server/S27PacketExplosion
net/minecraft/network/play/server/SPacketHeldItemChange	net/minecraft/network/play/server/S09PacketHeldItemChange
net/minecraft/network/play/server/SPacketJoinGame	net/minecraft/network/play/server/S01PacketJoinGame
net/minecraft/network/play/server/SPacketKeepAlive	net/minecraft/network/play/server/S00PacketKeepAlive
net/minecraft/network/play/server/SPacketMaps	net/minecraft/network/play/server/S34PacketMaps
net/minecraft/network/play/server/SPacketMultiBlockChange	net/minecraft/network/play/server/S22PacketMultiBlockChange
net/minecraft/network/play/server/SPacketOpenWindow	net/minecraft/network/play/server/S2DPacketOpenWindow
net/minecraft/network/play/server/SPacketParticles	net/minecraft/network/play/server/S2APacketParticles
net/minecraft/network/play/server/SPacketPlayerAbilities	net/minecraft/network/play/server/S39PacketPlayerAbilities
net/minecraft/network/play/server/SPacketPlayerListHeaderFooter	net/minecraft/network/play/server/S47PacketPlayerListHeaderFooter
net/minecraft/network/play/server/SPacketPlayerListItem	net/minecraft/network/play/server/S38PacketPlayerListItem
net/minecraft/network/play/server/SPacketPlayerPosLook	net/minecraft/network/play/server/S08PacketPlayerPosLook
net/minecraft/network/play/server/SPacketRemoveEntityEffect	net/minecraft/network/play/server/S1EPacketRemoveEntityEffect
net/minecraft/network/play/server/SPacketResourcePackSend	net/minecraft/network/play/server/S48PacketResourcePackSend
net/minecraft/network/play/server/SPacketRespawn	net/minecraft/network/play/server/S07PacketRespawn
net/minecraft/network/play/server/SPacketScoreboardObjective	net/minecraft/network/play/server/S3BPacketScoreboardObjective
net/minecraft/network/play/server/SPacketServerDifficulty	net/minecraft/network/play/server/S41PacketServerDifficulty
net/minecraft/network/play/server/SPacketSetExperience	net/minecraft/network/play/server/S1FPacketSetExperience
net/minecraft/network/play/server/SPacketSetSlot	net/minecraft/network/play/server/S2FPacketSetSlot
net/minecraft/network/play/server/SPacketSignEditorOpen	net/minecraft/network/play/server/S36PacketSignEditorOpen
net/minecraft/network/play/server/SPacketSoundEffect	net/minecraft/network/play/server/S29PacketSoundEffect
net/minecraft/network/play/server/SPacketSpawnExperienceOrb	net/minecraft/network/play/server/S11PacketSpawnExperienceOrb
net/minecraft/network/play/server/SPacketSpawnGlobalEntity	net/minecraft/network/play/server/S2CPacketSpawnGlobalEntity
net/minecraft/network/play/server/SPacketSpawnMob	net/minecraft/network/play/server/S0FPacketSpawnMob
net/minecraft/network/play/server/SPacketSpawnObject	net/minecraft/network/play/server/S0EPacketSpawnObject
net/minecraft/network/play/server/SPacketSpawnPainting	net/minecraft/network/play/server/S10PacketSpawnPainting
net/minecraft/network/play/server/SPacketSpawnPlayer	net/minecraft/network/play/server/S0CPacketSpawnPlayer
net/minecraft/network/play/server/SPacketSpawnPosition	net/minecraft/network/play/server/S05PacketSpawnPosition
net/minecraft/network/play/server/SPacketStatistics	net/minecraft/network/play/server/S37PacketStatistics
net/minecraft/network/play/server/SPacketTabComplete	net/minecraft/network/play/server/S3APacketTabComplete
net/minecraft/network/play/server/SPacketTeams	net/minecraft/network/play/server/S3EPacketTeams
net/minecraft/network/play/server/SPacketTimeUpdate	net/minecraft/network/play/server/S03PacketTimeUpdate
net/minecraft/network/play/server/SPacketTitle	net/minecraft/network/play/server/S45PacketTitle
net/minecraft/network/play/server/SPacketUpdateHealth	net/minecraft/network/play/server/S06PacketUpdateHealth
net/minecraft/network/play/server/SPacketUpdateScore	net/minecraft/network/play/server/S3CPacketUpdateScore
net/minecraft/network/play/server/SPacketUpdateTileEntity	net/minecraft/network/play/server/S35PacketUpdateTileEntity
net/minecraft/network/play/server/SPacketUseBed	net/minecraft/network/play/server/S0APacketUseBed
net/minecraft/network/play/server/SPacketWindowItems	net/minecraft/network/play/server/S30PacketWindowItems
net/minecraft/network/play/server/SPacketWindowProperty	net/minecraft/network/play/server/S31PacketWindowProperty
net/minecraft/network/play/server/SPacketWorldBorder	net/minecraft/network/play/server/S44PacketWorldBorder
net/minecraft/network/status/client/CPacketPing	net/minecraft/network/status/client/C01PacketPing
net/minecraft/network/status/client/CPacketServerQuery	net/minecraft/network/status/client/C00PacketServerQuery
net/minecraft/network/status/server/SPacketPong	net/minecraft/network/status/server/S01PacketPong
net/minecraft/network/status/server/SPacketServerInfo	net/minecraft/network/status/server/S00PacketServerInfo
net/minecraft/pathfinding/SwimNodeProcessor	net/minecraft/world/pathfinder/SwimNodeProcessor
net/minecraft/pathfinding/WalkNodeProcessor	net/minecraft/world/pathfinder/WalkNodeProcessor
net/minecraft/potion/Potion_v1_7	net/minecraft/potion/Potion
net/minecraft/profiler/ISnooperInfo	net/minecraft/profiler/IPlayerUsage
net/minecraft/profiler/Profiler$Result_v1_8	net/minecraft/profiler/Profiler$Result
net/minecraft/profiler/Snooper	net/minecraft/profiler/PlayerUsageSnooper
net/minecraft/realms/RealmsLevelSummary_v1_8	net/minecraft/realms/RealmsLevelSummary
net/minecraft/scoreboard/IScoreCriteria	net/minecraft/scoreboard/IScoreObjectiveCriteria
net/minecraft/scoreboard/Score$1_v1_8	net/minecraft/scoreboard/Score$1
net/minecraft/scoreboard/ScoreCriteria	net/minecraft/scoreboard/ScoreDummyCriteria
net/minecraft/scoreboard/ScoreCriteriaColored	net/minecraft/scoreboard/GoalColor
net/minecraft/scoreboard/ScoreCriteriaHealth	net/minecraft/scoreboard/ScoreHealthCriteria
net/minecraft/scoreboard/ScoreCriteriaStat	net/minecraft/stats/ObjectiveStat
net/minecraft/server/MinecraftServer$3_v1_8	net/minecraft/server/MinecraftServer$3
net/minecraft/server/MinecraftServer$4_v1_8	net/minecraft/server/MinecraftServer$4
net/minecraft/server/integrated/IntegratedServer$1_v1_8	net/minecraft/server/integrated/IntegratedServer$1
net/minecraft/server/integrated/IntegratedServer$2_v1_8	net/minecraft/server/integrated/IntegratedServer$2
net/minecraft/server/management/DemoPlayerInteractionManager	net/minecraft/world/demo/DemoWorldManager
net/minecraft/server/management/PlayerChunkMap	net/minecraft/server/management/PlayerManager
net/minecraft/server/management/PlayerInteractionManager	net/minecraft/server/management/ItemInWorldManager
net/minecraft/server/management/PlayerList	net/minecraft/server/management/ServerConfigurationManager
net/minecraft/server/management/PlayerProfileCache$Serializer_v1_8	net/minecraft/server/management/PlayerProfileCache$Serializer
net/minecraft/server/management/PreYggdrasilConverter$1_v1_8	net/minecraft/server/management/PreYggdrasilConverter$1
net/minecraft/server/management/UserListBansEntry_v1_8	net/minecraft/server/management/UserListBansEntry
net/minecraft/server/management/UserListBans_v1_8	net/minecraft/server/management/UserListBans
net/minecraft/server/management/UserListEntryBan	net/minecraft/server/management/BanEntry
net/minecraft/server/management/UserListEntry_v1_8	net/minecraft/server/management/UserListEntry
net/minecraft/server/management/UserListIPBans	net/minecraft/server/management/BanList
net/minecraft/server/management/UserListIPBansEntry	net/minecraft/server/management/IPBanEntry
net/minecraft/server/management/UserListOpsEntry_v1_8	net/minecraft/server/management/UserListOpsEntry
net/minecraft/server/management/UserListOps_v1_8	net/minecraft/server/management/UserListOps
net/minecraft/server/management/UserListWhitelistEntry_v1_8	net/minecraft/server/management/UserListWhitelistEntry
net/minecraft/server/management/UserListWhitelist_v1_8	net/minecraft/server/management/UserListWhitelist
net/minecraft/server/management/UserList_v1_8	net/minecraft/server/management/UserList
net/minecraft/stats/StatisticsManager	net/minecraft/stats/StatFileWriter
net/minecraft/stats/StatisticsManagerServer	net/minecraft/stats/StatisticsFile
net/minecraft/tileentity/CommandBlockBaseLogic	net/minecraft/command/server/CommandBlockLogic
net/minecraft/tileentity/TileEntity$1_v1_8	net/minecraft/tileentity/TileEntity$1
net/minecraft/tileentity/TileEntity$2_v1_8	net/minecraft/tileentity/TileEntity$2
net/minecraft/tileentity/TileEntity$3_v1_8	net/minecraft/tileentity/TileEntity$3
net/minecraft/tileentity/TileEntityPiston$1_v1_8	net/minecraft/tileentity/TileEntityPiston$1
net/minecraft/util/BlockRenderLayer	net/minecraft/util/EnumWorldBlockLayer
net/minecraft/util/EnumTypeAdapterFactory$1_v1_8	net/minecraft/util/EnumTypeAdapterFactory$1
net/minecraft/util/IObjectIntIterable_v1_8	net/minecraft/util/IObjectIntIterable
net/minecraft/util/IntHashMap_v1_8	net/minecraft/util/IntHashMap
net/minecraft/util/JsonSerializableSet_v1_8	net/minecraft/util/JsonSerializableSet
net/minecraft/util/LongHashMap_v1_8	net/minecraft/util/LongHashMap
net/minecraft/util/LowerStringMap	net/minecraft/server/management/LowerStringMap
net/minecraft/util/MessageSerializer_v1_8	net/minecraft/util/MessageSerializer
net/minecraft/util/ObjectIntIdentityMap_v1_8	net/minecraft/util/ObjectIntIdentityMap
net/minecraft/util/SoundCategory	net/minecraft/client/audio/SoundCategory
net/minecraft/util/TabCompleter	net/minecraft/world/pathfinder/NodeProcessor
net/minecraft/util/ThreadSafeBoundList_v1_8	net/minecraft/util/ThreadSafeBoundList
net/minecraft/util/Tuple_v1_8	net/minecraft/util/Tuple
net/minecraft/util/math/AxisAlignedBB	net/minecraft/util/AxisAlignedBB
net/minecraft/util/math/BlockPos	net/minecraft/util/BlockPos
net/minecraft/util/math/Cartesian	net/minecraft/util/Cartesian
net/minecraft/util/math/ChunkPos	net/minecraft/world/ChunkCoordIntPair
net/minecraft/util/math/MathHelper	net/minecraft/util/MathHelper
net/minecraft/util/math/RayTraceResult	net/minecraft/util/MovingObjectPosition
net/minecraft/util/math/RayTraceResult$Type	net/minecraft/util/math/RayTraceResult$MovingObjectType
net/minecraft/util/math/Rotations	net/minecraft/util/Rotations
net/minecraft/util/math/Vec3d	net/minecraft/util/Vec3
net/minecraft/util/math/Vec3i	net/minecraft/util/Vec3i
net/minecraft/util/registry/IRegistry	net/minecraft/util/IRegistry
net/minecraft/util/registry/RegistryDefaulted	net/minecraft/util/RegistryDefaulted
net/minecraft/util/registry/RegistryNamespaced	net/minecraft/util/RegistryNamespaced
net/minecraft/util/registry/RegistryNamespacedDefaultedByKey	net/minecraft/util/RegistryNamespacedDefaultedByKey
net/minecraft/util/registry/RegistrySimple	net/minecraft/util/RegistrySimple
net/minecraft/util/text/ITextComponent	net/minecraft/util/IChatComponent
net/minecraft/util/text/Style	net/minecraft/util/ChatStyle
net/minecraft/util/text/Style$Serializer_v1_8	net/minecraft/util/text/Style$Serializer
net/minecraft/util/text/TextComponentBase	net/minecraft/util/ChatComponentStyle
net/minecraft/util/text/TextComponentBase$1_v1_8	net/minecraft/util/text/TextComponentBase$1
net/minecraft/util/text/TextComponentBase$2_v1_8	net/minecraft/util/text/TextComponentBase$2
net/minecraft/util/text/TextComponentScore	net/minecraft/util/ChatComponentScore
net/minecraft/util/text/TextComponentSelector	net/minecraft/util/ChatComponentSelector
net/minecraft/util/text/TextComponentString	net/minecraft/util/ChatComponentText
net/minecraft/util/text/TextComponentTranslation	net/minecraft/util/ChatComponentTranslation
net/minecraft/util/text/TextComponentTranslationFormatException	net/minecraft/util/ChatComponentTranslationFormatException
net/minecraft/util/text/TextComponentUtils	net/minecraft/util/ChatComponentProcessor
net/minecraft/util/text/TextFormatting	net/minecraft/util/EnumChatFormatting
net/minecraft/util/text/event/ClickEvent	net/minecraft/event/ClickEvent
net/minecraft/util/text/event/HoverEvent	net/minecraft/event/HoverEvent
net/minecraft/util/text/translation/I18n	net/minecraft/util/StatCollector
net/minecraft/util/text/translation/LanguageMap	net/minecraft/util/StringTranslate
net/minecraft/village/MerchantRecipeList_v1_8	net/minecraft/village/MerchantRecipeList
net/minecraft/world/IWorldEventListener	net/minecraft/world/IWorldAccess
net/minecraft/world/NextTickListEntry_v1_8	net/minecraft/world/NextTickListEntry
net/minecraft/world/ServerWorldEventHandler	net/minecraft/world/WorldManager
net/minecraft/world/World$1_v1_8	net/minecraft/world/World$1
net/minecraft/world/World$2_v1_8	net/minecraft/world/World$2
net/minecraft/world/World$3_v1_8	net/minecraft/world/World$3
net/minecraft/world/World$4_v1_8	net/minecraft/world/World$4
net/minecraft/world/WorldEntitySpawner	net/minecraft/world/SpawnerAnimals
net/minecraft/world/WorldServer$ServerBlockEventList_v1_8	net/minecraft/world/WorldServer$ServerBlockEventList
net/minecraft/world/WorldServerDemo	net/minecraft/world/demo/DemoWorldServer
net/minecraft/world/biome/Biome	net/minecraft/world/biome/BiomeGenBase
net/minecraft/world/biome/BiomeBeach	net/minecraft/world/biome/BiomeGenBeach
net/minecraft/world/biome/BiomeDesert	net/minecraft/world/biome/BiomeGenDesert
net/minecraft/world/biome/BiomeEnd	net/minecraft/world/biome/BiomeGenEnd
net/minecraft/world/biome/BiomeForest	net/minecraft/world/biome/BiomeGenForest
net/minecraft/world/biome/BiomeHell	net/minecraft/world/biome/BiomeGenHell
net/minecraft/world/biome/BiomeHills	net/minecraft/world/biome/BiomeGenHills
net/minecraft/world/biome/BiomeJungle	net/minecraft/world/biome/BiomeGenJungle
net/minecraft/world/biome/BiomeMesa	net/minecraft/world/biome/BiomeGenMesa
net/minecraft/world/biome/BiomeMushroomIsland	net/minecraft/world/biome/BiomeGenMushroomIsland
net/minecraft/world/biome/BiomeOcean	net/minecraft/world/biome/BiomeGenOcean
net/minecraft/world/biome/BiomePlains	net/minecraft/world/biome/BiomeGenPlains
net/minecraft/world/biome/BiomeProvider	net/minecraft/world/biome/WorldChunkManagerHell
net/minecraft/world/biome/BiomeRiver	net/minecraft/world/biome/BiomeGenRiver
net/minecraft/world/biome/BiomeSavanna	net/minecraft/world/biome/BiomeGenSavanna
net/minecraft/world/biome/BiomeSnow	net/minecraft/world/biome/BiomeGenSnow
net/minecraft/world/biome/BiomeStoneBeach	net/minecraft/world/biome/BiomeGenStoneBeach
net/minecraft/world/biome/BiomeSwamp	net/minecraft/world/biome/BiomeGenSwamp
net/minecraft/world/biome/BiomeTaiga	net/minecraft/world/biome/BiomeGenTaiga
net/minecraft/world/chunk/Chunk$1_v1_8	net/minecraft/world/chunk/Chunk$1
net/minecraft/world/gen/ChunkGeneratorDebug	net/minecraft/world/gen/ChunkProviderDebug
net/minecraft/world/gen/ChunkGeneratorEnd	net/minecraft/world/gen/ChunkProviderEnd
net/minecraft/world/gen/ChunkGeneratorFlat	net/minecraft/world/gen/ChunkProviderFlat
net/minecraft/world/gen/ChunkGeneratorHell	net/minecraft/world/gen/ChunkProviderHell
net/minecraft/world/gen/ChunkGeneratorOverworld	net/minecraft/world/gen/ChunkProviderGenerate
net/minecraft/world/gen/ChunkGeneratorSettings	net/minecraft/world/gen/ChunkProviderSettings
net/minecraft/world/gen/feature/WorldGenBirchTree	net/minecraft/world/gen/feature/WorldGenForest
net/minecraft/world/gen/feature/WorldGenBush	net/minecraft/world/gen/GeneratorBushFeature
net/minecraft/world/gen/layer/GenLayer$1_v1_8	net/minecraft/world/gen/layer/GenLayer$1
net/minecraft/world/gen/layer/GenLayer$2_v1_8	net/minecraft/world/gen/layer/GenLayer$2
net/minecraft/world/gen/structure/MapGenStructure$1_v1_8	net/minecraft/world/gen/structure/MapGenStructure$1
net/minecraft/world/gen/structure/MapGenStructure$2_v1_8	net/minecraft/world/gen/structure/MapGenStructure$2
net/minecraft/world/gen/structure/MapGenStructure$3_v1_8	net/minecraft/world/gen/structure/MapGenStructure$3
net/minecraft/world/storage/WorldInfo$10	net/minecraft/world/storage/WorldInfo$9
net/minecraft/world/storage/WorldInfo$1_v1_8	net/minecraft/world/storage/WorldInfo$1
net/minecraft/world/storage/WorldInfo$3_v1_8	net/minecraft/world/storage/WorldInfo$2
net/minecraft/world/storage/WorldInfo$4_v1_8	net/minecraft/world/storage/WorldInfo$3
net/minecraft/world/storage/WorldInfo$5_v1_8	net/minecraft/world/storage/WorldInfo$4
net/minecraft/world/storage/WorldInfo$6_v1_8	net/minecraft/world/storage/WorldInfo$5
net/minecraft/world/storage/WorldInfo$7_v1_8	net/minecraft/world/storage/WorldInfo$6
net/minecraft/world/storage/WorldInfo$8_v1_8	net/minecraft/world/storage/WorldInfo$7
net/minecraft/world/storage/WorldInfo$9_v1_8	net/minecraft/world/storage/WorldInfo$8
net/minecraft/world/storage/WorldSavedData	net/minecraft/world/WorldSavedData
net/minecraft/world/storage/WorldSummary	net/minecraft/world/storage/SaveFormatComparator
ng	net/minecraft/util/CryptManager
nh	net/minecraft/util/FrameTimer
ni	net/minecraft/util/JsonUtils
nj	net/minecraft/util/HttpUtil
nk	net/minecraft/server/management/LowerStringMap
nl	net/minecraft/util/IntegerCache
nm	net/minecraft/util/IntHashMap
nm$a	nm$Entry
no	net/minecraft/util/LazyLoadBase
np	net/minecraft/util/ThreadSafeBoundList
nq	net/minecraft/util/LongHashMap
nq$a	nq$Entry
nr	net/minecraft/util/EnumTypeAdapterFactory
ns	net/minecraft/util/MathHelper
nt	net/minecraft/profiler/Profiler
nt$a	nt$Result
nu	net/minecraft/util/IProgressUpdate
nv	net/minecraft/util/MouseFilter
nw	net/minecraft/util/IStringSerializable
nx	net/minecraft/util/StringUtils
nz	net/minecraft/util/Tuple
o	net/minecraft/command/PlayerSelector
oa	net/minecraft/util/WeightedRandom
oa$a	oa$Item
ob	net/minecraft/util/WeightedRandomChestContent
od	net/minecraft/util/IThreadListener
of	net/minecraft/inventory/InventoryLargeChest
og	net/minecraft/inventory/IInventory
oh	net/minecraft/inventory/IInvBasic
oi	net/minecraft/inventory/InventoryHelper
oj	net/minecraft/world/EnumDifficulty
ok	net/minecraft/world/DifficultyInstance
ol	net/minecraft/world/IInteractionObject
on	net/minecraft/world/LockCode
oo	net/minecraft/world/ILockableContainer
op	net/minecraft/world/IWorldNameable
oq	net/minecraft/inventory/InventoryBasic
or	net/minecraft/profiler/PlayerUsageSnooper
os	net/minecraft/profiler/IPlayerUsage
ot	net/minecraft/inventory/ISidedInventory
ou	net/minecraft/util/CombatEntry
ov	net/minecraft/util/CombatTracker
ow	net/minecraft/util/DamageSource
ox	net/minecraft/util/EntityDamageSource
oy	net/minecraft/util/EntityDamageSourceIndirect
p	net/minecraft/command/server/CommandAchievement
pa	net/minecraft/potion/PotionAbsorption
pb	net/minecraft/potion/PotionAttackDamage
pc	net/minecraft/potion/PotionHealthBoost
pd	net/minecraft/potion/PotionHealth
pe	net/minecraft/potion/Potion
pf	net/minecraft/potion/PotionEffect
ph	net/minecraft/entity/EntityAgeable
pi	net/minecraft/entity/passive/IAnimals
pk	net/minecraft/entity/Entity
pm	net/minecraft/entity/EntityList
pm$a	pm$EntityEggInfo
po	net/minecraft/util/EntitySelectors
po$a	po$ArmoredMob
pp	net/minecraft/entity/item/EntityXPOrb
pq	net/minecraft/entity/EntityFlying
pr	net/minecraft/entity/EntityLivingBase
ps	net/minecraft/entity/EntityLiving
ps$a	ps$SpawnPlacementType
pt	net/minecraft/entity/EnumCreatureType
pu	net/minecraft/entity/IEntityLivingData
pv	net/minecraft/entity/EntitySpawnPlacementRegistry
pw	net/minecraft/entity/EnumCreatureAttribute
px	net/minecraft/entity/IEntityOwnable
py	net/minecraft/entity/EntityCreature
pz	net/minecraft/entity/DataWatcher
pz$a	pz$WatchableObject
q	net/minecraft/command/server/CommandBanIp
qa	net/minecraft/entity/passive/EntityTameable
qb	net/minecraft/entity/ai/attributes/IAttribute
qc	net/minecraft/entity/ai/attributes/IAttributeInstance
qd	net/minecraft/entity/ai/attributes/AttributeModifier
qe	net/minecraft/entity/ai/attributes/BaseAttribute
qf	net/minecraft/entity/ai/attributes/BaseAttributeMap
qh	net/minecraft/entity/ai/attributes/ModifiableAttributeInstance
qi	net/minecraft/entity/ai/attributes/ServersideAttributeMap
qj	net/minecraft/entity/ai/attributes/RangedAttribute
qm	net/minecraft/entity/EntityBodyHelper
qo	net/minecraft/entity/ai/EntityJumpHelper
qp	net/minecraft/entity/ai/EntityLookHelper
qq	net/minecraft/entity/ai/EntityMoveHelper
qs	net/minecraft/entity/ai/EntityAIAvoidEntity
qt	net/minecraft/entity/ai/EntityAIBeg
qu	net/minecraft/entity/ai/EntityAIBreakDoor
qv	net/minecraft/entity/ai/EntityAIMate
qw	net/minecraft/entity/ai/EntityAIControlledByPlayer
qx	net/minecraft/entity/ai/EntityAIDoorInteract
qy	net/minecraft/entity/ai/EntityAIEatGrass
qz	net/minecraft/entity/ai/EntityAIFleeSun
r	net/minecraft/command/server/CommandBanPlayer
ra	net/minecraft/entity/ai/EntityAISwimming
rb	net/minecraft/entity/ai/EntityAIFollowOwner
rc	net/minecraft/entity/ai/EntityAIFollowParent
rd	net/minecraft/entity/ai/EntityAIBase
re	net/minecraft/entity/ai/EntityAITasks
re$a	re$EntityAITaskEntry
rf	net/minecraft/entity/ai/EntityAIHarvestFarmland
rg	net/minecraft/entity/ai/EntityAIWatchClosest2
rh	net/minecraft/entity/ai/EntityAILeapAtTarget
ri	net/minecraft/entity/ai/EntityAIWatchClosest
rj	net/minecraft/entity/ai/EntityAILookAtTradePlayer
rk	net/minecraft/entity/ai/EntityAIVillagerMate
rl	net/minecraft/entity/ai/EntityAIAttackOnCollide
rm	net/minecraft/entity/ai/EntityAIMoveIndoors
rn	net/minecraft/entity/ai/EntityAIMoveThroughVillage
ro	net/minecraft/entity/ai/EntityAIMoveToBlock
rp	net/minecraft/entity/ai/EntityAIMoveTowardsRestriction
rq	net/minecraft/entity/ai/EntityAIMoveTowardsTarget
rr	net/minecraft/entity/ai/EntityAIOcelotAttack
rs	net/minecraft/entity/ai/EntityAIOcelotSit
rt	net/minecraft/entity/ai/EntityAILookAtVillager
ru	net/minecraft/entity/ai/EntityAIOpenDoor
rv	net/minecraft/entity/ai/EntityAIPanic
rw	net/minecraft/entity/ai/EntityAIPlay
ry	net/minecraft/entity/ai/EntityAILookIdle
rz	net/minecraft/entity/ai/EntityAIWander
s	net/minecraft/command/CommandBlockData
sa	net/minecraft/entity/ai/EntityAIArrowAttack
sb	net/minecraft/entity/ai/EntityAIRestrictOpenDoor
sc	net/minecraft/entity/ai/EntityAIRestrictSun
sd	net/minecraft/entity/ai/EntityAIRunAroundLikeCrazy
se	net/minecraft/entity/ai/EntityAISit
sf	net/minecraft/entity/ai/EntityAICreeperSwell
sg	net/minecraft/entity/ai/EntityAIFollowGolem
sh	net/minecraft/entity/ai/EntityAITempt
si	net/minecraft/entity/ai/EntityAITradePlayer
sj	net/minecraft/entity/ai/EntityAIVillagerInteract
sl	net/minecraft/entity/ai/EntityAIDefendVillage
sm	net/minecraft/entity/ai/EntityAIHurtByTarget
sn	net/minecraft/entity/ai/EntityAIFindEntityNearest
so	net/minecraft/entity/ai/EntityAIFindEntityNearestPlayer
sp	net/minecraft/entity/ai/EntityAINearestAttackableTarget
sp$a	sp$Sorter
sq	net/minecraft/entity/ai/EntityAITargetNonTamed
sr	net/minecraft/entity/ai/EntityAIOwnerHurtByTarget
ss	net/minecraft/entity/ai/EntityAIOwnerHurtTarget
st	net/minecraft/entity/ai/EntityAITarget
sv	net/minecraft/pathfinding/PathNavigateGround
sw	net/minecraft/pathfinding/PathNavigate
sx	net/minecraft/pathfinding/PathNavigateClimber
sy	net/minecraft/pathfinding/PathNavigateSwimmer
t	net/minecraft/command/CommandClearInventory
ta	net/minecraft/entity/ai/EntitySenses
tc	net/minecraft/entity/ai/RandomPositionGenerator
te	net/minecraft/village/VillageDoorInfo
tf	net/minecraft/village/Village
tf$a	tf$VillageAggressor
tg	net/minecraft/village/VillageSiege
th	net/minecraft/village/VillageCollection
tj	net/minecraft/entity/passive/EntityAmbientCreature
tk	net/minecraft/entity/passive/EntityBat
tm	net/minecraft/entity/passive/EntityAnimal
tn	net/minecraft/entity/passive/EntityChicken
to	net/minecraft/entity/passive/EntityCow
tp	net/minecraft/entity/passive/EntityHorse
tp$a	tp$GroupData
tq	net/minecraft/entity/monster/EntityGolem
tr	net/minecraft/entity/passive/EntityMooshroom
ts	net/minecraft/entity/passive/EntityOcelot
tt	net/minecraft/entity/passive/EntityPig
tu	net/minecraft/entity/passive/EntityRabbit
tu$a	tu$AIEvilAttack
tu$b	tu$EnumMoveType
tu$c	tu$AIAvoidEntity
tu$d	tu$RabbitTypeData
tu$e	tu$RabbitJumpHelper
tu$f	tu$RabbitMoveHelper
tu$g	tu$AIPanic
tu$h	tu$AIRaidFarm
tv	net/minecraft/entity/passive/EntitySheep
tw	net/minecraft/entity/monster/EntitySnowman
tx	net/minecraft/entity/passive/EntitySquid
tx$a	tx$AIMoveRandom
ty	net/minecraft/entity/monster/EntityIronGolem
ty$a	ty$AINearestAttackableTargetNonCreeper
tz	net/minecraft/entity/passive/EntityWaterMob
u	net/minecraft/command/CommandClone
u$a	u$StaticCloneData
ua	net/minecraft/entity/passive/EntityWolf
uc	net/minecraft/entity/boss/IBossDisplayData
ud	net/minecraft/entity/IEntityMultiPart
ue	net/minecraft/entity/boss/EntityDragonPart
uf	net/minecraft/entity/item/EntityEnderCrystal
ug	net/minecraft/entity/boss/EntityDragon
uk	net/minecraft/entity/boss/EntityWither
um	net/minecraft/entity/item/EntityArmorStand
un	net/minecraft/entity/EntityHanging
uo	net/minecraft/entity/item/EntityItemFrame
up	net/minecraft/entity/EntityLeashKnot
uq	net/minecraft/entity/item/EntityPainting
uq$a	uq$EnumArt
ur	net/minecraft/entity/projectile/EntityFishHook
us	net/minecraft/util/WeightedRandomFishable
uu	net/minecraft/entity/effect/EntityWeatherEffect
uv	net/minecraft/entity/effect/EntityLightningBolt
ux	net/minecraft/entity/item/EntityBoat
uy	net/minecraft/entity/item/EntityFallingBlock
uz	net/minecraft/entity/item/EntityItem
v	net/minecraft/command/CommandCompare
va	net/minecraft/entity/item/EntityMinecart
va$a	va$EnumMinecartType
vb	net/minecraft/entity/item/EntityMinecartChest
vc	net/minecraft/entity/EntityMinecartCommandBlock
vd	net/minecraft/entity/item/EntityMinecartContainer
ve	net/minecraft/entity/item/EntityMinecartFurnace
vf	net/minecraft/entity/item/EntityMinecartHopper
vg	net/minecraft/entity/item/EntityMinecartEmpty
vh	net/minecraft/entity/ai/EntityMinecartMobSpawner
vi	net/minecraft/entity/item/EntityMinecartTNT
vj	net/minecraft/entity/item/EntityTNTPrimed
vl	net/minecraft/entity/monster/EntityBlaze
vl$a	vl$AIFireballAttack
vm	net/minecraft/entity/monster/EntityCaveSpider
vn	net/minecraft/entity/monster/EntityCreeper
vo	net/minecraft/entity/monster/EntityEnderman
vo$a	vo$AIPlaceBlock
vo$b	vo$AIFindPlayer
vo$c	vo$AITakeBlock
vp	net/minecraft/entity/monster/EntityEndermite
vq	net/minecraft/entity/monster/IMob
vr	net/minecraft/entity/monster/EntityGhast
vr$a	vr$AILookAround
vr$b	vr$GhastMoveHelper
vr$c	vr$AIFireballAttack
vr$d	vr$AIRandomFly
vs	net/minecraft/entity/monster/EntityGiantZombie
vt	net/minecraft/entity/monster/EntityGuardian
vt$a	vt$AIGuardianAttack
vt$b	vt$GuardianTargetSelector
vt$c	vt$GuardianMoveHelper
vu	net/minecraft/entity/monster/EntityMagmaCube
vv	net/minecraft/entity/monster/EntityMob
vw	net/minecraft/entity/monster/EntityPigZombie
vw$a	vw$AITargetAggressor
vw$b	vw$AIHurtByAggressor
vx	net/minecraft/entity/IRangedAttackMob
vy	net/minecraft/entity/SharedMonsterAttributes
vz	net/minecraft/entity/monster/EntitySilverfish
vz$a	vz$AIHideInStone
vz$b	vz$AISummonSilverfish
w	net/minecraft/command/server/CommandDeOp
wa	net/minecraft/entity/monster/EntitySkeleton
wb	net/minecraft/entity/monster/EntitySlime
wb$a	wb$AISlimeAttack
wb$b	wb$AISlimeFloat
wb$c	wb$AISlimeHop
wb$d	wb$SlimeMoveHelper
wb$e	wb$AISlimeFaceRandom
wc	net/minecraft/entity/monster/EntitySpider
wc$a	wc$AISpiderAttack
wc$b	wc$GroupData
wc$c	wc$AISpiderTarget
wd	net/minecraft/entity/monster/EntityWitch
we	net/minecraft/entity/monster/EntityZombie
we$a	we$GroupData
wg	net/minecraft/entity/NpcMerchant
wh	net/minecraft/entity/INpc
wi	net/minecraft/entity/passive/EntityVillager
wi$a	wi$EmeraldForItems
wi$b	wi$ListEnchantedBookForEmeralds
wi$c	wi$ListEnchantedItemForEmeralds
wi$d	wi$ItemAndEmeraldToItem
wi$e	wi$ListItemForEmeralds
wi$f	wi$ITradeList
wi$g	wi$PriceInfo
wl	net/minecraft/entity/player/PlayerCapabilities
wm	net/minecraft/entity/player/InventoryPlayer
wn	net/minecraft/entity/player/EntityPlayer
wn$a	wn$EnumStatus
wn$b	wn$EnumChatVisibility
wo	net/minecraft/entity/player/EnumPlayerModelParts
wq	net/minecraft/entity/projectile/EntityArrow
wr	net/minecraft/entity/item/EntityEnderEye
ws	net/minecraft/entity/projectile/EntityFireball
wt	net/minecraft/entity/item/EntityFireworkRocket
wu	net/minecraft/entity/projectile/EntityLargeFireball
wv	net/minecraft/entity/IProjectile
ww	net/minecraft/entity/projectile/EntitySmallFireball
wx	net/minecraft/entity/projectile/EntitySnowball
wy	net/minecraft/entity/projectile/EntityThrowable
wz	net/minecraft/entity/projectile/EntityEgg
x	net/minecraft/command/CommandDebug
xa	net/minecraft/entity/item/EntityEnderPearl
xb	net/minecraft/entity/item/EntityExpBottle
xc	net/minecraft/entity/projectile/EntityPotion
xd	net/minecraft/entity/projectile/EntityWitherSkull
xg	net/minecraft/util/FoodStats
xi	net/minecraft/inventory/Container
xj	net/minecraft/inventory/AnimalChest
xk	net/minecraft/inventory/ContainerRepair
xl	net/minecraft/inventory/ContainerBeacon
xl$a	xl$BeaconSlot
xm	net/minecraft/inventory/ContainerBrewingStand
xm$a	xm$Ingredient
xm$b	xm$Potion
xn	net/minecraft/inventory/ICrafting
xo	net/minecraft/inventory/ContainerChest
xp	net/minecraft/inventory/InventoryCrafting
xq	net/minecraft/inventory/ContainerWorkbench
xr	net/minecraft/inventory/ContainerDispenser
xs	net/minecraft/inventory/ContainerEnchantment
xt	net/minecraft/inventory/SlotFurnaceFuel
xu	net/minecraft/inventory/ContainerFurnace
xv	net/minecraft/inventory/SlotFurnaceOutput
xw	net/minecraft/inventory/ContainerHopper
xx	net/minecraft/inventory/ContainerHorseInventory
xy	net/minecraft/inventory/ContainerPlayer
y	net/minecraft/command/CommandDefaultGameMode
ya	net/minecraft/inventory/InventoryMerchant
yb	net/minecraft/inventory/ContainerMerchant
yc	net/minecraft/inventory/SlotMerchantResult
yd	net/minecraft/inventory/InventoryEnderChest
ye	net/minecraft/inventory/InventoryCraftResult
yf	net/minecraft/inventory/SlotCrafting
yg	net/minecraft/inventory/Slot
yi	net/minecraft/item/ItemAnvilBlock
yj	net/minecraft/item/ItemArmor
yj$a	yj$ArmorMaterial
yk	net/minecraft/item/ItemArmorStand
yl	net/minecraft/item/ItemAxe
ym	net/minecraft/item/ItemBanner
yn	net/minecraft/item/ItemBed
yo	net/minecraft/item/ItemBlock
yp	net/minecraft/item/ItemReed
yq	net/minecraft/item/ItemBoat
yr	net/minecraft/item/ItemBook
ys	net/minecraft/item/ItemGlassBottle
yt	net/minecraft/item/ItemBow
yu	net/minecraft/item/ItemSoup
yv	net/minecraft/item/ItemBucket
yw	net/minecraft/item/ItemCarrotOnAStick
yx	net/minecraft/item/ItemCoal
yy	net/minecraft/item/ItemMapBase
yz	net/minecraft/creativetab/CreativeTabs
z	net/minecraft/command/CommandEffect
za	net/minecraft/item/ItemTool
zb	net/minecraft/item/ItemDoor
zc	net/minecraft/item/ItemDoublePlant
zd	net/minecraft/item/EnumDyeColor
ze	net/minecraft/item/ItemDye
zf	net/minecraft/item/ItemCloth
zg	net/minecraft/item/ItemEgg
zh	net/minecraft/item/ItemEmptyMap
zi	net/minecraft/item/ItemEnchantedBook
zj	net/minecraft/item/ItemEnderEye
zk	net/minecraft/item/ItemEnderPearl
zl	net/minecraft/item/ItemExpBottle
zm	net/minecraft/item/ItemFireball
zn	net/minecraft/item/ItemFireworkCharge
zo	net/minecraft/item/ItemFirework
zp	net/minecraft/item/ItemFishFood
zp$a	zp$FishType
zq	net/minecraft/item/ItemFishingRod
zr	net/minecraft/item/ItemFlintAndSteel
zs	net/minecraft/item/ItemFood
zt	net/minecraft/item/ItemAppleGold
zu	net/minecraft/item/ItemHangingEntity
zv	net/minecraft/item/ItemHoe
zw	net/minecraft/item/Item
zw$a	zw$ToolMaterial
zx	net/minecraft/item/ItemStack
zy	net/minecraft/init/Items
zz	net/minecraft/item/ItemLead
