com/moonsworth/lunar/IHRHHRIHICHOOICIRIOOHOICHIRHOI/HORHROIOIOICIRHIOCOICHHHIHCIIO/HORHROIOIOICIRHIOCOICHHHIHCIIO/HHRROIIHRRICIIHIIHICRHHRHOHHOO/HORHROIOIOICIRHIOCOICHHHIHCIIO	com/moonsworth/lunar/IHRHHRIHICHOOICIRIOOHOICHIRHOI/HORHROIOIOICIRHIOCOICHHHIHCIIO/HORHROIOIOICIRHIOCOICHHHIHCIIO/HHRROIIHRRICIIHIIHICRHHRHOHHOO/ChunkMixin
com/moonsworth/lunar/IHRHHRIHICHOOICIRIOOHOICHIRHOI/HORHROIOIOICIRHIOCOICHHHIHCIIO/HORHROIOIOICIRHIOCOICHHHIHCIIO/HORHROIOIOICIRHIOCOICHHHIHCIIO/HORHROIOIOICIRHIOCOICHHHIHCIIO	com/moonsworth/lunar/IHRHHRIHICHOOICIRIOOHOICHIRHOI/HORHROIOIOICIRHIOCOICHHHIHCIIO/HORHROIOIOICIRHIOCOICHHHIHCIIO/HORHROIOIOICIRHIOCOICHHHIHCIIO/BiomeGenBaseMixin
com/moonsworth/lunar/IHRHHRIHICHOOICIRIOOHOICHIRHOI/HORHROIOIOICIRHIOCOICHHHIHCIIO/HORHROIOIOICIRHIOCOICHHHIHCIIO/HORHROIOIOICIRHIOCOICHHHIHCIIO_	com/moonsworth/lunar/IHRHHRIHICHOOICIRIOOHOICHIRHOI/HORHROIOIOICIRHIOCOICHHHIHCIIO/HORHROIOIOICIRHIOCOICHHHIHCIIO/WorldMixin
com/moonsworth/lunar/IHRHHRIHICHOOICIRIOOHOICHIRHOI/HORHROIOIOICIRHIOCOICHHHIHCIIO/HORHROIOIOICIRHIOCOICHHHIHCIIO/HRICOROOOCCOCOROCRHHCRRIRCOICO/HORHROIOIOICIRHIOCOICHHHIHCIIO	com/moonsworth/lunar/IHRHHRIHICHOOICIRIOOHOICHIRHOI/HORHROIOIOICIRHIOCOICHHHIHCIIO/HORHROIOIOICIRHIOCOICHHHIHCIIO/HRICOROOOCCOCOROCRHHCRRIRCOICO/Vec4bMixin
com/moonsworth/lunar/RHIRRICCRHHHIIHHIHHOHRCHIOORCC/HORHROIOIOICIRHIOCOICHHHIHCIIO/HHRROIIHRRICIIHIIHICRHHRHOHHOO/HORHROIOIOICIRHIOCOICHHHIHCIIO	com/moonsworth/lunar/RHIRRICCRHHHIIHHIHHOHRCHIOORCC/HORHROIOIOICIRHIOCOICHHHIHCIIO/HHRROIIHRRICIIHIIHICRHHRHOHHOO/NetworkManagerMixin
com/moonsworth/lunar/RHIRRICCRHHHIIHHIHHOHRCHIOORCC/HORHROIOIOICIRHIOCOICHHHIHCIIO/HORHROIOIOICIRHIOCOICHHHIHCIIO/HHRROIIHRRICIIHIIHICRHHRHOHHOO/HORHROIOIOICIRHIOCOICHHHIHCIIO	com/moonsworth/lunar/RHIRRICCRHHHIIHHIHHOHRCHIOORCC/HORHROIOIOICIRHIOCOICHHHIHCIIO/HORHROIOIOICIRHIOCOICHHHIHCIIO/HHRROIIHRRICIIHIIHICRHHRHOHHOO/EntityFXMixin
com/moonsworth/lunar/RHIRRICCRHHHIIHHIHHOHRCHIOORCC/HORHROIOIOICIRHIOCOICHHHIHCIIO/HORHROIOIOICIRHIOCOICHHHIHCIIO/HORHROIOIOICIRHIOCOICHHHIHCIIO/HHRROIIHRRICIIHIIHICRHHRHOHHOO	com/moonsworth/lunar/RHIRRICCRHHHIIHHIHHOHRCHIOORCC/HORHROIOIOICIRHIOCOICHHHIHCIIO/HORHROIOIOICIRHIOCOICHHHIHCIIO/HORHROIOIOICIRHIOCOICHHHIHCIIO/EntityPlayerSPMixin
com/moonsworth/lunar/RHIRRICCRHHHIIHHIHHOHRCHIOORCC/HORHROIOIOICIRHIOCOICHHHIHCIIO/HORHROIOIOICIRHIOCOICHHHIHCIIO/HORHROIOIOICIRHIOCOICHHHIHCIIO/HORHROIOIOICIRHIOCOICHHHIHCIIO	com/moonsworth/lunar/RHIRRICCRHHHIIHHIHHOHRCHIOORCC/HORHROIOIOICIRHIOCOICHHHIHCIIO/HORHROIOIOICIRHIOCOICHHHIHCIIO/HORHROIOIOICIRHIOCOICHHHIHCIIO/EntityClientPlayerMPMixin
com/moonsworth/lunar/RHIRRICCRHHHIIHHIHHOHRCHIOORCC/HORHROIOIOICIRHIOCOICHHHIHCIIO/HORHROIOIOICIRHIOCOICHHHIHCIIO/HRICOROOOCCOCOROCRHHCRRIRCOICO/HHRROIIHRRICIIHIIHICRHHRHOHHOO	com/moonsworth/lunar/RHIRRICCRHHHIIHHIHHOHRCHIOORCC/HORHROIOIOICIRHIOCOICHHHIHCIIO/HORHROIOIOICIRHIOCOICHHHIHCIIO/HRICOROOOCCOCOROCRHHCRRIRCOICO/TessellatorMixin
com/moonsworth/lunar/RHIRRICCRHHHIIHHIHHOHRCHIOORCC/HORHROIOIOICIRHIOCOICHHHIHCIIO/HORHROIOIOICIRHIOCOICHHHIHCIIO/HRICOROOOCCOCOROCRHHCRRIRCOICO/HORHROIOIOICIRHIOCOICHHHIHCIIO/HHRROIIHRRICIIHIIHICRHHRHOHHOO	com/moonsworth/lunar/RHIRRICCRHHHIIHHIHHOHRCHIOORCC/HORHROIOIOICIRHIOCOICHHHIHCIIO/HORHROIOIOICIRHIOCOICHHHIHCIIO/HRICOROOOCCOCOROCRHHCRRIRCOICO/HORHROIOIOICIRHIOCOICHHHIHCIIO/RendererLivingEntityMixin
com/moonsworth/lunar/RHIRRICCRHHHIIHHIHHOHRCHIOORCC/HORHROIOIOICIRHIOCOICHHHIHCIIO/HORHROIOIOICIRHIOCOICHHHIHCIIO/HRICOROOOCCOCOROCRHHCRRIRCOICO/HORHROIOIOICIRHIOCOICHHHIHCIIO/HORHROIOIOICIRHIOCOICHHHIHCIIO	com/moonsworth/lunar/RHIRRICCRHHHIIHHIHHOHRCHIOORCC/HORHROIOIOICIRHIOCOICHHHIHCIIO/HORHROIOIOICIRHIOCOICHHHIHCIIO/HRICOROOOCCOCOROCRHHCRRIRCOICO/HORHROIOIOICIRHIOCOICHHHIHCIIO/RenderBipedMixin
com/moonsworth/lunar/RHIRRICCRHHHIIHHIHHOHRCHIOORCC/HORHROIOIOICIRHIOCOICHHHIHCIIO/HORHROIOIOICIRHIOCOICHHHIHCIIO/HRICOROOOCCOCOROCRHHCRRIRCOICO/HORHROIOIOICIRHIOCOICHHHIHCIIO_	com/moonsworth/lunar/RHIRRICCRHHHIIHHIHHOHRCHIOORCC/HORHROIOIOICIRHIOCOICHHHIHCIIO/HORHROIOIOICIRHIOCOICHHHIHCIIO/HRICOROOOCCOCOROCRHHCRRIRCOICO/OpenGlHelperMixin
com/moonsworth/lunar/RHIRRICCRHHHIIHHIHHOHRCHIOORCC/HORHROIOIOICIRHIOCOICHHHIHCIIO/HORHROIOIOICIRHIOCOICHHHIHCIIO_	com/moonsworth/lunar/RHIRRICCRHHHIIHHIHHOHRCHIOORCC/HORHROIOIOICIRHIOCOICHHHIHCIIO/Vector3iMixin
com/moonsworth/lunar/RHIRRICCRHHHIIHHIHHOHRCHIOORCC/HORHROIOIOICIRHIOCOICHHHIHCIIO/HRICOROOOCCOCOROCRHHCRRIRCOICO/HORHROIOIOICIRHIOCOICHHHIHCIIO	com/moonsworth/lunar/RHIRRICCRHHHIIHHIHHOHRCHIOORCC/HORHROIOIOICIRHIOCOICHHHIHCIIO/HRICOROOOCCOCOROCRHHCRRIRCOICO/MobSpawnerBaseLogicMixin
com/moonsworth/lunar/RHIRRICCRHHHIIHHIHHOHRCHIOORCC/HORHROIOIOICIRHIOCOICHHHIHCIIO/ICRHORIIHOHROHOHOCOOHOOCOORRHO/HHRROIIHRRICIIHIIHICRHHRHOHHOO/HORHROIOIOICIRHIOCOICHHHIHCIIO	com/moonsworth/lunar/RHIRRICCRHHHIIHHIHHOHRCHIOORCC/HORHROIOIOICIRHIOCOICHHHIHCIIO/ICRHORIIHOHROHOHOCOOHOOCOORRHO/HHRROIIHRRICIIHIIHICRHHRHOHHOO/ChunkMixin
com/moonsworth/lunar/RHIRRICCRHHHIIHHIHHOHRCHIOORCC/HORHROIOIOICIRHIOCOICHHHIHCIIO/ICRHORIIHOHROHOHOCOOHOOCOORRHO/HORHROIOIOICIRHIOCOICHHHIHCIIO/HORHROIOIOICIRHIOCOICHHHIHCIIO	com/moonsworth/lunar/RHIRRICCRHHHIIHHIHHOHRCHIOORCC/HORHROIOIOICIRHIOCOICHHHIHCIIO/ICRHORIIHOHROHOHOCOOHOOCOORRHO/HORHROIOIOICIRHIOCOICHHHIHCIIO/BiomeGenBaseMixin
com/moonsworth/lunar/RHIRRICCRHHHIIHHIHHOHRCHIOORCC/HORHROIOIOICIRHIOCOICHHHIHCIIO/ICRHORIIHOHROHOHOCOOHOOCOORRHO/HORHROIOIOICIRHIOCOICHHHIHCIIO_	com/moonsworth/lunar/RHIRRICCRHHHIIHHIHHOHRCHIOORCC/HORHROIOIOICIRHIOCOICHHHIHCIIO/ICRHORIIHOHROHOHOCOOHOOCOORRHO/WorldMixin
com/moonsworth/lunar/client/CCROIHHHCOCHHOHORCIRHOCRROIOCI/OHROCHICOIOICHOCRROORRCIIICIHO/HHRROIIHRRICIIHIIHICRHHRHOHHOO/HORHROIOIOICIRHIOCOICHHHIHCIIO	com/moonsworth/lunar/client/CCROIHHHCOCHHOHORCIRHOCRROIOCI/OHROCHICOIOICHOCRROORRCIIICIHO/HHRROIIHRRICIIHIIHICRHHRHOHHOO/ServerCommandConfig
com/moonsworth/lunar/client/CCROIHHHCOCHHOHORCIRHOCRROIOCI/OHROCHICOIOICHOCRROORRCIIICIHO/HORHROIOIOICIRHIOCOICHHHIHCIIO/HORHROIOIOICIRHIOCOICHHHIHCIIO	com/moonsworth/lunar/client/CCROIHHHCOCHHOHORCIRHOCRROIOCI/OHROCHICOIOICHOCRROORRCIIICIHO/HORHROIOIOICIRHIOCOICHHHIHCIIO/ServerBorders
com/moonsworth/lunar/client/CCROIHHHCOCHHOHORCIRHOCRROIOCI/OHROCHICOIOICHOCRROORRCIIICIHO/HRICOROOOCCOCOROCRHHCRRIRCOICO/HHRROIIHRRICIIHIIHICRHHRHOHHOO	com/moonsworth/lunar/client/CCROIHHHCOCHHOHORCIRHOCRROIOCI/OHROCHICOIOICHOCRROORRCIIICIHO/HRICOROOOCCOCOROCRHHCRRIRCOICO/ServerHolograms
com/moonsworth/lunar/client/CCROIHHHCOCHHOHORCIRHOCRROIOCI/OHROCHICOIOICHOCRROORRCIIICIHO/ICRHORIIHOHROHOHOCOOHOOCOORRHO/HORHROIOIOICIRHIOCOICHHHIHCIIO	com/moonsworth/lunar/client/CCROIHHHCOCHHOHORCIRHOCRROIOCI/OHROCHICOIOICHOCRROORRCIIICIHO/ICRHORIIHOHROHOHOCOOHOOCOORRHO/ServerCustomNameplate
com/moonsworth/lunar/client/CCROIHHHCOCHHOHORCIRHOCRROIOCI/RCIOICOHRIOIIRRRROCRHCIICRROHO/CCHIHOHCICHCRCCCHRIIOHHIICCCIO/HHRROIIHRRICIIHIIHICRHHRHOHHOO	com/moonsworth/lunar/client/CCROIHHHCOCHHOHORCIRHOCRROIOCI/RCIOICOHRIOIIRRRROCRHCIICRROHO/CCHIHOHCICHCRCCCHRIIOHHIICCCIO/ItemTracker
com/moonsworth/lunar/client/CCROIHHHCOCHHOHORCIRHOCRROIOCI/RCIOICOHRIOIIRRRROCRHCIICRROHO/CCHOHROIOHHCCCOCIIOIRCHRROHHRC/HORHROIOIOICIRHIOCOICHHHIHCIIO	com/moonsworth/lunar/client/CCROIHHHCOCHHOHORCIRHOCRROIOCI/RCIOICOHRIOIIRRRROCRHCIICRROHO/CCHOHROIOHHCCCOCIIOIRCHRROHHRC/HorseStats
com/moonsworth/lunar/client/CCROIHHHCOCHHOHORCIRHOCRROIOCI/RCIOICOHRIOIIRRRROCRHCIICRROHO/CCOIRCORCORHORHHIORHOIHOHRCICH/HORHROIOIOICIRHIOCOICHHHIHCIIO	com/moonsworth/lunar/client/CCROIHHHCOCHHOHORCIRHOCRROIOCI/RCIOICOHRIOIIRRRROCRHCIICRROHO/CCOIRCORCORHORHHIORHOIHOHRCICH/Zoom
com/moonsworth/lunar/client/CCROIHHHCOCHHOHORCIRHOCRROIOCI/RCIOICOHRIOIIRRRROCRHCIICRROHO/CCROIHHHCOCHHOHORCIRHOCRROIOCI/HORHROIOIOICIRHIOCOICHHHIHCIIO	com/moonsworth/lunar/client/CCROIHHHCOCHHOHORCIRHOCRROIOCI/RCIOICOHRIOIIRRRROCRHCIICRROHO/CCROIHHHCOCHHOHORCIRHOCRROIOCI/ColorSaturation
com/moonsworth/lunar/client/CCROIHHHCOCHHOHORCIRHOCRROIOCI/RCIOICOHRIOIIRRRROCRHCIICRROHO/CHIRIORIIRHHHHCIIHOHCHIIORCOHH/HORHROIOIOICIRHIOCOICHHHIHCIIO	com/moonsworth/lunar/client/CCROIHHHCOCHHOHORCIRHOCRROIOCI/RCIOICOHRIOIIRRRROCRHCIICRROHO/CHIRIORIIRHHHHCIIHOHCHIIORCOHH/Memory
com/moonsworth/lunar/client/CCROIHHHCOCHHOHORCIRHOCRROIOCI/RCIOICOHRIOIIRRRROCRHCIICRROHO/CHOHRRHCHHCHCOOCICOCORRHRIICIH/HORHROIOIOICIRHIOCOICHHHIHCIIO	com/moonsworth/lunar/client/CCROIHHHCOCHHOHORCIRHOCRROIOCI/RCIOICOHRIOIIRRRROCRHCIICRROHO/CHOHRRHCHHCHCOOCICOCORRHRIICIH/AutoTextActions
com/moonsworth/lunar/client/CCROIHHHCOCHHOHORCIRHOCRROIOCI/RCIOICOHRIOIIRRRROCRHCIICRROHO/CHRIHRCRCIOIHIROIHROCHHHCOICOI/HHRROIIHRRICIIHIIHICRHHRHOHHOO	com/moonsworth/lunar/client/CCROIHHHCOCHHOHORCIRHOCRROIOCI/RCIOICOHRIOIIRRRROCRHCIICRROHO/CHRIHRCRCIOIHIROIHROCHHHCOICOI/ShaderPackDisplay
com/moonsworth/lunar/client/CCROIHHHCOCHHOHORCIRHOCRROIOCI/RCIOICOHRIOIIRRRROCRHCIICRROHO/CHRIHRCRCIOIHIROIHROCHHHCOICOI/HORHROIOIOICIRHIOCOICHHHIHCIIO	com/moonsworth/lunar/client/CCROIHHHCOCHHOHORCIRHOCRROIOCI/RCIOICOHRIOIIRRRROCRHCIICRROHO/CHRIHRCRCIOIHIROIHROCHHHCOICOI/PackDisplay
com/moonsworth/lunar/client/CCROIHHHCOCHHOHORCIRHOCRROIOCI/RCIOICOHRIOIIRRRROCRHCIICRROHO/CICORRHIOIIOORRRICCORIOIOCIHII/HORHROIOIOICIRHIOCOICHHHIHCIIO	com/moonsworth/lunar/client/CCROIHHHCOCHHOHORCIRHOCRROIOCI/RCIOICOHRIOIIRRRROCRHCIICRROHO/CICORRHIOIIOORRRICCORIOIOCIHII/HurtCam
com/moonsworth/lunar/client/CCROIHHHCOCHHOHORCIRHOCRROIOCI/RCIOICOHRIOIIRRRROCRHCIICRROHO/COIOHCORCRCOHRROIIIOIHRIOOCIRC/HORHROIOIOICIRHIOCOICHHHIHCIIO	com/moonsworth/lunar/client/CCROIHHHCOCHHOHORCIRHOCRROIOCI/RCIOICOHRIOIIRRRROCRHCIICRROHO/COIOHCORCRCOHRROIIIOIHRIOOCIRC/Snaplook
com/moonsworth/lunar/client/CCROIHHHCOCHHOHORCIRHOCRROIOCI/RCIOICOHRIOIIRRRROCRHCIICRROHO/CORRCOHCRHOHHOIHOIOICORROHOOOO/HHRROIIHRRICIIHIIHICRHHRHOHHOO	com/moonsworth/lunar/client/CCROIHHHCOCHHOHORCIRHOCRROIOCI/RCIOICOHRIOIIRRRROCRHCIICRROHO/CORRCOHCRHOHHOIHOIOICORROHOOOO/Freelook
com/moonsworth/lunar/client/CCROIHHHCOCHHOHORCIRHOCRROIOCI/RCIOICOHRIOIIRRRROCRHCIICRROHO/HCCIHCROHHCOOHCHCHHHICIOROHICC/HORHROIOIOICIRHIOCOICHHHIHCIIO	com/moonsworth/lunar/client/CCROIHHHCOCHHOHORCIRHOCRROIOCI/RCIOICOHRIOIIRRRROCRHCIICRROHO/HCCIHCROHHCOOHCHCHHHICIOROHICC/Lighting
com/moonsworth/lunar/client/CCROIHHHCOCHHOHORCIRHOCRROIOCI/RCIOICOHRIOIIRRRROCRHCIICRROHO/HCCRIIRHHCCRCCRORCCOHCIIRCOCOO/HORHROIOIOICIRHIOCOICHHHIHCIIO	com/moonsworth/lunar/client/CCROIHHHCOCHHOHORCIRHOCRROIOCI/RCIOICOHRIOIIRRRROCRHCIICRROHO/HCCRIIRHHCCRCCRORCCOHCIIRCOCOO/Playtime
com/moonsworth/lunar/client/CCROIHHHCOCHHOHORCIRHOCRROIOCI/RCIOICOHRIOIIRRRROCRHCIICRROHO/HCHHRHHCRIIORRRICOOCCOCHIRRRRR/HORHROIOIOICIRHIOCOICHHHIHCIIO	com/moonsworth/lunar/client/CCROIHHHCOCHHOHORCIRHOCRROIOCI/RCIOICOHRIOIIRRRROCRHCIICRROHO/HCHHRHHCRIIORRRICOOCCOCHIRRRRR/Fov
com/moonsworth/lunar/client/CCROIHHHCOCHHOHORCIRHOCRROIOCI/RCIOICOHRIOIIRRRROCRHCIICRROHO/HCROHRCRRCRCIRIOOOHHIRORHCCHCR/HORHROIOIOICIRHIOCOICHHHIHCIIO	com/moonsworth/lunar/client/CCROIHHHCOCHHOHORCIRHOCRROIOCI/RCIOICOHRIOIIRRRROCRHCIICRROHO/HCROHRCRRCRCIRIOOOHHIRORHCCHCR/PackOrganizer
com/moonsworth/lunar/client/CCROIHHHCOCHHOHORCIRHOCRROIOCI/RCIOICOHRIOIIRRRROCRHCIICRROHO/HHHROHCHIOHICCIHRCHCOIHRHHRORR/HORHROIOIOICIRHIOCOICHHHIHCIIO	com/moonsworth/lunar/client/CCROIHHHCOCHHOHORCIRHOCRROIOCI/RCIOICOHRIOIIRRRROCRHCIICRROHO/HHHROHCHIOHICCIHRCHCOIHRHHRORR/MotionBlur
com/moonsworth/lunar/client/CCROIHHHCOCHHOHORCIRHOCRROIOCI/RCIOICOHRIOIIRRRROCRHCIICRROHO/HHRROIIHRRICIIHIIHICRHHRHOHHOO/HORHROIOIOICIRHIOCOICHHHIHCIIO/HHRROIIHRRICIIHIIHICRHHRHOHHOO	com/moonsworth/lunar/client/CCROIHHHCOCHHOHORCIRHOCRROIOCI/RCIOICOHRIOIIRRRROCRHCIICRROHO/HHRROIIHRRICIIHIIHICRHHRHOHHOO/HORHROIOIOICIRHIOCOICHHHIHCIIO/ArmorstatusBarsChild
com/moonsworth/lunar/client/CCROIHHHCOCHHOHORCIRHOCRROIOCI/RCIOICOHRIOIIRRRROCRHCIICRROHO/HHRROIIHRRICIIHIIHICRHHRHOHHOO/HORHROIOIOICIRHIOCOICHHHIHCIIO_	com/moonsworth/lunar/client/CCROIHHHCOCHHOHORCIRHOCRROIOCI/RCIOICOHRIOIIRRRROCRHCIICRROHO/HHRROIIHRRICIIHIIHICRHHRHOHHOO/Armorstatus
com/moonsworth/lunar/client/CCROIHHHCOCHHOHORCIRHOCRROIOCI/RCIOICOHRIOIIRRRROCRHCIICRROHO/HHRROIIHRRICIIHIIHICRHHRHOHHOO/HRICOROOOCCOCOROCRHHCRRIRCOICO/HORHROIOIOICIRHIOCOICHHHIHCIIO	com/moonsworth/lunar/client/CCROIHHHCOCHHOHORCIRHOCRROIOCI/RCIOICOHRIOIIRRRROCRHCIICRROHO/HHRROIIHRRICIIHIIHICRHHRHOHHOO/HRICOROOOCCOCOROCRHHCRRIRCOICO/ArmorstatusProtectionChild
com/moonsworth/lunar/client/CCROIHHHCOCHHOHORCIRHOCRROIOCI/RCIOICOHRIOIIRRRROCRHCIICRROHO/HICCRORORCRIHCORCCIORIOROORIHR/HORHROIOIOICIRHIOCOICHHHIHCIIO	com/moonsworth/lunar/client/CCROIHHHCOCHHOHORCIRHOCRROIOCI/RCIOICOHRIOIIRRRROCRHCIICRROHO/HICCRORORCRIHCORCCIORIOROORIHR/Fog
com/moonsworth/lunar/client/CCROIHHHCOCHHOHORCIRHOCRROIOCI/RCIOICOHRIOIIRRRROCRHCIICRROHO/HIIIOHRRROCICIOIORRRIRCRCHHIII/HORHROIOIOICIRHIOCOICHHHIHCIIO	com/moonsworth/lunar/client/CCROIHHHCOCHHOHORCIRHOCRROIOCI/RCIOICOHRIOIIRRRROCRHCIICRROHO/HIIIOHRRROCICIOIORRRIRCRCHHIII/Shields
com/moonsworth/lunar/client/CCROIHHHCOCHHOHORCIRHOCRROIOCI/RCIOICOHRIOIIRRRROCRHCIICRROHO/HIIOIOORCIICIRROCCRIOHRHOOIRCR/ORCHOHHCOHCORRICRIHCHHRORHHCHH	com/moonsworth/lunar/client/CCROIHHHCOCHHOHORCIRHOCRROIOCI/RCIOICOHRIOIIRRRROCRHCIICRROHO/HIIOIOORCIICIRROCCRIOHRHOOIRCR/PotionEffects
com/moonsworth/lunar/client/CCROIHHHCOCHHOHORCIRHOCRROIOCI/RCIOICOHRIOIIRRRROCRHCIICRROHO/HIOCORCOCHIOHHCIROHIIRRHRHOIHO/HHRROIIHRRICIIHIIHICRHHRHOHHOO	com/moonsworth/lunar/client/CCROIHHHCOCHHOHORCIRHOCRROIOCI/RCIOICOHRIOIIRRRROCRHCIICRROHO/HIOCORCOCHIOHHCIROHIIRRHRHOIHO/ScrollableTooltips
com/moonsworth/lunar/client/CCROIHHHCOCHHOHORCIRHOCRROIOCI/RCIOICOHRIOIIRRRROCRHCIICRROHO/HIOROOCORHICHIRIHIRCCORCIIICCH/ICRHORIIHOHROHOHOCOOHOOCOORRHO	com/moonsworth/lunar/client/CCROIHHHCOCHHOHORCIRHOCRROIOCI/RCIOICOHRIOIIRRRROCRHCIICRROHO/HIOROOCORHICHIRIHIRCCORCIIICCH/Coordinates
com/moonsworth/lunar/client/CCROIHHHCOCHHOHORCIRHOCRROIOCI/RCIOICOHRIOIIRRRROCRHCIICRROHO/HIRHCCHIRHRORIICOIHIHCICOIRHHC/HORHROIOIOICIRHIOCOICHHHIHCIIO	com/moonsworth/lunar/client/CCROIHHHCOCHHOHORCIRHOCRROIOCI/RCIOICOHRIOIIRRRROCRHCIICRROHO/HIRHCCHIRHRORIICOIHIHCICOIRHHC/Hitbox
com/moonsworth/lunar/client/CCROIHHHCOCHHOHORCIRHOCRROIOCI/RCIOICOHRIOIIRRRROCRHCIICRROHO/HIRIHCROOIRIORCCOIRRCRHOHCCRRO/ICRHORIIHOHROHOHOCOOHOOCOORRHO	com/moonsworth/lunar/client/CCROIHHHCOCHHOHORCIRHOCRROIOCI/RCIOICOHRIOIIRRRROCRHCIICRROHO/HIRIHCROOIRIORCCOIRRCRHOHCCRRO/Markers
com/moonsworth/lunar/client/CCROIHHHCOCHHOHORCIRHOCRROIOCI/RCIOICOHRIOIIRRRROCRHCIICRROHO/HOCCRCCRCHROIICOOHOHRIICRHCOHR/HORHROIOIOICIRHIOCOICHHHIHCIIO	com/moonsworth/lunar/client/CCROIHHHCOCHHOHORCIRHOCRROIOCI/RCIOICOHRIOIIRRRROCRHCIICRROHO/HOCCRCCRCHROIICOOHOHRIICRHCOHR/ItemPhysics
com/moonsworth/lunar/client/CCROIHHHCOCHHOHORCIRHOCRROIOCI/RCIOICOHRIOIIRRRROCRHCIICRROHO/HOCHIRROHIHIHIIHRHOHIOOIRHHCIC/HHRROIIHRRICIIHIIHICRHHRHOHHOO	com/moonsworth/lunar/client/CCROIHHHCOCHHOHORCIRHOCRROIOCI/RCIOICOHRIOIIRRRROCRHCIICRROHO/HOCHIRROHIHIHIIHRHOHIOOIRHHCIC/Titles
com/moonsworth/lunar/client/CCROIHHHCOCHHOHORCIRHOCRROIOCI/RCIOICOHRIOIIRRRROCRHCIICRROHO/HOIHIOIROHORRROCIHRHROHIHIHOCO/HORHROIOIOICIRHIOCOICHHHIHCIIO/CCROIHHHCOCHHOHORCIRHOCRROIOCI/HHRROIIHRRICIIHIIHICRHHRHOHHOO	com/moonsworth/lunar/client/CCROIHHHCOCHHOHORCIRHOCRROIOCI/RCIOICOHRIOIIRRRROCRHCIICRROHO/HOIHIOIROHORRROCIHRHROHIHIHOCO/HORHROIOIOICIRHIOCOICHHHIHCIIO/CCROIHHHCOCHHOHORCIRHOCRROIOCI/SkyblockForagingBeaconSolver
com/moonsworth/lunar/client/CCROIHHHCOCHHOHORCIRHOCRROIOCI/RCIOICOHRIOIIRRRROCRHCIICRROHO/HOIHIOIROHORRROCIHRHROHIHIHOCO/HORHROIOIOICIRHIOCOICHHHIHCIIO/CCROIHHHCOCHHOHORCIRHOCRROIOCI/HORHROIOIOICIRHIOCOICHHHIHCIIO_	com/moonsworth/lunar/client/CCROIHHHCOCHHOHORCIRHOCRROIOCI/RCIOICOHRIOIIRRRROCRHCIICRROHO/HOIHIOIROHORRROCIHRHROHIHIHOCO/HORHROIOIOICIRHIOCOICHHHIHCIIO/CCROIHHHCOCHHOHORCIRHOCRROIOCI/SkyblockCaughtCrittersHud
com/moonsworth/lunar/client/CCROIHHHCOCHHOHORCIRHOCRROIOCI/RCIOICOHRIOIIRRRROCRHCIICRROHO/HOIHIOIROHORRROCIHRHROHIHIHOCO/HORHROIOIOICIRHIOCOICHHHIHCIIO/CCROIHHHCOCHHOHORCIRHOCRROIOCI/HRICOROOOCCOCOROCRHHCRRIRCOICO	com/moonsworth/lunar/client/CCROIHHHCOCHHOHORCIRHOCRROIOCI/RCIOICOHRIOIIRRRROCRHCIICRROHO/HOIHIOIROHORRROCIHRHROHIHIHOCO/HORHROIOIOICIRHIOCOICHHHIHCIIO/CCROIHHHCOCHHOHORCIRHOCRROIOCI/SkyblockLassoHelper
com/moonsworth/lunar/client/CCROIHHHCOCHHOHORCIRHOCRROIOCI/RCIOICOHRIOIIRRRROCRHCIICRROHO/HOIHIOIROHORRROCIHRHROHIHIHOCO/HORHROIOIOICIRHIOCOICHHHIHCIIO/CCROIHHHCOCHHOHORCIRHOCRROIOCI/ICRHORIIHOHROHOHOCOOHOOCOORRHO	com/moonsworth/lunar/client/CCROIHHHCOCHHOHORCIRHOCRROIOCI/RCIOICOHRIOIIRRRROCRHCIICRROHO/HOIHIOIROHORRROCIHRHROHIHIHOCO/HORHROIOIOICIRHIOCOICHHHIHCIIO/CCROIHHHCOCHHOHORCIRHOCRROIOCI/SkyblockGalateaMobHighlight
com/moonsworth/lunar/client/CCROIHHHCOCHHOHORCIRHOCRROIOCI/RCIOICOHRIOIIRRRROCRHCIICRROHO/HOIHIOIROHORRROCIHRHROHIHIHOCO/HORHROIOIOICIRHIOCOICHHHIHCIIO/CCROIHHHCOCHHOHORCIRHOCRROIOCI/OHROCHICOIOICHOCRROORRCIIICIHO	com/moonsworth/lunar/client/CCROIHHHCOCHHOHORCIRHOCRROIOCI/RCIOICOHRIOIIRRRROCRHCIICRROHO/HOIHIOIROHORRROCIHRHROHIHIHOCO/HORHROIOIOICIRHIOCOICHHHIHCIIO/CCROIHHHCOCHHOHORCIRHOCRROIOCI/SkyblockRainbowBellWaypoints
com/moonsworth/lunar/client/CCROIHHHCOCHHOHORCIRHOCRROIOCI/RCIOICOHRIOIIRRRROCRHCIICRROHO/HOIHIOIROHORRROCIHRHROHIHIHOCO/HORHROIOIOICIRHIOCOICHHHIHCIIO/CCROIHHHCOCHHOHORCIRHOCRROIOCI/ORCHOHHCOHCORRICRIHCHHRORHHCHH	com/moonsworth/lunar/client/CCROIHHHCOCHHOHORCIRHOCRROIOCI/RCIOICOHRIOIIRRRROCRHCIICRROHO/HOIHIOIROHORRROCIHRHROHIHIHOCO/HORHROIOIOICIRHIOCOICHHHIHCIIO/CCROIHHHCOCHHOHORCIRHOCRROIOCI/SkyblockSparklingCritterAlert
com/moonsworth/lunar/client/CCROIHHHCOCHHOHORCIRHOCRROIOCI/RCIOICOHRIOIIRRRROCRHCIICRROHO/HOIHIOIROHORRROCIHRHROHIHIHOCO/HORHROIOIOICIRHIOCOICHHHIHCIIO/CCROIHHHCOCHHOHORCIRHOCRROIOCI/ORICHRORRORHORHOIHCRHOORCRRHOI	com/moonsworth/lunar/client/CCROIHHHCOCHHOHORCIRHOCRROIOCI/RCIOICOHRIOIIRRRROCRHCIICRROHO/HOIHIOIROHORRROCIHRHROHIHIHOCO/HORHROIOIOICIRHIOCOICHHHIHCIIO/CCROIHHHCOCHHOHORCIRHOCRROIOCI/SkyblockWhisperTrackerHud
com/moonsworth/lunar/client/CCROIHHHCOCHHOHORCIRHOCRROIOCI/RCIOICOHRIOIIRRRROCRHCIICRROHO/HOIHIOIROHORRROCIHRHROHIHIHOCO/HORHROIOIOICIRHIOCOICHHHIHCIIO/CCROIHHHCOCHHOHORCIRHOCRROIOCI/RCIOICOHRIOIIRRRROCRHCIICRROHO	com/moonsworth/lunar/client/CCROIHHHCOCHHOHORCIRHOCRROIOCI/RCIOICOHRIOIIRRRROCRHCIICRROHO/HOIHIOIROHORRROCIHRHROHIHIHOCO/HORHROIOIOICIRHIOCOICHHHIHCIIO/CCROIHHHCOCHHOHORCIRHOCRROIOCI/SkyblockMuteBeeheemothSounds
com/moonsworth/lunar/client/CCROIHHHCOCHHOHORCIRHOCRROIOCI/RCIOICOHRIOIIRRRROCRHCIICRROHO/HOIHIOIROHORRROCIHRHROHIHIHOCO/HORHROIOIOICIRHIOCOICHHHIHCIIO/HHRROIIHRRICIIHIIHICRHHRHOHHOO/CCROIHHHCOCHHOHORCIRHOCRROIOCI	com/moonsworth/lunar/client/CCROIHHHCOCHHOHORCIRHOCRROIOCI/RCIOICOHRIOIIRRRROCRHCIICRROHO/HOIHIOIROHORRROCIHRHROHIHIHOCO/HORHROIOIOICIRHIOCOICHHHIHCIIO/HHRROIIHRRICIIHIIHICRHHRHOHHOO/SkyblockGoldenRabbit
com/moonsworth/lunar/client/CCROIHHHCOCHHOHORCIRHOCRROIOCI/RCIOICOHRIOIIRRRROCRHCIICRROHO/HOIHIOIROHORRROCIHRHROHIHIHOCO/HORHROIOIOICIRHIOCOICHHHIHCIIO/HHRROIIHRRICIIHIIHICRHHRHOHHOO/HHRROIIHRRICIIHIIHICRHHRHOHHOO	com/moonsworth/lunar/client/CCROIHHHCOCHHOHORCIRHOCRROIOCI/RCIOICOHRIOIIRRRROCRHCIICRROHO/HOIHIOIROHORRROCIHRHROHIHIHOCO/HORHROIOIOICIRHIOCOICHHHIHCIIO/HHRROIIHRRICIIHIIHICRHHRHOHHOO/SkyblockBestRabbit
com/moonsworth/lunar/client/CCROIHHHCOCHHOHORCIRHOCRROIOCI/RCIOICOHRIOIIRRRROCRHCIICRROHO/HOIHIOIROHORRROCIHRHROHIHIHOCO/HORHROIOIOICIRHIOCOICHHHIHCIIO/HHRROIIHRRICIIHIIHICRHHRHOHHOO/HIOROOCORHICHIRIHIRCCORCIIICCH	com/moonsworth/lunar/client/CCROIHHHCOCHHOHORCIRHOCRROIOCI/RCIOICOHRIOIIRRRROCRHCIICRROHO/HOIHIOIROHORRROCIHRHROHIHIHOCO/HORHROIOIOICIRHIOCOICHHHIHCIIO/HHRROIIHRRICIIHIIHICRHHRHOHHOO/SkyblockStrayRabbit
com/moonsworth/lunar/client/CCROIHHHCOCHHOHORCIRHOCRROIOCI/RCIOICOHRIOIIRRRROCRHCIICRROHO/HOIHIOIROHORRROCIHRHROHIHIHOCO/HORHROIOIOICIRHIOCOICHHHIHCIIO/HHRROIIHRRICIIHIIHICRHHRHOHHOO/HORHROIOIOICIRHIOCOICHHHIHCIIO	com/moonsworth/lunar/client/CCROIHHHCOCHHOHORCIRHOCRROIOCI/RCIOICOHRIOIIRRRROCRHCIICRROHO/HOIHIOIROHORRROCIHRHROHIHIHOCO/HORHROIOIOICIRHIOCOICHHHIHCIIO/HHRROIIHRRICIIHIIHICRHHRHOHHOO/SkyblockAffordableRabbit
com/moonsworth/lunar/client/CCROIHHHCOCHHOHORCIRHOCRROIOCI/RCIOICOHRIOIIRRRROCRHCIICRROHO/HOIHIOIROHORRROCIHRHROHIHIHOCO/HORHROIOIOICIRHIOCOICHHHIHCIIO/HHRROIIHRRICIIHIIHICRHHRHOHHOO/HRICOROOOCCOCOROCRHHCRRIRCOICO	com/moonsworth/lunar/client/CCROIHHHCOCHHOHORCIRHOCRROIOCI/RCIOICOHRIOIIRRRROCRHCIICRROHO/HOIHIOIROHORRROCIHRHROHIHIHOCO/HORHROIOIOICIRHIOCOICHHHIHCIIO/HHRROIIHRRICIIHIIHICRHHRHOHHOO/SkyblockChocolateFactory
com/moonsworth/lunar/client/CCROIHHHCOCHHOHORCIRHOCRROIOCI/RCIOICOHRIOIIRRRROCRHCIICRROHO/HOIHIOIROHORRROCIHRHROHIHIHOCO/HORHROIOIOICIRHIOCOICHHHIHCIIO/HHRROIIHRRICIIHIIHICRHHRHOHHOO/HROHOIOCHIRIHICOORIHOHCIOIRIIH	com/moonsworth/lunar/client/CCROIHHHCOCHHOHORCIRHOCRROIOCI/RCIOICOHRIOIIRRRROCRHCIICRROHO/HOIHIOIROHORRROCIHRHROHIHIHOCO/HORHROIOIOICIRHIOCOICHHHIHCIIO/HHRROIIHRRICIIHIIHICRHHRHOHHOO/SkyblockExtraPurchaseStats
com/moonsworth/lunar/client/CCROIHHHCOCHHOHORCIRHOCRROIOCI/RCIOICOHRIOIIRRRROCRHCIICRROHO/HOIHIOIROHORRROCIHRHROHIHIHOCO/HORHROIOIOICIRHIOCOICHHHIHCIIO/HHRROIIHRRICIIHIIHICRHHRHOHHOO/ICRHORIIHOHROHOHOCOOHOOCOORRHO	com/moonsworth/lunar/client/CCROIHHHCOCHHOHORCIRHOCRROIOCI/RCIOICOHRIOIIRRRROCRHCIICRROHO/HOIHIOIROHORRROCIHRHROHIHIHOCO/HORHROIOIOICIRHIOCOICHHHIHCIIO/HHRROIIHRRICIIHIIHICRHHRHOHHOO/SkyblockHoppityEggHud
com/moonsworth/lunar/client/CCROIHHHCOCHHOHORCIRHOCRROIOCI/RCIOICOHRIOIIRRRROCRHCIICRROHO/HOIHIOIROHORRROCIHRHROHIHIHOCO/HORHROIOIOICIRHIOCOICHHHIHCIIO/HHRROIIHRRICIIHIIHICRHHRHOHHOO/OHOOORICRHIIIIRHCICICOCHROICRC	com/moonsworth/lunar/client/CCROIHHHCOCHHOHORCIRHOCRROIOCI/RCIOICOHRIOIIRRRROCRHCIICRROHO/HOIHIOIROHORRROCIHRHROHIHIHOCO/HORHROIOIOICIRHIOCOICHHHIHCIIO/HHRROIIHRRICIIHIIHICRHHRHOHHOO/SkyblockRabbitCollectionOverlay
com/moonsworth/lunar/client/CCROIHHHCOCHHOHORCIRHOCRROIOCI/RCIOICOHRIOIIRRRROCRHCIICRROHO/HOIHIOIROHORRROCIHRHROHIHIHOCO/HORHROIOIOICIRHIOCOICHHHIHCIIO/HHRROIIHRRICIIHIIHICRHHRHOHHOO/OHROCHICOIOICHOCRROORRCIIICIHO	com/moonsworth/lunar/client/CCROIHHHCOCHHOHORCIRHOCRROIOCI/RCIOICOHRIOIIRRRROCRHCIICRROHO/HOIHIOIROHORRROCIHRHROHIHIHOCO/HORHROIOIOICIRHIOCOICHHHIHCIIO/HHRROIIHRRICIIHIIHICRHHRHOHHOO/SkyblockChocolateStats
com/moonsworth/lunar/client/CCROIHHHCOCHHOHORCIRHOCRROIOCI/RCIOICOHRIOIIRRRROCRHCIICRROHO/HOIHIOIROHORRROCIHRHROHIHIHOCO/HORHROIOIOICIRHIOCOICHHHIHCIIO/HHRROIIHRRICIIHIIHICRHHRHOHHOO/OIRIOIIIRICICCHORICRRIRROHCRIC	com/moonsworth/lunar/client/CCROIHHHCOCHHOHORCIRHOCRROIOCI/RCIOICOHRIOIIRRRROCRHCIICRROHO/HOIHIOIROHORRROCIHRHROHIHIHOCO/HORHROIOIOICIRHIOCOICHHHIHCIIO/HHRROIIHRRICIIHIIHICRHHRHOHHOO/SkyblockRabbitLevels
com/moonsworth/lunar/client/CCROIHHHCOCHHOHORCIRHOCRROIOCI/RCIOICOHRIOIIRRRROCRHCIICRROHO/HOIHIOIROHORRROCIHRHROHIHIHOCO/HORHROIOIOICIRHIOCOICHHHIHCIIO/HHRROIIHRRICIIHIIHICRHHRHOHHOO/ORCHOHHCOHCORRICRIHCHHRORHHCHH	com/moonsworth/lunar/client/CCROIHHHCOCHHOHORCIRHOCRROIOCI/RCIOICOHRIOIIRRRROCRHCIICRROHO/HOIHIOIROHORRROCIHRHROHIHIHOCO/HORHROIOIOICIRHIOCOICHHHIHCIIO/HHRROIIHRRICIIHIIHICRHHRHOHHOO/SkyblockEggLocator
com/moonsworth/lunar/client/CCROIHHHCOCHHOHORCIRHOCRROIOCI/RCIOICOHRIOIIRRRROCRHCIICRROHO/HOIHIOIROHORRROCIHRHROHIHIHOCO/HORHROIOIOICIRHIOCOICHHHIHCIIO/HHRROIIHRRICIIHIIHICRHHRHOHHOO/ORICHRORRORHORHOIHCRHOORCRRHOI	com/moonsworth/lunar/client/CCROIHHHCOCHHOHORCIRHOCRROIOCI/RCIOICOHRIOIIRRRROCRHCIICRROHO/HOIHIOIROHORRROCIHRHROHIHIHOCO/HORHROIOIOICIRHIOCOICHHHIHCIIO/HHRROIIHRRICIIHIIHICRHHRHOHHOO/SkyblockEggWaypoints
com/moonsworth/lunar/client/CCROIHHHCOCHHOHORCIRHOCRROIOCI/RCIOICOHRIOIIRRRROCRHCIICRROHO/HOIHIOIROHORRROCIHRHROHIHIHOCO/HORHROIOIOICIRHIOCOICHHHIHCIIO/HHRROIIHRRICIIHIIHICRHHRHOHHOO/RCIOICOHRIOIIRRRROCRHCIICRROHO	com/moonsworth/lunar/client/CCROIHHHCOCHHOHORCIRHOCRROIOCI/RCIOICOHRIOIIRRRROCRHCIICRROHO/HOIHIOIROHORRROCIHRHROHIHIHOCO/HORHROIOIOICIRHIOCOICHHHIHCIIO/HHRROIIHRRICIIHIIHICRHHRHOHHOO/SkyblockChocolateShopHelper
com/moonsworth/lunar/client/CCROIHHHCOCHHOHORCIRHOCRROIOCI/RCIOICOHRIOIIRRRROCRHCIICRROHO/HOIHIOIROHORRROCIHRHROHIHIHOCO/HORHROIOIOICIRHIOCOICHHHIHCIIO/HICCRORORCRIHCORCCIORIOROORIHR/HHRROIIHRRICIIHIIHICRHHRHOHHOO	com/moonsworth/lunar/client/CCROIHHHCOCHHOHORCIRHOCRROIOCI/RCIOICOHRIOIIRRRROCRHCIICRROHO/HOIHIOIROHORRROCIHRHROHIHIHOCO/HORHROIOIOICIRHIOCOICHHHIHCIIO/HICCRORORCRIHCORCCIORIOROORIHR/SkyblockHealthHud
com/moonsworth/lunar/client/CCROIHHHCOCHHOHORCIRHOCRROIOCI/RCIOICOHRIOIIRRRROCRHCIICRROHO/HOIHIOIROHORRROCIHRHROHIHIHOCO/HORHROIOIOICIRHIOCOICHHHIHCIIO/HICCRORORCRIHCORCCIORIOROORIHR/HORHROIOIOICIRHIOCOICHHHIHCIIO	com/moonsworth/lunar/client/CCROIHHHCOCHHOHORCIRHOCRROIOCI/RCIOICOHRIOIIRRRROCRHCIICRROHO/HOIHIOIROHORRROCIHRHROHIHIHOCO/HORHROIOIOICIRHIOCOICHHHIHCIIO/HICCRORORCRIHCORCCIORIOROORIHR/SkyblockDefHud
com/moonsworth/lunar/client/CCROIHHHCOCHHOHORCIRHOCRROIOCI/RCIOICOHRIOIIRRRROCRHCIICRROHO/HOIHIOIROHORRROCIHRHROHIHIHOCO/HORHROIOIOICIRHIOCOICHHHIHCIIO/HICCRORORCRIHCORCCIORIOROORIHR/HRICOROOOCCOCOROCRHHCRRIRCOICO	com/moonsworth/lunar/client/CCROIHHHCOCHHOHORCIRHOCRROIOCI/RCIOICOHRIOIIRRRROCRHCIICRROHO/HOIHIOIROHORRROCIHRHROHIHIHOCO/HORHROIOIOICIRHIOCOICHHHIHCIIO/HICCRORORCRIHCORCCIORIOROORIHR/SkyblockKuudraArmorStacksHud
com/moonsworth/lunar/client/CCROIHHHCOCHHOHORCIRHOCRROIOCI/RCIOICOHRIOIIRRRROCRHCIICRROHO/HOIHIOIROHORRROCIHRHROHIHIHOCO/HORHROIOIOICIRHIOCOICHHHIHCIIO/HICCRORORCRIHCORCCIORIOROORIHR/ICRHORIIHOHROHOHOCOOHOOCOORRHO	com/moonsworth/lunar/client/CCROIHHHCOCHHOHORCIRHOCRROIOCI/RCIOICOHRIOIIRRRROCRHCIICRROHO/HOIHIOIROHORRROCIHRHROHIHIHOCO/HORHROIOIOICIRHIOCOICHHHIHCIIO/HICCRORORCRIHCORCCIORIOROORIHR/SkyblockManaHud
com/moonsworth/lunar/client/CCROIHHHCOCHHOHORCIRHOCRROIOCI/RCIOICOHRIOIIRRRROCRHCIICRROHO/HOIHIOIROHORRROCIHRHROHIHIHOCO/HORHROIOIOICIRHIOCOICHHHIHCIIO/HICCRORORCRIHCORCCIORIOROORIHR/ORCHOHHCOHCORRICRIHCHHRORHHCHH	com/moonsworth/lunar/client/CCROIHHHCOCHHOHORCIRHOCRROIOCI/RCIOICOHRIOIIRRRROCRHCIICRROHO/HOIHIOIROHORRROCIHRHROHIHIHOCO/HORHROIOIOICIRHIOCOICHHHIHCIIO/HICCRORORCRIHCORCCIORIOROORIHR/SkyblockVitalityHud
com/moonsworth/lunar/client/CCROIHHHCOCHHOHORCIRHOCRROIOCI/RCIOICOHRIOIIRRRROCRHCIICRROHO/HOIHIOIROHORRROCIHRHROHIHIHOCO/HORHROIOIOICIRHIOCOICHHHIHCIIO/HICCRORORCRIHCORCCIORIOROORIHR/RCIOICOHRIOIIRRRROCRHCIICRROHO	com/moonsworth/lunar/client/CCROIHHHCOCHHOHORCIRHOCRROIOCI/RCIOICOHRIOIIRRRROCRHCIICRROHO/HOIHIOIROHORRROCIHRHROHIHIHOCO/HORHROIOIOICIRHIOCOICHHHIHCIIO/HICCRORORCRIHCORCCIORIOROORIHR/SkyblockSpeedHud
com/moonsworth/lunar/client/CCROIHHHCOCHHOHORCIRHOCRROIOCI/RCIOICOHRIOIIRRRROCRHCIICRROHO/HOIHIOIROHORRROCIHRHROHIHIHOCO/HORHROIOIOICIRHIOCOICHHHIHCIIO/HIOROOCORHICHIRIHIRCCORCIIICCH/HHRROIIHRRICIIHIIHICRHHRHOHHOO	com/moonsworth/lunar/client/CCROIHHHCOCHHOHORCIRHOCRROIOCI/RCIOICOHRIOIIRRRROCRHCIICRROHO/HOIHIOIROHORRROCIHRHROHIHIHOCO/HORHROIOIOICIRHIOCOICHHHIHCIIO/HIOROOCORHICHIRIHIRCCORCIIICCH/GravityStormPreview
com/moonsworth/lunar/client/CCROIHHHCOCHHOHORCIRHOCRROIOCI/RCIOICOHRIOIIRRRROCRHCIICRROHO/HOIHIOIROHORRROCIHRHROHIHIHOCO/HORHROIOIOICIRHIOCOICHHHIHCIIO/HIOROOCORHICHIRIHIRCCORCIIICCH/HORHROIOIOICIRHIOCOICHHHIHCIIO	com/moonsworth/lunar/client/CCROIHHHCOCHHOHORCIRHOCRROIOCI/RCIOICOHRIOIIRRRROCRHCIICRROHO/HOIHIOIROHORRROCIHRHROHIHIHOCO/HORHROIOIOICIRHIOCOICHHHIHCIIO/HIOROOCORHICHIRIHIRCCORCIIICCH/EtherwarpPreview
com/moonsworth/lunar/client/CCROIHHHCOCHHOHORCIRHOCRROIOCI/RCIOICOHRIOIIRRRROCRHCIICRROHO/HOIHIOIROHORRROCIHRHROHIHIHOCO/HORHROIOIOICIRHIOCOICHHHIHCIIO/HIOROOCORHICHIRIHIRCCORCIIICCH/HRICOROOOCCOCOROCRHHCRRIRCOICO	com/moonsworth/lunar/client/CCROIHHHCOCHHOHORCIRHOCRROIOCI/RCIOICOHRIOIIRRRROCRHCIICRROHO/HOIHIOIROHORRROCIHRHROHIHIHOCO/HORHROIOIOICIRHIOCOICHHHIHCIIO/HIOROOCORHICHIRIHIRCCORCIIICCH/SkyblockSmoothTeleport
com/moonsworth/lunar/client/CCROIHHHCOCHHOHORCIRHOCRROIOCI/RCIOICOHRIOIIRRRROCRHCIICRROHO/HOIHIOIROHORRROCIHRHROHIHIHOCO/HORHROIOIOICIRHIOCOICHHHIHCIIO/HIOROOCORHICHIRIHIRCCORCIIICCH/ICRHORIIHOHROHOHOCOOHOOCOORRHO	com/moonsworth/lunar/client/CCROIHHHCOCHHOHORCIRHOCRROIOCI/RCIOICOHRIOIIRRRROCRHCIICRROHO/HOIHIOIROHORRROCIHRHROHIHIHOCO/HORHROIOIOICIRHIOCOICHHHIHCIIO/HIOROOCORHICHIRIHIRCCORCIIICCH/SkyblockVanillaItemModels
com/moonsworth/lunar/client/CCROIHHHCOCHHOHORCIRHOCRROIOCI/RCIOICOHRIOIIRRRROCRHCIICRROHO/HOIHIOIROHORRROCIHRHROHIHIHOCO/HORHROIOIOICIRHIOCOICHHHIHCIIO/HORHROIOIOICIRHIOCOICHHHIHCIIO/HHRROIIHRRICIIHIIHICRHHRHOHHOO	com/moonsworth/lunar/client/CCROIHHHCOCHHOHORCIRHOCRROIOCI/RCIOICOHRIOIIRRRROCRHCIICRROHO/HOIHIOIROHORRROCIHRHROHIHIHOCO/HORHROIOIOICIRHIOCOICHHHIHCIIO/HORHROIOIOICIRHIOCOICHHHIHCIIO/SkyblockChatCommands
com/moonsworth/lunar/client/CCROIHHHCOCHHOHORCIRHOCRROIOCI/RCIOICOHRIOIIRRRROCRHCIICRROHO/HOIHIOIROHORRROCIHRHROHIHIHOCO/HORHROIOIOICIRHIOCOICHHHIHCIIO/HORHROIOIOICIRHIOCOICHHHIHCIIO/HORHROIOIOICIRHIOCOICHHHIHCIIO	com/moonsworth/lunar/client/CCROIHHHCOCHHOHORCIRHOCRROIOCI/RCIOICOHRIOIIRRRROCRHCIICRROHO/HOIHIOIROHORRROCIHRHROHIHIHOCO/HORHROIOIOICIRHIOCOICHHHIHCIIO/HORHROIOIOICIRHIOCOICHHHIHCIIO/SkyblockAutoCopyRareDrops
com/moonsworth/lunar/client/CCROIHHHCOCHHOHORCIRHOCRROIOCI/RCIOICOHRIOIIRRRROCRHCIICRROHO/HOIHIOIROHORRROCIHRHROHIHIHOCO/HORHROIOIOICIRHIOCOICHHHIHCIIO/HORHROIOIOICIRHIOCOICHHHIHCIIO/HRICOROOOCCOCOROCRHHCRRIRCOICO	com/moonsworth/lunar/client/CCROIHHHCOCHHOHORCIRHOCRROIOCI/RCIOICOHRIOIIRRRROCRHCIICRROHO/HOIHIOIROHORRROCIHRHROHIHIHOCO/HORHROIOIOICIRHIOCOICHHHIHCIIO/HORHROIOIOICIRHIOCOICHHHIHCIIO/SkyblockChatWaypoints
com/moonsworth/lunar/client/CCROIHHHCOCHHOHORCIRHOCRROIOCI/RCIOICOHRIOIIRRRROCRHCIICRROHO/HOIHIOIROHORRROCIHRHROHIHIHOCO/HORHROIOIOICIRHIOCOICHHHIHCIIO/HORHROIOIOICIRHIOCOICHHHIHCIIO/ICRHORIIHOHROHOHOCOOHOOCOORRHO	com/moonsworth/lunar/client/CCROIHHHCOCHHOHORCIRHOCRROIOCI/RCIOICOHRIOIIRRRROCRHCIICRROHO/HOIHIOIROHORRROCIHRHROHIHIHOCO/HORHROIOIOICIRHIOCOICHHHIHCIIO/HORHROIOIOICIRHIOCOICHHHIHCIIO/SkyblockSendCoords
com/moonsworth/lunar/client/CCROIHHHCOCHHOHORCIRHOCRROIOCI/RCIOICOHRIOIIRRRROCRHCIICRROHO/HOIHIOIROHORRROCIHRHROHIHIHOCO/HORHROIOIOICIRHIOCOICHHHIHCIIO/HORHROIOIOICIRHIOCOICHHHIHCIIO/RCIOICOHRIOIIRRRROCRHCIICRROHO	com/moonsworth/lunar/client/CCROIHHHCOCHHOHORCIRHOCRROIOCI/RCIOICOHRIOIIRRRROCRHCIICRROHO/HOIHIOIROHORRROCIHRHROHIHIHOCO/HORHROIOIOICIRHIOCOICHHHIHCIIO/HORHROIOIOICIRHIOCOICHHHIHCIIO/SkyblockWebsiteAdblock
com/moonsworth/lunar/client/CCROIHHHCOCHHOHORCIRHOCRROIOCI/RCIOICOHRIOIIRRRROCRHCIICRROHO/HOIHIOIROHORRROCIHRHROHIHIHOCO/HORHROIOIOICIRHIOCOICHHHIHCIIO/HRICOROOOCCOCOROCRHHCRRIRCOICO/HHRROIIHRRICIIHIIHICRHHRHOHHOO	com/moonsworth/lunar/client/CCROIHHHCOCHHOHORCIRHOCRROIOCI/RCIOICOHRIOIIRRRROCRHCIICRROHO/HOIHIOIROHORRROCIHRHROHIHIHOCO/HORHROIOIOICIRHIOCOICHHHIHCIIO/HRICOROOOCCOCOROCRHHCRRIRCOICO/SkyblockHideFallingBlocks
com/moonsworth/lunar/client/CCROIHHHCOCHHOHORCIRHOCRROIOCI/RCIOICOHRIOIIRRRROCRHCIICRROHO/HOIHIOIROHORRROCIHRHROHIHIHOCO/HORHROIOIOICIRHIOCOICHHHIHCIIO/HRICOROOOCCOCOROCRHHCRRIRCOICO/HORHROIOIOICIRHIOCOICHHHIHCIIO	com/moonsworth/lunar/client/CCROIHHHCOCHHOHORCIRHOCRROIOCI/RCIOICOHRIOIIRRRROCRHCIICRROHO/HOIHIOIROHORRROCIHRHROHIHIHOCO/HORHROIOIOICIRHIOCOICHHHIHCIIO/HRICOROOOCCOCOROCRHHCRRIRCOICO/SkyblockHideArmor
com/moonsworth/lunar/client/CCROIHHHCOCHHOHORCIRHOCRROIOCI/RCIOICOHRIOIIRRRROCRHCIICRROHO/HOIHIOIROHORRROCIHRHROHIHIHOCO/HORHROIOIOICIRHIOCOICHHHIHCIIO/HRICOROOOCCOCOROCRHHCRRIRCOICO/HRICOROOOCCOCOROCRHHCRRIRCOICO	com/moonsworth/lunar/client/CCROIHHHCOCHHOHORCIRHOCRROIOCI/RCIOICOHRIOIIRRRROCRHCIICRROHO/HOIHIOIROHORRROCIHRHROHIHIHOCO/HORHROIOIOICIRHIOCOICHHHIHCIIO/HRICOROOOCCOCOROCRHHCRRIRCOICO/SkyblockHideFarEntities
com/moonsworth/lunar/client/CCROIHHHCOCHHOHORCIRHOCRROIOCI/RCIOICOHRIOIIRRRROCRHCIICRROHO/HOIHIOIROHORRROCIHRHROHIHIHOCO/HORHROIOIOICIRHIOCOICHHHIHCIIO/HRICOROOOCCOCOROCRHHCRRIRCOICO/ICRHORIIHOHROHOHOCOOHOOCOORRHO	com/moonsworth/lunar/client/CCROIHHHCOCHHOHORCIRHOCRROIOCI/RCIOICOHRIOIIRRRROCRHCIICRROHO/HOIHIOIROHORRROCIHRHROHIHIHOCO/HORHROIOIOICIRHIOCOICHHHIHCIIO/HRICOROOOCCOCOROCRHHCRRIRCOICO/SkyblockHideFood
com/moonsworth/lunar/client/CCROIHHHCOCHHOHORCIRHOCRROIOCI/RCIOICOHRIOIIRRRROCRHCIICRROHO/HOIHIOIROHORRROCIHRHROHIHIHOCO/HORHROIOIOICIRHIOCOICHHHIHCIIO/HRICOROOOCCOCOROCRHHCRRIRCOICO/OHROCHICOIOICHOCRROORRCIIICIHO	com/moonsworth/lunar/client/CCROIHHHCOCHHOHORCIRHOCRROIOCI/RCIOICOHRIOIIRRRROCRHCIICRROHO/HOIHIOIROHORRROCIHRHROHIHIHOCO/HORHROIOIOICIRHIOCOICHHHIHCIIO/HRICOROOOCCOCOROCRHHCRRIRCOICO/SkyblockHideMidasBlocks
com/moonsworth/lunar/client/CCROIHHHCOCHHOHORCIRHOCRROIOCI/RCIOICOHRIOIIRRRROCRHCIICRROHO/HOIHIOIROHORRROCIHRHROHIHIHOCO/HORHROIOIOICIRHIOCOICHHHIHCIIO/HRICOROOOCCOCOROCRHHCRRIRCOICO/ORCHOHHCOHCORRICRIHCHHRORHHCHH	com/moonsworth/lunar/client/CCROIHHHCOCHHOHORCIRHOCRROIOCI/RCIOICOHRIOIIRRRROCRHCIICRROHO/HOIHIOIROHORRROCIHRHROHIHIHOCO/HORHROIOIOICIRHIOCOICHHHIHCIIO/HRICOROOOCCOCOROCRHHCRRIRCOICO/SkyblockHideOthersGifts
com/moonsworth/lunar/client/CCROIHHHCOCHHOHORCIRHOCRROIOCI/RCIOICOHRIOIIRRRROCRHCIICRROHO/HOIHIOIROHORRROCIHRHROHIHIHOCO/HORHROIOIOICIRHIOCOICHHHIHCIIO/HRICOROOOCCOCOROCRHHCRRIRCOICO/ORICHRORRORHORHOIHCRHOORCRRHOI	com/moonsworth/lunar/client/CCROIHHHCOCHHOHORCIRHOCRROIOCI/RCIOICOHRIOIIRRRROCRHCIICRROHO/HOIHIOIROHORRROCIHRHROHIHIHOCO/HORHROIOIOICIRHIOCOICHHHIHCIIO/HRICOROOOCCOCOROCRHHCRRIRCOICO/SkyblockHidePlayersNearNpc
com/moonsworth/lunar/client/CCROIHHHCOCHHOHORCIRHOCRROIOCI/RCIOICOHRIOIIRRRROCRHCIICRROHO/HOIHIOIROHORRROCIHRHROHIHIHOCO/HORHROIOIOICIRHIOCOICHHHIHCIIO/HRICOROOOCCOCOROCRHHCRRIRCOICO/RCIOICOHRIOIIRRRROCRHCIICRROHO	com/moonsworth/lunar/client/CCROIHHHCOCHHOHORCIRHOCRROIOCI/RCIOICOHRIOIIRRRROCRHCIICRROHO/HOIHIOIROHORRROCIHRHROHIHIHOCO/HORHROIOIOICIRHIOCOICHHHIHCIIO/HRICOROOOCCOCOROCRHHCRRIRCOICO/SkyblockHideMagicSoupMessages
com/moonsworth/lunar/client/CCROIHHHCOCHHOHORCIRHOCRROIOCI/RCIOICOHRIOIIRRRROCRHCIICRROHO/HOIHIOIROHORRROCIHRHROHIHIHOCO/HORHROIOIOICIRHIOCOICHHHIHCIIO/HROHOIOCHIRIHICOORIHOHCIOIRIIH/CCROIHHHCOCHHOHORCIRHOCRROIOCI	com/moonsworth/lunar/client/CCROIHHHCOCHHOHORCIRHOCRROIOCI/RCIOICOHRIOIIRRRROCRHCIICRROHO/HOIHIOIROHORRROCIHRHROHIHIHOCO/HORHROIOIOICIRHIOCOICHHHIHCIIO/HROHOIOCHIRIHICOORIHOHCIOIRIIH/SkyblockSeaCreatureAlert
com/moonsworth/lunar/client/CCROIHHHCOCHHOHORCIRHOCRROIOCI/RCIOICOHRIOIIRRRROCRHCIICRROHO/HOIHIOIROHORRROCIHRHROHIHIHOCO/HORHROIOIOICIRHIOCOICHHHIHCIIO/HROHOIOCHIRIHICOORIHOHCIOIRIIH/HHRROIIHRRICIIHIIHICRHHRHOHHOO	com/moonsworth/lunar/client/CCROIHHHCOCHHOHORCIRHOCRROIOCI/RCIOICOHRIOIIRRRROCRHCIICRROHO/HOIHIOIROHORRROCIHRHROHIHIHOCO/HORHROIOIOICIRHIOCOICHHHIHCIIO/HROHOIOCHIRIHICOORIHOHCIOIRIIH/SkyblockFishingBaitHud
com/moonsworth/lunar/client/CCROIHHHCOCHHOHORCIRHOCRROIOCI/RCIOICOHRIOIIRRRROCRHCIICRROHO/HOIHIOIROHORRROCIHRHROHIHIHOCO/HORHROIOIOICIRHIOCOICHHHIHCIIO/HROHOIOCHIRIHICOORIHOHCIOIRIIH/HIOROOCORHICHIRIHIRCCORCIIICCH	com/moonsworth/lunar/client/CCROIHHHCOCHHOHORCIRHOCRROIOCI/RCIOICOHRIOIIRRRROCRHCIICRROHO/HOIHIOIROHORRROCIHRHROHIHIHOCO/HORHROIOIOICIRHIOCOICHHHIHCIIO/HROHOIOCHIRIHICOORIHOHCIOIRIIH/SkyblockTrophyFishExchangeRate
com/moonsworth/lunar/client/CCROIHHHCOCHHOHORCIRHOCRROIOCI/RCIOICOHRIOIIRRRROCRHCIICRROHO/HOIHIOIROHORRROCIHRHROHIHIHOCO/HORHROIOIOICIRHIOCOICHHHIHCIIO/HROHOIOCHIRIHICOORIHOHCIOIRIIH/HORHROIOIOICIRHIOCOICHHHIHCIIO_	com/moonsworth/lunar/client/CCROIHHHCOCHHOHORCIRHOCRROIOCI/RCIOICOHRIOIIRRRROCRHCIICRROHO/HOIHIOIROHORRROCIHRHROHIHIHOCO/HORHROIOIOICIRHIOCOICHHHIHCIIO/HROHOIOCHIRIHICOORIHOHCIOIRIIH/SkyblockHideChumBuckets
com/moonsworth/lunar/client/CCROIHHHCOCHHOHORCIRHOCRROIOCI/RCIOICOHRIOIIRRRROCRHCIICRROHO/HOIHIOIROHORRROCIHRHROHIHIHOCO/HORHROIOIOICIRHIOCOICHHHIHCIIO/HROHOIOCHIRIHICOORIHOHCIOIRIIH/HRICOROOOCCOCOROCRHHCRRIRCOICO	com/moonsworth/lunar/client/CCROIHHHCOCHHOHORCIRHOCRROIOCI/RCIOICOHRIOIIRRRROCRHCIICRROHO/HOIHIOIROHORRROCIHRHROHIHIHOCO/HORHROIOIOICIRHIOCOICHHHIHCIIO/HROHOIOCHIRIHICOORIHOHCIOIRIIH/SkyblockFishingCircleOverlay
com/moonsworth/lunar/client/CCROIHHHCOCHHOHORCIRHOCRROIOCI/RCIOICOHRIOIIRRRROCRHCIICRROHO/HOIHIOIROHORRROCIHRHROHIHIHOCO/HORHROIOIOICIRHIOCOICHHHIHCIIO/HROHOIOCHIRIHICOORIHOHCIOIRIIH/HROHOIOCHIRIHICOORIHOHCIOIRIIH	com/moonsworth/lunar/client/CCROIHHHCOCHHOHORCIRHOCRROIOCI/RCIOICOHRIOIIRRRROCRHCIICRROHO/HOIHIOIROHORRROCIHRHROHIHIHOCO/HORHROIOIOICIRHIOCOICHHHIHCIIO/HROHOIOCHIRIHICOORIHOHCIOIRIIH/SkyblockReplaceLavaTexture
com/moonsworth/lunar/client/CCROIHHHCOCHHOHORCIRHOCRROIOCI/RCIOICOHRIOIIRRRROCRHCIICRROHO/HOIHIOIROHORRROCIHRHROHIHIHOCO/HORHROIOIOICIRHIOCOICHHHIHCIIO/HROHOIOCHIRIHICOORIHOHCIOIRIIH/ICRHORIIHOHROHOHOCOOHOOCOORRHO	com/moonsworth/lunar/client/CCROIHHHCOCHHOHORCIRHOCRROIOCI/RCIOICOHRIOIIRRRROCRHCIICRROHO/HOIHIOIROHORRROCIHRHROHIHIHOCO/HORHROIOIOICIRHIOCOICHHHIHCIIO/HROHOIOCHIRIHICOORIHOHCIOIRIIH/SkyblockFishingHidePlayers
com/moonsworth/lunar/client/CCROIHHHCOCHHOHORCIRHOCRROIOCI/RCIOICOHRIOIIRRRROCRHCIICRROHO/HOIHIOIROHORRROCIHRHROHIHIHOCO/HORHROIOIOICIRHIOCOICHHHIHCIIO/HROHOIOCHIRIHICOORIHOHCIOIRIIH/OHOOORICRHIIIIRHCICICOCHROICRC	com/moonsworth/lunar/client/CCROIHHHCOCHHOHORCIRHOCRROIOCI/RCIOICOHRIOIIRRRROCRHCIICRROHO/HOIHIOIROHORRROCIHRHROHIHIHOCO/HORHROIOIOICIRHIOCOICHHHIHCIIO/HROHOIOCHIRIHICOORIHOHCIOIRIIH/SkyblockSeaCreatureMessages
com/moonsworth/lunar/client/CCROIHHHCOCHHOHORCIRHOCRROIOCI/RCIOICOHRIOIIRRRROCRHCIICRROHO/HOIHIOIROHORRROCIHRHROHIHIHOCO/HORHROIOIOICIRHIOCOICHHHIHCIIO/HROHOIOCHIRIHICOORIHOHCIOIRIIH/OHROCHICOIOICHOCRROORRCIIICIHO	com/moonsworth/lunar/client/CCROIHHHCOCHHOHORCIRHOCRROIOCI/RCIOICOHRIOIIRRRROCRHCIICRROHO/HOIHIOIROHORRROCIHRHROHIHIHOCO/HORHROIOIOICIRHIOCOICHHHIHCIIO/HROHOIOCHIRIHICOORIHOHCIOIRIIH/SkyblockFishingInfoHud
com/moonsworth/lunar/client/CCROIHHHCOCHHOHORCIRHOCRROIOCI/RCIOICOHRIOIIRRRROCRHCIICRROHO/HOIHIOIROHORRROCIHRHROHIHIHOCO/HORHROIOIOICIRHIOCOICHHHIHCIIO/HROHOIOCHIRIHICOORIHOHCIOIRIIH/OIRIOIIIRICICCHORICRRIRROHCRIC	com/moonsworth/lunar/client/CCROIHHHCOCHHOHORCIRHOCRROIOCI/RCIOICOHRIOIIRRRROCRHCIICRROHO/HOIHIOIROHORRROCIHRHROHIHIHOCO/HORHROIOIOICIRHIOCOICHHHIHCIIO/HROHOIOCHIRIHICOORIHOHCIOIRIIH/SkyblockSpiderDenRainHud
com/moonsworth/lunar/client/CCROIHHHCOCHHOHORCIRHOCRROIOCI/RCIOICOHRIOIIRRRROCRHCIICRROHO/HOIHIOIROHORRROCIHRHROHIHIHOCO/HORHROIOIOICIRHIOCOICHHHIHCIIO/HROHOIOCHIRIHICOORIHOHCIOIRIIH/ORCHOHHCOHCORRICRIHCHHRORHHCHH	com/moonsworth/lunar/client/CCROIHHHCOCHHOHORCIRHOCRROIOCI/RCIOICOHRIOIIRRRROCRHCIICRROHO/HOIHIOIROHORRROCIHRHROHIHIHOCO/HORHROIOIOICIRHIOCOICHHHIHCIIO/HROHOIOCHIRIHICOORIHOHCIOIRIIH/SkyblockFishingMarker
com/moonsworth/lunar/client/CCROIHHHCOCHHOHORCIRHOCRROIOCI/RCIOICOHRIOIIRRRROCRHCIICRROHO/HOIHIOIROHORRROCIHRHROHIHIHOCO/HORHROIOIOICIRHIOCOICHHHIHCIIO/HROHOIOCHIRIHICOORIHOHCIOIRIIH/ORICHRORRORHORHOIHCRHOORCRRHOI	com/moonsworth/lunar/client/CCROIHHHCOCHHOHORCIRHOCRROIOCI/RCIOICOHRIOIIRRRROCRHCIICRROHO/HOIHIOIROHORRROCIHRHROHIHIHOCO/HORHROIOIOICIRHIOCOICHHHIHCIIO/HROHOIOCHIRIHICOORIHOHCIOIRIIH/SkyblockFishingReelTimerHud
com/moonsworth/lunar/client/CCROIHHHCOCHHOHORCIRHOCRROIOCI/RCIOICOHRIOIIRRRROCRHCIICRROHO/HOIHIOIROHORRROCIHRHROHIHIHOCO/HORHROIOIOICIRHIOCOICHHHIHCIIO/HROHOIOCHIRIHICOORIHOHCIOIRIIH/RCIOICOHRIOIIRRRROCRHCIICRROHO	com/moonsworth/lunar/client/CCROIHHHCOCHHOHORCIRHOCRROIOCI/RCIOICOHRIOIIRRRROCRHCIICRROHO/HOIHIOIROHORRROCIHRHROHIHIHOCO/HORHROIOIOICIRHIOCOICHHHIHCIIO/HROHOIOCHIRIHICOORIHOHCIOIRIIH/SkyblockFishingHotspotLocator
com/moonsworth/lunar/client/CCROIHHHCOCHHOHORCIRHOCRROIOCI/RCIOICOHRIOIIRRRROCRHCIICRROHO/HOIHIOIROHORRROCIHRHROHIHIHOCO/HORHROIOIOICIRHIOCOICHHHIHCIIO/HRORICORIHHHRICRIRCIIOHCRIRRHI/HHRROIIHRRICIIHIIHICRHHRHOHHOO	com/moonsworth/lunar/client/CCROIHHHCOCHHOHORCIRHOCRROIOCI/RCIOICOHRIOIIRRRROCRHCIICRROHO/HOIHIOIROHORRROCIHRHROHIHIHOCO/HORHROIOIOICIRHIOCOICHHHIHCIIO/HRORICORIHHHRICRIRCIIOHCRIRRHI/SkyblockBossTimer
com/moonsworth/lunar/client/CCROIHHHCOCHHOHORCIRHOCRROIOCI/RCIOICOHRIOIIRRRROCRHCIICRROHO/HOIHIOIROHORRROCIHRHROHIHIHOCO/HORHROIOIOICIRHIOCOICHHHIHCIIO/HRORICORIHHHRICRIRCIIOHCRIRRHI/HORHROIOIOICIRHIOCOICHHHIHCIIO	com/moonsworth/lunar/client/CCROIHHHCOCHHOHORCIRHOCRROIOCI/RCIOICOHRIOIIRRRROCRHCIICRROHO/HOIHIOIROHORRROCIHRHROHIHIHOCO/HORHROIOIOICIRHIOCOICHHHIHCIIO/HRORICORIHHHRICRIRCIIOHCRIRRHI/SkyblockBlazeSlayer
com/moonsworth/lunar/client/CCROIHHHCOCHHOHORCIRHOCRROIOCI/RCIOICOHRIOIIRRRROCRHCIICRROHO/HOIHIOIROHORRROCIHRHROHIHIHOCO/HORHROIOIOICIRHIOCOICHHHIHCIIO/HRORICORIHHHRICRIRCIIOHCRIRRHI/HRICOROOOCCOCOROCRHHCRRIRCOICO	com/moonsworth/lunar/client/CCROIHHHCOCHHOHORCIRHOCRROIOCI/RCIOICOHRIOIIRRRROCRHCIICRROHO/HOIHIOIROHORRROCIHRHROHIHIHOCO/HORHROIOIOICIRHIOCOICHHHIHCIIO/HRORICORIHHHRICRIRCIIOHCRIRRHI/SkyblockEndermanSlayer
com/moonsworth/lunar/client/CCROIHHHCOCHHOHORCIRHOCRROIOCI/RCIOICOHRIOIIRRRROCRHCIICRROHO/HOIHIOIROHORRROCIHRHROHIHIHOCO/HORHROIOIOICIRHIOCOICHHHIHCIIO/HRORICORIHHHRICRIRCIIOHCRIRRHI/ICRHORIIHOHROHOHOCOOHOOCOORRHO	com/moonsworth/lunar/client/CCROIHHHCOCHHOHORCIRHOCRROIOCI/RCIOICOHRIOIIRRRROCRHCIICRROHO/HOIHIOIROHORRROCIHRHROHIHIHOCO/HORHROIOIOICIRHIOCOICHHHIHCIIO/HRORICORIHHHRICRIRCIIOHCRIRRHI/SkyblockMiniBossAlert
com/moonsworth/lunar/client/CCROIHHHCOCHHOHORCIRHOCRROIOCI/RCIOICOHRIOIIRRRROCRHCIICRROHO/HOIHIOIROHORRROCIHRHROHIHIHOCO/HORHROIOIOICIRHIOCOICHHHIHCIIO/HRORICORIHHHRICRIRCIIOHCRIRRHI/RCIOICOHRIOIIRRRROCRHCIICRROHO	com/moonsworth/lunar/client/CCROIHHHCOCHHOHORCIRHOCRROIOCI/RCIOICOHRIOIIRRRROCRHCIICRROHO/HOIHIOIROHORRROCIHRHROHIHIHOCO/HORHROIOIOICIRHIOCOICHHHIHCIIO/HRORICORIHHHRICRIRCIIOHCRIRRHI/SkyblockVampireSlayer
com/moonsworth/lunar/client/CCROIHHHCOCHHOHORCIRHOCRROIOCI/RCIOICOHRIOIIRRRROCRHCIICRROHO/HOIHIOIROHORRROCIHRHROHIHIHOCO/HORHROIOIOICIRHIOCOICHHHIHCIIO/ICRHORIIHOHROHOHOCOOHOOCOORRHO/HHRROIIHRRICIIHIIHICRHHRHOHHOO	com/moonsworth/lunar/client/CCROIHHHCOCHHOHORCIRHOCRROIOCI/RCIOICOHRIOIIRRRROCRHCIICRROHO/HOIHIOIROHORRROCIHRHROHIHIHOCO/HORHROIOIOICIRHIOCOICHHHIHCIIO/ICRHORIIHOHROHOHOCOOHOOCOORRHO/SkyblockBurrowLocating
com/moonsworth/lunar/client/CCROIHHHCOCHHOHORCIRHOCRROIOCI/RCIOICOHRIOIIRRRROCRHCIICRROHO/HOIHIOIROHORRROCIHRHROHIHIHOCO/HORHROIOIOICIRHIOCOICHHHIHCIIO/ICRHORIIHOHROHOHOCOOHOOCOORRHO/HRICOROOOCCOCOROCRHHCRRIRCOICO	com/moonsworth/lunar/client/CCROIHHHCOCHHOHORCIRHOCRROIOCI/RCIOICOHRIOIIRRRROCRHCIICRROHO/HOIHIOIROHORRROCIHRHROHIHIHOCO/HORHROIOIOICIRHIOCOICHHHIHCIIO/ICRHORIIHOHROHOHOCOOHOOCOORRHO/SkyblockBurrowSharing
com/moonsworth/lunar/client/CCROIHHHCOCHHOHORCIRHOCRROIOCI/RCIOICOHRIOIIRRRROCRHCIICRROHO/HOIHIOIROHORRROCIHRHROHIHIHOCO/HORHROIOIOICIRHIOCOICHHHIHCIIO/ICRHORIIHOHROHOHOCOOHOOCOORRHO/ICRHORIIHOHROHOHOCOOHOOCOORRHO	com/moonsworth/lunar/client/CCROIHHHCOCHHOHORCIRHOCRROIOCI/RCIOICOHRIOIIRRRROCRHCIICRROHO/HOIHIOIROHORRROCIHRHROHIHIHOCO/HORHROIOIOICIRHIOCOICHHHIHCIIO/ICRHORIIHOHROHOHOCOOHOOCOORRHO/SkyblockDianaMobHud
com/moonsworth/lunar/client/CCROIHHHCOCHHOHORCIRHOCRROIOCI/RCIOICOHRIOIIRRRROCRHCIICRROHO/HOIHIOIROHORRROCIHRHROHIHIHOCO/HORHROIOIOICIRHIOCOICHHHIHCIIO/ICRHORIIHOHROHOHOCOOHOOCOORRHO/RCIOICOHRIOIIRRRROCRHCIICRROHO	com/moonsworth/lunar/client/CCROIHHHCOCHHOHORCIRHOCRROIOCI/RCIOICOHRIOIIRRRROCRHCIICRROHO/HOIHIOIROHORRROCIHRHROHIHIHOCO/HORHROIOIOICIRHIOCOICHHHIHCIIO/ICRHORIIHOHROHOHOCOOHOOCOORRHO/SkyblockSphinxHelper
com/moonsworth/lunar/client/CCROIHHHCOCHHOHORCIRHOCRROIOCI/RCIOICOHRIOIIRRRROCRHCIICRROHO/HOIHIOIROHORRROCIHRHROHIHIHOCO/HORHROIOIOICIRHIOCOICHHHIHCIIO/IHRHHRIHICHOOICIRIOOHOICHIRHOI/CCROIHHHCOCHHOHORCIRHOCRROIOCI	com/moonsworth/lunar/client/CCROIHHHCOCHHOHORCIRHOCRROIOCI/RCIOICOHRIOIIRRRROCRHCIICRROHO/HOIHIOIROHORRROCIHRHROHIHIHOCO/HORHROIOIOICIRHIOCOICHHHIHCIIO/IHRHHRIHICHOOICIRIOOHOICHIRHOI/SkyblockPickonimbusDurability
com/moonsworth/lunar/client/CCROIHHHCOCHHOHORCIRHOCRROIOCI/RCIOICOHRIOIIRRRROCRHCIICRROHO/HOIHIOIROHORRROCIHRHROHIHIHOCO/HORHROIOIOICIRHIOCOICHHHIHCIIO/IHRHHRIHICHOOICIRIOOHOICHIRHOI/HHRROIIHRRICIIHIIHICRHHRHOHHOO_	com/moonsworth/lunar/client/CCROIHHHCOCHHOHORCIRHOCRROIOCI/RCIOICOHRIOIIRRRROCRHCIICRROHO/HOIHIOIROHORRROCIHRHROHIHIHOCO/HORHROIOIOICIRHIOCOICHHHIHCIIO/IHRHHRIHICHOOICIRIOOHOICHIRHOI/SkyblockCrystalHollowsMap
com/moonsworth/lunar/client/CCROIHHHCOCHHOHORCIRHOCRROIOCI/RCIOICOHRIOIIRRRROCRHCIICRROHO/HOIHIOIROHORRROCIHRHROHIHIHOCO/HORHROIOIOICIRHIOCOICHHHIHCIIO/IHRHHRIHICHOOICIRIOOHOICHIRHOI/HIOROOCORHICHIRIHIRCCORCIIICCH	com/moonsworth/lunar/client/CCROIHHHCOCHHOHORCIRHOCRROIOCI/RCIOICOHRIOIIRRRROCRHCIICRROHO/HOIHIOIROHORRROCIHRHROHIHIHOCO/HORHROIOIOICIRHIOCOICHHHIHCIIO/IHRHHRIHICHOOICIRIOOHOICHIRHOI/SkyblockSkyMallBuffAlert
com/moonsworth/lunar/client/CCROIHHHCOCHHOHORCIRHOCRROIOCI/RCIOICOHRIOIIRRRROCRHCIICRROHO/HOIHIOIROHORRROCIHRHROHIHIHOCO/HORHROIOIOICIRHIOCOICHHHIHCIIO/IHRHHRIHICHOOICIRIOOHOICHIRHOI/HORHROIOIOICIRHIOCOICHHHIHCIIO/ICRHORIIHOHROHOHOCOOHOOCOORRHO	com/moonsworth/lunar/client/CCROIHHHCOCHHOHORCIRHOCRROIOCI/RCIOICOHRIOIIRRRROCRHCIICRROHO/HOIHIOIROHORRROCIHRHROHIHIHOCO/HORHROIOIOICIRHIOCOICHHHIHCIIO/IHRHHRIHICHOOICIRIOOHOICHIRHOI/HORHROIOIOICIRHIOCOICHHHIHCIIO/SkyblockFossilExcavationSolver
com/moonsworth/lunar/client/CCROIHHHCOCHHOHORCIRHOCRROIOCI/RCIOICOHRIOIIRRRROCRHCIICRROHO/HOIHIOIROHORRROCIHRHROHIHIHOCO/HORHROIOIOICIRHIOCOICHHHIHCIIO/IHRHHRIHICHOOICIRIOOHOICHIRHOI/HORHROIOIOICIRHIOCOICHHHIHCIIO_	com/moonsworth/lunar/client/CCROIHHHCOCHHOHORCIRHOCRROIOCI/RCIOICOHRIOIIRRRROCRHCIICRROHO/HOIHIOIROHORRROCIHRHROHIHIHOCO/HORHROIOIOICIRHIOCOICHHHIHCIIO/IHRHHRIHICHOOICIRIOOHOICHIRHOI/SkyblockCompletedCommissions
com/moonsworth/lunar/client/CCROIHHHCOCHHOHORCIRHOCRROIOCI/RCIOICOHRIOIIRRRROCRHCIICRROHO/HOIHIOIROHORRROCIHRHROHIHIHOCO/HORHROIOIOICIRHIOCOICHHHIHCIIO/IHRHHRIHICHOOICIRIOOHOICHIRHOI/HRICOROOOCCOCOROCRHHCRRIRCOICO	com/moonsworth/lunar/client/CCROIHHHCOCHHOHORCIRHOCRROIOCI/RCIOICOHRIOIIRRRROCRHCIICRROHO/HOIHIOIROHORRROCIHRHROHIHIHOCO/HORHROIOIOICIRHIOCOICHHHIHCIIO/IHRHHRIHICHOOICIRIOOHOICHIRHOI/SkyblockDivanAllToolsAlert
com/moonsworth/lunar/client/CCROIHHHCOCHHOHORCIRHOCRROIOCI/RCIOICOHRIOIIRRRROCRHCIICRROHO/HOIHIOIROHORRROCIHRHROHIHIHOCO/HORHROIOIOICIRHIOCOICHHHIHCIIO/IHRHHRIHICHOOICIRIOOHOICHIRHOI/HROHOIOCHIRIHICOORIHOHCIOIRIIH	com/moonsworth/lunar/client/CCROIHHHCOCHHOHORCIRHOCRROIOCI/RCIOICOHRIOIIRRRROCRHCIICRROHO/HOIHIOIROHORRROCIHRHROHIHIHOCO/HORHROIOIOICIRHIOCOICHHHIHCIIO/IHRHHRIHICHOOICIRIOOHOICHIRHOI/SkyblockMiningSpeedBoostAlert
com/moonsworth/lunar/client/CCROIHHHCOCHHOHORCIRHOCRROIOCI/RCIOICOHRIOIIRRRROCRHCIICRROHO/HOIHIOIROHORRROCIHRHROHIHIHOCO/HORHROIOIOICIRHIOCOICHHHIHCIIO/IHRHHRIHICHOOICIRIOOHOICHIRHOI/ICRHORIIHOHROHOHOCOOHOOCOORRHO	com/moonsworth/lunar/client/CCROIHHHCOCHHOHORCIRHOCRROIOCI/RCIOICOHRIOIIRRRROCRHCIICRROHO/HOIHIOIROHORRROCIHRHROHIHIHOCO/HORHROIOIOICIRHIOCOICHHHIHCIIO/IHRHHRIHICHOOICIRIOOHOICHIRHOI/SkyblockGemstoneProfit
com/moonsworth/lunar/client/CCROIHHHCOCHHOHORCIRHOCRROIOCI/RCIOICOHRIOIIRRRROCRHCIICRROHO/HOIHIOIROHORRROCIHRHROHIHIHOCO/HORHROIOIOICIRHIOCOICHHHIHCIIO/IHRHHRIHICHOOICIRIOOHOICHIRHOI/IHRHHRIHICHOOICIRIOOHOICHIRHOI	com/moonsworth/lunar/client/CCROIHHHCOCHHOHORCIRHOCRROIOCI/RCIOICOHRIOIIRRRROCRHCIICRROHO/HOIHIOIROHORRROCIHRHROHIHIHOCO/HORHROIOIOICIRHIOCOICHHHIHCIIO/IHRHHRIHICHOOICIRIOOHOICHIRHOI/SkyblockTreasureChestHelper
com/moonsworth/lunar/client/CCROIHHHCOCHHOHORCIRHOCRROIOCI/RCIOICOHRIOIIRRRROCRHCIICRROHO/HOIHIOIROHORRROCIHRHROHIHIHOCO/HORHROIOIOICIRHIOCOICHHHIHCIIO/IHRHHRIHICHOOICIRIOOHOICHIRHOI/IIORCIOOIHRRRICOHIRCIHOOCCOHRO	com/moonsworth/lunar/client/CCROIHHHCOCHHOHORCIRHOCRROIOCI/RCIOICOHRIOIIRRRROCRHCIICRROHO/HOIHIOIROHORRROCIHRHROHIHIHOCO/HORHROIOIOICIRHIOCOICHHHIHCIIO/IHRHHRIHICHOOICIRIOOHOICHIRHOI/SkyblockWishingCompass
com/moonsworth/lunar/client/CCROIHHHCOCHHOHORCIRHOCRROIOCI/RCIOICOHRIOIIRRRROCRHCIICRROHO/HOIHIOIROHORRROCIHRHROHIHIHOCO/HORHROIOIOICIRHIOCOICHHHIHCIIO/IHRHHRIHICHOOICIRIOOHOICHIRHOI/OHOOORICRHIIIIRHCICICOCHROICRC	com/moonsworth/lunar/client/CCROIHHHCOCHHOHORCIRHOCRROIOCI/RCIOICOHRIOIIRRRROCRHCIICRROHO/HOIHIOIROHORRROCIHRHROHIHIHOCO/HORHROIOIOICIRHIOCOICHHHIHCIIO/IHRHHRIHICHOOICIRIOOHOICHIRHOI/SkyblockPowderTrackerHud
com/moonsworth/lunar/client/CCROIHHHCOCHHOHORCIRHOCRROIOCI/RCIOICOHRIOIIRRRROCRHCIICRROHO/HOIHIOIROHORRROCIHRHROHIHIHOCO/HORHROIOIOICIRHIOCOICHHHIHCIIO/IHRHHRIHICHOOICIRIOOHOICHIRHOI/OHROCHICOIOICHOCRROORRCIIICIHO	com/moonsworth/lunar/client/CCROIHHHCOCHHOHORCIRHOCRROIOCI/RCIOICOHRIOIIRRRROCRHCIICRROHO/HOIHIOIROHORRROCIHRHROHIHIHOCO/HORHROIOIOICIRHIOCOICHHHIHCIIO/IHRHHRIHICHOOICIRIOOHOICHIRHOI/SkyblockKeyGuardianTimer
com/moonsworth/lunar/client/CCROIHHHCOCHHOHORCIRHOCRROIOCI/RCIOICOHRIOIIRRRROCRHCIICRROHO/HOIHIOIROHORRROCIHRHROHIHIHOCO/HORHROIOIOICIRHIOCOICHHHIHCIIO/IHRHHRIHICHOOICIRIOOHOICHIRHOI/OIRIOIIIRICICCHORICRRIRROHCRIC	com/moonsworth/lunar/client/CCROIHHHCOCHHOHORCIRHOCRROIOCI/RCIOICOHRIOIIRRRROCRHCIICRROHO/HOIHIOIROHORRROCIHRHROHIHIHOCO/HORHROIOIOICIRHIOCOICHHHIHCIIO/IHRHHRIHICHOOICIRIOOHOICHIRHOI/SkyblockScathaTrackerHud
com/moonsworth/lunar/client/CCROIHHHCOCHHOHORCIRHOCRROIOCI/RCIOICOHRIOIIRRRROCRHCIICRROHO/HOIHIOIROHORRROCIHRHROHIHIHOCO/HORHROIOIOICIRHIOCOICHHHIHCIIO/IHRHHRIHICHOOICIRIOOHOICHIRHOI/ORCHOHHCOHCORRICRIHCHHRORHHCHH	com/moonsworth/lunar/client/CCROIHHHCOCHHOHORCIRHOCRROIOCI/RCIOICOHRIOIIRRRROCRHCIICRROHO/HOIHIOIROHORRROCIHRHROHIHIHOCO/HORHROIOIOICIRHIOCOICHHHIHCIIO/IHRHHRIHICHOOICIRIOOHOICHIRHOI/SkyblockMetalDetector
com/moonsworth/lunar/client/CCROIHHHCOCHHOHORCIRHOCRROIOCI/RCIOICOHRIOIIRRRROCRHCIICRROHO/HOIHIOIROHORRROCIHRHROHIHIHOCO/HORHROIOIOICIRHIOCOICHHHIHCIIO/IHRHHRIHICHOOICIRIOOHOICHIRHOI/ORICHRORRORHORHOIHCRHOORCRRHOI	com/moonsworth/lunar/client/CCROIHHHCOCHHOHORCIRHOCRROIOCI/RCIOICOHRIOIIRRRROCRHCIICRROHO/HOIHIOIROHORRROCIHRHROHIHIHOCO/HORHROIOIOICIRHIOCOICHHHIHCIIO/IHRHHRIHICHOOICIRIOOHOICHIRHOI/SkyblockMineshaftCorpseWaypoints
com/moonsworth/lunar/client/CCROIHHHCOCHHOHORCIRHOCRROIOCI/RCIOICOHRIOIIRRRROCRHCIICRROHO/HOIHIOIROHORRROCIHRHROHIHIHOCO/HORHROIOIOICIRHIOCOICHHHIHCIIO/IHRHHRIHICHOOICIRIOOHOICHIRHOI/RCIOICOHRIOIIRRRROCRHCIICRROHO	com/moonsworth/lunar/client/CCROIHHHCOCHHOHORCIRHOCRROIOCI/RCIOICOHRIOIIRRRROCRHCIICRROHO/HOIHIOIROHORRROCIHRHROHIHIHOCO/HORHROIOIOICIRHIOCOICHHHIHCIIO/IHRHHRIHICHOOICIRIOOHOICHIRHOI/SkyblockGlaciteCommissions
com/moonsworth/lunar/client/CCROIHHHCOCHHOHORCIRHOCRROIOCI/RCIOICOHRIOIIRRRROCRHCIICRROHO/HOIHIOIROHORRROCIHRHROHIHIHOCO/HORHROIOIOICIRHIOCOICHHHIHCIIO/IHRHHRIHICHOOICIRIOOHOICHIRHOI/RHIRRICCRHHHIIHHIHHOHRCHIOORCC	com/moonsworth/lunar/client/CCROIHHHCOCHHOHORCIRHOCRROIOCI/RCIOICOHRIOIIRRRROCRHCIICRROHO/HOIHIOIROHORRROCIHRHROHIHIHOCO/HORHROIOIOICIRHIOCOICHHHIHCIIO/IHRHHRIHICHOOICIRIOOHOICHIRHOI/SkyblockTitaniumSpawnAlert
com/moonsworth/lunar/client/CCROIHHHCOCHHOHORCIRHOCRROIOCI/RCIOICOHRIOIIRRRROCRHCIICRROHO/HOIHIOIROHORRROCIHRHROHIHIHOCO/HORHROIOIOICIRHIOCOICHHHIHCIIO/IHRHHRIHICHOOICIRIOOHOICHIRHOI/RIIICIRHRCIHOOOORHOICRIICCCRHR	com/moonsworth/lunar/client/CCROIHHHCOCHHOHORCIRHOCRROIOCI/RCIOICOHRIOIIRRRROCRHCIICRROHO/HOIHIOIROHORRROCIHRHROHIHIHOCO/HORHROIOIOICIRHIOCOICHHHIHCIIO/IHRHHRIHICHOOICIRIOOHOICHIRHOI/SkyblockWormScathaAlert
com/moonsworth/lunar/client/CCROIHHHCOCHHOHORCIRHOCRROIOCI/RCIOICOHRIOIIRRRROCRHCIICRROHO/HOIHIOIROHORRROCIHRHROHIHIHOCO/HORHROIOIOICIRHIOCOICHHHIHCIIO/IIORCIOOIHRRRICOHIRCIHOOCCOHRO/HHRROIIHRRICIIHIIHICRHHRHOHHOO	com/moonsworth/lunar/client/CCROIHHHCOCHHOHORCIRHOCRROIOCI/RCIOICOHRIOIIRRRROCRHCIICRROHO/HOIHIOIROHORRROCIHRHROHIHIHOCO/HORHROIOIOICIRHIOCOICHHHIHCIIO/IIORCIOOIHRRRICOHIRCIHOOCCOHRO/SkyblockNetherBossHud
com/moonsworth/lunar/client/CCROIHHHCOCHHOHORCIRHOCRROIOCI/RCIOICOHRIOIIRRRROCRHCIICRROHO/HOIHIOIROHORRROCIHRHROHIHIHOCO/HORHROIOIOICIRHIOCOICHHHIHCIIO/IIORCIOOIHRRRICOHIRCIHOOCCOHRO/HORHROIOIOICIRHIOCOICHHHIHCIIO	com/moonsworth/lunar/client/CCROIHHHCOCHHOHORCIRHOCRROIOCI/RCIOICOHRIOIIRRRROCRHCIICRROHO/HOIHIOIROHORRROCIHRHROHIHIHOCO/HORHROIOIOICIRHIOCOICHHHIHCIIO/IIORCIOOIHRRRICOHIRCIHOOCCOHRO/SkyblockGravityWellWaypoints
com/moonsworth/lunar/client/CCROIHHHCOCHHOHORCIRHOCRROIOCI/RCIOICOHRIOIIRRRROCRHCIICRROHO/HOIHIOIROHORRROCIHRHROHIHIHOCO/HORHROIOIOICIRHIOCOICHHHIHCIIO/IRCHCHOHRRIOORHRCHRIHIOHRCIHRH/HORHROIOIOICIRHIOCOICHHHIHCIIO	com/moonsworth/lunar/client/CCROIHHHCOCHHOHORCIRHOCRROIOCI/RCIOICOHRIOIIRRRROCRHCIICRROHO/HOIHIOIROHORRROCIHRHROHIHIHOCO/HORHROIOIOICIRHIOCOICHHHIHCIIO/IRCHCHOHRRIOORHRCHRIHIOHRCIHRH/SkyblockInactiveEffigyDisplay
com/moonsworth/lunar/client/CCROIHHHCOCHHOHORCIRHOCRROIOCI/RCIOICOHRIOIIRRRROCRHCIICRROHO/HOIHIOIROHORRROCIHRHROHIHIHOCO/HORHROIOIOICIRHIOCOICHHHIHCIIO/OHOOORICRHIIIIRHCICICOCHROICRC/HHRROIIHRRICIIHIIHICRHHRHOHHOO/HHRROIIHRRICIIHIIHICRHHRHOHHOO	com/moonsworth/lunar/client/CCROIHHHCOCHHOHORCIRHOCRROIOCI/RCIOICOHRIOIIRRRROCRHCIICRROHO/HOIHIOIROHORRROCIHRHROHIHIHOCO/HORHROIOIOICIRHIOCOICHHHIHCIIO/OHOOORICRHIIIIRHCICICOCHROICRC/HHRROIIHRRICIIHIIHICRHHRHOHHOO/SkyblockKuudraAlerts
com/moonsworth/lunar/client/CCROIHHHCOCHHOHORCIRHOCRROIOCI/RCIOICOHRIOIIRRRROCRHCIICRROHO/HOIHIOIROHORRROCIHRHROHIHIHOCO/HORHROIOIOICIRHIOCOICHHHIHCIIO/OHOOORICRHIIIIRHCICICOCHROICRC/HHRROIIHRRICIIHIIHICRHHRHOHHOO/HORHROIOIOICIRHIOCOICHHHIHCIIO	com/moonsworth/lunar/client/CCROIHHHCOCHHOHORCIRHOCRROIOCI/RCIOICOHRIOIIRRRROCRHCIICRROHO/HOIHIOIROHORRROCIHRHROHIHIHOCO/HORHROIOIOICIRHIOCOICHHHIHCIIO/OHOOORICRHIIIIRHCICICOCHROICRC/HHRROIIHRRICIIHIIHICRHHRHOHHOO/SkyblockKuudra
com/moonsworth/lunar/client/CCROIHHHCOCHHOHORCIRHOCRROIOCI/RCIOICOHRIOIIRRRROCRHCIICRROHO/HOIHIOIROHORRROCIHRHROHIHIHOCO/HORHROIOIOICIRHIOCOICHHHIHCIIO/OHOOORICRHIIIIRHCICICOCHROICRC/HHRROIIHRRICIIHIIHICRHHRHOHHOO/HRICOROOOCCOCOROCRHHCRRIRCOICO	com/moonsworth/lunar/client/CCROIHHHCOCHHOHORCIRHOCRROIOCI/RCIOICOHRIOIIRRRROCRHCIICRROHO/HOIHIOIROHORRROCIHRHROHIHIHOCO/HORHROIOIOICIRHIOCOICHHHIHCIIO/OHOOORICRHIIIIRHCICICOCHROICRC/HHRROIIHRRICIIHIIHICRHHRHOHHOO/SkyblockKuudraHealth
com/moonsworth/lunar/client/CCROIHHHCOCHHOHORCIRHOCRROIOCI/RCIOICOHRIOIIRRRROCRHCIICRROHO/HOIHIOIROHORRROCIHRHROHIHIHOCO/HORHROIOIOICIRHIOCOICHHHIHCIIO/OHOOORICRHIIIIRHCICICOCHROICRC/HHRROIIHRRICIIHIIHICRHHRHOHHOO/ICRHORIIHOHROHOHOCOOHOOCOORRHO	com/moonsworth/lunar/client/CCROIHHHCOCHHOHORCIRHOCRROIOCI/RCIOICOHRIOIIRRRROCRHCIICRROHO/HOIHIOIROHORRROCIHRHROHIHIHOCO/HORHROIOIOICIRHIOCOICHHHIHCIIO/OHOOORICRHIIIIRHCICICOCHROICRC/HHRROIIHRRICIIHIIHICRHHRHOHHOO/SkyblockKuudraWaypoints
com/moonsworth/lunar/client/CCROIHHHCOCHHOHORCIRHOCRROIOCI/RCIOICOHRIOIIRRRROCRHCIICRROHO/HOIHIOIROHORRROCIHRHROHIHIHOCO/HORHROIOIOICIRHIOCOICHHHIHCIIO/OHOOORICRHIIIIRHCICICOCHROICRC/HHRROIIHRRICIIHIIHICRHHRHOHHOO_	com/moonsworth/lunar/client/CCROIHHHCOCHHOHORCIRHOCRROIOCI/RCIOICOHRIOIIRRRROCRHCIICRROHO/HOIHIOIROHORRROCIHRHROHIHIHOCO/HORHROIOIOICIRHIOCOICHHHIHCIIO/OHOOORICRHIIIIRHCICICOCHROICRC/SkyblockCroesusChests
com/moonsworth/lunar/client/CCROIHHHCOCHHOHORCIRHOCRROIOCI/RCIOICOHRIOIIRRRROCRHCIICRROHO/HOIHIOIROHORRROCIHRHROHIHIHOCO/HORHROIOIOICIRHIOCOICHHHIHCIIO/OHOOORICRHIIIIRHCICICOCHROICRC/HORHROIOIOICIRHIOCOICHHHIHCIIO/CCROIHHHCOCHHOHORCIRHOCRROIOCI	com/moonsworth/lunar/client/CCROIHHHCOCHHOHORCIRHOCRROIOCI/RCIOICOHRIOIIRRRROCRHCIICRROHO/HOIHIOIROHORRROCIHRHROHIHIHOCO/HORHROIOIOICIRHIOCOICHHHIHCIIO/OHOOORICRHIIIIRHCICICOCHROICRC/HORHROIOIOICIRHIOCOICHHHIHCIIO/SkyblockDungeonRoomNotifications
com/moonsworth/lunar/client/CCROIHHHCOCHHOHORCIRHOCRROIOCI/RCIOICOHRIOIIRRRROCRHCIICRROHO/HOIHIOIROHORRROCIHRHROHIHIHOCO/HORHROIOIOICIRHIOCOICHHHIHCIIO/OHOOORICRHIIIIRHCICICOCHROICRC/HORHROIOIOICIRHIOCOICHHHIHCIIO/CORRCOHCRHOHHOIHOIOICORROHOOOO	com/moonsworth/lunar/client/CCROIHHHCOCHHOHORCIRHOCRROIOCI/RCIOICOHRIOIIRRRROCRHCIICRROHO/HOIHIOIROHORRROCIHRHROHIHIHOCO/HORHROIOIOICIRHIOCOICHHHIHCIIO/OHOOORICRHIIIIRHCICICOCHROICRC/HORHROIOIOICIRHIOCOICHHHIHCIIO/SpiritLeapOverlay
com/moonsworth/lunar/client/CCROIHHHCOCHHOHORCIRHOCRROIOCI/RCIOICOHRIOIIRRRROCRHCIICRROHO/HOIHIOIROHORRROCIHRHROHIHIHOCO/HORHROIOIOICIRHIOCOICHHHIHCIIO/OHOOORICRHIIIIRHCICICOCHROICRC/HORHROIOIOICIRHIOCOICHHHIHCIIO/HCCIHCROHHCOOHCHCHHHICIOROHICC	com/moonsworth/lunar/client/CCROIHHHCOCHHOHORCIRHOCRROIOCI/RCIOICOHRIOIIRRRROCRHCIICRROHO/HOIHIOIROHORRROCIHRHROHIHIHOCO/HORHROIOIOICIRHIOCOICHHHIHCIIO/OHOOORICRHIIIIRHCICICOCHROICRC/HORHROIOIOICIRHIOCOICHHHIHCIIO/SkyblockCriticalDungeonTeammate
com/moonsworth/lunar/client/CCROIHHHCOCHHOHORCIRHOCRROIOCI/RCIOICOHRIOIIRRRROCRHCIICRROHO/HOIHIOIROHORRROCIHRHROHIHIHOCO/HORHROIOIOICIRHIOCOICHHHIHCIIO/OHOOORICRHIIIIRHCICICOCHROICRC/HORHROIOIOICIRHIOCOICHHHIHCIIO/HCHHRHHCRIIORRRICOOCCOCHIRRRRR	com/moonsworth/lunar/client/CCROIHHHCOCHHOHORCIRHOCRROIOCI/RCIOICOHRIOIIRRRROCRHCIICRROHO/HOIHIOIROHORRROCIHRHROHIHIHOCO/HORHROIOIOICIRHIOCOICHHHIHCIIO/OHOOORICRHIIIIRHCICICOCHROICRC/HORHROIOIOICIRHIOCOICHHHIHCIIO/DungeonSecretWaypoints
com/moonsworth/lunar/client/CCROIHHHCOCHHOHORCIRHOCRROIOCI/RCIOICOHRIOIIRRRROCRHCIICRROHO/HOIHIOIROHORRROCIHRHROHIHIHOCO/HORHROIOIOICIRHIOCOICHHHIHCIIO/OHOOORICRHIIIIRHCICICOCHROICRC/HORHROIOIOICIRHIOCOICHHHIHCIIO/HHRROIIHRRICIIHIIHICRHHRHOHHOO/HHRROIIHRRICIIHIIHICRHHRHOHHOO	com/moonsworth/lunar/client/CCROIHHHCOCHHOHORCIRHOCRROIOCI/RCIOICOHRIOIIRRRROCRHCIICRROHO/HOIHIOIROHORRROCIHRHROHIHIHOCO/HORHROIOIOICIRHIOCOICHHHIHCIIO/OHOOORICRHIIIIRHCICICOCHROICRC/HORHROIOIOICIRHIOCOICHHHIHCIIO/HHRROIIHRRICIIHIIHICRHHRHOHHOO/SkyblockArrowAlign
com/moonsworth/lunar/client/CCROIHHHCOCHHOHORCIRHOCRROIOCI/RCIOICOHRIOIIRRRROCRHCIICRROHO/HOIHIOIROHORRROCIHRHROHIHIHOCO/HORHROIOIOICIRHIOCOICHHHIHCIIO/OHOOORICRHIIIIRHCICICOCHROICRC/HORHROIOIOICIRHIOCOICHHHIHCIIO/HHRROIIHRRICIIHIIHICRHHRHOHHOO/HRICOROOOCCOCOROCRHHCRRIRCOICO	com/moonsworth/lunar/client/CCROIHHHCOCHHOHORCIRHOCRROIOCI/RCIOICOHRIOIIRRRROCRHCIICRROHO/HOIHIOIROHORRROCIHRHROHIHIHOCO/HORHROIOIOICIRHIOCOICHHHIHCIIO/OHOOORICRHIIIIRHCICICOCHROICRC/HORHROIOIOICIRHIOCOICHHHIHCIIO/HHRROIIHRRICIIHIIHICRHHRHOHHOO/SkyblockClickInOrder
com/moonsworth/lunar/client/CCROIHHHCOCHHOHORCIRHOCRROIOCI/RCIOICOHRIOIIRRRROCRHCIICRROHO/HOIHIOIROHORRROCIHRHROHIHIHOCO/HORHROIOIOICIRHIOCOICHHHIHCIIO/OHOOORICRHIIIIRHCICICOCHROICRC/HORHROIOIOICIRHIOCOICHHHIHCIIO/HHRROIIHRRICIIHIIHICRHHRHOHHOO/HROHOIOCHIRIHICOORIHOHCIOIRIIH	com/moonsworth/lunar/client/CCROIHHHCOCHHOHORCIRHOCRROIOCI/RCIOICOHRIOIIRRRROCRHCIICRROHO/HOIHIOIROHORRROCIHRHROHIHIHOCO/HORHROIOIOICIRHIOCOICHHHIHCIIO/OHOOORICRHIIIIRHCICICOCHROICRC/HORHROIOIOICIRHIOCOICHHHIHCIIO/HHRROIIHRRICIIHIIHICRHHRHOHHOO/SkyblockTerminalSplits
com/moonsworth/lunar/client/CCROIHHHCOCHHOHORCIRHOCRROIOCI/RCIOICOHRIOIIRRRROCRHCIICRROHO/HOIHIOIROHORRROCIHRHROHIHIHOCO/HORHROIOIOICIRHIOCOICHHHIHCIIO/OHOOORICRHIIIIRHCICICOCHROICRC/HORHROIOIOICIRHIOCOICHHHIHCIIO/HHRROIIHRRICIIHIIHICRHHRHOHHOO/ICRHORIIHOHROHOHOCOOHOOCOORRHO	com/moonsworth/lunar/client/CCROIHHHCOCHHOHORCIRHOCRROIOCI/RCIOICOHRIOIIRRRROCRHCIICRROHO/HOIHIOIROHORRROCIHRHROHIHIHOCO/HORHROIOIOICIRHIOCOICHHHIHCIIO/OHOOORICRHIIIIRHCICICOCHROICRC/HORHROIOIOICIRHIOCOICHHHIHCIIO/HHRROIIHRRICIIHIIHICRHHRHOHHOO/SkyblockFirstLetter
com/moonsworth/lunar/client/CCROIHHHCOCHHOHORCIRHOCRROIOCI/RCIOICOHRIOIIRRRROCRHCIICRROHO/HOIHIOIROHORRROCIHRHROHIHIHOCO/HORHROIOIOICIRHIOCOICHHHIHCIIO/OHOOORICRHIIIIRHCICICOCHROICRC/HORHROIOIOICIRHIOCOICHHHIHCIIO/HHRROIIHRRICIIHIIHICRHHRHOHHOO/OHROCHICOIOICHOCRROORRCIIICIHO	com/moonsworth/lunar/client/CCROIHHHCOCHHOHORCIRHOCRROIOCI/RCIOICOHRIOIIRRRROCRHCIICRROHO/HOIHIOIROHORRROCIHRHROHIHIHOCO/HORHROIOIOICIRHIOCOICHHHIHCIIO/OHOOORICRHIIIIRHCICICOCHROICRC/HORHROIOIOICIRHIOCOICHHHIHCIIO/HHRROIIHRRICIIHIIHICRHHRHOHHOO/SkyblockSelectColor
com/moonsworth/lunar/client/CCROIHHHCOCHHOHORCIRHOCRROIOCI/RCIOICOHRIOIIRRRROCRHCIICRROHO/HOIHIOIROHORRROCIHRHROHIHIHOCO/HORHROIOIOICIRHIOCOICHHHIHCIIO/OHOOORICRHIIIIRHCICICOCHROICRC/HORHROIOIOICIRHIOCOICHHHIHCIIO/HHRROIIHRRICIIHIIHICRHHRHOHHOO/ORCHOHHCOHCORRICRIHCHHRORHHCHH	com/moonsworth/lunar/client/CCROIHHHCOCHHOHORCIRHOCRROIOCI/RCIOICOHRIOIIRRRROCRHCIICRROHO/HOIHIOIROHORRROCIHRHROHIHIHOCO/HORHROIOIOICIRHIOCOICHHHIHCIIO/OHOOORICRHIIIIRHCICICOCHROICRC/HORHROIOIOICIRHIOCOICHHHIHCIIO/HHRROIIHRRICIIHIIHICRHHRHOHHOO/SkyblockSimonSays
com/moonsworth/lunar/client/CCROIHHHCOCHHOHORCIRHOCRROIOCI/RCIOICOHRIOIIRRRROCRHCIICRROHO/HOIHIOIROHORRROCIHRHROHIHIHOCO/HORHROIOIOICIRHIOCOICHHHIHCIIO/OHOOORICRHIIIIRHCICICOCHROICRC/HORHROIOIOICIRHIOCOICHHHIHCIIO/HHRROIIHRRICIIHIIHICRHHRHOHHOO/ORICHRORRORHORHOIHCRHOORCRRHOI	com/moonsworth/lunar/client/CCROIHHHCOCHHOHORCIRHOCRROIOCI/RCIOICOHRIOIIRRRROCRHCIICRROHO/HOIHIOIROHORRROCIHRHROHIHIHOCO/HORHROIOIOICIRHIOCOICHHHIHCIIO/OHOOORICRHIIIIRHCICICOCHROICRC/HORHROIOIOICIRHIOCOICHHHIHCIIO/HHRROIIHRRICIIHIIHICRHHRHOHHOO/SkyblockTargetPractice
com/moonsworth/lunar/client/CCROIHHHCOCHHOHORCIRHOCRROIOCI/RCIOICOHRIOIIRRRROCRHCIICRROHO/HOIHIOIROHORRROCIHRHROHIHIHOCO/HORHROIOIOICIRHIOCOICHHHIHCIIO/OHOOORICRHIIIIRHCICICOCHROICRC/HORHROIOIOICIRHIOCOICHHHIHCIIO/HHRROIIHRRICIIHIIHICRHHRHOHHOO/RCIOICOHRIOIIRRRROCRHCIICRROHO	com/moonsworth/lunar/client/CCROIHHHCOCHHOHORCIRHOCRROIOCI/RCIOICOHRIOIIRRRROCRHCIICRROHO/HOIHIOIROHORRROCIHRHROHIHIHOCO/HORHROIOIOICIRHIOCOICHHHIHCIIO/OHOOORICRHIIIIRHCICICOCHROICRC/HORHROIOIOICIRHIOCOICHHHIHCIIO/HHRROIIHRRICIIHIIHICRHHRHOHHOO/SkyblockMatchColors
com/moonsworth/lunar/client/CCROIHHHCOCHHOHORCIRHOCRROIOCI/RCIOICOHRIOIIRRRROCRHCIICRROHO/HOIHIOIROHORRROCIHRHROHIHIHOCO/HORHROIOIOICIRHIOCOICHHHIHCIIO/OHOOORICRHIIIIRHCICICOCHROICRC/HORHROIOIOICIRHIOCOICHHHIHCIIO/HHRROIIHRRICIIHIIHICRHHRHOHHOO_	com/moonsworth/lunar/client/CCROIHHHCOCHHOHORCIRHOCRROIOCI/RCIOICOHRIOIIRRRROCRHCIICRROHO/HOIHIOIROHORRROCIHRHROHIHIHOCO/HORHROIOIOICIRHIOCOICHHHIHCIIO/OHOOORICRHIIIIRHCICICOCHROICRC/HORHROIOIOICIRHIOCOICHHHIHCIIO/SkyblockDungeonBloodCampHelper
com/moonsworth/lunar/client/CCROIHHHCOCHHOHORCIRHOCRROIOCI/RCIOICOHRIOIIRRRROCRHCIICRROHO/HOIHIOIROHORRROCIHRHROHIHIHOCO/HORHROIOIOICIRHIOCOICHHHIHCIIO/OHOOORICRHIIIIRHCICICOCHROICRC/HORHROIOIOICIRHIOCOICHHHIHCIIO/HICCRORORCRIHCORCCIORIOROORIHR	com/moonsworth/lunar/client/CCROIHHHCOCHHOHORCIRHOCRROIOCI/RCIOICOHRIOIIRRRROCRHCIICRROHO/HOIHIOIROHORRROCIHRHROHIHIHOCO/HORHROIOIOICIRHIOCOICHHHIHCIIO/OHOOORICRHIIIIRHCICICOCHROICRC/HORHROIOIOICIRHIOCOICHHHIHCIIO/SkyblockDungeonPuzzles
com/moonsworth/lunar/client/CCROIHHHCOCHHOHORCIRHOCRROIOCI/RCIOICOHRIOIIRRRROCRHCIICRROHO/HOIHIOIROHORRROCIHRHROHIHIHOCO/HORHROIOIOICIRHIOCOICHHHIHCIIO/OHOOORICRHIIIIRHCICICOCHROICRC/HORHROIOIOICIRHIOCOICHHHIHCIIO/HIOROOCORHICHIRIHIRCCORCIIICCH	com/moonsworth/lunar/client/CCROIHHHCOCHHOHORCIRHOCRROIOCI/RCIOICOHRIOIIRRRROCRHCIICRROHO/HOIHIOIROHORRROCIHRHROHIHIHOCO/HORHROIOIOICIRHIOCOICHHHIHCIIO/OHOOORICRHIIIIRHCICICOCHROICRC/HORHROIOIOICIRHIOCOICHHHIHCIIO/SkyblockGiantHpAtFeet
com/moonsworth/lunar/client/CCROIHHHCOCHHOHORCIRHOCRROIOCI/RCIOICOHRIOIIRRRROCRHCIICRROHO/HOIHIOIROHORRROCIHRHROHIHIHOCO/HORHROIOIOICIRHIOCOICHHHIHCIIO/OHOOORICRHIIIIRHCICICOCHROICRC/HORHROIOIOICIRHIOCOICHHHIHCIIO/HIRHCCHIRHRORIICOIHIHCICOIRHHC	com/moonsworth/lunar/client/CCROIHHHCOCHHOHORCIRHOCRROIOCI/RCIOICOHRIOIIRRRROCRHCIICRROHO/HOIHIOIROHORRROCIHRHROHIHIHOCO/HORHROIOIOICIRHIOCOICHHHIHCIIO/OHOOORICRHIIIIRHCICICOCHROICRC/HORHROIOIOICIRHIOCOICHHHIHCIIO/SkyblockUnfinishedTerminals
com/moonsworth/lunar/client/CCROIHHHCOCHHOHORCIRHOCRROIOCI/RCIOICOHRIOIIRRRROCRHCIICRROHO/HOIHIOIROHORRROCIHRHROHIHIHOCO/HORHROIOIOICIRHIOCOICHHHIHCIIO/OHOOORICRHIIIIRHCICICOCHROICRC/HORHROIOIOICIRHIOCOICHHHIHCIIO/HORHROIOIOICIRHIOCOICHHHIHCIIO/CCROIHHHCOCHHOHORCIRHOCRROIOCI	com/moonsworth/lunar/client/CCROIHHHCOCHHOHORCIRHOCRROIOCI/RCIOICOHRIOIIRRRROCRHCIICRROHO/HOIHIOIROHORRROCIHRHROHIHIHOCO/HORHROIOIOICIRHIOCOICHHHIHCIIO/OHOOORICRHIIIIRHCICICOCHROICRC/HORHROIOIOICIRHIOCOICHHHIHCIIO/HORHROIOIOICIRHIOCOICHHHIHCIIO/SkyblockTpMaze
com/moonsworth/lunar/client/CCROIHHHCOCHHOHORCIRHOCRROIOCI/RCIOICOHRIOIIRRRROCRHCIICRROHO/HOIHIOIROHORRROCIHRHROHIHIHOCO/HORHROIOIOICIRHIOCOICHHHIHCIIO/OHOOORICRHIIIIRHCICICOCHROICRC/HORHROIOIOICIRHIOCOICHHHIHCIIO/HORHROIOIOICIRHIOCOICHHHIHCIIO/HORHROIOIOICIRHIOCOICHHHIHCIIO	com/moonsworth/lunar/client/CCROIHHHCOCHHOHORCIRHOCRROIOCI/RCIOICOHRIOIIRRRROCRHCIICRROHO/HOIHIOIROHORRROCIHRHROHIHIHOCO/HORHROIOIOICIRHIOCOICHHHIHCIIO/OHOOORICRHIIIIRHCICICOCHROICRC/HORHROIOIOICIRHIOCOICHHHIHCIIO/HORHROIOIOICIRHIOCOICHHHIHCIIO/SkyblockBoulder
com/moonsworth/lunar/client/CCROIHHHCOCHHOHORCIRHOCRROIOCI/RCIOICOHRIOIIRRRROCRHCIICRROHO/HOIHIOIROHORRROCIHRHROHIHIHOCO/HORHROIOIOICIRHIOCOICHHHIHCIIO/OHOOORICRHIIIIRHCICICOCHROICRC/HORHROIOIOICIRHIOCOICHHHIHCIIO/HORHROIOIOICIRHIOCOICHHHIHCIIO/HRICOROOOCCOCOROCRHHCRRIRCOICO	com/moonsworth/lunar/client/CCROIHHHCOCHHOHORCIRHOCRROIOCI/RCIOICOHRIOIIRRRROCRHCIICRROHO/HOIHIOIROHORRROCIHRHROHIHIHOCO/HORHROIOIOICIRHIOCOICHHHIHCIIO/OHOOORICRHIIIIRHCICICOCHROICRC/HORHROIOIOICIRHIOCOICHHHIHCIIO/HORHROIOIOICIRHIOCOICHHHIHCIIO/SkyblockCreeperBeams
com/moonsworth/lunar/client/CCROIHHHCOCHHOHORCIRHOCRROIOCI/RCIOICOHRIOIIRRRROCRHCIICRROHO/HOIHIOIROHORRROCIHRHROHIHIHOCO/HORHROIOIOICIRHIOCOICHHHIHCIIO/OHOOORICRHIIIIRHCICICOCHROICRC/HORHROIOIOICIRHIOCOICHHHIHCIIO/HORHROIOIOICIRHIOCOICHHHIHCIIO/HROHOIOCHIRIHICOORIHOHCIOIRIIH	com/moonsworth/lunar/client/CCROIHHHCOCHHOHORCIRHOCRROIOCI/RCIOICOHRIOIIRRRROCRHCIICRROHO/HOIHIOIROHORRROCIHRHROHIHIHOCO/HORHROIOIOICIRHIOCOICHHHIHCIIO/OHOOORICRHIIIIRHCICICOCHROICRC/HORHROIOIOICIRHIOCOICHHHIHCIIO/HORHROIOIOICIRHIOCOICHHHIHCIIO/SkyblockTicTacToe
com/moonsworth/lunar/client/CCROIHHHCOCHHOHORCIRHOCRROIOCI/RCIOICOHRIOIIRRRROCRHCIICRROHO/HOIHIOIROHORRROCIHRHROHIHIHOCO/HORHROIOIOICIRHIOCOICHHHIHCIIO/OHOOORICRHIIIIRHCICICOCHROICRC/HORHROIOIOICIRHIOCOICHHHIHCIIO/HORHROIOIOICIRHIOCOICHHHIHCIIO/ICRHORIIHOHROHOHOCOOHOOCOORRHO	com/moonsworth/lunar/client/CCROIHHHCOCHHOHORCIRHOCRROIOCI/RCIOICOHRIOIIRRRROCRHCIICRROHO/HOIHIOIROHORRROCIHRHROHIHIHOCO/HORHROIOIOICIRHIOCOICHHHIHCIIO/OHOOORICRHIIIIRHCICICOCHROICRC/HORHROIOIOICIRHIOCOICHHHIHCIIO/HORHROIOIOICIRHIOCOICHHHIHCIIO/SkyblockHigherLower
com/moonsworth/lunar/client/CCROIHHHCOCHHOHORCIRHOCRROIOCI/RCIOICOHRIOIIRRRROCRHCIICRROHO/HOIHIOIROHORRROCIHRHROHIHIHOCO/HORHROIOIOICIRHIOCOICHHHIHCIIO/OHOOORICRHIIIIRHCICICOCHROICRC/HORHROIOIOICIRHIOCOICHHHIHCIIO/HORHROIOIOICIRHIOCOICHHHIHCIIO/OHOOORICRHIIIIRHCICICOCHROICRC	com/moonsworth/lunar/client/CCROIHHHCOCHHOHORCIRHOCRROIOCI/RCIOICOHRIOIIRRRROCRHCIICRROHO/HOIHIOIROHORRROCIHRHROHIHIHOCO/HORHROIOIOICIRHIOCOICHHHIHCIIO/OHOOORICRHIIIIRHCICICOCHROICRC/HORHROIOIOICIRHIOCOICHHHIHCIIO/HORHROIOIOICIRHIOCOICHHHIHCIIO/SkyblockWaterRoom
com/moonsworth/lunar/client/CCROIHHHCOCHHOHORCIRHOCRROIOCI/RCIOICOHRIOIIRRRROCRHCIICRROHO/HOIHIOIROHORRROCIHRHROHIHIHOCO/HORHROIOIOICIRHIOCOICHHHIHCIIO/OHOOORICRHIIIIRHCICICOCHROICRC/HORHROIOIOICIRHIOCOICHHHIHCIIO/HORHROIOIOICIRHIOCOICHHHIHCIIO/OHROCHICOIOICHOCRROORRCIIICIHO	com/moonsworth/lunar/client/CCROIHHHCOCHHOHORCIRHOCRROIOCI/RCIOICOHRIOIIRRRROCRHCIICRROHO/HOIHIOIROHORRROCIHRHROHIHIHOCO/HORHROIOIOICIRHIOCOICHHHIHCIIO/OHOOORICRHIIIIRHCICICOCHROICRC/HORHROIOIOICIRHIOCOICHHHIHCIIO/HORHROIOIOICIRHIOCOICHHHIHCIIO/SkyblockIcePath
com/moonsworth/lunar/client/CCROIHHHCOCHHOHORCIRHOCRROIOCI/RCIOICOHRIOIIRRRROCRHCIICRROHO/HOIHIOIROHORRROCIHRHROHIHIHOCO/HORHROIOIOICIRHIOCOICHHHIHCIIO/OHOOORICRHIIIIRHCICICOCHROICRC/HORHROIOIOICIRHIOCOICHHHIHCIIO/HORHROIOIOICIRHIOCOICHHHIHCIIO/ORCHOHHCOHCORRICRIHCHHRORHHCHH	com/moonsworth/lunar/client/CCROIHHHCOCHHOHORCIRHOCRROIOCI/RCIOICOHRIOIIRRRROCRHCIICRROHO/HOIHIOIROHORRROCIHRHROHIHIHOCO/HORHROIOIOICIRHIOCOICHHHIHCIIO/OHOOORICRHIIIIRHCICICOCHROICRC/HORHROIOIOICIRHIOCOICHHHIHCIIO/HORHROIOIOICIRHIOCOICHHHIHCIIO/SkyblockQuiz
com/moonsworth/lunar/client/CCROIHHHCOCHHOHORCIRHOCRROIOCI/RCIOICOHRIOIIRRRROCRHCIICRROHO/HOIHIOIROHORRROCIHRHROHIHIHOCO/HORHROIOIOICIRHIOCOICHHHIHCIIO/OHOOORICRHIIIIRHCICICOCHROICRC/HORHROIOIOICIRHIOCOICHHHIHCIIO/HORHROIOIOICIRHIOCOICHHHIHCIIO/ORICHRORRORHORHOIHCRHOORCRRHOI	com/moonsworth/lunar/client/CCROIHHHCOCHHOHORCIRHOCRROIOCI/RCIOICOHRIOIIRRRROCRHCIICRROHO/HOIHIOIROHORRROCIHRHROHIHIHOCO/HORHROIOIOICIRHIOCOICHHHIHCIIO/OHOOORICRHIIIIRHCICICOCHROICRC/HORHROIOIOICIRHIOCOICHHHIHCIIO/HORHROIOIOICIRHIOCOICHHHIHCIIO/SkyblockThreeWeirdos
com/moonsworth/lunar/client/CCROIHHHCOCHHOHORCIRHOCRROIOCI/RCIOICOHRIOIIRRRROCRHCIICRROHO/HOIHIOIROHORRROCIHRHROHIHIHOCO/HORHROIOIOICIRHIOCOICHHHIHCIIO/OHOOORICRHIIIIRHCICICOCHROICRC/HORHROIOIOICIRHIOCOICHHHIHCIIO/HORHROIOIOICIRHIOCOICHHHIHCIIO/RCIOICOHRIOIIRRRROCRHCIICRROHO	com/moonsworth/lunar/client/CCROIHHHCOCHHOHORCIRHOCRROIOCI/RCIOICOHRIOIIRRRROCRHCIICRROHO/HOIHIOIROHORRROCIHRHROHIHIHOCO/HORHROIOIOICIRHIOCOICHHHIHCIIO/OHOOORICRHIIIIRHCICICOCHROICRC/HORHROIOIOICIRHIOCOICHHHIHCIIO/HORHROIOIOICIRHIOCOICHHHIHCIIO/SkyblockIceFill
com/moonsworth/lunar/client/CCROIHHHCOCHHOHORCIRHOCRROIOCI/RCIOICOHRIOIIRRRROCRHCIICRROHO/HOIHIOIROHORRROCIHRHROHIHIHOCO/HORHROIOIOICIRHIOCOICHHHIHCIIO/OHOOORICRHIIIIRHCICICOCHROICRC/HORHROIOIOICIRHIOCOICHHHIHCIIO/HORHROIOIOICIRHIOCOICHHHIHCIIO_	com/moonsworth/lunar/client/CCROIHHHCOCHHOHORCIRHOCRROIOCI/RCIOICOHRIOIIRRRROCRHCIICRROHO/HOIHIOIROHORRROCIHRHROHIHIHOCO/HORHROIOIOICIRHIOCOICHHHIHCIIO/OHOOORICRHIIIIRHCICICOCHROICRC/HORHROIOIOICIRHIOCOICHHHIHCIIO/SkyblockDungeonBatHelper
com/moonsworth/lunar/client/CCROIHHHCOCHHOHORCIRHOCRROIOCI/RCIOICOHRIOIIRRRROCRHCIICRROHO/HOIHIOIROHORRROCIHRHROHIHIHOCO/HORHROIOIOICIRHIOCOICHHHIHCIIO/OHOOORICRHIIIIRHCICICOCHROICRC/HORHROIOIOICIRHIOCOICHHHIHCIIO/HRICOROOOCCOCOROCRHHCRRIRCOICO/RCIOICOHRIOIIRRRROCRHCIICRROHO	com/moonsworth/lunar/client/CCROIHHHCOCHHOHORCIRHOCRROIOCI/RCIOICOHRIOIIRRRROCRHCIICRROHO/HOIHIOIROHORRROCIHRHROHIHIHOCO/HORHROIOIOICIRHIOCOICHHHIHCIIO/OHOOORICRHIIIIRHCICICOCHROICRC/HORHROIOIOICIRHIOCOICHHHIHCIIO/HRICOROOOCCOCOROCRHHCRRIRCOICO/DungeonWaypoints
com/moonsworth/lunar/client/CCROIHHHCOCHHOHORCIRHOCRROIOCI/RCIOICOHRIOIIRRRROCRHCIICRROHO/HOIHIOIROHORRROCIHRHROHIHIHOCO/HORHROIOIOICIRHIOCOICHHHIHCIIO/OHOOORICRHIIIIRHCICICOCHROICRC/HORHROIOIOICIRHIOCOICHHHIHCIIO/HRICOROOOCCOCOROCRHHCRRIRCOICO_	com/moonsworth/lunar/client/CCROIHHHCOCHHOHORCIRHOCRROIOCI/RCIOICOHRIOIIRRRROCRHCIICRROHO/HOIHIOIROHORRROCIHRHROHIHIHOCO/HORHROIOIOICIRHIOCOICHHHIHCIIO/OHOOORICRHIIIIRHCICICOCHROICRC/HORHROIOIOICIRHIOCOICHHHIHCIIO/SkyblockCollectedSecret
com/moonsworth/lunar/client/CCROIHHHCOCHHOHORCIRHOCRROIOCI/RCIOICOHRIOIIRRRROCRHCIICRROHO/HOIHIOIROHORRROCIHRHROHIHIHOCO/HORHROIOIOICIRHIOCOICHHHIHCIIO/OHOOORICRHIIIIRHCICICOCHROICRC/HORHROIOIOICIRHIOCOICHHHIHCIIO/HROHOIOCHIRIHICOORIHOHCIOIRIIH	com/moonsworth/lunar/client/CCROIHHHCOCHHOHORCIRHOCRROIOCI/RCIOICOHRIOIIRRRROCRHCIICRROHO/HOIHIOIROHORRROCIHRHROHIHIHOCO/HORHROIOIOICIRHIOCOICHHHIHCIIO/OHOOORICRHIIIIRHCICICOCHROICRC/HORHROIOIOICIRHIOCOICHHHIHCIIO/SkyblockDungeonNametags
com/moonsworth/lunar/client/CCROIHHHCOCHHOHORCIRHOCRROIOCI/RCIOICOHRIOIIRRRROCRHCIICRROHO/HOIHIOIROHORRROCIHRHROHIHIHOCO/HORHROIOIOICIRHIOCOICHHHIHCIIO/OHOOORICRHIIIIRHCICICOCHROICRC/HORHROIOIOICIRHIOCOICHHHIHCIIO/HRORICORIHHHRICRIRCIIOHCRIRRHI	com/moonsworth/lunar/client/CCROIHHHCOCHHOHORCIRHOCRROIOCI/RCIOICOHRIOIIRRRROCRHCIICRROHO/HOIHIOIROHORRROCIHRHROHIHIHOCO/HORHROIOIOICIRHIOCOICHHHIHCIIO/OHOOORICRHIIIIRHCICICOCHROICRC/HORHROIOIOICIRHIOCOICHHHIHCIIO/SkyblockProfessorGuardianHp
com/moonsworth/lunar/client/CCROIHHHCOCHHOHORCIRHOCRROIOCI/RCIOICOHRIOIIRRRROCRHCIICRROHO/HOIHIOIROHORRROCIHRHROHIHIHOCO/HORHROIOIOICIRHIOCOICHHHIHCIIO/OHOOORICRHIIIIRHCICICOCHROICRC/HORHROIOIOICIRHIOCOICHHHIHCIIO/ICRHORIIHOHROHOHOCOOHOOCOORRHO	com/moonsworth/lunar/client/CCROIHHHCOCHHOHORCIRHOCRROIOCI/RCIOICOHRIOIIRRRROCRHCIICRROHO/HOIHIOIROHORRROCIHRHROHIHIHOCO/HORHROIOIOICIRHIOCOICHHHIHCIIO/OHOOORICRHIIIIRHCICICOCHROICRC/HORHROIOIOICIRHIOCOICHHHIHCIIO/SkyblockDungeonScoreAlert
com/moonsworth/lunar/client/CCROIHHHCOCHHOHORCIRHOCRROIOCI/RCIOICOHRIOIIRRRROCRHCIICRROHO/HOIHIOIROHORRROCIHRHROHIHIHOCO/HORHROIOIOICIRHIOCOICHHHIHCIIO/OHOOORICRHIIIIRHCICICOCHROICRC/HORHROIOIOICIRHIOCOICHHHIHCIIO/IHRHHRIHICHOOICIRIOOHOICHIRHOI	com/moonsworth/lunar/client/CCROIHHHCOCHHOHORCIRHOCRROIOCI/RCIOICOHRIOIIRRRROCRHCIICRROHO/HOIHIOIROHORRROCIHRHROHIHIHOCO/HORHROIOIOICIRHIOCOICHHHIHCIIO/OHOOORICRHIIIIRHCICICOCHROICRC/HORHROIOIOICIRHIOCOICHHHIHCIIO/SkyblockDungeonHighlightDoors
com/moonsworth/lunar/client/CCROIHHHCOCHHOHORCIRHOCRROIOCI/RCIOICOHRIOIIRRRROCRHCIICRROHO/HOIHIOIROHORRROCIHRHROHIHIHOCO/HORHROIOIOICIRHIOCOICHHHIHCIIO/OHOOORICRHIIIIRHCICICOCHROICRC/HORHROIOIOICIRHIOCOICHHHIHCIIO/IIORCIOOIHRRRICOHIRCIHOOCCOHRO	com/moonsworth/lunar/client/CCROIHHHCOCHHOHORCIRHOCRROIOCI/RCIOICOHRIOIIRRRROCRHCIICRROHO/HOIHIOIROHORRROCIHRHROHIHIHOCO/HORHROIOIOICIRHIOCOICHHHIHCIIO/OHOOORICRHIIIIRHCICICOCHROICRC/HORHROIOIOICIRHIOCOICHHHIHCIIO/StarredMobHighlight
com/moonsworth/lunar/client/CCROIHHHCOCHHOHORCIRHOCRROIOCI/RCIOICOHRIOIIRRRROCRHCIICRROHO/HOIHIOIROHORRROCIHRHROHIHIHOCO/HORHROIOIOICIRHIOCOICHHHIHCIIO/OHOOORICRHIIIIRHCICICOCHROICRC/HORHROIOIOICIRHIOCOICHHHIHCIIO/IRCHCHOHRRIOORHRCHRIHIOHRCIHRH	com/moonsworth/lunar/client/CCROIHHHCOCHHOHORCIRHOCRROIOCI/RCIOICOHRIOIIRRRROCRHCIICRROHO/HOIHIOIROHORRROCIHRHROHIHIHOCO/HORHROIOIOICIRHIOCOICHHHIHCIIO/OHOOORICRHIIIIRHCICICOCHROICRC/HORHROIOIOICIRHIOCOICHHHIHCIIO/SkyblockMageBeam
com/moonsworth/lunar/client/CCROIHHHCOCHHOHORCIRHOCRROIOCI/RCIOICOHRIOIIRRRROCRHCIICRROHO/HOIHIOIROHORRROCIHRHROHIHIHOCO/HORHROIOIOICIRHIOCOICHHHIHCIIO/OHOOORICRHIIIIRHCICICOCHROICRC/HORHROIOIOICIRHIOCOICHHHIHCIIO/OCRORCCHCRIOOIRHOHRRHCRRHRCIHO	com/moonsworth/lunar/client/CCROIHHHCOCHHOHORCIRHOCRROIOCI/RCIOICOHRIOIIRRRROCRHCIICRROHO/HOIHIOIROHORRROCIHRHROHIHIHOCO/HORHROIOIOICIRHIOCOICHHHIHCIIO/OHOOORICRHIIIIRHCICICOCHROICRC/HORHROIOIOICIRHIOCOICHHHIHCIIO/SkyblockSpiritLeapAnnounce
com/moonsworth/lunar/client/CCROIHHHCOCHHOHORCIRHOCRROIOCI/RCIOICOHRIOIIRRRROCRHCIICRROHO/HOIHIOIROHORRROCIHRHROHIHIHOCO/HORHROIOIOICIRHIOCOICHHHIHCIIO/OHOOORICRHIIIIRHCICICOCHROICRC/HORHROIOIOICIRHIOCOICHHHIHCIIO/OHOOORICRHIIIIRHCICICOCHROICRC	com/moonsworth/lunar/client/CCROIHHHCOCHHOHORCIRHOCRROIOCI/RCIOICOHRIOIIRRRROCRHCIICRROHO/HOIHIOIROHORRROCIHRHROHIHIHOCO/HORHROIOIOICIRHIOCOICHHHIHCIIO/OHOOORICRHIIIIRHCICICOCHROICRC/HORHROIOIOICIRHIOCOICHHHIHCIIO/SkyblockDungeonRoutes
com/moonsworth/lunar/client/CCROIHHHCOCHHOHORCIRHOCRROIOCI/RCIOICOHRIOIIRRRROCRHCIICRROHO/HOIHIOIROHORRROCIHRHROHIHIHOCO/HORHROIOIOICIRHIOCOICHHHIHCIIO/OHOOORICRHIIIIRHCICICOCHROICRC/HORHROIOIOICIRHIOCOICHHHIHCIIO/OHROCHICOIOICHOCRROORRCIIICIHO	com/moonsworth/lunar/client/CCROIHHHCOCHHOHORCIRHOCRROIOCI/RCIOICOHRIOIIRRRROCRHCIICRROHO/HOIHIOIROHORRROCIHRHROHIHIHOCO/HORHROIOIOICIRHIOCOICHHHIHCIIO/OHOOORICRHIIIIRHCICICOCHROICRC/HORHROIOIOICIRHIOCOICHHHIHCIIO/SkyblockDungeonColors
com/moonsworth/lunar/client/CCROIHHHCOCHHOHORCIRHOCRROIOCI/RCIOICOHRIOIIRRRROCRHCIICRROHO/HOIHIOIROHORRROCIHRHROHIHIHOCO/HORHROIOIOICIRHIOCOICHHHIHCIIO/OHOOORICRHIIIIRHCICICOCHROICRC/HORHROIOIOICIRHIOCOICHHHIHCIIO/OIRIOIIIRICICCHORICRRIRROHCRIC	com/moonsworth/lunar/client/CCROIHHHCOCHHOHORCIRHOCRROIOCI/RCIOICOHRIOIIRRRROCRHCIICRROHO/HOIHIOIROHORRROCIHRHROHIHIHOCO/HORHROIOIOICIRHIOCOICHHHIHCIIO/OHOOORICRHIIIIRHCICICOCHROICRC/HORHROIOIOICIRHIOCOICHHHIHCIIO/SkyblockDungeonTeammateHighlight
com/moonsworth/lunar/client/CCROIHHHCOCHHOHORCIRHOCRROIOCI/RCIOICOHRIOIIRRRROCRHCIICRROHO/HOIHIOIROHORRROCIHRHROHIHIHOCO/HORHROIOIOICIRHIOCOICHHHIHCIIO/OHOOORICRHIIIIRHCICICOCHROICRC/HORHROIOIOICIRHIOCOICHHHIHCIIO/OORHIHOOORHHIRORRICRRORCHRRIIC	com/moonsworth/lunar/client/CCROIHHHCOCHHOHORCIRHOCRROIOCI/RCIOICOHRIOIIRRRROCRHCIICRROHO/HOIHIOIROHORRROCIHRHROHIHIHOCO/HORHROIOIOICIRHIOCOICHHHIHCIIO/OHOOORICRHIIIIRHCICICOCHROICRC/HORHROIOIOICIRHIOCOICHHHIHCIIO/SkyblockTerminalSolvers
com/moonsworth/lunar/client/CCROIHHHCOCHHOHORCIRHOCRROIOCI/RCIOICOHRIOIIRRRROCRHCIICRROHO/HOIHIOIROHORRROCIHRHROHIHIHOCO/HORHROIOIOICIRHIOCOICHHHIHCIIO/OHOOORICRHIIIIRHCICICOCHROICRC/HORHROIOIOICIRHIOCOICHHHIHCIIO/ORCHOHHCOHCORRICRIHCHHRORHHCHH	com/moonsworth/lunar/client/CCROIHHHCOCHHOHORCIRHOCRROIOCI/RCIOICOHRIOIIRRRROCRHCIICRROHO/HOIHIOIROHORRROCIHRHROHIHIHOCO/HORHROIOIOICIRHIOCOICHHHIHCIIO/OHOOORICRHIIIIRHCICICOCHROICRC/HORHROIOIOICIRHIOCOICHHHIHCIIO/SkyblockDungeonFeedback
com/moonsworth/lunar/client/CCROIHHHCOCHHOHORCIRHOCRROIOCI/RCIOICOHRIOIIRRRROCRHCIICRROHO/HOIHIOIROHORRROCIHRHROHIHIHOCO/HORHROIOIOICIRHIOCOICHHHIHCIIO/OHOOORICRHIIIIRHCICICOCHROICRC/HORHROIOIOICIRHIOCOICHHHIHCIIO/ORICHRORRORHORHOIHCRHOORCRRHOI	com/moonsworth/lunar/client/CCROIHHHCOCHHOHORCIRHOCRROIOCI/RCIOICOHRIOIIRRRROCRHCIICRROHO/HOIHIOIROHORRROCIHRHROHIHIHOCO/HORHROIOIOICIRHIOCOICHHHIHCIIO/OHOOORICRHIIIIRHCICICOCHROICRC/HORHROIOIOICIRHIOCOICHHHIHCIIO/SkyblockDungeonQuality
com/moonsworth/lunar/client/CCROIHHHCOCHHOHORCIRHOCRROIOCI/RCIOICOHRIOIIRRRROCRHCIICRROHO/HOIHIOIROHORRROCIHRHROHIHIHOCO/HORHROIOIOICIRHIOCOICHHHIHCIIO/OHOOORICRHIIIIRHCICICOCHROICRC/HORHROIOIOICIRHIOCOICHHHIHCIIO/RCIOICOHRIOIIRRRROCRHCIICRROHO	com/moonsworth/lunar/client/CCROIHHHCOCHHOHORCIRHOCRROIOCI/RCIOICOHRIOIIRRRROCRHCIICRROHO/HOIHIOIROHORRROCIHRHROHIHIHOCO/HORHROIOIOICIRHIOCOICHHHIHCIIO/OHOOORICRHIIIIRHCICICOCHROICRC/HORHROIOIOICIRHIOCOICHHHIHCIIO/SkyblockDungeonBloodNotification
com/moonsworth/lunar/client/CCROIHHHCOCHHOHORCIRHOCRROIOCI/RCIOICOHRIOIIRRRROCRHCIICRROHO/HOIHIOIROHORRROCIHRHROHIHIHOCO/HORHROIOIOICIRHIOCOICHHHIHCIIO/OHOOORICRHIIIIRHCICICOCHROICRC/HORHROIOIOICIRHIOCOICHHHIHCIIO/RHIRRICCRHHHIIHHIHHOHRCHIOORCC	com/moonsworth/lunar/client/CCROIHHHCOCHHOHORCIRHOCRROIOCI/RCIOICOHRIOIIRRRROCRHCIICRROHO/HOIHIOIROHORRROCIHRHROHIHIHOCO/HORHROIOIOICIRHIOCOICHHHIHCIIO/OHOOORICRHIIIIRHCICICOCHROICRC/HORHROIOIOICIRHIOCOICHHHIHCIIO/SkyblockHealingCircleOverlay
com/moonsworth/lunar/client/CCROIHHHCOCHHOHORCIRHOCRROIOCI/RCIOICOHRIOIIRRRROCRHCIICRROHO/HOIHIOIROHORRROCIHRHROHIHIHOCO/HORHROIOIOICIRHIOCOICHHHIHCIIO/OHOOORICRHIIIIRHCICICOCHROICRC/HORHROIOIOICIRHIOCOICHHHIHCIIO/RIIICIRHRCIHOOOORHOICRIICCCRHR	com/moonsworth/lunar/client/CCROIHHHCOCHHOHORCIRHOCRROIOCI/RCIOICOHRIOIIRRRROCRHCIICRROHO/HOIHIOIROHORRROCIHRHROHIHIHOCO/HORHROIOIOICIRHIOCOICHHHIHCIIO/OHOOORICRHIIIIRHCICICOCHROICRC/HORHROIOIOICIRHIOCOICHHHIHCIIO/SkyblockHighlightTrashDungeonItems
com/moonsworth/lunar/client/CCROIHHHCOCHHOHORCIRHOCRROIOCI/RCIOICOHRIOIIRRRROCRHCIICRROHO/HOIHIOIROHORRROCIHRHROHIHIHOCO/HORHROIOIOICIRHIOCOICHHHIHCIIO/OHOOORICRHIIIIRHCICICOCHROICRC/HORHROIOIOICIRHIOCOICHHHIHCIIO/RIIIOHCCHRRRORICCHIIHHOORIIOIR	com/moonsworth/lunar/client/CCROIHHHCOCHHOHORCIRHOCRROIOCI/RCIOICOHRIOIIRRRROCRHCIICRROHO/HOIHIOIROHORRROCIHRHROHIHIHOCO/HORHROIOIOICIRHIOCOICHHHIHCIIO/OHOOORICRHIIIIRHCICICOCHROICRC/HORHROIOIOICIRHIOCOICHHHIHCIIO/SkyblockFireFreezeTimer
com/moonsworth/lunar/client/CCROIHHHCOCHHOHORCIRHOCRROIOCI/RCIOICOHRIOIIRRRROCRHCIICRROHO/HOIHIOIROHORRROCIHRHROHIHIHOCO/HORHROIOIOICIRHIOCOICHHHIHCIIO/OHOOORICRHIIIIRHCICICOCHROICRC/HORHROIOIOICIRHIOCOICHHHIHCIIO/RRIHRICRHHHHHIIOOCOCICOIHCIIRC	com/moonsworth/lunar/client/CCROIHHHCOCHHOHORCIRHOCRROIOCI/RCIOICOHRIOIIRRRROCRHCIICRROHO/HOIHIOIROHORRROCIHRHROHIHIHOCO/HORHROIOIOICIRHIOCOICHHHIHCIIO/OHOOORICRHIIIIRHCICICOCHROICRC/HORHROIOIOICIRHIOCOICHHHIHCIIO/SkyblockTerracottaTimer
com/moonsworth/lunar/client/CCROIHHHCOCHHOHORCIRHOCRROIOCI/RCIOICOHRIOIIRRRROCRHCIICRROHO/HOIHIOIROHORRROCIHRHROHIHIHOCO/HORHROIOIOICIRHIOCOICHHHIHCIIO/OHOOORICRHIIIIRHCICICOCHROICRC/HORHROIOIOICIRHIOCOICHHHIHCIIO_	com/moonsworth/lunar/client/CCROIHHHCOCHHOHORCIRHOCRROIOCI/RCIOICOHRIOIIRRRROCRHCIICRROHO/HOIHIOIROHORRROCIHRHROHIHIHOCO/HORHROIOIOICIRHIOCOICHHHIHCIIO/OHOOORICRHIIIIRHCICICOCHROICRC/SkyblockAutoRequeue
com/moonsworth/lunar/client/CCROIHHHCOCHHOHORCIRHOCRROIOCI/RCIOICOHRIOIIRRRROCRHCIICRROHO/HOIHIOIROHORRROCIHRHROHIHIHOCO/HORHROIOIOICIRHIOCOICHHHIHCIIO/OHOOORICRHIIIIRHCICICOCHROICRC/HRICOROOOCCOCOROCRHHCRRIRCOICO_	com/moonsworth/lunar/client/CCROIHHHCOCHHOHORCIRHOCRROIOCI/RCIOICOHRIOIIRRRROCRHCIICRROHO/HOIHIOIROHORRROCIHRHROHIHIHOCO/HORHROIOIOICIRHIOCOICHHHIHCIIO/OHOOORICRHIIIIRHCICICOCHROICRC/SkyblockChestLooted
com/moonsworth/lunar/client/CCROIHHHCOCHHOHORCIRHOCRROIOCI/RCIOICOHRIOIIRRRROCRHCIICRROHO/HOIHIOIROHORRROCIHRHROHIHIHOCO/HORHROIOIOICIRHIOCOICHHHIHCIIO/OHOOORICRHIIIIRHCICICOCHROICRC/ICRHORIIHOHROHOHOCOOHOOCOORRHO	com/moonsworth/lunar/client/CCROIHHHCOCHHOHORCIRHOCRROIOCI/RCIOICOHRIOIIRRRROCRHCIICRROHO/HOIHIOIROHORRROCIHRHROHIHIHOCO/HORHROIOIOICIRHIOCOICHHHIHCIIO/OHOOORICRHIIIIRHCICICOCHROICRC/SkyblockChestProfit
com/moonsworth/lunar/client/CCROIHHHCOCHHOHORCIRHOCRROIOCI/RCIOICOHRIOIIRRRROCRHCIICRROHO/HOIHIOIROHORRROCIHRHROHIHIHOCO/HORHROIOIOICIRHIOCOICHHHIHCIIO/OHOOORICRHIIIIRHCICICOCHROICRC/RCIOICOHRIOIIRRRROCRHCIICRROHO	com/moonsworth/lunar/client/CCROIHHHCOCHHOHORCIRHOCRROIOCI/RCIOICOHRIOIIRRRROCRHCIICRROHO/HOIHIOIROHORRROCIHRHROHIHIHOCO/HORHROIOIOICIRHIOCOICHHHIHCIIO/OHOOORICRHIIIIRHCICICOCHROICRC/SkyblockPartyFinder
com/moonsworth/lunar/client/CCROIHHHCOCHHOHORCIRHOCRROIOCI/RCIOICOHRIOIIRRRROCRHCIICRROHO/HOIHIOIROHORRROCIHRHROHIHIHOCO/HORHROIOIOICIRHIOCOICHHHIHCIIO/OHROCHICOIOICHOCRROORRCIIICIHO/HHRROIIHRRICIIHIIHICRHHRHOHHOO	com/moonsworth/lunar/client/CCROIHHHCOCHHOHORCIRHOCRROIOCI/RCIOICOHRIOIIRRRROCRHCIICRROHO/HOIHIOIROHORRROCIHRHROHIHIHOCO/HORHROIOIOICIRHIOCOICHHHIHCIIO/OHROCHICOIOICHOCRROORRCIIICIHO/SkyblockChronomatron
com/moonsworth/lunar/client/CCROIHHHCOCHHOHORCIRHOCRROIOCI/RCIOICOHRIOIIRRRROCRHCIICRROHO/HOIHIOIROHORRROCIHRHROHIHIHOCO/HORHROIOIOICIRHIOCOICHHHIHCIIO/OHROCHICOIOICHOCRROORRCIIICIHO/HRICOROOOCCOCOROCRHHCRRIRCOICO	com/moonsworth/lunar/client/CCROIHHHCOCHHOHORCIRHOCRROIOCI/RCIOICOHRIOIIRRRROCRHCIICRROHO/HOIHIOIROHORRROCIHRHROHIHIHOCO/HORHROIOIOICIRHIOCOICHHHIHCIIO/OHROCHICOIOICHOCRROORRCIIICIHO/SkyblockEnchants
com/moonsworth/lunar/client/CCROIHHHCOCHHOHORCIRHOCRROIOCI/RCIOICOHRIOIIRRRROCRHCIICRROHO/HOIHIOIROHORRROCIHRHROHIHIHOCO/HORHROIOIOICIRHIOCOICHHHIHCIIO/OHROCHICOIOICHOCRROORRCIIICIHO/ICRHORIIHOHROHOHOCOOHOOCOORRHO	com/moonsworth/lunar/client/CCROIHHHCOCHHOHORCIRHOCRROIOCI/RCIOICOHRIOIIRRRROCRHCIICRROHO/HOIHIOIROHORRROCIHRHROHIHIHOCO/HORHROIOIOICIRHIOCOICHHHIHCIIO/OHROCHICOIOICHOCRROORRCIIICIHO/SkyblockExperimentSolvers
com/moonsworth/lunar/client/CCROIHHHCOCHHOHORCIRHOCRROIOCI/RCIOICOHRIOIIRRRROCRHCIICRROHO/HOIHIOIROHORRROCIHRHROHIHIHOCO/HORHROIOIOICIRHIOCOICHHHIHCIIO/OHROCHICOIOICHOCRROORRCIIICIHO/OHROCHICOIOICHOCRROORRCIIICIHO	com/moonsworth/lunar/client/CCROIHHHCOCHHOHORCIRHOCRROIOCI/RCIOICOHRIOIIRRRROCRHCIICRROHO/HOIHIOIROHORRROCIHRHROHIHIHOCO/HORHROIOIOICIRHIOCOICHHHIHCIIO/OHROCHICOIOICHOCRROORRCIIICIHO/SkyblockUltrasequencer
com/moonsworth/lunar/client/CCROIHHHCOCHHOHORCIRHOCRROIOCI/RCIOICOHRIOIIRRRROCRHCIICRROHO/HOIHIOIROHORRROCIHRHROHIHIHOCO/HORHROIOIOICIRHIOCOICHHHIHCIIO/OHROCHICOIOICHOCRROORRCIIICIHO/RCIOICOHRIOIIRRRROCRHCIICRROHO	com/moonsworth/lunar/client/CCROIHHHCOCHHOHORCIRHOCRROIOCI/RCIOICOHRIOIIRRRROCRHCIICRROHO/HOIHIOIROHORRROCIHRHROHIHIHOCO/HORHROIOIOICIRHIOCOICHHHIHCIIO/OHROCHICOIOICHOCRROORRCIIICIHO/SkyblockSuperpairs
com/moonsworth/lunar/client/CCROIHHHCOCHHOHORCIRHOCRROIOCI/RCIOICOHRIOIIRRRROCRHCIICRROHO/HOIHIOIROHORRROCIHRHROHIHIHOCO/HORHROIOIOICIRHIOCOICHHHIHCIIO/OIRIOIIIRICICCHORICRRIRROHCRIC/CCROIHHHCOCHHOHORCIRHOCRROIOCI	com/moonsworth/lunar/client/CCROIHHHCOCHHOHORCIRHOCRROIOCI/RCIOICOHRIOIIRRRROCRHCIICRROHO/HOIHIOIROHORRROCIHRHROHIHIHOCO/HORHROIOIOICIRHIOCOICHHHIHCIIO/OIRIOIIIRICICCHORICRRIRROHCRIC/SkyblockInventoryButtons
com/moonsworth/lunar/client/CCROIHHHCOCHHOHORCIRHOCRROIOCI/RCIOICOHRIOIIRRRROCRHCIICRROHO/HOIHIOIROHORRROCIHRHROHIHIHOCO/HORHROIOIOICIRHIOCOICHHHIHCIIO/OIRIOIIIRICICCHORICRRIRROHCRIC/HHRROIIHRRICIIHIIHICRHHRHOHHOO	com/moonsworth/lunar/client/CCROIHHHCOCHHOHORCIRHOCRROIOCI/RCIOICOHRIOIIRRRROCRHCIICRROHO/HOIHIOIROHORRROCIHRHROHIHIHOCO/HORHROIOIOICIRHIOCOICHHHIHCIIO/OIRIOIIIRICICCHORICRRIRROHCRIC/SkyblockArrowPoisonHud
com/moonsworth/lunar/client/CCROIHHHCOCHHOHORCIRHOCRROIOCI/RCIOICOHRIOIIRRRROCRHCIICRROHO/HOIHIOIROHORRROCIHRHROHIHIHOCO/HORHROIOIOICIRHIOCOICHHHIHCIIO/OIRIOIIIRICICCHORICRRIRROHCRIC/HICCRORORCRIHCORCCIORIOROORIHR	com/moonsworth/lunar/client/CCROIHHHCOCHHOHORCIRHOCRROIOCI/RCIOICOHRIOIIRRRROCRHCIICRROHO/HOIHIOIROHORRROCIHRHROHIHIHOCO/HORHROIOIOICIRHIOCOICHHHIHCIIO/OIRIOIIIRICICCHORICRRIRROHCRIC/SkyblockWardrobeHotkeys
com/moonsworth/lunar/client/CCROIHHHCOCHHOHORCIRHOCRROIOCI/RCIOICOHRIOIIRRRROCRHCIICRROHO/HOIHIOIROHORRROCIHRHROHIHIHOCO/HORHROIOIOICIRHIOCOICHHHIHCIIO/OIRIOIIIRICICCHORICRRIRROHCRIC/HIOROOCORHICHIRIHIRCCORCIIICCH	com/moonsworth/lunar/client/CCROIHHHCOCHHOHORCIRHOCRROIOCI/RCIOICOHRIOIIRRRROCRHCIICRROHO/HOIHIOIROHORRROCIHRHROHIHIHOCO/HORHROIOIOICIRHIOCOICHHHIHCIIO/OIRIOIIIRICICCHORICRRIRROHCRIC/SkyblockMiddleClickGui
com/moonsworth/lunar/client/CCROIHHHCOCHHOHORCIRHOCRROIOCI/RCIOICOHRIOIIRRRROCRHCIICRROHO/HOIHIOIROHORRROCIHRHROHIHIHOCO/HORHROIOIOICIRHIOCOICHHHIHCIIO/OIRIOIIIRICICCHORICRRIRROHCRIC/HORHROIOIOICIRHIOCOICHHHIHCIIO/HRICOROOOCCOCOROCRHHCRRIRCOICO	com/moonsworth/lunar/client/CCROIHHHCOCHHOHORCIRHOCRROIOCI/RCIOICOHRIOIIRRRROCRHCIICRROHO/HOIHIOIROHORRROCIHRHROHIHIHOCO/HORHROIOIOICIRHIOCOICHHHIHCIIO/OIRIOIIIRICICCHORICRRIRROHCRIC/HORHROIOIOICIRHIOCOICHHHIHCIIO/StorageOverlay
com/moonsworth/lunar/client/CCROIHHHCOCHHOHORCIRHOCRROIOCI/RCIOICOHRIOIIRRRROCRHCIICRROHO/HOIHIOIROHORRROCIHRHROHIHIHOCO/HORHROIOIOICIRHIOCOICHHHIHCIIO/OIRIOIIIRICICCHORICRRIRROHCRIC/HORHROIOIOICIRHIOCOICHHHIHCIIO_	com/moonsworth/lunar/client/CCROIHHHCOCHHOHORCIRHOCRROIOCI/RCIOICOHRIOIIRRRROCRHCIICRROHO/HOIHIOIROHORRROCIHRHROHIHIHOCO/HORHROIOIOICIRHIOCOICHHHIHCIIO/OIRIOIIIRICICCHORICRRIRROHCRIC/SkyblockArmorDyeColor
com/moonsworth/lunar/client/CCROIHHHCOCHHOHORCIRHOCRROIOCI/RCIOICOHRIOIIRRRROCRHCIICRROHO/HOIHIOIROHORRROCIHRHROHIHIHOCO/HORHROIOIOICIRHIOCOICHHHIHCIIO/OIRIOIIIRICICCHORICRRIRROHCRIC/HRICOROOOCCOCOROCRHHCRRIRCOICO	com/moonsworth/lunar/client/CCROIHHHCOCHHOHORCIRHOCRROIOCI/RCIOICOHRIOIIRRRROCRHCIICRROHO/HOIHIOIROHORRROCIHRHROHIHIHOCO/HORHROIOIOICIRHIOCOICHHHIHCIIO/OIRIOIIIRICICCHORICRRIRROHCRIC/SkyblockBitsShopHelper
com/moonsworth/lunar/client/CCROIHHHCOCHHOHORCIRHOCRROIOCI/RCIOICOHRIOIIRRRROCRHCIICRROHO/HOIHIOIROHORRROCIHRHROHIHIHOCO/HORHROIOIOICIRHIOCOICHHHIHCIIO/OIRIOIIIRICICCHORICRRIRROHCRIC/HROHOIOCHIRIHICOORIHOHCIOIRIIH	com/moonsworth/lunar/client/CCROIHHHCOCHHOHORCIRHOCRROIOCI/RCIOICOHRIOIIRRRROCRHCIICRROHO/HOIHIOIROHORRROCIHRHROHIHIHOCO/HORHROIOIOICIRHIOCOICHHHIHCIIO/OIRIOIIIRICICCHORICRRIRROHCRIC/SkyblockHighlightFilledBzOrders
com/moonsworth/lunar/client/CCROIHHHCOCHHOHORCIRHOCRROIOCI/RCIOICOHRIOIIRRRROCRHCIICRROHO/HOIHIOIROHORRROCIHRHROHIHIHOCO/HORHROIOIOICIRHIOCOICHHHIHCIIO/OIRIOIIIRICICCHORICRRIRROHCRIC/HRORICORIHHHRICRIRCIIOHCRIRRHI	com/moonsworth/lunar/client/CCROIHHHCOCHHOHORCIRHOCRROIOCI/RCIOICOHRIOIIRRRROCRHCIICRROHO/HOIHIOIROHORRROCIHRHROHIHIHOCO/HORHROIOIOICIRHIOCOICHHHIHCIIO/OIRIOIIIRICICCHORICRRIRROHCRIC/TiersAsStackSize
com/moonsworth/lunar/client/CCROIHHHCOCHHOHORCIRHOCRROIOCI/RCIOICOHRIOIIRRRROCRHCIICRROHO/HOIHIOIROHORRROCIHRHROHIHIHOCO/HORHROIOIOICIRHIOCOICHHHIHCIIO/OIRIOIIIRICICCHORICRRIRROHCRIC/ICRHORIIHOHROHOHOCOOHOOCOORRHO	com/moonsworth/lunar/client/CCROIHHHCOCHHOHORCIRHOCRROIOCI/RCIOICOHRIOIIRRRROCRHCIICRROHO/HOIHIOIROHORRROCIHRHROHIHIHOCO/HORHROIOIOICIRHIOCOICHHHIHCIIO/OIRIOIIIRICICCHORICRRIRROHCRIC/SkyblockCreationDate
com/moonsworth/lunar/client/CCROIHHHCOCHHOHORCIRHOCRROIOCI/RCIOICOHRIOIIRRRROCRHCIICRROHO/HOIHIOIROHORRROCIHRHROHIHIHOCO/HORHROIOIOICIRHIOCOICHHHIHCIIO/OIRIOIIIRICICCHORICRRIRROHCRIC/IHRHHRIHICHOOICIRIOOHOICHIRHOI	com/moonsworth/lunar/client/CCROIHHHCOCHHOHORCIRHOCRROIOCI/RCIOICOHRIOIIRRRROCRHCIICRROHO/HOIHIOIROHORRROCIHRHROHIHIHOCO/HORHROIOIOICIRHIOCOICHHHIHCIIO/OIRIOIIIRICICCHORICRRIRROHCRIC/SkyblockProtectItem
com/moonsworth/lunar/client/CCROIHHHCOCHHOHORCIRHOCRROIOCI/RCIOICOHRIOIIRRRROCRHCIICRROHO/HOIHIOIROHORRROCIHRHROHIHIHOCO/HORHROIOIOICIRHIOCOICHHHIHCIIO/OIRIOIIIRICICCHORICRRIRROHCRIC/IIORCIOOIHRRRICOHIRCIHOOCCOHRO	com/moonsworth/lunar/client/CCROIHHHCOCHHOHORCIRHOCRROIOCI/RCIOICOHRIOIIRRRROCRHCIICRROHO/HOIHIOIROHORRROCIHRHROHIHIHOCO/HORHROIOIOICIRHIOCOICHHHIHCIIO/OIRIOIIIRICICCHORICRRIRROHCRIC/SkyblockQuiverHud
com/moonsworth/lunar/client/CCROIHHHCOCHHOHORCIRHOCRROIOCI/RCIOICOHRIOIIRRRROCRHCIICRROHO/HOIHIOIROHORRROCIHRHROHIHIHOCO/HORHROIOIOICIRHIOCOICHHHIHCIIO/OIRIOIIIRICICCHORICRRIRROHCRIC/IRCHCHOHRRIOORHRCHRIHIOHRCIHRH	com/moonsworth/lunar/client/CCROIHHHCOCHHOHORCIRHOCRROIOCI/RCIOICOHRIOIIRRRROCRHCIICRROHO/HOIHIOIROHORRROCIHRHROHIHIHOCO/HORHROIOIOICIRHIOCOICHHHIHCIIO/OIRIOIIIRICICCHORICRRIRROHCRIC/SkyblockStackingEnchants
com/moonsworth/lunar/client/CCROIHHHCOCHHOHORCIRHOCRROIOCI/RCIOICOHRIOIIRRRROCRHCIICRROHO/HOIHIOIROHORRROCIHRHROHIHIHOCO/HORHROIOIOICIRHIOCOICHHHIHCIIO/OIRIOIIIRICICCHORICRRIRROHCRIC/OHOOORICRHIIIIRHCICICOCHROICRC	com/moonsworth/lunar/client/CCROIHHHCOCHHOHORCIRHOCRROIOCI/RCIOICOHRIOIIRRRROCRHCIICRROHO/HOIHIOIROHORRROCIHRHROHIHIHOCO/HORHROIOIOICIRHIOCOICHHHIHCIIO/OIRIOIIIRICICCHORICRRIRROHCRIC/SkyblockItemIdLore
com/moonsworth/lunar/client/CCROIHHHCOCHHOHORCIRHOCRROIOCI/RCIOICOHRIOIIRRRROCRHCIICRROHO/HOIHIOIROHORRROCIHRHROHIHIHOCO/HORHROIOIOICIRHIOCOICHHHIHCIIO/OIRIOIIIRICICCHORICRRIRROHCRIC/OHROCHICOIOICHOCRROORRCIIICIHO	com/moonsworth/lunar/client/CCROIHHHCOCHHOHORCIRHOCRROIOCI/RCIOICOHRIOIIRRRROCRHCIICRROHO/HOIHIOIROHORRROCIHRHROHIHIHOCO/HORHROIOIOICIRHIOCOICHHHIHCIIO/OIRIOIIIRICICCHORICRRIRROHCRIC/SkyblockEnchantDisplay
com/moonsworth/lunar/client/CCROIHHHCOCHHOHORCIRHOCRROIOCI/RCIOICOHRIOIIRRRROCRHCIICRROHO/HOIHIOIROHORRROCIHRHROHIHIHOCO/HORHROIOIOICIRHIOCOICHHHIHCIIO/OIRIOIIIRICICCHORICRRIRROHCRIC/OIRIOIIIRICICCHORICRRIRROHCRIC	com/moonsworth/lunar/client/CCROIHHHCOCHHOHORCIRHOCRROIOCI/RCIOICOHRIOIIRRRROCRHCIICRROHO/HOIHIOIROHORRROCIHRHROHIHIHOCO/HORHROIOIOICIRHIOCOICHHHIHCIIO/OIRIOIIIRICICCHORICRRIRROHCRIC/SkyblockRarityBackground
com/moonsworth/lunar/client/CCROIHHHCOCHHOHORCIRHOCRROIOCI/RCIOICOHRIOIIRRRROCRHCIICRROHO/HOIHIOIROHORRROCIHRHROHIHIHOCO/HORHROIOIOICIRHIOCOICHHHIHCIIO/OIRIOIIIRICICCHORICRRIRROHCRIC/ORCHOHHCOHCORRICRIHCHHRORHHCHH	com/moonsworth/lunar/client/CCROIHHHCOCHHOHORCIRHOCRROIOCI/RCIOICOHRIOIIRRRROCRHCIICRROHO/HOIHIOIROHORRROCIHRHROHIHIHOCO/HORHROIOIOICIRHIOCOICHHHIHCIIO/OIRIOIIIRICICCHORICRRIRROHCRIC/SkyblockEnhancedMinionMenu
com/moonsworth/lunar/client/CCROIHHHCOCHHOHORCIRHOCRROIOCI/RCIOICOHRIOIIRRRROCRHCIICRROHO/HOIHIOIROHORRROCIHRHROHIHIHOCO/HORHROIOIOICIRHIOCOICHHHIHCIIO/OIRIOIIIRICICCHORICRRIRROHCRIC/ORICHRORRORHORHOIHCRHOORCRRHOI	com/moonsworth/lunar/client/CCROIHHHCOCHHOHORCIRHOCRROIOCI/RCIOICOHRIOIIRRRROCRHCIICRROHO/HOIHIOIROHORRROCIHRHROHIHIHOCO/HORHROIOIOICIRHIOCOICHHHIHCIIO/OIRIOIIIRICICCHORICRRIRROHCRIC/SkyblockHideExCoops
com/moonsworth/lunar/client/CCROIHHHCOCHHOHORCIRHOCRROIOCI/RCIOICOHRIOIIRRRROCRHCIICRROHO/HOIHIOIROHORRROCIHRHROHIHIHOCO/HORHROIOIOICIRHIOCOICHHHIHCIIO/OIRIOIIIRICICCHORICRRIRROHCRIC/RCIOICOHRIOIIRRRROCRHCIICRROHO	com/moonsworth/lunar/client/CCROIHHHCOCHHOHORCIRHOCRROIOCI/RCIOICOHRIOIIRRRROCRHCIICRROHO/HOIHIOIROHORRROCIHRHROHIHIHOCO/HORHROIOIOICIRHIOCOICHHHIHCIIO/OIRIOIIIRICICCHORICRRIRROHCRIC/SkyblockCustomMenuClick
com/moonsworth/lunar/client/CCROIHHHCOCHHOHORCIRHOCRROIOCI/RCIOICOHRIOIIRRRROCRHCIICRROHO/HOIHIOIROHORRROCIHRHROHIHIHOCO/HORHROIOIOICIRHIOCOICHHHIHCIIO/OIRIOIIIRICICCHORICRRIRROHCRIC/RHIRRICCRHHHIIHHIHHOHRCHIOORCC	com/moonsworth/lunar/client/CCROIHHHCOCHHOHORCIRHOCRROIOCI/RCIOICOHRIOIIRRRROCRHCIICRROHO/HOIHIOIROHORRROCIHRHROHIHIHOCO/HORHROIOIOICIRHIOCOICHHHIHCIIO/OIRIOIIIRICICCHORICRRIRROHCRIC/SkyblockPriceInLore
com/moonsworth/lunar/client/CCROIHHHCOCHHOHORCIRHOCRROIOCI/RCIOICOHRIOIIRRRROCRHCIICRROHO/HOIHIOIROHORRROCIHRHROHIHIHOCO/HORHROIOIOICIRHIOCOICHHHIHCIIO/OIRIOIIIRICICCHORICRRIRROHCRIC/RIIICIRHRCIHOOOORHOICRIICCCRHR	com/moonsworth/lunar/client/CCROIHHHCOCHHOHORCIRHOCRROIOCI/RCIOICOHRIOIIRRRROCRHCIICRROHO/HOIHIOIROHORRROCIHRHROHIHIHOCO/HORHROIOIOICIRHIOCOICHHHIHCIIO/OIRIOIIIRICICCHORICRRIRROHCRIC/SkyblockSkymartHelper
com/moonsworth/lunar/client/CCROIHHHCOCHHOHORCIRHOCRROIOCI/RCIOICOHRIOIIRRRROCRHCIICRROHO/HOIHIOIROHORRROCIHRHROHIHIHOCO/HORHROIOIOICIRHIOCOICHHHIHCIIO/OIRIOIIIRICICCHORICRRIRROHCRIC/RIIIOHCCHRRRORICCHIIHHOORIIOIR	com/moonsworth/lunar/client/CCROIHHHCOCHHOHORCIRHOCRROIOCI/RCIOICOHRIOIIRRRROCRHCIICRROHO/HOIHIOIROHORRROCIHRHROHIHIHOCO/HORHROIOIOICIRHIOCOICHHHIHCIIO/OIRIOIIIRICICCHORICRRIRROHCRIC/SkyblockStorageHoverPreview
com/moonsworth/lunar/client/CCROIHHHCOCHHOHORCIRHOCRROIOCI/RCIOICOHRIOIIRRRROCRHCIICRROHO/HOIHIOIROHORRROCIHRHROHIHIHOCO/HORHROIOIOICIRHIOCOICHHHIHCIIO/ORCHOHHCOHCORRICRIHCHHRORHHCHH/HORHROIOIOICIRHIOCOICHHHIHCIIO	com/moonsworth/lunar/client/CCROIHHHCOCHHOHORCIRHOCRROIOCI/RCIOICOHRIOIIRRRROCRHCIICRROHO/HOIHIOIROHORRROCIHRHROHIHIHOCO/HORHROIOIOICIRHIOCOICHHHIHCIIO/ORCHOHHCOHCORRICRIHCHHRORHHCHH/SkyblockEndNodeHighlight
com/moonsworth/lunar/client/CCROIHHHCOCHHOHORCIRHOCRROIOCI/RCIOICOHRIOIIRRRROCRHCIICRROHO/HOIHIOIROHORRROCIHRHROHIHIHOCO/HORHROIOIOICIRHIOCOICHHHIHCIIO/ORICHRORRORHORHOIHCRHOORCRRHOI/CCROIHHHCOCHHOHORCIRHOCRROIOCI	com/moonsworth/lunar/client/CCROIHHHCOCHHOHORCIRHOCRROIOCI/RCIOICOHRIOIIRRRROCRHCIICRROHO/HOIHIOIROHORRROCIHRHROHIHIHOCO/HORHROIOIOICIRHIOCOICHHHIHCIIO/ORICHRORRORHORHOIHCRHOORCRRHOI/SkyblockLockMouse
com/moonsworth/lunar/client/CCROIHHHCOCHHOHORCIRHOCRROIOCI/RCIOICOHRIOIIRRRROCRHCIICRROHO/HOIHIOIROHORRROCIHRHROHIHIHOCO/HORHROIOIOICIRHIOCOICHHHIHCIIO/ORICHRORRORHORHOIHCRHOORCRRHOI/HHRROIIHRRICIIHIIHICRHHRHOHHOO	com/moonsworth/lunar/client/CCROIHHHCOCHHOHORCIRHOCRROIOCI/RCIOICOHRIOIIRRRROCRHCIICRROHO/HOIHIOIROHORRROCIHRHROHIHIHOCO/HORHROIOIOICIRHIOCOICHHHIHCIIO/ORICHRORRORHORHOIHCRHOORCRRHOI/SkyblockComposterHud
com/moonsworth/lunar/client/CCROIHHHCOCHHOHORCIRHOCRROIOCI/RCIOICOHRIOIIRRRROCRHCIICRROHO/HOIHIOIROHORRROCIHRHROHIHIHOCO/HORHROIOIOICIRHIOCOICHHHIHCIIO/ORICHRORRORHORHOIHCRHOORCRRHOI/HIOROOCORHICHIRIHIRCCORCIIICCH	com/moonsworth/lunar/client/CCROIHHHCOCHHOHORCIRHOCRROIOCI/RCIOICOHRIOIIRRRROCRHCIICRROHO/HOIHIOIROHORRROCIHRHROHIHIHOCO/HORHROIOIOICIRHIOCOICHHHIHCIIO/ORICHRORRORHORHOIHCRHOORCRRHOI/SkyblockVisitorProfit
com/moonsworth/lunar/client/CCROIHHHCOCHHOHORCIRHOCRROIOCI/RCIOICOHRIOIIRRRROCRHCIICRROHO/HOIHIOIROHORRROCIHRHROHIHIHOCO/HORHROIOIOICIRHIOCOICHHHIHCIIO/ORICHRORRORHORHOIHCRHOORCRRHOI/HORHROIOIOICIRHIOCOICHHHIHCIIO	com/moonsworth/lunar/client/CCROIHHHCOCHHOHORCIRHOCRROIOCI/RCIOICOHRIOIIRRRROCRHCIICRROHO/HOIHIOIROHORRROCIHRHROHIHIHOCO/HORHROIOIOICIRHIOCOICHHHIHCIIO/ORICHRORRORHORHOIHCRHOORCRRHOI/SkyblockAngleHud
com/moonsworth/lunar/client/CCROIHHHCOCHHOHORCIRHOCRROIOCI/RCIOICOHRIOIIRRRROCRHCIICRROHO/HOIHIOIROHORRROCIHRHROHIHIHOCO/HORHROIOIOICIRHIOCOICHHHIHCIIO/ORICHRORRORHORHOIHCRHOORCRRHOI/HRICOROOOCCOCOROCRHHCRRIRCOICO	com/moonsworth/lunar/client/CCROIHHHCOCHHOHORCIRHOCRROIOCI/RCIOICOHRIOIIRRRROCRHCIICRROHO/HOIHIOIROHORRROCIHRHROHIHIHOCO/HORHROIOIOICIRHIOCOICHHHIHCIIO/ORICHRORRORHORHOIHCRHOORCRRHOI/SkyblockCropTrackerHud
com/moonsworth/lunar/client/CCROIHHHCOCHHOHORCIRHOCRROIOCI/RCIOICOHRIOIIRRRROCRHCIICRROHO/HOIHIOIROHORRROCIHRHROHIHIHOCO/HORHROIOIOICIRHIOCOICHHHIHCIIO/ORICHRORRORHORHOIHCRHOORCRRHOI/HROHOIOCHIRIHICOORIHOHCIOIRIIH	com/moonsworth/lunar/client/CCROIHHHCOCHHOHORCIRHOCRROIOCI/RCIOICOHRIOIIRRRROCRHCIICRROHO/HOIHIOIROHORRROCIHRHROHIHIHOCO/HORHROIOIOICIRHIOCOICHHHIHCIIO/ORICHRORRORHORHOIHCRHOORCRRHOI/SkyblockHarvestFeastTrackerHud
com/moonsworth/lunar/client/CCROIHHHCOCHHOHORCIRHOCRROIOCI/RCIOICOHRIOIIRRRROCRHCIICRROHO/HOIHIOIROHORRROCIHRHROHIHIHOCO/HORHROIOIOICIRHIOCOICHHHIHCIIO/ORICHRORRORHORHOIHCRHOORCRRHOI/ICRHORIIHOHROHOHOCOOHOOCOORRHO	com/moonsworth/lunar/client/CCROIHHHCOCHHOHORCIRHOCRROIOCI/RCIOICOHRIOIIRRRROCRHCIICRROHO/HOIHIOIROHORRROCIHRHROHIHIHOCO/HORHROIOIOICIRHIOCOICHHHIHCIIO/ORICHRORRORHORHOIHCRHOORCRRHOI/SkyblockDnaAnalyzerSolver
com/moonsworth/lunar/client/CCROIHHHCOCHHOHORCIRHOCRROIOCI/RCIOICOHRIOIIRRRROCRHCIICRROHO/HOIHIOIROHORRROCIHRHROHIHIHOCO/HORHROIOIOICIRHIOCOICHHHIHCIIO/ORICHRORRORHORHOIHCRHOORCRRHOI/IHRHHRIHICHOOICIRIOOHOICHIRHOI	com/moonsworth/lunar/client/CCROIHHHCOCHHOHORCIRHOCRROIOCI/RCIOICOHRIOIIRRRROCRHCIICRROHO/HOIHIOIROHORRROCIHRHROHIHIHOCO/HORHROIOIOICIRHIOCOICHHHIHCIIO/ORICHRORRORHORHOIHCRHOORCRRHOI/SkyblockVisitorTrackerHud
com/moonsworth/lunar/client/CCROIHHHCOCHHOHORCIRHOCRROIOCI/RCIOICOHRIOIIRRRROCRHCIICRROHO/HOIHIOIROHORRROCIHRHROHIHIHOCO/HORHROIOIOICIRHIOCOICHHHIHCIIO/ORICHRORRORHORHOIHCRHOORCRRHOI/IIORCIOOIHRRRICOHIRCIHOOCCOHRO	com/moonsworth/lunar/client/CCROIHHHCOCHHOHORCIRHOCRROIOCI/RCIOICOHRIOIIRRRROCRHCIICRROHO/HOIHIOIROHORRROCIHRHROHIHIHOCO/HORHROIOIOICIRHIOCOICHHHIHCIIO/ORICHRORRORHORHOIHCRHOORCRRHOI/SkyblockVisitorHud
com/moonsworth/lunar/client/CCROIHHHCOCHHOHORCIRHOCRROIOCI/RCIOICOHRIOIIRRRROCRHCIICRROHO/HOIHIOIROHORRROCIHRHROHIHIHOCO/HORHROIOIOICIRHIOCOICHHHIHCIIO/ORICHRORRORHORHOIHCRHOORCRRHOI/OHOOORICRHIIIIRHCICICOCHROICRC	com/moonsworth/lunar/client/CCROIHHHCOCHHOHORCIRHOCRROIOCI/RCIOICOHRIOIIRRRROCRHCIICRROHO/HOIHIOIROHORRROCIHRHROHIHIHOCO/HORHROIOIOICIRHIOCOICHHHIHCIIO/ORICHRORRORHORHOIHCRHOORCRRHOI/SkyblockVisitorAlert
com/moonsworth/lunar/client/CCROIHHHCOCHHOHORCIRHOCRROIOCI/RCIOICOHRIOIIRRRROCRHCIICRROHO/HOIHIOIROHORRROCIHRHROHIHIHOCO/HORHROIOIOICIRHIOCOICHHHIHCIIO/ORICHRORRORHORHOIHCRHOORCRRHOI/OHROCHICOIOICHOCRROORRCIIICIHO	com/moonsworth/lunar/client/CCROIHHHCOCHHOHORCIRHOCRROIOCI/RCIOICOHRIOIIRRRROCRHCIICRROHO/HOIHIOIROHORRROCIHRHROHIHIHOCO/HORHROIOIOICIRHIOCOICHHHIHCIIO/ORICHRORRORHORHOIHCRHOORCRRHOI/SkyblockFarmingToolCropIcon
com/moonsworth/lunar/client/CCROIHHHCOCHHOHORCIRHOCRROIOCI/RCIOICOHRIOIIRRRROCRHCIICRROHO/HOIHIOIROHORRROCIHRHROHIHIHOCO/HORHROIOIOICIRHIOCOICHHHIHCIIO/ORICHRORRORHORHOIHCRHOORCRRHOI/OIRIOIIIRICICCHORICRRIRROHCRIC	com/moonsworth/lunar/client/CCROIHHHCOCHHOHORCIRHOCRROIOCI/RCIOICOHRIOIIRRRROCRHCIICRROHO/HOIHIOIROHORRROCIHRHROHIHIHOCO/HORHROIOIOICIRHIOCOICHHHIHCIIO/ORICHRORRORHORHOIHCRHOORCRRHOI/SkyblockVisitorBazaarHelper
com/moonsworth/lunar/client/CCROIHHHCOCHHOHORCIRHOCRROIOCI/RCIOICOHRIOIIRRRROCRHCIICRROHO/HOIHIOIROHORRROCIHRHROHIHIHOCO/HORHROIOIOICIRHIOCOICHHHIHCIIO/ORICHRORRORHORHOIHCRHOORCRRHOI/ORCHOHHCOHCORRICRIHCHHRORHHCHH	com/moonsworth/lunar/client/CCROIHHHCOCHHOHORCIRHOCRROIOCI/RCIOICOHRIOIIRRRROCRHCIICRROHO/HOIHIOIROHORRROCIHRHROHIHIHOCO/HORHROIOIOICIRHIOCOICHHHIHCIIO/ORICHRORRORHORHOIHCRHOORCRRHOI/SkyblockGardenPests
com/moonsworth/lunar/client/CCROIHHHCOCHHOHORCIRHOCRROIOCI/RCIOICOHRIOIIRRRROCRHCIICRROHO/HOIHIOIROHORRROCIHRHROHIHIHOCO/HORHROIOIOICIRHIOCOICHHHIHCIIO/ORICHRORRORHORHOIHCRHOORCRRHOI/ORICHRORRORHORHOIHCRHOORCRRHOI	com/moonsworth/lunar/client/CCROIHHHCOCHHOHORCIRHOCRROIOCI/RCIOICOHRIOIIRRRROCRHCIICRROHO/HOIHIOIROHORRROCIHRHROHIHIHOCO/HORHROIOIOICIRHIOCOICHHHIHCIIO/ORICHRORRORHORHOIHCRHOORCRRHOI/SkyblockGlowingMushroomHighlight
com/moonsworth/lunar/client/CCROIHHHCOCHHOHORCIRHOCRROIOCI/RCIOICOHRIOIIRRRROCRHCIICRROHO/HOIHIOIROHORRROCIHRHROHIHIHOCO/HORHROIOIOICIRHIOCOICHHHIHCIIO/ORICHRORRORHORHOIHCRHOORCRRHOI/RCIOICOHRIOIIRRRROCRHCIICRROHO	com/moonsworth/lunar/client/CCROIHHHCOCHHOHORCIRHOCRROIOCI/RCIOICOHRIOIIRRRROCRHCIICRROHO/HOIHIOIROHORRROCIHRHROHIHIHOCO/HORHROIOIOICIRHIOCOICHHHIHCIIO/ORICHRORRORHORHOIHCRHOORCRRHOI/SkyblockFarmingHud
com/moonsworth/lunar/client/CCROIHHHCOCHHOHORCIRHOCRROIOCI/RCIOICOHRIOIIRRRROCRHCIICRROHO/HOIHIOIROHORRROCIHRHROHIHIHOCO/HORHROIOIOICIRHIOCOICHHHIHCIIO/ORICHRORRORHORHOIHCRHOORCRRHOI/RHIRRICCRHHHIIHHIHHOHRCHIOORCC	com/moonsworth/lunar/client/CCROIHHHCOCHHOHORCIRHOCRROIOCI/RCIOICOHRIOIIRRRROCRHCIICRROHO/HOIHIOIROHORRROCIHRHROHIHIHOCO/HORHROIOIOICIRHIOCOICHHHIHCIIO/ORICHRORRORHORHOIHCRHOORCRRHOI/SkyblockVisitorShoppingListHud
com/moonsworth/lunar/client/CCROIHHHCOCHHOHORCIRHOCRROIOCI/RCIOICOHRIOIIRRRROCRHCIICRROHO/HOIHIOIROHORRROCIHRHROHIHIHOCO/HORHROIOIOICIRHIOCOICHHHIHCIIO/RCIOICOHRIOIIRRRROCRHCIICRROHO/CCROIHHHCOCHHOHORCIRHOCRROIOCI	com/moonsworth/lunar/client/CCROIHHHCOCHHOHORCIRHOCRROIOCI/RCIOICOHRIOIIRRRROCRHCIICRROHO/HOIHIOIROHORRROCIHRHROHIHIHOCO/HORHROIOIOICIRHIOCOICHHHIHCIIO/RCIOICOHRIOIIRRRROCRHCIICRROHO/SkyblockWitherHealthHud
com/moonsworth/lunar/client/CCROIHHHCOCHHOHORCIRHOCRROIOCI/RCIOICOHRIOIIRRRROCRHCIICRROHO/HOIHIOIROHORRROCIHRHROHIHIHOCO/HORHROIOIOICIRHIOCOICHHHIHCIIO/RCIOICOHRIOIIRRRROCRHCIICRROHO/HHRROIIHRRICIIHIIHICRHHRHOHHOO	com/moonsworth/lunar/client/CCROIHHHCOCHHOHORCIRHOCRROIOCI/RCIOICOHRIOIIRRRROCRHCIICRROHO/HOIHIOIROHORRROCIHRHROHIHIHOCO/HORHROIOIOICIRHIOCOICHHHIHCIIO/RCIOICOHRIOIIRRRROCRHCIICRROHO/BettermapPrimary
com/moonsworth/lunar/client/CCROIHHHCOCHHOHORCIRHOCRROIOCI/RCIOICOHRIOIIRRRROCRHCIICRROHO/HOIHIOIROHORRROCIHRHROHIHIHOCO/HORHROIOIOICIRHIOCOICHHHIHCIIO/RCIOICOHRIOIIRRRROCRHCIICRROHO/HIOROOCORHICHIRIHIRCCORCIIICCH	com/moonsworth/lunar/client/CCROIHHHCOCHHOHORCIRHOCRROIOCI/RCIOICOHRIOIIRRRROCRHCIICRROHO/HOIHIOIROHORRROCIHRHROHIHIHOCO/HORHROIOIOICIRHIOCOICHHHIHCIIO/RCIOICOHRIOIIRRRROCRHCIICRROHO/SkyblockLividSolverHud
com/moonsworth/lunar/client/CCROIHHHCOCHHOHORCIRHOCRROIOCI/RCIOICOHRIOIIRRRROCRHCIICRROHO/HOIHIOIROHORRROCIHRHROHIHIHOCO/HORHROIOIOICIRHIOCOICHHHIHCIIO/RCIOICOHRIOIIRRRROCRHCIICRROHO/HRICOROOOCCOCOROCRHHCRRIRCOICO	com/moonsworth/lunar/client/CCROIHHHCOCHHOHORCIRHOCRROIOCI/RCIOICOHRIOIIRRRROCRHCIICRROHO/HOIHIOIROHORRROCIHRHROHIHIHOCO/HORHROIOIOICIRHIOCOICHHHIHCIIO/RCIOICOHRIOIIRRRROCRHCIICRROHO/BettermapSecondary
com/moonsworth/lunar/client/CCROIHHHCOCHHOHORCIRHOCRROIOCI/RCIOICOHRIOIIRRRROCRHCIICRROHO/HOIHIOIROHORRROCIHRHROHIHIHOCO/HORHROIOIOICIRHIOCOICHHHIHCIIO/RCIOICOHRIOIIRRRROCRHCIICRROHO/HROHOIOCHIRIHICOORIHOHCIOIRIIH	com/moonsworth/lunar/client/CCROIHHHCOCHHOHORCIRHOCRROIOCI/RCIOICOHRIOIIRRRROCRHCIICRROHO/HOIHIOIROHORRROCIHRHROHIHIHOCO/HORHROIOIOICIRHIOCOICHHHIHCIIO/RCIOICOHRIOIIRRRROCRHCIICRROHO/SkyblockTickTimerHud
com/moonsworth/lunar/client/CCROIHHHCOCHHOHORCIRHOCRROIOCI/RCIOICOHRIOIIRRRROCRHCIICRROHO/HOIHIOIROHORRROCIHRHROHIHIHOCO/HORHROIOIOICIRHIOCOICHHHIHCIIO/RCIOICOHRIOIIRRRROCRHCIICRROHO/ICRHORIIHOHROHOHOCOOHOOCOORRHO	com/moonsworth/lunar/client/CCROIHHHCOCHHOHORCIRHOCRROIOCI/RCIOICOHRIOIIRRRROCRHCIICRROHO/HOIHIOIROHORRROCIHRHROHIHIHOCO/HORHROIOIOICIRHIOCOICHHHIHCIIO/RCIOICOHRIOIIRRRROCRHCIICRROHO/SkyblockDeathCounterHud
com/moonsworth/lunar/client/CCROIHHHCOCHHOHORCIRHOCRROIOCI/RCIOICOHRIOIIRRRROCRHCIICRROHO/HOIHIOIROHORRROCIHRHROHIHIHOCO/HORHROIOIOICIRHIOCOICHHHIHCIIO/RCIOICOHRIOIIRRRROCRHCIICRROHO/IHRHHRIHICHOOICIRIOOHOICHIRHOI	com/moonsworth/lunar/client/CCROIHHHCOCHHOHORCIRHOCRROIOCI/RCIOICOHRIOIIRRRROCRHCIICRROHO/HOIHIOIROHORRROCIHRHROHIHIHOCO/HORHROIOIOICIRHIOCOICHHHIHCIIO/RCIOICOHRIOIIRRRROCRHCIICRROHO/SkyblockSkeletonHelmetHud
com/moonsworth/lunar/client/CCROIHHHCOCHHOHORCIRHOCRROIOCI/RCIOICOHRIOIIRRRROCRHCIICRROHO/HOIHIOIROHORRROCIHRHROHIHIHOCO/HORHROIOIOICIRHIOCOICHHHIHCIIO/RCIOICOHRIOIIRRRROCRHCIICRROHO/IIORCIOOIHRRRICOHIRCIHOOCCOHRO	com/moonsworth/lunar/client/CCROIHHHCOCHHOHORCIRHOCRROIOCI/RCIOICOHRIOIIRRRROCRHCIICRROHO/HOIHIOIROHORRROCIHRHROHIHIHOCO/HORHROIOIOICIRHIOCOICHHHIHCIIO/RCIOICOHRIOIIRRRROCRHCIICRROHO/SkyblockStormHud
com/moonsworth/lunar/client/CCROIHHHCOCHHOHORCIRHOCRROIOCI/RCIOICOHRIOIIRRRROCRHCIICRROHO/HOIHIOIROHORRROCIHRHROHIHIHOCO/HORHROIOIOICIRHIOCOICHHHIHCIIO/RCIOICOHRIOIIRRRROCRHCIICRROHO/IRCHCHOHRRIOORHRCHRIHIOHRCIHRH	com/moonsworth/lunar/client/CCROIHHHCOCHHOHORCIRHOCRROIOCI/RCIOICOHRIOIIRRRROCRHCIICRROHO/HOIHIOIROHORRROCIHRHROHIHIHOCO/HORHROIOIOICIRHIOCOICHHHIHCIIO/RCIOICOHRIOIIRRRROCRHCIICRROHO/SkyblockDungeonTimer
com/moonsworth/lunar/client/CCROIHHHCOCHHOHORCIRHOCRROIOCI/RCIOICOHRIOIIRRRROCRHCIICRROHO/HOIHIOIROHORRROCIHRHROHIHIHOCO/HORHROIOIOICIRHIOCOICHHHIHCIIO/RCIOICOHRIOIIRRRROCRHCIICRROHO/OHOOORICRHIIIIRHCICICOCHROICRC	com/moonsworth/lunar/client/CCROIHHHCOCHHOHORCIRHOCRROIOCI/RCIOICOHRIOIIRRRROCRHCIICRROHO/HOIHIOIROHORRROCIHRHROHIHIHOCO/HORHROIOIOICIRHIOCOICHHHIHCIIO/RCIOICOHRIOIIRRRROCRHCIICRROHO/SkyblockFloorFour
com/moonsworth/lunar/client/CCROIHHHCOCHHOHORCIRHOCRROIOCI/RCIOICOHRIOIIRRRROCRHCIICRROHO/HOIHIOIROHORRROCIHRHROHIHIHOCO/HORHROIOIOICIRHIOCOICHHHIHCIIO/RCIOICOHRIOIIRRRROCRHCIICRROHO/OHROCHICOIOICHOCRROORRCIIICIHO	com/moonsworth/lunar/client/CCROIHHHCOCHHOHORCIRHOCRROIOCI/RCIOICOHRIOIIRRRROCRHCIICRROHO/HOIHIOIROHORRROCIHRHROHIHIHOCO/HORHROIOIOICIRHIOCOICHHHIHCIIO/RCIOICOHRIOIIRRRROCRHCIICRROHO/SkyblockDungeonBlessingHud
com/moonsworth/lunar/client/CCROIHHHCOCHHOHORCIRHOCRROIOCI/RCIOICOHRIOIIRRRROCRHCIICRROHO/HOIHIOIROHORRROCIHRHROHIHIHOCO/HORHROIOIOICIRHIOCOICHHHIHCIIO/RCIOICOHRIOIIRRRROCRHCIICRROHO/OIRIOIIIRICICCHORICRRIRROHCRIC	com/moonsworth/lunar/client/CCROIHHHCOCHHOHORCIRHOCRROIOCI/RCIOICOHRIOIIRRRROCRHCIICRROHO/HOIHIOIROHORRROCIHRHROHIHIHOCO/HORHROIOIOICIRHIOCOICHHHIHCIIO/RCIOICOHRIOIIRRRROCRHCIICRROHO/SkyblockInvincibilityHud
com/moonsworth/lunar/client/CCROIHHHCOCHHOHORCIRHOCRROIOCI/RCIOICOHRIOIIRRRROCRHCIICRROHO/HOIHIOIROHORRROCIHRHROHIHIHOCO/HORHROIOIOICIRHIOCOICHHHIHCIIO/RCIOICOHRIOIIRRRROCRHCIICRROHO/ORCHOHHCOHCORRICRIHCHHRORHHCHH	com/moonsworth/lunar/client/CCROIHHHCOCHHOHORCIRHOCRROIOCI/RCIOICOHRIOIIRRRROCRHCIICRROHO/HOIHIOIROHORRROCIHRHROHIHIHOCO/HORHROIOIOICIRHIOCOICHHHIHCIIO/RCIOICOHRIOIIRRRROCRHCIICRROHO/SkyblockDungeonBreaker
com/moonsworth/lunar/client/CCROIHHHCOCHHOHORCIRHOCRROIOCI/RCIOICOHRIOIIRRRROCRHCIICRROHO/HOIHIOIROHORRROCIHRHROHIHIHOCO/HORHROIOIOICIRHIOCOICHHHIHCIIO/RCIOICOHRIOIIRRRROCRHCIICRROHO/ORICHRORRORHORHOIHCRHOORCRRHOI	com/moonsworth/lunar/client/CCROIHHHCOCHHOHORCIRHOCRROIOCI/RCIOICOHRIOIIRRRROCRHCIICRROHO/HOIHIOIROHORRROCIHRHROHIHIHOCO/HORHROIOIOICIRHIOCOICHHHIHCIIO/RCIOICOHRIOIIRRRROCRHCIICRROHO/SkyblockDungeonMilestoneHud
com/moonsworth/lunar/client/CCROIHHHCOCHHOHORCIRHOCRROIOCI/RCIOICOHRIOIIRRRROCRHCIICRROHO/HOIHIOIROHORRROCIHRHROHIHIHOCO/HORHROIOIOICIRHIOCOICHHHIHCIIO/RCIOICOHRIOIIRRRROCRHCIICRROHO/RCIOICOHRIOIIRRRROCRHCIICRROHO	com/moonsworth/lunar/client/CCROIHHHCOCHHOHORCIRHOCRROIOCI/RCIOICOHRIOIIRRRROCRHCIICRROHO/HOIHIOIROHORRROCIHRHROHIHIHOCO/HORHROIOIOICIRHIOCOICHHHIHCIIO/RCIOICOHRIOIIRRRROCRHCIICRROHO/SkyblockDragonFeatures
com/moonsworth/lunar/client/CCROIHHHCOCHHOHORCIRHOCRROIOCI/RCIOICOHRIOIIRRRROCRHCIICRROHO/HOIHIOIROHORRROCIHRHROHIHIHOCO/HORHROIOIOICIRHIOCOICHHHIHCIIO/RCIOICOHRIOIIRRRROCRHCIICRROHO/RHIRRICCRHHHIIHHIHHOHRCHIOORCC	com/moonsworth/lunar/client/CCROIHHHCOCHHOHORCIRHOCRROIOCI/RCIOICOHRIOIIRRRROCRHCIICRROHO/HOIHIOIROHORRROCIHRHROHIHIHOCO/HORHROIOIOICIRHIOCOICHHHIHCIIO/RCIOICOHRIOIIRRRROCRHCIICRROHO/SkyblockReviveHud
com/moonsworth/lunar/client/CCROIHHHCOCHHOHORCIRHOCRROIOCI/RCIOICOHRIOIIRRRROCRHCIICRROHO/HOIHIOIROHORRROCIHRHROHIHIHOCO/HORHROIOIOICIRHIOCOICHHHIHCIIO/RCIOICOHRIOIIRRRROCRHCIICRROHO/RIIICIRHRCIHOOOORHOICRIICCCRHR	com/moonsworth/lunar/client/CCROIHHHCOCHHOHORCIRHOCRROIOCI/RCIOICOHRIOIIRRRROCRHCIICRROHO/HOIHIOIROHORRROCIHRHROHIHIHOCO/HORHROIOIOICIRHIOCOICHHHIHCIIO/RCIOICOHRIOIIRRRROCRHCIICRROHO/SkyblockTerminalStatus
com/moonsworth/lunar/client/CCROIHHHCOCHHOHORCIRHOCRROIOCI/RCIOICOHRIOIIRRRROCRHCIICRROHO/HOIHIOIROHORRROCIHRHROHIHIHOCO/HORHROIOIOICIRHIOCOICHHHIHCIIO/RHIRRICCRHHHIIHHIHHOHRCHIOORCC/HHRROIIHRRICIIHIIHICRHHRHOHHOO	com/moonsworth/lunar/client/CCROIHHHCOCHHOHORCIRHOCRROIOCI/RCIOICOHRIOIIRRRROCRHCIICRROHO/HOIHIOIROHORRROCIHRHROHIHIHOCO/HORHROIOIOICIRHIOCOICHHHIHCIIO/RHIRRICCRHHHIIHHIHHOHRCHIOORCC/SkyblockLilyPadHelper
com/moonsworth/lunar/client/CCROIHHHCOCHHOHORCIRHOCRROIOCI/RCIOICOHRIOIIRRRROCRHCIICRROHO/HOIHIOIROHORRROCIHRHROHIHIHOCO/HORHROIOIOICIRHIOCOICHHHIHCIIO/RHIRRICCRHHHIIHHIHHOHRCHIOORCC/HORHROIOIOICIRHIOCOICHHHIHCIIO	com/moonsworth/lunar/client/CCROIHHHCOCHHOHORCIRHOCRROIOCI/RCIOICOHRIOIIRRRROCRHCIICRROHO/HOIHIOIROHORRROCIHRHROHIHIHOCO/HORHROIOIOICIRHIOCOICHHHIHCIIO/RHIRRICCRHHHIIHHIHHOHRCHIOORCC/SkyblockHideLotusfishNametag
com/moonsworth/lunar/client/CCROIHHHCOCHHOHORCIRHOCRROIOCI/RCIOICOHRIOIIRRRROCRHCIICRROHO/HOIHIOIROHORRROCIHRHROHIHIHOCO/HORHROIOIOICIRHIOCOICHHHIHCIIO/RIIICIRHRCIHOOOORHOICRIICCCRHR/HRICOROOOCCOCOROCRHHCRRIRCOICO	com/moonsworth/lunar/client/CCROIHHHCOCHHOHORCIRHOCRROIOCI/RCIOICOHRIOIIRRRROCRHCIICRROHO/HOIHIOIROHORRROCIHRHROHIHIHOCO/HORHROIOIOICIRHIOCOICHHHIHCIIO/RIIICIRHRCIHOOOORHOICRIICCCRHR/SkyblockCalculatorInSigns
com/moonsworth/lunar/client/CCROIHHHCOCHHOHORCIRHOCRROIOCI/RCIOICOHRIOIIRRRROCRHCIICRROHO/HOIHIOIROHORRROCIHRHROHIHIHOCO/HORHROIOIOICIRHIOCOICHHHIHCIIO/RIIICIRHRCIHOOOORHOICRIICCCRHR/HROHOIOCHIRIHICOORIHOHCIOIRIIH	com/moonsworth/lunar/client/CCROIHHHCOCHHOHORCIRHOCRROIOCI/RCIOICOHRIOIIRRRROCRHCIICRROHO/HOIHIOIROHORRROCIHRHROHIHIHOCO/HORHROIOIOICIRHIOCOICHHHIHCIIO/RIIICIRHRCIHOOOORHOICRIICCCRHR/TeamCakeHighlight
com/moonsworth/lunar/client/CCROIHHHCOCHHOHORCIRHOCRROIOCI/RCIOICOHRIOIIRRRROCRHCIICRROHO/HOIHIOIROHORRROCIHRHROHIHIHOCO/HORHROIOIOICIRHIOCOICHHHIHCIIO/RIIICIRHRCIHOOOORHOICRIICCCRHR/ICRHORIIHOHROHOHOCOOHOOCOORRHO	com/moonsworth/lunar/client/CCROIHHHCOCHHOHORCIRHOCRROIOCI/RCIOICOHRIOIIRRRROCRHCIICRROHO/HOIHIOIROHORRROCIHRHROHIHIHOCO/HORHROIOIOICIRHIOCOICHHHIHCIIO/RIIICIRHRCIHOOOORHOICRIICCCRHR/SkyblockDamageSplash
com/moonsworth/lunar/client/CCROIHHHCOCHHOHORCIRHOCRROIOCI/RCIOICOHRIOIIRRRROCRHCIICRROHO/HOIHIOIROHORRROCIHRHROHIHIHOCO/HORHROIOIOICIRHIOCOICHHHIHCIIO/RIIICIRHRCIHOOOORHOICRIICCCRHR/OHROCHICOIOICHOCRROORRCIIICIHO	com/moonsworth/lunar/client/CCROIHHHCOCHHOHORCIRHOCRROIOCI/RCIOICOHRIOIIRRRROCRHCIICRROHO/HOIHIOIROHORRROCIHRHROHIHIHOCO/HORHROIOIOICIRHIOCOICHHHIHCIIO/RIIICIRHRCIHOOOORHOICRIICCCRHR/SkyblockProfileViewer
com/moonsworth/lunar/client/CCROIHHHCOCHHOHORCIRHOCRROIOCI/RCIOICOHRIOIIRRRROCRHCIICRROHO/HOIHIOIROHORRROCIHRHROHIHIHOCO/HORHROIOIOICIRHIOCOICHHHIHCIIO/RIIICIRHRCIHOOOORHOICRIICCCRHR/ORCHOHHCOHCORRICRIHCHHRORHHCHH	com/moonsworth/lunar/client/CCROIHHHCOCHHOHORCIRHOCRROIOCI/RCIOICOHRIOIIRRRROCRHCIICRROHO/HOIHIOIROHORRROCIHRHROHIHIHOCO/HORHROIOIOICIRHIOCOICHHHIHCIIO/RIIICIRHRCIHOOOORHOICRIICCCRHR/SkyblockRaffleTasksHud
com/moonsworth/lunar/client/CCROIHHHCOCHHOHORCIRHOCRROIOCI/RCIOICOHRIOIIRRRROCRHCIICRROHO/HOIHIOIROHORRROCIHRHROHIHIHOCO/HORHROIOIOICIRHIOCOICHHHIHCIIO/RIIICIRHRCIHOOOORHOICRIICCCRHR/RCIOICOHRIOIIRRRROCRHCIICRROHO	com/moonsworth/lunar/client/CCROIHHHCOCHHOHORCIRHOCRROIOCI/RCIOICOHRIOIIRRRROCRHCIICRROHO/HOIHIOIROHORRROCIHRHROHIHIHOCO/HORHROIOIOICIRHIOCOICHHHIHCIIO/RIIICIRHRCIHOOOORHOICRIICCCRHR/SkyblockFairySouls
com/moonsworth/lunar/client/CCROIHHHCOCHHOHORCIRHOCRROIOCI/RCIOICOHRIOIIRRRROCRHCIICRROHO/HOIHIOIROHORRROCIHRHROHIHIHOCO/HORHROIOIOICIRHIOCOICHHHIHCIIO/RIIIOHCCHRRRORICCHIIHHOORIIOIR/HHRROIIHRRICIIHIIHICRHHRHOHHOO	com/moonsworth/lunar/client/CCROIHHHCOCHHOHORCIRHOCRROIOCI/RCIOICOHRIOIIRRRROCRHCIICRROHO/HOIHIOIROHORRROCIHRHROHIHIHOCO/HORHROIOIOICIRHIOCOICHHHIHCIIO/RIIIOHCCHRRRORICCHIIHHOORIIOIR/SkyblockSkillGlobeHud
com/moonsworth/lunar/client/CCROIHHHCOCHHOHORCIRHOCRROIOCI/RCIOICOHRIOIIRRRROCRHCIICRROHO/HOIHIOIROHORRROCIHRHROHIHIHOCO/HORHROIOIOICIRHIOCOICHHHIHCIIO/RIIIOHCCHRRRORICCHIIHHOORIIOIR/HORHROIOIOICIRHIOCOICHHHIHCIIO	com/moonsworth/lunar/client/CCROIHHHCOCHHOHORCIRHOCRROIOCI/RCIOICOHRIOIIRRRROCRHCIICRROHO/HOIHIOIROHORRROCIHRHROHIHIHOCO/HORHROIOIOICIRHIOCOICHHHIHCIIO/RIIIOHCCHRRRORICCHIIHHOORIIOIR/SkyblockSkillProgressBarHud
com/moonsworth/lunar/client/CCROIHHHCOCHHOHORCIRHOCRROIOCI/RCIOICOHRIOIIRRRROCRHCIICRROHO/HOIHIOIROHORRROCIHRHROHIHIHOCO/HORHROIOIOICIRHIOCOICHHHIHCIIO/RIIIOHCCHRRRORICCHIIHHOORIIOIR/HRICOROOOCCOCOROCRHHCRRIRCOICO	com/moonsworth/lunar/client/CCROIHHHCOCHHOHORCIRHOCRROIOCI/RCIOICOHRIOIIRRRROCRHCIICRROHO/HOIHIOIROHORRROCIHRHROHIHIHOCO/HORHROIOIOICIRHIOCOICHHHIHCIIO/RIIIOHCCHRRRORICCHIIHHOORIIOIR/SkyblockSkillProgressHud
com/moonsworth/lunar/client/CCROIHHHCOCHHOHORCIRHOCRROIOCI/RCIOICOHRIOIIRRRROCRHCIICRROHO/HOIHIOIROHORRROCIHRHROHIHIHOCO/HORHROIOIOICIRHIOCOICHHHIHCIIO/RIIIOHCCHRRRORICCHIIHHOORIIOIR/ICRHORIIHOHROHOHOCOOHOOCOORRHO	com/moonsworth/lunar/client/CCROIHHHCOCHHOHORCIRHOCRROIOCI/RCIOICOHRIOIIRRRROCRHCIICRROHO/HOIHIOIROHORRROCIHRHROHIHIHOCO/HORHROIOIOICIRHIOCOICHHHIHCIIO/RIIIOHCCHRRRORICCHIIHHOORIIOIR/SkyblockSkillXpTrackerHud
com/moonsworth/lunar/client/CCROIHHHCOCHHOHORCIRHOCRROIOCI/RCIOICOHRIOIIRRRROCRHCIICRROHO/HOIHIOIROHORRROCIHRHROHIHIHOCO/HORHROIOIOICIRHIOCOICHHHIHCIIO_	com/moonsworth/lunar/client/CCROIHHHCOCHHOHORCIRHOCRROIOCI/RCIOICOHRIOIIRRRROCRHCIICRROHO/HOIHIOIROHORRROCIHRHROHIHIHOCO/SkyblockDebugMod
com/moonsworth/lunar/client/CCROIHHHCOCHHOHORCIRHOCRROIOCI/RCIOICOHRIOIIRRRROCRHCIICRROHO/HOIHIOIROHORRROCIHRHROHIHIHOCO/HRICOROOOCCOCOROCRHHCRRIRCOICO_	com/moonsworth/lunar/client/CCROIHHHCOCHHOHORCIRHOCRROIOCI/RCIOICOHRIOIIRRRROCRHCIICRROHO/HOIHIOIROHORRROCIHRHROHIHIHOCO/Skyblock
com/moonsworth/lunar/client/CCROIHHHCOCHHOHORCIRHOCRROIOCI/RCIOICOHRIOIIRRRROCRHCIICRROHO/HOIHIOIROHORRROCIHRHROHIHIHOCO/ICRHORIIHOHROHOHOCOOHOOCOORRHO/CCROIHHHCOCHHOHORCIRHOCRROIOCI	com/moonsworth/lunar/client/CCROIHHHCOCHHOHORCIRHOCRROIOCI/RCIOICOHRIOIIRRRROCRHCIICRROHO/HOIHIOIROHORRROCIHRHROHIHIHOCO/ICRHORIIHOHROHOHOCOOHOOCOORRHO/SkyblockDebugHudScrollable
com/moonsworth/lunar/client/CCROIHHHCOCHHOHORCIRHOCRROIOCI/RCIOICOHRIOIIRRRROCRHCIICRROHO/HOIHIOIROHORRROCIHRHROHIHIHOCO/ICRHORIIHOHROHOHOCOOHOOCOORRHO/HHRROIIHRRICIIHIIHICRHHRHOHHOO/HORHROIOIOICIRHIOCOICHHHIHCIIO/HHRROIIHRRICIIHIIHICRHHRHOHHOO	com/moonsworth/lunar/client/CCROIHHHCOCHHOHORCIRHOCRROIOCI/RCIOICOHRIOIIRRRROCRHCIICRROHO/HOIHIOIROHORRROCIHRHROHIHIHOCO/ICRHORIIHOHROHOHOCOOHOOCOORRHO/HHRROIIHRRICIIHIIHICRHHRHOHHOO/HORHROIOIOICIRHIOCOICHHHIHCIIO/TestCustomGuiOverlay
com/moonsworth/lunar/client/CCROIHHHCOCHHOHORCIRHOCRROIOCI/RCIOICOHRIOIIRRRROCRHCIICRROHO/HOIHIOIROHORRROCIHRHROHIHIHOCO/ICRHORIIHOHROHOHOCOOHOOCOORRHO/HHRROIIHRRICIIHIIHICRHHRHOHHOO_	com/moonsworth/lunar/client/CCROIHHHCOCHHOHORCIRHOCRROIOCI/RCIOICOHRIOIIRRRROCRHCIICRROHO/HOIHIOIROHORRROCIHRHROHIHIHOCO/ICRHORIIHOHROHOHOCOOHOOCOORRHO/SkyblockChildEnabledDebug
com/moonsworth/lunar/client/CCROIHHHCOCHHOHORCIRHOCRROIOCI/RCIOICOHRIOIIRRRROCRHCIICRROHO/HOIHIOIROHORRROCIHRHROHIHIHOCO/ICRHORIIHOHROHOHOCOOHOOCOORRHO/HIOROOCORHICHIRIHIRCCORCIIICCH	com/moonsworth/lunar/client/CCROIHHHCOCHHOHORCIRHOCRROIOCI/RCIOICOHRIOIIRRRROCRHCIICRROHO/HOIHIOIROHORRROCIHRHROHIHIHOCO/ICRHORIIHOHROHOHOCOOHOOCOORRHO/SkyblockDebugRarityBackground
com/moonsworth/lunar/client/CCROIHHHCOCHHOHORCIRHOCRROIOCI/RCIOICOHRIOIIRRRROCRHCIICRROHO/HOIHIOIROHORRROCIHRHROHIHIHOCO/ICRHORIIHOHROHOHOCOOHOOCOORRHO/HORHROIOIOICIRHIOCOICHHHIHCIIO/HHRROIIHRRICIIHIIHICRHHRHOHHOO	com/moonsworth/lunar/client/CCROIHHHCOCHHOHORCIRHOCRROIOCI/RCIOICOHRIOIIRRRROCRHCIICRROHO/HOIHIOIROHORRROCIHRHROHIHIHOCO/ICRHORIIHOHROHOHOCOOHOOCOORRHO/HORHROIOIOICIRHIOCOICHHHIHCIIO/TestCustomGuiOverride
com/moonsworth/lunar/client/CCROIHHHCOCHHOHORCIRHOCRROIOCI/RCIOICOHRIOIIRRRROCRHCIICRROHO/HOIHIOIROHORRROCIHRHROHIHIHOCO/ICRHORIIHOHROHOHOCOOHOOCOORRHO/HRICOROOOCCOCOROCRHHCRRIRCOICO/HHRROIIHRRICIIHIIHICRHHRHOHHOO	com/moonsworth/lunar/client/CCROIHHHCOCHHOHORCIRHOCRROIOCI/RCIOICOHRIOIIRRRROCRHCIICRROHO/HOIHIOIROHORRROCIHRHROHIHIHOCO/ICRHORIIHOHROHOHOCOOHOOCOORRHO/HRICOROOOCCOCOROCRHHCRRIRCOICO/SkyblockDebugGraphs
com/moonsworth/lunar/client/CCROIHHHCOCHHOHORCIRHOCRROIOCI/RCIOICOHRIOIIRRRROCRHCIICRROHO/HOIHIOIROHORRROCIHRHROHIHIHOCO/ICRHORIIHOHROHOHOCOOHOOCOORRHO/HRICOROOOCCOCOROCRHHCRRIRCOICO/HORHROIOIOICIRHIOCOICHHHIHCIIO	com/moonsworth/lunar/client/CCROIHHHCOCHHOHORCIRHOCRROIOCI/RCIOICOHRIOIIRRRROCRHCIICRROHO/HOIHIOIROHORRROCIHRHROHIHIHOCO/ICRHORIIHOHROHOHOCOOHOOCOORRHO/HRICOROOOCCOCOROCRHHCRRIRCOICO/SkyblockMetalDetectorDataGen
com/moonsworth/lunar/client/CCROIHHHCOCHHOHORCIRHOCRROIOCI/RCIOICOHRIOIIRRRROCRHCIICRROHO/HOIHIOIROHORRROCIHRHROHIHIHOCO/ICRHORIIHOHROHOHOCOOHOOCOORRHO/HRICOROOOCCOCOROCRHHCRRIRCOICO_	com/moonsworth/lunar/client/CCROIHHHCOCHHOHORCIRHOCRROIOCI/RCIOICOHRIOIIRRRROCRHCIICRROHO/HOIHIOIROHORRROCIHRHROHIHIHOCO/ICRHORIIHOHROHOHOCOOHOOCOORRHO/SkyblockRenderDebugBlockColors
com/moonsworth/lunar/client/CCROIHHHCOCHHOHORCIRHOCRROIOCI/RCIOICOHRIOIIRRRROCRHCIICRROHO/HOIHIOIROHORRROCIHRHROHIHIHOCO/ICRHORIIHOHROHOHOCOOHOOCOORRHO/HROHOIOCHIRIHICOORIHOHCIOIRIIH	com/moonsworth/lunar/client/CCROIHHHCOCHHOHORCIRHOCRROIOCI/RCIOICOHRIOIIRRRROCRHCIICRROHO/HOIHIOIROHORRROCIHRHROHIHIHOCO/ICRHORIIHOHROHOHOCOOHOOCOORRHO/SkyblockDebugHudInteractable
com/moonsworth/lunar/client/CCROIHHHCOCHHOHORCIRHOCRROIOCI/RCIOICOHRIOIIRRRROCRHCIICRROHO/HOIHIOIROHORRROCIHRHROHIHIHOCO/ICRHORIIHOHROHOHOCOOHOOCOORRHO/ICRHORIIHOHROHOHOCOOHOOCOORRHO	com/moonsworth/lunar/client/CCROIHHHCOCHHOHORCIRHOCRROIOCI/RCIOICOHRIOIIRRRROCRHCIICRROHO/HOIHIOIROHORRROCIHRHROHIHIHOCO/ICRHORIIHOHROHOHOCOOHOOCOORRHO/SkyblockDebugChime
com/moonsworth/lunar/client/CCROIHHHCOCHHOHORCIRHOCRROIOCI/RCIOICOHRIOIIRRRROCRHCIICRROHO/HOIHIOIROHORRROCIHRHROHIHIHOCO/ICRHORIIHOHROHOHOCOOHOOCOORRHO/IHRHHRIHICHOOICIRIOOHOICHIRHOI	com/moonsworth/lunar/client/CCROIHHHCOCHHOHORCIRHOCRROIOCI/RCIOICOHRIOIIRRRROCRHCIICRROHO/HOIHIOIROHORRROCIHRHROHIHIHOCO/ICRHORIIHOHROHOHOCOOHOOCOORRHO/DebugTimerHud
com/moonsworth/lunar/client/CCROIHHHCOCHHOHORCIRHOCRROIOCI/RCIOICOHRIOIIRRRROCRHCIICRROHO/HOIHIOIROHORRROCIHRHROHIHIHOCO/ICRHORIIHOHROHOHOCOOHOOCOORRHO/IIORCIOOIHRRRICOHIRCIHOOCCOHRO	com/moonsworth/lunar/client/CCROIHHHCOCHHOHORCIRHOCRROIOCI/RCIOICOHRIOIIRRRROCRHCIICRROHO/HOIHIOIROHORRROCIHRHROHIHIHOCO/ICRHORIIHOHROHOHOCOOHOOCOORRHO/SkyblockPreviewIsolationDebug
com/moonsworth/lunar/client/CCROIHHHCOCHHOHORCIRHOCRROIOCI/RCIOICOHRIOIIRRRROCRHCIICRROHO/HOIHIOIROHORRROCIHRHROHIHIHOCO/ICRHORIIHOHROHOHOCOOHOOCOORRHO/IRCHCHOHRRIOORHRCHRIHIOHRCIHRH	com/moonsworth/lunar/client/CCROIHHHCOCHHOHORCIRHOCRROIOCI/RCIOICOHRIOIIRRRROCRHCIICRROHO/HOIHIOIROHORRROCIHRHROHIHIHOCO/ICRHORIIHOHROHOHOCOOHOOCOORRHO/WaterRoomSolutionGenerator
com/moonsworth/lunar/client/CCROIHHHCOCHHOHORCIRHOCRROIOCI/RCIOICOHRIOIIRRRROCRHCIICRROHO/HOIHIOIROHORRROCIHRHROHIHIHOCO/ICRHORIIHOHROHOHOCOOHOOCOORRHO/OHOOORICRHIIIIRHCICICOCHROICRC	com/moonsworth/lunar/client/CCROIHHHCOCHHOHORCIRHOCRROIOCI/RCIOICOHRIOIIRRRROCRHCIICRROHO/HOIHIOIROHORRROCIHRHROHIHIHOCO/ICRHORIIHOHROHOHOCOOHOOCOORRHO/SkyblockRenderDebugLavaWater
com/moonsworth/lunar/client/CCROIHHHCOCHHOHORCIRHOCRROIOCI/RCIOICOHRIOIIRRRROCRHCIICRROHO/HOIHIOIROHORRROCIHRHROHIHIHOCO/ICRHORIIHOHROHOHOCOOHOOCOORRHO/OHROCHICOIOICHOCRROORRCIIICIHO	com/moonsworth/lunar/client/CCROIHHHCOCHHOHORCIRHOCRROIOCI/RCIOICOHRIOIIRRRROCRHCIICRROHO/HOIHIOIROHORRROCIHRHROHIHIHOCO/ICRHORIIHOHROHOHOCOOHOOCOORRHO/SkyblockDebugHideHud
com/moonsworth/lunar/client/CCROIHHHCOCHHOHORCIRHOCRROIOCI/RCIOICOHRIOIIRRRROCRHCIICRROHO/HOIHIOIROHORRROCIHRHROHIHIHOCO/ICRHORIIHOHROHOHOCOOHOOCOORRHO/OIRIOIIIRICICCHORICRRIRROHCRIC	com/moonsworth/lunar/client/CCROIHHHCOCHHOHORCIRHOCRROIOCI/RCIOICOHRIOIIRRRROCRHCIICRROHO/HOIHIOIROHORRROCIHRHROHIHIHOCO/ICRHORIIHOHROHOHOCOOHOOCOORRHO/SkyblockDebugRandomLore
com/moonsworth/lunar/client/CCROIHHHCOCHHOHORCIRHOCRROIOCI/RCIOICOHRIOIIRRRROCRHCIICRROHO/HOIHIOIROHORRROCIHRHROHIHIHOCO/ICRHORIIHOHROHOHOCOOHOOCOORRHO/ORCHOHHCOHCORRICRIHCHHRORHHCHH	com/moonsworth/lunar/client/CCROIHHHCOCHHOHORCIRHOCRROIOCI/RCIOICOHRIOIIRRRROCRHCIICRROHO/HOIHIOIROHORRROCIHRHROHIHIHOCO/ICRHORIIHOHROHOHOCOOHOOCOORRHO/SkyblockDebugHotbarStackSize
com/moonsworth/lunar/client/CCROIHHHCOCHHOHORCIRHOCRROIOCI/RCIOICOHRIOIIRRRROCRHCIICRROHO/HOIHIOIROHORRROCIHRHROHIHIHOCO/ICRHORIIHOHROHOHOCOOHOOCOORRHO/ORICHRORRORHORHOIHCRHOORCRRHOI	com/moonsworth/lunar/client/CCROIHHHCOCHHOHORCIRHOCRROIOCI/RCIOICOHRIOIIRRRROCRHCIICRROHO/HOIHIOIROHORRROCIHRHROHIHIHOCO/ICRHORIIHOHROHOHOCOOHOOCOORRHO/SkyblockDebugHud
com/moonsworth/lunar/client/CCROIHHHCOCHHOHORCIRHOCRROIOCI/RCIOICOHRIOIIRRRROCRHCIICRROHO/HOIHIOIROHORRROCIHRHROHIHIHOCO/ICRHORIIHOHROHOHOCOOHOOCOORRHO/RCIOICOHRIOIIRRRROCRHCIICRROHO	com/moonsworth/lunar/client/CCROIHHHCOCHHOHORCIRHOCRROIOCI/RCIOICOHRIOIIRRRROCRHCIICRROHO/HOIHIOIROHORRROCIHRHROHIHIHOCO/ICRHORIIHOHROHOHOCOOHOOCOORRHO/SkyblockDebugDisplayAlert
com/moonsworth/lunar/client/CCROIHHHCOCHHOHORCIRHOCRROIOCI/RCIOICOHRIOIIRRRROCRHCIICRROHO/HOIHIOIROHORRROCIHRHROHIHIHOCO/ICRHORIIHOHROHOHOCOOHOOCOORRHO/RHIRRICCRHHHIIHHIHHOHRCHIOORCC	com/moonsworth/lunar/client/CCROIHHHCOCHHOHORCIRHOCRROIOCI/RCIOICOHRIOIIRRRROCRHCIICRROHO/HOIHIOIROHORRROCIHRHROHIHIHOCO/ICRHORIIHOHROHOHOCOOHOOCOORRHO/SkyblockRenderDebugUtilities
com/moonsworth/lunar/client/CCROIHHHCOCHHOHORCIRHOCRROIOCI/RCIOICOHRIOIIRRRROCRHCIICRROHO/HOIHIOIROHORRROCIHRHROHIHIHOCO/ICRHORIIHOHROHOHOCOOHOOCOORRHO/RIIICIRHRCIHOOOORHOICRIICCCRHR	com/moonsworth/lunar/client/CCROIHHHCOCHHOHORCIRHOCRROIOCI/RCIOICOHRIOIIRRRROCRHCIICRROHO/HOIHIOIROHORRROCIHRHROHIHIHOCO/ICRHORIIHOHROHOHOCOOHOOCOORRHO/SkyblockSpiritLeapDebug
com/moonsworth/lunar/client/CCROIHHHCOCHHOHORCIRHOCRROIOCI/RCIOICOHRIOIIRRRROCRHCIICRROHO/HOOHOOCICIOHOCCCCRCICOIIOIOIIH/HORHROIOIOICIRHIOCOICHHHIHCIIO/HHRROIIHRRICIIHIIHICRHHRHOHHOO	com/moonsworth/lunar/client/CCROIHHHCOCHHOHORCIRHOCRROIOCI/RCIOICOHRIOIIRRRROCRHCIICRROHO/HOOHOOCICIOHOCCCCRCICOIIOIOIIH/HORHROIOIOICIRHIOCOICHHHIHCIIO/HotbarKeyOverlay
com/moonsworth/lunar/client/CCROIHHHCOCHHOHORCIRHOCRROIOCI/RCIOICOHRIOIIRRRROCRHCIICRROHO/HOOHOOCICIOHOCCCCRCICOIIOIOIIH/HORHROIOIOICIRHIOCOICHHHIHCIIO/HORHROIOIOICIRHIOCOICHHHIHCIIO/HHRROIIHRRICIIHIIHICRHHRHOHHOO	com/moonsworth/lunar/client/CCROIHHHCOCHHOHORCIRHOCRROIOCI/RCIOICOHRIOIIRRRROCRHCIICRROHO/HOOHOOCICIOHOCCCCRCICOIIOIOIIH/HORHROIOIOICIRHIOCOICHHHIHCIIO/HORHROIOIOICIRHIOCOICHHHIHCIIO/InventorySearch
com/moonsworth/lunar/client/CCROIHHHCOCHHOHORCIRHOCRROIOCI/RCIOICOHRIOIIRRRROCRHCIICRROHO/HOOHOOCICIOHOCCCCRCICOIIOIOIIH/HORHROIOIOICIRHIOCOICHHHIHCIIO/HORHROIOIOICIRHIOCOICHHHIHCIIO_	com/moonsworth/lunar/client/CCROIHHHCOCHHOHORCIRHOCRROIOCI/RCIOICOHRIOIIRRRROCRHCIICRROHO/HOOHOOCICIOHOCCCCRCICOIIOIOIIH/HORHROIOIOICIRHIOCOICHHHIHCIIO/EnchantmentSpriteTextDecoration
com/moonsworth/lunar/client/CCROIHHHCOCHHOHORCIRHOCRROIOCI/RCIOICOHRIOIIRRRROCRHCIICRROHO/HOOHOOCICIOHOCCCCRCICOIIOIOIIH/HORHROIOIOICIRHIOCOICHHHIHCIIO/HRICOROOOCCOCOROCRHHCRRIRCOICO	com/moonsworth/lunar/client/CCROIHHHCOCHHOHORCIRHOCRROIOCI/RCIOICOHRIOIIRRRROCRHCIICRROHO/HOOHOOCICIOHOCCCCRCICOIIOIOIIH/HORHROIOIOICIRHIOCOICHHHIHCIIO/InventoryHud
com/moonsworth/lunar/client/CCROIHHHCOCHHOHORCIRHOCRROIOCI/RCIOICOHRIOIIRRRROCRHCIICRROHO/HOOHOOCICIOHOCCCCRCICOIIOIOIIH/HORHROIOIOICIRHIOCOICHHHIHCIIO/ICRHORIIHOHROHOHOCOOHOOCOORRHO	com/moonsworth/lunar/client/CCROIHHHCOCHHOHORCIRHOCRROIOCI/RCIOICOHRIOIIRRRROCRHCIICRROHO/HOOHOOCICIOHOCCCCRCICOIIOIOIIH/HORHROIOIOICIRHIOCOICHHHIHCIIO/ItemDropProtection
com/moonsworth/lunar/client/CCROIHHHCOCHHOHORCIRHOCRROIOCI/RCIOICOHRIOIIRRRROCRHCIICRROHO/HOOHOOCICIOHOCCCCRCICOIIOIOIIH/HORHROIOIOICIRHIOCOICHHHIHCIIO/OHROCHICOIOICHOCRROORRCIIICIHO	com/moonsworth/lunar/client/CCROIHHHCOCHHOHORCIRHOCRROIOCI/RCIOICOHRIOIIRRRROCRHCIICRROHO/HOOHOOCICIOHOCCCCRCICOIIOIOIIH/HORHROIOIOICIRHIOCOICHHHIHCIIO/SlotLocking
com/moonsworth/lunar/client/CCROIHHHCOCHHOHORCIRHOCRROIOCI/RCIOICOHRIOIIRRRROCRHCIICRROHO/HOOHOOCICIOHOCCCCRCICOIIOIOIIH/HORHROIOIOICIRHIOCOICHHHIHCIIO/RCIOICOHRIOIIRRRROCRHCIICRROHO	com/moonsworth/lunar/client/CCROIHHHCOCHHOHORCIRHOCRROIOCI/RCIOICOHRIOIIRRRROCRHCIICRROHO/HOOHOOCICIOHOCCCCRCICOIIOIOIIH/HORHROIOIOICIRHIOCOICHHHIHCIIO/SlotBinding
com/moonsworth/lunar/client/CCROIHHHCOCHHOHORCIRHOCRROIOCI/RCIOICOHRIOIIRRRROCRHCIICRROHO/HOOHOOCICIOHOCCCCRCICOIIOIOIIH/HORHROIOIOICIRHIOCOICHHHIHCIIO_	com/moonsworth/lunar/client/CCROIHHHCOCHHOHORCIRHOCRROIOCI/RCIOICOHRIOIIRRRROCRHCIICRROHO/HOOHOOCICIOHOCCCCRCICOIIOIOIIH/InventoryMod
com/moonsworth/lunar/client/CCROIHHHCOCHHOHORCIRHOCRROIOCI/RCIOICOHRIOIIRRRROCRHCIICRROHO/HORHIHCCOCCORIIIOHRRRROROCHCIC/HORHROIOIOICIRHIOCOICHHHIHCIIO	com/moonsworth/lunar/client/CCROIHHHCOCHHOHORCIRHOCRROIOCI/RCIOICOHRIOIIRRRROCRHCIICRROHO/HORHIHCCOCCORIIIOHRRRROROCHCIC/ShinyPots
com/moonsworth/lunar/client/CCROIHHHCOCHHOHORCIRHOCRROIOCI/RCIOICOHRIOIIRRRROCRHCIICRROHO/HORHIRROCIOIICIOHCOCCOOHIRCCRI/HHRROIIHRRICIIHIIHICRHHRHOHHOO/HHRROIIHRRICIIHIIHICRHHRHOHHOO	com/moonsworth/lunar/client/CCROIHHHCOCHHOHORCIRHOCRROIOCI/RCIOICOHRIOIIRRRROCRHCIICRROHO/HORHIRROCIOIICIOHCOCCOOHIRCCRI/HHRROIIHRRICIIHIIHICRHHRHOHHOO/OneSevenAnimationsModern
com/moonsworth/lunar/client/CCROIHHHCOCHHOHORCIRHOCRROIOCI/RCIOICOHRIOIIRRRROCRHCIICRROHO/HORHIRROCIOIICIOHCOCCOOHIRCCRI/HHRROIIHRRICIIHIIHICRHHRHOHHOO/HRICOROOOCCOCOROCRHHCRRIRCOICO	com/moonsworth/lunar/client/CCROIHHHCOCHHOHORCIRHOCRROIOCI/RCIOICOHRIOIIRRRROCRHCIICRROHO/HORHIRROCIOIICIOHCOCCOOHIRCCRI/HHRROIIHRRICIIHIIHICRHHRHOHHOO/OneSevenItemsModern
com/moonsworth/lunar/client/CCROIHHHCOCHHOHORCIRHOCRROIOCI/RCIOICOHRIOIIRRRROCRHCIICRROHO/HORHIRROCIOIICIOHCOCCOOHIRCCRI/HORHROIOIOICIRHIOCOICHHHIHCIIO/HHRROIIHRRICIIHIIHICRHHRHOHHOO	com/moonsworth/lunar/client/CCROIHHHCOCHHOHORCIRHOCRROIOCI/RCIOICOHRIOIIRRRROCRHCIICRROHO/HORHIRROCIOIICIOHCOCCOOHIRCCRI/HORHROIOIOICIRHIOCOICHHHIHCIIO/OneSevenAnimationsLegacy
com/moonsworth/lunar/client/CCROIHHHCOCHHOHORCIRHOCRROIOCI/RCIOICOHRIOIIRRRROCRHCIICRROHO/HORHIRROCIOIICIOHCOCCOOHIRCCRI/HORHROIOIOICIRHIOCOICHHHIHCIIO/HRICOROOOCCOCOROCRHHCRRIRCOICO	com/moonsworth/lunar/client/CCROIHHHCOCHHOHORCIRHOCRROIOCI/RCIOICOHRIOIIRRRROCRHCIICRROHO/HORHIRROCIOIICIOHCOCCOOHIRCCRI/HORHROIOIOICIRHIOCOICHHHIHCIIO/OneSevenItemsLegacy
com/moonsworth/lunar/client/CCROIHHHCOCHHOHORCIRHOCRROIOCI/RCIOICOHRIOIIRRRROCRHCIICRROHO/HORHIRROCIOIICIOHCOCCOOHIRCCRI/HRICOROOOCCOCOROCRHHCRRIRCOICO	com/moonsworth/lunar/client/CCROIHHHCOCHHOHORCIRHOCRROIOCI/RCIOICOHRIOIIRRRROCRHCIICRROHO/HORHIRROCIOIICIOHCOCCOOHIRCCRI/OneSevenVisuals
com/moonsworth/lunar/client/CCROIHHHCOCHHOHORCIRHOCRROIOCI/RCIOICOHRIOIIRRRROCRHCIICRROHO/HORHROIOIOICIRHIOCOICHHHIHCIIO/HORHROIOIOICIRHIOCOICHHHIHCIIO	com/moonsworth/lunar/client/CCROIHHHCOCHHOHORCIRHOCRROIOCI/RCIOICOHRIOIIRRRROCRHCIICRROHO/HORHROIOIOICIRHIOCOICHHHIHCIIO/ActionBar
com/moonsworth/lunar/client/CCROIHHHCOCHHOHORCIRHOCRROIOCI/RCIOICOHRIOIIRRRROCRHCIICRROHO/HRICOROOOCCOCOROCRHHCRRIRCOICO/HHRROIIHRRICIIHIIHICRHHRHOHHOO	com/moonsworth/lunar/client/CCROIHHHCOCHHOHORCIRHOCRROIOCI/RCIOICOHRIOIIRRRROCRHCIICRROHO/HRICOROOOCCOCOROCRHHCRRIRCOICO/AttackIndicator
com/moonsworth/lunar/client/CCROIHHHCOCHHOHORCIRHOCRROIOCI/RCIOICOHRIOIIRRRROCRHCIICRROHO/HROCOOROCRHIRHOHIRHIRIHOOCHRIH/HHRROIIHRRICIIHIIHICRHHRHOHHOO	com/moonsworth/lunar/client/CCROIHHHCOCHHOHORCIRHOCRROIOCI/RCIOICOHRIOIIRRRROCRHCIICRROHO/HROCOOROCRHIRHOHIRHIRIHOOCHRIH/ParticleChangerBloodChild
com/moonsworth/lunar/client/CCROIHHHCOCHHOHORCIRHOCRROIOCI/RCIOICOHRIOIIRRRROCRHCIICRROHO/HROCOOROCRHIRHOHIRHIRIHOOCHRIH/ICRHORIIHOHROHOHOCOOHOOCOORRHO	com/moonsworth/lunar/client/CCROIHHHCOCHHOHORCIRHOCRROIOCI/RCIOICOHRIOIIRRRROCRHCIICRROHO/HROCOOROCRHIRHOHIRHIRIHOOCHRIH/ParticleChanger
com/moonsworth/lunar/client/CCROIHHHCOCHHOHORCIRHOCRROIOCI/RCIOICOHRIOIIRRRROCRHCIICRROHO/HROHOIOCHIRIHICOORIHOHCIOIRIIH/HORHROIOIOICIRHIOCOICHHHIHCIIO	com/moonsworth/lunar/client/CCROIHHHCOCHHOHORCIRHOCRROIOCI/RCIOICOHRIOIIRRRROCRHCIICRROHO/HROHOIOCHIRIHICOORIHOHCIOIRIIH/Clock
com/moonsworth/lunar/client/CCROIHHHCOCHHOHORCIRHOCRROIOCI/RCIOICOHRIOIIRRRROCRHCIICRROHO/HROOOICICRCOCIROHIRICCCOCCIORH/HRICOROOOCCOCOROCRHHCRRIRCOICO	com/moonsworth/lunar/client/CCROIHHHCOCHHOHORCIRHOCRROIOCI/RCIOICOHRIOIIRRRROCRHCIICRROHO/HROOOICICRCOCIROHIRICCCOCCIORH/ItemCounter
com/moonsworth/lunar/client/CCROIHHHCOCHHOHORCIRHOCRROIOCI/RCIOICOHRIOIIRRRROCRHCIICRROHO/HRORICORIHHHRICRIRCIIOHCRIRRHI/HORHROIOIOICIRHIOCOICHHHIHCIIO_	com/moonsworth/lunar/client/CCROIHHHCOCHHOHORCIRHOCRROIOCI/RCIOICOHRIOIIRRRROCRHCIICRROHO/HRORICORIHHHRICRIRCIIOHCRIRRHI/F3Display
com/moonsworth/lunar/client/CCROIHHHCOCHHOHORCIRHOCRROIOCI/RCIOICOHRIOIIRRRROCRHCIICRROHO/HRRCROICHIIROIHRCOIHRRHCCRIIRH/HORHROIOIOICIRHIOCOICHHHIHCIIO/HHRROIIHRRICIIHIIHICRHHRHOHHOO	com/moonsworth/lunar/client/CCROIHHHCOCHHOHORCIRHOCRROIOCI/RCIOICOHRIOIIRRRROCRHCIICRROHO/HRRCROICHIIROIHRCOIHRRHCCRIIRH/HORHROIOIOICIRHIOCOICHHHIHCIIO/KnockbackJumpTiming
com/moonsworth/lunar/client/CCROIHHHCOCHHOHORCIRHOCRROIOCI/RCIOICOHRIOIIRRRROCRHCIICRROHO/HRRCROICHIIROIHRCOIHRRHCCRIIRH/HORHROIOIOICIRHIOCOICHHHIHCIIO/HORHROIOIOICIRHIOCOICHHHIHCIIO	com/moonsworth/lunar/client/CCROIHHHCOCHHOHORCIRHOCRROIOCI/RCIOICOHRIOIIRRRROCRHCIICRROHO/HRRCROICHIIROIHRCOIHRRHCCRIIRH/HORHROIOIOICIRHIOCOICHHHIHCIIO/KnockbackGroundGraph
com/moonsworth/lunar/client/CCROIHHHCOCHHOHORCIRHOCRROIOCI/RCIOICOHRIOIIRRRROCRHCIICRROHO/HRRCROICHIIROIHRCOIHRRHCCRIIRH/HORHROIOIOICIRHIOCOICHHHIHCIIO/HRICOROOOCCOCOROCRHHCRRIRCOICO	com/moonsworth/lunar/client/CCROIHHHCOCHHOHORCIRHOCRROIOCI/RCIOICOHRIOIIRRRROCRHCIICRROHO/HRRCROICHIIROIHRCOIHRRHCCRIIRH/HORHROIOIOICIRHIOCOICHHHIHCIIO/KnockbackStats
com/moonsworth/lunar/client/CCROIHHHCOCHHOHORCIRHOCRROIOCI/RCIOICOHRIOIIRRRROCRHCIICRROHO/HRRCROICHIIROIHRCOIHRRHCCRIIRH/HORHROIOIOICIRHIOCOICHHHIHCIIO_	com/moonsworth/lunar/client/CCROIHHHCOCHHOHORCIRHOCRROIOCI/RCIOICOHRIOIIRRRROCRHCIICRROHO/HRRCROICHIIROIHRCOIHRRHCCRIIRH/KnockbackTrainer
com/moonsworth/lunar/client/CCROIHHHCOCHHOHORCIRHOCRROIOCI/RCIOICOHRIOIIRRRROCRHCIICRROHO/HRRRIRCICHHHRROIHRRCRCORIHHOHI/HORHROIOIOICIRHIOCOICHHHIHCIIO_	com/moonsworth/lunar/client/CCROIHHHCOCHHOHORCIRHOCRROIOCI/RCIOICOHRIOIIRRRROCRHCIICRROHO/HRRRIRCICHHHRROIHRRCRCORIHHOHI/Waila
com/moonsworth/lunar/client/CCROIHHHCOCHHOHORCIRHOCRROIOCI/RCIOICOHRIOIIRRRROCRHCIICRROHO/ICIHHHCHHOIHHRROOCHOICRHOCHCOI/HORHROIOIOICIRHIOCOICHHHIHCIIO/HHRROIIHRRICIIHIIHICRHHRHOHHOO	com/moonsworth/lunar/client/CCROIHHHCOCHHOHORCIRHOCRROIOCI/RCIOICOHRIOIIRRRROCRHCIICRROHO/ICIHHHCHHOIHHRROOCHOICRHOCHCOI/HORHROIOIOICIRHIOCOICHHHIHCIIO/PvpInfoHealthChild
com/moonsworth/lunar/client/CCROIHHHCOCHHOHORCIRHOCRROIOCI/RCIOICOHRIOIIRRRROCRHCIICRROHO/ICIHHHCHHOIHHRROOCHOICRHOCHCOI/HORHROIOIOICIRHIOCOICHHHIHCIIO/HRICOROOOCCOCOROCRHHCRRIRCOICO	com/moonsworth/lunar/client/CCROIHHHCOCHHOHORCIRHOCRROIOCI/RCIOICOHRIOIIRRRROCRHCIICRROHO/ICIHHHCHHOIHHRROOCHOICRHOCHCOI/HORHROIOIOICIRHIOCOICHHHIHCIIO/PvpInfoMeleeChild
com/moonsworth/lunar/client/CCROIHHHCOCHHOHORCIRHOCRROIOCI/RCIOICOHRIOIIRRRROCRHCIICRROHO/ICIHHHCHHOIHHRROOCHOICRHOCHCOI/HORHROIOIOICIRHIOCOICHHHIHCIIO/ICRHORIIHOHROHOHOCOOHOOCOORRHO	com/moonsworth/lunar/client/CCROIHHHCOCHHOHORCIRHOCRROIOCI/RCIOICOHRIOIIRRRROCRHCIICRROHO/ICIHHHCHHOIHHRROOCHOICRHOCHCOI/HORHROIOIOICIRHIOCOICHHHIHCIIO/PvpInfoProjectileChild
com/moonsworth/lunar/client/CCROIHHHCOCHHOHORCIRHOCRROIOCI/RCIOICOHRIOIIRRRROCRHCIICRROHO/ICIHHHCHHOIHHRROOCHOICRHOCHCOI/HORHROIOIOICIRHIOCOICHHHIHCIIO_	com/moonsworth/lunar/client/CCROIHHHCOCHHOHORCIRHOCRROIOCI/RCIOICOHRIOIIRRRROCRHCIICRROHO/ICIHHHCHHOIHHRROOCHOICRHOCHCOI/PvpInfo
com/moonsworth/lunar/client/CCROIHHHCOCHHOHORCIRHOCRROIOCI/RCIOICOHRIOIIRRRROCRHCIICRROHO/ICOOHRIORIOOIIRRIHHOOIOHHCORIR/HORHROIOIOICIRHIOCOICHHHIHCIIO	com/moonsworth/lunar/client/CCROIHHHCOCHHOHORCIRHOCRROIOCI/RCIOICOHRIOIIRRRROCRHCIICRROHO/ICOOHRIORIOOIIRRIHHOOIOHHCORIR/HitColor
com/moonsworth/lunar/client/CCROIHHHCOCHHOHORCIRHOCRROIOCI/RCIOICOHRIOIIRRRROCRHCIICRROHO/ICRHORIIHOHROHOHOCOOHOOCOORRHO/HHRROIIHRRICIIHIIHICRHHRHOHHOO/HORHROIOIOICIRHIOCOICHHHIHCIIO	com/moonsworth/lunar/client/CCROIHHHCOCHHOHORCIRHOCRROIOCI/RCIOICOHRIOIIRRRROCRHCIICRROHO/ICRHORIIHOHROHOHOCOOHOOCOORRHO/HHRROIIHRRICIIHIIHICRHHRHOHHOO/HypixelBedwarsResourceCounterChild
com/moonsworth/lunar/client/CCROIHHHCOCHHOHORCIRHOCRROIOCI/RCIOICOHRIOIIRRRROCRHCIICRROHO/ICRHORIIHOHROHOHOCOOHOOCOORRHO/HHRROIIHRRICIIHIIHICRHHRHOHHOO_	com/moonsworth/lunar/client/CCROIHHHCOCHHOHORCIRHOCRROIOCI/RCIOICOHRIOIIRRRROCRHCIICRROHO/ICRHORIIHOHROHOHOCOOHOOCOORRHO/HypixelBedwars
com/moonsworth/lunar/client/CCROIHHHCOCHHOHORCIRHOCRROIOCI/RCIOICOHRIOIIRRRROCRHCIICRROHO/ICRHORIIHOHROHOHOCOOHOOCOORRHO/HRICOROOOCCOCOROCRHHCRRIRCOICO/HORHROIOIOICIRHIOCOICHHHIHCIIO	com/moonsworth/lunar/client/CCROIHHHCOCHHOHORCIRHOCRROIOCI/RCIOICOHRIOIIRRRROCRHCIICRROHO/ICRHORIIHOHROHOHOCOOHOOCOORRHO/HRICOROOOCCOCOROCRHHCRRIRCOICO/HypixelBedwarsStatsChild
com/moonsworth/lunar/client/CCROIHHHCOCHHOHORCIRHOCRROIOCI/RCIOICOHRIOIIRRRROCRHCIICRROHO/ICRHORIIHOHROHOHOCOOHOOCOORRHO/ICRHORIIHOHROHOHOCOOHOOCOORRHO/HORHROIOIOICIRHIOCOICHHHIHCIIO	com/moonsworth/lunar/client/CCROIHHHCOCHHOHORCIRHOCRROIOCI/RCIOICOHRIOIIRRRROCRHCIICRROHO/ICRHORIIHOHROHOHOCOOHOOCOORRHO/ICRHORIIHOHROHOHOCOOHOOCOORRHO/HypixelBedwarsTeamDisplayChild
com/moonsworth/lunar/client/CCROIHHHCOCHHOHORCIRHOCRROIOCI/RCIOICOHRIOIIRRRROCRHCIICRROHO/ICRHORIIHOHROHOHOCOOHOOCOORRHO/OHROCHICOIOICHOCRROORRCIIICIHO/HORHROIOIOICIRHIOCOICHHHIHCIIO	com/moonsworth/lunar/client/CCROIHHHCOCHHOHORCIRHOCRROIOCI/RCIOICOHRIOIIRRRROCRHCIICRROHO/ICRHORIIHOHROHOHOCOOHOOCOORRHO/OHROCHICOIOICHOCRROORRCIIICIHO/HypixelBedwarsUpgradeDisplayChild
com/moonsworth/lunar/client/CCROIHHHCOCHHOHORCIRHOCRROIOCI/RCIOICOHRIOIIRRRROCRHCIICRROHO/ICRHORIIHOHROHOHOCOOHOOCOORRHO/RCIOICOHRIOIIRRRROCRHCIICRROHO/HORHROIOIOICIRHIOCOICHHHIHCIIO	com/moonsworth/lunar/client/CCROIHHHCOCHHOHORCIRHOCRROIOCI/RCIOICOHRIOIIRRRROCRHCIICRROHO/ICRHORIIHOHROHOHOCOOHOOCOORRHO/RCIOICOHRIOIIRRRROCRHCIICRROHO/HypixelBedwarsTimersChildHud
com/moonsworth/lunar/client/CCROIHHHCOCHHOHORCIRHOCRROIOCI/RCIOICOHRIOIIRRRROCRHCIICRROHO/IHCORIOHOHHOIORHCCOOIIIHOCROOI/HORHROIOIOICIRHIOCOICHHHIHCIIO	com/moonsworth/lunar/client/CCROIHHHCOCHHOHORCIRHOCRROIOCI/RCIOICOHRIOIIRRRROCRHCIICRROHO/IHCORIOHOHHOIORHCCOOIIIHOCROOI/ShulkerPreview
com/moonsworth/lunar/client/CCROIHHHCOCHHOHORCIRHOCRROIOCI/RCIOICOHRIOIIRRRROCRHCIICRROHO/IHHCOCHOHOCRCRRHCIHHHIHCRIOIHR/HHRROIIHRRICIIHIIHICRHHRHOHHOO	com/moonsworth/lunar/client/CCROIHHHCOCHHOHORCIRHOCRROIOCI/RCIOICOHRIOIIRRRROCRHCIICRROHO/IHHCOCHOHOCRCRRHCIHHHIHCRIOIHR/TotemCounter
com/moonsworth/lunar/client/CCROIHHHCOCHHOHORCIRHOCRROIOCI/RCIOICOHRIOIIRRRROCRHCIICRROHO/IHHCOCHOHOCRCRRHCIHHHIHCRIOIHR/HORHROIOIOICIRHIOCOICHHHIHCIIO	com/moonsworth/lunar/client/CCROIHHHCOCHHOHORCIRHOCRROIOCI/RCIOICOHRIOIIRRRROCRHCIICRROHO/IHHCOCHOHOCRCRRHCIHHHIHCRIOIHR/TotemCounterHudChild
com/moonsworth/lunar/client/CCROIHHHCOCHHOHORCIRHOCRROIOCI/RCIOICOHRIOIIRRRROCRHCIICRROHO/IHHIOOICIOOICRICCIRCOHCHRIROIC/HRICOROOOCCOCOROCRHHCRRIRCOICO	com/moonsworth/lunar/client/CCROIHHHCOCHHOHORCIRHOCRROIOCI/RCIOICOHRIOIIRRRROCRHCIICRROHO/IHHIOOICIOOICRICCIRCOHCHRIROIC/SoundChanger
com/moonsworth/lunar/client/CCROIHHHCOCHHOHORCIRHOCRROIOCI/RCIOICOHRIOIIRRRROCRHCIICRROHO/IHRHHRIHICHOOICIRIOOHOICHIRHOI/HORHROIOIOICIRHIOCOICHHHIHCIIO/HHRROIIHRRICIIHIIHICRHHRHOHHOO	com/moonsworth/lunar/client/CCROIHHHCOCHHOHORCIRHOCRROIOCI/RCIOICOHRIOIIRRRROCRHCIICRROHO/IHRHHRIHICHOOICIRIOOHOICHIRHOI/HORHROIOIOICIRHIOCOICHHHIHCIIO/CrosshairElytra
com/moonsworth/lunar/client/CCROIHHHCOCHHOHORCIRHOCRROIOCI/RCIOICOHRIOIIRRRROCRHCIICRROHO/IHRHHRIHICHOOICIRIOOHOICHIRHOI/HRICOROOOCCOCOROCRHHCRRIRCOICO	com/moonsworth/lunar/client/CCROIHHHCOCHHOHORCIRHOCRROIOCI/RCIOICOHRIOIIRRRROCRHCIICRROHO/IHRHHRIHICHOOICIRIOOHOICHIRHOI/Crosshair
com/moonsworth/lunar/client/CCROIHHHCOCHHOHORCIRHOCRROIOCI/RCIOICOHRIOIIRRRROCRHCIICRROHO/IICIROOOIIIHCHICHIRRRRIRHHHHOR/HORHROIOIOICIRHIOCOICHHHIHCIIO	com/moonsworth/lunar/client/CCROIHHHCOCHHOHORCIRHOCRROIOCI/RCIOICOHRIOIIRRRROCRHCIICRROHO/IICIROOOIIIHCHICHIRRRRIRHHHHOR/PanoramaMaker
com/moonsworth/lunar/client/CCROIHHHCOCHHOHORCIRHOCRROIOCI/RCIOICOHRIOIIRRRROCRHCIICRROHO/IICOCHRHIRHIHIIRHOORCHHIIOIOIR/HORHROIOIOICIRHIOCOICHHHIHCIIO	com/moonsworth/lunar/client/CCROIHHHCOCHHOHORCIRHOCRROIOCI/RCIOICOHRIOIIRRRROCRHCIICRROHO/IICOCHRHIRHIHIIRHOORCHHIIOIOIR/MobSize
com/moonsworth/lunar/client/CCROIHHHCOCHHOHORCIRHOCRROIOCI/RCIOICOHRIOIIRRRROCRHCIICRROHO/IIHOIORIOCHCOORROROHIRIRIOHOHH/ICRHORIIHOHROHOHOCOOHOOCOORRHO	com/moonsworth/lunar/client/CCROIHHHCOCHHOHORCIRHOCRROIOCI/RCIOICOHRIOIIRRRROCRHCIICRROHO/IIHOIORIOCHCOORROROHIRIRIOHOHH/TierTagger
com/moonsworth/lunar/client/CCROIHHHCOCHHOHORCIRHOCRROIOCI/RCIOICOHRIOIIRRRROCRHCIICRROHO/IIORCIOOIHRRRICOHIRCIHOOCCOHRO/HORHROIOIOICIRHIOCOICHHHIHCIIO	com/moonsworth/lunar/client/CCROIHHHCOCHHOHORCIRHOCRROIOCI/RCIOICOHRIOIIRRRROCRHCIICRROHO/IIORCIOOIHRRRICOHIRCIHOOCCOHRO/DamageTint
com/moonsworth/lunar/client/CCROIHHHCOCHHOHORCIRHOCRROIOCI/RCIOICOHRIOIIRRRROCRHCIICRROHO/IRCHCHOHRRIOORHRCHRIHIOHRCIHRH/CCROIHHHCOCHHOHORCIRHOCRROIOCI	com/moonsworth/lunar/client/CCROIHHHCOCHHOHORCIRHOCRROIOCI/RCIOICOHRIOIIRRRROCRHCIICRROHO/IRCHCHOHRRIOORHRCHRIHIOHRCIHRH/McDebugRenderer
com/moonsworth/lunar/client/CCROIHHHCOCHHOHORCIRHOCRROIOCI/RCIOICOHRIOIIRRRROCRHCIICRROHO/IRCHCHOHRRIOORHRCHRIHIOHRCIHRH/HHRROIIHRRICIIHIIHICRHHRHOHHOO/HORHROIOIOICIRHIOCOICHHHIHCIIO_	com/moonsworth/lunar/client/CCROIHHHCOCHHOHORCIRHOCRROIOCI/RCIOICOHRIOIIRRRROCRHCIICRROHO/IRCHCHOHRRIOORHRCHRIHIOHRCIHRH/HHRROIIHRRICIIHIIHICRHHRHOHHOO/FpsDebugMod
com/moonsworth/lunar/client/CCROIHHHCOCHHOHORCIRHOCRROIOCI/RCIOICOHRIOIIRRRROCRHCIICRROHO/IRCHCHOHRRIOORHRCHRIHIOHRCIHRH/HHRROIIHRRICIIHIIHICRHHRHOHHOO/HRICOROOOCCOCOROCRHHCRRIRCOICO/ICRHORIIHOHROHOHOCOOHOOCOORRHO	com/moonsworth/lunar/client/CCROIHHHCOCHHOHORCIRHOCRROIOCI/RCIOICOHRIOIIRRRROCRHCIICRROHO/IRCHCHOHRRIOORHRCHRIHIOHRCIHRH/HHRROIIHRRICIIHIIHICRHHRHOHHOO/HRICOROOOCCOCOROCRHHCRRIRCOICO/ProfilerDebugMod
com/moonsworth/lunar/client/CCROIHHHCOCHHOHORCIRHOCRROIOCI/RCIOICOHRIOIIRRRROCRHCIICRROHO/IRCHCHOHRRIOORHRCHRIHIOHRCIHRH/HHRROIIHRRICIIHIIHICRHHRHOHHOO_	com/moonsworth/lunar/client/CCROIHHHCOCHHOHORCIRHOCRROIOCI/RCIOICOHRIOIIRRRROCRHCIICRROHO/IRCHCHOHRRIOORHRCHRIHIOHRCIHRH/ApolloDebugMod
com/moonsworth/lunar/client/CCROIHHHCOCHHOHORCIRHOCRROIOCI/RCIOICOHRIOIIRRRROCRHCIICRROHO/IRCHCHOHRRIOORHRCHRIHIOHRCIHRH/HIOROOCORHICHIRIHIRCCORCIIICCH	com/moonsworth/lunar/client/CCROIHHHCOCHHOHORCIRHOCRROIOCI/RCIOICOHRIOIIRRRROCRHCIICRROHO/IRCHCHOHRRIOORHRCHRIHIOHRCIHRH/PathfindingDebug
com/moonsworth/lunar/client/CCROIHHHCOCHHOHORCIRHOCRROIOCI/RCIOICOHRIOIIRRRROCRHCIICRROHO/IRCHCHOHRRIOORHRCHRIHIOHRCIHRH/HORHROIOIOICIRHIOCOICHHHIHCIIO/HORHROIOIOICIRHIOCOICHHHIHCIIO	com/moonsworth/lunar/client/CCROIHHHCOCHHOHORCIRHOCRROIOCI/RCIOICOHRIOIIRRRROCRHCIICRROHO/IRCHCHOHRRIOORHRCHRIHIOHRCIHRH/HORHROIOIOICIRHIOCOICHHHIHCIIO/TurboRenderingDebugMod
com/moonsworth/lunar/client/CCROIHHHCOCHHOHORCIRHOCRROIOCI/RCIOICOHRIOIIRRRROCRHCIICRROHO/IRCHCHOHRRIOORHRCHRIHIOHRCIHRH/HORHROIOIOICIRHIOCOICHHHIHCIIO/HRICOROOOCCOCOROCRHHCRRIRCOICO	com/moonsworth/lunar/client/CCROIHHHCOCHHOHORCIRHOCRROIOCI/RCIOICOHRIOIIRRRROCRHCIICRROHO/IRCHCHOHRRIOORHRCHRIHIOHRCIHRH/HORHROIOIOICIRHIOCOICHHHIHCIIO/TurboGroupRebuildsChildHudMod
com/moonsworth/lunar/client/CCROIHHHCOCHHOHORCIRHOCRROIOCI/RCIOICOHRIOIIRRRROCRHCIICRROHO/IRCHCHOHRRIOORHRCHRIHIOHRCIHRH/HRICOROOOCCOCOROCRHHCRRIRCOICO/HHRROIIHRRICIIHIIHICRHHRHOHHOO	com/moonsworth/lunar/client/CCROIHHHCOCHHOHORCIRHOCRROIOCI/RCIOICOHRIOIIRRRROCRHCIICRROHO/IRCHCHOHRRIOORHRCHRIHIOHRCIHRH/HRICOROOOCCOCOROCRHHCRRIRCOICO/GeckolibDebugMod
com/moonsworth/lunar/client/CCROIHHHCOCHHOHORCIRHOCRROIOCI/RCIOICOHRIOIIRRRROCRHCIICRROHO/IRCHCHOHRRIOORHRCHRIHIOHRCIHRH/HRICOROOOCCOCOROCRHHCRRIRCOICO/HORHROIOIOICIRHIOCOICHHHIHCIIO	com/moonsworth/lunar/client/CCROIHHHCOCHHOHORCIRHOCRROIOCI/RCIOICOHRIOIIRRRROCRHCIICRROHO/IRCHCHOHRRIOORHRCHRIHIOHRCIHRH/HRICOROOOCCOCOROCRHHCRRIRCOICO/CompanionDebug
com/moonsworth/lunar/client/CCROIHHHCOCHHOHORCIRHOCRROIOCI/RCIOICOHRIOIIRRRROCRHCIICRROHO/IRCHCHOHRRIOORHRCHRIHIOHRCIHRH/HRICOROOOCCOCOROCRHHCRRIRCOICO_	com/moonsworth/lunar/client/CCROIHHHCOCHHOHORCIRHOCRROIOCI/RCIOICOHRIOIIRRRROCRHCIICRROHO/IRCHCHOHRRIOORHRCHRIHIOHRCIHRH/BasicDebugMod
com/moonsworth/lunar/client/CCROIHHHCOCHHOHORCIRHOCRROIOCI/RCIOICOHRIOIIRRRROCRHCIICRROHO/IRCHCHOHRRIOORHRCHRIHIOHRCIHRH/HROHOIOCHIRIHICOORIHOHCIOIRIIH	com/moonsworth/lunar/client/CCROIHHHCOCHHOHORCIRHOCRROIOCI/RCIOICOHRIOIIRRRROCRHCIICRROHO/IRCHCHOHRRIOORHRCHRIHIOHRCIHRH/HudDebug
com/moonsworth/lunar/client/CCROIHHHCOCHHOHORCIRHOCRROIOCI/RCIOICOHRIOIIRRRROCRHCIICRROHO/IRCHCHOHRRIOORHRCHRIHIOHRCIHRH/ICRHORIIHOHROHOHOCOOHOOCOORRHO/HORHROIOIOICIRHIOCOICHHHIHCIIO/HHRROIIHRRICIIHIIHICRHHRHOHHOO	com/moonsworth/lunar/client/CCROIHHHCOCHHOHORCIRHOCRROIOCI/RCIOICOHRIOIIRRRROCRHCIICRROHO/IRCHCHOHRRIOORHRCHRIHIOHRCIHRH/ICRHORIIHOHROHOHOCOOHOOCOORRHO/HORHROIOIOICIRHIOCOICHHHIHCIIO/MemoryDebugChildMod
com/moonsworth/lunar/client/CCROIHHHCOCHHOHORCIRHOCRROIOCI/RCIOICOHRIOIIRRRROCRHCIICRROHO/IRCHCHOHRRIOORHRCHRIHIOHRCIHRH/ICRHORIIHOHROHOHOCOOHOOCOORRHO/HORHROIOIOICIRHIOCOICHHHIHCIIO/HORHROIOIOICIRHIOCOICHHHIHCIIO	com/moonsworth/lunar/client/CCROIHHHCOCHHOHORCIRHOCRROIOCI/RCIOICOHRIOIIRRRROCRHCIICRROHO/IRCHCHOHRRIOORHRCHRIHIOHRCIHRH/ICRHORIIHOHROHOHOCOOHOOCOORRHO/HORHROIOIOICIRHIOCOICHHHIHCIIO/DirectMemoryDebugChildMod
com/moonsworth/lunar/client/CCROIHHHCOCHHOHORCIRHOCRROIOCI/RCIOICOHRIOIIRRRROCRHCIICRROHO/IRCHCHOHRRIOORHRCHRIHIOHRCIHRH/ICRHORIIHOHROHOHOCOOHOOCOORRHO/HORHROIOIOICIRHIOCOICHHHIHCIIO/HRICOROOOCCOCOROCRHHCRRIRCOICO	com/moonsworth/lunar/client/CCROIHHHCOCHHOHORCIRHOCRROIOCI/RCIOICOHRIOIIRRRROCRHCIICRROHO/IRCHCHOHRRIOORHRCHRIHIOHRCIHRH/ICRHORIIHOHROHOHOCOOHOOCOORRHO/HORHROIOIOICIRHIOCOICHHHIHCIIO/OffHeapMemoryDebugChildMod
com/moonsworth/lunar/client/CCROIHHHCOCHHOHORCIRHOCRROIOCI/RCIOICOHRIOIIRRRROCRHCIICRROHO/IRCHCHOHRRIOORHRCHRIHIOHRCIHRH/ICRHORIIHOHROHOHOCOOHOOCOORRHO/HORHROIOIOICIRHIOCOICHHHIHCIIO_	com/moonsworth/lunar/client/CCROIHHHCOCHHOHORCIRHOCRROIOCI/RCIOICOHRIOIIRRRROCRHCIICRROHO/IRCHCHOHRRIOORHRCHRIHIOHRCIHRH/ICRHORIIHOHROHOHOCOOHOOCOORRHO/GraphDebugMod
com/moonsworth/lunar/client/CCROIHHHCOCHHOHORCIRHOCRROIOCI/RCIOICOHRIOIIRRRROCRHCIICRROHO/IRCHCHOHRRIOORHRCHRIHIOHRCIHRH/ICRHORIIHOHROHOHOCOOHOOCOORRHO_	com/moonsworth/lunar/client/CCROIHHHCOCHHOHORCIRHOCRROIOCI/RCIOICOHRIOIIRRRROCRHCIICRROHO/IRCHCHOHRRIOORHRCHRIHIOHRCIHRH/CosmeticDebugMod
com/moonsworth/lunar/client/CCROIHHHCOCHHOHORCIRHOCRROIOCI/RCIOICOHRIOIIRRRROCRHCIICRROHO/IRCHCHOHRRIOORHRCHRIHIOHRCIHRH/IHRHHRIHICHOOICIRIOOHOICHIRHOI	com/moonsworth/lunar/client/CCROIHHHCOCHHOHORCIRHOCRROIOCI/RCIOICOHRIOIIRRRROCRHCIICRROHO/IRCHCHOHRRIOORHRCHRIHIOHRCIHRH/SettingsOverrideDebug
com/moonsworth/lunar/client/CCROIHHHCOCHHOHORCIRHOCRROIOCI/RCIOICOHRIOIIRRRROCRHCIICRROHO/IRCHCHOHRRIOORHRCHRIHIOHRCIHRH/IIORCIOOIHRRRICOHIRCIHOOCCOHRO	com/moonsworth/lunar/client/CCROIHHHCOCHHOHORCIRHOCRROIOCI/RCIOICOHRIOIIRRRROCRHCIICRROHO/IRCHCHOHRRIOORHRCHRIHIOHRCIHRH/TransformationDebug
com/moonsworth/lunar/client/CCROIHHHCOCHHOHORCIRHOCRROIOCI/RCIOICOHRIOIIRRRROCRHCIICRROHO/IRCHCHOHRRIOORHRCHRIHIOHRCIHRH/OHOOORICRHIIIIRHCICICOCHROICRC	com/moonsworth/lunar/client/CCROIHHHCOCHHOHORCIRHOCRROIOCI/RCIOICOHRIOIIRRRROCRHCIICRROHO/IRCHCHOHRRIOORHRCHRIHIOHRCIHRH/ModsEnabledDebugMod
com/moonsworth/lunar/client/CCROIHHHCOCHHOHORCIRHOCRROIOCI/RCIOICOHRIOIIRRRROCRHCIICRROHO/IRCHCHOHRRIOORHRCHRIHIOHRCIHRH/OHROCHICOIOICHOCRROORRCIIICIHO/HORHROIOIOICIRHIOCOICHHHIHCIIO	com/moonsworth/lunar/client/CCROIHHHCOCHHOHORCIRHOCRROIOCI/RCIOICOHRIOIIRRRROCRHCIICRROHO/IRCHCHOHRRIOORHRCHRIHIOHRCIHRH/OHROCHICOIOICHOCRROORRCIIICIHO/ShaderDebugMod
com/moonsworth/lunar/client/CCROIHHHCOCHHOHORCIRHOCRROIOCI/RCIOICOHRIOIIRRRROCRHCIICRROHO/IRCHCHOHRRIOORHRCHRIHIOHRCIHRH/OHROCHICOIOICHOCRROORRCIIICIHO_	com/moonsworth/lunar/client/CCROIHHHCOCHHOHORCIRHOCRROIOCI/RCIOICOHRIOIIRRRROCRHCIICRROHO/IRCHCHOHRRIOORHRCHRIHIOHRCIHRH/DynamiclistenerDebugMod
com/moonsworth/lunar/client/CCROIHHHCOCHHOHORCIRHOCRROIOCI/RCIOICOHRIOIIRRRROCRHCIICRROHO/IRCHCHOHRRIOORHRCHRIHIOHRCIHRH/OIRIOIIIRICICCHORICRRIRROHCRIC	com/moonsworth/lunar/client/CCROIHHHCOCHHOHORCIRHOCRROIOCI/RCIOICOHRIOIIRRRROCRHCIICRROHO/IRCHCHOHRRIOORHRCHRIHIOHRCIHRH/OptionDumpMod
com/moonsworth/lunar/client/CCROIHHHCOCHHOHORCIRHOCRROIOCI/RCIOICOHRIOIIRRRROCRHCIICRROHO/IRCHCHOHRRIOORHRCHRIHIOHRCIHRH/ORCHOHHCOHCORRICRIHCHHRORHHCHH	com/moonsworth/lunar/client/CCROIHHHCOCHHOHORCIRHOCRROIOCI/RCIOICOHRIOIIRRRROCRHCIICRROHO/IRCHCHOHRRIOORHRCHRIHIOHRCIHRH/EventDebugMod
com/moonsworth/lunar/client/CCROIHHHCOCHHOHORCIRHOCRROIOCI/RCIOICOHRIOIIRRRROCRHCIICRROHO/IRCHCHOHRRIOORHRCHRIHIOHRCIHRH/ORICHRORRORHORHOIHCRHOORCRRHOI	com/moonsworth/lunar/client/CCROIHHHCOCHHOHORCIRHOCRROIOCI/RCIOICOHRIOIIRRRROCRHCIICRROHO/IRCHCHOHRRIOORHRCHRIHIOHRCIHRH/FeatureFlagDebug
com/moonsworth/lunar/client/CCROIHHHCOCHHOHORCIRHOCRROIOCI/RCIOICOHRIOIIRRRROCRHCIICRROHO/IRCHCHOHRRIOORHRCHRIHIOHRCIHRH/RCIOICOHRIOIIRRRROCRHCIICRROHO/HRICOROOOCCOCOROCRHHCRRIRCOICO	com/moonsworth/lunar/client/CCROIHHHCOCHHOHORCIRHOCRROIOCI/RCIOICOHRIOIIRRRROCRHCIICRROHO/IRCHCHOHRRIOORHRCHRIHIOHRCIHRH/RCIOICOHRIOIIRRRROCRHCIICRROHO/OptimizationDebugMod
com/moonsworth/lunar/client/CCROIHHHCOCHHOHORCIRHOCRROIOCI/RCIOICOHRIOIIRRRROCRHCIICRROHO/IRCHCHOHRRIOORHRCHRIHIOHRCIHRH/RHIRRICCRHHHIIHHIHHOHRCHIOORCC	com/moonsworth/lunar/client/CCROIHHHCOCHHOHORCIRHOCRROIOCI/RCIOICOHRIOIIRRRROCRHCIICRROHO/IRCHCHOHRRIOORHRCHRIHIOHRCIHRH/RaycastDebug
com/moonsworth/lunar/client/CCROIHHHCOCHHOHORCIRHOCRROIOCI/RCIOICOHRIOIIRRRROCRHCIICRROHO/IRIHHIROOHRHOIHHCIORRHIOHRCOCH/HHRROIIHRRICIIHIIHICRHHRHOHHOO	com/moonsworth/lunar/client/CCROIHHHCOCHHOHORCIRHOCRROIOCI/RCIOICOHRIOIIRRRROCRHCIICRROHO/IRIHHIROOHRHOIHHCIORRHIOHRCOCH/ToggleSneakHudChild
com/moonsworth/lunar/client/CCROIHHHCOCHHOHORCIRHOCRROIOCI/RCIOICOHRIOIIRRRROCRHCIICRROHO/IRIHHIROOHRHOIHHCIORRHIOHRCOCH/HRICOROOOCCOCOROCRHHCRRIRCOICO	com/moonsworth/lunar/client/CCROIHHHCOCHHOHORCIRHOCRROIOCI/RCIOICOHRIOIIRRRROCRHCIICRROHO/IRIHHIROOHRHOIHHCIORRHIOHRCOCH/ToggleSneak
com/moonsworth/lunar/client/CCROIHHHCOCHHOHORCIRHOCRROIOCI/RCIOICOHRIOIIRRRROCRHCIICRROHO/OCOCRCHOHOIICRHIRCCHCIHICHRCHH/HHRROIIHRRICIIHIIHICRHHRHOHHOO	com/moonsworth/lunar/client/CCROIHHHCOCHHOHORCIRHOCRROIOCI/RCIOICOHRIOIIRRRROCRHCIICRROHO/OCOCRCHOHOIICRHIRCCHCIHICHRCHH/PotionCounter
com/moonsworth/lunar/client/CCROIHHHCOCHHOHORCIRHOCRROIOCI/RCIOICOHRIOIIRRRROCRHCIICRROHO/OCRORCCHCRIOOIRHOHRRHCRRHRCIHO/HORHROIOIOICIRHIOCOICHHHIHCIIO	com/moonsworth/lunar/client/CCROIHHHCOCHHOHORCIRHOCRROIOCI/RCIOICOHRIOIIRRRROCRHCIICRROHO/OCRORCCHCRIOOIRHOHRRHCRRHRCIHO/Fps
com/moonsworth/lunar/client/CCROIHHHCOCHHOHORCIRHOCRROIOCI/RCIOICOHRIOIIRRRROCRHCIICRROHO/OCRRICRIORICCCRHIOHORCICIHHICO/HHRROIIHRRICIIHIIHICRHHRHOHHOO	com/moonsworth/lunar/client/CCROIHHHCOCHHOHORCIRHOCRROIOCI/RCIOICOHRIOIIRRRROCRHCIICRROHO/OCRRICRIORICCCRHIOHORCICIHHICO/SaturationHudChild
com/moonsworth/lunar/client/CCROIHHHCOCHHOHORCIRHOCRROIOCI/RCIOICOHRIOIIRRRROCRHCIICRROHO/OCRRICRIORICCCRHIOHORCICIHHICO/HRICOROOOCCOCOROCRHHCRRIRCOICO	com/moonsworth/lunar/client/CCROIHHHCOCHHOHORCIRHOCRROIOCI/RCIOICOHRIOIIRRRROCRHCIICRROHO/OCRRICRIORICCCRHIOHORCICIHHICO/Saturation
com/moonsworth/lunar/client/CCROIHHHCOCHHOHORCIRHOCRROIOCI/RCIOICOHRIOIIRRRROCRHCIICRROHO/OHICCIICIRHHHOIORCRORRRCHHROCH/HORHROIOIOICIRHIOCOICHHHIHCIIO	com/moonsworth/lunar/client/CCROIHHHCOCHHOHORCIRHOCRROIOCI/RCIOICOHRIOIIRRRROCRHCIICRROHO/OHICCIICIRHHHOIORCRORRRCHHROCH/GuiScale
com/moonsworth/lunar/client/CCROIHHHCOCHHOHORCIRHOCRROIOCI/RCIOICOHRIOIIRRRROCRHCIICRROHO/OHOOORICRHIIIIRHCICICOCHROICRC/HORHROIOIOICIRHIOCOICHHHIHCIIO	com/moonsworth/lunar/client/CCROIHHHCOCHHOHORCIRHOCRROIOCI/RCIOICOHRIOIIRRRROCRHCIICRROHO/OHOOORICRHIIIIRHCICICOCHROICRC/Combo
com/moonsworth/lunar/client/CCROIHHHCOCHHOHORCIRHOCRROIOCI/RCIOICOHRIOIIRRRROCRHCIICRROHO/OHRCHRORCORHICIHCOHICIHHHIRORC/HHRROIIHRRICIIHIIHICRHHRHOHHOO	com/moonsworth/lunar/client/CCROIHHHCOCHHOHORCIRHOCRROIOCI/RCIOICOHRIOIIRRRROCRHCIICRROHO/OHRCHRORCORHICIHCOHICIHHHIRORC/Quickplay
com/moonsworth/lunar/client/CCROIHHHCOCHHOHORCIRHOCRROIOCI/RCIOICOHRIOIIRRRROCRHCIICRROHO/OHROCHICOIOICHOCRROORRCIIICIHO/HORHROIOIOICIRHIOCOICHHHIHCIIO	com/moonsworth/lunar/client/CCROIHHHCOCHHOHORCIRHOCRROIOCI/RCIOICOHRIOIIRRRROCRHCIICRROHO/OHROCHICOIOICHOCRROORRCIIICIHO/Bossbar
com/moonsworth/lunar/client/CCROIHHHCOCHHOHORCIRHOCRROIOCI/RCIOICOHRIOIIRRRROCRHCIICRROHO/OICRROHCCIRICRIHCOIRCOORHRHRHC/HHRROIIHRRICIIHIIHICRHHRHOHHOO	com/moonsworth/lunar/client/CCROIHHHCOCHHOHORCIRHOCRROIOCI/RCIOICOHRIOIIRRRROCRHCIICRROHO/OICRROHCCIRICRIHCOIRCOORHRHRHC/LightOverlay
com/moonsworth/lunar/client/CCROIHHHCOCHHOHORCIRHOCRROIOCI/RCIOICOHRIOIIRRRROCRHCIICRROHO/OIHCCIIRIOORHHOOICRCIORCOICOIR/HORHROIOIOICIRHIOCOICHHHIHCIIO	com/moonsworth/lunar/client/CCROIHHHCOCHHOHORCIRHOCRROIOCI/RCIOICOHRIOIIRRRROCRHCIICRROHO/OIHCCIIRIOORHHOOICRCIORCOICOIR/TimeChanger
com/moonsworth/lunar/client/CCROIHHHCOCHHOHORCIRHOCRROIOCI/RCIOICOHRIOIIRRRROCRHCIICRROHO/OIHOHCCCRCORHCRIRHIHOOCIOHRCHR/ICRHORIIHOHROHOHOCOOHOOCOORRHO	com/moonsworth/lunar/client/CCROIHHHCOCHHOHORCIRHOCRROIOCI/RCIOICOHRIOIIRRRROCRHCIICRROHO/OIHOHCCCRCORHCRIRHIHOOCIOHRCHR/HypixelMod
com/moonsworth/lunar/client/CCROIHHHCOCHHOHORCIRHOCRROIOCI/RCIOICOHRIOIIRRRROCRHCIICRROHO/OIHOHCCCRCORHCRIRHIHOOCIOHRCHR/RCIOICOHRIOIIRRRROCRHCIICRROHO	com/moonsworth/lunar/client/CCROIHHHCOCHHOHORCIRHOCRROIOCI/RCIOICOHRIOIIRRRROCRHCIICRROHO/OIHOHCCCRCORHCRIRHIHOOCIOHRCHR/HypixelTps
com/moonsworth/lunar/client/CCROIHHHCOCHHOHORCIRHOCRROIOCI/RCIOICOHRIOIIRRRROCRHCIICRROHO/OIIHHHCRHIHHRICHIIICHIHHRRIROI/HORHROIOIOICIRHIOCOICHHHIHCIIO	com/moonsworth/lunar/client/CCROIHHHCOCHHOHORCIRHOCRROIOCI/RCIOICOHRIOIIRRRROCRHCIICRROHO/OIIHHHCRHIHHRICHIIICHIHHRRIROI/Stopwatch
com/moonsworth/lunar/client/CCROIHHHCOCHHOHORCIRHOCRROIOCI/RCIOICOHRIOIIRRRROCRHCIICRROHO/OIOHHHHCICORIHOHOHIRHRROOORRCO/HORHROIOIOICIRHIOCOICHHHIHCIIO	com/moonsworth/lunar/client/CCROIHHHCOCHHOHORCIRHOCRROIOCI/RCIOICOHRIOIIRRRROCRHCIICRROHO/OIOHHHHCICORIHOHOHIRHRROOORRCO/AudioSubtitles
com/moonsworth/lunar/client/CCROIHHHCOCHHOHORCIRHOCRROIOCI/RCIOICOHRIOIIRRRROCRHCIICRROHO/OIRHOOIICOCIOOHICRRRICORIHHIHC/HORHROIOIOICIRHIOCOICHHHIHCIIO/HORHROIOIOICIRHIOCOICHHHIHCIIO	com/moonsworth/lunar/client/CCROIHHHCOCHHOHORCIRHOCRROIOCI/RCIOICOHRIOIIRRRROCRHCIICRROHO/OIRHOOIICOCIOOHICRRRICORIHHIHC/HORHROIOIOICIRHIOCOICHHHIHCIIO/ReplaymodRecordingIndicatorChild
com/moonsworth/lunar/client/CCROIHHHCOCHHOHORCIRHOCRROIOCI/RCIOICOHRIOIIRRRROCRHCIICRROHO/OIRHOOIICOCIOOHICRRRICORIHHIHC/HORHROIOIOICIRHIOCOICHHHIHCIIO_	com/moonsworth/lunar/client/CCROIHHHCOCHHOHORCIRHOCRROIOCI/RCIOICOHRIOIIRRRROCRHCIICRROHO/OIRHOOIICOCIOOHICRRRICORIHHIHC/Replaymod
com/moonsworth/lunar/client/CCROIHHHCOCHHOHORCIRHOCRROIOCI/RCIOICOHRIOIIRRRROCRHCIICRROHO/OIRIHIOOOCHRCHICICHCHCIOOOOOII/HORHROIOIOICIRHIOCOICHHHIHCIIO	com/moonsworth/lunar/client/CCROIHHHCOCHHOHORCIRHOCRROIOCI/RCIOICOHRIOIIRRRROCRHCIICRROHO/OIRIHIOOOCHRCHICICHCHCIOOOOOII/MumbleLink
com/moonsworth/lunar/client/CCROIHHHCOCHHOHORCIRHOCRROIOCI/RCIOICOHRIOIIRRRROCRHCIICRROHO/OIRIOIIIRICICCHORICRRIRROHCRIC/HRICOROOOCCOCOROCRHHCRRIRCOICO	com/moonsworth/lunar/client/CCROIHHHCOCHHOHORCIRHOCRROIOCI/RCIOICOHRIOIIRRRROCRHCIICRROHO/OIRIOIIIRICICCHORICRRIRROHCRIC/Cooldowns
com/moonsworth/lunar/client/CCROIHHHCOCHHOHORCIRHOCRROIOCI/RCIOICOHRIOIIRRRROCRHCIICRROHO/OOCIOHRCCCRHHIIIIOOCIIHHHRIORO/HRICOROOOCCOCOROCRHHCRRIRCOICO/HORHROIOIOICIRHIOCOICHHHIHCIIO	com/moonsworth/lunar/client/CCROIHHHCOCHHOHORCIRHOCRROIOCI/RCIOICOHRIOIIRRRROCRHCIICRROHO/OOCIOHRCCCRHHIIIIOOCIIHHHRIORO/HRICOROOOCCOCOROCRHHCRRIRCOICO/Rewind
com/moonsworth/lunar/client/CCROIHHHCOCHHOHORCIRHOCRROIOCI/RCIOICOHRIOIIRRRROCRHCIICRROHO/OOCIOHRCCCRHHIIIIOOCIIHHHRIORO/HRICOROOOCCOCOROCRHHCRRIRCOICO/HRICOROOOCCOCOROCRHHCRRIRCOICO	com/moonsworth/lunar/client/CCROIHHHCOCHHOHORCIRHOCRROIOCI/RCIOICOHRIOIIRRRROCRHCIICRROHO/OOCIOHRCCCRHHIIIIOOCIIHHHRIORO/HRICOROOOCCOCOROCRHHCRRIRCOICO/RewindRecordingIndicatorChild
com/moonsworth/lunar/client/CCROIHHHCOCHHOHORCIRHOCRROIOCI/RCIOICOHRIOIIRRRROCRHCIICRROHO/OOCIOHRCCCRHHIIIIOOCIIHHHRIORO/HRICOROOOCCOCOROCRHHCRRIRCOICO/ICRHORIIHOHROHOHOCOOHOOCOORRHO	com/moonsworth/lunar/client/CCROIHHHCOCHHOHORCIRHOCRROIOCI/RCIOICOHRIOIIRRRROCRHCIICRROHO/OOCIOHRCCCRHHIIIIOOCIIHHHRIORO/HRICOROOOCCOCOROCRHHCRRIRCOICO/TickDebug
com/moonsworth/lunar/client/CCROIHHHCOCHHOHORCIRHOCRROIOCI/RCIOICOHRIOIIRRRROCRHCIICRROHO/OOCIOHRCCCRHHIIIIOOCIIHHHRIORO/OHROCHICOIOICHOCRROORRCIIICIHO/HHRROIIHRRICIIHIIHICRHHRHOHHOO_	com/moonsworth/lunar/client/CCROIHHHCOCHHOHORCIRHOCRROIOCI/RCIOICOHRIOIIRRRROCRHCIICRROHO/OOCIOHRCCCRHHIIIIOOCIIHHHRIORO/OHROCHICOIOICHOCRROORRCIIICIHO/RewindHandlers
com/moonsworth/lunar/client/CCROIHHHCOCHHOHORCIRHOCRROIOCI/RCIOICOHRIOIIRRRROCRHCIICRROHO/OOCIOHRCCCRHHIIIIOOCIIHHHRIORO/ORCHOHHCOHCORRICRIHCHHRORHHCHH/HHRROIIHRRICIIHIIHICRHHRHOHHOO_	com/moonsworth/lunar/client/CCROIHHHCOCHHOHORCIRHOCRROIOCI/RCIOICOHRIOIIRRRROCRHCIICRROHO/OOCIOHRCCCRHHIIIIOOCIIHHHRIORO/ORCHOHHCOHCORRICRIHCHHRORHHCHH/RewindHandlers
com/moonsworth/lunar/client/CCROIHHHCOCHHOHORCIRHOCRROIOCI/RCIOICOHRIOIIRRRROCRHCIICRROHO/OOCIOHRCCCRHHIIIIOOCIIHHHRIORO/ORCHOHHCOHCORRICRIHCHHRORHHCHH/HORHROIOIOICIRHIOCOICHHHIHCIIO/HORHROIOIOICIRHIOCOICHHHIHCIIO_	com/moonsworth/lunar/client/CCROIHHHCOCHHOHORCIRHOCRROIOCI/RCIOICOHRIOIIRRRROCRHCIICRROHO/OOCIOHRCCCRHHIIIIOOCIIHHHRIORO/ORCHOHHCOHCORRICRIHCHHRORHHCHH/HORHROIOIOICIRHIOCOICHHHIHCIIO/RewindHandlers
com/moonsworth/lunar/client/CCROIHHHCOCHHOHORCIRHOCRROIOCI/RCIOICOHRIOIIRRRROCRHCIICRROHO/OOCIOHRCCCRHHIIIIOOCIIHHHRIORO/ORCHOHHCOHCORRICRIHCHHRORHHCHH/RCIOICOHRIOIIRRRROCRHCIICRROHO/HORHROIOIOICIRHIOCOICHHHIHCIIO_	com/moonsworth/lunar/client/CCROIHHHCOCHHOHORCIRHOCRROIOCI/RCIOICOHRIOIIRRRROCRHCIICRROHO/OOCIOHRCCCRHHIIIIOOCIIHHHRIORO/ORCHOHHCOHCORRICRIHCHHRORHHCHH/RCIOICOHRIOIIRRRROCRHCIICRROHO/RewindHandlers
com/moonsworth/lunar/client/CCROIHHHCOCHHOHORCIRHOCRROIOCI/RCIOICOHRIOIIRRRROCRHCIICRROHO/OOCIOHRCCCRHHIIIIOOCIIHHHRIORO/RCIOICOHRIOIIRRRROCRHCIICRROHO/HHRROIIHRRICIIHIIHICRHHRHOHHOO_	com/moonsworth/lunar/client/CCROIHHHCOCHHOHORCIRHOCRROIOCI/RCIOICOHRIOIIRRRROCRHCIICRROHO/OOCIOHRCCCRHHIIIIOOCIIHHHRIORO/RCIOICOHRIOIIRRRROCRHCIICRROHO/RewindHandlers
com/moonsworth/lunar/client/CCROIHHHCOCHHOHORCIRHOCRROIOCI/RCIOICOHRIOIIRRRROCRHCIICRROHO/OOIIRCOCCICIRCRHHOHCIRIRHRROHO/HHRROIIHRRICIIHIIHICRHHRHOHHOO	com/moonsworth/lunar/client/CCROIHHHCOCHHOHORCIRHOCRROIOCI/RCIOICOHRIOIIRRRROCRHCIICRROHO/OOIIRCOCCICIRCRHHOHCIRIRHRROHO/TeamView
com/moonsworth/lunar/client/CCROIHHHCOCHHOHORCIRHOCRROIOCI/RCIOICOHRIOIIRRRROCRHCIICRROHO/OOOHICCHHHRHCORIRCRHOCROROIOCR/HORHROIOIOICIRHIOCOICHHHIHCIIO	com/moonsworth/lunar/client/CCROIHHHCOCHHOHORCIRHOCRROIOCI/RCIOICOHRIOIIRRRROCRHCIICRROHO/OOOHICCHHHRHCORIRCRHOCROROIOCR/Momentum
com/moonsworth/lunar/client/CCROIHHHCOCHHOHORCIRHOCRROIOCI/RCIOICOHRIOIIRRRROCRHCIICRROHO/OOOHIHRHRHIIICICCCRRICOOICOIRR/HRICOROOOCCOCOROCRHHCRRIRCOICO	com/moonsworth/lunar/client/CCROIHHHCOCHHOHORCIRHOCRROIOCI/RCIOICOHRIOIIRRRROCRHCIICRROHO/OOOHIHRHRHIIICICCCRRICOOICOIRR/WorldeditCui
com/moonsworth/lunar/client/CCROIHHHCOCHHOHORCIRHOCRROIOCI/RCIOICOHRIOIIRRRROCRHCIICRROHO/OORHIHOOORHHIRORRICRRORCHRRIIC/HORHROIOIOICIRHIOCOICHHHIHCIIO	com/moonsworth/lunar/client/CCROIHHHCOCHHOHORCIRHOCRROIOCI/RCIOICOHRIOIIRRRROCRHCIICRROHO/OORHIHOOORHHIRORRICRRORCHRRIIC/GlintColorizer
com/moonsworth/lunar/client/CCROIHHHCOCHHOHORCIRHOCRROIOCI/RCIOICOHRIOIIRRRROCRHCIICRROHO/ORCCOORHRRCOHOHRRHIHRRIOCOHCIC/HORHROIOIOICIRHIOCOICHHHIHCIIO	com/moonsworth/lunar/client/CCROIHHHCOCHHOHORCIRHOCRROIOCI/RCIOICOHRIOIIRRRROCRHCIICRROHO/ORCCOORHRRCOHOHRRHIHRRIOCOHCIC/MenuBlur
com/moonsworth/lunar/client/CCROIHHHCOCHHOHORCIRHOCRROIOCI/RCIOICOHRIOIIRRRROCRHCIICRROHO/ORCHOHHCOHCORRICRIHCHHRORHHCHH/HRICOROOOCCOCOROCRHHCRRIRCOICO	com/moonsworth/lunar/client/CCROIHHHCOCHHOHORCIRHOCRROIOCI/RCIOICOHRIOIIRRRROCRHCIICRROHO/ORCHOHHCOHCORRICRIHCHHRORHHCHH/Chat
com/moonsworth/lunar/client/CCROIHHHCOCHHOHORCIRHOCRROIOCI/RCIOICOHRIOIIRRRROCRHCIICRROHO/ORCHOHHCOHCORRICRIHCHHRORHHCHH/ICRHORIIHOHROHOHOCOOHOOCOORRHO	com/moonsworth/lunar/client/CCROIHHHCOCHHOHORCIRHOCRROIOCI/RCIOICOHRIOIIRRRROCRHCIICRROHO/ORCHOHHCOHCORRICRIHCHHRORHHCHH/ChatCommandAliasesChild
com/moonsworth/lunar/client/CCROIHHHCOCHHOHORCIRHOCRROIOCI/RCIOICOHRIOIIRRRROCRHCIICRROHO/ORHCCCIHICRHROHROHHCIIOCCICHRC/HORHROIOIOICIRHIOCOICHHHIHCIIO	com/moonsworth/lunar/client/CCROIHHHCOCHHOHORCIRHOCRROIOCI/RCIOICOHRIOIIRRRROCRHCIICRROHO/ORHCCCIHICRHROHROHHCIIOCCICHRC/WeatherChanger
com/moonsworth/lunar/client/CCROIHHHCOCHHOHORCIRHOCRROIOCI/RCIOICOHRIOIIRRRROCRHCIICRROHO/ORICCCROCROHCRRIRHICRHCRRCOOHI/HORHROIOIOICIRHIOCOICHHHIHCIIO	com/moonsworth/lunar/client/CCROIHHHCOCHHOHORCIRHOCRROIOCI/RCIOICOHRIOIIRRRROCRHCIICRROHO/ORICCCROCROHCRRIRHICRHCRRCOOHI/TntCountdown
com/moonsworth/lunar/client/CCROIHHHCOCHHOHORCIRHOCRROIOCI/RCIOICOHRIOIIRRRROCRHCIICRROHO/ORICHRORRORHORHOIHCRHOORCRRHOI/HORHROIOIOICIRHIOCOICHHHIHCIIO	com/moonsworth/lunar/client/CCROIHHHCOCHHOHORCIRHOCRROIOCI/RCIOICOHRIOIIRRRROCRHCIICRROHO/ORICHRORRORHORHOIHCRHOORCRRHOI/ChunkBorders
com/moonsworth/lunar/client/CCROIHHHCOCHHOHORCIRHOCRROIOCI/RCIOICOHRIOIIRRRROCRHCIICRROHO/OROIRHCRHRCHIOCOCRHHIOIHCIICCH/HORHROIOIOICIRHIOCOICHHHIHCIIO	com/moonsworth/lunar/client/CCROIHHHCOCHHOHORCIRHOCRROIOCI/RCIOICOHRIOIIRRRROCRHCIICRROHO/OROIRHCRHRCHIOCOCRHHIOIHCIICCH/ReachDisplay
com/moonsworth/lunar/client/CCROIHHHCOCHHOHORCIRHOCRROIOCI/RCIOICOHRIOIIRRRROCRHCIICRROHO/OROOHCRHOIRRHIIRRRRRIICHRICHHI/HORHROIOIOICIRHIOCOICHHHIHCIIO	com/moonsworth/lunar/client/CCROIHHHCOCHHOHORCIRHOCRROIOCI/RCIOICOHRIOIIRRRROCRHCIICRROHO/OROOHCRHOIRRHIIRRRRRIICHRICHHI/ServerAddress
com/moonsworth/lunar/client/CCROIHHHCOCHHOHORCIRHOCRROIOCI/RCIOICOHRIOIIRRRROCRHCIICRROHO/RCCHCRRHRORRCCHHOHCHHCCOHHROHI/HORHROIOIOICIRHIOCOICHHHIHCIIO/HORHROIOIOICIRHIOCOICHHHIHCIIO	com/moonsworth/lunar/client/CCROIHHHCOCHHOHORCIRHOCRROIOCI/RCIOICOHRIOIIRRRROCRHCIICRROHO/RCCHCRRHRORRCCHHOHCHHCCOHHROHI/HORHROIOIOICIRHIOCOICHHHIHCIIO/StaffXray
com/moonsworth/lunar/client/CCROIHHHCOCHHOHORCIRHOCRROIOCI/RCIOICOHRIOIIRRRROCRHCIICRROHO/RCIOICOHRIOIIRRRROCRHCIICRROHO/HORHROIOIOICIRHIOCOICHHHIHCIIO	com/moonsworth/lunar/client/CCROIHHHCOCHHOHORCIRHOCRROIOCI/RCIOICOHRIOIIRRRROCRHCIICRROHO/RCIOICOHRIOIIRRRROCRHCIICRROHO/BlockOutline
com/moonsworth/lunar/client/CCROIHHHCOCHHOHORCIRHOCRROIOCI/RCIOICOHRIOIIRRRROCRHCIICRROHO/RCOHRRRHRIOORHCRORIIHCCORRCRRC/HHRROIIHRRICIIHIIHICRHHRHOHHOO	com/moonsworth/lunar/client/CCROIHHHCOCHHOHORCIRHOCRROIOCI/RCIOICOHRIOIIRRRROCRHCIICRROHO/RCOHRRRHRIOORHCRORIIHCCORRCRRC/CustomDroppedItems
com/moonsworth/lunar/client/CCROIHHHCOCHHOHORCIRHOCRROIOCI/RCIOICOHRIOIIRRRROCRHCIICRROHO/RCOHRRRHRIOORHCRORIIHCCORRCRRC/HORHROIOIOICIRHIOCOICHHHIHCIIO/HORHROIOIOICIRHIOCOICHHHIHCIIO	com/moonsworth/lunar/client/CCROIHHHCOCHHOHORCIRHOCRROIOCI/RCIOICOHRIOIIRRRROCRHCIICRROHO/RCOHRRRHRIOORHCRORIIHCCORRCRRC/HORHROIOIOICIRHIOCOICHHHIHCIIO/CustomHeldItems
com/moonsworth/lunar/client/CCROIHHHCOCHHOHORCIRHOCRROIOCI/RCIOICOHRIOIIRRRROCRHCIICRROHO/RCOHRRRHRIOORHCRORIIHCCORRCRRC/HORHROIOIOICIRHIOCOICHHHIHCIIO_	com/moonsworth/lunar/client/CCROIHHHCOCHHOHORCIRHOCRROIOCI/RCIOICOHRIOIIRRRROCRHCIICRROHO/RCOHRRRHRIOORHCRORIIHCCORRCRRC/HeldItemAnimations
com/moonsworth/lunar/client/CCROIHHHCOCHHOHORCIRHOCRROIOCI/RCIOICOHRIOIIRRRROCRHCIICRROHO/RCOHRRRHRIOORHCRORIIHCCORRCRRC/HRICOROOOCCOCOROCRHHCRRIRCOICO	com/moonsworth/lunar/client/CCROIHHHCOCHHOHORCIRHOCRROIOCI/RCIOICOHRIOIIRRRROCRHCIICRROHO/RCOHRRRHRIOORHCRORIIHCCORRCRRC/ItemCustomizer
com/moonsworth/lunar/client/CCROIHHHCOCHHOHORCIRHOCRROIOCI/RCIOICOHRIOIIRRRROCRHCIICRROHO/RCRHIIIOHIRHRCORCCCIRRRICHIHRC/HRICOROOOCCOCOROCRHHCRRIRCOICO	com/moonsworth/lunar/client/CCROIHHHCOCHHOHORCIRHOCRROIOCI/RCIOICOHRIOIIRRRROCRHCIICRROHO/RCRHIIIOHIRHRCORCCCIRRRICHIHRC/Waypoints
com/moonsworth/lunar/client/CCROIHHHCOCHHOHORCIRHOCRROIOCI/RCIOICOHRIOIIRRRROCRHCIICRROHO/RCRIRIRRCCCOOCCHOHOOHOCIHHCCHH/ICRHORIIHOHROHOHOCOOHOOCOORRHO	com/moonsworth/lunar/client/CCROIHHHCOCHHOHORCIRHOCRROIOCI/RCIOICOHRIOIIRRRROCRHCIICRROHO/RCRIRIRRCCCOOCCHOHOOHOCIHHCCHH/NickHider
com/moonsworth/lunar/client/CCROIHHHCOCHHOHORCIRHOCRROIOCI/RCIOICOHRIOIIRRRROCRHCIICRROHO/RHIRRICCRHHHIIHHIHHOHRCHIOORCC/HORHROIOIOICIRHIOCOICHHHIHCIIO	com/moonsworth/lunar/client/CCROIHHHCOCHHOHORCIRHOCRROIOCI/RCIOICOHRIOIIRRRROCRHCIICRROHO/RHIRRICCRHHHIIHHIHHOHRCHIOORCC/Cps
com/moonsworth/lunar/client/CCROIHHHCOCHHOHORCIRHOCRROIOCI/RCIOICOHRIOIIRRRROCRHCIICRROHO/RHOROICRIHRHCOCOORIHHIRORICRCR/ICRHORIIHOHROHOHOCOOHOOCOORRHO	com/moonsworth/lunar/client/CCROIHHHCOCHHOHORCIRHOCRROIOCI/RCIOICOHRIOIIRRRROCRHCIICRROHO/RHOROICRIHRHCOCOORIHHIRORICRCR/Screenshot
com/moonsworth/lunar/client/CCROIHHHCOCHHOHORCIRHOCRROIOCI/RCIOICOHRIOIIRRRROCRHCIICRROHO/RHRHIOOCICIORIOCIHHCIIRCRHHOII/HORHROIOIOICIRHIOCOICHHHIHCIIO	com/moonsworth/lunar/client/CCROIHHHCOCHHOHORCIRHOCRROIOCI/RCIOICOHRIOIIRRRROCRHCIICRROHO/RHRHIOOCICIORIOCIHHCIIRCRHHOII/AutoTextHotkey
com/moonsworth/lunar/client/CCROIHHHCOCHHOHORCIRHOCRROIOCI/RCIOICOHRIOIIRRRROCRHCIICRROHO/RICOCIIIHIRIRHCIICHCIIRCRIRIRO/HHRROIIHRRICIIHIIHICRHHRHOHHOO	com/moonsworth/lunar/client/CCROIHHHCOCHHOHORCIRHOCRROIOCI/RCIOICOHRIOIIRRRROCRHCIICRROHO/RICOCIIIHIRIRHCIICHCIIRCRIRIRO/Ping
com/moonsworth/lunar/client/CCROIHHHCOCHHOHORCIRHOCRROIOCI/RCIOICOHRIOIIRRRROCRHCIICRROHO/RICOCIIIHIRIRHCIICHCIIRCRIRIRO/HORHROIOIOICIRHIOCOICHHHIHCIIO	com/moonsworth/lunar/client/CCROIHHHCOCHHOHORCIRHOCRROIOCI/RCIOICOHRIOIIRRRROCRHCIICRROHO/RICOCIIIHIRIRHCIICHCIIRCRIRIRO/PingHud
com/moonsworth/lunar/client/CCROIHHHCOCHHOHORCIRHOCRROIOCI/RCIOICOHRIOIIRRRROCRHCIICRROHO/RICOCIIIHIRIRHCIICHCIIRCRIRIRO/HRICOROOOCCOCOROCRHHCRRIRCOICO	com/moonsworth/lunar/client/CCROIHHHCOCHHOHORCIRHOCRROIOCI/RCIOICOHRIOIIRRRROCRHCIICRROHO/RICOCIIIHIRIRHCIICHCIIRCRIRIRO/PingNametag
com/moonsworth/lunar/client/CCROIHHHCOCHHOHORCIRHOCRROIOCI/RCIOICOHRIOIIRRRROCRHCIICRROHO/RIHHRCCHRCRRIOOOIHICHCCHIRRCCC/RCIOICOHRIOIIRRRROCRHCIICRROHO	com/moonsworth/lunar/client/CCROIHHHCOCHHOHORCIRHOCRROIOCI/RCIOICOHRIOIIRRRROCRHCIICRROHO/RIHHRCCHRCRRIOOOIHICHCCHIRRCCC/Minimap
com/moonsworth/lunar/client/CCROIHHHCOCHHOHORCIRHOCRROIOCI/RCIOICOHRIOIIRRRROCRHCIICRROHO/RIIICIRHRCIHOOOORHOICRIICCCRHR/HORHROIOIOICIRHIOCOICHHHIHCIIO	com/moonsworth/lunar/client/CCROIHHHCOCHHOHORCIRHOCRROIOCI/RCIOICOHRIOIIRRRROCRHCIICRROHO/RIIICIRHRCIHOOOORHOICRIICCCRHR/DayCounter
com/moonsworth/lunar/client/CCROIHHHCOCHHOHORCIRHOCRROIOCI/RCIOICOHRIOIIRRRROCRHCIICRROHO/RIIIOHCCHRRRORICCHIIHHOORIIOIR/HRICOROOOCCOCOROCRHHCRRIRCOICO	com/moonsworth/lunar/client/CCROIHHHCOCHHOHORCIRHOCRROIOCI/RCIOICOHRIOIIRRRROCRHCIICRROHO/RIIIOHCCHRRRORICCHIIHHOORIIOIR/DirectionHud
com/moonsworth/lunar/client/CCROIHHHCOCHHOHORCIRHOCRROIOCI/RCIOICOHRIOIIRRRROCRHCIICRROHO/RIIRRICRORIOOIOHIHOHRHROHOIRCH/HORHROIOIOICIRHIOCOICHHHIHCIIO	com/moonsworth/lunar/client/CCROIHHHCOCHHOHORCIRHOCRROIOCI/RCIOICOHRIOIIRRRROCRHCIICRROHO/RIIRRICRORIOOIOHIHOHRHROHOIRCH/Nametag
com/moonsworth/lunar/client/CCROIHHHCOCHHOHORCIRHOCRROIOCI/RCIOICOHRIOIIRRRROCRHCIICRROHO/RIOOHRCHIRCIICRIRCOCHIRHHCOIRO/HRICOROOOCCOCOROCRHHCRRIRCOICO	com/moonsworth/lunar/client/CCROIHHHCOCHHOHORCIRHOCRROIOCI/RCIOICOHRIOIIRRRROCRHCIICRROHO/RIOOHRCHIRCIICRIRCOCHIRHHCOIRO/Keystrokes
com/moonsworth/lunar/client/CCROIHHHCOCHHOHORCIRHOCRROIOCI/RCIOICOHRIOIIRRRROCRHCIICRROHO/ROIRRICOOCCCOIIIRHHRCCIOOCCRHR/HORHROIOIOICIRHIOCOICHHHIHCIIO	com/moonsworth/lunar/client/CCROIHHHCOCHHOHORCIRHOCRROIOCI/RCIOICOHRIOIIRRRROCRHCIICRROHO/ROIRRICOOCCCOIIIRHHRCCIOOCCRHR/Scoreboard
com/moonsworth/lunar/client/CCROIHHHCOCHHOHORCIRHOCRROIOCI/RCIOICOHRIOIIRRRROCRHCIICRROHO/ROOHOCCOCROCIHHOHOOORHHOHIROCR/ORCHOHHCOHCORRICRIHCHHRORHHCHH	com/moonsworth/lunar/client/CCROIHHHCOCHHOHORCIRHOCRROIOCI/RCIOICOHRIOIIRRRROCRHCIICRROHO/ROOHOCCOCROCIHHOHOOORHHOHIROCR/TotemAnimationOverlayChild
com/moonsworth/lunar/client/CCROIHHHCOCHHOHORCIRHOCRROIOCI/RCIOICOHRIOIIRRRROCRHCIICRROHO/ROOHOCCOCROCIHHOHOOORHHOHIROCR/RCIOICOHRIOIIRRRROCRHCIICRROHO	com/moonsworth/lunar/client/CCROIHHHCOCHHOHORCIRHOCRROIOCI/RCIOICOHRIOIIRRRROCRHCIICRROHO/ROOHOCCOCROCIHHOHOOORHHOHIROCR/OverlayMod
com/moonsworth/lunar/client/CCROIHHHCOCHHOHORCIRHOCRROIOCI/RCIOICOHRIOIIRRRROCRHCIICRROHO/RRCIOHHRCRCCOCCIOROHORCRROHCOC/ICRHORIIHOHROHOHOCOOHOOCOORRHO	com/moonsworth/lunar/client/CCROIHHHCOCHHOHORCIRHOCRROIOCI/RCIOICOHRIOIIRRRROCRHCIICRROHO/RRCIOHHRCRCCOCCIOROHORCRROHCOC/KillSounds
com/moonsworth/lunar/client/CCROIHHHCOCHHOHORCIRHOCRROIOCI/RCIOICOHRIOIIRRRROCRHCIICRROHO/RRICHCOCIOOCICHRCRCOCOCIIOOIRO/HORHROIOIOICIRHIOCOICHHHIHCIIO	com/moonsworth/lunar/client/CCROIHHHCOCHHOHORCIRHOCRROIOCI/RCIOICOHRIOIIRRRROCRHCIICRROHO/RRICHCOCIOOCICHRCRCOCOCIIOOIRO/Tab
com/moonsworth/lunar/client/CCROIHHHCOCHHOHORCIRHOCRROIOCI/RCIOICOHRIOIIRRRROCRHCIICRROHO/RRIHRICRHHHHHIIOOCOCICOIHCIIRC/HRICOROOOCCOCOROCRHHCRRIRCOICO	com/moonsworth/lunar/client/CCROIHHHCOCHHOHORCIRHOCRROIOCI/RCIOICOHRIOIIRRRROCRHCIICRROHO/RRIHRICRHHHHHIIOOCOCICOIHCIIRC/HeightLimit
com/moonsworth/lunar/client/CCROIHHHCOCHHOHORCIRHOCRROIOCI/RCIOICOHRIOIIRRRROCRHCIICRROHO/RRRHCCROHRCCIRHORHOOOCCRRCHRCC/HORHROIOIOICIRHIOCOICHHHIHCIIO	com/moonsworth/lunar/client/CCROIHHHCOCHHOHORCIRHOCRROIOCI/RCIOICOHRIOIIRRRROCRHCIICRROHO/RRRHCCROHRCCIRHORHOOOCCRRCHRCC/Radio
com/moonsworth/lunar/client/IICOCHRHIRHIHIIRHOORCHHIIOIOIR/HORHROIOIOICIRHIOCOICHHHIHCIIO/HHRROIIHRRICIIHIIHICRHHRHOHHOO/HORHROIOIOICIRHIOCOICHHHIHCIIO	com/moonsworth/lunar/client/IICOCHRHIRHIHIIRHOORCHHIIOIOIR/HORHROIOIOICIRHIOCOICHHHIHCIIO/HHRROIIHRRICIIHIIHICRHHRHOHHOO/DataWatcherMixin
com/moonsworth/lunar/client/IICOCHRHIRHIHIIRHOORCHHIIOIOIR/HORHROIOIOICIRHIOCOICHHHIHCIIO/HORHROIOIOICIRHIOCOICHHHIHCIIO/HHRROIIHRRICIIHIIHICRHHRHOHHOO/HHRROIIHRRICIIHIIHICRHHRHOHHOO	com/moonsworth/lunar/client/IICOCHRHIRHIHIIRHOORCHHIIOIOIR/HORHROIOIOICIRHIOCOICHHHIHCIIO/HORHROIOIOICIRHIOCOICHHHIHCIIO/HHRROIIHRRICIIHIIHICRHHRHOHHOO/RegionRenderCacheMixin
com/moonsworth/lunar/client/IICOCHRHIRHIHIIRHOORCHHIIOIOIR/HORHROIOIOICIRHIOCOICHHHIHCIIO/HORHROIOIOICIRHIOCOICHHHIHCIIO/HHRROIIHRRICIIHIIHICRHHRHOHHOO/HORHROIOIOICIRHIOCOICHHHIHCIIO/HORHROIOIOICIRHIOCOICHHHIHCIIO	com/moonsworth/lunar/client/IICOCHRHIRHIHIIRHOORCHHIIOIOIR/HORHROIOIOICIRHIOCOICHHHIHCIIO/HORHROIOIOICIRHIOCOICHHHIHCIIO/HHRROIIHRRICIIHIIHICRHHRHOHHOO/HORHROIOIOICIRHIOCOICHHHIHCIIO/TextureMapMixin
com/moonsworth/lunar/client/IICOCHRHIRHIHIIRHOORCHHIIOIOIR/HORHROIOIOICIRHIOCOICHHHIHCIIO/HORHROIOIOICIRHIOCOICHHHIHCIIO/HHRROIIHRRICIIHIIHICRHHRHOHHOO/HORHROIOIOICIRHIOCOICHHHIHCIIO_	com/moonsworth/lunar/client/IICOCHRHIRHIHIIRHOORCHHIIOIOIR/HORHROIOIOICIRHIOCOICHHHIHCIIO/HORHROIOIOICIRHIOCOICHHHIHCIIO/HHRROIIHRRICIIHIIHICRHHRHOHHOO/EntityRendererMixin
com/moonsworth/lunar/client/IICOCHRHIRHIHIIRHOORCHHIIOIOIR/HORHROIOIOICIRHIOCOICHHHIHCIIO/HORHROIOIOICIRHIOCOICHHHIHCIIO/HORHROIOIOICIRHIOCOICHHHIHCIIO/HHRROIIHRRICIIHIIHICRHHRHOHHOO	com/moonsworth/lunar/client/IICOCHRHIRHIHIIRHOORCHHIIOIOIR/HORHROIOIOICIRHIOCOICHHHIHCIIO/HORHROIOIOICIRHIOCOICHHHIHCIIO/HORHROIOIOICIRHIOCOICHHHIHCIIO/EntityFXMixin
com/moonsworth/lunar/client/IICOCHRHIRHIHIIRHOORCHHIIOIOIR/HORHROIOIOICIRHIOCOICHHHIHCIIO/HORHROIOIOICIRHIOCOICHHHIHCIIO/HORHROIOIOICIRHIOCOICHHHIHCIIO/HORHROIOIOICIRHIOCOICHHHIHCIIO	com/moonsworth/lunar/client/IICOCHRHIRHIHIIRHOORCHHIIOIOIR/HORHROIOIOICIRHIOCOICHHHIHCIIO/HORHROIOIOICIRHIOCOICHHHIHCIIO/HORHROIOIOICIRHIOCOICHHHIHCIIO/EffectRendererMixin
com/moonsworth/lunar/client/ORCCOORHRRCOHOHRRHIHRRIOCOHCIC/HORHROIOIOICIRHIOCOICHHHIHCIIO/HORHROIOIOICIRHIOCOICHHHIHCIIO/HHRROIIHRRICIIHIIHICRHHRHOHHOO/HORHROIOIOICIRHIOCOICHHHIHCIIO/HORHROIOIOICIRHIOCOICHHHIHCIIO	com/moonsworth/lunar/client/ORCCOORHRRCOHOHRRHIHRRIOCOHCIC/HORHROIOIOICIRHIOCOICHHHIHCIIO/HORHROIOIOICIRHIOCOICHHHIHCIIO/HHRROIIHRRICIIHIIHICRHHRHOHHOO/HORHROIOIOICIRHIOCOICHHHIHCIIO/TextureMapMixin
com/moonsworth/lunar/client/ORCCOORHRRCOHOHRRHIHRRIOCOHCIC/HORHROIOIOICIRHIOCOICHHHIHCIIO/HORHROIOIOICIRHIOCOICHHHIHCIIO/HHRROIIHRRICIIHIIHICRHHRHOHHOO/HORHROIOIOICIRHIOCOICHHHIHCIIO_	com/moonsworth/lunar/client/ORCCOORHRRCOHOHRRHIHRRIOCOHCIC/HORHROIOIOICIRHIOCOICHHHIHCIIO/HORHROIOIOICIRHIOCOICHHHIHCIIO/HHRROIIHRRICIIHIIHICRHHRHOHHOO/EntityRendererMixin
com/moonsworth/lunar/client/ORCCOORHRRCOHOHRRHIHRRIOCOHCIC/HORHROIOIOICIRHIOCOICHHHIHCIIO/HORHROIOIOICIRHIOCOICHHHIHCIIO/HORHROIOIOICIRHIOCOICHHHIHCIIO/HHRROIIHRRICIIHIIHICRHHRHOHHOO/HHRROIIHRRICIIHIIHICRHHRHOHHOO	com/moonsworth/lunar/client/ORCCOORHRRCOHOHRRHIHRRIOCOHCIC/HORHROIOIOICIRHIOCOICHHHIHCIIO/HORHROIOIOICIRHIOCOICHHHIHCIIO/HORHROIOIOICIRHIOCOICHHHIHCIIO/HHRROIIHRRICIIHIIHICRHHRHOHHOO/GuiRecipeBookMixin
com/moonsworth/lunar/client/ORCCOORHRRCOHOHRRHIHRRIOCOHCIC/HORHROIOIOICIRHIOCOICHHHIHCIIO/HORHROIOIOICIRHIOCOICHHHIHCIIO/HORHROIOIOICIRHIOCOICHHHIHCIIO/HHRROIIHRRICIIHIIHICRHHRHOHHOO/HORHROIOIOICIRHIOCOICHHHIHCIIO	com/moonsworth/lunar/client/ORCCOORHRRCOHOHRRHIHRRIOCOHCIC/HORHROIOIOICIRHIOCOICHHHIHCIIO/HORHROIOIOICIRHIOCOICHHHIHCIIO/HORHROIOIOICIRHIOCOICHHHIHCIIO/HHRROIIHRRICIIHIIHICRHHRHOHHOO/GuiButtonRecipeMixin
com/moonsworth/lunar/client/ORCCOORHRRCOHOHRRHIHRRIOCOHCIC/HORHROIOIOICIRHIOCOICHHHIHCIIO/HORHROIOIOICIRHIOCOICHHHIHCIIO/HORHROIOIOICIRHIOCOICHHHIHCIIO/HORHROIOIOICIRHIOCOICHHHIHCIIO/HHRROIIHRRICIIHIIHICRHHRHOHHOO	com/moonsworth/lunar/client/ORCCOORHRRCOHOHRRHIHRRIOCOHCIC/HORHROIOIOICIRHIOCOICHHHIHCIIO/HORHROIOIOICIRHIOCOICHHHIHCIIO/HORHROIOIOICIRHIOCOICHHHIHCIIO/HORHROIOIOICIRHIOCOICHHHIHCIIO/GuiInventoryMixin
com/moonsworth/lunar/client/ORCCOORHRRCOHOHRRHIHRRIOCOHCIC/HORHROIOIOICIRHIOCOICHHHIHCIIO/HORHROIOIOICIRHIOCOICHHHIHCIIO/HORHROIOIOICIRHIOCOICHHHIHCIIO/HORHROIOIOICIRHIOCOICHHHIHCIIO/HORHROIOIOICIRHIOCOICHHHIHCIIO	com/moonsworth/lunar/client/ORCCOORHRRCOHOHRRHIHRRIOCOHCIC/HORHROIOIOICIRHIOCOICHHHIHCIIO/HORHROIOIOICIRHIOCOICHHHIHCIIO/HORHROIOIOICIRHIOCOICHHHIHCIIO/HORHROIOIOICIRHIOCOICHHHIHCIIO/GuiCraftingMixin
com/moonsworth/lunar/client/ORCCOORHRRCOHOHRRHIHRRIOCOHCIC/HORHROIOIOICIRHIOCOICHHHIHCIIO/HORHROIOIOICIRHIOCOICHHHIHCIIO/HORHROIOIOICIRHIOCOICHHHIHCIIO/HRICOROOOCCOCOROCRHHCRRIRCOICO/HORHROIOIOICIRHIOCOICHHHIHCIIO	com/moonsworth/lunar/client/ORCCOORHRRCOHOHRRHIHRRIOCOHCIC/HORHROIOIOICIRHIOCOICHHHIHCIIO/HORHROIOIOICIRHIOCOICHHHIHCIIO/HORHROIOIOICIRHIOCOICHHHIHCIIO/HRICOROOOCCOCOROCRHHCRRIRCOICO/GuiSubtitleOverlayMixin
com/moonsworth/lunar/client/ORCCOORHRRCOHOHRRHIHRRIOCOHCIC/HORHROIOIOICIRHIOCOICHHHIHCIIO/HORHROIOIOICIRHIOCOICHHHIHCIIO/HRICOROOOCCOCOROCRHHCRRIRCOICO/HORHROIOIOICIRHIOCOICHHHIHCIIO	com/moonsworth/lunar/client/ORCCOORHRRCOHOHRRHIHRRIOCOHCIC/HORHROIOIOICIRHIOCOICHHHIHCIIO/HORHROIOIOICIRHIOCOICHHHIHCIIO/HRICOROOOCCOCOROCRHHCRRIRCOICO/KeyBindingMixin
com/moonsworth/lunar/client/RIHHRCCHRCRRIOOOIHICHCCHIRRCCC/HORHROIOIOICIRHIOCOICHHHIHCIIO/HHRROIIHRRICIIHIIHICRHHRHOHHOO/HORHROIOIOICIRHIOCOICHHHIHCIIO/HORHROIOIOICIRHIOCOICHHHIHCIIO/HORHROIOIOICIRHIOCOICHHHIHCIIO	com/moonsworth/lunar/client/RIHHRCCHRCRRIOOOIHICHCCHIRRCCC/HORHROIOIOICIRHIOCOICHHHIHCIIO/HHRROIIHRRICIIHIIHICRHHRHOHHOO/HORHROIOIOICIRHIOCOICHHHIHCIIO/HORHROIOIOICIRHIOCOICHHHIHCIIO/BlockDoublePlantMixin
com/moonsworth/lunar/client/RIHHRCCHRCRRIOOOIHICHCCHIRRCCC/HORHROIOIOICIRHIOCOICHHHIHCIIO/HORHROIOIOICIRHIOCOICHHHIHCIIO/HHRROIIHRRICIIHIIHICRHHRHOHHOO/HORHROIOIOICIRHIOCOICHHHIHCIIO	com/moonsworth/lunar/client/RIHHRCCHRCRRIOOOIHICHCCHIRRCCC/HORHROIOIOICIRHIOCOICHHHIHCIIO/HORHROIOIOICIRHIOCOICHHHIHCIIO/HHRROIIHRRICIIHIIHICRHHRHOHHOO/2Mixin
com/moonsworth/lunar/client/RIHHRCCHRCRRIOOOIHICHCCHIRRCCC/HORHROIOIOICIRHIOCOICHHHIHCIIO/HORHROIOIOICIRHIOCOICHHHIHCIIO/HORHROIOIOICIRHIOCOICHHHIHCIIO/HORHROIOIOICIRHIOCOICHHHIHCIIO	com/moonsworth/lunar/client/RIHHRCCHRCRRIOOOIHICHCCHIRRCCC/HORHROIOIOICIRHIOCOICHHHIHCIIO/HORHROIOIOICIRHIOCOICHHHIHCIIO/HORHROIOIOICIRHIOCOICHHHIHCIIO/EntityClientPlayerMPMixin
com/moonsworth/lunar/client/RIHHRCCHRCRRIOOOIHICHCCHIRRCCC/HORHROIOIOICIRHIOCOICHHHIHCIIO/HORHROIOIOICIRHIOCOICHHHIHCIIO/HRICOROOOCCOCOROCRHHCRRIRCOICO/HORHROIOIOICIRHIOCOICHHHIHCIIO	com/moonsworth/lunar/client/RIHHRCCHRCRRIOOOIHICHCCHIRRCCC/HORHROIOIOICIRHIOCOICHHHIHCIIO/HORHROIOIOICIRHIOCOICHHHIHCIIO/HRICOROOOCCOCOROCRHHCRRIRCOICO/EntityFXMixin
com/moonsworth/lunar/client/RIHHRCCHRCRRIOOOIHICHCCHIRRCCC/HORHROIOIOICIRHIOCOICHHHIHCIIO/HORHROIOIOICIRHIOCOICHHHIHCIIO/ICRHORIIHOHROHOHOCOOHOOCOORRHO/HHRROIIHRRICIIHIIHICRHHRHOHHOO	com/moonsworth/lunar/client/RIHHRCCHRCRRIOOOIHICHCCHIRRCCC/HORHROIOIOICIRHIOCOICHHHIHCIIO/HORHROIOIOICIRHIOCOICHHHIHCIIO/ICRHORIIHOHROHOHOCOOHOOCOORRHO/RenderBlocksMixin
com/moonsworth/lunar/client/RIHHRCCHRCRRIOOOIHICHCCHIRRCCC/HORHROIOIOICIRHIOCOICHHHIHCIIO/HORHROIOIOICIRHIOCOICHHHIHCIIO/ICRHORIIHOHROHOHOCOOHOOCOORRHO/HORHROIOIOICIRHIOCOICHHHIHCIIO/HORHROIOIOICIRHIOCOICHHHIHCIIO	com/moonsworth/lunar/client/RIHHRCCHRCRRIOOOIHICHCCHIRRCCC/HORHROIOIOICIRHIOCOICHHHIHCIIO/HORHROIOIOICIRHIOCOICHHHIHCIIO/ICRHORIIHOHROHOHOCOOHOOCOORRHO/HORHROIOIOICIRHIOCOICHHHIHCIIO/TextureMapMixin
com/moonsworth/lunar/client/RIHHRCCHRCRRIOOOIHICHCCHIRRCCC/HORHROIOIOICIRHIOCOICHHHIHCIIO/HORHROIOIOICIRHIOCOICHHHIHCIIO/ICRHORIIHOHROHOHOCOOHOOCOORRHO/HORHROIOIOICIRHIOCOICHHHIHCIIO_	com/moonsworth/lunar/client/RIHHRCCHRCRRIOOOIHICHCCHIRRCCC/HORHROIOIOICIRHIOCOICHHHIHCIIO/HORHROIOIOICIRHIOCOICHHHIHCIIO/ICRHORIIHOHROHOHOCOOHOOCOORRHO/EntityRendererMixin
com/moonsworth/lunar/client/RIHHRCCHRCRRIOOOIHICHCCHIRRCCC/HORHROIOIOICIRHIOCOICHHHIHCIIO/HORHROIOIOICIRHIOCOICHHHIHCIIO/ICRHORIIHOHROHOHOCOOHOOCOORRHO/HRICOROOOCCOCOROCRHHCRRIRCOICO	com/moonsworth/lunar/client/RIHHRCCHRCRRIOOOIHICHCCHIRRCCC/HORHROIOIOICIRHIOCOICHHHIHCIIO/HORHROIOIOICIRHIOCOICHHHIHCIIO/ICRHORIIHOHROHOHOCOOHOOCOORRHO/RenderGlobalMixin
com/moonsworth/lunar/client/RIHHRCCHRCRRIOOOIHICHCCHIRRCCC/HORHROIOIOICIRHIOCOICHHHIHCIIO/HORHROIOIOICIRHIOCOICHHHIHCIIO/OHROCHICOIOICHOCRROORRCIIICIHO/HORHROIOIOICIRHIOCOICHHHIHCIIO	com/moonsworth/lunar/client/RIHHRCCHRCRRIOOOIHICHCCHIRRCCC/HORHROIOIOICIRHIOCOICHHHIHCIIO/HORHROIOIOICIRHIOCOICHHHIHCIIO/OHROCHICOIOICHOCRROORRCIIICIHO/MapCoordMixin
com/moonsworth/lunar/client/RIHHRCCHRCRRIOOOIHICHCCHIRRCCC/HORHROIOIOICIRHIOCOICHHHIHCIIO/HORHROIOIOICIRHIOCOICHHHIHCIIO/RCIOICOHRIOIIRRRROCRHCIICRROHO/HORHROIOIOICIRHIOCOICHHHIHCIIO	com/moonsworth/lunar/client/RIHHRCCHRCRRIOOOIHICHCCHIRRCCC/HORHROIOIOICIRHIOCOICHHHIHCIIO/HORHROIOIOICIRHIOCOICHHHIHCIIO/RCIOICOHRIOIIRRRROCRHCIICRROHO/2Mixin
com/moonsworth/lunar/forge/ICRHORIIHOHROHOHOCOOHOOCOORRHO/HORHROIOIOICIRHIOCOICHHHIHCIIO/CCROIHHHCOCHHOHORCIRHOCRROIOCI	com/moonsworth/lunar/forge/ICRHORIIHOHROHOHOCOOHOOCOORRHO/HORHROIOIOICIRHIOCOICHHHIHCIIO/ForgeVersionMixin
com/moonsworth/lunar/forge/ICRHORIIHOHROHOHOCOOHOOCOORRHO/HORHROIOIOICIRHIOCOICHHHIHCIIO/HHRROIIHRRICIIHIIHICRHHRHOHHOO	com/moonsworth/lunar/forge/ICRHORIIHOHROHOHOCOOHOOCOORRHO/HORHROIOIOICIRHIOCOICHHHIHCIIO/EnumHelperMixin
com/moonsworth/lunar/forge/ICRHORIIHOHROHOHOCOOHOOCOORRHO/HORHROIOIOICIRHIOCOICHHHIHCIIO/HIOROOCORHICHIRIHIRCCORCIIICCH	com/moonsworth/lunar/forge/ICRHORIIHOHROHOHOCOOHOOCOORRHO/HORHROIOIOICIRHIOCOICHHHIHCIIO/ModelLoaderMixin
com/moonsworth/lunar/forge/ICRHORIIHOHROHOHOCOOHOOCOORRHO/HORHROIOIOICIRHIOCOICHHHIHCIIO/HORHROIOIOICIRHIOCOICHHHIHCIIO	com/moonsworth/lunar/forge/ICRHORIIHOHROHOHOCOOHOOCOORRHO/HORHROIOIOICIRHIOCOICHHHIHCIIO/ASMClassLoaderMixin
com/moonsworth/lunar/forge/ICRHORIIHOHROHOHOCOOHOOCOORRHO/HORHROIOIOICIRHIOCOICHHHIHCIIO/HRICOROOOCCOCOROCRHHCRRIRCOICO	com/moonsworth/lunar/forge/ICRHORIIHOHROHOHOCOOHOOCOORRHO/HORHROIOIOICIRHIOCOICHHHIHCIIO/EventBusMixin2
com/moonsworth/lunar/forge/ICRHORIIHOHROHOHOCOOHOOCOORRHO/HORHROIOIOICIRHIOCOICHHHIHCIIO/HROHOIOCHIRIHICOORIHOHCIOIRIIH	com/moonsworth/lunar/forge/ICRHORIIHOHROHOHOCOOHOOCOORRHO/HORHROIOIOICIRHIOCOICHHHIHCIIO/ForgeHooksMixin
com/moonsworth/lunar/forge/ICRHORIIHOHROHOHOCOOHOOCOORRHO/HORHROIOIOICIRHIOCOICHHHIHCIIO/ICRHORIIHOHROHOHOCOOHOOCOORRHO	com/moonsworth/lunar/forge/ICRHORIIHOHROHOHOCOOHOOCOORRHO/HORHROIOIOICIRHIOCOICHHHIHCIIO/FMLCommonHandlerMixin
com/moonsworth/lunar/forge/ICRHORIIHOHROHOHOCOOHOOCOORRHO/HORHROIOIOICIRHIOCOICHHHIHCIIO/OHOOORICRHIIIIRHCICICOCHROICRC	com/moonsworth/lunar/forge/ICRHORIIHOHROHOHOCOOHOOCOORRHO/HORHROIOIOICIRHIOCOICHHHIHCIIO/LoaderMixin
com/moonsworth/lunar/forge/ICRHORIIHOHROHOHOCOOHOOCOORRHO/HORHROIOIOICIRHIOCOICHHHIHCIIO/OHROCHICOIOICHOCRROORRCIIICIHO	com/moonsworth/lunar/forge/ICRHORIIHOHROHOHOCOOHOOCOORRHO/HORHROIOIOICIRHIOCOICHHHIHCIIO/FMLSanityCheckerMixin
com/moonsworth/lunar/forge/ICRHORIIHOHROHOHOCOOHOOCOORRHO/HORHROIOIOICIRHIOCOICHHHIHCIIO/OIRIOIIIRICICCHORICRRIRROHCRIC	com/moonsworth/lunar/forge/ICRHORIIHOHROHOHOCOOHOOCOORRHO/HORHROIOIOICIRHIOCOICHHHIHCIIO/ModDiscovererMixin
com/moonsworth/lunar/forge/ICRHORIIHOHROHOHOCOOHOOCOORRHO/HORHROIOIOICIRHIOCOICHHHIHCIIO/ORCHOHHCOHCORRICRIHCHHRORHHCHH	com/moonsworth/lunar/forge/ICRHORIIHOHROHOHOCOOHOOCOORRHO/HORHROIOIOICIRHIOCOICHHHIHCIIO/EventBusMixin
com/moonsworth/lunar/forge/ICRHORIIHOHROHOHOCOOHOOCOORRHO/HORHROIOIOICIRHIOCOICHHHIHCIIO/ORICHRORRORHORHOIHCRHOORCRRHOI	com/moonsworth/lunar/forge/ICRHORIIHOHROHOHOCOOHOOCOORRHO/HORHROIOIOICIRHIOCOICHHHIHCIIO/ForgeEventFactoryMixin
com/moonsworth/lunar/forge/ICRHORIIHOHROHOHOCOOHOOCOORRHO/HORHROIOIOICIRHIOCOICHHHIHCIIO/RCIOICOHRIOIIRRRROCRHCIICRROHO	com/moonsworth/lunar/forge/ICRHORIIHOHROHOHOCOOHOOCOORRHO/HORHROIOIOICIRHIOCOICHHHIHCIIO/FMLNetworkHandlerMixin
com/moonsworth/lunar/forge/ICRHORIIHOHROHOHOCOOHOOCOORRHO/HORHROIOIOICIRHIOCOICHHHIHCIIO/RHIRRICCRHHHIIHHIHHOHRCHIOORCC	com/moonsworth/lunar/forge/ICRHORIIHOHROHOHOCOOHOOCOORRHO/HORHROIOIOICIRHIOCOICHHHIHCIIO/SplashProgressMixin
com/moonsworth/lunar/forge/RCIOICOHRIOIIRRRROCRHCIICRROHO/HORHROIOIOICIRHIOCOICHHHIHCIIO/CCROIHHHCOCHHOHORCIRHOCRROIOCI	com/moonsworth/lunar/forge/RCIOICOHRIOIIRRRROCRHCIICRROHO/HORHROIOIOICIRHIOCOICHHHIHCIIO/EventBusMixin
com/moonsworth/lunar/forge/RCIOICOHRIOIIRRRROCRHCIICRROHO/HORHROIOIOICIRHIOCOICHHHIHCIIO/HHRROIIHRRICIIHIIHICRHHRHOHHOO	com/moonsworth/lunar/forge/RCIOICOHRIOIIRRRROCRHCIICRROHO/HORHROIOIOICIRHIOCOICHHHIHCIIO/ChunkProviderServerMixin
com/moonsworth/lunar/forge/RCIOICOHRIOIIRRRROCRHCIICRROHO/HORHROIOIOICIRHIOCOICHHHIHCIIO/HIOROOCORHICHIRIHIRCCORCIIICCH	com/moonsworth/lunar/forge/RCIOICOHRIOIIRRRROCRHCIICRROHO/HORHROIOIOICIRHIOCOICHHHIHCIIO/LoadControllerMixin
com/moonsworth/lunar/forge/RCIOICOHRIOIIRRRROCRHCIICRROHO/HORHROIOIOICIRHIOCOICHHHIHCIIO/HORHROIOIOICIRHIOCOICHHHIHCIIO	com/moonsworth/lunar/forge/RCIOICOHRIOIIRRRROCRHCIICRROHO/HORHROIOIOICIRHIOCOICHHHIHCIIO/ASMClassLoaderMixin
com/moonsworth/lunar/forge/RCIOICOHRIOIIRRRROCRHCIICRROHO/HORHROIOIOICIRHIOCOICHHHIHCIIO/HRICOROOOCCOCOROCRHHCRRIRCOICO	com/moonsworth/lunar/forge/RCIOICOHRIOIIRRRROCRHCIICRROHO/HORHROIOIOICIRHIOCOICHHHIHCIIO/LoggingSubscriberExceptionHandlerMixin
com/moonsworth/lunar/forge/RCIOICOHRIOIIRRRROCRHCIICRROHO/HORHROIOIOICIRHIOCOICHHHIHCIIO/HROHOIOCHIRIHICOORIHOHCIOIRIIH	com/moonsworth/lunar/forge/RCIOICOHRIOIIRRRROCRHCIICRROHO/HORHROIOIOICIRHIOCOICHHHIHCIIO/FMLSanityCheckerMixin
com/moonsworth/lunar/forge/RCIOICOHRIOIIRRRROCRHCIICRROHO/HORHROIOIOICIRHIOCOICHHHIHCIIO/ICRHORIIHOHROHOHOCOOHOOCOORRHO	com/moonsworth/lunar/forge/RCIOICOHRIOIIRRRROCRHCIICRROHO/HORHROIOIOICIRHIOCOICHHHIHCIIO/EventBusMixin2
com/moonsworth/lunar/forge/RCIOICOHRIOIIRRRROCRHCIICRROHO/HORHROIOIOICIRHIOCOICHHHIHCIIO/IHRHHRIHICHOOICIRIOOHOICHIRHOI	com/moonsworth/lunar/forge/RCIOICOHRIOIIRRRROCRHCIICRROHO/HORHROIOIOICIRHIOCOICHHHIHCIIO/ModDiscovererMixin
com/moonsworth/lunar/forge/RCIOICOHRIOIIRRRROCRHCIICRROHO/HORHROIOIOICIRHIOCOICHHHIHCIIO/IIORCIOOIHRRRICOHIRCIHOOCCOHRO	com/moonsworth/lunar/forge/RCIOICOHRIOIIRRRROCRHCIICRROHO/HORHROIOIOICIRHIOCOICHHHIHCIIO/ModelLoaderMixin
com/moonsworth/lunar/forge/RCIOICOHRIOIIRRRROCRHCIICRROHO/HORHROIOIOICIRHIOCOICHHHIHCIIO/IRCHCHOHRRIOORHRCHRIHIOHRCIHRH	com/moonsworth/lunar/forge/RCIOICOHRIOIIRRRROCRHCIICRROHO/HORHROIOIOICIRHIOCOICHHHIHCIIO/SplashProgressMixin
com/moonsworth/lunar/forge/RCIOICOHRIOIIRRRROCRHCIICRROHO/HORHROIOIOICIRHIOCOICHHHIHCIIO/OHOOORICRHIIIIRHCICICOCHROICRC	com/moonsworth/lunar/forge/RCIOICOHRIOIIRRRROCRHCIICRROHO/HORHROIOIOICIRHIOCOICHHHIHCIIO/ForgeEventFactoryMixin
com/moonsworth/lunar/forge/RCIOICOHRIOIIRRRROCRHCIICRROHO/HORHROIOIOICIRHIOCOICHHHIHCIIO/OHROCHICOIOICHOCRROORRCIIICIHO	com/moonsworth/lunar/forge/RCIOICOHRIOIIRRRROCRHCIICRROHO/HORHROIOIOICIRHIOCOICHHHIHCIIO/FMLCommonHandlerMixin
com/moonsworth/lunar/forge/RCIOICOHRIOIIRRRROCRHCIICRROHO/HORHROIOIOICIRHIOCOICHHHIHCIIO/OIRIOIIIRICICCHORICRRIRROHCRIC	com/moonsworth/lunar/forge/RCIOICOHRIOIIRRRROCRHCIICRROHO/HORHROIOIOICIRHIOCOICHHHIHCIIO/ForgeVersionMixin
com/moonsworth/lunar/forge/RCIOICOHRIOIIRRRROCRHCIICRROHO/HORHROIOIOICIRHIOCOICHHHIHCIIO/ORCHOHHCOHCORRICRIHCHHRORHHCHH	com/moonsworth/lunar/forge/RCIOICOHRIOIIRRRROCRHCIICRROHO/HORHROIOIOICIRHIOCOICHHHIHCIIO/FMLNetworkHandlerMixin
com/moonsworth/lunar/forge/RCIOICOHRIOIIRRRROCRHCIICRROHO/HORHROIOIOICIRHIOCOICHHHIHCIIO/ORICHRORRORHORHOIHCRHOORCRRHOI	com/moonsworth/lunar/forge/RCIOICOHRIOIIRRRROCRHCIICRROHO/HORHROIOIOICIRHIOCOICHHHIHCIIO/FMLRelaunchLogMixin
com/moonsworth/lunar/forge/RCIOICOHRIOIIRRRROCRHCIICRROHO/HORHROIOIOICIRHIOCOICHHHIHCIIO/RCIOICOHRIOIIRRRROCRHCIICRROHO	com/moonsworth/lunar/forge/RCIOICOHRIOIIRRRROCRHCIICRROHO/HORHROIOIOICIRHIOCOICHHHIHCIIO/FMLClientHandlerMixin
com/moonsworth/lunar/forge/RCIOICOHRIOIIRRRROCRHCIICRROHO/HORHROIOIOICIRHIOCOICHHHIHCIIO/RHIRRICCRHHHIIHHIHHOHRCHIOORCC	com/moonsworth/lunar/forge/RCIOICOHRIOIIRRRROCRHCIICRROHO/HORHROIOIOICIRHIOCOICHHHIHCIIO/LoaderMixin
com/moonsworth/lunar/forge/RCIOICOHRIOIIRRRROCRHCIICRROHO/HORHROIOIOICIRHIOCOICHHHIHCIIO/RIIICIRHRCIHOOOORHOICRIICCCRHR	com/moonsworth/lunar/forge/RCIOICOHRIOIIRRRROCRHCIICRROHO/HORHROIOIOICIRHIOCOICHHHIHCIIO/ObjectHolderRefMixin
com/moonsworth/lunar/legacy/HHRROIIHRRICIIHIIHICRHHRHOHHOO/HHRROIIHRRICIIHIIHICRHHRHOHHOO/CCROIHHHCOCHHOHORCIRHOCRROIOCI/HHRROIIHRRICIIHIIHICRHHRHOHHOO	com/moonsworth/lunar/legacy/HHRROIIHRRICIIHIIHICRHHRHOHHOO/HHRROIIHRRICIIHIIHICRHHRHOHHOO/CCROIHHHCOCHHOHORCIRHOCRROIOCI/C01PacketChatMessageMixin
com/moonsworth/lunar/legacy/HHRROIIHRRICIIHIIHICRHHRHOHHOO/HHRROIIHRRICIIHIIHICRHHRHOHHOO/CCROIHHHCOCHHOHORCIRHOCRROIOCI/HORHROIOIOICIRHIOCOICHHHIHCIIO/HORHROIOIOICIRHIOCOICHHHIHCIIO/HHRROIIHRRICIIHIIHICRHHRHOHHOO	com/moonsworth/lunar/legacy/HHRROIIHRRICIIHIIHICRHHRHOHHOO/HHRROIIHRRICIIHIIHICRHHRHOHHOO/CCROIHHHCOCHHOHORCIRHOCRROIOCI/HORHROIOIOICIRHIOCOICHHHIHCIIO/HORHROIOIOICIRHIOCOICHHHIHCIIO/S0FPacketSpawnMobMixin
com/moonsworth/lunar/legacy/HHRROIIHRRICIIHIIHICRHHRHOHHOO/HHRROIIHRRICIIHIIHICRHHRHOHHOO/CCROIHHHCOCHHOHORCIRHOCRROIOCI/HORHROIOIOICIRHIOCOICHHHIHCIIO/HORHROIOIOICIRHIOCOICHHHIHCIIO/HORHROIOIOICIRHIOCOICHHHIHCIIO	com/moonsworth/lunar/legacy/HHRROIIHRRICIIHIIHICRHHRHOHHOO/HHRROIIHRRICIIHIIHICRHHRHOHHOO/CCROIHHHCOCHHOHORCIRHOCRROIOCI/HORHROIOIOICIRHIOCOICHHHIHCIIO/HORHROIOIOICIRHIOCOICHHHIHCIIO/S14PacketEntityMixin
com/moonsworth/lunar/legacy/HHRROIIHRRICIIHIIHICRHHRHOHHOO/HHRROIIHRRICIIHIIHICRHHRHOHHOO/CCROIHHHCOCHHOHORCIRHOCRROIOCI/HORHROIOIOICIRHIOCOICHHHIHCIIO_	com/moonsworth/lunar/legacy/HHRROIIHRRICIIHIIHICRHHRHOHHOO/HHRROIIHRRICIIHIIHICRHHRHOHHOO/CCROIHHHCOCHHOHORCIRHOCRROIOCI/C00HandshakeMixin
com/moonsworth/lunar/legacy/HHRROIIHRRICIIHIIHICRHHRHOHHOO/HHRROIIHRRICIIHIIHICRHHRHOHHOO/CCROIHHHCOCHHOHORCIRHOCRROIOCI/HRICOROOOCCOCOROCRHHCRRIRCOICO	com/moonsworth/lunar/legacy/HHRROIIHRRICIIHIIHICRHHRHOHHOO/HHRROIIHRRICIIHIIHICRHHRHOHHOO/CCROIHHHCOCHHOHORCIRHOCRROIOCI/NetHandlerPlayClientMixin
com/moonsworth/lunar/legacy/HHRROIIHRRICIIHIIHICRHHRHOHHOO/HHRROIIHRRICIIHIIHICRHHRHOHHOO/CCROIHHHCOCHHOHORCIRHOCRROIOCI/ICRHORIIHOHROHOHOCOOHOOCOORRHO	com/moonsworth/lunar/legacy/HHRROIIHRRICIIHIIHICRHHRHOHHOO/HHRROIIHRRICIIHIIHICRHHRHOHHOO/CCROIHHHCOCHHOHORCIRHOCRROIOCI/NetHandlerPlayServerMixin
com/moonsworth/lunar/legacy/HHRROIIHRRICIIHIIHICRHHRHOHHOO/HHRROIIHRRICIIHIIHICRHHRHOHHOO/CCROIHHHCOCHHOHORCIRHOCRROIOCI/OHROCHICOIOICHOCRROORRCIIICIHO	com/moonsworth/lunar/legacy/HHRROIIHRRICIIHIIHICRHHRHOHHOO/HHRROIIHRRICIIHIIHICRHHRHOHHOO/CCROIHHHCOCHHOHORCIRHOCRROIOCI/NetworkManager_v1_12Mixin
com/moonsworth/lunar/legacy/HHRROIIHRRICIIHIIHICRHHRHOHHOO/HHRROIIHRRICIIHIIHICRHHRHOHHOO/CCROIHHHCOCHHOHORCIRHOCRROIOCI/ORCHOHHCOHCORRICRIHCHHRORHHCHH	com/moonsworth/lunar/legacy/HHRROIIHRRICIIHIIHICRHHRHOHHOO/HHRROIIHRRICIIHIIHICRHHRHOHHOO/CCROIHHHCOCHHOHORCIRHOCRROIOCI/NetworkManager_v1_7Mixin
com/moonsworth/lunar/legacy/HHRROIIHRRICIIHIIHICRHHRHOHHOO/HHRROIIHRRICIIHIIHICRHHRHOHHOO/CCROIHHHCOCHHOHORCIRHOCRROIOCI/ORICHRORRORHORHOIHCRHOORCRRHOI	com/moonsworth/lunar/legacy/HHRROIIHRRICIIHIIHICRHHRHOHHOO/HHRROIIHRRICIIHIIHICRHHRHOHHOO/CCROIHHHCOCHHOHORCIRHOCRROIOCI/NetworkManagerMixin
com/moonsworth/lunar/legacy/HHRROIIHRRICIIHIIHICRHHRHOHHOO/HHRROIIHRRICIIHIIHICRHHRHOHHOO/CCROIHHHCOCHHOHORCIRHOCRROIOCI/RCIOICOHRIOIIRRRROCRHCIICRROHO	com/moonsworth/lunar/legacy/HHRROIIHRRICIIHIIHICRHHRHOHHOO/HHRROIIHRRICIIHIIHICRHHRHOHHOO/CCROIHHHCOCHHOHORCIRHOCRROIOCI/MessageDeserializer2Mixin
com/moonsworth/lunar/legacy/HHRROIIHRRICIIHIIHICRHHRHOHHOO/HHRROIIHRRICIIHIIHICRHHRHOHHOO/HHRROIIHRRICIIHIIHICRHHRHOHHOO/HHRROIIHRRICIIHIIHICRHHRHOHHOO	com/moonsworth/lunar/legacy/HHRROIIHRRICIIHIIHICRHHRHOHHOO/HHRROIIHRRICIIHIIHICRHHRHOHHOO/HHRROIIHRRICIIHIIHICRHHRHOHHOO/BlockModelShapesMixin
com/moonsworth/lunar/legacy/HHRROIIHRRICIIHIIHICRHHRHOHHOO/HHRROIIHRRICIIHIIHICRHHRHOHHOO/HHRROIIHRRICIIHIIHICRHHRHOHHOO/HORHROIOIOICIRHIOCOICHHHIHCIIO	com/moonsworth/lunar/legacy/HHRROIIHRRICIIHIIHICRHHRHOHHOO/HHRROIIHRRICIIHIIHICRHHRHOHHOO/HHRROIIHRRICIIHIIHICRHHRHOHHOO/BlockMixin
com/moonsworth/lunar/legacy/HHRROIIHRRICIIHIIHICRHHRHOHHOO/HHRROIIHRRICIIHIIHICRHHRHOHHOO/HHRROIIHRRICIIHIIHICRHHRHOHHOO/HRICOROOOCCOCOROCRHHCRRIRCOICO	com/moonsworth/lunar/legacy/HHRROIIHRRICIIHIIHICRHHRHOHHOO/HHRROIIHRRICIIHIIHICRHHRHOHHOO/HHRROIIHRRICIIHIIHICRHHRHOHHOO/BlockRendererDispatcherMixin
com/moonsworth/lunar/legacy/HHRROIIHRRICIIHIIHICRHHRHOHHOO/HHRROIIHRRICIIHIIHICRHHRHOHHOO/HIOROOCORHICHIRIHIRCCORCIIICCH/HORHROIOIOICIRHIOCOICHHHIHCIIO	com/moonsworth/lunar/legacy/HHRROIIHRRICIIHIIHICRHHRHOHHOO/HHRROIIHRRICIIHIIHICRHHRHOHHOO/HIOROOCORHICHIRIHIRCCORCIIICCH/PotionEffectMixin
com/moonsworth/lunar/legacy/HHRROIIHRRICIIHIIHICRHHRHOHHOO/HHRROIIHRRICIIHIIHICRHHRHOHHOO/HORHROIOIOICIRHIOCOICHHHIHCIIO_	com/moonsworth/lunar/legacy/HHRROIIHRRICIIHIIHICRHHRHOHHOO/HHRROIIHRRICIIHIIHICRHHRHOHHOO/MinecraftMixin
com/moonsworth/lunar/legacy/HHRROIIHRRICIIHIIHICRHHRHOHHOO/HHRROIIHRRICIIHIIHICRHHRHOHHOO/HRICOROOOCCOCOROCRHHCRRIRCOICO/CCROIHHHCOCHHOHORCIRHOCRROIOCI/HHRROIIHRRICIIHIIHICRHHRHOHHOO	com/moonsworth/lunar/legacy/HHRROIIHRRICIIHIIHICRHHRHOHHOO/HHRROIIHRRICIIHIIHICRHHRHOHHOO/HRICOROOOCCOCOROCRHHCRRIRCOICO/CCROIHHHCOCHHOHORCIRHOCRROIOCI/ShaderMixin
com/moonsworth/lunar/legacy/HHRROIIHRRICIIHIIHICRHHRHOHHOO/HHRROIIHRRICIIHIIHICRHHRHOHHOO/HRICOROOOCCOCOROCRHHCRRIRCOICO/CCROIHHHCOCHHOHORCIRHOCRROIOCI/HORHROIOIOICIRHIOCOICHHHIHCIIO	com/moonsworth/lunar/legacy/HHRROIIHRRICIIHIIHICRHHRHOHHOO/HHRROIIHRRICIIHIIHICRHHRHOHHOO/HRICOROOOCCOCOROCRHHCRRIRCOICO/CCROIHHHCOCHHOHORCIRHOCRROIOCI/ShaderGroupMixin
com/moonsworth/lunar/legacy/HHRROIIHRRICIIHIIHICRHHRHOHHOO/HHRROIIHRRICIIHIIHICRHHRHOHHOO/HRICOROOOCCOCOROCRHHCRRIRCOICO/HHRROIIHRRICIIHIIHICRHHRHOHHOO/HHRROIIHRRICIIHIIHICRHHRHOHHOO	com/moonsworth/lunar/legacy/HHRROIIHRRICIIHIIHICRHHRHOHHOO/HHRROIIHRRICIIHIIHICRHHRHOHHOO/HRICOROOOCCOCOROCRHHCRRIRCOICO/HHRROIIHRRICIIHIIHICRHHRHOHHOO/EntityClientPlayerMPMixin
com/moonsworth/lunar/legacy/HHRROIIHRRICIIHIIHICRHHRHOHHOO/HHRROIIHRRICIIHIIHICRHHRHOHHOO/HRICOROOOCCOCOROCRHHCRRIRCOICO/HHRROIIHRRICIIHIIHICRHHRHOHHOO/HORHROIOIOICIRHIOCOICHHHIHCIIO/HORHROIOIOICIRHIOCOICHHHIHCIIO	com/moonsworth/lunar/legacy/HHRROIIHRRICIIHIIHICRHHRHOHHOO/HHRROIIHRRICIIHIIHICRHHRHOHHOO/HRICOROOOCCOCOROCRHHCRRIRCOICO/HHRROIIHRRICIIHIIHICRHHRHOHHOO/HORHROIOIOICIRHIOCOICHHHIHCIIO/LayerSheepWoolMixin
com/moonsworth/lunar/legacy/HHRROIIHRRICIIHIIHICRHHRHOHHOO/HHRROIIHRRICIIHIIHICRHHRHOHHOO/HRICOROOOCCOCOROCRHHCRRIRCOICO/HHRROIIHRRICIIHIIHICRHHRHOHHOO/HORHROIOIOICIRHIOCOICHHHIHCIIO_	com/moonsworth/lunar/legacy/HHRROIIHRRICIIHIIHICRHHRHOHHOO/HHRROIIHRRICIIHIIHICRHHRHOHHOO/HRICOROOOCCOCOROCRHHCRRIRCOICO/HHRROIIHRRICIIHIIHICRHHRHOHHOO/AbstractClientPlayerMixin
com/moonsworth/lunar/legacy/HHRROIIHRRICIIHIIHICRHHRHOHHOO/HHRROIIHRRICIIHIIHICRHHRHOHHOO/HRICOROOOCCOCOROCRHHCRRIRCOICO/HHRROIIHRRICIIHIIHICRHHRHOHHOO/HRICOROOOCCOCOROCRHHCRRIRCOICO	com/moonsworth/lunar/legacy/HHRROIIHRRICIIHIIHICRHHRHOHHOO/HHRROIIHRRICIIHIIHICRHHRHOHHOO/HRICOROOOCCOCOROCRHHCRRIRCOICO/HHRROIIHRRICIIHIIHICRHHRHOHHOO/EntityLightningBoltMixin
com/moonsworth/lunar/legacy/HHRROIIHRRICIIHIIHICRHHRHOHHOO/HHRROIIHRRICIIHIIHICRHHRHOHHOO/HRICOROOOCCOCOROCRHHCRRIRCOICO/HHRROIIHRRICIIHIIHICRHHRHOHHOO/ICRHORIIHOHROHOHOCOOHOOCOORRHO	com/moonsworth/lunar/legacy/HHRROIIHRRICIIHIIHICRHHRHOHHOO/HHRROIIHRRICIIHIIHICRHHRHOHHOO/HRICOROOOCCOCOROCRHHCRRIRCOICO/HHRROIIHRRICIIHIIHICRHHRHOHHOO/EntityPlayerSPMixin
com/moonsworth/lunar/legacy/HHRROIIHRRICIIHIIHICRHHRHOHHOO/HHRROIIHRRICIIHIIHICRHHRHOHHOO/HRICOROOOCCOCOROCRHHCRRIRCOICO/HHRROIIHRRICIIHIIHICRHHRHOHHOO_	com/moonsworth/lunar/legacy/HHRROIIHRRICIIHIIHICRHHRHOHHOO/HHRROIIHRRICIIHIIHICRHHRHOHHOO/HRICOROOOCCOCOROCRHHCRRIRCOICO/LoadingScreenRendererMixin
com/moonsworth/lunar/legacy/HHRROIIHRRICIIHIIHICRHHRHOHHOO/HHRROIIHRRICIIHIIHICRHHRHOHHOO/HRICOROOOCCOCOROCRHHCRRIRCOICO/HORHROIOIOICIRHIOCOICHHHIHCIIO/HHRROIIHRRICIIHIIHICRHHRHOHHOO	com/moonsworth/lunar/legacy/HHRROIIHRRICIIHIIHICRHHRHOHHOO/HHRROIIHRRICIIHIIHICRHHRHOHHOO/HRICOROOOCCOCOROCRHHCRRIRCOICO/HORHROIOIOICIRHIOCOICHHHIHCIIO/SoundManagerMixin
com/moonsworth/lunar/legacy/HHRROIIHRRICIIHIIHICRHHRHOHHOO/HHRROIIHRRICIIHIIHICRHHRHOHHOO/HRICOROOOCCOCOROCRHHCRRIRCOICO/HORHROIOIOICIRHIOCOICHHHIHCIIO/HORHROIOIOICIRHIOCOICHHHIHCIIO	com/moonsworth/lunar/legacy/HHRROIIHRRICIIHIIHICRHHRHOHHOO/HHRROIIHRRICIIHIIHICRHHRHOHHOO/HRICOROOOCCOCOROCRHHCRRIRCOICO/HORHROIOIOICIRHIOCOICHHHIHCIIO/PositionedSoundMixin
com/moonsworth/lunar/legacy/HHRROIIHRRICIIHIIHICRHHRHOHHOO/HHRROIIHRRICIIHIIHICRHHRHOHHOO/HRICOROOOCCOCOROCRHHCRRIRCOICO/HORHROIOIOICIRHIOCOICHHHIHCIIO/HRICOROOOCCOCOROCRHHCRRIRCOICO	com/moonsworth/lunar/legacy/HHRROIIHRRICIIHIIHICRHHRHOHHOO/HHRROIIHRRICIIHIIHICRHHRHOHHOO/HRICOROOOCCOCOROCRHHCRRIRCOICO/HORHROIOIOICIRHIOCOICHHHIHCIIO/SourceLWJGLOpenALMixin
com/moonsworth/lunar/legacy/HHRROIIHRRICIIHIIHICRHHRHOHHOO/HHRROIIHRRICIIHIIHICRHHRHOHHOO/HRICOROOOCCOCOROCRHHCRRIRCOICO/HORHROIOIOICIRHIOCOICHHHIHCIIO_	com/moonsworth/lunar/legacy/HHRROIIHRRICIIHIIHICRHHRHOHHOO/HHRROIIHRRICIIHIIHICRHHRHOHHOO/HRICOROOOCCOCOROCRHHCRRIRCOICO/ClientBrandRetrieverMixin
com/moonsworth/lunar/legacy/HHRROIIHRRICIIHIIHICRHHRHOHHOO/HHRROIIHRRICIIHIIHICRHHRHOHHOO/HRICOROOOCCOCOROCRHHCRRIRCOICO/HRICOROOOCCOCOROCRHHCRRIRCOICO/CCROIHHHCOCHHOHORCIRHOCRROIOCI	com/moonsworth/lunar/legacy/HHRROIIHRRICIIHIIHICRHHRHOHHOO/HHRROIIHRRICIIHIIHICRHHRHOHHOO/HRICOROOOCCOCOROCRHHCRRIRCOICO/HRICOROOOCCOCOROCRHHCRRIRCOICO/KeyEntryMixin
com/moonsworth/lunar/legacy/HHRROIIHRRICIIHIIHICRHHRHOHHOO/HHRROIIHRRICIIHIIHICRHHRHOHHOO/HRICOROOOCCOCOROCRHHCRRIRCOICO/HRICOROOOCCOCOROCRHHCRRIRCOICO/HHRROIIHRRICIIHIIHICRHHRHOHHOO/HORHROIOIOICIRHIOCOICHHHIHCIIO	com/moonsworth/lunar/legacy/HHRROIIHRRICIIHIIHICRHHRHOHHOO/HHRROIIHRRICIIHIIHICRHHRHOHHOO/HRICOROOOCCOCOROCRHHCRRIRCOICO/HRICOROOOCCOCOROCRHHCRRIRCOICO/HHRROIIHRRICIIHIIHICRHHRHOHHOO/TutorialToastMixin
com/moonsworth/lunar/legacy/HHRROIIHRRICIIHIIHICRHHRHOHHOO/HHRROIIHRRICIIHIIHICRHHRHOHHOO/HRICOROOOCCOCOROCRHHCRRIRCOICO/HRICOROOOCCOCOROCRHHCRRIRCOICO/HHRROIIHRRICIIHIIHICRHHRHOHHOO_	com/moonsworth/lunar/legacy/HHRROIIHRRICIIHIIHICRHHRHOHHOO/HHRROIIHRRICIIHIIHICRHHRHOHHOO/HRICOROOOCCOCOROCRHHCRRIRCOICO/HRICOROOOCCOCOROCRHHCRRIRCOICO/GuiErrorScreenMixin
com/moonsworth/lunar/legacy/HHRROIIHRRICIIHIIHICRHHRHOHHOO/HHRROIIHRRICIIHIIHICRHHRHOHHOO/HRICOROOOCCOCOROCRHHCRRIRCOICO/HRICOROOOCCOCOROCRHHCRRIRCOICO/HICCRORORCRIHCORCCIORIOROORIHR	com/moonsworth/lunar/legacy/HHRROIIHRRICIIHIIHICRHHRHOHHOO/HHRROIIHRRICIIHIIHICRHHRHOHHOO/HRICOROOOCCOCOROCRHHCRRIRCOICO/HRICOROOOCCOCOROCRHHCRRIRCOICO/ServerSelectionListMixin
com/moonsworth/lunar/legacy/HHRROIIHRRICIIHIIHICRHHRHOHHOO/HHRROIIHRRICIIHIIHICRHHRHOHHOO/HRICOROOOCCOCOROCRHHCRRIRCOICO/HRICOROOOCCOCOROCRHHCRRIRCOICO/HIOROOCORHICHIRIHIRCCORCIIICCH	com/moonsworth/lunar/legacy/HHRROIIHRRICIIHIIHICRHHRHOHHOO/HHRROIIHRRICIIHIIHICRHHRHOHHOO/HRICOROOOCCOCOROCRHHCRRIRCOICO/HRICOROOOCCOCOROCRHHCRRIRCOICO/GuiMixin
com/moonsworth/lunar/legacy/HHRROIIHRRICIIHIIHICRHHRHOHHOO/HHRROIIHRRICIIHIIHICRHHRHOHHOO/HRICOROOOCCOCOROCRHHCRRIRCOICO/HRICOROOOCCOCOROCRHHCRRIRCOICO/HORHROIOIOICIRHIOCOICHHHIHCIIO/HHRROIIHRRICIIHIIHICRHHRHOHHOO	com/moonsworth/lunar/legacy/HHRROIIHRRICIIHIIHICRHHRHOHHOO/HHRROIIHRRICIIHIIHICRHHRHOHHOO/HRICOROOOCCOCOROCRHHCRRIRCOICO/HRICOROOOCCOCOROCRHHCRRIRCOICO/HORHROIOIOICIRHIOCOICHHHIHCIIO/GuiContainerCreativeMixin
com/moonsworth/lunar/legacy/HHRROIIHRRICIIHIIHICRHHRHOHHOO/HHRROIIHRRICIIHIIHICRHHRHOHHOO/HRICOROOOCCOCOROCRHHCRRIRCOICO/HRICOROOOCCOCOROCRHHCRRIRCOICO/HORHROIOIOICIRHIOCOICHHHIHCIIO/HORHROIOIOICIRHIOCOICHHHIHCIIO	com/moonsworth/lunar/legacy/HHRROIIHRRICIIHIIHICRHHRHOHHOO/HHRROIIHRRICIIHIIHICRHHRHOHHOO/HRICOROOOCCOCOROCRHHCRRIRCOICO/HRICOROOOCCOCOROCRHHCRRIRCOICO/HORHROIOIOICIRHIOCOICHHHIHCIIO/CreativeCraftingMixin
com/moonsworth/lunar/legacy/HHRROIIHRRICIIHIIHICRHHRHOHHOO/HHRROIIHRRICIIHIIHICRHHRHOHHOO/HRICOROOOCCOCOROCRHHCRRIRCOICO/HRICOROOOCCOCOROCRHHCRRIRCOICO/HORHROIOIOICIRHIOCOICHHHIHCIIO/HRICOROOOCCOCOROCRHHCRRIRCOICO	com/moonsworth/lunar/legacy/HHRROIIHRRICIIHIIHICRHHRHOHHOO/HHRROIIHRRICIIHIIHICRHHRHOHHOO/HRICOROOOCCOCOROCRHHCRRIRCOICO/HRICOROOOCCOCOROCRHHCRRIRCOICO/HORHROIOIOICIRHIOCOICHHHIHCIIO/GuiContainerMixin
com/moonsworth/lunar/legacy/HHRROIIHRRICIIHIIHICRHHRHOHHOO/HHRROIIHRRICIIHIIHICRHHRHOHHOO/HRICOROOOCCOCOROCRHHCRRIRCOICO/HRICOROOOCCOCOROCRHHCRRIRCOICO/HORHROIOIOICIRHIOCOICHHHIHCIIO_	com/moonsworth/lunar/legacy/HHRROIIHRRICIIHIIHICRHHRHOHHOO/HHRROIIHRRICIIHIIHICRHHRHOHHOO/HRICOROOOCCOCOROCRHHCRRIRCOICO/HRICOROOOCCOCOROCRHHCRRIRCOICO/FontRendererMixin
com/moonsworth/lunar/legacy/HHRROIIHRRICIIHIIHICRHHRHOHHOO/HHRROIIHRRICIIHIIHICRHHRHOHHOO/HRICOROOOCCOCOROCRHHCRRIRCOICO/HRICOROOOCCOCOROCRHHCRRIRCOICO/HRICOROOOCCOCOROCRHHCRRIRCOICO	com/moonsworth/lunar/legacy/HHRROIIHRRICIIHIIHICRHHRHOHHOO/HHRROIIHRRICIIHIIHICRHHRHOHHOO/HRICOROOOCCOCOROCRHHCRRIRCOICO/HRICOROOOCCOCOROCRHHCRRIRCOICO/GuiButtonMixin
com/moonsworth/lunar/legacy/HHRROIIHRRICIIHIIHICRHHRHOHHOO/HHRROIIHRRICIIHIIHICRHHRHOHHOO/HRICOROOOCCOCOROCRHHCRRIRCOICO/HRICOROOOCCOCOROCRHHCRRIRCOICO/HROHOIOCHIRIHICOORIHOHCIOIRIIH	com/moonsworth/lunar/legacy/HHRROIIHRRICIIHIIHICRHHRHOHHOO/HHRROIIHRRICIIHIIHICRHHRHOHHOO/HRICOROOOCCOCOROCRHHCRRIRCOICO/HRICOROOOCCOCOROCRHHCRRIRCOICO/GuiKeyBindingListMixin
com/moonsworth/lunar/legacy/HHRROIIHRRICIIHIIHICRHHRHOHHOO/HHRROIIHRRICIIHIIHICRHHRHOHHOO/HRICOROOOCCOCOROCRHHCRRIRCOICO/HRICOROOOCCOCOROCRHHCRRIRCOICO/HRORICORIHHHRICRIRCIIOHCRIRRHI	com/moonsworth/lunar/legacy/HHRROIIHRRICIIHIIHICRHHRHOHHOO/HHRROIIHRRICIIHIIHICRHHRHOHHOO/HRICOROOOCCOCOROCRHHCRRIRCOICO/HRICOROOOCCOCOROCRHHCRRIRCOICO/ServerListEntryNormalMixin
com/moonsworth/lunar/legacy/HHRROIIHRRICIIHIIHICRHHRHOHHOO/HHRROIIHRRICIIHIIHICRHHRHOHHOO/HRICOROOOCCOCOROCRHHCRRIRCOICO/HRICOROOOCCOCOROCRHHCRRIRCOICO/ICRHORIIHOHROHOHOCOOHOOCOORRHO	com/moonsworth/lunar/legacy/HHRROIIHRRICIIHIIHICRHHRHOHHOO/HHRROIIHRRICIIHIIHICRHHRHOHHOO/HRICOROOOCCOCOROCRHHCRRIRCOICO/HRICOROOOCCOCOROCRHHCRRIRCOICO/GuiChatMixin
com/moonsworth/lunar/legacy/HHRROIIHRRICIIHIIHICRHHRHOHHOO/HHRROIIHRRICIIHIIHICRHHRHOHHOO/HRICOROOOCCOCOROCRHHCRRIRCOICO/HRICOROOOCCOCOROCRHHCRRIRCOICO/IHRHHRIHICHOOICIRIOOHOICHIRHOI	com/moonsworth/lunar/legacy/HHRROIIHRRICIIHIIHICRHHRHOHHOO/HHRROIIHRRICIIHIIHICRHHRHOHHOO/HRICOROOOCCOCOROCRHHCRRIRCOICO/HRICOROOOCCOCOROCRHHCRRIRCOICO/GuiNewChatMixin
com/moonsworth/lunar/legacy/HHRROIIHRRICIIHIIHICRHHRHOHHOO/HHRROIIHRRICIIHIIHICRHHRHOHHOO/HRICOROOOCCOCOROCRHHCRRIRCOICO/HRICOROOOCCOCOROCRHHCRRIRCOICO/IIORCIOOIHRRRICOHIRCIHOOCCOHRO	com/moonsworth/lunar/legacy/HHRROIIHRRICIIHIIHICRHHRHOHHOO/HHRROIIHRRICIIHIIHICRHHRHOHHOO/HRICOROOOCCOCOROCRHHCRRIRCOICO/HRICOROOOCCOCOROCRHHCRRIRCOICO/GuiOverlayDebugMixin
com/moonsworth/lunar/legacy/HHRROIIHRRICIIHIIHICRHHRHOHHOO/HHRROIIHRRICIIHIIHICRHHRHOHHOO/HRICOROOOCCOCOROCRHHCRRIRCOICO/HRICOROOOCCOCOROCRHHCRRIRCOICO/IRCHCHOHRRIOORHRCHRIHIOHRCIHRH	com/moonsworth/lunar/legacy/HHRROIIHRRICIIHIIHICRHHRHOHHOO/HHRROIIHRRICIIHIIHICRHHRHOHHOO/HRICOROOOCCOCOROCRHHCRRIRCOICO/HRICOROOOCCOCOROCRHHCRRIRCOICO/GuiScreenMixin
com/moonsworth/lunar/legacy/HHRROIIHRRICIIHIIHICRHHRHOHHOO/HHRROIIHRRICIIHIIHICRHHRHOHHOO/HRICOROOOCCOCOROCRHHCRRIRCOICO/HRICOROOOCCOCOROCRHHCRRIRCOICO/OHOOORICRHIIIIRHCICICOCHROICRC	com/moonsworth/lunar/legacy/HHRROIIHRRICIIHIIHICRHHRHOHHOO/HHRROIIHRRICIIHIIHICRHHRHOHHOO/HRICOROOOCCOCOROCRHHCRRIRCOICO/HRICOROOOCCOCOROCRHHCRRIRCOICO/ListMixin
com/moonsworth/lunar/legacy/HHRROIIHRRICIIHIIHICRHHRHOHHOO/HHRROIIHRRICIIHIIHICRHHRHOHHOO/HRICOROOOCCOCOROCRHHCRRIRCOICO/HRICOROOOCCOCOROCRHHCRRIRCOICO/OHROCHICOIOICHOCRROORRCIIICIHO	com/moonsworth/lunar/legacy/HHRROIIHRRICIIHIIHICRHHRHOHHOO/HHRROIIHRRICIIHIIHICRHHRHOHHOO/HRICOROOOCCOCOROCRHHCRRIRCOICO/HRICOROOOCCOCOROCRHHCRRIRCOICO/GuiEditSignMixin
com/moonsworth/lunar/legacy/HHRROIIHRRICIIHIIHICRHHRHOHHOO/HHRROIIHRRICIIHIIHICRHHRHOHHOO/HRICOROOOCCOCOROCRHHCRRIRCOICO/HRICOROOOCCOCOROCRHHCRRIRCOICO/OIRIOIIIRICICCHORICRRIRROHCRIC	com/moonsworth/lunar/legacy/HHRROIIHRRICIIHIIHICRHHRHOHHOO/HHRROIIHRRICIIHIIHICRHHRHOHHOO/HRICOROOOCCOCOROCRHHCRRIRCOICO/HRICOROOOCCOCOROCRHHCRRIRCOICO/GuiMainMenuMixin
com/moonsworth/lunar/legacy/HHRROIIHRRICIIHIIHICRHHRHOHHOO/HHRROIIHRRICIIHIIHICRHHRHOHHOO/HRICOROOOCCOCOROCRHHCRRIRCOICO/HRICOROOOCCOCOROCRHHCRRIRCOICO/ORCHOHHCOHCORRICRIHCHHRORHHCHH	com/moonsworth/lunar/legacy/HHRROIIHRRICIIHIIHICRHHRHOHHOO/HHRROIIHRRICIIHIIHICRHHRHOHHOO/HRICOROOOCCOCOROCRHHCRRIRCOICO/HRICOROOOCCOCOROCRHHCRRIRCOICO/GuiIngameMixin2
com/moonsworth/lunar/legacy/HHRROIIHRRICIIHIIHICRHHRHOHHOO/HHRROIIHRRICIIHIIHICRHHRHOHHOO/HRICOROOOCCOCOROCRHHCRRIRCOICO/HRICOROOOCCOCOROCRHHCRRIRCOICO/ORICHRORRORHORHOIHCRHOORCRRHOI	com/moonsworth/lunar/legacy/HHRROIIHRRICIIHIIHICRHHRHOHHOO/HHRROIIHRRICIIHIIHICRHHRHOHHOO/HRICOROOOCCOCOROCRHHCRRIRCOICO/HRICOROOOCCOCOROCRHHCRRIRCOICO/GuiIngameMixin
com/moonsworth/lunar/legacy/HHRROIIHRRICIIHIIHICRHHRHOHHOO/HHRROIIHRRICIIHIIHICRHHRHOHHOO/HRICOROOOCCOCOROCRHHCRRIRCOICO/HRICOROOOCCOCOROCRHHCRRIRCOICO/RCIOICOHRIOIIRRRROCRHCIICRROHO	com/moonsworth/lunar/legacy/HHRROIIHRRICIIHIIHICRHHRHOHHOO/HHRROIIHRRICIIHIIHICRHHRHOHHOO/HRICOROOOCCOCOROCRHHCRRIRCOICO/HRICOROOOCCOCOROCRHHCRRIRCOICO/GuiConfirmOpenLinkMixin
com/moonsworth/lunar/legacy/HHRROIIHRRICIIHIIHICRHHRHOHHOO/HHRROIIHRRICIIHIIHICRHHRHOHHOO/HRICOROOOCCOCOROCRHHCRRIRCOICO/HRICOROOOCCOCOROCRHHCRRIRCOICO/RHIRRICCRHHHIIHHIHHOHRCHIOORCC	com/moonsworth/lunar/legacy/HHRROIIHRRICIIHIIHICRHHRHOHHOO/HHRROIIHRRICIIHIIHICRHHRHOHHOO/HRICOROOOCCOCOROCRHHCRRIRCOICO/HRICOROOOCCOCOROCRHHCRRIRCOICO/GuiMultiplayerMixin
com/moonsworth/lunar/legacy/HHRROIIHRRICIIHIIHICRHHRHOHHOO/HHRROIIHRRICIIHIIHICRHHRHOHHOO/HRICOROOOCCOCOROCRHHCRRIRCOICO/HRICOROOOCCOCOROCRHHCRRIRCOICO/RIIICIRHRCIHOOOORHOICRIICCCRHR	com/moonsworth/lunar/legacy/HHRROIIHRRICIIHIIHICRHHRHOHHOO/HHRROIIHRRICIIHIIHICRHHRHOHHOO/HRICOROOOCCOCOROCRHHCRRIRCOICO/HRICOROOOCCOCOROCRHHCRRIRCOICO/GuiPlayerTabOverlayMixin
com/moonsworth/lunar/legacy/HHRROIIHRRICIIHIIHICRHHRHOHHOO/HHRROIIHRRICIIHIIHICRHHRHOHHOO/HRICOROOOCCOCOROCRHHCRRIRCOICO/HRICOROOOCCOCOROCRHHCRRIRCOICO/RIIIOHCCHRRRORICCHIIHHOORIIOIR	com/moonsworth/lunar/legacy/HHRROIIHRRICIIHIIHICRHHRHOHHOO/HHRROIIHRRICIIHIIHICRHHRHOHHOO/HRICOROOOCCOCOROCRHHCRRIRCOICO/HRICOROOOCCOCOROCRHHCRRIRCOICO/GuiYesNoMixin
com/moonsworth/lunar/legacy/HHRROIIHRRICIIHIIHICRHHRHOHHOO/HHRROIIHRRICIIHIIHICRHHRHOHHOO/HRICOROOOCCOCOROCRHHCRRIRCOICO/HRICOROOOCCOCOROCRHHCRRIRCOICO_	com/moonsworth/lunar/legacy/HHRROIIHRRICIIHIIHICRHHRHOHHOO/HHRROIIHRRICIIHIIHICRHHRHOHHOO/HRICOROOOCCOCOROCRHHCRRIRCOICO/EntityFootStepFXMixin
com/moonsworth/lunar/legacy/HHRROIIHRRICIIHIIHICRHHRHOHHOO/HHRROIIHRRICIIHIIHICRHHRHOHHOO/HRICOROOOCCOCOROCRHHCRRIRCOICO/HROHOIOCHIRIHICOORIHOHCIOIRIIH/HHRROIIHRRICIIHIIHICRHHRHOHHOO	com/moonsworth/lunar/legacy/HHRROIIHRRICIIHIIHICRHHRHOHHOO/HHRROIIHRRICIIHIIHICRHHRHOHHOO/HRICOROOOCCOCOROCRHHCRRIRCOICO/HROHOIOCHIRIHICOORIHOHCIOIRIIH/KeyBinding_v1_7Mixin
com/moonsworth/lunar/legacy/HHRROIIHRRICIIHIIHICRHHRHOHHOO/HHRROIIHRRICIIHIIHICRHHRHOHHOO/HRICOROOOCCOCOROCRHHCRRIRCOICO/HROHOIOCHIRIHICOORIHOHCIOIRIIH/HORHROIOIOICIRHIOCOICHHHIHCIIO	com/moonsworth/lunar/legacy/HHRROIIHRRICIIHIIHICRHHRHOHHOO/HHRROIIHRRICIIHIIHICRHHRHOHHOO/HRICOROOOCCOCOROCRHHCRRIRCOICO/HROHOIOCHIRIHICOORIHOHCIOIRIIH/GameSettingsMixin
com/moonsworth/lunar/legacy/HHRROIIHRRICIIHIIHICRHHRHOHHOO/HHRROIIHRRICIIHIIHICRHHRHOHHOO/HRICOROOOCCOCOROCRHHCRRIRCOICO/HROHOIOCHIRIHICOORIHOHCIOIRIIH/HRICOROOOCCOCOROCRHHCRRIRCOICO	com/moonsworth/lunar/legacy/HHRROIIHRRICIIHIIHICRHHRHOHHOO/HHRROIIHRRICIIHIIHICRHHRHOHHOO/HRICOROOOCCOCOROCRHHCRRIRCOICO/HROHOIOCHIRIHICOORIHOHCIOIRIIH/KeyBindingMixin
com/moonsworth/lunar/legacy/HHRROIIHRRICIIHIIHICRHHRHOHHOO/HHRROIIHRRICIIHIIHICRHHRHOHHOO/HRICOROOOCCOCOROCRHHCRRIRCOICO/ICRHORIIHOHROHOHOCOOHOOCOORRHO/HHRROIIHRRICIIHIIHICRHHRHOHHOO	com/moonsworth/lunar/legacy/HHRROIIHRRICIIHIIHICRHHRHOHHOO/HHRROIIHRRICIIHIIHICRHHRHOHHOO/HRICOROOOCCOCOROCRHHCRRIRCOICO/ICRHORIIHOHROHOHOCOOHOOCOORRHO/ModelLlamaMixin
com/moonsworth/lunar/legacy/HHRROIIHRRICIIHIIHICRHHRHOHHOO/HHRROIIHRRICIIHIIHICRHHRHOHHOO/HRICOROOOCCOCOROCRHHCRRIRCOICO/ICRHORIIHOHROHOHOCOOHOOCOORRHO/HORHROIOIOICIRHIOCOICHHHIHCIIO	com/moonsworth/lunar/legacy/HHRROIIHRRICIIHIIHICRHHRHOHHOO/HHRROIIHRRICIIHIIHICRHHRHOHHOO/HRICOROOOCCOCOROCRHHCRRIRCOICO/ICRHORIIHOHROHOHOCOOHOOCOORRHO/ModelHorseMixin
com/moonsworth/lunar/legacy/HHRROIIHRRICIIHIIHICRHHRHOHHOO/HHRROIIHRRICIIHIIHICRHHRHOHHOO/HRICOROOOCCOCOROCRHHCRRIRCOICO/OHROCHICOIOICHOCRROORRCIIICIHO/HORHROIOIOICIRHIOCOICHHHIHCIIO	com/moonsworth/lunar/legacy/HHRROIIHRRICIIHIIHICRHHRHOHHOO/HHRROIIHRRICIIHIIHICRHHRHOHHOO/HRICOROOOCCOCOROCRHHCRRIRCOICO/OHROCHICOIOICHOCRROORRCIIICIHO/EffectRendererMixin
com/moonsworth/lunar/legacy/HHRROIIHRRICIIHIIHICRHHRHOHHOO/HHRROIIHRRICIIHIIHICRHHRHOHHOO/HRICOROOOCCOCOROCRHHCRRIRCOICO/ORCHOHHCOHCORRICRIHCHHRORHHCHH/HHRROIIHRRICIIHIIHICRHHRHOHHOO/CCROIHHHCOCHHOHORCIRHOCRROIOCI	com/moonsworth/lunar/legacy/HHRROIIHRRICIIHIIHICRHHRHOHHOO/HHRROIIHRRICIIHIIHICRHHRHOHHOO/HRICOROOOCCOCOROCRHHCRRIRCOICO/ORCHOHHCOHCORRICRIHCHHRORHHCHH/HHRROIIHRRICIIHIIHICRHHRHOHHOO/RenderPlayer_v1_7Mixin
com/moonsworth/lunar/legacy/HHRROIIHRRICIIHIIHICRHHRHOHHOO/HHRROIIHRRICIIHIIHICRHHRHOHHOO/HRICOROOOCCOCOROCRHHCRRIRCOICO/ORCHOHHCOHCORRICRIHCHHRORHHCHH/HHRROIIHRRICIIHIIHICRHHRHOHHOO/HHRROIIHRRICIIHIIHICRHHRHOHHOO	com/moonsworth/lunar/legacy/HHRROIIHRRICIIHIIHICRHHRHOHHOO/HHRROIIHRRICIIHIIHICRHHRHOHHOO/HRICOROOOCCOCOROCRHHCRRIRCOICO/ORCHOHHCOHCORRICRIHCHHRORHHCHH/HHRROIIHRRICIIHIIHICRHHRHOHHOO/RenderEntityItemMixin
com/moonsworth/lunar/legacy/HHRROIIHRRICIIHIIHICRHHRHOHHOO/HHRROIIHRRICIIHIIHICRHHRHOHHOO/HRICOROOOCCOCOROCRHHCRRIRCOICO/ORCHOHHCOHCORRICRIHCHHRORHHCHH/HHRROIIHRRICIIHIIHICRHHRHOHHOO/HIOROOCORHICHIRIHIRCCORCIIICCH	com/moonsworth/lunar/legacy/HHRROIIHRRICIIHIIHICRHHRHOHHOO/HHRROIIHRRICIIHIIHICRHHRHOHHOO/HRICOROOOCCOCOROCRHHCRRIRCOICO/ORCHOHHCOHCORRICRIHCHHRORHHCHH/HHRROIIHRRICIIHIIHICRHHRHOHHOO/RenderXPOrb_v1_7Mixin
com/moonsworth/lunar/legacy/HHRROIIHRRICIIHIIHICRHHRHOHHOO/HHRROIIHRRICIIHIIHICRHHRHOHHOO/HRICOROOOCCOCOROCRHHCRRIRCOICO/ORCHOHHCOHCORRICRIHCHHRORHHCHH/HHRROIIHRRICIIHIIHICRHHRHOHHOO/HORHROIOIOICIRHIOCOICHHHIHCIIO/HHRROIIHRRICIIHIIHICRHHRHOHHOO	com/moonsworth/lunar/legacy/HHRROIIHRRICIIHIIHICRHHRHOHHOO/HHRROIIHRRICIIHIIHICRHHRHOHHOO/HRICOROOOCCOCOROCRHHCRRIRCOICO/ORCHOHHCOHCORRICRIHCHHRORHHCHH/HHRROIIHRRICIIHIIHICRHHRHOHHOO/HORHROIOIOICIRHIOCOICHHHIHCIIO/LayerElytraMixin
com/moonsworth/lunar/legacy/HHRROIIHRRICIIHIIHICRHHRHOHHOO/HHRROIIHRRICIIHIIHICRHHRHOHHOO/HRICOROOOCCOCOROCRHHCRRIRCOICO/ORCHOHHCOHCORRICRIHCHHRORHHCHH/HHRROIIHRRICIIHIIHICRHHRHOHHOO/HORHROIOIOICIRHIOCOICHHHIHCIIO/HORHROIOIOICIRHIOCOICHHHIHCIIO	com/moonsworth/lunar/legacy/HHRROIIHRRICIIHIIHICRHHRHOHHOO/HHRROIIHRRICIIHIIHICRHHRHOHHOO/HRICOROOOCCOCOROCRHHCRRIRCOICO/ORCHOHHCOHCORRICRIHCHHRORHHCHH/HHRROIIHRRICIIHIIHICRHHRHOHHOO/HORHROIOIOICIRHIOCOICHHHIHCIIO/LayerArmorBaseMixin
com/moonsworth/lunar/legacy/HHRROIIHRRICIIHIIHICRHHRHOHHOO/HHRROIIHRRICIIHIIHICRHHRHOHHOO/HRICOROOOCCOCOROCRHHCRRIRCOICO/ORCHOHHCOHCORRICRIHCHHRORHHCHH/HHRROIIHRRICIIHIIHICRHHRHOHHOO/HORHROIOIOICIRHIOCOICHHHIHCIIO/HRICOROOOCCOCOROCRHHCRRIRCOICO	com/moonsworth/lunar/legacy/HHRROIIHRRICIIHIIHICRHHRHOHHOO/HHRROIIHRRICIIHIIHICRHHRHOHHOO/HRICOROOOCCOCOROCRHHCRRIRCOICO/ORCHOHHCOHCORRICRIHCHHRORHHCHH/HHRROIIHRRICIIHIIHICRHHRHOHHOO/HORHROIOIOICIRHIOCOICHHHIHCIIO/LayerHeldItemMixin
com/moonsworth/lunar/legacy/HHRROIIHRRICIIHIIHICRHHRHOHHOO/HHRROIIHRRICIIHIIHICRHHRHOHHOO/HRICOROOOCCOCOROCRHHCRRIRCOICO/ORCHOHHCOHCORRICRIHCHHRORHHCHH/HHRROIIHRRICIIHIIHICRHHRHOHHOO/HORHROIOIOICIRHIOCOICHHHIHCIIO_	com/moonsworth/lunar/legacy/HHRROIIHRRICIIHIIHICRHHRHOHHOO/HHRROIIHRRICIIHIIHICRHHRHOHHOO/HRICOROOOCCOCOROCRHHCRRIRCOICO/ORCHOHHCOHCORRICRIHCHHRORHHCHH/HHRROIIHRRICIIHIIHICRHHRHOHHOO/ItemRendererMixin
com/moonsworth/lunar/legacy/HHRROIIHRRICIIHIIHICRHHRHOHHOO/HHRROIIHRRICIIHIIHICRHHRHOHHOO/HRICOROOOCCOCOROCRHHCRRIRCOICO/ORCHOHHCOHCORRICRIHCHHRORHHCHH/HHRROIIHRRICIIHIIHICRHHRHOHHOO/HRICOROOOCCOCOROCRHHCRRIRCOICO	com/moonsworth/lunar/legacy/HHRROIIHRRICIIHIIHICRHHRHOHHOO/HHRROIIHRRICIIHIIHICRHHRHOHHOO/HRICOROOOCCOCOROCRHHCRRIRCOICO/ORCHOHHCOHCORRICRIHCHHRORHHCHH/HHRROIIHRRICIIHIIHICRHHRHOHHOO/RenderEntityItemMixin2
com/moonsworth/lunar/legacy/HHRROIIHRRICIIHIIHICRHHRHOHHOO/HHRROIIHRRICIIHIIHICRHHRHOHHOO/HRICOROOOCCOCOROCRHHCRRIRCOICO/ORCHOHHCOHCORRICRIHCHHRORHHCHH/HHRROIIHRRICIIHIIHICRHHRHOHHOO/HROHOIOCHIRIHICOORIHOHCIOIRIIH	com/moonsworth/lunar/legacy/HHRROIIHRRICIIHIIHICRHHRHOHHOO/HHRROIIHRRICIIHIIHICRHHRHOHHOO/HRICOROOOCCOCOROCRHHCRRIRCOICO/ORCHOHHCOHCORRICRIHCHHRORHHCHH/HHRROIIHRRICIIHIIHICRHHRHOHHOO/RenderMixin
com/moonsworth/lunar/legacy/HHRROIIHRRICIIHIIHICRHHRHOHHOO/HHRROIIHRRICIIHIIHICRHHRHOHHOO/HRICOROOOCCOCOROCRHHCRRIRCOICO/ORCHOHHCOHCORRICRIHCHHRORHHCHH/HHRROIIHRRICIIHIIHICRHHRHOHHOO/ICRHORIIHOHROHOHOCOOHOOCOORRHO	com/moonsworth/lunar/legacy/HHRROIIHRRICIIHIIHICRHHRHOHHOO/HHRROIIHRRICIIHIIHICRHHRHOHHOO/HRICOROOOCCOCOROCRHHCRRIRCOICO/ORCHOHHCOHCORRICRIHCHHRORHHCHH/HHRROIIHRRICIIHIIHICRHHRHOHHOO/RenderFish_v1_7Mixin
com/moonsworth/lunar/legacy/HHRROIIHRRICIIHIIHICRHHRHOHHOO/HHRROIIHRRICIIHIIHICRHHRHOHHOO/HRICOROOOCCOCOROCRHHCRRIRCOICO/ORCHOHHCOHCORRICRIHCHHRORHHCHH/HHRROIIHRRICIIHIIHICRHHRHOHHOO/IHRHHRIHICHOOICIRIOOHOICHIRHOI	com/moonsworth/lunar/legacy/HHRROIIHRRICIIHIIHICRHHRHOHHOO/HHRROIIHRRICIIHIIHICRHHRHOHHOO/HRICOROOOCCOCOROCRHHCRRIRCOICO/ORCHOHHCOHCORRICRIHCHHRORHHCHH/HHRROIIHRRICIIHIIHICRHHRHOHHOO/TileEntitySkullRenderer_v1_7Mixin
com/moonsworth/lunar/legacy/HHRROIIHRRICIIHIIHICRHHRHOHHOO/HHRROIIHRRICIIHIIHICRHHRHOHHOO/HRICOROOOCCOCOROCRHHCRRIRCOICO/ORCHOHHCOHCORRICRIHCHHRORHHCHH/HHRROIIHRRICIIHIIHICRHHRHOHHOO/IIORCIOOIHRRRICOHIRCIHOOCCOHRO	com/moonsworth/lunar/legacy/HHRROIIHRRICIIHIIHICRHHRHOHHOO/HHRROIIHRRICIIHIIHICRHHRHOHHOO/HRICOROOOCCOCOROCRHHCRRIRCOICO/ORCHOHHCOHCORRICRIHCHHRORHHCHH/HHRROIIHRRICIIHIIHICRHHRHOHHOO/TileEntitySkullRendererMixin
com/moonsworth/lunar/legacy/HHRROIIHRRICIIHIIHICRHHRHOHHOO/HHRROIIHRRICIIHIIHICRHHRHOHHOO/HRICOROOOCCOCOROCRHHCRRIRCOICO/ORCHOHHCOHCORRICRIHCHHRORHHCHH/HHRROIIHRRICIIHIIHICRHHRHOHHOO/OHOOORICRHIIIIRHCICICOCHROICRC	com/moonsworth/lunar/legacy/HHRROIIHRRICIIHIIHICRHHRHOHHOO/HHRROIIHRRICIIHIIHICRHHRHOHHOO/HRICOROOOCCOCOROCRHHCRRIRCOICO/ORCHOHHCOHCORRICRIHCHHRORHHCHH/HHRROIIHRRICIIHIIHICRHHRHOHHOO/RenderPlayerMixin
com/moonsworth/lunar/legacy/HHRROIIHRRICIIHIIHICRHHRHOHHOO/HHRROIIHRRICIIHIIHICRHHRHOHHOO/HRICOROOOCCOCOROCRHHCRRIRCOICO/ORCHOHHCOHCORRICRIHCHHRORHHCHH/HHRROIIHRRICIIHIIHICRHHRHOHHOO/OHROCHICOIOICHOCRROORRCIIICIHO	com/moonsworth/lunar/legacy/HHRROIIHRRICIIHIIHICRHHRHOHHOO/HHRROIIHRRICIIHIIHICRHHRHOHHOO/HRICOROOOCCOCOROCRHHCRRIRCOICO/ORCHOHHCOHCORRICRIHCHHRORHHCHH/HHRROIIHRRICIIHIIHICRHHRHOHHOO/RendererLivingEntityMixin
com/moonsworth/lunar/legacy/HHRROIIHRRICIIHIIHICRHHRHOHHOO/HHRROIIHRRICIIHIIHICRHHRHOHHOO/HRICOROOOCCOCOROCRHHCRRIRCOICO/ORCHOHHCOHCORRICRIHCHHRORHHCHH/HHRROIIHRRICIIHIIHICRHHRHOHHOO/OIRIOIIIRICICCHORICRRIRROHCRIC	com/moonsworth/lunar/legacy/HHRROIIHRRICIIHIIHICRHHRHOHHOO/HHRROIIHRRICIIHIIHICRHHRHOHHOO/HRICOROOOCCOCOROCRHHCRRIRCOICO/ORCHOHHCOHCORRICRIHCHHRORHHCHH/HHRROIIHRRICIIHIIHICRHHRHOHHOO/RenderSheep_v1_7Mixin
com/moonsworth/lunar/legacy/HHRROIIHRRICIIHIIHICRHHRHOHHOO/HHRROIIHRRICIIHIIHICRHHRHOHHOO/HRICOROOOCCOCOROCRHHCRRIRCOICO/ORCHOHHCOHCORRICRIHCHHRORHHCHH/HHRROIIHRRICIIHIIHICRHHRHOHHOO/ORCHOHHCOHCORRICRIHCHHRORHHCHH	com/moonsworth/lunar/legacy/HHRROIIHRRICIIHIIHICRHHRHOHHOO/HHRROIIHRRICIIHIIHICRHHRHOHHOO/HRICOROOOCCOCOROCRHHCRRIRCOICO/ORCHOHHCOHCORRICRIHCHHRORHHCHH/HHRROIIHRRICIIHIIHICRHHRHOHHOO/RenderManagerMixin
com/moonsworth/lunar/legacy/HHRROIIHRRICIIHIIHICRHHRHOHHOO/HHRROIIHRRICIIHIIHICRHHRHOHHOO/HRICOROOOCCOCOROCRHHCRRIRCOICO/ORCHOHHCOHCORRICRIHCHHRORHHCHH/HHRROIIHRRICIIHIIHICRHHRHOHHOO/ORICHRORRORHORHOIHCRHOORCRRHOI	com/moonsworth/lunar/legacy/HHRROIIHRRICIIHIIHICRHHRHOHHOO/HHRROIIHRRICIIHIIHICRHHRHOHHOO/HRICOROOOCCOCOROCRHHCRRIRCOICO/ORCHOHHCOHCORRICRIHCHHRORHHCHH/HHRROIIHRRICIIHIIHICRHHRHOHHOO/Render_v1_7Mixin
com/moonsworth/lunar/legacy/HHRROIIHRRICIIHIIHICRHHRHOHHOO/HHRROIIHRRICIIHIIHICRHHRHOHHOO/HRICOROOOCCOCOROCRHHCRRIRCOICO/ORCHOHHCOHCORRICRIHCHHRORHHCHH/HHRROIIHRRICIIHIIHICRHHRHOHHOO/RCIOICOHRIOIIRRRROCRHCIICRROHO	com/moonsworth/lunar/legacy/HHRROIIHRRICIIHIIHICRHHRHOHHOO/HHRROIIHRRICIIHIIHICRHHRHOHHOO/HRICOROOOCCOCOROCRHHCRRIRCOICO/ORCHOHHCOHCORRICRIHCHHRORHHCHH/HHRROIIHRRICIIHIIHICRHHRHOHHOO/RenderItemMixin
com/moonsworth/lunar/legacy/HHRROIIHRRICIIHIIHICRHHRHOHHOO/HHRROIIHRRICIIHIIHICRHHRHOHHOO/HRICOROOOCCOCOROCRHHCRRIRCOICO/ORCHOHHCOHCORRICRIHCHHRORHHCHH/HHRROIIHRRICIIHIIHICRHHRHOHHOO/RHIRRICCRHHHIIHHIHHOHRCHIOORCC	com/moonsworth/lunar/legacy/HHRROIIHRRICIIHIIHICRHHRHOHHOO/HHRROIIHRRICIIHIIHICRHHRHOHHOO/HRICOROOOCCOCOROCRHHCRRIRCOICO/ORCHOHHCOHCORRICRIHCHHRORHHCHH/HHRROIIHRRICIIHIIHICRHHRHOHHOO/RendererLivingEntityMixin2
com/moonsworth/lunar/legacy/HHRROIIHRRICIIHIIHICRHHRHOHHOO/HHRROIIHRRICIIHIIHICRHHRHOHHOO/HRICOROOOCCOCOROCRHHCRRIRCOICO/ORCHOHHCOHCORRICRIHCHHRORHHCHH/HHRROIIHRRICIIHIIHICRHHRHOHHOO_	com/moonsworth/lunar/legacy/HHRROIIHRRICIIHIIHICRHHRHOHHOO/HHRROIIHRRICIIHIIHICRHHRHOHHOO/HRICOROOOCCOCOROCRHHCRRIRCOICO/ORCHOHHCOHCORRICRIHCHHRORHHCHH/BlockModelRendererMixin
com/moonsworth/lunar/legacy/HHRROIIHRRICIIHIIHICRHHRHOHHOO/HHRROIIHRRICIIHIIHICRHHRHOHHOO/HRICOROOOCCOCOROCRHHCRRIRCOICO/ORCHOHHCOHCORRICRIHCHHRORHHCHH/HORHROIOIOICIRHIOCOICHHHIHCIIO/HHRROIIHRRICIIHIIHICRHHRHOHHOO	com/moonsworth/lunar/legacy/HHRROIIHRRICIIHIIHICRHHRHOHHOO/HHRROIIHRRICIIHIIHICRHHRHOHHOO/HRICOROOOCCOCOROCRHHCRRIRCOICO/ORCHOHHCOHCORRICRIHCHHRORHHCHH/HORHROIOIOICIRHIOCOICHHHIHCIIO/VisGraphMixin
com/moonsworth/lunar/legacy/HHRROIIHRRICIIHIIHICRHHRHOHHOO/HHRROIIHRRICIIHIIHICRHHRHOHHOO/HRICOROOOCCOCOROCRHHCRRIRCOICO/ORCHOHHCOHCORRICRIHCHHRORHHCHH/HORHROIOIOICIRHIOCOICHHHIHCIIO/HORHROIOIOICIRHIOCOICHHHIHCIIO	com/moonsworth/lunar/legacy/HHRROIIHRRICIIHIIHICRHHRHOHHOO/HHRROIIHRRICIIHIIHICRHHRHOHHOO/HRICOROOOCCOCOROCRHHCRRIRCOICO/ORCHOHHCOHCORRICRIHCHHRORHHCHH/HORHROIOIOICIRHIOCOICHHHIHCIIO/ChunkRenderDispatcherMixin
com/moonsworth/lunar/legacy/HHRROIIHRRICIIHIIHICRHHRHOHHOO/HHRROIIHRRICIIHIIHICRHHRHOHHOO/HRICOROOOCCOCOROCRHHCRRIRCOICO/ORCHOHHCOHCORRICRIHCHHRORHHCHH/HORHROIOIOICIRHIOCOICHHHIHCIIO_	com/moonsworth/lunar/legacy/HHRROIIHRRICIIHIIHICRHHRHOHHOO/HHRROIIHRRICIIHIIHICRHHRHOHHOO/HRICOROOOCCOCOROCRHHCRRIRCOICO/ORCHOHHCOHCORRICRIHCHHRORHHCHH/ActiveRenderInfoMixin
com/moonsworth/lunar/legacy/HHRROIIHRRICIIHIIHICRHHRHOHHOO/HHRROIIHRRICIIHIIHICRHHRHOHHOO/HRICOROOOCCOCOROCRHHCRRIRCOICO/ORCHOHHCOHCORRICRIHCHHRORHHCHH/HRICOROOOCCOCOROCRHHCRRIRCOICO/HHRROIIHRRICIIHIIHICRHHRHOHHOO	com/moonsworth/lunar/legacy/HHRROIIHRRICIIHIIHICRHHRHOHHOO/HHRROIIHRRICIIHIIHICRHHRHOHHOO/HRICOROOOCCOCOROCRHHCRRIRCOICO/ORCHOHHCOHCORRICRIHCHHRORHHCHH/HRICOROOOCCOCOROCRHHCRRIRCOICO/LayerHeldItemMixin
com/moonsworth/lunar/legacy/HHRROIIHRRICIIHIIHICRHHRHOHHOO/HHRROIIHRRICIIHIIHICRHHRHOHHOO/HRICOROOOCCOCOROCRHHCRRIRCOICO/ORCHOHHCOHCORRICRIHCHHRORHHCHH/HRICOROOOCCOCOROCRHHCRRIRCOICO/HORHROIOIOICIRHIOCOICHHHIHCIIO	com/moonsworth/lunar/legacy/HHRROIIHRRICIIHIIHICRHHRHOHHOO/HHRROIIHRRICIIHIIHICRHHRHOHHOO/HRICOROOOCCOCOROCRHHCRRIRCOICO/ORCHOHHCOHCORRICRIHCHHRORHHCHH/HRICOROOOCCOCOROCRHHCRRIRCOICO/LayerArrowMixin
com/moonsworth/lunar/legacy/HHRROIIHRRICIIHIIHICRHHRHOHHOO/HHRROIIHRRICIIHIIHICRHHRHOHHOO/HRICOROOOCCOCOROCRHHCRRIRCOICO/ORCHOHHCOHCORRICRIHCHHRORHHCHH/HRICOROOOCCOCOROCRHHCRRIRCOICO_	com/moonsworth/lunar/legacy/HHRROIIHRRICIIHIIHICRHHRHOHHOO/HHRROIIHRRICIIHIIHICRHHRHOHHOO/HRICOROOOCCOCOROCRHHCRRIRCOICO/ORCHOHHCOHCORRICRIHCHHRORHHCHH/DebugRendererChunkBorderMixin
com/moonsworth/lunar/legacy/HHRROIIHRRICIIHIIHICRHHRHOHHOO/HHRROIIHRRICIIHIIHICRHHRHOHHOO/HRICOROOOCCOCOROCRHHCRRIRCOICO/ORCHOHHCOHCORRICRIHCHHRORHHCHH/HROHOIOCHIRIHICOORIHOHCIOIRIIH	com/moonsworth/lunar/legacy/HHRROIIHRRICIIHIIHICRHHRHOHHOO/HHRROIIHRRICIIHIIHICRHHRHOHHOO/HRICOROOOCCOCOROCRHHCRRIRCOICO/ORCHOHHCOHCORRICRIHCHHRORHHCHH/RenderGuardianMixin
com/moonsworth/lunar/legacy/HHRROIIHRRICIIHIIHICRHHRHOHHOO/HHRROIIHRRICIIHIIHICRHHRHOHHOO/HRICOROOOCCOCOROCRHHCRRIRCOICO/ORCHOHHCOHCORRICRIHCHHRORHHCHH/ICRHORIIHOHROHOHOCOOHOOCOORRHO/HHRROIIHRRICIIHIIHICRHHRHOHHOO	com/moonsworth/lunar/legacy/HHRROIIHRRICIIHIIHICRHHRHOHHOO/HHRROIIHRRICIIHIIHICRHHRHOHHOO/HRICOROOOCCOCOROCRHHCRRIRCOICO/ORCHOHHCOHCORRICRIHCHHRORHHCHH/ICRHORIIHOHROHOHOCOOHOOCOORRHO/ModelPlayerMixin
com/moonsworth/lunar/legacy/HHRROIIHRRICIIHIIHICRHHRHOHHOO/HHRROIIHRRICIIHIIHICRHHRHOHHOO/HRICOROOOCCOCOROCRHHCRRIRCOICO/ORCHOHHCOHCORRICRIHCHHRORHHCHH/ICRHORIIHOHROHOHOCOOHOOCOORRHO/HORHROIOIOICIRHIOCOICHHHIHCIIO	com/moonsworth/lunar/legacy/HHRROIIHRRICIIHIIHICRHHRHOHHOO/HHRROIIHRRICIIHIIHICRHHRHOHHOO/HRICOROOOCCOCOROCRHHCRRIRCOICO/ORCHOHHCOHCORRICRIHCHHRORHHCHH/ICRHORIIHOHROHOHOCOOHOOCOORRHO/ModelRendererMixin
com/moonsworth/lunar/legacy/HHRROIIHRRICIIHIIHICRHHRHOHHOO/HHRROIIHRRICIIHIIHICRHHRHOHHOO/HRICOROOOCCOCOROCRHHCRRIRCOICO/ORCHOHHCOHCORRICRIHCHHRORHHCHH/ICRHORIIHOHROHOHOCOOHOOCOORRHO_	com/moonsworth/lunar/legacy/HHRROIIHRRICIIHIIHICRHHRHOHHOO/HHRROIIHRRICIIHIIHICRHHRHOHHOO/HRICOROOOCCOCOROCRHHCRRIRCOICO/ORCHOHHCOHCORRICRIHCHHRORHHCHH/DebugRendererMixin
com/moonsworth/lunar/legacy/HHRROIIHRRICIIHIIHICRHHRHOHHOO/HHRROIIHRRICIIHIIHICRHHRHOHHOO/HRICOROOOCCOCOROCRHHCRRIRCOICO/ORCHOHHCOHCORRICRIHCHHRORHHCHH/OHROCHICOIOICHOCRROORRCIIICIHO/HHRROIIHRRICIIHIIHICRHHRHOHHOO	com/moonsworth/lunar/legacy/HHRROIIHRRICIIHIIHICRHHRHOHHOO/HHRROIIHRRICIIHIIHICRHHRHOHHOO/HRICOROOOCCOCOROCRHHCRRIRCOICO/ORCHOHHCOHCORRICRIHCHHRORHHCHH/OHROCHICOIOICHOCRROORRCIIICIHO/TileEntityMobSpawnerRendererMixin
com/moonsworth/lunar/legacy/HHRROIIHRRICIIHIIHICRHHRHOHHOO/HHRROIIHRRICIIHIIHICRHHRHOHHOO/HRICOROOOCCOCOROCRHHCRRIRCOICO/ORCHOHHCOHCORRICRIHCHHRORHHCHH/OHROCHICOIOICHOCRROORRCIIICIHO/HORHROIOIOICIRHIOCOICHHHIHCIIO	com/moonsworth/lunar/legacy/HHRROIIHRRICIIHIIHICRHHRHOHHOO/HHRROIIHRRICIIHIIHICRHHRHOHHOO/HRICOROOOCCOCOROCRHHCRRIRCOICO/ORCHOHHCOHCORRICRIHCHHRORHHCHH/OHROCHICOIOICHOCRROORRCIIICIHO/TileEntityMobSpawnerRenderer_v1_7Mixin
com/moonsworth/lunar/legacy/HHRROIIHRRICIIHIIHICRHHRHOHHOO/HHRROIIHRRICIIHIIHICRHHRHOHHOO/HRICOROOOCCOCOROCRHHCRRIRCOICO/ORCHOHHCOHCORRICRIHCHHRORHHCHH/OHROCHICOIOICHOCRROORRCIIICIHO/HRICOROOOCCOCOROCRHHCRRIRCOICO	com/moonsworth/lunar/legacy/HHRROIIHRRICIIHIIHICRHHRHOHHOO/HHRROIIHRRICIIHIIHICRHHRHOHHOO/HRICOROOOCCOCOROCRHHCRRIRCOICO/ORCHOHHCOHCORRICRIHCHHRORHHCHH/OHROCHICOIOICHOCRROORRCIIICIHO/TileEntityRendererDispatcherMixin
com/moonsworth/lunar/legacy/HHRROIIHRRICIIHIIHICRHHRHOHHOO/HHRROIIHRRICIIHIIHICRHHRHOHHOO/HRICOROOOCCOCOROCRHHCRRIRCOICO/ORCHOHHCOHCORRICRIHCHHRORHHCHH/OHROCHICOIOICHOCRROORRCIIICIHO_	com/moonsworth/lunar/legacy/HHRROIIHRRICIIHIIHICRHHRHOHHOO/HHRROIIHRRICIIHIIHICRHHRHOHHOO/HRICOROOOCCOCOROCRHHCRRIRCOICO/ORCHOHHCOHCORRICRIHCHHRORHHCHH/ImageBufferDownloadMixin
com/moonsworth/lunar/legacy/HHRROIIHRRICIIHIIHICRHHRHOHHOO/HHRROIIHRRICIIHIIHICRHHRHOHHOO/HRICOROOOCCOCOROCRHHCRRIRCOICO/ORCHOHHCOHCORRICRIHCHHRORHHCHH/ORCHOHHCOHCORRICRIHCHHRORHHCHH	com/moonsworth/lunar/legacy/HHRROIIHRRICIIHIIHICRHHRHOHHOO/HHRROIIHRRICIIHIIHICRHHRHOHHOO/HRICOROOOCCOCOROCRHHCRRIRCOICO/ORCHOHHCOHCORRICRIHCHHRORHHCHH/InventoryEffectRendererMixin
com/moonsworth/lunar/legacy/HHRROIIHRRICIIHIIHICRHHRHOHHOO/HHRROIIHRRICIIHIIHICRHHRHOHHOO/HRICOROOOCCOCOROCRHHCRRIRCOICO/ORCHOHHCOHCORRICRIHCHHRORHHCHH/ORICHRORRORHORHOIHCRHOORCRRHOI	com/moonsworth/lunar/legacy/HHRROIIHRRICIIHIIHICRHHRHOHHOO/HHRROIIHRRICIIHIIHICRHHRHOHHOO/HRICOROOOCCOCOROCRHHCRRIRCOICO/ORCHOHHCOHCORRICRIHCHHRORHHCHH/RenderGlobalMixin
com/moonsworth/lunar/legacy/HHRROIIHRRICIIHIIHICRHHRHOHHOO/HHRROIIHRRICIIHIIHICRHHRHOHHOO/HRICOROOOCCOCOROCRHHCRRIRCOICO/ORCHOHHCOHCORRICRIHCHHRORHHCHH/RCIOICOHRIOIIRRRROCRHCIICRROHO/HHRROIIHRRICIIHIIHICRHHRHOHHOO	com/moonsworth/lunar/legacy/HHRROIIHRRICIIHIIHICRHHRHOHHOO/HHRROIIHRRICIIHIIHICRHHRHOHHOO/HRICOROOOCCOCOROCRHHCRRIRCOICO/ORCHOHHCOHCORRICRIHCHHRORHHCHH/RCIOICOHRIOIIRRRROCRHCIICRROHO/SimpleTextureMixin
com/moonsworth/lunar/legacy/HHRROIIHRRICIIHIIHICRHHRHOHHOO/HHRROIIHRRICIIHIIHICRHHRHOHHOO/HRICOROOOCCOCOROCRHHCRRIRCOICO/ORCHOHHCOHCORRICRIHCHHRORHHCHH/RCIOICOHRIOIIRRRROCRHCIICRROHO/HORHROIOIOICIRHIOCOICHHHIHCIIO	com/moonsworth/lunar/legacy/HHRROIIHRRICIIHIIHICRHHRHOHHOO/HHRROIIHRRICIIHIIHICRHHRHOHHOO/HRICOROOOCCOCOROCRHHCRRIRCOICO/ORCHOHHCOHCORRICRIHCHHRORHHCHH/RCIOICOHRIOIIRRRROCRHCIICRROHO/AbstractTextureMixin
com/moonsworth/lunar/legacy/HHRROIIHRRICIIHIIHICRHHRHOHHOO/HHRROIIHRRICIIHIIHICRHHRHOHHOO/HRICOROOOCCOCOROCRHHCRRIRCOICO/ORCHOHHCOHCORRICRIHCHHRORHHCHH/RCIOICOHRIOIIRRRROCRHCIICRROHO/HRICOROOOCCOCOROCRHHCRRIRCOICO	com/moonsworth/lunar/legacy/HHRROIIHRRICIIHIIHICRHHRHOHHOO/HHRROIIHRRICIIHIIHICRHHRHOHHOO/HRICOROOOCCOCOROCRHHCRRIRCOICO/ORCHOHHCOHCORRICRIHCHHRORHHCHH/RCIOICOHRIOIIRRRROCRHCIICRROHO/TextureMapMixin
com/moonsworth/lunar/legacy/HHRROIIHRRICIIHIIHICRHHRHOHHOO/HHRROIIHRRICIIHIIHICRHHRHOHHOO/HRICOROOOCCOCOROCRHHCRRIRCOICO/ORCHOHHCOHCORRICRIHCHHRORHHCHH/RCIOICOHRIOIIRRRROCRHCIICRROHO/ICRHORIIHOHROHOHOCOOHOOCOORRHO	com/moonsworth/lunar/legacy/HHRROIIHRRICIIHIIHICRHHRHOHHOO/HHRROIIHRRICIIHIIHICRHHRHOHHOO/HRICOROOOCCOCOROCRHHCRRIRCOICO/ORCHOHHCOHCORRICRIHCHHRORHHCHH/RCIOICOHRIOIIRRRROCRHCIICRROHO/TextureUtilMixin
com/moonsworth/lunar/legacy/HHRROIIHRRICIIHIIHICRHHRHOHHOO/HHRROIIHRRICIIHIIHICRHHRHOHHOO/HRICOROOOCCOCOROCRHHCRRIRCOICO/ORCHOHHCOHCORRICRIHCHHRORHHCHH/RCIOICOHRIOIIRRRROCRHCIICRROHO_	com/moonsworth/lunar/legacy/HHRROIIHRRICIIHIIHICRHHRHOHHOO/HHRROIIHRRICIIHIIHICRHHRHOHHOO/HRICOROOOCCOCOROCRHHCRRIRCOICO/ORCHOHHCOHCORRICRIHCHHRORHHCHH/EntityRendererMixin
com/moonsworth/lunar/legacy/HHRROIIHRRICIIHIIHICRHHRHOHHOO/HHRROIIHRRICIIHIIHICRHHRHOHHOO/HRICOROOOCCOCOROCRHHCRRIRCOICO/ORICHRORRORHORHOIHCRHOORCRRHOI/HHRROIIHRRICIIHIIHICRHHRHOHHOO	com/moonsworth/lunar/legacy/HHRROIIHRRICIIHIIHICRHHRHOHHOO/HHRROIIHRRICIIHIIHICRHHRHOHHOO/HRICOROOOCCOCOROCRHHCRRIRCOICO/ORICHRORRORHORHOIHCRHOORCRRHOI/I18nMixin
com/moonsworth/lunar/legacy/HHRROIIHRRICIIHIIHICRHHRHOHHOO/HHRROIIHRRICIIHIIHICRHHRHOHHOO/HRICOROOOCCOCOROCRHHCRRIRCOICO/ORICHRORRORHORHOIHCRHOORCRRHOI/HORHROIOIOICIRHIOCOICHHHIHCIIO	com/moonsworth/lunar/legacy/HHRROIIHRRICIIHIIHICRHHRHOHHOO/HHRROIIHRRICIIHIIHICRHHRHOHHOO/HRICOROOOCCOCOROCRHHCRRIRCOICO/ORICHRORRORHORHOIHCRHOORCRRHOI/FolderResourcePackMixin
com/moonsworth/lunar/legacy/HHRROIIHRRICIIHIIHICRHHRHOHHOO/HHRROIIHRRICIIHIIHICRHHRHOHHOO/HRICOROOOCCOCOROCRHHCRRIRCOICO/ORICHRORRORHORHOIHCRHOORCRRHOI/ICRHORIIHOHROHOHOCOOHOOCOORRHO	com/moonsworth/lunar/legacy/HHRROIIHRRICIIHIIHICRHHRHOHHOO/HHRROIIHRRICIIHIIHICRHHRHOHHOO/HRICOROOOCCOCOROCRHHCRRIRCOICO/ORICHRORRORHORHOIHCRHOORCRRHOI/ResourcePackRepositoryMixin
com/moonsworth/lunar/legacy/HHRROIIHRRICIIHIIHICRHHRHOHHOO/HHRROIIHRRICIIHIIHICRHHRHOHHOO/HRICOROOOCCOCOROCRHHCRRIRCOICO/ORICHRORRORHORHOIHCRHOORCRRHOI/RCIOICOHRIOIIRRRROCRHCIICRROHO	com/moonsworth/lunar/legacy/HHRROIIHRRICIIHIIHICRHHRHOHHOO/HHRROIIHRRICIIHIIHICRHHRHOHHOO/HRICOROOOCCOCOROCRHHCRRIRCOICO/ORICHRORRORHORHOIHCRHOORCRRHOI/SkinManagerMixin
com/moonsworth/lunar/legacy/HHRROIIHRRICIIHIIHICRHHRHOHHOO/HHRROIIHRRICIIHIIHICRHHRHOHHOO/HRICOROOOCCOCOROCRHHCRRIRCOICO/RCIOICOHRIOIIRRRROCRHCIICRROHO/HHRROIIHRRICIIHIIHICRHHRHOHHOO	com/moonsworth/lunar/legacy/HHRROIIHRRICIIHIIHICRHHRHOHHOO/HHRROIIHRRICIIHIIHICRHHRHOHHOO/HRICOROOOCCOCOROCRHHCRRIRCOICO/RCIOICOHRIOIIRRRROCRHCIICRROHO/1Mixin
com/moonsworth/lunar/legacy/HHRROIIHRRICIIHIIHICRHHRHOHHOO/HHRROIIHRRICIIHIIHICRHHRHOHHOO/HRICOROOOCCOCOROCRHHCRRIRCOICO/RCIOICOHRIOIIRRRROCRHCIICRROHO/HORHROIOIOICIRHIOCOICHHHIHCIIO	com/moonsworth/lunar/legacy/HHRROIIHRRICIIHIIHICRHHRHOHHOO/HHRROIIHRRICIIHIIHICRHHRHOHHOO/HRICOROOOCCOCOROCRHHCRRIRCOICO/RCIOICOHRIOIIRRRROCRHCIICRROHO/GuiConnectingMixin
com/moonsworth/lunar/legacy/HHRROIIHRRICIIHIIHICRHHRHOHHOO/HHRROIIHRRICIIHIIHICRHHRHOHHOO/HRICOROOOCCOCOROCRHHCRRIRCOICO/RCIOICOHRIOIIRRRROCRHCIICRROHO/HRICOROOOCCOCOROCRHHCRRIRCOICO	com/moonsworth/lunar/legacy/HHRROIIHRRICIIHIIHICRHHRHOHHOO/HHRROIIHRRICIIHIIHICRHHRHOHHOO/HRICOROOOCCOCOROCRHHCRRIRCOICO/RCIOICOHRIOIIRRRROCRHCIICRROHO/PlayerControllerMPMixin
com/moonsworth/lunar/legacy/HHRROIIHRRICIIHIIHICRHHRHOHHOO/HHRROIIHRRICIIHIIHICRHHRHOHHOO/HRICOROOOCCOCOROCRHHCRRIRCOICO/RCIOICOHRIOIIRRRROCRHCIICRROHO/ICRHORIIHOHROHOHOCOOHOOCOORRHO	com/moonsworth/lunar/legacy/HHRROIIHRRICIIHIIHICRHHRHOHHOO/HHRROIIHRRICIIHIIHICRHHRHOHHOO/HRICOROOOCCOCOROCRHHCRRIRCOICO/RCIOICOHRIOIIRRRROCRHCIICRROHO/WorldMixin
com/moonsworth/lunar/legacy/HHRROIIHRRICIIHIIHICRHHRHOHHOO/HHRROIIHRRICIIHIIHICRHHRHOHHOO/HROHOIOCHIRIHICOORIHOHCIOIRIIH/HHRROIIHRRICIIHIIHICRHHRHOHHOO	com/moonsworth/lunar/legacy/HHRROIIHRRICIIHIIHICRHHRHOHHOO/HHRROIIHRRICIIHIIHICRHHRHOHHOO/HROHOIOCHIRIHICOORIHOHCIOIRIIH/MacOSXDisplayMixin
com/moonsworth/lunar/legacy/HHRROIIHRRICIIHIIHICRHHRHOHHOO/HHRROIIHRRICIIHIIHICRHHRHOHHOO/HROHOIOCHIRIHICOORIHOHCIOIRIIH/HORHROIOIOICIRHIOCOICHHHIHCIIO/HHRROIIHRRICIIHIIHICRHHRHOHHOO	com/moonsworth/lunar/legacy/HHRROIIHRRICIIHIIHICRHHRHOHHOO/HHRROIIHRRICIIHIIHICRHHRHOHHOO/HROHOIOCHIRIHICOORIHOHCIOIRIIH/HORHROIOIOICIRHIOCOICHHHIHCIIO/GL13Mixin
com/moonsworth/lunar/legacy/HHRROIIHRRICIIHIIHICRHHRHOHHOO/HHRROIIHRRICIIHIIHICRHHRHOHHOO/HROHOIOCHIRIHICOORIHOHCIOIRIIH/HORHROIOIOICIRHIOCOICHHHIHCIIO/HORHROIOIOICIRHIOCOICHHHIHCIIO	com/moonsworth/lunar/legacy/HHRROIIHRRICIIHIIHICRHHRHOHHOO/HHRROIIHRRICIIHIIHICRHHRHOHHOO/HROHOIOCHIRIHICOORIHOHCIOIRIIH/HORHROIOIOICIRHIOCOICHHHIHCIIO/GL11Mixin
com/moonsworth/lunar/legacy/HHRROIIHRRICIIHIIHICRHHRHOHHOO/HHRROIIHRRICIIHIIHICRHHRHOHHOO/HROHOIOCHIRIHICOORIHOHCIOIRIIH/HORHROIOIOICIRHIOCOICHHHIHCIIO/HRICOROOOCCOCOROCRHHCRRIRCOICO	com/moonsworth/lunar/legacy/HHRROIIHRRICIIHIIHICRHHRHOHHOO/HHRROIIHRRICIIHIIHICRHHRHOHHOO/HROHOIOCHIRIHICOORIHOHCIOIRIIH/HORHROIOIOICIRHIOCOICHHHIHCIIO/GL14Mixin
com/moonsworth/lunar/legacy/HHRROIIHRRICIIHIIHICRHHRHOHHOO/HHRROIIHRRICIIHIIHICRHHRHOHHOO/HROHOIOCHIRIHICOORIHOHCIOIRIIH/HORHROIOIOICIRHIOCOICHHHIHCIIO_	com/moonsworth/lunar/legacy/HHRROIIHRRICIIHIIHICRHHRHOHHOO/HHRROIIHRRICIIHIIHICRHHRHOHHOO/HROHOIOCHIRIHICOORIHOHCIOIRIIH/LinuxDisplayMixin
com/moonsworth/lunar/legacy/HHRROIIHRRICIIHIIHICRHHRHOHHOO/HHRROIIHRRICIIHIIHICRHHRHOHHOO/HROHOIOCHIRIHICOORIHOHCIOIRIIH/HRICOROOOCCOCOROCRHHCRRIRCOICO	com/moonsworth/lunar/legacy/HHRROIIHRRICIIHIIHICRHHRHOHHOO/HHRROIIHRRICIIHIIHICRHHRHOHHOO/HROHOIOCHIRIHICOORIHOHCIOIRIIH/MouseMixin
com/moonsworth/lunar/legacy/HHRROIIHRRICIIHIIHICRHHRHOHHOO/HHRROIIHRRICIIHIIHICRHHRHOHHOO/HROHOIOCHIRIHICOORIHOHCIOIRIIH/ICRHORIIHOHROHOHOCOOHOOCOORRHO	com/moonsworth/lunar/legacy/HHRROIIHRRICIIHIIHICRHHRHOHHOO/HHRROIIHRRICIIHIIHICRHHRHOHHOO/HROHOIOCHIRIHICOORIHOHCIOIRIIH/WindowsDisplayMixin
com/moonsworth/lunar/legacy/HHRROIIHRRICIIHIIHICRHHRHOHHOO/HHRROIIHRRICIIHIIHICRHHRHOHHOO/HROHOIOCHIRIHICOORIHOHCIOIRIIH/RCIOICOHRIOIIRRRROCRHCIICRROHO	com/moonsworth/lunar/legacy/HHRROIIHRRICIIHIIHICRHHRHOHHOO/HHRROIIHRRICIIHIIHICRHHRHOHHOO/HROHOIOCHIRIHICOORIHOHCIOIRIIH/WindowsMouseMixin
com/moonsworth/lunar/legacy/HHRROIIHRRICIIHIIHICRHHRHOHHOO/HHRROIIHRRICIIHIIHICRHHRHOHHOO/ICRHORIIHOHROHOHOCOOHOOCOORRHO/HORHROIOIOICIRHIOCOICHHHIHCIIO	com/moonsworth/lunar/legacy/HHRROIIHRRICIIHIIHICRHHRHOHHOO/HHRROIIHRRICIIHIIHICRHHRHOHHOO/ICRHORIIHOHROHOHOCOOHOOCOORRHO/CrashReportMixin
com/moonsworth/lunar/legacy/HHRROIIHRRICIIHIIHICRHHRHOHHOO/HHRROIIHRRICIIHIIHICRHHRHOHHOO/IHRHHRIHICHOOICIRIOOHOICHIRHOI/HORHROIOIOICIRHIOCOICHHHIHCIIO/HHRROIIHRRICIIHIIHICRHHRHOHHOO	com/moonsworth/lunar/legacy/HHRROIIHRRICIIHIIHICRHHRHOHHOO/HHRROIIHRRICIIHIIHICRHHRHOHHOO/IHRHHRIHICHOOICIRIOOHOICHIRHOI/HORHROIOIOICIRHIOCOICHHHIHCIIO/NetHandlerHandshakeTCPMixin
com/moonsworth/lunar/legacy/HHRROIIHRRICIIHIIHICRHHRHOHHOO/HHRROIIHRRICIIHIIHICRHHRHOHHOO/IHRHHRIHICHOOICIRIOOHOICHIRHOI/HORHROIOIOICIRHIOCOICHHHIHCIIO/HORHROIOIOICIRHIOCOICHHHIHCIIO/HORHROIOIOICIRHIOCOICHHHIHCIIO	com/moonsworth/lunar/legacy/HHRROIIHRRICIIHIIHICRHHRHOHHOO/HHRROIIHRRICIIHIIHICRHHRHOHHOO/IHRHHRIHICHOOICIRIOOHOICHIRHOI/HORHROIOIOICIRHIOCOICHHHIHCIIO/HORHROIOIOICIRHIOCOICHHHIHCIIO/ServerConfigurationManagerMixin
com/moonsworth/lunar/legacy/HHRROIIHRRICIIHIIHICRHHRHOHHOO/HHRROIIHRRICIIHIIHICRHHRHOHHOO/IHRHHRIHICHOOICIRIOOHOICHIRHOI/HORHROIOIOICIRHIOCOICHHHIHCIIO/HORHROIOIOICIRHIOCOICHHHIHCIIO_	com/moonsworth/lunar/legacy/HHRROIIHRRICIIHIIHICRHHRHOHHOO/HHRROIIHRRICIIHIIHICRHHRHOHHOO/IHRHHRIHICHOOICIRIOOHOICHIRHOI/HORHROIOIOICIRHIOCOICHHHIHCIIO/IntegratedPlayerListMixin
com/moonsworth/lunar/legacy/HHRROIIHRRICIIHIIHICRHHRHOHHOO/HHRROIIHRRICIIHIIHICRHHRHOHHOO/IHRHHRIHICHOOICIRIOOHOICHIRHOI/HORHROIOIOICIRHIOCOICHHHIHCIIO/HRICOROOOCCOCOROCRHHCRRIRCOICO	com/moonsworth/lunar/legacy/HHRROIIHRRICIIHIIHICRHHRHOHHOO/HHRROIIHRRICIIHIIHICRHHRHOHHOO/IHRHHRIHICHOOICIRIOOHOICHIRHOI/HORHROIOIOICIRHIOCOICHHHIHCIIO/NetHandlerLoginServerMixin
com/moonsworth/lunar/legacy/HHRROIIHRRICIIHIIHICRHHRHOHHOO/HHRROIIHRRICIIHIIHICRHHRHOHHOO/IIORCIOOIHRRRICOHIRCIHOOCCOHRO/HHRROIIHRRICIIHIIHICRHHRHOHHOO	com/moonsworth/lunar/legacy/HHRROIIHRRICIIHIIHICRHHRHOHHOO/HHRROIIHRRICIIHIIHICRHHRHOHHOO/IIORCIOOIHRRRICOHIRCIHOOCCOHRO/RenderPlayerMixin
com/moonsworth/lunar/legacy/HHRROIIHRRICIIHIIHICRHHRHOHHOO/HHRROIIHRRICIIHIIHICRHHRHOHHOO/IIORCIOOIHRRRICOHIRCIHOOCCOHRO/HORHROIOIOICIRHIOCOICHHHIHCIIO	com/moonsworth/lunar/legacy/HHRROIIHRRICIIHIIHICRHHRHOHHOO/HHRROIIHRRICIIHIIHICRHHRHOHHOO/IIORCIOOIHRRRICOHIRCIHOOCCOHRO/LayerCustomHeadMixin
com/moonsworth/lunar/legacy/HHRROIIHRRICIIHIIHICRHHRHOHHOO/HHRROIIHRRICIIHIIHICRHHRHOHHOO/IIORCIOOIHRRRICOHIRCIHOOCCOHRO/HRICOROOOCCOCOROCRHHCRRIRCOICO	com/moonsworth/lunar/legacy/HHRROIIHRRICIIHIIHICRHHRHOHHOO/HHRROIIHRRICIIHIIHICRHHRHOHHOO/IIORCIOOIHRRRICOHIRCIHOOCCOHRO/TileEntityItemStackRendererMixin
com/moonsworth/lunar/legacy/HHRROIIHRRICIIHIIHICRHHRHOHHOO/HHRROIIHRRICIIHIIHICRHHRHOHHOO/IIORCIOOIHRRRICOHIRCIHOOCCOHRO/ICRHORIIHOHROHOHOCOOHOOCOORRHO	com/moonsworth/lunar/legacy/HHRROIIHRRICIIHIIHICRHHRHOHHOO/HHRROIIHRRICIIHIIHICRHHRHOHHOO/IIORCIOOIHRRRICOHIRCIHOOCCOHRO/TileEntitySkullRenderer_v1_7Mixin
com/moonsworth/lunar/legacy/HHRROIIHRRICIIHIIHICRHHRHOHHOO/HHRROIIHRRICIIHIIHICRHHRHOHHOO/IIORCIOOIHRRRICOHIRCIHOOCCOHRO/RCIOICOHRIOIIRRRROCRHCIICRROHO	com/moonsworth/lunar/legacy/HHRROIIHRRICIIHIIHICRHHRHOHHOO/HHRROIIHRRICIIHIIHICRHHRHOHHOO/IIORCIOOIHRRRICOHIRCIHOOCCOHRO/TileEntitySkullRendererMixin
com/moonsworth/lunar/legacy/HHRROIIHRRICIIHIIHICRHHRHOHHOO/HHRROIIHRRICIIHIIHICRHHRHOHHOO/IRCHCHOHRRIOORHRCHRIHIOHRCIHRH/HHRROIIHRRICIIHIIHICRHHRHOHHOO	com/moonsworth/lunar/legacy/HHRROIIHRRICIIHIIHICRHHRHOHHOO/HHRROIIHRRICIIHIIHICRHHRHOHHOO/IRCHCHOHRRIOORHRCHRIHIOHRCIHRH/EnumChatFormattingMixin
com/moonsworth/lunar/legacy/HHRROIIHRRICIIHIIHICRHHRHOHHOO/HHRROIIHRRICIIHIIHICRHHRHOHHOO/IRCHCHOHRRIOORHRCHRIHIOHRCIHRH/HORHROIOIOICIRHIOCOICHHHIHCIIO/HHRROIIHRRICIIHIIHICRHHRHOHHOO	com/moonsworth/lunar/legacy/HHRROIIHRRICIIHIIHICRHHRHOHHOO/HHRROIIHRRICIIHIIHICRHHRHOHHOO/IRCHCHOHRRIOORHRCHRIHIOHRCIHRH/HORHROIOIOICIRHIOCOICHHHIHCIIO/ChatComponentStyleMixin
com/moonsworth/lunar/legacy/HHRROIIHRRICIIHIIHICRHHRHOHHOO/HHRROIIHRRICIIHIIHICRHHRHOHHOO/IRCHCHOHRRIOORHRCHRIHIOHRCIHRH/HORHROIOIOICIRHIOCOICHHHIHCIIO/HORHROIOIOICIRHIOCOICHHHIHCIIO	com/moonsworth/lunar/legacy/HHRROIIHRRICIIHIIHICRHHRHOHHOO/HHRROIIHRRICIIHIIHICRHHRHOHHOO/IRCHCHOHRRIOORHRCHRIHIOHRCIHRH/HORHROIOIOICIRHIOCOICHHHIHCIIO/ChatStyleMixin
com/moonsworth/lunar/legacy/HHRROIIHRRICIIHIIHICRHHRHOHHOO/HHRROIIHRRICIIHIIHICRHHRHOHHOO/IRCHCHOHRRIOORHRCHRIHIOHRCIHRH/HORHROIOIOICIRHIOCOICHHHIHCIIO_	com/moonsworth/lunar/legacy/HHRROIIHRRICIIHIIHICRHHRHOHHOO/HHRROIIHRRICIIHIIHICRHHRHOHHOO/IRCHCHOHRRIOORHRCHRIHIOHRCIHRH/MouseHelperMixin
com/moonsworth/lunar/legacy/HHRROIIHRRICIIHIIHICRHHRHOHHOO/HHRROIIHRRICIIHIIHICRHHRHOHHOO/IRCHCHOHRRIOORHRCHRIHIOHRCIHRH/HRICOROOOCCOCOROCRHHCRRIRCOICO	com/moonsworth/lunar/legacy/HHRROIIHRRICIIHIIHICRHHRHOHHOO/HHRROIIHRRICIIHIIHICRHHRHOHHOO/IRCHCHOHRRIOORHRCHRIHIOHRCIHRH/TimerMixin
com/moonsworth/lunar/legacy/HHRROIIHRRICIIHIIHICRHHRHOHHOO/HHRROIIHRRICIIHIIHICRHHRHOHHOO/OHOOORICRHIIIIRHCICICOCHROICRC/HORHROIOIOICIRHIOCOICHHHIHCIIO	com/moonsworth/lunar/legacy/HHRROIIHRRICIIHIIHICRHHRHOHHOO/HHRROIIHRRICIIHIIHICRHHRHOHHOO/OHOOORICRHIIIIRHCICICOCHROICRC/EntityDiggingFXMixin
com/moonsworth/lunar/legacy/HHRROIIHRRICIIHIIHICRHHRHOHHOO/HHRROIIHRRICIIHIIHICRHHRHOHHOO/OHROCHICOIOICHOCRROORRCIIICIHO/HORHROIOIOICIRHIOCOICHHHIHCIIO	com/moonsworth/lunar/legacy/HHRROIIHRRICIIHIIHICRHHRHOHHOO/HHRROIIHRRICIIHIIHICRHHRHOHHOO/OHROCHICOIOICHOCRROORRCIIICIHO/JsonReaderMixin
com/moonsworth/lunar/legacy/HHRROIIHRRICIIHIIHICRHHRHOHHOO/HHRROIIHRRICIIHIIHICRHHRHOHHOO/OIRIOIIIRICICCHORICRRIRROHCRIC/HORHROIOIOICIRHIOCOICHHHIHCIIO/HORHROIOIOICIRHIOCOICHHHIHCIIO/HHRROIIHRRICIIHIIHICRHHRHOHHOO	com/moonsworth/lunar/legacy/HHRROIIHRRICIIHIIHICRHHRHOHHOO/HHRROIIHRRICIIHIIHICRHHRHOHHOO/OIRIOIIIRICICCHORICRRIRROHCRIC/HORHROIOIOICIRHIOCOICHHHIHCIIO/HORHROIOIOICIRHIOCOICHHHIHCIIO/ALMixin
com/moonsworth/lunar/legacy/HHRROIIHRRICIIHIIHICRHHRHOHHOO/HHRROIIHRRICIIHIIHICRHHRHOHHOO/OIRIOIIIRICICCHORICRRIRROHCRIC/HORHROIOIOICIRHIOCOICHHHIHCIIO/HORHROIOIOICIRHIOCOICHHHIHCIIO/HORHROIOIOICIRHIOCOICHHHIHCIIO	com/moonsworth/lunar/legacy/HHRROIIHRRICIIHIIHICRHHRHOHHOO/HHRROIIHRRICIIHIIHICRHHRHOHHOO/OIRIOIIIRICICCHORICRRIRROHCRIC/HORHROIOIOICIRHIOCOICHHHIHCIIO/HORHROIOIOICIRHIOCOICHHHIHCIIO/ALC10Mixin
com/moonsworth/lunar/legacy/HHRROIIHRRICIIHIIHICRHHRHOHHOO/HHRROIIHRRICIIHIIHICRHHRHOHHOO/OIRIOIIIRICICCHORICRRIRROHCRIC/HORHROIOIOICIRHIOCOICHHHIHCIIO/HORHROIOIOICIRHIOCOICHHHIHCIIO/HRICOROOOCCOCOROCRHHCRRIRCOICO	com/moonsworth/lunar/legacy/HHRROIIHRRICIIHIIHICRHHRHOHHOO/HHRROIIHRRICIIHIIHICRHHRHOHHOO/OIRIOIIIRICICCHORICRRIRROHCRIC/HORHROIOIOICIRHIOCOICHHHIHCIIO/HORHROIOIOICIRHIOCOICHHHIHCIIO/LibraryLWJGLOpenALMixin
com/moonsworth/lunar/legacy/HHRROIIHRRICIIHIIHICRHHRHOHHOO/HHRROIIHRRICIIHIIHICRHHRHOHHOO/ORCHOHHCOHCORRICRIHCHHRORHHCHH/HHRROIIHRRICIIHIIHICRHHRHOHHOO	com/moonsworth/lunar/legacy/HHRROIIHRRICIIHIIHICRHHRHOHHOO/HHRROIIHRRICIIHIIHICRHHRHOHHOO/ORCHOHHCOHCORRICRIHCHHRORHHCHH/ItemSplashPotionMixin
com/moonsworth/lunar/legacy/HHRROIIHRRICIIHIIHICRHHRHOHHOO/HHRROIIHRRICIIHIIHICRHHRHOHHOO/ORCHOHHCOHCORRICRIHCHHRORHHCHH/HORHROIOIOICIRHIOCOICHHHIHCIIO	com/moonsworth/lunar/legacy/HHRROIIHRRICIIHIIHICRHHRHOHHOO/HHRROIIHRRICIIHIIHICRHHRHOHHOO/ORCHOHHCOHCORRICRIHCHHRORHHCHH/ItemPotionMixin
com/moonsworth/lunar/legacy/HHRROIIHRRICIIHIIHICRHHRHOHHOO/HHRROIIHRRICIIHIIHICRHHRHOHHOO/ORICHRORRORHORHOIHCRHOORCRRHOI/HORHROIOIOICIRHIOCOICHHHIHCIIO	com/moonsworth/lunar/legacy/HHRROIIHRRICIIHIIHICRHHRHOHHOO/HHRROIIHRRICIIHIIHICRHHRHOHHOO/ORICHRORRORHORHOIHCRHOORCRRHOI/JndiManagerMixin
com/moonsworth/lunar/legacy/HHRROIIHRRICIIHIIHICRHHRHOHHOO/HHRROIIHRRICIIHIIHICRHHRHOHHOO/RCIOICOHRIOIIRRRROCRHCIICRROHO/HHRROIIHRRICIIHIIHICRHHRHOHHOO/HORHROIOIOICIRHIOCOICHHHIHCIIO	com/moonsworth/lunar/legacy/HHRROIIHRRICIIHIIHICRHHRHOHHOO/HHRROIIHRRICIIHIIHICRHHRHOHHOO/RCIOICOHRIOIIRRRROCRHCIICRROHO/HHRROIIHRRICIIHIIHICRHHRHOHHOO/EntityArmorStandMixin
com/moonsworth/lunar/legacy/HHRROIIHRRICIIHIIHICRHHRHOHHOO/HHRROIIHRRICIIHIIHICRHHRHOHHOO/RCIOICOHRIOIIRRRROCRHCIICRROHO/HHRROIIHRRICIIHIIHICRHHRHOHHOO_	com/moonsworth/lunar/legacy/HHRROIIHRRICIIHIIHICRHHRHOHHOO/HHRROIIHRRICIIHIIHICRHHRHOHHOO/RCIOICOHRIOIIRRRROCRHCIICRROHO/EntityMixin
com/moonsworth/lunar/legacy/HHRROIIHRRICIIHIIHICRHHRHOHHOO/HHRROIIHRRICIIHIIHICRHHRHOHHOO/RCIOICOHRIOIIRRRROCRHCIICRROHO/HORHROIOIOICIRHIOCOICHHHIHCIIO/HORHROIOIOICIRHIOCOICHHHIHCIIO	com/moonsworth/lunar/legacy/HHRROIIHRRICIIHIIHICRHHRHOHHOO/HHRROIIHRRICIIHIIHICRHHRHOHHOO/RCIOICOHRIOIIRRRROCRHCIICRROHO/HORHROIOIOICIRHIOCOICHHHIHCIIO/BossStatusMixin
com/moonsworth/lunar/legacy/HHRROIIHRRICIIHIIHICRHHRHOHHOO/HHRROIIHRRICIIHIIHICRHHRHOHHOO/RCIOICOHRIOIIRRRROCRHCIICRROHO/HORHROIOIOICIRHIOCOICHHHIHCIIO_	com/moonsworth/lunar/legacy/HHRROIIHRRICIIHIIHICRHHRHOHHOO/HHRROIIHRRICIIHIIHICRHHRHOHHOO/RCIOICOHRIOIIRRRROCRHCIICRROHO/EntityLivingBaseMixin
com/moonsworth/lunar/legacy/HHRROIIHRRICIIHIIHICRHHRHOHHOO/HHRROIIHRRICIIHIIHICRHHRHOHHOO/RCIOICOHRIOIIRRRROCRHCIICRROHO/HRICOROOOCCOCOROCRHHCRRIRCOICO/HHRROIIHRRICIIHIIHICRHHRHOHHOO	com/moonsworth/lunar/legacy/HHRROIIHRRICIIHIIHICRHHRHOHHOO/HHRROIIHRRICIIHIIHICRHHRHOHHOO/RCIOICOHRIOIIRRRROCRHCIICRROHO/HRICOROOOCCOCOROCRHHCRRIRCOICO/EntityFishHookMixin
com/moonsworth/lunar/legacy/HHRROIIHRRICIIHIIHICRHHRHOHHOO/HHRROIIHRRICIIHIIHICRHHRHOHHOO/RCIOICOHRIOIIRRRROCRHCIICRROHO/HRICOROOOCCOCOROCRHHCRRIRCOICO/HORHROIOIOICIRHIOCOICHHHIHCIIO	com/moonsworth/lunar/legacy/HHRROIIHRRICIIHIIHICRHHRHOHHOO/HHRROIIHRRICIIHIIHICRHHRHOHHOO/RCIOICOHRIOIIRRRROCRHCIICRROHO/HRICOROOOCCOCOROCRHHCRRIRCOICO/EntityArrowMixin
com/moonsworth/lunar/legacy/HHRROIIHRRICIIHIIHICRHHRHOHHOO/HHRROIIHRRICIIHIIHICRHHRHOHHOO/RCIOICOHRIOIIRRRROCRHCIICRROHO/HRICOROOOCCOCOROCRHHCRRIRCOICO_	com/moonsworth/lunar/legacy/HHRROIIHRRICIIHIIHICRHHRHOHHOO/HHRROIIHRRICIIHIIHICRHHRHOHHOO/RCIOICOHRIOIIRRRROCRHCIICRROHO/EntityPlayerMixin
com/moonsworth/lunar/legacy/HHRROIIHRRICIIHIIHICRHHRHOHHOO/HHRROIIHRRICIIHIIHICRHHRHOHHOO/RHIRRICCRHHHIIHHIHHOHRCHIOORCC/HORHROIOIOICIRHIOCOICHHHIHCIIO	com/moonsworth/lunar/legacy/HHRROIIHRRICIIHIIHICRHHRHOHHOO/HHRROIIHRRICIIHIIHICRHHRHOHHOO/RHIRRICCRHHHIIHHIHHOHRCHIOORCC/ScoreboardMixin
com/moonsworth/lunar/legacy/HHRROIIHRRICIIHIIHICRHHRHOHHOO/HHRROIIHRRICIIHIIHICRHHRHOHHOO/RIIICIRHRCIHOOOORHOICRIICCCRHR/HHRROIIHRRICIIHIIHICRHHRHOHHOO	com/moonsworth/lunar/legacy/HHRROIIHRRICIIHIIHICRHHRHOHHOO/HHRROIIHRRICIIHIIHICRHHRHOHHOO/RIIICIRHRCIHOOOORHOICRIICCCRHR/StatFileWriterMixin
com/moonsworth/lunar/legacy/HHRROIIHRRICIIHIIHICRHHRHOHHOO/HHRROIIHRRICIIHIIHICRHHRHOHHOO/RIIICIRHRCIHOOOORHOICRIICCCRHR/HORHROIOIOICIRHIOCOICHHHIHCIIO	com/moonsworth/lunar/legacy/HHRROIIHRRICIIHIIHICRHHRHOHHOO/HHRROIIHRRICIIHIIHICRHHRHOHHOO/RIIICIRHRCIHOOOORHOICRIICCCRHR/StatListMixin
com/moonsworth/lunar/legacy/HHRROIIHRRICIIHIIHICRHHRHOHHOO/HHRROIIHRRICIIHIIHICRHHRHOHHOO/RIIICIRHRCIHOOOORHOICRIICCCRHR/HRICOROOOCCOCOROCRHHCRRIRCOICO	com/moonsworth/lunar/legacy/HHRROIIHRRICIIHIIHICRHHRHOHHOO/HHRROIIHRRICIIHIIHICRHHRHOHHOO/RIIICIRHRCIHOOOORHOICRIICCCRHR/StatisticsFileMixin
com/moonsworth/lunar/legacy/HHRROIIHRRICIIHIIHICRHHRHOHHOO/HHRROIIHRRICIIHIIHICRHHRHOHHOO/RIIIOHCCHRRRORICCHIIHHOORIIOIR/HHRROIIHRRICIIHIIHICRHHRHOHHOO/HORHROIOIOICIRHIOCOICHHHIHCIIO/HORHROIOIOICIRHIOCOICHHHIHCIIO	com/moonsworth/lunar/legacy/HHRROIIHRRICIIHIIHICRHHRHOHHOO/HHRROIIHRRICIIHIIHICRHHRHOHHOO/RIIIOHCCHRRRORICCHIIHHOORIIOIR/HHRROIIHRRICIIHIIHICRHHRHOHHOO/HORHROIOIOICIRHIOCOICHHHIHCIIO/InventoryPlayerMixin
com/moonsworth/lunar/legacy/HHRROIIHRRICIIHIIHICRHHRHOHHOO/HHRROIIHRRICIIHIIHICRHHRHOHHOO/RIIIOHCCHRRRORICCHIIHHOORIIOIR/HHRROIIHRRICIIHIIHICRHHRHOHHOO_	com/moonsworth/lunar/legacy/HHRROIIHRRICIIHIIHICRHHRHOHHOO/HHRROIIHRRICIIHIIHICRHHRHOHHOO/RIIIOHCCHRRRORICCHIIHHOORIIOIR/WorldMixin
com/moonsworth/lunar/legacy/HHRROIIHRRICIIHIIHICRHHRHOHHOO/HHRROIIHRRICIIHIIHICRHHRHOHHOO/RIIIOHCCHRRRORICCHIIHHOORIIOIR/HORHROIOIOICIRHIOCOICHHHIHCIIO/HORHROIOIOICIRHIOCOICHHHIHCIIO	com/moonsworth/lunar/legacy/HHRROIIHRRICIIHIIHICRHHRHOHHOO/HHRROIIHRRICIIHIIHICRHHRHOHHOO/RIIIOHCCHRRRORICCHIIHHOORIIOIR/HORHROIOIOICIRHIOCOICHHHIHCIIO/ChunkMixin
com/moonsworth/lunar/legacy/HHRROIIHRRICIIHIIHICRHHRHOHHOO/HHRROIIHRRICIIHIIHICRHHRHOHHOO/RIIIOHCCHRRRORICCHIIHHOORIIOIR/HORHROIOIOICIRHIOCOICHHHIHCIIO_	com/moonsworth/lunar/legacy/HHRROIIHRRICIIHIIHICRHHRHOHHOO/HHRROIIHRRICIIHIIHICRHHRHOHHOO/RIIIOHCCHRRRORICCHIIHHOORIIOIR/ExplosionMixin
com/moonsworth/lunar/legacy/HHRROIIHRRICIIHIIHICRHHRHOHHOO/HHRROIIHRRICIIHIIHICRHHRHOHHOO/RIIIOHCCHRRRORICCHIIHHOORIIOIR/HRICOROOOCCOCOROCRHHCRRIRCOICO/HHRROIIHRRICIIHIIHICRHHRHOHHOO	com/moonsworth/lunar/legacy/HHRROIIHRRICIIHIIHICRHHRHOHHOO/HHRROIIHRRICIIHIIHICRHHRHOHHOO/RIIIOHCCHRRRORICCHIIHHOORIIOIR/HRICOROOOCCOCOROCRHHCRRIRCOICO/ItemStackMixin
com/moonsworth/lunar/legacy/HHRROIIHRRICIIHIIHICRHHRHOHHOO/HHRROIIHRRICIIHIIHICRHHRHOHHOO/RIIIOHCCHRRRORICCHIIHHOORIIOIR/HRICOROOOCCOCOROCRHHCRRIRCOICO/HORHROIOIOICIRHIOCOICHHHIHCIIO	com/moonsworth/lunar/legacy/HHRROIIHRRICIIHIIHICRHHRHOHHOO/HHRROIIHRRICIIHIIHICRHHRHOHHOO/RIIIOHCCHRRRORICCHIIHHOORIIOIR/HRICOROOOCCOCOROCRHHCRRIRCOICO/ItemMixin
com/moonsworth/lunar/legacy/HHRROIIHRRICIIHIIHICRHHRHOHHOO/HHRROIIHRRICIIHIIHICRHHRHOHHOO/RIIIOHCCHRRRORICCHIIHHOORIIOIR/ICRHORIIHOHROHOHOCOOHOOCOORRHO/HORHROIOIOICIRHIOCOICHHHIHCIIO/HHRROIIHRRICIIHIIHICRHHRHOHHOO	com/moonsworth/lunar/legacy/HHRROIIHRRICIIHIIHICRHHRHOHHOO/HHRROIIHRRICIIHIIHICRHHRHOHHOO/RIIIOHCCHRRRORICCHIIHHOORIIOIR/ICRHORIIHOHROHOHOCOOHOOCOORRHO/HORHROIOIOICIRHIOCOICHHHIHCIIO/BlockDoublePlantMixin
com/moonsworth/lunar/legacy/HHRROIIHRRICIIHIIHICRHHRHOHHOO/HHRROIIHRRICIIHIIHICRHHRHOHHOO/RIIIOHCCHRRRORICCHIIHHOORIIOIR/ICRHORIIHOHROHOHOCOOHOOCOORRHO/HORHROIOIOICIRHIOCOICHHHIHCIIO/HORHROIOIOICIRHIOCOICHHHIHCIIO	com/moonsworth/lunar/legacy/HHRROIIHRRICIIHIIHICRHHRHOHHOO/HHRROIIHRRICIIHIIHICRHHRHOHHOO/RIIIOHCCHRRRORICCHIIHHOORIIOIR/ICRHORIIHOHROHOHOCOOHOOCOORRHO/HORHROIOIOICIRHIOCOICHHHIHCIIO/BlockBarrierMixin
com/moonsworth/lunar/legacy/HHRROIIHRRICIIHIIHICRHHRHOHHOO/HHRROIIHRRICIIHIIHICRHHRHOHHOO/RIIIOHCCHRRRORICCHIIHHOORIIOIR/ICRHORIIHOHROHOHOCOOHOOCOORRHO/HORHROIOIOICIRHIOCOICHHHIHCIIO/HRICOROOOCCOCOROCRHHCRRIRCOICO	com/moonsworth/lunar/legacy/HHRROIIHRRICIIHIIHICRHHRHOHHOO/HHRROIIHRRICIIHIIHICRHHRHOHHOO/RIIIOHCCHRRRORICCHIIHHOORIIOIR/ICRHORIIHOHROHOHOCOOHOOCOORRHO/HORHROIOIOICIRHIOCOICHHHIHCIIO/BlockGlassMixin
com/moonsworth/lunar/legacy/HHRROIIHRRICIIHIIHICRHHRHOHHOO/HHRROIIHRRICIIHIIHICRHHRHOHHOO/RIIIOHCCHRRRORICCHIIHHOORIIOIR/ICRHORIIHOHROHOHOCOOHOOCOORRHO/HORHROIOIOICIRHIOCOICHHHIHCIIO/ICRHORIIHOHROHOHOCOOHOOCOORRHO	com/moonsworth/lunar/legacy/HHRROIIHRRICIIHIIHICRHHRHOHHOO/HHRROIIHRRICIIHIIHICRHHRHOHHOO/RIIIOHCCHRRRORICCHIIHHOORIIOIR/ICRHORIIHOHROHOHOCOOHOOCOORRHO/HORHROIOIOICIRHIOCOICHHHIHCIIO/BlockPaneMixin
com/moonsworth/lunar/legacy/HRICOROOOCCOCOROCRHHCRRIRCOICO/CCROIHHHCOCHHOHORCIRHOCRROIOCI/HHRROIIHRRICIIHIIHICRHHRHOHHOO	com/moonsworth/lunar/legacy/HRICOROOOCCOCOROCRHHCRRIRCOICO/CCROIHHHCOCHHOHORCIRHOCRROIOCI/ContainerMixin
com/moonsworth/lunar/legacy/HRICOROOOCCOCOROCRHHCRRIRCOICO/CCROIHHHCOCHHOHORCIRHOCRROIOCI/HORHROIOIOICIRHIOCOICHHHIHCIIO	com/moonsworth/lunar/legacy/HRICOROOOCCOCOROCRHHCRRIRCOICO/CCROIHHHCOCHHOHORCIRHOCRROIOCI/ContainerChestMixin
com/moonsworth/lunar/legacy/HRICOROOOCCOCOROCRHHCRRIRCOICO/CCROIHHHCOCHHOHORCIRHOCRROIOCI/HRICOROOOCCOCOROCRHHCRRIRCOICO	com/moonsworth/lunar/legacy/HRICOROOOCCOCOROCRHHCRRIRCOICO/CCROIHHHCOCHHOHORCIRHOCRROIOCI/ContainerRepairMixin
com/moonsworth/lunar/legacy/HRICOROOOCCOCOROCRHHCRRIRCOICO/CCROIHHHCOCHHOHORCIRHOCRROIOCI/ICRHORIIHOHROHOHOCOOHOOCOORRHO	com/moonsworth/lunar/legacy/HRICOROOOCCOCOROCRHHCRRIRCOICO/CCROIHHHCOCHHOHORCIRHOCRROIOCI/GuiContainerCreativeMixin
com/moonsworth/lunar/legacy/HRICOROOOCCOCOROCRHHCRRIRCOICO/CCROIHHHCOCHHOHORCIRHOCRROIOCI/RCIOICOHRIOIIRRRROCRHCIICRROHO	com/moonsworth/lunar/legacy/HRICOROOOCCOCOROCRHHCRRIRCOICO/CCROIHHHCOCHHOHORCIRHOCRROIOCI/GuiInventoryMixin
com/moonsworth/lunar/legacy/HRICOROOOCCOCOROCRHHCRRIRCOICO/HHRROIIHRRICIIHIIHICRHHRHOHHOO/HHRROIIHRRICIIHIIHICRHHRHOHHOO	com/moonsworth/lunar/legacy/HRICOROOOCCOCOROCRHHCRRIRCOICO/HHRROIIHRRICIIHIIHICRHHRHOHHOO/StyleImplMixin
com/moonsworth/lunar/legacy/HRICOROOOCCOCOROCRHHCRRIRCOICO/HHRROIIHRRICIIHIIHICRHHRHOHHOO/HORHROIOIOICIRHIOCOICHHHIHCIIO	com/moonsworth/lunar/legacy/HRICOROOOCCOCOROCRHHCRRIRCOICO/HHRROIIHRRICIIHIIHICRHHRHOHHOO/AbstractComponentMixin
com/moonsworth/lunar/legacy/HRICOROOOCCOCOROCRHHCRRIRCOICO/HICCRORORCRIHCORCCIORIOROORIHR/HHRROIIHRRICIIHIIHICRHHRHOHHOO/HORHROIOIOICIRHIOCOICHHHIHCIIO	com/moonsworth/lunar/legacy/HRICOROOOCCOCOROCRHHCRRIRCOICO/HICCRORORCRIHCORCCIORIOROORIHR/HHRROIIHRRICIIHIIHICRHHRHOHHOO/ChunkMixin
com/moonsworth/lunar/legacy/HRICOROOOCCOCOROCRHHCRRIRCOICO/HICCRORORCRIHCORCCIORIOROORIHR/HHRROIIHRRICIIHIIHICRHHRHOHHOO_	com/moonsworth/lunar/legacy/HRICOROOOCCOCOROCRHHCRRIRCOICO/HICCRORORCRIHCORCCIORIOROORIHR/WorldMixin
com/moonsworth/lunar/legacy/HRICOROOOCCOCOROCRHHCRRIRCOICO/HICCRORORCRIHCORCCIORIOROORIHR/HORHROIOIOICIRHIOCOICHHHIHCIIO/HHRROIIHRRICIIHIIHICRHHRHOHHOO	com/moonsworth/lunar/legacy/HRICOROOOCCOCOROCRHHCRRIRCOICO/HICCRORORCRIHCORCCIORIOROORIHR/HORHROIOIOICIRHIOCOICHHHIHCIIO/WorldChunkManagerHellMixin
com/moonsworth/lunar/legacy/HRICOROOOCCOCOROCRHHCRRIRCOICO/HICCRORORCRIHCORCCIORIOROORIHR/HORHROIOIOICIRHIOCOICHHHIHCIIO/HORHROIOIOICIRHIOCOICHHHIHCIIO	com/moonsworth/lunar/legacy/HRICOROOOCCOCOROCRHHCRRIRCOICO/HICCRORORCRIHCORCCIORIOROORIHR/HORHROIOIOICIRHIOCOICHHHIHCIIO/BiomeGenBaseMixin
com/moonsworth/lunar/legacy/HRICOROOOCCOCOROCRHHCRRIRCOICO/HICCRORORCRIHCORCCIORIOROORIHR/HORHROIOIOICIRHIOCOICHHHIHCIIO/HRICOROOOCCOCOROCRHHCRRIRCOICO	com/moonsworth/lunar/legacy/HRICOROOOCCOCOROCRHHCRRIRCOICO/HICCRORORCRIHCORCCIORIOROORIHR/HORHROIOIOICIRHIOCOICHHHIHCIIO/WorldChunkManagerMixin
com/moonsworth/lunar/legacy/HRICOROOOCCOCOROCRHHCRRIRCOICO/HICCRORORCRIHCORCCIORIOROORIHR/HRICOROOOCCOCOROCRHHCRRIRCOICO/HHRROIIHRRICIIHIIHICRHHRHOHHOO	com/moonsworth/lunar/legacy/HRICOROOOCCOCOROCRHHCRRIRCOICO/HICCRORORCRIHCORCCIORIOROORIHR/HRICOROOOCCOCOROCRHHCRRIRCOICO/MapDecorationMixin
com/moonsworth/lunar/legacy/HRICOROOOCCOCOROCRHHCRRIRCOICO/HICCRORORCRIHCORCCIORIOROORIHR/HRICOROOOCCOCOROCRHHCRRIRCOICO/HORHROIOIOICIRHIOCOICHHHIHCIIO	com/moonsworth/lunar/legacy/HRICOROOOCCOCOROCRHHCRRIRCOICO/HICCRORORCRIHCORCCIORIOROORIHR/HRICOROOOCCOCOROCRHHCRRIRCOICO/MapDataMixin
com/moonsworth/lunar/legacy/HRICOROOOCCOCOROCRHHCRRIRCOICO/HICCRORORCRIHCORCCIORIOROORIHR/HRICOROOOCCOCOROCRHHCRRIRCOICO/HRICOROOOCCOCOROCRHHCRRIRCOICO	com/moonsworth/lunar/legacy/HRICOROOOCCOCOROCRHHCRRIRCOICO/HICCRORORCRIHCORCCIORIOROORIHR/HRICOROOOCCOCOROCRHHCRRIRCOICO/WorldInfoMixin
com/moonsworth/lunar/legacy/HRICOROOOCCOCOROCRHHCRRIRCOICO/HICCRORORCRIHCORCCIORIOROORIHR/HRICOROOOCCOCOROCRHHCRRIRCOICO_	com/moonsworth/lunar/legacy/HRICOROOOCCOCOROCRHHCRRIRCOICO/HICCRORORCRIHCORCCIORIOROORIHR/WorldSettingsMixin
com/moonsworth/lunar/legacy/HRICOROOOCCOCOROCRHHCRRIRCOICO/HIOROOCORHICHIRIHIRCCORCIIICCH/HHRROIIHRRICIIHIIHICRHHRHOHHOO	com/moonsworth/lunar/legacy/HRICOROOOCCOCOROCRHHCRRIRCOICO/HIOROOCORHICHIRIHIRCCORCIIICCH/NBTTagListMixin
com/moonsworth/lunar/legacy/HRICOROOOCCOCOROCRHHCRRIRCOICO/HIOROOCORHICHIRIHIRCCORCIIICCH/HORHROIOIOICIRHIOCOICHHHIHCIIO	com/moonsworth/lunar/legacy/HRICOROOOCCOCOROCRHHCRRIRCOICO/HIOROOCORHICHIRIHIRCCORCIIICCH/NBTTagCompoundMixin
com/moonsworth/lunar/legacy/HRICOROOOCCOCOROCRHHCRRIRCOICO/HIOROOCORHICHIRIHIRCCORCIIICCH/HRICOROOOCCOCOROCRHHCRRIRCOICO	com/moonsworth/lunar/legacy/HRICOROOOCCOCOROCRHHCRRIRCOICO/HIOROOCORHICHIRIHIRCCORCIIICCH/NBTTagStringMixin
com/moonsworth/lunar/legacy/HRICOROOOCCOCOROCRHHCRRIRCOICO/HIOROOCORHICHIRIHIRCCORCIIICCH/ICRHORIIHOHROHOHOCOOHOOCOORRHO	com/moonsworth/lunar/legacy/HRICOROOOCCOCOROCRHHCRRIRCOICO/HIOROOCORHICHIRIHIRCCORCIIICCH/NBTUtilMixin
com/moonsworth/lunar/legacy/HRICOROOOCCOCOROCRHHCRRIRCOICO/HORHROIOIOICIRHIOCOICHHHIHCIIO/HORHROIOIOICIRHIOCOICHHHIHCIIO	com/moonsworth/lunar/legacy/HRICOROOOCCOCOROCRHHCRRIRCOICO/HORHROIOIOICIRHIOCOICHHHIHCIIO/AdvancementListMixin
com/moonsworth/lunar/legacy/HRICOROOOCCOCOROCRHHCRRIRCOICO/HRICOROOOCCOCOROCRHHCRRIRCOICO/HHRROIIHRRICIIHIIHICRHHRHOHHOO/HORHROIOIOICIRHIOCOICHHHIHCIIO	com/moonsworth/lunar/legacy/HRICOROOOCCOCOROCRHHCRRIRCOICO/HRICOROOOCCOCOROCRHHCRRIRCOICO/HHRROIIHRRICIIHIIHICRHHRHOHHOO/BlockStateBaseMixin
com/moonsworth/lunar/legacy/HRICOROOOCCOCOROCRHHCRRIRCOICO/HRICOROOOCCOCOROCRHHCRRIRCOICO/HHRROIIHRRICIIHIIHICRHHRHOHHOO_	com/moonsworth/lunar/legacy/HRICOROOOCCOCOROCRHHCRRIRCOICO/HRICOROOOCCOCOROCRHHCRRIRCOICO/BlockDoublePlantMixin
com/moonsworth/lunar/legacy/HRICOROOOCCOCOROCRHHCRRIRCOICO/HRICOROOOCCOCOROCRHHCRRIRCOICO/HORHROIOIOICIRHIOCOICHHHIHCIIO/HORHROIOIOICIRHIOCOICHHHIHCIIO	com/moonsworth/lunar/legacy/HRICOROOOCCOCOROCRHHCRRIRCOICO/HRICOROOOCCOCOROCRHHCRRIRCOICO/HORHROIOIOICIRHIOCOICHHHIHCIIO/EnumPartTypeMixin
com/moonsworth/lunar/legacy/HRICOROOOCCOCOROCRHHCRRIRCOICO/HRICOROOOCCOCOROCRHHCRRIRCOICO/HORHROIOIOICIRHIOCOICHHHIHCIIO_	com/moonsworth/lunar/legacy/HRICOROOOCCOCOROCRHHCRRIRCOICO/HRICOROOOCCOCOROCRHHCRRIRCOICO/BlockButtonMixin
com/moonsworth/lunar/legacy/HRICOROOOCCOCOROCRHHCRRIRCOICO/HRICOROOOCCOCOROCRHHCRRIRCOICO/HRICOROOOCCOCOROCRHHCRRIRCOICO	com/moonsworth/lunar/legacy/HRICOROOOCCOCOROCRHHCRRIRCOICO/HRICOROOOCCOCOROCRHHCRRIRCOICO/BlockMixin
com/moonsworth/lunar/legacy/HRICOROOOCCOCOROCRHHCRRIRCOICO/HRICOROOOCCOCOROCRHHCRRIRCOICO/ICRHORIIHOHROHOHOCOOHOOCOORRHO	com/moonsworth/lunar/legacy/HRICOROOOCCOCOROCRHHCRRIRCOICO/HRICOROOOCCOCOROCRHHCRRIRCOICO/BlockShulkerBoxMixin
com/moonsworth/lunar/legacy/HRICOROOOCCOCOROCRHHCRRIRCOICO/HRICOROOOCCOCOROCRHHCRRIRCOICO/OHROCHICOIOICHOCRROORRCIIICIHO	com/moonsworth/lunar/legacy/HRICOROOOCCOCOROCRHHCRRIRCOICO/HRICOROOOCCOCOROCRHHCRRIRCOICO/BlockStoneMixin
com/moonsworth/lunar/legacy/HRICOROOOCCOCOROCRHHCRRIRCOICO/HRICOROOOCCOCOROCRHHCRRIRCOICO/ORCHOHHCOHCORRICRIHCHHRORHHCHH	com/moonsworth/lunar/legacy/HRICOROOOCCOCOROCRHHCRRIRCOICO/HRICOROOOCCOCOROCRHHCRRIRCOICO/BlockTripWireMixin
com/moonsworth/lunar/legacy/HRICOROOOCCOCOROCRHHCRRIRCOICO/HRICOROOOCCOCOROCRHHCRRIRCOICO/RCIOICOHRIOIIRRRROCRHCIICRROHO	com/moonsworth/lunar/legacy/HRICOROOOCCOCOROCRHHCRRIRCOICO/HRICOROOOCCOCOROCRHHCRRIRCOICO/BlockStoneBrickMixin
com/moonsworth/lunar/legacy/HRICOROOOCCOCOROCRHHCRRIRCOICO/HROHOIOCHIRIHICOORIHOHCIOIRIIH/HORHROIOIOICIRHIOCOICHHHIHCIIO	com/moonsworth/lunar/legacy/HRICOROOOCCOCOROCRHHCRRIRCOICO/HROHOIOCHIRIHICOORIHOHCIOIRIIH/BootstrapMixin
com/moonsworth/lunar/legacy/HRICOROOOCCOCOROCRHHCRRIRCOICO/HRORICORIHHHRICRIRCIIOHCRIRRHI/CCROIHHHCOCHHOHORCIRHOCRROIOCI	com/moonsworth/lunar/legacy/HRICOROOOCCOCOROCRHHCRRIRCOICO/HRORICORIHHHRICRIRCIIOHCRIRRHI/MovementInputMixin
com/moonsworth/lunar/legacy/HRICOROOOCCOCOROCRHHCRRIRCOICO/HRORICORIHHHRICRIRCIIOHCRIRRHI/HHRROIIHRRICIIHIIHICRHHRHOHHOO	com/moonsworth/lunar/legacy/HRICOROOOCCOCOROCRHHCRRIRCOICO/HRORICORIHHHRICRIRCIIOHCRIRRHI/AxisAlignedBBMixin
com/moonsworth/lunar/legacy/HRICOROOOCCOCOROCRHHCRRIRCOICO/HRORICORIHHHRICRIRCIIOHCRIRRHI/HIOROOCORHICHIRIHIRCCORCIIICCH	com/moonsworth/lunar/legacy/HRICOROOOCCOCOROCRHHCRRIRCOICO/HRORICORIHHHRICRIRCIIOHCRIRRHI/NodeProcessorMixin
com/moonsworth/lunar/legacy/HRICOROOOCCOCOROCRHHCRRIRCOICO/HRORICORIHHHRICRIRCIIOHCRIRRHI/HRICOROOOCCOCOROCRHHCRRIRCOICO	com/moonsworth/lunar/legacy/HRICOROOOCCOCOROCRHHCRRIRCOICO/HRORICORIHHHRICRIRCIIOHCRIRRHI/BlockPosMixin
com/moonsworth/lunar/legacy/HRICOROOOCCOCOROCRHHCRRIRCOICO/HRORICORIHHHRICRIRCIIOHCRIRRHI/HROHOIOCHIRIHICOORIHOHCIOIRIIH	com/moonsworth/lunar/legacy/HRICOROOOCCOCOROCRHHCRRIRCOICO/HRORICORIHHHRICRIRCIIOHCRIRRHI/MovementInputFromOptionsMixin
com/moonsworth/lunar/legacy/HRICOROOOCCOCOROCRHHCRRIRCOICO/HRORICORIHHHRICRIRCIIOHCRIRRHI/ICRHORIIHOHROHOHOCOOHOOCOORRHO	com/moonsworth/lunar/legacy/HRICOROOOCCOCOROCRHHCRRIRCOICO/HRORICORIHHHRICRIRCIIOHCRIRRHI/DamageSourceMixin
com/moonsworth/lunar/legacy/HRICOROOOCCOCOROCRHHCRRIRCOICO/HRORICORIHHHRICRIRCIIOHCRIRRHI/IIORCIOOIHRRRICOHIRCIHOOCCOHRO	com/moonsworth/lunar/legacy/HRICOROOOCCOCOROCRHHCRRIRCOICO/HRORICORIHHHRICRIRCIIOHCRIRRHI/Vec3iMixin
com/moonsworth/lunar/legacy/HRICOROOOCCOCOROCRHHCRRIRCOICO/HRORICORIHHHRICRIRCIIOHCRIRRHI/OHOOORICRHIIIIRHCICICOCHROICRC	com/moonsworth/lunar/legacy/HRICOROOOCCOCOROCRHHCRRIRCOICO/HRORICORIHHHRICRIRCIIOHCRIRRHI/MutableBlockPosMixin
com/moonsworth/lunar/legacy/HRICOROOOCCOCOROCRHHCRRIRCOICO/HRORICORIHHHRICRIRCIIOHCRIRRHI/OHROCHICOIOICHOCRROORRCIIICIHO	com/moonsworth/lunar/legacy/HRICOROOOCCOCOROCRHHCRRIRCOICO/HRORICORIHHHRICRIRCIIOHCRIRRHI/FoodStatsMixin
com/moonsworth/lunar/legacy/HRICOROOOCCOCOROCRHHCRRIRCOICO/HRORICORIHHHRICRIRCIIOHCRIRRHI/OIRIOIIIRICICCHORICRRIRROHCRIC	com/moonsworth/lunar/legacy/HRICOROOOCCOCOROCRHHCRRIRCOICO/HRORICORIHHHRICRIRCIIOHCRIRRHI/MovingObjectPositionMixin
com/moonsworth/lunar/legacy/HRICOROOOCCOCOROCRHHCRRIRCOICO/HRORICORIHHHRICRIRCIIOHCRIRRHI/RCIOICOHRIOIIRRRROCRHCIICRROHO	com/moonsworth/lunar/legacy/HRICOROOOCCOCOROCRHHCRRIRCOICO/HRORICORIHHHRICRIRCIIOHCRIRRHI/EnumFacingMixin
com/moonsworth/lunar/legacy/HRICOROOOCCOCOROCRHHCRRIRCOICO/HRORICORIHHHRICRIRCIIOHCRIRRHI/RHIRRICCRHHHIIHHIHHOHRCHIOORCC	com/moonsworth/lunar/legacy/HRICOROOOCCOCOROCRHHCRRIRCOICO/HRORICORIHHHRICRIRCIIOHCRIRRHI/EnumChatFormattingMixin
com/moonsworth/lunar/legacy/HRICOROOOCCOCOROCRHHCRRIRCOICO/ICRHORIIHOHROHOHOCOOHOOCOORRHO/CCROIHHHCOCHHOHORCIRHOCRROIOCI/CCROIHHHCOCHHOHORCIRHOCRROIOCI	com/moonsworth/lunar/legacy/HRICOROOOCCOCOROCRHHCRRIRCOICO/ICRHORIIHOHROHOHOCOOHOOCOORRHO/CCROIHHHCOCHHOHORCIRHOCRROIOCI/SkinManagerMixin
com/moonsworth/lunar/legacy/HRICOROOOCCOCOROCRHHCRRIRCOICO/ICRHORIIHOHROHOHOCOOHOOCOORRHO/CCROIHHHCOCHHOHORCIRHOCRROIOCI/HHRROIIHRRICIIHIIHICRHHRHOHHOO/HHRROIIHRRICIIHIIHICRHHRHOHHOO	com/moonsworth/lunar/legacy/HRICOROOOCCOCOROCRHHCRRIRCOICO/ICRHORIIHOHROHOHOCOOHOOCOORRHO/CCROIHHHCOCHHOHORCIRHOCRROIOCI/HHRROIIHRRICIIHIIHICRHHRHOHHOO/BlockPartFaceMixin
com/moonsworth/lunar/legacy/HRICOROOOCCOCOROCRHHCRRIRCOICO/ICRHORIIHOHROHOHOCOOHOOCOORRHO/CCROIHHHCOCHHOHORCIRHOCRROIOCI/HHRROIIHRRICIIHIIHICRHHRHOHHOO/HORHROIOIOICIRHIOCOICHHHIHCIIO	com/moonsworth/lunar/legacy/HRICOROOOCCOCOROCRHHCRRIRCOICO/ICRHORIIHOHROHOHOCOOHOOCOORRHO/CCROIHHHCOCHHOHORCIRHOCRROIOCI/HHRROIIHRRICIIHIIHICRHHRHOHHOO/BakedQuadMixin
com/moonsworth/lunar/legacy/HRICOROOOCCOCOROCRHHCRRIRCOICO/ICRHORIIHOHROHOHOCOOHOOCOORRHO/CCROIHHHCOCHHOHORCIRHOCRROIOCI/HHRROIIHRRICIIHIIHICRHHRHOHHOO/HRICOROOOCCOCOROCRHHCRRIRCOICO	com/moonsworth/lunar/legacy/HRICOROOOCCOCOROCRHHCRRIRCOICO/ICRHORIIHOHROHOHOCOOHOOCOORRHO/CCROIHHHCOCHHOHORCIRHOCRROIOCI/HHRROIIHRRICIIHIIHICRHHRHOHHOO/BuiltInModelMixin
com/moonsworth/lunar/legacy/HRICOROOOCCOCOROCRHHCRRIRCOICO/ICRHORIIHOHROHOHOCOOHOOCOORRHO/CCROIHHHCOCHHOHORCIRHOCRROIOCI/HHRROIIHRRICIIHIIHICRHHRHOHHOO/ICRHORIIHOHROHOHOCOOHOOCOORRHO	com/moonsworth/lunar/legacy/HRICOROOOCCOCOROCRHHCRRIRCOICO/ICRHORIIHOHROHOHOCOOHOOCOORRHO/CCROIHHHCOCHHOHORCIRHOCRROIOCI/HHRROIIHRRICIIHIIHICRHHRHOHHOO/FaceBakeryMixin
com/moonsworth/lunar/legacy/HRICOROOOCCOCOROCRHHCRRIRCOICO/ICRHORIIHOHROHOHOCOOHOOCOORRHO/CCROIHHHCOCHHOHORCIRHOCRROIOCI/HHRROIIHRRICIIHIIHICRHHRHOHHOO/OHROCHICOIOICHOCRROORRCIIICIHO	com/moonsworth/lunar/legacy/HRICOROOOCCOCOROCRHHCRRIRCOICO/ICRHORIIHOHROHOHOCOOHOOCOORRHO/CCROIHHHCOCHHOHORCIRHOCRROIOCI/HHRROIIHRRICIIHIIHICRHHRHOHHOO/ModelRotationMixin
com/moonsworth/lunar/legacy/HRICOROOOCCOCOROCRHHCRRIRCOICO/ICRHORIIHOHROHOHOCOOHOOCOORRHO/CCROIHHHCOCHHOHORCIRHOCRROIOCI/HHRROIIHRRICIIHIIHICRHHRHOHHOO/ORCHOHHCOHCORRICRIHCHHRORHHCHH	com/moonsworth/lunar/legacy/HRICOROOOCCOCOROCRHHCRRIRCOICO/ICRHORIIHOHROHOHOCOOHOOCOORRHO/CCROIHHHCOCHHOHORCIRHOCRROIOCI/HHRROIIHRRICIIHIIHICRHHRHOHHOO/SimpleBakedModelMixin
com/moonsworth/lunar/legacy/HRICOROOOCCOCOROCRHHCRRIRCOICO/ICRHORIIHOHROHOHOCOOHOOCOORRHO/CCROIHHHCOCHHOHORCIRHOCRROIOCI/HHRROIIHRRICIIHIIHICRHHRHOHHOO/ORICHRORRORHORHOIHCRHOORCRRHOI	com/moonsworth/lunar/legacy/HRICOROOOCCOCOROCRHHCRRIRCOICO/ICRHORIIHOHROHOHOCOOHOOCOORRHO/CCROIHHHCOCHHOHORCIRHOCRROIOCI/HHRROIIHRRICIIHIIHICRHHRHOHHOO/WeightedBakedModelMixin
com/moonsworth/lunar/legacy/HRICOROOOCCOCOROCRHHCRRIRCOICO/ICRHORIIHOHROHOHOCOOHOOCOORRHO/CCROIHHHCOCHHOHORCIRHOCRROIOCI/HHRROIIHRRICIIHIIHICRHHRHOHHOO_	com/moonsworth/lunar/legacy/HRICOROOOCCOCOROCRHHCRRIRCOICO/ICRHORIIHOHROHOHOCOOHOOCOORRHO/CCROIHHHCOCHHOHORCIRHOCRROIOCI/DefaultResourcePackMixin
com/moonsworth/lunar/legacy/HRICOROOOCCOCOROCRHHCRRIRCOICO/ICRHORIIHOHROHOHOCOOHOOCOORRHO/CCROIHHHCOCHHOHORCIRHOCRROIOCI/HORHROIOIOICIRHIOCOICHHHIHCIIO/HHRROIIHRRICIIHIIHICRHHRHOHHOO	com/moonsworth/lunar/legacy/HRICOROOOCCOCOROCRHHCRRIRCOICO/ICRHORIIHOHROHOHOCOOHOOCOORRHO/CCROIHHHCOCHHOHORCIRHOCRROIOCI/HORHROIOIOICIRHIOCOICHHHIHCIIO/AnimationMetadataSectionMixin
com/moonsworth/lunar/legacy/HRICOROOOCCOCOROCRHHCRRIRCOICO/ICRHORIIHOHROHOHOCOOHOOCOORRHO/CCROIHHHCOCHHOHORCIRHOCRROIOCI/HORHROIOIOICIRHIOCOICHHHIHCIIO/HORHROIOIOICIRHIOCOICHHHIHCIIO	com/moonsworth/lunar/legacy/HRICOROOOCCOCOROCRHHCRRIRCOICO/ICRHORIIHOHROHOHOCOOHOOCOORRHO/CCROIHHHCOCHHOHORCIRHOCRROIOCI/HORHROIOIOICIRHIOCOICHHHIHCIIO/AnimationFrameMixin
com/moonsworth/lunar/legacy/HRICOROOOCCOCOROCRHHCRRIRCOICO/ICRHORIIHOHROHOHOCOOHOOCOORRHO/CCROIHHHCOCHHOHORCIRHOCRROIOCI/HORHROIOIOICIRHIOCOICHHHIHCIIO/ICRHORIIHOHROHOHOCOOHOOCOORRHO	com/moonsworth/lunar/legacy/HRICOROOOCCOCOROCRHHCRRIRCOICO/ICRHORIIHOHROHOHOCOOHOOCOORRHO/CCROIHHHCOCHHOHORCIRHOCRROIOCI/HORHROIOIOICIRHIOCOICHHHIHCIIO/TextureMetadataSectionMixin
com/moonsworth/lunar/legacy/HRICOROOOCCOCOROCRHHCRRIRCOICO/ICRHORIIHOHROHOHOCOOHOOCOORRHO/CCROIHHHCOCHHOHORCIRHOCRROIOCI/HORHROIOIOICIRHIOCOICHHHIHCIIO_	com/moonsworth/lunar/legacy/HRICOROOOCCOCOROCRHHCRRIRCOICO/ICRHORIIHOHROHOHOCOOHOOCOORRHO/CCROIHHHCOCHHOHORCIRHOCRROIOCI/AbstractResourcePackMixin
com/moonsworth/lunar/legacy/HRICOROOOCCOCOROCRHHCRRIRCOICO/ICRHORIIHOHROHOHOCOOHOOCOORRHO/CCROIHHHCOCHHOHORCIRHOCRROIOCI/HRICOROOOCCOCOROCRHHCRRIRCOICO	com/moonsworth/lunar/legacy/HRICOROOOCCOCOROCRHHCRRIRCOICO/ICRHORIIHOHROHOHOCOOHOOCOORRHO/CCROIHHHCOCHHOHORCIRHOCRROIOCI/LanguageManagerMixin
com/moonsworth/lunar/legacy/HRICOROOOCCOCOROCRHHCRRIRCOICO/ICRHORIIHOHROHOHOCOOHOOCOORRHO/CCROIHHHCOCHHOHORCIRHOCRROIOCI/HROHOIOCHIRIHICOORIHOHCIOIRIIH	com/moonsworth/lunar/legacy/HRICOROOOCCOCOROCRHHCRRIRCOICO/ICRHORIIHOHROHOHOCOOHOOCOORRHO/CCROIHHHCOCHHOHORCIRHOCRROIOCI/SimpleResourceMixin
com/moonsworth/lunar/legacy/HRICOROOOCCOCOROCRHHCRRIRCOICO/ICRHORIIHOHROHOHOCOOHOOCOORRHO/CCROIHHHCOCHHOHORCIRHOCRROIOCI/ICRHORIIHOHROHOHOCOOHOOCOORRHO	com/moonsworth/lunar/legacy/HRICOROOOCCOCOROCRHHCRRIRCOICO/ICRHORIIHOHROHOHOCOOHOOCOORRHO/CCROIHHHCOCHHOHORCIRHOCRROIOCI/LegacyV2AdapterMixin
com/moonsworth/lunar/legacy/HRICOROOOCCOCOROCRHHCRRIRCOICO/ICRHORIIHOHROHOHOCOOHOOCOORRHO/CCROIHHHCOCHHOHORCIRHOCRROIOCI/OHROCHICOIOICHOCRROORRCIIICIHO	com/moonsworth/lunar/legacy/HRICOROOOCCOCOROCRHHCRRIRCOICO/ICRHORIIHOHROHOHOCOOHOOCOORRHO/CCROIHHHCOCHHOHORCIRHOCRROIOCI/ResourcePackListEntryMixin
com/moonsworth/lunar/legacy/HRICOROOOCCOCOROCRHHCRRIRCOICO/ICRHORIIHOHROHOHOCOOHOOCOORRHO/CCROIHHHCOCHHOHORCIRHOCRROIOCI/ORCHOHHCOHCORRICRIHCHHRORHHCHH	com/moonsworth/lunar/legacy/HRICOROOOCCOCOROCRHHCRRIRCOICO/ICRHORIIHOHROHOHOCOOHOOCOORRHO/CCROIHHHCOCHHOHORCIRHOCRROIOCI/ResourcePackRepositoryMixin
com/moonsworth/lunar/legacy/HRICOROOOCCOCOROCRHHCRRIRCOICO/ICRHORIIHOHROHOHOCOOHOOCOORRHO/CCROIHHHCOCHHOHORCIRHOCRROIOCI/ORICHRORRORHORHOIHCRHOORCRRHOI	com/moonsworth/lunar/legacy/HRICOROOOCCOCOROCRHHCRRIRCOICO/ICRHORIIHOHROHOHOCOOHOOCOORRHO/CCROIHHHCOCHHOHORCIRHOCRROIOCI/SimpleReloadableResourceManagerMixin
com/moonsworth/lunar/legacy/HRICOROOOCCOCOROCRHHCRRIRCOICO/ICRHORIIHOHROHOHOCOOHOOCOORRHO/CCROIHHHCOCHHOHORCIRHOCRROIOCI/RCIOICOHRIOIIRRRROCRHCIICRROHO	com/moonsworth/lunar/legacy/HRICOROOOCCOCOROCRHHCRRIRCOICO/ICRHORIIHOHROHOHOCOOHOOCOORRHO/CCROIHHHCOCHHOHORCIRHOCRROIOCI/IMetadataSerializerMixin
com/moonsworth/lunar/legacy/HRICOROOOCCOCOROCRHHCRRIRCOICO/ICRHORIIHOHROHOHOCOOHOOCOORRHO/HHRROIIHRRICIIHIIHICRHHRHOHHOO/HHRROIIHRRICIIHIIHICRHHRHOHHOO	com/moonsworth/lunar/legacy/HRICOROOOCCOCOROCRHHCRRIRCOICO/ICRHORIIHOHROHOHOCOOHOOCOORRHO/HHRROIIHRRICIIHIIHICRHHRHOHHOO/EntityOtherPlayerMPMixin
com/moonsworth/lunar/legacy/HRICOROOOCCOCOROCRHHCRRIRCOICO/ICRHORIIHOHROHOHOCOOHOOCOORRHO/HHRROIIHRRICIIHIIHICRHHRHOHHOO/HORHROIOIOICIRHIOCOICHHHIHCIIO/HORHROIOIOICIRHIOCOICHHHIHCIIO	com/moonsworth/lunar/legacy/HRICOROOOCCOCOROCRHHCRRIRCOICO/ICRHORIIHOHROHOHOCOOHOOCOORRHO/HHRROIIHRRICIIHIIHICRHHRHOHHOO/HORHROIOIOICIRHIOCOICHHHIHCIIO/PlayerCapabilitiesMixin
com/moonsworth/lunar/legacy/HRICOROOOCCOCOROCRHHCRRIRCOICO/ICRHORIIHOHROHOHOCOOHOOCOORRHO/HHRROIIHRRICIIHIIHICRHHRHOHHOO/HORHROIOIOICIRHIOCOICHHHIHCIIO_	com/moonsworth/lunar/legacy/HRICOROOOCCOCOROCRHHCRRIRCOICO/ICRHORIIHOHROHOHOCOOHOOCOORRHO/HHRROIIHRRICIIHIIHICRHHRHOHHOO/AbstractClientPlayerMixin
com/moonsworth/lunar/legacy/HRICOROOOCCOCOROCRHHCRRIRCOICO/ICRHORIIHOHROHOHOCOOHOOCOORRHO/HHRROIIHRRICIIHIIHICRHHRHOHHOO/HRICOROOOCCOCOROCRHHCRRIRCOICO	com/moonsworth/lunar/legacy/HRICOROOOCCOCOROCRHHCRRIRCOICO/ICRHORIIHOHROHOHOCOOHOOCOORRHO/HHRROIIHRRICIIHIIHICRHHRHOHHOO/EntityPlayerSPMixin
com/moonsworth/lunar/legacy/HRICOROOOCCOCOROCRHHCRRIRCOICO/ICRHORIIHOHROHOHOCOOHOOCOORRHO/HHRROIIHRRICIIHIIHICRHHRHOHHOO_	com/moonsworth/lunar/legacy/HRICOROOOCCOCOROCRHHCRRIRCOICO/ICRHORIIHOHROHOHOCOOHOOCOORRHO/TimerMixin
com/moonsworth/lunar/legacy/HRICOROOOCCOCOROCRHHCRRIRCOICO/ICRHORIIHOHROHOHOCOOHOOCOORRHO/HORHROIOIOICIRHIOCOICHHHIHCIIO/HHRROIIHRRICIIHIIHICRHHRHOHHOO	com/moonsworth/lunar/legacy/HRICOROOOCCOCOROCRHHCRRIRCOICO/ICRHORIIHOHROHOHOCOOHOOCOORRHO/HORHROIOIOICIRHIOCOICHHHIHCIIO/SoundManagerMixin
com/moonsworth/lunar/legacy/HRICOROOOCCOCOROCRHHCRRIRCOICO/ICRHORIIHOHROHOHOCOOHOOCOORRHO/HORHROIOIOICIRHIOCOICHHHIHCIIO/HORHROIOIOICIRHIOCOICHHHIHCIIO	com/moonsworth/lunar/legacy/HRICOROOOCCOCOROCRHHCRRIRCOICO/ICRHORIIHOHROHOHOCOOHOOCOORRHO/HORHROIOIOICIRHIOCOICHHHIHCIIO/SoundHandlerMixin
com/moonsworth/lunar/legacy/HRICOROOOCCOCOROCRHHCRRIRCOICO/ICRHORIIHOHROHOHOCOOHOOCOORRHO/HORHROIOIOICIRHIOCOICHHHIHCIIO_	com/moonsworth/lunar/legacy/HRICOROOOCCOCOROCRHHCRRIRCOICO/ICRHORIIHOHROHOHOCOOHOOCOORRHO/MinecraftMixin
com/moonsworth/lunar/legacy/HRICOROOOCCOCOROCRHHCRRIRCOICO/ICRHORIIHOHROHOHOCOOHOOCOORRHO/HRICOROOOCCOCOROCRHHCRRIRCOICO/CCHIHOHCICHCRCCCHRIIOHHIICCCIO	com/moonsworth/lunar/legacy/HRICOROOOCCOCOROCRHHCRRIRCOICO/ICRHORIIHOHROHOHOCOOHOOCOORRHO/HRICOROOOCCOCOROCRHHCRRIRCOICO/SlotMixin
com/moonsworth/lunar/legacy/HRICOROOOCCOCOROCRHHCRRIRCOICO/ICRHORIIHOHROHOHOCOOHOOCOORRHO/HRICOROOOCCOCOROCRHHCRRIRCOICO/CCHOHROIOHHCCCOCIIOIRCHRROHHRC	com/moonsworth/lunar/legacy/HRICOROOOCCOCOROCRHHCRRIRCOICO/ICRHORIIHOHROHOHOCOOHOOCOORRHO/HRICOROOOCCOCOROCRHHCRRIRCOICO/GuiSelectWorldMixin
com/moonsworth/lunar/legacy/HRICOROOOCCOCOROCRHHCRRIRCOICO/ICRHORIIHOHROHOHOCOOHOOCOORRHO/HRICOROOOCCOCOROCRHHCRRIRCOICO/CCROIHHHCOCHHOHORCIRHOCRROIOCI	com/moonsworth/lunar/legacy/HRICOROOOCCOCOROCRHHCRRIRCOICO/ICRHORIIHOHROHOHOCOOHOOCOORRHO/HRICOROOOCCOCOROCRHHCRRIRCOICO/GuiConnectingMixin
com/moonsworth/lunar/legacy/HRICOROOOCCOCOROCRHHCRRIRCOICO/ICRHORIIHOHROHOHOCOOHOOCOORRHO/HRICOROOOCCOCOROCRHHCRRIRCOICO/CORRCOHCRHOHHOIHOIOICORROHOOOO	com/moonsworth/lunar/legacy/HRICOROOOCCOCOROCRHHCRRIRCOICO/ICRHORIIHOHROHOHOCOOHOOCOORRHO/HRICOROOOCCOCOROCRHHCRRIRCOICO/GuiOptionsMixin
com/moonsworth/lunar/legacy/HRICOROOOCCOCOROCRHHCRRIRCOICO/ICRHORIIHOHROHOHOCOOHOOCOORRHO/HRICOROOOCCOCOROCRHHCRRIRCOICO/HCCIHCROHHCOOHCHCHHHICIOROHICC	com/moonsworth/lunar/legacy/HRICOROOOCCOCOROCRHHCRRIRCOICO/ICRHORIIHOHROHOHOCOOHOOCOORRHO/HRICOROOOCCOCOROCRHHCRRIRCOICO/GuiPlayerTabOverlayMixin
com/moonsworth/lunar/legacy/HRICOROOOCCOCOROCRHHCRRIRCOICO/ICRHORIIHOHROHOHOCOOHOOCOORRHO/HRICOROOOCCOCOROCRHHCRRIRCOICO/HCHHRHHCRIIORRRICOOCCOCHIRRRRR	com/moonsworth/lunar/legacy/HRICOROOOCCOCOROCRHHCRRIRCOICO/ICRHORIIHOHROHOHOCOOHOOCOORRHO/HRICOROOOCCOCOROCRHHCRRIRCOICO/GuiMultiplayerMixin
com/moonsworth/lunar/legacy/HRICOROOOCCOCOROCRHHCRRIRCOICO/ICRHORIIHOHROHOHOCOOHOOCOORRHO/HRICOROOOCCOCOROCRHHCRRIRCOICO/HHRROIIHRRICIIHIIHICRHHRHOHHOO/HHRROIIHRRICIIHIIHICRHHRHOHHOO	com/moonsworth/lunar/legacy/HRICOROOOCCOCOROCRHHCRRIRCOICO/ICRHORIIHOHROHOHOCOOHOOCOORRHO/HRICOROOOCCOCOROCRHHCRRIRCOICO/HHRROIIHRRICIIHIIHICRHHRHOHHOO/ToastInstanceMixin
com/moonsworth/lunar/legacy/HRICOROOOCCOCOROCRHHCRRIRCOICO/ICRHORIIHOHROHOHOCOOHOOCOORRHO/HRICOROOOCCOCOROCRHHCRRIRCOICO/HHRROIIHRRICIIHIIHICRHHRHOHHOO/HORHROIOIOICIRHIOCOICHHHIHCIIO	com/moonsworth/lunar/legacy/HRICOROOOCCOCOROCRHHCRRIRCOICO/ICRHORIIHOHROHOHOCOOHOOCOORRHO/HRICOROOOCCOCOROCRHHCRRIRCOICO/HHRROIIHRRICIIHIIHICRHHRHOHHOO/GuiToastMixin
com/moonsworth/lunar/legacy/HRICOROOOCCOCOROCRHHCRRIRCOICO/ICRHORIIHOHROHOHOCOOHOOCOORRHO/HRICOROOOCCOCOROCRHHCRRIRCOICO/HHRROIIHRRICIIHIIHICRHHRHOHHOO_	com/moonsworth/lunar/legacy/HRICOROOOCCOCOROCRHHCRRIRCOICO/ICRHORIIHOHROHOHOCOOHOOCOORRHO/HRICOROOOCCOCOROCRHHCRRIRCOICO/FontRendererMixin
com/moonsworth/lunar/legacy/HRICOROOOCCOCOROCRHHCRRIRCOICO/ICRHORIIHOHROHOHOCOOHOOCOORRHO/HRICOROOOCCOCOROCRHHCRRIRCOICO/HICCRORORCRIHCORCCIORIOROORIHR	com/moonsworth/lunar/legacy/HRICOROOOCCOCOROCRHHCRRIRCOICO/ICRHORIIHOHROHOHOCOOHOOCOORRHO/HRICOROOOCCOCOROCRHHCRRIRCOICO/GuiMainMenuMixin
com/moonsworth/lunar/legacy/HRICOROOOCCOCOROCRHHCRRIRCOICO/ICRHORIIHOHROHOHOCOOHOOCOORRHO/HRICOROOOCCOCOROCRHHCRRIRCOICO/HIOROOCORHICHIRIHIRCCORCIIICCH	com/moonsworth/lunar/legacy/HRICOROOOCCOCOROCRHHCRRIRCOICO/ICRHORIIHOHROHOHOCOOHOOCOORRHO/HRICOROOOCCOCOROCRHHCRRIRCOICO/GuiDisconnectedMixin
com/moonsworth/lunar/legacy/HRICOROOOCCOCOROCRHHCRRIRCOICO/ICRHORIIHOHROHOHOCOOHOOCOORRHO/HRICOROOOCCOCOROCRHHCRRIRCOICO/HIRHCCHIRHRORIICOIHIHCICOIRHHC	com/moonsworth/lunar/legacy/HRICOROOOCCOCOROCRHHCRRIRCOICO/ICRHORIIHOHROHOHOCOOHOOCOORRHO/HRICOROOOCCOCOROCRHHCRRIRCOICO/GuiScreenMixin
com/moonsworth/lunar/legacy/HRICOROOOCCOCOROCRHHCRRIRCOICO/ICRHORIIHOHROHOHOCOOHOOCOORRHO/HRICOROOOCCOCOROCRHHCRRIRCOICO/HOCCRCCRCHROIICOOHOHRIICRHCOHR	com/moonsworth/lunar/legacy/HRICOROOOCCOCOROCRHHCRRIRCOICO/ICRHORIIHOHROHOHOCOOHOOCOORRHO/HRICOROOOCCOCOROCRHHCRRIRCOICO/ServerListEntryNormalMixin
com/moonsworth/lunar/legacy/HRICOROOOCCOCOROCRHHCRRIRCOICO/ICRHORIIHOHROHOHOCOOHOOCOORRHO/HRICOROOOCCOCOROCRHHCRRIRCOICO/HOOHOOCICIOHOCCCCRCICOIIOIOIIH	com/moonsworth/lunar/legacy/HRICOROOOCCOCOROCRHHCRRIRCOICO/ICRHORIIHOHROHOHOCOOHOOCOORRHO/HRICOROOOCCOCOROCRHHCRRIRCOICO/GuiYesNoMixin
com/moonsworth/lunar/legacy/HRICOROOOCCOCOROCRHHCRRIRCOICO/ICRHORIIHOHROHOHOCOOHOOCOORRHO/HRICOROOOCCOCOROCRHHCRRIRCOICO/HORHROIOIOICIRHIOCOICHHHIHCIIO/HHRROIIHRRICIIHIIHICRHHRHOHHOO	com/moonsworth/lunar/legacy/HRICOROOOCCOCOROCRHHCRRIRCOICO/ICRHORIIHOHROHOHOCOOHOOCOORRHO/HRICOROOOCCOCOROCRHHCRRIRCOICO/HORHROIOIOICIRHIOCOICHHHIHCIIO/GuiScreenHorseInventoryMixin
com/moonsworth/lunar/legacy/HRICOROOOCCOCOROCRHHCRRIRCOICO/ICRHORIIHOHROHOHOCOOHOOCOORRHO/HRICOROOOCCOCOROCRHHCRRIRCOICO/HORHROIOIOICIRHIOCOICHHHIHCIIO/HORHROIOIOICIRHIOCOICHHHIHCIIO	com/moonsworth/lunar/legacy/HRICOROOOCCOCOROCRHHCRRIRCOICO/ICRHORIIHOHROHOHOCOOHOOCOORRHO/HRICOROOOCCOCOROCRHHCRRIRCOICO/HORHROIOIOICIRHIOCOICHHHIHCIIO/GuiChestMixin
com/moonsworth/lunar/legacy/HRICOROOOCCOCOROCRHHCRRIRCOICO/ICRHORIIHOHROHOHOCOOHOOCOORRHO/HRICOROOOCCOCOROCRHHCRRIRCOICO/HORHROIOIOICIRHIOCOICHHHIHCIIO_	com/moonsworth/lunar/legacy/HRICOROOOCCOCOROCRHHCRRIRCOICO/ICRHORIIHOHROHOHOCOOHOOCOORRHO/HRICOROOOCCOCOROCRHHCRRIRCOICO/ChatLineMixin
com/moonsworth/lunar/legacy/HRICOROOOCCOCOROCRHHCRRIRCOICO/ICRHORIIHOHROHOHOCOOHOOCOORRHO/HRICOROOOCCOCOROCRHHCRRIRCOICO/HRICOROOOCCOCOROCRHHCRRIRCOICO	com/moonsworth/lunar/legacy/HRICOROOOCCOCOROCRHHCRRIRCOICO/ICRHORIIHOHROHOHOCOOHOOCOORRHO/HRICOROOOCCOCOROCRHHCRRIRCOICO/GuiAchievementMixin
com/moonsworth/lunar/legacy/HRICOROOOCCOCOROCRHHCRRIRCOICO/ICRHORIIHOHROHOHOCOOHOOCOORRHO/HRICOROOOCCOCOROCRHHCRRIRCOICO/HROHOIOCHIRIHICOORIHOHCIOIRIIH	com/moonsworth/lunar/legacy/HRICOROOOCCOCOROCRHHCRRIRCOICO/ICRHORIIHOHROHOHOCOOHOOCOORRHO/HRICOROOOCCOCOROCRHHCRRIRCOICO/GuiConfirmOpenLinkMixin
com/moonsworth/lunar/legacy/HRICOROOOCCOCOROCRHHCRRIRCOICO/ICRHORIIHOHROHOHOCOOHOOCOORRHO/HRICOROOOCCOCOROCRHHCRRIRCOICO/HROOOICICRCOCIROHIRICCCOCCIORH	com/moonsworth/lunar/legacy/HRICOROOOCCOCOROCRHHCRRIRCOICO/ICRHORIIHOHROHOHOCOOHOOCOORRHO/HRICOROOOCCOCOROCRHHCRRIRCOICO/MapItemRendererMixin
com/moonsworth/lunar/legacy/HRICOROOOCCOCOROCRHHCRRIRCOICO/ICRHORIIHOHROHOHOCOOHOOCOORRHO/HRICOROOOCCOCOROCRHHCRRIRCOICO/HRORICORIHHHRICRIRCIIOHCRIRRHI	com/moonsworth/lunar/legacy/HRICOROOOCCOCOROCRHHCRRIRCOICO/ICRHORIIHOHROHOHOCOOHOOCOORRHO/HRICOROOOCCOCOROCRHHCRRIRCOICO/GuiLanguageMixin
com/moonsworth/lunar/legacy/HRICOROOOCCOCOROCRHHCRRIRCOICO/ICRHORIIHOHROHOHOCOOHOOCOORRHO/HRICOROOOCCOCOROCRHHCRRIRCOICO/ICOOHRIORIOOIIRRIHHOOIOHHCORIR	com/moonsworth/lunar/legacy/HRICOROOOCCOCOROCRHHCRRIRCOICO/ICRHORIIHOHROHOHOCOOHOOCOORRHO/HRICOROOOCCOCOROCRHHCRRIRCOICO/GuiScreenResourcePacksMixin
com/moonsworth/lunar/legacy/HRICOROOOCCOCOROCRHHCRRIRCOICO/ICRHORIIHOHROHOHOCOOHOOCOORRHO/HRICOROOOCCOCOROCRHHCRRIRCOICO/ICRHORIIHOHROHOHOCOOHOOCOORRHO	com/moonsworth/lunar/legacy/HRICOROOOCCOCOROCRHHCRRIRCOICO/ICRHORIIHOHROHOHOCOOHOOCOORRHO/HRICOROOOCCOCOROCRHHCRRIRCOICO/GuiAchievementsMixin
com/moonsworth/lunar/legacy/HRICOROOOCCOCOROCRHHCRRIRCOICO/ICRHORIIHOHROHOHOCOOHOOCOORRHO/HRICOROOOCCOCOROCRHHCRRIRCOICO/IHRHHRIHICHOOICIRIOOHOICHIRHOI	com/moonsworth/lunar/legacy/HRICOROOOCCOCOROCRHHCRRIRCOICO/ICRHORIIHOHROHOHOCOOHOOCOORRHO/HRICOROOOCCOCOROCRHHCRRIRCOICO/GuiEditSignMixin
com/moonsworth/lunar/legacy/HRICOROOOCCOCOROCRHHCRRIRCOICO/ICRHORIIHOHROHOHOCOOHOOCOORRHO/HRICOROOOCCOCOROCRHHCRRIRCOICO/IIORCIOOIHRRRICOHIRCIHOOCCOHRO	com/moonsworth/lunar/legacy/HRICOROOOCCOCOROCRHHCRRIRCOICO/ICRHORIIHOHROHOHOCOOHOOCOORRHO/HRICOROOOCCOCOROCRHHCRRIRCOICO/GuiGameOverMixin
com/moonsworth/lunar/legacy/HRICOROOOCCOCOROCRHHCRRIRCOICO/ICRHORIIHOHROHOHOCOOHOOCOORRHO/HRICOROOOCCOCOROCRHHCRRIRCOICO/IRCHCHOHRRIOORHRCHRIHIOHRCIHRH	com/moonsworth/lunar/legacy/HRICOROOOCCOCOROCRHHCRRIRCOICO/ICRHORIIHOHROHOHOCOOHOOCOORRHO/HRICOROOOCCOCOROCRHHCRRIRCOICO/GuiIngameMixin2
com/moonsworth/lunar/legacy/HRICOROOOCCOCOROCRHHCRRIRCOICO/ICRHORIIHOHROHOHOCOOHOOCOORRHO/HRICOROOOCCOCOROCRHHCRRIRCOICO/OCRORCCHCRIOOIRHOHRRHCRRHRCIHO	com/moonsworth/lunar/legacy/HRICOROOOCCOCOROCRHHCRRIRCOICO/ICRHORIIHOHROHOHOCOOHOOCOORRHO/HRICOROOOCCOCOROCRHHCRRIRCOICO/GuiNewChatMixin
com/moonsworth/lunar/legacy/HRICOROOOCCOCOROCRHHCRRIRCOICO/ICRHORIIHOHROHOHOCOOHOOCOORRHO/HRICOROOOCCOCOROCRHHCRRIRCOICO/OHOOORICRHIIIIRHCICICOCHROICRC	com/moonsworth/lunar/legacy/HRICOROOOCCOCOROCRHHCRRIRCOICO/ICRHORIIHOHROHOHOCOOHOOCOORRHO/HRICOROOOCCOCOROCRHHCRRIRCOICO/GuiContainerMixin
com/moonsworth/lunar/legacy/HRICOROOOCCOCOROCRHHCRRIRCOICO/ICRHORIIHOHROHOHOCOOHOOCOORRHO/HRICOROOOCCOCOROCRHHCRRIRCOICO/OHROCHICOIOICHOCRROORRCIIICIHO	com/moonsworth/lunar/legacy/HRICOROOOCCOCOROCRHHCRRIRCOICO/ICRHORIIHOHROHOHOCOOHOOCOORRHO/HRICOROOOCCOCOROCRHHCRRIRCOICO/GuiScreenBookMixin
com/moonsworth/lunar/legacy/HRICOROOOCCOCOROCRHHCRRIRCOICO/ICRHORIIHOHROHOHOCOOHOOCOORRHO/HRICOROOOCCOCOROCRHHCRRIRCOICO/OIRIOIIIRICICCHORICRRIRROHCRIC	com/moonsworth/lunar/legacy/HRICOROOOCCOCOROCRHHCRRIRCOICO/ICRHORIIHOHROHOHOCOOHOOCOORRHO/HRICOROOOCCOCOROCRHHCRRIRCOICO/GuiControlsMixin
com/moonsworth/lunar/legacy/HRICOROOOCCOCOROCRHHCRRIRCOICO/ICRHORIIHOHROHOHOCOOHOOCOORRHO/HRICOROOOCCOCOROCRHHCRRIRCOICO/OORHIHOOORHHIRORRICRRORCHRRIIC	com/moonsworth/lunar/legacy/HRICOROOOCCOCOROCRHHCRRIRCOICO/ICRHORIIHOHROHOHOCOOHOOCOORRHO/HRICOROOOCCOCOROCRHHCRRIRCOICO/GuiResourcePackListMixin
com/moonsworth/lunar/legacy/HRICOROOOCCOCOROCRHHCRRIRCOICO/ICRHORIIHOHROHOHOCOOHOOCOORRHO/HRICOROOOCCOCOROCRHHCRRIRCOICO/ORCHOHHCOHCORRICRIHCHHRORHHCHH	com/moonsworth/lunar/legacy/HRICOROOOCCOCOROCRHHCRRIRCOICO/ICRHORIIHOHROHOHOCOOHOOCOORRHO/HRICOROOOCCOCOROCRHHCRRIRCOICO/GuiButtonMixin
com/moonsworth/lunar/legacy/HRICOROOOCCOCOROCRHHCRRIRCOICO/ICRHORIIHOHROHOHOCOOHOOCOORRHO/HRICOROOOCCOCOROCRHHCRRIRCOICO/ORICHRORRORHORHOIHCRHOORCRRHOI	com/moonsworth/lunar/legacy/HRICOROOOCCOCOROCRHHCRRIRCOICO/ICRHORIIHOHROHOHOCOOHOOCOORRHO/HRICOROOOCCOCOROCRHHCRRIRCOICO/GuiChatMixin
com/moonsworth/lunar/legacy/HRICOROOOCCOCOROCRHHCRRIRCOICO/ICRHORIIHOHROHOHOCOOHOOCOORRHO/HRICOROOOCCOCOROCRHHCRRIRCOICO/RCIOICOHRIOIIRRRROCRHCIICRROHO	com/moonsworth/lunar/legacy/HRICOROOOCCOCOROCRHHCRRIRCOICO/ICRHORIIHOHROHOHOCOOHOOCOORRHO/HRICOROOOCCOCOROCRHHCRRIRCOICO/GuiErrorScreenMixin
com/moonsworth/lunar/legacy/HRICOROOOCCOCOROCRHHCRRIRCOICO/ICRHORIIHOHROHOHOCOOHOOCOORRHO/HRICOROOOCCOCOROCRHHCRRIRCOICO/RHIRRICCRHHHIIHHIHHOHRCHIOORCC	com/moonsworth/lunar/legacy/HRICOROOOCCOCOROCRHHCRRIRCOICO/ICRHORIIHOHROHOHOCOOHOOCOORRHO/HRICOROOOCCOCOROCRHHCRRIRCOICO/GuiDownloadTerrainMixin
com/moonsworth/lunar/legacy/HRICOROOOCCOCOROCRHHCRRIRCOICO/ICRHORIIHOHROHOHOCOOHOOCOORRHO/HRICOROOOCCOCOROCRHHCRRIRCOICO/RHRHIOOCICIORIOCIHHCIIRCRHHOII	com/moonsworth/lunar/legacy/HRICOROOOCCOCOROCRHHCRRIRCOICO/ICRHORIIHOHROHOHOCOOHOOCOORRHO/HRICOROOOCCOCOROCRHHCRRIRCOICO/GuiSlotMixin
com/moonsworth/lunar/legacy/HRICOROOOCCOCOROCRHHCRRIRCOICO/ICRHORIIHOHROHOHOCOOHOOCOORRHO/HRICOROOOCCOCOROCRHHCRRIRCOICO/RIIICIRHRCIHOOOORHOICRIICCCRHR	com/moonsworth/lunar/legacy/HRICOROOOCCOCOROCRHHCRRIRCOICO/ICRHORIIHOHROHOHOCOOHOOCOORRHO/HRICOROOOCCOCOROCRHHCRRIRCOICO/GuiIngameMenuMixin
com/moonsworth/lunar/legacy/HRICOROOOCCOCOROCRHHCRRIRCOICO/ICRHORIIHOHROHOHOCOOHOOCOORRHO/HRICOROOOCCOCOROCRHHCRRIRCOICO/RIIIOHCCHRRRORICCHIIHHOORIIOIR	com/moonsworth/lunar/legacy/HRICOROOOCCOCOROCRHHCRRIRCOICO/ICRHORIIHOHROHOHOCOOHOOCOORRHO/HRICOROOOCCOCOROCRHHCRRIRCOICO/GuiIngameMixin
com/moonsworth/lunar/legacy/HRICOROOOCCOCOROCRHHCRRIRCOICO/ICRHORIIHOHROHOHOCOOHOOCOORRHO/HRICOROOOCCOCOROCRHHCRRIRCOICO/RIOOHRCHIRCIICRIRCOCHIRHHCOIRO	com/moonsworth/lunar/legacy/HRICOROOOCCOCOROCRHHCRRIRCOICO/ICRHORIIHOHROHOHOCOOHOOCOORRHO/HRICOROOOCCOCOROCRHHCRRIRCOICO/SubtitleMixin
com/moonsworth/lunar/legacy/HRICOROOOCCOCOROCRHHCRRIRCOICO/ICRHORIIHOHROHOHOCOOHOOCOORRHO/HRICOROOOCCOCOROCRHHCRRIRCOICO/RRIHRICRHHHHHIIOOCOCICOIHCIIRC	com/moonsworth/lunar/legacy/HRICOROOOCCOCOROCRHHCRRIRCOICO/ICRHORIIHOHROHOHOCOOHOOCOORRHO/HRICOROOOCCOCOROCRHHCRRIRCOICO/GuiScreenAdvancementsMixin
com/moonsworth/lunar/legacy/HRICOROOOCCOCOROCRHHCRRIRCOICO/ICRHORIIHOHROHOHOCOOHOOCOORRHO/HROHOIOCHIRIHICOORIHOHCIOIRIIH/HHRROIIHRRICIIHIIHICRHHRHOHHOO/HORHROIOIOICIRHIOCOICHHHIHCIIO	com/moonsworth/lunar/legacy/HRICOROOOCCOCOROCRHHCRRIRCOICO/ICRHORIIHOHROHOHOCOOHOOCOORRHO/HROHOIOCHIRIHICOORIHOHCIOIRIIH/HHRROIIHRRICIIHIIHICRHHRHOHHOO/FrustumMixin
com/moonsworth/lunar/legacy/HRICOROOOCCOCOROCRHHCRRIRCOICO/ICRHORIIHOHROHOHOCOOHOOCOORRHO/HROHOIOCHIRIHICOORIHOHCIOIRIIH/HHRROIIHRRICIIHIIHICRHHRHOHHOO_	com/moonsworth/lunar/legacy/HRICOROOOCCOCOROCRHHCRRIRCOICO/ICRHORIIHOHROHOHOCOOHOOCOORRHO/HROHOIOCHIRIHICOORIHOHCIOIRIIH/ContainerLocalRenderInformationMixin
com/moonsworth/lunar/legacy/HRICOROOOCCOCOROCRHHCRRIRCOICO/ICRHORIIHOHROHOHOCOOHOOCOORRHO/HROHOIOCHIRIHICOORIHOHCIOIRIIH/HORHROIOIOICIRHIOCOICHHHIHCIIO/HORHROIOIOICIRHIOCOICHHHIHCIIO/HHRROIIHRRICIIHIIHICRHHRHOHHOO	com/moonsworth/lunar/legacy/HRICOROOOCCOCOROCRHHCRRIRCOICO/ICRHORIIHOHROHOHOCOOHOOCOORRHO/HROHOIOCHIRIHICOORIHOHCIOIRIIH/HORHROIOIOICIRHIOCOICHHHIHCIIO/HORHROIOIOICIRHIOCOICHHHIHCIIO/ModelBakeryMixin
com/moonsworth/lunar/legacy/HRICOROOOCCOCOROCRHHCRRIRCOICO/ICRHORIIHOHROHOHOCOOHOOCOORRHO/HROHOIOCHIRIHICOORIHOHCIOIRIIH/HORHROIOIOICIRHIOCOICHHHIHCIIO/HORHROIOIOICIRHIOCOICHHHIHCIIO/HORHROIOIOICIRHIOCOICHHHIHCIIO	com/moonsworth/lunar/legacy/HRICOROOOCCOCOROCRHHCRRIRCOICO/ICRHORIIHOHROHOHOCOOHOOCOORRHO/HROHOIOCHIRIHICOORIHOHCIOIRIIH/HORHROIOIOICIRHIOCOICHHHIHCIIO/HORHROIOIOICIRHIOCOICHHHIHCIIO/ItemCameraTransformsMixin
com/moonsworth/lunar/legacy/HRICOROOOCCOCOROCRHHCRRIRCOICO/ICRHORIIHOHROHOHOCOOHOOCOORRHO/HROHOIOCHIRIHICOORIHOHCIOIRIIH/HORHROIOIOICIRHIOCOICHHHIHCIIO/HORHROIOIOICIRHIOCOICHHHIHCIIO/HRICOROOOCCOCOROCRHHCRRIRCOICO	com/moonsworth/lunar/legacy/HRICOROOOCCOCOROCRHHCRRIRCOICO/ICRHORIIHOHROHOHOCOOHOOCOORRHO/HROHOIOCHIRIHICOORIHOHCIOIRIIH/HORHROIOIOICIRHIOCOICHHHIHCIIO/HORHROIOIOICIRHIOCOICHHHIHCIIO/ModelBlockMixin
com/moonsworth/lunar/legacy/HRICOROOOCCOCOROCRHHCRRIRCOICO/ICRHORIIHOHROHOHOCOOHOOCOORRHO/HROHOIOCHIRIHICOORIHOHCIOIRIIH/HORHROIOIOICIRHIOCOICHHHIHCIIO_	com/moonsworth/lunar/legacy/HRICOROOOCCOCOROCRHHCRRIRCOICO/ICRHORIIHOHROHOHOCOOHOOCOORRHO/HROHOIOCHIRIHICOORIHOHCIOIRIIH/WorldRendererMixin
com/moonsworth/lunar/legacy/HRICOROOOCCOCOROCRHHCRRIRCOICO/ICRHORIIHOHROHOHOCOOHOOCOORRHO/HROHOIOCHIRIHICOORIHOHCIOIRIIH/HRICOROOOCCOCOROCRHHCRRIRCOICO/CCROIHHHCOCHHOHORCIRHOCRROIOCI	com/moonsworth/lunar/legacy/HRICOROOOCCOCOROCRHHCRRIRCOICO/ICRHORIIHOHROHOHOCOOHOOCOORRHO/HROHOIOCHIRIHICOORIHOHCIOIRIIH/HRICOROOOCCOCOROCRHHCRRIRCOICO/TileEntityBeaconRendererMixin
com/moonsworth/lunar/legacy/HRICOROOOCCOCOROCRHHCRRIRCOICO/ICRHORIIHOHROHOHOCOOHOOCOORRHO/HROHOIOCHIRIHICOORIHOHCIOIRIIH/HRICOROOOCCOCOROCRHHCRRIRCOICO/HHRROIIHRRICIIHIIHICRHHRHOHHOO	com/moonsworth/lunar/legacy/HRICOROOOCCOCOROCRHHCRRIRCOICO/ICRHORIIHOHROHOHOCOOHOOCOORRHO/HROHOIOCHIRIHICOORIHOHCIOIRIIH/HRICOROOOCCOCOROCRHHCRRIRCOICO/ItemRendererMixin
com/moonsworth/lunar/legacy/HRICOROOOCCOCOROCRHHCRRIRCOICO/ICRHORIIHOHROHOHOCOOHOOCOORRHO/HROHOIOCHIRIHICOORIHOHCIOIRIIH/HRICOROOOCCOCOROCRHHCRRIRCOICO/HORHROIOIOICIRHIOCOICHHHIHCIIO/HHRROIIHRRICIIHIIHICRHHRHOHHOO	com/moonsworth/lunar/legacy/HRICOROOOCCOCOROCRHHCRRIRCOICO/ICRHORIIHOHROHOHOCOOHOOCOORRHO/HROHOIOCHIRIHICOORIHOHCIOIRIIH/HRICOROOOCCOCOROCRHHCRRIRCOICO/HORHROIOIOICIRHIOCOICHHHIHCIIO/LayerCapeMixin
com/moonsworth/lunar/legacy/HRICOROOOCCOCOROCRHHCRRIRCOICO/ICRHORIIHOHROHOHOCOOHOOCOORRHO/HROHOIOCHIRIHICOORIHOHCIOIRIIH/HRICOROOOCCOCOROCRHHCRRIRCOICO/HORHROIOIOICIRHIOCOICHHHIHCIIO/HORHROIOIOICIRHIOCOICHHHIHCIIO	com/moonsworth/lunar/legacy/HRICOROOOCCOCOROCRHHCRRIRCOICO/ICRHORIIHOHROHOHOCOOHOOCOORRHO/HROHOIOCHIRIHICOORIHOHCIOIRIIH/HRICOROOOCCOCOROCRHHCRRIRCOICO/HORHROIOIOICIRHIOCOICHHHIHCIIO/LayerArmorBaseMixin
com/moonsworth/lunar/legacy/HRICOROOOCCOCOROCRHHCRRIRCOICO/ICRHORIIHOHROHOHOCOOHOOCOORRHO/HROHOIOCHIRIHICOORIHOHCIOIRIIH/HRICOROOOCCOCOROCRHHCRRIRCOICO/HORHROIOIOICIRHIOCOICHHHIHCIIO/HRICOROOOCCOCOROCRHHCRRIRCOICO	com/moonsworth/lunar/legacy/HRICOROOOCCOCOROCRHHCRRIRCOICO/ICRHORIIHOHROHOHOCOOHOOCOORRHO/HROHOIOCHIRIHICOORIHOHCIOIRIIH/HRICOROOOCCOCOROCRHHCRRIRCOICO/HORHROIOIOICIRHIOCOICHHHIHCIIO/LayerHeldItemMixin
com/moonsworth/lunar/legacy/HRICOROOOCCOCOROCRHHCRRIRCOICO/ICRHORIIHOHROHOHOCOOHOOCOORRHO/HROHOIOCHIRIHICOORIHOHCIOIRIIH/HRICOROOOCCOCOROCRHHCRRIRCOICO/HORHROIOIOICIRHIOCOICHHHIHCIIO_	com/moonsworth/lunar/legacy/HRICOROOOCCOCOROCRHHCRRIRCOICO/ICRHORIIHOHROHOHOCOOHOOCOORRHO/HROHOIOCHIRIHICOORIHOHCIOIRIIH/HRICOROOOCCOCOROCRHHCRRIRCOICO/EntityGuardianMixin
com/moonsworth/lunar/legacy/HRICOROOOCCOCOROCRHHCRRIRCOICO/ICRHORIIHOHROHOHOCOOHOOCOORRHO/HROHOIOCHIRIHICOORIHOHCIOIRIIH/HRICOROOOCCOCOROCRHHCRRIRCOICO/HRICOROOOCCOCOROCRHHCRRIRCOICO	com/moonsworth/lunar/legacy/HRICOROOOCCOCOROCRHHCRRIRCOICO/ICRHORIIHOHROHOHOCOOHOOCOORRHO/HROHOIOCHIRIHICOORIHOHCIOIRIIH/HRICOROOOCCOCOROCRHHCRRIRCOICO/RenderPlayer_v1_7Mixin
com/moonsworth/lunar/legacy/HRICOROOOCCOCOROCRHHCRRIRCOICO/ICRHORIIHOHROHOHOCOOHOOCOORRHO/HROHOIOCHIRIHICOORIHOHCIOIRIIH/HRICOROOOCCOCOROCRHHCRRIRCOICO/HROHOIOCHIRIHICOORIHOHCIOIRIIH	com/moonsworth/lunar/legacy/HRICOROOOCCOCOROCRHHCRRIRCOICO/ICRHORIIHOHROHOHOCOOHOOCOORRHO/HROHOIOCHIRIHICOORIHOHCIOIRIIH/HRICOROOOCCOCOROCRHHCRRIRCOICO/TileEntityBeaconRenderer_v1_7Mixin
com/moonsworth/lunar/legacy/HRICOROOOCCOCOROCRHHCRRIRCOICO/ICRHORIIHOHROHOHOCOOHOOCOORRHO/HROHOIOCHIRIHICOORIHOHCIOIRIIH/HRICOROOOCCOCOROCRHHCRRIRCOICO/ICRHORIIHOHROHOHOCOOHOOCOORRHO	com/moonsworth/lunar/legacy/HRICOROOOCCOCOROCRHHCRRIRCOICO/ICRHORIIHOHROHOHOCOOHOOCOORRHO/HROHOIOCHIRIHICOORIHOHCIOIRIIH/HRICOROOOCCOCOROCRHHCRRIRCOICO/RenderItemMixin
com/moonsworth/lunar/legacy/HRICOROOOCCOCOROCRHHCRRIRCOICO/ICRHORIIHOHROHOHOCOOHOOCOORRHO/HROHOIOCHIRIHICOORIHOHCIOIRIIH/HRICOROOOCCOCOROCRHHCRRIRCOICO/OHROCHICOIOICHOCRROORRCIIICIHO	com/moonsworth/lunar/legacy/HRICOROOOCCOCOROCRHHCRRIRCOICO/ICRHORIIHOHROHOHOCOOHOOCOORRHO/HROHOIOCHIRIHICOORIHOHCIOIRIIH/HRICOROOOCCOCOROCRHHCRRIRCOICO/RenderPlayer_v1_7Mixin2
com/moonsworth/lunar/legacy/HRICOROOOCCOCOROCRHHCRRIRCOICO/ICRHORIIHOHROHOHOCOOHOOCOORRHO/HROHOIOCHIRIHICOORIHOHCIOIRIIH/HRICOROOOCCOCOROCRHHCRRIRCOICO/ORCHOHHCOHCORRICRIHCHHRORHHCHH	com/moonsworth/lunar/legacy/HRICOROOOCCOCOROCRHHCRRIRCOICO/ICRHORIIHOHROHOHOCOOHOOCOORRHO/HROHOIOCHIRIHICOORIHOHCIOIRIIH/HRICOROOOCCOCOROCRHHCRRIRCOICO/RenderPlayerMixin
com/moonsworth/lunar/legacy/HRICOROOOCCOCOROCRHHCRRIRCOICO/ICRHORIIHOHROHOHOCOOHOOCOORRHO/HROHOIOCHIRIHICOORIHOHCIOIRIIH/HRICOROOOCCOCOROCRHHCRRIRCOICO/ORICHRORRORHORHOIHCRHOORCRRHOI	com/moonsworth/lunar/legacy/HRICOROOOCCOCOROCRHHCRRIRCOICO/ICRHORIIHOHROHOHOCOOHOOCOORRHO/HROHOIOCHIRIHICOORIHOHCIOIRIIH/HRICOROOOCCOCOROCRHHCRRIRCOICO/RendererLivingEntityMixin
com/moonsworth/lunar/legacy/HRICOROOOCCOCOROCRHHCRRIRCOICO/ICRHORIIHOHROHOHOCOOHOOCOORRHO/HROHOIOCHIRIHICOORIHOHCIOIRIIH/HRICOROOOCCOCOROCRHHCRRIRCOICO/RCIOICOHRIOIIRRRROCRHCIICRROHO	com/moonsworth/lunar/legacy/HRICOROOOCCOCOROCRHHCRRIRCOICO/ICRHORIIHOHROHOHOCOOHOOCOORRHO/HROHOIOCHIRIHICOORIHOHCIOIRIIH/HRICOROOOCCOCOROCRHHCRRIRCOICO/RenderManagerMixin
com/moonsworth/lunar/legacy/HRICOROOOCCOCOROCRHHCRRIRCOICO/ICRHORIIHOHROHOHOCOOHOOCOORRHO/HROHOIOCHIRIHICOORIHOHCIOIRIIH/HRICOROOOCCOCOROCRHHCRRIRCOICO_	com/moonsworth/lunar/legacy/HRICOROOOCCOCOROCRHHCRRIRCOICO/ICRHORIIHOHROHOHOCOOHOOCOORRHO/HROHOIOCHIRIHICOORIHOHCIOIRIIH/EntityRendererMixin
com/moonsworth/lunar/legacy/HRICOROOOCCOCOROCRHHCRRIRCOICO/ICRHORIIHOHROHOHOCOOHOOCOORRHO/HROHOIOCHIRIHICOORIHOHCIOIRIIH/HROHOIOCHIRIHICOORIHOHCIOIRIIH	com/moonsworth/lunar/legacy/HRICOROOOCCOCOROCRHHCRRIRCOICO/ICRHORIIHOHROHOHOCOOHOOCOORRHO/HROHOIOCHIRIHICOORIHOHCIOIRIIH/ThreadDownloadImageDataMixin
com/moonsworth/lunar/legacy/HRICOROOOCCOCOROCRHHCRRIRCOICO/ICRHORIIHOHROHOHOCOOHOOCOORRHO/HROHOIOCHIRIHICOORIHOHCIOIRIIH/ICRHORIIHOHROHOHOCOOHOOCOORRHO/HHRROIIHRRICIIHIIHICRHHRHOHHOO	com/moonsworth/lunar/legacy/HRICOROOOCCOCOROCRHHCRRIRCOICO/ICRHORIIHOHROHOHOCOOHOOCOORRHO/HROHOIOCHIRIHICOORIHOHCIOIRIIH/ICRHORIIHOHROHOHOCOOHOOCOORRHO/DynamicTextureMixin
com/moonsworth/lunar/legacy/HRICOROOOCCOCOROCRHHCRRIRCOICO/ICRHORIIHOHROHOHOCOOHOOCOORRHO/HROHOIOCHIRIHICOORIHOHCIOIRIIH/ICRHORIIHOHROHOHOCOOHOOCOORRHO/HORHROIOIOICIRHIOCOICHHHIHCIIO	com/moonsworth/lunar/legacy/HRICOROOOCCOCOROCRHHCRRIRCOICO/ICRHORIIHOHROHOHOCOOHOOCOORRHO/HROHOIOCHIRIHICOORIHOHCIOIRIIH/ICRHORIIHOHROHOHOCOOHOOCOORRHO/AbstractTextureMixin
com/moonsworth/lunar/legacy/HRICOROOOCCOCOROCRHHCRRIRCOICO/ICRHORIIHOHROHOHOCOOHOOCOORRHO/HROHOIOCHIRIHICOORIHOHCIOIRIIH/ICRHORIIHOHROHOHOCOOHOOCOORRHO/HRICOROOOCCOCOROCRHHCRRIRCOICO	com/moonsworth/lunar/legacy/HRICOROOOCCOCOROCRHHCRRIRCOICO/ICRHORIIHOHROHOHOCOOHOOCOORRHO/HROHOIOCHIRIHICOORIHOHCIOIRIIH/ICRHORIIHOHROHOHOCOOHOOCOORRHO/TextureAtlasSpriteMixin
com/moonsworth/lunar/legacy/HRICOROOOCCOCOROCRHHCRRIRCOICO/ICRHORIIHOHROHOHOCOOHOOCOORRHO/HROHOIOCHIRIHICOORIHOHCIOIRIIH/ICRHORIIHOHROHOHOCOOHOOCOORRHO/ICRHORIIHOHROHOHOCOOHOOCOORRHO	com/moonsworth/lunar/legacy/HRICOROOOCCOCOROCRHHCRRIRCOICO/ICRHORIIHOHROHOHOCOOHOOCOORRHO/HROHOIOCHIRIHICOORIHOHCIOIRIIH/ICRHORIIHOHROHOHOCOOHOOCOORRHO/TextureManagerMixin
com/moonsworth/lunar/legacy/HRICOROOOCCOCOROCRHHCRRIRCOICO/ICRHORIIHOHROHOHOCOOHOOCOORRHO/HROHOIOCHIRIHICOORIHOHCIOIRIIH/ICRHORIIHOHROHOHOCOOHOOCOORRHO/RCIOICOHRIOIIRRRROCRHCIICRROHO	com/moonsworth/lunar/legacy/HRICOROOOCCOCOROCRHHCRRIRCOICO/ICRHORIIHOHROHOHOCOOHOOCOORRHO/HROHOIOCHIRIHICOORIHOHCIOIRIIH/ICRHORIIHOHROHOHOCOOHOOCOORRHO/TextureMapMixin
com/moonsworth/lunar/legacy/HRICOROOOCCOCOROCRHHCRRIRCOICO/ICRHORIIHOHROHOHOCOOHOOCOORRHO/HROHOIOCHIRIHICOORIHOHCIOIRIIH/ICRHORIIHOHROHOHOCOOHOOCOORRHO_	com/moonsworth/lunar/legacy/HRICOROOOCCOCOROCRHHCRRIRCOICO/ICRHORIIHOHROHOHOCOOHOOCOORRHO/HROHOIOCHIRIHICOORIHOHCIOIRIIH/GlStateManagerMixin
com/moonsworth/lunar/legacy/HRICOROOOCCOCOROCRHHCRRIRCOICO/ICRHORIIHOHROHOHOCOOHOOCOORRHO/HROHOIOCHIRIHICOORIHOHCIOIRIIH/OHROCHICOIOICHOCRROORRCIIICIHO	com/moonsworth/lunar/legacy/HRICOROOOCCOCOROCRHHCRRIRCOICO/ICRHORIIHOHROHOHOCOOHOOCOORRHO/HROHOIOCHIRIHICOORIHOHCIOIRIIH/RenderChunkMixin
com/moonsworth/lunar/legacy/HRICOROOOCCOCOROCRHHCRRIRCOICO/ICRHORIIHOHROHOHOCOOHOOCOORRHO/HROHOIOCHIRIHICOORIHOHCIOIRIIH/ORCHOHHCOHCORRICRIHCHHRORHHCHH	com/moonsworth/lunar/legacy/HRICOROOOCCOCOROCRHHCRRIRCOICO/ICRHORIIHOHROHOHOCOOHOOCOORRHO/HROHOIOCHIRIHICOORIHOHCIOIRIIH/RenderGlobalMixin
com/moonsworth/lunar/legacy/HRICOROOOCCOCOROCRHHCRRIRCOICO/ICRHORIIHOHROHOHOCOOHOOCOORRHO/HROHOIOCHIRIHICOORIHOHCIOIRIIH/ORICHRORRORHORHOIHCRHOORCRRHOI	com/moonsworth/lunar/legacy/HRICOROOOCCOCOROCRHHCRRIRCOICO/ICRHORIIHOHROHOHOCOOHOOCOORRHO/HROHOIOCHIRIHICOORIHOHCIOIRIIH/TessellatorMixin
com/moonsworth/lunar/legacy/HRICOROOOCCOCOROCRHHCRRIRCOICO/ICRHORIIHOHROHOHOCOOHOOCOORRHO/HROHOIOCHIRIHICOORIHOHCIOIRIIH/RCIOICOHRIOIIRRRROCRHCIICRROHO/HORHROIOIOICIRHIOCOICHHHIHCIIO	com/moonsworth/lunar/legacy/HRICOROOOCCOCOROCRHHCRRIRCOICO/ICRHORIIHOHROHOHOCOOHOOCOORRHO/HROHOIOCHIRIHICOORIHOHCIOIRIIH/RCIOICOHRIOIIRRRROCRHCIICRROHO/VertexFormatMixin
com/moonsworth/lunar/legacy/HRICOROOOCCOCOROCRHHCRRIRCOICO/ICRHORIIHOHROHOHOCOOHOOCOORRHO/HROHOIOCHIRIHICOORIHOHCIOIRIIH/RCIOICOHRIOIIRRRROCRHCIICRROHO_	com/moonsworth/lunar/legacy/HRICOROOOCCOCOROCRHHCRRIRCOICO/ICRHORIIHOHROHOHOCOOHOOCOORRHO/HROHOIOCHIRIHICOORIHOHCIOIRIIH/ItemModelMesherMixin
com/moonsworth/lunar/legacy/HRICOROOOCCOCOROCRHHCRRIRCOICO/ICRHORIIHOHROHOHOCOOHOOCOORRHO/ICRHORIIHOHROHOHOCOOHOOCOORRHO/HORHROIOIOICIRHIOCOICHHHIHCIIO	com/moonsworth/lunar/legacy/HRICOROOOCCOCOROCRHHCRRIRCOICO/ICRHORIIHOHROHOHOCOOHOOCOORRHO/ICRHORIIHOHROHOHOCOOHOOCOORRHO/MainMixin
com/moonsworth/lunar/legacy/HRICOROOOCCOCOROCRHHCRRIRCOICO/ICRHORIIHOHROHOHOCOOHOOCOORRHO/OHOOORICRHIIIIRHCICICOCHROICRC/HHRROIIHRRICIIHIIHICRHHRHOHHOO	com/moonsworth/lunar/legacy/HRICOROOOCCOCOROCRHHCRRIRCOICO/ICRHORIIHOHROHOHOCOOHOOCOORRHO/OHOOORICRHIIIIRHCICICOCHROICRC/KeyBinding_v1_7Mixin
com/moonsworth/lunar/legacy/HRICOROOOCCOCOROCRHHCRRIRCOICO/ICRHORIIHOHROHOHOCOOHOOCOORRHO/OHOOORICRHIIIIRHCICICOCHROICRC/HORHROIOIOICIRHIOCOICHHHIHCIIO	com/moonsworth/lunar/legacy/HRICOROOOCCOCOROCRHHCRRIRCOICO/ICRHORIIHOHROHOHOCOOHOOCOORRHO/OHOOORICRHIIIIRHCICICOCHROICRC/GameSettingsMixin
com/moonsworth/lunar/legacy/HRICOROOOCCOCOROCRHHCRRIRCOICO/ICRHORIIHOHROHOHOCOOHOOCOORRHO/OHOOORICRHIIIIRHCICICOCHROICRC/HRICOROOOCCOCOROCRHHCRRIRCOICO	com/moonsworth/lunar/legacy/HRICOROOOCCOCOROCRHHCRRIRCOICO/ICRHORIIHOHROHOHOCOOHOOCOORRHO/OHOOORICRHIIIIRHCICICOCHROICRC/KeyBindingMixin
com/moonsworth/lunar/legacy/HRICOROOOCCOCOROCRHHCRRIRCOICO/ICRHORIIHOHROHOHOCOOHOOCOORRHO/OHROCHICOIOICHOCRROORRCIIICIHO/HHRROIIHRRICIIHIIHICRHHRHOHHOO	com/moonsworth/lunar/legacy/HRICOROOOCCOCOROCRHHCRRIRCOICO/ICRHORIIHOHROHOHOCOOHOOCOORRHO/OHROCHICOIOICHOCRROORRCIIICIHO/PlayerControllerMPMixin
com/moonsworth/lunar/legacy/HRICOROOOCCOCOROCRHHCRRIRCOICO/ICRHORIIHOHROHOHOCOOHOOCOORRHO/OHROCHICOIOICHOCRROORRCIIICIHO/HORHROIOIOICIRHIOCOICHHHIHCIIO	com/moonsworth/lunar/legacy/HRICOROOOCCOCOROCRHHCRRIRCOICO/ICRHORIIHOHROHOHOCOOHOOCOORRHO/OHROCHICOIOICHOCRROORRCIIICIHO/ChunkProviderClientMixin
com/moonsworth/lunar/legacy/HRICOROOOCCOCOROCRHHCRRIRCOICO/ICRHORIIHOHROHOHOCOOHOOCOORRHO/OHROCHICOIOICHOCRROORRCIIICIHO/HRICOROOOCCOCOROCRHHCRRIRCOICO	com/moonsworth/lunar/legacy/HRICOROOOCCOCOROCRHHCRRIRCOICO/ICRHORIIHOHROHOHOCOOHOOCOORRHO/OHROCHICOIOICHOCRROORRCIIICIHO/ServerDataMixin
com/moonsworth/lunar/legacy/HRICOROOOCCOCOROCRHHCRRIRCOICO/ICRHORIIHOHROHOHOCOOHOOCOORRHO/OHROCHICOIOICHOCRROORRCIIICIHO/ICRHORIIHOHROHOHOCOOHOOCOORRHO	com/moonsworth/lunar/legacy/HRICOROOOCCOCOROCRHHCRRIRCOICO/ICRHORIIHOHROHOHOCOOHOOCOORRHO/OHROCHICOIOICHOCRROORRCIIICIHO/ServerListMixin
com/moonsworth/lunar/legacy/HRICOROOOCCOCOROCRHHCRRIRCOICO/ICRHORIIHOHROHOHOCOOHOOCOORRHO/OHROCHICOIOICHOCRROORRCIIICIHO/RCIOICOHRIOIIRRRROCRHCIICRROHO	com/moonsworth/lunar/legacy/HRICOROOOCCOCOROCRHHCRRIRCOICO/ICRHORIIHOHROHOHOCOOHOOCOORRHO/OHROCHICOIOICHOCRROORRCIIICIHO/WorldClientMixin
com/moonsworth/lunar/legacy/HRICOROOOCCOCOROCRHHCRRIRCOICO/ICRHORIIHOHROHOHOCOOHOOCOORRHO/OIRIOIIIRICICCHORICRRIRROHCRIC/HHRROIIHRRICIIHIIHICRHHRHOHHOO	com/moonsworth/lunar/legacy/HRICOROOOCCOCOROCRHHCRRIRCOICO/ICRHORIIHOHROHOHOCOOHOOCOORRHO/OIRIOIIIRICICCHORICRRIRROHCRIC/ShaderGroupMixin
com/moonsworth/lunar/legacy/HRICOROOOCCOCOROCRHHCRRIRCOICO/ICRHORIIHOHROHOHOCOOHOOCOORRHO/OIRIOIIIRICICCHORICRRIRROHCRIC/HORHROIOIOICIRHIOCOICHHHIHCIIO	com/moonsworth/lunar/legacy/HRICOROOOCCOCOROCRHHCRRIRCOICO/ICRHORIIHOHROHOHOCOOHOOCOORRHO/OIRIOIIIRICICCHORICRRIRROHCRIC/FramebufferMixin
com/moonsworth/lunar/legacy/HRICOROOOCCOCOROCRHHCRRIRCOICO/ICRHORIIHOHROHOHOCOOHOOCOORRHO/OIRIOIIIRICICCHORICRRIRROHCRIC/HRICOROOOCCOCOROCRHHCRRIRCOICO	com/moonsworth/lunar/legacy/HRICOROOOCCOCOROCRHHCRRIRCOICO/ICRHORIIHOHROHOHOCOOHOOCOORRHO/OIRIOIIIRICICCHORICRRIRROHCRIC/ShaderManagerMixin
com/moonsworth/lunar/legacy/HRICOROOOCCOCOROCRHHCRRIRCOICO/ICRHORIIHOHROHOHOCOOHOOCOORRHO/OIRIOIIIRICICCHORICRRIRROHCRIC/ICRHORIIHOHROHOHOCOOHOOCOORRHO	com/moonsworth/lunar/legacy/HRICOROOOCCOCOROCRHHCRRIRCOICO/ICRHORIIHOHROHOHOCOOHOOCOORRHO/OIRIOIIIRICICCHORICRRIRROHCRIC/ShaderMixin
com/moonsworth/lunar/legacy/HRICOROOOCCOCOROCRHHCRRIRCOICO/ICRHORIIHOHROHOHOCOOHOOCOORRHO/OIRIOIIIRICICCHORICRRIRROHCRIC/RCIOICOHRIOIIRRRROCRHCIICRROHO	com/moonsworth/lunar/legacy/HRICOROOOCCOCOROCRHHCRRIRCOICO/ICRHORIIHOHROHOHOCOOHOOCOORRHO/OIRIOIIIRICICCHORICRRIRROHCRIC/ShaderUniformMixin
com/moonsworth/lunar/legacy/HRICOROOOCCOCOROCRHHCRRIRCOICO/ICRHORIIHOHROHOHOCOOHOOCOORRHO/ORCHOHHCOHCORRICRIHCHHRORHHCHH/HHRROIIHRRICIIHIIHICRHHRHOHHOO	com/moonsworth/lunar/legacy/HRICOROOOCCOCOROCRHHCRRIRCOICO/ICRHORIIHOHROHOHOCOOHOOCOORRHO/ORCHOHHCOHCORRICRIHCHHRORHHCHH/NetworkPlayerInfoMixin
com/moonsworth/lunar/legacy/HRICOROOOCCOCOROCRHHCRRIRCOICO/ICRHORIIHOHROHOHOCOOHOOCOORRHO/ORCHOHHCOHCORRICRIHCHHRORHHCHH/HORHROIOIOICIRHIOCOICHHHIHCIIO	com/moonsworth/lunar/legacy/HRICOROOOCCOCOROCRHHCRRIRCOICO/ICRHORIIHOHROHOHOCOOHOOCOORRHO/ORCHOHHCOHCORRICRIHCHHRORHHCHH/GuiPlayerInfoMixin
com/moonsworth/lunar/legacy/HRICOROOOCCOCOROCRHHCRRIRCOICO/ICRHORIIHOHROHOHOCOOHOOCOORRHO/ORCHOHHCOHCORRICRIHCHHRORHHCHH/HRICOROOOCCOCOROCRHHCRRIRCOICO	com/moonsworth/lunar/legacy/HRICOROOOCCOCOROCRHHCRRIRCOICO/ICRHORIIHOHROHOHOCOOHOOCOORRHO/ORCHOHHCOHCORRICRIHCHHRORHHCHH/OldServerPingerMixin
com/moonsworth/lunar/legacy/HRICOROOOCCOCOROCRHHCRRIRCOICO/ICRHORIIHOHROHOHOCOOHOOCOORRHO/ORCHOHHCOHCORRICRIHCHHRORHHCHH/ICRHORIIHOHROHOHOCOOHOOCOORRHO	com/moonsworth/lunar/legacy/HRICOROOOCCOCOROCRHHCRRIRCOICO/ICRHORIIHOHROHOHOCOOHOOCOORRHO/ORCHOHHCOHCORRICRIHCHHRORHHCHH/1Mixin
com/moonsworth/lunar/legacy/HRICOROOOCCOCOROCRHHCRRIRCOICO/ICRHORIIHOHROHOHOCOOHOOCOORRHO/ORICHRORRORHORHOIHCRHOORCRRHOI/HHRROIIHRRICIIHIIHICRHHRHOHHOO	com/moonsworth/lunar/legacy/HRICOROOOCCOCOROCRHHCRRIRCOICO/ICRHORIIHOHROHOHOCOOHOOCOORRHO/ORICHRORRORHORHOIHCRHOORCRRHOI/EntityFXMixin
com/moonsworth/lunar/legacy/HRICOROOOCCOCOROCRHHCRRIRCOICO/ICRHORIIHOHROHOHOCOOHOOCOORRHO/ORICHRORRORHORHOIHCRHOORCRRHOI/HORHROIOIOICIRHIOCOICHHHIHCIIO	com/moonsworth/lunar/legacy/HRICOROOOCCOCOROCRHHCRRIRCOICO/ICRHORIIHOHROHOHOCOOHOOCOORRHO/ORICHRORRORHORHOIHCRHOORCRRHOI/EffectRendererMixin
com/moonsworth/lunar/legacy/HRICOROOOCCOCOROCRHHCRRIRCOICO/ICRHORIIHOHROHOHOCOOHOOCOORRHO/RCIOICOHRIOIIRRRROCRHCIICRROHO/HHRROIIHRRICIIHIIHICRHHRHOHHOO	com/moonsworth/lunar/legacy/HRICOROOOCCOCOROCRHHCRRIRCOICO/ICRHORIIHOHROHOHOCOOHOOCOORRHO/RCIOICOHRIOIIRRRROCRHCIICRROHO/ModelBipedMixin2
com/moonsworth/lunar/legacy/HRICOROOOCCOCOROCRHHCRRIRCOICO/ICRHORIIHOHROHOHOCOOHOOCOORRHO/RCIOICOHRIOIIRRRROCRHCIICRROHO/HORHROIOIOICIRHIOCOICHHHIHCIIO	com/moonsworth/lunar/legacy/HRICOROOOCCOCOROCRHHCRRIRCOICO/ICRHORIIHOHROHOHOCOOHOOCOORRHO/RCIOICOHRIOIIRRRROCRHCIICRROHO/ModelBipedMixin
com/moonsworth/lunar/legacy/HRICOROOOCCOCOROCRHHCRRIRCOICO/ICRHORIIHOHROHOHOCOOHOOCOORRHO/RCIOICOHRIOIIRRRROCRHCIICRROHO/HRICOROOOCCOCOROCRHHCRRIRCOICO	com/moonsworth/lunar/legacy/HRICOROOOCCOCOROCRHHCRRIRCOICO/ICRHORIIHOHROHOHOCOOHOOCOORRHO/RCIOICOHRIOIIRRRROCRHCIICRROHO/ModelHumanoidHeadMixin
com/moonsworth/lunar/legacy/HRICOROOOCCOCOROCRHHCRRIRCOICO/ICRHORIIHOHROHOHOCOOHOOCOORRHO/RCIOICOHRIOIIRRRROCRHCIICRROHO/ICRHORIIHOHROHOHOCOOHOOCOORRHO	com/moonsworth/lunar/legacy/HRICOROOOCCOCOROCRHHCRRIRCOICO/ICRHORIIHOHROHOHOCOOHOOCOORRHO/RCIOICOHRIOIIRRRROCRHCIICRROHO/ModelPlayerMixin
com/moonsworth/lunar/legacy/HRICOROOOCCOCOROCRHHCRRIRCOICO/ICRHORIIHOHROHOHOCOOHOOCOORRHO/RCIOICOHRIOIIRRRROCRHCIICRROHO/OHROCHICOIOICHOCRROORRCIIICIHO	com/moonsworth/lunar/legacy/HRICOROOOCCOCOROCRHHCRRIRCOICO/ICRHORIIHOHROHOHOCOOHOOCOORRHO/RCIOICOHRIOIIRRRROCRHCIICRROHO/ModelSkeletonHeadMixin
com/moonsworth/lunar/legacy/HRICOROOOCCOCOROCRHHCRRIRCOICO/ICRHORIIHOHROHOHOCOOHOOCOORRHO/RCIOICOHRIOIIRRRROCRHCIICRROHO/ORCHOHHCOHCORRICRIHCHHRORHHCHH	com/moonsworth/lunar/legacy/HRICOROOOCCOCOROCRHHCRRIRCOICO/ICRHORIIHOHROHOHOCOOHOOCOORRHO/RCIOICOHRIOIIRRRROCRHCIICRROHO/BuilderMixin
com/moonsworth/lunar/legacy/HRICOROOOCCOCOROCRHHCRRIRCOICO/ICRHORIIHOHROHOHOCOOHOOCOORRHO/RCIOICOHRIOIIRRRROCRHCIICRROHO/RCIOICOHRIOIIRRRROCRHCIICRROHO	com/moonsworth/lunar/legacy/HRICOROOOCCOCOROCRHHCRRIRCOICO/ICRHORIIHOHROHOHOCOOHOOCOORRHO/RCIOICOHRIOIIRRRROCRHCIICRROHO/ModelRendererMixin
com/moonsworth/lunar/legacy/HRICOROOOCCOCOROCRHHCRRIRCOICO/IHRHHRIHICHOOICIRIOOHOICHIRHOI/HHRROIIHRRICIIHIIHICRHHRHOHHOO	com/moonsworth/lunar/legacy/HRICOROOOCCOCOROCRHHCRRIRCOICO/IHRHHRIHICHOOICIRIOOHOICHIRHOI/PotionMixin
com/moonsworth/lunar/legacy/HRICOROOOCCOCOROCRHHCRRIRCOICO/IHRHHRIHICHOOICIRIOOHOICHIRHOI/HORHROIOIOICIRHIOCOICHHHIHCIIO	com/moonsworth/lunar/legacy/HRICOROOOCCOCOROCRHHCRRIRCOICO/IHRHHRIHICHOOICIRIOOHOICHIRHOI/PotionEffectMixin
com/moonsworth/lunar/legacy/HRICOROOOCCOCOROCRHHCRRIRCOICO/IIORCIOOIHRRRICOHIRCIHOOCCOHRO/HHRROIIHRRICIIHIIHICRHHRHOHHOO	com/moonsworth/lunar/legacy/HRICOROOOCCOCOROCRHHCRRIRCOICO/IIORCIOOIHRRRICOHIRCIHOOCCOHRO/ScoreObjectiveMixin
com/moonsworth/lunar/legacy/HRICOROOOCCOCOROCRHHCRRIRCOICO/IIORCIOOIHRRRICOHIRCIHOOCCOHRO/HORHROIOIOICIRHIOCOICHHHIHCIIO	com/moonsworth/lunar/legacy/HRICOROOOCCOCOROCRHHCRRIRCOICO/IIORCIOOIHRRRICOHIRCIHOOCCOHRO/ScoreMixin
com/moonsworth/lunar/legacy/HRICOROOOCCOCOROCRHHCRRIRCOICO/IIORCIOOIHRRRICOHIRCIHOOCCOHRO/HRICOROOOCCOCOROCRHHCRRIRCOICO	com/moonsworth/lunar/legacy/HRICOROOOCCOCOROCRHHCRRIRCOICO/IIORCIOOIHRRRICOHIRCIHOOCCOHRO/ScorePlayerTeamMixin
com/moonsworth/lunar/legacy/HRICOROOOCCOCOROCRHHCRRIRCOICO/IIORCIOOIHRRRICOHIRCIHOOCCOHRO/RCIOICOHRIOIIRRRROCRHCIICRROHO	com/moonsworth/lunar/legacy/HRICOROOOCCOCOROCRHHCRRIRCOICO/IIORCIOOIHRRRICOHIRCIHOOCCOHRO/ScoreboardMixin
com/moonsworth/lunar/legacy/HRICOROOOCCOCOROCRHHCRRIRCOICO/IRCHCHOHRRIOORHRCHRIHIOHRCIHRH/HORHROIOIOICIRHIOCOICHHHIHCIIO	com/moonsworth/lunar/legacy/HRICOROOOCCOCOROCRHHCRRIRCOICO/IRCHCHOHRRIOORHRCHRIHIOHRCIHRH/StatBaseMixin
com/moonsworth/lunar/legacy/HRICOROOOCCOCOROCRHHCRRIRCOICO/OHOOORICRHIIIIRHCICICOCHROICRC/CCROIHHHCOCHHOHORCIRHOCRROIOCI	com/moonsworth/lunar/legacy/HRICOROOOCCOCOROCRHHCRRIRCOICO/OHOOORICRHIIIIRHCICICOCHROICRC/ItemMixin
com/moonsworth/lunar/legacy/HRICOROOOCCOCOROCRHHCRRIRCOICO/OHOOORICRHIIIIRHCICICOCHROICRC/HHRROIIHRRICIIHIIHICRHHRHOHHOO	com/moonsworth/lunar/legacy/HRICOROOOCCOCOROCRHHCRRIRCOICO/OHOOORICRHIIIIRHCICICOCHROICRC/ItemArmorMixin
com/moonsworth/lunar/legacy/HRICOROOOCCOCOROCRHHCRRIRCOICO/OHOOORICRHIIIIRHCICICOCHROICRC/HIOROOCORHICHIRIHIRCCORCIIICCH	com/moonsworth/lunar/legacy/HRICOROOOCCOCOROCRHHCRRIRCOICO/OHOOORICRHIIIIRHCICICOCHROICRC/ItemSpadeMixin
com/moonsworth/lunar/legacy/HRICOROOOCCOCOROCRHHCRRIRCOICO/OHOOORICRHIIIIRHCICICOCHROICRC/HORHROIOIOICIRHIOCOICHHHIHCIIO	com/moonsworth/lunar/legacy/HRICOROOOCCOCOROCRHHCRRIRCOICO/OHOOORICRHIIIIRHCICICOCHROICRC/EnchantmentMixin
com/moonsworth/lunar/legacy/HRICOROOOCCOCOROCRHHCRRIRCOICO/OHOOORICRHIIIIRHCICICOCHROICRC/HRICOROOOCCOCOROCRHHCRRIRCOICO	com/moonsworth/lunar/legacy/HRICOROOOCCOCOROCRHHCRRIRCOICO/OHOOORICRHIIIIRHCICICOCHROICRC/ItemAxeMixin
com/moonsworth/lunar/legacy/HRICOROOOCCOCOROCRHHCRRIRCOICO/OHOOORICRHIIIIRHCICICOCHROICRC/HROHOIOCHIRIHICOORIHOHCIOIRIIH	com/moonsworth/lunar/legacy/HRICOROOOCCOCOROCRHHCRRIRCOICO/OHOOORICRHIIIIRHCICICOCHROICRC/ItemMapMixin
com/moonsworth/lunar/legacy/HRICOROOOCCOCOROCRHHCRRIRCOICO/OHOOORICRHIIIIRHCICICOCHROICRC/ICRHORIIHOHROHOHOCOOHOOCOORRHO	com/moonsworth/lunar/legacy/HRICOROOOCCOCOROCRHHCRRIRCOICO/OHOOORICRHIIIIRHCICICOCHROICRC/ItemBlockMixin
com/moonsworth/lunar/legacy/HRICOROOOCCOCOROCRHHCRRIRCOICO/OHOOORICRHIIIIRHCICICOCHROICRC/IHRHHRIHICHOOICIRIOOHOICHIRHOI	com/moonsworth/lunar/legacy/HRICOROOOCCOCOROCRHHCRRIRCOICO/OHOOORICRHIIIIRHCICICOCHROICRC/ItemSwordMixin
com/moonsworth/lunar/legacy/HRICOROOOCCOCOROCRHHCRRIRCOICO/OHOOORICRHIIIIRHCICICOCHROICRC/IRCHCHOHRRIOORHRCHRIHIOHRCIHRH	com/moonsworth/lunar/legacy/HRICOROOOCCOCOROCRHHCRRIRCOICO/OHOOORICRHIIIIRHCICICOCHROICRC/ItemToolMixin
com/moonsworth/lunar/legacy/HRICOROOOCCOCOROCRHHCRRIRCOICO/OHOOORICRHIIIIRHCICICOCHROICRC/OHOOORICRHIIIIRHCICICOCHROICRC	com/moonsworth/lunar/legacy/HRICOROOOCCOCOROCRHHCRRIRCOICO/OHOOORICRHIIIIRHCICICOCHROICRC/ItemPickaxeMixin
com/moonsworth/lunar/legacy/HRICOROOOCCOCOROCRHHCRRIRCOICO/OHOOORICRHIIIIRHCICICOCHROICRC/OHROCHICOIOICHOCRROORRCIIICIHO	com/moonsworth/lunar/legacy/HRICOROOOCCOCOROCRHHCRRIRCOICO/OHOOORICRHIIIIRHCICICOCHROICRC/ItemBucketMixin
com/moonsworth/lunar/legacy/HRICOROOOCCOCOROCRHHCRRIRCOICO/OHOOORICRHIIIIRHCICICOCHROICRC/OIRIOIIIRICICCHORICRRIRROHCRIC	com/moonsworth/lunar/legacy/HRICOROOOCCOCOROCRHHCRRIRCOICO/OHOOORICRHIIIIRHCICICOCHROICRC/ItemPotionMixin
com/moonsworth/lunar/legacy/HRICOROOOCCOCOROCRHHCRRIRCOICO/OHOOORICRHIIIIRHCICICOCHROICRC/ORCHOHHCOHCORRICRIHCHHRORHHCHH	com/moonsworth/lunar/legacy/HRICOROOOCCOCOROCRHHCRRIRCOICO/OHOOORICRHIIIIRHCICICOCHROICRC/ItemFoodMixin
com/moonsworth/lunar/legacy/HRICOROOOCCOCOROCRHHCRRIRCOICO/OHOOORICRHIIIIRHCICICOCHROICRC/ORICHRORRORHORHOIHCRHOORCRRHOI	com/moonsworth/lunar/legacy/HRICOROOOCCOCOROCRHHCRRIRCOICO/OHOOORICRHIIIIRHCICICOCHROICRC/ItemHoeMixin
com/moonsworth/lunar/legacy/HRICOROOOCCOCOROCRHHCRRIRCOICO/OHOOORICRHIIIIRHCICICOCHROICRC/RCIOICOHRIOIIRRRROCRHCIICRROHO	com/moonsworth/lunar/legacy/HRICOROOOCCOCOROCRHHCRRIRCOICO/OHOOORICRHIIIIRHCICICOCHROICRC/ItemBowMixin
com/moonsworth/lunar/legacy/HRICOROOOCCOCOROCRHHCRRIRCOICO/OHOOORICRHIIIIRHCICICOCHROICRC/RHIRRICCRHHHIIHHIHHOHRCHIOORCC	com/moonsworth/lunar/legacy/HRICOROOOCCOCOROCRHHCRRIRCOICO/OHOOORICRHIIIIRHCICICOCHROICRC/ItemStackMixin
com/moonsworth/lunar/legacy/HRICOROOOCCOCOROCRHHCRRIRCOICO/OHOOORICRHIIIIRHCICICOCHROICRC/RIIICIRHRCIHOOOORHOICRIICCCRHR	com/moonsworth/lunar/legacy/HRICOROOOCCOCOROCRHHCRRIRCOICO/OHOOORICRHIIIIRHCICICOCHROICRC/ToolMaterialMixin
com/moonsworth/lunar/legacy/HRICOROOOCCOCOROCRHHCRRIRCOICO/OHROCHICOIOICHOCRROORRCIIICIHO/HORHROIOIOICIRHIOCOICHHHIHCIIO	com/moonsworth/lunar/legacy/HRICOROOOCCOCOROCRHHCRRIRCOICO/OHROCHICOIOICHOCRROORRCIIICIHO/CrashReportMixin
com/moonsworth/lunar/legacy/HRICOROOOCCOCOROCRHHCRRIRCOICO/OIRIOIIIRICICCHORICRRIRROHCRIC/HHRROIIHRRICIIHIIHICRHHRHOHHOO	com/moonsworth/lunar/legacy/HRICOROOOCCOCOROCRHHCRRIRCOICO/OIRIOIIIRICICCHORICRRIRROHCRIC/MpegAudioFileReaderMixin
com/moonsworth/lunar/legacy/HRICOROOOCCOCOROCRHHCRRIRCOICO/OIRIOIIIRICICCHORICRRIRROHCRIC/HORHROIOIOICIRHIOCOICHHHIHCIIO	com/moonsworth/lunar/legacy/HRICOROOOCCOCOROCRHHCRRIRCOICO/OIRIOIIIRICICCHORICRRIRROHCRIC/LimitedInputStreamMixin
com/moonsworth/lunar/legacy/HRICOROOOCCOCOROCRHHCRRIRCOICO/ORCHOHHCOHCORRICRIHCHHRORHHCHH/CCROIHHHCOCHHOHORCIRHOCRROIOCI	com/moonsworth/lunar/legacy/HRICOROOOCCOCOROCRHHCRRIRCOICO/ORCHOHHCOHCORRICRIHCHHRORHHCHH/EntityWitherSkullMixin
com/moonsworth/lunar/legacy/HRICOROOOCCOCOROCRHHCRRIRCOICO/ORCHOHHCOHCORRICRIHCHHRORHHCHH/HHRROIIHRRICIIHIIHICRHHRHOHHOO/HHRROIIHRRICIIHIIHICRHHRHOHHOO	com/moonsworth/lunar/legacy/HRICOROOOCCOCOROCRHHCRRIRCOICO/ORCHOHHCOHCORRICRIHCHHRORHHCHH/HHRROIIHRRICIIHIIHICRHHRHOHHOO/EntityEndermanMixin
com/moonsworth/lunar/legacy/HRICOROOOCCOCOROCRHHCRRIRCOICO/ORCHOHHCOHCORRICRIHCHHRORHHCHH/HHRROIIHRRICIIHIIHICRHHRHOHHOO/HORHROIOIOICIRHIOCOICHHHIHCIIO	com/moonsworth/lunar/legacy/HRICOROOOCCOCOROCRHHCRRIRCOICO/ORCHOHHCOHCORRICRIHCHHRORHHCHH/HHRROIIHRRICIIHIIHICRHHRHOHHOO/EntityCreeperMixin
com/moonsworth/lunar/legacy/HRICOROOOCCOCOROCRHHCRRIRCOICO/ORCHOHHCOHCORRICRIHCHHRORHHCHH/HHRROIIHRRICIIHIIHICRHHRHOHHOO/HRICOROOOCCOCOROCRHHCRRIRCOICO	com/moonsworth/lunar/legacy/HRICOROOOCCOCOROCRHHCRRIRCOICO/ORCHOHHCOHCORRICRIHCHHRORHHCHH/HHRROIIHRRICIIHIIHICRHHRHOHHOO/EntityMagmaCubeMixin
com/moonsworth/lunar/legacy/HRICOROOOCCOCOROCRHHCRRIRCOICO/ORCHOHHCOHCORRICRIHCHHRORHHCHH/HHRROIIHRRICIIHIIHICRHHRHOHHOO/ICRHORIIHOHROHOHOCOOHOOCOORRHO	com/moonsworth/lunar/legacy/HRICOROOOCCOCOROCRHHCRRIRCOICO/ORCHOHHCOHCORRICRIHCHHRORHHCHH/HHRROIIHRRICIIHIIHICRHHRHOHHOO/EntityMobMixin
com/moonsworth/lunar/legacy/HRICOROOOCCOCOROCRHHCRRIRCOICO/ORCHOHHCOHCORRICRIHCHHRORHHCHH/HHRROIIHRRICIIHIIHICRHHRHOHHOO/OHROCHICOIOICHOCRROORRCIIICIHO	com/moonsworth/lunar/legacy/HRICOROOOCCOCOROCRHHCRRIRCOICO/ORCHOHHCOHCORRICRIHCHHRORHHCHH/HHRROIIHRRICIIHIIHICRHHRHOHHOO/EntitySkeletonMixin
com/moonsworth/lunar/legacy/HRICOROOOCCOCOROCRHHCRRIRCOICO/ORCHOHHCOHCORRICRIHCHHRORHHCHH/HHRROIIHRRICIIHIIHICRHHRHOHHOO/ORCHOHHCOHCORRICRIHCHHRORHHCHH	com/moonsworth/lunar/legacy/HRICOROOOCCOCOROCRHHCRRIRCOICO/ORCHOHHCOHCORRICRIHCHHRORHHCHH/HHRROIIHRRICIIHIIHICRHHRHOHHOO/EntityWitherSkeletonMixin
com/moonsworth/lunar/legacy/HRICOROOOCCOCOROCRHHCRRIRCOICO/ORCHOHHCOHCORRICRIHCHHRORHHCHH/HHRROIIHRRICIIHIIHICRHHRHOHHOO/RCIOICOHRIOIIRRRROCRHCIICRROHO	com/moonsworth/lunar/legacy/HRICOROOOCCOCOROCRHHCRRIRCOICO/ORCHOHHCOHCORRICRIHCHHRORHHCHH/HHRROIIHRRICIIHIIHICRHHRHOHHOO/EntityPigZombieMixin
com/moonsworth/lunar/legacy/HRICOROOOCCOCOROCRHHCRRIRCOICO/ORCHOHHCOHCORRICRIHCHHRORHHCHH/HHRROIIHRRICIIHIIHICRHHRHOHHOO_	com/moonsworth/lunar/legacy/HRICOROOOCCOCOROCRHHCRRIRCOICO/ORCHOHHCOHCORRICRIHCHHRORHHCHH/EntityAgeableMixin
com/moonsworth/lunar/legacy/HRICOROOOCCOCOROCRHHCRRIRCOICO/ORCHOHHCOHCORRICRIHCHHRORHHCHH/HORHROIOIOICIRHIOCOICHHHIHCIIO/HHRROIIHRRICIIHIIHICRHHRHOHHOO	com/moonsworth/lunar/legacy/HRICOROOOCCOCOROCRHHCRRIRCOICO/ORCHOHHCOHCORRICRIHCHHRORHHCHH/HORHROIOIOICIRHIOCOICHHHIHCIIO/EntityFallingBlockMixin
com/moonsworth/lunar/legacy/HRICOROOOCCOCOROCRHHCRRIRCOICO/ORCHOHHCOHCORRICRIHCHHRORHHCHH/HORHROIOIOICIRHIOCOICHHHIHCIIO/HORHROIOIOICIRHIOCOICHHHIHCIIO	com/moonsworth/lunar/legacy/HRICOROOOCCOCOROCRHHCRRIRCOICO/ORCHOHHCOHCORRICRIHCHHRORHHCHH/HORHROIOIOICIRHIOCOICHHHIHCIIO/EntityArmorStandMixin
com/moonsworth/lunar/legacy/HRICOROOOCCOCOROCRHHCRRIRCOICO/ORCHOHHCOHCORRICRIHCHHRORHHCHH/HORHROIOIOICIRHIOCOICHHHIHCIIO/HRICOROOOCCOCOROCRHHCRRIRCOICO	com/moonsworth/lunar/legacy/HRICOROOOCCOCOROCRHHCRRIRCOICO/ORCHOHHCOHCORRICRIHCHHRORHHCHH/HORHROIOIOICIRHIOCOICHHHIHCIIO/EntityItemFrameMixin
com/moonsworth/lunar/legacy/HRICOROOOCCOCOROCRHHCRRIRCOICO/ORCHOHHCOHCORRICRIHCHHRORHHCHH/HORHROIOIOICIRHIOCOICHHHIHCIIO/ICRHORIIHOHROHOHOCOOHOOCOORRHO	com/moonsworth/lunar/legacy/HRICOROOOCCOCOROCRHHCRRIRCOICO/ORCHOHHCOHCORRICRIHCHHRORHHCHH/HORHROIOIOICIRHIOCOICHHHIHCIIO/EntityItemMixin
com/moonsworth/lunar/legacy/HRICOROOOCCOCOROCRHHCRRIRCOICO/ORCHOHHCOHCORRICRIHCHHRORHHCHH/HORHROIOIOICIRHIOCOICHHHIHCIIO/RCIOICOHRIOIIRRRROCRHCIICRROHO	com/moonsworth/lunar/legacy/HRICOROOOCCOCOROCRHHCRRIRCOICO/ORCHOHHCOHCORRICRIHCHHRORHHCHH/HORHROIOIOICIRHIOCOICHHHIHCIIO/EntityTNTPrimedMixin
com/moonsworth/lunar/legacy/HRICOROOOCCOCOROCRHHCRRIRCOICO/ORCHOHHCOHCORRICRIHCHHRORHHCHH/HORHROIOIOICIRHIOCOICHHHIHCIIO_	com/moonsworth/lunar/legacy/HRICOROOOCCOCOROCRHHCRRIRCOICO/ORCHOHHCOHCORRICRIHCHHRORHHCHH/DataWatcherMixin
com/moonsworth/lunar/legacy/HRICOROOOCCOCOROCRHHCRRIRCOICO/ORCHOHHCOHCORRICRIHCHHRORHHCHH/HRICOROOOCCOCOROCRHHCRRIRCOICO/HHRROIIHRRICIIHIIHICRHHRHOHHOO	com/moonsworth/lunar/legacy/HRICOROOOCCOCOROCRHHCRRIRCOICO/ORCHOHHCOHCORRICRIHCHHRORHHCHH/HRICOROOOCCOCOROCRHHCRRIRCOICO/EntityAnimalMixin
com/moonsworth/lunar/legacy/HRICOROOOCCOCOROCRHHCRRIRCOICO/ORCHOHHCOHCORRICRIHCHHRORHHCHH/HRICOROOOCCOCOROCRHHCRRIRCOICO/HORHROIOIOICIRHIOCOICHHHIHCIIO	com/moonsworth/lunar/legacy/HRICOROOOCCOCOROCRHHCRRIRCOICO/ORCHOHHCOHCORRICRIHCHHRORHHCHH/HRICOROOOCCOCOROCRHHCRRIRCOICO/AbstractHorseMixin
com/moonsworth/lunar/legacy/HRICOROOOCCOCOROCRHHCRRIRCOICO/ORCHOHHCOHCORRICRIHCHHRORHHCHH/HRICOROOOCCOCOROCRHHCRRIRCOICO/HRICOROOOCCOCOROCRHHCRRIRCOICO	com/moonsworth/lunar/legacy/HRICOROOOCCOCOROCRHHCRRIRCOICO/ORCHOHHCOHCORRICRIHCHHRORHHCHH/HRICOROOOCCOCOROCRHHCRRIRCOICO/EntityBatMixin
com/moonsworth/lunar/legacy/HRICOROOOCCOCOROCRHHCRRIRCOICO/ORCHOHHCOHCORRICRIHCHHRORHHCHH/HRICOROOOCCOCOROCRHHCRRIRCOICO/ICRHORIIHOHROHOHOCOOHOOCOORRHO	com/moonsworth/lunar/legacy/HRICOROOOCCOCOROCRHHCRRIRCOICO/ORCHOHHCOHCORRICRIHCHHRORHHCHH/HRICOROOOCCOCOROCRHHCRRIRCOICO/EntityHorseMixin
com/moonsworth/lunar/legacy/HRICOROOOCCOCOROCRHHCRRIRCOICO/ORCHOHHCOHCORRICRIHCHHRORHHCHH/HRICOROOOCCOCOROCRHHCRRIRCOICO/RCIOICOHRIOIIRRRROCRHCIICRROHO	com/moonsworth/lunar/legacy/HRICOROOOCCOCOROCRHHCRRIRCOICO/ORCHOHHCOHCORRICRIHCHHRORHHCHH/HRICOROOOCCOCOROCRHHCRRIRCOICO/EntitySheepMixin
com/moonsworth/lunar/legacy/HRICOROOOCCOCOROCRHHCRRIRCOICO/ORCHOHHCOHCORRICRIHCHHRORHHCHH/HRICOROOOCCOCOROCRHHCRRIRCOICO_	com/moonsworth/lunar/legacy/HRICOROOOCCOCOROCRHHCRRIRCOICO/ORCHOHHCOHCORRICRIHCHHRORHHCHH/EntityDragonMixin
com/moonsworth/lunar/legacy/HRICOROOOCCOCOROCRHHCRRIRCOICO/ORCHOHHCOHCORRICRIHCHHRORHHCHH/HROHOIOCHIRIHICOORIHOHCIOIRIIH	com/moonsworth/lunar/legacy/HRICOROOOCCOCOROCRHHCRRIRCOICO/ORCHOHHCOHCORRICRIHCHHRORHHCHH/EntityTrackerEntryMixin
com/moonsworth/lunar/legacy/HRICOROOOCCOCOROCRHHCRRIRCOICO/ORCHOHHCOHCORRICRIHCHHRORHHCHH/ICRHORIIHOHROHOHOCOOHOOCOORRHO/HHRROIIHRRICIIHIIHICRHHRHOHHOO	com/moonsworth/lunar/legacy/HRICOROOOCCOCOROCRHHCRRIRCOICO/ORCHOHHCOHCORRICRIHCHHRORHHCHH/ICRHORIIHOHROHOHOCOOHOOCOORRHO/EntityPlayerMPMixin
com/moonsworth/lunar/legacy/HRICOROOOCCOCOROCRHHCRRIRCOICO/ORCHOHHCOHCORRICRIHCHHRORHHCHH/ICRHORIIHOHROHOHOCOOHOOCOORRHO/HRICOROOOCCOCOROCRHHCRRIRCOICO	com/moonsworth/lunar/legacy/HRICOROOOCCOCOROCRHHCRRIRCOICO/ORCHOHHCOHCORRICRIHCHHRORHHCHH/ICRHORIIHOHROHOHOCOOHOOCOORRHO/EntityPlayerMixin
com/moonsworth/lunar/legacy/HRICOROOOCCOCOROCRHHCRRIRCOICO/ORCHOHHCOHCORRICRIHCHHRORHHCHH/ICRHORIIHOHROHOHOCOOHOOCOORRHO/ICRHORIIHOHROHOHOCOOHOOCOORRHO	com/moonsworth/lunar/legacy/HRICOROOOCCOCOROCRHHCRRIRCOICO/ORCHOHHCOHCORRICRIHCHHRORHHCHH/ICRHORIIHOHROHOHOCOOHOOCOORRHO/InventoryPlayerMixin
com/moonsworth/lunar/legacy/HRICOROOOCCOCOROCRHHCRRIRCOICO/ORCHOHHCOHCORRICRIHCHHRORHHCHH/ICRHORIIHOHROHOHOCOOHOOCOORRHO/RCIOICOHRIOIIRRRROCRHCIICRROHO	com/moonsworth/lunar/legacy/HRICOROOOCCOCOROCRHHCRRIRCOICO/ORCHOHHCOHCORRICRIHCHHRORHHCHH/ICRHORIIHOHROHOHOCOOHOOCOORRHO/EnumPlayerModelPartsMixin
com/moonsworth/lunar/legacy/HRICOROOOCCOCOROCRHHCRRIRCOICO/ORCHOHHCOHCORRICRIHCHHRORHHCHH/ICRHORIIHOHROHOHOCOOHOOCOORRHO_	com/moonsworth/lunar/legacy/HRICOROOOCCOCOROCRHHCRRIRCOICO/ORCHOHHCOHCORRICRIHCHHRORHHCHH/EntityLivingBaseMixin
com/moonsworth/lunar/legacy/HRICOROOOCCOCOROCRHHCRRIRCOICO/ORCHOHHCOHCORRICRIHCHHRORHHCHH/OHOOORICRHIIIIRHCICICOCHROICRC	com/moonsworth/lunar/legacy/HRICOROOOCCOCOROCRHHCRRIRCOICO/ORCHOHHCOHCORRICRIHCHHRORHHCHH/EntityXPOrbMixin
com/moonsworth/lunar/legacy/HRICOROOOCCOCOROCRHHCRRIRCOICO/ORCHOHHCOHCORRICRIHCHHRORHHCHH/OHROCHICOIOICHOCRROORRCIIICIHO	com/moonsworth/lunar/legacy/HRICOROOOCCOCOROCRHHCRRIRCOICO/ORCHOHHCOHCORRICRIHCHHRORHHCHH/EntityMinecartMixin
com/moonsworth/lunar/legacy/HRICOROOOCCOCOROCRHHCRRIRCOICO/ORCHOHHCOHCORRICRIHCHHRORHHCHH/ORCHOHHCOHCORRICRIHCHHRORHHCHH	com/moonsworth/lunar/legacy/HRICOROOOCCOCOROCRHHCRRIRCOICO/ORCHOHHCOHCORRICRIHCHHRORHHCHH/EntityMixin
com/moonsworth/lunar/legacy/HRICOROOOCCOCOROCRHHCRRIRCOICO/ORCHOHHCOHCORRICRIHCHHRORHHCHH/ORICHRORRORHORHOIHCRHOORCRRHOI	com/moonsworth/lunar/legacy/HRICOROOOCCOCOROCRHHCRRIRCOICO/ORCHOHHCOHCORRICRIHCHHRORHHCHH/EntityPaintingMixin
com/moonsworth/lunar/legacy/HRICOROOOCCOCOROCRHHCRRIRCOICO/ORCHOHHCOHCORRICRIHCHHRORHHCHH/RCIOICOHRIOIIRRRROCRHCIICRROHO/HORHROIOIOICIRHIOCOICHHHIHCIIO	com/moonsworth/lunar/legacy/HRICOROOOCCOCOROCRHHCRRIRCOICO/ORCHOHHCOHCORRICRIHCHHRORHHCHH/RCIOICOHRIOIIRRRROCRHCIICRROHO/EntityFireworkRocketMixin
com/moonsworth/lunar/legacy/HRICOROOOCCOCOROCRHHCRRIRCOICO/ORCHOHHCOHCORRICRIHCHHRORHHCHH/RCIOICOHRIOIIRRRROCRHCIICRROHO_	com/moonsworth/lunar/legacy/HRICOROOOCCOCOROCRHHCRRIRCOICO/ORCHOHHCOHCORRICRIHCHHRORHHCHH/EntityLivingMixin
com/moonsworth/lunar/legacy/HRICOROOOCCOCOROCRHHCRRIRCOICO/ORICHRORRORHORHOIHCRHOORCRRHOI/HHRROIIHRRICIIHIIHICRHHRHOHHOO	com/moonsworth/lunar/legacy/HRICOROOOCCOCOROCRHHCRRIRCOICO/ORICHRORRORHORHOIHCRHOORCRRHOI/HoverEventMixin
com/moonsworth/lunar/legacy/HRICOROOOCCOCOROCRHHCRRIRCOICO/ORICHRORRORHORHOIHCRHOORCRRHOI/HORHROIOIOICIRHIOCOICHHHIHCIIO	com/moonsworth/lunar/legacy/HRICOROOOCCOCOROCRHHCRRIRCOICO/ORICHRORRORHORHOIHCRHOORCRRHOI/ClickEventMixin
com/moonsworth/lunar/legacy/HRICOROOOCCOCOROCRHHCRRIRCOICO/RHIRRICCRHHHIIHHIHHOHRCHIOORCC/CCROIHHHCOCHHOHORCIRHOCRROIOCI	com/moonsworth/lunar/legacy/HRICOROOOCCOCOROCRHHCRRIRCOICO/RHIRRICCRHHHIIHHIHHOHRCHIOORCC/Serializer_v1_7Mixin
com/moonsworth/lunar/legacy/HRICOROOOCCOCOROCRHHCRRIRCOICO/RHIRRICCRHHHIIHHIHHOHRCHIOORCC/HHRROIIHRRICIIHIIHICRHHRHOHHOO	com/moonsworth/lunar/legacy/HRICOROOOCCOCOROCRHHCRRIRCOICO/RHIRRICCRHHHIIHHIHHOHRCHIOORCC/NetworkManager_v1_12Mixin
com/moonsworth/lunar/legacy/HRICOROOOCCOCOROCRHHCRRIRCOICO/RHIRRICCRHHHIIHHIHHOHRCHIOORCC/HORHROIOIOICIRHIOCOICHHHIHCIIO/HHRROIIHRRICIIHIIHICRHHRHOHHOO/HHRROIIHRRICIIHIIHICRHHRHOHHOO	com/moonsworth/lunar/legacy/HRICOROOOCCOCOROCRHHCRRIRCOICO/RHIRRICCRHHHIIHHIHHOHRCHIOORCC/HORHROIOIOICIRHIOCOICHHHIHCIIO/HHRROIIHRRICIIHIIHICRHHRHOHHOO/S38PacketPlayerListItemMixin
com/moonsworth/lunar/legacy/HRICOROOOCCOCOROCRHHCRRIRCOICO/RHIRRICCRHHHIIHHIHHOHRCHIOORCC/HORHROIOIOICIRHIOCOICHHHIHCIIO/HHRROIIHRRICIIHIIHICRHHRHOHHOO/HORHROIOIOICIRHIOCOICHHHIHCIIO	com/moonsworth/lunar/legacy/HRICOROOOCCOCOROCRHHCRRIRCOICO/RHIRRICCRHHHIIHHIHHOHRCHIOORCC/HORHROIOIOICIRHIOCOICHHHIHCIIO/HHRROIIHRRICIIHIIHICRHHRHOHHOO/S3FPacketCustomPayloadMixin
com/moonsworth/lunar/legacy/HRICOROOOCCOCOROCRHHCRRIRCOICO/RHIRRICCRHHHIIHHIHHOHRCHIOORCC/HORHROIOIOICIRHIOCOICHHHIHCIIO/HORHROIOIOICIRHIOCOICHHHIHCIIO/HHRROIIHRRICIIHIIHICRHHRHOHHOO	com/moonsworth/lunar/legacy/HRICOROOOCCOCOROCRHHCRRIRCOICO/RHIRRICCRHHHIIHHIHHOHRCHIOORCC/HORHROIOIOICIRHIOCOICHHHIHCIIO/HORHROIOIOICIRHIOCOICHHHIHCIIO/C17PacketCustomPayloadMixin
com/moonsworth/lunar/legacy/HRICOROOOCCOCOROCRHHCRRIRCOICO/RHIRRICCRHHHIIHHIHHOHRCHIOORCC/HORHROIOIOICIRHIOCOICHHHIHCIIO/HORHROIOIOICIRHIOCOICHHHIHCIIO/HORHROIOIOICIRHIOCOICHHHIHCIIO	com/moonsworth/lunar/legacy/HRICOROOOCCOCOROCRHHCRRIRCOICO/RHIRRICCRHHHIIHHIHHOHRCHIOORCC/HORHROIOIOICIRHIOCOICHHHIHCIIO/HORHROIOIOICIRHIOCOICHHHIHCIIO/C01PacketChatMessageMixin
com/moonsworth/lunar/legacy/HRICOROOOCCOCOROCRHHCRRIRCOICO/RHIRRICCRHHHIIHHIHHOHRCHIOORCC/HORHROIOIOICIRHIOCOICHHHIHCIIO_	com/moonsworth/lunar/legacy/HRICOROOOCCOCOROCRHHCRRIRCOICO/RHIRRICCRHHHIIHHIHHOHRCHIOORCC/NetHandlerPlayClientMixin
com/moonsworth/lunar/legacy/HRICOROOOCCOCOROCRHHCRRIRCOICO/RHIRRICCRHHHIIHHIHHOHRCHIOORCC/HRICOROOOCCOCOROCRHHCRRIRCOICO	com/moonsworth/lunar/legacy/HRICOROOOCCOCOROCRHHCRRIRCOICO/RHIRRICCRHHHIIHHIHHOHRCHIOORCC/NetworkManager_v1_7Mixin
com/moonsworth/lunar/legacy/HRICOROOOCCOCOROCRHHCRRIRCOICO/RHIRRICCRHHHIIHHIHHOHRCHIOORCC/HROHOIOCHIRIHICOORIHOHCIOIRIIH	com/moonsworth/lunar/legacy/HRICOROOOCCOCOROCRHHCRRIRCOICO/RHIRRICCRHHHIIHHIHHOHRCHIOORCC/ServerStatusResponseMixin
com/moonsworth/lunar/legacy/HRICOROOOCCOCOROCRHHCRRIRCOICO/RHIRRICCRHHHIIHHIHHOHRCHIOORCC/ICRHORIIHOHROHOHOCOOHOOCOORRHO	com/moonsworth/lunar/legacy/HRICOROOOCCOCOROCRHHCRRIRCOICO/RHIRRICCRHHHIIHHIHHOHRCHIOORCC/NetworkManagerMixin
com/moonsworth/lunar/legacy/HRICOROOOCCOCOROCRHHCRRIRCOICO/RHIRRICCRHHHIIHHIHHOHRCHIOORCC/OHOOORICRHIIIIRHCICICOCHROICRC	com/moonsworth/lunar/legacy/HRICOROOOCCOCOROCRHHCRRIRCOICO/RHIRRICCRHHHIIHHIHHOHRCHIOORCC/SerializerMixin
com/moonsworth/lunar/legacy/HRICOROOOCCOCOROCRHHCRRIRCOICO/RHIRRICCRHHHIIHHIHHOHRCHIOORCC/OHROCHICOIOICHOCRROORRCIIICIHO	com/moonsworth/lunar/legacy/HRICOROOOCCOCOROCRHHCRRIRCOICO/RHIRRICCRHHHIIHHIHHOHRCHIOORCC/Packet_v1_7Mixin
com/moonsworth/lunar/legacy/HRICOROOOCCOCOROCRHHCRRIRCOICO/RHIRRICCRHHHIIHHIHHOHRCHIOORCC/ORICHRORRORHORHOIHCRHOORCRRHOI	com/moonsworth/lunar/legacy/HRICOROOOCCOCOROCRHHCRRIRCOICO/RHIRRICCRHHHIIHHIHHOHRCHIOORCC/1Mixin
com/moonsworth/lunar/legacy/HRICOROOOCCOCOROCRHHCRRIRCOICO/RHIRRICCRHHHIIHHIHHOHRCHIOORCC/RCIOICOHRIOIIRRRROCRHCIICRROHO	com/moonsworth/lunar/legacy/HRICOROOOCCOCOROCRHHCRRIRCOICO/RHIRRICCRHHHIIHHIHHOHRCHIOORCC/PacketBufferMixin
com/moonsworth/lunar/legacy/HRICOROOOCCOCOROCRHHCRRIRCOICO/RIIICIRHRCIHOOOORHOICRIICCCRHR/HORHROIOIOICIRHIOCOICHHHIHCIIO/HORHROIOIOICIRHIOCOICHHHIHCIIO	com/moonsworth/lunar/legacy/HRICOROOOCCOCOROCRHHCRRIRCOICO/RIIICIRHRCIHOOOORHOICRIICCCRHR/HORHROIOIOICIRHIOCOICHHHIHCIIO/PlayerProfileCacheMixin
com/moonsworth/lunar/legacy/HRICOROOOCCOCOROCRHHCRRIRCOICO/RIIICIRHRCIHOOOORHOICRIICCCRHR/HORHROIOIOICIRHIOCOICHHHIHCIIO_	com/moonsworth/lunar/legacy/HRICOROOOCCOCOROCRHHCRRIRCOICO/RIIICIRHRCIHOOOORHOICRIICCCRHR/IntegratedServerMixin
com/moonsworth/lunar/legacy/HRICOROOOCCOCOROCRHHCRRIRCOICO/RIIIOHCCHRRRORICCHIIHHOORIIOIR/HHRROIIHRRICIIHIIHICRHHRHOHHOO	com/moonsworth/lunar/legacy/HRICOROOOCCOCOROCRHHCRRIRCOICO/RIIIOHCCHRRRORICCHIIHHOORIIOIR/TileEntityChestMixin
com/moonsworth/lunar/legacy/HRICOROOOCCOCOROCRHHCRRIRCOICO/RIIIOHCCHRRRORICCHIIHHOORIIOIR/HORHROIOIOICIRHIOCOICHHHIHCIIO	com/moonsworth/lunar/legacy/HRICOROOOCCOCOROCRHHCRRIRCOICO/RIIIOHCCHRRRORICCHIIHHOORIIOIR/BeamSegmentMixin
com/moonsworth/lunar/legacy/HRICOROOOCCOCOROCRHHCRRIRCOICO/RIIIOHCCHRRRORICCHIIHHOORIIOIR/HRICOROOOCCOCOROCRHHCRRIRCOICO	com/moonsworth/lunar/legacy/HRICOROOOCCOCOROCRHHCRRIRCOICO/RIIIOHCCHRRRORICCHIIHHOORIIOIR/TileEntityMixin
com/moonsworth/lunar/legacy/RCIOICOHRIOIIRRRROCRHCIICRROHO/HORHROIOIOICIRHIOCOICHHHIHCIIO/HORHROIOIOICIRHIOCOICHHHIHCIIO	com/moonsworth/lunar/legacy/RCIOICOHRIOIIRRRROCRHCIICRROHO/HORHROIOIOICIRHIOCOICHHHIHCIIO/MinecraftMixin
com/moonsworth/lunar/legacy/optifine/mixin/CCROIHHHCOCHHOHORCIRHOCRROIOCI	com/moonsworth/lunar/legacy/optifine/mixin/FontRendererMixin
com/moonsworth/lunar/legacy/optifine/mixin/CORRCOHCRHOHHOIHOIOICORROHOOOO	com/moonsworth/lunar/legacy/optifine/mixin/RenderItemMixin
com/moonsworth/lunar/legacy/optifine/mixin/HCCIHCROHHCOOHCHCHHHICIOROHICC	com/moonsworth/lunar/legacy/optifine/mixin/RendererLivingEntityMixin
com/moonsworth/lunar/legacy/optifine/mixin/HCHHRHHCRIIORRRICOOCCOCHIRRRRR	com/moonsworth/lunar/legacy/optifine/mixin/ProgramMixin
com/moonsworth/lunar/legacy/optifine/mixin/HHRROIIHRRICIIHIIHICRHHRHOHHOO/HHRROIIHRRICIIHIIHICRHHRHOHHOO	com/moonsworth/lunar/legacy/optifine/mixin/HHRROIIHRRICIIHIIHICRHHRHOHHOO/FieldLocatorTypeMixin
com/moonsworth/lunar/legacy/optifine/mixin/HHRROIIHRRICIIHIIHICRHHRHOHHOO/HORHROIOIOICIRHIOCOICHHHIHCIIO	com/moonsworth/lunar/legacy/optifine/mixin/HHRROIIHRRICIIHIIHICRHHRHOHHOO/FieldLocatorNameMixin
com/moonsworth/lunar/legacy/optifine/mixin/HHRROIIHRRICIIHIIHICRHHRHOHHOO/HRICOROOOCCOCOROCRHHCRRIRCOICO	com/moonsworth/lunar/legacy/optifine/mixin/HHRROIIHRRICIIHIIHICRHHRHOHHOO/FieldLocatorTypesMixin
com/moonsworth/lunar/legacy/optifine/mixin/HHRROIIHRRICIIHIIHICRHHRHOHHOO/ICRHORIIHOHROHOHOCOOHOOCOORRHO	com/moonsworth/lunar/legacy/optifine/mixin/HHRROIIHRRICIIHIIHICRHHRHOHHOO/ReflectorClassMixin
com/moonsworth/lunar/legacy/optifine/mixin/HHRROIIHRRICIIHIIHICRHHRHOHHOO/RCIOICOHRIOIIRRRROCRHCIICRROHO	com/moonsworth/lunar/legacy/optifine/mixin/HHRROIIHRRICIIHIIHICRHHRHOHHOO/ReflectorMethodMixin
com/moonsworth/lunar/legacy/optifine/mixin/HHRROIIHRRICIIHIIHICRHHRHOHHOO_	com/moonsworth/lunar/legacy/optifine/mixin/AbstractTextureMixin
com/moonsworth/lunar/legacy/optifine/mixin/HICCRORORCRIHCORCCIORIOROORIHR	com/moonsworth/lunar/legacy/optifine/mixin/PlayerItemsLayerMixin
com/moonsworth/lunar/legacy/optifine/mixin/HIOROOCORHICHIRIHIRCCORCIIICCH	com/moonsworth/lunar/legacy/optifine/mixin/GuiScreenMixin
com/moonsworth/lunar/legacy/optifine/mixin/HIRHCCHIRHRORIICOIHIHCICOIRHHC	com/moonsworth/lunar/legacy/optifine/mixin/ThreadDownloadImageDataMixin
com/moonsworth/lunar/legacy/optifine/mixin/HORHROIOIOICIRHIOCOICHHHIHCIIO/HORHROIOIOICIRHIOCOICHHHIHCIIO	com/moonsworth/lunar/legacy/optifine/mixin/HORHROIOIOICIRHIOCOICHHHIHCIIO/ModelBakeryMixin
com/moonsworth/lunar/legacy/optifine/mixin/HORHROIOIOICIRHIOCOICHHHIHCIIO_	com/moonsworth/lunar/legacy/optifine/mixin/AbstractClientPlayerMixin
com/moonsworth/lunar/legacy/optifine/mixin/HRICOROOOCCOCOROCRHHCRRIRCOICO	com/moonsworth/lunar/legacy/optifine/mixin/BlockModelRendererMixin
com/moonsworth/lunar/legacy/optifine/mixin/HROHOIOCHIRIHICOORIHOHCIOIRIIH	com/moonsworth/lunar/legacy/optifine/mixin/EntityRendererMixin
com/moonsworth/lunar/legacy/optifine/mixin/HRORICORIHHHRICRIRCIIOHCRIRRHI	com/moonsworth/lunar/legacy/optifine/mixin/PlayerConfigurationsMixin
com/moonsworth/lunar/legacy/optifine/mixin/ICRHORIIHOHROHOHOCOOHOOCOORRHO	com/moonsworth/lunar/legacy/optifine/mixin/CapeUtilsMixin
com/moonsworth/lunar/legacy/optifine/mixin/IHRHHRIHICHOOICIRIOOHOICHIRHOI	com/moonsworth/lunar/legacy/optifine/mixin/GuiVideoSettingsMixin
com/moonsworth/lunar/legacy/optifine/mixin/IIORCIOOIHRRRICOHIRCIHOOCCOHRO	com/moonsworth/lunar/legacy/optifine/mixin/ItemStackMixin
com/moonsworth/lunar/legacy/optifine/mixin/IRCHCHOHRRIOORHRCHRIHIOHRCIHRH	com/moonsworth/lunar/legacy/optifine/mixin/MinecraftMixin
com/moonsworth/lunar/legacy/optifine/mixin/OCRORCCHCRIOOIRHOHRRHCRRHRCIHO	com/moonsworth/lunar/legacy/optifine/mixin/RenderGlobalMixin
com/moonsworth/lunar/legacy/optifine/mixin/OHOOORICRHIIIIRHCICICOCHROICRC	com/moonsworth/lunar/legacy/optifine/mixin/GameSettingsMixin
com/moonsworth/lunar/legacy/optifine/mixin/OHROCHICOIOICHOCRROORRCIIICIHO	com/moonsworth/lunar/legacy/optifine/mixin/ConnectedPropertiesMixin
com/moonsworth/lunar/legacy/optifine/mixin/OIRIOIIIRICICCHORICRRIRROHCRIC	com/moonsworth/lunar/legacy/optifine/mixin/GuiChatMixin
com/moonsworth/lunar/legacy/optifine/mixin/OORHIHOOORHHIRORRICRRORCHRRIIC	com/moonsworth/lunar/legacy/optifine/mixin/ShadersMixin
com/moonsworth/lunar/legacy/optifine/mixin/ORCHOHHCOHCORRICRIHCHHRORHHCHH	com/moonsworth/lunar/legacy/optifine/mixin/CustomColorsMixin
com/moonsworth/lunar/legacy/optifine/mixin/ORICHRORRORHORHOIHCRHOORCRRHOI	com/moonsworth/lunar/legacy/optifine/mixin/CustomItemPropertiesMixin
com/moonsworth/lunar/legacy/optifine/mixin/RCIOICOHRIOIIRRRROCRHCIICRROHO	com/moonsworth/lunar/legacy/optifine/mixin/ConfigMixin
com/moonsworth/lunar/legacy/optifine/mixin/RHIRRICCRHHHIIHHIHHOHRCHIOORCC	com/moonsworth/lunar/legacy/optifine/mixin/GuiSlotMixin
com/moonsworth/lunar/legacy/optifine/mixin/RIIICIRHRCIHOOOORHOICRIICCCRHR	com/moonsworth/lunar/legacy/optifine/mixin/LagometerMixin
com/moonsworth/lunar/legacy/optifine/mixin/RIIIOHCCHRRRORICCHIIHHOORIIOIR	com/moonsworth/lunar/legacy/optifine/mixin/ModelRendererMixin
com/moonsworth/lunar/legacy/optifine/mixin/RRIHRICRHHHHHIIOOCOCICOIHCIIRC	com/moonsworth/lunar/legacy/optifine/mixin/TextureMapMixin
com/moonsworth/lunar/replaymod/forge/v1_12/HHRROIIHRRICIIHIIHICRHHRHOHHOO/HORHROIOIOICIRHIOCOICHHHIHCIIO	com/moonsworth/lunar/replaymod/forge/v1_12/HHRROIIHRRICIIHIIHICRHHRHOHHOO/ReplayModMixinConfigPluginMixin
com/moonsworth/lunar/replaymod/forge/v1_12/HRICOROOOCCOCOROCRHHCRRIRCOICO/CCHIHOHCICHCRCCCHRIIOHHIICCCIO	com/moonsworth/lunar/replaymod/forge/v1_12/HRICOROOOCCOCOROCRHHCRRIRCOICO/SettingsRegistryMixin
com/moonsworth/lunar/replaymod/forge/v1_12/HRICOROOOCCOCOROCRHHCRRIRCOICO/CCHOHROIOHHCCCOCIIOIRCHRROHHRC	com/moonsworth/lunar/replaymod/forge/v1_12/HRICOROOOCCOCOROCRHHCRRIRCOICO/MessageDeserializerMixin
com/moonsworth/lunar/replaymod/forge/v1_12/HRICOROOOCCOCOROCRHHCRRIRCOICO/CCROIHHHCOCHHOHORCIRHOCRROIOCI	com/moonsworth/lunar/replaymod/forge/v1_12/HRICOROOOCCOCOROCRHHCRRIRCOICO/AbstractGuiSliderMixin
com/moonsworth/lunar/replaymod/forge/v1_12/HRICOROOOCCOCOROCRHHCRRIRCOICO/CORRCOHCRHOHHOIHOIOICORROHOOOO	com/moonsworth/lunar/replaymod/forge/v1_12/HRICOROOOCCOCOROCRHHCRRIRCOICO/GuiPathingMixin
com/moonsworth/lunar/replaymod/forge/v1_12/HRICOROOOCCOCOROCRHHCRRIRCOICO/HCCIHCROHHCOOHCHCHHHICIOROHICC	com/moonsworth/lunar/replaymod/forge/v1_12/HRICOROOOCCOCOROCRHHCRRIRCOICO/GuiRecordingControlsMixin
com/moonsworth/lunar/replaymod/forge/v1_12/HRICOROOOCCOCOROCRHHCRRIRCOICO/HCHHRHHCRIIORRRICOOCCOCHIRRRRR	com/moonsworth/lunar/replaymod/forge/v1_12/HRICOROOOCCOCOROCRHHCRRIRCOICO/GuiHandlerMixin2
com/moonsworth/lunar/replaymod/forge/v1_12/HRICOROOOCCOCOROCRHHCRRIRCOICO/HHRROIIHRRICIIHIIHICRHHRHOHHOO	com/moonsworth/lunar/replaymod/forge/v1_12/HRICOROOOCCOCOROCRHHCRRIRCOICO/DropdownEntryMixin
com/moonsworth/lunar/replaymod/forge/v1_12/HRICOROOOCCOCOROCRHHCRRIRCOICO/HICCRORORCRIHCORCCIORIOROORIHR	com/moonsworth/lunar/replaymod/forge/v1_12/HRICOROOOCCOCOROCRHHCRRIRCOICO/GuiHandlerMixin
com/moonsworth/lunar/replaymod/forge/v1_12/HRICOROOOCCOCOROCRHHCRRIRCOICO/HIOROOCORHICHIRIHIRCCORCIIICCH	com/moonsworth/lunar/replaymod/forge/v1_12/HRICOROOOCCOCOROCRHHCRRIRCOICO/CameraEntityMixin
com/moonsworth/lunar/replaymod/forge/v1_12/HRICOROOOCCOCOROCRHHCRRIRCOICO/HIRHCCHIRHRORIICOIHIHCICOIRHHC	com/moonsworth/lunar/replaymod/forge/v1_12/HRICOROOOCCOCOROCRHHCRRIRCOICO/GuiSavingReplayMixin
com/moonsworth/lunar/replaymod/forge/v1_12/HRICOROOOCCOCOROCRHHCRRIRCOICO/HOCCRCCRCHROIICOOHOHRIICRHCOHR	com/moonsworth/lunar/replaymod/forge/v1_12/HRICOROOOCCOCOROCRHHCRRIRCOICO/SettingKeysMixin
com/moonsworth/lunar/replaymod/forge/v1_12/HRICOROOOCCOCOROCRHHCRRIRCOICO/HOOHOOCICIOHOCCCCRCICOIIOIOIIH	com/moonsworth/lunar/replaymod/forge/v1_12/HRICOROOOCCOCOROCRHHCRRIRCOICO/ReplayHandlerMixin
com/moonsworth/lunar/replaymod/forge/v1_12/HRICOROOOCCOCOROCRHHCRRIRCOICO/HORHROIOIOICIRHIOCOICHHHIHCIIO	com/moonsworth/lunar/replaymod/forge/v1_12/HRICOROOOCCOCOROCRHHCRRIRCOICO/AbstractGuiButtonMixin
com/moonsworth/lunar/replaymod/forge/v1_12/HRICOROOOCCOCOROCRHHCRRIRCOICO/HRICOROOOCCOCOROCRHHCRRIRCOICO	com/moonsworth/lunar/replaymod/forge/v1_12/HRICOROOOCCOCOROCRHHCRRIRCOICO/AbstractGuiDropdownMenuMixin
com/moonsworth/lunar/replaymod/forge/v1_12/HRICOROOOCCOCOROCRHHCRRIRCOICO/HROHOIOCHIRIHICOORIHOHCIOIRIIH	com/moonsworth/lunar/replaymod/forge/v1_12/HRICOROOOCCOCOROCRHHCRRIRCOICO/AbstractGuiScreenMixin
com/moonsworth/lunar/replaymod/forge/v1_12/HRICOROOOCCOCOROCRHHCRRIRCOICO/HROOOICICRCOCIROHIRICCCOCCIORH	com/moonsworth/lunar/replaymod/forge/v1_12/HRICOROOOCCOCOROCRHHCRRIRCOICO/ReplayModMixin
com/moonsworth/lunar/replaymod/forge/v1_12/HRICOROOOCCOCOROCRHHCRRIRCOICO/HRORICORIHHHRICRIRCIIOHCRIRRHI	com/moonsworth/lunar/replaymod/forge/v1_12/HRICOROOOCCOCOROCRHHCRRIRCOICO/GuiBackgroundProcessesMixin
com/moonsworth/lunar/replaymod/forge/v1_12/HRICOROOOCCOCOROCRHHCRRIRCOICO/ICOOHRIORIOOIIRRIHHOOIOHHCORIR	com/moonsworth/lunar/replaymod/forge/v1_12/HRICOROOOCCOCOROCRHHCRRIRCOICO/MCVerMixin
com/moonsworth/lunar/replaymod/forge/v1_12/HRICOROOOCCOCOROCRHHCRRIRCOICO/ICRHORIIHOHROHOHOCOOHOOCOORRHO	com/moonsworth/lunar/replaymod/forge/v1_12/HRICOROOOCCOCOROCRHHCRRIRCOICO/AbstractGuiElementMixin
com/moonsworth/lunar/replaymod/forge/v1_12/HRICOROOOCCOCOROCRHHCRRIRCOICO/IHRHHRIHICHOOICIRIOOHOICHIRHOI	com/moonsworth/lunar/replaymod/forge/v1_12/HRICOROOOCCOCOROCRHHCRRIRCOICO/ConnectionEventHandlerMixin
com/moonsworth/lunar/replaymod/forge/v1_12/HRICOROOOCCOCOROCRHHCRRIRCOICO/IIORCIOOIHRRRICOHIRCIHOOCCOHRO	com/moonsworth/lunar/replaymod/forge/v1_12/HRICOROOOCCOCOROCRHHCRRIRCOICO/DisableFastRenderMixin
com/moonsworth/lunar/replaymod/forge/v1_12/HRICOROOOCCOCOROCRHHCRRIRCOICO/IRCHCHOHRRIOORHRCHRIHIOHRCIHRH	com/moonsworth/lunar/replaymod/forge/v1_12/HRICOROOOCCOCOROCRHHCRRIRCOICO/FullBrightnessMixin
com/moonsworth/lunar/replaymod/forge/v1_12/HRICOROOOCCOCOROCRHHCRRIRCOICO/OCRORCCHCRIOOIRHOHRRHCRRHRCIHO	com/moonsworth/lunar/replaymod/forge/v1_12/HRICOROOOCCOCOROCRHHCRRIRCOICO/10Mixin
com/moonsworth/lunar/replaymod/forge/v1_12/HRICOROOOCCOCOROCRHHCRRIRCOICO/OHOOORICRHIIIIRHCICICOCHROICRC	com/moonsworth/lunar/replaymod/forge/v1_12/HRICOROOOCCOCOROCRHHCRRIRCOICO/AbstractGuiTimelineMixin
com/moonsworth/lunar/replaymod/forge/v1_12/HRICOROOOCCOCOROCRHHCRRIRCOICO/OHROCHICOIOICHOCRROORRCIIICIHO	com/moonsworth/lunar/replaymod/forge/v1_12/HRICOROOOCCOCOROCRHHCRRIRCOICO/AbstractGuiLabelMixin
com/moonsworth/lunar/replaymod/forge/v1_12/HRICOROOOCCOCOROCRHHCRRIRCOICO/OIHOHCCCRCORHCRIRHIHOOCIOHRCHR	com/moonsworth/lunar/replaymod/forge/v1_12/HRICOROOOCCOCOROCRHHCRRIRCOICO/PboOpenGlFrameCapturerMixin
com/moonsworth/lunar/replaymod/forge/v1_12/HRICOROOOCCOCOROCRHHCRRIRCOICO/OIRIOIIIRICICCHORICRRIRROHCRIC	com/moonsworth/lunar/replaymod/forge/v1_12/HRICOROOOCCOCOROCRHHCRRIRCOICO/AbstractGuiTimelineTimeMixin
com/moonsworth/lunar/replaymod/forge/v1_12/HRICOROOOCCOCOROCRHHCRRIRCOICO/OORHIHOOORHHIRORRICRRORCHRRIIC	com/moonsworth/lunar/replaymod/forge/v1_12/HRICOROOOCCOCOROCRHHCRRIRCOICO/GuiRecordingOverlayMixin
com/moonsworth/lunar/replaymod/forge/v1_12/HRICOROOOCCOCOROCRHHCRRIRCOICO/ORCHOHHCOHCORRICRIHCHHRORHHCHH	com/moonsworth/lunar/replaymod/forge/v1_12/HRICOROOOCCOCOROCRHHCRRIRCOICO/AbstractGuiOverlayMixin
com/moonsworth/lunar/replaymod/forge/v1_12/HRICOROOOCCOCOROCRHHCRRIRCOICO/ORICHRORRORHORHOIHCRHOORCRRHOI	com/moonsworth/lunar/replaymod/forge/v1_12/HRICOROOOCCOCOROCRHHCRRIRCOICO/2Mixin
com/moonsworth/lunar/replaymod/forge/v1_12/HRICOROOOCCOCOROCRHHCRRIRCOICO/RCIOICOHRIOIIRRRROCRHCIICRROHO	com/moonsworth/lunar/replaymod/forge/v1_12/HRICOROOOCCOCOROCRHHCRRIRCOICO/AbstractGuiHorizontalScrollbarMixin
com/moonsworth/lunar/replaymod/forge/v1_12/HRICOROOOCCOCOROCRHHCRRIRCOICO/RCOHRRRHRIOORHCRORIIHCCORRCRRC	com/moonsworth/lunar/replaymod/forge/v1_12/HRICOROOOCCOCOROCRHHCRRIRCOICO/ReplayModRecordingMixin
com/moonsworth/lunar/replaymod/forge/v1_12/HRICOROOOCCOCOROCRHHCRRIRCOICO/RHIRRICCRHHHIIHHIHHOHRCHIOORCC	com/moonsworth/lunar/replaymod/forge/v1_12/HRICOROOOCCOCOROCRHHCRRIRCOICO/ClassicCameraControllerMixin
com/moonsworth/lunar/replaymod/forge/v1_12/HRICOROOOCCOCOROCRHHCRRIRCOICO/RHRHIOOCICIORIOCIHHCIIRCRHHOII	com/moonsworth/lunar/replaymod/forge/v1_12/HRICOROOOCCOCOROCRHHCRRIRCOICO/PacketListenerMixin
com/moonsworth/lunar/replaymod/forge/v1_12/HRICOROOOCCOCOROCRHHCRRIRCOICO/RIIICIRHRCIHOOOORHOICRIICCCRHR	com/moonsworth/lunar/replaymod/forge/v1_12/HRICOROOOCCOCOROCRHHCRRIRCOICO/EntityRendererHandlerMixin
com/moonsworth/lunar/replaymod/forge/v1_12/HRICOROOOCCOCOROCRHHCRRIRCOICO/RIIIOHCCHRRRORICCHIIHHOORIIOIR	com/moonsworth/lunar/replaymod/forge/v1_12/HRICOROOOCCOCOROCRHHCRRIRCOICO/ElementMixin
com/moonsworth/lunar/replaymod/forge/v1_12/HRICOROOOCCOCOROCRHHCRRIRCOICO/RIOOCHHOCHRIIROCRHOOIRHCOCOOCI	com/moonsworth/lunar/replaymod/forge/v1_12/HRICOROOOCCOCOROCRHHCRRIRCOICO/ReplayModBackendMixin
com/moonsworth/lunar/replaymod/forge/v1_12/HRICOROOOCCOCOROCRHHCRRIRCOICO/RIOOHRCHIRCIICRIRCOCHIRHHCOIRO	com/moonsworth/lunar/replaymod/forge/v1_12/HRICOROOOCCOCOROCRHHCRRIRCOICO/VanillaGuiScreenMixin
com/moonsworth/lunar/replaymod/forge/v1_12/HRICOROOOCCOCOROCRHHCRRIRCOICO/RRCIOHHRCRCCOCCIOROHORCRROHCOC	com/moonsworth/lunar/replaymod/forge/v1_12/HRICOROOOCCOCOROCRHHCRRIRCOICO/EventHandlerMixin
com/moonsworth/lunar/replaymod/forge/v1_12/HRICOROOOCCOCOROCRHHCRRIRCOICO/RRIHRICRHHHHHIIOOCOCICOIHCIIRC	com/moonsworth/lunar/replaymod/forge/v1_12/HRICOROOOCCOCOROCRHHCRRIRCOICO/GuiReplayListMixin
com/moonsworth/lunar/replaymod/forge/v1_8/HHRROIIHRRICIIHIIHICRHHRHOHHOO/HORHROIOIOICIRHIOCOICHHHIHCIIO	com/moonsworth/lunar/replaymod/forge/v1_8/HHRROIIHRRICIIHIIHICRHHRHOHHOO/ReplayModMixinConfigPluginMixin
com/moonsworth/lunar/replaymod/forge/v1_8/HRICOROOOCCOCOROCRHHCRRIRCOICO/CCHIHOHCICHCRCCCHRIIOHHIICCCIO	com/moonsworth/lunar/replaymod/forge/v1_8/HRICOROOOCCOCOROCRHHCRRIRCOICO/SettingsRegistryMixin
com/moonsworth/lunar/replaymod/forge/v1_8/HRICOROOOCCOCOROCRHHCRRIRCOICO/CCHOHROIOHHCCCOCIIOIRCHRROHHRC	com/moonsworth/lunar/replaymod/forge/v1_8/HRICOROOOCCOCOROCRHHCRRIRCOICO/MessageDeserializerMixin
com/moonsworth/lunar/replaymod/forge/v1_8/HRICOROOOCCOCOROCRHHCRRIRCOICO/CCROIHHHCOCHHOHORCIRHOCRROIOCI	com/moonsworth/lunar/replaymod/forge/v1_8/HRICOROOOCCOCOROCRHHCRRIRCOICO/AbstractGuiSliderMixin
com/moonsworth/lunar/replaymod/forge/v1_8/HRICOROOOCCOCOROCRHHCRRIRCOICO/CORRCOHCRHOHHOIHOIOICORROHOOOO	com/moonsworth/lunar/replaymod/forge/v1_8/HRICOROOOCCOCOROCRHHCRRIRCOICO/GuiPathingMixin
com/moonsworth/lunar/replaymod/forge/v1_8/HRICOROOOCCOCOROCRHHCRRIRCOICO/HCCIHCROHHCOOHCHCHHHICIOROHICC	com/moonsworth/lunar/replaymod/forge/v1_8/HRICOROOOCCOCOROCRHHCRRIRCOICO/GuiRecordingControlsMixin
com/moonsworth/lunar/replaymod/forge/v1_8/HRICOROOOCCOCOROCRHHCRRIRCOICO/HCHHRHHCRIIORRRICOOCCOCHIRRRRR	com/moonsworth/lunar/replaymod/forge/v1_8/HRICOROOOCCOCOROCRHHCRRIRCOICO/GuiHandlerMixin2
com/moonsworth/lunar/replaymod/forge/v1_8/HRICOROOOCCOCOROCRHHCRRIRCOICO/HHRROIIHRRICIIHIIHICRHHRHOHHOO	com/moonsworth/lunar/replaymod/forge/v1_8/HRICOROOOCCOCOROCRHHCRRIRCOICO/DropdownEntryMixin
com/moonsworth/lunar/replaymod/forge/v1_8/HRICOROOOCCOCOROCRHHCRRIRCOICO/HICCRORORCRIHCORCCIORIOROORIHR	com/moonsworth/lunar/replaymod/forge/v1_8/HRICOROOOCCOCOROCRHHCRRIRCOICO/GuiHandlerMixin
com/moonsworth/lunar/replaymod/forge/v1_8/HRICOROOOCCOCOROCRHHCRRIRCOICO/HIOROOCORHICHIRIHIRCCORCIIICCH	com/moonsworth/lunar/replaymod/forge/v1_8/HRICOROOOCCOCOROCRHHCRRIRCOICO/CameraEntityMixin
com/moonsworth/lunar/replaymod/forge/v1_8/HRICOROOOCCOCOROCRHHCRRIRCOICO/HIRHCCHIRHRORIICOIHIHCICOIRHHC	com/moonsworth/lunar/replaymod/forge/v1_8/HRICOROOOCCOCOROCRHHCRRIRCOICO/GuiSavingReplayMixin
com/moonsworth/lunar/replaymod/forge/v1_8/HRICOROOOCCOCOROCRHHCRRIRCOICO/HOCCRCCRCHROIICOOHOHRIICRHCOHR	com/moonsworth/lunar/replaymod/forge/v1_8/HRICOROOOCCOCOROCRHHCRRIRCOICO/SettingKeysMixin
com/moonsworth/lunar/replaymod/forge/v1_8/HRICOROOOCCOCOROCRHHCRRIRCOICO/HOOHOOCICIOHOCCCCRCICOIIOIOIIH	com/moonsworth/lunar/replaymod/forge/v1_8/HRICOROOOCCOCOROCRHHCRRIRCOICO/ReplayHandlerMixin
com/moonsworth/lunar/replaymod/forge/v1_8/HRICOROOOCCOCOROCRHHCRRIRCOICO/HORHROIOIOICIRHIOCOICHHHIHCIIO	com/moonsworth/lunar/replaymod/forge/v1_8/HRICOROOOCCOCOROCRHHCRRIRCOICO/AbstractGuiButtonMixin
com/moonsworth/lunar/replaymod/forge/v1_8/HRICOROOOCCOCOROCRHHCRRIRCOICO/HRICOROOOCCOCOROCRHHCRRIRCOICO	com/moonsworth/lunar/replaymod/forge/v1_8/HRICOROOOCCOCOROCRHHCRRIRCOICO/AbstractGuiDropdownMenuMixin
com/moonsworth/lunar/replaymod/forge/v1_8/HRICOROOOCCOCOROCRHHCRRIRCOICO/HROHOIOCHIRIHICOORIHOHCIOIRIIH	com/moonsworth/lunar/replaymod/forge/v1_8/HRICOROOOCCOCOROCRHHCRRIRCOICO/AbstractGuiScreenMixin
com/moonsworth/lunar/replaymod/forge/v1_8/HRICOROOOCCOCOROCRHHCRRIRCOICO/HROOOICICRCOCIROHIRICCCOCCIORH	com/moonsworth/lunar/replaymod/forge/v1_8/HRICOROOOCCOCOROCRHHCRRIRCOICO/ReplayModMixin
com/moonsworth/lunar/replaymod/forge/v1_8/HRICOROOOCCOCOROCRHHCRRIRCOICO/HRORICORIHHHRICRIRCIIOHCRIRRHI	com/moonsworth/lunar/replaymod/forge/v1_8/HRICOROOOCCOCOROCRHHCRRIRCOICO/GuiBackgroundProcessesMixin
com/moonsworth/lunar/replaymod/forge/v1_8/HRICOROOOCCOCOROCRHHCRRIRCOICO/ICOOHRIORIOOIIRRIHHOOIOHHCORIR	com/moonsworth/lunar/replaymod/forge/v1_8/HRICOROOOCCOCOROCRHHCRRIRCOICO/MCVerMixin
com/moonsworth/lunar/replaymod/forge/v1_8/HRICOROOOCCOCOROCRHHCRRIRCOICO/ICRHORIIHOHROHOHOCOOHOOCOORRHO	com/moonsworth/lunar/replaymod/forge/v1_8/HRICOROOOCCOCOROCRHHCRRIRCOICO/AbstractGuiElementMixin
com/moonsworth/lunar/replaymod/forge/v1_8/HRICOROOOCCOCOROCRHHCRRIRCOICO/IHRHHRIHICHOOICIRIOOHOICHIRHOI	com/moonsworth/lunar/replaymod/forge/v1_8/HRICOROOOCCOCOROCRHHCRRIRCOICO/ConnectionEventHandlerMixin
com/moonsworth/lunar/replaymod/forge/v1_8/HRICOROOOCCOCOROCRHHCRRIRCOICO/IIORCIOOIHRRRICOHIRCIHOOCCOHRO	com/moonsworth/lunar/replaymod/forge/v1_8/HRICOROOOCCOCOROCRHHCRRIRCOICO/DisableFastRenderMixin
com/moonsworth/lunar/replaymod/forge/v1_8/HRICOROOOCCOCOROCRHHCRRIRCOICO/IRCHCHOHRRIOORHRCHRIHIOHRCIHRH	com/moonsworth/lunar/replaymod/forge/v1_8/HRICOROOOCCOCOROCRHHCRRIRCOICO/FullBrightnessMixin
com/moonsworth/lunar/replaymod/forge/v1_8/HRICOROOOCCOCOROCRHHCRRIRCOICO/OCRORCCHCRIOOIRHOHRRHCRRHRCIHO	com/moonsworth/lunar/replaymod/forge/v1_8/HRICOROOOCCOCOROCRHHCRRIRCOICO/10Mixin
com/moonsworth/lunar/replaymod/forge/v1_8/HRICOROOOCCOCOROCRHHCRRIRCOICO/OHOOORICRHIIIIRHCICICOCHROICRC	com/moonsworth/lunar/replaymod/forge/v1_8/HRICOROOOCCOCOROCRHHCRRIRCOICO/AbstractGuiTimelineMixin
com/moonsworth/lunar/replaymod/forge/v1_8/HRICOROOOCCOCOROCRHHCRRIRCOICO/OHROCHICOIOICHOCRROORRCIIICIHO	com/moonsworth/lunar/replaymod/forge/v1_8/HRICOROOOCCOCOROCRHHCRRIRCOICO/AbstractGuiLabelMixin
com/moonsworth/lunar/replaymod/forge/v1_8/HRICOROOOCCOCOROCRHHCRRIRCOICO/OIHOHCCCRCORHCRIRHIHOOCIOHRCHR	com/moonsworth/lunar/replaymod/forge/v1_8/HRICOROOOCCOCOROCRHHCRRIRCOICO/PboOpenGlFrameCapturerMixin
com/moonsworth/lunar/replaymod/forge/v1_8/HRICOROOOCCOCOROCRHHCRRIRCOICO/OIRIOIIIRICICCHORICRRIRROHCRIC	com/moonsworth/lunar/replaymod/forge/v1_8/HRICOROOOCCOCOROCRHHCRRIRCOICO/AbstractGuiTimelineTimeMixin
com/moonsworth/lunar/replaymod/forge/v1_8/HRICOROOOCCOCOROCRHHCRRIRCOICO/OORHIHOOORHHIRORRICRRORCHRRIIC	com/moonsworth/lunar/replaymod/forge/v1_8/HRICOROOOCCOCOROCRHHCRRIRCOICO/GuiRecordingOverlayMixin
com/moonsworth/lunar/replaymod/forge/v1_8/HRICOROOOCCOCOROCRHHCRRIRCOICO/ORCHOHHCOHCORRICRIHCHHRORHHCHH	com/moonsworth/lunar/replaymod/forge/v1_8/HRICOROOOCCOCOROCRHHCRRIRCOICO/AbstractGuiOverlayMixin
com/moonsworth/lunar/replaymod/forge/v1_8/HRICOROOOCCOCOROCRHHCRRIRCOICO/ORICHRORRORHORHOIHCRHOORCRRHOI	com/moonsworth/lunar/replaymod/forge/v1_8/HRICOROOOCCOCOROCRHHCRRIRCOICO/2Mixin
com/moonsworth/lunar/replaymod/forge/v1_8/HRICOROOOCCOCOROCRHHCRRIRCOICO/RCIOICOHRIOIIRRRROCRHCIICRROHO	com/moonsworth/lunar/replaymod/forge/v1_8/HRICOROOOCCOCOROCRHHCRRIRCOICO/AbstractGuiHorizontalScrollbarMixin
com/moonsworth/lunar/replaymod/forge/v1_8/HRICOROOOCCOCOROCRHHCRRIRCOICO/RCOHRRRHRIOORHCRORIIHCCORRCRRC	com/moonsworth/lunar/replaymod/forge/v1_8/HRICOROOOCCOCOROCRHHCRRIRCOICO/ReplayModRecordingMixin
com/moonsworth/lunar/replaymod/forge/v1_8/HRICOROOOCCOCOROCRHHCRRIRCOICO/RHIRRICCRHHHIIHHIHHOHRCHIOORCC	com/moonsworth/lunar/replaymod/forge/v1_8/HRICOROOOCCOCOROCRHHCRRIRCOICO/ClassicCameraControllerMixin
com/moonsworth/lunar/replaymod/forge/v1_8/HRICOROOOCCOCOROCRHHCRRIRCOICO/RHRHIOOCICIORIOCIHHCIIRCRHHOII	com/moonsworth/lunar/replaymod/forge/v1_8/HRICOROOOCCOCOROCRHHCRRIRCOICO/PacketListenerMixin
com/moonsworth/lunar/replaymod/forge/v1_8/HRICOROOOCCOCOROCRHHCRRIRCOICO/RIIICIRHRCIHOOOORHOICRIICCCRHR	com/moonsworth/lunar/replaymod/forge/v1_8/HRICOROOOCCOCOROCRHHCRRIRCOICO/EntityRendererHandlerMixin
com/moonsworth/lunar/replaymod/forge/v1_8/HRICOROOOCCOCOROCRHHCRRIRCOICO/RIIIOHCCHRRRORICCHIIHHOORIIOIR	com/moonsworth/lunar/replaymod/forge/v1_8/HRICOROOOCCOCOROCRHHCRRIRCOICO/ElementMixin
com/moonsworth/lunar/replaymod/forge/v1_8/HRICOROOOCCOCOROCRHHCRRIRCOICO/RIOOCHHOCHRIIROCRHOOIRHCOCOOCI	com/moonsworth/lunar/replaymod/forge/v1_8/HRICOROOOCCOCOROCRHHCRRIRCOICO/ReplayModBackendMixin
com/moonsworth/lunar/replaymod/forge/v1_8/HRICOROOOCCOCOROCRHHCRRIRCOICO/RIOOHRCHIRCIICRIRCOCHIRHHCOIRO	com/moonsworth/lunar/replaymod/forge/v1_8/HRICOROOOCCOCOROCRHHCRRIRCOICO/VanillaGuiScreenMixin
com/moonsworth/lunar/replaymod/forge/v1_8/HRICOROOOCCOCOROCRHHCRRIRCOICO/RRCIOHHRCRCCOCCIOROHORCRROHCOC	com/moonsworth/lunar/replaymod/forge/v1_8/HRICOROOOCCOCOROCRHHCRRIRCOICO/EventHandlerMixin
com/moonsworth/lunar/replaymod/forge/v1_8/HRICOROOOCCOCOROCRHHCRRIRCOICO/RRIHRICRHHHHHIIOOCOCICOIHCIIRC	com/moonsworth/lunar/replaymod/forge/v1_8/HRICOROOOCCOCOROCRHHCRRIRCOICO/GuiReplayListMixin
com/moonsworth/lunar/v1_12/forge/mixin/CCROIHHHCOCHHOHORCIRHOCRROIOCI	com/moonsworth/lunar/v1_12/forge/mixin/NetHandlerPlayClientMixin
com/moonsworth/lunar/v1_12/forge/mixin/HHRROIIHRRICIIHIIHICRHHRHOHHOO	com/moonsworth/lunar/v1_12/forge/mixin/ClientBrandRetrieverMixin
com/moonsworth/lunar/v1_12/forge/mixin/HORHROIOIOICIRHIOCOICHHHIHCIIO	com/moonsworth/lunar/v1_12/forge/mixin/C00HandshakeMixin
com/moonsworth/lunar/v1_12/forge/mixin/HRICOROOOCCOCOROCRHHCRRIRCOICO	com/moonsworth/lunar/v1_12/forge/mixin/FMLClientHandlerMixin
com/moonsworth/lunar/v1_12/forge/mixin/HROHOIOCHIRIHICOORIHOHCIOIRIIH	com/moonsworth/lunar/v1_12/forge/mixin/NetHandlerLoginClientMixin
com/moonsworth/lunar/v1_12/forge/mixin/ICRHORIIHOHROHOHOCOOHOOCOORRHO	com/moonsworth/lunar/v1_12/forge/mixin/ForgeHooksClientMixin
com/moonsworth/lunar/v1_12/forge/mixin/OHOOORICRHIIIIRHCICICOCHROICRC	com/moonsworth/lunar/v1_12/forge/mixin/ServerListEntryNormalMixin
com/moonsworth/lunar/v1_12/forge/mixin/OHROCHICOIOICHOCRROORRCIIICIHO	com/moonsworth/lunar/v1_12/forge/mixin/GuiScreenMixin
com/moonsworth/lunar/v1_12/forge/mixin/OIRIOIIIRICICCHORICRRIRROHCRIC	com/moonsworth/lunar/v1_12/forge/mixin/1Mixin
com/moonsworth/lunar/v1_12/forge/mixin/ORCHOHHCOHCORRICRIHCHHRORHHCHH	com/moonsworth/lunar/v1_12/forge/mixin/GuiUtilsMixin
com/moonsworth/lunar/v1_12/forge/mixin/ORICHRORRORHORHOIHCRHOORCRRHOI	com/moonsworth/lunar/v1_12/forge/mixin/KeyBindingMixin
com/moonsworth/lunar/v1_12/forge/mixin/RCIOICOHRIOIIRRRROCRHCIICRROHO	com/moonsworth/lunar/v1_12/forge/mixin/GuiIngameForgeMixin
com/moonsworth/lunar/v1_7/optifine/mixin/CCROIHHHCOCHHOHORCIRHOCRROIOCI	com/moonsworth/lunar/v1_7/optifine/mixin/ItemRendererOFMixin
com/moonsworth/lunar/v1_7/optifine/mixin/HHRROIIHRRICIIHIIHICRHHRHOHHOO	com/moonsworth/lunar/v1_7/optifine/mixin/ConfigMixin
com/moonsworth/lunar/v1_7/optifine/mixin/HORHROIOIOICIRHIOCOICHHHIHCIIO	com/moonsworth/lunar/v1_7/optifine/mixin/AbstractTextureMixin
com/moonsworth/lunar/v1_7/optifine/mixin/HRICOROOOCCOCOROCRHHCRRIRCOICO	com/moonsworth/lunar/v1_7/optifine/mixin/ConnectedPropertiesMixin
com/moonsworth/lunar/v1_7/optifine/mixin/HROHOIOCHIRIHICOORIHOHCIOIRIIH	com/moonsworth/lunar/v1_7/optifine/mixin/GuiVideoSettingsMixin
com/moonsworth/lunar/v1_7/optifine/mixin/ICRHORIIHOHROHOHOCOOHOOCOORRHO	com/moonsworth/lunar/v1_7/optifine/mixin/CustomColorizerMixin
com/moonsworth/lunar/v1_7/optifine/mixin/OHOOORICRHIIIIRHCICICOCHROICRC	com/moonsworth/lunar/v1_7/optifine/mixin/MinecraftMixin
com/moonsworth/lunar/v1_7/optifine/mixin/OHROCHICOIOICHOCRROORRCIIICIHO	com/moonsworth/lunar/v1_7/optifine/mixin/CustomSkyMixin
com/moonsworth/lunar/v1_7/optifine/mixin/OIRIOIIIRICICCHORICRRIRROHCRIC	com/moonsworth/lunar/v1_7/optifine/mixin/RenderPlayerOFMixin
com/moonsworth/lunar/v1_7/optifine/mixin/ORCHOHHCOHCORRICRIHCHHRORHHCHH	com/moonsworth/lunar/v1_7/optifine/mixin/EntityRendererMixin
com/moonsworth/lunar/v1_7/optifine/mixin/ORICHRORRORHORHOIHCRHOORCRRHOI	com/moonsworth/lunar/v1_7/optifine/mixin/FontRendererMixin
com/moonsworth/lunar/v1_7/optifine/mixin/RCIOICOHRIOIIRRRROCRHCIICRROHO	com/moonsworth/lunar/v1_7/optifine/mixin/CustomSkyLayerMixin
com/moonsworth/lunar/v1_8/forge/mixin/CCROIHHHCOCHHOHORCIRHOCRROIOCI	com/moonsworth/lunar/v1_8/forge/mixin/NetHandlerLoginClientMixin
com/moonsworth/lunar/v1_8/forge/mixin/HHRROIIHRRICIIHIIHICRHHRHOHHOO	com/moonsworth/lunar/v1_8/forge/mixin/ClientBrandRetrieverMixin
com/moonsworth/lunar/v1_8/forge/mixin/HIOROOCORHICHIRIHIRCCORCIIICCH	com/moonsworth/lunar/v1_8/forge/mixin/1Mixin
com/moonsworth/lunar/v1_8/forge/mixin/HORHROIOIOICIRHIOCOICHHHIHCIIO	com/moonsworth/lunar/v1_8/forge/mixin/C00HandshakeMixin
com/moonsworth/lunar/v1_8/forge/mixin/HRICOROOOCCOCOROCRHHCRRIRCOICO	com/moonsworth/lunar/v1_8/forge/mixin/ClientCommandHandlerMixin
com/moonsworth/lunar/v1_8/forge/mixin/HROHOIOCHIRIHICOORIHOHCIOIRIIH	com/moonsworth/lunar/v1_8/forge/mixin/GuiUtilsMixin
com/moonsworth/lunar/v1_8/forge/mixin/ICRHORIIHOHROHOHOCOOHOOCOORRHO	com/moonsworth/lunar/v1_8/forge/mixin/FMLClientHandlerMixin
com/moonsworth/lunar/v1_8/forge/mixin/IHRHHRIHICHOOICIRIOOHOICHIRHOI	com/moonsworth/lunar/v1_8/forge/mixin/ServerConfigurationManagerMixin
com/moonsworth/lunar/v1_8/forge/mixin/IIORCIOOIHRRRICOHIRCIHOOCCOHRO	com/moonsworth/lunar/v1_8/forge/mixin/ServerListEntryNormalMixin
com/moonsworth/lunar/v1_8/forge/mixin/OHOOORICRHIIIIRHCICICOCHROICRC	com/moonsworth/lunar/v1_8/forge/mixin/NetHandlerLoginServerMixin
com/moonsworth/lunar/v1_8/forge/mixin/OHROCHICOIOICHOCRROORRCIIICIHO	com/moonsworth/lunar/v1_8/forge/mixin/GuiIngameForgeMixin
com/moonsworth/lunar/v1_8/forge/mixin/OIRIOIIIRICICCHORICRRIRROHCRIC	com/moonsworth/lunar/v1_8/forge/mixin/NetHandlerPlayClientMixin
com/moonsworth/lunar/v1_8/forge/mixin/ORCHOHHCOHCORRICRIHCHHRORHHCHH	com/moonsworth/lunar/v1_8/forge/mixin/GuiScreenMixin
com/moonsworth/lunar/v1_8/forge/mixin/ORICHRORRORHORHOIHCRHOORCRRHOI	com/moonsworth/lunar/v1_8/forge/mixin/GuiSlotMixin
com/moonsworth/lunar/v1_8/forge/mixin/RCIOICOHRIOIIRRRROCRHCIICRROHO	com/moonsworth/lunar/v1_8/forge/mixin/ForgeHooksClientMixin
com/moonsworth/lunar/v1_8/forge/mixin/RHIRRICCRHHHIIHHIHHOHRCHIOORCC	com/moonsworth/lunar/v1_8/forge/mixin/RenderEntityItemMixin
com/moonsworth/lunar/v1_8/forge/mixin/RIIICIRHRCIHOOOORHOICRIICCCRHR	com/moonsworth/lunar/v1_8/forge/mixin/TextureMapMixin
com/moonsworth/lunar/v1_8/optifine/mixin/HHRROIIHRRICIIHIIHICRHHRHOHHOO	com/moonsworth/lunar/v1_8/optifine/mixin/MinecraftMixin
com/moonsworth/lunar/v1_8/optifine/mixin/HORHROIOIOICIRHIOCOICHHHIHCIIO	com/moonsworth/lunar/v1_8/optifine/mixin/GuiEditSignMixin
com/moonsworth/lunar/v1_8/optifine/mixin/HRICOROOOCCOCOROCRHHCRRIRCOICO	com/moonsworth/lunar/v1_8/optifine/mixin/RandomEntitiesMixin
com/moonsworth/lunar/v1_8/optifine/mixin/ICRHORIIHOHROHOHOCOOHOOCOORRHO	com/moonsworth/lunar/v1_8/optifine/mixin/TileEntitySignRendererMixin
com/moonsworth/lunar/v1_8/optifine/mixin/RCIOICOHRIOIIRRRROCRHCIICRROHO	com/moonsworth/lunar/v1_8/optifine/mixin/VboRegionMixin
