# fqcn	kind	source_jar
com.lunarclient.AbstractApiUtil	readable	lunar.jar
com.lunarclient.ApiUtils	readable	lunar.jar
com.lunarclient.BetterJson	readable	lunar.jar
com.lunarclient.Constants	readable	lunar.jar
com.lunarclient.ImmutableCollection	readable	lunar.jar
com.lunarclient.ImmutableIterator	readable	lunar.jar
com.lunarclient.ImmutableList	readable	lunar.jar
com.lunarclient.ImmutableListIterator	readable	lunar.jar
com.lunarclient.ImmutableSet	readable	lunar.jar
com.lunarclient.JsonObjectUtil	readable	lunar.jar
com.lunarclient.RequestParameter	readable	lunar.jar
com.lunarclient.SafeList	readable	lunar.jar
com.lunarclient.SafeMap	readable	lunar.jar
com.lunarclient.Utils	readable	lunar.jar
com.lunarclient.adventure.examiner.CompactStringExaminer	readable	lunar.jar
com.lunarclient.adventure.examiner.TerminalStringExaminer	readable	lunar.jar
com.lunarclient.adventure.matcher.ComponentMatchPerformer	readable	lunar.jar
com.lunarclient.adventure.matcher.ComponentMatchPerformerImpl	readable	lunar.jar
com.lunarclient.adventure.matcher.ComponentMatcher	readable	lunar.jar
com.lunarclient.adventure.matcher.ComponentMatcherImpl	readable	lunar.jar
com.lunarclient.adventure.matcher.Matchable	readable	lunar.jar
com.lunarclient.adventure.pattern.ComponentPattern	readable	lunar.jar
com.lunarclient.adventure.pattern.ComponentPatternImpl	readable	lunar.jar
com.lunarclient.adventure.pattern.ComponentPatternRegex	readable	lunar.jar
com.lunarclient.adventure.pattern.ComponentPatternRegexIgnore	readable	lunar.jar
com.lunarclient.adventure.pattern.ComponentPatternResult	readable	lunar.jar
com.lunarclient.adventure.pattern.StylePattern	readable	lunar.jar
com.lunarclient.adventure.pattern.StylePatternFull	readable	lunar.jar
com.lunarclient.adventure.pattern.StylePatternSimple	readable	lunar.jar
com.lunarclient.adventure.transform.AddPosition	readable	lunar.jar
com.lunarclient.adventure.transform.ComponentTransform	readable	lunar.jar
com.lunarclient.adventure.transform.ComponentTransformer	readable	lunar.jar
com.lunarclient.adventure.transform.TransformFunctor	readable	lunar.jar
com.lunarclient.adventure.transform.renderer.ComponentTransformRenderer	readable	lunar.jar
com.lunarclient.adventure.transform.renderer.ComponentTransformRendererImpl	readable	lunar.jar
com.lunarclient.adventure.transform.transformable.ComponentTransformable	readable	lunar.jar
com.lunarclient.adventure.transform.transformable.WrappedTransformable	readable	lunar.jar
com.lunarclient.adventure.transform.transformation.PatternTransformation	readable	lunar.jar
com.lunarclient.adventure.transform.transformation.Transformation	readable	lunar.jar
com.lunarclient.adventure.transform.transformation.TransformationAction	readable	lunar.jar
com.lunarclient.adventure.transform.transformation.TransformationAdd	readable	lunar.jar
com.lunarclient.adventure.transform.transformation.TransformationFunctor	readable	lunar.jar
com.lunarclient.adventure.transform.transformation.TransformationImpl	readable	lunar.jar
com.lunarclient.adventure.transform.transformation.TransformationMove	readable	lunar.jar
com.lunarclient.adventure.utils.AdventureMixins	readable	lunar.jar
com.lunarclient.adventure.utils.AdventureUtils	readable	lunar.jar
com.lunarclient.adventure.utils.BooleanHolder	readable	lunar.jar
com.lunarclient.adventure.utils.ComponentType	readable	lunar.jar
com.lunarclient.adventure.utils.Duo	readable	lunar.jar
com.lunarclient.adventure.viewer.ComponentCarry	readable	lunar.jar
com.lunarclient.adventure.viewer.ComponentGraphViewer	readable	lunar.jar
com.lunarclient.apollo.Apollo	readable	lunar.jar
com.lunarclient.apollo.ApolloConfig	readable	lunar.jar
com.lunarclient.apollo.ApolloManager	readable	lunar.jar
com.lunarclient.apollo.ApolloPlatform	readable	lunar.jar
com.lunarclient.apollo.api.ApiRequest	readable	lunar.jar
com.lunarclient.apollo.api.ApiRequestType	readable	lunar.jar
com.lunarclient.apollo.api.ApiResponse	readable	lunar.jar
com.lunarclient.apollo.api.ApiServiceType	readable	lunar.jar
com.lunarclient.apollo.api.ApolloHttpManager	readable	lunar.jar
com.lunarclient.apollo.api.request.DownloadFileRequest	readable	lunar.jar
com.lunarclient.apollo.api.request.ServerStartRequest	readable	lunar.jar
com.lunarclient.apollo.api.request.VersionRequest	readable	lunar.jar
com.lunarclient.apollo.api.request.heartbeat.ServerHeartbeatRequest	readable	lunar.jar
com.lunarclient.apollo.api.response.DownloadFileResponse	readable	lunar.jar
com.lunarclient.apollo.api.response.ServerHeartbeatResponse	readable	lunar.jar
com.lunarclient.apollo.api.response.ServerStartResponse	readable	lunar.jar
com.lunarclient.apollo.api.response.VersionResponse	readable	lunar.jar
com.lunarclient.apollo.async.Future	readable	lunar.jar
com.lunarclient.apollo.async.Handler	readable	lunar.jar
com.lunarclient.apollo.async.future.UncertainFuture	readable	lunar.jar
com.lunarclient.apollo.beam.v1.DisplayBeaconBeamMessage	protobuf	lunar.jar
com.lunarclient.apollo.beam.v1.DisplayBeaconBeamMessageOrBuilder	protobuf	lunar.jar
com.lunarclient.apollo.beam.v1.RemoveBeaconBeamMessage	protobuf	lunar.jar
com.lunarclient.apollo.beam.v1.RemoveBeaconBeamMessageOrBuilder	protobuf	lunar.jar
com.lunarclient.apollo.beam.v1.ResetBeaconBeamsMessage	protobuf	lunar.jar
com.lunarclient.apollo.beam.v1.ResetBeaconBeamsMessageOrBuilder	protobuf	lunar.jar
com.lunarclient.apollo.beam.v1.SchemaProto	protobuf	lunar.jar
com.lunarclient.apollo.border.v1.DisplayBorderMessage	protobuf	lunar.jar
com.lunarclient.apollo.border.v1.DisplayBorderMessageOrBuilder	protobuf	lunar.jar
com.lunarclient.apollo.border.v1.RemoveBorderMessage	protobuf	lunar.jar
com.lunarclient.apollo.border.v1.RemoveBorderMessageOrBuilder	protobuf	lunar.jar
com.lunarclient.apollo.border.v1.ResetBordersMessage	protobuf	lunar.jar
com.lunarclient.apollo.border.v1.ResetBordersMessageOrBuilder	protobuf	lunar.jar
com.lunarclient.apollo.border.v1.SchemaProto	protobuf	lunar.jar
com.lunarclient.apollo.button.v1.Button	protobuf	lunar.jar
com.lunarclient.apollo.button.v1.ButtonClientAction	protobuf	lunar.jar
com.lunarclient.apollo.button.v1.ButtonContent	protobuf	lunar.jar
com.lunarclient.apollo.button.v1.ButtonContentOrBuilder	protobuf	lunar.jar
com.lunarclient.apollo.button.v1.ButtonContentPart	protobuf	lunar.jar
com.lunarclient.apollo.button.v1.ButtonContentPartOrBuilder	protobuf	lunar.jar
com.lunarclient.apollo.button.v1.ButtonOrBuilder	protobuf	lunar.jar
com.lunarclient.apollo.button.v1.ButtonProto	protobuf	lunar.jar
com.lunarclient.apollo.button.v1.ButtonShape	protobuf	lunar.jar
com.lunarclient.apollo.button.v1.ButtonSize	protobuf	lunar.jar
com.lunarclient.apollo.button.v1.ButtonSizeOrBuilder	protobuf	lunar.jar
com.lunarclient.apollo.button.v1.ButtonTooltip	protobuf	lunar.jar
com.lunarclient.apollo.button.v1.ButtonTooltipOrBuilder	protobuf	lunar.jar
com.lunarclient.apollo.button.v1.ButtonUpdate	protobuf	lunar.jar
com.lunarclient.apollo.button.v1.ButtonUpdateOrBuilder	protobuf	lunar.jar
com.lunarclient.apollo.chat.v1.ChatButton	protobuf	lunar.jar
com.lunarclient.apollo.chat.v1.ChatButtonOrBuilder	protobuf	lunar.jar
com.lunarclient.apollo.chat.v1.DisplayChatButtonsMessage	protobuf	lunar.jar
com.lunarclient.apollo.chat.v1.DisplayChatButtonsMessageOrBuilder	protobuf	lunar.jar
com.lunarclient.apollo.chat.v1.DisplayLiveChatMessageMessage	protobuf	lunar.jar
com.lunarclient.apollo.chat.v1.DisplayLiveChatMessageMessageOrBuilder	protobuf	lunar.jar
com.lunarclient.apollo.chat.v1.RemoveChatButtonMessage	protobuf	lunar.jar
com.lunarclient.apollo.chat.v1.RemoveChatButtonMessageOrBuilder	protobuf	lunar.jar
com.lunarclient.apollo.chat.v1.RemoveLiveChatMessageMessage	protobuf	lunar.jar
com.lunarclient.apollo.chat.v1.RemoveLiveChatMessageMessageOrBuilder	protobuf	lunar.jar
com.lunarclient.apollo.chat.v1.ResetChatButtonsMessage	protobuf	lunar.jar
com.lunarclient.apollo.chat.v1.ResetChatButtonsMessageOrBuilder	protobuf	lunar.jar
com.lunarclient.apollo.chat.v1.SchemaProto	protobuf	lunar.jar
com.lunarclient.apollo.chat.v1.UpdateChatButtonMessage	protobuf	lunar.jar
com.lunarclient.apollo.chat.v1.UpdateChatButtonMessageOrBuilder	protobuf	lunar.jar
com.lunarclient.apollo.client.mod.LunarClientMod	readable	lunar.jar
com.lunarclient.apollo.client.mod.LunarClientModType	readable	lunar.jar
com.lunarclient.apollo.client.version.LunarClientVersion	readable	lunar.jar
com.lunarclient.apollo.client.version.MinecraftVersion	readable	lunar.jar
com.lunarclient.apollo.coloredfire.v1.OverrideColoredFireMessage	protobuf	lunar.jar
com.lunarclient.apollo.coloredfire.v1.OverrideColoredFireMessageOrBuilder	protobuf	lunar.jar
com.lunarclient.apollo.coloredfire.v1.ResetColoredFireMessage	protobuf	lunar.jar
com.lunarclient.apollo.coloredfire.v1.ResetColoredFireMessageOrBuilder	protobuf	lunar.jar
com.lunarclient.apollo.coloredfire.v1.ResetColoredFiresMessage	protobuf	lunar.jar
com.lunarclient.apollo.coloredfire.v1.ResetColoredFiresMessageOrBuilder	protobuf	lunar.jar
com.lunarclient.apollo.coloredfire.v1.SchemaProto	protobuf	lunar.jar
com.lunarclient.apollo.command.AbstractApolloCommand	readable	lunar.jar
com.lunarclient.apollo.command.type.ApolloCommand	readable	lunar.jar
com.lunarclient.apollo.command.type.LunarClientCommand	readable	lunar.jar
com.lunarclient.apollo.common.ApolloColors	readable	lunar.jar
com.lunarclient.apollo.common.ApolloComponent	readable	lunar.jar
com.lunarclient.apollo.common.ApolloEntity	readable	lunar.jar
com.lunarclient.apollo.common.button.ApolloButton	readable	lunar.jar
com.lunarclient.apollo.common.button.ApolloButtonShape	readable	lunar.jar
com.lunarclient.apollo.common.button.ApolloButtonSize	readable	lunar.jar
com.lunarclient.apollo.common.button.ApolloButtonTooltip	readable	lunar.jar
com.lunarclient.apollo.common.button.action.ApolloButtonAction	readable	lunar.jar
com.lunarclient.apollo.common.button.action.ApolloButtonClientAction	readable	lunar.jar
com.lunarclient.apollo.common.button.action.ClientAction	readable	lunar.jar
com.lunarclient.apollo.common.button.action.OpenUrlAction	readable	lunar.jar
com.lunarclient.apollo.common.button.action.RunCommandAction	readable	lunar.jar
com.lunarclient.apollo.common.button.content.ApolloButtonContent	readable	lunar.jar
com.lunarclient.apollo.common.button.content.ApolloButtonContentPart	readable	lunar.jar
com.lunarclient.apollo.common.button.content.ComponentPart	readable	lunar.jar
com.lunarclient.apollo.common.button.content.IconPart	readable	lunar.jar
com.lunarclient.apollo.common.button.content.LiveComponentPart	readable	lunar.jar
com.lunarclient.apollo.common.cuboid.Cuboid2D	readable	lunar.jar
com.lunarclient.apollo.common.cuboid.Cuboid3D	readable	lunar.jar
com.lunarclient.apollo.common.icon.AdvancedResourceLocationIcon	readable	lunar.jar
com.lunarclient.apollo.common.icon.CustomModelData	readable	lunar.jar
com.lunarclient.apollo.common.icon.Icon	readable	lunar.jar
com.lunarclient.apollo.common.icon.ItemStackIcon	readable	lunar.jar
com.lunarclient.apollo.common.icon.ResourceLocationIcon	readable	lunar.jar
com.lunarclient.apollo.common.icon.SimpleResourceLocationIcon	readable	lunar.jar
com.lunarclient.apollo.common.location.ApolloBlockLocation	readable	lunar.jar
com.lunarclient.apollo.common.location.ApolloLocation	readable	lunar.jar
com.lunarclient.apollo.common.location.ApolloPlayerLocation	readable	lunar.jar
com.lunarclient.apollo.common.location.HudPosition	readable	lunar.jar
com.lunarclient.apollo.common.profile.Profile	readable	lunar.jar
com.lunarclient.apollo.common.v1.AdvancedResourceLocationIcon	protobuf	lunar.jar
com.lunarclient.apollo.common.v1.AdvancedResourceLocationIconOrBuilder	protobuf	lunar.jar
com.lunarclient.apollo.common.v1.BlockLocation	protobuf	lunar.jar
com.lunarclient.apollo.common.v1.BlockLocationOrBuilder	protobuf	lunar.jar
com.lunarclient.apollo.common.v1.Color	protobuf	lunar.jar
com.lunarclient.apollo.common.v1.ColorOrBuilder	protobuf	lunar.jar
com.lunarclient.apollo.common.v1.ColorProto	protobuf	lunar.jar
com.lunarclient.apollo.common.v1.Component	protobuf	lunar.jar
com.lunarclient.apollo.common.v1.ComponentOrBuilder	protobuf	lunar.jar
com.lunarclient.apollo.common.v1.ComponentProto	protobuf	lunar.jar
com.lunarclient.apollo.common.v1.Cuboid2D	protobuf	lunar.jar
com.lunarclient.apollo.common.v1.Cuboid2DOrBuilder	protobuf	lunar.jar
com.lunarclient.apollo.common.v1.Cuboid3D	protobuf	lunar.jar
com.lunarclient.apollo.common.v1.Cuboid3DOrBuilder	protobuf	lunar.jar
com.lunarclient.apollo.common.v1.CuboidProto	protobuf	lunar.jar
com.lunarclient.apollo.common.v1.CustomModelData	protobuf	lunar.jar
com.lunarclient.apollo.common.v1.CustomModelDataOrBuilder	protobuf	lunar.jar
com.lunarclient.apollo.common.v1.EntityId	protobuf	lunar.jar
com.lunarclient.apollo.common.v1.EntityIdOrBuilder	protobuf	lunar.jar
com.lunarclient.apollo.common.v1.EntityidProto	protobuf	lunar.jar
com.lunarclient.apollo.common.v1.Icon	protobuf	lunar.jar
com.lunarclient.apollo.common.v1.IconOrBuilder	protobuf	lunar.jar
com.lunarclient.apollo.common.v1.IconProto	protobuf	lunar.jar
com.lunarclient.apollo.common.v1.ItemProto	protobuf	lunar.jar
com.lunarclient.apollo.common.v1.ItemStackIcon	protobuf	lunar.jar
com.lunarclient.apollo.common.v1.ItemStackIconOrBuilder	protobuf	lunar.jar
com.lunarclient.apollo.common.v1.Location	protobuf	lunar.jar
com.lunarclient.apollo.common.v1.LocationOrBuilder	protobuf	lunar.jar
com.lunarclient.apollo.common.v1.LocationProto	protobuf	lunar.jar
com.lunarclient.apollo.common.v1.LunarClientVersion	protobuf	lunar.jar
com.lunarclient.apollo.common.v1.LunarClientVersionOrBuilder	protobuf	lunar.jar
com.lunarclient.apollo.common.v1.MinecraftVersion	protobuf	lunar.jar
com.lunarclient.apollo.common.v1.MinecraftVersionOrBuilder	protobuf	lunar.jar
com.lunarclient.apollo.common.v1.PlayerLocation	protobuf	lunar.jar
com.lunarclient.apollo.common.v1.PlayerLocationOrBuilder	protobuf	lunar.jar
com.lunarclient.apollo.common.v1.Profile	protobuf	lunar.jar
com.lunarclient.apollo.common.v1.ProfileOrBuilder	protobuf	lunar.jar
com.lunarclient.apollo.common.v1.ProfileProto	protobuf	lunar.jar
com.lunarclient.apollo.common.v1.ResourceLocationIcon	protobuf	lunar.jar
com.lunarclient.apollo.common.v1.ResourceLocationIconOrBuilder	protobuf	lunar.jar
com.lunarclient.apollo.common.v1.SimpleResourceLocationIcon	protobuf	lunar.jar
com.lunarclient.apollo.common.v1.SimpleResourceLocationIconOrBuilder	protobuf	lunar.jar
com.lunarclient.apollo.common.v1.SimpleResourceLocationSound	protobuf	lunar.jar
com.lunarclient.apollo.common.v1.SimpleResourceLocationSoundOrBuilder	protobuf	lunar.jar
com.lunarclient.apollo.common.v1.Sound	protobuf	lunar.jar
com.lunarclient.apollo.common.v1.SoundOrBuilder	protobuf	lunar.jar
com.lunarclient.apollo.common.v1.SoundProto	protobuf	lunar.jar
com.lunarclient.apollo.common.v1.Uuid	protobuf	lunar.jar
com.lunarclient.apollo.common.v1.UuidOrBuilder	protobuf	lunar.jar
com.lunarclient.apollo.common.v1.UuidProto	protobuf	lunar.jar
com.lunarclient.apollo.common.v1.VersionProto	protobuf	lunar.jar
com.lunarclient.apollo.configurable.v1.ConfigurableSettings	protobuf	lunar.jar
com.lunarclient.apollo.configurable.v1.ConfigurableSettingsOrBuilder	protobuf	lunar.jar
com.lunarclient.apollo.configurable.v1.OverrideConfigurableSettingsMessage	protobuf	lunar.jar
com.lunarclient.apollo.configurable.v1.OverrideConfigurableSettingsMessageOrBuilder	protobuf	lunar.jar
com.lunarclient.apollo.configurable.v1.SchemaProto	protobuf	lunar.jar
com.lunarclient.apollo.cooldown.v1.CooldownStyle	protobuf	lunar.jar
com.lunarclient.apollo.cooldown.v1.CooldownStyleOrBuilder	protobuf	lunar.jar
com.lunarclient.apollo.cooldown.v1.DisplayCooldownMessage	protobuf	lunar.jar
com.lunarclient.apollo.cooldown.v1.DisplayCooldownMessageOrBuilder	protobuf	lunar.jar
com.lunarclient.apollo.cooldown.v1.RemoveCooldownMessage	protobuf	lunar.jar
com.lunarclient.apollo.cooldown.v1.RemoveCooldownMessageOrBuilder	protobuf	lunar.jar
com.lunarclient.apollo.cooldown.v1.ResetCooldownsMessage	protobuf	lunar.jar
com.lunarclient.apollo.cooldown.v1.ResetCooldownsMessageOrBuilder	protobuf	lunar.jar
com.lunarclient.apollo.cooldown.v1.SchemaProto	protobuf	lunar.jar
com.lunarclient.apollo.cosmetic.v1.BodyOptions	protobuf	lunar.jar
com.lunarclient.apollo.cosmetic.v1.BodyOptionsOrBuilder	protobuf	lunar.jar
com.lunarclient.apollo.cosmetic.v1.CloakOptions	protobuf	lunar.jar
com.lunarclient.apollo.cosmetic.v1.CloakOptionsOrBuilder	protobuf	lunar.jar
com.lunarclient.apollo.cosmetic.v1.Cosmetic	protobuf	lunar.jar
com.lunarclient.apollo.cosmetic.v1.CosmeticOrBuilder	protobuf	lunar.jar
com.lunarclient.apollo.cosmetic.v1.DisplaySprayMessage	protobuf	lunar.jar
com.lunarclient.apollo.cosmetic.v1.DisplaySprayMessageOrBuilder	protobuf	lunar.jar
com.lunarclient.apollo.cosmetic.v1.Emote	protobuf	lunar.jar
com.lunarclient.apollo.cosmetic.v1.EmoteOrBuilder	protobuf	lunar.jar
com.lunarclient.apollo.cosmetic.v1.EquipNpcCosmeticsMessage	protobuf	lunar.jar
com.lunarclient.apollo.cosmetic.v1.EquipNpcCosmeticsMessageOrBuilder	protobuf	lunar.jar
com.lunarclient.apollo.cosmetic.v1.HatOptions	protobuf	lunar.jar
com.lunarclient.apollo.cosmetic.v1.HatOptionsOrBuilder	protobuf	lunar.jar
com.lunarclient.apollo.cosmetic.v1.PetOptions	protobuf	lunar.jar
com.lunarclient.apollo.cosmetic.v1.PetOptionsOrBuilder	protobuf	lunar.jar
com.lunarclient.apollo.cosmetic.v1.RemoveSprayMessage	protobuf	lunar.jar
com.lunarclient.apollo.cosmetic.v1.RemoveSprayMessageOrBuilder	protobuf	lunar.jar
com.lunarclient.apollo.cosmetic.v1.ResetNpcCosmeticsMessage	protobuf	lunar.jar
com.lunarclient.apollo.cosmetic.v1.ResetNpcCosmeticsMessageOrBuilder	protobuf	lunar.jar
com.lunarclient.apollo.cosmetic.v1.ResetNpcEmotesMessage	protobuf	lunar.jar
com.lunarclient.apollo.cosmetic.v1.ResetNpcEmotesMessageOrBuilder	protobuf	lunar.jar
com.lunarclient.apollo.cosmetic.v1.ResetSpraysMessage	protobuf	lunar.jar
com.lunarclient.apollo.cosmetic.v1.ResetSpraysMessageOrBuilder	protobuf	lunar.jar
com.lunarclient.apollo.cosmetic.v1.SchemaProto	protobuf	lunar.jar
com.lunarclient.apollo.cosmetic.v1.StartNpcEmoteMessage	protobuf	lunar.jar
com.lunarclient.apollo.cosmetic.v1.StartNpcEmoteMessageOrBuilder	protobuf	lunar.jar
com.lunarclient.apollo.cosmetic.v1.StopNpcEmoteMessage	protobuf	lunar.jar
com.lunarclient.apollo.cosmetic.v1.StopNpcEmoteMessageOrBuilder	protobuf	lunar.jar
com.lunarclient.apollo.cosmetic.v1.UnequipNpcCosmeticsMessage	protobuf	lunar.jar
com.lunarclient.apollo.cosmetic.v1.UnequipNpcCosmeticsMessageOrBuilder	protobuf	lunar.jar
com.lunarclient.apollo.entity.v1.FlipEntityMessage	protobuf	lunar.jar
com.lunarclient.apollo.entity.v1.FlipEntityMessageOrBuilder	protobuf	lunar.jar
com.lunarclient.apollo.entity.v1.OverrideRainbowSheepMessage	protobuf	lunar.jar
com.lunarclient.apollo.entity.v1.OverrideRainbowSheepMessageOrBuilder	protobuf	lunar.jar
com.lunarclient.apollo.entity.v1.ResetFlipedEntityMessage	protobuf	lunar.jar
com.lunarclient.apollo.entity.v1.ResetFlipedEntityMessageOrBuilder	protobuf	lunar.jar
com.lunarclient.apollo.entity.v1.ResetRainbowSheepMessage	protobuf	lunar.jar
com.lunarclient.apollo.entity.v1.ResetRainbowSheepMessageOrBuilder	protobuf	lunar.jar
com.lunarclient.apollo.entity.v1.SchemaProto	protobuf	lunar.jar
com.lunarclient.apollo.event.ApolloListener	readable	lunar.jar
com.lunarclient.apollo.event.ApolloReceivePacketEvent	readable	lunar.jar
com.lunarclient.apollo.event.ApolloSendPacketEvent	readable	lunar.jar
com.lunarclient.apollo.event.Event	readable	lunar.jar
com.lunarclient.apollo.event.EventBus	readable	lunar.jar
com.lunarclient.apollo.event.EventCancellable	readable	lunar.jar
com.lunarclient.apollo.event.Listen	readable	lunar.jar
com.lunarclient.apollo.event.ReflectiveConsumer	readable	lunar.jar
com.lunarclient.apollo.event.modsetting.ApolloUpdateModOptionEvent	readable	lunar.jar
com.lunarclient.apollo.event.option.ApolloUpdateOptionEvent	readable	lunar.jar
com.lunarclient.apollo.event.packetenrichment.chat.ApolloPlayerChatCloseEvent	readable	lunar.jar
com.lunarclient.apollo.event.packetenrichment.chat.ApolloPlayerChatOpenEvent	readable	lunar.jar
com.lunarclient.apollo.event.packetenrichment.inventory.ApolloPlayerInventoryCloseEvent	readable	lunar.jar
com.lunarclient.apollo.event.packetenrichment.inventory.ApolloPlayerInventoryOpenEvent	readable	lunar.jar
com.lunarclient.apollo.event.packetenrichment.melee.ApolloPlayerAttackEvent	readable	lunar.jar
com.lunarclient.apollo.event.packetenrichment.world.ApolloPlayerUseItemBucketEvent	readable	lunar.jar
com.lunarclient.apollo.event.packetenrichment.world.ApolloPlayerUseItemEvent	readable	lunar.jar
com.lunarclient.apollo.event.player.ApolloPlayerHandshakeEvent	readable	lunar.jar
com.lunarclient.apollo.event.player.ApolloRegisterPlayerEvent	readable	lunar.jar
com.lunarclient.apollo.event.player.ApolloUnregisterPlayerEvent	readable	lunar.jar
com.lunarclient.apollo.evnt.v1.CharacterAbilityMessage	protobuf	lunar.jar
com.lunarclient.apollo.evnt.v1.CharacterAbilityMessageOrBuilder	protobuf	lunar.jar
com.lunarclient.apollo.evnt.v1.CharacterProto	protobuf	lunar.jar
com.lunarclient.apollo.evnt.v1.CharacterType	protobuf	lunar.jar
com.lunarclient.apollo.evnt.v1.CloseGuiMessage	protobuf	lunar.jar
com.lunarclient.apollo.evnt.v1.CloseGuiMessageOrBuilder	protobuf	lunar.jar
com.lunarclient.apollo.evnt.v1.CosmeticsProto	protobuf	lunar.jar
com.lunarclient.apollo.evnt.v1.EventGameOverviewMessage	protobuf	lunar.jar
com.lunarclient.apollo.evnt.v1.EventGameOverviewMessageOrBuilder	protobuf	lunar.jar
com.lunarclient.apollo.evnt.v1.EventOverviewMessage	protobuf	lunar.jar
com.lunarclient.apollo.evnt.v1.EventOverviewMessageOrBuilder	protobuf	lunar.jar
com.lunarclient.apollo.evnt.v1.EventPlayerMessage	protobuf	lunar.jar
com.lunarclient.apollo.evnt.v1.EventPlayerMessageOrBuilder	protobuf	lunar.jar
com.lunarclient.apollo.evnt.v1.EventPlayerStatusMessage	protobuf	lunar.jar
com.lunarclient.apollo.evnt.v1.EventPlayerStatusMessageOrBuilder	protobuf	lunar.jar
com.lunarclient.apollo.evnt.v1.EventProto	protobuf	lunar.jar
com.lunarclient.apollo.evnt.v1.EventStatusOverviewMessage	protobuf	lunar.jar
com.lunarclient.apollo.evnt.v1.EventStatusOverviewMessageOrBuilder	protobuf	lunar.jar
com.lunarclient.apollo.evnt.v1.EventTeamStatusMessage	protobuf	lunar.jar
com.lunarclient.apollo.evnt.v1.EventTeamStatusMessageOrBuilder	protobuf	lunar.jar
com.lunarclient.apollo.evnt.v1.GuiProto	protobuf	lunar.jar
com.lunarclient.apollo.evnt.v1.GuiType	protobuf	lunar.jar
com.lunarclient.apollo.evnt.v1.HearttextureProto	protobuf	lunar.jar
com.lunarclient.apollo.evnt.v1.OpenGuiMessage	protobuf	lunar.jar
com.lunarclient.apollo.evnt.v1.OpenGuiMessageOrBuilder	protobuf	lunar.jar
com.lunarclient.apollo.evnt.v1.OverrideCharacterAbilityMessage	protobuf	lunar.jar
com.lunarclient.apollo.evnt.v1.OverrideCharacterAbilityMessageOrBuilder	protobuf	lunar.jar
com.lunarclient.apollo.evnt.v1.OverrideCharacterCosmeticMessage	protobuf	lunar.jar
com.lunarclient.apollo.evnt.v1.OverrideCharacterCosmeticMessageOrBuilder	protobuf	lunar.jar
com.lunarclient.apollo.evnt.v1.OverrideCharacterMessage	protobuf	lunar.jar
com.lunarclient.apollo.evnt.v1.OverrideCharacterMessageOrBuilder	protobuf	lunar.jar
com.lunarclient.apollo.evnt.v1.OverrideCharacterSuitResourcesMessage	protobuf	lunar.jar
com.lunarclient.apollo.evnt.v1.OverrideCharacterSuitResourcesMessageOrBuilder	protobuf	lunar.jar
com.lunarclient.apollo.evnt.v1.OverrideCosmeticResourcesMessage	protobuf	lunar.jar
com.lunarclient.apollo.evnt.v1.OverrideCosmeticResourcesMessageOrBuilder	protobuf	lunar.jar
com.lunarclient.apollo.evnt.v1.OverrideHeartTextureMessage	protobuf	lunar.jar
com.lunarclient.apollo.evnt.v1.OverrideHeartTextureMessageOrBuilder	protobuf	lunar.jar
com.lunarclient.apollo.evnt.v1.ResetHeartTextureMessage	protobuf	lunar.jar
com.lunarclient.apollo.evnt.v1.ResetHeartTextureMessageOrBuilder	protobuf	lunar.jar
com.lunarclient.apollo.evnt.v1.UpdateCosmeticsMessage	protobuf	lunar.jar
com.lunarclient.apollo.evnt.v1.UpdateCosmeticsMessageOrBuilder	protobuf	lunar.jar
com.lunarclient.apollo.glow.v1.OverrideGlowEffectMessage	protobuf	lunar.jar
com.lunarclient.apollo.glow.v1.OverrideGlowEffectMessageOrBuilder	protobuf	lunar.jar
com.lunarclient.apollo.glow.v1.ResetGlowEffectMessage	protobuf	lunar.jar
com.lunarclient.apollo.glow.v1.ResetGlowEffectMessageOrBuilder	protobuf	lunar.jar
com.lunarclient.apollo.glow.v1.ResetGlowEffectsMessage	protobuf	lunar.jar
com.lunarclient.apollo.glow.v1.ResetGlowEffectsMessageOrBuilder	protobuf	lunar.jar
com.lunarclient.apollo.glow.v1.SchemaProto	protobuf	lunar.jar
com.lunarclient.apollo.heightlimit.v1.OverrideHeightLimitMessage	protobuf	lunar.jar
com.lunarclient.apollo.heightlimit.v1.OverrideHeightLimitMessageOrBuilder	protobuf	lunar.jar
com.lunarclient.apollo.heightlimit.v1.RemoveHeightLimitMessage	protobuf	lunar.jar
com.lunarclient.apollo.heightlimit.v1.RemoveHeightLimitMessageOrBuilder	protobuf	lunar.jar
com.lunarclient.apollo.heightlimit.v1.ResetHeightLimitsMessage	protobuf	lunar.jar
com.lunarclient.apollo.heightlimit.v1.ResetHeightLimitsMessageOrBuilder	protobuf	lunar.jar
com.lunarclient.apollo.heightlimit.v1.SchemaProto	protobuf	lunar.jar
com.lunarclient.apollo.hologram.v1.DisplayHologramMessage	protobuf	lunar.jar
com.lunarclient.apollo.hologram.v1.DisplayHologramMessageOrBuilder	protobuf	lunar.jar
com.lunarclient.apollo.hologram.v1.RemoveHologramMessage	protobuf	lunar.jar
com.lunarclient.apollo.hologram.v1.RemoveHologramMessageOrBuilder	protobuf	lunar.jar
com.lunarclient.apollo.hologram.v1.ResetHologramsMessage	protobuf	lunar.jar
com.lunarclient.apollo.hologram.v1.ResetHologramsMessageOrBuilder	protobuf	lunar.jar
com.lunarclient.apollo.hologram.v1.SchemaProto	protobuf	lunar.jar
com.lunarclient.apollo.hud.v1.HudPosition	protobuf	lunar.jar
com.lunarclient.apollo.hud.v1.HudPositionOrBuilder	protobuf	lunar.jar
com.lunarclient.apollo.hud.v1.PositionProto	protobuf	lunar.jar
com.lunarclient.apollo.inventory.v1.DisplayInventoryButtonsMessage	protobuf	lunar.jar
com.lunarclient.apollo.inventory.v1.DisplayInventoryButtonsMessageOrBuilder	protobuf	lunar.jar
com.lunarclient.apollo.inventory.v1.InventoryButton	protobuf	lunar.jar
com.lunarclient.apollo.inventory.v1.InventoryButtonBox	protobuf	lunar.jar
com.lunarclient.apollo.inventory.v1.InventoryButtonOrBuilder	protobuf	lunar.jar
com.lunarclient.apollo.inventory.v1.InventoryType	protobuf	lunar.jar
com.lunarclient.apollo.inventory.v1.RemoveInventoryButtonMessage	protobuf	lunar.jar
com.lunarclient.apollo.inventory.v1.RemoveInventoryButtonMessageOrBuilder	protobuf	lunar.jar
com.lunarclient.apollo.inventory.v1.ResetInventoryButtonsMessage	protobuf	lunar.jar
com.lunarclient.apollo.inventory.v1.ResetInventoryButtonsMessageOrBuilder	protobuf	lunar.jar
com.lunarclient.apollo.inventory.v1.SchemaProto	protobuf	lunar.jar
com.lunarclient.apollo.inventory.v1.UpdateInventoryButtonMessage	protobuf	lunar.jar
com.lunarclient.apollo.inventory.v1.UpdateInventoryButtonMessageOrBuilder	protobuf	lunar.jar
com.lunarclient.apollo.limb.v1.ArmorPiece	protobuf	lunar.jar
com.lunarclient.apollo.limb.v1.BodyPart	protobuf	lunar.jar
com.lunarclient.apollo.limb.v1.HideArmorPiecesMessage	protobuf	lunar.jar
com.lunarclient.apollo.limb.v1.HideArmorPiecesMessageOrBuilder	protobuf	lunar.jar
com.lunarclient.apollo.limb.v1.HideBodyPartMessage	protobuf	lunar.jar
com.lunarclient.apollo.limb.v1.HideBodyPartMessageOrBuilder	protobuf	lunar.jar
com.lunarclient.apollo.limb.v1.ResetArmorPiecesMessage	protobuf	lunar.jar
com.lunarclient.apollo.limb.v1.ResetArmorPiecesMessageOrBuilder	protobuf	lunar.jar
com.lunarclient.apollo.limb.v1.ResetBodyPartMessage	protobuf	lunar.jar
com.lunarclient.apollo.limb.v1.ResetBodyPartMessageOrBuilder	protobuf	lunar.jar
com.lunarclient.apollo.limb.v1.SchemaProto	protobuf	lunar.jar
com.lunarclient.apollo.marker.v1.BlockTarget	protobuf	lunar.jar
com.lunarclient.apollo.marker.v1.BlockTargetOrBuilder	protobuf	lunar.jar
com.lunarclient.apollo.marker.v1.DangerMarker	protobuf	lunar.jar
com.lunarclient.apollo.marker.v1.DangerMarkerOrBuilder	protobuf	lunar.jar
com.lunarclient.apollo.marker.v1.DisplayMarkerMessage	protobuf	lunar.jar
com.lunarclient.apollo.marker.v1.DisplayMarkerMessageOrBuilder	protobuf	lunar.jar
com.lunarclient.apollo.marker.v1.EntityTarget	protobuf	lunar.jar
com.lunarclient.apollo.marker.v1.EntityTargetOrBuilder	protobuf	lunar.jar
com.lunarclient.apollo.marker.v1.InfoMarker	protobuf	lunar.jar
com.lunarclient.apollo.marker.v1.InfoMarkerOrBuilder	protobuf	lunar.jar
com.lunarclient.apollo.marker.v1.InterestMarker	protobuf	lunar.jar
com.lunarclient.apollo.marker.v1.InterestMarkerOrBuilder	protobuf	lunar.jar
com.lunarclient.apollo.marker.v1.ItemTarget	protobuf	lunar.jar
com.lunarclient.apollo.marker.v1.ItemTargetOrBuilder	protobuf	lunar.jar
com.lunarclient.apollo.marker.v1.MarkerDescriptionDisplay	protobuf	lunar.jar
com.lunarclient.apollo.marker.v1.MarkerDisplayCondition	protobuf	lunar.jar
com.lunarclient.apollo.marker.v1.MarkerFlag	protobuf	lunar.jar
com.lunarclient.apollo.marker.v1.MarkerFlagOrBuilder	protobuf	lunar.jar
com.lunarclient.apollo.marker.v1.MarkerOwnerDisplay	protobuf	lunar.jar
com.lunarclient.apollo.marker.v1.MarkerStyle	protobuf	lunar.jar
com.lunarclient.apollo.marker.v1.MarkerStyleOrBuilder	protobuf	lunar.jar
com.lunarclient.apollo.marker.v1.MarkerTarget	protobuf	lunar.jar
com.lunarclient.apollo.marker.v1.MarkerTargetOrBuilder	protobuf	lunar.jar
com.lunarclient.apollo.marker.v1.NormalMarker	protobuf	lunar.jar
com.lunarclient.apollo.marker.v1.NormalMarkerOrBuilder	protobuf	lunar.jar
com.lunarclient.apollo.marker.v1.PlayerTarget	protobuf	lunar.jar
com.lunarclient.apollo.marker.v1.PlayerTargetOrBuilder	protobuf	lunar.jar
com.lunarclient.apollo.marker.v1.RemoveMarkerMessage	protobuf	lunar.jar
com.lunarclient.apollo.marker.v1.RemoveMarkerMessageOrBuilder	protobuf	lunar.jar
com.lunarclient.apollo.marker.v1.ResetMarkersMessage	protobuf	lunar.jar
com.lunarclient.apollo.marker.v1.ResetMarkersMessageOrBuilder	protobuf	lunar.jar
com.lunarclient.apollo.marker.v1.SchemaProto	protobuf	lunar.jar
com.lunarclient.apollo.mods.ApolloModsManager	readable	lunar.jar
com.lunarclient.apollo.mods.Mods	readable	lunar.jar
com.lunarclient.apollo.mods.impl.Mod2dItems	readable	lunar.jar
com.lunarclient.apollo.mods.impl.Mod3dSkins	readable	lunar.jar
com.lunarclient.apollo.mods.impl.ModActionBar	readable	lunar.jar
com.lunarclient.apollo.mods.impl.ModArmorstatus	readable	lunar.jar
com.lunarclient.apollo.mods.impl.ModAttackIndicator	readable	lunar.jar
com.lunarclient.apollo.mods.impl.ModAudioSubtitles	readable	lunar.jar
com.lunarclient.apollo.mods.impl.ModAutoTextActions	readable	lunar.jar
com.lunarclient.apollo.mods.impl.ModAutoTextHotkey	readable	lunar.jar
com.lunarclient.apollo.mods.impl.ModBlockOutline	readable	lunar.jar
com.lunarclient.apollo.mods.impl.ModBossbar	readable	lunar.jar
com.lunarclient.apollo.mods.impl.ModChat	readable	lunar.jar
com.lunarclient.apollo.mods.impl.ModChunkBorders	readable	lunar.jar
com.lunarclient.apollo.mods.impl.ModClock	readable	lunar.jar
com.lunarclient.apollo.mods.impl.ModColorSaturation	readable	lunar.jar
com.lunarclient.apollo.mods.impl.ModCombo	readable	lunar.jar
com.lunarclient.apollo.mods.impl.ModCooldowns	readable	lunar.jar
com.lunarclient.apollo.mods.impl.ModCoordinates	readable	lunar.jar
com.lunarclient.apollo.mods.impl.ModCps	readable	lunar.jar
com.lunarclient.apollo.mods.impl.ModCrosshair	readable	lunar.jar
com.lunarclient.apollo.mods.impl.ModDamageTint	readable	lunar.jar
com.lunarclient.apollo.mods.impl.ModDayCounter	readable	lunar.jar
com.lunarclient.apollo.mods.impl.ModDirectionHud	readable	lunar.jar
com.lunarclient.apollo.mods.impl.ModF3Display	readable	lunar.jar
com.lunarclient.apollo.mods.impl.ModFog	readable	lunar.jar
com.lunarclient.apollo.mods.impl.ModFov	readable	lunar.jar
com.lunarclient.apollo.mods.impl.ModFps	readable	lunar.jar
com.lunarclient.apollo.mods.impl.ModFreelook	readable	lunar.jar
com.lunarclient.apollo.mods.impl.ModGlintColorizer	readable	lunar.jar
com.lunarclient.apollo.mods.impl.ModGuiScale	readable	lunar.jar
com.lunarclient.apollo.mods.impl.ModHitColor	readable	lunar.jar
com.lunarclient.apollo.mods.impl.ModHitbox	readable	lunar.jar
com.lunarclient.apollo.mods.impl.ModHorseStats	readable	lunar.jar
com.lunarclient.apollo.mods.impl.ModHurtCam	readable	lunar.jar
com.lunarclient.apollo.mods.impl.ModHypixelBedwars	readable	lunar.jar
com.lunarclient.apollo.mods.impl.ModHypixelMod	readable	lunar.jar
com.lunarclient.apollo.mods.impl.ModInventoryMod	readable	lunar.jar
com.lunarclient.apollo.mods.impl.ModItemCounter	readable	lunar.jar
com.lunarclient.apollo.mods.impl.ModItemCustomizer	readable	lunar.jar
com.lunarclient.apollo.mods.impl.ModItemPhysics	readable	lunar.jar
com.lunarclient.apollo.mods.impl.ModItemTracker	readable	lunar.jar
com.lunarclient.apollo.mods.impl.ModKeystrokes	readable	lunar.jar
com.lunarclient.apollo.mods.impl.ModKillSounds	readable	lunar.jar
com.lunarclient.apollo.mods.impl.ModKnockbackTrainer	readable	lunar.jar
com.lunarclient.apollo.mods.impl.ModLightOverlay	readable	lunar.jar
com.lunarclient.apollo.mods.impl.ModLighting	readable	lunar.jar
com.lunarclient.apollo.mods.impl.ModMarkers	readable	lunar.jar
com.lunarclient.apollo.mods.impl.ModMemory	readable	lunar.jar
com.lunarclient.apollo.mods.impl.ModMenuBlur	readable	lunar.jar
com.lunarclient.apollo.mods.impl.ModMinimap	readable	lunar.jar
com.lunarclient.apollo.mods.impl.ModMobSize	readable	lunar.jar
com.lunarclient.apollo.mods.impl.ModMomentum	readable	lunar.jar
com.lunarclient.apollo.mods.impl.ModMotionBlur	readable	lunar.jar
com.lunarclient.apollo.mods.impl.ModMumbleLink	readable	lunar.jar
com.lunarclient.apollo.mods.impl.ModNametag	readable	lunar.jar
com.lunarclient.apollo.mods.impl.ModNeu	readable	lunar.jar
com.lunarclient.apollo.mods.impl.ModNickHider	readable	lunar.jar
com.lunarclient.apollo.mods.impl.ModOneSevenVisuals	readable	lunar.jar
com.lunarclient.apollo.mods.impl.ModOverlayMod	readable	lunar.jar
com.lunarclient.apollo.mods.impl.ModPackDisplay	readable	lunar.jar
com.lunarclient.apollo.mods.impl.ModPackOrganizer	readable	lunar.jar
com.lunarclient.apollo.mods.impl.ModParticleChanger	readable	lunar.jar
com.lunarclient.apollo.mods.impl.ModPing	readable	lunar.jar
com.lunarclient.apollo.mods.impl.ModPlaytime	readable	lunar.jar
com.lunarclient.apollo.mods.impl.ModPotionCounter	readable	lunar.jar
com.lunarclient.apollo.mods.impl.ModPotionEffects	readable	lunar.jar
com.lunarclient.apollo.mods.impl.ModPvpInfo	readable	lunar.jar
com.lunarclient.apollo.mods.impl.ModQuickplay	readable	lunar.jar
com.lunarclient.apollo.mods.impl.ModRadio	readable	lunar.jar
com.lunarclient.apollo.mods.impl.ModReachDisplay	readable	lunar.jar
com.lunarclient.apollo.mods.impl.ModReplaymod	readable	lunar.jar
com.lunarclient.apollo.mods.impl.ModRewind	readable	lunar.jar
com.lunarclient.apollo.mods.impl.ModSaturation	readable	lunar.jar
com.lunarclient.apollo.mods.impl.ModSba	readable	lunar.jar
com.lunarclient.apollo.mods.impl.ModScoreboard	readable	lunar.jar
com.lunarclient.apollo.mods.impl.ModScreenshot	readable	lunar.jar
com.lunarclient.apollo.mods.impl.ModScrollableTooltips	readable	lunar.jar
com.lunarclient.apollo.mods.impl.ModServerAddress	readable	lunar.jar
com.lunarclient.apollo.mods.impl.ModShields	readable	lunar.jar
com.lunarclient.apollo.mods.impl.ModShinyPots	readable	lunar.jar
com.lunarclient.apollo.mods.impl.ModShulkerPreview	readable	lunar.jar
com.lunarclient.apollo.mods.impl.ModSkyblock	readable	lunar.jar
com.lunarclient.apollo.mods.impl.ModSnaplook	readable	lunar.jar
com.lunarclient.apollo.mods.impl.ModSoundChanger	readable	lunar.jar
com.lunarclient.apollo.mods.impl.ModStopwatch	readable	lunar.jar
com.lunarclient.apollo.mods.impl.ModTab	readable	lunar.jar
com.lunarclient.apollo.mods.impl.ModTeamView	readable	lunar.jar
com.lunarclient.apollo.mods.impl.ModTierTagger	readable	lunar.jar
com.lunarclient.apollo.mods.impl.ModTimeChanger	readable	lunar.jar
com.lunarclient.apollo.mods.impl.ModTitles	readable	lunar.jar
com.lunarclient.apollo.mods.impl.ModTntCountdown	readable	lunar.jar
com.lunarclient.apollo.mods.impl.ModToggleSneak	readable	lunar.jar
com.lunarclient.apollo.mods.impl.ModTotemCounter	readable	lunar.jar
com.lunarclient.apollo.mods.impl.ModUhcOverlay	readable	lunar.jar
com.lunarclient.apollo.mods.impl.ModWaila	readable	lunar.jar
com.lunarclient.apollo.mods.impl.ModWaypoints	readable	lunar.jar
com.lunarclient.apollo.mods.impl.ModWeatherChanger	readable	lunar.jar
com.lunarclient.apollo.mods.impl.ModWorldeditCui	readable	lunar.jar
com.lunarclient.apollo.mods.impl.ModZoom	readable	lunar.jar
com.lunarclient.apollo.modsetting.v1.InstalledModsRequest	protobuf	lunar.jar
com.lunarclient.apollo.modsetting.v1.InstalledModsRequestOrBuilder	protobuf	lunar.jar
com.lunarclient.apollo.modsetting.v1.InstalledModsResponse	protobuf	lunar.jar
com.lunarclient.apollo.modsetting.v1.InstalledModsResponseOrBuilder	protobuf	lunar.jar
com.lunarclient.apollo.modsetting.v1.Mod	protobuf	lunar.jar
com.lunarclient.apollo.modsetting.v1.ModGroup	protobuf	lunar.jar
com.lunarclient.apollo.modsetting.v1.ModGroupOrBuilder	protobuf	lunar.jar
com.lunarclient.apollo.modsetting.v1.ModOrBuilder	protobuf	lunar.jar
com.lunarclient.apollo.modsetting.v1.SchemaProto	protobuf	lunar.jar
com.lunarclient.apollo.module.ApolloModule	readable	lunar.jar
com.lunarclient.apollo.module.ApolloModuleManager	readable	lunar.jar
com.lunarclient.apollo.module.ApolloModuleManagerImpl	readable	lunar.jar
com.lunarclient.apollo.module.ModuleDefinition	readable	lunar.jar
com.lunarclient.apollo.module.autotexthotkey.AutoTextHotkeyModule	readable	lunar.jar
com.lunarclient.apollo.module.beam.Beam	readable	lunar.jar
com.lunarclient.apollo.module.beam.BeamModule	readable	lunar.jar
com.lunarclient.apollo.module.beam.BeamModuleImpl	readable	lunar.jar
com.lunarclient.apollo.module.border.Border	readable	lunar.jar
com.lunarclient.apollo.module.border.BorderModule	readable	lunar.jar
com.lunarclient.apollo.module.border.BorderModuleImpl	readable	lunar.jar
com.lunarclient.apollo.module.button.ApolloButtonSerializer	readable	lunar.jar
com.lunarclient.apollo.module.button.ButtonModuleSupport	readable	lunar.jar
com.lunarclient.apollo.module.button.ButtonSurface	readable	lunar.jar
com.lunarclient.apollo.module.chat.ChatButton	readable	lunar.jar
com.lunarclient.apollo.module.chat.ChatButtonSerializer	readable	lunar.jar
com.lunarclient.apollo.module.chat.ChatModule	readable	lunar.jar
com.lunarclient.apollo.module.chat.ChatModuleImpl	readable	lunar.jar
com.lunarclient.apollo.module.coloredfire.ColoredFireModule	readable	lunar.jar
com.lunarclient.apollo.module.coloredfire.ColoredFireModuleImpl	readable	lunar.jar
com.lunarclient.apollo.module.combat.CombatModule	readable	lunar.jar
com.lunarclient.apollo.module.cooldown.Cooldown	readable	lunar.jar
com.lunarclient.apollo.module.cooldown.CooldownModule	readable	lunar.jar
com.lunarclient.apollo.module.cooldown.CooldownModuleImpl	readable	lunar.jar
com.lunarclient.apollo.module.cooldown.CooldownStyle	readable	lunar.jar
com.lunarclient.apollo.module.cosmetic.Cosmetic	readable	lunar.jar
com.lunarclient.apollo.module.cosmetic.CosmeticModule	readable	lunar.jar
com.lunarclient.apollo.module.cosmetic.CosmeticModuleImpl	readable	lunar.jar
com.lunarclient.apollo.module.cosmetic.Emote	readable	lunar.jar
com.lunarclient.apollo.module.cosmetic.Spray	readable	lunar.jar
com.lunarclient.apollo.module.cosmetic.options.BodyOptions	readable	lunar.jar
com.lunarclient.apollo.module.cosmetic.options.CloakOptions	readable	lunar.jar
com.lunarclient.apollo.module.cosmetic.options.CosmeticOptions	readable	lunar.jar
com.lunarclient.apollo.module.cosmetic.options.HatOptions	readable	lunar.jar
com.lunarclient.apollo.module.cosmetic.options.PetOptions	readable	lunar.jar
com.lunarclient.apollo.module.entity.EntityModule	readable	lunar.jar
com.lunarclient.apollo.module.entity.EntityModuleImpl	readable	lunar.jar
com.lunarclient.apollo.module.glint.GlintModule	readable	lunar.jar
com.lunarclient.apollo.module.glow.GlowModule	readable	lunar.jar
com.lunarclient.apollo.module.glow.GlowModuleImpl	readable	lunar.jar
com.lunarclient.apollo.module.heightlimit.HeightLimit	readable	lunar.jar
com.lunarclient.apollo.module.heightlimit.HeightLimitModule	readable	lunar.jar
com.lunarclient.apollo.module.heightlimit.HeightLimitModuleImpl	readable	lunar.jar
com.lunarclient.apollo.module.hologram.Hologram	readable	lunar.jar
com.lunarclient.apollo.module.hologram.HologramModule	readable	lunar.jar
com.lunarclient.apollo.module.hologram.HologramModuleImpl	readable	lunar.jar
com.lunarclient.apollo.module.inventory.InventoryButton	readable	lunar.jar
com.lunarclient.apollo.module.inventory.InventoryButtonBox	readable	lunar.jar
com.lunarclient.apollo.module.inventory.InventoryButtonSerializer	readable	lunar.jar
com.lunarclient.apollo.module.inventory.InventoryModule	readable	lunar.jar
com.lunarclient.apollo.module.inventory.InventoryModuleImpl	readable	lunar.jar
com.lunarclient.apollo.module.inventory.InventoryType	readable	lunar.jar
com.lunarclient.apollo.module.limb.ArmorPiece	readable	lunar.jar
com.lunarclient.apollo.module.limb.BodyPart	readable	lunar.jar
com.lunarclient.apollo.module.limb.LimbModule	readable	lunar.jar
com.lunarclient.apollo.module.limb.LimbModuleImpl	readable	lunar.jar
com.lunarclient.apollo.module.marker.Marker	readable	lunar.jar
com.lunarclient.apollo.module.marker.MarkerModule	readable	lunar.jar
com.lunarclient.apollo.module.marker.MarkerModuleImpl	readable	lunar.jar
com.lunarclient.apollo.module.marker.MarkerStyle	readable	lunar.jar
com.lunarclient.apollo.module.marker.display.MarkerDescriptionDisplay	readable	lunar.jar
com.lunarclient.apollo.module.marker.display.MarkerDisplayCondition	readable	lunar.jar
com.lunarclient.apollo.module.marker.display.MarkerFlag	readable	lunar.jar
com.lunarclient.apollo.module.marker.display.MarkerOwnerDisplay	readable	lunar.jar
com.lunarclient.apollo.module.marker.target.BlockMarkerTarget	readable	lunar.jar
com.lunarclient.apollo.module.marker.target.EntityMarkerTarget	readable	lunar.jar
com.lunarclient.apollo.module.marker.target.ItemMarkerTarget	readable	lunar.jar
com.lunarclient.apollo.module.marker.target.MarkerTarget	readable	lunar.jar
com.lunarclient.apollo.module.marker.target.PlayerMarkerTarget	readable	lunar.jar
com.lunarclient.apollo.module.modsetting.InstalledModsRequest	readable	lunar.jar
com.lunarclient.apollo.module.modsetting.InstalledModsResponse	readable	lunar.jar
com.lunarclient.apollo.module.modsetting.ModSettingModule	readable	lunar.jar
com.lunarclient.apollo.module.modsettings.ModSettingModuleImpl	readable	lunar.jar
com.lunarclient.apollo.module.nametag.Nametag	readable	lunar.jar
com.lunarclient.apollo.module.nametag.NametagModule	readable	lunar.jar
com.lunarclient.apollo.module.nametag.NametagModuleImpl	readable	lunar.jar
com.lunarclient.apollo.module.nametag.NametagVisibilityOverride	readable	lunar.jar
com.lunarclient.apollo.module.nickhider.NickHiderModule	readable	lunar.jar
com.lunarclient.apollo.module.nickhider.NickHiderModuleImpl	readable	lunar.jar
com.lunarclient.apollo.module.notification.Notification	readable	lunar.jar
com.lunarclient.apollo.module.notification.NotificationModule	readable	lunar.jar
com.lunarclient.apollo.module.notification.NotificationModuleImpl	readable	lunar.jar
com.lunarclient.apollo.module.packetenrichment.PacketEnrichmentImpl	readable	lunar.jar
com.lunarclient.apollo.module.packetenrichment.PacketEnrichmentModule	readable	lunar.jar
com.lunarclient.apollo.module.packetenrichment.PlayerInfo	readable	lunar.jar
com.lunarclient.apollo.module.packetenrichment.raytrace.BlockHitResult	readable	lunar.jar
com.lunarclient.apollo.module.packetenrichment.raytrace.Direction	readable	lunar.jar
com.lunarclient.apollo.module.packetenrichment.raytrace.EntityHitResult	readable	lunar.jar
com.lunarclient.apollo.module.packetenrichment.raytrace.MissResult	readable	lunar.jar
com.lunarclient.apollo.module.packetenrichment.raytrace.RayTraceResult	readable	lunar.jar
com.lunarclient.apollo.module.paynow.PayNowEmbeddedCheckoutSupport	readable	lunar.jar
com.lunarclient.apollo.module.paynow.PayNowModule	readable	lunar.jar
com.lunarclient.apollo.module.paynow.PayNowModuleImpl	readable	lunar.jar
com.lunarclient.apollo.module.richpresence.RichPresenceModule	readable	lunar.jar
com.lunarclient.apollo.module.richpresence.RichPresenceModuleImpl	readable	lunar.jar
com.lunarclient.apollo.module.richpresence.ServerRichPresence	readable	lunar.jar
com.lunarclient.apollo.module.saturation.SaturationModule	readable	lunar.jar
com.lunarclient.apollo.module.serverlink.ServerLink	readable	lunar.jar
com.lunarclient.apollo.module.serverlink.ServerLinkModule	readable	lunar.jar
com.lunarclient.apollo.module.serverlink.ServerLinkModuleImpl	readable	lunar.jar
com.lunarclient.apollo.module.serverlink.pausemenu.LegacyServerLinkPlacement	readable	lunar.jar
com.lunarclient.apollo.module.serverlink.pausemenu.ModernServerLinkPlacement	readable	lunar.jar
com.lunarclient.apollo.module.serverrule.ServerRuleModule	readable	lunar.jar
com.lunarclient.apollo.module.staffmod.StaffMod	readable	lunar.jar
com.lunarclient.apollo.module.staffmod.StaffModModule	readable	lunar.jar
com.lunarclient.apollo.module.staffmod.StaffModModuleImpl	readable	lunar.jar
com.lunarclient.apollo.module.stopwatch.Stopwatch	readable	lunar.jar
com.lunarclient.apollo.module.stopwatch.StopwatchModule	readable	lunar.jar
com.lunarclient.apollo.module.stopwatch.StopwatchModuleImpl	readable	lunar.jar
com.lunarclient.apollo.module.stopwatch.Timer	readable	lunar.jar
com.lunarclient.apollo.module.team.TeamMember	readable	lunar.jar
com.lunarclient.apollo.module.team.TeamModule	readable	lunar.jar
com.lunarclient.apollo.module.team.TeamModuleImpl	readable	lunar.jar
com.lunarclient.apollo.module.tebex.TebexEmbeddedCheckoutSupport	readable	lunar.jar
com.lunarclient.apollo.module.tebex.TebexModule	readable	lunar.jar
com.lunarclient.apollo.module.tebex.TebexModuleImpl	readable	lunar.jar
com.lunarclient.apollo.module.title.Title	readable	lunar.jar
com.lunarclient.apollo.module.title.TitleModule	readable	lunar.jar
com.lunarclient.apollo.module.title.TitleModuleImpl	readable	lunar.jar
com.lunarclient.apollo.module.title.TitleType	readable	lunar.jar
com.lunarclient.apollo.module.tntcountdown.TntCountdownModule	readable	lunar.jar
com.lunarclient.apollo.module.tntcountdown.TntCountdownModuleImpl	readable	lunar.jar
com.lunarclient.apollo.module.transfer.PingRequest	readable	lunar.jar
com.lunarclient.apollo.module.transfer.PingResponse	readable	lunar.jar
com.lunarclient.apollo.module.transfer.TransferModule	readable	lunar.jar
com.lunarclient.apollo.module.transfer.TransferModuleImpl	readable	lunar.jar
com.lunarclient.apollo.module.transfer.TransferRequest	readable	lunar.jar
com.lunarclient.apollo.module.transfer.TransferResponse	readable	lunar.jar
com.lunarclient.apollo.module.vignette.Vignette	readable	lunar.jar
com.lunarclient.apollo.module.vignette.VignetteModule	readable	lunar.jar
com.lunarclient.apollo.module.vignette.VignetteModuleImpl	readable	lunar.jar
com.lunarclient.apollo.module.waypoint.Waypoint	readable	lunar.jar
com.lunarclient.apollo.module.waypoint.WaypointModule	readable	lunar.jar
com.lunarclient.apollo.module.waypoint.WaypointModuleImpl	readable	lunar.jar
com.lunarclient.apollo.module.waypoint.WaypointTextStyle	readable	lunar.jar
com.lunarclient.apollo.nametag.v1.NametagVisibilityOverride	protobuf	lunar.jar
com.lunarclient.apollo.nametag.v1.OverrideNametagMessage	protobuf	lunar.jar
com.lunarclient.apollo.nametag.v1.OverrideNametagMessageOrBuilder	protobuf	lunar.jar
com.lunarclient.apollo.nametag.v1.ResetNametagMessage	protobuf	lunar.jar
com.lunarclient.apollo.nametag.v1.ResetNametagMessageOrBuilder	protobuf	lunar.jar
com.lunarclient.apollo.nametag.v1.ResetNametagsMessage	protobuf	lunar.jar
com.lunarclient.apollo.nametag.v1.ResetNametagsMessageOrBuilder	protobuf	lunar.jar
com.lunarclient.apollo.nametag.v1.SchemaProto	protobuf	lunar.jar
com.lunarclient.apollo.network.ApolloNetworkManager	readable	lunar.jar
com.lunarclient.apollo.network.ButtonNetworkTypes	readable	lunar.jar
com.lunarclient.apollo.network.NetworkOptions	readable	lunar.jar
com.lunarclient.apollo.network.NetworkTypes	readable	lunar.jar
com.lunarclient.apollo.nickhider.v1.OverrideNickHiderMessage	protobuf	lunar.jar
com.lunarclient.apollo.nickhider.v1.OverrideNickHiderMessageOrBuilder	protobuf	lunar.jar
com.lunarclient.apollo.nickhider.v1.ResetNickHiderMessage	protobuf	lunar.jar
com.lunarclient.apollo.nickhider.v1.ResetNickHiderMessageOrBuilder	protobuf	lunar.jar
com.lunarclient.apollo.nickhider.v1.SchemaProto	protobuf	lunar.jar
com.lunarclient.apollo.notification.v1.DisplayNotificationMessage	protobuf	lunar.jar
com.lunarclient.apollo.notification.v1.DisplayNotificationMessageOrBuilder	protobuf	lunar.jar
com.lunarclient.apollo.notification.v1.ResetNotificationsMessage	protobuf	lunar.jar
com.lunarclient.apollo.notification.v1.ResetNotificationsMessageOrBuilder	protobuf	lunar.jar
com.lunarclient.apollo.notification.v1.SchemaProto	protobuf	lunar.jar
com.lunarclient.apollo.option.ConfigOptions	readable	lunar.jar
com.lunarclient.apollo.option.EmptyOptions	readable	lunar.jar
com.lunarclient.apollo.option.EnumOption	readable	lunar.jar
com.lunarclient.apollo.option.ListOption	readable	lunar.jar
com.lunarclient.apollo.option.NumberOption	readable	lunar.jar
com.lunarclient.apollo.option.Option	readable	lunar.jar
com.lunarclient.apollo.option.OptionBuilder	readable	lunar.jar
com.lunarclient.apollo.option.Options	readable	lunar.jar
com.lunarclient.apollo.option.OptionsImpl	readable	lunar.jar
com.lunarclient.apollo.option.SimpleOption	readable	lunar.jar
com.lunarclient.apollo.option.StatusOptionsImpl	readable	lunar.jar
com.lunarclient.apollo.option.config.CommonSerializers	readable	lunar.jar
com.lunarclient.apollo.option.config.Serializer	readable	lunar.jar
com.lunarclient.apollo.option.config.Serializers	readable	lunar.jar
com.lunarclient.apollo.packetenrichment.v1.BlockHit	protobuf	lunar.jar
com.lunarclient.apollo.packetenrichment.v1.BlockHitOrBuilder	protobuf	lunar.jar
com.lunarclient.apollo.packetenrichment.v1.ChatProto	protobuf	lunar.jar
com.lunarclient.apollo.packetenrichment.v1.Direction	protobuf	lunar.jar
com.lunarclient.apollo.packetenrichment.v1.EntityHit	protobuf	lunar.jar
com.lunarclient.apollo.packetenrichment.v1.EntityHitOrBuilder	protobuf	lunar.jar
com.lunarclient.apollo.packetenrichment.v1.InventoryProto	protobuf	lunar.jar
com.lunarclient.apollo.packetenrichment.v1.MeleeProto	protobuf	lunar.jar
com.lunarclient.apollo.packetenrichment.v1.Miss	protobuf	lunar.jar
com.lunarclient.apollo.packetenrichment.v1.MissOrBuilder	protobuf	lunar.jar
com.lunarclient.apollo.packetenrichment.v1.PacketInfo	protobuf	lunar.jar
com.lunarclient.apollo.packetenrichment.v1.PacketInfoOrBuilder	protobuf	lunar.jar
com.lunarclient.apollo.packetenrichment.v1.PacketProto	protobuf	lunar.jar
com.lunarclient.apollo.packetenrichment.v1.PlayerAttackMessage	protobuf	lunar.jar
com.lunarclient.apollo.packetenrichment.v1.PlayerAttackMessageOrBuilder	protobuf	lunar.jar
com.lunarclient.apollo.packetenrichment.v1.PlayerChatCloseMessage	protobuf	lunar.jar
com.lunarclient.apollo.packetenrichment.v1.PlayerChatCloseMessageOrBuilder	protobuf	lunar.jar
com.lunarclient.apollo.packetenrichment.v1.PlayerChatOpenMessage	protobuf	lunar.jar
com.lunarclient.apollo.packetenrichment.v1.PlayerChatOpenMessageOrBuilder	protobuf	lunar.jar
com.lunarclient.apollo.packetenrichment.v1.PlayerInfo	protobuf	lunar.jar
com.lunarclient.apollo.packetenrichment.v1.PlayerInfoOrBuilder	protobuf	lunar.jar
com.lunarclient.apollo.packetenrichment.v1.PlayerInventoryCloseMessage	protobuf	lunar.jar
com.lunarclient.apollo.packetenrichment.v1.PlayerInventoryCloseMessageOrBuilder	protobuf	lunar.jar
com.lunarclient.apollo.packetenrichment.v1.PlayerInventoryOpenMessage	protobuf	lunar.jar
com.lunarclient.apollo.packetenrichment.v1.PlayerInventoryOpenMessageOrBuilder	protobuf	lunar.jar
com.lunarclient.apollo.packetenrichment.v1.PlayerProto	protobuf	lunar.jar
com.lunarclient.apollo.packetenrichment.v1.PlayerUseItemBucketMessage	protobuf	lunar.jar
com.lunarclient.apollo.packetenrichment.v1.PlayerUseItemBucketMessageOrBuilder	protobuf	lunar.jar
com.lunarclient.apollo.packetenrichment.v1.PlayerUseItemMessage	protobuf	lunar.jar
com.lunarclient.apollo.packetenrichment.v1.PlayerUseItemMessageOrBuilder	protobuf	lunar.jar
com.lunarclient.apollo.packetenrichment.v1.RayTraceResult	protobuf	lunar.jar
com.lunarclient.apollo.packetenrichment.v1.RayTraceResultOrBuilder	protobuf	lunar.jar
com.lunarclient.apollo.packetenrichment.v1.RaytraceProto	protobuf	lunar.jar
com.lunarclient.apollo.packetenrichment.v1.WorldProto	protobuf	lunar.jar
com.lunarclient.apollo.paynow.v1.OpenPayNowEmbeddedCheckoutMessage	protobuf	lunar.jar
com.lunarclient.apollo.paynow.v1.OpenPayNowEmbeddedCheckoutMessageOrBuilder	protobuf	lunar.jar
com.lunarclient.apollo.paynow.v1.SchemaProto	protobuf	lunar.jar
com.lunarclient.apollo.pingmarker.v1.DisplayPlayerPingMessage	protobuf	lunar.jar
com.lunarclient.apollo.pingmarker.v1.DisplayPlayerPingMessageOrBuilder	protobuf	lunar.jar
com.lunarclient.apollo.pingmarker.v1.RemovePingMarkerTypeMessage	protobuf	lunar.jar
com.lunarclient.apollo.pingmarker.v1.RemovePingMarkerTypeMessageOrBuilder	protobuf	lunar.jar
com.lunarclient.apollo.pingmarker.v1.RemovePlayerPingMessage	protobuf	lunar.jar
com.lunarclient.apollo.pingmarker.v1.RemovePlayerPingMessageOrBuilder	protobuf	lunar.jar
com.lunarclient.apollo.pingmarker.v1.RequestPlayerPingMessage	protobuf	lunar.jar
com.lunarclient.apollo.pingmarker.v1.RequestPlayerPingMessageOrBuilder	protobuf	lunar.jar
com.lunarclient.apollo.pingmarker.v1.ResetPingMarkerTypesMessage	protobuf	lunar.jar
com.lunarclient.apollo.pingmarker.v1.ResetPingMarkerTypesMessageOrBuilder	protobuf	lunar.jar
com.lunarclient.apollo.pingmarker.v1.ResetPlayerPingMessage	protobuf	lunar.jar
com.lunarclient.apollo.pingmarker.v1.ResetPlayerPingMessageOrBuilder	protobuf	lunar.jar
com.lunarclient.apollo.pingmarker.v1.SchemaProto	protobuf	lunar.jar
com.lunarclient.apollo.pingmarker.v1.SetPingMarkerTypeMessage	protobuf	lunar.jar
com.lunarclient.apollo.pingmarker.v1.SetPingMarkerTypeMessageOrBuilder	protobuf	lunar.jar
com.lunarclient.apollo.pingmarker.v1.SetPingMarkerTypesMessage	protobuf	lunar.jar
com.lunarclient.apollo.pingmarker.v1.SetPingMarkerTypesMessageOrBuilder	protobuf	lunar.jar
com.lunarclient.apollo.player.AbstractApolloPlayer	readable	lunar.jar
com.lunarclient.apollo.player.ApolloPlayer	readable	lunar.jar
com.lunarclient.apollo.player.ApolloPlayerManager	readable	lunar.jar
com.lunarclient.apollo.player.ApolloPlayerManagerImpl	readable	lunar.jar
com.lunarclient.apollo.player.v1.EmbeddedCheckoutSupport	protobuf	lunar.jar
com.lunarclient.apollo.player.v1.HandshakeProto	protobuf	lunar.jar
com.lunarclient.apollo.player.v1.ModMessage	protobuf	lunar.jar
com.lunarclient.apollo.player.v1.ModMessageOrBuilder	protobuf	lunar.jar
com.lunarclient.apollo.player.v1.PlayerHandshakeMessage	protobuf	lunar.jar
com.lunarclient.apollo.player.v1.PlayerHandshakeMessageOrBuilder	protobuf	lunar.jar
com.lunarclient.apollo.player.v1.UpdatePlayerWorldMessage	protobuf	lunar.jar
com.lunarclient.apollo.player.v1.UpdatePlayerWorldMessageOrBuilder	protobuf	lunar.jar
com.lunarclient.apollo.player.v1.WorldProto	protobuf	lunar.jar
com.lunarclient.apollo.recipients.ForwardingRecipients	readable	lunar.jar
com.lunarclient.apollo.recipients.Recipients	readable	lunar.jar
com.lunarclient.apollo.richpresence.v1.OverrideServerRichPresenceMessage	protobuf	lunar.jar
com.lunarclient.apollo.richpresence.v1.OverrideServerRichPresenceMessageOrBuilder	protobuf	lunar.jar
com.lunarclient.apollo.richpresence.v1.ResetServerRichPresenceMessage	protobuf	lunar.jar
com.lunarclient.apollo.richpresence.v1.ResetServerRichPresenceMessageOrBuilder	protobuf	lunar.jar
com.lunarclient.apollo.richpresence.v1.SchemaProto	protobuf	lunar.jar
com.lunarclient.apollo.roundtrip.ApolloRequest	readable	lunar.jar
com.lunarclient.apollo.roundtrip.ApolloResponse	readable	lunar.jar
com.lunarclient.apollo.roundtrip.ApolloRoundtripManager	readable	lunar.jar
com.lunarclient.apollo.roundtrip.pagination.ApolloPaginatedResponse	readable	lunar.jar
com.lunarclient.apollo.roundtrip.pagination.ApolloPaginationManager	readable	lunar.jar
com.lunarclient.apollo.serverlink.v1.AddServerLinkMessage	protobuf	lunar.jar
com.lunarclient.apollo.serverlink.v1.AddServerLinkMessageOrBuilder	protobuf	lunar.jar
com.lunarclient.apollo.serverlink.v1.OverrideServerLinkResourceMessage	protobuf	lunar.jar
com.lunarclient.apollo.serverlink.v1.OverrideServerLinkResourceMessageOrBuilder	protobuf	lunar.jar
com.lunarclient.apollo.serverlink.v1.RemoveServerLinkMessage	protobuf	lunar.jar
com.lunarclient.apollo.serverlink.v1.RemoveServerLinkMessageOrBuilder	protobuf	lunar.jar
com.lunarclient.apollo.serverlink.v1.ResetServerLinkResourceMessage	protobuf	lunar.jar
com.lunarclient.apollo.serverlink.v1.ResetServerLinkResourceMessageOrBuilder	protobuf	lunar.jar
com.lunarclient.apollo.serverlink.v1.ResetServerLinksMessage	protobuf	lunar.jar
com.lunarclient.apollo.serverlink.v1.ResetServerLinksMessageOrBuilder	protobuf	lunar.jar
com.lunarclient.apollo.serverlink.v1.ServerLink	protobuf	lunar.jar
com.lunarclient.apollo.serverlink.v1.ServerLinkOrBuilder	protobuf	lunar.jar
com.lunarclient.apollo.serverlink.v1.ServerlinkProto	protobuf	lunar.jar
com.lunarclient.apollo.staffmod.v1.DisableStaffModsMessage	protobuf	lunar.jar
com.lunarclient.apollo.staffmod.v1.DisableStaffModsMessageOrBuilder	protobuf	lunar.jar
com.lunarclient.apollo.staffmod.v1.EnableStaffModsMessage	protobuf	lunar.jar
com.lunarclient.apollo.staffmod.v1.EnableStaffModsMessageOrBuilder	protobuf	lunar.jar
com.lunarclient.apollo.staffmod.v1.SchemaProto	protobuf	lunar.jar
com.lunarclient.apollo.staffmod.v1.StaffMod	protobuf	lunar.jar
com.lunarclient.apollo.stats.ApolloPluginDescription	readable	lunar.jar
com.lunarclient.apollo.stats.ApolloStats	readable	lunar.jar
com.lunarclient.apollo.stats.ApolloStatsManager	readable	lunar.jar
com.lunarclient.apollo.stats.ApolloStatsThread	readable	lunar.jar
com.lunarclient.apollo.stats.metadata.ApolloMetadataManager	readable	lunar.jar
com.lunarclient.apollo.stats.metadata.PlatformMetadata	readable	lunar.jar
com.lunarclient.apollo.stopwatch.v1.AddStopwatchMessage	protobuf	lunar.jar
com.lunarclient.apollo.stopwatch.v1.AddStopwatchMessageOrBuilder	protobuf	lunar.jar
com.lunarclient.apollo.stopwatch.v1.AddTimerMessage	protobuf	lunar.jar
com.lunarclient.apollo.stopwatch.v1.AddTimerMessageOrBuilder	protobuf	lunar.jar
com.lunarclient.apollo.stopwatch.v1.RemoveStopwatchMessage	protobuf	lunar.jar
com.lunarclient.apollo.stopwatch.v1.RemoveStopwatchMessageOrBuilder	protobuf	lunar.jar
com.lunarclient.apollo.stopwatch.v1.RemoveTimerMessage	protobuf	lunar.jar
com.lunarclient.apollo.stopwatch.v1.RemoveTimerMessageOrBuilder	protobuf	lunar.jar
com.lunarclient.apollo.stopwatch.v1.ResetStopwatchMessage	protobuf	lunar.jar
com.lunarclient.apollo.stopwatch.v1.ResetStopwatchMessageOrBuilder	protobuf	lunar.jar
com.lunarclient.apollo.stopwatch.v1.ResetStopwatchesMessage	protobuf	lunar.jar
com.lunarclient.apollo.stopwatch.v1.ResetStopwatchesMessageOrBuilder	protobuf	lunar.jar
com.lunarclient.apollo.stopwatch.v1.ResetTimerMessage	protobuf	lunar.jar
com.lunarclient.apollo.stopwatch.v1.ResetTimerMessageOrBuilder	protobuf	lunar.jar
com.lunarclient.apollo.stopwatch.v1.ResetTimersMessage	protobuf	lunar.jar
com.lunarclient.apollo.stopwatch.v1.ResetTimersMessageOrBuilder	protobuf	lunar.jar
com.lunarclient.apollo.stopwatch.v1.SchemaProto	protobuf	lunar.jar
com.lunarclient.apollo.stopwatch.v1.StartStopwatchMessage	protobuf	lunar.jar
com.lunarclient.apollo.stopwatch.v1.StartStopwatchMessageOrBuilder	protobuf	lunar.jar
com.lunarclient.apollo.stopwatch.v1.StartTimerMessage	protobuf	lunar.jar
com.lunarclient.apollo.stopwatch.v1.StartTimerMessageOrBuilder	protobuf	lunar.jar
com.lunarclient.apollo.stopwatch.v1.StopStopwatchMessage	protobuf	lunar.jar
com.lunarclient.apollo.stopwatch.v1.StopStopwatchMessageOrBuilder	protobuf	lunar.jar
com.lunarclient.apollo.stopwatch.v1.StopTimerMessage	protobuf	lunar.jar
com.lunarclient.apollo.stopwatch.v1.StopTimerMessageOrBuilder	protobuf	lunar.jar
com.lunarclient.apollo.team.v1.ResetTeamMembersMessage	protobuf	lunar.jar
com.lunarclient.apollo.team.v1.ResetTeamMembersMessageOrBuilder	protobuf	lunar.jar
com.lunarclient.apollo.team.v1.SchemaProto	protobuf	lunar.jar
com.lunarclient.apollo.team.v1.TeamMember	protobuf	lunar.jar
com.lunarclient.apollo.team.v1.TeamMemberOrBuilder	protobuf	lunar.jar
com.lunarclient.apollo.team.v1.UpdateTeamMembersMessage	protobuf	lunar.jar
com.lunarclient.apollo.team.v1.UpdateTeamMembersMessageOrBuilder	protobuf	lunar.jar
com.lunarclient.apollo.tebex.v1.OpenTebexEmbeddedCheckoutMessage	protobuf	lunar.jar
com.lunarclient.apollo.tebex.v1.OpenTebexEmbeddedCheckoutMessageOrBuilder	protobuf	lunar.jar
com.lunarclient.apollo.tebex.v1.SchemaProto	protobuf	lunar.jar
com.lunarclient.apollo.title.v1.DisplayTitleMessage	protobuf	lunar.jar
com.lunarclient.apollo.title.v1.DisplayTitleMessageOrBuilder	protobuf	lunar.jar
com.lunarclient.apollo.title.v1.ResetTitlesMessage	protobuf	lunar.jar
com.lunarclient.apollo.title.v1.ResetTitlesMessageOrBuilder	protobuf	lunar.jar
com.lunarclient.apollo.title.v1.SchemaProto	protobuf	lunar.jar
com.lunarclient.apollo.title.v1.TitleType	protobuf	lunar.jar
com.lunarclient.apollo.tntcountdown.v1.SchemaProto	protobuf	lunar.jar
com.lunarclient.apollo.tntcountdown.v1.SetTntCountdownMessage	protobuf	lunar.jar
com.lunarclient.apollo.tntcountdown.v1.SetTntCountdownMessageOrBuilder	protobuf	lunar.jar
com.lunarclient.apollo.transfer.v1.PingData	protobuf	lunar.jar
com.lunarclient.apollo.transfer.v1.PingDataOrBuilder	protobuf	lunar.jar
com.lunarclient.apollo.transfer.v1.PingRequest	protobuf	lunar.jar
com.lunarclient.apollo.transfer.v1.PingRequestOrBuilder	protobuf	lunar.jar
com.lunarclient.apollo.transfer.v1.PingResponse	protobuf	lunar.jar
com.lunarclient.apollo.transfer.v1.PingResponseOrBuilder	protobuf	lunar.jar
com.lunarclient.apollo.transfer.v1.SchemaProto	protobuf	lunar.jar
com.lunarclient.apollo.transfer.v1.TransferRequest	protobuf	lunar.jar
com.lunarclient.apollo.transfer.v1.TransferRequestOrBuilder	protobuf	lunar.jar
com.lunarclient.apollo.transfer.v1.TransferResponse	protobuf	lunar.jar
com.lunarclient.apollo.transfer.v1.TransferResponseOrBuilder	protobuf	lunar.jar
com.lunarclient.apollo.util.ConfigTarget	readable	lunar.jar
com.lunarclient.apollo.util.Ranges	readable	lunar.jar
com.lunarclient.apollo.version.ApolloVersion	readable	lunar.jar
com.lunarclient.apollo.version.ApolloVersionManager	readable	lunar.jar
com.lunarclient.apollo.vignette.v1.DisplayVignetteMessage	protobuf	lunar.jar
com.lunarclient.apollo.vignette.v1.DisplayVignetteMessageOrBuilder	protobuf	lunar.jar
com.lunarclient.apollo.vignette.v1.ResetVignetteMessage	protobuf	lunar.jar
com.lunarclient.apollo.vignette.v1.ResetVignetteMessageOrBuilder	protobuf	lunar.jar
com.lunarclient.apollo.vignette.v1.SchemaProto	protobuf	lunar.jar
com.lunarclient.apollo.waypoint.v1.DisplayWaypointMessage	protobuf	lunar.jar
com.lunarclient.apollo.waypoint.v1.DisplayWaypointMessageOrBuilder	protobuf	lunar.jar
com.lunarclient.apollo.waypoint.v1.HideWaypointMessage	protobuf	lunar.jar
com.lunarclient.apollo.waypoint.v1.HideWaypointMessageOrBuilder	protobuf	lunar.jar
com.lunarclient.apollo.waypoint.v1.RemoveWaypointMessage	protobuf	lunar.jar
com.lunarclient.apollo.waypoint.v1.RemoveWaypointMessageOrBuilder	protobuf	lunar.jar
com.lunarclient.apollo.waypoint.v1.ResetWaypointsMessage	protobuf	lunar.jar
com.lunarclient.apollo.waypoint.v1.ResetWaypointsMessageOrBuilder	protobuf	lunar.jar
com.lunarclient.apollo.waypoint.v1.SchemaProto	protobuf	lunar.jar
com.lunarclient.apollo.waypoint.v1.ShowWaypointMessage	protobuf	lunar.jar
com.lunarclient.apollo.waypoint.v1.ShowWaypointMessageOrBuilder	protobuf	lunar.jar
com.lunarclient.apollo.waypoint.v1.WaypointTextStyle	protobuf	lunar.jar
com.lunarclient.apollo.waypoint.v1.WaypointTextStyleOrBuilder	protobuf	lunar.jar
com.lunarclient.apollo.world.ApolloWorld	readable	lunar.jar
com.lunarclient.apollo.world.ApolloWorldManager	readable	lunar.jar
com.lunarclient.apollo.world.ApolloWorldManagerImpl	readable	lunar.jar
com.lunarclient.authenticator.v1.AuthSuccessMessage	protobuf	lunar.jar
com.lunarclient.authenticator.v1.AuthSuccessMessageOrBuilder	protobuf	lunar.jar
com.lunarclient.authenticator.v1.ClientboundWebSocketMessage	protobuf	lunar.jar
com.lunarclient.authenticator.v1.ClientboundWebSocketMessageOrBuilder	protobuf	lunar.jar
com.lunarclient.authenticator.v1.EncryptionFailMessage	protobuf	lunar.jar
com.lunarclient.authenticator.v1.EncryptionFailMessageOrBuilder	protobuf	lunar.jar
com.lunarclient.authenticator.v1.EncryptionRequestMessage	protobuf	lunar.jar
com.lunarclient.authenticator.v1.EncryptionRequestMessageOrBuilder	protobuf	lunar.jar
com.lunarclient.authenticator.v1.EncryptionResponseMessage	protobuf	lunar.jar
com.lunarclient.authenticator.v1.EncryptionResponseMessageOrBuilder	protobuf	lunar.jar
com.lunarclient.authenticator.v1.HelloMessage	protobuf	lunar.jar
com.lunarclient.authenticator.v1.HelloMessageOrBuilder	protobuf	lunar.jar
com.lunarclient.authenticator.v1.MessageProto	protobuf	lunar.jar
com.lunarclient.authenticator.v1.ProtocolProto	protobuf	lunar.jar
com.lunarclient.authenticator.v1.ServerboundWebSocketMessage	protobuf	lunar.jar
com.lunarclient.authenticator.v1.ServerboundWebSocketMessageOrBuilder	protobuf	lunar.jar
com.lunarclient.common.v1.Color	protobuf	lunar.jar
com.lunarclient.common.v1.ColorOrBuilder	protobuf	lunar.jar
com.lunarclient.common.v1.ColorProto	protobuf	lunar.jar
com.lunarclient.common.v1.Direction	protobuf	lunar.jar
com.lunarclient.common.v1.GiftInfo	protobuf	lunar.jar
com.lunarclient.common.v1.GiftInfoOrBuilder	protobuf	lunar.jar
com.lunarclient.common.v1.GiftProto	protobuf	lunar.jar
com.lunarclient.common.v1.GlobalPos	protobuf	lunar.jar
com.lunarclient.common.v1.GlobalPosOrBuilder	protobuf	lunar.jar
com.lunarclient.common.v1.HostedWorld	protobuf	lunar.jar
com.lunarclient.common.v1.HostedWorldOrBuilder	protobuf	lunar.jar
com.lunarclient.common.v1.InGame	protobuf	lunar.jar
com.lunarclient.common.v1.InGameOrBuilder	protobuf	lunar.jar
com.lunarclient.common.v1.InLauncher	protobuf	lunar.jar
com.lunarclient.common.v1.InLauncherOrBuilder	protobuf	lunar.jar
com.lunarclient.common.v1.InMenus	protobuf	lunar.jar
com.lunarclient.common.v1.InMenusOrBuilder	protobuf	lunar.jar
com.lunarclient.common.v1.InboundHostedWorld	protobuf	lunar.jar
com.lunarclient.common.v1.InboundHostedWorldOrBuilder	protobuf	lunar.jar
com.lunarclient.common.v1.InboundInGame	protobuf	lunar.jar
com.lunarclient.common.v1.InboundInGameOrBuilder	protobuf	lunar.jar
com.lunarclient.common.v1.InboundInLauncher	protobuf	lunar.jar
com.lunarclient.common.v1.InboundInLauncherOrBuilder	protobuf	lunar.jar
com.lunarclient.common.v1.InboundInMenus	protobuf	lunar.jar
com.lunarclient.common.v1.InboundInMenusOrBuilder	protobuf	lunar.jar
com.lunarclient.common.v1.InboundLocation	protobuf	lunar.jar
com.lunarclient.common.v1.InboundLocationOrBuilder	protobuf	lunar.jar
com.lunarclient.common.v1.InboundLocationProto	protobuf	lunar.jar
com.lunarclient.common.v1.InboundMinecraftRealms	protobuf	lunar.jar
com.lunarclient.common.v1.InboundMinecraftRealmsOrBuilder	protobuf	lunar.jar
com.lunarclient.common.v1.InboundReplayWorld	protobuf	lunar.jar
com.lunarclient.common.v1.InboundReplayWorldOrBuilder	protobuf	lunar.jar
com.lunarclient.common.v1.InboundRewindWorld	protobuf	lunar.jar
com.lunarclient.common.v1.InboundRewindWorldOrBuilder	protobuf	lunar.jar
com.lunarclient.common.v1.InboundServer	protobuf	lunar.jar
com.lunarclient.common.v1.InboundServerOrBuilder	protobuf	lunar.jar
com.lunarclient.common.v1.InboundSinglePlayer	protobuf	lunar.jar
com.lunarclient.common.v1.InboundSinglePlayerOrBuilder	protobuf	lunar.jar
com.lunarclient.common.v1.LauncherVersion	protobuf	lunar.jar
com.lunarclient.common.v1.LauncherVersionOrBuilder	protobuf	lunar.jar
com.lunarclient.common.v1.LocalServer	protobuf	lunar.jar
com.lunarclient.common.v1.LocalServerOrBuilder	protobuf	lunar.jar
com.lunarclient.common.v1.Location	protobuf	lunar.jar
com.lunarclient.common.v1.LocationOrBuilder	protobuf	lunar.jar
com.lunarclient.common.v1.LocationProto	protobuf	lunar.jar
com.lunarclient.common.v1.LunarClientUiVersion	protobuf	lunar.jar
com.lunarclient.common.v1.LunarClientUiVersionOrBuilder	protobuf	lunar.jar
com.lunarclient.common.v1.LunarClientVersion	protobuf	lunar.jar
com.lunarclient.common.v1.LunarClientVersionOrBuilder	protobuf	lunar.jar
com.lunarclient.common.v1.MinecraftRealms	protobuf	lunar.jar
com.lunarclient.common.v1.MinecraftRealmsOrBuilder	protobuf	lunar.jar
com.lunarclient.common.v1.MinecraftSkin	protobuf	lunar.jar
com.lunarclient.common.v1.MinecraftSkinModel	protobuf	lunar.jar
com.lunarclient.common.v1.MinecraftSkinOrBuilder	protobuf	lunar.jar
com.lunarclient.common.v1.MinecraftVersion	protobuf	lunar.jar
com.lunarclient.common.v1.MinecraftVersionOrBuilder	protobuf	lunar.jar
com.lunarclient.common.v1.ModpackProto	protobuf	lunar.jar
com.lunarclient.common.v1.PlayerModpack	protobuf	lunar.jar
com.lunarclient.common.v1.PlayerModpackOrBuilder	protobuf	lunar.jar
com.lunarclient.common.v1.PositionProto	protobuf	lunar.jar
com.lunarclient.common.v1.PrivateServer	protobuf	lunar.jar
com.lunarclient.common.v1.PrivateServerOrBuilder	protobuf	lunar.jar
com.lunarclient.common.v1.PublicServer	protobuf	lunar.jar
com.lunarclient.common.v1.PublicServerColors	protobuf	lunar.jar
com.lunarclient.common.v1.PublicServerColorsOrBuilder	protobuf	lunar.jar
com.lunarclient.common.v1.PublicServerOrBuilder	protobuf	lunar.jar
com.lunarclient.common.v1.PublicServerVersions	protobuf	lunar.jar
com.lunarclient.common.v1.PublicServerVersionsOrBuilder	protobuf	lunar.jar
com.lunarclient.common.v1.RadioInfo	protobuf	lunar.jar
com.lunarclient.common.v1.RadioInfoOrBuilder	protobuf	lunar.jar
com.lunarclient.common.v1.RadioProto	protobuf	lunar.jar
com.lunarclient.common.v1.RadioStation	protobuf	lunar.jar
com.lunarclient.common.v1.RadioStationOrBuilder	protobuf	lunar.jar
com.lunarclient.common.v1.RadioTrack	protobuf	lunar.jar
com.lunarclient.common.v1.RadioTrackOrBuilder	protobuf	lunar.jar
com.lunarclient.common.v1.ReplayWorld	protobuf	lunar.jar
com.lunarclient.common.v1.ReplayWorldOrBuilder	protobuf	lunar.jar
com.lunarclient.common.v1.RewindWorld	protobuf	lunar.jar
com.lunarclient.common.v1.RewindWorldOrBuilder	protobuf	lunar.jar
com.lunarclient.common.v1.ServerRichStatus	protobuf	lunar.jar
com.lunarclient.common.v1.ServerRichStatusOrBuilder	protobuf	lunar.jar
com.lunarclient.common.v1.SinglePlayer	protobuf	lunar.jar
com.lunarclient.common.v1.SinglePlayerOrBuilder	protobuf	lunar.jar
com.lunarclient.common.v1.SkinProto	protobuf	lunar.jar
com.lunarclient.common.v1.SocialProto	protobuf	lunar.jar
com.lunarclient.common.v1.UserSocial	protobuf	lunar.jar
com.lunarclient.common.v1.UserSocialOrBuilder	protobuf	lunar.jar
com.lunarclient.common.v1.UserSocialPlatform	protobuf	lunar.jar
com.lunarclient.common.v1.Uuid	protobuf	lunar.jar
com.lunarclient.common.v1.UuidAndUsername	protobuf	lunar.jar
com.lunarclient.common.v1.UuidAndUsernameOrBuilder	protobuf	lunar.jar
com.lunarclient.common.v1.UuidOrBuilder	protobuf	lunar.jar
com.lunarclient.common.v1.UuidProto	protobuf	lunar.jar
com.lunarclient.common.v1.Vector2i	protobuf	lunar.jar
com.lunarclient.common.v1.Vector2iOrBuilder	protobuf	lunar.jar
com.lunarclient.common.v1.Vector3f	protobuf	lunar.jar
com.lunarclient.common.v1.Vector3fOrBuilder	protobuf	lunar.jar
com.lunarclient.common.v1.Vector3i	protobuf	lunar.jar
com.lunarclient.common.v1.Vector3iOrBuilder	protobuf	lunar.jar
com.lunarclient.common.v1.VersionProto	protobuf	lunar.jar
com.lunarclient.dfu.datafixers.DSL	readable	lunar.jar
com.lunarclient.dfu.datafixers.DataFix	readable	lunar.jar
com.lunarclient.dfu.datafixers.DataFixUtils	readable	lunar.jar
com.lunarclient.dfu.datafixers.DataFixer	readable	lunar.jar
com.lunarclient.dfu.datafixers.DataFixerBuilder	readable	lunar.jar
com.lunarclient.dfu.datafixers.DataFixerUpper	readable	lunar.jar
com.lunarclient.dfu.datafixers.FamilyOptic	readable	lunar.jar
com.lunarclient.dfu.datafixers.FieldFinder	readable	lunar.jar
com.lunarclient.dfu.datafixers.FunctionType	readable	lunar.jar
com.lunarclient.dfu.datafixers.NamedChoiceFinder	readable	lunar.jar
com.lunarclient.dfu.datafixers.OpticFinder	readable	lunar.jar
com.lunarclient.dfu.datafixers.Products	readable	lunar.jar
com.lunarclient.dfu.datafixers.RewriteResult	readable	lunar.jar
com.lunarclient.dfu.datafixers.TypeRewriteRule	readable	lunar.jar
com.lunarclient.dfu.datafixers.Typed	readable	lunar.jar
com.lunarclient.dfu.datafixers.TypedOptic	readable	lunar.jar
com.lunarclient.dfu.datafixers.View	readable	lunar.jar
com.lunarclient.dfu.datafixers.functions.Apply	readable	lunar.jar
com.lunarclient.dfu.datafixers.functions.Bang	readable	lunar.jar
com.lunarclient.dfu.datafixers.functions.Comp	readable	lunar.jar
com.lunarclient.dfu.datafixers.functions.Fold	readable	lunar.jar
com.lunarclient.dfu.datafixers.functions.FunctionWrapper	readable	lunar.jar
com.lunarclient.dfu.datafixers.functions.Functions	readable	lunar.jar
com.lunarclient.dfu.datafixers.functions.Id	readable	lunar.jar
com.lunarclient.dfu.datafixers.functions.In	readable	lunar.jar
com.lunarclient.dfu.datafixers.functions.Out	readable	lunar.jar
com.lunarclient.dfu.datafixers.functions.PointFree	readable	lunar.jar
com.lunarclient.dfu.datafixers.functions.PointFreeRule	readable	lunar.jar
com.lunarclient.dfu.datafixers.functions.ProfunctorTransformer	readable	lunar.jar
com.lunarclient.dfu.datafixers.kinds.App	readable	lunar.jar
com.lunarclient.dfu.datafixers.kinds.App2	readable	lunar.jar
com.lunarclient.dfu.datafixers.kinds.Applicative	readable	lunar.jar
com.lunarclient.dfu.datafixers.kinds.CartesianLike	readable	lunar.jar
com.lunarclient.dfu.datafixers.kinds.CocartesianLike	readable	lunar.jar
com.lunarclient.dfu.datafixers.kinds.Const	readable	lunar.jar
com.lunarclient.dfu.datafixers.kinds.Functor	readable	lunar.jar
com.lunarclient.dfu.datafixers.kinds.IdF	readable	lunar.jar
com.lunarclient.dfu.datafixers.kinds.K1	readable	lunar.jar
com.lunarclient.dfu.datafixers.kinds.K2	readable	lunar.jar
com.lunarclient.dfu.datafixers.kinds.Kind1	readable	lunar.jar
com.lunarclient.dfu.datafixers.kinds.Kind2	readable	lunar.jar
com.lunarclient.dfu.datafixers.kinds.ListBox	readable	lunar.jar
com.lunarclient.dfu.datafixers.kinds.Monoid	readable	lunar.jar
com.lunarclient.dfu.datafixers.kinds.OptionalBox	readable	lunar.jar
com.lunarclient.dfu.datafixers.kinds.Representable	readable	lunar.jar
com.lunarclient.dfu.datafixers.kinds.Traversable	readable	lunar.jar
com.lunarclient.dfu.datafixers.optics.Adapter	readable	lunar.jar
com.lunarclient.dfu.datafixers.optics.Affine	readable	lunar.jar
com.lunarclient.dfu.datafixers.optics.Forget	readable	lunar.jar
com.lunarclient.dfu.datafixers.optics.ForgetE	readable	lunar.jar
com.lunarclient.dfu.datafixers.optics.ForgetOpt	readable	lunar.jar
com.lunarclient.dfu.datafixers.optics.Getter	readable	lunar.jar
com.lunarclient.dfu.datafixers.optics.Grate	readable	lunar.jar
com.lunarclient.dfu.datafixers.optics.IdAdapter	readable	lunar.jar
com.lunarclient.dfu.datafixers.optics.Inj1	readable	lunar.jar
com.lunarclient.dfu.datafixers.optics.Inj2	readable	lunar.jar
com.lunarclient.dfu.datafixers.optics.InjTagged	readable	lunar.jar
com.lunarclient.dfu.datafixers.optics.Lens	readable	lunar.jar
com.lunarclient.dfu.datafixers.optics.ListTraversal	readable	lunar.jar
com.lunarclient.dfu.datafixers.optics.Optic	readable	lunar.jar
com.lunarclient.dfu.datafixers.optics.Optics	readable	lunar.jar
com.lunarclient.dfu.datafixers.optics.PStore	readable	lunar.jar
com.lunarclient.dfu.datafixers.optics.Prism	readable	lunar.jar
com.lunarclient.dfu.datafixers.optics.Procompose	readable	lunar.jar
com.lunarclient.dfu.datafixers.optics.Proj1	readable	lunar.jar
com.lunarclient.dfu.datafixers.optics.Proj2	readable	lunar.jar
com.lunarclient.dfu.datafixers.optics.ReForget	readable	lunar.jar
com.lunarclient.dfu.datafixers.optics.ReForgetC	readable	lunar.jar
com.lunarclient.dfu.datafixers.optics.ReForgetE	readable	lunar.jar
com.lunarclient.dfu.datafixers.optics.ReForgetEP	readable	lunar.jar
com.lunarclient.dfu.datafixers.optics.ReForgetP	readable	lunar.jar
com.lunarclient.dfu.datafixers.optics.Traversal	readable	lunar.jar
com.lunarclient.dfu.datafixers.optics.Wander	readable	lunar.jar
com.lunarclient.dfu.datafixers.optics.profunctors.AffineP	readable	lunar.jar
com.lunarclient.dfu.datafixers.optics.profunctors.Bicontravariant	readable	lunar.jar
com.lunarclient.dfu.datafixers.optics.profunctors.Cartesian	readable	lunar.jar
com.lunarclient.dfu.datafixers.optics.profunctors.Closed	readable	lunar.jar
com.lunarclient.dfu.datafixers.optics.profunctors.Cocartesian	readable	lunar.jar
com.lunarclient.dfu.datafixers.optics.profunctors.FunctorProfunctor	readable	lunar.jar
com.lunarclient.dfu.datafixers.optics.profunctors.GetterP	readable	lunar.jar
com.lunarclient.dfu.datafixers.optics.profunctors.Mapping	readable	lunar.jar
com.lunarclient.dfu.datafixers.optics.profunctors.MonoidProfunctor	readable	lunar.jar
com.lunarclient.dfu.datafixers.optics.profunctors.Monoidal	readable	lunar.jar
com.lunarclient.dfu.datafixers.optics.profunctors.Profunctor	readable	lunar.jar
com.lunarclient.dfu.datafixers.optics.profunctors.ProfunctorFunctorWrapper	readable	lunar.jar
com.lunarclient.dfu.datafixers.optics.profunctors.ReCartesian	readable	lunar.jar
com.lunarclient.dfu.datafixers.optics.profunctors.ReCocartesian	readable	lunar.jar
com.lunarclient.dfu.datafixers.optics.profunctors.TraversalP	readable	lunar.jar
com.lunarclient.dfu.datafixers.schemas.Schema	readable	lunar.jar
com.lunarclient.dfu.datafixers.types.Func	readable	lunar.jar
com.lunarclient.dfu.datafixers.types.Type	readable	lunar.jar
com.lunarclient.dfu.datafixers.types.constant.EmptyPart	readable	lunar.jar
com.lunarclient.dfu.datafixers.types.constant.EmptyPartPassthrough	readable	lunar.jar
com.lunarclient.dfu.datafixers.types.families.Algebra	readable	lunar.jar
com.lunarclient.dfu.datafixers.types.families.ListAlgebra	readable	lunar.jar
com.lunarclient.dfu.datafixers.types.families.RecursiveTypeFamily	readable	lunar.jar
com.lunarclient.dfu.datafixers.types.families.TypeFamily	readable	lunar.jar
com.lunarclient.dfu.datafixers.types.templates.Check	readable	lunar.jar
com.lunarclient.dfu.datafixers.types.templates.CompoundList	readable	lunar.jar
com.lunarclient.dfu.datafixers.types.templates.Const	readable	lunar.jar
com.lunarclient.dfu.datafixers.types.templates.Hook	readable	lunar.jar
com.lunarclient.dfu.datafixers.types.templates.List	readable	lunar.jar
com.lunarclient.dfu.datafixers.types.templates.Named	readable	lunar.jar
com.lunarclient.dfu.datafixers.types.templates.Product	readable	lunar.jar
com.lunarclient.dfu.datafixers.types.templates.RecursivePoint	readable	lunar.jar
com.lunarclient.dfu.datafixers.types.templates.Sum	readable	lunar.jar
com.lunarclient.dfu.datafixers.types.templates.Tag	readable	lunar.jar
com.lunarclient.dfu.datafixers.types.templates.TaggedChoice	readable	lunar.jar
com.lunarclient.dfu.datafixers.types.templates.TypeTemplate	readable	lunar.jar
com.lunarclient.dfu.datafixers.util.Either	readable	lunar.jar
com.lunarclient.dfu.datafixers.util.Function10	readable	lunar.jar
com.lunarclient.dfu.datafixers.util.Function11	readable	lunar.jar
com.lunarclient.dfu.datafixers.util.Function12	readable	lunar.jar
com.lunarclient.dfu.datafixers.util.Function13	readable	lunar.jar
com.lunarclient.dfu.datafixers.util.Function14	readable	lunar.jar
com.lunarclient.dfu.datafixers.util.Function15	readable	lunar.jar
com.lunarclient.dfu.datafixers.util.Function16	readable	lunar.jar
com.lunarclient.dfu.datafixers.util.Function3	readable	lunar.jar
com.lunarclient.dfu.datafixers.util.Function4	readable	lunar.jar
com.lunarclient.dfu.datafixers.util.Function5	readable	lunar.jar
com.lunarclient.dfu.datafixers.util.Function6	readable	lunar.jar
com.lunarclient.dfu.datafixers.util.Function7	readable	lunar.jar
com.lunarclient.dfu.datafixers.util.Function8	readable	lunar.jar
com.lunarclient.dfu.datafixers.util.Function9	readable	lunar.jar
com.lunarclient.dfu.datafixers.util.Pair	readable	lunar.jar
com.lunarclient.dfu.datafixers.util.Unit	readable	lunar.jar
com.lunarclient.dfu.serialization.Codec	readable	lunar.jar
com.lunarclient.dfu.serialization.Compressable	readable	lunar.jar
com.lunarclient.dfu.serialization.CompressorHolder	readable	lunar.jar
com.lunarclient.dfu.serialization.DataResult	readable	lunar.jar
com.lunarclient.dfu.serialization.Decoder	readable	lunar.jar
com.lunarclient.dfu.serialization.Dynamic	readable	lunar.jar
com.lunarclient.dfu.serialization.DynamicLike	readable	lunar.jar
com.lunarclient.dfu.serialization.DynamicOps	readable	lunar.jar
com.lunarclient.dfu.serialization.Encoder	readable	lunar.jar
com.lunarclient.dfu.serialization.JavaOps	readable	lunar.jar
com.lunarclient.dfu.serialization.JsonOps	readable	lunar.jar
com.lunarclient.dfu.serialization.KeyCompressor	readable	lunar.jar
com.lunarclient.dfu.serialization.Keyable	readable	lunar.jar
com.lunarclient.dfu.serialization.Lifecycle	readable	lunar.jar
com.lunarclient.dfu.serialization.ListBuilder	readable	lunar.jar
com.lunarclient.dfu.serialization.MapCodec	readable	lunar.jar
com.lunarclient.dfu.serialization.MapDecoder	readable	lunar.jar
com.lunarclient.dfu.serialization.MapEncoder	readable	lunar.jar
com.lunarclient.dfu.serialization.MapLike	readable	lunar.jar
com.lunarclient.dfu.serialization.OptionalDynamic	readable	lunar.jar
com.lunarclient.dfu.serialization.RecordBuilder	readable	lunar.jar
com.lunarclient.dfu.serialization.codecs.BaseMapCodec	readable	lunar.jar
com.lunarclient.dfu.serialization.codecs.CompoundListCodec	readable	lunar.jar
com.lunarclient.dfu.serialization.codecs.DispatchedMapCodec	readable	lunar.jar
com.lunarclient.dfu.serialization.codecs.EitherCodec	readable	lunar.jar
com.lunarclient.dfu.serialization.codecs.EitherMapCodec	readable	lunar.jar
com.lunarclient.dfu.serialization.codecs.FieldDecoder	readable	lunar.jar
com.lunarclient.dfu.serialization.codecs.FieldEncoder	readable	lunar.jar
com.lunarclient.dfu.serialization.codecs.KeyDispatchCodec	readable	lunar.jar
com.lunarclient.dfu.serialization.codecs.ListCodec	readable	lunar.jar
com.lunarclient.dfu.serialization.codecs.OptionalFieldCodec	readable	lunar.jar
com.lunarclient.dfu.serialization.codecs.PairCodec	readable	lunar.jar
com.lunarclient.dfu.serialization.codecs.PairMapCodec	readable	lunar.jar
com.lunarclient.dfu.serialization.codecs.PrimitiveCodec	readable	lunar.jar
com.lunarclient.dfu.serialization.codecs.RecordCodecBuilder	readable	lunar.jar
com.lunarclient.dfu.serialization.codecs.SimpleMapCodec	readable	lunar.jar
com.lunarclient.dfu.serialization.codecs.UnboundedMapCodec	readable	lunar.jar
com.lunarclient.dfu.serialization.codecs.XorCodec	readable	lunar.jar
com.lunarclient.election.Election	readable	lunar.jar
com.lunarclient.election.ElectionResponse	readable	lunar.jar
com.lunarclient.election.candidate.Candidate	readable	lunar.jar
com.lunarclient.election.mayor.Mayor	readable	lunar.jar
com.lunarclient.election.mayor.minister.Minister	readable	lunar.jar
com.lunarclient.election.perk.Perk	readable	lunar.jar
com.lunarclient.enums.DebugState	readable	lunar.jar
com.lunarclient.fieldgenerators.MiningNodesGenerator	readable	lunar.jar
com.lunarclient.fieldgenerators.StatsGenerator	readable	lunar.jar
com.lunarclient.gameipc.auth.v1.AddAccountRequest	protobuf	lunar.jar
com.lunarclient.gameipc.auth.v1.AddAccountRequestOrBuilder	protobuf	lunar.jar
com.lunarclient.gameipc.auth.v1.AddAccountResponse	protobuf	lunar.jar
com.lunarclient.gameipc.auth.v1.AddAccountResponseOrBuilder	protobuf	lunar.jar
com.lunarclient.gameipc.auth.v1.AuthService	protobuf	lunar.jar
com.lunarclient.gameipc.auth.v1.NotifySwitchAccountRequest	protobuf	lunar.jar
com.lunarclient.gameipc.auth.v1.NotifySwitchAccountRequestOrBuilder	protobuf	lunar.jar
com.lunarclient.gameipc.auth.v1.NotifySwitchAccountResponse	protobuf	lunar.jar
com.lunarclient.gameipc.auth.v1.NotifySwitchAccountResponseOrBuilder	protobuf	lunar.jar
com.lunarclient.gameipc.auth.v1.OpenMicrosoftPopupRequest	protobuf	lunar.jar
com.lunarclient.gameipc.auth.v1.OpenMicrosoftPopupRequestOrBuilder	protobuf	lunar.jar
com.lunarclient.gameipc.auth.v1.OpenMicrosoftPopupResponse	protobuf	lunar.jar
com.lunarclient.gameipc.auth.v1.OpenMicrosoftPopupResponseOrBuilder	protobuf	lunar.jar
com.lunarclient.gameipc.auth.v1.RefreshAccountRequest	protobuf	lunar.jar
com.lunarclient.gameipc.auth.v1.RefreshAccountRequestOrBuilder	protobuf	lunar.jar
com.lunarclient.gameipc.auth.v1.RefreshAccountResponse	protobuf	lunar.jar
com.lunarclient.gameipc.auth.v1.RefreshAccountResponseOrBuilder	protobuf	lunar.jar
com.lunarclient.gameipc.auth.v1.ServiceProto	protobuf	lunar.jar
com.lunarclient.gameipc.browser.v1.BrowserService	protobuf	lunar.jar
com.lunarclient.gameipc.browser.v1.OpenUrlRequest	protobuf	lunar.jar
com.lunarclient.gameipc.browser.v1.OpenUrlRequestOrBuilder	protobuf	lunar.jar
com.lunarclient.gameipc.browser.v1.OpenUrlResponse	protobuf	lunar.jar
com.lunarclient.gameipc.browser.v1.OpenUrlResponseOrBuilder	protobuf	lunar.jar
com.lunarclient.gameipc.browser.v1.ServiceProto	protobuf	lunar.jar
com.lunarclient.gameipc.chat.v1.ChatService	protobuf	lunar.jar
com.lunarclient.gameipc.chat.v1.PushProto	protobuf	lunar.jar
com.lunarclient.gameipc.chat.v1.ReceiveMessageRequest	protobuf	lunar.jar
com.lunarclient.gameipc.chat.v1.ReceiveMessageRequestOrBuilder	protobuf	lunar.jar
com.lunarclient.gameipc.chat.v1.ReceiveMessageResponse	protobuf	lunar.jar
com.lunarclient.gameipc.chat.v1.ReceiveMessageResponseOrBuilder	protobuf	lunar.jar
com.lunarclient.gameipc.chat.v1.SendChatPush	protobuf	lunar.jar
com.lunarclient.gameipc.chat.v1.SendChatPushOrBuilder	protobuf	lunar.jar
com.lunarclient.gameipc.chat.v1.ServiceProto	protobuf	lunar.jar
com.lunarclient.gameipc.handshake.v1.CommonProto	protobuf	lunar.jar
com.lunarclient.gameipc.handshake.v1.Handshake	protobuf	lunar.jar
com.lunarclient.gameipc.handshake.v1.HandshakeOrBuilder	protobuf	lunar.jar
com.lunarclient.gameipc.launch.v1.ExitGamePush	protobuf	lunar.jar
com.lunarclient.gameipc.launch.v1.ExitGamePushOrBuilder	protobuf	lunar.jar
com.lunarclient.gameipc.launch.v1.LaunchGameRequest	protobuf	lunar.jar
com.lunarclient.gameipc.launch.v1.LaunchGameRequestOrBuilder	protobuf	lunar.jar
com.lunarclient.gameipc.launch.v1.LaunchGameResponse	protobuf	lunar.jar
com.lunarclient.gameipc.launch.v1.LaunchGameResponseOrBuilder	protobuf	lunar.jar
com.lunarclient.gameipc.launch.v1.LaunchService	protobuf	lunar.jar
com.lunarclient.gameipc.launch.v1.PlayServerPush	protobuf	lunar.jar
com.lunarclient.gameipc.launch.v1.PlayServerPushOrBuilder	protobuf	lunar.jar
com.lunarclient.gameipc.launch.v1.PushProto	protobuf	lunar.jar
com.lunarclient.gameipc.launch.v1.ServiceProto	protobuf	lunar.jar
com.lunarclient.gameipc.location.v1.FocusGamePush	protobuf	lunar.jar
com.lunarclient.gameipc.location.v1.FocusGamePushOrBuilder	protobuf	lunar.jar
com.lunarclient.gameipc.location.v1.LocationService	protobuf	lunar.jar
com.lunarclient.gameipc.location.v1.PushProto	protobuf	lunar.jar
com.lunarclient.gameipc.location.v1.ServiceProto	protobuf	lunar.jar
com.lunarclient.gameipc.location.v1.UpdateFocusRequest	protobuf	lunar.jar
com.lunarclient.gameipc.location.v1.UpdateFocusRequestOrBuilder	protobuf	lunar.jar
com.lunarclient.gameipc.location.v1.UpdateFocusResponse	protobuf	lunar.jar
com.lunarclient.gameipc.location.v1.UpdateFocusResponseOrBuilder	protobuf	lunar.jar
com.lunarclient.gameipc.location.v1.UpdateLocationRequest	protobuf	lunar.jar
com.lunarclient.gameipc.location.v1.UpdateLocationRequestOrBuilder	protobuf	lunar.jar
com.lunarclient.gameipc.location.v1.UpdateLocationResponse	protobuf	lunar.jar
com.lunarclient.gameipc.location.v1.UpdateLocationResponseOrBuilder	protobuf	lunar.jar
com.lunarclient.gameipc.paynow.v1.CheckPayNowCapabilitiesRequest	protobuf	lunar.jar
com.lunarclient.gameipc.paynow.v1.CheckPayNowCapabilitiesRequestOrBuilder	protobuf	lunar.jar
com.lunarclient.gameipc.paynow.v1.CheckPayNowCapabilitiesResponse	protobuf	lunar.jar
com.lunarclient.gameipc.paynow.v1.CheckPayNowCapabilitiesResponseOrBuilder	protobuf	lunar.jar
com.lunarclient.gameipc.paynow.v1.OpenPayNowJsCheckoutRequest	protobuf	lunar.jar
com.lunarclient.gameipc.paynow.v1.OpenPayNowJsCheckoutRequestOrBuilder	protobuf	lunar.jar
com.lunarclient.gameipc.paynow.v1.OpenPayNowJsCheckoutResponse	protobuf	lunar.jar
com.lunarclient.gameipc.paynow.v1.OpenPayNowJsCheckoutResponseOrBuilder	protobuf	lunar.jar
com.lunarclient.gameipc.paynow.v1.PayNowJsCheckoutClosed	protobuf	lunar.jar
com.lunarclient.gameipc.paynow.v1.PayNowJsCheckoutClosedOrBuilder	protobuf	lunar.jar
com.lunarclient.gameipc.paynow.v1.PayNowService	protobuf	lunar.jar
com.lunarclient.gameipc.paynow.v1.PushProto	protobuf	lunar.jar
com.lunarclient.gameipc.paynow.v1.ServiceProto	protobuf	lunar.jar
com.lunarclient.gameipc.promotion.v1.CheckPendingPromotionRequest	protobuf	lunar.jar
com.lunarclient.gameipc.promotion.v1.CheckPendingPromotionRequestOrBuilder	protobuf	lunar.jar
com.lunarclient.gameipc.promotion.v1.CheckPendingPromotionResponse	protobuf	lunar.jar
com.lunarclient.gameipc.promotion.v1.CheckPendingPromotionResponseOrBuilder	protobuf	lunar.jar
com.lunarclient.gameipc.promotion.v1.CommonProto	protobuf	lunar.jar
com.lunarclient.gameipc.promotion.v1.PendingPromotionUpdatePush	protobuf	lunar.jar
com.lunarclient.gameipc.promotion.v1.PendingPromotionUpdatePushOrBuilder	protobuf	lunar.jar
com.lunarclient.gameipc.promotion.v1.PlayPromotionRequest	protobuf	lunar.jar
com.lunarclient.gameipc.promotion.v1.PlayPromotionRequestOrBuilder	protobuf	lunar.jar
com.lunarclient.gameipc.promotion.v1.PlayPromotionResponse	protobuf	lunar.jar
com.lunarclient.gameipc.promotion.v1.PlayPromotionResponseOrBuilder	protobuf	lunar.jar
com.lunarclient.gameipc.promotion.v1.PromotionService	protobuf	lunar.jar
com.lunarclient.gameipc.promotion.v1.PromotionType	protobuf	lunar.jar
com.lunarclient.gameipc.promotion.v1.PushProto	protobuf	lunar.jar
com.lunarclient.gameipc.promotion.v1.ServiceProto	protobuf	lunar.jar
com.lunarclient.gameipc.protocol.v1.CommonProto	protobuf	lunar.jar
com.lunarclient.gameipc.protocol.v1.GameboundIPCMessage	protobuf	lunar.jar
com.lunarclient.gameipc.protocol.v1.GameboundIPCMessageOrBuilder	protobuf	lunar.jar
com.lunarclient.gameipc.protocol.v1.IPCRpcResponse	protobuf	lunar.jar
com.lunarclient.gameipc.protocol.v1.IPCRpcResponseOrBuilder	protobuf	lunar.jar
com.lunarclient.gameipc.protocol.v1.LauncherboundIPCMessage	protobuf	lunar.jar
com.lunarclient.gameipc.protocol.v1.LauncherboundIPCMessageOrBuilder	protobuf	lunar.jar
com.lunarclient.gameipc.store.v1.PushProto	protobuf	lunar.jar
com.lunarclient.gameipc.store.v1.StartStorePreviewSessionPush	protobuf	lunar.jar
com.lunarclient.gameipc.store.v1.StartStorePreviewSessionPushOrBuilder	protobuf	lunar.jar
com.lunarclient.gameipc.styngr.v1.CommonProto	protobuf	lunar.jar
com.lunarclient.gameipc.styngr.v1.FetchPlaylistsRequest	protobuf	lunar.jar
com.lunarclient.gameipc.styngr.v1.FetchPlaylistsRequestOrBuilder	protobuf	lunar.jar
com.lunarclient.gameipc.styngr.v1.FetchPlaylistsResponse	protobuf	lunar.jar
com.lunarclient.gameipc.styngr.v1.FetchPlaylistsResponseOrBuilder	protobuf	lunar.jar
com.lunarclient.gameipc.styngr.v1.FetchStateRequest	protobuf	lunar.jar
com.lunarclient.gameipc.styngr.v1.FetchStateRequestOrBuilder	protobuf	lunar.jar
com.lunarclient.gameipc.styngr.v1.FetchStateResponse	protobuf	lunar.jar
com.lunarclient.gameipc.styngr.v1.FetchStateResponseOrBuilder	protobuf	lunar.jar
com.lunarclient.gameipc.styngr.v1.NextTrackRequest	protobuf	lunar.jar
com.lunarclient.gameipc.styngr.v1.NextTrackRequestOrBuilder	protobuf	lunar.jar
com.lunarclient.gameipc.styngr.v1.NextTrackResponse	protobuf	lunar.jar
com.lunarclient.gameipc.styngr.v1.NextTrackResponseOrBuilder	protobuf	lunar.jar
com.lunarclient.gameipc.styngr.v1.OpenSelectorRequest	protobuf	lunar.jar
com.lunarclient.gameipc.styngr.v1.OpenSelectorRequestOrBuilder	protobuf	lunar.jar
com.lunarclient.gameipc.styngr.v1.OpenSelectorResponse	protobuf	lunar.jar
com.lunarclient.gameipc.styngr.v1.OpenSelectorResponseOrBuilder	protobuf	lunar.jar
com.lunarclient.gameipc.styngr.v1.PlaylistLicense	protobuf	lunar.jar
com.lunarclient.gameipc.styngr.v1.PlaylistMonetization	protobuf	lunar.jar
com.lunarclient.gameipc.styngr.v1.PushProto	protobuf	lunar.jar
com.lunarclient.gameipc.styngr.v1.ServiceProto	protobuf	lunar.jar
com.lunarclient.gameipc.styngr.v1.SetMutedRequest	protobuf	lunar.jar
com.lunarclient.gameipc.styngr.v1.SetMutedRequestOrBuilder	protobuf	lunar.jar
com.lunarclient.gameipc.styngr.v1.SetMutedResponse	protobuf	lunar.jar
com.lunarclient.gameipc.styngr.v1.SetMutedResponseOrBuilder	protobuf	lunar.jar
com.lunarclient.gameipc.styngr.v1.SetPlayingRequest	protobuf	lunar.jar
com.lunarclient.gameipc.styngr.v1.SetPlayingRequestOrBuilder	protobuf	lunar.jar
com.lunarclient.gameipc.styngr.v1.SetPlayingResponse	protobuf	lunar.jar
com.lunarclient.gameipc.styngr.v1.SetPlayingResponseOrBuilder	protobuf	lunar.jar
com.lunarclient.gameipc.styngr.v1.SetVolumeRequest	protobuf	lunar.jar
com.lunarclient.gameipc.styngr.v1.SetVolumeRequestOrBuilder	protobuf	lunar.jar
com.lunarclient.gameipc.styngr.v1.SetVolumeResponse	protobuf	lunar.jar
com.lunarclient.gameipc.styngr.v1.SetVolumeResponseOrBuilder	protobuf	lunar.jar
com.lunarclient.gameipc.styngr.v1.StartPlaylistRequest	protobuf	lunar.jar
com.lunarclient.gameipc.styngr.v1.StartPlaylistRequestOrBuilder	protobuf	lunar.jar
com.lunarclient.gameipc.styngr.v1.StartPlaylistResponse	protobuf	lunar.jar
com.lunarclient.gameipc.styngr.v1.StartPlaylistResponseOrBuilder	protobuf	lunar.jar
com.lunarclient.gameipc.styngr.v1.StyngrControlsState	protobuf	lunar.jar
com.lunarclient.gameipc.styngr.v1.StyngrControlsStateOrBuilder	protobuf	lunar.jar
com.lunarclient.gameipc.styngr.v1.StyngrProgressState	protobuf	lunar.jar
com.lunarclient.gameipc.styngr.v1.StyngrProgressStateOrBuilder	protobuf	lunar.jar
com.lunarclient.gameipc.styngr.v1.StyngrRadioService	protobuf	lunar.jar
com.lunarclient.gameipc.styngr.v1.StyngrTrackControlsUpdate	protobuf	lunar.jar
com.lunarclient.gameipc.styngr.v1.StyngrTrackControlsUpdateOrBuilder	protobuf	lunar.jar
com.lunarclient.gameipc.styngr.v1.StyngrTrackProgressUpdate	protobuf	lunar.jar
com.lunarclient.gameipc.styngr.v1.StyngrTrackProgressUpdateOrBuilder	protobuf	lunar.jar
com.lunarclient.gameipc.styngr.v1.StyngrTrackState	protobuf	lunar.jar
com.lunarclient.gameipc.styngr.v1.StyngrTrackStateOrBuilder	protobuf	lunar.jar
com.lunarclient.gameipc.styngr.v1.StyngrTrackUpdate	protobuf	lunar.jar
com.lunarclient.gameipc.styngr.v1.StyngrTrackUpdateOrBuilder	protobuf	lunar.jar
com.lunarclient.gameipc.styngr.v1.ToggleLikedRequest	protobuf	lunar.jar
com.lunarclient.gameipc.styngr.v1.ToggleLikedRequestOrBuilder	protobuf	lunar.jar
com.lunarclient.gameipc.styngr.v1.ToggleLikedResponse	protobuf	lunar.jar
com.lunarclient.gameipc.styngr.v1.ToggleLikedResponseOrBuilder	protobuf	lunar.jar
com.lunarclient.gameipc.tebex.v1.CheckTebexCapabilitiesRequest	protobuf	lunar.jar
com.lunarclient.gameipc.tebex.v1.CheckTebexCapabilitiesRequestOrBuilder	protobuf	lunar.jar
com.lunarclient.gameipc.tebex.v1.CheckTebexCapabilitiesResponse	protobuf	lunar.jar
com.lunarclient.gameipc.tebex.v1.CheckTebexCapabilitiesResponseOrBuilder	protobuf	lunar.jar
com.lunarclient.gameipc.tebex.v1.OpenTebexJsCheckoutRequest	protobuf	lunar.jar
com.lunarclient.gameipc.tebex.v1.OpenTebexJsCheckoutRequestOrBuilder	protobuf	lunar.jar
com.lunarclient.gameipc.tebex.v1.OpenTebexJsCheckoutResponse	protobuf	lunar.jar
com.lunarclient.gameipc.tebex.v1.OpenTebexJsCheckoutResponseOrBuilder	protobuf	lunar.jar
com.lunarclient.gameipc.tebex.v1.PushProto	protobuf	lunar.jar
com.lunarclient.gameipc.tebex.v1.ServiceProto	protobuf	lunar.jar
com.lunarclient.gameipc.tebex.v1.TebexJsCheckoutClosed	protobuf	lunar.jar
com.lunarclient.gameipc.tebex.v1.TebexJsCheckoutClosedOrBuilder	protobuf	lunar.jar
com.lunarclient.gameipc.tebex.v1.TebexService	protobuf	lunar.jar
com.lunarclient.garden.Garden	readable	lunar.jar
com.lunarclient.garden.GardenResponse	readable	lunar.jar
com.lunarclient.garden.commission.Commission	readable	lunar.jar
com.lunarclient.garden.commission.requirement.Requirement	readable	lunar.jar
com.lunarclient.garden.commission_data.CommissionData	readable	lunar.jar
com.lunarclient.garden.composter_data.ComposterData	readable	lunar.jar
com.lunarclient.garden.greenhouse_slot.GreenhouseSlot	readable	lunar.jar
com.lunarclient.generated.SkyblockProfileResponse	readable	lunar.jar
com.lunarclient.generated.skyblockprofileresponse.Profile	readable	lunar.jar
com.lunarclient.generated.skyblockprofileresponse.profile.Banking	readable	lunar.jar
com.lunarclient.generated.skyblockprofileresponse.profile.CommunityUpgrades	readable	lunar.jar
com.lunarclient.generated.skyblockprofileresponse.profile.Member	readable	lunar.jar
com.lunarclient.generated.skyblockprofileresponse.profile.banking.Transaction	readable	lunar.jar
com.lunarclient.generated.skyblockprofileresponse.profile.communityupgrades.CurrentlyUpgrading	readable	lunar.jar
com.lunarclient.generated.skyblockprofileresponse.profile.communityupgrades.UpgradeState	readable	lunar.jar
com.lunarclient.generated.skyblockprofileresponse.profile.member.AccessoryBagStorage	readable	lunar.jar
com.lunarclient.generated.skyblockprofileresponse.profile.member.Attributes	readable	lunar.jar
com.lunarclient.generated.skyblockprofileresponse.profile.member.Bestiary	readable	lunar.jar
com.lunarclient.generated.skyblockprofileresponse.profile.member.Currencies	readable	lunar.jar
com.lunarclient.generated.skyblockprofileresponse.profile.member.Dungeons	readable	lunar.jar
com.lunarclient.generated.skyblockprofileresponse.profile.member.Events	readable	lunar.jar
com.lunarclient.generated.skyblockprofileresponse.profile.member.Experimentation	readable	lunar.jar
com.lunarclient.generated.skyblockprofileresponse.profile.member.FairySoul	readable	lunar.jar
com.lunarclient.generated.skyblockprofileresponse.profile.member.Foraging	readable	lunar.jar
com.lunarclient.generated.skyblockprofileresponse.profile.member.ForagingCore	readable	lunar.jar
com.lunarclient.generated.skyblockprofileresponse.profile.member.Forge	readable	lunar.jar
com.lunarclient.generated.skyblockprofileresponse.profile.member.GardenPlayerData	readable	lunar.jar
com.lunarclient.generated.skyblockprofileresponse.profile.member.GlacitePlayerData	readable	lunar.jar
com.lunarclient.generated.skyblockprofileresponse.profile.member.Inventory	readable	lunar.jar
com.lunarclient.generated.skyblockprofileresponse.profile.member.ItemData	readable	lunar.jar
com.lunarclient.generated.skyblockprofileresponse.profile.member.JacobsContest	readable	lunar.jar
com.lunarclient.generated.skyblockprofileresponse.profile.member.Leveling	readable	lunar.jar
com.lunarclient.generated.skyblockprofileresponse.profile.member.MemberProfile	readable	lunar.jar
com.lunarclient.generated.skyblockprofileresponse.profile.member.MiningCore	readable	lunar.jar
com.lunarclient.generated.skyblockprofileresponse.profile.member.NetherIslandPlayerData	readable	lunar.jar
com.lunarclient.generated.skyblockprofileresponse.profile.member.Objective	readable	lunar.jar
com.lunarclient.generated.skyblockprofileresponse.profile.member.PetsData	readable	lunar.jar
com.lunarclient.generated.skyblockprofileresponse.profile.member.PlayerData	readable	lunar.jar
com.lunarclient.generated.skyblockprofileresponse.profile.member.PlayerStats	readable	lunar.jar
com.lunarclient.generated.skyblockprofileresponse.profile.member.Quests	readable	lunar.jar
com.lunarclient.generated.skyblockprofileresponse.profile.member.Rift	readable	lunar.jar
com.lunarclient.generated.skyblockprofileresponse.profile.member.Shards	readable	lunar.jar
com.lunarclient.generated.skyblockprofileresponse.profile.member.SharedInventory	readable	lunar.jar
com.lunarclient.generated.skyblockprofileresponse.profile.member.SkillTree	readable	lunar.jar
com.lunarclient.generated.skyblockprofileresponse.profile.member.Slayer	readable	lunar.jar
com.lunarclient.generated.skyblockprofileresponse.profile.member.Temples	readable	lunar.jar
com.lunarclient.generated.skyblockprofileresponse.profile.member.TrophyFish	readable	lunar.jar
com.lunarclient.generated.skyblockprofileresponse.profile.member.WinterPlayerData	readable	lunar.jar
com.lunarclient.generated.skyblockprofileresponse.profile.member.accessorybagstorage.Tuning	readable	lunar.jar
com.lunarclient.generated.skyblockprofileresponse.profile.member.accessorybagstorage.tuning.Slot0	readable	lunar.jar
com.lunarclient.generated.skyblockprofileresponse.profile.member.accessorybagstorage.tuning.Slot1	readable	lunar.jar
com.lunarclient.generated.skyblockprofileresponse.profile.member.accessorybagstorage.tuning.Slot2	readable	lunar.jar
com.lunarclient.generated.skyblockprofileresponse.profile.member.accessorybagstorage.tuning.Slot3	readable	lunar.jar
com.lunarclient.generated.skyblockprofileresponse.profile.member.accessorybagstorage.tuning.Slot4	readable	lunar.jar
com.lunarclient.generated.skyblockprofileresponse.profile.member.attributes.Stacks	readable	lunar.jar
com.lunarclient.generated.skyblockprofileresponse.profile.member.bestiary.Milestone	readable	lunar.jar
com.lunarclient.generated.skyblockprofileresponse.profile.member.bestiary.Miscellaneous	readable	lunar.jar
com.lunarclient.generated.skyblockprofileresponse.profile.member.currencies.Essence	readable	lunar.jar
com.lunarclient.generated.skyblockprofileresponse.profile.member.currencies.essence.Crimson	readable	lunar.jar
com.lunarclient.generated.skyblockprofileresponse.profile.member.currencies.essence.Diamond	readable	lunar.jar
com.lunarclient.generated.skyblockprofileresponse.profile.member.currencies.essence.Dragon	readable	lunar.jar
com.lunarclient.generated.skyblockprofileresponse.profile.member.currencies.essence.Gold	readable	lunar.jar
com.lunarclient.generated.skyblockprofileresponse.profile.member.currencies.essence.Ice	readable	lunar.jar
com.lunarclient.generated.skyblockprofileresponse.profile.member.currencies.essence.Spider	readable	lunar.jar
com.lunarclient.generated.skyblockprofileresponse.profile.member.currencies.essence.Undead	readable	lunar.jar
com.lunarclient.generated.skyblockprofileresponse.profile.member.currencies.essence.Wither	readable	lunar.jar
com.lunarclient.generated.skyblockprofileresponse.profile.member.dungeons.DailyRuns	readable	lunar.jar
com.lunarclient.generated.skyblockprofileresponse.profile.member.dungeons.DungeonHubRaceSettings	readable	lunar.jar
com.lunarclient.generated.skyblockprofileresponse.profile.member.dungeons.DungeonJournal	readable	lunar.jar
com.lunarclient.generated.skyblockprofileresponse.profile.member.dungeons.DungeonTypes	readable	lunar.jar
com.lunarclient.generated.skyblockprofileresponse.profile.member.dungeons.PlayerClasses	readable	lunar.jar
com.lunarclient.generated.skyblockprofileresponse.profile.member.dungeons.Treasures	readable	lunar.jar
com.lunarclient.generated.skyblockprofileresponse.profile.member.dungeons.dungeonjournal.JournalEntries	readable	lunar.jar
com.lunarclient.generated.skyblockprofileresponse.profile.member.dungeons.dungeontypes.Catacombs	readable	lunar.jar
com.lunarclient.generated.skyblockprofileresponse.profile.member.dungeons.dungeontypes.catacombs.BestRuns	readable	lunar.jar
com.lunarclient.generated.skyblockprofileresponse.profile.member.dungeons.dungeontypes.catacombs.FloorStatNumber	readable	lunar.jar
com.lunarclient.generated.skyblockprofileresponse.profile.member.dungeons.dungeontypes.catacombs.bestruns.RunInfo	readable	lunar.jar
com.lunarclient.generated.skyblockprofileresponse.profile.member.dungeons.playerclasses.PlayerClassInfo	readable	lunar.jar
com.lunarclient.generated.skyblockprofileresponse.profile.member.dungeons.treasures.Chest	readable	lunar.jar
com.lunarclient.generated.skyblockprofileresponse.profile.member.dungeons.treasures.Run	readable	lunar.jar
com.lunarclient.generated.skyblockprofileresponse.profile.member.dungeons.treasures.chest.Rewards	readable	lunar.jar
com.lunarclient.generated.skyblockprofileresponse.profile.member.dungeons.treasures.run.Participant	readable	lunar.jar
com.lunarclient.generated.skyblockprofileresponse.profile.member.events.Easter	readable	lunar.jar
com.lunarclient.generated.skyblockprofileresponse.profile.member.events.easter.Employees	readable	lunar.jar
com.lunarclient.generated.skyblockprofileresponse.profile.member.events.easter.RabbitHitmen	readable	lunar.jar
com.lunarclient.generated.skyblockprofileresponse.profile.member.events.easter.Rabbits	readable	lunar.jar
com.lunarclient.generated.skyblockprofileresponse.profile.member.events.easter.Shop	readable	lunar.jar
com.lunarclient.generated.skyblockprofileresponse.profile.member.events.easter.TimeTower	readable	lunar.jar
com.lunarclient.generated.skyblockprofileresponse.profile.member.events.easter.rabbits.CollectedEggs	readable	lunar.jar
com.lunarclient.generated.skyblockprofileresponse.profile.member.events.easter.rabbits.CollectedLocations	readable	lunar.jar
com.lunarclient.generated.skyblockprofileresponse.profile.member.experimentation.Numbers	readable	lunar.jar
com.lunarclient.generated.skyblockprofileresponse.profile.member.experimentation.Pairings	readable	lunar.jar
com.lunarclient.generated.skyblockprofileresponse.profile.member.experimentation.Simon	readable	lunar.jar
com.lunarclient.generated.skyblockprofileresponse.profile.member.foraging.Hina	readable	lunar.jar
com.lunarclient.generated.skyblockprofileresponse.profile.member.foraging.HuntingToolkit	readable	lunar.jar
com.lunarclient.generated.skyblockprofileresponse.profile.member.foraging.Songs	readable	lunar.jar
com.lunarclient.generated.skyblockprofileresponse.profile.member.foraging.Starlyn	readable	lunar.jar
com.lunarclient.generated.skyblockprofileresponse.profile.member.foraging.TreeGifts	readable	lunar.jar
com.lunarclient.generated.skyblockprofileresponse.profile.member.foraging.hina.Tasks	readable	lunar.jar
com.lunarclient.generated.skyblockprofileresponse.profile.member.foraging.hina.tasks.TaskProgress	readable	lunar.jar
com.lunarclient.generated.skyblockprofileresponse.profile.member.foraging.huntingtoolkit.FishingNet	readable	lunar.jar
com.lunarclient.generated.skyblockprofileresponse.profile.member.foraging.huntingtoolkit.HuntingScythe	readable	lunar.jar
com.lunarclient.generated.skyblockprofileresponse.profile.member.foraging.huntingtoolkit.InUse	readable	lunar.jar
com.lunarclient.generated.skyblockprofileresponse.profile.member.foraging.huntingtoolkit.Lasso	readable	lunar.jar
com.lunarclient.generated.skyblockprofileresponse.profile.member.foraging.huntingtoolkit.PocketBlackHole	readable	lunar.jar
com.lunarclient.generated.skyblockprofileresponse.profile.member.foraging.huntingtoolkit.ToolKit	readable	lunar.jar
com.lunarclient.generated.skyblockprofileresponse.profile.member.foraging.huntingtoolkit.Trap	readable	lunar.jar
com.lunarclient.generated.skyblockprofileresponse.profile.member.foraging.huntingtoolkit.inuse.FishingNet	readable	lunar.jar
com.lunarclient.generated.skyblockprofileresponse.profile.member.foraging.huntingtoolkit.inuse.HuntingScythe	readable	lunar.jar
com.lunarclient.generated.skyblockprofileresponse.profile.member.foraging.huntingtoolkit.inuse.Lasso	readable	lunar.jar
com.lunarclient.generated.skyblockprofileresponse.profile.member.foraging.huntingtoolkit.inuse.PocketBlackHole	readable	lunar.jar
com.lunarclient.generated.skyblockprofileresponse.profile.member.foraging.huntingtoolkit.inuse.Trap	readable	lunar.jar
com.lunarclient.generated.skyblockprofileresponse.profile.member.foraging.songs.Harp	readable	lunar.jar
com.lunarclient.generated.skyblockprofileresponse.profile.member.foraging.starlyn.PersonalBests	readable	lunar.jar
com.lunarclient.generated.skyblockprofileresponse.profile.member.foraging.treegifts.MilestoneTierClaimed	readable	lunar.jar
com.lunarclient.generated.skyblockprofileresponse.profile.member.forge.ForgeProcesses	readable	lunar.jar
com.lunarclient.generated.skyblockprofileresponse.profile.member.forge.forgeprocesses.ForgeProcess	readable	lunar.jar
com.lunarclient.generated.skyblockprofileresponse.profile.member.forge.forgeprocesses.forgeprocess.ForgeProcessInfo	readable	lunar.jar
com.lunarclient.generated.skyblockprofileresponse.profile.member.forge.forgeprocesses.forgeprocess.forgeprocessinfo.OldItem	readable	lunar.jar
com.lunarclient.generated.skyblockprofileresponse.profile.member.gardenplayerdata.FarmingToolkit	readable	lunar.jar
com.lunarclient.generated.skyblockprofileresponse.profile.member.gardenplayerdata.farmingtoolkit.Cactu	readable	lunar.jar
com.lunarclient.generated.skyblockprofileresponse.profile.member.gardenplayerdata.farmingtoolkit.Carrot	readable	lunar.jar
com.lunarclient.generated.skyblockprofileresponse.profile.member.gardenplayerdata.farmingtoolkit.CocoaBean	readable	lunar.jar
com.lunarclient.generated.skyblockprofileresponse.profile.member.gardenplayerdata.farmingtoolkit.InUse	readable	lunar.jar
com.lunarclient.generated.skyblockprofileresponse.profile.member.gardenplayerdata.farmingtoolkit.Melon	readable	lunar.jar
com.lunarclient.generated.skyblockprofileresponse.profile.member.gardenplayerdata.farmingtoolkit.Mushroom	readable	lunar.jar
com.lunarclient.generated.skyblockprofileresponse.profile.member.gardenplayerdata.farmingtoolkit.NetherStalk	readable	lunar.jar
com.lunarclient.generated.skyblockprofileresponse.profile.member.gardenplayerdata.farmingtoolkit.Potato	readable	lunar.jar
com.lunarclient.generated.skyblockprofileresponse.profile.member.gardenplayerdata.farmingtoolkit.Pumpkin	readable	lunar.jar
com.lunarclient.generated.skyblockprofileresponse.profile.member.gardenplayerdata.farmingtoolkit.SugarCane	readable	lunar.jar
com.lunarclient.generated.skyblockprofileresponse.profile.member.gardenplayerdata.farmingtoolkit.Sunflower	readable	lunar.jar
com.lunarclient.generated.skyblockprofileresponse.profile.member.gardenplayerdata.farmingtoolkit.Wheat	readable	lunar.jar
com.lunarclient.generated.skyblockprofileresponse.profile.member.gardenplayerdata.farmingtoolkit.WildRose	readable	lunar.jar
com.lunarclient.generated.skyblockprofileresponse.profile.member.gardenplayerdata.farmingtoolkit.inuse.Cactus	readable	lunar.jar
com.lunarclient.generated.skyblockprofileresponse.profile.member.gardenplayerdata.farmingtoolkit.inuse.Carrot	readable	lunar.jar
com.lunarclient.generated.skyblockprofileresponse.profile.member.gardenplayerdata.farmingtoolkit.inuse.CocoaBeans	readable	lunar.jar
com.lunarclient.generated.skyblockprofileresponse.profile.member.gardenplayerdata.farmingtoolkit.inuse.Melon	readable	lunar.jar
com.lunarclient.generated.skyblockprofileresponse.profile.member.gardenplayerdata.farmingtoolkit.inuse.Mushroom	readable	lunar.jar
com.lunarclient.generated.skyblockprofileresponse.profile.member.gardenplayerdata.farmingtoolkit.inuse.NetherStalk	readable	lunar.jar
com.lunarclient.generated.skyblockprofileresponse.profile.member.gardenplayerdata.farmingtoolkit.inuse.Potato	readable	lunar.jar
com.lunarclient.generated.skyblockprofileresponse.profile.member.gardenplayerdata.farmingtoolkit.inuse.Pumpkin	readable	lunar.jar
com.lunarclient.generated.skyblockprofileresponse.profile.member.gardenplayerdata.farmingtoolkit.inuse.SugarCane	readable	lunar.jar
com.lunarclient.generated.skyblockprofileresponse.profile.member.gardenplayerdata.farmingtoolkit.inuse.Sunflower	readable	lunar.jar
com.lunarclient.generated.skyblockprofileresponse.profile.member.gardenplayerdata.farmingtoolkit.inuse.Wheat	readable	lunar.jar
com.lunarclient.generated.skyblockprofileresponse.profile.member.gardenplayerdata.farmingtoolkit.inuse.WildRose	readable	lunar.jar
com.lunarclient.generated.skyblockprofileresponse.profile.member.glaciteplayerdata.CorpsesLooted	readable	lunar.jar
com.lunarclient.generated.skyblockprofileresponse.profile.member.inventory.BackpackContent	readable	lunar.jar
com.lunarclient.generated.skyblockprofileresponse.profile.member.inventory.BackpackIcon	readable	lunar.jar
com.lunarclient.generated.skyblockprofileresponse.profile.member.inventory.BagContents	readable	lunar.jar
com.lunarclient.generated.skyblockprofileresponse.profile.member.inventory.EnderChestContents	readable	lunar.jar
com.lunarclient.generated.skyblockprofileresponse.profile.member.inventory.EquipmentContents	readable	lunar.jar
com.lunarclient.generated.skyblockprofileresponse.profile.member.inventory.InvArmor	readable	lunar.jar
com.lunarclient.generated.skyblockprofileresponse.profile.member.inventory.InvContents	readable	lunar.jar
com.lunarclient.generated.skyblockprofileresponse.profile.member.inventory.PersonalVaultContents	readable	lunar.jar
com.lunarclient.generated.skyblockprofileresponse.profile.member.inventory.WardrobeContents	readable	lunar.jar
com.lunarclient.generated.skyblockprofileresponse.profile.member.inventory.bagcontents.FishingBag	readable	lunar.jar
com.lunarclient.generated.skyblockprofileresponse.profile.member.inventory.bagcontents.PotionBag	readable	lunar.jar
com.lunarclient.generated.skyblockprofileresponse.profile.member.inventory.bagcontents.Quiver	readable	lunar.jar
com.lunarclient.generated.skyblockprofileresponse.profile.member.inventory.bagcontents.SacksBag	readable	lunar.jar
com.lunarclient.generated.skyblockprofileresponse.profile.member.inventory.bagcontents.TalismanBag	readable	lunar.jar
com.lunarclient.generated.skyblockprofileresponse.profile.member.jacobscontest.Contest	readable	lunar.jar
com.lunarclient.generated.skyblockprofileresponse.profile.member.jacobscontest.MedalsInv	readable	lunar.jar
com.lunarclient.generated.skyblockprofileresponse.profile.member.jacobscontest.Perks	readable	lunar.jar
com.lunarclient.generated.skyblockprofileresponse.profile.member.jacobscontest.PersonalBests	readable	lunar.jar
com.lunarclient.generated.skyblockprofileresponse.profile.member.jacobscontest.UniqueBrackets	readable	lunar.jar
com.lunarclient.generated.skyblockprofileresponse.profile.member.leveling.Completions	readable	lunar.jar
com.lunarclient.generated.skyblockprofileresponse.profile.member.memberprofile.CoopInvitation	readable	lunar.jar
com.lunarclient.generated.skyblockprofileresponse.profile.member.memberprofile.DeletionNotice	readable	lunar.jar
com.lunarclient.generated.skyblockprofileresponse.profile.member.miningcore.Biomes	readable	lunar.jar
com.lunarclient.generated.skyblockprofileresponse.profile.member.miningcore.Crystals	readable	lunar.jar
com.lunarclient.generated.skyblockprofileresponse.profile.member.miningcore.Nodes	readable	lunar.jar
com.lunarclient.generated.skyblockprofileresponse.profile.member.miningcore.biomes.Dwarven	readable	lunar.jar
com.lunarclient.generated.skyblockprofileresponse.profile.member.miningcore.biomes.Goblin	readable	lunar.jar
com.lunarclient.generated.skyblockprofileresponse.profile.member.miningcore.biomes.Jungle	readable	lunar.jar
com.lunarclient.generated.skyblockprofileresponse.profile.member.miningcore.biomes.Precursor	readable	lunar.jar
com.lunarclient.generated.skyblockprofileresponse.profile.member.miningcore.crystals.CrystalData	readable	lunar.jar
com.lunarclient.generated.skyblockprofileresponse.profile.member.netherislandplayerdata.Abiphone	readable	lunar.jar
com.lunarclient.generated.skyblockprofileresponse.profile.member.netherislandplayerdata.Dojo	readable	lunar.jar
com.lunarclient.generated.skyblockprofileresponse.profile.member.netherislandplayerdata.KuudraCompletedTiers	readable	lunar.jar
com.lunarclient.generated.skyblockprofileresponse.profile.member.netherislandplayerdata.KuudraPartyFinder	readable	lunar.jar
com.lunarclient.generated.skyblockprofileresponse.profile.member.netherislandplayerdata.Matriarch	readable	lunar.jar
com.lunarclient.generated.skyblockprofileresponse.profile.member.netherislandplayerdata.NpcPath	readable	lunar.jar
com.lunarclient.generated.skyblockprofileresponse.profile.member.netherislandplayerdata.Quests	readable	lunar.jar
com.lunarclient.generated.skyblockprofileresponse.profile.member.netherislandplayerdata.abiphone.ContactData	readable	lunar.jar
com.lunarclient.generated.skyblockprofileresponse.profile.member.netherislandplayerdata.abiphone.Games	readable	lunar.jar
com.lunarclient.generated.skyblockprofileresponse.profile.member.netherislandplayerdata.abiphone.OperatorChip	readable	lunar.jar
com.lunarclient.generated.skyblockprofileresponse.profile.member.netherislandplayerdata.abiphone.contactdata.Specific	readable	lunar.jar
com.lunarclient.generated.skyblockprofileresponse.profile.member.netherislandplayerdata.kuudrapartyfinder.GroupBuilder	readable	lunar.jar
com.lunarclient.generated.skyblockprofileresponse.profile.member.netherislandplayerdata.kuudrapartyfinder.SearchSettings	readable	lunar.jar
com.lunarclient.generated.skyblockprofileresponse.profile.member.netherislandplayerdata.quests.AlchemistQuest	readable	lunar.jar
com.lunarclient.generated.skyblockprofileresponse.profile.member.netherislandplayerdata.quests.AranyaQuest	readable	lunar.jar
com.lunarclient.generated.skyblockprofileresponse.profile.member.netherislandplayerdata.quests.ChickenQuest	readable	lunar.jar
com.lunarclient.generated.skyblockprofileresponse.profile.member.netherislandplayerdata.quests.DuelTrainingQuest	readable	lunar.jar
com.lunarclient.generated.skyblockprofileresponse.profile.member.netherislandplayerdata.quests.EdelisQuest	readable	lunar.jar
com.lunarclient.generated.skyblockprofileresponse.profile.member.netherislandplayerdata.quests.KuudaBossDaily	readable	lunar.jar
com.lunarclient.generated.skyblockprofileresponse.profile.member.netherislandplayerdata.quests.MinibossDaily	readable	lunar.jar
com.lunarclient.generated.skyblockprofileresponse.profile.member.netherislandplayerdata.quests.MinibossData	readable	lunar.jar
com.lunarclient.generated.skyblockprofileresponse.profile.member.netherislandplayerdata.quests.MollimQuest	readable	lunar.jar
com.lunarclient.generated.skyblockprofileresponse.profile.member.netherislandplayerdata.quests.PabloQuest	readable	lunar.jar
com.lunarclient.generated.skyblockprofileresponse.profile.member.netherislandplayerdata.quests.PomtairQuest	readable	lunar.jar
com.lunarclient.generated.skyblockprofileresponse.profile.member.netherislandplayerdata.quests.QuestData	readable	lunar.jar
com.lunarclient.generated.skyblockprofileresponse.profile.member.netherislandplayerdata.quests.QuestRewards	readable	lunar.jar
com.lunarclient.generated.skyblockprofileresponse.profile.member.netherislandplayerdata.quests.Rulenor	readable	lunar.jar
com.lunarclient.generated.skyblockprofileresponse.profile.member.netherislandplayerdata.quests.SirihQuest	readable	lunar.jar
com.lunarclient.generated.skyblockprofileresponse.profile.member.netherislandplayerdata.quests.SuusQuest	readable	lunar.jar
com.lunarclient.generated.skyblockprofileresponse.profile.member.netherislandplayerdata.quests.questdata.QuestInfo	readable	lunar.jar
com.lunarclient.generated.skyblockprofileresponse.profile.member.petsdata.Autopet	readable	lunar.jar
com.lunarclient.generated.skyblockprofileresponse.profile.member.petsdata.Pet	readable	lunar.jar
com.lunarclient.generated.skyblockprofileresponse.profile.member.petsdata.PetCare	readable	lunar.jar
com.lunarclient.generated.skyblockprofileresponse.profile.member.petsdata.autopet.Rule	readable	lunar.jar
com.lunarclient.generated.skyblockprofileresponse.profile.member.petsdata.autopet.rule.Data	readable	lunar.jar
com.lunarclient.generated.skyblockprofileresponse.profile.member.petsdata.autopet.rule.Exception	readable	lunar.jar
com.lunarclient.generated.skyblockprofileresponse.profile.member.petsdata.autopet.rule.exception.Data	readable	lunar.jar
com.lunarclient.generated.skyblockprofileresponse.profile.member.petsdata.pet.Extra	readable	lunar.jar
com.lunarclient.generated.skyblockprofileresponse.profile.member.playerdata.ActiveEffect	readable	lunar.jar
com.lunarclient.generated.skyblockprofileresponse.profile.member.playerdata.Experience	readable	lunar.jar
com.lunarclient.generated.skyblockprofileresponse.profile.member.playerdata.GardenChips	readable	lunar.jar
com.lunarclient.generated.skyblockprofileresponse.profile.member.playerdata.PausedEffect	readable	lunar.jar
com.lunarclient.generated.skyblockprofileresponse.profile.member.playerdata.Perks	readable	lunar.jar
com.lunarclient.generated.skyblockprofileresponse.profile.member.playerdata.TempStatBuff	readable	lunar.jar
com.lunarclient.generated.skyblockprofileresponse.profile.member.playerdata.activeeffect.Modifier	readable	lunar.jar
com.lunarclient.generated.skyblockprofileresponse.profile.member.playerdata.pausedeffect.Modifier	readable	lunar.jar
com.lunarclient.generated.skyblockprofileresponse.profile.member.playerstats.Auctions	readable	lunar.jar
com.lunarclient.generated.skyblockprofileresponse.profile.member.playerstats.EndIsland	readable	lunar.jar
com.lunarclient.generated.skyblockprofileresponse.profile.member.playerstats.Gifts	readable	lunar.jar
com.lunarclient.generated.skyblockprofileresponse.profile.member.playerstats.ItemsFished	readable	lunar.jar
com.lunarclient.generated.skyblockprofileresponse.profile.member.playerstats.Mythos	readable	lunar.jar
com.lunarclient.generated.skyblockprofileresponse.profile.member.playerstats.Pets	readable	lunar.jar
com.lunarclient.generated.skyblockprofileresponse.profile.member.playerstats.Races	readable	lunar.jar
com.lunarclient.generated.skyblockprofileresponse.profile.member.playerstats.Rift	readable	lunar.jar
com.lunarclient.generated.skyblockprofileresponse.profile.member.playerstats.ShredderRod	readable	lunar.jar
com.lunarclient.generated.skyblockprofileresponse.profile.member.playerstats.Spooky	readable	lunar.jar
com.lunarclient.generated.skyblockprofileresponse.profile.member.playerstats.Winter	readable	lunar.jar
com.lunarclient.generated.skyblockprofileresponse.profile.member.playerstats.auctions.AuctionStats	readable	lunar.jar
com.lunarclient.generated.skyblockprofileresponse.profile.member.playerstats.endisland.DragonFight	readable	lunar.jar
com.lunarclient.generated.skyblockprofileresponse.profile.member.playerstats.endisland.dragonfight.DragonFightStats	readable	lunar.jar
com.lunarclient.generated.skyblockprofileresponse.profile.member.playerstats.endisland.dragonfight.MostDamage	readable	lunar.jar
com.lunarclient.generated.skyblockprofileresponse.profile.member.playerstats.mythos.BurrowStats	readable	lunar.jar
com.lunarclient.generated.skyblockprofileresponse.profile.member.playerstats.pets.Milestone	readable	lunar.jar
com.lunarclient.generated.skyblockprofileresponse.profile.member.playerstats.races.DungeonHub	readable	lunar.jar
com.lunarclient.generated.skyblockprofileresponse.profile.member.playerstats.rift.ShenItemBought	readable	lunar.jar
com.lunarclient.generated.skyblockprofileresponse.profile.member.playerstats.rift.WestVerminVacuumed	readable	lunar.jar
com.lunarclient.generated.skyblockprofileresponse.profile.member.quests.HarpQuest	readable	lunar.jar
com.lunarclient.generated.skyblockprofileresponse.profile.member.quests.TrapperQuest	readable	lunar.jar
com.lunarclient.generated.skyblockprofileresponse.profile.member.rift.Access	readable	lunar.jar
com.lunarclient.generated.skyblockprofileresponse.profile.member.rift.BlackLagoon	readable	lunar.jar
com.lunarclient.generated.skyblockprofileresponse.profile.member.rift.Castle	readable	lunar.jar
com.lunarclient.generated.skyblockprofileresponse.profile.member.rift.DeadCats	readable	lunar.jar
com.lunarclient.generated.skyblockprofileresponse.profile.member.rift.Dreadfarm	readable	lunar.jar
com.lunarclient.generated.skyblockprofileresponse.profile.member.rift.Enigma	readable	lunar.jar
com.lunarclient.generated.skyblockprofileresponse.profile.member.rift.Gallery	readable	lunar.jar
com.lunarclient.generated.skyblockprofileresponse.profile.member.rift.Inventory	readable	lunar.jar
com.lunarclient.generated.skyblockprofileresponse.profile.member.rift.SlayerQuest	readable	lunar.jar
com.lunarclient.generated.skyblockprofileresponse.profile.member.rift.VillagePlaza	readable	lunar.jar
com.lunarclient.generated.skyblockprofileresponse.profile.member.rift.WestVillage	readable	lunar.jar
com.lunarclient.generated.skyblockprofileresponse.profile.member.rift.WitherCage	readable	lunar.jar
com.lunarclient.generated.skyblockprofileresponse.profile.member.rift.WizardTower	readable	lunar.jar
com.lunarclient.generated.skyblockprofileresponse.profile.member.rift.WyldWoods	readable	lunar.jar
com.lunarclient.generated.skyblockprofileresponse.profile.member.rift.access.Pass	readable	lunar.jar
com.lunarclient.generated.skyblockprofileresponse.profile.member.rift.deadcats.Montezuma	readable	lunar.jar
com.lunarclient.generated.skyblockprofileresponse.profile.member.rift.deadcats.montezuma.Extra	readable	lunar.jar
com.lunarclient.generated.skyblockprofileresponse.profile.member.rift.gallery.SecuredTrophie	readable	lunar.jar
com.lunarclient.generated.skyblockprofileresponse.profile.member.rift.inventory.EnderChestContents	readable	lunar.jar
com.lunarclient.generated.skyblockprofileresponse.profile.member.rift.inventory.EquipmentContents	readable	lunar.jar
com.lunarclient.generated.skyblockprofileresponse.profile.member.rift.inventory.InvArmor	readable	lunar.jar
com.lunarclient.generated.skyblockprofileresponse.profile.member.rift.inventory.InvContents	readable	lunar.jar
com.lunarclient.generated.skyblockprofileresponse.profile.member.rift.slayerquest.RecentMobKill	readable	lunar.jar
com.lunarclient.generated.skyblockprofileresponse.profile.member.rift.villageplaza.BarryCenter	readable	lunar.jar
com.lunarclient.generated.skyblockprofileresponse.profile.member.rift.villageplaza.BarterBank	readable	lunar.jar
com.lunarclient.generated.skyblockprofileresponse.profile.member.rift.villageplaza.Cowboy	readable	lunar.jar
com.lunarclient.generated.skyblockprofileresponse.profile.member.rift.villageplaza.Lonely	readable	lunar.jar
com.lunarclient.generated.skyblockprofileresponse.profile.member.rift.villageplaza.Murder	readable	lunar.jar
com.lunarclient.generated.skyblockprofileresponse.profile.member.rift.villageplaza.Seraphine	readable	lunar.jar
com.lunarclient.generated.skyblockprofileresponse.profile.member.rift.villageplaza.murder.MurderSnapshot	readable	lunar.jar
com.lunarclient.generated.skyblockprofileresponse.profile.member.rift.villageplaza.murder.murdersnapshot.Armor	readable	lunar.jar
com.lunarclient.generated.skyblockprofileresponse.profile.member.rift.villageplaza.murder.murdersnapshot.Pet	readable	lunar.jar
com.lunarclient.generated.skyblockprofileresponse.profile.member.rift.westvillage.CrazyKloon	readable	lunar.jar
com.lunarclient.generated.skyblockprofileresponse.profile.member.rift.westvillage.Glyphs	readable	lunar.jar
com.lunarclient.generated.skyblockprofileresponse.profile.member.rift.westvillage.KatHouse	readable	lunar.jar
com.lunarclient.generated.skyblockprofileresponse.profile.member.rift.westvillage.Mirrorverse	readable	lunar.jar
com.lunarclient.generated.skyblockprofileresponse.profile.member.rift.westvillage.crazykloon.SelectedColors	readable	lunar.jar
com.lunarclient.generated.skyblockprofileresponse.profile.member.shards.Owned	readable	lunar.jar
com.lunarclient.generated.skyblockprofileresponse.profile.member.shards.Traps	readable	lunar.jar
com.lunarclient.generated.skyblockprofileresponse.profile.member.shards.traps.ActiveTrap	readable	lunar.jar
com.lunarclient.generated.skyblockprofileresponse.profile.member.sharedinventory.CandyInventoryContents	readable	lunar.jar
com.lunarclient.generated.skyblockprofileresponse.profile.member.sharedinventory.CarnivalMaskInventoryContents	readable	lunar.jar
com.lunarclient.generated.skyblockprofileresponse.profile.member.skilltree.Experience	readable	lunar.jar
com.lunarclient.generated.skyblockprofileresponse.profile.member.skilltree.LastReset	readable	lunar.jar
com.lunarclient.generated.skyblockprofileresponse.profile.member.skilltree.Nodes	readable	lunar.jar
com.lunarclient.generated.skyblockprofileresponse.profile.member.skilltree.SelectedAbility	readable	lunar.jar
com.lunarclient.generated.skyblockprofileresponse.profile.member.skilltree.TokensSpent	readable	lunar.jar
com.lunarclient.generated.skyblockprofileresponse.profile.member.skilltree.nodes.Foraging	readable	lunar.jar
com.lunarclient.generated.skyblockprofileresponse.profile.member.skilltree.nodes.Mining	readable	lunar.jar
com.lunarclient.generated.skyblockprofileresponse.profile.member.slayer.SlayerBosses	readable	lunar.jar
com.lunarclient.generated.skyblockprofileresponse.profile.member.slayer.SlayerQuest	readable	lunar.jar
com.lunarclient.generated.skyblockprofileresponse.profile.member.slayer.slayerbosses.SlayerStats	readable	lunar.jar
com.lunarclient.generated.skyblockprofileresponse.profile.member.slayer.slayerbosses.slayerstats.ClaimedLevels	readable	lunar.jar
com.lunarclient.generated.skyblockprofileresponse.profile.member.slayer.slayerquest.RecentMobKill	readable	lunar.jar
com.lunarclient.items.ItemsResponse	readable	lunar.jar
com.lunarclient.items.item.Item	readable	lunar.jar
com.lunarclient.items.item.catacombs_requirements.CatacombsRequirement	readable	lunar.jar
com.lunarclient.items.item.dungeon_item_conversion_cost.DungeonItemConversionCost	readable	lunar.jar
com.lunarclient.items.item.gemstone_slots.GemstoneSlot	readable	lunar.jar
com.lunarclient.items.item.gemstone_slots.costs.GemstoneSlotCost	readable	lunar.jar
com.lunarclient.items.item.museum_data.MuseumData	readable	lunar.jar
com.lunarclient.items.item.prestige.Prestige	readable	lunar.jar
com.lunarclient.items.item.recipes.Recipe	readable	lunar.jar
com.lunarclient.items.item.recipes.output.Output	readable	lunar.jar
com.lunarclient.items.item.requirements.Requirement	readable	lunar.jar
com.lunarclient.items.item.salvages.Salvage	readable	lunar.jar
com.lunarclient.items.item.skin.Skin	readable	lunar.jar
com.lunarclient.items.item.upgrade_costs.UpgradeCost	readable	lunar.jar
com.lunarclient.minecraft.MinecraftUUID	readable	lunar.jar
com.lunarclient.minecraft.MinecraftUsername	readable	lunar.jar
com.lunarclient.minecraft.hypixel.HypixelPlayerUtil	readable	lunar.jar
com.lunarclient.minecraft.hypixel.skyblock.SkyBlockElectionUtil	readable	lunar.jar
com.lunarclient.minecraft.hypixel.skyblock.SkyBlockGardenUtil	readable	lunar.jar
com.lunarclient.minecraft.hypixel.skyblock.SkyBlockItemsUtil	readable	lunar.jar
com.lunarclient.minecraft.hypixel.skyblock.SkyBlockProfileUtil	readable	lunar.jar
com.lunarclient.minecraft.hypixel.skyblock.SkyBlockProfilesUtil	readable	lunar.jar
com.lunarclient.player.Player	readable	lunar.jar
com.lunarclient.player.PlayerResponse	readable	lunar.jar
com.lunarclient.player.achievementTotem.AchievementTotem	readable	lunar.jar
com.lunarclient.player.compassStats.CompassStats	readable	lunar.jar
com.lunarclient.player.cooldowns.Cooldowns	readable	lunar.jar
com.lunarclient.player.cooldowns.fun.Fun	readable	lunar.jar
com.lunarclient.player.eugene.Eugene	readable	lunar.jar
com.lunarclient.player.fireworkStorage.FireworkStorage	readable	lunar.jar
com.lunarclient.player.giftingMeta.GiftingMeta	readable	lunar.jar
com.lunarclient.player.leveling.Leveling	readable	lunar.jar
com.lunarclient.player.parkourCheckpointBests.ParkourCheckpointBests	readable	lunar.jar
com.lunarclient.player.parkourCompletions.ParkourCompletions	readable	lunar.jar
com.lunarclient.player.parkourCompletions.ParkourTime	readable	lunar.jar
com.lunarclient.player.petConsumables.PetConsumables	readable	lunar.jar
com.lunarclient.player.petStats.Pet	readable	lunar.jar
com.lunarclient.player.petStats.PetValue	readable	lunar.jar
com.lunarclient.player.questSettings.QuestSettings	readable	lunar.jar
com.lunarclient.player.skyblock_extra.SkyBlockExtra	readable	lunar.jar
com.lunarclient.player.socialMedia.SocialMedia	readable	lunar.jar
com.lunarclient.player.stats.Stats	readable	lunar.jar
com.lunarclient.player.vanityMeta.VanityMeta	readable	lunar.jar
com.lunarclient.profiles.MaskedProfileResponse	readable	lunar.jar
com.lunarclient.typeadapters.BooleanAdapter	readable	lunar.jar
com.lunarclient.typeadapters.IntegerAdapter	readable	lunar.jar
com.lunarclient.websocket.analytics.v1.AnalyticsService	protobuf	lunar.jar
com.lunarclient.websocket.analytics.v1.CommonProto	protobuf	lunar.jar
com.lunarclient.websocket.analytics.v1.CounterUpdate	protobuf	lunar.jar
com.lunarclient.websocket.analytics.v1.CounterUpdateOrBuilder	protobuf	lunar.jar
com.lunarclient.websocket.analytics.v1.RecordCountersRequest	protobuf	lunar.jar
com.lunarclient.websocket.analytics.v1.RecordCountersRequestOrBuilder	protobuf	lunar.jar
com.lunarclient.websocket.analytics.v1.RecordCountersResponse	protobuf	lunar.jar
com.lunarclient.websocket.analytics.v1.RecordCountersResponseOrBuilder	protobuf	lunar.jar
com.lunarclient.websocket.analytics.v1.RecordEnabledModsRequest	protobuf	lunar.jar
com.lunarclient.websocket.analytics.v1.RecordEnabledModsRequestOrBuilder	protobuf	lunar.jar
com.lunarclient.websocket.analytics.v1.RecordEnabledModsResponse	protobuf	lunar.jar
com.lunarclient.websocket.analytics.v1.RecordEnabledModsResponseOrBuilder	protobuf	lunar.jar
com.lunarclient.websocket.analytics.v1.RecordPinnedServerInteractionRequest	protobuf	lunar.jar
com.lunarclient.websocket.analytics.v1.RecordPinnedServerInteractionRequestOrBuilder	protobuf	lunar.jar
com.lunarclient.websocket.analytics.v1.RecordPinnedServerInteractionResponse	protobuf	lunar.jar
com.lunarclient.websocket.analytics.v1.RecordPinnedServerInteractionResponseOrBuilder	protobuf	lunar.jar
com.lunarclient.websocket.analytics.v1.ServiceProto	protobuf	lunar.jar
com.lunarclient.websocket.apollo.v1.ApolloService	protobuf	lunar.jar
com.lunarclient.websocket.apollo.v1.ServiceProto	protobuf	lunar.jar
com.lunarclient.websocket.apollo.v1.TrackFeatureAdoptionRequest	protobuf	lunar.jar
com.lunarclient.websocket.apollo.v1.TrackFeatureAdoptionRequestOrBuilder	protobuf	lunar.jar
com.lunarclient.websocket.apollo.v1.TrackFeatureAdoptionResponse	protobuf	lunar.jar
com.lunarclient.websocket.apollo.v1.TrackFeatureAdoptionResponseOrBuilder	protobuf	lunar.jar
com.lunarclient.websocket.badge.v1.BadgeService	protobuf	lunar.jar
com.lunarclient.websocket.badge.v1.CommonProto	protobuf	lunar.jar
com.lunarclient.websocket.badge.v1.EquipBadgeRequest	protobuf	lunar.jar
com.lunarclient.websocket.badge.v1.EquipBadgeRequestOrBuilder	protobuf	lunar.jar
com.lunarclient.websocket.badge.v1.EquipBadgeResponse	protobuf	lunar.jar
com.lunarclient.websocket.badge.v1.EquipBadgeResponseOrBuilder	protobuf	lunar.jar
com.lunarclient.websocket.badge.v1.LoginRequest	protobuf	lunar.jar
com.lunarclient.websocket.badge.v1.LoginRequestOrBuilder	protobuf	lunar.jar
com.lunarclient.websocket.badge.v1.LoginResponse	protobuf	lunar.jar
com.lunarclient.websocket.badge.v1.LoginResponseOrBuilder	protobuf	lunar.jar
com.lunarclient.websocket.badge.v1.OwnedBadge	protobuf	lunar.jar
com.lunarclient.websocket.badge.v1.OwnedBadgeOrBuilder	protobuf	lunar.jar
com.lunarclient.websocket.badge.v1.PushProto	protobuf	lunar.jar
com.lunarclient.websocket.badge.v1.RefreshBadgesPush	protobuf	lunar.jar
com.lunarclient.websocket.badge.v1.RefreshBadgesPushOrBuilder	protobuf	lunar.jar
com.lunarclient.websocket.badge.v1.ServiceProto	protobuf	lunar.jar
com.lunarclient.websocket.chat.v1.ChatService	protobuf	lunar.jar
com.lunarclient.websocket.chat.v1.PushProto	protobuf	lunar.jar
com.lunarclient.websocket.chat.v1.ReceiveChatPush	protobuf	lunar.jar
com.lunarclient.websocket.chat.v1.ReceiveChatPushOrBuilder	protobuf	lunar.jar
com.lunarclient.websocket.chat.v1.SendChatRequest	protobuf	lunar.jar
com.lunarclient.websocket.chat.v1.SendChatRequestOrBuilder	protobuf	lunar.jar
com.lunarclient.websocket.chat.v1.SendChatResponse	protobuf	lunar.jar
com.lunarclient.websocket.chat.v1.SendChatResponseOrBuilder	protobuf	lunar.jar
com.lunarclient.websocket.chat.v1.ServiceProto	protobuf	lunar.jar
com.lunarclient.websocket.conversation.v1.AddConversationParticipantsRequest	protobuf	lunar.jar
com.lunarclient.websocket.conversation.v1.AddConversationParticipantsRequestOrBuilder	protobuf	lunar.jar
com.lunarclient.websocket.conversation.v1.AddConversationParticipantsResponse	protobuf	lunar.jar
com.lunarclient.websocket.conversation.v1.AddConversationParticipantsResponseOrBuilder	protobuf	lunar.jar
com.lunarclient.websocket.conversation.v1.AddPinnedMessageRequest	protobuf	lunar.jar
com.lunarclient.websocket.conversation.v1.AddPinnedMessageRequestOrBuilder	protobuf	lunar.jar
com.lunarclient.websocket.conversation.v1.AddPinnedMessageResponse	protobuf	lunar.jar
com.lunarclient.websocket.conversation.v1.AddPinnedMessageResponseOrBuilder	protobuf	lunar.jar
com.lunarclient.websocket.conversation.v1.CommonProto	protobuf	lunar.jar
com.lunarclient.websocket.conversation.v1.Conversation	protobuf	lunar.jar
com.lunarclient.websocket.conversation.v1.ConversationAddParticipantsPush	protobuf	lunar.jar
com.lunarclient.websocket.conversation.v1.ConversationAddParticipantsPushOrBuilder	protobuf	lunar.jar
com.lunarclient.websocket.conversation.v1.ConversationAddPinnedMessagePush	protobuf	lunar.jar
com.lunarclient.websocket.conversation.v1.ConversationAddPinnedMessagePushOrBuilder	protobuf	lunar.jar
com.lunarclient.websocket.conversation.v1.ConversationAddedPush	protobuf	lunar.jar
com.lunarclient.websocket.conversation.v1.ConversationAddedPushOrBuilder	protobuf	lunar.jar
com.lunarclient.websocket.conversation.v1.ConversationImage	protobuf	lunar.jar
com.lunarclient.websocket.conversation.v1.ConversationImageOrBuilder	protobuf	lunar.jar
com.lunarclient.websocket.conversation.v1.ConversationMessage	protobuf	lunar.jar
com.lunarclient.websocket.conversation.v1.ConversationMessageContents	protobuf	lunar.jar
com.lunarclient.websocket.conversation.v1.ConversationMessageContentsOrBuilder	protobuf	lunar.jar
com.lunarclient.websocket.conversation.v1.ConversationMessageEmbed	protobuf	lunar.jar
com.lunarclient.websocket.conversation.v1.ConversationMessageEmbedOrBuilder	protobuf	lunar.jar
com.lunarclient.websocket.conversation.v1.ConversationMessageHistoryDeletedPush	protobuf	lunar.jar
com.lunarclient.websocket.conversation.v1.ConversationMessageHistoryDeletedPushOrBuilder	protobuf	lunar.jar
com.lunarclient.websocket.conversation.v1.ConversationMessageKind	protobuf	lunar.jar
com.lunarclient.websocket.conversation.v1.ConversationMessageOrBuilder	protobuf	lunar.jar
com.lunarclient.websocket.conversation.v1.ConversationMessagePush	protobuf	lunar.jar
com.lunarclient.websocket.conversation.v1.ConversationMessagePushOrBuilder	protobuf	lunar.jar
com.lunarclient.websocket.conversation.v1.ConversationOrBuilder	protobuf	lunar.jar
com.lunarclient.websocket.conversation.v1.ConversationOwnerUpdatePush	protobuf	lunar.jar
com.lunarclient.websocket.conversation.v1.ConversationOwnerUpdatePushOrBuilder	protobuf	lunar.jar
com.lunarclient.websocket.conversation.v1.ConversationParticipant	protobuf	lunar.jar
com.lunarclient.websocket.conversation.v1.ConversationParticipantOrBuilder	protobuf	lunar.jar
com.lunarclient.websocket.conversation.v1.ConversationPreSendActionPush	protobuf	lunar.jar
com.lunarclient.websocket.conversation.v1.ConversationPreSendActionPushOrBuilder	protobuf	lunar.jar
com.lunarclient.websocket.conversation.v1.ConversationReference	protobuf	lunar.jar
com.lunarclient.websocket.conversation.v1.ConversationReferenceOrBuilder	protobuf	lunar.jar
com.lunarclient.websocket.conversation.v1.ConversationRemoveMessagePush	protobuf	lunar.jar
com.lunarclient.websocket.conversation.v1.ConversationRemoveMessagePushOrBuilder	protobuf	lunar.jar
com.lunarclient.websocket.conversation.v1.ConversationRemoveParticipantPush	protobuf	lunar.jar
com.lunarclient.websocket.conversation.v1.ConversationRemoveParticipantPushOrBuilder	protobuf	lunar.jar
com.lunarclient.websocket.conversation.v1.ConversationRemovePinnedMessagePush	protobuf	lunar.jar
com.lunarclient.websocket.conversation.v1.ConversationRemovePinnedMessagePushOrBuilder	protobuf	lunar.jar
com.lunarclient.websocket.conversation.v1.ConversationRemovedPush	protobuf	lunar.jar
com.lunarclient.websocket.conversation.v1.ConversationRemovedPushOrBuilder	protobuf	lunar.jar
com.lunarclient.websocket.conversation.v1.ConversationSender	protobuf	lunar.jar
com.lunarclient.websocket.conversation.v1.ConversationSenderOrBuilder	protobuf	lunar.jar
com.lunarclient.websocket.conversation.v1.ConversationService	protobuf	lunar.jar
com.lunarclient.websocket.conversation.v1.ConversationStub	protobuf	lunar.jar
com.lunarclient.websocket.conversation.v1.ConversationStubOrBuilder	protobuf	lunar.jar
com.lunarclient.websocket.conversation.v1.ConversationType	protobuf	lunar.jar
com.lunarclient.websocket.conversation.v1.ConversationUpdateIconPolicyPush	protobuf	lunar.jar
com.lunarclient.websocket.conversation.v1.ConversationUpdateIconPolicyPushOrBuilder	protobuf	lunar.jar
com.lunarclient.websocket.conversation.v1.ConversationUpdateIconPush	protobuf	lunar.jar
com.lunarclient.websocket.conversation.v1.ConversationUpdateIconPushOrBuilder	protobuf	lunar.jar
com.lunarclient.websocket.conversation.v1.ConversationUpdateInvitePolicyPush	protobuf	lunar.jar
com.lunarclient.websocket.conversation.v1.ConversationUpdateInvitePolicyPushOrBuilder	protobuf	lunar.jar
com.lunarclient.websocket.conversation.v1.ConversationUpdateMessagePinningPolicyPush	protobuf	lunar.jar
com.lunarclient.websocket.conversation.v1.ConversationUpdateMessagePinningPolicyPushOrBuilder	protobuf	lunar.jar
com.lunarclient.websocket.conversation.v1.ConversationUpdateNamePolicyPush	protobuf	lunar.jar
com.lunarclient.websocket.conversation.v1.ConversationUpdateNamePolicyPushOrBuilder	protobuf	lunar.jar
com.lunarclient.websocket.conversation.v1.ConversationUpdateNamePush	protobuf	lunar.jar
com.lunarclient.websocket.conversation.v1.ConversationUpdateNamePushOrBuilder	protobuf	lunar.jar
com.lunarclient.websocket.conversation.v1.CreateConversationRequest	protobuf	lunar.jar
com.lunarclient.websocket.conversation.v1.CreateConversationRequestOrBuilder	protobuf	lunar.jar
com.lunarclient.websocket.conversation.v1.CreateConversationResponse	protobuf	lunar.jar
com.lunarclient.websocket.conversation.v1.CreateConversationResponseOrBuilder	protobuf	lunar.jar
com.lunarclient.websocket.conversation.v1.DeleteConversationMessageHistoryRequest	protobuf	lunar.jar
com.lunarclient.websocket.conversation.v1.DeleteConversationMessageHistoryRequestOrBuilder	protobuf	lunar.jar
com.lunarclient.websocket.conversation.v1.DeleteConversationMessageHistoryResponse	protobuf	lunar.jar
com.lunarclient.websocket.conversation.v1.DeleteConversationMessageHistoryResponseOrBuilder	protobuf	lunar.jar
com.lunarclient.websocket.conversation.v1.DeleteConversationMessageRequest	protobuf	lunar.jar
com.lunarclient.websocket.conversation.v1.DeleteConversationMessageRequestOrBuilder	protobuf	lunar.jar
com.lunarclient.websocket.conversation.v1.DeleteConversationMessageResponse	protobuf	lunar.jar
com.lunarclient.websocket.conversation.v1.DeleteConversationMessageResponseOrBuilder	protobuf	lunar.jar
com.lunarclient.websocket.conversation.v1.DeleteConversationRequest	protobuf	lunar.jar
com.lunarclient.websocket.conversation.v1.DeleteConversationRequestOrBuilder	protobuf	lunar.jar
com.lunarclient.websocket.conversation.v1.DeleteConversationResponse	protobuf	lunar.jar
com.lunarclient.websocket.conversation.v1.DeleteConversationResponseOrBuilder	protobuf	lunar.jar
com.lunarclient.websocket.conversation.v1.GetConversationsRequest	protobuf	lunar.jar
com.lunarclient.websocket.conversation.v1.GetConversationsRequestOrBuilder	protobuf	lunar.jar
com.lunarclient.websocket.conversation.v1.GetConversationsResponse	protobuf	lunar.jar
com.lunarclient.websocket.conversation.v1.GetConversationsResponseOrBuilder	protobuf	lunar.jar
com.lunarclient.websocket.conversation.v1.GetUploadUrlsRequest	protobuf	lunar.jar
com.lunarclient.websocket.conversation.v1.GetUploadUrlsRequestOrBuilder	protobuf	lunar.jar
com.lunarclient.websocket.conversation.v1.GetUploadUrlsResponse	protobuf	lunar.jar
com.lunarclient.websocket.conversation.v1.GetUploadUrlsResponseOrBuilder	protobuf	lunar.jar
com.lunarclient.websocket.conversation.v1.IconPolicy	protobuf	lunar.jar
com.lunarclient.websocket.conversation.v1.ImageEmbed	protobuf	lunar.jar
com.lunarclient.websocket.conversation.v1.ImageEmbedOrBuilder	protobuf	lunar.jar
com.lunarclient.websocket.conversation.v1.InvitePolicy	protobuf	lunar.jar
com.lunarclient.websocket.conversation.v1.LinkPreviewEmbed	protobuf	lunar.jar
com.lunarclient.websocket.conversation.v1.LinkPreviewEmbedOrBuilder	protobuf	lunar.jar
com.lunarclient.websocket.conversation.v1.LoadConversationRequest	protobuf	lunar.jar
com.lunarclient.websocket.conversation.v1.LoadConversationRequestOrBuilder	protobuf	lunar.jar
com.lunarclient.websocket.conversation.v1.LoadConversationResponse	protobuf	lunar.jar
com.lunarclient.websocket.conversation.v1.LoadConversationResponseOrBuilder	protobuf	lunar.jar
com.lunarclient.websocket.conversation.v1.LoadPinnedMessagesRequest	protobuf	lunar.jar
com.lunarclient.websocket.conversation.v1.LoadPinnedMessagesRequestOrBuilder	protobuf	lunar.jar
com.lunarclient.websocket.conversation.v1.LoadPinnedMessagesResponse	protobuf	lunar.jar
com.lunarclient.websocket.conversation.v1.LoadPinnedMessagesResponseOrBuilder	protobuf	lunar.jar
com.lunarclient.websocket.conversation.v1.LoginRequest	protobuf	lunar.jar
com.lunarclient.websocket.conversation.v1.LoginRequestOrBuilder	protobuf	lunar.jar
com.lunarclient.websocket.conversation.v1.LoginResponse	protobuf	lunar.jar
com.lunarclient.websocket.conversation.v1.LoginResponseOrBuilder	protobuf	lunar.jar
com.lunarclient.websocket.conversation.v1.LunarEmoji	protobuf	lunar.jar
com.lunarclient.websocket.conversation.v1.LunarEmojiCategory	protobuf	lunar.jar
com.lunarclient.websocket.conversation.v1.LunarEmojiCategoryOrBuilder	protobuf	lunar.jar
com.lunarclient.websocket.conversation.v1.LunarEmojiOrBuilder	protobuf	lunar.jar
com.lunarclient.websocket.conversation.v1.LunarSticker	protobuf	lunar.jar
com.lunarclient.websocket.conversation.v1.LunarStickerOrBuilder	protobuf	lunar.jar
com.lunarclient.websocket.conversation.v1.LunarStickerPack	protobuf	lunar.jar
com.lunarclient.websocket.conversation.v1.LunarStickerPackOrBuilder	protobuf	lunar.jar
com.lunarclient.websocket.conversation.v1.MessagePinningPolicy	protobuf	lunar.jar
com.lunarclient.websocket.conversation.v1.NamePolicy	protobuf	lunar.jar
com.lunarclient.websocket.conversation.v1.OgImage	protobuf	lunar.jar
com.lunarclient.websocket.conversation.v1.OgImageOrBuilder	protobuf	lunar.jar
com.lunarclient.websocket.conversation.v1.PreSendAction	protobuf	lunar.jar
com.lunarclient.websocket.conversation.v1.PreSendActionRequest	protobuf	lunar.jar
com.lunarclient.websocket.conversation.v1.PreSendActionRequestOrBuilder	protobuf	lunar.jar
com.lunarclient.websocket.conversation.v1.PreSendActionResponse	protobuf	lunar.jar
com.lunarclient.websocket.conversation.v1.PreSendActionResponseOrBuilder	protobuf	lunar.jar
com.lunarclient.websocket.conversation.v1.PresignedUpload	protobuf	lunar.jar
com.lunarclient.websocket.conversation.v1.PresignedUploadOrBuilder	protobuf	lunar.jar
com.lunarclient.websocket.conversation.v1.PushProto	protobuf	lunar.jar
com.lunarclient.websocket.conversation.v1.RefreshConversationsPush	protobuf	lunar.jar
com.lunarclient.websocket.conversation.v1.RefreshConversationsPushOrBuilder	protobuf	lunar.jar
com.lunarclient.websocket.conversation.v1.RemoveConversationParticipantRequest	protobuf	lunar.jar
com.lunarclient.websocket.conversation.v1.RemoveConversationParticipantRequestOrBuilder	protobuf	lunar.jar
com.lunarclient.websocket.conversation.v1.RemoveConversationParticipantResponse	protobuf	lunar.jar
com.lunarclient.websocket.conversation.v1.RemoveConversationParticipantResponseOrBuilder	protobuf	lunar.jar
com.lunarclient.websocket.conversation.v1.RemovePinnedMessageRequest	protobuf	lunar.jar
com.lunarclient.websocket.conversation.v1.RemovePinnedMessageRequestOrBuilder	protobuf	lunar.jar
com.lunarclient.websocket.conversation.v1.RemovePinnedMessageResponse	protobuf	lunar.jar
com.lunarclient.websocket.conversation.v1.RemovePinnedMessageResponseOrBuilder	protobuf	lunar.jar
com.lunarclient.websocket.conversation.v1.SendConversationMessageRequest	protobuf	lunar.jar
com.lunarclient.websocket.conversation.v1.SendConversationMessageRequestOrBuilder	protobuf	lunar.jar
com.lunarclient.websocket.conversation.v1.SendConversationMessageResponse	protobuf	lunar.jar
com.lunarclient.websocket.conversation.v1.SendConversationMessageResponseOrBuilder	protobuf	lunar.jar
com.lunarclient.websocket.conversation.v1.ServiceProto	protobuf	lunar.jar
com.lunarclient.websocket.conversation.v1.SetConversationPinnedRequest	protobuf	lunar.jar
com.lunarclient.websocket.conversation.v1.SetConversationPinnedRequestOrBuilder	protobuf	lunar.jar
com.lunarclient.websocket.conversation.v1.SetConversationPinnedResponse	protobuf	lunar.jar
com.lunarclient.websocket.conversation.v1.SetConversationPinnedResponseOrBuilder	protobuf	lunar.jar
com.lunarclient.websocket.conversation.v1.SetIconPolicyRequest	protobuf	lunar.jar
com.lunarclient.websocket.conversation.v1.SetIconPolicyRequestOrBuilder	protobuf	lunar.jar
com.lunarclient.websocket.conversation.v1.SetIconPolicyResponse	protobuf	lunar.jar
com.lunarclient.websocket.conversation.v1.SetIconPolicyResponseOrBuilder	protobuf	lunar.jar
com.lunarclient.websocket.conversation.v1.SetInvitePolicyRequest	protobuf	lunar.jar
com.lunarclient.websocket.conversation.v1.SetInvitePolicyRequestOrBuilder	protobuf	lunar.jar
com.lunarclient.websocket.conversation.v1.SetInvitePolicyResponse	protobuf	lunar.jar
com.lunarclient.websocket.conversation.v1.SetInvitePolicyResponseOrBuilder	protobuf	lunar.jar
com.lunarclient.websocket.conversation.v1.SetMessagePinningPolicyRequest	protobuf	lunar.jar
com.lunarclient.websocket.conversation.v1.SetMessagePinningPolicyRequestOrBuilder	protobuf	lunar.jar
com.lunarclient.websocket.conversation.v1.SetMessagePinningPolicyResponse	protobuf	lunar.jar
com.lunarclient.websocket.conversation.v1.SetMessagePinningPolicyResponseOrBuilder	protobuf	lunar.jar
com.lunarclient.websocket.conversation.v1.SetNamePolicyRequest	protobuf	lunar.jar
com.lunarclient.websocket.conversation.v1.SetNamePolicyRequestOrBuilder	protobuf	lunar.jar
com.lunarclient.websocket.conversation.v1.SetNamePolicyResponse	protobuf	lunar.jar
com.lunarclient.websocket.conversation.v1.SetNamePolicyResponseOrBuilder	protobuf	lunar.jar
com.lunarclient.websocket.conversation.v1.SystemIconChangeEvent	protobuf	lunar.jar
com.lunarclient.websocket.conversation.v1.SystemIconChangeEventOrBuilder	protobuf	lunar.jar
com.lunarclient.websocket.conversation.v1.SystemInviteEvent	protobuf	lunar.jar
com.lunarclient.websocket.conversation.v1.SystemInviteEventOrBuilder	protobuf	lunar.jar
com.lunarclient.websocket.conversation.v1.SystemLeaveEvent	protobuf	lunar.jar
com.lunarclient.websocket.conversation.v1.SystemLeaveEventOrBuilder	protobuf	lunar.jar
com.lunarclient.websocket.conversation.v1.SystemMessage	protobuf	lunar.jar
com.lunarclient.websocket.conversation.v1.SystemMessageOrBuilder	protobuf	lunar.jar
com.lunarclient.websocket.conversation.v1.SystemNameChangeEvent	protobuf	lunar.jar
com.lunarclient.websocket.conversation.v1.SystemNameChangeEventOrBuilder	protobuf	lunar.jar
com.lunarclient.websocket.conversation.v1.SystemPinnedMessageEvent	protobuf	lunar.jar
com.lunarclient.websocket.conversation.v1.SystemPinnedMessageEventOrBuilder	protobuf	lunar.jar
com.lunarclient.websocket.conversation.v1.UnfocusConversationsRequest	protobuf	lunar.jar
com.lunarclient.websocket.conversation.v1.UnfocusConversationsRequestOrBuilder	protobuf	lunar.jar
com.lunarclient.websocket.conversation.v1.UnfocusConversationsResponse	protobuf	lunar.jar
com.lunarclient.websocket.conversation.v1.UnfocusConversationsResponseOrBuilder	protobuf	lunar.jar
com.lunarclient.websocket.conversation.v1.UpdateConversationIconRequest	protobuf	lunar.jar
com.lunarclient.websocket.conversation.v1.UpdateConversationIconRequestOrBuilder	protobuf	lunar.jar
com.lunarclient.websocket.conversation.v1.UpdateConversationIconResponse	protobuf	lunar.jar
com.lunarclient.websocket.conversation.v1.UpdateConversationIconResponseOrBuilder	protobuf	lunar.jar
com.lunarclient.websocket.conversation.v1.UpdateConversationNameRequest	protobuf	lunar.jar
com.lunarclient.websocket.conversation.v1.UpdateConversationNameRequestOrBuilder	protobuf	lunar.jar
com.lunarclient.websocket.conversation.v1.UpdateConversationNameResponse	protobuf	lunar.jar
com.lunarclient.websocket.conversation.v1.UpdateConversationNameResponseOrBuilder	protobuf	lunar.jar
com.lunarclient.websocket.conversation.v1.UpdateConversationOwnerRequest	protobuf	lunar.jar
com.lunarclient.websocket.conversation.v1.UpdateConversationOwnerRequestOrBuilder	protobuf	lunar.jar
com.lunarclient.websocket.conversation.v1.UpdateConversationOwnerResponse	protobuf	lunar.jar
com.lunarclient.websocket.conversation.v1.UpdateConversationOwnerResponseOrBuilder	protobuf	lunar.jar
com.lunarclient.websocket.conversation.v1.UploadRequestItem	protobuf	lunar.jar
com.lunarclient.websocket.conversation.v1.UploadRequestItemOrBuilder	protobuf	lunar.jar
com.lunarclient.websocket.conversation.v1.UploadUsage	protobuf	lunar.jar
com.lunarclient.websocket.conversation.v1.UserConversationState	protobuf	lunar.jar
com.lunarclient.websocket.conversation.v1.UserConversationStateOrBuilder	protobuf	lunar.jar
com.lunarclient.websocket.cosmetic.v1.CommonProto	protobuf	lunar.jar
com.lunarclient.websocket.cosmetic.v1.CosmeticOwnershipVisibility	protobuf	lunar.jar
com.lunarclient.websocket.cosmetic.v1.CosmeticService	protobuf	lunar.jar
com.lunarclient.websocket.cosmetic.v1.CustomizableCosmeticSettings	protobuf	lunar.jar
com.lunarclient.websocket.cosmetic.v1.CustomizableCosmeticSettingsOrBuilder	protobuf	lunar.jar
com.lunarclient.websocket.cosmetic.v1.EquippedCosmetic	protobuf	lunar.jar
com.lunarclient.websocket.cosmetic.v1.EquippedCosmeticOrBuilder	protobuf	lunar.jar
com.lunarclient.websocket.cosmetic.v1.LoadTabLogosRequest	protobuf	lunar.jar
com.lunarclient.websocket.cosmetic.v1.LoadTabLogosRequestOrBuilder	protobuf	lunar.jar
com.lunarclient.websocket.cosmetic.v1.LoadTabLogosResponse	protobuf	lunar.jar
com.lunarclient.websocket.cosmetic.v1.LoadTabLogosResponseOrBuilder	protobuf	lunar.jar
com.lunarclient.websocket.cosmetic.v1.LoginRequest	protobuf	lunar.jar
com.lunarclient.websocket.cosmetic.v1.LoginRequestOrBuilder	protobuf	lunar.jar
com.lunarclient.websocket.cosmetic.v1.LoginResponse	protobuf	lunar.jar
com.lunarclient.websocket.cosmetic.v1.LoginResponseOrBuilder	protobuf	lunar.jar
com.lunarclient.websocket.cosmetic.v1.OwnedCosmetic	protobuf	lunar.jar
com.lunarclient.websocket.cosmetic.v1.OwnedCosmeticOrBuilder	protobuf	lunar.jar
com.lunarclient.websocket.cosmetic.v1.PlayerCosmeticsPush	protobuf	lunar.jar
com.lunarclient.websocket.cosmetic.v1.PlayerCosmeticsPushOrBuilder	protobuf	lunar.jar
com.lunarclient.websocket.cosmetic.v1.PushProto	protobuf	lunar.jar
com.lunarclient.websocket.cosmetic.v1.RefreshCosmeticsPush	protobuf	lunar.jar
com.lunarclient.websocket.cosmetic.v1.RefreshCosmeticsPushOrBuilder	protobuf	lunar.jar
com.lunarclient.websocket.cosmetic.v1.ServiceProto	protobuf	lunar.jar
com.lunarclient.websocket.cosmetic.v1.SetCosmeticOwnershipVisibilityRequest	protobuf	lunar.jar
com.lunarclient.websocket.cosmetic.v1.SetCosmeticOwnershipVisibilityRequestOrBuilder	protobuf	lunar.jar
com.lunarclient.websocket.cosmetic.v1.SetCosmeticOwnershipVisibilityResponse	protobuf	lunar.jar
com.lunarclient.websocket.cosmetic.v1.SetCosmeticOwnershipVisibilityResponseOrBuilder	protobuf	lunar.jar
com.lunarclient.websocket.cosmetic.v1.UpdateCosmeticSettingsRequest	protobuf	lunar.jar
com.lunarclient.websocket.cosmetic.v1.UpdateCosmeticSettingsRequestOrBuilder	protobuf	lunar.jar
com.lunarclient.websocket.cosmetic.v1.UpdateCosmeticSettingsResponse	protobuf	lunar.jar
com.lunarclient.websocket.cosmetic.v1.UpdateCosmeticSettingsResponseOrBuilder	protobuf	lunar.jar
com.lunarclient.websocket.cosmetic.v2.BiomeTemperatureCondition	protobuf	lunar.jar
com.lunarclient.websocket.cosmetic.v2.BiomeTemperatureConditionOrBuilder	protobuf	lunar.jar
com.lunarclient.websocket.cosmetic.v2.CommonProto	protobuf	lunar.jar
com.lunarclient.websocket.cosmetic.v2.CosmeticOwnershipVisibility	protobuf	lunar.jar
com.lunarclient.websocket.cosmetic.v2.CosmeticService	protobuf	lunar.jar
com.lunarclient.websocket.cosmetic.v2.CreateOutfitRequest	protobuf	lunar.jar
com.lunarclient.websocket.cosmetic.v2.CreateOutfitRequestOrBuilder	protobuf	lunar.jar
com.lunarclient.websocket.cosmetic.v2.CreateOutfitResponse	protobuf	lunar.jar
com.lunarclient.websocket.cosmetic.v2.CreateOutfitResponseOrBuilder	protobuf	lunar.jar
com.lunarclient.websocket.cosmetic.v2.DeleteOutfitRequest	protobuf	lunar.jar
com.lunarclient.websocket.cosmetic.v2.DeleteOutfitRequestOrBuilder	protobuf	lunar.jar
com.lunarclient.websocket.cosmetic.v2.DeleteOutfitResponse	protobuf	lunar.jar
com.lunarclient.websocket.cosmetic.v2.DeleteOutfitResponseOrBuilder	protobuf	lunar.jar
com.lunarclient.websocket.cosmetic.v2.DimensionCondition	protobuf	lunar.jar
com.lunarclient.websocket.cosmetic.v2.DimensionConditionOrBuilder	protobuf	lunar.jar
com.lunarclient.websocket.cosmetic.v2.EquipCondition	protobuf	lunar.jar
com.lunarclient.websocket.cosmetic.v2.EquipConditionOrBuilder	protobuf	lunar.jar
com.lunarclient.websocket.cosmetic.v2.EquippedCosmetic	protobuf	lunar.jar
com.lunarclient.websocket.cosmetic.v2.EquippedCosmeticOrBuilder	protobuf	lunar.jar
com.lunarclient.websocket.cosmetic.v2.FavoriteCosmeticRequest	protobuf	lunar.jar
com.lunarclient.websocket.cosmetic.v2.FavoriteCosmeticRequestOrBuilder	protobuf	lunar.jar
com.lunarclient.websocket.cosmetic.v2.FavoriteCosmeticResponse	protobuf	lunar.jar
com.lunarclient.websocket.cosmetic.v2.FavoriteCosmeticResponseOrBuilder	protobuf	lunar.jar
com.lunarclient.websocket.cosmetic.v2.InLiquidCondition	protobuf	lunar.jar
com.lunarclient.websocket.cosmetic.v2.InLiquidConditionOrBuilder	protobuf	lunar.jar
com.lunarclient.websocket.cosmetic.v2.LoadTabLogosRequest	protobuf	lunar.jar
com.lunarclient.websocket.cosmetic.v2.LoadTabLogosRequestOrBuilder	protobuf	lunar.jar
com.lunarclient.websocket.cosmetic.v2.LoadTabLogosResponse	protobuf	lunar.jar
com.lunarclient.websocket.cosmetic.v2.LoadTabLogosResponseOrBuilder	protobuf	lunar.jar
com.lunarclient.websocket.cosmetic.v2.LoginRequest	protobuf	lunar.jar
com.lunarclient.websocket.cosmetic.v2.LoginRequestOrBuilder	protobuf	lunar.jar
com.lunarclient.websocket.cosmetic.v2.LoginResponse	protobuf	lunar.jar
com.lunarclient.websocket.cosmetic.v2.LoginResponseOrBuilder	protobuf	lunar.jar
com.lunarclient.websocket.cosmetic.v2.MovementStateCondition	protobuf	lunar.jar
com.lunarclient.websocket.cosmetic.v2.MovementStateConditionOrBuilder	protobuf	lunar.jar
com.lunarclient.websocket.cosmetic.v2.OnFireCondition	protobuf	lunar.jar
com.lunarclient.websocket.cosmetic.v2.OnFireConditionOrBuilder	protobuf	lunar.jar
com.lunarclient.websocket.cosmetic.v2.Outfit	protobuf	lunar.jar
com.lunarclient.websocket.cosmetic.v2.OutfitOrBuilder	protobuf	lunar.jar
com.lunarclient.websocket.cosmetic.v2.OutfitTree	protobuf	lunar.jar
com.lunarclient.websocket.cosmetic.v2.OutfitTreeOrBuilder	protobuf	lunar.jar
com.lunarclient.websocket.cosmetic.v2.OwnedCosmetic	protobuf	lunar.jar
com.lunarclient.websocket.cosmetic.v2.OwnedCosmeticOrBuilder	protobuf	lunar.jar
com.lunarclient.websocket.cosmetic.v2.PassengerOfEntityCondition	protobuf	lunar.jar
com.lunarclient.websocket.cosmetic.v2.PassengerOfEntityConditionOrBuilder	protobuf	lunar.jar
com.lunarclient.websocket.cosmetic.v2.PlayerCosmeticsPushV2	protobuf	lunar.jar
com.lunarclient.websocket.cosmetic.v2.PlayerCosmeticsPushV2OrBuilder	protobuf	lunar.jar
com.lunarclient.websocket.cosmetic.v2.PushProto	protobuf	lunar.jar
com.lunarclient.websocket.cosmetic.v2.RadioPlayingCondition	protobuf	lunar.jar
com.lunarclient.websocket.cosmetic.v2.RadioPlayingConditionOrBuilder	protobuf	lunar.jar
com.lunarclient.websocket.cosmetic.v2.RefreshCosmeticsPush	protobuf	lunar.jar
com.lunarclient.websocket.cosmetic.v2.RefreshCosmeticsPushOrBuilder	protobuf	lunar.jar
com.lunarclient.websocket.cosmetic.v2.SelectOutfitRequest	protobuf	lunar.jar
com.lunarclient.websocket.cosmetic.v2.SelectOutfitRequestOrBuilder	protobuf	lunar.jar
com.lunarclient.websocket.cosmetic.v2.SelectOutfitResponse	protobuf	lunar.jar
com.lunarclient.websocket.cosmetic.v2.SelectOutfitResponseOrBuilder	protobuf	lunar.jar
com.lunarclient.websocket.cosmetic.v2.ServerCondition	protobuf	lunar.jar
com.lunarclient.websocket.cosmetic.v2.ServerConditionOrBuilder	protobuf	lunar.jar
com.lunarclient.websocket.cosmetic.v2.ServiceProto	protobuf	lunar.jar
com.lunarclient.websocket.cosmetic.v2.SetCosmeticOwnershipVisibilityRequest	protobuf	lunar.jar
com.lunarclient.websocket.cosmetic.v2.SetCosmeticOwnershipVisibilityRequestOrBuilder	protobuf	lunar.jar
com.lunarclient.websocket.cosmetic.v2.SetCosmeticOwnershipVisibilityResponse	protobuf	lunar.jar
com.lunarclient.websocket.cosmetic.v2.SetCosmeticOwnershipVisibilityResponseOrBuilder	protobuf	lunar.jar
com.lunarclient.websocket.cosmetic.v2.TimeCondition	protobuf	lunar.jar
com.lunarclient.websocket.cosmetic.v2.TimeConditionOrBuilder	protobuf	lunar.jar
com.lunarclient.websocket.cosmetic.v2.UnfavoriteCosmeticRequest	protobuf	lunar.jar
com.lunarclient.websocket.cosmetic.v2.UnfavoriteCosmeticRequestOrBuilder	protobuf	lunar.jar
com.lunarclient.websocket.cosmetic.v2.UnfavoriteCosmeticResponse	protobuf	lunar.jar
com.lunarclient.websocket.cosmetic.v2.UnfavoriteCosmeticResponseOrBuilder	protobuf	lunar.jar
com.lunarclient.websocket.cosmetic.v2.UpdateLunarPlusColorRequest	protobuf	lunar.jar
com.lunarclient.websocket.cosmetic.v2.UpdateLunarPlusColorRequestOrBuilder	protobuf	lunar.jar
com.lunarclient.websocket.cosmetic.v2.UpdateLunarPlusColorResponse	protobuf	lunar.jar
com.lunarclient.websocket.cosmetic.v2.UpdateLunarPlusColorResponseOrBuilder	protobuf	lunar.jar
com.lunarclient.websocket.cosmetic.v2.UpdateOutfitRequest	protobuf	lunar.jar
com.lunarclient.websocket.cosmetic.v2.UpdateOutfitRequestOrBuilder	protobuf	lunar.jar
com.lunarclient.websocket.cosmetic.v2.UpdateOutfitResponse	protobuf	lunar.jar
com.lunarclient.websocket.cosmetic.v2.UpdateOutfitResponseOrBuilder	protobuf	lunar.jar
com.lunarclient.websocket.cosmetic.v2.WeatherCondition	protobuf	lunar.jar
com.lunarclient.websocket.cosmetic.v2.WeatherConditionOrBuilder	protobuf	lunar.jar
com.lunarclient.websocket.emote.v1.CommonProto	protobuf	lunar.jar
com.lunarclient.websocket.emote.v1.EmoteService	protobuf	lunar.jar
com.lunarclient.websocket.emote.v1.EquippedEmote	protobuf	lunar.jar
com.lunarclient.websocket.emote.v1.EquippedEmoteOrBuilder	protobuf	lunar.jar
com.lunarclient.websocket.emote.v1.LoginRequest	protobuf	lunar.jar
com.lunarclient.websocket.emote.v1.LoginRequestOrBuilder	protobuf	lunar.jar
com.lunarclient.websocket.emote.v1.LoginResponse	protobuf	lunar.jar
com.lunarclient.websocket.emote.v1.LoginResponseOrBuilder	protobuf	lunar.jar
com.lunarclient.websocket.emote.v1.OwnedEmote	protobuf	lunar.jar
com.lunarclient.websocket.emote.v1.OwnedEmoteOrBuilder	protobuf	lunar.jar
com.lunarclient.websocket.emote.v1.PushProto	protobuf	lunar.jar
com.lunarclient.websocket.emote.v1.RecommendedJam	protobuf	lunar.jar
com.lunarclient.websocket.emote.v1.RecommendedJamOrBuilder	protobuf	lunar.jar
com.lunarclient.websocket.emote.v1.RefreshEmotesPush	protobuf	lunar.jar
com.lunarclient.websocket.emote.v1.RefreshEmotesPushOrBuilder	protobuf	lunar.jar
com.lunarclient.websocket.emote.v1.ServiceProto	protobuf	lunar.jar
com.lunarclient.websocket.emote.v1.StopEmotePush	protobuf	lunar.jar
com.lunarclient.websocket.emote.v1.StopEmotePushOrBuilder	protobuf	lunar.jar
com.lunarclient.websocket.emote.v1.StopEmoteRequest	protobuf	lunar.jar
com.lunarclient.websocket.emote.v1.StopEmoteRequestOrBuilder	protobuf	lunar.jar
com.lunarclient.websocket.emote.v1.StopEmoteResponse	protobuf	lunar.jar
com.lunarclient.websocket.emote.v1.StopEmoteResponseOrBuilder	protobuf	lunar.jar
com.lunarclient.websocket.emote.v1.UpdateEquippedEmotesRequest	protobuf	lunar.jar
com.lunarclient.websocket.emote.v1.UpdateEquippedEmotesRequestOrBuilder	protobuf	lunar.jar
com.lunarclient.websocket.emote.v1.UpdateEquippedEmotesResponse	protobuf	lunar.jar
com.lunarclient.websocket.emote.v1.UpdateEquippedEmotesResponseOrBuilder	protobuf	lunar.jar
com.lunarclient.websocket.emote.v1.UseEmotePush	protobuf	lunar.jar
com.lunarclient.websocket.emote.v1.UseEmotePushOrBuilder	protobuf	lunar.jar
com.lunarclient.websocket.emote.v1.UseEmoteRequest	protobuf	lunar.jar
com.lunarclient.websocket.emote.v1.UseEmoteRequestOrBuilder	protobuf	lunar.jar
com.lunarclient.websocket.emote.v1.UseEmoteResponse	protobuf	lunar.jar
com.lunarclient.websocket.emote.v1.UseEmoteResponseOrBuilder	protobuf	lunar.jar
com.lunarclient.websocket.friend.v1.AcceptFriendRequestRequest	protobuf	lunar.jar
com.lunarclient.websocket.friend.v1.AcceptFriendRequestRequestOrBuilder	protobuf	lunar.jar
com.lunarclient.websocket.friend.v1.AcceptFriendRequestResponse	protobuf	lunar.jar
com.lunarclient.websocket.friend.v1.AcceptFriendRequestResponseOrBuilder	protobuf	lunar.jar
com.lunarclient.websocket.friend.v1.AddFriendPinRequest	protobuf	lunar.jar
com.lunarclient.websocket.friend.v1.AddFriendPinRequestOrBuilder	protobuf	lunar.jar
com.lunarclient.websocket.friend.v1.AddFriendPinResponse	protobuf	lunar.jar
com.lunarclient.websocket.friend.v1.AddFriendPinResponseOrBuilder	protobuf	lunar.jar
com.lunarclient.websocket.friend.v1.BroadcastLocationChangeRequest	protobuf	lunar.jar
com.lunarclient.websocket.friend.v1.BroadcastLocationChangeRequestOrBuilder	protobuf	lunar.jar
com.lunarclient.websocket.friend.v1.BroadcastLocationChangeResponse	protobuf	lunar.jar
com.lunarclient.websocket.friend.v1.BroadcastLocationChangeResponseOrBuilder	protobuf	lunar.jar
com.lunarclient.websocket.friend.v1.BroadcastServerKickRequest	protobuf	lunar.jar
com.lunarclient.websocket.friend.v1.BroadcastServerKickRequestOrBuilder	protobuf	lunar.jar
com.lunarclient.websocket.friend.v1.BroadcastServerKickResponse	protobuf	lunar.jar
com.lunarclient.websocket.friend.v1.BroadcastServerKickResponseOrBuilder	protobuf	lunar.jar
com.lunarclient.websocket.friend.v1.BroadcastStatusChangeRequest	protobuf	lunar.jar
com.lunarclient.websocket.friend.v1.BroadcastStatusChangeRequestOrBuilder	protobuf	lunar.jar
com.lunarclient.websocket.friend.v1.BroadcastStatusChangeResponse	protobuf	lunar.jar
com.lunarclient.websocket.friend.v1.BroadcastStatusChangeResponseOrBuilder	protobuf	lunar.jar
com.lunarclient.websocket.friend.v1.CancelFriendRequestRequest	protobuf	lunar.jar
com.lunarclient.websocket.friend.v1.CancelFriendRequestRequestOrBuilder	protobuf	lunar.jar
com.lunarclient.websocket.friend.v1.CancelFriendRequestResponse	protobuf	lunar.jar
com.lunarclient.websocket.friend.v1.CancelFriendRequestResponseOrBuilder	protobuf	lunar.jar
com.lunarclient.websocket.friend.v1.CommonProto	protobuf	lunar.jar
com.lunarclient.websocket.friend.v1.CountryFlagVisibility	protobuf	lunar.jar
com.lunarclient.websocket.friend.v1.DenyFriendRequestRequest	protobuf	lunar.jar
com.lunarclient.websocket.friend.v1.DenyFriendRequestRequestOrBuilder	protobuf	lunar.jar
com.lunarclient.websocket.friend.v1.DenyFriendRequestResponse	protobuf	lunar.jar
com.lunarclient.websocket.friend.v1.DenyFriendRequestResponseOrBuilder	protobuf	lunar.jar
com.lunarclient.websocket.friend.v1.FriendRadioInfoPush	protobuf	lunar.jar
com.lunarclient.websocket.friend.v1.FriendRadioInfoPushOrBuilder	protobuf	lunar.jar
com.lunarclient.websocket.friend.v1.FriendRemovedYouPush	protobuf	lunar.jar
com.lunarclient.websocket.friend.v1.FriendRemovedYouPushOrBuilder	protobuf	lunar.jar
com.lunarclient.websocket.friend.v1.FriendRequest	protobuf	lunar.jar
com.lunarclient.websocket.friend.v1.FriendRequestAcceptedPush	protobuf	lunar.jar
com.lunarclient.websocket.friend.v1.FriendRequestAcceptedPushOrBuilder	protobuf	lunar.jar
com.lunarclient.websocket.friend.v1.FriendRequestCanceledPush	protobuf	lunar.jar
com.lunarclient.websocket.friend.v1.FriendRequestCanceledPushOrBuilder	protobuf	lunar.jar
com.lunarclient.websocket.friend.v1.FriendRequestDeniedPush	protobuf	lunar.jar
com.lunarclient.websocket.friend.v1.FriendRequestDeniedPushOrBuilder	protobuf	lunar.jar
com.lunarclient.websocket.friend.v1.FriendRequestOrBuilder	protobuf	lunar.jar
com.lunarclient.websocket.friend.v1.FriendRequestReceivedPush	protobuf	lunar.jar
com.lunarclient.websocket.friend.v1.FriendRequestReceivedPushOrBuilder	protobuf	lunar.jar
com.lunarclient.websocket.friend.v1.FriendService	protobuf	lunar.jar
com.lunarclient.websocket.friend.v1.FriendSocials	protobuf	lunar.jar
com.lunarclient.websocket.friend.v1.FriendSocialsOrBuilder	protobuf	lunar.jar
com.lunarclient.websocket.friend.v1.FriendStatusPush	protobuf	lunar.jar
com.lunarclient.websocket.friend.v1.FriendStatusPushOrBuilder	protobuf	lunar.jar
com.lunarclient.websocket.friend.v1.GroupChatInvitePrivacy	protobuf	lunar.jar
com.lunarclient.websocket.friend.v1.LastSeenVisibility	protobuf	lunar.jar
com.lunarclient.websocket.friend.v1.LocationProto	protobuf	lunar.jar
com.lunarclient.websocket.friend.v1.LoginRequest	protobuf	lunar.jar
com.lunarclient.websocket.friend.v1.LoginRequestOrBuilder	protobuf	lunar.jar
com.lunarclient.websocket.friend.v1.LoginResponse	protobuf	lunar.jar
com.lunarclient.websocket.friend.v1.LoginResponseOrBuilder	protobuf	lunar.jar
com.lunarclient.websocket.friend.v1.OfflineFriend	protobuf	lunar.jar
com.lunarclient.websocket.friend.v1.OfflineFriendOrBuilder	protobuf	lunar.jar
com.lunarclient.websocket.friend.v1.OnlineFriend	protobuf	lunar.jar
com.lunarclient.websocket.friend.v1.OnlineFriendOrBuilder	protobuf	lunar.jar
com.lunarclient.websocket.friend.v1.OnlineFriendStatus	protobuf	lunar.jar
com.lunarclient.websocket.friend.v1.PushProto	protobuf	lunar.jar
com.lunarclient.websocket.friend.v1.RemoveFriendPinRequest	protobuf	lunar.jar
com.lunarclient.websocket.friend.v1.RemoveFriendPinRequestOrBuilder	protobuf	lunar.jar
com.lunarclient.websocket.friend.v1.RemoveFriendPinResponse	protobuf	lunar.jar
com.lunarclient.websocket.friend.v1.RemoveFriendPinResponseOrBuilder	protobuf	lunar.jar
com.lunarclient.websocket.friend.v1.RemoveFriendRequest	protobuf	lunar.jar
com.lunarclient.websocket.friend.v1.RemoveFriendRequestOrBuilder	protobuf	lunar.jar
com.lunarclient.websocket.friend.v1.RemoveFriendResponse	protobuf	lunar.jar
com.lunarclient.websocket.friend.v1.RemoveFriendResponseOrBuilder	protobuf	lunar.jar
com.lunarclient.websocket.friend.v1.SendFriendRequestRequest	protobuf	lunar.jar
com.lunarclient.websocket.friend.v1.SendFriendRequestRequestOrBuilder	protobuf	lunar.jar
com.lunarclient.websocket.friend.v1.SendFriendRequestResponse	protobuf	lunar.jar
com.lunarclient.websocket.friend.v1.SendFriendRequestResponseOrBuilder	protobuf	lunar.jar
com.lunarclient.websocket.friend.v1.ServiceProto	protobuf	lunar.jar
com.lunarclient.websocket.friend.v1.SetCountryFlagVisibilityRequest	protobuf	lunar.jar
com.lunarclient.websocket.friend.v1.SetCountryFlagVisibilityRequestOrBuilder	protobuf	lunar.jar
com.lunarclient.websocket.friend.v1.SetCountryFlagVisibilityResponse	protobuf	lunar.jar
com.lunarclient.websocket.friend.v1.SetCountryFlagVisibilityResponseOrBuilder	protobuf	lunar.jar
com.lunarclient.websocket.friend.v1.SetGroupChatInvitePrivacyRequest	protobuf	lunar.jar
com.lunarclient.websocket.friend.v1.SetGroupChatInvitePrivacyRequestOrBuilder	protobuf	lunar.jar
com.lunarclient.websocket.friend.v1.SetGroupChatInvitePrivacyResponse	protobuf	lunar.jar
com.lunarclient.websocket.friend.v1.SetGroupChatInvitePrivacyResponseOrBuilder	protobuf	lunar.jar
com.lunarclient.websocket.friend.v1.SetLastSeenVisibilityRequest	protobuf	lunar.jar
com.lunarclient.websocket.friend.v1.SetLastSeenVisibilityRequestOrBuilder	protobuf	lunar.jar
com.lunarclient.websocket.friend.v1.SetLastSeenVisibilityResponse	protobuf	lunar.jar
com.lunarclient.websocket.friend.v1.SetLastSeenVisibilityResponseOrBuilder	protobuf	lunar.jar
com.lunarclient.websocket.friend.v1.ToggleFriendRequestsRequest	protobuf	lunar.jar
com.lunarclient.websocket.friend.v1.ToggleFriendRequestsRequestOrBuilder	protobuf	lunar.jar
com.lunarclient.websocket.friend.v1.ToggleFriendRequestsResponse	protobuf	lunar.jar
com.lunarclient.websocket.friend.v1.ToggleFriendRequestsResponseOrBuilder	protobuf	lunar.jar
com.lunarclient.websocket.handshake.v1.CommonProto	protobuf	lunar.jar
com.lunarclient.websocket.handshake.v1.GameHandshake	protobuf	lunar.jar
com.lunarclient.websocket.handshake.v1.GameHandshakeOrBuilder	protobuf	lunar.jar
com.lunarclient.websocket.handshake.v1.Handshake	protobuf	lunar.jar
com.lunarclient.websocket.handshake.v1.HandshakeOrBuilder	protobuf	lunar.jar
com.lunarclient.websocket.handshake.v1.InstalledMod	protobuf	lunar.jar
com.lunarclient.websocket.handshake.v1.InstalledModOrBuilder	protobuf	lunar.jar
com.lunarclient.websocket.handshake.v1.LauncherHandshake	protobuf	lunar.jar
com.lunarclient.websocket.handshake.v1.LauncherHandshakeOrBuilder	protobuf	lunar.jar
com.lunarclient.websocket.handshake.v1.MesaGpuMemory	protobuf	lunar.jar
com.lunarclient.websocket.handshake.v1.MesaGpuMemoryOrBuilder	protobuf	lunar.jar
com.lunarclient.websocket.handshake.v1.MinecraftIdentity	protobuf	lunar.jar
com.lunarclient.websocket.handshake.v1.MinecraftIdentityOrBuilder	protobuf	lunar.jar
com.lunarclient.websocket.handshake.v1.NvidiaGpuMemory	protobuf	lunar.jar
com.lunarclient.websocket.handshake.v1.NvidiaGpuMemoryOrBuilder	protobuf	lunar.jar
com.lunarclient.websocket.handshake.v1.PushProto	protobuf	lunar.jar
com.lunarclient.websocket.handshake.v1.SessionIdentifyPush	protobuf	lunar.jar
com.lunarclient.websocket.handshake.v1.SessionIdentifyPushOrBuilder	protobuf	lunar.jar
com.lunarclient.websocket.heartbeat.v1.CheckForUpdatesPush	protobuf	lunar.jar
com.lunarclient.websocket.heartbeat.v1.CheckForUpdatesPushOrBuilder	protobuf	lunar.jar
com.lunarclient.websocket.heartbeat.v1.CommonProto	protobuf	lunar.jar
com.lunarclient.websocket.heartbeat.v1.GameHeartbeatRequest	protobuf	lunar.jar
com.lunarclient.websocket.heartbeat.v1.GameHeartbeatRequestOrBuilder	protobuf	lunar.jar
com.lunarclient.websocket.heartbeat.v1.GameHeartbeatResponse	protobuf	lunar.jar
com.lunarclient.websocket.heartbeat.v1.GameHeartbeatResponseOrBuilder	protobuf	lunar.jar
com.lunarclient.websocket.heartbeat.v1.HeartbeatService	protobuf	lunar.jar
com.lunarclient.websocket.heartbeat.v1.LauncherHeartbeatRequest	protobuf	lunar.jar
com.lunarclient.websocket.heartbeat.v1.LauncherHeartbeatRequestOrBuilder	protobuf	lunar.jar
com.lunarclient.websocket.heartbeat.v1.LauncherHeartbeatResponse	protobuf	lunar.jar
com.lunarclient.websocket.heartbeat.v1.LauncherHeartbeatResponseOrBuilder	protobuf	lunar.jar
com.lunarclient.websocket.heartbeat.v1.OnlineCounts	protobuf	lunar.jar
com.lunarclient.websocket.heartbeat.v1.OnlineCountsOrBuilder	protobuf	lunar.jar
com.lunarclient.websocket.heartbeat.v1.OpenRenderer	protobuf	lunar.jar
com.lunarclient.websocket.heartbeat.v1.OpenRendererOrBuilder	protobuf	lunar.jar
com.lunarclient.websocket.heartbeat.v1.PushProto	protobuf	lunar.jar
com.lunarclient.websocket.heartbeat.v1.RefreshMetadataPush	protobuf	lunar.jar
com.lunarclient.websocket.heartbeat.v1.RefreshMetadataPushOrBuilder	protobuf	lunar.jar
com.lunarclient.websocket.heartbeat.v1.RendererPosition	protobuf	lunar.jar
com.lunarclient.websocket.heartbeat.v1.RendererPositionOrBuilder	protobuf	lunar.jar
com.lunarclient.websocket.heartbeat.v1.RunningInstance	protobuf	lunar.jar
com.lunarclient.websocket.heartbeat.v1.RunningInstanceLoader	protobuf	lunar.jar
com.lunarclient.websocket.heartbeat.v1.RunningInstanceLoaderOrBuilder	protobuf	lunar.jar
com.lunarclient.websocket.heartbeat.v1.RunningInstanceOrBuilder	protobuf	lunar.jar
com.lunarclient.websocket.heartbeat.v1.ServiceProto	protobuf	lunar.jar
com.lunarclient.websocket.hostedworld.v1.AddressAndPort	protobuf	lunar.jar
com.lunarclient.websocket.hostedworld.v1.AddressAndPortOrBuilder	protobuf	lunar.jar
com.lunarclient.websocket.hostedworld.v1.CommonProto	protobuf	lunar.jar
com.lunarclient.websocket.hostedworld.v1.ConfirmHostedWorldJoinRequest	protobuf	lunar.jar
com.lunarclient.websocket.hostedworld.v1.ConfirmHostedWorldJoinRequestOrBuilder	protobuf	lunar.jar
com.lunarclient.websocket.hostedworld.v1.ConfirmHostedWorldJoinResponse	protobuf	lunar.jar
com.lunarclient.websocket.hostedworld.v1.ConfirmHostedWorldJoinResponseOrBuilder	protobuf	lunar.jar
com.lunarclient.websocket.hostedworld.v1.Heartbeat	protobuf	lunar.jar
com.lunarclient.websocket.hostedworld.v1.HeartbeatOrBuilder	protobuf	lunar.jar
com.lunarclient.websocket.hostedworld.v1.HostedWorldAvailablePush	protobuf	lunar.jar
com.lunarclient.websocket.hostedworld.v1.HostedWorldAvailablePushOrBuilder	protobuf	lunar.jar
com.lunarclient.websocket.hostedworld.v1.HostedWorldHeartbeatRequest	protobuf	lunar.jar
com.lunarclient.websocket.hostedworld.v1.HostedWorldHeartbeatRequestOrBuilder	protobuf	lunar.jar
com.lunarclient.websocket.hostedworld.v1.HostedWorldHeartbeatResponse	protobuf	lunar.jar
com.lunarclient.websocket.hostedworld.v1.HostedWorldHeartbeatResponseOrBuilder	protobuf	lunar.jar
com.lunarclient.websocket.hostedworld.v1.HostedWorldService	protobuf	lunar.jar
com.lunarclient.websocket.hostedworld.v1.HostedWorldStatusPush	protobuf	lunar.jar
com.lunarclient.websocket.hostedworld.v1.HostedWorldStatusPushOrBuilder	protobuf	lunar.jar
com.lunarclient.websocket.hostedworld.v1.HostedWorldWhitelistedPush	protobuf	lunar.jar
com.lunarclient.websocket.hostedworld.v1.HostedWorldWhitelistedPushOrBuilder	protobuf	lunar.jar
com.lunarclient.websocket.hostedworld.v1.JoinHostedWorldPush	protobuf	lunar.jar
com.lunarclient.websocket.hostedworld.v1.JoinHostedWorldPushOrBuilder	protobuf	lunar.jar
com.lunarclient.websocket.hostedworld.v1.JoinHostedWorldRequest	protobuf	lunar.jar
com.lunarclient.websocket.hostedworld.v1.JoinHostedWorldRequestOrBuilder	protobuf	lunar.jar
com.lunarclient.websocket.hostedworld.v1.JoinHostedWorldResponse	protobuf	lunar.jar
com.lunarclient.websocket.hostedworld.v1.JoinHostedWorldResponseOrBuilder	protobuf	lunar.jar
com.lunarclient.websocket.hostedworld.v1.JoinSource	protobuf	lunar.jar
com.lunarclient.websocket.hostedworld.v1.Joinability	protobuf	lunar.jar
com.lunarclient.websocket.hostedworld.v1.ListHostedWorldsRequest	protobuf	lunar.jar
com.lunarclient.websocket.hostedworld.v1.ListHostedWorldsRequestOrBuilder	protobuf	lunar.jar
com.lunarclient.websocket.hostedworld.v1.ListHostedWorldsResponse	protobuf	lunar.jar
com.lunarclient.websocket.hostedworld.v1.ListHostedWorldsResponseOrBuilder	protobuf	lunar.jar
com.lunarclient.websocket.hostedworld.v1.LoginRequest	protobuf	lunar.jar
com.lunarclient.websocket.hostedworld.v1.LoginRequestOrBuilder	protobuf	lunar.jar
com.lunarclient.websocket.hostedworld.v1.LoginResponse	protobuf	lunar.jar
com.lunarclient.websocket.hostedworld.v1.LoginResponseOrBuilder	protobuf	lunar.jar
com.lunarclient.websocket.hostedworld.v1.PingResponse	protobuf	lunar.jar
com.lunarclient.websocket.hostedworld.v1.PingResponseOrBuilder	protobuf	lunar.jar
com.lunarclient.websocket.hostedworld.v1.PreJoinHostedWorldRequest	protobuf	lunar.jar
com.lunarclient.websocket.hostedworld.v1.PreJoinHostedWorldRequestOrBuilder	protobuf	lunar.jar
com.lunarclient.websocket.hostedworld.v1.PreJoinHostedWorldResponse	protobuf	lunar.jar
com.lunarclient.websocket.hostedworld.v1.PreJoinHostedWorldResponseOrBuilder	protobuf	lunar.jar
com.lunarclient.websocket.hostedworld.v1.PushProto	protobuf	lunar.jar
com.lunarclient.websocket.hostedworld.v1.Role	protobuf	lunar.jar
com.lunarclient.websocket.hostedworld.v1.ServiceProto	protobuf	lunar.jar
com.lunarclient.websocket.hostedworld.v1.StartHostingWorldRequest	protobuf	lunar.jar
com.lunarclient.websocket.hostedworld.v1.StartHostingWorldRequestOrBuilder	protobuf	lunar.jar
com.lunarclient.websocket.hostedworld.v1.StartHostingWorldResponse	protobuf	lunar.jar
com.lunarclient.websocket.hostedworld.v1.StartHostingWorldResponseOrBuilder	protobuf	lunar.jar
com.lunarclient.websocket.hostedworld.v1.StopHostingWorldRequest	protobuf	lunar.jar
com.lunarclient.websocket.hostedworld.v1.StopHostingWorldRequestOrBuilder	protobuf	lunar.jar
com.lunarclient.websocket.hostedworld.v1.StopHostingWorldResponse	protobuf	lunar.jar
com.lunarclient.websocket.hostedworld.v1.StopHostingWorldResponseOrBuilder	protobuf	lunar.jar
com.lunarclient.websocket.jam.v1.CommonProto	protobuf	lunar.jar
com.lunarclient.websocket.jam.v1.JamService	protobuf	lunar.jar
com.lunarclient.websocket.jam.v1.LoginRequest	protobuf	lunar.jar
com.lunarclient.websocket.jam.v1.LoginRequestOrBuilder	protobuf	lunar.jar
com.lunarclient.websocket.jam.v1.LoginResponse	protobuf	lunar.jar
com.lunarclient.websocket.jam.v1.LoginResponseOrBuilder	protobuf	lunar.jar
com.lunarclient.websocket.jam.v1.OwnedJam	protobuf	lunar.jar
com.lunarclient.websocket.jam.v1.OwnedJamOrBuilder	protobuf	lunar.jar
com.lunarclient.websocket.jam.v1.PushProto	protobuf	lunar.jar
com.lunarclient.websocket.jam.v1.RefreshJamsPush	protobuf	lunar.jar
com.lunarclient.websocket.jam.v1.RefreshJamsPushOrBuilder	protobuf	lunar.jar
com.lunarclient.websocket.jam.v1.ServiceProto	protobuf	lunar.jar
com.lunarclient.websocket.language.v1.CommonProto	protobuf	lunar.jar
com.lunarclient.websocket.language.v1.Language	protobuf	lunar.jar
com.lunarclient.websocket.language.v1.LanguageOrBuilder	protobuf	lunar.jar
com.lunarclient.websocket.language.v1.LanguageService	protobuf	lunar.jar
com.lunarclient.websocket.language.v1.ServiceProto	protobuf	lunar.jar
com.lunarclient.websocket.language.v1.UpdateLanguageRequest	protobuf	lunar.jar
com.lunarclient.websocket.language.v1.UpdateLanguageRequestOrBuilder	protobuf	lunar.jar
com.lunarclient.websocket.language.v1.UpdateLanguageResponse	protobuf	lunar.jar
com.lunarclient.websocket.language.v1.UpdateLanguageResponseOrBuilder	protobuf	lunar.jar
com.lunarclient.websocket.legacyapi.v1.LegacyApiService	protobuf	lunar.jar
com.lunarclient.websocket.legacyapi.v1.RecordDeprecatedApiUsageRequest	protobuf	lunar.jar
com.lunarclient.websocket.legacyapi.v1.RecordDeprecatedApiUsageRequestOrBuilder	protobuf	lunar.jar
com.lunarclient.websocket.legacyapi.v1.RecordDeprecatedApiUsageResponse	protobuf	lunar.jar
com.lunarclient.websocket.legacyapi.v1.RecordDeprecatedApiUsageResponseOrBuilder	protobuf	lunar.jar
com.lunarclient.websocket.legacyapi.v1.ServiceProto	protobuf	lunar.jar
com.lunarclient.websocket.liveexperience.v1.AddressAndPort	protobuf	lunar.jar
com.lunarclient.websocket.liveexperience.v1.AddressAndPortOrBuilder	protobuf	lunar.jar
com.lunarclient.websocket.liveexperience.v1.CommonProto	protobuf	lunar.jar
com.lunarclient.websocket.liveexperience.v1.JoinLiveExperienceRequest	protobuf	lunar.jar
com.lunarclient.websocket.liveexperience.v1.JoinLiveExperienceRequestOrBuilder	protobuf	lunar.jar
com.lunarclient.websocket.liveexperience.v1.JoinLiveExperienceResponse	protobuf	lunar.jar
com.lunarclient.websocket.liveexperience.v1.JoinLiveExperienceResponseOrBuilder	protobuf	lunar.jar
com.lunarclient.websocket.liveexperience.v1.LiveExperience	protobuf	lunar.jar
com.lunarclient.websocket.liveexperience.v1.LiveExperienceOrBuilder	protobuf	lunar.jar
com.lunarclient.websocket.liveexperience.v1.LiveExperienceService	protobuf	lunar.jar
com.lunarclient.websocket.liveexperience.v1.LoadLiveExperienceRequest	protobuf	lunar.jar
com.lunarclient.websocket.liveexperience.v1.LoadLiveExperienceRequestOrBuilder	protobuf	lunar.jar
com.lunarclient.websocket.liveexperience.v1.LoadLiveExperienceResponse	protobuf	lunar.jar
com.lunarclient.websocket.liveexperience.v1.LoadLiveExperienceResponseOrBuilder	protobuf	lunar.jar
com.lunarclient.websocket.liveexperience.v1.ServiceProto	protobuf	lunar.jar
com.lunarclient.websocket.logupload.v1.CompleteLogUploadRequest	protobuf	lunar.jar
com.lunarclient.websocket.logupload.v1.CompleteLogUploadRequestOrBuilder	protobuf	lunar.jar
com.lunarclient.websocket.logupload.v1.CompleteLogUploadResponse	protobuf	lunar.jar
com.lunarclient.websocket.logupload.v1.CompleteLogUploadResponseOrBuilder	protobuf	lunar.jar
com.lunarclient.websocket.logupload.v1.LogUploadService	protobuf	lunar.jar
com.lunarclient.websocket.logupload.v1.ServiceProto	protobuf	lunar.jar
com.lunarclient.websocket.logupload.v1.StartLogUploadRequest	protobuf	lunar.jar
com.lunarclient.websocket.logupload.v1.StartLogUploadRequestOrBuilder	protobuf	lunar.jar
com.lunarclient.websocket.logupload.v1.StartLogUploadResponse	protobuf	lunar.jar
com.lunarclient.websocket.logupload.v1.StartLogUploadResponseOrBuilder	protobuf	lunar.jar
com.lunarclient.websocket.marker.v1.BroadcastNewMarkerRequest	protobuf	lunar.jar
com.lunarclient.websocket.marker.v1.BroadcastNewMarkerRequestOrBuilder	protobuf	lunar.jar
com.lunarclient.websocket.marker.v1.BroadcastNewMarkerResponse	protobuf	lunar.jar
com.lunarclient.websocket.marker.v1.BroadcastNewMarkerResponseOrBuilder	protobuf	lunar.jar
com.lunarclient.websocket.marker.v1.CommonProto	protobuf	lunar.jar
com.lunarclient.websocket.marker.v1.Marker	protobuf	lunar.jar
com.lunarclient.websocket.marker.v1.MarkerOrBuilder	protobuf	lunar.jar
com.lunarclient.websocket.marker.v1.MarkerService	protobuf	lunar.jar
com.lunarclient.websocket.marker.v1.NewMarkerPush	protobuf	lunar.jar
com.lunarclient.websocket.marker.v1.NewMarkerPushOrBuilder	protobuf	lunar.jar
com.lunarclient.websocket.marker.v1.PushProto	protobuf	lunar.jar
com.lunarclient.websocket.marker.v1.ServiceProto	protobuf	lunar.jar
com.lunarclient.websocket.notification.v1.CommonProto	protobuf	lunar.jar
com.lunarclient.websocket.notification.v1.DeleteNotificationRequest	protobuf	lunar.jar
com.lunarclient.websocket.notification.v1.DeleteNotificationRequestOrBuilder	protobuf	lunar.jar
com.lunarclient.websocket.notification.v1.DeleteNotificationResponse	protobuf	lunar.jar
com.lunarclient.websocket.notification.v1.DeleteNotificationResponseOrBuilder	protobuf	lunar.jar
com.lunarclient.websocket.notification.v1.DisplayChatMessagePush	protobuf	lunar.jar
com.lunarclient.websocket.notification.v1.DisplayChatMessagePushOrBuilder	protobuf	lunar.jar
com.lunarclient.websocket.notification.v1.DisplayNotificationPush	protobuf	lunar.jar
com.lunarclient.websocket.notification.v1.DisplayNotificationPushOrBuilder	protobuf	lunar.jar
com.lunarclient.websocket.notification.v1.LoginRequest	protobuf	lunar.jar
com.lunarclient.websocket.notification.v1.LoginRequestOrBuilder	protobuf	lunar.jar
com.lunarclient.websocket.notification.v1.LoginResponse	protobuf	lunar.jar
com.lunarclient.websocket.notification.v1.LoginResponseOrBuilder	protobuf	lunar.jar
com.lunarclient.websocket.notification.v1.MarkAllNotificationsAsReadRequest	protobuf	lunar.jar
com.lunarclient.websocket.notification.v1.MarkAllNotificationsAsReadRequestOrBuilder	protobuf	lunar.jar
com.lunarclient.websocket.notification.v1.MarkAllNotificationsAsReadResponse	protobuf	lunar.jar
com.lunarclient.websocket.notification.v1.MarkAllNotificationsAsReadResponseOrBuilder	protobuf	lunar.jar
com.lunarclient.websocket.notification.v1.NewNotificationPush	protobuf	lunar.jar
com.lunarclient.websocket.notification.v1.NewNotificationPushOrBuilder	protobuf	lunar.jar
com.lunarclient.websocket.notification.v1.Notification	protobuf	lunar.jar
com.lunarclient.websocket.notification.v1.NotificationOrBuilder	protobuf	lunar.jar
com.lunarclient.websocket.notification.v1.NotificationService	protobuf	lunar.jar
com.lunarclient.websocket.notification.v1.OpenAlertRequest	protobuf	lunar.jar
com.lunarclient.websocket.notification.v1.OpenAlertRequestOrBuilder	protobuf	lunar.jar
com.lunarclient.websocket.notification.v1.OpenAlertResponse	protobuf	lunar.jar
com.lunarclient.websocket.notification.v1.OpenAlertResponseOrBuilder	protobuf	lunar.jar
com.lunarclient.websocket.notification.v1.OpenNotificationRequest	protobuf	lunar.jar
com.lunarclient.websocket.notification.v1.OpenNotificationRequestOrBuilder	protobuf	lunar.jar
com.lunarclient.websocket.notification.v1.OpenNotificationResponse	protobuf	lunar.jar
com.lunarclient.websocket.notification.v1.OpenNotificationResponseOrBuilder	protobuf	lunar.jar
com.lunarclient.websocket.notification.v1.PushProto	protobuf	lunar.jar
com.lunarclient.websocket.notification.v1.RemoveNotificationPush	protobuf	lunar.jar
com.lunarclient.websocket.notification.v1.RemoveNotificationPushOrBuilder	protobuf	lunar.jar
com.lunarclient.websocket.notification.v1.ServiceProto	protobuf	lunar.jar
com.lunarclient.websocket.paynow.v1.OpenPayNowCheckoutPush	protobuf	lunar.jar
com.lunarclient.websocket.paynow.v1.OpenPayNowCheckoutPushOrBuilder	protobuf	lunar.jar
com.lunarclient.websocket.paynow.v1.PayNowCheckoutClosedRequest	protobuf	lunar.jar
com.lunarclient.websocket.paynow.v1.PayNowCheckoutClosedRequestOrBuilder	protobuf	lunar.jar
com.lunarclient.websocket.paynow.v1.PayNowCheckoutClosedResponse	protobuf	lunar.jar
com.lunarclient.websocket.paynow.v1.PayNowCheckoutClosedResponseOrBuilder	protobuf	lunar.jar
com.lunarclient.websocket.paynow.v1.PayNowCheckoutOpenedRequest	protobuf	lunar.jar
com.lunarclient.websocket.paynow.v1.PayNowCheckoutOpenedRequestOrBuilder	protobuf	lunar.jar
com.lunarclient.websocket.paynow.v1.PayNowCheckoutOpenedResponse	protobuf	lunar.jar
com.lunarclient.websocket.paynow.v1.PayNowCheckoutOpenedResponseOrBuilder	protobuf	lunar.jar
com.lunarclient.websocket.paynow.v1.PayNowService	protobuf	lunar.jar
com.lunarclient.websocket.paynow.v1.PushProto	protobuf	lunar.jar
com.lunarclient.websocket.paynow.v1.ServiceProto	protobuf	lunar.jar
com.lunarclient.websocket.performance.v1.CompleteJfrUploadRequest	protobuf	lunar.jar
com.lunarclient.websocket.performance.v1.CompleteJfrUploadRequestOrBuilder	protobuf	lunar.jar
com.lunarclient.websocket.performance.v1.CompleteJfrUploadResponse	protobuf	lunar.jar
com.lunarclient.websocket.performance.v1.CompleteJfrUploadResponseOrBuilder	protobuf	lunar.jar
com.lunarclient.websocket.performance.v1.PerformanceService	protobuf	lunar.jar
com.lunarclient.websocket.performance.v1.PushProto	protobuf	lunar.jar
com.lunarclient.websocket.performance.v1.RecordPerfSnapshotRequest	protobuf	lunar.jar
com.lunarclient.websocket.performance.v1.RecordPerfSnapshotRequestOrBuilder	protobuf	lunar.jar
com.lunarclient.websocket.performance.v1.RecordPerfSnapshotResponse	protobuf	lunar.jar
com.lunarclient.websocket.performance.v1.RecordPerfSnapshotResponseOrBuilder	protobuf	lunar.jar
com.lunarclient.websocket.performance.v1.ServiceProto	protobuf	lunar.jar
com.lunarclient.websocket.performance.v1.StartJfrProfilePush	protobuf	lunar.jar
com.lunarclient.websocket.performance.v1.StartJfrProfilePushOrBuilder	protobuf	lunar.jar
com.lunarclient.websocket.performance.v1.StartJfrUploadRequest	protobuf	lunar.jar
com.lunarclient.websocket.performance.v1.StartJfrUploadRequestOrBuilder	protobuf	lunar.jar
com.lunarclient.websocket.performance.v1.StartJfrUploadResponse	protobuf	lunar.jar
com.lunarclient.websocket.performance.v1.StartJfrUploadResponseOrBuilder	protobuf	lunar.jar
com.lunarclient.websocket.performance.v1.StopJfrProfilePush	protobuf	lunar.jar
com.lunarclient.websocket.performance.v1.StopJfrProfilePushOrBuilder	protobuf	lunar.jar
com.lunarclient.websocket.promotion.v1.BadgePromotionReward	protobuf	lunar.jar
com.lunarclient.websocket.promotion.v1.BadgePromotionRewardOrBuilder	protobuf	lunar.jar
com.lunarclient.websocket.promotion.v1.ClaimOutplayedRewardRequest	protobuf	lunar.jar
com.lunarclient.websocket.promotion.v1.ClaimOutplayedRewardRequestOrBuilder	protobuf	lunar.jar
com.lunarclient.websocket.promotion.v1.ClaimOutplayedRewardResponse	protobuf	lunar.jar
com.lunarclient.websocket.promotion.v1.ClaimOutplayedRewardResponseOrBuilder	protobuf	lunar.jar
com.lunarclient.websocket.promotion.v1.ClaimPendingRewardRequest	protobuf	lunar.jar
com.lunarclient.websocket.promotion.v1.ClaimPendingRewardRequestOrBuilder	protobuf	lunar.jar
com.lunarclient.websocket.promotion.v1.ClaimPendingRewardResponse	protobuf	lunar.jar
com.lunarclient.websocket.promotion.v1.ClaimPendingRewardResponseOrBuilder	protobuf	lunar.jar
com.lunarclient.websocket.promotion.v1.ClaimRewindPuzzleRewardRequest	protobuf	lunar.jar
com.lunarclient.websocket.promotion.v1.ClaimRewindPuzzleRewardRequestOrBuilder	protobuf	lunar.jar
com.lunarclient.websocket.promotion.v1.ClaimRewindPuzzleRewardResponse	protobuf	lunar.jar
com.lunarclient.websocket.promotion.v1.ClaimRewindPuzzleRewardResponseOrBuilder	protobuf	lunar.jar
com.lunarclient.websocket.promotion.v1.CommonProto	protobuf	lunar.jar
com.lunarclient.websocket.promotion.v1.CosmeticPromotionReward	protobuf	lunar.jar
com.lunarclient.websocket.promotion.v1.CosmeticPromotionRewardOrBuilder	protobuf	lunar.jar
com.lunarclient.websocket.promotion.v1.EmotePromotionReward	protobuf	lunar.jar
com.lunarclient.websocket.promotion.v1.EmotePromotionRewardOrBuilder	protobuf	lunar.jar
com.lunarclient.websocket.promotion.v1.EndPromotionViewRequest	protobuf	lunar.jar
com.lunarclient.websocket.promotion.v1.EndPromotionViewRequestOrBuilder	protobuf	lunar.jar
com.lunarclient.websocket.promotion.v1.EndPromotionViewResponse	protobuf	lunar.jar
com.lunarclient.websocket.promotion.v1.EndPromotionViewResponseOrBuilder	protobuf	lunar.jar
com.lunarclient.websocket.promotion.v1.LoginRequest	protobuf	lunar.jar
com.lunarclient.websocket.promotion.v1.LoginRequestOrBuilder	protobuf	lunar.jar
com.lunarclient.websocket.promotion.v1.LoginResponse	protobuf	lunar.jar
com.lunarclient.websocket.promotion.v1.LoginResponseOrBuilder	protobuf	lunar.jar
com.lunarclient.websocket.promotion.v1.PendingReward	protobuf	lunar.jar
com.lunarclient.websocket.promotion.v1.PendingRewardOrBuilder	protobuf	lunar.jar
com.lunarclient.websocket.promotion.v1.PendingRewardType	protobuf	lunar.jar
com.lunarclient.websocket.promotion.v1.PromotionReward	protobuf	lunar.jar
com.lunarclient.websocket.promotion.v1.PromotionRewardOrBuilder	protobuf	lunar.jar
com.lunarclient.websocket.promotion.v1.PromotionService	protobuf	lunar.jar
com.lunarclient.websocket.promotion.v1.ServiceProto	protobuf	lunar.jar
com.lunarclient.websocket.promotion.v1.SprayPromotionReward	protobuf	lunar.jar
com.lunarclient.websocket.promotion.v1.SprayPromotionRewardOrBuilder	protobuf	lunar.jar
com.lunarclient.websocket.promotion.v1.StartPromotionViewRequest	protobuf	lunar.jar
com.lunarclient.websocket.promotion.v1.StartPromotionViewRequestOrBuilder	protobuf	lunar.jar
com.lunarclient.websocket.promotion.v1.StartPromotionViewResponse	protobuf	lunar.jar
com.lunarclient.websocket.promotion.v1.StartPromotionViewResponseOrBuilder	protobuf	lunar.jar
com.lunarclient.websocket.protocol.v1.AllowedSender	protobuf	lunar.jar
com.lunarclient.websocket.protocol.v1.ClientboundWebSocketMessage	protobuf	lunar.jar
com.lunarclient.websocket.protocol.v1.ClientboundWebSocketMessageOrBuilder	protobuf	lunar.jar
com.lunarclient.websocket.protocol.v1.CommonProto	protobuf	lunar.jar
com.lunarclient.websocket.protocol.v1.PushProto	protobuf	lunar.jar
com.lunarclient.websocket.protocol.v1.ServerboundWebSocketMessage	protobuf	lunar.jar
com.lunarclient.websocket.protocol.v1.ServerboundWebSocketMessageOrBuilder	protobuf	lunar.jar
com.lunarclient.websocket.protocol.v1.WebSocketRichClosePush	protobuf	lunar.jar
com.lunarclient.websocket.protocol.v1.WebSocketRichClosePushOrBuilder	protobuf	lunar.jar
com.lunarclient.websocket.protocol.v1.WebSocketRpcResponse	protobuf	lunar.jar
com.lunarclient.websocket.protocol.v1.WebSocketRpcResponseOrBuilder	protobuf	lunar.jar
com.lunarclient.websocket.radio.v1.BroadcastRadioInfoChangeRequest	protobuf	lunar.jar
com.lunarclient.websocket.radio.v1.BroadcastRadioInfoChangeRequestOrBuilder	protobuf	lunar.jar
com.lunarclient.websocket.radio.v1.BroadcastRadioInfoChangeResponse	protobuf	lunar.jar
com.lunarclient.websocket.radio.v1.BroadcastRadioInfoChangeResponseOrBuilder	protobuf	lunar.jar
com.lunarclient.websocket.radio.v1.CommonProto	protobuf	lunar.jar
com.lunarclient.websocket.radio.v1.InboundRadioInfo	protobuf	lunar.jar
com.lunarclient.websocket.radio.v1.InboundRadioInfoOrBuilder	protobuf	lunar.jar
com.lunarclient.websocket.radio.v1.InboundRadioStation	protobuf	lunar.jar
com.lunarclient.websocket.radio.v1.InboundRadioStationOrBuilder	protobuf	lunar.jar
com.lunarclient.websocket.radio.v1.InboundRadioTrack	protobuf	lunar.jar
com.lunarclient.websocket.radio.v1.InboundRadioTrackOrBuilder	protobuf	lunar.jar
com.lunarclient.websocket.radio.v1.LoginRequest	protobuf	lunar.jar
com.lunarclient.websocket.radio.v1.LoginRequestOrBuilder	protobuf	lunar.jar
com.lunarclient.websocket.radio.v1.LoginResponse	protobuf	lunar.jar
com.lunarclient.websocket.radio.v1.LoginResponseOrBuilder	protobuf	lunar.jar
com.lunarclient.websocket.radio.v1.PlayerRadioPush	protobuf	lunar.jar
com.lunarclient.websocket.radio.v1.PlayerRadioPushOrBuilder	protobuf	lunar.jar
com.lunarclient.websocket.radio.v1.PushProto	protobuf	lunar.jar
com.lunarclient.websocket.radio.v1.RadioPlayingVisibility	protobuf	lunar.jar
com.lunarclient.websocket.radio.v1.RadioService	protobuf	lunar.jar
com.lunarclient.websocket.radio.v1.RefreshRadioPush	protobuf	lunar.jar
com.lunarclient.websocket.radio.v1.RefreshRadioPushOrBuilder	protobuf	lunar.jar
com.lunarclient.websocket.radio.v1.ServiceProto	protobuf	lunar.jar
com.lunarclient.websocket.radio.v1.SetRadioPlayingVisibilityRequest	protobuf	lunar.jar
com.lunarclient.websocket.radio.v1.SetRadioPlayingVisibilityRequestOrBuilder	protobuf	lunar.jar
com.lunarclient.websocket.radio.v1.SetRadioPlayingVisibilityResponse	protobuf	lunar.jar
com.lunarclient.websocket.radio.v1.SetRadioPlayingVisibilityResponseOrBuilder	protobuf	lunar.jar
com.lunarclient.websocket.screenshot.v1.CommonProto	protobuf	lunar.jar
com.lunarclient.websocket.screenshot.v1.Dimensions	protobuf	lunar.jar
com.lunarclient.websocket.screenshot.v1.DimensionsOrBuilder	protobuf	lunar.jar
com.lunarclient.websocket.screenshot.v1.ExtraScreenshotData	protobuf	lunar.jar
com.lunarclient.websocket.screenshot.v1.ExtraScreenshotDataOrBuilder	protobuf	lunar.jar
com.lunarclient.websocket.screenshot.v1.LoginRequest	protobuf	lunar.jar
com.lunarclient.websocket.screenshot.v1.LoginRequestOrBuilder	protobuf	lunar.jar
com.lunarclient.websocket.screenshot.v1.LoginResponse	protobuf	lunar.jar
com.lunarclient.websocket.screenshot.v1.LoginResponseOrBuilder	protobuf	lunar.jar
com.lunarclient.websocket.screenshot.v1.Perspective	protobuf	lunar.jar
com.lunarclient.websocket.screenshot.v1.PlayerState	protobuf	lunar.jar
com.lunarclient.websocket.screenshot.v1.PushProto	protobuf	lunar.jar
com.lunarclient.websocket.screenshot.v1.RecordScreenshotRequest	protobuf	lunar.jar
com.lunarclient.websocket.screenshot.v1.RecordScreenshotRequestOrBuilder	protobuf	lunar.jar
com.lunarclient.websocket.screenshot.v1.RecordScreenshotResponse	protobuf	lunar.jar
com.lunarclient.websocket.screenshot.v1.RecordScreenshotResponseOrBuilder	protobuf	lunar.jar
com.lunarclient.websocket.screenshot.v1.RefreshScreenshotsPush	protobuf	lunar.jar
com.lunarclient.websocket.screenshot.v1.RefreshScreenshotsPushOrBuilder	protobuf	lunar.jar
com.lunarclient.websocket.screenshot.v1.ScreenshotMessage	protobuf	lunar.jar
com.lunarclient.websocket.screenshot.v1.ScreenshotMessageOrBuilder	protobuf	lunar.jar
com.lunarclient.websocket.screenshot.v1.ScreenshotPlayer	protobuf	lunar.jar
com.lunarclient.websocket.screenshot.v1.ScreenshotPlayerOrBuilder	protobuf	lunar.jar
com.lunarclient.websocket.screenshot.v1.ScreenshotPrivacy	protobuf	lunar.jar
com.lunarclient.websocket.screenshot.v1.ScreenshotService	protobuf	lunar.jar
com.lunarclient.websocket.screenshot.v1.ServiceProto	protobuf	lunar.jar
com.lunarclient.websocket.screenshot.v1.SetDefaultUploadPrivacyRequest	protobuf	lunar.jar
com.lunarclient.websocket.screenshot.v1.SetDefaultUploadPrivacyRequestOrBuilder	protobuf	lunar.jar
com.lunarclient.websocket.screenshot.v1.SetDefaultUploadPrivacyResponse	protobuf	lunar.jar
com.lunarclient.websocket.screenshot.v1.SetDefaultUploadPrivacyResponseOrBuilder	protobuf	lunar.jar
com.lunarclient.websocket.screenshot.v1.Weather	protobuf	lunar.jar
com.lunarclient.websocket.server.v1.CheckAuthorizedFeaturesRequest	protobuf	lunar.jar
com.lunarclient.websocket.server.v1.CheckAuthorizedFeaturesRequestOrBuilder	protobuf	lunar.jar
com.lunarclient.websocket.server.v1.CheckAuthorizedFeaturesResponse	protobuf	lunar.jar
com.lunarclient.websocket.server.v1.CheckAuthorizedFeaturesResponseOrBuilder	protobuf	lunar.jar
com.lunarclient.websocket.server.v1.CheckServerRecommendationsRequest	protobuf	lunar.jar
com.lunarclient.websocket.server.v1.CheckServerRecommendationsRequestOrBuilder	protobuf	lunar.jar
com.lunarclient.websocket.server.v1.CheckServerRecommendationsResponse	protobuf	lunar.jar
com.lunarclient.websocket.server.v1.CheckServerRecommendationsResponseOrBuilder	protobuf	lunar.jar
com.lunarclient.websocket.server.v1.CommonProto	protobuf	lunar.jar
com.lunarclient.websocket.server.v1.GetPlayerCountsRequest	protobuf	lunar.jar
com.lunarclient.websocket.server.v1.GetPlayerCountsRequestOrBuilder	protobuf	lunar.jar
com.lunarclient.websocket.server.v1.GetPlayerCountsResponse	protobuf	lunar.jar
com.lunarclient.websocket.server.v1.GetPlayerCountsResponseOrBuilder	protobuf	lunar.jar
com.lunarclient.websocket.server.v1.GetServerRecommendationsRequest	protobuf	lunar.jar
com.lunarclient.websocket.server.v1.GetServerRecommendationsRequestOrBuilder	protobuf	lunar.jar
com.lunarclient.websocket.server.v1.GetServerRecommendationsResponse	protobuf	lunar.jar
com.lunarclient.websocket.server.v1.GetServerRecommendationsResponseOrBuilder	protobuf	lunar.jar
com.lunarclient.websocket.server.v1.ServerRecommendations	protobuf	lunar.jar
com.lunarclient.websocket.server.v1.ServerRecommendationsOrBuilder	protobuf	lunar.jar
com.lunarclient.websocket.server.v1.ServerService	protobuf	lunar.jar
com.lunarclient.websocket.server.v1.ServiceProto	protobuf	lunar.jar
com.lunarclient.websocket.serverdiscovery.v1.Announcement	protobuf	lunar.jar
com.lunarclient.websocket.serverdiscovery.v1.AnnouncementOrBuilder	protobuf	lunar.jar
com.lunarclient.websocket.serverdiscovery.v1.AutocompleteSuggestion	protobuf	lunar.jar
com.lunarclient.websocket.serverdiscovery.v1.AutocompleteSuggestionOrBuilder	protobuf	lunar.jar
com.lunarclient.websocket.serverdiscovery.v1.CommonProto	protobuf	lunar.jar
com.lunarclient.websocket.serverdiscovery.v1.DiscoverServersRequest	protobuf	lunar.jar
com.lunarclient.websocket.serverdiscovery.v1.DiscoverServersRequestOrBuilder	protobuf	lunar.jar
com.lunarclient.websocket.serverdiscovery.v1.DiscoverServersResponse	protobuf	lunar.jar
com.lunarclient.websocket.serverdiscovery.v1.DiscoverServersResponseOrBuilder	protobuf	lunar.jar
com.lunarclient.websocket.serverdiscovery.v1.GlobalAnnouncement	protobuf	lunar.jar
com.lunarclient.websocket.serverdiscovery.v1.GlobalAnnouncementOrBuilder	protobuf	lunar.jar
com.lunarclient.websocket.serverdiscovery.v1.LoadAutocompleteSuggestionsRequest	protobuf	lunar.jar
com.lunarclient.websocket.serverdiscovery.v1.LoadAutocompleteSuggestionsRequestOrBuilder	protobuf	lunar.jar
com.lunarclient.websocket.serverdiscovery.v1.LoadAutocompleteSuggestionsResponse	protobuf	lunar.jar
com.lunarclient.websocket.serverdiscovery.v1.LoadAutocompleteSuggestionsResponseOrBuilder	protobuf	lunar.jar
com.lunarclient.websocket.serverdiscovery.v1.LoadServerModalRequest	protobuf	lunar.jar
com.lunarclient.websocket.serverdiscovery.v1.LoadServerModalRequestOrBuilder	protobuf	lunar.jar
com.lunarclient.websocket.serverdiscovery.v1.LoadServerModalResponse	protobuf	lunar.jar
com.lunarclient.websocket.serverdiscovery.v1.LoadServerModalResponseOrBuilder	protobuf	lunar.jar
com.lunarclient.websocket.serverdiscovery.v1.LoginRequest	protobuf	lunar.jar
com.lunarclient.websocket.serverdiscovery.v1.LoginRequestOrBuilder	protobuf	lunar.jar
com.lunarclient.websocket.serverdiscovery.v1.LoginResponse	protobuf	lunar.jar
com.lunarclient.websocket.serverdiscovery.v1.LoginResponseOrBuilder	protobuf	lunar.jar
com.lunarclient.websocket.serverdiscovery.v1.PushProto	protobuf	lunar.jar
com.lunarclient.websocket.serverdiscovery.v1.SearchServersRequest	protobuf	lunar.jar
com.lunarclient.websocket.serverdiscovery.v1.SearchServersRequestOrBuilder	protobuf	lunar.jar
com.lunarclient.websocket.serverdiscovery.v1.SearchServersResponse	protobuf	lunar.jar
com.lunarclient.websocket.serverdiscovery.v1.SearchServersResponseOrBuilder	protobuf	lunar.jar
com.lunarclient.websocket.serverdiscovery.v1.ServerCard	protobuf	lunar.jar
com.lunarclient.websocket.serverdiscovery.v1.ServerCardOrBuilder	protobuf	lunar.jar
com.lunarclient.websocket.serverdiscovery.v1.ServerDiscoveryService	protobuf	lunar.jar
com.lunarclient.websocket.serverdiscovery.v1.ServerGameType	protobuf	lunar.jar
com.lunarclient.websocket.serverdiscovery.v1.ServerGameTypeOrBuilder	protobuf	lunar.jar
com.lunarclient.websocket.serverdiscovery.v1.ServerModalDetails	protobuf	lunar.jar
com.lunarclient.websocket.serverdiscovery.v1.ServerModalDetailsOrBuilder	protobuf	lunar.jar
com.lunarclient.websocket.serverdiscovery.v1.ServerSection	protobuf	lunar.jar
com.lunarclient.websocket.serverdiscovery.v1.ServerSectionCardsPush	protobuf	lunar.jar
com.lunarclient.websocket.serverdiscovery.v1.ServerSectionCardsPushOrBuilder	protobuf	lunar.jar
com.lunarclient.websocket.serverdiscovery.v1.ServerSectionOrBuilder	protobuf	lunar.jar
com.lunarclient.websocket.serverdiscovery.v1.ServiceProto	protobuf	lunar.jar
com.lunarclient.websocket.serverdiscovery.v1.TrackSectionNotInterestedRequest	protobuf	lunar.jar
com.lunarclient.websocket.serverdiscovery.v1.TrackSectionNotInterestedRequestOrBuilder	protobuf	lunar.jar
com.lunarclient.websocket.serverdiscovery.v1.TrackSectionNotInterestedResponse	protobuf	lunar.jar
com.lunarclient.websocket.serverdiscovery.v1.TrackSectionNotInterestedResponseOrBuilder	protobuf	lunar.jar
com.lunarclient.websocket.serverdiscovery.v1.TrackServerJoinRequest	protobuf	lunar.jar
com.lunarclient.websocket.serverdiscovery.v1.TrackServerJoinRequestOrBuilder	protobuf	lunar.jar
com.lunarclient.websocket.serverdiscovery.v1.TrackServerJoinResponse	protobuf	lunar.jar
com.lunarclient.websocket.serverdiscovery.v1.TrackServerJoinResponseOrBuilder	protobuf	lunar.jar
com.lunarclient.websocket.setting.v1.ClientSetting	protobuf	lunar.jar
com.lunarclient.websocket.setting.v1.ClientSettingOrBuilder	protobuf	lunar.jar
com.lunarclient.websocket.setting.v1.CommonProto	protobuf	lunar.jar
com.lunarclient.websocket.setting.v1.LauncherSetting	protobuf	lunar.jar
com.lunarclient.websocket.setting.v1.LauncherSettingOrBuilder	protobuf	lunar.jar
com.lunarclient.websocket.setting.v1.ServiceProto	protobuf	lunar.jar
com.lunarclient.websocket.setting.v1.SettingService	protobuf	lunar.jar
com.lunarclient.websocket.setting.v1.UpdateClientSettingRequest	protobuf	lunar.jar
com.lunarclient.websocket.setting.v1.UpdateClientSettingRequestOrBuilder	protobuf	lunar.jar
com.lunarclient.websocket.setting.v1.UpdateClientSettingResponse	protobuf	lunar.jar
com.lunarclient.websocket.setting.v1.UpdateClientSettingResponseOrBuilder	protobuf	lunar.jar
com.lunarclient.websocket.setting.v1.UpdateLauncherSettingRequest	protobuf	lunar.jar
com.lunarclient.websocket.setting.v1.UpdateLauncherSettingRequestOrBuilder	protobuf	lunar.jar
com.lunarclient.websocket.setting.v1.UpdateLauncherSettingResponse	protobuf	lunar.jar
com.lunarclient.websocket.setting.v1.UpdateLauncherSettingResponseOrBuilder	protobuf	lunar.jar
com.lunarclient.websocket.skyblock.v1.BroadcastDungeonUpdateRequest	protobuf	lunar.jar
com.lunarclient.websocket.skyblock.v1.BroadcastDungeonUpdateRequestOrBuilder	protobuf	lunar.jar
com.lunarclient.websocket.skyblock.v1.BroadcastDungeonUpdateResponse	protobuf	lunar.jar
com.lunarclient.websocket.skyblock.v1.BroadcastDungeonUpdateResponseOrBuilder	protobuf	lunar.jar
com.lunarclient.websocket.skyblock.v1.CommonProto	protobuf	lunar.jar
com.lunarclient.websocket.skyblock.v1.DungeonRoomRotation	protobuf	lunar.jar
com.lunarclient.websocket.skyblock.v1.DungeonRoomType	protobuf	lunar.jar
com.lunarclient.websocket.skyblock.v1.DungeonUpdate	protobuf	lunar.jar
com.lunarclient.websocket.skyblock.v1.DungeonUpdateOrBuilder	protobuf	lunar.jar
com.lunarclient.websocket.skyblock.v1.DungeonUpdatePush	protobuf	lunar.jar
com.lunarclient.websocket.skyblock.v1.DungeonUpdatePushOrBuilder	protobuf	lunar.jar
com.lunarclient.websocket.skyblock.v1.EarlyInDoor	protobuf	lunar.jar
com.lunarclient.websocket.skyblock.v1.EarlyInDoorOrBuilder	protobuf	lunar.jar
com.lunarclient.websocket.skyblock.v1.EarlyInRoom	protobuf	lunar.jar
com.lunarclient.websocket.skyblock.v1.EarlyInRoomOrBuilder	protobuf	lunar.jar
com.lunarclient.websocket.skyblock.v1.EarlyInUnknown	protobuf	lunar.jar
com.lunarclient.websocket.skyblock.v1.EarlyInUnknownOrBuilder	protobuf	lunar.jar
com.lunarclient.websocket.skyblock.v1.PushProto	protobuf	lunar.jar
com.lunarclient.websocket.skyblock.v1.RoomDetection	protobuf	lunar.jar
com.lunarclient.websocket.skyblock.v1.RoomDetectionOrBuilder	protobuf	lunar.jar
com.lunarclient.websocket.skyblock.v1.RoomSecrets	protobuf	lunar.jar
com.lunarclient.websocket.skyblock.v1.RoomSecretsOrBuilder	protobuf	lunar.jar
com.lunarclient.websocket.skyblock.v1.ServiceProto	protobuf	lunar.jar
com.lunarclient.websocket.skyblock.v1.SkyblockService	protobuf	lunar.jar
com.lunarclient.websocket.socials.v1.CommonProto	protobuf	lunar.jar
com.lunarclient.websocket.socials.v1.LinkedSocial	protobuf	lunar.jar
com.lunarclient.websocket.socials.v1.LinkedSocialCommunity	protobuf	lunar.jar
com.lunarclient.websocket.socials.v1.LinkedSocialCommunityOrBuilder	protobuf	lunar.jar
com.lunarclient.websocket.socials.v1.LinkedSocialOrBuilder	protobuf	lunar.jar
com.lunarclient.websocket.socials.v1.LoginRequest	protobuf	lunar.jar
com.lunarclient.websocket.socials.v1.LoginRequestOrBuilder	protobuf	lunar.jar
com.lunarclient.websocket.socials.v1.LoginResponse	protobuf	lunar.jar
com.lunarclient.websocket.socials.v1.LoginResponseOrBuilder	protobuf	lunar.jar
com.lunarclient.websocket.socials.v1.PushProto	protobuf	lunar.jar
com.lunarclient.websocket.socials.v1.RefreshSocialsPush	protobuf	lunar.jar
com.lunarclient.websocket.socials.v1.RefreshSocialsPushOrBuilder	protobuf	lunar.jar
com.lunarclient.websocket.socials.v1.ServiceProto	protobuf	lunar.jar
com.lunarclient.websocket.socials.v1.SetSocialsVisibilityRequest	protobuf	lunar.jar
com.lunarclient.websocket.socials.v1.SetSocialsVisibilityRequestOrBuilder	protobuf	lunar.jar
com.lunarclient.websocket.socials.v1.SetSocialsVisibilityResponse	protobuf	lunar.jar
com.lunarclient.websocket.socials.v1.SetSocialsVisibilityResponseOrBuilder	protobuf	lunar.jar
com.lunarclient.websocket.socials.v1.SocialsService	protobuf	lunar.jar
com.lunarclient.websocket.socials.v1.SocialsVisibility	protobuf	lunar.jar
com.lunarclient.websocket.socials.v1.UnlinkSocialRequest	protobuf	lunar.jar
com.lunarclient.websocket.socials.v1.UnlinkSocialRequestOrBuilder	protobuf	lunar.jar
com.lunarclient.websocket.socials.v1.UnlinkSocialResponse	protobuf	lunar.jar
com.lunarclient.websocket.socials.v1.UnlinkSocialResponseOrBuilder	protobuf	lunar.jar
com.lunarclient.websocket.spray.v1.CommonProto	protobuf	lunar.jar
com.lunarclient.websocket.spray.v1.EquippedSpray	protobuf	lunar.jar
com.lunarclient.websocket.spray.v1.EquippedSprayOrBuilder	protobuf	lunar.jar
com.lunarclient.websocket.spray.v1.LoginRequest	protobuf	lunar.jar
com.lunarclient.websocket.spray.v1.LoginRequestOrBuilder	protobuf	lunar.jar
com.lunarclient.websocket.spray.v1.LoginResponse	protobuf	lunar.jar
com.lunarclient.websocket.spray.v1.LoginResponseOrBuilder	protobuf	lunar.jar
com.lunarclient.websocket.spray.v1.OwnedSpray	protobuf	lunar.jar
com.lunarclient.websocket.spray.v1.OwnedSprayOrBuilder	protobuf	lunar.jar
com.lunarclient.websocket.spray.v1.PushProto	protobuf	lunar.jar
com.lunarclient.websocket.spray.v1.RefreshSpraysPush	protobuf	lunar.jar
com.lunarclient.websocket.spray.v1.RefreshSpraysPushOrBuilder	protobuf	lunar.jar
com.lunarclient.websocket.spray.v1.RemoveSprayPush	protobuf	lunar.jar
com.lunarclient.websocket.spray.v1.RemoveSprayPushOrBuilder	protobuf	lunar.jar
com.lunarclient.websocket.spray.v1.RemoveSprayRequest	protobuf	lunar.jar
com.lunarclient.websocket.spray.v1.RemoveSprayRequestOrBuilder	protobuf	lunar.jar
com.lunarclient.websocket.spray.v1.RemoveSprayResponse	protobuf	lunar.jar
com.lunarclient.websocket.spray.v1.RemoveSprayResponseOrBuilder	protobuf	lunar.jar
com.lunarclient.websocket.spray.v1.ServiceProto	protobuf	lunar.jar
com.lunarclient.websocket.spray.v1.SprayService	protobuf	lunar.jar
com.lunarclient.websocket.spray.v1.UpdateEquippedSpraysRequest	protobuf	lunar.jar
com.lunarclient.websocket.spray.v1.UpdateEquippedSpraysRequestOrBuilder	protobuf	lunar.jar
com.lunarclient.websocket.spray.v1.UpdateEquippedSpraysResponse	protobuf	lunar.jar
com.lunarclient.websocket.spray.v1.UpdateEquippedSpraysResponseOrBuilder	protobuf	lunar.jar
com.lunarclient.websocket.spray.v1.UseSprayPush	protobuf	lunar.jar
com.lunarclient.websocket.spray.v1.UseSprayPushOrBuilder	protobuf	lunar.jar
com.lunarclient.websocket.spray.v1.UseSprayRequest	protobuf	lunar.jar
com.lunarclient.websocket.spray.v1.UseSprayRequestOrBuilder	protobuf	lunar.jar
com.lunarclient.websocket.spray.v1.UseSprayResponse	protobuf	lunar.jar
com.lunarclient.websocket.spray.v1.UseSprayResponseOrBuilder	protobuf	lunar.jar
com.lunarclient.websocket.store.v1.CommonProto	protobuf	lunar.jar
com.lunarclient.websocket.store.v1.IncomingGiftPrivacy	protobuf	lunar.jar
com.lunarclient.websocket.store.v1.LoginRequest	protobuf	lunar.jar
com.lunarclient.websocket.store.v1.LoginRequestOrBuilder	protobuf	lunar.jar
com.lunarclient.websocket.store.v1.LoginResponse	protobuf	lunar.jar
com.lunarclient.websocket.store.v1.LoginResponseOrBuilder	protobuf	lunar.jar
com.lunarclient.websocket.store.v1.PushProto	protobuf	lunar.jar
com.lunarclient.websocket.store.v1.RefreshStorePush	protobuf	lunar.jar
com.lunarclient.websocket.store.v1.RefreshStorePushOrBuilder	protobuf	lunar.jar
com.lunarclient.websocket.store.v1.ServiceProto	protobuf	lunar.jar
com.lunarclient.websocket.store.v1.SetIncomingGiftPrivacyRequest	protobuf	lunar.jar
com.lunarclient.websocket.store.v1.SetIncomingGiftPrivacyRequestOrBuilder	protobuf	lunar.jar
com.lunarclient.websocket.store.v1.SetIncomingGiftPrivacyResponse	protobuf	lunar.jar
com.lunarclient.websocket.store.v1.SetIncomingGiftPrivacyResponseOrBuilder	protobuf	lunar.jar
com.lunarclient.websocket.store.v1.StoreService	protobuf	lunar.jar
com.lunarclient.websocket.subscription.v1.ServiceProto	protobuf	lunar.jar
com.lunarclient.websocket.subscription.v1.SubscribeRequest	protobuf	lunar.jar
com.lunarclient.websocket.subscription.v1.SubscribeRequestOrBuilder	protobuf	lunar.jar
com.lunarclient.websocket.subscription.v1.SubscribeResponse	protobuf	lunar.jar
com.lunarclient.websocket.subscription.v1.SubscribeResponseOrBuilder	protobuf	lunar.jar
com.lunarclient.websocket.subscription.v1.SubscribeV2Request	protobuf	lunar.jar
com.lunarclient.websocket.subscription.v1.SubscribeV2RequestOrBuilder	protobuf	lunar.jar
com.lunarclient.websocket.subscription.v1.SubscribeV2Response	protobuf	lunar.jar
com.lunarclient.websocket.subscription.v1.SubscribeV2ResponseOrBuilder	protobuf	lunar.jar
com.lunarclient.websocket.subscription.v1.SubscriptionService	protobuf	lunar.jar
com.lunarclient.websocket.subscription.v1.UnsubscribeRequest	protobuf	lunar.jar
com.lunarclient.websocket.subscription.v1.UnsubscribeRequestOrBuilder	protobuf	lunar.jar
com.lunarclient.websocket.subscription.v1.UnsubscribeResponse	protobuf	lunar.jar
com.lunarclient.websocket.subscription.v1.UnsubscribeResponseOrBuilder	protobuf	lunar.jar
com.lunarclient.websocket.tebex.v1.OpenTebexJsCheckoutPush	protobuf	lunar.jar
com.lunarclient.websocket.tebex.v1.OpenTebexJsCheckoutPushOrBuilder	protobuf	lunar.jar
com.lunarclient.websocket.tebex.v1.PushProto	protobuf	lunar.jar
com.lunarclient.websocket.tebex.v1.ServiceProto	protobuf	lunar.jar
com.lunarclient.websocket.tebex.v1.TebexJsCheckoutClosedRequest	protobuf	lunar.jar
com.lunarclient.websocket.tebex.v1.TebexJsCheckoutClosedRequestOrBuilder	protobuf	lunar.jar
com.lunarclient.websocket.tebex.v1.TebexJsCheckoutClosedResponse	protobuf	lunar.jar
com.lunarclient.websocket.tebex.v1.TebexJsCheckoutClosedResponseOrBuilder	protobuf	lunar.jar
com.lunarclient.websocket.tebex.v1.TebexJsCheckoutOpenedRequest	protobuf	lunar.jar
com.lunarclient.websocket.tebex.v1.TebexJsCheckoutOpenedRequestOrBuilder	protobuf	lunar.jar
com.lunarclient.websocket.tebex.v1.TebexJsCheckoutOpenedResponse	protobuf	lunar.jar
com.lunarclient.websocket.tebex.v1.TebexJsCheckoutOpenedResponseOrBuilder	protobuf	lunar.jar
com.lunarclient.websocket.tebex.v1.TebexService	protobuf	lunar.jar
com.lunarclient.websocket.wrapped.v1.CommonProto	protobuf	lunar.jar
com.lunarclient.websocket.wrapped.v1.CounterUpdate	protobuf	lunar.jar
com.lunarclient.websocket.wrapped.v1.CounterUpdateOrBuilder	protobuf	lunar.jar
com.lunarclient.websocket.wrapped.v1.LoginRequest	protobuf	lunar.jar
com.lunarclient.websocket.wrapped.v1.LoginRequestOrBuilder	protobuf	lunar.jar
com.lunarclient.websocket.wrapped.v1.LoginResponse	protobuf	lunar.jar
com.lunarclient.websocket.wrapped.v1.LoginResponseOrBuilder	protobuf	lunar.jar
com.lunarclient.websocket.wrapped.v1.RecordCountersRequest	protobuf	lunar.jar
com.lunarclient.websocket.wrapped.v1.RecordCountersRequestOrBuilder	protobuf	lunar.jar
com.lunarclient.websocket.wrapped.v1.RecordCountersResponse	protobuf	lunar.jar
com.lunarclient.websocket.wrapped.v1.RecordCountersResponseOrBuilder	protobuf	lunar.jar
com.lunarclient.websocket.wrapped.v1.ServiceProto	protobuf	lunar.jar
com.lunarclient.websocket.wrapped.v1.SetLeaderboardVisibilityRequest	protobuf	lunar.jar
com.lunarclient.websocket.wrapped.v1.SetLeaderboardVisibilityRequestOrBuilder	protobuf	lunar.jar
com.lunarclient.websocket.wrapped.v1.SetLeaderboardVisibilityResponse	protobuf	lunar.jar
com.lunarclient.websocket.wrapped.v1.SetLeaderboardVisibilityResponseOrBuilder	protobuf	lunar.jar
com.lunarclient.websocket.wrapped.v1.WrappedLeaderboardVisibility	protobuf	lunar.jar
com.lunarclient.websocket.wrapped.v1.WrappedService	protobuf	lunar.jar
