com/moonsworth/lunar/CCROIHHHCOCHHOHORCIRHOCRROIOCI	com/moonsworth/lunar/framework
com/moonsworth/lunar/CCROIHHHCOCHHOHORCIRHOCRROIOCI/HORHROIOIOICIRHIOCOICHHHIHCIIO	com/moonsworth/lunar/framework/mixin
com/moonsworth/lunar/HHRROIIHRRICIIHIIHICRHHRHOHHOO	com/moonsworth/lunar/annotations
com/moonsworth/lunar/HIOROOCORHICHIRIHIRCCORCIIICCH	com/moonsworth/lunar/bridgeimpl
com/moonsworth/lunar/HIOROOCORHICHIRIHIRCCORCIIICCH/HORHROIOIOICIRHIOCOICHHHIHCIIO	com/moonsworth/lunar/bridgeimpl/mixin
com/moonsworth/lunar/HORHROIOIOICIRHIOCOICHHHIHCIIO	com/moonsworth/lunar/network
com/moonsworth/lunar/HORHROIOIOICIRHIOCOICHHHIHCIIO/HORHROIOIOICIRHIOCOICHHHIHCIIO	com/moonsworth/lunar/network/mixin
com/moonsworth/lunar/HORHROIOIOICIRHIOCOICHHHIHCIIO/HORHROIOIOICIRHIOCOICHHHIHCIIO/HHRROIIHRRICIIHIIHICRHHRHOHHOO	com/moonsworth/lunar/network/mixin/mixin
com/moonsworth/lunar/HORHROIOIOICIRHIOCOICHHHIHCIIO/HORHROIOIOICIRHIOCOICHHHIHCIIO/HORHROIOIOICIRHIOCOICHHHIHCIIO	com/moonsworth/lunar/network/mixin/mixin2
com/moonsworth/lunar/HORHROIOIOICIRHIOCOICHHHIHCIIO/HORHROIOIOICIRHIOCOICHHHIHCIIO/HRICOROOOCCOCOROCRHHCRRIRCOICO	com/moonsworth/lunar/network/mixin/mixin3
com/moonsworth/lunar/HRICOROOOCCOCOROCRHHCRRIRCOICO	com/moonsworth/lunar/bridge
com/moonsworth/lunar/HRICOROOOCCOCOROCRHHCRRIRCOICO/CCHOHROIOHHCCCOCIIOIRCHRROHHRC	com/moonsworth/lunar/bridge/horsestats
com/moonsworth/lunar/HRICOROOOCCOCOROCRHHCRRIRCOICO/CCHOHROIOHHCCCOCIIOIRCHRROHHRC/HHRROIIHRRICIIHIIHICRHHRHOHHOO	com/moonsworth/lunar/bridge/horsestats/mixin
com/moonsworth/lunar/HRICOROOOCCOCOROCRHHCRRIRCOICO/CCHOHROIOHHCCCOCIIOIRCHRROHHRC/HORHROIOIOICIRHIOCOICHHHIHCIIO	com/moonsworth/lunar/bridge/horsestats/mixin2
com/moonsworth/lunar/HRICOROOOCCOCOROCRHHCRRIRCOICO/CCHOHROIOHHCCCOCIIOIRCHRROHHRC/HRICOROOOCCOCOROCRHHCRRIRCOICO	com/moonsworth/lunar/bridge/horsestats/mixin3
com/moonsworth/lunar/HRICOROOOCCOCOROCRHHCRRIRCOICO/CCHOHROIOHHCCCOCIIOIRCHRROHHRC/ICRHORIIHOHROHOHOCOOHOOCOORRHO	com/moonsworth/lunar/bridge/horsestats/mixin4
com/moonsworth/lunar/HRICOROOOCCOCOROCRHHCRRIRCOICO/CCROIHHHCOCHHOHORCIRHOCRROIOCI	com/moonsworth/lunar/bridge/mixin
com/moonsworth/lunar/HRICOROOOCCOCOROCRHHCRRIRCOICO/CORRCOHCRHOHHOIHOIOICORROHOOOO	com/moonsworth/lunar/bridge/freelook
com/moonsworth/lunar/HRICOROOOCCOCOROCRHHCRRIRCOICO/HCCIHCROHHCOOHCHCHHHICIOROHICC	com/moonsworth/lunar/bridge/lighting
com/moonsworth/lunar/HRICOROOOCCOCOROCRHHCRRIRCOICO/HCHHRHHCRIIORRRICOOCCOCHIRRRRR	com/moonsworth/lunar/bridge/fov
com/moonsworth/lunar/HRICOROOOCCOCOROCRHHCRRIRCOICO/HHRROIIHRRICIIHIIHICRHHRHOHHOO	com/moonsworth/lunar/bridge/mixin2
com/moonsworth/lunar/HRICOROOOCCOCOROCRHHCRRIRCOICO/HICCRORORCRIHCORCCIORIOROORIHR	com/moonsworth/lunar/bridge/fog
com/moonsworth/lunar/HRICOROOOCCOCOROCRHHCRRIRCOICO/HIOROOCORHICHIRIHIRCCORCIIICCH	com/moonsworth/lunar/bridge/mixin3
com/moonsworth/lunar/HRICOROOOCCOCOROCRHHCRRIRCOICO/HIRHCCHIRHRORIICOIHIHCICOIRHHC	com/moonsworth/lunar/bridge/hitbox
com/moonsworth/lunar/HRICOROOOCCOCOROCRHHCRRIRCOICO/HORHROIOIOICIRHIOCOICHHHIHCIIO	com/moonsworth/lunar/bridge/mixin4
com/moonsworth/lunar/HRICOROOOCCOCOROCRHHCRRIRCOICO/HRICOROOOCCOCOROCRHHCRRIRCOICO	com/moonsworth/lunar/bridge/mixin5
com/moonsworth/lunar/HRICOROOOCCOCOROCRHHCRRIRCOICO/HRICOROOOCCOCOROCRHHCRRIRCOICO/HHRROIIHRRICIIHIIHICRHHRHOHHOO	com/moonsworth/lunar/bridge/mixin5/mixin
com/moonsworth/lunar/HRICOROOOCCOCOROCRHHCRRIRCOICO/HRICOROOOCCOCOROCRHHCRRIRCOICO/HORHROIOIOICIRHIOCOICHHHIHCIIO	com/moonsworth/lunar/bridge/mixin5/mixin2
com/moonsworth/lunar/HRICOROOOCCOCOROCRHHCRRIRCOICO/HRICOROOOCCOCOROCRHHCRRIRCOICO/HRICOROOOCCOCOROCRHHCRRIRCOICO	com/moonsworth/lunar/bridge/mixin5/mixin3
com/moonsworth/lunar/HRICOROOOCCOCOROCRHHCRRIRCOICO/HRICOROOOCCOCOROCRHHCRRIRCOICO/ICRHORIIHOHROHOHOCOOHOOCOORRHO	com/moonsworth/lunar/bridge/mixin5/mixin4
com/moonsworth/lunar/HRICOROOOCCOCOROCRHHCRRIRCOICO/HRICOROOOCCOCOROCRHHCRRIRCOICO/OHROCHICOIOICHOCRROORRCIIICIHO	com/moonsworth/lunar/bridge/mixin5/mixin5
com/moonsworth/lunar/HRICOROOOCCOCOROCRHHCRRIRCOICO/HRICOROOOCCOCOROCRHHCRRIRCOICO/ORCHOHHCOHCORRICRIHCHHRORHHCHH	com/moonsworth/lunar/bridge/mixin5/mixin6
com/moonsworth/lunar/HRICOROOOCCOCOROCRHHCRRIRCOICO/HRICOROOOCCOCOROCRHHCRRIRCOICO/RCIOICOHRIOIIRRRROCRHCIICRROHO	com/moonsworth/lunar/bridge/mixin5/mixin7
com/moonsworth/lunar/HRICOROOOCCOCOROCRHHCRRIRCOICO/HROHOIOCHIRIHICOORIHOHCIOIRIIH	com/moonsworth/lunar/bridge/mixin6
com/moonsworth/lunar/HRICOROOOCCOCOROCRHHCRRIRCOICO/HROHOIOCHIRIHICOORIHOHCIOIRIIH/HHRROIIHRRICIIHIIHICRHHRHOHHOO	com/moonsworth/lunar/bridge/mixin6/mixin
com/moonsworth/lunar/HRICOROOOCCOCOROCRHHCRRIRCOICO/HROHOIOCHIRIHICOORIHOHCIOIRIIH/HORHROIOIOICIRHIOCOICHHHIHCIIO	com/moonsworth/lunar/bridge/mixin6/mixin2
com/moonsworth/lunar/HRICOROOOCCOCOROCRHHCRRIRCOICO/HROHOIOCHIRIHICOORIHOHCIOIRIIH/HRICOROOOCCOCOROCRHHCRRIRCOICO	com/moonsworth/lunar/bridge/mixin6/mixin3
com/moonsworth/lunar/HRICOROOOCCOCOROCRHHCRRIRCOICO/HROHOIOCHIRIHICOORIHOHCIOIRIIH/ICRHORIIHOHROHOHOCOOHOOCOORRHO	com/moonsworth/lunar/bridge/mixin6/mixin4
com/moonsworth/lunar/HRICOROOOCCOCOROCRHHCRRIRCOICO/HROHOIOCHIRIHICOORIHOHCIOIRIIH/OHROCHICOIOICHOCRROORRCIIICIHO	com/moonsworth/lunar/bridge/mixin6/mixin5
com/moonsworth/lunar/HRICOROOOCCOCOROCRHHCRRIRCOICO/HROHOIOCHIRIHICOORIHOHCIOIRIIH/ORCHOHHCOHCORRICRIHCHHRORHHCHH	com/moonsworth/lunar/bridge/mixin6/mixin6
com/moonsworth/lunar/HRICOROOOCCOCOROCRHHCRRIRCOICO/HROHOIOCHIRIHICOORIHOHCIOIRIIH/RCIOICOHRIOIIRRRROCRHCIICRROHO	com/moonsworth/lunar/bridge/mixin6/mixin7
com/moonsworth/lunar/HRICOROOOCCOCOROCRHHCRRIRCOICO/HROOOICICRCOCIROHIRICCCOCCIORH	com/moonsworth/lunar/bridge/itemcounter
com/moonsworth/lunar/HRICOROOOCCOCOROCRHHCRRIRCOICO/HROOOICICRCOCIROHIRICCCOCCIORH/HHRROIIHRRICIIHIIHICRHHRHOHHOO	com/moonsworth/lunar/bridge/itemcounter/mixin
com/moonsworth/lunar/HRICOROOOCCOCOROCRHHCRRIRCOICO/HROOOICICRCOCIROHIRICCCOCCIORH/HHRROIIHRRICIIHIIHICRHHRHOHHOO/HORHROIOIOICIRHIOCOICHHHIHCIIO	com/moonsworth/lunar/bridge/itemcounter/mixin/mixin
com/moonsworth/lunar/HRICOROOOCCOCOROCRHHCRRIRCOICO/HROOOICICRCOCIROHIRICCCOCCIORH/HORHROIOIOICIRHIOCOICHHHIHCIIO	com/moonsworth/lunar/bridge/itemcounter/mixin2
com/moonsworth/lunar/HRICOROOOCCOCOROCRHHCRRIRCOICO/HROOOICICRCOCIROHIRICCCOCCIORH/HRICOROOOCCOCOROCRHHCRRIRCOICO	com/moonsworth/lunar/bridge/itemcounter/mixin3
com/moonsworth/lunar/HRICOROOOCCOCOROCRHHCRRIRCOICO/HROOOICICRCOCIROHIRICCCOCCIORH/HRICOROOOCCOCOROCRHHCRRIRCOICO/HORHROIOIOICIRHIOCOICHHHIHCIIO	com/moonsworth/lunar/bridge/itemcounter/mixin3/mixin
com/moonsworth/lunar/HRICOROOOCCOCOROCRHHCRRIRCOICO/HROOOICICRCOCIROHIRICCCOCCIORH/HRICOROOOCCOCOROCRHHCRRIRCOICO/HORHROIOIOICIRHIOCOICHHHIHCIIO/HORHROIOIOICIRHIOCOICHHHIHCIIO	com/moonsworth/lunar/bridge/itemcounter/mixin3/mixin/mixin
com/moonsworth/lunar/HRICOROOOCCOCOROCRHHCRRIRCOICO/HROOOICICRCOCIROHIRICCCOCCIORH/ICRHORIIHOHROHOHOCOOHOOCOORRHO	com/moonsworth/lunar/bridge/itemcounter/mixin4
com/moonsworth/lunar/HRICOROOOCCOCOROCRHHCRRIRCOICO/HROOOICICRCOCIROHIRICCCOCCIORH/ICRHORIIHOHROHOHOCOOHOOCOORRHO/HHRROIIHRRICIIHIIHICRHHRHOHHOO	com/moonsworth/lunar/bridge/itemcounter/mixin4/mixin
com/moonsworth/lunar/HRICOROOOCCOCOROCRHHCRRIRCOICO/HROOOICICRCOCIROHIRICCCOCCIORH/ICRHORIIHOHROHOHOCOOHOOCOORRHO/HORHROIOIOICIRHIOCOICHHHIHCIIO	com/moonsworth/lunar/bridge/itemcounter/mixin4/mixin2
com/moonsworth/lunar/HRICOROOOCCOCOROCRHHCRRIRCOICO/HROOOICICRCOCIROHIRICCCOCCIORH/OHROCHICOIOICHOCRROORRCIIICIHO	com/moonsworth/lunar/bridge/itemcounter/mixin5
com/moonsworth/lunar/HRICOROOOCCOCOROCRHHCRRIRCOICO/HROOOICICRCOCIROHIRICCCOCCIORH/RCIOICOHRIOIIRRRROCRHCIICRROHO	com/moonsworth/lunar/bridge/itemcounter/mixin6
com/moonsworth/lunar/HRICOROOOCCOCOROCRHHCRRIRCOICO/HROOOICICRCOCIROHIRICCCOCCIORH/RCIOICOHRIOIIRRRROCRHCIICRROHO/HORHROIOIOICIRHIOCOICHHHIHCIIO	com/moonsworth/lunar/bridge/itemcounter/mixin6/mixin
com/moonsworth/lunar/HRICOROOOCCOCOROCRHHCRRIRCOICO/HRORICORIHHHRICRIRCIIOHCRIRRHI	com/moonsworth/lunar/bridge/slayer
com/moonsworth/lunar/HRICOROOOCCOCOROCRHHCRRIRCOICO/ICOOHRIORIOOIIRRIHHOOIOHHCORIR	com/moonsworth/lunar/bridge/hitcolor
com/moonsworth/lunar/HRICOROOOCCOCOROCRHHCRRIRCOICO/ICRHORIIHOHROHOHOCOOHOOCOORRHO	com/moonsworth/lunar/bridge/mixin7
com/moonsworth/lunar/HRICOROOOCCOCOROCRHHCRRIRCOICO/ICRHORIIHOHROHOHOCOOHOOCOORRHO/HHRROIIHRRICIIHIIHICRHHRHOHHOO	com/moonsworth/lunar/bridge/mixin7/mixin
com/moonsworth/lunar/HRICOROOOCCOCOROCRHHCRRIRCOICO/ICRHORIIHOHROHOHOCOOHOOCOORRHO/HORHROIOIOICIRHIOCOICHHHIHCIIO	com/moonsworth/lunar/bridge/mixin7/mixin2
com/moonsworth/lunar/HRICOROOOCCOCOROCRHHCRRIRCOICO/ICRHORIIHOHROHOHOCOOHOOCOORRHO/HRICOROOOCCOCOROCRHHCRRIRCOICO	com/moonsworth/lunar/bridge/mixin7/mixin3
com/moonsworth/lunar/HRICOROOOCCOCOROCRHHCRRIRCOICO/IHRHHRIHICHOOICIRIOOHOICHIRHOI	com/moonsworth/lunar/bridge/mixin8
com/moonsworth/lunar/HRICOROOOCCOCOROCRHHCRRIRCOICO/IHRHHRIHICHOOICIRIOOHOICHIRHOI/HORHROIOIOICIRHIOCOICHHHIHCIIO	com/moonsworth/lunar/bridge/mixin8/mixin
com/moonsworth/lunar/HRICOROOOCCOCOROCRHHCRRIRCOICO/IIORCIOOIHRRRICOHIRCIHOOCCOHRO	com/moonsworth/lunar/bridge/mixin9
com/moonsworth/lunar/HRICOROOOCCOCOROCRHHCRRIRCOICO/IRCHCHOHRRIOORHRCHRIHIOHRCIHRH	com/moonsworth/lunar/bridge/mixin10
com/moonsworth/lunar/HRICOROOOCCOCOROCRHHCRRIRCOICO/OCRORCCHCRIOOIRHOHRRHCRRHRCIHO	com/moonsworth/lunar/bridge/fps
com/moonsworth/lunar/HRICOROOOCCOCOROCRHHCRRIRCOICO/OHOOORICRHIIIIRHCICICOCHROICRC	com/moonsworth/lunar/bridge/mixin11
com/moonsworth/lunar/HRICOROOOCCOCOROCRHHCRRIRCOICO/OHROCHICOIOICHOCRROORRCIIICIHO	com/moonsworth/lunar/bridge/mixin12
com/moonsworth/lunar/HRICOROOOCCOCOROCRHHCRRIRCOICO/OHROCHICOIOICHOCRROORRCIIICIHO/HORHROIOIOICIRHIOCOICHHHIHCIIO	com/moonsworth/lunar/bridge/mixin12/mixin
com/moonsworth/lunar/HRICOROOOCCOCOROCRHHCRRIRCOICO/OHROCHICOIOICHOCRROORRCIIICIHO/HORHROIOIOICIRHIOCOICHHHIHCIIO/HORHROIOIOICIRHIOCOICHHHIHCIIO	com/moonsworth/lunar/bridge/mixin12/mixin/mixin
com/moonsworth/lunar/HRICOROOOCCOCOROCRHHCRRIRCOICO/OIRIOIIIRICICCHORICRRIRROHCRIC	com/moonsworth/lunar/bridge/mixin13
com/moonsworth/lunar/HRICOROOOCCOCOROCRHHCRRIRCOICO/OIRIOIIIRICICCHORICRRIRROHCRIC/HHRROIIHRRICIIHIIHICRHHRHOHHOO	com/moonsworth/lunar/bridge/mixin13/mixin
com/moonsworth/lunar/HRICOROOOCCOCOROCRHHCRRIRCOICO/OIRIOIIIRICICCHORICRRIRROHCRIC/HORHROIOIOICIRHIOCOICHHHIHCIIO	com/moonsworth/lunar/bridge/mixin13/mixin2
com/moonsworth/lunar/HRICOROOOCCOCOROCRHHCRRIRCOICO/OIRIOIIIRICICCHORICRRIRROHCRIC/HRICOROOOCCOCOROCRHHCRRIRCOICO	com/moonsworth/lunar/bridge/mixin13/mixin3
com/moonsworth/lunar/HRICOROOOCCOCOROCRHHCRRIRCOICO/OIRIOIIIRICICCHORICRRIRROHCRIC/ICRHORIIHOHROHOHOCOOHOOCOORRHO	com/moonsworth/lunar/bridge/mixin13/mixin4
com/moonsworth/lunar/HRICOROOOCCOCOROCRHHCRRIRCOICO/OIRIOIIIRICICCHORICRRIRROHCRIC/RCIOICOHRIOIIRRRROCRHCIICRROHO	com/moonsworth/lunar/bridge/mixin13/mixin5
com/moonsworth/lunar/HRICOROOOCCOCOROCRHHCRRIRCOICO/OORHIHOOORHHIRORRICRRORCHRRIIC	com/moonsworth/lunar/bridge/glintcolorizer
com/moonsworth/lunar/HRICOROOOCCOCOROCRHHCRRIRCOICO/OORHIHOOORHHIRORRICRRORCHRRIIC/HORHROIOIOICIRHIOCOICHHHIHCIIO	com/moonsworth/lunar/bridge/glintcolorizer/mixin
com/moonsworth/lunar/HRICOROOOCCOCOROCRHHCRRIRCOICO/OORHIHOOORHHIRORRICRRORCHRRIIC/HORHROIOIOICIRHIOCOICHHHIHCIIO/HORHROIOIOICIRHIOCOICHHHIHCIIO	com/moonsworth/lunar/bridge/glintcolorizer/mixin/mixin
com/moonsworth/lunar/HRICOROOOCCOCOROCRHHCRRIRCOICO/ORCHOHHCOHCORRICRIHCHHRORHHCHH	com/moonsworth/lunar/bridge/mixin14
com/moonsworth/lunar/HRICOROOOCCOCOROCRHHCRRIRCOICO/ORICHRORRORHORHOIHCRHOORCRRHOI	com/moonsworth/lunar/bridge/mixin15
com/moonsworth/lunar/HRICOROOOCCOCOROCRHHCRRIRCOICO/ORICHRORRORHORHOIHCRHOORCRRHOI/HORHROIOIOICIRHIOCOICHHHIHCIIO	com/moonsworth/lunar/bridge/mixin15/mixin
com/moonsworth/lunar/HRICOROOOCCOCOROCRHHCRRIRCOICO/RCIOICOHRIOIIRRRROCRHCIICRROHO	com/moonsworth/lunar/bridge/mixin16
com/moonsworth/lunar/HRICOROOOCCOCOROCRHHCRRIRCOICO/RCIOICOHRIOIIRRRROCRHCIICRROHO/CCROIHHHCOCHHOHORCIRHOCRROIOCI	com/moonsworth/lunar/bridge/mixin16/mixin
com/moonsworth/lunar/HRICOROOOCCOCOROCRHHCRRIRCOICO/RCIOICOHRIOIIRRRROCRHCIICRROHO/HHRROIIHRRICIIHIIHICRHHRHOHHOO	com/moonsworth/lunar/bridge/mixin16/mixin2
com/moonsworth/lunar/HRICOROOOCCOCOROCRHHCRRIRCOICO/RCIOICOHRIOIIRRRROCRHCIICRROHO/HHRROIIHRRICIIHIIHICRHHRHOHHOO/HHRROIIHRRICIIHIIHICRHHRHOHHOO	com/moonsworth/lunar/bridge/mixin16/mixin2/mixin
com/moonsworth/lunar/HRICOROOOCCOCOROCRHHCRRIRCOICO/RCIOICOHRIOIIRRRROCRHCIICRROHO/HHRROIIHRRICIIHIIHICRHHRHOHHOO/HORHROIOIOICIRHIOCOICHHHIHCIIO	com/moonsworth/lunar/bridge/mixin16/mixin2/mixin2
com/moonsworth/lunar/HRICOROOOCCOCOROCRHHCRRIRCOICO/RCIOICOHRIOIIRRRROCRHCIICRROHO/HHRROIIHRRICIIHIIHICRHHRHOHHOO/HRICOROOOCCOCOROCRHHCRRIRCOICO	com/moonsworth/lunar/bridge/mixin16/mixin2/mixin3
com/moonsworth/lunar/HRICOROOOCCOCOROCRHHCRRIRCOICO/RCIOICOHRIOIIRRRROCRHCIICRROHO/HHRROIIHRRICIIHIIHICRHHRHOHHOO/HRICOROOOCCOCOROCRHHCRRIRCOICO/HHRROIIHRRICIIHIIHICRHHRHOHHOO	com/moonsworth/lunar/bridge/mixin16/mixin2/mixin3/mixin
com/moonsworth/lunar/HRICOROOOCCOCOROCRHHCRRIRCOICO/RCIOICOHRIOIIRRRROCRHCIICRROHO/HHRROIIHRRICIIHIIHICRHHRHOHHOO/HRICOROOOCCOCOROCRHHCRRIRCOICO/HORHROIOIOICIRHIOCOICHHHIHCIIO	com/moonsworth/lunar/bridge/mixin16/mixin2/mixin3/mixin2
com/moonsworth/lunar/HRICOROOOCCOCOROCRHHCRRIRCOICO/RCIOICOHRIOIIRRRROCRHCIICRROHO/HHRROIIHRRICIIHIIHICRHHRHOHHOO/HRICOROOOCCOCOROCRHHCRRIRCOICO/HORHROIOIOICIRHIOCOICHHHIHCIIO/HORHROIOIOICIRHIOCOICHHHIHCIIO	com/moonsworth/lunar/bridge/mixin16/mixin2/mixin3/mixin2/mixin
com/moonsworth/lunar/HRICOROOOCCOCOROCRHHCRRIRCOICO/RCIOICOHRIOIIRRRROCRHCIICRROHO/HORHROIOIOICIRHIOCOICHHHIHCIIO	com/moonsworth/lunar/bridge/mixin16/mixin3
com/moonsworth/lunar/HRICOROOOCCOCOROCRHHCRRIRCOICO/RCIOICOHRIOIIRRRROCRHCIICRROHO/HRICOROOOCCOCOROCRHHCRRIRCOICO	com/moonsworth/lunar/bridge/mixin16/mixin4
com/moonsworth/lunar/HRICOROOOCCOCOROCRHHCRRIRCOICO/RCIOICOHRIOIIRRRROCRHCIICRROHO/HROHOIOCHIRIHICOORIHOHCIOIRIIH	com/moonsworth/lunar/bridge/mixin16/mixin5
com/moonsworth/lunar/HRICOROOOCCOCOROCRHHCRRIRCOICO/RCIOICOHRIOIIRRRROCRHCIICRROHO/HROHOIOCHIRIHICOORIHOHCIOIRIIH/HHRROIIHRRICIIHIIHICRHHRHOHHOO	com/moonsworth/lunar/bridge/mixin16/mixin5/mixin
com/moonsworth/lunar/HRICOROOOCCOCOROCRHHCRRIRCOICO/RCIOICOHRIOIIRRRROCRHCIICRROHO/HROHOIOCHIRIHICOORIHOHCIOIRIIH/HORHROIOIOICIRHIOCOICHHHIHCIIO	com/moonsworth/lunar/bridge/mixin16/mixin5/mixin2
com/moonsworth/lunar/HRICOROOOCCOCOROCRHHCRRIRCOICO/RCIOICOHRIOIIRRRROCRHCIICRROHO/ICRHORIIHOHROHOHOCOOHOOCOORRHO	com/moonsworth/lunar/bridge/mixin16/mixin6
com/moonsworth/lunar/HRICOROOOCCOCOROCRHHCRRIRCOICO/RCIOICOHRIOIIRRRROCRHCIICRROHO/OHOOORICRHIIIIRHCICICOCHROICRC	com/moonsworth/lunar/bridge/mixin16/mixin7
com/moonsworth/lunar/HRICOROOOCCOCOROCRHHCRRIRCOICO/RCIOICOHRIOIIRRRROCRHCIICRROHO/OHROCHICOIOICHOCRROORRCIIICIHO	com/moonsworth/lunar/bridge/mixin16/mixin8
com/moonsworth/lunar/HRICOROOOCCOCOROCRHHCRRIRCOICO/RCIOICOHRIOIIRRRROCRHCIICRROHO/OIRIOIIIRICICCHORICRRIRROHCRIC	com/moonsworth/lunar/bridge/mixin16/mixin9
com/moonsworth/lunar/HRICOROOOCCOCOROCRHHCRRIRCOICO/RCIOICOHRIOIIRRRROCRHCIICRROHO/OIRIOIIIRICICCHORICRRIRROHCRIC/HORHROIOIOICIRHIOCOICHHHIHCIIO	com/moonsworth/lunar/bridge/mixin16/mixin9/mixin
com/moonsworth/lunar/HRICOROOOCCOCOROCRHHCRRIRCOICO/RCIOICOHRIOIIRRRROCRHCIICRROHO/ORCHOHHCOHCORRICRIHCHHRORHHCHH	com/moonsworth/lunar/bridge/mixin16/mixin10
com/moonsworth/lunar/HRICOROOOCCOCOROCRHHCRRIRCOICO/RCIOICOHRIOIIRRRROCRHCIICRROHO/ORICHRORRORHORHOIHCRHOORCRRHOI	com/moonsworth/lunar/bridge/mixin16/mixin11
com/moonsworth/lunar/HRICOROOOCCOCOROCRHHCRRIRCOICO/RCIOICOHRIOIIRRRROCRHCIICRROHO/ORICHRORRORHORHOIHCRHOORCRRHOI/CCROIHHHCOCHHOHORCIRHOCRROIOCI	com/moonsworth/lunar/bridge/mixin16/mixin11/mixin
com/moonsworth/lunar/HRICOROOOCCOCOROCRHHCRRIRCOICO/RCIOICOHRIOIIRRRROCRHCIICRROHO/ORICHRORRORHORHOIHCRHOORCRRHOI/HHRROIIHRRICIIHIIHICRHHRHOHHOO	com/moonsworth/lunar/bridge/mixin16/mixin11/mixin2
com/moonsworth/lunar/HRICOROOOCCOCOROCRHHCRRIRCOICO/RCIOICOHRIOIIRRRROCRHCIICRROHO/ORICHRORRORHORHOIHCRHOORCRRHOI/HHRROIIHRRICIIHIIHICRHHRHOHHOO/HORHROIOIOICIRHIOCOICHHHIHCIIO	com/moonsworth/lunar/bridge/mixin16/mixin11/mixin2/mixin
com/moonsworth/lunar/HRICOROOOCCOCOROCRHHCRRIRCOICO/RCIOICOHRIOIIRRRROCRHCIICRROHO/ORICHRORRORHORHOIHCRHOORCRRHOI/HIOROOCORHICHIRIHIRCCORCIIICCH	com/moonsworth/lunar/bridge/mixin16/mixin11/mixin3
com/moonsworth/lunar/HRICOROOOCCOCOROCRHHCRRIRCOICO/RCIOICOHRIOIIRRRROCRHCIICRROHO/ORICHRORRORHORHOIHCRHOORCRRHOI/HORHROIOIOICIRHIOCOICHHHIHCIIO	com/moonsworth/lunar/bridge/mixin16/mixin11/mixin4
com/moonsworth/lunar/HRICOROOOCCOCOROCRHHCRRIRCOICO/RCIOICOHRIOIIRRRROCRHCIICRROHO/ORICHRORRORHORHOIHCRHOORCRRHOI/HORHROIOIOICIRHIOCOICHHHIHCIIO/HHRROIIHRRICIIHIIHICRHHRHOHHOO	com/moonsworth/lunar/bridge/mixin16/mixin11/mixin4/mixin
com/moonsworth/lunar/HRICOROOOCCOCOROCRHHCRRIRCOICO/RCIOICOHRIOIIRRRROCRHCIICRROHO/ORICHRORRORHORHOIHCRHOORCRRHOI/HORHROIOIOICIRHIOCOICHHHIHCIIO/HORHROIOIOICIRHIOCOICHHHIHCIIO	com/moonsworth/lunar/bridge/mixin16/mixin11/mixin4/mixin2
com/moonsworth/lunar/HRICOROOOCCOCOROCRHHCRRIRCOICO/RCIOICOHRIOIIRRRROCRHCIICRROHO/ORICHRORRORHORHOIHCRHOORCRRHOI/HORHROIOIOICIRHIOCOICHHHIHCIIO/HRICOROOOCCOCOROCRHHCRRIRCOICO	com/moonsworth/lunar/bridge/mixin16/mixin11/mixin4/mixin3
com/moonsworth/lunar/HRICOROOOCCOCOROCRHHCRRIRCOICO/RCIOICOHRIOIIRRRROCRHCIICRROHO/ORICHRORRORHORHOIHCRHOORCRRHOI/HORHROIOIOICIRHIOCOICHHHIHCIIO/ICRHORIIHOHROHOHOCOOHOOCOORRHO	com/moonsworth/lunar/bridge/mixin16/mixin11/mixin4/mixin4
com/moonsworth/lunar/HRICOROOOCCOCOROCRHHCRRIRCOICO/RCIOICOHRIOIIRRRROCRHCIICRROHO/ORICHRORRORHORHOIHCRHOORCRRHOI/HORHROIOIOICIRHIOCOICHHHIHCIIO/OHROCHICOIOICHOCRROORRCIIICIHO	com/moonsworth/lunar/bridge/mixin16/mixin11/mixin4/mixin5
com/moonsworth/lunar/HRICOROOOCCOCOROCRHHCRRIRCOICO/RCIOICOHRIOIIRRRROCRHCIICRROHO/ORICHRORRORHORHOIHCRHOORCRRHOI/HORHROIOIOICIRHIOCOICHHHIHCIIO/RCIOICOHRIOIIRRRROCRHCIICRROHO	com/moonsworth/lunar/bridge/mixin16/mixin11/mixin4/mixin6
com/moonsworth/lunar/HRICOROOOCCOCOROCRHHCRRIRCOICO/RCIOICOHRIOIIRRRROCRHCIICRROHO/ORICHRORRORHORHOIHCRHOORCRRHOI/HRICOROOOCCOCOROCRHHCRRIRCOICO	com/moonsworth/lunar/bridge/mixin16/mixin11/mixin5
com/moonsworth/lunar/HRICOROOOCCOCOROCRHHCRRIRCOICO/RCIOICOHRIOIIRRRROCRHCIICRROHO/ORICHRORRORHORHOIHCRHOORCRRHOI/HROHOIOCHIRIHICOORIHOHCIOIRIIH	com/moonsworth/lunar/bridge/mixin16/mixin11/mixin6
com/moonsworth/lunar/HRICOROOOCCOCOROCRHHCRRIRCOICO/RCIOICOHRIOIIRRRROCRHCIICRROHO/ORICHRORRORHORHOIHCRHOORCRRHOI/ICRHORIIHOHROHOHOCOOHOOCOORRHO	com/moonsworth/lunar/bridge/mixin16/mixin11/mixin7
com/moonsworth/lunar/HRICOROOOCCOCOROCRHHCRRIRCOICO/RCIOICOHRIOIIRRRROCRHCIICRROHO/ORICHRORRORHORHOIHCRHOORCRRHOI/IHRHHRIHICHOOICIRIOOHOICHIRHOI	com/moonsworth/lunar/bridge/mixin16/mixin11/mixin8
com/moonsworth/lunar/HRICOROOOCCOCOROCRHHCRRIRCOICO/RCIOICOHRIOIIRRRROCRHCIICRROHO/ORICHRORRORHORHOIHCRHOORCRRHOI/IIORCIOOIHRRRICOHIRCIHOOCCOHRO	com/moonsworth/lunar/bridge/mixin16/mixin11/mixin9
com/moonsworth/lunar/HRICOROOOCCOCOROCRHHCRRIRCOICO/RCIOICOHRIOIIRRRROCRHCIICRROHO/ORICHRORRORHORHOIHCRHOORCRRHOI/OHOOORICRHIIIIRHCICICOCHROICRC	com/moonsworth/lunar/bridge/mixin16/mixin11/mixin10
com/moonsworth/lunar/HRICOROOOCCOCOROCRHHCRRIRCOICO/RCIOICOHRIOIIRRRROCRHCIICRROHO/ORICHRORRORHORHOIHCRHOORCRRHOI/OHOOORICRHIIIIRHCICICOCHROICRC/HHRROIIHRRICIIHIIHICRHHRHOHHOO	com/moonsworth/lunar/bridge/mixin16/mixin11/mixin10/mixin
com/moonsworth/lunar/HRICOROOOCCOCOROCRHHCRRIRCOICO/RCIOICOHRIOIIRRRROCRHCIICRROHO/ORICHRORRORHORHOIHCRHOORCRRHOI/OHOOORICRHIIIIRHCICICOCHROICRC/HHRROIIHRRICIIHIIHICRHHRHOHHOO/HORHROIOIOICIRHIOCOICHHHIHCIIO	com/moonsworth/lunar/bridge/mixin16/mixin11/mixin10/mixin/mixin
com/moonsworth/lunar/HRICOROOOCCOCOROCRHHCRRIRCOICO/RCIOICOHRIOIIRRRROCRHCIICRROHO/ORICHRORRORHORHOIHCRHOORCRRHOI/OHOOORICRHIIIIRHCICICOCHROICRC/HORHROIOIOICIRHIOCOICHHHIHCIIO	com/moonsworth/lunar/bridge/mixin16/mixin11/mixin10/mixin2
com/moonsworth/lunar/HRICOROOOCCOCOROCRHHCRRIRCOICO/RCIOICOHRIOIIRRRROCRHCIICRROHO/ORICHRORRORHORHOIHCRHOORCRRHOI/OHROCHICOIOICHOCRROORRCIIICIHO	com/moonsworth/lunar/bridge/mixin16/mixin11/mixin11
com/moonsworth/lunar/HRICOROOOCCOCOROCRHHCRRIRCOICO/RCIOICOHRIOIIRRRROCRHCIICRROHO/ORICHRORRORHORHOIHCRHOORCRRHOI/OIRIOIIIRICICCHORICRRIRROHCRIC	com/moonsworth/lunar/bridge/mixin16/mixin11/mixin12
com/moonsworth/lunar/HRICOROOOCCOCOROCRHHCRRIRCOICO/RCIOICOHRIOIIRRRROCRHCIICRROHO/ORICHRORRORHORHOIHCRHOORCRRHOI/ORCHOHHCOHCORRICRIHCHHRORHHCHH	com/moonsworth/lunar/bridge/mixin16/mixin11/mixin13
com/moonsworth/lunar/HRICOROOOCCOCOROCRHHCRRIRCOICO/RCIOICOHRIOIIRRRROCRHCIICRROHO/ORICHRORRORHORHOIHCRHOORCRRHOI/ORCHOHHCOHCORRICRIHCHHRORHHCHH/HHRROIIHRRICIIHIIHICRHHRHOHHOO	com/moonsworth/lunar/bridge/mixin16/mixin11/mixin13/mixin
com/moonsworth/lunar/HRICOROOOCCOCOROCRHHCRRIRCOICO/RCIOICOHRIOIIRRRROCRHCIICRROHO/ORICHRORRORHORHOIHCRHOORCRRHOI/ORCHOHHCOHCORRICRIHCHHRORHHCHH/HORHROIOIOICIRHIOCOICHHHIHCIIO	com/moonsworth/lunar/bridge/mixin16/mixin11/mixin13/mixin2
com/moonsworth/lunar/HRICOROOOCCOCOROCRHHCRRIRCOICO/RCIOICOHRIOIIRRRROCRHCIICRROHO/ORICHRORRORHORHOIHCRHOORCRRHOI/ORCHOHHCOHCORRICRIHCHHRORHHCHH/HRICOROOOCCOCOROCRHHCRRIRCOICO	com/moonsworth/lunar/bridge/mixin16/mixin11/mixin13/mixin3
com/moonsworth/lunar/HRICOROOOCCOCOROCRHHCRRIRCOICO/RCIOICOHRIOIIRRRROCRHCIICRROHO/ORICHRORRORHORHOIHCRHOORCRRHOI/ORCHOHHCOHCORRICRIHCHHRORHHCHH/HRICOROOOCCOCOROCRHHCRRIRCOICO/HORHROIOIOICIRHIOCOICHHHIHCIIO	com/moonsworth/lunar/bridge/mixin16/mixin11/mixin13/mixin3/mixin
com/moonsworth/lunar/HRICOROOOCCOCOROCRHHCRRIRCOICO/RCIOICOHRIOIIRRRROCRHCIICRROHO/ORICHRORRORHORHOIHCRHOORCRRHOI/ORICHRORRORHORHOIHCRHOORCRRHOI	com/moonsworth/lunar/bridge/mixin16/mixin11/mixin14
com/moonsworth/lunar/HRICOROOOCCOCOROCRHHCRRIRCOICO/RCIOICOHRIOIIRRRROCRHCIICRROHO/ORICHRORRORHORHOIHCRHOORCRRHOI/RCIOICOHRIOIIRRRROCRHCIICRROHO	com/moonsworth/lunar/bridge/mixin16/mixin11/mixin15
com/moonsworth/lunar/HRICOROOOCCOCOROCRHHCRRIRCOICO/RCIOICOHRIOIIRRRROCRHCIICRROHO/ORICHRORRORHORHOIHCRHOORCRRHOI/RHIRRICCRHHHIIHHIHHOHRCHIOORCC	com/moonsworth/lunar/bridge/mixin16/mixin11/mixin16
com/moonsworth/lunar/HRICOROOOCCOCOROCRHHCRRIRCOICO/RCIOICOHRIOIIRRRROCRHCIICRROHO/ORICHRORRORHORHOIHCRHOORCRRHOI/RIIICIRHRCIHOOOORHOICRIICCCRHR	com/moonsworth/lunar/bridge/mixin16/mixin11/mixin17
com/moonsworth/lunar/HRICOROOOCCOCOROCRHHCRRIRCOICO/RCIOICOHRIOIIRRRROCRHCIICRROHO/RCIOICOHRIOIIRRRROCRHCIICRROHO	com/moonsworth/lunar/bridge/mixin16/mixin12
com/moonsworth/lunar/HRICOROOOCCOCOROCRHHCRRIRCOICO/RHIRRICCRHHHIIHHIHHOHRCHIOORCC	com/moonsworth/lunar/bridge/mixin17
com/moonsworth/lunar/HRICOROOOCCOCOROCRHHCRRIRCOICO/RIIICIRHRCIHOOOORHOICRIICCCRHR	com/moonsworth/lunar/bridge/mixin18
com/moonsworth/lunar/HRICOROOOCCOCOROCRHHCRRIRCOICO/RIIICIRHRCIHOOOORHOICRIICCCRHR/CCROIHHHCOCHHOHORCIRHOCRROIOCI	com/moonsworth/lunar/bridge/mixin18/mixin
com/moonsworth/lunar/HRICOROOOCCOCOROCRHHCRRIRCOICO/RIIICIRHRCIHOOOORHOICRIICCCRHR/HHRROIIHRRICIIHIIHICRHHRHOHHOO	com/moonsworth/lunar/bridge/mixin18/mixin2
com/moonsworth/lunar/HRICOROOOCCOCOROCRHHCRRIRCOICO/RIIICIRHRCIHOOOORHOICRIICCCRHR/HORHROIOIOICIRHIOCOICHHHIHCIIO	com/moonsworth/lunar/bridge/mixin18/mixin3
com/moonsworth/lunar/HRICOROOOCCOCOROCRHHCRRIRCOICO/RIIICIRHRCIHOOOORHOICRIICCCRHR/HRICOROOOCCOCOROCRHHCRRIRCOICO	com/moonsworth/lunar/bridge/mixin18/mixin4
com/moonsworth/lunar/HRICOROOOCCOCOROCRHHCRRIRCOICO/RIIICIRHRCIHOOOORHOICRIICCCRHR/HROHOIOCHIRIHICOORIHOHCIOIRIIH	com/moonsworth/lunar/bridge/mixin18/mixin5
com/moonsworth/lunar/HRICOROOOCCOCOROCRHHCRRIRCOICO/RIIICIRHRCIHOOOORHOICRIICCCRHR/ICRHORIIHOHROHOHOCOOHOOCOORRHO	com/moonsworth/lunar/bridge/mixin18/mixin6
com/moonsworth/lunar/HRICOROOOCCOCOROCRHHCRRIRCOICO/RIIICIRHRCIHOOOORHOICRIICCCRHR/OHROCHICOIOICHOCRROORRCIIICIHO	com/moonsworth/lunar/bridge/mixin18/mixin7
com/moonsworth/lunar/HRICOROOOCCOCOROCRHHCRRIRCOICO/RIIICIRHRCIHOOOORHOICRIICCCRHR/ORCHOHHCOHCORRICRIHCHHRORHHCHH	com/moonsworth/lunar/bridge/mixin18/mixin8
com/moonsworth/lunar/HRICOROOOCCOCOROCRHHCRRIRCOICO/RIIICIRHRCIHOOOORHOICRIICCCRHR/ORICHRORRORHORHOIHCRHOORCRRHOI	com/moonsworth/lunar/bridge/mixin18/mixin9
com/moonsworth/lunar/HRICOROOOCCOCOROCRHHCRRIRCOICO/RIIICIRHRCIHOOOORHOICRIICCCRHR/RCIOICOHRIOIIRRRROCRHCIICRROHO	com/moonsworth/lunar/bridge/mixin18/mixin10
com/moonsworth/lunar/HRICOROOOCCOCOROCRHHCRRIRCOICO/RIIIOHCCHRRRORICCHIIHHOORIIOIR	com/moonsworth/lunar/bridge/mixin19
com/moonsworth/lunar/HRICOROOOCCOCOROCRHHCRRIRCOICO/RIIIOHCCHRRRORICCHIIHHOORIIOIR/HHRROIIHRRICIIHIIHICRHHRHOHHOO	com/moonsworth/lunar/bridge/mixin19/mixin
com/moonsworth/lunar/HRICOROOOCCOCOROCRHHCRRIRCOICO/RIIIOHCCHRRRORICCHIIHHOORIIOIR/HHRROIIHRRICIIHIIHICRHHRHOHHOO/HHRROIIHRRICIIHIIHICRHHRHOHHOO	com/moonsworth/lunar/bridge/mixin19/mixin/mixin
com/moonsworth/lunar/HRICOROOOCCOCOROCRHHCRRIRCOICO/RIIIOHCCHRRRORICCHIIHHOORIIOIR/HHRROIIHRRICIIHIIHICRHHRHOHHOO/HORHROIOIOICIRHIOCOICHHHIHCIIO	com/moonsworth/lunar/bridge/mixin19/mixin/mixin2
com/moonsworth/lunar/HRICOROOOCCOCOROCRHHCRRIRCOICO/RIIIOHCCHRRRORICCHIIHHOORIIOIR/HORHROIOIOICIRHIOCOICHHHIHCIIO	com/moonsworth/lunar/bridge/mixin19/mixin2
com/moonsworth/lunar/HRICOROOOCCOCOROCRHHCRRIRCOICO/RIIIOHCCHRRRORICCHIIHHOORIIOIR/HORHROIOIOICIRHIOCOICHHHIHCIIO/HORHROIOIOICIRHIOCOICHHHIHCIIO	com/moonsworth/lunar/bridge/mixin19/mixin2/mixin
com/moonsworth/lunar/HRICOROOOCCOCOROCRHHCRRIRCOICO/RIIIOHCCHRRRORICCHIIHHOORIIOIR/HRICOROOOCCOCOROCRHHCRRIRCOICO	com/moonsworth/lunar/bridge/mixin19/mixin3
com/moonsworth/lunar/HRICOROOOCCOCOROCRHHCRRIRCOICO/RIIIOHCCHRRRORICCHIIHHOORIIOIR/ICRHORIIHOHROHOHOCOOHOOCOORRHO	com/moonsworth/lunar/bridge/mixin19/mixin4
com/moonsworth/lunar/HRICOROOOCCOCOROCRHHCRRIRCOICO/RIIIOHCCHRRRORICCHIIHHOORIIOIR/ICRHORIIHOHROHOHOCOOHOOCOORRHO/HORHROIOIOICIRHIOCOICHHHIHCIIO	com/moonsworth/lunar/bridge/mixin19/mixin4/mixin
com/moonsworth/lunar/HRICOROOOCCOCOROCRHHCRRIRCOICO/RRIHRICRHHHHHIIOOCOCICOIHCIIRC	com/moonsworth/lunar/bridge/heightlimit
com/moonsworth/lunar/IHRHHRIHICHOOICIRIOOHOICHIRHOI	com/moonsworth/lunar/mixin2
com/moonsworth/lunar/IHRHHRIHICHOOICIRIOOHOICHIRHOI/HORHROIOIOICIRHIOCOICHHHIHCIIO	com/moonsworth/lunar/mixin2/mixin
com/moonsworth/lunar/IHRHHRIHICHOOICIRIOOHOICHIRHOI/HORHROIOIOICIRHIOCOICHHHIHCIIO/HORHROIOIOICIRHIOCOICHHHIHCIIO	com/moonsworth/lunar/mixin2/mixin/mixin
com/moonsworth/lunar/IHRHHRIHICHOOICIRIOOHOICHIRHOI/HORHROIOIOICIRHIOCOICHHHIHCIIO/HORHROIOIOICIRHIOCOICHHHIHCIIO/HHRROIIHRRICIIHIIHICRHHRHOHHOO	com/moonsworth/lunar/mixin2/mixin/mixin/mixin
com/moonsworth/lunar/IHRHHRIHICHOOICIRIOOHOICHIRHOI/HORHROIOIOICIRHIOCOICHHHIHCIIO/HORHROIOIOICIRHIOCOICHHHIHCIIO/HORHROIOIOICIRHIOCOICHHHIHCIIO	com/moonsworth/lunar/mixin2/mixin/mixin/mixin2
com/moonsworth/lunar/IHRHHRIHICHOOICIRIOOHOICHIRHOI/HORHROIOIOICIRHIOCOICHHHIHCIIO/HORHROIOIOICIRHIOCOICHHHIHCIIO/HRICOROOOCCOCOROCRHHCRRIRCOICO	com/moonsworth/lunar/mixin2/mixin/mixin/mixin3
com/moonsworth/lunar/IIORCIOOIHRRRICOHIRCIHOOCCOHRO	com/moonsworth/lunar/config
com/moonsworth/lunar/OHOOORICRHIIIIRHCICICOCHROICRC	com/moonsworth/lunar/loader
com/moonsworth/lunar/OHOOORICRHIIIIRHCICICOCHROICRC/HHRROIIHRRICIIHIIHICRHHRHOHHOO	com/moonsworth/lunar/loader/mixin
com/moonsworth/lunar/OHOOORICRHIIIIRHCICICOCHROICRC/HORHROIOIOICIRHIOCOICHHHIHCIIO	com/moonsworth/lunar/loader/mixin2
com/moonsworth/lunar/ORCHOHHCOHCORRICRIHCHHRORHHCHH	com/moonsworth/lunar/icon
com/moonsworth/lunar/ORCHOHHCOHCORRICRIHCHHRORHHCHH/HHRROIIHRRICIIHIIHICRHHRHOHHOO	com/moonsworth/lunar/icon/mixin
com/moonsworth/lunar/ORCHOHHCOHCORRICRIHCHHRORHHCHH/HORHROIOIOICIRHIOCOICHHHIHCIIO	com/moonsworth/lunar/icon/mixin2
com/moonsworth/lunar/ORICHRORRORHORHOIHCRHOORCRRHOI	com/moonsworth/lunar/files
com/moonsworth/lunar/ORICHRORRORHORHOIHCRHOORCRRHOI/HHRROIIHRRICIIHIIHICRHHRHOHHOO	com/moonsworth/lunar/files/mixin
com/moonsworth/lunar/ORICHRORRORHORHOIHCRHOORCRRHOI/HORHROIOIOICIRHIOCOICHHHIHCIIO	com/moonsworth/lunar/files/mixin2
com/moonsworth/lunar/ORICHRORRORHORHOIHCRHOORCRRHOI/HORHROIOIOICIRHIOCOICHHHIHCIIO/HORHROIOIOICIRHIOCOICHHHIHCIIO	com/moonsworth/lunar/files/mixin2/mixin
com/moonsworth/lunar/ORICHRORRORHORHOIHCRHOORCRRHOI/HRICOROOOCCOCOROCRHHCRRIRCOICO	com/moonsworth/lunar/files/mixin3
com/moonsworth/lunar/ORICHRORRORHORHOIHCRHOORCRRHOI/ICRHORIIHOHROHOHOCOOHOOCOORRHO	com/moonsworth/lunar/files/mixin4
com/moonsworth/lunar/ORICHRORRORHORHOIHCRHOORCRRHOI/RCIOICOHRIOIIRRRROCRHCIICRROHO	com/moonsworth/lunar/files/mixin5
com/moonsworth/lunar/RCIOICOHRIOIIRRRROCRHCIICRROHO	com/moonsworth/lunar/mixin3
com/moonsworth/lunar/RCIOICOHRIOIIRRRROCRHCIICRROHO/HORHROIOIOICIRHIOCOICHHHIHCIIO	com/moonsworth/lunar/mixin3/mixin
com/moonsworth/lunar/RCIOICOHRIOIIRRRROCRHCIICRROHO/HORHROIOIOICIRHIOCOICHHHIHCIIO/HHRROIIHRRICIIHIIHICRHHRHOHHOO	com/moonsworth/lunar/mixin3/mixin/mixin
com/moonsworth/lunar/RCIOICOHRIOIIRRRROCRHCIICRROHO/HORHROIOIOICIRHIOCOICHHHIHCIIO/HHRROIIHRRICIIHIIHICRHHRHOHHOO/CCROIHHHCOCHHOHORCIRHOCRROIOCI	com/moonsworth/lunar/mixin3/mixin/mixin/mixin
com/moonsworth/lunar/RCIOICOHRIOIIRRRROCRHCIICRROHO/HORHROIOIOICIRHIOCOICHHHIHCIIO/HHRROIIHRRICIIHIIHICRHHRHOHHOO/HHRROIIHRRICIIHIIHICRHHRHOHHOO	com/moonsworth/lunar/mixin3/mixin/mixin/mixin2
com/moonsworth/lunar/RCIOICOHRIOIIRRRROCRHCIICRROHO/HORHROIOIOICIRHIOCOICHHHIHCIIO/HHRROIIHRRICIIHIIHICRHHRHOHHOO/HORHROIOIOICIRHIOCOICHHHIHCIIO	com/moonsworth/lunar/mixin3/mixin/mixin/mixin3
com/moonsworth/lunar/RCIOICOHRIOIIRRRROCRHCIICRROHO/HORHROIOIOICIRHIOCOICHHHIHCIIO/HHRROIIHRRICIIHIIHICRHHRHOHHOO/HRICOROOOCCOCOROCRHHCRRIRCOICO	com/moonsworth/lunar/mixin3/mixin/mixin/mixin4
com/moonsworth/lunar/RCIOICOHRIOIIRRRROCRHCIICRROHO/HORHROIOIOICIRHIOCOICHHHIHCIIO/HHRROIIHRRICIIHIIHICRHHRHOHHOO/HROHOIOCHIRIHICOORIHOHCIOIRIIH	com/moonsworth/lunar/mixin3/mixin/mixin/mixin5
com/moonsworth/lunar/RCIOICOHRIOIIRRRROCRHCIICRROHO/HORHROIOIOICIRHIOCOICHHHIHCIIO/HHRROIIHRRICIIHIIHICRHHRHOHHOO/ICRHORIIHOHROHOHOCOOHOOCOORRHO	com/moonsworth/lunar/mixin3/mixin/mixin/mixin6
com/moonsworth/lunar/RCIOICOHRIOIIRRRROCRHCIICRROHO/HORHROIOIOICIRHIOCOICHHHIHCIIO/HHRROIIHRRICIIHIIHICRHHRHOHHOO/OHROCHICOIOICHOCRROORRCIIICIHO	com/moonsworth/lunar/mixin3/mixin/mixin/mixin7
com/moonsworth/lunar/RCIOICOHRIOIIRRRROCRHCIICRROHO/HORHROIOIOICIRHIOCOICHHHIHCIIO/HHRROIIHRRICIIHIIHICRHHRHOHHOO/OHROCHICOIOICHOCRROORRCIIICIHO/HHRROIIHRRICIIHIIHICRHHRHOHHOO	com/moonsworth/lunar/mixin3/mixin/mixin/mixin7/mixin
com/moonsworth/lunar/RCIOICOHRIOIIRRRROCRHCIICRROHO/HORHROIOIOICIRHIOCOICHHHIHCIIO/HHRROIIHRRICIIHIIHICRHHRHOHHOO/OHROCHICOIOICHOCRROORRCIIICIHO/HORHROIOIOICIRHIOCOICHHHIHCIIO	com/moonsworth/lunar/mixin3/mixin/mixin/mixin7/mixin2
com/moonsworth/lunar/RCIOICOHRIOIIRRRROCRHCIICRROHO/HORHROIOIOICIRHIOCOICHHHIHCIIO/HHRROIIHRRICIIHIIHICRHHRHOHHOO/ORCHOHHCOHCORRICRIHCHHRORHHCHH	com/moonsworth/lunar/mixin3/mixin/mixin/mixin8
com/moonsworth/lunar/RCIOICOHRIOIIRRRROCRHCIICRROHO/HORHROIOIOICIRHIOCOICHHHIHCIIO/HHRROIIHRRICIIHIIHICRHHRHOHHOO/ORCHOHHCOHCORRICRIHCHHRORHHCHH/HORHROIOIOICIRHIOCOICHHHIHCIIO	com/moonsworth/lunar/mixin3/mixin/mixin/mixin8/mixin
com/moonsworth/lunar/RCIOICOHRIOIIRRRROCRHCIICRROHO/HORHROIOIOICIRHIOCOICHHHIHCIIO/HHRROIIHRRICIIHIIHICRHHRHOHHOO/ORICHRORRORHORHOIHCRHOORCRRHOI	com/moonsworth/lunar/mixin3/mixin/mixin/mixin9
com/moonsworth/lunar/RCIOICOHRIOIIRRRROCRHCIICRROHO/HORHROIOIOICIRHIOCOICHHHIHCIIO/HHRROIIHRRICIIHIIHICRHHRHOHHOO/RCIOICOHRIOIIRRRROCRHCIICRROHO	com/moonsworth/lunar/mixin3/mixin/mixin/mixin10
com/moonsworth/lunar/RCIOICOHRIOIIRRRROCRHCIICRROHO/HORHROIOIOICIRHIOCOICHHHIHCIIO/HORHROIOIOICIRHIOCOICHHHIHCIIO	com/moonsworth/lunar/mixin3/mixin/mixin2
com/moonsworth/lunar/RCIOICOHRIOIIRRRROCRHCIICRROHO/HORHROIOIOICIRHIOCOICHHHIHCIIO/HRICOROOOCCOCOROCRHHCRRIRCOICO	com/moonsworth/lunar/mixin3/mixin/mixin3
com/moonsworth/lunar/RCIOICOHRIOIIRRRROCRHCIICRROHO/HORHROIOIOICIRHIOCOICHHHIHCIIO/HRICOROOOCCOCOROCRHHCRRIRCOICO/CCROIHHHCOCHHOHORCIRHOCRROIOCI	com/moonsworth/lunar/mixin3/mixin/mixin3/mixin
com/moonsworth/lunar/RCIOICOHRIOIIRRRROCRHCIICRROHO/HORHROIOIOICIRHIOCOICHHHIHCIIO/HRICOROOOCCOCOROCRHHCRRIRCOICO/HHRROIIHRRICIIHIIHICRHHRHOHHOO	com/moonsworth/lunar/mixin3/mixin/mixin3/mixin2
com/moonsworth/lunar/RCIOICOHRIOIIRRRROCRHCIICRROHO/HORHROIOIOICIRHIOCOICHHHIHCIIO/HRICOROOOCCOCOROCRHHCRRIRCOICO/HIOROOCORHICHIRIHIRCCORCIIICCH	com/moonsworth/lunar/mixin3/mixin/mixin3/mixin3
com/moonsworth/lunar/RCIOICOHRIOIIRRRROCRHCIICRROHO/HORHROIOIOICIRHIOCOICHHHIHCIIO/HRICOROOOCCOCOROCRHHCRRIRCOICO/HORHROIOIOICIRHIOCOICHHHIHCIIO	com/moonsworth/lunar/mixin3/mixin/mixin3/mixin4
com/moonsworth/lunar/RCIOICOHRIOIIRRRROCRHCIICRROHO/HORHROIOIOICIRHIOCOICHHHIHCIIO/HRICOROOOCCOCOROCRHHCRRIRCOICO/HRICOROOOCCOCOROCRHHCRRIRCOICO	com/moonsworth/lunar/mixin3/mixin/mixin3/mixin5
com/moonsworth/lunar/RCIOICOHRIOIIRRRROCRHCIICRROHO/HORHROIOIOICIRHIOCOICHHHIHCIIO/HRICOROOOCCOCOROCRHHCRRIRCOICO/HRICOROOOCCOCOROCRHHCRRIRCOICO/HHRROIIHRRICIIHIIHICRHHRHOHHOO	com/moonsworth/lunar/mixin3/mixin/mixin3/mixin5/mixin
com/moonsworth/lunar/RCIOICOHRIOIIRRRROCRHCIICRROHO/HORHROIOIOICIRHIOCOICHHHIHCIIO/HRICOROOOCCOCOROCRHHCRRIRCOICO/HRICOROOOCCOCOROCRHHCRRIRCOICO/HORHROIOIOICIRHIOCOICHHHIHCIIO	com/moonsworth/lunar/mixin3/mixin/mixin3/mixin5/mixin2
com/moonsworth/lunar/RCIOICOHRIOIIRRRROCRHCIICRROHO/HORHROIOIOICIRHIOCOICHHHIHCIIO/HRICOROOOCCOCOROCRHHCRRIRCOICO/HROHOIOCHIRIHICOORIHOHCIOIRIIH	com/moonsworth/lunar/mixin3/mixin/mixin3/mixin6
com/moonsworth/lunar/RCIOICOHRIOIIRRRROCRHCIICRROHO/HORHROIOIOICIRHIOCOICHHHIHCIIO/HRICOROOOCCOCOROCRHHCRRIRCOICO/ICRHORIIHOHROHOHOCOOHOOCOORRHO	com/moonsworth/lunar/mixin3/mixin/mixin3/mixin7
com/moonsworth/lunar/RCIOICOHRIOIIRRRROCRHCIICRROHO/HORHROIOIOICIRHIOCOICHHHIHCIIO/HRICOROOOCCOCOROCRHHCRRIRCOICO/IHRHHRIHICHOOICIRIOOHOICHIRHOI	com/moonsworth/lunar/mixin3/mixin/mixin3/mixin8
com/moonsworth/lunar/RCIOICOHRIOIIRRRROCRHCIICRROHO/HORHROIOIOICIRHIOCOICHHHIHCIIO/HRICOROOOCCOCOROCRHHCRRIRCOICO/IIORCIOOIHRRRICOHIRCIHOOCCOHRO	com/moonsworth/lunar/mixin3/mixin/mixin3/mixin9
com/moonsworth/lunar/RCIOICOHRIOIIRRRROCRHCIICRROHO/HORHROIOIOICIRHIOCOICHHHIHCIIO/HRICOROOOCCOCOROCRHHCRRIRCOICO/IIORCIOOIHRRRICOHIRCIHOOCCOHRO/HORHROIOIOICIRHIOCOICHHHIHCIIO	com/moonsworth/lunar/mixin3/mixin/mixin3/mixin9/mixin
com/moonsworth/lunar/RCIOICOHRIOIIRRRROCRHCIICRROHO/HORHROIOIOICIRHIOCOICHHHIHCIIO/HRICOROOOCCOCOROCRHHCRRIRCOICO/OHOOORICRHIIIIRHCICICOCHROICRC	com/moonsworth/lunar/mixin3/mixin/mixin3/mixin10
com/moonsworth/lunar/RCIOICOHRIOIIRRRROCRHCIICRROHO/HORHROIOIOICIRHIOCOICHHHIHCIIO/HRICOROOOCCOCOROCRHHCRRIRCOICO/OHOOORICRHIIIIRHCICICOCHROICRC/HORHROIOIOICIRHIOCOICHHHIHCIIO	com/moonsworth/lunar/mixin3/mixin/mixin3/mixin10/mixin
com/moonsworth/lunar/RCIOICOHRIOIIRRRROCRHCIICRROHO/HORHROIOIOICIRHIOCOICHHHIHCIIO/HRICOROOOCCOCOROCRHHCRRIRCOICO/OHROCHICOIOICHOCRROORRCIIICIHO	com/moonsworth/lunar/mixin3/mixin/mixin3/mixin11
com/moonsworth/lunar/RCIOICOHRIOIIRRRROCRHCIICRROHO/HORHROIOIOICIRHIOCOICHHHIHCIIO/HRICOROOOCCOCOROCRHHCRRIRCOICO/OIRIOIIIRICICCHORICRRIRROHCRIC	com/moonsworth/lunar/mixin3/mixin/mixin3/mixin12
com/moonsworth/lunar/RCIOICOHRIOIIRRRROCRHCIICRROHO/HORHROIOIOICIRHIOCOICHHHIHCIIO/HRICOROOOCCOCOROCRHHCRRIRCOICO/ORCHOHHCOHCORRICRIHCHHRORHHCHH	com/moonsworth/lunar/mixin3/mixin/mixin3/mixin13
com/moonsworth/lunar/RCIOICOHRIOIIRRRROCRHCIICRROHO/HORHROIOIOICIRHIOCOICHHHIHCIIO/HRICOROOOCCOCOROCRHHCRRIRCOICO/ORICHRORRORHORHOIHCRHOORCRRHOI	com/moonsworth/lunar/mixin3/mixin/mixin3/mixin14
com/moonsworth/lunar/RCIOICOHRIOIIRRRROCRHCIICRROHO/HORHROIOIOICIRHIOCOICHHHIHCIIO/HRICOROOOCCOCOROCRHHCRRIRCOICO/RCIOICOHRIOIIRRRROCRHCIICRROHO	com/moonsworth/lunar/mixin3/mixin/mixin3/mixin15
com/moonsworth/lunar/RCIOICOHRIOIIRRRROCRHCIICRROHO/HORHROIOIOICIRHIOCOICHHHIHCIIO/HRICOROOOCCOCOROCRHHCRRIRCOICO/RHIRRICCRHHHIIHHIHHOHRCHIOORCC	com/moonsworth/lunar/mixin3/mixin/mixin3/mixin16
com/moonsworth/lunar/RCIOICOHRIOIIRRRROCRHCIICRROHO/HORHROIOIOICIRHIOCOICHHHIHCIIO/HRICOROOOCCOCOROCRHHCRRIRCOICO/RHIRRICCRHHHIIHHIHHOHRCHIOORCC/HHRROIIHRRICIIHIIHICRHHRHOHHOO	com/moonsworth/lunar/mixin3/mixin/mixin3/mixin16/mixin
com/moonsworth/lunar/RCIOICOHRIOIIRRRROCRHCIICRROHO/HORHROIOIOICIRHIOCOICHHHIHCIIO/HRICOROOOCCOCOROCRHHCRRIRCOICO/RHIRRICCRHHHIIHHIHHOHRCHIOORCC/HORHROIOIOICIRHIOCOICHHHIHCIIO	com/moonsworth/lunar/mixin3/mixin/mixin3/mixin16/mixin2
com/moonsworth/lunar/RCIOICOHRIOIIRRRROCRHCIICRROHO/HORHROIOIOICIRHIOCOICHHHIHCIIO/ICRHORIIHOHROHOHOCOOHOOCOORRHO	com/moonsworth/lunar/mixin3/mixin/mixin4
com/moonsworth/lunar/RCIOICOHRIOIIRRRROCRHCIICRROHO/HORHROIOIOICIRHIOCOICHHHIHCIIO/ICRHORIIHOHROHOHOCOOHOOCOORRHO/HORHROIOIOICIRHIOCOICHHHIHCIIO	com/moonsworth/lunar/mixin3/mixin/mixin4/mixin
com/moonsworth/lunar/RCIOICOHRIOIIRRRROCRHCIICRROHO/HORHROIOIOICIRHIOCOICHHHIHCIIO/ICRHORIIHOHROHOHOCOOHOOCOORRHO/HORHROIOIOICIRHIOCOICHHHIHCIIO/HHRROIIHRRICIIHIIHICRHHRHOHHOO	com/moonsworth/lunar/mixin3/mixin/mixin4/mixin/mixin
com/moonsworth/lunar/RCIOICOHRIOIIRRRROCRHCIICRROHO/HORHROIOIOICIRHIOCOICHHHIHCIIO/ICRHORIIHOHROHOHOCOOHOOCOORRHO/HORHROIOIOICIRHIOCOICHHHIHCIIO/HORHROIOIOICIRHIOCOICHHHIHCIIO	com/moonsworth/lunar/mixin3/mixin/mixin4/mixin/mixin2
com/moonsworth/lunar/RCIOICOHRIOIIRRRROCRHCIICRROHO/HORHROIOIOICIRHIOCOICHHHIHCIIO/ICRHORIIHOHROHOHOCOOHOOCOORRHO/HORHROIOIOICIRHIOCOICHHHIHCIIO/HORHROIOIOICIRHIOCOICHHHIHCIIO/HORHROIOIOICIRHIOCOICHHHIHCIIO	com/moonsworth/lunar/mixin3/mixin/mixin4/mixin/mixin2/mixin
com/moonsworth/lunar/RCIOICOHRIOIIRRRROCRHCIICRROHO/HORHROIOIOICIRHIOCOICHHHIHCIIO/RCIOICOHRIOIIRRRROCRHCIICRROHO	com/moonsworth/lunar/mixin3/mixin/mixin5
com/moonsworth/lunar/RCIOICOHRIOIIRRRROCRHCIICRROHO/HORHROIOIOICIRHIOCOICHHHIHCIIO/RCIOICOHRIOIIRRRROCRHCIICRROHO/HORHROIOIOICIRHIOCOICHHHIHCIIO	com/moonsworth/lunar/mixin3/mixin/mixin5/mixin
com/moonsworth/lunar/RCIOICOHRIOIIRRRROCRHCIICRROHO/HORHROIOIOICIRHIOCOICHHHIHCIIO/RCIOICOHRIOIIRRRROCRHCIICRROHO/HORHROIOIOICIRHIOCOICHHHIHCIIO/HHRROIIHRRICIIHIIHICRHHRHOHHOO	com/moonsworth/lunar/mixin3/mixin/mixin5/mixin/mixin
com/moonsworth/lunar/RCIOICOHRIOIIRRRROCRHCIICRROHO/HORHROIOIOICIRHIOCOICHHHIHCIIO/RCIOICOHRIOIIRRRROCRHCIICRROHO/HORHROIOIOICIRHIOCOICHHHIHCIIO/HHRROIIHRRICIIHIIHICRHHRHOHHOO/HORHROIOIOICIRHIOCOICHHHIHCIIO	com/moonsworth/lunar/mixin3/mixin/mixin5/mixin/mixin/mixin
com/moonsworth/lunar/RCIOICOHRIOIIRRRROCRHCIICRROHO/HORHROIOIOICIRHIOCOICHHHIHCIIO/RCIOICOHRIOIIRRRROCRHCIICRROHO/HORHROIOIOICIRHIOCOICHHHIHCIIO/HORHROIOIOICIRHIOCOICHHHIHCIIO	com/moonsworth/lunar/mixin3/mixin/mixin5/mixin/mixin2
com/moonsworth/lunar/RCIOICOHRIOIIRRRROCRHCIICRROHO/HORHROIOIOICIRHIOCOICHHHIHCIIO/RCIOICOHRIOIIRRRROCRHCIICRROHO/HORHROIOIOICIRHIOCOICHHHIHCIIO/HORHROIOIOICIRHIOCOICHHHIHCIIO/HORHROIOIOICIRHIOCOICHHHIHCIIO	com/moonsworth/lunar/mixin3/mixin/mixin5/mixin/mixin2/mixin
com/moonsworth/lunar/RCIOICOHRIOIIRRRROCRHCIICRROHO/HORHROIOIOICIRHIOCOICHHHIHCIIO/RCIOICOHRIOIIRRRROCRHCIICRROHO/HORHROIOIOICIRHIOCOICHHHIHCIIO/HRICOROOOCCOCOROCRHHCRRIRCOICO	com/moonsworth/lunar/mixin3/mixin/mixin5/mixin/mixin3
com/moonsworth/lunar/RHIRRICCRHHHIIHHIHHOHRCHIOORCC	com/moonsworth/lunar/mixin
com/moonsworth/lunar/RHIRRICCRHHHIIHHIHHOHRCHIOORCC/HHRROIIHRRICIIHIIHICRHHRHOHHOO	com/moonsworth/lunar/mixin/mixin2
com/moonsworth/lunar/RHIRRICCRHHHIIHHIHHOHRCHIOORCC/HHRROIIHRRICIIHIIHICRHHRHOHHOO/HHRROIIHRRICIIHIIHICRHHRHOHHOO	com/moonsworth/lunar/mixin/mixin2/mixin
com/moonsworth/lunar/RHIRRICCRHHHIIHHIHHOHRCHIOORCC/HHRROIIHRRICIIHIIHICRHHRHOHHOO/HORHROIOIOICIRHIOCOICHHHIHCIIO	com/moonsworth/lunar/mixin/mixin2/mixin2
com/moonsworth/lunar/RHIRRICCRHHHIIHHIHHOHRCHIOORCC/HHRROIIHRRICIIHIIHICRHHRHOHHOO/HRICOROOOCCOCOROCRHHCRRIRCOICO	com/moonsworth/lunar/mixin/mixin2/mixin3
com/moonsworth/lunar/RHIRRICCRHHHIIHHIHHOHRCHIOORCC/HORHROIOIOICIRHIOCOICHHHIHCIIO	com/moonsworth/lunar/mixin/mixin
com/moonsworth/lunar/RHIRRICCRHHHIIHHIHHOHRCHIOORCC/HORHROIOIOICIRHIOCOICHHHIHCIIO/HHRROIIHRRICIIHIIHICRHHRHOHHOO	com/moonsworth/lunar/mixin/mixin/mixin3
com/moonsworth/lunar/RHIRRICCRHHHIIHHIHHOHRCHIOORCC/HORHROIOIOICIRHIOCOICHHHIHCIIO/HORHROIOIOICIRHIOCOICHHHIHCIIO	com/moonsworth/lunar/mixin/mixin/mixin
com/moonsworth/lunar/RHIRRICCRHHHIIHHIHHOHRCHIOORCC/HORHROIOIOICIRHIOCOICHHHIHCIIO/HORHROIOIOICIRHIOCOICHHHIHCIIO/HHRROIIHRRICIIHIIHICRHHRHOHHOO	com/moonsworth/lunar/mixin/mixin/mixin/mixin2
com/moonsworth/lunar/RHIRRICCRHHHIIHHIHHOHRCHIOORCC/HORHROIOIOICIRHIOCOICHHHIHCIIO/HORHROIOIOICIRHIOCOICHHHIHCIIO/HORHROIOIOICIRHIOCOICHHHIHCIIO	com/moonsworth/lunar/mixin/mixin/mixin/mixin3
com/moonsworth/lunar/RHIRRICCRHHHIIHHIHHOHRCHIOORCC/HORHROIOIOICIRHIOCOICHHHIHCIIO/HORHROIOIOICIRHIOCOICHHHIHCIIO/HRICOROOOCCOCOROCRHHCRRIRCOICO	com/moonsworth/lunar/mixin/mixin/mixin/mixin
com/moonsworth/lunar/RHIRRICCRHHHIIHHIHHOHRCHIOORCC/HORHROIOIOICIRHIOCOICHHHIHCIIO/HORHROIOIOICIRHIOCOICHHHIHCIIO/HRICOROOOCCOCOROCRHHCRRIRCOICO/HORHROIOIOICIRHIOCOICHHHIHCIIO	com/moonsworth/lunar/mixin/mixin/mixin/mixin/mixin
com/moonsworth/lunar/RHIRRICCRHHHIIHHIHHOHRCHIOORCC/HORHROIOIOICIRHIOCOICHHHIHCIIO/HRICOROOOCCOCOROCRHHCRRIRCOICO	com/moonsworth/lunar/mixin/mixin/mixin4
com/moonsworth/lunar/RHIRRICCRHHHIIHHIHHOHRCHIOORCC/HORHROIOIOICIRHIOCOICHHHIHCIIO/ICRHORIIHOHROHOHOCOOHOOCOORRHO	com/moonsworth/lunar/mixin/mixin/mixin2
com/moonsworth/lunar/RHIRRICCRHHHIIHHIHHOHRCHIOORCC/HORHROIOIOICIRHIOCOICHHHIHCIIO/ICRHORIIHOHROHOHOCOOHOOCOORRHO/HHRROIIHRRICIIHIIHICRHHRHOHHOO	com/moonsworth/lunar/mixin/mixin/mixin2/mixin
com/moonsworth/lunar/RHIRRICCRHHHIIHHIHHOHRCHIOORCC/HORHROIOIOICIRHIOCOICHHHIHCIIO/ICRHORIIHOHROHOHOCOOHOOCOORRHO/HORHROIOIOICIRHIOCOICHHHIHCIIO	com/moonsworth/lunar/mixin/mixin/mixin2/mixin2
com/moonsworth/lunar/client/CCHIHOHCICHCRCCCHRIIOHHIICCCIO	com/moonsworth/lunar/client/itemtracker
com/moonsworth/lunar/client/CCHOHROIOHHCCCOCIIOIRCHRROHHRC	com/moonsworth/lunar/client/horsestats
com/moonsworth/lunar/client/CCHOHROIOHHCCCOCIIOIRCHRROHHRC/HHRROIIHRRICIIHIIHICRHHRHOHHOO	com/moonsworth/lunar/client/horsestats/mixin
com/moonsworth/lunar/client/CCHOHROIOHHCCCOCIIOIRCHRROHHRC/HORHROIOIOICIRHIOCOICHHHIHCIIO	com/moonsworth/lunar/client/horsestats/mixin2
com/moonsworth/lunar/client/CCROIHHHCOCHHOHORCIRHOCRROIOCI	com/moonsworth/lunar/client/framework
com/moonsworth/lunar/client/CCROIHHHCOCHHOHORCIRHOCRROIOCI/HHRROIIHRRICIIHIIHICRHHRHOHHOO	com/moonsworth/lunar/client/framework/mixin
com/moonsworth/lunar/client/CCROIHHHCOCHHOHORCIRHOCRROIOCI/HORHROIOIOICIRHIOCOICHHHIHCIIO	com/moonsworth/lunar/client/framework/mixin2
com/moonsworth/lunar/client/CCROIHHHCOCHHOHORCIRHOCRROIOCI/HORHROIOIOICIRHIOCOICHHHIHCIIO/HHRROIIHRRICIIHIIHICRHHRHOHHOO	com/moonsworth/lunar/client/framework/mixin2/mixin
com/moonsworth/lunar/client/CCROIHHHCOCHHOHORCIRHOCRROIOCI/HORHROIOIOICIRHIOCOICHHHIHCIIO/HORHROIOIOICIRHIOCOICHHHIHCIIO	com/moonsworth/lunar/client/framework/mixin2/mixin2
com/moonsworth/lunar/client/CCROIHHHCOCHHOHORCIRHOCRROIOCI/HORHROIOIOICIRHIOCOICHHHIHCIIO/HRICOROOOCCOCOROCRHHCRRIRCOICO	com/moonsworth/lunar/client/framework/mixin2/mixin3
com/moonsworth/lunar/client/CCROIHHHCOCHHOHORCIRHOCRROIOCI/HORHROIOIOICIRHIOCOICHHHIHCIIO/ICRHORIIHOHROHOHOCOOHOOCOORRHO	com/moonsworth/lunar/client/framework/mixin2/nameplate
com/moonsworth/lunar/client/CCROIHHHCOCHHOHORCIRHOCRROIOCI/HRICOROOOCCOCOROCRHHCRRIRCOICO	com/moonsworth/lunar/client/framework/mixin3
com/moonsworth/lunar/client/CCROIHHHCOCHHOHORCIRHOCRROIOCI/HRICOROOOCCOCOROCRHHCRRIRCOICO/HHRROIIHRRICIIHIIHICRHHRHOHHOO	com/moonsworth/lunar/client/framework/mixin3/mixin
com/moonsworth/lunar/client/CCROIHHHCOCHHOHORCIRHOCRROIOCI/HRICOROOOCCOCOROCRHHCRRIRCOICO/HORHROIOIOICIRHIOCOICHHHIHCIIO	com/moonsworth/lunar/client/framework/mixin3/mixin2
com/moonsworth/lunar/client/CCROIHHHCOCHHOHORCIRHOCRROIOCI/HRICOROOOCCOCOROCRHHCRRIRCOICO/HORHROIOIOICIRHIOCOICHHHIHCIIO/HHRROIIHRRICIIHIIHICRHHRHOHHOO	com/moonsworth/lunar/client/framework/mixin3/mixin2/mixin
com/moonsworth/lunar/client/CCROIHHHCOCHHOHORCIRHOCRROIOCI/HRICOROOOCCOCOROCRHHCRRIRCOICO/HORHROIOIOICIRHIOCOICHHHIHCIIO/HORHROIOIOICIRHIOCOICHHHIHCIIO	com/moonsworth/lunar/client/framework/mixin3/mixin2/mixin2
com/moonsworth/lunar/client/CCROIHHHCOCHHOHORCIRHOCRROIOCI/HRICOROOOCCOCOROCRHHCRRIRCOICO/HORHROIOIOICIRHIOCOICHHHIHCIIO/HRICOROOOCCOCOROCRHHCRRIRCOICO	com/moonsworth/lunar/client/framework/mixin3/mixin2/mixin3
com/moonsworth/lunar/client/CCROIHHHCOCHHOHORCIRHOCRROIOCI/ICRHORIIHOHROHOHOCOOHOOCOORRHO	com/moonsworth/lunar/client/framework/nameplate
com/moonsworth/lunar/client/CCROIHHHCOCHHOHORCIRHOCRROIOCI/ICRHORIIHOHROHOHOCOOHOOCOORRHO/HORHROIOIOICIRHIOCOICHHHIHCIIO	com/moonsworth/lunar/client/framework/nameplate/mixin
com/moonsworth/lunar/client/CCROIHHHCOCHHOHORCIRHOCRROIOCI/OHROCHICOIOICHOCRROORRCIIICIHO	com/moonsworth/lunar/client/framework/holograms
com/moonsworth/lunar/client/CCROIHHHCOCHHOHORCIRHOCRROIOCI/OHROCHICOIOICHOCRROORRCIIICIHO/HHRROIIHRRICIIHIIHICRHHRHOHHOO	com/moonsworth/lunar/client/framework/holograms/servercommandconfig
com/moonsworth/lunar/client/CCROIHHHCOCHHOHORCIRHOCRROIOCI/OHROCHICOIOICHOCRROORRCIIICIHO/HORHROIOIOICIRHIOCOICHHHIHCIIO	com/moonsworth/lunar/client/framework/holograms/serverborders
com/moonsworth/lunar/client/CCROIHHHCOCHHOHORCIRHOCRROIOCI/OHROCHICOIOICHOCRROORRCIIICIHO/HRICOROOOCCOCOROCRHHCRRIRCOICO	com/moonsworth/lunar/client/framework/holograms/serverholograms
com/moonsworth/lunar/client/CCROIHHHCOCHHOHORCIRHOCRROIOCI/OHROCHICOIOICHOCRROORRCIIICIHO/ICRHORIIHOHROHOHOCOOHOOCOORRHO	com/moonsworth/lunar/client/framework/holograms/nameplate
com/moonsworth/lunar/client/CCROIHHHCOCHHOHORCIRHOCRROIOCI/RCIOICOHRIOIIRRRROCRHCIICRROHO	com/moonsworth/lunar/client/framework/feature
com/moonsworth/lunar/client/CCROIHHHCOCHHOHORCIRHOCRROIOCI/RCIOICOHRIOIIRRRROCRHCIICRROHO/CCHIHOHCICHCRCCCHRIIOHHIICCCIO	com/moonsworth/lunar/client/framework/feature/itemtracker
com/moonsworth/lunar/client/CCROIHHHCOCHHOHORCIRHOCRROIOCI/RCIOICOHRIOIIRRRROCRHCIICRROHO/CCHOHROIOHHCCCOCIIOIRCHRROHHRC	com/moonsworth/lunar/client/framework/feature/horsestats
com/moonsworth/lunar/client/CCROIHHHCOCHHOHORCIRHOCRROIOCI/RCIOICOHRIOIIRRRROCRHCIICRROHO/CCOIRCORCORHORHHIORHOIHOHRCICH	com/moonsworth/lunar/client/framework/feature/zoom
com/moonsworth/lunar/client/CCROIHHHCOCHHOHORCIRHOCRROIOCI/RCIOICOHRIOIIRRRROCRHCIICRROHO/CCROIHHHCOCHHOHORCIRHOCRROIOCI	com/moonsworth/lunar/client/framework/feature/colorsaturation
com/moonsworth/lunar/client/CCROIHHHCOCHHOHORCIRHOCRROIOCI/RCIOICOHRIOIIRRRROCRHCIICRROHO/CHIRIORIIRHHHHCIIHOHCHIIORCOHH	com/moonsworth/lunar/client/framework/feature/memory
com/moonsworth/lunar/client/CCROIHHHCOCHHOHORCIRHOCRROIOCI/RCIOICOHRIOIIRRRROCRHCIICRROHO/CHOHRRHCHHCHCOOCICOCORRHRIICIH	com/moonsworth/lunar/client/framework/feature/autotextactions
com/moonsworth/lunar/client/CCROIHHHCOCHHOHORCIRHOCRROIOCI/RCIOICOHRIOIIRRRROCRHCIICRROHO/CHRIHRCRCIOIHIROIHROCHHHCOICOI	com/moonsworth/lunar/client/framework/feature/gui
com/moonsworth/lunar/client/CCROIHHHCOCHHOHORCIRHOCRROIOCI/RCIOICOHRIOIIRRRROCRHCIICRROHO/CICORRHIOIIOORRRICCORIOIOCIHII	com/moonsworth/lunar/client/framework/feature/hurtcam
com/moonsworth/lunar/client/CCROIHHHCOCHHOHORCIRHOCRROIOCI/RCIOICOHRIOIIRRRROCRHCIICRROHO/COIOHCORCRCOHRROIIIOIHRIOOCIRC	com/moonsworth/lunar/client/framework/feature/snaplook
com/moonsworth/lunar/client/CCROIHHHCOCHHOHORCIRHOCRROIOCI/RCIOICOHRIOIIRRRROCRHCIICRROHO/CORRCOHCRHOHHOIHOIOICORROHOOOO	com/moonsworth/lunar/client/framework/feature/freelook
com/moonsworth/lunar/client/CCROIHHHCOCHHOHORCIRHOCRROIOCI/RCIOICOHRIOIIRRRROCRHCIICRROHO/HCCIHCROHHCOOHCHCHHHICIOROHICC	com/moonsworth/lunar/client/framework/feature/lighting
com/moonsworth/lunar/client/CCROIHHHCOCHHOHORCIRHOCRROIOCI/RCIOICOHRIOIIRRRROCRHCIICRROHO/HCCRIIRHHCCRCCRORCCOHCIIRCOCOO	com/moonsworth/lunar/client/framework/feature/playtime
com/moonsworth/lunar/client/CCROIHHHCOCHHOHORCIRHOCRROIOCI/RCIOICOHRIOIIRRRROCRHCIICRROHO/HCHHRHHCRIIORRRICOOCCOCHIRRRRR	com/moonsworth/lunar/client/framework/feature/fov
com/moonsworth/lunar/client/CCROIHHHCOCHHOHORCIRHOCRROIOCI/RCIOICOHRIOIIRRRROCRHCIICRROHO/HCROHRCRRCRCIRIOOOHHIRORHCCHCR	com/moonsworth/lunar/client/framework/feature/packorganizer
com/moonsworth/lunar/client/CCROIHHHCOCHHOHORCIRHOCRROIOCI/RCIOICOHRIOIIRRRROCRHCIICRROHO/HHHROHCHIOHICCIHRCHCOIHRHHRORR	com/moonsworth/lunar/client/framework/feature/motionblur
com/moonsworth/lunar/client/CCROIHHHCOCHHOHORCIRHOCRROIOCI/RCIOICOHRIOIIRRRROCRHCIICRROHO/HHRROIIHRRICIIHIIHICRHHRHOHHOO	com/moonsworth/lunar/client/framework/feature/armorstatus
com/moonsworth/lunar/client/CCROIHHHCOCHHOHORCIRHOCRROIOCI/RCIOICOHRIOIIRRRROCRHCIICRROHO/HHRROIIHRRICIIHIIHICRHHRHOHHOO/HHRROIIHRRICIIHIIHICRHHRHOHHOO	com/moonsworth/lunar/client/framework/feature/armorstatus/mixin
com/moonsworth/lunar/client/CCROIHHHCOCHHOHORCIRHOCRROIOCI/RCIOICOHRIOIIRRRROCRHCIICRROHO/HHRROIIHRRICIIHIIHICRHHRHOHHOO/HORHROIOIOICIRHIOCOICHHHIHCIIO	com/moonsworth/lunar/client/framework/feature/armorstatus/armorstatusbarschild
com/moonsworth/lunar/client/CCROIHHHCOCHHOHORCIRHOCRROIOCI/RCIOICOHRIOIIRRRROCRHCIICRROHO/HHRROIIHRRICIIHIIHICRHHRHOHHOO/HRICOROOOCCOCOROCRHHCRRIRCOICO	com/moonsworth/lunar/client/framework/feature/armorstatus/armorstatus
com/moonsworth/lunar/client/CCROIHHHCOCHHOHORCIRHOCRROIOCI/RCIOICOHRIOIIRRRROCRHCIICRROHO/HHRROIIHRRICIIHIIHICRHHRHOHHOO/ICRHORIIHOHROHOHOCOOHOOCOORRHO	com/moonsworth/lunar/client/framework/feature/armorstatus/nameplate
com/moonsworth/lunar/client/CCROIHHHCOCHHOHORCIRHOCRROIOCI/RCIOICOHRIOIIRRRROCRHCIICRROHO/HHRROIIHRRICIIHIIHICRHHRHOHHOO/ICRHORIIHOHROHOHOCOOHOOCOORRHO/HORHROIOIOICIRHIOCOICHHHIHCIIO	com/moonsworth/lunar/client/framework/feature/armorstatus/nameplate/mixin
com/moonsworth/lunar/client/CCROIHHHCOCHHOHORCIRHOCRROIOCI/RCIOICOHRIOIIRRRROCRHCIICRROHO/HICCRORORCRIHCORCCIORIOROORIHR	com/moonsworth/lunar/client/framework/feature/fog
com/moonsworth/lunar/client/CCROIHHHCOCHHOHORCIRHOCRROIOCI/RCIOICOHRIOIIRRRROCRHCIICRROHO/HIIIOHRRROCICIOIORRRIRCRCHHIII	com/moonsworth/lunar/client/framework/feature/shields
com/moonsworth/lunar/client/CCROIHHHCOCHHOHORCIRHOCRROIOCI/RCIOICOHRIOIIRRRROCRHCIICRROHO/HIIOIOORCIICIRROCCRIOHRHOOIRCR	com/moonsworth/lunar/client/framework/feature/potioneffects
com/moonsworth/lunar/client/CCROIHHHCOCHHOHORCIRHOCRROIOCI/RCIOICOHRIOIIRRRROCRHCIICRROHO/HIOCORCOCHIOHHCIROHIIRRHRHOIHO	com/moonsworth/lunar/client/framework/feature/scrollabletooltips
com/moonsworth/lunar/client/CCROIHHHCOCHHOHORCIRHOCRROIOCI/RCIOICOHRIOIIRRRROCRHCIICRROHO/HIOCORCOCHIOHHCIROHIIRRHRHOIHO/HORHROIOIOICIRHIOCOICHHHIHCIIO	com/moonsworth/lunar/client/framework/feature/scrollabletooltips/mixin
com/moonsworth/lunar/client/CCROIHHHCOCHHOHORCIRHOCRROIOCI/RCIOICOHRIOIIRRRROCRHCIICRROHO/HIOROOCORHICHIRIHIRCCORCIIICCH	com/moonsworth/lunar/client/framework/feature/coordinates
com/moonsworth/lunar/client/CCROIHHHCOCHHOHORCIRHOCRROIOCI/RCIOICOHRIOIIRRRROCRHCIICRROHO/HIRHCCHIRHRORIICOIHIHCICOIRHHC	com/moonsworth/lunar/client/framework/feature/hitbox
com/moonsworth/lunar/client/CCROIHHHCOCHHOHORCIRHOCRROIOCI/RCIOICOHRIOIIRRRROCRHCIICRROHO/HIRIHCROOIRIORCCOIRRCRHOHCCRRO	com/moonsworth/lunar/client/framework/feature/markers
com/moonsworth/lunar/client/CCROIHHHCOCHHOHORCIRHOCRROIOCI/RCIOICOHRIOIIRRRROCRHCIICRROHO/HIRIHCROOIRIORCCOIRRCRHOHCCRRO/HHRROIIHRRICIIHIIHICRHHRHOHHOO	com/moonsworth/lunar/client/framework/feature/markers/mixin
com/moonsworth/lunar/client/CCROIHHHCOCHHOHORCIRHOCRROIOCI/RCIOICOHRIOIIRRRROCRHCIICRROHO/HIRIHCROOIRIORCCOIRRCRHOHCCRRO/HORHROIOIOICIRHIOCOICHHHIHCIIO	com/moonsworth/lunar/client/framework/feature/markers/mixin2
com/moonsworth/lunar/client/CCROIHHHCOCHHOHORCIRHOCRROIOCI/RCIOICOHRIOIIRRRROCRHCIICRROHO/HIRIHCROOIRIORCCOIRRCRHOHCCRRO/HORHROIOIOICIRHIOCOICHHHIHCIIO/HORHROIOIOICIRHIOCOICHHHIHCIIO	com/moonsworth/lunar/client/framework/feature/markers/mixin2/mixin
com/moonsworth/lunar/client/CCROIHHHCOCHHOHORCIRHOCRROIOCI/RCIOICOHRIOIIRRRROCRHCIICRROHO/HIRIHCROOIRIORCCOIRRCRHOHCCRRO/HORHROIOIOICIRHIOCOICHHHIHCIIO/HORHROIOIOICIRHIOCOICHHHIHCIIO/HORHROIOIOICIRHIOCOICHHHIHCIIO	com/moonsworth/lunar/client/framework/feature/markers/mixin2/mixin/mixin
com/moonsworth/lunar/client/CCROIHHHCOCHHOHORCIRHOCRROIOCI/RCIOICOHRIOIIRRRROCRHCIICRROHO/HIRIHCROOIRIORCCOIRRCRHOHCCRRO/HORHROIOIOICIRHIOCOICHHHIHCIIO/HORHROIOIOICIRHIOCOICHHHIHCIIO/HORHROIOIOICIRHIOCOICHHHIHCIIO/HHRROIIHRRICIIHIIHICRHHRHOHHOO	com/moonsworth/lunar/client/framework/feature/markers/mixin2/mixin/mixin/mixin
com/moonsworth/lunar/client/CCROIHHHCOCHHOHORCIRHOCRROIOCI/RCIOICOHRIOIIRRRROCRHCIICRROHO/HIRIHCROOIRIORCCOIRRCRHOHCCRRO/HORHROIOIOICIRHIOCOICHHHIHCIIO/HORHROIOIOICIRHIOCOICHHHIHCIIO/HORHROIOIOICIRHIOCOICHHHIHCIIO/HORHROIOIOICIRHIOCOICHHHIHCIIO	com/moonsworth/lunar/client/framework/feature/markers/mixin2/mixin/mixin/mixin2
com/moonsworth/lunar/client/CCROIHHHCOCHHOHORCIRHOCRROIOCI/RCIOICOHRIOIIRRRROCRHCIICRROHO/HOCCRCCRCHROIICOOHOHRIICRHCOHR	com/moonsworth/lunar/client/framework/feature/itemphysics
com/moonsworth/lunar/client/CCROIHHHCOCHHOHORCIRHOCRROIOCI/RCIOICOHRIOIIRRRROCRHCIICRROHO/HOCHIRROHIHIHIIHRHOHIOOIRHHCIC	com/moonsworth/lunar/client/framework/feature/titles
com/moonsworth/lunar/client/CCROIHHHCOCHHOHORCIRHOCRROIOCI/RCIOICOHRIOIIRRRROCRHCIICRROHO/HOIHIOIROHORRROCIHRHROHIHIHOCO	com/moonsworth/lunar/client/framework/feature/mod
com/moonsworth/lunar/client/CCROIHHHCOCHHOHORCIRHOCRROIOCI/RCIOICOHRIOIIRRRROCRHCIICRROHO/HOIHIOIROHORRROCIHRHROHIHIHOCO/HHRROIIHRRICIIHIIHICRHHRHOHHOO	com/moonsworth/lunar/client/framework/feature/mod/mixin
com/moonsworth/lunar/client/CCROIHHHCOCHHOHORCIRHOCRROIOCI/RCIOICOHRIOIIRRRROCRHCIICRROHO/HOIHIOIROHORRROCIHRHROHIHIHOCO/HHRROIIHRRICIIHIIHICRHHRHOHHOO/HORHROIOIOICIRHIOCOICHHHIHCIIO	com/moonsworth/lunar/client/framework/feature/mod/mixin/mixin
com/moonsworth/lunar/client/CCROIHHHCOCHHOHORCIRHOCRROIOCI/RCIOICOHRIOIIRRRROCRHCIICRROHO/HOIHIOIROHORRROCIHRHROHIHIHOCO/HHRROIIHRRICIIHIIHICRHHRHOHHOO/HORHROIOIOICIRHIOCOICHHHIHCIIO/HORHROIOIOICIRHIOCOICHHHIHCIIO	com/moonsworth/lunar/client/framework/feature/mod/mixin/mixin/mixin
com/moonsworth/lunar/client/CCROIHHHCOCHHOHORCIRHOCRROIOCI/RCIOICOHRIOIIRRRROCRHCIICRROHO/HOIHIOIROHORRROCIHRHROHIHIHOCO/HORHROIOIOICIRHIOCOICHHHIHCIIO	com/moonsworth/lunar/client/framework/feature/mod/impl
com/moonsworth/lunar/client/CCROIHHHCOCHHOHORCIRHOCRROIOCI/RCIOICOHRIOIIRRRROCRHCIICRROHO/HOIHIOIROHORRROCIHRHROHIHIHOCO/HORHROIOIOICIRHIOCOICHHHIHCIIO/CCROIHHHCOCHHOHORCIRHOCRROIOCI	com/moonsworth/lunar/client/framework/feature/mod/impl/beeheemoth
com/moonsworth/lunar/client/CCROIHHHCOCHHOHORCIRHOCRROIOCI/RCIOICOHRIOIIRRRROCRHCIICRROHO/HOIHIOIROHORRROCIHRHROHIHIHOCO/HORHROIOIOICIRHIOCOICHHHIHCIIO/CCROIHHHCOCHHOHORCIRHOCRROIOCI/HORHROIOIOICIRHIOCOICHHHIHCIIO	com/moonsworth/lunar/client/framework/feature/mod/impl/beeheemoth/mixin
com/moonsworth/lunar/client/CCROIHHHCOCHHOHORCIRHOCRROIOCI/RCIOICOHRIOIIRRRROCRHCIICRROHO/HOIHIOIROHORRROCIHRHROHIHIHOCO/HORHROIOIOICIRHIOCOICHHHIHCIIO/HHRROIIHRRICIIHIIHICRHHRHOHHOO	com/moonsworth/lunar/client/framework/feature/mod/impl/rabbit
com/moonsworth/lunar/client/CCROIHHHCOCHHOHORCIRHOCRROIOCI/RCIOICOHRIOIIRRRROCRHCIICRROHO/HOIHIOIROHORRROCIHRHROHIHIHOCO/HORHROIOIOICIRHIOCOICHHHIHCIIO/HICCRORORCRIHCORCCIORIOROORIHR	com/moonsworth/lunar/client/framework/feature/mod/impl/gui
com/moonsworth/lunar/client/CCROIHHHCOCHHOHORCIRHOCRROIOCI/RCIOICOHRIOIIRRRROCRHCIICRROHO/HOIHIOIROHORRROCIHRHROHIHIHOCO/HORHROIOIOICIRHIOCOICHHHIHCIIO/HIOROOCORHICHIRIHIRCCORCIIICCH	com/moonsworth/lunar/client/framework/feature/mod/impl/preview
com/moonsworth/lunar/client/CCROIHHHCOCHHOHORCIRHOCRROIOCI/RCIOICOHRIOIIRRRROCRHCIICRROHO/HOIHIOIROHORRROCIHRHROHIHIHOCO/HORHROIOIOICIRHIOCOICHHHIHCIIO/HORHROIOIOICIRHIOCOICHHHIHCIIO	com/moonsworth/lunar/client/framework/feature/mod/impl/chat
com/moonsworth/lunar/client/CCROIHHHCOCHHOHORCIRHOCRROIOCI/RCIOICOHRIOIIRRRROCRHCIICRROHO/HOIHIOIROHORRROCIHRHROHIHIHOCO/HORHROIOIOICIRHIOCOICHHHIHCIIO/HRICOROOOCCOCOROCRHHCRRIRCOICO	com/moonsworth/lunar/client/framework/feature/mod/impl/hide
com/moonsworth/lunar/client/CCROIHHHCOCHHOHORCIRHOCRROIOCI/RCIOICOHRIOIIRRRROCRHCIICRROHO/HOIHIOIROHORRROCIHRHROHIHIHOCO/HORHROIOIOICIRHIOCOICHHHIHCIIO/HROHOIOCHIRIHICOORIHOHCIOIRIIH	com/moonsworth/lunar/client/framework/feature/mod/impl/fishing
com/moonsworth/lunar/client/CCROIHHHCOCHHOHORCIRHOCRROIOCI/RCIOICOHRIOIIRRRROCRHCIICRROHO/HOIHIOIROHORRROCIHRHROHIHIHOCO/HORHROIOIOICIRHIOCOICHHHIHCIIO/HROHOIOCHIRIHICOORIHOHCIOIRIIH/HORHROIOIOICIRHIOCOICHHHIHCIIO	com/moonsworth/lunar/client/framework/feature/mod/impl/fishing/mixin
com/moonsworth/lunar/client/CCROIHHHCOCHHOHORCIRHOCRROIOCI/RCIOICOHRIOIIRRRROCRHCIICRROHO/HOIHIOIROHORRROCIHRHROHIHIHOCO/HORHROIOIOICIRHIOCOICHHHIHCIIO/HRORICORIHHHRICRIRCIIOHCRIRRHI	com/moonsworth/lunar/client/framework/feature/mod/impl/slayer
com/moonsworth/lunar/client/CCROIHHHCOCHHOHORCIRHOCRROIOCI/RCIOICOHRIOIIRRRROCRHCIICRROHO/HOIHIOIROHORRROCIHRHROHIHIHOCO/HORHROIOIOICIRHIOCOICHHHIHCIIO/ICRHORIIHOHROHOHOCOOHOOCOORRHO	com/moonsworth/lunar/client/framework/feature/mod/impl/burrow
com/moonsworth/lunar/client/CCROIHHHCOCHHOHORCIRHOCRROIOCI/RCIOICOHRIOIIRRRROCRHCIICRROHO/HOIHIOIROHORRROCIHRHROHIHIHOCO/HORHROIOIOICIRHIOCOICHHHIHCIIO/ICRHORIIHOHROHOHOCOOHOOCOORRHO/HORHROIOIOICIRHIOCOICHHHIHCIIO	com/moonsworth/lunar/client/framework/feature/mod/impl/burrow/mixin
com/moonsworth/lunar/client/CCROIHHHCOCHHOHORCIRHOCRROIOCI/RCIOICOHRIOIIRRRROCRHCIICRROHO/HOIHIOIROHORRROCIHRHROHIHIHOCO/HORHROIOIOICIRHIOCOICHHHIHCIIO/IHRHHRIHICHOOICIRIOOHOICHIRHOI	com/moonsworth/lunar/client/framework/feature/mod/impl/alert
com/moonsworth/lunar/client/CCROIHHHCOCHHOHORCIRHOCRROIOCI/RCIOICOHRIOIIRRRROCRHCIICRROHO/HOIHIOIROHORRROCIHRHROHIHIHOCO/HORHROIOIOICIRHIOCOICHHHIHCIIO/IHRHHRIHICHOOICIRIOOHOICHIRHOI/HHRROIIHRRICIIHIIHICRHHRHOHHOO	com/moonsworth/lunar/client/framework/feature/mod/impl/alert/mixin
com/moonsworth/lunar/client/CCROIHHHCOCHHOHORCIRHOCRROIOCI/RCIOICOHRIOIIRRRROCRHCIICRROHO/HOIHIOIROHORRROCIHRHROHIHIHOCO/HORHROIOIOICIRHIOCOICHHHIHCIIO/IHRHHRIHICHOOICIRIOOHOICHIRHOI/HORHROIOIOICIRHIOCOICHHHIHCIIO	com/moonsworth/lunar/client/framework/feature/mod/impl/alert/excavation
com/moonsworth/lunar/client/CCROIHHHCOCHHOHORCIRHOCRROIOCI/RCIOICOHRIOIIRRRROCRHCIICRROHO/HOIHIOIROHORRROCIHRHROHIHIHOCO/HORHROIOIOICIRHIOCOICHHHIHCIIO/IHRHHRIHICHOOICIRIOOHOICHIRHOI/HORHROIOIOICIRHIOCOICHHHIHCIIO/HORHROIOIOICIRHIOCOICHHHIHCIIO	com/moonsworth/lunar/client/framework/feature/mod/impl/alert/excavation/mixin
com/moonsworth/lunar/client/CCROIHHHCOCHHOHORCIRHOCRROIOCI/RCIOICOHRIOIIRRRROCRHCIICRROHO/HOIHIOIROHORRROCIHRHROHIHIHOCO/HORHROIOIOICIRHIOCOICHHHIHCIIO/IIORCIOOIHRRRICOHIRCIHOOCCOHRO	com/moonsworth/lunar/client/framework/feature/mod/impl/waypoints
com/moonsworth/lunar/client/CCROIHHHCOCHHOHORCIRHOCRROIOCI/RCIOICOHRIOIIRRRROCRHCIICRROHO/HOIHIOIROHORRROCIHRHROHIHIHOCO/HORHROIOIOICIRHIOCOICHHHIHCIIO/IRCHCHOHRRIOORHRCHRIHIOHRCIHRH	com/moonsworth/lunar/client/framework/feature/mod/impl/inactive
com/moonsworth/lunar/client/CCROIHHHCOCHHOHORCIRHOCRROIOCI/RCIOICOHRIOIIRRRROCRHCIICRROHO/HOIHIOIROHORRROCIHRHROHIHIHOCO/HORHROIOIOICIRHIOCOICHHHIHCIIO/OHOOORICRHIIIIRHCICICOCHROICRC	com/moonsworth/lunar/client/framework/feature/mod/impl/chest
com/moonsworth/lunar/client/CCROIHHHCOCHHOHORCIRHOCRROIOCI/RCIOICOHRIOIIRRRROCRHCIICRROHO/HOIHIOIROHORRROCIHRHROHIHIHOCO/HORHROIOIOICIRHIOCOICHHHIHCIIO/OHOOORICRHIIIIRHCICICOCHROICRC/HHRROIIHRRICIIHIIHICRHHRHOHHOO	com/moonsworth/lunar/client/framework/feature/mod/impl/chest/kuudra
com/moonsworth/lunar/client/CCROIHHHCOCHHOHORCIRHOCRROIOCI/RCIOICOHRIOIIRRRROCRHCIICRROHO/HOIHIOIROHORRROCIHRHROHIHIHOCO/HORHROIOIOICIRHIOCOICHHHIHCIIO/OHOOORICRHIIIIRHCICICOCHROICRC/HORHROIOIOICIRHIOCOICHHHIHCIIO	com/moonsworth/lunar/client/framework/feature/mod/impl/chest/dungeon
com/moonsworth/lunar/client/CCROIHHHCOCHHOHORCIRHOCRROIOCI/RCIOICOHRIOIIRRRROCRHCIICRROHO/HOIHIOIROHORRROCIHRHROHIHIHOCO/HORHROIOIOICIRHIOCOICHHHIHCIIO/OHOOORICRHIIIIRHCICICOCHROICRC/HORHROIOIOICIRHIOCOICHHHIHCIIO/HHRROIIHRRICIIHIIHICRHHRHOHHOO	com/moonsworth/lunar/client/framework/feature/mod/impl/chest/dungeon/practice
com/moonsworth/lunar/client/CCROIHHHCOCHHOHORCIRHOCRROIOCI/RCIOICOHRIOIIRRRROCRHCIICRROHO/HOIHIOIROHORRROCIHRHROHIHIHOCO/HORHROIOIOICIRHIOCOICHHHIHCIIO/OHOOORICRHIIIIRHCICICOCHROICRC/HORHROIOIOICIRHIOCOICHHHIHCIIO/HORHROIOIOICIRHIOCOICHHHIHCIIO	com/moonsworth/lunar/client/framework/feature/mod/impl/chest/dungeon/ice
com/moonsworth/lunar/client/CCROIHHHCOCHHOHORCIRHOCRROIOCI/RCIOICOHRIOIIRRRROCRHCIICRROHO/HOIHIOIROHORRROCIHRHROHIHIHOCO/HORHROIOIOICIRHIOCOICHHHIHCIIO/OHOOORICRHIIIIRHCICICOCHROICRC/HORHROIOIOICIRHIOCOICHHHIHCIIO/HRICOROOOCCOCOROCRHHCRRIRCOICO	com/moonsworth/lunar/client/framework/feature/mod/impl/chest/dungeon/dungeonwaypoints
com/moonsworth/lunar/client/CCROIHHHCOCHHOHORCIRHOCRROIOCI/RCIOICOHRIOIIRRRROCRHCIICRROHO/HOIHIOIROHORRROCIHRHROHIHIHOCO/HORHROIOIOICIRHIOCOICHHHIHCIIO/OHOOORICRHIIIIRHCICICOCHROICRC/HORHROIOIOICIRHIOCOICHHHIHCIIO/HRICOROOOCCOCOROCRHHCRRIRCOICO/HHRROIIHRRICIIHIIHICRHHRHOHHOO	com/moonsworth/lunar/client/framework/feature/mod/impl/chest/dungeon/dungeonwaypoints/mixin
com/moonsworth/lunar/client/CCROIHHHCOCHHOHORCIRHOCRROIOCI/RCIOICOHRIOIIRRRROCRHCIICRROHO/HOIHIOIROHORRROCIHRHROHIHIHOCO/HORHROIOIOICIRHIOCOICHHHIHCIIO/OHOOORICRHIIIIRHCICICOCHROICRC/HORHROIOIOICIRHIOCOICHHHIHCIIO/HRICOROOOCCOCOROCRHHCRRIRCOICO/HORHROIOIOICIRHIOCOICHHHIHCIIO	com/moonsworth/lunar/client/framework/feature/mod/impl/chest/dungeon/dungeonwaypoints/mixin2
com/moonsworth/lunar/client/CCROIHHHCOCHHOHORCIRHOCRROIOCI/RCIOICOHRIOIIRRRROCRHCIICRROHO/HOIHIOIROHORRROCIHRHROHIHIHOCO/HORHROIOIOICIRHIOCOICHHHIHCIIO/OHOOORICRHIIIIRHCICICOCHROICRC/HRICOROOOCCOCOROCRHHCRRIRCOICO	com/moonsworth/lunar/client/framework/feature/mod/impl/chest/mixin
com/moonsworth/lunar/client/CCROIHHHCOCHHOHORCIRHOCRROIOCI/RCIOICOHRIOIIRRRROCRHCIICRROHO/HOIHIOIROHORRROCIHRHROHIHIHOCO/HORHROIOIOICIRHIOCOICHHHIHCIIO/OHROCHICOIOICHOCRROORRCIIICIHO	com/moonsworth/lunar/client/framework/feature/mod/impl/ultrasequencer
com/moonsworth/lunar/client/CCROIHHHCOCHHOHORCIRHOCRROIOCI/RCIOICOHRIOIIRRRROCRHCIICRROHO/HOIHIOIROHORRROCIHRHROHIHIHOCO/HORHROIOIOICIRHIOCOICHHHIHCIIO/OIRIOIIIRICICCHORICRRIRROHCRIC	com/moonsworth/lunar/client/framework/feature/mod/impl/click
com/moonsworth/lunar/client/CCROIHHHCOCHHOHORCIRHOCRROIOCI/RCIOICOHRIOIIRRRROCRHCIICRROHO/HOIHIOIROHORRROCIHRHROHIHIHOCO/HORHROIOIOICIRHIOCOICHHHIHCIIO/OIRIOIIIRICICCHORICRRIRROHCRIC/HORHROIOIOICIRHIOCOICHHHIHCIIO	com/moonsworth/lunar/client/framework/feature/mod/impl/click/storageoverlay
com/moonsworth/lunar/client/CCROIHHHCOCHHOHORCIRHOCRROIOCI/RCIOICOHRIOIIRRRROCRHCIICRROHO/HOIHIOIROHORRROCIHRHROHIHIHOCO/HORHROIOIOICIRHIOCOICHHHIHCIIO/OIRIOIIIRICICCHORICRRIRROHCRIC/HORHROIOIOICIRHIOCOICHHHIHCIIO/HORHROIOIOICIRHIOCOICHHHIHCIIO	com/moonsworth/lunar/client/framework/feature/mod/impl/click/storageoverlay/mixin
com/moonsworth/lunar/client/CCROIHHHCOCHHOHORCIRHOCRROIOCI/RCIOICOHRIOIIRRRROCRHCIICRROHO/HOIHIOIROHORRROCIHRHROHIHIHOCO/HORHROIOIOICIRHIOCOICHHHIHCIIO/ORCHOHHCOHCORRICRIHCHHRORHHCHH	com/moonsworth/lunar/client/framework/feature/mod/impl/highlight
com/moonsworth/lunar/client/CCROIHHHCOCHHOHORCIRHOCRROIOCI/RCIOICOHRIOIIRRRROCRHCIICRROHO/HOIHIOIROHORRROCIHRHROHIHIHOCO/HORHROIOIOICIRHIOCOICHHHIHCIIO/ORICHRORRORHORHOIHCRHOORCRRHOI	com/moonsworth/lunar/client/framework/feature/mod/impl/gui2
com/moonsworth/lunar/client/CCROIHHHCOCHHOHORCIRHOCRROIOCI/RCIOICOHRIOIIRRRROCRHCIICRROHO/HOIHIOIROHORRROCIHRHROHIHIHOCO/HORHROIOIOICIRHIOCOICHHHIHCIIO/RCIOICOHRIOIIRRRROCRHCIICRROHO	com/moonsworth/lunar/client/framework/feature/mod/impl/gui3
com/moonsworth/lunar/client/CCROIHHHCOCHHOHORCIRHOCRROIOCI/RCIOICOHRIOIIRRRROCRHCIICRROHO/HOIHIOIROHORRROCIHRHROHIHIHOCO/HORHROIOIOICIRHIOCOICHHHIHCIIO/RHIRRICCRHHHIIHHIHHOHRCHIOORCC	com/moonsworth/lunar/client/framework/feature/mod/impl/lotusfish
com/moonsworth/lunar/client/CCROIHHHCOCHHOHORCIRHOCRROIOCI/RCIOICOHRIOIIRRRROCRHCIICRROHO/HOIHIOIROHORRROCIHRHROHIHIHOCO/HORHROIOIOICIRHIOCOICHHHIHCIIO/RIIICIRHRCIHOOOORHOICRIICCCRHR	com/moonsworth/lunar/client/framework/feature/mod/impl/calculator
com/moonsworth/lunar/client/CCROIHHHCOCHHOHORCIRHOCRROIOCI/RCIOICOHRIOIIRRRROCRHCIICRROHO/HOIHIOIROHORRROCIHRHROHIHIHOCO/HORHROIOIOICIRHIOCOICHHHIHCIIO/RIIICIRHRCIHOOOORHOICRIICCCRHR/HORHROIOIOICIRHIOCOICHHHIHCIIO	com/moonsworth/lunar/client/framework/feature/mod/impl/calculator/mixin
com/moonsworth/lunar/client/CCROIHHHCOCHHOHORCIRHOCRROIOCI/RCIOICOHRIOIIRRRROCRHCIICRROHO/HOIHIOIROHORRROCIHRHROHIHIHOCO/HORHROIOIOICIRHIOCOICHHHIHCIIO/RIIIOHCCHRRRORICCHIIHHOORIIOIR	com/moonsworth/lunar/client/framework/feature/mod/impl/gui4
com/moonsworth/lunar/client/CCROIHHHCOCHHOHORCIRHOCRROIOCI/RCIOICOHRIOIIRRRROCRHCIICRROHO/HOIHIOIROHORRROCIHRHROHIHIHOCO/HRICOROOOCCOCOROCRHHCRRIRCOICO	com/moonsworth/lunar/client/framework/feature/mod/mixin2
com/moonsworth/lunar/client/CCROIHHHCOCHHOHORCIRHOCRROIOCI/RCIOICOHRIOIIRRRROCRHCIICRROHO/HOIHIOIROHORRROCIHRHROHIHIHOCO/HRICOROOOCCOCOROCRHHCRRIRCOICO/HORHROIOIOICIRHIOCOICHHHIHCIIO	com/moonsworth/lunar/client/framework/feature/mod/mixin2/mixin
com/moonsworth/lunar/client/CCROIHHHCOCHHOHORCIRHOCRROIOCI/RCIOICOHRIOIIRRRROCRHCIICRROHO/HOIHIOIROHORRROCIHRHROHIHIHOCO/HRICOROOOCCOCOROCRHHCRRIRCOICO/HORHROIOIOICIRHIOCOICHHHIHCIIO/HHRROIIHRRICIIHIIHICRHHRHOHHOO	com/moonsworth/lunar/client/framework/feature/mod/mixin2/mixin/mixin
com/moonsworth/lunar/client/CCROIHHHCOCHHOHORCIRHOCRROIOCI/RCIOICOHRIOIIRRRROCRHCIICRROHO/HOIHIOIROHORRROCIHRHROHIHIHOCO/HRICOROOOCCOCOROCRHHCRRIRCOICO/HORHROIOIOICIRHIOCOICHHHIHCIIO/HHRROIIHRRICIIHIIHICRHHRHOHHOO/HHRROIIHRRICIIHIIHICRHHRHOHHOO	com/moonsworth/lunar/client/framework/feature/mod/mixin2/mixin/mixin/mixin
com/moonsworth/lunar/client/CCROIHHHCOCHHOHORCIRHOCRROIOCI/RCIOICOHRIOIIRRRROCRHCIICRROHO/HOIHIOIROHORRROCIHRHROHIHIHOCO/HRICOROOOCCOCOROCRHHCRRIRCOICO/HORHROIOIOICIRHIOCOICHHHIHCIIO/HHRROIIHRRICIIHIIHICRHHRHOHHOO/HORHROIOIOICIRHIOCOICHHHIHCIIO	com/moonsworth/lunar/client/framework/feature/mod/mixin2/mixin/mixin/mixin2
com/moonsworth/lunar/client/CCROIHHHCOCHHOHORCIRHOCRROIOCI/RCIOICOHRIOIIRRRROCRHCIICRROHO/HOIHIOIROHORRROCIHRHROHIHIHOCO/HRICOROOOCCOCOROCRHHCRRIRCOICO/HORHROIOIOICIRHIOCOICHHHIHCIIO/HORHROIOIOICIRHIOCOICHHHIHCIIO	com/moonsworth/lunar/client/framework/feature/mod/mixin2/mixin/mixin2
com/moonsworth/lunar/client/CCROIHHHCOCHHOHORCIRHOCRROIOCI/RCIOICOHRIOIIRRRROCRHCIICRROHO/HOIHIOIROHORRROCIHRHROHIHIHOCO/HRICOROOOCCOCOROCRHHCRRIRCOICO/HORHROIOIOICIRHIOCOICHHHIHCIIO/HORHROIOIOICIRHIOCOICHHHIHCIIO/HHRROIIHRRICIIHIIHICRHHRHOHHOO	com/moonsworth/lunar/client/framework/feature/mod/mixin2/mixin/mixin2/mixin
com/moonsworth/lunar/client/CCROIHHHCOCHHOHORCIRHOCRROIOCI/RCIOICOHRIOIIRRRROCRHCIICRROHO/HOIHIOIROHORRROCIHRHROHIHIHOCO/HRICOROOOCCOCOROCRHHCRRIRCOICO/HORHROIOIOICIRHIOCOICHHHIHCIIO/HORHROIOIOICIRHIOCOICHHHIHCIIO/HHRROIIHRRICIIHIIHICRHHRHOHHOO/HORHROIOIOICIRHIOCOICHHHIHCIIO	com/moonsworth/lunar/client/framework/feature/mod/mixin2/mixin/mixin2/mixin/mixin
com/moonsworth/lunar/client/CCROIHHHCOCHHOHORCIRHOCRROIOCI/RCIOICOHRIOIIRRRROCRHCIICRROHO/HOIHIOIROHORRROCIHRHROHIHIHOCO/HRICOROOOCCOCOROCRHHCRRIRCOICO/HORHROIOIOICIRHIOCOICHHHIHCIIO/HORHROIOIOICIRHIOCOICHHHIHCIIO/HORHROIOIOICIRHIOCOICHHHIHCIIO	com/moonsworth/lunar/client/framework/feature/mod/mixin2/mixin/mixin2/mixin2
com/moonsworth/lunar/client/CCROIHHHCOCHHOHORCIRHOCRROIOCI/RCIOICOHRIOIIRRRROCRHCIICRROHO/HOIHIOIROHORRROCIHRHROHIHIHOCO/HRICOROOOCCOCOROCRHHCRRIRCOICO/HORHROIOIOICIRHIOCOICHHHIHCIIO/HRICOROOOCCOCOROCRHHCRRIRCOICO	com/moonsworth/lunar/client/framework/feature/mod/mixin2/mixin/mixin3
com/moonsworth/lunar/client/CCROIHHHCOCHHOHORCIRHOCRROIOCI/RCIOICOHRIOIIRRRROCRHCIICRROHO/HOIHIOIROHORRROCIHRHROHIHIHOCO/HROHOIOCHIRIHICOORIHOHCIOIRIIH	com/moonsworth/lunar/client/framework/feature/mod/fishing
com/moonsworth/lunar/client/CCROIHHHCOCHHOHORCIRHOCRROIOCI/RCIOICOHRIOIIRRRROCRHCIICRROHO/HOIHIOIROHORRROCIHRHROHIHIHOCO/HROHOIOCHIRIHICOORIHOHCIOIRIIH/CCROIHHHCOCHHOHORCIRHOCRROIOCI	com/moonsworth/lunar/client/framework/feature/mod/fishing/colorsaturation
com/moonsworth/lunar/client/CCROIHHHCOCHHOHORCIRHOCRROIOCI/RCIOICOHRIOIIRRRROCRHCIICRROHO/HOIHIOIROHORRROCIHRHROHIHIHOCO/HROHOIOCHIRIHICOORIHOHCIOIRIIH/HHRROIIHRRICIIHIIHICRHHRHOHHOO	com/moonsworth/lunar/client/framework/feature/mod/fishing/mixin
com/moonsworth/lunar/client/CCROIHHHCOCHHOHORCIRHOCRROIOCI/RCIOICOHRIOIIRRRROCRHCIICRROHO/HOIHIOIROHORRROCIHRHROHIHIHOCO/HROHOIOCHIRIHICOORIHOHCIOIRIIH/HHRROIIHRRICIIHIIHICRHHRHOHHOO/HORHROIOIOICIRHIOCOICHHHIHCIIO	com/moonsworth/lunar/client/framework/feature/mod/fishing/mixin/mixin
com/moonsworth/lunar/client/CCROIHHHCOCHHOHORCIRHOCRROIOCI/RCIOICOHRIOIIRRRROCRHCIICRROHO/HOIHIOIROHORRROCIHRHROHIHIHOCO/HROHOIOCHIRIHICOORIHOHCIOIRIIH/HIOROOCORHICHIRIHIRCCORCIIICCH	com/moonsworth/lunar/client/framework/feature/mod/fishing/coordinates
com/moonsworth/lunar/client/CCROIHHHCOCHHOHORCIRHOCRROIOCI/RCIOICOHRIOIIRRRROCRHCIICRROHO/HOIHIOIROHORRROCIHRHROHIHIHOCO/HROHOIOCHIRIHICOORIHOHCIOIRIIH/HIOROOCORHICHIRIHIRCCORCIIICCH/HORHROIOIOICIRHIOCOICHHHIHCIIO	com/moonsworth/lunar/client/framework/feature/mod/fishing/coordinates/mixin
com/moonsworth/lunar/client/CCROIHHHCOCHHOHORCIRHOCRROIOCI/RCIOICOHRIOIIRRRROCRHCIICRROHO/HOIHIOIROHORRROCIHRHROHIHIHOCO/HROHOIOCHIRIHICOORIHOHCIOIRIIH/HORHROIOIOICIRHIOCOICHHHIHCIIO	com/moonsworth/lunar/client/framework/feature/mod/fishing/mixin2
com/moonsworth/lunar/client/CCROIHHHCOCHHOHORCIRHOCRROIOCI/RCIOICOHRIOIIRRRROCRHCIICRROHO/HOIHIOIROHORRROCIHRHROHIHIHOCO/HROHOIOCHIRIHICOORIHOHCIOIRIIH/HORHROIOIOICIRHIOCOICHHHIHCIIO/HHRROIIHRRICIIHIIHICRHHRHOHHOO	com/moonsworth/lunar/client/framework/feature/mod/fishing/mixin2/mixin
com/moonsworth/lunar/client/CCROIHHHCOCHHOHORCIRHOCRROIOCI/RCIOICOHRIOIIRRRROCRHCIICRROHO/HOIHIOIROHORRROCIHRHROHIHIHOCO/HROHOIOCHIRIHICOORIHOHCIOIRIIH/HORHROIOIOICIRHIOCOICHHHIHCIIO/HORHROIOIOICIRHIOCOICHHHIHCIIO	com/moonsworth/lunar/client/framework/feature/mod/fishing/mixin2/mixin2
com/moonsworth/lunar/client/CCROIHHHCOCHHOHORCIRHOCRROIOCI/RCIOICOHRIOIIRRRROCRHCIICRROHO/HOIHIOIROHORRROCIHRHROHIHIHOCO/HROHOIOCHIRIHICOORIHOHCIOIRIIH/HORHROIOIOICIRHIOCOICHHHIHCIIO/HORHROIOIOICIRHIOCOICHHHIHCIIO/HHRROIIHRRICIIHIIHICRHHRHOHHOO	com/moonsworth/lunar/client/framework/feature/mod/fishing/mixin2/mixin2/mixin
com/moonsworth/lunar/client/CCROIHHHCOCHHOHORCIRHOCRROIOCI/RCIOICOHRIOIIRRRROCRHCIICRROHO/HOIHIOIROHORRROCIHRHROHIHIHOCO/HROHOIOCHIRIHICOORIHOHCIOIRIIH/HORHROIOIOICIRHIOCOICHHHIHCIIO/HORHROIOIOICIRHIOCOICHHHIHCIIO/HORHROIOIOICIRHIOCOICHHHIHCIIO	com/moonsworth/lunar/client/framework/feature/mod/fishing/mixin2/mixin2/mixin2
com/moonsworth/lunar/client/CCROIHHHCOCHHOHORCIRHOCRROIOCI/RCIOICOHRIOIIRRRROCRHCIICRROHO/HOIHIOIROHORRROCIHRHROHIHIHOCO/HROHOIOCHIRIHICOORIHOHCIOIRIIH/HRICOROOOCCOCOROCRHHCRRIRCOICO	com/moonsworth/lunar/client/framework/feature/mod/fishing/mixin3
com/moonsworth/lunar/client/CCROIHHHCOCHHOHORCIRHOCRROIOCI/RCIOICOHRIOIIRRRROCRHCIICRROHO/HOIHIOIROHORRROCIHRHROHIHIHOCO/HROHOIOCHIRIHICOORIHOHCIOIRIIH/HROHOIOCHIRIHICOORIHOHCIOIRIIH	com/moonsworth/lunar/client/framework/feature/mod/fishing/fishing
com/moonsworth/lunar/client/CCROIHHHCOCHHOHORCIRHOCRROIOCI/RCIOICOHRIOIIRRRROCRHCIICRROHO/HOIHIOIROHORRROCIHRHROHIHIHOCO/HROHOIOCHIRIHICOORIHOHCIOIRIIH/HROHOIOCHIRIHICOORIHOHCIOIRIIH/HORHROIOIOICIRHIOCOICHHHIHCIIO	com/moonsworth/lunar/client/framework/feature/mod/fishing/fishing/mixin
com/moonsworth/lunar/client/CCROIHHHCOCHHOHORCIRHOCRROIOCI/RCIOICOHRIOIIRRRROCRHCIICRROHO/HOIHIOIROHORRROCIHRHROHIHIHOCO/HROHOIOCHIRIHICOORIHOHCIOIRIIH/ICRHORIIHOHROHOHOCOOHOOCOORRHO	com/moonsworth/lunar/client/framework/feature/mod/fishing/nameplate
com/moonsworth/lunar/client/CCROIHHHCOCHHOHORCIRHOCRROIOCI/RCIOICOHRIOIIRRRROCRHCIICRROHO/HOIHIOIROHORRROCIHRHROHIHIHOCO/HROHOIOCHIRIHICOORIHOHCIOIRIIH/OHOOORICRHIIIIRHCICICOCHROICRC	com/moonsworth/lunar/client/framework/feature/mod/fishing/chest
com/moonsworth/lunar/client/CCROIHHHCOCHHOHORCIRHOCRROIOCI/RCIOICOHRIOIIRRRROCRHCIICRROHO/HOIHIOIROHORRROCIHRHROHIHIHOCO/HROHOIOCHIRIHICOORIHOHCIOIRIIH/OHROCHICOIOICHOCRROORRCIIICIHO	com/moonsworth/lunar/client/framework/feature/mod/fishing/holograms
com/moonsworth/lunar/client/CCROIHHHCOCHHOHORCIRHOCRROIOCI/RCIOICOHRIOIIRRRROCRHCIICRROHO/HOIHIOIROHORRROCIHRHROHIHIHOCO/HROHOIOCHIRIHICOORIHOHCIOIRIIH/OHROCHICOIOICHOCRROORRCIIICIHO/HHRROIIHRRICIIHIIHICRHHRHOHHOO	com/moonsworth/lunar/client/framework/feature/mod/fishing/holograms/mixin
com/moonsworth/lunar/client/CCROIHHHCOCHHOHORCIRHOCRROIOCI/RCIOICOHRIOIIRRRROCRHCIICRROHO/HOIHIOIROHORRROCIHRHROHIHIHOCO/HROHOIOCHIRIHICOORIHOHCIOIRIIH/OHROCHICOIOICHOCRROORRCIIICIHO/HORHROIOIOICIRHIOCOICHHHIHCIIO	com/moonsworth/lunar/client/framework/feature/mod/fishing/holograms/mixin2
com/moonsworth/lunar/client/CCROIHHHCOCHHOHORCIRHOCRROIOCI/RCIOICOHRIOIIRRRROCRHCIICRROHO/HOIHIOIROHORRROCIHRHROHIHIHOCO/HROHOIOCHIRIHICOORIHOHCIOIRIIH/OHROCHICOIOICHOCRROORRCIIICIHO/HORHROIOIOICIRHIOCOICHHHIHCIIO/HHRROIIHRRICIIHIIHICRHHRHOHHOO	com/moonsworth/lunar/client/framework/feature/mod/fishing/holograms/mixin2/mixin
com/moonsworth/lunar/client/CCROIHHHCOCHHOHORCIRHOCRROIOCI/RCIOICOHRIOIIRRRROCRHCIICRROHO/HOIHIOIROHORRROCIHRHROHIHIHOCO/HROHOIOCHIRIHICOORIHOHCIOIRIIH/OHROCHICOIOICHOCRROORRCIIICIHO/HORHROIOIOICIRHIOCOICHHHIHCIIO/HHRROIIHRRICIIHIIHICRHHRHOHHOO/HHRROIIHRRICIIHIIHICRHHRHOHHOO	com/moonsworth/lunar/client/framework/feature/mod/fishing/holograms/mixin2/mixin/mixin
com/moonsworth/lunar/client/CCROIHHHCOCHHOHORCIRHOCRROIOCI/RCIOICOHRIOIIRRRROCRHCIICRROHO/HOIHIOIROHORRROCIHRHROHIHIHOCO/HROHOIOCHIRIHICOORIHOHCIOIRIIH/OHROCHICOIOICHOCRROORRCIIICIHO/HORHROIOIOICIRHIOCOICHHHIHCIIO/HHRROIIHRRICIIHIIHICRHHRHOHHOO/HORHROIOIOICIRHIOCOICHHHIHCIIO	com/moonsworth/lunar/client/framework/feature/mod/fishing/holograms/mixin2/mixin/mixin2
com/moonsworth/lunar/client/CCROIHHHCOCHHOHORCIRHOCRROIOCI/RCIOICOHRIOIIRRRROCRHCIICRROHO/HOIHIOIROHORRROCIHRHROHIHIHOCO/HROHOIOCHIRIHICOORIHOHCIOIRIIH/OHROCHICOIOICHOCRROORRCIIICIHO/HORHROIOIOICIRHIOCOICHHHIHCIIO/HHRROIIHRRICIIHIIHICRHHRHOHHOO/HRICOROOOCCOCOROCRHHCRRIRCOICO	com/moonsworth/lunar/client/framework/feature/mod/fishing/holograms/mixin2/mixin/mixin3
com/moonsworth/lunar/client/CCROIHHHCOCHHOHORCIRHOCRROIOCI/RCIOICOHRIOIIRRRROCRHCIICRROHO/HOIHIOIROHORRROCIHRHROHIHIHOCO/HROHOIOCHIRIHICOORIHOHCIOIRIIH/OHROCHICOIOICHOCRROORRCIIICIHO/HORHROIOIOICIRHIOCOICHHHIHCIIO/HHRROIIHRRICIIHIIHICRHHRHOHHOO/ICRHORIIHOHROHOHOCOOHOOCOORRHO	com/moonsworth/lunar/client/framework/feature/mod/fishing/holograms/mixin2/mixin/nameplate
com/moonsworth/lunar/client/CCROIHHHCOCHHOHORCIRHOCRROIOCI/RCIOICOHRIOIIRRRROCRHCIICRROHO/HOIHIOIROHORRROCIHRHROHIHIHOCO/HROHOIOCHIRIHICOORIHOHCIOIRIIH/OHROCHICOIOICHOCRROORRCIIICIHO/HORHROIOIOICIRHIOCOICHHHIHCIIO/HORHROIOIOICIRHIOCOICHHHIHCIIO	com/moonsworth/lunar/client/framework/feature/mod/fishing/holograms/mixin2/mixin2
com/moonsworth/lunar/client/CCROIHHHCOCHHOHORCIRHOCRROIOCI/RCIOICOHRIOIIRRRROCRHCIICRROHO/HOIHIOIROHORRROCIHRHROHIHIHOCO/HROHOIOCHIRIHICOORIHOHCIOIRIIH/OHROCHICOIOICHOCRROORRCIIICIHO/HORHROIOIOICIRHIOCOICHHHIHCIIO/HORHROIOIOICIRHIOCOICHHHIHCIIO/HHRROIIHRRICIIHIIHICRHHRHOHHOO	com/moonsworth/lunar/client/framework/feature/mod/fishing/holograms/mixin2/mixin2/mixin
com/moonsworth/lunar/client/CCROIHHHCOCHHOHORCIRHOCRROIOCI/RCIOICOHRIOIIRRRROCRHCIICRROHO/HOIHIOIROHORRROCIHRHROHIHIHOCO/HROHOIOCHIRIHICOORIHOHCIOIRIIH/OHROCHICOIOICHOCRROORRCIIICIHO/HORHROIOIOICIRHIOCOICHHHIHCIIO/HORHROIOIOICIRHIOCOICHHHIHCIIO/HHRROIIHRRICIIHIIHICRHHRHOHHOO/HORHROIOIOICIRHIOCOICHHHIHCIIO	com/moonsworth/lunar/client/framework/feature/mod/fishing/holograms/mixin2/mixin2/mixin/mixin
com/moonsworth/lunar/client/CCROIHHHCOCHHOHORCIRHOCRROIOCI/RCIOICOHRIOIIRRRROCRHCIICRROHO/HOIHIOIROHORRROCIHRHROHIHIHOCO/HROHOIOCHIRIHICOORIHOHCIOIRIIH/OHROCHICOIOICHOCRROORRCIIICIHO/HORHROIOIOICIRHIOCOICHHHIHCIIO/HORHROIOIOICIRHIOCOICHHHIHCIIO/HORHROIOIOICIRHIOCOICHHHIHCIIO	com/moonsworth/lunar/client/framework/feature/mod/fishing/holograms/mixin2/mixin2/mixin2
com/moonsworth/lunar/client/CCROIHHHCOCHHOHORCIRHOCRROIOCI/RCIOICOHRIOIIRRRROCRHCIICRROHO/HOIHIOIROHORRROCIHRHROHIHIHOCO/HROHOIOCHIRIHICOORIHOHCIOIRIIH/OHROCHICOIOICHOCRROORRCIIICIHO/HORHROIOIOICIRHIOCOICHHHIHCIIO/HORHROIOIOICIRHIOCOICHHHIHCIIO/HORHROIOIOICIRHIOCOICHHHIHCIIO/HHRROIIHRRICIIHIIHICRHHRHOHHOO	com/moonsworth/lunar/client/framework/feature/mod/fishing/holograms/mixin2/mixin2/mixin2/mixin
com/moonsworth/lunar/client/CCROIHHHCOCHHOHORCIRHOCRROIOCI/RCIOICOHRIOIIRRRROCRHCIICRROHO/HOIHIOIROHORRROCIHRHROHIHIHOCO/HROHOIOCHIRIHICOORIHOHCIOIRIIH/OHROCHICOIOICHOCRROORRCIIICIHO/HORHROIOIOICIRHIOCOICHHHIHCIIO/HORHROIOIOICIRHIOCOICHHHIHCIIO/HORHROIOIOICIRHIOCOICHHHIHCIIO/HORHROIOIOICIRHIOCOICHHHIHCIIO	com/moonsworth/lunar/client/framework/feature/mod/fishing/holograms/mixin2/mixin2/mixin2/mixin2
com/moonsworth/lunar/client/CCROIHHHCOCHHOHORCIRHOCRROIOCI/RCIOICOHRIOIIRRRROCRHCIICRROHO/HOIHIOIROHORRROCIHRHROHIHIHOCO/HROHOIOCHIRIHICOORIHOHCIOIRIIH/OHROCHICOIOICHOCRROORRCIIICIHO/HORHROIOIOICIRHIOCOICHHHIHCIIO/HORHROIOIOICIRHIOCOICHHHIHCIIO/HORHROIOIOICIRHIOCOICHHHIHCIIO/HORHROIOIOICIRHIOCOICHHHIHCIIO/HORHROIOIOICIRHIOCOICHHHIHCIIO	com/moonsworth/lunar/client/framework/feature/mod/fishing/holograms/mixin2/mixin2/mixin2/mixin2/mixin
com/moonsworth/lunar/client/CCROIHHHCOCHHOHORCIRHOCRROIOCI/RCIOICOHRIOIIRRRROCRHCIICRROHO/HOIHIOIROHORRROCIHRHROHIHIHOCO/HROHOIOCHIRIHICOORIHOHCIOIRIIH/OHROCHICOIOICHOCRROORRCIIICIHO/HORHROIOIOICIRHIOCOICHHHIHCIIO/HORHROIOIOICIRHIOCOICHHHIHCIIO/HORHROIOIOICIRHIOCOICHHHIHCIIO/HRICOROOOCCOCOROCRHHCRRIRCOICO	com/moonsworth/lunar/client/framework/feature/mod/fishing/holograms/mixin2/mixin2/mixin2/mixin3
com/moonsworth/lunar/client/CCROIHHHCOCHHOHORCIRHOCRROIOCI/RCIOICOHRIOIIRRRROCRHCIICRROHO/HOIHIOIROHORRROCIHRHROHIHIHOCO/HROHOIOCHIRIHICOORIHOHCIOIRIIH/OHROCHICOIOICHOCRROORRCIIICIHO/HORHROIOIOICIRHIOCOICHHHIHCIIO/HORHROIOIOICIRHIOCOICHHHIHCIIO/HORHROIOIOICIRHIOCOICHHHIHCIIO/ICRHORIIHOHROHOHOCOOHOOCOORRHO	com/moonsworth/lunar/client/framework/feature/mod/fishing/holograms/mixin2/mixin2/mixin2/nameplate
com/moonsworth/lunar/client/CCROIHHHCOCHHOHORCIRHOCRROIOCI/RCIOICOHRIOIIRRRROCRHCIICRROHO/HOIHIOIROHORRROCIHRHROHIHIHOCO/HROHOIOCHIRIHICOORIHOHCIOIRIIH/OHROCHICOIOICHOCRROORRCIIICIHO/HORHROIOIOICIRHIOCOICHHHIHCIIO/HORHROIOIOICIRHIOCOICHHHIHCIIO/HRICOROOOCCOCOROCRHHCRRIRCOICO	com/moonsworth/lunar/client/framework/feature/mod/fishing/holograms/mixin2/mixin2/mixin3
com/moonsworth/lunar/client/CCROIHHHCOCHHOHORCIRHOCRROIOCI/RCIOICOHRIOIIRRRROCRHCIICRROHO/HOIHIOIROHORRROCIHRHROHIHIHOCO/HROHOIOCHIRIHICOORIHOHCIOIRIIH/OHROCHICOIOICHOCRROORRCIIICIHO/HORHROIOIOICIRHIOCOICHHHIHCIIO/HORHROIOIOICIRHIOCOICHHHIHCIIO/HRICOROOOCCOCOROCRHHCRRIRCOICO/HHRROIIHRRICIIHIIHICRHHRHOHHOO	com/moonsworth/lunar/client/framework/feature/mod/fishing/holograms/mixin2/mixin2/mixin3/mixin
com/moonsworth/lunar/client/CCROIHHHCOCHHOHORCIRHOCRROIOCI/RCIOICOHRIOIIRRRROCRHCIICRROHO/HOIHIOIROHORRROCIHRHROHIHIHOCO/HROHOIOCHIRIHICOORIHOHCIOIRIIH/OHROCHICOIOICHOCRROORRCIIICIHO/HORHROIOIOICIRHIOCOICHHHIHCIIO/HORHROIOIOICIRHIOCOICHHHIHCIIO/HRICOROOOCCOCOROCRHHCRRIRCOICO/HORHROIOIOICIRHIOCOICHHHIHCIIO	com/moonsworth/lunar/client/framework/feature/mod/fishing/holograms/mixin2/mixin2/mixin3/mixin2
com/moonsworth/lunar/client/CCROIHHHCOCHHOHORCIRHOCRROIOCI/RCIOICOHRIOIIRRRROCRHCIICRROHO/HOIHIOIROHORRROCIHRHROHIHIHOCO/HROHOIOCHIRIHICOORIHOHCIOIRIIH/OHROCHICOIOICHOCRROORRCIIICIHO/HORHROIOIOICIRHIOCOICHHHIHCIIO/HORHROIOIOICIRHIOCOICHHHIHCIIO/HRICOROOOCCOCOROCRHHCRRIRCOICO/HRICOROOOCCOCOROCRHHCRRIRCOICO	com/moonsworth/lunar/client/framework/feature/mod/fishing/holograms/mixin2/mixin2/mixin3/mixin3
com/moonsworth/lunar/client/CCROIHHHCOCHHOHORCIRHOCRROIOCI/RCIOICOHRIOIIRRRROCRHCIICRROHO/HOIHIOIROHORRROCIHRHROHIHIHOCO/HROHOIOCHIRIHICOORIHOHCIOIRIIH/OHROCHICOIOICHOCRROORRCIIICIHO/HORHROIOIOICIRHIOCOICHHHIHCIIO/HORHROIOIOICIRHIOCOICHHHIHCIIO/HRICOROOOCCOCOROCRHHCRRIRCOICO/ICRHORIIHOHROHOHOCOOHOOCOORRHO	com/moonsworth/lunar/client/framework/feature/mod/fishing/holograms/mixin2/mixin2/mixin3/nameplate
com/moonsworth/lunar/client/CCROIHHHCOCHHOHORCIRHOCRROIOCI/RCIOICOHRIOIIRRRROCRHCIICRROHO/HOIHIOIROHORRROCIHRHROHIHIHOCO/HROHOIOCHIRIHICOORIHOHCIOIRIIH/OHROCHICOIOICHOCRROORRCIIICIHO/HORHROIOIOICIRHIOCOICHHHIHCIIO/HORHROIOIOICIRHIOCOICHHHIHCIIO/HRICOROOOCCOCOROCRHHCRRIRCOICO/OHROCHICOIOICHOCRROORRCIIICIHO	com/moonsworth/lunar/client/framework/feature/mod/fishing/holograms/mixin2/mixin2/mixin3/holograms
com/moonsworth/lunar/client/CCROIHHHCOCHHOHORCIRHOCRROIOCI/RCIOICOHRIOIIRRRROCRHCIICRROHO/HOIHIOIROHORRROCIHRHROHIHIHOCO/HROHOIOCHIRIHICOORIHOHCIOIRIIH/OHROCHICOIOICHOCRROORRCIIICIHO/HORHROIOIOICIRHIOCOICHHHIHCIIO/HORHROIOIOICIRHIOCOICHHHIHCIIO/HRICOROOOCCOCOROCRHHCRRIRCOICO/RCIOICOHRIOIIRRRROCRHCIICRROHO	com/moonsworth/lunar/client/framework/feature/mod/fishing/holograms/mixin2/mixin2/mixin3/rewindhandlers
com/moonsworth/lunar/client/CCROIHHHCOCHHOHORCIRHOCRROIOCI/RCIOICOHRIOIIRRRROCRHCIICRROHO/HOIHIOIROHORRROCIHRHROHIHIHOCO/HROHOIOCHIRIHICOORIHOHCIOIRIIH/OHROCHICOIOICHOCRROORRCIIICIHO/HORHROIOIOICIRHIOCOICHHHIHCIIO/HORHROIOIOICIRHIOCOICHHHIHCIIO/ICRHORIIHOHROHOHOCOOHOOCOORRHO	com/moonsworth/lunar/client/framework/feature/mod/fishing/holograms/mixin2/mixin2/nameplate
com/moonsworth/lunar/client/CCROIHHHCOCHHOHORCIRHOCRROIOCI/RCIOICOHRIOIIRRRROCRHCIICRROHO/HOIHIOIROHORRROCIHRHROHIHIHOCO/HROHOIOCHIRIHICOORIHOHCIOIRIIH/OHROCHICOIOICHOCRROORRCIIICIHO/HORHROIOIOICIRHIOCOICHHHIHCIIO/HRICOROOOCCOCOROCRHHCRRIRCOICO	com/moonsworth/lunar/client/framework/feature/mod/fishing/holograms/mixin2/mixin3
com/moonsworth/lunar/client/CCROIHHHCOCHHOHORCIRHOCRROIOCI/RCIOICOHRIOIIRRRROCRHCIICRROHO/HOIHIOIROHORRROCIHRHROHIHIHOCO/HROHOIOCHIRIHICOORIHOHCIOIRIIH/OIRIOIIIRICICCHORICRRIRROHCRIC	com/moonsworth/lunar/client/framework/feature/mod/fishing/click
com/moonsworth/lunar/client/CCROIHHHCOCHHOHORCIRHOCRROIOCI/RCIOICOHRIOIIRRRROCRHCIICRROHO/HOIHIOIROHORRROCIHRHROHIHIHOCO/HROHOIOCHIRIHICOORIHOHCIOIRIIH/ORCHOHHCOHCORRICRIHCHHRORHHCHH	com/moonsworth/lunar/client/framework/feature/mod/fishing/highlight
com/moonsworth/lunar/client/CCROIHHHCOCHHOHORCIRHOCRROIOCI/RCIOICOHRIOIIRRRROCRHCIICRROHO/HOIHIOIROHORRROCIHRHROHIHIHOCO/HROHOIOCHIRIHICOORIHOHCIOIRIIH/ORCHOHHCOHCORRICRIHCHHRORHHCHH/HORHROIOIOICIRHIOCOICHHHIHCIIO	com/moonsworth/lunar/client/framework/feature/mod/fishing/highlight/mixin
com/moonsworth/lunar/client/CCROIHHHCOCHHOHORCIRHOCRROIOCI/RCIOICOHRIOIIRRRROCRHCIICRROHO/HOIHIOIROHORRROCIHRHROHIHIHOCO/HROHOIOCHIRIHICOORIHOHCIOIRIIH/ORICHRORRORHORHOIHCRHOORCRRHOI	com/moonsworth/lunar/client/framework/feature/mod/fishing/gui
com/moonsworth/lunar/client/CCROIHHHCOCHHOHORCIRHOCRROIOCI/RCIOICOHRIOIIRRRROCRHCIICRROHO/HOIHIOIROHORRROCIHRHROHIHIHOCO/HROHOIOCHIRIHICOORIHOHCIOIRIIH/ORICHRORRORHORHOIHCRHOORCRRHOI/HHRROIIHRRICIIHIIHICRHHRHOHHOO	com/moonsworth/lunar/client/framework/feature/mod/fishing/gui/mixin
com/moonsworth/lunar/client/CCROIHHHCOCHHOHORCIRHOCRROIOCI/RCIOICOHRIOIIRRRROCRHCIICRROHO/HOIHIOIROHORRROCIHRHROHIHIHOCO/HROHOIOCHIRIHICOORIHOHCIOIRIIH/ORICHRORRORHORHOIHCRHOORCRRHOI/HORHROIOIOICIRHIOCOICHHHIHCIIO	com/moonsworth/lunar/client/framework/feature/mod/fishing/gui/mixin2
com/moonsworth/lunar/client/CCROIHHHCOCHHOHORCIRHOCRROIOCI/RCIOICOHRIOIIRRRROCRHCIICRROHO/HOIHIOIROHORRROCIHRHROHIHIHOCO/HROHOIOCHIRIHICOORIHOHCIOIRIIH/ORICHRORRORHORHOIHCRHOORCRRHOI/HORHROIOIOICIRHIOCOICHHHIHCIIO/HORHROIOIOICIRHIOCOICHHHIHCIIO	com/moonsworth/lunar/client/framework/feature/mod/fishing/gui/mixin2/mixin
com/moonsworth/lunar/client/CCROIHHHCOCHHOHORCIRHOCRROIOCI/RCIOICOHRIOIIRRRROCRHCIICRROHO/HOIHIOIROHORRROCIHRHROHIHIHOCO/HROHOIOCHIRIHICOORIHOHCIOIRIIH/ORICHRORRORHORHOIHCRHOORCRRHOI/HRICOROOOCCOCOROCRHHCRRIRCOICO	com/moonsworth/lunar/client/framework/feature/mod/fishing/gui/mixin3
com/moonsworth/lunar/client/CCROIHHHCOCHHOHORCIRHOCRROIOCI/RCIOICOHRIOIIRRRROCRHCIICRROHO/HOIHIOIROHORRROCIHRHROHIHIHOCO/HROHOIOCHIRIHICOORIHOHCIOIRIIH/RCIOICOHRIOIIRRRROCRHCIICRROHO	com/moonsworth/lunar/client/framework/feature/mod/fishing/rewindhandlers
com/moonsworth/lunar/client/CCROIHHHCOCHHOHORCIRHOCRROIOCI/RCIOICOHRIOIIRRRROCRHCIICRROHO/HOIHIOIROHORRROCIHRHROHIHIHOCO/HROHOIOCHIRIHICOORIHOHCIOIRIIH/RHIRRICCRHHHIIHHIHHOHRCHIOORCC	com/moonsworth/lunar/client/framework/feature/mod/fishing/lotusfish
com/moonsworth/lunar/client/CCROIHHHCOCHHOHORCIRHOCRROIOCI/RCIOICOHRIOIIRRRROCRHCIICRROHO/HOIHIOIROHORRROCIHRHROHIHIHOCO/HROHOIOCHIRIHICOORIHOHCIOIRIIH/RHIRRICCRHHHIIHHIHHOHRCHIOORCC/HORHROIOIOICIRHIOCOICHHHIHCIIO	com/moonsworth/lunar/client/framework/feature/mod/fishing/lotusfish/mixin
com/moonsworth/lunar/client/CCROIHHHCOCHHOHORCIRHOCRROIOCI/RCIOICOHRIOIIRRRROCRHCIICRROHO/HOIHIOIROHORRROCIHRHROHIHIHOCO/ICRHORIIHOHROHOHOCOOHOOCOORRHO	com/moonsworth/lunar/client/framework/feature/mod/debug
com/moonsworth/lunar/client/CCROIHHHCOCHHOHORCIRHOCRROIOCI/RCIOICOHRIOIIRRRROCRHCIICRROHO/HOIHIOIROHORRROCIHRHROHIHIHOCO/ICRHORIIHOHROHOHOCOOHOOCOORRHO/HHRROIIHRRICIIHIIHICRHHRHOHHOO	com/moonsworth/lunar/client/framework/feature/mod/debug/testcustomguioverlay
com/moonsworth/lunar/client/CCROIHHHCOCHHOHORCIRHOCRROIOCI/RCIOICOHRIOIIRRRROCRHCIICRROHO/HOIHIOIROHORRROCIHRHROHIHIHOCO/ICRHORIIHOHROHOHOCOOHOOCOORRHO/HHRROIIHRRICIIHIIHICRHHRHOHHOO/HORHROIOIOICIRHIOCOICHHHIHCIIO	com/moonsworth/lunar/client/framework/feature/mod/debug/testcustomguioverlay/testcustomguioverlay
com/moonsworth/lunar/client/CCROIHHHCOCHHOHORCIRHOCRROIOCI/RCIOICOHRIOIIRRRROCRHCIICRROHO/HOIHIOIROHORRROCIHRHROHIHIHOCO/ICRHORIIHOHROHOHOCOOHOOCOORRHO/HORHROIOIOICIRHIOCOICHHHIHCIIO	com/moonsworth/lunar/client/framework/feature/mod/debug/override
com/moonsworth/lunar/client/CCROIHHHCOCHHOHORCIRHOCRROIOCI/RCIOICOHRIOIIRRRROCRHCIICRROHO/HOIHIOIROHORRROCIHRHROHIHIHOCO/ICRHORIIHOHROHOHOCOOHOOCOORRHO/HRICOROOOCCOCOROCRHHCRRIRCOICO	com/moonsworth/lunar/client/framework/feature/mod/debug/detector
com/moonsworth/lunar/client/CCROIHHHCOCHHOHORCIRHOCRROIOCI/RCIOICOHRIOIIRRRROCRHCIICRROHO/HOIHIOIROHORRROCIHRHROHIHIHOCO/OHROCHICOIOICHOCRROORRCIIICIHO	com/moonsworth/lunar/client/framework/feature/mod/holograms
com/moonsworth/lunar/client/CCROIHHHCOCHHOHORCIRHOCRROIOCI/RCIOICOHRIOIIRRRROCRHCIICRROHO/HOIHIOIROHORRROCIHRHROHIHIHOCO/OHROCHICOIOICHOCRROORRCIIICIHO/HHRROIIHRRICIIHIIHICRHHRHOHHOO	com/moonsworth/lunar/client/framework/feature/mod/holograms/mixin
com/moonsworth/lunar/client/CCROIHHHCOCHHOHORCIRHOCRROIOCI/RCIOICOHRIOIIRRRROCRHCIICRROHO/HOIHIOIROHORRROCIHRHROHIHIHOCO/OHROCHICOIOICHOCRROORRCIIICIHO/HORHROIOIOICIRHIOCOICHHHIHCIIO	com/moonsworth/lunar/client/framework/feature/mod/holograms/mixin2
com/moonsworth/lunar/client/CCROIHHHCOCHHOHORCIRHOCRROIOCI/RCIOICOHRIOIIRRRROCRHCIICRROHO/HOIHIOIROHORRROCIHRHROHIHIHOCO/OHROCHICOIOICHOCRROORRCIIICIHO/HRICOROOOCCOCOROCRHHCRRIRCOICO	com/moonsworth/lunar/client/framework/feature/mod/holograms/mixin3
com/moonsworth/lunar/client/CCROIHHHCOCHHOHORCIRHOCRROIOCI/RCIOICOHRIOIIRRRROCRHCIICRROHO/HOIHIOIROHORRROCIHRHROHIHIHOCO/OHROCHICOIOICHOCRROORRCIIICIHO/HROHOIOCHIRIHICOORIHOHCIOIRIIH	com/moonsworth/lunar/client/framework/feature/mod/holograms/fishing
com/moonsworth/lunar/client/CCROIHHHCOCHHOHORCIRHOCRROIOCI/RCIOICOHRIOIIRRRROCRHCIICRROHO/HOIHIOIROHORRROCIHRHROHIHIHOCO/OHROCHICOIOICHOCRROORRCIIICIHO/HROHOIOCHIRIHICOORIHOHCIOIRIIH/HORHROIOIOICIRHIOCOICHHHIHCIIO	com/moonsworth/lunar/client/framework/feature/mod/holograms/fishing/mixin
com/moonsworth/lunar/client/CCROIHHHCOCHHOHORCIRHOCRROIOCI/RCIOICOHRIOIIRRRROCRHCIICRROHO/HOIHIOIROHORRROCIHRHROHIHIHOCO/OHROCHICOIOICHOCRROORRCIIICIHO/ICRHORIIHOHROHOHOCOOHOOCOORRHO	com/moonsworth/lunar/client/framework/feature/mod/holograms/nameplate
com/moonsworth/lunar/client/CCROIHHHCOCHHOHORCIRHOCRROIOCI/RCIOICOHRIOIIRRRROCRHCIICRROHO/HOIHIOIROHORRROCIHRHROHIHIHOCO/OHROCHICOIOICHOCRROORRCIIICIHO/OHROCHICOIOICHOCRROORRCIIICIHO	com/moonsworth/lunar/client/framework/feature/mod/holograms/holograms
com/moonsworth/lunar/client/CCROIHHHCOCHHOHORCIRHOCRROIOCI/RCIOICOHRIOIIRRRROCRHCIICRROHO/HOIHIOIROHORRROCIHRHROHIHIHOCO/OHROCHICOIOICHOCRROORRCIIICIHO/OHROCHICOIOICHOCRROORRCIIICIHO/HHRROIIHRRICIIHIIHICRHHRHOHHOO	com/moonsworth/lunar/client/framework/feature/mod/holograms/holograms/mixin
com/moonsworth/lunar/client/CCROIHHHCOCHHOHORCIRHOCRROIOCI/RCIOICOHRIOIIRRRROCRHCIICRROHO/HOIHIOIROHORRROCIHRHROHIHIHOCO/OHROCHICOIOICHOCRROORRCIIICIHO/OHROCHICOIOICHOCRROORRCIIICIHO/HORHROIOIOICIRHIOCOICHHHIHCIIO	com/moonsworth/lunar/client/framework/feature/mod/holograms/holograms/mixin2
com/moonsworth/lunar/client/CCROIHHHCOCHHOHORCIRHOCRROIOCI/RCIOICOHRIOIIRRRROCRHCIICRROHO/HOIHIOIROHORRROCIHRHROHIHIHOCO/OHROCHICOIOICHOCRROORRCIIICIHO/ORCHOHHCOHCORRICRIHCHHRORHHCHH	com/moonsworth/lunar/client/framework/feature/mod/holograms/highlight
com/moonsworth/lunar/client/CCROIHHHCOCHHOHORCIRHOCRROIOCI/RCIOICOHRIOIIRRRROCRHCIICRROHO/HOIHIOIROHORRROCIHRHROHIHIHOCO/OHROCHICOIOICHOCRROORRCIIICIHO/ORCHOHHCOHCORRICRIHCHHRORHHCHH/HORHROIOIOICIRHIOCOICHHHIHCIIO	com/moonsworth/lunar/client/framework/feature/mod/holograms/highlight/mixin
com/moonsworth/lunar/client/CCROIHHHCOCHHOHORCIRHOCRROIOCI/RCIOICOHRIOIIRRRROCRHCIICRROHO/HOIHIOIROHORRROCIHRHROHIHIHOCO/OHROCHICOIOICHOCRROORRCIIICIHO/ORICHRORRORHORHOIHCRHOORCRRHOI	com/moonsworth/lunar/client/framework/feature/mod/holograms/gui
com/moonsworth/lunar/client/CCROIHHHCOCHHOHORCIRHOCRROIOCI/RCIOICOHRIOIIRRRROCRHCIICRROHO/HOIHIOIROHORRROCIHRHROHIHIHOCO/OHROCHICOIOICHOCRROORRCIIICIHO/RCIOICOHRIOIIRRRROCRHCIICRROHO	com/moonsworth/lunar/client/framework/feature/mod/holograms/rewindhandlers
com/moonsworth/lunar/client/CCROIHHHCOCHHOHORCIRHOCRROIOCI/RCIOICOHRIOIIRRRROCRHCIICRROHO/HOIHIOIROHORRROCIHRHROHIHIHOCO/ORCHOHHCOHCORRICRIHCHHRORHHCHH	com/moonsworth/lunar/client/framework/feature/mod/highlight
com/moonsworth/lunar/client/CCROIHHHCOCHHOHORCIRHOCRROIOCI/RCIOICOHRIOIIRRRROCRHCIICRROHO/HOIHIOIROHORRROCIHRHROHIHIHOCO/ORICHRORRORHORHOIHCRHOORCRRHOI	com/moonsworth/lunar/client/framework/feature/mod/gui
com/moonsworth/lunar/client/CCROIHHHCOCHHOHORCIRHOCRROIOCI/RCIOICOHRIOIIRRRROCRHCIICRROHO/HOIHIOIROHORRROCIHRHROHIHIHOCO/ORICHRORRORHORHOIHCRHOORCRRHOI/HHRROIIHRRICIIHIIHICRHHRHOHHOO	com/moonsworth/lunar/client/framework/feature/mod/gui/mixin
com/moonsworth/lunar/client/CCROIHHHCOCHHOHORCIRHOCRROIOCI/RCIOICOHRIOIIRRRROCRHCIICRROHO/HOIHIOIROHORRROCIHRHROHIHIHOCO/ORICHRORRORHORHOIHCRHOORCRRHOI/HORHROIOIOICIRHIOCOICHHHIHCIIO	com/moonsworth/lunar/client/framework/feature/mod/gui/mixin2
com/moonsworth/lunar/client/CCROIHHHCOCHHOHORCIRHOCRROIOCI/RCIOICOHRIOIIRRRROCRHCIICRROHO/HOIHIOIROHORRROCIHRHROHIHIHOCO/ORICHRORRORHORHOIHCRHOORCRRHOI/HRICOROOOCCOCOROCRHHCRRIRCOICO	com/moonsworth/lunar/client/framework/feature/mod/gui/mixin3
com/moonsworth/lunar/client/CCROIHHHCOCHHOHORCIRHOCRROIOCI/RCIOICOHRIOIIRRRROCRHCIICRROHO/HOIHIOIROHORRROCIHRHROHIHIHOCO/ORICHRORRORHORHOIHCRHOORCRRHOI/ICRHORIIHOHROHOHOCOOHOOCOORRHO	com/moonsworth/lunar/client/framework/feature/mod/gui/nameplate
com/moonsworth/lunar/client/CCROIHHHCOCHHOHORCIRHOCRROIOCI/RCIOICOHRIOIIRRRROCRHCIICRROHO/HOIHIOIROHORRROCIHRHROHIHIHOCO/RCIOICOHRIOIIRRRROCRHCIICRROHO	com/moonsworth/lunar/client/framework/feature/mod/rewindhandlers
com/moonsworth/lunar/client/CCROIHHHCOCHHOHORCIRHOCRROIOCI/RCIOICOHRIOIIRRRROCRHCIICRROHO/HOIHIOIROHORRROCIHRHROHIHIHOCO/RCIOICOHRIOIIRRRROCRHCIICRROHO/HHRROIIHRRICIIHIIHICRHHRHOHHOO	com/moonsworth/lunar/client/framework/feature/mod/rewindhandlers/mixin
com/moonsworth/lunar/client/CCROIHHHCOCHHOHORCIRHOCRROIOCI/RCIOICOHRIOIIRRRROCRHCIICRROHO/HOIHIOIROHORRROCIHRHROHIHIHOCO/RCIOICOHRIOIIRRRROCRHCIICRROHO/HORHROIOIOICIRHIOCOICHHHIHCIIO	com/moonsworth/lunar/client/framework/feature/mod/rewindhandlers/mixin2
com/moonsworth/lunar/client/CCROIHHHCOCHHOHORCIRHOCRROIOCI/RCIOICOHRIOIIRRRROCRHCIICRROHO/HOOHOOCICIOHOCCCCRCICOIIOIOIIH	com/moonsworth/lunar/client/framework/feature/inventorymod
com/moonsworth/lunar/client/CCROIHHHCOCHHOHORCIRHOCRROIOCI/RCIOICOHRIOIIRRRROCRHCIICRROHO/HOOHOOCICIOHOCCCCRCICOIIOIOIIH/HHRROIIHRRICIIHIIHICRHHRHOHHOO	com/moonsworth/lunar/client/framework/feature/inventorymod/mixin
com/moonsworth/lunar/client/CCROIHHHCOCHHOHORCIRHOCRROIOCI/RCIOICOHRIOIIRRRROCRHCIICRROHO/HOOHOOCICIOHOCCCCRCICOIIOIOIIH/HORHROIOIOICIRHIOCOICHHHIHCIIO	com/moonsworth/lunar/client/framework/feature/inventorymod/slot
com/moonsworth/lunar/client/CCROIHHHCOCHHOHORCIRHOCRROIOCI/RCIOICOHRIOIIRRRROCRHCIICRROHO/HOOHOOCICIOHOCCCCRCICOIIOIOIIH/HORHROIOIOICIRHIOCOICHHHIHCIIO/HORHROIOIOICIRHIOCOICHHHIHCIIO	com/moonsworth/lunar/client/framework/feature/inventorymod/slot/inventorysearch
com/moonsworth/lunar/client/CCROIHHHCOCHHOHORCIRHOCRROIOCI/RCIOICOHRIOIIRRRROCRHCIICRROHO/HOOHOOCICIOHOCCCCRCICOIIOIOIIH/HRICOROOOCCOCOROCRHHCRRIRCOICO	com/moonsworth/lunar/client/framework/feature/inventorymod/mixin2
com/moonsworth/lunar/client/CCROIHHHCOCHHOHORCIRHOCRROIOCI/RCIOICOHRIOIIRRRROCRHCIICRROHO/HORHIHCCOCCORIIIOHRRRROROCHCIC	com/moonsworth/lunar/client/framework/feature/shinypots
com/moonsworth/lunar/client/CCROIHHHCOCHHOHORCIRHOCRROIOCI/RCIOICOHRIOIIRRRROCRHCIICRROHO/HORHIRROCIOIICIOHCOCCOOHIRCCRI	com/moonsworth/lunar/client/framework/feature/onesevenvisuals
com/moonsworth/lunar/client/CCROIHHHCOCHHOHORCIRHOCRROIOCI/RCIOICOHRIOIIRRRROCRHCIICRROHO/HORHIRROCIOIICIOHCOCCOOHIRCCRI/HHRROIIHRRICIIHIIHICRHHRHOHHOO	com/moonsworth/lunar/client/framework/feature/onesevenvisuals/modern
com/moonsworth/lunar/client/CCROIHHHCOCHHOHORCIRHOCRROIOCI/RCIOICOHRIOIIRRRROCRHCIICRROHO/HORHIRROCIOIICIOHCOCCOOHIRCCRI/HORHROIOIOICIRHIOCOICHHHIHCIIO	com/moonsworth/lunar/client/framework/feature/onesevenvisuals/legacy
com/moonsworth/lunar/client/CCROIHHHCOCHHOHORCIRHOCRROIOCI/RCIOICOHRIOIIRRRROCRHCIICRROHO/HORHROIOIOICIRHIOCOICHHHIHCIIO	com/moonsworth/lunar/client/framework/feature/actionbar
com/moonsworth/lunar/client/CCROIHHHCOCHHOHORCIRHOCRROIOCI/RCIOICOHRIOIIRRRROCRHCIICRROHO/HRHCHRICROCCHOHOROROIRIICHCRHH	com/moonsworth/lunar/client/framework/feature/pkg39
com/moonsworth/lunar/client/CCROIHHHCOCHHOHORCIRHOCRROIOCI/RCIOICOHRIOIIRRRROCRHCIICRROHO/HRHCHRICROCCHOHOROROIRIICHCRHH/HHRROIIHRRICIIHIIHICRHHRHOHHOO	com/moonsworth/lunar/client/framework/feature/pkg39/mixin
com/moonsworth/lunar/client/CCROIHHHCOCHHOHORCIRHOCRROIOCI/RCIOICOHRIOIIRRRROCRHCIICRROHO/HRHCHRICROCCHOHOROROIRIICHCRHH/HORHROIOIOICIRHIOCOICHHHIHCIIO	com/moonsworth/lunar/client/framework/feature/pkg39/mixin2
com/moonsworth/lunar/client/CCROIHHHCOCHHOHORCIRHOCRROIOCI/RCIOICOHRIOIIRRRROCRHCIICRROHO/HRICOROOOCCOCOROCRHHCRRIRCOICO	com/moonsworth/lunar/client/framework/feature/attackindicator
com/moonsworth/lunar/client/CCROIHHHCOCHHOHORCIRHOCRROIOCI/RCIOICOHRIOIIRRRROCRHCIICRROHO/HRICOROOOCCOCOROCRHHCRRIRCOICO/HORHROIOIOICIRHIOCOICHHHIHCIIO	com/moonsworth/lunar/client/framework/feature/attackindicator/mixin
com/moonsworth/lunar/client/CCROIHHHCOCHHOHORCIRHOCRROIOCI/RCIOICOHRIOIIRRRROCRHCIICRROHO/HROCOOROCRHIRHOHIRHIRIHOOCHRIH	com/moonsworth/lunar/client/framework/feature/render
com/moonsworth/lunar/client/CCROIHHHCOCHHOHORCIRHOCRROIOCI/RCIOICOHRIOIIRRRROCRHCIICRROHO/HROHOIOCHIRIHICOORIHOHCIOIRIIH	com/moonsworth/lunar/client/framework/feature/clock
com/moonsworth/lunar/client/CCROIHHHCOCHHOHORCIRHOCRROIOCI/RCIOICOHRIOIIRRRROCRHCIICRROHO/HROOOICICRCOCIROHIRICCCOCCIORH	com/moonsworth/lunar/client/framework/feature/itemcounter
com/moonsworth/lunar/client/CCROIHHHCOCHHOHORCIRHOCRROIOCI/RCIOICOHRIOIIRRRROCRHCIICRROHO/HROOOICICRCOCIROHIRICCCOCCIORH/HHRROIIHRRICIIHIIHICRHHRHOHHOO	com/moonsworth/lunar/client/framework/feature/itemcounter/mixin
com/moonsworth/lunar/client/CCROIHHHCOCHHOHORCIRHOCRROIOCI/RCIOICOHRIOIIRRRROCRHCIICRROHO/HROOOICICRCOCIROHIRICCCOCCIORH/HORHROIOIOICIRHIOCOICHHHIHCIIO	com/moonsworth/lunar/client/framework/feature/itemcounter/mixin2
com/moonsworth/lunar/client/CCROIHHHCOCHHOHORCIRHOCRROIOCI/RCIOICOHRIOIIRRRROCRHCIICRROHO/HRORICORIHHHRICRIRCIIOHCRIRRHI	com/moonsworth/lunar/client/framework/feature/f3display
com/moonsworth/lunar/client/CCROIHHHCOCHHOHORCIRHOCRROIOCI/RCIOICOHRIOIIRRRROCRHCIICRROHO/HRORICORIHHHRICRIRCIIOHCRIRRHI/HHRROIIHRRICIIHIIHICRHHRHOHHOO	com/moonsworth/lunar/client/framework/feature/f3display/mixin
com/moonsworth/lunar/client/CCROIHHHCOCHHOHORCIRHOCRROIOCI/RCIOICOHRIOIIRRRROCRHCIICRROHO/HRORICORIHHHRICRIRCIIOHCRIRRHI/HORHROIOIOICIRHIOCOICHHHIHCIIO	com/moonsworth/lunar/client/framework/feature/f3display/mixin2
com/moonsworth/lunar/client/CCROIHHHCOCHHOHORCIRHOCRROIOCI/RCIOICOHRIOIIRRRROCRHCIICRROHO/HRORICORIHHHRICRIRCIIOHCRIRRHI/HRICOROOOCCOCOROCRHHCRRIRCOICO	com/moonsworth/lunar/client/framework/feature/f3display/mixin3
com/moonsworth/lunar/client/CCROIHHHCOCHHOHORCIRHOCRROIOCI/RCIOICOHRIOIIRRRROCRHCIICRROHO/HRRCROICHIIROIHRCOIHRRHCCRIIRH	com/moonsworth/lunar/client/framework/feature/knockbacktrainer
com/moonsworth/lunar/client/CCROIHHHCOCHHOHORCIRHOCRROIOCI/RCIOICOHRIOIIRRRROCRHCIICRROHO/HRRCROICHIIROIHRCOIHRRHCCRIIRH/HHRROIIHRRICIIHIIHICRHHRHOHHOO	com/moonsworth/lunar/client/framework/feature/knockbacktrainer/mixin
com/moonsworth/lunar/client/CCROIHHHCOCHHOHORCIRHOCRROIOCI/RCIOICOHRIOIIRRRROCRHCIICRROHO/HRRCROICHIIROIHRCOIHRRHCCRIIRH/HORHROIOIOICIRHIOCOICHHHIHCIIO	com/moonsworth/lunar/client/framework/feature/knockbacktrainer/knockback
com/moonsworth/lunar/client/CCROIHHHCOCHHOHORCIRHOCRROIOCI/RCIOICOHRIOIIRRRROCRHCIICRROHO/HRRRIRCICHHHRROIHRRCRCORIHHOHI	com/moonsworth/lunar/client/framework/feature/waila
com/moonsworth/lunar/client/CCROIHHHCOCHHOHORCIRHOCRROIOCI/RCIOICOHRIOIIRRRROCRHCIICRROHO/HRRRIRCICHHHRROIHRRCRCORIHHOHI/HHRROIIHRRICIIHIIHICRHHRHOHHOO	com/moonsworth/lunar/client/framework/feature/waila/mixin
com/moonsworth/lunar/client/CCROIHHHCOCHHOHORCIRHOCRROIOCI/RCIOICOHRIOIIRRRROCRHCIICRROHO/HRRRIRCICHHHRROIHRRCRCORIHHOHI/HORHROIOIOICIRHIOCOICHHHIHCIIO	com/moonsworth/lunar/client/framework/feature/waila/mixin2
com/moonsworth/lunar/client/CCROIHHHCOCHHOHORCIRHOCRROIOCI/RCIOICOHRIOIIRRRROCRHCIICRROHO/ICIHHHCHHOIHHRROOCHOICRHOCHCOI	com/moonsworth/lunar/client/framework/feature/pvpinfo
com/moonsworth/lunar/client/CCROIHHHCOCHHOHORCIRHOCRROIOCI/RCIOICOHRIOIIRRRROCRHCIICRROHO/ICIHHHCHHOIHHRROOCHOICRHOCHCOI/HORHROIOIOICIRHIOCOICHHHIHCIIO	com/moonsworth/lunar/client/framework/feature/pvpinfo/pvp
com/moonsworth/lunar/client/CCROIHHHCOCHHOHORCIRHOCRROIOCI/RCIOICOHRIOIIRRRROCRHCIICRROHO/ICOOHRIORIOOIIRRIHHOOIOHHCORIR	com/moonsworth/lunar/client/framework/feature/hitcolor
com/moonsworth/lunar/client/CCROIHHHCOCHHOHORCIRHOCRROIOCI/RCIOICOHRIOIIRRRROCRHCIICRROHO/ICRHORIIHOHROHOHOCOOHOOCOORRHO	com/moonsworth/lunar/client/framework/feature/hypixelbedwars
com/moonsworth/lunar/client/CCROIHHHCOCHHOHORCIRHOCRROIOCI/RCIOICOHRIOIIRRRROCRHCIICRROHO/ICRHORIIHOHROHOHOCOOHOOCOORRHO/HHRROIIHRRICIIHIIHICRHHRHOHHOO	com/moonsworth/lunar/client/framework/feature/hypixelbedwars/resource
com/moonsworth/lunar/client/CCROIHHHCOCHHOHORCIRHOCRROIOCI/RCIOICOHRIOIIRRRROCRHCIICRROHO/ICRHORIIHOHROHOHOCOOHOOCOORRHO/HORHROIOIOICIRHIOCOICHHHIHCIIO	com/moonsworth/lunar/client/framework/feature/hypixelbedwars/mixin
com/moonsworth/lunar/client/CCROIHHHCOCHHOHORCIRHOCRROIOCI/RCIOICOHRIOIIRRRROCRHCIICRROHO/ICRHORIIHOHROHOHOCOOHOOCOORRHO/HRICOROOOCCOCOROCRHHCRRIRCOICO	com/moonsworth/lunar/client/framework/feature/hypixelbedwars/bedwars
com/moonsworth/lunar/client/CCROIHHHCOCHHOHORCIRHOCRROIOCI/RCIOICOHRIOIIRRRROCRHCIICRROHO/ICRHORIIHOHROHOHOCOOHOOCOORRHO/ICRHORIIHOHROHOHOCOOHOOCOORRHO	com/moonsworth/lunar/client/framework/feature/hypixelbedwars/bedwars2
com/moonsworth/lunar/client/CCROIHHHCOCHHOHORCIRHOCRROIOCI/RCIOICOHRIOIIRRRROCRHCIICRROHO/ICRHORIIHOHROHOHOCOOHOOCOORRHO/OHROCHICOIOICHOCRROORRCIIICIHO	com/moonsworth/lunar/client/framework/feature/hypixelbedwars/bedwars3
com/moonsworth/lunar/client/CCROIHHHCOCHHOHORCIRHOCRROIOCI/RCIOICOHRIOIIRRRROCRHCIICRROHO/ICRHORIIHOHROHOHOCOOHOOCOORRHO/RCIOICOHRIOIIRRRROCRHCIICRROHO	com/moonsworth/lunar/client/framework/feature/hypixelbedwars/bedwars4
com/moonsworth/lunar/client/CCROIHHHCOCHHOHORCIRHOCRROIOCI/RCIOICOHRIOIIRRRROCRHCIICRROHO/IHCORIOHOHHOIORHCCOOIIIHOCROOI	com/moonsworth/lunar/client/framework/feature/shulkerpreview
com/moonsworth/lunar/client/CCROIHHHCOCHHOHORCIRHOCRROIOCI/RCIOICOHRIOIIRRRROCRHCIICRROHO/IHHCOCHOHOCRCRRHCIHHHIHCRIOIHR	com/moonsworth/lunar/client/framework/feature/counter
com/moonsworth/lunar/client/CCROIHHHCOCHHOHORCIRHOCRROIOCI/RCIOICOHRIOIIRRRROCRHCIICRROHO/IHHIOOICIOOICRICCIRCOHCHRIROIC	com/moonsworth/lunar/client/framework/feature/soundchanger
com/moonsworth/lunar/client/CCROIHHHCOCHHOHORCIRHOCRROIOCI/RCIOICOHRIOIIRRRROCRHCIICRROHO/IHRHHRIHICHOOICIRIOOHOICHIRHOI	com/moonsworth/lunar/client/framework/feature/crosshair
com/moonsworth/lunar/client/CCROIHHHCOCHHOHORCIRHOCRROIOCI/RCIOICOHRIOIIRRRROCRHCIICRROHO/IHRHHRIHICHOOICIRIOOHOICHIRHOI/HHRROIIHRRICIIHIIHICRHHRHOHHOO	com/moonsworth/lunar/client/framework/feature/crosshair/mixin
com/moonsworth/lunar/client/CCROIHHHCOCHHOHORCIRHOCRROIOCI/RCIOICOHRIOIIRRRROCRHCIICRROHO/IHRHHRIHICHOOICIRIOOHOICHIRHOI/HORHROIOIOICIRHIOCOICHHHIHCIIO	com/moonsworth/lunar/client/framework/feature/crosshair/crosshairelytra
com/moonsworth/lunar/client/CCROIHHHCOCHHOHORCIRHOCRROIOCI/RCIOICOHRIOIIRRRROCRHCIICRROHO/IICIROOOIIIHCHICHIRRRRIRHHHHOR	com/moonsworth/lunar/client/framework/feature/panoramamaker
com/moonsworth/lunar/client/CCROIHHHCOCHHOHORCIRHOCRROIOCI/RCIOICOHRIOIIRRRROCRHCIICRROHO/IICOCHRHIRHIHIIRHOORCHHIIOIOIR	com/moonsworth/lunar/client/framework/feature/mobsize
com/moonsworth/lunar/client/CCROIHHHCOCHHOHORCIRHOCRROIOCI/RCIOICOHRIOIIRRRROCRHCIICRROHO/IIHOIORIOCHCOORROROHIRIRIOHOHH	com/moonsworth/lunar/client/framework/feature/tiertagger
com/moonsworth/lunar/client/CCROIHHHCOCHHOHORCIRHOCRROIOCI/RCIOICOHRIOIIRRRROCRHCIICRROHO/IIHOIORIOCHCOORROROHIRIRIOHOHH/HHRROIIHRRICIIHIIHICRHHRHOHHOO	com/moonsworth/lunar/client/framework/feature/tiertagger/mixin
com/moonsworth/lunar/client/CCROIHHHCOCHHOHORCIRHOCRROIOCI/RCIOICOHRIOIIRRRROCRHCIICRROHO/IIHOIORIOCHCOORROROHIRIRIOHOHH/HORHROIOIOICIRHIOCOICHHHIHCIIO	com/moonsworth/lunar/client/framework/feature/tiertagger/mixin2
com/moonsworth/lunar/client/CCROIHHHCOCHHOHORCIRHOCRROIOCI/RCIOICOHRIOIIRRRROCRHCIICRROHO/IIHOIORIOCHCOORROROHIRIRIOHOHH/HORHROIOIOICIRHIOCOICHHHIHCIIO/HHRROIIHRRICIIHIIHICRHHRHOHHOO	com/moonsworth/lunar/client/framework/feature/tiertagger/mixin2/mixin
com/moonsworth/lunar/client/CCROIHHHCOCHHOHORCIRHOCRROIOCI/RCIOICOHRIOIIRRRROCRHCIICRROHO/IIHOIORIOCHCOORROROHIRIRIOHOHH/HORHROIOIOICIRHIOCOICHHHIHCIIO/HORHROIOIOICIRHIOCOICHHHIHCIIO	com/moonsworth/lunar/client/framework/feature/tiertagger/mixin2/mixin2
com/moonsworth/lunar/client/CCROIHHHCOCHHOHORCIRHOCRROIOCI/RCIOICOHRIOIIRRRROCRHCIICRROHO/IIHOIORIOCHCOORROROHIRIRIOHOHH/HORHROIOIOICIRHIOCOICHHHIHCIIO/HRICOROOOCCOCOROCRHHCRRIRCOICO	com/moonsworth/lunar/client/framework/feature/tiertagger/mixin2/mixin3
com/moonsworth/lunar/client/CCROIHHHCOCHHOHORCIRHOCRROIOCI/RCIOICOHRIOIIRRRROCRHCIICRROHO/IIHOIORIOCHCOORROROHIRIRIOHOHH/HORHROIOIOICIRHIOCOICHHHIHCIIO/ICRHORIIHOHROHOHOCOOHOOCOORRHO	com/moonsworth/lunar/client/framework/feature/tiertagger/mixin2/nameplate
com/moonsworth/lunar/client/CCROIHHHCOCHHOHORCIRHOCRROIOCI/RCIOICOHRIOIIRRRROCRHCIICRROHO/IIHOIORIOCHCOORROROHIRIRIOHOHH/HORHROIOIOICIRHIOCOICHHHIHCIIO/RCIOICOHRIOIIRRRROCRHCIICRROHO	com/moonsworth/lunar/client/framework/feature/tiertagger/mixin2/rewindhandlers
com/moonsworth/lunar/client/CCROIHHHCOCHHOHORCIRHOCRROIOCI/RCIOICOHRIOIIRRRROCRHCIICRROHO/IIORCIOOIHRRRICOHIRCIHOOCCOHRO	com/moonsworth/lunar/client/framework/feature/damagetint
com/moonsworth/lunar/client/CCROIHHHCOCHHOHORCIRHOCRROIOCI/RCIOICOHRIOIIRRRROCRHCIICRROHO/IRCHCHOHRRIOORHRCHRIHIOHRCIHRH	com/moonsworth/lunar/client/framework/feature/debug
com/moonsworth/lunar/client/CCROIHHHCOCHHOHORCIRHOCRROIOCI/RCIOICOHRIOIIRRRROCRHCIICRROHO/IRCHCHOHRRIOORHRCHRIHIOHRCIHRH/HHRROIIHRRICIIHIIHICRHHRHOHHOO	com/moonsworth/lunar/client/framework/feature/debug/fpsdebugmod
com/moonsworth/lunar/client/CCROIHHHCOCHHOHORCIRHOCRROIOCI/RCIOICOHRIOIIRRRROCRHCIICRROHO/IRCHCHOHRRIOORHRCHRIHIOHRCIHRH/HHRROIIHRRICIIHIIHICRHHRHOHHOO/HHRROIIHRRICIIHIIHICRHHRHOHHOO	com/moonsworth/lunar/client/framework/feature/debug/fpsdebugmod/mixin
com/moonsworth/lunar/client/CCROIHHHCOCHHOHORCIRHOCRROIOCI/RCIOICOHRIOIIRRRROCRHCIICRROHO/IRCHCHOHRRIOORHRCHRIHIOHRCIHRH/HHRROIIHRRICIIHIIHICRHHRHOHHOO/HORHROIOIOICIRHIOCOICHHHIHCIIO	com/moonsworth/lunar/client/framework/feature/debug/fpsdebugmod/mixin2
com/moonsworth/lunar/client/CCROIHHHCOCHHOHORCIRHOCRROIOCI/RCIOICOHRIOIIRRRROCRHCIICRROHO/IRCHCHOHRRIOORHRCHRIHIOHRCIHRH/HHRROIIHRRICIIHIIHICRHHRHOHHOO/HRICOROOOCCOCOROCRHHCRRIRCOICO	com/moonsworth/lunar/client/framework/feature/debug/fpsdebugmod/profilerdebugmod
com/moonsworth/lunar/client/CCROIHHHCOCHHOHORCIRHOCRROIOCI/RCIOICOHRIOIIRRRROCRHCIICRROHO/IRCHCHOHRRIOORHRCHRIHIOHRCIHRH/HHRROIIHRRICIIHIIHICRHHRHOHHOO/HRICOROOOCCOCOROCRHHCRRIRCOICO/HHRROIIHRRICIIHIIHICRHHRHOHHOO	com/moonsworth/lunar/client/framework/feature/debug/fpsdebugmod/profilerdebugmod/mixin
com/moonsworth/lunar/client/CCROIHHHCOCHHOHORCIRHOCRROIOCI/RCIOICOHRIOIIRRRROCRHCIICRROHO/IRCHCHOHRRIOORHRCHRIHIOHRCIHRH/HHRROIIHRRICIIHIIHICRHHRHOHHOO/HRICOROOOCCOCOROCRHHCRRIRCOICO/HORHROIOIOICIRHIOCOICHHHIHCIIO	com/moonsworth/lunar/client/framework/feature/debug/fpsdebugmod/profilerdebugmod/mixin2
com/moonsworth/lunar/client/CCROIHHHCOCHHOHORCIRHOCRROIOCI/RCIOICOHRIOIIRRRROCRHCIICRROHO/IRCHCHOHRRIOORHRCHRIHIOHRCIHRH/HHRROIIHRRICIIHIIHICRHHRHOHHOO/HRICOROOOCCOCOROCRHHCRRIRCOICO/HRICOROOOCCOCOROCRHHCRRIRCOICO	com/moonsworth/lunar/client/framework/feature/debug/fpsdebugmod/profilerdebugmod/mixin3
com/moonsworth/lunar/client/CCROIHHHCOCHHOHORCIRHOCRROIOCI/RCIOICOHRIOIIRRRROCRHCIICRROHO/IRCHCHOHRRIOORHRCHRIHIOHRCIHRH/HORHROIOIOICIRHIOCOICHHHIHCIIO	com/moonsworth/lunar/client/framework/feature/debug/turbo
com/moonsworth/lunar/client/CCROIHHHCOCHHOHORCIRHOCRROIOCI/RCIOICOHRIOIIRRRROCRHCIICRROHO/IRCHCHOHRRIOORHRCHRIHIOHRCIHRH/HRICOROOOCCOCOROCRHHCRRIRCOICO	com/moonsworth/lunar/client/framework/feature/debug/debug
com/moonsworth/lunar/client/CCROIHHHCOCHHOHORCIRHOCRROIOCI/RCIOICOHRIOIIRRRROCRHCIICRROHO/IRCHCHOHRRIOORHRCHRIHIOHRCIHRH/ICRHORIIHOHROHOHOCOOHOOCOORRHO	com/moonsworth/lunar/client/framework/feature/debug/graphdebugmod
com/moonsworth/lunar/client/CCROIHHHCOCHHOHORCIRHOCRROIOCI/RCIOICOHRIOIIRRRROCRHCIICRROHO/IRCHCHOHRRIOORHRCHRIHIOHRCIHRH/ICRHORIIHOHROHOHOCOOHOOCOORRHO/HORHROIOIOICIRHIOCOICHHHIHCIIO	com/moonsworth/lunar/client/framework/feature/debug/graphdebugmod/memory
com/moonsworth/lunar/client/CCROIHHHCOCHHOHORCIRHOCRROIOCI/RCIOICOHRIOIIRRRROCRHCIICRROHO/IRCHCHOHRRIOORHRCHRIHIOHRCIHRH/OHROCHICOIOICHOCRROORRCIIICIHO	com/moonsworth/lunar/client/framework/feature/debug/shaderdebugmod
com/moonsworth/lunar/client/CCROIHHHCOCHHOHORCIRHOCRROIOCI/RCIOICOHRIOIIRRRROCRHCIICRROHO/IRCHCHOHRRIOORHRCHRIHIOHRCIHRH/RCIOICOHRIOIIRRRROCRHCIICRROHO	com/moonsworth/lunar/client/framework/feature/debug/optimizationdebugmod
com/moonsworth/lunar/client/CCROIHHHCOCHHOHORCIRHOCRROIOCI/RCIOICOHRIOIIRRRROCRHCIICRROHO/IRIHHIROOHRHOIHHCIORRHIOHRCOCH	com/moonsworth/lunar/client/framework/feature/toggle
com/moonsworth/lunar/client/CCROIHHHCOCHHOHORCIRHOCRROIOCI/RCIOICOHRIOIIRRRROCRHCIICRROHO/OCOCRCHOHOIICRHIRCCHCIHICHRCHH	com/moonsworth/lunar/client/framework/feature/potioncounter
com/moonsworth/lunar/client/CCROIHHHCOCHHOHORCIRHOCRROIOCI/RCIOICOHRIOIIRRRROCRHCIICRROHO/OCRORCCHCRIOOIRHOHRRHCRRHRCIHO	com/moonsworth/lunar/client/framework/feature/fps
com/moonsworth/lunar/client/CCROIHHHCOCHHOHORCIRHOCRROIOCI/RCIOICOHRIOIIRRRROCRHCIICRROHO/OCRRICRIORICCCRHIOHORCICIHHICO	com/moonsworth/lunar/client/framework/feature/saturation
com/moonsworth/lunar/client/CCROIHHHCOCHHOHORCIRHOCRROIOCI/RCIOICOHRIOIIRRRROCRHCIICRROHO/OHICCIICIRHHHOIORCRORRRCHHROCH	com/moonsworth/lunar/client/framework/feature/guiscale
com/moonsworth/lunar/client/CCROIHHHCOCHHOHORCIRHOCRROIOCI/RCIOICOHRIOIIRRRROCRHCIICRROHO/OHOOORICRHIIIIRHCICICOCHROICRC	com/moonsworth/lunar/client/framework/feature/combo
com/moonsworth/lunar/client/CCROIHHHCOCHHOHORCIRHOCRROIOCI/RCIOICOHRIOIIRRRROCRHCIICRROHO/OHRCHRORCORHICIHCOHICIHHHIRORC	com/moonsworth/lunar/client/framework/feature/quickplay
com/moonsworth/lunar/client/CCROIHHHCOCHHOHORCIRHOCRROIOCI/RCIOICOHRIOIIRRRROCRHCIICRROHO/OHRCHRORCORHICIHCOHICIHHHIRORC/HORHROIOIOICIRHIOCOICHHHIHCIIO	com/moonsworth/lunar/client/framework/feature/quickplay/mixin
com/moonsworth/lunar/client/CCROIHHHCOCHHOHORCIRHOCRROIOCI/RCIOICOHRIOIIRRRROCRHCIICRROHO/OHROCHICOIOICHOCRROORRCIIICIHO	com/moonsworth/lunar/client/framework/feature/bossbar
com/moonsworth/lunar/client/CCROIHHHCOCHHOHORCIRHOCRROIOCI/RCIOICOHRIOIIRRRROCRHCIICRROHO/OICRROHCCIRICRIHCOIRCOORHRHRHC	com/moonsworth/lunar/client/framework/feature/lightoverlay
com/moonsworth/lunar/client/CCROIHHHCOCHHOHORCIRHOCRROIOCI/RCIOICOHRIOIIRRRROCRHCIICRROHO/OIHCCIIRIOORHHOOICRCIORCOICOIR	com/moonsworth/lunar/client/framework/feature/timechanger
com/moonsworth/lunar/client/CCROIHHHCOCHHOHORCIRHOCRROIOCI/RCIOICOHRIOIIRRRROCRHCIICRROHO/OIHOHCCCRCORHCRIRHIHOOCIOHRCHR	com/moonsworth/lunar/client/framework/feature/tps
com/moonsworth/lunar/client/CCROIHHHCOCHHOHORCIRHOCRROIOCI/RCIOICOHRIOIIRRRROCRHCIICRROHO/OIIHHHCRHIHHRICHIIICHIHHRRIROI	com/moonsworth/lunar/client/framework/feature/stopwatch
com/moonsworth/lunar/client/CCROIHHHCOCHHOHORCIRHOCRROIOCI/RCIOICOHRIOIIRRRROCRHCIICRROHO/OIOHHHHCICORIHOHOHIRHRROOORRCO	com/moonsworth/lunar/client/framework/feature/audiosubtitles
com/moonsworth/lunar/client/CCROIHHHCOCHHOHORCIRHOCRROIOCI/RCIOICOHRIOIIRRRROCRHCIICRROHO/OIRHOOIICOCIOOHICRRRICORIHHIHC	com/moonsworth/lunar/client/framework/feature/replaymod
com/moonsworth/lunar/client/CCROIHHHCOCHHOHORCIRHOCRROIOCI/RCIOICOHRIOIIRRRROCRHCIICRROHO/OIRHOOIICOCIOOHICRRRICORIHHIHC/HORHROIOIOICIRHIOCOICHHHIHCIIO	com/moonsworth/lunar/client/framework/feature/replaymod/indicator
com/moonsworth/lunar/client/CCROIHHHCOCHHOHORCIRHOCRROIOCI/RCIOICOHRIOIIRRRROCRHCIICRROHO/OIRIHIOOOCHRCHICICHCHCIOOOOOII	com/moonsworth/lunar/client/framework/feature/mumblelink
com/moonsworth/lunar/client/CCROIHHHCOCHHOHORCIRHOCRROIOCI/RCIOICOHRIOIIRRRROCRHCIICRROHO/OIRIOIIIRICICCHORICRRIRROHCRIC	com/moonsworth/lunar/client/framework/feature/cooldowns
com/moonsworth/lunar/client/CCROIHHHCOCHHOHORCIRHOCRROIOCI/RCIOICOHRIOIIRRRROCRHCIICRROHO/OIRIOIIIRICICCHORICRRIRROHCRIC/HORHROIOIOICIRHIOCOICHHHIHCIIO	com/moonsworth/lunar/client/framework/feature/cooldowns/mixin
com/moonsworth/lunar/client/CCROIHHHCOCHHOHORCIRHOCRROIOCI/RCIOICOHRIOIIRRRROCRHCIICRROHO/OOCIOHRCCCRHHIIIIOOCIIHHHRIORO	com/moonsworth/lunar/client/framework/feature/rewind
com/moonsworth/lunar/client/CCROIHHHCOCHHOHORCIRHOCRROIOCI/RCIOICOHRIOIIRRRROCRHCIICRROHO/OOCIOHRCCCRHHIIIIOOCIIHHHRIORO/HHRROIIHRRICIIHIIHICRHHRHOHHOO	com/moonsworth/lunar/client/framework/feature/rewind/mixin
com/moonsworth/lunar/client/CCROIHHHCOCHHOHORCIRHOCRROIOCI/RCIOICOHRIOIIRRRROCRHCIICRROHO/OOCIOHRCCCRHHIIIIOOCIIHHHRIORO/HHRROIIHRRICIIHIIHICRHHRHOHHOO/HHRROIIHRRICIIHIIHICRHHRHOHHOO	com/moonsworth/lunar/client/framework/feature/rewind/mixin/mixin
com/moonsworth/lunar/client/CCROIHHHCOCHHOHORCIRHOCRROIOCI/RCIOICOHRIOIIRRRROCRHCIICRROHO/OOCIOHRCCCRHHIIIIOOCIIHHHRIORO/HHRROIIHRRICIIHIIHICRHHRHOHHOO/HORHROIOIOICIRHIOCOICHHHIHCIIO	com/moonsworth/lunar/client/framework/feature/rewind/mixin/mixin2
com/moonsworth/lunar/client/CCROIHHHCOCHHOHORCIRHOCRROIOCI/RCIOICOHRIOIIRRRROCRHCIICRROHO/OOCIOHRCCCRHHIIIIOOCIIHHHRIORO/HHRROIIHRRICIIHIIHICRHHRHOHHOO/HRICOROOOCCOCOROCRHHCRRIRCOICO	com/moonsworth/lunar/client/framework/feature/rewind/mixin/mixin3
com/moonsworth/lunar/client/CCROIHHHCOCHHOHORCIRHOCRROIOCI/RCIOICOHRIOIIRRRROCRHCIICRROHO/OOCIOHRCCCRHHIIIIOOCIIHHHRIORO/HHRROIIHRRICIIHIIHICRHHRHOHHOO/ICRHORIIHOHROHOHOCOOHOOCOORRHO	com/moonsworth/lunar/client/framework/feature/rewind/mixin/nameplate
com/moonsworth/lunar/client/CCROIHHHCOCHHOHORCIRHOCRROIOCI/RCIOICOHRIOIIRRRROCRHCIICRROHO/OOCIOHRCCCRHHIIIIOOCIIHHHRIORO/HORHROIOIOICIRHIOCOICHHHIHCIIO	com/moonsworth/lunar/client/framework/feature/rewind/mixin2
com/moonsworth/lunar/client/CCROIHHHCOCHHOHORCIRHOCRROIOCI/RCIOICOHRIOIIRRRROCRHCIICRROHO/OOCIOHRCCCRHHIIIIOOCIIHHHRIORO/HORHROIOIOICIRHIOCOICHHHIHCIIO/HHRROIIHRRICIIHIIHICRHHRHOHHOO	com/moonsworth/lunar/client/framework/feature/rewind/mixin2/mixin
com/moonsworth/lunar/client/CCROIHHHCOCHHOHORCIRHOCRROIOCI/RCIOICOHRIOIIRRRROCRHCIICRROHO/OOCIOHRCCCRHHIIIIOOCIIHHHRIORO/HORHROIOIOICIRHIOCOICHHHIHCIIO/HORHROIOIOICIRHIOCOICHHHIHCIIO	com/moonsworth/lunar/client/framework/feature/rewind/mixin2/mixin2
com/moonsworth/lunar/client/CCROIHHHCOCHHOHORCIRHOCRROIOCI/RCIOICOHRIOIIRRRROCRHCIICRROHO/OOCIOHRCCCRHHIIIIOOCIIHHHRIORO/HORHROIOIOICIRHIOCOICHHHIHCIIO/HRICOROOOCCOCOROCRHHCRRIRCOICO	com/moonsworth/lunar/client/framework/feature/rewind/mixin2/mixin3
com/moonsworth/lunar/client/CCROIHHHCOCHHOHORCIRHOCRROIOCI/RCIOICOHRIOIIRRRROCRHCIICRROHO/OOCIOHRCCCRHHIIIIOOCIIHHHRIORO/HORHROIOIOICIRHIOCOICHHHIHCIIO/HROHOIOCHIRIHICOORIHOHCIOIRIIH	com/moonsworth/lunar/client/framework/feature/rewind/mixin2/fishing
com/moonsworth/lunar/client/CCROIHHHCOCHHOHORCIRHOCRROIOCI/RCIOICOHRIOIIRRRROCRHCIICRROHO/OOCIOHRCCCRHHIIIIOOCIIHHHRIORO/HORHROIOIOICIRHIOCOICHHHIHCIIO/ICRHORIIHOHROHOHOCOOHOOCOORRHO	com/moonsworth/lunar/client/framework/feature/rewind/mixin2/nameplate
com/moonsworth/lunar/client/CCROIHHHCOCHHOHORCIRHOCRROIOCI/RCIOICOHRIOIIRRRROCRHCIICRROHO/OOCIOHRCCCRHHIIIIOOCIIHHHRIORO/HORHROIOIOICIRHIOCOICHHHIHCIIO/ICRHORIIHOHROHOHOCOOHOOCOORRHO/HORHROIOIOICIRHIOCOICHHHIHCIIO	com/moonsworth/lunar/client/framework/feature/rewind/mixin2/nameplate/mixin
com/moonsworth/lunar/client/CCROIHHHCOCHHOHORCIRHOCRROIOCI/RCIOICOHRIOIIRRRROCRHCIICRROHO/OOCIOHRCCCRHHIIIIOOCIIHHHRIORO/HORHROIOIOICIRHIOCOICHHHIHCIIO/OHROCHICOIOICHOCRROORRCIIICIHO	com/moonsworth/lunar/client/framework/feature/rewind/mixin2/holograms
com/moonsworth/lunar/client/CCROIHHHCOCHHOHORCIRHOCRROIOCI/RCIOICOHRIOIIRRRROCRHCIICRROHO/OOCIOHRCCCRHHIIIIOOCIIHHHRIORO/HORHROIOIOICIRHIOCOICHHHIHCIIO/ORCHOHHCOHCORRICRIHCHHRORHHCHH	com/moonsworth/lunar/client/framework/feature/rewind/mixin2/highlight
com/moonsworth/lunar/client/CCROIHHHCOCHHOHORCIRHOCRROIOCI/RCIOICOHRIOIIRRRROCRHCIICRROHO/OOCIOHRCCCRHHIIIIOOCIIHHHRIORO/HORHROIOIOICIRHIOCOICHHHIHCIIO/ORCHOHHCOHCORRICRIHCHHRORHHCHH/HHRROIIHRRICIIHIIHICRHHRHOHHOO	com/moonsworth/lunar/client/framework/feature/rewind/mixin2/highlight/mixin
com/moonsworth/lunar/client/CCROIHHHCOCHHOHORCIRHOCRROIOCI/RCIOICOHRIOIIRRRROCRHCIICRROHO/OOCIOHRCCCRHHIIIIOOCIIHHHRIORO/HORHROIOIOICIRHIOCOICHHHIHCIIO/ORCHOHHCOHCORRICRIHCHHRORHHCHH/HORHROIOIOICIRHIOCOICHHHIHCIIO	com/moonsworth/lunar/client/framework/feature/rewind/mixin2/highlight/mixin2
com/moonsworth/lunar/client/CCROIHHHCOCHHOHORCIRHOCRROIOCI/RCIOICOHRIOIIRRRROCRHCIICRROHO/OOCIOHRCCCRHHIIIIOOCIIHHHRIORO/HORHROIOIOICIRHIOCOICHHHIHCIIO/ORCHOHHCOHCORRICRIHCHHRORHHCHH/HRICOROOOCCOCOROCRHHCRRIRCOICO	com/moonsworth/lunar/client/framework/feature/rewind/mixin2/highlight/mixin3
com/moonsworth/lunar/client/CCROIHHHCOCHHOHORCIRHOCRROIOCI/RCIOICOHRIOIIRRRROCRHCIICRROHO/OOCIOHRCCCRHHIIIIOOCIIHHHRIORO/HORHROIOIOICIRHIOCOICHHHIHCIIO/ORCHOHHCOHCORRICRIHCHHRORHHCHH/ICRHORIIHOHROHOHOCOOHOOCOORRHO	com/moonsworth/lunar/client/framework/feature/rewind/mixin2/highlight/nameplate
com/moonsworth/lunar/client/CCROIHHHCOCHHOHORCIRHOCRROIOCI/RCIOICOHRIOIIRRRROCRHCIICRROHO/OOCIOHRCCCRHHIIIIOOCIIHHHRIORO/HORHROIOIOICIRHIOCOICHHHIHCIIO/ORICHRORRORHORHOIHCRHOORCRRHOI	com/moonsworth/lunar/client/framework/feature/rewind/mixin2/gui
com/moonsworth/lunar/client/CCROIHHHCOCHHOHORCIRHOCRROIOCI/RCIOICOHRIOIIRRRROCRHCIICRROHO/OOCIOHRCCCRHHIIIIOOCIIHHHRIORO/HORHROIOIOICIRHIOCOICHHHIHCIIO/RCIOICOHRIOIIRRRROCRHCIICRROHO	com/moonsworth/lunar/client/framework/feature/rewind/mixin2/rewindhandlers
com/moonsworth/lunar/client/CCROIHHHCOCHHOHORCIRHOCRROIOCI/RCIOICOHRIOIIRRRROCRHCIICRROHO/OOCIOHRCCCRHHIIIIOOCIIHHHRIORO/HORHROIOIOICIRHIOCOICHHHIHCIIO/RCIOICOHRIOIIRRRROCRHCIICRROHO/CCROIHHHCOCHHOHORCIRHOCRROIOCI	com/moonsworth/lunar/client/framework/feature/rewind/mixin2/rewindhandlers/colorsaturation
com/moonsworth/lunar/client/CCROIHHHCOCHHOHORCIRHOCRROIOCI/RCIOICOHRIOIIRRRROCRHCIICRROHO/OOCIOHRCCCRHHIIIIOOCIIHHHRIORO/HORHROIOIOICIRHIOCOICHHHIHCIIO/RCIOICOHRIOIIRRRROCRHCIICRROHO/HHRROIIHRRICIIHIIHICRHHRHOHHOO	com/moonsworth/lunar/client/framework/feature/rewind/mixin2/rewindhandlers/mixin
com/moonsworth/lunar/client/CCROIHHHCOCHHOHORCIRHOCRROIOCI/RCIOICOHRIOIIRRRROCRHCIICRROHO/OOCIOHRCCCRHHIIIIOOCIIHHHRIORO/HORHROIOIOICIRHIOCOICHHHIHCIIO/RCIOICOHRIOIIRRRROCRHCIICRROHO/HIOROOCORHICHIRIHIRCCORCIIICCH	com/moonsworth/lunar/client/framework/feature/rewind/mixin2/rewindhandlers/coordinates
com/moonsworth/lunar/client/CCROIHHHCOCHHOHORCIRHOCRROIOCI/RCIOICOHRIOIIRRRROCRHCIICRROHO/OOCIOHRCCCRHHIIIIOOCIIHHHRIORO/HORHROIOIOICIRHIOCOICHHHIHCIIO/RCIOICOHRIOIIRRRROCRHCIICRROHO/HORHROIOIOICIRHIOCOICHHHIHCIIO	com/moonsworth/lunar/client/framework/feature/rewind/mixin2/rewindhandlers/mixin2
com/moonsworth/lunar/client/CCROIHHHCOCHHOHORCIRHOCRROIOCI/RCIOICOHRIOIIRRRROCRHCIICRROHO/OOCIOHRCCCRHHIIIIOOCIIHHHRIORO/HORHROIOIOICIRHIOCOICHHHIHCIIO/RCIOICOHRIOIIRRRROCRHCIICRROHO/HRICOROOOCCOCOROCRHHCRRIRCOICO	com/moonsworth/lunar/client/framework/feature/rewind/mixin2/rewindhandlers/mixin3
com/moonsworth/lunar/client/CCROIHHHCOCHHOHORCIRHOCRROIOCI/RCIOICOHRIOIIRRRROCRHCIICRROHO/OOCIOHRCCCRHHIIIIOOCIIHHHRIORO/HORHROIOIOICIRHIOCOICHHHIHCIIO/RCIOICOHRIOIIRRRROCRHCIICRROHO/HRICOROOOCCOCOROCRHHCRRIRCOICO/HORHROIOIOICIRHIOCOICHHHIHCIIO	com/moonsworth/lunar/client/framework/feature/rewind/mixin2/rewindhandlers/mixin3/mixin
com/moonsworth/lunar/client/CCROIHHHCOCHHOHORCIRHOCRROIOCI/RCIOICOHRIOIIRRRROCRHCIICRROHO/OOCIOHRCCCRHHIIIIOOCIIHHHRIORO/HORHROIOIOICIRHIOCOICHHHIHCIIO/RCIOICOHRIOIIRRRROCRHCIICRROHO/HROHOIOCHIRIHICOORIHOHCIOIRIIH	com/moonsworth/lunar/client/framework/feature/rewind/mixin2/rewindhandlers/fishing
com/moonsworth/lunar/client/CCROIHHHCOCHHOHORCIRHOCRROIOCI/RCIOICOHRIOIIRRRROCRHCIICRROHO/OOCIOHRCCCRHHIIIIOOCIIHHHRIORO/HORHROIOIOICIRHIOCOICHHHIHCIIO/RCIOICOHRIOIIRRRROCRHCIICRROHO/HROHOIOCHIRIHICOORIHOHCIOIRIIH/HORHROIOIOICIRHIOCOICHHHIHCIIO	com/moonsworth/lunar/client/framework/feature/rewind/mixin2/rewindhandlers/fishing/mixin
com/moonsworth/lunar/client/CCROIHHHCOCHHOHORCIRHOCRROIOCI/RCIOICOHRIOIIRRRROCRHCIICRROHO/OOCIOHRCCCRHHIIIIOOCIIHHHRIORO/HORHROIOIOICIRHIOCOICHHHIHCIIO/RCIOICOHRIOIIRRRROCRHCIICRROHO/ICRHORIIHOHROHOHOCOOHOOCOORRHO	com/moonsworth/lunar/client/framework/feature/rewind/mixin2/rewindhandlers/nameplate
com/moonsworth/lunar/client/CCROIHHHCOCHHOHORCIRHOCRROIOCI/RCIOICOHRIOIIRRRROCRHCIICRROHO/OOCIOHRCCCRHHIIIIOOCIIHHHRIORO/HORHROIOIOICIRHIOCOICHHHIHCIIO/RCIOICOHRIOIIRRRROCRHCIICRROHO/OHOOORICRHIIIIRHCICICOCHROICRC	com/moonsworth/lunar/client/framework/feature/rewind/mixin2/rewindhandlers/chest
com/moonsworth/lunar/client/CCROIHHHCOCHHOHORCIRHOCRROIOCI/RCIOICOHRIOIIRRRROCRHCIICRROHO/OOCIOHRCCCRHHIIIIOOCIIHHHRIORO/HORHROIOIOICIRHIOCOICHHHIHCIIO/RCIOICOHRIOIIRRRROCRHCIICRROHO/OHROCHICOIOICHOCRROORRCIIICIHO	com/moonsworth/lunar/client/framework/feature/rewind/mixin2/rewindhandlers/holograms
com/moonsworth/lunar/client/CCROIHHHCOCHHOHORCIRHOCRROIOCI/RCIOICOHRIOIIRRRROCRHCIICRROHO/OOCIOHRCCCRHHIIIIOOCIIHHHRIORO/HORHROIOIOICIRHIOCOICHHHIHCIIO/RCIOICOHRIOIIRRRROCRHCIICRROHO/OIRIOIIIRICICCHORICRRIRROHCRIC	com/moonsworth/lunar/client/framework/feature/rewind/mixin2/rewindhandlers/click
com/moonsworth/lunar/client/CCROIHHHCOCHHOHORCIRHOCRROIOCI/RCIOICOHRIOIIRRRROCRHCIICRROHO/OOCIOHRCCCRHHIIIIOOCIIHHHRIORO/HORHROIOIOICIRHIOCOICHHHIHCIIO/RCIOICOHRIOIIRRRROCRHCIICRROHO/ORCHOHHCOHCORRICRIHCHHRORHHCHH	com/moonsworth/lunar/client/framework/feature/rewind/mixin2/rewindhandlers/highlight
com/moonsworth/lunar/client/CCROIHHHCOCHHOHORCIRHOCRROIOCI/RCIOICOHRIOIIRRRROCRHCIICRROHO/OOCIOHRCCCRHHIIIIOOCIIHHHRIORO/HORHROIOIOICIRHIOCOICHHHIHCIIO/RCIOICOHRIOIIRRRROCRHCIICRROHO/ORCHOHHCOHCORRICRIHCHHRORHHCHH/HORHROIOIOICIRHIOCOICHHHIHCIIO	com/moonsworth/lunar/client/framework/feature/rewind/mixin2/rewindhandlers/highlight/mixin
com/moonsworth/lunar/client/CCROIHHHCOCHHOHORCIRHOCRROIOCI/RCIOICOHRIOIIRRRROCRHCIICRROHO/OOCIOHRCCCRHHIIIIOOCIIHHHRIORO/HORHROIOIOICIRHIOCOICHHHIHCIIO/RCIOICOHRIOIIRRRROCRHCIICRROHO/ORICHRORRORHORHOIHCRHOORCRRHOI	com/moonsworth/lunar/client/framework/feature/rewind/mixin2/rewindhandlers/gui
com/moonsworth/lunar/client/CCROIHHHCOCHHOHORCIRHOCRROIOCI/RCIOICOHRIOIIRRRROCRHCIICRROHO/OOCIOHRCCCRHHIIIIOOCIIHHHRIORO/HORHROIOIOICIRHIOCOICHHHIHCIIO/RCIOICOHRIOIIRRRROCRHCIICRROHO/RCIOICOHRIOIIRRRROCRHCIICRROHO	com/moonsworth/lunar/client/framework/feature/rewind/mixin2/rewindhandlers/rewindhandlers
com/moonsworth/lunar/client/CCROIHHHCOCHHOHORCIRHOCRROIOCI/RCIOICOHRIOIIRRRROCRHCIICRROHO/OOCIOHRCCCRHHIIIIOOCIIHHHRIORO/HRICOROOOCCOCOROCRHHCRRIRCOICO	com/moonsworth/lunar/client/framework/feature/rewind/rewind
com/moonsworth/lunar/client/CCROIHHHCOCHHOHORCIRHOCRROIOCI/RCIOICOHRIOIIRRRROCRHCIICRROHO/OOCIOHRCCCRHHIIIIOOCIIHHHRIORO/ICRHORIIHOHROHOHOCOOHOOCOORRHO	com/moonsworth/lunar/client/framework/feature/rewind/nameplate
com/moonsworth/lunar/client/CCROIHHHCOCHHOHORCIRHOCRROIOCI/RCIOICOHRIOIIRRRROCRHCIICRROHO/OOCIOHRCCCRHHIIIIOOCIIHHHRIORO/ICRHORIIHOHROHOHOCOOHOOCOORRHO/HORHROIOIOICIRHIOCOICHHHIHCIIO	com/moonsworth/lunar/client/framework/feature/rewind/nameplate/mixin
com/moonsworth/lunar/client/CCROIHHHCOCHHOHORCIRHOCRROIOCI/RCIOICOHRIOIIRRRROCRHCIICRROHO/OOCIOHRCCCRHHIIIIOOCIIHHHRIORO/ICRHORIIHOHROHOHOCOOHOOCOORRHO/HORHROIOIOICIRHIOCOICHHHIHCIIO/CCROIHHHCOCHHOHORCIRHOCRROIOCI	com/moonsworth/lunar/client/framework/feature/rewind/nameplate/mixin/colorsaturation
com/moonsworth/lunar/client/CCROIHHHCOCHHOHORCIRHOCRROIOCI/RCIOICOHRIOIIRRRROCRHCIICRROHO/OOCIOHRCCCRHHIIIIOOCIIHHHRIORO/ICRHORIIHOHROHOHOCOOHOOCOORRHO/HORHROIOIOICIRHIOCOICHHHIHCIIO/HHRROIIHRRICIIHIIHICRHHRHOHHOO	com/moonsworth/lunar/client/framework/feature/rewind/nameplate/mixin/mixin
com/moonsworth/lunar/client/CCROIHHHCOCHHOHORCIRHOCRROIOCI/RCIOICOHRIOIIRRRROCRHCIICRROHO/OOCIOHRCCCRHHIIIIOOCIIHHHRIORO/ICRHORIIHOHROHOHOCOOHOOCOORRHO/HORHROIOIOICIRHIOCOICHHHIHCIIO/HORHROIOIOICIRHIOCOICHHHIHCIIO	com/moonsworth/lunar/client/framework/feature/rewind/nameplate/mixin/mixin2
com/moonsworth/lunar/client/CCROIHHHCOCHHOHORCIRHOCRROIOCI/RCIOICOHRIOIIRRRROCRHCIICRROHO/OOCIOHRCCCRHHIIIIOOCIIHHHRIORO/ICRHORIIHOHROHOHOCOOHOOCOORRHO/HORHROIOIOICIRHIOCOICHHHIHCIIO/HRICOROOOCCOCOROCRHHCRRIRCOICO	com/moonsworth/lunar/client/framework/feature/rewind/nameplate/mixin/mixin3
com/moonsworth/lunar/client/CCROIHHHCOCHHOHORCIRHOCRROIOCI/RCIOICOHRIOIIRRRROCRHCIICRROHO/OOCIOHRCCCRHHIIIIOOCIIHHHRIORO/ICRHORIIHOHROHOHOCOOHOOCOORRHO/HORHROIOIOICIRHIOCOICHHHIHCIIO/HROHOIOCHIRIHICOORIHOHCIOIRIIH	com/moonsworth/lunar/client/framework/feature/rewind/nameplate/mixin/fishing
com/moonsworth/lunar/client/CCROIHHHCOCHHOHORCIRHOCRROIOCI/RCIOICOHRIOIIRRRROCRHCIICRROHO/OOCIOHRCCCRHHIIIIOOCIIHHHRIORO/ICRHORIIHOHROHOHOCOOHOOCOORRHO/HORHROIOIOICIRHIOCOICHHHIHCIIO/ICRHORIIHOHROHOHOCOOHOOCOORRHO	com/moonsworth/lunar/client/framework/feature/rewind/nameplate/mixin/nameplate
com/moonsworth/lunar/client/CCROIHHHCOCHHOHORCIRHOCRROIOCI/RCIOICOHRIOIIRRRROCRHCIICRROHO/OOCIOHRCCCRHHIIIIOOCIIHHHRIORO/ICRHORIIHOHROHOHOCOOHOOCOORRHO/HORHROIOIOICIRHIOCOICHHHIHCIIO/OHROCHICOIOICHOCRROORRCIIICIHO	com/moonsworth/lunar/client/framework/feature/rewind/nameplate/mixin/holograms
com/moonsworth/lunar/client/CCROIHHHCOCHHOHORCIRHOCRROIOCI/RCIOICOHRIOIIRRRROCRHCIICRROHO/OOCIOHRCCCRHHIIIIOOCIIHHHRIORO/ICRHORIIHOHROHOHOCOOHOOCOORRHO/HORHROIOIOICIRHIOCOICHHHIHCIIO/ORCHOHHCOHCORRICRIHCHHRORHHCHH	com/moonsworth/lunar/client/framework/feature/rewind/nameplate/mixin/highlight
com/moonsworth/lunar/client/CCROIHHHCOCHHOHORCIRHOCRROIOCI/RCIOICOHRIOIIRRRROCRHCIICRROHO/OOCIOHRCCCRHHIIIIOOCIIHHHRIORO/ICRHORIIHOHROHOHOCOOHOOCOORRHO/HORHROIOIOICIRHIOCOICHHHIHCIIO/ORICHRORRORHORHOIHCRHOORCRRHOI	com/moonsworth/lunar/client/framework/feature/rewind/nameplate/mixin/gui
com/moonsworth/lunar/client/CCROIHHHCOCHHOHORCIRHOCRROIOCI/RCIOICOHRIOIIRRRROCRHCIICRROHO/OOCIOHRCCCRHHIIIIOOCIIHHHRIORO/ICRHORIIHOHROHOHOCOOHOOCOORRHO/HORHROIOIOICIRHIOCOICHHHIHCIIO/RCIOICOHRIOIIRRRROCRHCIICRROHO	com/moonsworth/lunar/client/framework/feature/rewind/nameplate/mixin/rewindhandlers
com/moonsworth/lunar/client/CCROIHHHCOCHHOHORCIRHOCRROIOCI/RCIOICOHRIOIIRRRROCRHCIICRROHO/OOCIOHRCCCRHHIIIIOOCIIHHHRIORO/OHROCHICOIOICHOCRROORRCIIICIHO	com/moonsworth/lunar/client/framework/feature/rewind/rewindhandlers2
com/moonsworth/lunar/client/CCROIHHHCOCHHOHORCIRHOCRROIOCI/RCIOICOHRIOIIRRRROCRHCIICRROHO/OOCIOHRCCCRHHIIIIOOCIIHHHRIORO/OHROCHICOIOICHOCRROORRCIIICIHO/HHRROIIHRRICIIHIIHICRHHRHOHHOO	com/moonsworth/lunar/client/framework/feature/rewind/rewindhandlers2/mixin
com/moonsworth/lunar/client/CCROIHHHCOCHHOHORCIRHOCRROIOCI/RCIOICOHRIOIIRRRROCRHCIICRROHO/OOCIOHRCCCRHHIIIIOOCIIHHHRIORO/OHROCHICOIOICHOCRROORRCIIICIHO/HORHROIOIOICIRHIOCOICHHHIHCIIO	com/moonsworth/lunar/client/framework/feature/rewind/rewindhandlers2/mixin2
com/moonsworth/lunar/client/CCROIHHHCOCHHOHORCIRHOCRROIOCI/RCIOICOHRIOIIRRRROCRHCIICRROHO/OOCIOHRCCCRHHIIIIOOCIIHHHRIORO/OHROCHICOIOICHOCRROORRCIIICIHO/HRICOROOOCCOCOROCRHHCRRIRCOICO	com/moonsworth/lunar/client/framework/feature/rewind/rewindhandlers2/mixin3
com/moonsworth/lunar/client/CCROIHHHCOCHHOHORCIRHOCRROIOCI/RCIOICOHRIOIIRRRROCRHCIICRROHO/OOCIOHRCCCRHHIIIIOOCIIHHHRIORO/OHROCHICOIOICHOCRROORRCIIICIHO/HRICOROOOCCOCOROCRHHCRRIRCOICO/HORHROIOIOICIRHIOCOICHHHIHCIIO	com/moonsworth/lunar/client/framework/feature/rewind/rewindhandlers2/mixin3/mixin
com/moonsworth/lunar/client/CCROIHHHCOCHHOHORCIRHOCRROIOCI/RCIOICOHRIOIIRRRROCRHCIICRROHO/OOCIOHRCCCRHHIIIIOOCIIHHHRIORO/OHROCHICOIOICHOCRROORRCIIICIHO/ICRHORIIHOHROHOHOCOOHOOCOORRHO	com/moonsworth/lunar/client/framework/feature/rewind/rewindhandlers2/nameplate
com/moonsworth/lunar/client/CCROIHHHCOCHHOHORCIRHOCRROIOCI/RCIOICOHRIOIIRRRROCRHCIICRROHO/OOCIOHRCCCRHHIIIIOOCIIHHHRIORO/ORCHOHHCOHCORRICRIHCHHRORHHCHH	com/moonsworth/lunar/client/framework/feature/rewind/rewindhandlers
com/moonsworth/lunar/client/CCROIHHHCOCHHOHORCIRHOCRROIOCI/RCIOICOHRIOIIRRRROCRHCIICRROHO/OOCIOHRCCCRHHIIIIOOCIIHHHRIORO/ORCHOHHCOHCORRICRIHCHHRORHHCHH/HHRROIIHRRICIIHIIHICRHHRHOHHOO	com/moonsworth/lunar/client/framework/feature/rewind/rewindhandlers/mixin
com/moonsworth/lunar/client/CCROIHHHCOCHHOHORCIRHOCRROIOCI/RCIOICOHRIOIIRRRROCRHCIICRROHO/OOCIOHRCCCRHHIIIIOOCIIHHHRIORO/ORCHOHHCOHCORRICRIHCHHRORHHCHH/HORHROIOIOICIRHIOCOICHHHIHCIIO	com/moonsworth/lunar/client/framework/feature/rewind/rewindhandlers/rewindhandlers
com/moonsworth/lunar/client/CCROIHHHCOCHHOHORCIRHOCRROIOCI/RCIOICOHRIOIIRRRROCRHCIICRROHO/OOCIOHRCCCRHHIIIIOOCIIHHHRIORO/ORCHOHHCOHCORRICRIHCHHRORHHCHH/HORHROIOIOICIRHIOCOICHHHIHCIIO/HORHROIOIOICIRHIOCOICHHHIHCIIO	com/moonsworth/lunar/client/framework/feature/rewind/rewindhandlers/rewindhandlers/mixin
com/moonsworth/lunar/client/CCROIHHHCOCHHOHORCIRHOCRROIOCI/RCIOICOHRIOIIRRRROCRHCIICRROHO/OOCIOHRCCCRHHIIIIOOCIIHHHRIORO/ORCHOHHCOHCORRICRIHCHHRORHHCHH/HRICOROOOCCOCOROCRHHCRRIRCOICO	com/moonsworth/lunar/client/framework/feature/rewind/rewindhandlers/mixin2
com/moonsworth/lunar/client/CCROIHHHCOCHHOHORCIRHOCRROIOCI/RCIOICOHRIOIIRRRROCRHCIICRROHO/OOCIOHRCCCRHHIIIIOOCIIHHHRIORO/ORCHOHHCOHCORRICRIHCHHRORHHCHH/ICRHORIIHOHROHOHOCOOHOOCOORRHO	com/moonsworth/lunar/client/framework/feature/rewind/rewindhandlers/nameplate
com/moonsworth/lunar/client/CCROIHHHCOCHHOHORCIRHOCRROIOCI/RCIOICOHRIOIIRRRROCRHCIICRROHO/OOCIOHRCCCRHHIIIIOOCIIHHHRIORO/ORCHOHHCOHCORRICRIHCHHRORHHCHH/OHROCHICOIOICHOCRROORRCIIICIHO	com/moonsworth/lunar/client/framework/feature/rewind/rewindhandlers/holograms
com/moonsworth/lunar/client/CCROIHHHCOCHHOHORCIRHOCRROIOCI/RCIOICOHRIOIIRRRROCRHCIICRROHO/OOCIOHRCCCRHHIIIIOOCIIHHHRIORO/ORCHOHHCOHCORRICRIHCHHRORHHCHH/RCIOICOHRIOIIRRRROCRHCIICRROHO	com/moonsworth/lunar/client/framework/feature/rewind/rewindhandlers/rewindhandlers2
com/moonsworth/lunar/client/CCROIHHHCOCHHOHORCIRHOCRROIOCI/RCIOICOHRIOIIRRRROCRHCIICRROHO/OOCIOHRCCCRHHIIIIOOCIIHHHRIORO/ORCHOHHCOHCORRICRIHCHHRORHHCHH/RCIOICOHRIOIIRRRROCRHCIICRROHO/HORHROIOIOICIRHIOCOICHHHIHCIIO	com/moonsworth/lunar/client/framework/feature/rewind/rewindhandlers/rewindhandlers2/mixin
com/moonsworth/lunar/client/CCROIHHHCOCHHOHORCIRHOCRROIOCI/RCIOICOHRIOIIRRRROCRHCIICRROHO/OOCIOHRCCCRHHIIIIOOCIIHHHRIORO/ORICHRORRORHORHOIHCRHOORCRRHOI	com/moonsworth/lunar/client/framework/feature/rewind/gui
com/moonsworth/lunar/client/CCROIHHHCOCHHOHORCIRHOCRROIOCI/RCIOICOHRIOIIRRRROCRHCIICRROHO/OOCIOHRCCCRHHIIIIOOCIIHHHRIORO/RCIOICOHRIOIIRRRROCRHCIICRROHO	com/moonsworth/lunar/client/framework/feature/rewind/rewindhandlers3
com/moonsworth/lunar/client/CCROIHHHCOCHHOHORCIRHOCRROIOCI/RCIOICOHRIOIIRRRROCRHCIICRROHO/OOCIOHRCCCRHHIIIIOOCIIHHHRIORO/RCIOICOHRIOIIRRRROCRHCIICRROHO/HHRROIIHRRICIIHIIHICRHHRHOHHOO	com/moonsworth/lunar/client/framework/feature/rewind/rewindhandlers3/mixin
com/moonsworth/lunar/client/CCROIHHHCOCHHOHORCIRHOCRROIOCI/RCIOICOHRIOIIRRRROCRHCIICRROHO/OOCIOHRCCCRHHIIIIOOCIIHHHRIORO/RCIOICOHRIOIIRRRROCRHCIICRROHO/HORHROIOIOICIRHIOCOICHHHIHCIIO	com/moonsworth/lunar/client/framework/feature/rewind/rewindhandlers3/mixin2
com/moonsworth/lunar/client/CCROIHHHCOCHHOHORCIRHOCRROIOCI/RCIOICOHRIOIIRRRROCRHCIICRROHO/OOCIOHRCCCRHHIIIIOOCIIHHHRIORO/RCIOICOHRIOIIRRRROCRHCIICRROHO/HORHROIOIOICIRHIOCOICHHHIHCIIO/HORHROIOIOICIRHIOCOICHHHIHCIIO	com/moonsworth/lunar/client/framework/feature/rewind/rewindhandlers3/mixin2/mixin
com/moonsworth/lunar/client/CCROIHHHCOCHHOHORCIRHOCRROIOCI/RCIOICOHRIOIIRRRROCRHCIICRROHO/OOCIOHRCCCRHHIIIIOOCIIHHHRIORO/RCIOICOHRIOIIRRRROCRHCIICRROHO/HRICOROOOCCOCOROCRHHCRRIRCOICO	com/moonsworth/lunar/client/framework/feature/rewind/rewindhandlers3/mixin3
com/moonsworth/lunar/client/CCROIHHHCOCHHOHORCIRHOCRROIOCI/RCIOICOHRIOIIRRRROCRHCIICRROHO/OOCIOHRCCCRHHIIIIOOCIIHHHRIORO/RCIOICOHRIOIIRRRROCRHCIICRROHO/ICRHORIIHOHROHOHOCOOHOOCOORRHO	com/moonsworth/lunar/client/framework/feature/rewind/rewindhandlers3/nameplate
com/moonsworth/lunar/client/CCROIHHHCOCHHOHORCIRHOCRROIOCI/RCIOICOHRIOIIRRRROCRHCIICRROHO/OOIIRCOCCICIRCRHHOHCIRIRHRROHO	com/moonsworth/lunar/client/framework/feature/teamview
com/moonsworth/lunar/client/CCROIHHHCOCHHOHORCIRHOCRROIOCI/RCIOICOHRIOIIRRRROCRHCIICRROHO/OOOHICCHHHRHCORIRCRHOCROROIOCR	com/moonsworth/lunar/client/framework/feature/momentum
com/moonsworth/lunar/client/CCROIHHHCOCHHOHORCIRHOCRROIOCI/RCIOICOHRIOIIRRRROCRHCIICRROHO/OOOHIHRHRHIIICICCCRRICOOICOIRR	com/moonsworth/lunar/client/framework/feature/worldeditcui
com/moonsworth/lunar/client/CCROIHHHCOCHHOHORCIRHOCRROIOCI/RCIOICOHRIOIIRRRROCRHCIICRROHO/OOOHIHRHRHIIICICCCRRICOOICOIRR/HHRROIIHRRICIIHIIHICRHHRHOHHOO	com/moonsworth/lunar/client/framework/feature/worldeditcui/mixin
com/moonsworth/lunar/client/CCROIHHHCOCHHOHORCIRHOCRROIOCI/RCIOICOHRIOIIRRRROCRHCIICRROHO/OOOHIHRHRHIIICICCCRRICOOICOIRR/HORHROIOIOICIRHIOCOICHHHIHCIIO	com/moonsworth/lunar/client/framework/feature/worldeditcui/mixin2
com/moonsworth/lunar/client/CCROIHHHCOCHHOHORCIRHOCRROIOCI/RCIOICOHRIOIIRRRROCRHCIICRROHO/OORHIHOOORHHIRORRICRRORCHRRIIC	com/moonsworth/lunar/client/framework/feature/glintcolorizer
com/moonsworth/lunar/client/CCROIHHHCOCHHOHORCIRHOCRROIOCI/RCIOICOHRIOIIRRRROCRHCIICRROHO/ORCCOORHRRCOHOHRRHIHRRIOCOHCIC	com/moonsworth/lunar/client/framework/feature/menublur
com/moonsworth/lunar/client/CCROIHHHCOCHHOHORCIRHOCRROIOCI/RCIOICOHRIOIIRRRROCRHCIICRROHO/ORCHOHHCOHCORRICRIHCHHRORHHCHH	com/moonsworth/lunar/client/framework/feature/chat
com/moonsworth/lunar/client/CCROIHHHCOCHHOHORCIRHOCRROIOCI/RCIOICOHRIOIIRRRROCRHCIICRROHO/ORHCCCIHICRHROHROHHCIIOCCICHRC	com/moonsworth/lunar/client/framework/feature/weatherchanger
com/moonsworth/lunar/client/CCROIHHHCOCHHOHORCIRHOCRROIOCI/RCIOICOHRIOIIRRRROCRHCIICRROHO/ORICCCROCROHCRRIRHICRHCRRCOOHI	com/moonsworth/lunar/client/framework/feature/tntcountdown
com/moonsworth/lunar/client/CCROIHHHCOCHHOHORCIRHOCRROIOCI/RCIOICOHRIOIIRRRROCRHCIICRROHO/ORICHRORRORHORHOIHCRHOORCRRHOI	com/moonsworth/lunar/client/framework/feature/chunkborders
com/moonsworth/lunar/client/CCROIHHHCOCHHOHORCIRHOCRROIOCI/RCIOICOHRIOIIRRRROCRHCIICRROHO/OROIRHCRHRCHIOCOCRHHIOIHCIICCH	com/moonsworth/lunar/client/framework/feature/reachdisplay
com/moonsworth/lunar/client/CCROIHHHCOCHHOHORCIRHOCRROIOCI/RCIOICOHRIOIIRRRROCRHCIICRROHO/OROOHCRHOIRRHIIRRRRRIICHRICHHI	com/moonsworth/lunar/client/framework/feature/serveraddress
com/moonsworth/lunar/client/CCROIHHHCOCHHOHORCIRHOCRROIOCI/RCIOICOHRIOIIRRRROCRHCIICRROHO/RCCHCRRHRORRCCHHOHCHHCCOHHROHI	com/moonsworth/lunar/client/framework/feature/staffxray
com/moonsworth/lunar/client/CCROIHHHCOCHHOHORCIRHOCRROIOCI/RCIOICOHRIOIIRRRROCRHCIICRROHO/RCCHCRRHRORRCCHHOHCHHCCOHHROHI/HORHROIOIOICIRHIOCOICHHHIHCIIO	com/moonsworth/lunar/client/framework/feature/staffxray/staffxray
com/moonsworth/lunar/client/CCROIHHHCOCHHOHORCIRHOCRROIOCI/RCIOICOHRIOIIRRRROCRHCIICRROHO/RCIOICOHRIOIIRRRROCRHCIICRROHO	com/moonsworth/lunar/client/framework/feature/blockoutline
com/moonsworth/lunar/client/CCROIHHHCOCHHOHORCIRHOCRROIOCI/RCIOICOHRIOIIRRRROCRHCIICRROHO/RCOHRRRHRIOORHCRORIIHCCORRCRRC	com/moonsworth/lunar/client/framework/feature/animations
com/moonsworth/lunar/client/CCROIHHHCOCHHOHORCIRHOCRROIOCI/RCIOICOHRIOIIRRRROCRHCIICRROHO/RCOHRRRHRIOORHCRORIIHCCORRCRRC/HORHROIOIOICIRHIOCOICHHHIHCIIO	com/moonsworth/lunar/client/framework/feature/animations/customhelditems
com/moonsworth/lunar/client/CCROIHHHCOCHHOHORCIRHOCRROIOCI/RCIOICOHRIOIIRRRROCRHCIICRROHO/RCRHIIIOHIRHRCORCCCIRRRICHIHRC	com/moonsworth/lunar/client/framework/feature/waypoints
com/moonsworth/lunar/client/CCROIHHHCOCHHOHORCIRHOCRROIOCI/RCIOICOHRIOIIRRRROCRHCIICRROHO/RCRHIIIOHIRHRCORCCCIRRRICHIHRC/HORHROIOIOICIRHIOCOICHHHIHCIIO	com/moonsworth/lunar/client/framework/feature/waypoints/mixin
com/moonsworth/lunar/client/CCROIHHHCOCHHOHORCIRHOCRROIOCI/RCIOICOHRIOIIRRRROCRHCIICRROHO/RCRHIIIOHIRHRCORCCCIRRRICHIHRC/HORHROIOIOICIRHIOCOICHHHIHCIIO/HHRROIIHRRICIIHIIHICRHHRHOHHOO	com/moonsworth/lunar/client/framework/feature/waypoints/mixin/mixin
com/moonsworth/lunar/client/CCROIHHHCOCHHOHORCIRHOCRROIOCI/RCIOICOHRIOIIRRRROCRHCIICRROHO/RCRHIIIOHIRHRCORCCCIRRRICHIHRC/HORHROIOIOICIRHIOCOICHHHIHCIIO/HORHROIOIOICIRHIOCOICHHHIHCIIO	com/moonsworth/lunar/client/framework/feature/waypoints/mixin/mixin2
com/moonsworth/lunar/client/CCROIHHHCOCHHOHORCIRHOCRROIOCI/RCIOICOHRIOIIRRRROCRHCIICRROHO/RCRHIIIOHIRHRCORCCCIRRRICHIHRC/HORHROIOIOICIRHIOCOICHHHIHCIIO/HRICOROOOCCOCOROCRHHCRRIRCOICO	com/moonsworth/lunar/client/framework/feature/waypoints/mixin/mixin3
com/moonsworth/lunar/client/CCROIHHHCOCHHOHORCIRHOCRROIOCI/RCIOICOHRIOIIRRRROCRHCIICRROHO/RCRHIIIOHIRHRCORCCCIRRRICHIHRC/HORHROIOIOICIRHIOCOICHHHIHCIIO/ICRHORIIHOHROHOHOCOOHOOCOORRHO	com/moonsworth/lunar/client/framework/feature/waypoints/mixin/nameplate
com/moonsworth/lunar/client/CCROIHHHCOCHHOHORCIRHOCRROIOCI/RCIOICOHRIOIIRRRROCRHCIICRROHO/RCRHIIIOHIRHRCORCCCIRRRICHIHRC/HORHROIOIOICIRHIOCOICHHHIHCIIO/OHROCHICOIOICHOCRROORRCIIICIHO	com/moonsworth/lunar/client/framework/feature/waypoints/mixin/holograms
com/moonsworth/lunar/client/CCROIHHHCOCHHOHORCIRHOCRROIOCI/RCIOICOHRIOIIRRRROCRHCIICRROHO/RCRHIIIOHIRHRCORCCCIRRRICHIHRC/HORHROIOIOICIRHIOCOICHHHIHCIIO/RCIOICOHRIOIIRRRROCRHCIICRROHO	com/moonsworth/lunar/client/framework/feature/waypoints/mixin/rewindhandlers
com/moonsworth/lunar/client/CCROIHHHCOCHHOHORCIRHOCRROIOCI/RCIOICOHRIOIIRRRROCRHCIICRROHO/RCRIRIRRCCCOOCCHOHOOHOCIHHCCHH	com/moonsworth/lunar/client/framework/feature/nickhider
com/moonsworth/lunar/client/CCROIHHHCOCHHOHORCIRHOCRROIOCI/RCIOICOHRIOIIRRRROCRHCIICRROHO/RHIRRICCRHHHIIHHIHHOHRCHIOORCC	com/moonsworth/lunar/client/framework/feature/cps
com/moonsworth/lunar/client/CCROIHHHCOCHHOHORCIRHOCRROIOCI/RCIOICOHRIOIIRRRROCRHCIICRROHO/RHOROICRIHRHCOCOORIHHIRORICRCR	com/moonsworth/lunar/client/framework/feature/screenshot
com/moonsworth/lunar/client/CCROIHHHCOCHHOHORCIRHOCRROIOCI/RCIOICOHRIOIIRRRROCRHCIICRROHO/RHRHIOOCICIORIOCIHHCIIRCRHHOII	com/moonsworth/lunar/client/framework/feature/autotexthotkey
com/moonsworth/lunar/client/CCROIHHHCOCHHOHORCIRHOCRROIOCI/RCIOICOHRIOIIRRRROCRHCIICRROHO/RICOCIIIHIRIRHCIICHCIIRCRIRIRO	com/moonsworth/lunar/client/framework/feature/ping
com/moonsworth/lunar/client/CCROIHHHCOCHHOHORCIRHOCRROIOCI/RCIOICOHRIOIIRRRROCRHCIICRROHO/RIHHRCCHRCRRIOOOIHICHCCHIRRCCC	com/moonsworth/lunar/client/framework/feature/minimap
com/moonsworth/lunar/client/CCROIHHHCOCHHOHORCIRHOCRROIOCI/RCIOICOHRIOIIRRRROCRHCIICRROHO/RIHHRCCHRCRRIOOOIHICHCCHIRRCCC/HHRROIIHRRICIIHIIHICRHHRHOHHOO	com/moonsworth/lunar/client/framework/feature/minimap/mixin
com/moonsworth/lunar/client/CCROIHHHCOCHHOHORCIRHOCRROIOCI/RCIOICOHRIOIIRRRROCRHCIICRROHO/RIHHRCCHRCRRIOOOIHICHCCHIRRCCC/HORHROIOIOICIRHIOCOICHHHIHCIIO	com/moonsworth/lunar/client/framework/feature/minimap/mixin2
com/moonsworth/lunar/client/CCROIHHHCOCHHOHORCIRHOCRROIOCI/RCIOICOHRIOIIRRRROCRHCIICRROHO/RIHHRCCHRCRRIOOOIHICHCCHIRRCCC/HORHROIOIOICIRHIOCOICHHHIHCIIO/HHRROIIHRRICIIHIIHICRHHRHOHHOO	com/moonsworth/lunar/client/framework/feature/minimap/mixin2/mixin
com/moonsworth/lunar/client/CCROIHHHCOCHHOHORCIRHOCRROIOCI/RCIOICOHRIOIIRRRROCRHCIICRROHO/RIHHRCCHRCRRIOOOIHICHCCHIRRCCC/HORHROIOIOICIRHIOCOICHHHIHCIIO/HORHROIOIOICIRHIOCOICHHHIHCIIO	com/moonsworth/lunar/client/framework/feature/minimap/mixin2/mixin2
com/moonsworth/lunar/client/CCROIHHHCOCHHOHORCIRHOCRROIOCI/RCIOICOHRIOIIRRRROCRHCIICRROHO/RIIICIRHRCIHOOOORHOICRIICCCRHR	com/moonsworth/lunar/client/framework/feature/daycounter
com/moonsworth/lunar/client/CCROIHHHCOCHHOHORCIRHOCRROIOCI/RCIOICOHRIOIIRRRROCRHCIICRROHO/RIIIOHCCHRRRORICCHIIHHOORIIOIR	com/moonsworth/lunar/client/framework/feature/directionhud
com/moonsworth/lunar/client/CCROIHHHCOCHHOHORCIRHOCRROIOCI/RCIOICOHRIOIIRRRROCRHCIICRROHO/RIIRRICRORIOOIOHIHOHRHROHOIRCH	com/moonsworth/lunar/client/framework/feature/nametag
com/moonsworth/lunar/client/CCROIHHHCOCHHOHORCIRHOCRROIOCI/RCIOICOHRIOIIRRRROCRHCIICRROHO/RIOOCHHOCHRIIROCRHOOIRHCOCOOCI	com/moonsworth/lunar/client/framework/feature/pkg46
com/moonsworth/lunar/client/CCROIHHHCOCHHOHORCIRHOCRROIOCI/RCIOICOHRIOIIRRRROCRHCIICRROHO/RIOOHRCHIRCIICRIRCOCHIRHHCOIRO	com/moonsworth/lunar/client/framework/feature/keystrokes
com/moonsworth/lunar/client/CCROIHHHCOCHHOHORCIRHOCRROIOCI/RCIOICOHRIOIIRRRROCRHCIICRROHO/RIOOHRCHIRCIICRIRCOCHIRHHCOIRO/HHRROIIHRRICIIHIIHICRHHRHOHHOO	com/moonsworth/lunar/client/framework/feature/keystrokes/mixin
com/moonsworth/lunar/client/CCROIHHHCOCHHOHORCIRHOCRROIOCI/RCIOICOHRIOIIRRRROCRHCIICRROHO/RIOOHRCHIRCIICRIRCOCHIRHHCOIRO/HORHROIOIOICIRHIOCOICHHHIHCIIO	com/moonsworth/lunar/client/framework/feature/keystrokes/mixin2
com/moonsworth/lunar/client/CCROIHHHCOCHHOHORCIRHOCRROIOCI/RCIOICOHRIOIIRRRROCRHCIICRROHO/RIOOHRCHIRCIICRIRCOCHIRHHCOIRO/HORHROIOIOICIRHIOCOICHHHIHCIIO/HHRROIIHRRICIIHIIHICRHHRHOHHOO	com/moonsworth/lunar/client/framework/feature/keystrokes/mixin2/mixin
com/moonsworth/lunar/client/CCROIHHHCOCHHOHORCIRHOCRROIOCI/RCIOICOHRIOIIRRRROCRHCIICRROHO/RIOOHRCHIRCIICRIRCOCHIRHHCOIRO/HORHROIOIOICIRHIOCOICHHHIHCIIO/HORHROIOIOICIRHIOCOICHHHIHCIIO	com/moonsworth/lunar/client/framework/feature/keystrokes/mixin2/mixin2
com/moonsworth/lunar/client/CCROIHHHCOCHHOHORCIRHOCRROIOCI/RCIOICOHRIOIIRRRROCRHCIICRROHO/ROIRRICOOCCCOIIIRHHRCCIOOCCRHR	com/moonsworth/lunar/client/framework/feature/scoreboard
com/moonsworth/lunar/client/CCROIHHHCOCHHOHORCIRHOCRROIOCI/RCIOICOHRIOIIRRRROCRHCIICRROHO/ROOHOCCOCROCIHHOHOOORHHOHIROCR	com/moonsworth/lunar/client/framework/feature/gui2
com/moonsworth/lunar/client/CCROIHHHCOCHHOHORCIRHOCRROIOCI/RCIOICOHRIOIIRRRROCRHCIICRROHO/RRCIOHHRCRCCOCCIOROHORCRROHCOC	com/moonsworth/lunar/client/framework/feature/killsounds
com/moonsworth/lunar/client/CCROIHHHCOCHHOHORCIRHOCRROIOCI/RCIOICOHRIOIIRRRROCRHCIICRROHO/RRCIOHHRCRCCOCCIOROHORCRROHCOC/HORHROIOIOICIRHIOCOICHHHIHCIIO	com/moonsworth/lunar/client/framework/feature/killsounds/mixin
com/moonsworth/lunar/client/CCROIHHHCOCHHOHORCIRHOCRROIOCI/RCIOICOHRIOIIRRRROCRHCIICRROHO/RRCIOHHRCRCCOCCIOROHORCRROHCOC/HORHROIOIOICIRHIOCOICHHHIHCIIO/HORHROIOIOICIRHIOCOICHHHIHCIIO	com/moonsworth/lunar/client/framework/feature/killsounds/mixin/mixin
com/moonsworth/lunar/client/CCROIHHHCOCHHOHORCIRHOCRROIOCI/RCIOICOHRIOIIRRRROCRHCIICRROHO/RRICHCOCIOOCICHRCRCOCOCIIOOIRO	com/moonsworth/lunar/client/framework/feature/tab
com/moonsworth/lunar/client/CCROIHHHCOCHHOHORCIRHOCRROIOCI/RCIOICOHRIOIIRRRROCRHCIICRROHO/RRIHRICRHHHHHIIOOCOCICOIHCIIRC	com/moonsworth/lunar/client/framework/feature/heightlimit
com/moonsworth/lunar/client/CCROIHHHCOCHHOHORCIRHOCRROIOCI/RCIOICOHRIOIIRRRROCRHCIICRROHO/RRRHCCROHRCCIRHORHOOOCCRRCHRCC	com/moonsworth/lunar/client/framework/feature/radio
com/moonsworth/lunar/client/CHIRIORIIRHHHHCIIHOHCHIIORCOHH	com/moonsworth/lunar/client/memory
com/moonsworth/lunar/client/CORRCOHCRHOHHOIHOIOICORROHOOOO	com/moonsworth/lunar/client/freelook
com/moonsworth/lunar/client/HCCIHCROHHCOOHCHCHHHICIOROHICC	com/moonsworth/lunar/client/lighting
com/moonsworth/lunar/client/HCCIHCROHHCOOHCHCHHHICIOROHICC/HHRROIIHRRICIIHIIHICRHHRHOHHOO	com/moonsworth/lunar/client/lighting/mixin
com/moonsworth/lunar/client/HCCIHCROHHCOOHCHCHHHICIOROHICC/HORHROIOIOICIRHIOCOICHHHIHCIIO	com/moonsworth/lunar/client/lighting/mixin2
com/moonsworth/lunar/client/HCCIHCROHHCOOHCHCHHHICIOROHICC/HORHROIOIOICIRHIOCOICHHHIHCIIO/HORHROIOIOICIRHIOCOICHHHIHCIIO	com/moonsworth/lunar/client/lighting/mixin2/mixin
com/moonsworth/lunar/client/HCCIHCROHHCOOHCHCHHHICIOROHICC/HRICOROOOCCOCOROCRHHCRRIRCOICO	com/moonsworth/lunar/client/lighting/mixin3
com/moonsworth/lunar/client/HCCIHCROHHCOOHCHCHHHICIOROHICC/HRICOROOOCCOCOROCRHHCRRIRCOICO/HHRROIIHRRICIIHIIHICRHHRHOHHOO	com/moonsworth/lunar/client/lighting/mixin3/mixin
com/moonsworth/lunar/client/HCCIHCROHHCOOHCHCHHHICIOROHICC/HRICOROOOCCOCOROCRHHCRRIRCOICO/HORHROIOIOICIRHIOCOICHHHIHCIIO	com/moonsworth/lunar/client/lighting/mixin3/mixin2
com/moonsworth/lunar/client/HCCIHCROHHCOOHCHCHHHICIOROHICC/HRICOROOOCCOCOROCRHHCRRIRCOICO/HRICOROOOCCOCOROCRHHCRRIRCOICO	com/moonsworth/lunar/client/lighting/mixin3/mixin3
com/moonsworth/lunar/client/HCCIHCROHHCOOHCHCHHHICIOROHICC/HRICOROOOCCOCOROCRHHCRRIRCOICO/ICRHORIIHOHROHOHOCOOHOOCOORRHO	com/moonsworth/lunar/client/lighting/mixin3/nameplate
com/moonsworth/lunar/client/HCCIHCROHHCOOHCHCHHHICIOROHICC/ICRHORIIHOHROHOHOCOOHOOCOORRHO	com/moonsworth/lunar/client/lighting/nameplate
com/moonsworth/lunar/client/HCCIHCROHHCOOHCHCHHHICIOROHICC/ICRHORIIHOHROHOHOCOOHOOCOORRHO/HORHROIOIOICIRHIOCOICHHHIHCIIO	com/moonsworth/lunar/client/lighting/nameplate/mixin
com/moonsworth/lunar/client/HCCIHCROHHCOOHCHCHHHICIOROHICC/RCIOICOHRIOIIRRRROCRHCIICRROHO	com/moonsworth/lunar/client/lighting/rewindhandlers
com/moonsworth/lunar/client/HCHHRHHCRIIORRRICOOCCOCHIRRRRR	com/moonsworth/lunar/client/fov
com/moonsworth/lunar/client/HCHHRHHCRIIORRRICOOCCOCHIRRRRR/HHRROIIHRRICIIHIIHICRHHRHOHHOO	com/moonsworth/lunar/client/fov/mixin
com/moonsworth/lunar/client/HCHHRHHCRIIORRRICOOCCOCHIRRRRR/HHRROIIHRRICIIHIIHICRHHRHOHHOO/HHRROIIHRRICIIHIIHICRHHRHOHHOO	com/moonsworth/lunar/client/fov/mixin/mixin
com/moonsworth/lunar/client/HCHHRHHCRIIORRRICOOCCOCHIRRRRR/HHRROIIHRRICIIHIIHICRHHRHOHHOO/HORHROIOIOICIRHIOCOICHHHIHCIIO	com/moonsworth/lunar/client/fov/mixin/mixin2
com/moonsworth/lunar/client/HCHHRHHCRIIORRRICOOCCOCHIRRRRR/HHRROIIHRRICIIHIIHICRHHRHOHHOO/HORHROIOIOICIRHIOCOICHHHIHCIIO/HORHROIOIOICIRHIOCOICHHHIHCIIO	com/moonsworth/lunar/client/fov/mixin/mixin2/mixin
com/moonsworth/lunar/client/HCHHRHHCRIIORRRICOOCCOCHIRRRRR/HHRROIIHRRICIIHIIHICRHHRHOHHOO/HORHROIOIOICIRHIOCOICHHHIHCIIO/HORHROIOIOICIRHIOCOICHHHIHCIIO/HORHROIOIOICIRHIOCOICHHHIHCIIO	com/moonsworth/lunar/client/fov/mixin/mixin2/mixin/mixin
com/moonsworth/lunar/client/HCHHRHHCRIIORRRICOOCCOCHIRRRRR/HHRROIIHRRICIIHIIHICRHHRHOHHOO/HRICOROOOCCOCOROCRHHCRRIRCOICO	com/moonsworth/lunar/client/fov/mixin/mixin3
com/moonsworth/lunar/client/HCHHRHHCRIIORRRICOOCCOCHIRRRRR/HHRROIIHRRICIIHIIHICRHHRHOHHOO/HRICOROOOCCOCOROCRHHCRRIRCOICO/HHRROIIHRRICIIHIIHICRHHRHOHHOO	com/moonsworth/lunar/client/fov/mixin/mixin3/mixin
com/moonsworth/lunar/client/HCHHRHHCRIIORRRICOOCCOCHIRRRRR/HHRROIIHRRICIIHIIHICRHHRHOHHOO/HRICOROOOCCOCOROCRHHCRRIRCOICO/HORHROIOIOICIRHIOCOICHHHIHCIIO	com/moonsworth/lunar/client/fov/mixin/mixin3/mixin2
com/moonsworth/lunar/client/HCHHRHHCRIIORRRICOOCCOCHIRRRRR/HHRROIIHRRICIIHIIHICRHHRHOHHOO/ICRHORIIHOHROHOHOCOOHOOCOORRHO	com/moonsworth/lunar/client/fov/mixin/nameplate
com/moonsworth/lunar/client/HCHHRHHCRIIORRRICOOCCOCHIRRRRR/HHRROIIHRRICIIHIIHICRHHRHOHHOO/OHROCHICOIOICHOCRROORRCIIICIHO	com/moonsworth/lunar/client/fov/mixin/holograms
com/moonsworth/lunar/client/HCHHRHHCRIIORRRICOOCCOCHIRRRRR/HHRROIIHRRICIIHIIHICRHHRHOHHOO/RCIOICOHRIOIIRRRROCRHCIICRROHO	com/moonsworth/lunar/client/fov/mixin/rewindhandlers
com/moonsworth/lunar/client/HCHHRHHCRIIORRRICOOCCOCHIRRRRR/HHRROIIHRRICIIHIIHICRHHRHOHHOO/RCIOICOHRIOIIRRRROCRHCIICRROHO/HORHROIOIOICIRHIOCOICHHHIHCIIO	com/moonsworth/lunar/client/fov/mixin/rewindhandlers/mixin
com/moonsworth/lunar/client/HCHHRHHCRIIORRRICOOCCOCHIRRRRR/HORHROIOIOICIRHIOCOICHHHIHCIIO	com/moonsworth/lunar/client/fov/mixin2
com/moonsworth/lunar/client/HCHHRHHCRIIORRRICOOCCOCHIRRRRR/HRICOROOOCCOCOROCRHHCRRIRCOICO	com/moonsworth/lunar/client/fov/mixin3
com/moonsworth/lunar/client/HCHHRHHCRIIORRRICOOCCOCHIRRRRR/ICRHORIIHOHROHOHOCOOHOOCOORRHO	com/moonsworth/lunar/client/fov/nameplate
com/moonsworth/lunar/client/HHRROIIHRRICIIHIIHICRHHRHOHHOO	com/moonsworth/lunar/client/mixin
com/moonsworth/lunar/client/HICCRORORCRIHCORCCIORIOROORIHR	com/moonsworth/lunar/client/fog
com/moonsworth/lunar/client/HICCRORORCRIHCORCCIORIOROORIHR/CCROIHHHCOCHHOHORCIRHOCRROIOCI	com/moonsworth/lunar/client/fog/colorsaturation
com/moonsworth/lunar/client/HICCRORORCRIHCORCCIORIOROORIHR/HHRROIIHRRICIIHIIHICRHHRHOHHOO	com/moonsworth/lunar/client/fog/mixin
com/moonsworth/lunar/client/HICCRORORCRIHCORCCIORIOROORIHR/HORHROIOIOICIRHIOCOICHHHIHCIIO	com/moonsworth/lunar/client/fog/mixin2
com/moonsworth/lunar/client/HICCRORORCRIHCORCCIORIOROORIHR/HRICOROOOCCOCOROCRHHCRRIRCOICO	com/moonsworth/lunar/client/fog/mixin3
com/moonsworth/lunar/client/HICCRORORCRIHCORCCIORIOROORIHR/HROHOIOCHIRIHICOORIHOHCIOIRIIH	com/moonsworth/lunar/client/fog/fishing
com/moonsworth/lunar/client/HICCRORORCRIHCORCCIORIOROORIHR/ICRHORIIHOHROHOHOCOOHOOCOORRHO	com/moonsworth/lunar/client/fog/nameplate
com/moonsworth/lunar/client/HICCRORORCRIHCORCCIORIOROORIHR/OHOOORICRHIIIIRHCICICOCHROICRC	com/moonsworth/lunar/client/fog/chest
com/moonsworth/lunar/client/HICCRORORCRIHCORCCIORIOROORIHR/OHROCHICOIOICHOCRROORRCIIICIHO	com/moonsworth/lunar/client/fog/holograms
com/moonsworth/lunar/client/HICCRORORCRIHCORCCIORIOROORIHR/OHROCHICOIOICHOCRROORRCIIICIHO/CCROIHHHCOCHHOHORCIRHOCRROIOCI	com/moonsworth/lunar/client/fog/holograms/colorsaturation
com/moonsworth/lunar/client/HICCRORORCRIHCORCCIORIOROORIHR/OHROCHICOIOICHOCRROORRCIIICIHO/CCROIHHHCOCHHOHORCIRHOCRROIOCI/HHRROIIHRRICIIHIIHICRHHRHOHHOO	com/moonsworth/lunar/client/fog/holograms/colorsaturation/mixin
com/moonsworth/lunar/client/HICCRORORCRIHCORCCIORIOROORIHR/OHROCHICOIOICHOCRROORRCIIICIHO/CCROIHHHCOCHHOHORCIRHOCRROIOCI/HORHROIOIOICIRHIOCOICHHHIHCIIO	com/moonsworth/lunar/client/fog/holograms/colorsaturation/mixin2
com/moonsworth/lunar/client/HICCRORORCRIHCORCCIORIOROORIHR/OHROCHICOIOICHOCRROORRCIIICIHO/HHRROIIHRRICIIHIIHICRHHRHOHHOO	com/moonsworth/lunar/client/fog/holograms/mixin
com/moonsworth/lunar/client/HICCRORORCRIHCORCCIORIOROORIHR/OHROCHICOIOICHOCRROORRCIIICIHO/HHRROIIHRRICIIHIIHICRHHRHOHHOO/HHRROIIHRRICIIHIIHICRHHRHOHHOO	com/moonsworth/lunar/client/fog/holograms/mixin/mixin
com/moonsworth/lunar/client/HICCRORORCRIHCORCCIORIOROORIHR/OHROCHICOIOICHOCRROORRCIIICIHO/HHRROIIHRRICIIHIIHICRHHRHOHHOO/HHRROIIHRRICIIHIIHICRHHRHOHHOO/HHRROIIHRRICIIHIIHICRHHRHOHHOO	com/moonsworth/lunar/client/fog/holograms/mixin/mixin/mixin
com/moonsworth/lunar/client/HICCRORORCRIHCORCCIORIOROORIHR/OHROCHICOIOICHOCRROORRCIIICIHO/HHRROIIHRRICIIHIIHICRHHRHOHHOO/HHRROIIHRRICIIHIIHICRHHRHOHHOO/HHRROIIHRRICIIHIIHICRHHRHOHHOO/HHRROIIHRRICIIHIIHICRHHRHOHHOO	com/moonsworth/lunar/client/fog/holograms/mixin/mixin/mixin/mixin
com/moonsworth/lunar/client/HICCRORORCRIHCORCCIORIOROORIHR/OHROCHICOIOICHOCRROORRCIIICIHO/HHRROIIHRRICIIHIIHICRHHRHOHHOO/HHRROIIHRRICIIHIIHICRHHRHOHHOO/HHRROIIHRRICIIHIIHICRHHRHOHHOO/HORHROIOIOICIRHIOCOICHHHIHCIIO	com/moonsworth/lunar/client/fog/holograms/mixin/mixin/mixin/mixin2
com/moonsworth/lunar/client/HICCRORORCRIHCORCCIORIOROORIHR/OHROCHICOIOICHOCRROORRCIIICIHO/HHRROIIHRRICIIHIIHICRHHRHOHHOO/HHRROIIHRRICIIHIIHICRHHRHOHHOO/HHRROIIHRRICIIHIIHICRHHRHOHHOO/HRICOROOOCCOCOROCRHHCRRIRCOICO	com/moonsworth/lunar/client/fog/holograms/mixin/mixin/mixin/mixin3
com/moonsworth/lunar/client/HICCRORORCRIHCORCCIORIOROORIHR/OHROCHICOIOICHOCRROORRCIIICIHO/HHRROIIHRRICIIHIIHICRHHRHOHHOO/HHRROIIHRRICIIHIIHICRHHRHOHHOO/HORHROIOIOICIRHIOCOICHHHIHCIIO	com/moonsworth/lunar/client/fog/holograms/mixin/mixin/mixin2
com/moonsworth/lunar/client/HICCRORORCRIHCORCCIORIOROORIHR/OHROCHICOIOICHOCRROORRCIIICIHO/HHRROIIHRRICIIHIIHICRHHRHOHHOO/HORHROIOIOICIRHIOCOICHHHIHCIIO	com/moonsworth/lunar/client/fog/holograms/mixin/mixin2
com/moonsworth/lunar/client/HICCRORORCRIHCORCCIORIOROORIHR/OHROCHICOIOICHOCRROORRCIIICIHO/HIOROOCORHICHIRIHIRCCORCIIICCH	com/moonsworth/lunar/client/fog/holograms/coordinates
com/moonsworth/lunar/client/HICCRORORCRIHCORCCIORIOROORIHR/OHROCHICOIOICHOCRROORRCIIICIHO/HORHROIOIOICIRHIOCOICHHHIHCIIO	com/moonsworth/lunar/client/fog/holograms/mixin2
com/moonsworth/lunar/client/HICCRORORCRIHCORCCIORIOROORIHR/OHROCHICOIOICHOCRROORRCIIICIHO/HORHROIOIOICIRHIOCOICHHHIHCIIO/HHRROIIHRRICIIHIIHICRHHRHOHHOO	com/moonsworth/lunar/client/fog/holograms/mixin2/mixin
com/moonsworth/lunar/client/HICCRORORCRIHCORCCIORIOROORIHR/OHROCHICOIOICHOCRROORRCIIICIHO/HORHROIOIOICIRHIOCOICHHHIHCIIO/HHRROIIHRRICIIHIIHICRHHRHOHHOO/HORHROIOIOICIRHIOCOICHHHIHCIIO	com/moonsworth/lunar/client/fog/holograms/mixin2/mixin/mixin
com/moonsworth/lunar/client/HICCRORORCRIHCORCCIORIOROORIHR/OHROCHICOIOICHOCRROORRCIIICIHO/HORHROIOIOICIRHIOCOICHHHIHCIIO/HORHROIOIOICIRHIOCOICHHHIHCIIO	com/moonsworth/lunar/client/fog/holograms/mixin2/mixin2
com/moonsworth/lunar/client/HICCRORORCRIHCORCCIORIOROORIHR/OHROCHICOIOICHOCRROORRCIIICIHO/HORHROIOIOICIRHIOCOICHHHIHCIIO/HRICOROOOCCOCOROCRHHCRRIRCOICO	com/moonsworth/lunar/client/fog/holograms/mixin2/mixin3
com/moonsworth/lunar/client/HICCRORORCRIHCORCCIORIOROORIHR/OHROCHICOIOICHOCRROORRCIIICIHO/HORHROIOIOICIRHIOCOICHHHIHCIIO/HROHOIOCHIRIHICOORIHOHCIOIRIIH	com/moonsworth/lunar/client/fog/holograms/mixin2/fishing
com/moonsworth/lunar/client/HICCRORORCRIHCORCCIORIOROORIHR/OHROCHICOIOICHOCRROORRCIIICIHO/HORHROIOIOICIRHIOCOICHHHIHCIIO/ICRHORIIHOHROHOHOCOOHOOCOORRHO	com/moonsworth/lunar/client/fog/holograms/mixin2/nameplate
com/moonsworth/lunar/client/HICCRORORCRIHCORCCIORIOROORIHR/OHROCHICOIOICHOCRROORRCIIICIHO/HORHROIOIOICIRHIOCOICHHHIHCIIO/ICRHORIIHOHROHOHOCOOHOOCOORRHO/HORHROIOIOICIRHIOCOICHHHIHCIIO	com/moonsworth/lunar/client/fog/holograms/mixin2/nameplate/mixin
com/moonsworth/lunar/client/HICCRORORCRIHCORCCIORIOROORIHR/OHROCHICOIOICHOCRROORRCIIICIHO/HORHROIOIOICIRHIOCOICHHHIHCIIO/OHROCHICOIOICHOCRROORRCIIICIHO	com/moonsworth/lunar/client/fog/holograms/mixin2/holograms
com/moonsworth/lunar/client/HICCRORORCRIHCORCCIORIOROORIHR/OHROCHICOIOICHOCRROORRCIIICIHO/HORHROIOIOICIRHIOCOICHHHIHCIIO/ORCHOHHCOHCORRICRIHCHHRORHHCHH	com/moonsworth/lunar/client/fog/holograms/mixin2/highlight
com/moonsworth/lunar/client/HICCRORORCRIHCORCCIORIOROORIHR/OHROCHICOIOICHOCRROORRCIIICIHO/HORHROIOIOICIRHIOCOICHHHIHCIIO/ORICHRORRORHORHOIHCRHOORCRRHOI	com/moonsworth/lunar/client/fog/holograms/mixin2/gui
com/moonsworth/lunar/client/HICCRORORCRIHCORCCIORIOROORIHR/OHROCHICOIOICHOCRROORRCIIICIHO/HORHROIOIOICIRHIOCOICHHHIHCIIO/RCIOICOHRIOIIRRRROCRHCIICRROHO	com/moonsworth/lunar/client/fog/holograms/mixin2/rewindhandlers
com/moonsworth/lunar/client/HICCRORORCRIHCORCCIORIOROORIHR/OHROCHICOIOICHOCRROORRCIIICIHO/HORHROIOIOICIRHIOCOICHHHIHCIIO/RCIOICOHRIOIIRRRROCRHCIICRROHO/HHRROIIHRRICIIHIIHICRHHRHOHHOO	com/moonsworth/lunar/client/fog/holograms/mixin2/rewindhandlers/mixin
com/moonsworth/lunar/client/HICCRORORCRIHCORCCIORIOROORIHR/OHROCHICOIOICHOCRROORRCIIICIHO/HORHROIOIOICIRHIOCOICHHHIHCIIO/RCIOICOHRIOIIRRRROCRHCIICRROHO/HORHROIOIOICIRHIOCOICHHHIHCIIO	com/moonsworth/lunar/client/fog/holograms/mixin2/rewindhandlers/mixin2
com/moonsworth/lunar/client/HICCRORORCRIHCORCCIORIOROORIHR/OHROCHICOIOICHOCRROORRCIIICIHO/HRICOROOOCCOCOROCRHHCRRIRCOICO	com/moonsworth/lunar/client/fog/holograms/mixin3
com/moonsworth/lunar/client/HICCRORORCRIHCORCCIORIOROORIHR/OHROCHICOIOICHOCRROORRCIIICIHO/HROHOIOCHIRIHICOORIHOHCIOIRIIH	com/moonsworth/lunar/client/fog/holograms/fishing
com/moonsworth/lunar/client/HICCRORORCRIHCORCCIORIOROORIHR/OHROCHICOIOICHOCRROORRCIIICIHO/ICRHORIIHOHROHOHOCOOHOOCOORRHO	com/moonsworth/lunar/client/fog/holograms/nameplate
com/moonsworth/lunar/client/HICCRORORCRIHCORCCIORIOROORIHR/OHROCHICOIOICHOCRROORRCIIICIHO/ICRHORIIHOHROHOHOCOOHOOCOORRHO/HHRROIIHRRICIIHIIHICRHHRHOHHOO	com/moonsworth/lunar/client/fog/holograms/nameplate/mixin
com/moonsworth/lunar/client/HICCRORORCRIHCORCCIORIOROORIHR/OHROCHICOIOICHOCRROORRCIIICIHO/ICRHORIIHOHROHOHOCOOHOOCOORRHO/HORHROIOIOICIRHIOCOICHHHIHCIIO	com/moonsworth/lunar/client/fog/holograms/nameplate/mixin2
com/moonsworth/lunar/client/HICCRORORCRIHCORCCIORIOROORIHR/OHROCHICOIOICHOCRROORRCIIICIHO/ICRHORIIHOHROHOHOCOOHOOCOORRHO/HRICOROOOCCOCOROCRHHCRRIRCOICO	com/moonsworth/lunar/client/fog/holograms/nameplate/mixin3
com/moonsworth/lunar/client/HICCRORORCRIHCORCCIORIOROORIHR/OHROCHICOIOICHOCRROORRCIIICIHO/OHOOORICRHIIIIRHCICICOCHROICRC	com/moonsworth/lunar/client/fog/holograms/chest
com/moonsworth/lunar/client/HICCRORORCRIHCORCCIORIOROORIHR/OHROCHICOIOICHOCRROORRCIIICIHO/OHOOORICRHIIIIRHCICICOCHROICRC/HHRROIIHRRICIIHIIHICRHHRHOHHOO	com/moonsworth/lunar/client/fog/holograms/chest/mixin
com/moonsworth/lunar/client/HICCRORORCRIHCORCCIORIOROORIHR/OHROCHICOIOICHOCRROORRCIIICIHO/OHOOORICRHIIIIRHCICICOCHROICRC/HORHROIOIOICIRHIOCOICHHHIHCIIO	com/moonsworth/lunar/client/fog/holograms/chest/mixin2
com/moonsworth/lunar/client/HICCRORORCRIHCORCCIORIOROORIHR/OHROCHICOIOICHOCRROORRCIIICIHO/OHROCHICOIOICHOCRROORRCIIICIHO	com/moonsworth/lunar/client/fog/holograms/holograms
com/moonsworth/lunar/client/HICCRORORCRIHCORCCIORIOROORIHR/OHROCHICOIOICHOCRROORRCIIICIHO/OIRIOIIIRICICCHORICRRIRROHCRIC	com/moonsworth/lunar/client/fog/holograms/click
com/moonsworth/lunar/client/HICCRORORCRIHCORCCIORIOROORIHR/OHROCHICOIOICHOCRROORRCIIICIHO/ORCHOHHCOHCORRICRIHCHHRORHHCHH	com/moonsworth/lunar/client/fog/holograms/highlight
com/moonsworth/lunar/client/HICCRORORCRIHCORCCIORIOROORIHR/OHROCHICOIOICHOCRROORRCIIICIHO/ORCHOHHCOHCORRICRIHCHHRORHHCHH/HORHROIOIOICIRHIOCOICHHHIHCIIO	com/moonsworth/lunar/client/fog/holograms/highlight/mixin
com/moonsworth/lunar/client/HICCRORORCRIHCORCCIORIOROORIHR/OHROCHICOIOICHOCRROORRCIIICIHO/ORICHRORRORHORHOIHCRHOORCRRHOI	com/moonsworth/lunar/client/fog/holograms/gui
com/moonsworth/lunar/client/HICCRORORCRIHCORCCIORIOROORIHR/OHROCHICOIOICHOCRROORRCIIICIHO/RCIOICOHRIOIIRRRROCRHCIICRROHO	com/moonsworth/lunar/client/fog/holograms/rewindhandlers
com/moonsworth/lunar/client/HICCRORORCRIHCORCCIORIOROORIHR/OIRIOIIIRICICCHORICRRIRROHCRIC	com/moonsworth/lunar/client/fog/click
com/moonsworth/lunar/client/HICCRORORCRIHCORCCIORIOROORIHR/OIRIOIIIRICICCHORICRRIRROHCRIC/HORHROIOIOICIRHIOCOICHHHIHCIIO	com/moonsworth/lunar/client/fog/click/mixin
com/moonsworth/lunar/client/HICCRORORCRIHCORCCIORIOROORIHR/ORCHOHHCOHCORRICRIHCHHRORHHCHH	com/moonsworth/lunar/client/fog/highlight
com/moonsworth/lunar/client/HICCRORORCRIHCORCCIORIOROORIHR/ORCHOHHCOHCORRICRIHCHHRORHHCHH/HORHROIOIOICIRHIOCOICHHHIHCIIO	com/moonsworth/lunar/client/fog/highlight/mixin
com/moonsworth/lunar/client/HICCRORORCRIHCORCCIORIOROORIHR/ORICHRORRORHORHOIHCRHOORCRRHOI	com/moonsworth/lunar/client/fog/gui
com/moonsworth/lunar/client/HICCRORORCRIHCORCCIORIOROORIHR/RCIOICOHRIOIIRRRROCRHCIICRROHO	com/moonsworth/lunar/client/fog/rewindhandlers
com/moonsworth/lunar/client/HIOROOCORHICHIRIHIRCCORCIIICCH	com/moonsworth/lunar/client/coordinates
com/moonsworth/lunar/client/HIOROOCORHICHIRIHIRCCORCIIICCH/HORHROIOIOICIRHIOCOICHHHIHCIIO	com/moonsworth/lunar/client/coordinates/mixin
com/moonsworth/lunar/client/HIRHCCHIRHRORIICOIHIHCICOIRHHC	com/moonsworth/lunar/client/hitbox
com/moonsworth/lunar/client/HIRIHCROOIRIORCCOIRRCRHOHCCRRO	com/moonsworth/lunar/client/markers
com/moonsworth/lunar/client/HIRIHCROOIRIORCCOIRRCRHOHCCRRO/HHRROIIHRRICIIHIIHICRHHRHOHHOO	com/moonsworth/lunar/client/markers/mixin
com/moonsworth/lunar/client/HIRIHCROOIRIORCCOIRRCRHOHCCRRO/HHRROIIHRRICIIHIIHICRHHRHOHHOO/HHRROIIHRRICIIHIIHICRHHRHOHHOO	com/moonsworth/lunar/client/markers/mixin/mixin
com/moonsworth/lunar/client/HIRIHCROOIRIORCCOIRRCRHOHCCRRO/HHRROIIHRRICIIHIIHICRHHRHOHHOO/HHRROIIHRRICIIHIIHICRHHRHOHHOO/HORHROIOIOICIRHIOCOICHHHIHCIIO	com/moonsworth/lunar/client/markers/mixin/mixin/mixin
com/moonsworth/lunar/client/HIRIHCROOIRIORCCOIRRCRHOHCCRRO/HHRROIIHRRICIIHIIHICRHHRHOHHOO/HORHROIOIOICIRHIOCOICHHHIHCIIO	com/moonsworth/lunar/client/markers/mixin/mixin2
com/moonsworth/lunar/client/HIRIHCROOIRIORCCOIRRCRHOHCCRRO/HHRROIIHRRICIIHIIHICRHHRHOHHOO/HRICOROOOCCOCOROCRHHCRRIRCOICO	com/moonsworth/lunar/client/markers/mixin/mixin3
com/moonsworth/lunar/client/HIRIHCROOIRIORCCOIRRCRHOHCCRRO/HHRROIIHRRICIIHIIHICRHHRHOHHOO/HRICOROOOCCOCOROCRHHCRRIRCOICO/HORHROIOIOICIRHIOCOICHHHIHCIIO	com/moonsworth/lunar/client/markers/mixin/mixin3/mixin
com/moonsworth/lunar/client/HIRIHCROOIRIORCCOIRRCRHOHCCRRO/HHRROIIHRRICIIHIIHICRHHRHOHHOO/HROHOIOCHIRIHICOORIHOHCIOIRIIH	com/moonsworth/lunar/client/markers/mixin/fishing
com/moonsworth/lunar/client/HIRIHCROOIRIORCCOIRRCRHOHCCRRO/HHRROIIHRRICIIHIIHICRHHRHOHHOO/ICRHORIIHOHROHOHOCOOHOOCOORRHO	com/moonsworth/lunar/client/markers/mixin/nameplate
com/moonsworth/lunar/client/HIRIHCROOIRIORCCOIRRCRHOHCCRRO/HHRROIIHRRICIIHIIHICRHHRHOHHOO/OHROCHICOIOICHOCRROORRCIIICIHO	com/moonsworth/lunar/client/markers/mixin/holograms
com/moonsworth/lunar/client/HIRIHCROOIRIORCCOIRRCRHOHCCRRO/HHRROIIHRRICIIHIIHICRHHRHOHHOO/OHROCHICOIOICHOCRROORRCIIICIHO/HHRROIIHRRICIIHIIHICRHHRHOHHOO	com/moonsworth/lunar/client/markers/mixin/holograms/mixin
com/moonsworth/lunar/client/HIRIHCROOIRIORCCOIRRCRHOHCCRRO/HHRROIIHRRICIIHIIHICRHHRHOHHOO/OHROCHICOIOICHOCRROORRCIIICIHO/HORHROIOIOICIRHIOCOICHHHIHCIIO	com/moonsworth/lunar/client/markers/mixin/holograms/mixin2
com/moonsworth/lunar/client/HIRIHCROOIRIORCCOIRRCRHOHCCRRO/HHRROIIHRRICIIHIIHICRHHRHOHHOO/OHROCHICOIOICHOCRROORRCIIICIHO/HRICOROOOCCOCOROCRHHCRRIRCOICO	com/moonsworth/lunar/client/markers/mixin/holograms/mixin3
com/moonsworth/lunar/client/HIRIHCROOIRIORCCOIRRCRHOHCCRRO/HHRROIIHRRICIIHIIHICRHHRHOHHOO/OHROCHICOIOICHOCRROORRCIIICIHO/HRICOROOOCCOCOROCRHHCRRIRCOICO/HORHROIOIOICIRHIOCOICHHHIHCIIO	com/moonsworth/lunar/client/markers/mixin/holograms/mixin3/mixin
com/moonsworth/lunar/client/HIRIHCROOIRIORCCOIRRCRHOHCCRRO/HHRROIIHRRICIIHIIHICRHHRHOHHOO/ORCHOHHCOHCORRICRIHCHHRORHHCHH	com/moonsworth/lunar/client/markers/mixin/highlight
com/moonsworth/lunar/client/HIRIHCROOIRIORCCOIRRCRHOHCCRRO/HHRROIIHRRICIIHIIHICRHHRHOHHOO/ORICHRORRORHORHOIHCRHOORCRRHOI	com/moonsworth/lunar/client/markers/mixin/gui
com/moonsworth/lunar/client/HIRIHCROOIRIORCCOIRRCRHOHCCRRO/HHRROIIHRRICIIHIIHICRHHRHOHHOO/ORICHRORRORHORHOIHCRHOORCRRHOI/HORHROIOIOICIRHIOCOICHHHIHCIIO	com/moonsworth/lunar/client/markers/mixin/gui/mixin
com/moonsworth/lunar/client/HIRIHCROOIRIORCCOIRRCRHOHCCRRO/HHRROIIHRRICIIHIIHICRHHRHOHHOO/ORICHRORRORHORHOIHCRHOORCRRHOI/HORHROIOIOICIRHIOCOICHHHIHCIIO/HHRROIIHRRICIIHIIHICRHHRHOHHOO	com/moonsworth/lunar/client/markers/mixin/gui/mixin/mixin
com/moonsworth/lunar/client/HIRIHCROOIRIORCCOIRRCRHOHCCRRO/HHRROIIHRRICIIHIIHICRHHRHOHHOO/ORICHRORRORHORHOIHCRHOORCRRHOI/HORHROIOIOICIRHIOCOICHHHIHCIIO/HORHROIOIOICIRHIOCOICHHHIHCIIO	com/moonsworth/lunar/client/markers/mixin/gui/mixin/mixin2
com/moonsworth/lunar/client/HIRIHCROOIRIORCCOIRRCRHOHCCRRO/HHRROIIHRRICIIHIIHICRHHRHOHHOO/ORICHRORRORHORHOIHCRHOORCRRHOI/HORHROIOIOICIRHIOCOICHHHIHCIIO/HRICOROOOCCOCOROCRHHCRRIRCOICO	com/moonsworth/lunar/client/markers/mixin/gui/mixin/mixin3
com/moonsworth/lunar/client/HIRIHCROOIRIORCCOIRRCRHOHCCRRO/HHRROIIHRRICIIHIIHICRHHRHOHHOO/ORICHRORRORHORHOIHCRHOORCRRHOI/HORHROIOIOICIRHIOCOICHHHIHCIIO/HRICOROOOCCOCOROCRHHCRRIRCOICO/HORHROIOIOICIRHIOCOICHHHIHCIIO	com/moonsworth/lunar/client/markers/mixin/gui/mixin/mixin3/mixin
com/moonsworth/lunar/client/HIRIHCROOIRIORCCOIRRCRHOHCCRRO/HHRROIIHRRICIIHIIHICRHHRHOHHOO/ORICHRORRORHORHOIHCRHOORCRRHOI/HORHROIOIOICIRHIOCOICHHHIHCIIO/ICRHORIIHOHROHOHOCOOHOOCOORRHO	com/moonsworth/lunar/client/markers/mixin/gui/mixin/nameplate
com/moonsworth/lunar/client/HIRIHCROOIRIORCCOIRRCRHOHCCRRO/HHRROIIHRRICIIHIIHICRHHRHOHHOO/ORICHRORRORHORHOIHCRHOORCRRHOI/HORHROIOIOICIRHIOCOICHHHIHCIIO/RCIOICOHRIOIIRRRROCRHCIICRROHO	com/moonsworth/lunar/client/markers/mixin/gui/mixin/rewindhandlers
com/moonsworth/lunar/client/HIRIHCROOIRIORCCOIRRCRHOHCCRRO/HHRROIIHRRICIIHIIHICRHHRHOHHOO/RCIOICOHRIOIIRRRROCRHCIICRROHO	com/moonsworth/lunar/client/markers/mixin/rewindhandlers
com/moonsworth/lunar/client/HIRIHCROOIRIORCCOIRRCRHOHCCRRO/HORHROIOIOICIRHIOCOICHHHIHCIIO	com/moonsworth/lunar/client/markers/mixin2
com/moonsworth/lunar/client/HIRIHCROOIRIORCCOIRRCRHOHCCRRO/HRICOROOOCCOCOROCRHHCRRIRCOICO	com/moonsworth/lunar/client/markers/mixin3
com/moonsworth/lunar/client/HIRIHCROOIRIORCCOIRRCRHOHCCRRO/ICRHORIIHOHROHOHOCOOHOOCOORRHO	com/moonsworth/lunar/client/markers/nameplate
com/moonsworth/lunar/client/HIRIHCROOIRIORCCOIRRCRHOHCCRRO/ICRHORIIHOHROHOHOCOOHOOCOORRHO/HORHROIOIOICIRHIOCOICHHHIHCIIO	com/moonsworth/lunar/client/markers/nameplate/mixin
com/moonsworth/lunar/client/HIRIHCROOIRIORCCOIRRCRHOHCCRRO/RCIOICOHRIOIIRRRROCRHCIICRROHO	com/moonsworth/lunar/client/markers/rewindhandlers
com/moonsworth/lunar/client/HOCCRCCRCHROIICOOHOHRIICRHCOHR	com/moonsworth/lunar/client/itemphysics
com/moonsworth/lunar/client/HOCCRCCRCHROIICOOHOHRIICRHCOHR/HORHROIOIOICIRHIOCOICHHHIHCIIO	com/moonsworth/lunar/client/itemphysics/mixin
com/moonsworth/lunar/client/HOOHOOCICIOHOCCCCRCICOIIOIOIIH	com/moonsworth/lunar/client/inventorymod
com/moonsworth/lunar/client/HORHROIOIOICIRHIOCOICHHHIHCIIO	com/moonsworth/lunar/client/mixin2
com/moonsworth/lunar/client/HORHROIOIOICIRHIOCOICHHHIHCIIO/HHRROIIHRRICIIHIIHICRHHRHOHHOO	com/moonsworth/lunar/client/mixin2/mixin
com/moonsworth/lunar/client/HORHROIOIOICIRHIOCOICHHHIHCIIO/HORHROIOIOICIRHIOCOICHHHIHCIIO	com/moonsworth/lunar/client/mixin2/mixin2
com/moonsworth/lunar/client/HORHROIOIOICIRHIOCOICHHHIHCIIO/HORHROIOIOICIRHIOCOICHHHIHCIIO/HORHROIOIOICIRHIOCOICHHHIHCIIO	com/moonsworth/lunar/client/mixin2/mixin2/mixin
com/moonsworth/lunar/client/HORHROIOIOICIRHIOCOICHHHIHCIIO/HORHROIOIOICIRHIOCOICHHHIHCIIO/HORHROIOIOICIRHIOCOICHHHIHCIIO/HHRROIIHRRICIIHIIHICRHHRHOHHOO	com/moonsworth/lunar/client/mixin2/mixin2/mixin/mixin
com/moonsworth/lunar/client/HORHROIOIOICIRHIOCOICHHHIHCIIO/HORHROIOIOICIRHIOCOICHHHIHCIIO/HORHROIOIOICIRHIOCOICHHHIHCIIO/HORHROIOIOICIRHIOCOICHHHIHCIIO	com/moonsworth/lunar/client/mixin2/mixin2/mixin/mixin2
com/moonsworth/lunar/client/HORHROIOIOICIRHIOCOICHHHIHCIIO/HORHROIOIOICIRHIOCOICHHHIHCIIO/HORHROIOIOICIRHIOCOICHHHIHCIIO/HRICOROOOCCOCOROCRHHCRRIRCOICO	com/moonsworth/lunar/client/mixin2/mixin2/mixin/mixin3
com/moonsworth/lunar/client/HORHROIOIOICIRHIOCOICHHHIHCIIO/HORHROIOIOICIRHIOCOICHHHIHCIIO/HORHROIOIOICIRHIOCOICHHHIHCIIO/ICRHORIIHOHROHOHOCOOHOOCOORRHO	com/moonsworth/lunar/client/mixin2/mixin2/mixin/nameplate
com/moonsworth/lunar/client/HORHROIOIOICIRHIOCOICHHHIHCIIO/HRICOROOOCCOCOROCRHHCRRIRCOICO	com/moonsworth/lunar/client/mixin2/mixin3
com/moonsworth/lunar/client/HORHROIOIOICIRHIOCOICHHHIHCIIO/ICRHORIIHOHROHOHOCOOHOOCOORRHO	com/moonsworth/lunar/client/mixin2/nameplate
com/moonsworth/lunar/client/HORHROIOIOICIRHIOCOICHHHIHCIIO/RCIOICOHRIOIIRRRROCRHCIICRROHO	com/moonsworth/lunar/client/mixin2/rewindhandlers
com/moonsworth/lunar/client/HRICOROOOCCOCOROCRHHCRRIRCOICO	com/moonsworth/lunar/client/mixin3
com/moonsworth/lunar/client/HROHOIOCHIRIHICOORIHOHCIOIRIIH	com/moonsworth/lunar/client/fishing
com/moonsworth/lunar/client/HROHOIOCHIRIHICOORIHOHCIOIRIIH/HHRROIIHRRICIIHIIHICRHHRHOHHOO	com/moonsworth/lunar/client/fishing/mixin
com/moonsworth/lunar/client/HROHOIOCHIRIHICOORIHOHCIOIRIIH/HORHROIOIOICIRHIOCOICHHHIHCIIO	com/moonsworth/lunar/client/fishing/mixin2
com/moonsworth/lunar/client/HROHOIOCHIRIHICOORIHOHCIOIRIIH/HRICOROOOCCOCOROCRHHCRRIRCOICO	com/moonsworth/lunar/client/fishing/mixin3
com/moonsworth/lunar/client/HROHOIOCHIRIHICOORIHOHCIOIRIIH/ICRHORIIHOHROHOHOCOOHOOCOORRHO	com/moonsworth/lunar/client/fishing/nameplate
com/moonsworth/lunar/client/HROHOIOCHIRIHICOORIHOHCIOIRIIH/OHROCHICOIOICHOCRROORRCIIICIHO	com/moonsworth/lunar/client/fishing/holograms
com/moonsworth/lunar/client/HROHOIOCHIRIHICOORIHOHCIOIRIIH/ORCHOHHCOHCORRICRIHCHHRORHHCHH	com/moonsworth/lunar/client/fishing/highlight
com/moonsworth/lunar/client/HROHOIOCHIRIHICOORIHOHCIOIRIIH/ORICHRORRORHORHOIHCRHOORCRRHOI	com/moonsworth/lunar/client/fishing/gui
com/moonsworth/lunar/client/HROHOIOCHIRIHICOORIHOHCIOIRIIH/ORICHRORRORHORHOIHCRHOORCRRHOI/HORHROIOIOICIRHIOCOICHHHIHCIIO	com/moonsworth/lunar/client/fishing/gui/mixin
com/moonsworth/lunar/client/HROHOIOCHIRIHICOORIHOHCIOIRIIH/RCIOICOHRIOIIRRRROCRHCIICRROHO	com/moonsworth/lunar/client/fishing/rewindhandlers
com/moonsworth/lunar/client/HROOOICICRCOCIROHIRICCCOCCIORH	com/moonsworth/lunar/client/itemcounter
com/moonsworth/lunar/client/HRORICORIHHHRICRIRCIIOHCRIRRHI	com/moonsworth/lunar/client/slayer
com/moonsworth/lunar/client/HRRCROICHIIROIHRCOIHRRHCCRIIRH	com/moonsworth/lunar/client/knockbacktrainer
com/moonsworth/lunar/client/ICOOHRIORIOOIIRRIHHOOIOHHCORIR	com/moonsworth/lunar/client/hitcolor
com/moonsworth/lunar/client/ICRHORIIHOHROHOHOCOOHOOCOORRHO	com/moonsworth/lunar/client/nameplate
com/moonsworth/lunar/client/IHRHHRIHICHOOICIRIOOHOICHIRHOI	com/moonsworth/lunar/client/alert
com/moonsworth/lunar/client/IHRHHRIHICHOOICIRIOOHOICHIRHOI/HORHROIOIOICIRHIOCOICHHHIHCIIO	com/moonsworth/lunar/client/alert/mixin
com/moonsworth/lunar/client/IICOCHRHIRHIHIIRHOORCHHIIOIOIR	com/moonsworth/lunar/client/mobsize
com/moonsworth/lunar/client/IICOCHRHIRHIHIIRHOORCHHIIOIOIR/HHRROIIHRRICIIHIIHICRHHRHOHHOO	com/moonsworth/lunar/client/mobsize/mixin2
com/moonsworth/lunar/client/IICOCHRHIRHIHIIRHOORCHHIIOIOIR/HORHROIOIOICIRHIOCOICHHHIHCIIO	com/moonsworth/lunar/client/mobsize/mixin
com/moonsworth/lunar/client/IICOCHRHIRHIHIIRHOORCHHIIOIOIR/HORHROIOIOICIRHIOCOICHHHIHCIIO/HHRROIIHRRICIIHIIHICRHHRHOHHOO	com/moonsworth/lunar/client/mobsize/mixin/mixin2
com/moonsworth/lunar/client/IICOCHRHIRHIHIIRHOORCHHIIOIOIR/HORHROIOIOICIRHIOCOICHHHIHCIIO/HORHROIOIOICIRHIOCOICHHHIHCIIO	com/moonsworth/lunar/client/mobsize/mixin/mixin
com/moonsworth/lunar/client/IICOCHRHIRHIHIIRHOORCHHIIOIOIR/HORHROIOIOICIRHIOCOICHHHIHCIIO/HORHROIOIOICIRHIOCOICHHHIHCIIO/HHRROIIHRRICIIHIIHICRHHRHOHHOO	com/moonsworth/lunar/client/mobsize/mixin/mixin/mixin
com/moonsworth/lunar/client/IICOCHRHIRHIHIIRHOORCHHIIOIOIR/HORHROIOIOICIRHIOCOICHHHIHCIIO/HORHROIOIOICIRHIOCOICHHHIHCIIO/HHRROIIHRRICIIHIIHICRHHRHOHHOO/HORHROIOIOICIRHIOCOICHHHIHCIIO	com/moonsworth/lunar/client/mobsize/mixin/mixin/mixin/mixin
com/moonsworth/lunar/client/IICOCHRHIRHIHIIRHOORCHHIIOIOIR/HORHROIOIOICIRHIOCOICHHHIHCIIO/HORHROIOIOICIRHIOCOICHHHIHCIIO/HORHROIOIOICIRHIOCOICHHHIHCIIO	com/moonsworth/lunar/client/mobsize/mixin/mixin/mixin2
com/moonsworth/lunar/client/IIORCIOOIHRRRICOHIRCIHOOCCOHRO	com/moonsworth/lunar/client/waypoints
com/moonsworth/lunar/client/IRCHCHOHRRIOORHRCHRIHIOHRCIHRH	com/moonsworth/lunar/client/inactive
com/moonsworth/lunar/client/IRCHCHOHRRIOORHRCHRIHIOHRCIHRH/HORHROIOIOICIRHIOCOICHHHIHCIIO	com/moonsworth/lunar/client/inactive/mixin
com/moonsworth/lunar/client/IRCHCHOHRRIOORHRCHRIHIOHRCIHRH/HORHROIOIOICIRHIOCOICHHHIHCIIO/CCROIHHHCOCHHOHORCIRHOCRROIOCI	com/moonsworth/lunar/client/inactive/mixin/colorsaturation
com/moonsworth/lunar/client/IRCHCHOHRRIOORHRCHRIHIOHRCIHRH/HORHROIOIOICIRHIOCOICHHHIHCIIO/CCROIHHHCOCHHOHORCIRHOCRROIOCI/HORHROIOIOICIRHIOCOICHHHIHCIIO	com/moonsworth/lunar/client/inactive/mixin/colorsaturation/mixin
com/moonsworth/lunar/client/IRCHCHOHRRIOORHRCHRIHIOHRCIHRH/HORHROIOIOICIRHIOCOICHHHIHCIIO/HHRROIIHRRICIIHIIHICRHHRHOHHOO	com/moonsworth/lunar/client/inactive/mixin/mixin
com/moonsworth/lunar/client/IRCHCHOHRRIOORHRCHRIHIOHRCIHRH/HORHROIOIOICIRHIOCOICHHHIHCIIO/HORHROIOIOICIRHIOCOICHHHIHCIIO	com/moonsworth/lunar/client/inactive/mixin/mixin2
com/moonsworth/lunar/client/IRCHCHOHRRIOORHRCHRIHIOHRCIHRH/HORHROIOIOICIRHIOCOICHHHIHCIIO/HRICOROOOCCOCOROCRHHCRRIRCOICO	com/moonsworth/lunar/client/inactive/mixin/mixin3
com/moonsworth/lunar/client/IRCHCHOHRRIOORHRCHRIHIOHRCIHRH/HORHROIOIOICIRHIOCOICHHHIHCIIO/HROHOIOCHIRIHICOORIHOHCIOIRIIH	com/moonsworth/lunar/client/inactive/mixin/fishing
com/moonsworth/lunar/client/IRCHCHOHRRIOORHRCHRIHIOHRCIHRH/HORHROIOIOICIRHIOCOICHHHIHCIIO/ICRHORIIHOHROHOHOCOOHOOCOORRHO	com/moonsworth/lunar/client/inactive/mixin/nameplate
com/moonsworth/lunar/client/IRCHCHOHRRIOORHRCHRIHIOHRCIHRH/HORHROIOIOICIRHIOCOICHHHIHCIIO/OHROCHICOIOICHOCRROORRCIIICIHO	com/moonsworth/lunar/client/inactive/mixin/holograms
com/moonsworth/lunar/client/IRCHCHOHRRIOORHRCHRIHIOHRCIHRH/HORHROIOIOICIRHIOCOICHHHIHCIIO/OHROCHICOIOICHOCRROORRCIIICIHO/HORHROIOIOICIRHIOCOICHHHIHCIIO	com/moonsworth/lunar/client/inactive/mixin/holograms/mixin
com/moonsworth/lunar/client/IRCHCHOHRRIOORHRCHRIHIOHRCIHRH/HORHROIOIOICIRHIOCOICHHHIHCIIO/OHROCHICOIOICHOCRROORRCIIICIHO/HORHROIOIOICIRHIOCOICHHHIHCIIO/HORHROIOIOICIRHIOCOICHHHIHCIIO	com/moonsworth/lunar/client/inactive/mixin/holograms/mixin/mixin
com/moonsworth/lunar/client/IRCHCHOHRRIOORHRCHRIHIOHRCIHRH/HORHROIOIOICIRHIOCOICHHHIHCIIO/ORCHOHHCOHCORRICRIHCHHRORHHCHH	com/moonsworth/lunar/client/inactive/mixin/highlight
com/moonsworth/lunar/client/IRCHCHOHRRIOORHRCHRIHIOHRCIHRH/HORHROIOIOICIRHIOCOICHHHIHCIIO/ORCHOHHCOHCORRICRIHCHHRORHHCHH/HORHROIOIOICIRHIOCOICHHHIHCIIO	com/moonsworth/lunar/client/inactive/mixin/highlight/mixin
com/moonsworth/lunar/client/IRCHCHOHRRIOORHRCHRIHIOHRCIHRH/HORHROIOIOICIRHIOCOICHHHIHCIIO/ORICHRORRORHORHOIHCRHOORCRRHOI	com/moonsworth/lunar/client/inactive/mixin/gui
com/moonsworth/lunar/client/IRCHCHOHRRIOORHRCHRIHIOHRCIHRH/HORHROIOIOICIRHIOCOICHHHIHCIIO/ORICHRORRORHORHOIHCRHOORCRRHOI/HHRROIIHRRICIIHIIHICRHHRHOHHOO	com/moonsworth/lunar/client/inactive/mixin/gui/mixin
com/moonsworth/lunar/client/IRCHCHOHRRIOORHRCHRIHIOHRCIHRH/HORHROIOIOICIRHIOCOICHHHIHCIIO/ORICHRORRORHORHOIHCRHOORCRRHOI/HORHROIOIOICIRHIOCOICHHHIHCIIO	com/moonsworth/lunar/client/inactive/mixin/gui/mixin2
com/moonsworth/lunar/client/IRCHCHOHRRIOORHRCHRIHIOHRCIHRH/HORHROIOIOICIRHIOCOICHHHIHCIIO/RCIOICOHRIOIIRRRROCRHCIICRROHO	com/moonsworth/lunar/client/inactive/mixin/rewindhandlers
com/moonsworth/lunar/client/IRCHCHOHRRIOORHRCHRIHIOHRCIHRH/HORHROIOIOICIRHIOCOICHHHIHCIIO/RCIOICOHRIOIIRRRROCRHCIICRROHO/HHRROIIHRRICIIHIIHICRHHRHOHHOO	com/moonsworth/lunar/client/inactive/mixin/rewindhandlers/mixin
com/moonsworth/lunar/client/IRCHCHOHRRIOORHRCHRIHIOHRCIHRH/HORHROIOIOICIRHIOCOICHHHIHCIIO/RCIOICOHRIOIIRRRROCRHCIICRROHO/HHRROIIHRRICIIHIIHICRHHRHOHHOO/HHRROIIHRRICIIHIIHICRHHRHOHHOO	com/moonsworth/lunar/client/inactive/mixin/rewindhandlers/mixin/mixin
com/moonsworth/lunar/client/IRCHCHOHRRIOORHRCHRIHIOHRCIHRH/HORHROIOIOICIRHIOCOICHHHIHCIIO/RCIOICOHRIOIIRRRROCRHCIICRROHO/HHRROIIHRRICIIHIIHICRHHRHOHHOO/HORHROIOIOICIRHIOCOICHHHIHCIIO	com/moonsworth/lunar/client/inactive/mixin/rewindhandlers/mixin/mixin2
com/moonsworth/lunar/client/IRCHCHOHRRIOORHRCHRIHIOHRCIHRH/HORHROIOIOICIRHIOCOICHHHIHCIIO/RCIOICOHRIOIIRRRROCRHCIICRROHO/HORHROIOIOICIRHIOCOICHHHIHCIIO	com/moonsworth/lunar/client/inactive/mixin/rewindhandlers/mixin2
com/moonsworth/lunar/client/IRCHCHOHRRIOORHRCHRIHIOHRCIHRH/HORHROIOIOICIRHIOCOICHHHIHCIIO/RCIOICOHRIOIIRRRROCRHCIICRROHO/HRICOROOOCCOCOROCRHHCRRIRCOICO	com/moonsworth/lunar/client/inactive/mixin/rewindhandlers/mixin3
com/moonsworth/lunar/client/IRCHCHOHRRIOORHRCHRIHIOHRCIHRH/HORHROIOIOICIRHIOCOICHHHIHCIIO/RCIOICOHRIOIIRRRROCRHCIICRROHO/HRICOROOOCCOCOROCRHHCRRIRCOICO/HORHROIOIOICIRHIOCOICHHHIHCIIO	com/moonsworth/lunar/client/inactive/mixin/rewindhandlers/mixin3/mixin
com/moonsworth/lunar/client/OCRORCCHCRIOOIRHOHRRHCRRHRCIHO	com/moonsworth/lunar/client/fps
com/moonsworth/lunar/client/OCRORCCHCRIOOIRHOHRRHCRRHRCIHO/HHRROIIHRRICIIHIIHICRHHRHOHHOO	com/moonsworth/lunar/client/fps/mixin
com/moonsworth/lunar/client/OCRORCCHCRIOOIRHOHRRHCRRHRCIHO/HORHROIOIOICIRHIOCOICHHHIHCIIO	com/moonsworth/lunar/client/fps/mixin2
com/moonsworth/lunar/client/OHOOORICRHIIIIRHCICICOCHROICRC	com/moonsworth/lunar/client/chest
com/moonsworth/lunar/client/OHROCHICOIOICHOCRROORRCIIICIHO	com/moonsworth/lunar/client/holograms
com/moonsworth/lunar/client/OICRROHCCIRICRIHCOIRCOORHRHRHC	com/moonsworth/lunar/client/lightoverlay
com/moonsworth/lunar/client/OIHOHCCCRCORHCRIRHIHOOCIOHRCHR	com/moonsworth/lunar/client/tps
com/moonsworth/lunar/client/OIRIOIIIRICICCHORICRRIRROHCRIC	com/moonsworth/lunar/client/click
com/moonsworth/lunar/client/OIRIOIIIRICICCHORICRRIRROHCRIC/CCROIHHHCOCHHOHORCIRHOCRROIOCI	com/moonsworth/lunar/client/click/colorsaturation
com/moonsworth/lunar/client/OIRIOIIIRICICCHORICRRIRROHCRIC/HHRROIIHRRICIIHIIHICRHHRHOHHOO	com/moonsworth/lunar/client/click/mixin
com/moonsworth/lunar/client/OIRIOIIIRICICCHORICRRIRROHCRIC/HIOROOCORHICHIRIHIRCCORCIIICCH	com/moonsworth/lunar/client/click/coordinates
com/moonsworth/lunar/client/OIRIOIIIRICICCHORICRRIRROHCRIC/HORHROIOIOICIRHIOCOICHHHIHCIIO	com/moonsworth/lunar/client/click/mixin2
com/moonsworth/lunar/client/OIRIOIIIRICICCHORICRRIRROHCRIC/HRICOROOOCCOCOROCRHHCRRIRCOICO	com/moonsworth/lunar/client/click/mixin3
com/moonsworth/lunar/client/OIRIOIIIRICICCHORICRRIRROHCRIC/HROHOIOCHIRIHICOORIHOHCIOIRIIH	com/moonsworth/lunar/client/click/fishing
com/moonsworth/lunar/client/OIRIOIIIRICICCHORICRRIRROHCRIC/ICRHORIIHOHROHOHOCOOHOOCOORRHO	com/moonsworth/lunar/client/click/nameplate
com/moonsworth/lunar/client/OIRIOIIIRICICCHORICRRIRROHCRIC/IHRHHRIHICHOOICIRIOOHOICHIRHOI	com/moonsworth/lunar/client/click/alert
com/moonsworth/lunar/client/OIRIOIIIRICICCHORICRRIRROHCRIC/OHOOORICRHIIIIRHCICICOCHROICRC	com/moonsworth/lunar/client/click/chest
com/moonsworth/lunar/client/OIRIOIIIRICICCHORICRRIRROHCRIC/OHROCHICOIOICHOCRROORRCIIICIHO	com/moonsworth/lunar/client/click/holograms
com/moonsworth/lunar/client/OIRIOIIIRICICCHORICRRIRROHCRIC/OHROCHICOIOICHOCRROORRCIIICIHO/HHRROIIHRRICIIHIIHICRHHRHOHHOO	com/moonsworth/lunar/client/click/holograms/mixin
com/moonsworth/lunar/client/OIRIOIIIRICICCHORICRRIRROHCRIC/OHROCHICOIOICHOCRROORRCIIICIHO/HHRROIIHRRICIIHIIHICRHHRHOHHOO/HHRROIIHRRICIIHIIHICRHHRHOHHOO	com/moonsworth/lunar/client/click/holograms/mixin/mixin
com/moonsworth/lunar/client/OIRIOIIIRICICCHORICRRIRROHCRIC/OHROCHICOIOICHOCRROORRCIIICIHO/HHRROIIHRRICIIHIIHICRHHRHOHHOO/HORHROIOIOICIRHIOCOICHHHIHCIIO	com/moonsworth/lunar/client/click/holograms/mixin/mixin2
com/moonsworth/lunar/client/OIRIOIIIRICICCHORICRRIRROHCRIC/OHROCHICOIOICHOCRROORRCIIICIHO/HHRROIIHRRICIIHIIHICRHHRHOHHOO/HRICOROOOCCOCOROCRHHCRRIRCOICO	com/moonsworth/lunar/client/click/holograms/mixin/mixin3
com/moonsworth/lunar/client/OIRIOIIIRICICCHORICRRIRROHCRIC/OHROCHICOIOICHOCRROORRCIIICIHO/HORHROIOIOICIRHIOCOICHHHIHCIIO	com/moonsworth/lunar/client/click/holograms/mixin2
com/moonsworth/lunar/client/OIRIOIIIRICICCHORICRRIRROHCRIC/OHROCHICOIOICHOCRROORRCIIICIHO/HRICOROOOCCOCOROCRHHCRRIRCOICO	com/moonsworth/lunar/client/click/holograms/mixin3
com/moonsworth/lunar/client/OIRIOIIIRICICCHORICRRIRROHCRIC/OHROCHICOIOICHOCRROORRCIIICIHO/ICRHORIIHOHROHOHOCOOHOOCOORRHO	com/moonsworth/lunar/client/click/holograms/nameplate
com/moonsworth/lunar/client/OIRIOIIIRICICCHORICRRIRROHCRIC/OHROCHICOIOICHOCRROORRCIIICIHO/ICRHORIIHOHROHOHOCOOHOOCOORRHO/HHRROIIHRRICIIHIIHICRHHRHOHHOO	com/moonsworth/lunar/client/click/holograms/nameplate/mixin
com/moonsworth/lunar/client/OIRIOIIIRICICCHORICRRIRROHCRIC/OHROCHICOIOICHOCRROORRCIIICIHO/ICRHORIIHOHROHOHOCOOHOOCOORRHO/HHRROIIHRRICIIHIIHICRHHRHOHHOO/HORHROIOIOICIRHIOCOICHHHIHCIIO	com/moonsworth/lunar/client/click/holograms/nameplate/mixin/mixin
com/moonsworth/lunar/client/OIRIOIIIRICICCHORICRRIRROHCRIC/OHROCHICOIOICHOCRROORRCIIICIHO/ICRHORIIHOHROHOHOCOOHOOCOORRHO/HORHROIOIOICIRHIOCOICHHHIHCIIO	com/moonsworth/lunar/client/click/holograms/nameplate/mixin2
com/moonsworth/lunar/client/OIRIOIIIRICICCHORICRRIRROHCRIC/OIRIOIIIRICICCHORICRRIRROHCRIC	com/moonsworth/lunar/client/click/click
com/moonsworth/lunar/client/OIRIOIIIRICICCHORICRRIRROHCRIC/ORCHOHHCOHCORRICRIHCHHRORHHCHH	com/moonsworth/lunar/client/click/highlight
com/moonsworth/lunar/client/OIRIOIIIRICICCHORICRRIRROHCRIC/ORICHRORRORHORHOIHCRHOORCRRHOI	com/moonsworth/lunar/client/click/gui
com/moonsworth/lunar/client/OIRIOIIIRICICCHORICRRIRROHCRIC/RCIOICOHRIOIIRRRROCRHCIICRROHO	com/moonsworth/lunar/client/click/rewindhandlers
com/moonsworth/lunar/client/OIRIOIIIRICICCHORICRRIRROHCRIC/RHIRRICCRHHHIIHHIHHOHRCHIOORCC	com/moonsworth/lunar/client/click/lotusfish
com/moonsworth/lunar/client/OIRIOIIIRICICCHORICRRIRROHCRIC/RHIRRICCRHHHIIHHIHHOHRCHIOORCC/HHRROIIHRRICIIHIIHICRHHRHOHHOO	com/moonsworth/lunar/client/click/lotusfish/mixin
com/moonsworth/lunar/client/OIRIOIIIRICICCHORICRRIRROHCRIC/RHIRRICCRHHHIIHHIHHOHRCHIOORCC/HHRROIIHRRICIIHIIHICRHHRHOHHOO/HHRROIIHRRICIIHIIHICRHHRHOHHOO	com/moonsworth/lunar/client/click/lotusfish/mixin/mixin
com/moonsworth/lunar/client/OIRIOIIIRICICCHORICRRIRROHCRIC/RHIRRICCRHHHIIHHIHHOHRCHIOORCC/HHRROIIHRRICIIHIIHICRHHRHOHHOO/HORHROIOIOICIRHIOCOICHHHIHCIIO	com/moonsworth/lunar/client/click/lotusfish/mixin/mixin2
com/moonsworth/lunar/client/OIRIOIIIRICICCHORICRRIRROHCRIC/RHIRRICCRHHHIIHHIHHOHRCHIOORCC/HHRROIIHRRICIIHIIHICRHHRHOHHOO/HRICOROOOCCOCOROCRHHCRRIRCOICO	com/moonsworth/lunar/client/click/lotusfish/mixin/mixin3
com/moonsworth/lunar/client/OIRIOIIIRICICCHORICRRIRROHCRIC/RHIRRICCRHHHIIHHIHHOHRCHIOORCC/HORHROIOIOICIRHIOCOICHHHIHCIIO	com/moonsworth/lunar/client/click/lotusfish/mixin2
com/moonsworth/lunar/client/OORHIHOOORHHIRORRICRRORCHRRIIC	com/moonsworth/lunar/client/glintcolorizer
com/moonsworth/lunar/client/OORHIHOOORHHIRORRICRRORCHRRIIC/HHRROIIHRRICIIHIIHICRHHRHOHHOO	com/moonsworth/lunar/client/glintcolorizer/mixin
com/moonsworth/lunar/client/OORHIHOOORHHIRORRICRRORCHRRIIC/HHRROIIHRRICIIHIIHICRHHRHOHHOO/HHRROIIHRRICIIHIIHICRHHRHOHHOO	com/moonsworth/lunar/client/glintcolorizer/mixin/mixin
com/moonsworth/lunar/client/OORHIHOOORHHIRORRICRRORCHRRIIC/HHRROIIHRRICIIHIIHICRHHRHOHHOO/HORHROIOIOICIRHIOCOICHHHIHCIIO	com/moonsworth/lunar/client/glintcolorizer/mixin/mixin2
com/moonsworth/lunar/client/OORHIHOOORHHIRORRICRRORCHRRIIC/HORHROIOIOICIRHIOCOICHHHIHCIIO	com/moonsworth/lunar/client/glintcolorizer/mixin2
com/moonsworth/lunar/client/OORHIHOOORHHIRORRICRRORCHRRIIC/HORHROIOIOICIRHIOCOICHHHIHCIIO/HHRROIIHRRICIIHIIHICRHHRHOHHOO	com/moonsworth/lunar/client/glintcolorizer/mixin2/mixin
com/moonsworth/lunar/client/OORHIHOOORHHIRORRICRRORCHRRIIC/HORHROIOIOICIRHIOCOICHHHIHCIIO/HORHROIOIOICIRHIOCOICHHHIHCIIO	com/moonsworth/lunar/client/glintcolorizer/mixin2/mixin2
com/moonsworth/lunar/client/OORHIHOOORHHIRORRICRRORCHRRIIC/HORHROIOIOICIRHIOCOICHHHIHCIIO/HORHROIOIOICIRHIOCOICHHHIHCIIO/HORHROIOIOICIRHIOCOICHHHIHCIIO	com/moonsworth/lunar/client/glintcolorizer/mixin2/mixin2/mixin
com/moonsworth/lunar/client/OORHIHOOORHHIRORRICRRORCHRRIIC/HORHROIOIOICIRHIOCOICHHHIHCIIO/HORHROIOIOICIRHIOCOICHHHIHCIIO/HORHROIOIOICIRHIOCOICHHHIHCIIO/HHRROIIHRRICIIHIIHICRHHRHOHHOO	com/moonsworth/lunar/client/glintcolorizer/mixin2/mixin2/mixin/mixin
com/moonsworth/lunar/client/OORHIHOOORHHIRORRICRRORCHRRIIC/HORHROIOIOICIRHIOCOICHHHIHCIIO/HORHROIOIOICIRHIOCOICHHHIHCIIO/HORHROIOIOICIRHIOCOICHHHIHCIIO/HORHROIOIOICIRHIOCOICHHHIHCIIO	com/moonsworth/lunar/client/glintcolorizer/mixin2/mixin2/mixin/mixin2
com/moonsworth/lunar/client/OORHIHOOORHHIRORRICRRORCHRRIIC/HORHROIOIOICIRHIOCOICHHHIHCIIO/HORHROIOIOICIRHIOCOICHHHIHCIIO/HORHROIOIOICIRHIOCOICHHHIHCIIO/HRICOROOOCCOCOROCRHHCRRIRCOICO	com/moonsworth/lunar/client/glintcolorizer/mixin2/mixin2/mixin/mixin3
com/moonsworth/lunar/client/OORHIHOOORHHIRORRICRRORCHRRIIC/HORHROIOIOICIRHIOCOICHHHIHCIIO/HORHROIOIOICIRHIOCOICHHHIHCIIO/HORHROIOIOICIRHIOCOICHHHIHCIIO/ICRHORIIHOHROHOHOCOOHOOCOORRHO	com/moonsworth/lunar/client/glintcolorizer/mixin2/mixin2/mixin/nameplate
com/moonsworth/lunar/client/OORHIHOOORHHIRORRICRRORCHRRIIC/HRICOROOOCCOCOROCRHHCRRIRCOICO	com/moonsworth/lunar/client/glintcolorizer/mixin3
com/moonsworth/lunar/client/OORHIHOOORHHIRORRICRRORCHRRIIC/HRICOROOOCCOCOROCRHHCRRIRCOICO/HORHROIOIOICIRHIOCOICHHHIHCIIO	com/moonsworth/lunar/client/glintcolorizer/mixin3/mixin
com/moonsworth/lunar/client/OORHIHOOORHHIRORRICRRORCHRRIIC/HRICOROOOCCOCOROCRHHCRRIRCOICO/HORHROIOIOICIRHIOCOICHHHIHCIIO/HHRROIIHRRICIIHIIHICRHHRHOHHOO	com/moonsworth/lunar/client/glintcolorizer/mixin3/mixin/mixin
com/moonsworth/lunar/client/OORHIHOOORHHIRORRICRRORCHRRIIC/HRICOROOOCCOCOROCRHHCRRIRCOICO/HORHROIOIOICIRHIOCOICHHHIHCIIO/HORHROIOIOICIRHIOCOICHHHIHCIIO	com/moonsworth/lunar/client/glintcolorizer/mixin3/mixin/mixin2
com/moonsworth/lunar/client/OORHIHOOORHHIRORRICRRORCHRRIIC/HRICOROOOCCOCOROCRHHCRRIRCOICO/HORHROIOIOICIRHIOCOICHHHIHCIIO/HORHROIOIOICIRHIOCOICHHHIHCIIO/HHRROIIHRRICIIHIIHICRHHRHOHHOO	com/moonsworth/lunar/client/glintcolorizer/mixin3/mixin/mixin2/mixin
com/moonsworth/lunar/client/OORHIHOOORHHIRORRICRRORCHRRIIC/HRICOROOOCCOCOROCRHHCRRIRCOICO/HORHROIOIOICIRHIOCOICHHHIHCIIO/HORHROIOIOICIRHIOCOICHHHIHCIIO/HORHROIOIOICIRHIOCOICHHHIHCIIO	com/moonsworth/lunar/client/glintcolorizer/mixin3/mixin/mixin2/mixin2
com/moonsworth/lunar/client/OORHIHOOORHHIRORRICRRORCHRRIIC/HRICOROOOCCOCOROCRHHCRRIRCOICO/HORHROIOIOICIRHIOCOICHHHIHCIIO/HORHROIOIOICIRHIOCOICHHHIHCIIO/HRICOROOOCCOCOROCRHHCRRIRCOICO	com/moonsworth/lunar/client/glintcolorizer/mixin3/mixin/mixin2/mixin3
com/moonsworth/lunar/client/OORHIHOOORHHIRORRICRRORCHRRIIC/HRICOROOOCCOCOROCRHHCRRIRCOICO/HORHROIOIOICIRHIOCOICHHHIHCIIO/HORHROIOIOICIRHIOCOICHHHIHCIIO/ICRHORIIHOHROHOHOCOOHOOCOORRHO	com/moonsworth/lunar/client/glintcolorizer/mixin3/mixin/mixin2/nameplate
com/moonsworth/lunar/client/OORHIHOOORHHIRORRICRRORCHRRIIC/HRICOROOOCCOCOROCRHHCRRIRCOICO/HORHROIOIOICIRHIOCOICHHHIHCIIO/HORHROIOIOICIRHIOCOICHHHIHCIIO/OHROCHICOIOICHOCRROORRCIIICIHO	com/moonsworth/lunar/client/glintcolorizer/mixin3/mixin/mixin2/holograms
com/moonsworth/lunar/client/OORHIHOOORHHIRORRICRRORCHRRIIC/HRICOROOOCCOCOROCRHHCRRIRCOICO/HORHROIOIOICIRHIOCOICHHHIHCIIO/HORHROIOIOICIRHIOCOICHHHIHCIIO/ORCHOHHCOHCORRICRIHCHHRORHHCHH	com/moonsworth/lunar/client/glintcolorizer/mixin3/mixin/mixin2/highlight
com/moonsworth/lunar/client/OORHIHOOORHHIRORRICRRORCHRRIIC/HRICOROOOCCOCOROCRHHCRRIRCOICO/HORHROIOIOICIRHIOCOICHHHIHCIIO/HORHROIOIOICIRHIOCOICHHHIHCIIO/RCIOICOHRIOIIRRRROCRHCIICRROHO	com/moonsworth/lunar/client/glintcolorizer/mixin3/mixin/mixin2/rewindhandlers
com/moonsworth/lunar/client/OORHIHOOORHHIRORRICRRORCHRRIIC/ICRHORIIHOHROHOHOCOOHOOCOORRHO	com/moonsworth/lunar/client/glintcolorizer/nameplate
com/moonsworth/lunar/client/OORHIHOOORHHIRORRICRRORCHRRIIC/ICRHORIIHOHROHOHOCOOHOOCOORRHO/HHRROIIHRRICIIHIIHICRHHRHOHHOO	com/moonsworth/lunar/client/glintcolorizer/nameplate/mixin
com/moonsworth/lunar/client/OORHIHOOORHHIRORRICRRORCHRRIIC/ICRHORIIHOHROHOHOCOOHOOCOORRHO/HHRROIIHRRICIIHIIHICRHHRHOHHOO/HORHROIOIOICIRHIOCOICHHHIHCIIO	com/moonsworth/lunar/client/glintcolorizer/nameplate/mixin/mixin
com/moonsworth/lunar/client/OORHIHOOORHHIRORRICRRORCHRRIIC/ICRHORIIHOHROHOHOCOOHOOCOORRHO/HHRROIIHRRICIIHIIHICRHHRHOHHOO/HORHROIOIOICIRHIOCOICHHHIHCIIO/HORHROIOIOICIRHIOCOICHHHIHCIIO	com/moonsworth/lunar/client/glintcolorizer/nameplate/mixin/mixin/mixin
com/moonsworth/lunar/client/OORHIHOOORHHIRORRICRRORCHRRIIC/ICRHORIIHOHROHOHOCOOHOOCOORRHO/HORHROIOIOICIRHIOCOICHHHIHCIIO	com/moonsworth/lunar/client/glintcolorizer/nameplate/mixin2
com/moonsworth/lunar/client/OORHIHOOORHHIRORRICRRORCHRRIIC/ICRHORIIHOHROHOHOCOOHOOCOORRHO/HORHROIOIOICIRHIOCOICHHHIHCIIO/HHRROIIHRRICIIHIIHICRHHRHOHHOO	com/moonsworth/lunar/client/glintcolorizer/nameplate/mixin2/mixin
com/moonsworth/lunar/client/OORHIHOOORHHIRORRICRRORCHRRIIC/ICRHORIIHOHROHOHOCOOHOOCOORRHO/HORHROIOIOICIRHIOCOICHHHIHCIIO/HORHROIOIOICIRHIOCOICHHHIHCIIO	com/moonsworth/lunar/client/glintcolorizer/nameplate/mixin2/mixin2
com/moonsworth/lunar/client/ORCCOORHRRCOHOHRRHIHRRIOCOHCIC	com/moonsworth/lunar/client/menublur
com/moonsworth/lunar/client/ORCCOORHRRCOHOHRRHIHRRIOCOHCIC/HORHROIOIOICIRHIOCOICHHHIHCIIO	com/moonsworth/lunar/client/menublur/mixin
com/moonsworth/lunar/client/ORCCOORHRRCOHOHRRHIHRRIOCOHCIC/HORHROIOIOICIRHIOCOICHHHIHCIIO/HORHROIOIOICIRHIOCOICHHHIHCIIO	com/moonsworth/lunar/client/menublur/mixin/mixin
com/moonsworth/lunar/client/ORCCOORHRRCOHOHRRHIHRRIOCOHCIC/HORHROIOIOICIRHIOCOICHHHIHCIIO/HORHROIOIOICIRHIOCOICHHHIHCIIO/HHRROIIHRRICIIHIIHICRHHRHOHHOO	com/moonsworth/lunar/client/menublur/mixin/mixin/mixin2
com/moonsworth/lunar/client/ORCCOORHRRCOHOHRRHIHRRIOCOHCIC/HORHROIOIOICIRHIOCOICHHHIHCIIO/HORHROIOIOICIRHIOCOICHHHIHCIIO/HHRROIIHRRICIIHIIHICRHHRHOHHOO/HORHROIOIOICIRHIOCOICHHHIHCIIO	com/moonsworth/lunar/client/menublur/mixin/mixin/mixin2/mixin
com/moonsworth/lunar/client/ORCCOORHRRCOHOHRRHIHRRIOCOHCIC/HORHROIOIOICIRHIOCOICHHHIHCIIO/HORHROIOIOICIRHIOCOICHHHIHCIIO/HORHROIOIOICIRHIOCOICHHHIHCIIO	com/moonsworth/lunar/client/menublur/mixin/mixin/mixin
com/moonsworth/lunar/client/ORCCOORHRRCOHOHRRHIHRRIOCOHCIC/HORHROIOIOICIRHIOCOICHHHIHCIIO/HORHROIOIOICIRHIOCOICHHHIHCIIO/HORHROIOIOICIRHIOCOICHHHIHCIIO/HHRROIIHRRICIIHIIHICRHHRHOHHOO	com/moonsworth/lunar/client/menublur/mixin/mixin/mixin/mixin
com/moonsworth/lunar/client/ORCCOORHRRCOHOHRRHIHRRIOCOHCIC/HORHROIOIOICIRHIOCOICHHHIHCIIO/HORHROIOIOICIRHIOCOICHHHIHCIIO/HORHROIOIOICIRHIOCOICHHHIHCIIO/HORHROIOIOICIRHIOCOICHHHIHCIIO	com/moonsworth/lunar/client/menublur/mixin/mixin/mixin/mixin2
com/moonsworth/lunar/client/ORCCOORHRRCOHOHRRHIHRRIOCOHCIC/HORHROIOIOICIRHIOCOICHHHIHCIIO/HORHROIOIOICIRHIOCOICHHHIHCIIO/HORHROIOIOICIRHIOCOICHHHIHCIIO/HRICOROOOCCOCOROCRHHCRRIRCOICO	com/moonsworth/lunar/client/menublur/mixin/mixin/mixin/mixin3
com/moonsworth/lunar/client/ORCCOORHRRCOHOHRRHIHRRIOCOHCIC/HORHROIOIOICIRHIOCOICHHHIHCIIO/HORHROIOIOICIRHIOCOICHHHIHCIIO/HRICOROOOCCOCOROCRHHCRRIRCOICO	com/moonsworth/lunar/client/menublur/mixin/mixin/mixin3
com/moonsworth/lunar/client/ORCHOHHCOHCORRICRIHCHHRORHHCHH	com/moonsworth/lunar/client/highlight
com/moonsworth/lunar/client/ORCHOHHCOHCORRICRIHCHHRORHHCHH/HORHROIOIOICIRHIOCOICHHHIHCIIO	com/moonsworth/lunar/client/highlight/mixin
com/moonsworth/lunar/client/ORCHOHHCOHCORRICRIHCHHRORHHCHH/HORHROIOIOICIRHIOCOICHHHIHCIIO/HHRROIIHRRICIIHIIHICRHHRHOHHOO	com/moonsworth/lunar/client/highlight/mixin/mixin
com/moonsworth/lunar/client/ORCHOHHCOHCORRICRIHCHHRORHHCHH/HORHROIOIOICIRHIOCOICHHHIHCIIO/HORHROIOIOICIRHIOCOICHHHIHCIIO	com/moonsworth/lunar/client/highlight/mixin/mixin2
com/moonsworth/lunar/client/ORCHOHHCOHCORRICRIHCHHRORHHCHH/HORHROIOIOICIRHIOCOICHHHIHCIIO/HRICOROOOCCOCOROCRHHCRRIRCOICO	com/moonsworth/lunar/client/highlight/mixin/mixin3
com/moonsworth/lunar/client/ORCHOHHCOHCORRICRIHCHHRORHHCHH/HORHROIOIOICIRHIOCOICHHHIHCIIO/HROHOIOCHIRIHICOORIHOHCIOIRIIH	com/moonsworth/lunar/client/highlight/mixin/fishing
com/moonsworth/lunar/client/ORCHOHHCOHCORRICRIHCHHRORHHCHH/HORHROIOIOICIRHIOCOICHHHIHCIIO/HROHOIOCHIRIHICOORIHOHCIOIRIIH/HHRROIIHRRICIIHIIHICRHHRHOHHOO	com/moonsworth/lunar/client/highlight/mixin/fishing/mixin
com/moonsworth/lunar/client/ORCHOHHCOHCORRICRIHCHHRORHHCHH/HORHROIOIOICIRHIOCOICHHHIHCIIO/HROHOIOCHIRIHICOORIHOHCIOIRIIH/HORHROIOIOICIRHIOCOICHHHIHCIIO	com/moonsworth/lunar/client/highlight/mixin/fishing/mixin2
com/moonsworth/lunar/client/ORCHOHHCOHCORRICRIHCHHRORHHCHH/HORHROIOIOICIRHIOCOICHHHIHCIIO/HROHOIOCHIRIHICOORIHOHCIOIRIIH/HORHROIOIOICIRHIOCOICHHHIHCIIO/HORHROIOIOICIRHIOCOICHHHIHCIIO	com/moonsworth/lunar/client/highlight/mixin/fishing/mixin2/mixin
com/moonsworth/lunar/client/ORCHOHHCOHCORRICRIHCHHRORHHCHH/HORHROIOIOICIRHIOCOICHHHIHCIIO/ICRHORIIHOHROHOHOCOOHOOCOORRHO	com/moonsworth/lunar/client/highlight/mixin/nameplate
com/moonsworth/lunar/client/ORCHOHHCOHCORRICRIHCHHRORHHCHH/HORHROIOIOICIRHIOCOICHHHIHCIIO/OHROCHICOIOICHOCRROORRCIIICIHO	com/moonsworth/lunar/client/highlight/mixin/holograms
com/moonsworth/lunar/client/ORCHOHHCOHCORRICRIHCHHRORHHCHH/HORHROIOIOICIRHIOCOICHHHIHCIIO/OHROCHICOIOICHOCRROORRCIIICIHO/HORHROIOIOICIRHIOCOICHHHIHCIIO	com/moonsworth/lunar/client/highlight/mixin/holograms/mixin
com/moonsworth/lunar/client/ORCHOHHCOHCORRICRIHCHHRORHHCHH/HORHROIOIOICIRHIOCOICHHHIHCIIO/ORCHOHHCOHCORRICRIHCHHRORHHCHH	com/moonsworth/lunar/client/highlight/mixin/highlight
com/moonsworth/lunar/client/ORCHOHHCOHCORRICRIHCHHRORHHCHH/HORHROIOIOICIRHIOCOICHHHIHCIIO/ORICHRORRORHORHOIHCRHOORCRRHOI	com/moonsworth/lunar/client/highlight/mixin/gui
com/moonsworth/lunar/client/ORCHOHHCOHCORRICRIHCHHRORHHCHH/HORHROIOIOICIRHIOCOICHHHIHCIIO/RCIOICOHRIOIIRRRROCRHCIICRROHO	com/moonsworth/lunar/client/highlight/mixin/rewindhandlers
com/moonsworth/lunar/client/ORICHRORRORHORHOIHCRHOORCRRHOI	com/moonsworth/lunar/client/gui
com/moonsworth/lunar/client/RCIOICOHRIOIIRRRROCRHCIICRROHO	com/moonsworth/lunar/client/feature
com/moonsworth/lunar/client/RCIOICOHRIOIIRRRROCRHCIICRROHO/HHRROIIHRRICIIHIIHICRHHRHOHHOO	com/moonsworth/lunar/client/feature/mixin
com/moonsworth/lunar/client/RCIOICOHRIOIIRRRROCRHCIICRROHO/HORHROIOIOICIRHIOCOICHHHIHCIIO	com/moonsworth/lunar/client/feature/mixin2
com/moonsworth/lunar/client/RCIOICOHRIOIIRRRROCRHCIICRROHO/HORHROIOIOICIRHIOCOICHHHIHCIIO/HORHROIOIOICIRHIOCOICHHHIHCIIO	com/moonsworth/lunar/client/feature/mixin2/mixin
com/moonsworth/lunar/client/RCIOICOHRIOIIRRRROCRHCIICRROHO/HRICOROOOCCOCOROCRHHCRRIRCOICO	com/moonsworth/lunar/client/feature/mixin3
com/moonsworth/lunar/client/RCOHRRRHRIOORHCRORIIHCCORRCRRC	com/moonsworth/lunar/client/animations
com/moonsworth/lunar/client/RCOHRRRHRIOORHCRORIIHCCORRCRRC/HORHROIOIOICIRHIOCOICHHHIHCIIO	com/moonsworth/lunar/client/animations/mixin
com/moonsworth/lunar/client/RCOHRRRHRIOORHCRORIIHCCORRCRRC/HORHROIOIOICIRHIOCOICHHHIHCIIO/HORHROIOIOICIRHIOCOICHHHIHCIIO	com/moonsworth/lunar/client/animations/mixin/mixin
com/moonsworth/lunar/client/RHIRRICCRHHHIIHHIHHOHRCHIOORCC	com/moonsworth/lunar/client/lotusfish
com/moonsworth/lunar/client/RHRHIOOCICIORIOCIHHCIIRCRHHOII	com/moonsworth/lunar/client/autotexthotkey
com/moonsworth/lunar/client/RIHHRCCHRCRRIOOOIHICHCCHIRRCCC	com/moonsworth/lunar/client/minimap
com/moonsworth/lunar/client/RIHHRCCHRCRRIOOOIHICHCCHIRRCCC/HORHROIOIOICIRHIOCOICHHHIHCIIO	com/moonsworth/lunar/client/minimap/mixin
com/moonsworth/lunar/client/RIHHRCCHRCRRIOOOIHICHCCHIRRCCC/HORHROIOIOICIRHIOCOICHHHIHCIIO/HHRROIIHRRICIIHIIHICRHHRHOHHOO	com/moonsworth/lunar/client/minimap/mixin/mixin2
com/moonsworth/lunar/client/RIHHRCCHRCRRIOOOIHICHCCHIRRCCC/HORHROIOIOICIRHIOCOICHHHIHCIIO/HHRROIIHRRICIIHIIHICRHHRHOHHOO/HORHROIOIOICIRHIOCOICHHHIHCIIO	com/moonsworth/lunar/client/minimap/mixin/mixin2/mixin
com/moonsworth/lunar/client/RIHHRCCHRCRRIOOOIHICHCCHIRRCCC/HORHROIOIOICIRHIOCOICHHHIHCIIO/HHRROIIHRRICIIHIIHICRHHRHOHHOO/HORHROIOIOICIRHIOCOICHHHIHCIIO/HORHROIOIOICIRHIOCOICHHHIHCIIO	com/moonsworth/lunar/client/minimap/mixin/mixin2/mixin/mixin
com/moonsworth/lunar/client/RIHHRCCHRCRRIOOOIHICHCCHIRRCCC/HORHROIOIOICIRHIOCOICHHHIHCIIO/HORHROIOIOICIRHIOCOICHHHIHCIIO	com/moonsworth/lunar/client/minimap/mixin/mixin
com/moonsworth/lunar/client/RIHHRCCHRCRRIOOOIHICHCCHIRRCCC/HORHROIOIOICIRHIOCOICHHHIHCIIO/HORHROIOIOICIRHIOCOICHHHIHCIIO/HHRROIIHRRICIIHIIHICRHHRHOHHOO	com/moonsworth/lunar/client/minimap/mixin/mixin/mixin2
com/moonsworth/lunar/client/RIHHRCCHRCRRIOOOIHICHCCHIRRCCC/HORHROIOIOICIRHIOCOICHHHIHCIIO/HORHROIOIOICIRHIOCOICHHHIHCIIO/HORHROIOIOICIRHIOCOICHHHIHCIIO	com/moonsworth/lunar/client/minimap/mixin/mixin/mixin3
com/moonsworth/lunar/client/RIHHRCCHRCRRIOOOIHICHCCHIRRCCC/HORHROIOIOICIRHIOCOICHHHIHCIIO/HORHROIOIOICIRHIOCOICHHHIHCIIO/HRICOROOOCCOCOROCRHHCRRIRCOICO	com/moonsworth/lunar/client/minimap/mixin/mixin/mixin4
com/moonsworth/lunar/client/RIHHRCCHRCRRIOOOIHICHCCHIRRCCC/HORHROIOIOICIRHIOCOICHHHIHCIIO/HORHROIOIOICIRHIOCOICHHHIHCIIO/ICRHORIIHOHROHOHOCOOHOOCOORRHO	com/moonsworth/lunar/client/minimap/mixin/mixin/mixin
com/moonsworth/lunar/client/RIHHRCCHRCRRIOOOIHICHCCHIRRCCC/HORHROIOIOICIRHIOCOICHHHIHCIIO/HORHROIOIOICIRHIOCOICHHHIHCIIO/ICRHORIIHOHROHOHOCOOHOOCOORRHO/HORHROIOIOICIRHIOCOICHHHIHCIIO	com/moonsworth/lunar/client/minimap/mixin/mixin/mixin/mixin
com/moonsworth/lunar/client/RIHHRCCHRCRRIOOOIHICHCCHIRRCCC/HORHROIOIOICIRHIOCOICHHHIHCIIO/HORHROIOIOICIRHIOCOICHHHIHCIIO/OHROCHICOIOICHOCRROORRCIIICIHO	com/moonsworth/lunar/client/minimap/mixin/mixin/mixin5
com/moonsworth/lunar/client/RIHHRCCHRCRRIOOOIHICHCCHIRRCCC/HORHROIOIOICIRHIOCOICHHHIHCIIO/HORHROIOIOICIRHIOCOICHHHIHCIIO/RCIOICOHRIOIIRRRROCRHCIICRROHO	com/moonsworth/lunar/client/minimap/mixin/mixin/mixin6
com/moonsworth/lunar/client/RIIICIRHRCIHOOOORHOICRIICCCRHR	com/moonsworth/lunar/client/calculator
com/moonsworth/lunar/client/RIIICIRHRCIHOOOORHOICRIICCCRHR/HORHROIOIOICIRHIOCOICHHHIHCIIO	com/moonsworth/lunar/client/calculator/mixin
com/moonsworth/lunar/client/RIIIOHCCHRRRORICCHIIHHOORIIOIR	com/moonsworth/lunar/client/gui2
com/moonsworth/lunar/client/RIIIOHCCHRRRORICCHIIHHOORIIOIR/HHRROIIHRRICIIHIIHICRHHRHOHHOO	com/moonsworth/lunar/client/gui2/mixin
com/moonsworth/lunar/client/RIIIOHCCHRRRORICCHIIHHOORIIOIR/HORHROIOIOICIRHIOCOICHHHIHCIIO	com/moonsworth/lunar/client/gui2/mixin2
com/moonsworth/lunar/client/RIIIOHCCHRRRORICCHIIHHOORIIOIR/HRICOROOOCCOCOROCRHHCRRIRCOICO	com/moonsworth/lunar/client/gui2/mixin3
com/moonsworth/lunar/client/RIIIOHCCHRRRORICCHIIHHOORIIOIR/ICRHORIIHOHROHOHOCOOHOOCOORRHO	com/moonsworth/lunar/client/gui2/nameplate
com/moonsworth/lunar/client/RIIIOHCCHRRRORICCHIIHHOORIIOIR/OHROCHICOIOICHOCRROORRCIIICIHO	com/moonsworth/lunar/client/gui2/holograms
com/moonsworth/lunar/client/RIIIOHCCHRRRORICCHIIHHOORIIOIR/RCIOICOHRIOIIRRRROCRHCIICRROHO	com/moonsworth/lunar/client/gui2/rewindhandlers
com/moonsworth/lunar/client/RIOOCHHOCHRIIROCRHOOIRHCOCOOCI	com/moonsworth/lunar/client/pkg46
com/moonsworth/lunar/client/RIOOHRCHIRCIICRIRCOCHIRHHCOIRO	com/moonsworth/lunar/client/keystrokes
com/moonsworth/lunar/client/RRCIOHHRCRCCOCCIOROHORCRROHCOC	com/moonsworth/lunar/client/killsounds
com/moonsworth/lunar/client/RRCIOHHRCRCCOCCIOROHORCRROHCOC/HHRROIIHRRICIIHIIHICRHHRHOHHOO	com/moonsworth/lunar/client/killsounds/mixin
com/moonsworth/lunar/client/RRCIOHHRCRCCOCCIOROHORCRROHCOC/HHRROIIHRRICIIHIIHICRHHRHOHHOO/HORHROIOIOICIRHIOCOICHHHIHCIIO	com/moonsworth/lunar/client/killsounds/mixin/mixin
com/moonsworth/lunar/client/RRCIOHHRCRCCOCCIOROHORCRROHCOC/HORHROIOIOICIRHIOCOICHHHIHCIIO	com/moonsworth/lunar/client/killsounds/mixin2
com/moonsworth/lunar/client/RRCIOHHRCRCCOCCIOROHORCRROHCOC/HORHROIOIOICIRHIOCOICHHHIHCIIO/HORHROIOIOICIRHIOCOICHHHIHCIIO	com/moonsworth/lunar/client/killsounds/mixin2/mixin
com/moonsworth/lunar/client/RRIHRICRHHHHHIIOOCOCICOIHCIIRC	com/moonsworth/lunar/client/heightlimit
com/moonsworth/lunar/client/util/CCROIHHHCOCHHOHORCIRHOCRROIOCI	com/moonsworth/lunar/client/util/colorsaturation
com/moonsworth/lunar/client/util/HHRROIIHRRICIIHIIHICRHHRHOHHOO	com/moonsworth/lunar/client/util/mixin
com/moonsworth/lunar/client/util/HHRROIIHRRICIIHIIHICRHHRHOHHOO/HORHROIOIOICIRHIOCOICHHHIHCIIO	com/moonsworth/lunar/client/util/mixin/mixin
com/moonsworth/lunar/client/util/HIOROOCORHICHIRIHIRCCORCIIICCH	com/moonsworth/lunar/client/util/coordinates
com/moonsworth/lunar/client/util/HORHROIOIOICIRHIOCOICHHHIHCIIO	com/moonsworth/lunar/client/util/mixin2
com/moonsworth/lunar/client/util/HRICOROOOCCOCOROCRHHCRRIRCOICO	com/moonsworth/lunar/client/util/mixin3
com/moonsworth/lunar/client/util/HRICOROOOCCOCOROCRHHCRRIRCOICO/HORHROIOIOICIRHIOCOICHHHIHCIIO	com/moonsworth/lunar/client/util/mixin3/mixin
com/moonsworth/lunar/client/util/HROHOIOCHIRIHICOORIHOHCIOIRIIH	com/moonsworth/lunar/client/util/fishing
com/moonsworth/lunar/client/util/ICRHORIIHOHROHOHOCOOHOOCOORRHO	com/moonsworth/lunar/client/util/nameplate
com/moonsworth/lunar/client/util/IHRHHRIHICHOOICIRIOOHOICHIRHOI	com/moonsworth/lunar/client/util/alert
com/moonsworth/lunar/client/util/OHOOORICRHIIIIRHCICICOCHROICRC	com/moonsworth/lunar/client/util/chest
com/moonsworth/lunar/client/util/OHOOORICRHIIIIRHCICICOCHROICRC/HORHROIOIOICIRHIOCOICHHHIHCIIO	com/moonsworth/lunar/client/util/chest/mixin
com/moonsworth/lunar/client/util/OHROCHICOIOICHOCRROORRCIIICIHO	com/moonsworth/lunar/client/util/holograms
com/moonsworth/lunar/client/util/OIRIOIIIRICICCHORICRRIRROHCRIC	com/moonsworth/lunar/client/util/click
com/moonsworth/lunar/client/util/ORCHOHHCOHCORRICRIHCHHRORHHCHH	com/moonsworth/lunar/client/util/highlight
com/moonsworth/lunar/client/util/ORICHRORRORHORHOIHCRHOORCRRHOI	com/moonsworth/lunar/client/util/gui
com/moonsworth/lunar/client/util/RCIOICOHRIOIIRRRROCRHCIICRROHO	com/moonsworth/lunar/client/util/rewindhandlers
com/moonsworth/lunar/client/util/RHIRRICCRHHHIIHHIHHOHRCHIOORCC	com/moonsworth/lunar/client/util/lotusfish
com/moonsworth/lunar/client/util/RHIRRICCRHHHIIHHIHHOHRCHIOORCC/HORHROIOIOICIRHIOCOICHHHIHCIIO	com/moonsworth/lunar/client/util/lotusfish/mixin
com/moonsworth/lunar/forge/HHRROIIHRRICIIHIIHICRHHRHOHHOO	com/moonsworth/lunar/forge/mixin3
com/moonsworth/lunar/forge/HORHROIOIOICIRHIOCOICHHHIHCIIO	com/moonsworth/lunar/forge/mixin4
com/moonsworth/lunar/forge/HRICOROOOCCOCOROCRHHCRRIRCOICO	com/moonsworth/lunar/forge/mixin5
com/moonsworth/lunar/forge/HRICOROOOCCOCOROCRHHCRRIRCOICO/HORHROIOIOICIRHIOCOICHHHIHCIIO	com/moonsworth/lunar/forge/mixin5/mixin
com/moonsworth/lunar/forge/ICRHORIIHOHROHOHOCOOHOOCOORRHO	com/moonsworth/lunar/forge/mixin2
com/moonsworth/lunar/forge/ICRHORIIHOHROHOHOCOOHOOCOORRHO/HORHROIOIOICIRHIOCOICHHHIHCIIO	com/moonsworth/lunar/forge/mixin2/mixin
com/moonsworth/lunar/forge/RCIOICOHRIOIIRRRROCRHCIICRROHO	com/moonsworth/lunar/forge/mixin
com/moonsworth/lunar/forge/RCIOICOHRIOIIRRRROCRHCIICRROHO/HORHROIOIOICIRHIOCOICHHHIHCIIO	com/moonsworth/lunar/forge/mixin/mixin
com/moonsworth/lunar/forge/lib/HHRROIIHRRICIIHIIHICRHHRHOHHOO	com/moonsworth/lunar/forge/lib/mixin
com/moonsworth/lunar/forge/lib/HHRROIIHRRICIIHIIHICRHHRHOHHOO/HORHROIOIOICIRHIOCOICHHHIHCIIO	com/moonsworth/lunar/forge/lib/mixin/mixin
com/moonsworth/lunar/forge/lib/HORHROIOIOICIRHIOCOICHHHIHCIIO	com/moonsworth/lunar/forge/lib/mixin2
com/moonsworth/lunar/forge/lib/HORHROIOIOICIRHIOCOICHHHIHCIIO/HHRROIIHRRICIIHIIHICRHHRHOHHOO	com/moonsworth/lunar/forge/lib/mixin2/mixin
com/moonsworth/lunar/forge/lib/HORHROIOIOICIRHIOCOICHHHIHCIIO/HORHROIOIOICIRHIOCOICHHHIHCIIO	com/moonsworth/lunar/forge/lib/mixin2/mixin2
com/moonsworth/lunar/forge/lib/HORHROIOIOICIRHIOCOICHHHIHCIIO/HORHROIOIOICIRHIOCOICHHHIHCIIO/HHRROIIHRRICIIHIIHICRHHRHOHHOO	com/moonsworth/lunar/forge/lib/mixin2/mixin2/mixin
com/moonsworth/lunar/forge/lib/HORHROIOIOICIRHIOCOICHHHIHCIIO/HORHROIOIOICIRHIOCOICHHHIHCIIO/HORHROIOIOICIRHIOCOICHHHIHCIIO	com/moonsworth/lunar/forge/lib/mixin2/mixin2/mixin2
com/moonsworth/lunar/forge/lib/HORHROIOIOICIRHIOCOICHHHIHCIIO/HORHROIOIOICIRHIOCOICHHHIHCIIO/HRICOROOOCCOCOROCRHHCRRIRCOICO	com/moonsworth/lunar/forge/lib/mixin2/mixin2/mixin3
com/moonsworth/lunar/forge/lib/HORHROIOIOICIRHIOCOICHHHIHCIIO/HORHROIOIOICIRHIOCOICHHHIHCIIO/HROHOIOCHIRIHICOORIHOHCIOIRIIH	com/moonsworth/lunar/forge/lib/mixin2/mixin2/mixin4
com/moonsworth/lunar/forge/lib/HORHROIOIOICIRHIOCOICHHHIHCIIO/HORHROIOIOICIRHIOCOICHHHIHCIIO/ICRHORIIHOHROHOHOCOOHOOCOORRHO	com/moonsworth/lunar/forge/lib/mixin2/mixin2/mixin5
com/moonsworth/lunar/forge/lib/HORHROIOIOICIRHIOCOICHHHIHCIIO/HORHROIOIOICIRHIOCOICHHHIHCIIO/OHROCHICOIOICHOCRROORRCIIICIHO	com/moonsworth/lunar/forge/lib/mixin2/mixin2/mixin6
com/moonsworth/lunar/forge/lib/HORHROIOIOICIRHIOCOICHHHIHCIIO/HORHROIOIOICIRHIOCOICHHHIHCIIO/ORCHOHHCOHCORRICRIHCHHRORHHCHH	com/moonsworth/lunar/forge/lib/mixin2/mixin2/mixin7
com/moonsworth/lunar/forge/lib/HORHROIOIOICIRHIOCOICHHHIHCIIO/HORHROIOIOICIRHIOCOICHHHIHCIIO/ORICHRORRORHORHOIHCRHOORCRRHOI	com/moonsworth/lunar/forge/lib/mixin2/mixin2/mixin8
com/moonsworth/lunar/forge/lib/HORHROIOIOICIRHIOCOICHHHIHCIIO/HORHROIOIOICIRHIOCOICHHHIHCIIO/RCIOICOHRIOIIRRRROCRHCIICRROHO	com/moonsworth/lunar/forge/lib/mixin2/mixin2/mixin9
com/moonsworth/lunar/forge/lib/HORHROIOIOICIRHIOCOICHHHIHCIIO/HRICOROOOCCOCOROCRHHCRRIRCOICO	com/moonsworth/lunar/forge/lib/mixin2/mixin3
com/moonsworth/lunar/forge/lib/HORHROIOIOICIRHIOCOICHHHIHCIIO/HRICOROOOCCOCOROCRHHCRRIRCOICO/CCROIHHHCOCHHOHORCIRHOCRROIOCI	com/moonsworth/lunar/forge/lib/mixin2/mixin3/mixin
com/moonsworth/lunar/forge/lib/HORHROIOIOICIRHIOCOICHHHIHCIIO/HRICOROOOCCOCOROCRHHCRRIRCOICO/HHRROIIHRRICIIHIIHICRHHRHOHHOO	com/moonsworth/lunar/forge/lib/mixin2/mixin3/mixin2
com/moonsworth/lunar/forge/lib/HORHROIOIOICIRHIOCOICHHHIHCIIO/HRICOROOOCCOCOROCRHHCRRIRCOICO/HIOROOCORHICHIRIHIRCCORCIIICCH	com/moonsworth/lunar/forge/lib/mixin2/mixin3/mixin3
com/moonsworth/lunar/forge/lib/HORHROIOIOICIRHIOCOICHHHIHCIIO/HRICOROOOCCOCOROCRHHCRRIRCOICO/HORHROIOIOICIRHIOCOICHHHIHCIIO	com/moonsworth/lunar/forge/lib/mixin2/mixin3/mixin4
com/moonsworth/lunar/forge/lib/HORHROIOIOICIRHIOCOICHHHIHCIIO/HRICOROOOCCOCOROCRHHCRRIRCOICO/HRICOROOOCCOCOROCRHHCRRIRCOICO	com/moonsworth/lunar/forge/lib/mixin2/mixin3/mixin5
com/moonsworth/lunar/forge/lib/HORHROIOIOICIRHIOCOICHHHIHCIIO/HRICOROOOCCOCOROCRHHCRRIRCOICO/HROHOIOCHIRIHICOORIHOHCIOIRIIH	com/moonsworth/lunar/forge/lib/mixin2/mixin3/mixin6
com/moonsworth/lunar/forge/lib/HORHROIOIOICIRHIOCOICHHHIHCIIO/HRICOROOOCCOCOROCRHHCRRIRCOICO/ICRHORIIHOHROHOHOCOOHOOCOORRHO	com/moonsworth/lunar/forge/lib/mixin2/mixin3/mixin7
com/moonsworth/lunar/forge/lib/HORHROIOIOICIRHIOCOICHHHIHCIIO/HRICOROOOCCOCOROCRHHCRRIRCOICO/OHOOORICRHIIIIRHCICICOCHROICRC	com/moonsworth/lunar/forge/lib/mixin2/mixin3/mixin8
com/moonsworth/lunar/forge/lib/HORHROIOIOICIRHIOCOICHHHIHCIIO/HRICOROOOCCOCOROCRHHCRRIRCOICO/OHROCHICOIOICHOCRROORRCIIICIHO	com/moonsworth/lunar/forge/lib/mixin2/mixin3/mixin9
com/moonsworth/lunar/forge/lib/HORHROIOIOICIRHIOCOICHHHIHCIIO/HRICOROOOCCOCOROCRHHCRRIRCOICO/OIRIOIIIRICICCHORICRRIRROHCRIC	com/moonsworth/lunar/forge/lib/mixin2/mixin3/mixin10
com/moonsworth/lunar/forge/lib/HORHROIOIOICIRHIOCOICHHHIHCIIO/HRICOROOOCCOCOROCRHHCRRIRCOICO/ORCHOHHCOHCORRICRIHCHHRORHHCHH	com/moonsworth/lunar/forge/lib/mixin2/mixin3/mixin11
com/moonsworth/lunar/forge/lib/HORHROIOIOICIRHIOCOICHHHIHCIIO/HRICOROOOCCOCOROCRHHCRRIRCOICO/ORICHRORRORHORHOIHCRHOORCRRHOI	com/moonsworth/lunar/forge/lib/mixin2/mixin3/mixin12
com/moonsworth/lunar/forge/lib/HORHROIOIOICIRHIOCOICHHHIHCIIO/HRICOROOOCCOCOROCRHHCRRIRCOICO/RCIOICOHRIOIIRRRROCRHCIICRROHO	com/moonsworth/lunar/forge/lib/mixin2/mixin3/mixin13
com/moonsworth/lunar/forge/lib/HORHROIOIOICIRHIOCOICHHHIHCIIO/HRICOROOOCCOCOROCRHHCRRIRCOICO/RHIRRICCRHHHIIHHIHHOHRCHIOORCC	com/moonsworth/lunar/forge/lib/mixin2/mixin3/mixin14
com/moonsworth/lunar/forge/lib/HORHROIOIOICIRHIOCOICHHHIHCIIO/ICRHORIIHOHROHOHOCOOHOOCOORRHO	com/moonsworth/lunar/forge/lib/mixin2/mixin4
com/moonsworth/lunar/forge/lib/HORHROIOIOICIRHIOCOICHHHIHCIIO/ICRHORIIHOHROHOHOCOOHOOCOORRHO/HHRROIIHRRICIIHIIHICRHHRHOHHOO	com/moonsworth/lunar/forge/lib/mixin2/mixin4/mixin
com/moonsworth/lunar/forge/lib/HORHROIOIOICIRHIOCOICHHHIHCIIO/ICRHORIIHOHROHOHOCOOHOOCOORRHO/HORHROIOIOICIRHIOCOICHHHIHCIIO	com/moonsworth/lunar/forge/lib/mixin2/mixin4/mixin2
com/moonsworth/lunar/forge/lib/HORHROIOIOICIRHIOCOICHHHIHCIIO/ICRHORIIHOHROHOHOCOOHOOCOORRHO/HORHROIOIOICIRHIOCOICHHHIHCIIO/HORHROIOIOICIRHIOCOICHHHIHCIIO	com/moonsworth/lunar/forge/lib/mixin2/mixin4/mixin2/mixin
com/moonsworth/lunar/forge/lib/HORHROIOIOICIRHIOCOICHHHIHCIIO/ICRHORIIHOHROHOHOCOOHOOCOORRHO/HORHROIOIOICIRHIOCOICHHHIHCIIO/HORHROIOIOICIRHIOCOICHHHIHCIIO/HORHROIOIOICIRHIOCOICHHHIHCIIO	com/moonsworth/lunar/forge/lib/mixin2/mixin4/mixin2/mixin/mixin
com/moonsworth/lunar/forge/lib/HORHROIOIOICIRHIOCOICHHHIHCIIO/ICRHORIIHOHROHOHOCOOHOOCOORRHO/HRICOROOOCCOCOROCRHHCRRIRCOICO	com/moonsworth/lunar/forge/lib/mixin2/mixin4/mixin3
com/moonsworth/lunar/forge/lib/HORHROIOIOICIRHIOCOICHHHIHCIIO/ICRHORIIHOHROHOHOCOOHOOCOORRHO/HRICOROOOCCOCOROCRHHCRRIRCOICO/HORHROIOIOICIRHIOCOICHHHIHCIIO	com/moonsworth/lunar/forge/lib/mixin2/mixin4/mixin3/mixin
com/moonsworth/lunar/forge/lib/HORHROIOIOICIRHIOCOICHHHIHCIIO/ICRHORIIHOHROHOHOCOOHOOCOORRHO/HRICOROOOCCOCOROCRHHCRRIRCOICO/HORHROIOIOICIRHIOCOICHHHIHCIIO/HORHROIOIOICIRHIOCOICHHHIHCIIO	com/moonsworth/lunar/forge/lib/mixin2/mixin4/mixin3/mixin/mixin
com/moonsworth/lunar/forge/lib/HORHROIOIOICIRHIOCOICHHHIHCIIO/OHROCHICOIOICHOCRROORRCIIICIHO	com/moonsworth/lunar/forge/lib/mixin2/mixin5
com/moonsworth/lunar/forge/lib/HORHROIOIOICIRHIOCOICHHHIHCIIO/ORCHOHHCOHCORRICRIHCHHRORHHCHH	com/moonsworth/lunar/forge/lib/mixin2/mixin6
com/moonsworth/lunar/forge/lib/HORHROIOIOICIRHIOCOICHHHIHCIIO/RCIOICOHRIOIIRRRROCRHCIICRROHO	com/moonsworth/lunar/forge/lib/mixin2/mixin7
com/moonsworth/lunar/forge/lib/HORHROIOIOICIRHIOCOICHHHIHCIIO/RCIOICOHRIOIIRRRROCRHCIICRROHO/HORHROIOIOICIRHIOCOICHHHIHCIIO	com/moonsworth/lunar/forge/lib/mixin2/mixin7/mixin
com/moonsworth/lunar/forge/lib/HORHROIOIOICIRHIOCOICHHHIHCIIO/RCIOICOHRIOIIRRRROCRHCIICRROHO/HORHROIOIOICIRHIOCOICHHHIHCIIO/HORHROIOIOICIRHIOCOICHHHIHCIIO	com/moonsworth/lunar/forge/lib/mixin2/mixin7/mixin/mixin
com/moonsworth/lunar/forge/lib/HRICOROOOCCOCOROCRHHCRRIRCOICO	com/moonsworth/lunar/forge/lib/mixin3
com/moonsworth/lunar/forge/lib/HRICOROOOCCOCOROCRHHCRRIRCOICO/HORHROIOIOICIRHIOCOICHHHIHCIIO	com/moonsworth/lunar/forge/lib/mixin3/mixin
com/moonsworth/lunar/forge/lib/ICRHORIIHOHROHOHOCOOHOOCOORRHO	com/moonsworth/lunar/forge/lib/mixin4
com/moonsworth/lunar/forge/lib/ICRHORIIHOHROHOHOCOOHOOCOORRHO/HHRROIIHRRICIIHIIHICRHHRHOHHOO	com/moonsworth/lunar/forge/lib/mixin4/mixin
com/moonsworth/lunar/forge/lib/ICRHORIIHOHROHOHOCOOHOOCOORRHO/HORHROIOIOICIRHIOCOICHHHIHCIIO	com/moonsworth/lunar/forge/lib/mixin4/mixin2
com/moonsworth/lunar/forge/lib/ICRHORIIHOHROHOHOCOOHOOCOORRHO/HRICOROOOCCOCOROCRHHCRRIRCOICO	com/moonsworth/lunar/forge/lib/mixin4/mixin3
com/moonsworth/lunar/forge/lib/ICRHORIIHOHROHOHOCOOHOOCOORRHO/ICRHORIIHOHROHOHOCOOHOOCOORRHO	com/moonsworth/lunar/forge/lib/mixin4/mixin4
com/moonsworth/lunar/forge/lib/ICRHORIIHOHROHOHOCOOHOOCOORRHO/OHROCHICOIOICHOCRROORRCIIICIHO	com/moonsworth/lunar/forge/lib/mixin4/mixin5
com/moonsworth/lunar/forge/lib/ICRHORIIHOHROHOHOCOOHOOCOORRHO/ORCHOHHCOHCORRICRIHCHHRORHHCHH	com/moonsworth/lunar/forge/lib/mixin4/mixin6
com/moonsworth/lunar/forge/lib/ICRHORIIHOHROHOHOCOOHOOCOORRHO/ORICHRORRORHORHOIHCRHOORCRRHOI	com/moonsworth/lunar/forge/lib/mixin4/mixin7
com/moonsworth/lunar/forge/lib/ICRHORIIHOHROHOHOCOOHOOCOORRHO/RCIOICOHRIOIIRRRROCRHCIICRROHO	com/moonsworth/lunar/forge/lib/mixin4/mixin8
com/moonsworth/lunar/genesis/HORHROIOIOICIRHIOCOICHHHIHCIIO	com/moonsworth/lunar/genesis/mixin
com/moonsworth/lunar/genesis/HORHROIOIOICIRHIOCOICHHHIHCIIO/HORHROIOIOICIRHIOCOICHHHIHCIIO	com/moonsworth/lunar/genesis/mixin/mixin
com/moonsworth/lunar/genesis/HORHROIOIOICIRHIOCOICHHHIHCIIO/HORHROIOIOICIRHIOCOICHHHIHCIIO/HHRROIIHRRICIIHIIHICRHHRHOHHOO	com/moonsworth/lunar/genesis/mixin/mixin/mixin
com/moonsworth/lunar/genesis/HORHROIOIOICIRHIOCOICHHHIHCIIO/HORHROIOIOICIRHIOCOICHHHIHCIIO/HHRROIIHRRICIIHIIHICRHHRHOHHOO/HORHROIOIOICIRHIOCOICHHHIHCIIO	com/moonsworth/lunar/genesis/mixin/mixin/mixin/mixin
com/moonsworth/lunar/genesis/HORHROIOIOICIRHIOCOICHHHIHCIIO/HORHROIOIOICIRHIOCOICHHHIHCIIO/HORHROIOIOICIRHIOCOICHHHIHCIIO	com/moonsworth/lunar/genesis/mixin/mixin/mixin2
com/moonsworth/lunar/genesis/HORHROIOIOICIRHIOCOICHHHIHCIIO/HORHROIOIOICIRHIOCOICHHHIHCIIO/HORHROIOIOICIRHIOCOICHHHIHCIIO/CCROIHHHCOCHHOHORCIRHOCRROIOCI	com/moonsworth/lunar/genesis/mixin/mixin/mixin2/mixin
com/moonsworth/lunar/genesis/HORHROIOIOICIRHIOCOICHHHIHCIIO/HORHROIOIOICIRHIOCOICHHHIHCIIO/HORHROIOIOICIRHIOCOICHHHIHCIIO/HHRROIIHRRICIIHIIHICRHHRHOHHOO	com/moonsworth/lunar/genesis/mixin/mixin/mixin2/mixin2
com/moonsworth/lunar/genesis/HORHROIOIOICIRHIOCOICHHHIHCIIO/HORHROIOIOICIRHIOCOICHHHIHCIIO/HORHROIOIOICIRHIOCOICHHHIHCIIO/HHRROIIHRRICIIHIIHICRHHRHOHHOO/HORHROIOIOICIRHIOCOICHHHIHCIIO	com/moonsworth/lunar/genesis/mixin/mixin/mixin2/mixin2/mixin
com/moonsworth/lunar/genesis/HORHROIOIOICIRHIOCOICHHHIHCIIO/HORHROIOIOICIRHIOCOICHHHIHCIIO/HORHROIOIOICIRHIOCOICHHHIHCIIO/HIOROOCORHICHIRIHIRCCORCIIICCH	com/moonsworth/lunar/genesis/mixin/mixin/mixin2/mixin3
com/moonsworth/lunar/genesis/HORHROIOIOICIRHIOCOICHHHIHCIIO/HORHROIOIOICIRHIOCOICHHHIHCIIO/HORHROIOIOICIRHIOCOICHHHIHCIIO/HORHROIOIOICIRHIOCOICHHHIHCIIO	com/moonsworth/lunar/genesis/mixin/mixin/mixin2/mixin4
com/moonsworth/lunar/genesis/HORHROIOIOICIRHIOCOICHHHIHCIIO/HORHROIOIOICIRHIOCOICHHHIHCIIO/HORHROIOIOICIRHIOCOICHHHIHCIIO/HRICOROOOCCOCOROCRHHCRRIRCOICO	com/moonsworth/lunar/genesis/mixin/mixin/mixin2/mixin5
com/moonsworth/lunar/genesis/HORHROIOIOICIRHIOCOICHHHIHCIIO/HORHROIOIOICIRHIOCOICHHHIHCIIO/HORHROIOIOICIRHIOCOICHHHIHCIIO/HROHOIOCHIRIHICOORIHOHCIOIRIIH	com/moonsworth/lunar/genesis/mixin/mixin/mixin2/mixin6
com/moonsworth/lunar/genesis/HORHROIOIOICIRHIOCOICHHHIHCIIO/HORHROIOIOICIRHIOCOICHHHIHCIIO/HORHROIOIOICIRHIOCOICHHHIHCIIO/ICRHORIIHOHROHOHOCOOHOOCOORRHO	com/moonsworth/lunar/genesis/mixin/mixin/mixin2/mixin7
com/moonsworth/lunar/genesis/HORHROIOIOICIRHIOCOICHHHIHCIIO/HORHROIOIOICIRHIOCOICHHHIHCIIO/HORHROIOIOICIRHIOCOICHHHIHCIIO/IHRHHRIHICHOOICIRIOOHOICHIRHOI	com/moonsworth/lunar/genesis/mixin/mixin/mixin2/mixin8
com/moonsworth/lunar/genesis/HORHROIOIOICIRHIOCOICHHHIHCIIO/HORHROIOIOICIRHIOCOICHHHIHCIIO/HORHROIOIOICIRHIOCOICHHHIHCIIO/IHRHHRIHICHOOICIRIOOHOICHIRHOI/HORHROIOIOICIRHIOCOICHHHIHCIIO	com/moonsworth/lunar/genesis/mixin/mixin/mixin2/mixin8/mixin
com/moonsworth/lunar/genesis/HORHROIOIOICIRHIOCOICHHHIHCIIO/HORHROIOIOICIRHIOCOICHHHIHCIIO/HORHROIOIOICIRHIOCOICHHHIHCIIO/IHRHHRIHICHOOICIRIOOHOICHIRHOI/HORHROIOIOICIRHIOCOICHHHIHCIIO/HORHROIOIOICIRHIOCOICHHHIHCIIO	com/moonsworth/lunar/genesis/mixin/mixin/mixin2/mixin8/mixin/mixin
com/moonsworth/lunar/genesis/HORHROIOIOICIRHIOCOICHHHIHCIIO/HORHROIOIOICIRHIOCOICHHHIHCIIO/HORHROIOIOICIRHIOCOICHHHIHCIIO/IIORCIOOIHRRRICOHIRCIHOOCCOHRO	com/moonsworth/lunar/genesis/mixin/mixin/mixin2/mixin9
com/moonsworth/lunar/genesis/HORHROIOIOICIRHIOCOICHHHIHCIIO/HORHROIOIOICIRHIOCOICHHHIHCIIO/HORHROIOIOICIRHIOCOICHHHIHCIIO/OHOOORICRHIIIIRHCICICOCHROICRC	com/moonsworth/lunar/genesis/mixin/mixin/mixin2/mixin10
com/moonsworth/lunar/genesis/HORHROIOIOICIRHIOCOICHHHIHCIIO/HORHROIOIOICIRHIOCOICHHHIHCIIO/HORHROIOIOICIRHIOCOICHHHIHCIIO/OHROCHICOIOICHOCRROORRCIIICIHO	com/moonsworth/lunar/genesis/mixin/mixin/mixin2/mixin11
com/moonsworth/lunar/genesis/HORHROIOIOICIRHIOCOICHHHIHCIIO/HORHROIOIOICIRHIOCOICHHHIHCIIO/HORHROIOIOICIRHIOCOICHHHIHCIIO/OIRIOIIIRICICCHORICRRIRROHCRIC	com/moonsworth/lunar/genesis/mixin/mixin/mixin2/mixin12
com/moonsworth/lunar/genesis/HORHROIOIOICIRHIOCOICHHHIHCIIO/HORHROIOIOICIRHIOCOICHHHIHCIIO/HORHROIOIOICIRHIOCOICHHHIHCIIO/ORCHOHHCOHCORRICRIHCHHRORHHCHH	com/moonsworth/lunar/genesis/mixin/mixin/mixin2/mixin13
com/moonsworth/lunar/genesis/HORHROIOIOICIRHIOCOICHHHIHCIIO/HORHROIOIOICIRHIOCOICHHHIHCIIO/HORHROIOIOICIRHIOCOICHHHIHCIIO/ORICHRORRORHORHOIHCRHOORCRRHOI	com/moonsworth/lunar/genesis/mixin/mixin/mixin2/mixin14
com/moonsworth/lunar/genesis/HORHROIOIOICIRHIOCOICHHHIHCIIO/HORHROIOIOICIRHIOCOICHHHIHCIIO/HORHROIOIOICIRHIOCOICHHHIHCIIO/RCIOICOHRIOIIRRRROCRHCIICRROHO	com/moonsworth/lunar/genesis/mixin/mixin/mixin2/mixin15
com/moonsworth/lunar/genesis/HORHROIOIOICIRHIOCOICHHHIHCIIO/HORHROIOIOICIRHIOCOICHHHIHCIIO/HORHROIOIOICIRHIOCOICHHHIHCIIO/RHIRRICCRHHHIIHHIHHOHRCHIOORCC	com/moonsworth/lunar/genesis/mixin/mixin/mixin2/mixin16
com/moonsworth/lunar/ichor/CCROIHHHCOCHHOHORCIRHOCRROIOCI	com/moonsworth/lunar/ichor/mixin
com/moonsworth/lunar/ichor/HHRROIIHRRICIIHIIHICRHHRHOHHOO	com/moonsworth/lunar/ichor/mixin2
com/moonsworth/lunar/ichor/HORHROIOIOICIRHIOCOICHHHIHCIIO	com/moonsworth/lunar/ichor/mixin3
com/moonsworth/lunar/ichor/HORHROIOIOICIRHIOCOICHHHIHCIIO/HORHROIOIOICIRHIOCOICHHHIHCIIO	com/moonsworth/lunar/ichor/mixin3/mixin
com/moonsworth/lunar/ichor/HRICOROOOCCOCOROCRHHCRRIRCOICO	com/moonsworth/lunar/ichor/mixin4
com/moonsworth/lunar/ichor/HRICOROOOCCOCOROCRHHCRRIRCOICO/HORHROIOIOICIRHIOCOICHHHIHCIIO	com/moonsworth/lunar/ichor/mixin4/mixin
com/moonsworth/lunar/ichor/HROHOIOCHIRIHICOORIHOHCIOIRIIH	com/moonsworth/lunar/ichor/mixin5
com/moonsworth/lunar/ichor/ICRHORIIHOHROHOHOCOOHOOCOORRHO	com/moonsworth/lunar/ichor/mixin6
com/moonsworth/lunar/ichor/ICRHORIIHOHROHOHOCOOHOOCOORRHO/HORHROIOIOICIRHIOCOICHHHIHCIIO	com/moonsworth/lunar/ichor/mixin6/mixin
com/moonsworth/lunar/ichor/ICRHORIIHOHROHOHOCOOHOOCOORRHO/HORHROIOIOICIRHIOCOICHHHIHCIIO/HORHROIOIOICIRHIOCOICHHHIHCIIO	com/moonsworth/lunar/ichor/mixin6/mixin/mixin
com/moonsworth/lunar/ichor/OHOOORICRHIIIIRHCICICOCHROICRC	com/moonsworth/lunar/ichor/mixin7
com/moonsworth/lunar/ichor/OHROCHICOIOICHOCRROORRCIIICIHO	com/moonsworth/lunar/ichor/mixin8
com/moonsworth/lunar/ichor/OHROCHICOIOICHOCRROORRCIIICIHO/HHRROIIHRRICIIHIIHICRHHRHOHHOO	com/moonsworth/lunar/ichor/mixin8/mixin
com/moonsworth/lunar/ichor/OHROCHICOIOICHOCRROORRCIIICIHO/HORHROIOIOICIRHIOCOICHHHIHCIIO	com/moonsworth/lunar/ichor/mixin8/mixin2
com/moonsworth/lunar/ichor/OHROCHICOIOICHOCRROORRCIIICIHO/HORHROIOIOICIRHIOCOICHHHIHCIIO/HORHROIOIOICIRHIOCOICHHHIHCIIO	com/moonsworth/lunar/ichor/mixin8/mixin2/mixin
com/moonsworth/lunar/ichor/OIRIOIIIRICICCHORICRRIRROHCRIC	com/moonsworth/lunar/ichor/mixin9
com/moonsworth/lunar/ichor/ORCHOHHCOHCORRICRIHCHHRORHHCHH	com/moonsworth/lunar/ichor/mixin10
com/moonsworth/lunar/ichor/ORICHRORRORHORHOIHCRHOORCRRHOI	com/moonsworth/lunar/ichor/mixin11
com/moonsworth/lunar/ichor/RCIOICOHRIOIIRRRROCRHCIICRROHO	com/moonsworth/lunar/ichor/mixin12
com/moonsworth/lunar/legacy/HHRROIIHRRICIIHIIHICRHHRHOHHOO	com/moonsworth/lunar/legacy/mixin2
com/moonsworth/lunar/legacy/HHRROIIHRRICIIHIIHICRHHRHOHHOO/HHRROIIHRRICIIHIIHICRHHRHOHHOO	com/moonsworth/lunar/legacy/mixin2/mixin
com/moonsworth/lunar/legacy/HHRROIIHRRICIIHIIHICRHHRHOHHOO/HHRROIIHRRICIIHIIHICRHHRHOHHOO/CCROIHHHCOCHHOHORCIRHOCRROIOCI	com/moonsworth/lunar/legacy/mixin2/mixin/mixin7
com/moonsworth/lunar/legacy/HHRROIIHRRICIIHIIHICRHHRHOHHOO/HHRROIIHRRICIIHIIHICRHHRHOHHOO/CCROIHHHCOCHHOHORCIRHOCRROIOCI/HORHROIOIOICIRHIOCOICHHHIHCIIO	com/moonsworth/lunar/legacy/mixin2/mixin/mixin7/mixin
com/moonsworth/lunar/legacy/HHRROIIHRRICIIHIIHICRHHRHOHHOO/HHRROIIHRRICIIHIIHICRHHRHOHHOO/CCROIHHHCOCHHOHORCIRHOCRROIOCI/HORHROIOIOICIRHIOCOICHHHIHCIIO/HORHROIOIOICIRHIOCOICHHHIHCIIO	com/moonsworth/lunar/legacy/mixin2/mixin/mixin7/mixin/mixin
com/moonsworth/lunar/legacy/HHRROIIHRRICIIHIIHICRHHRHOHHOO/HHRROIIHRRICIIHIIHICRHHRHOHHOO/HHRROIIHRRICIIHIIHICRHHRHOHHOO	com/moonsworth/lunar/legacy/mixin2/mixin/mixin9
com/moonsworth/lunar/legacy/HHRROIIHRRICIIHIIHICRHHRHOHHOO/HHRROIIHRRICIIHIIHICRHHRHOHHOO/HIOROOCORHICHIRIHIRCCORCIIICCH	com/moonsworth/lunar/legacy/mixin2/mixin/mixin10
com/moonsworth/lunar/legacy/HHRROIIHRRICIIHIIHICRHHRHOHHOO/HHRROIIHRRICIIHIIHICRHHRHOHHOO/HORHROIOIOICIRHIOCOICHHHIHCIIO	com/moonsworth/lunar/legacy/mixin2/mixin/mixin11
com/moonsworth/lunar/legacy/HHRROIIHRRICIIHIIHICRHHRHOHHOO/HHRROIIHRRICIIHIIHICRHHRHOHHOO/HRICOROOOCCOCOROCRHHCRRIRCOICO	com/moonsworth/lunar/legacy/mixin2/mixin/mixin
com/moonsworth/lunar/legacy/HHRROIIHRRICIIHIIHICRHHRHOHHOO/HHRROIIHRRICIIHIIHICRHHRHOHHOO/HRICOROOOCCOCOROCRHHCRRIRCOICO/CCROIHHHCOCHHOHORCIRHOCRROIOCI	com/moonsworth/lunar/legacy/mixin2/mixin/mixin/mixin4
com/moonsworth/lunar/legacy/HHRROIIHRRICIIHIIHICRHHRHOHHOO/HHRROIIHRRICIIHIIHICRHHRHOHHOO/HRICOROOOCCOCOROCRHHCRRIRCOICO/HHRROIIHRRICIIHIIHICRHHRHOHHOO	com/moonsworth/lunar/legacy/mixin2/mixin/mixin/mixin3
com/moonsworth/lunar/legacy/HHRROIIHRRICIIHIIHICRHHRHOHHOO/HHRROIIHRRICIIHIIHICRHHRHOHHOO/HRICOROOOCCOCOROCRHHCRRIRCOICO/HHRROIIHRRICIIHIIHICRHHRHOHHOO/HORHROIOIOICIRHIOCOICHHHIHCIIO	com/moonsworth/lunar/legacy/mixin2/mixin/mixin/mixin3/mixin
com/moonsworth/lunar/legacy/HHRROIIHRRICIIHIIHICRHHRHOHHOO/HHRROIIHRRICIIHIIHICRHHRHOHHOO/HRICOROOOCCOCOROCRHHCRRIRCOICO/HORHROIOIOICIRHIOCOICHHHIHCIIO	com/moonsworth/lunar/legacy/mixin2/mixin/mixin/mixin5
com/moonsworth/lunar/legacy/HHRROIIHRRICIIHIIHICRHHRHOHHOO/HHRROIIHRRICIIHIIHICRHHRHOHHOO/HRICOROOOCCOCOROCRHHCRRIRCOICO/HRICOROOOCCOCOROCRHHCRRIRCOICO	com/moonsworth/lunar/legacy/mixin2/mixin/mixin/mixin2
com/moonsworth/lunar/legacy/HHRROIIHRRICIIHIIHICRHHRHOHHOO/HHRROIIHRRICIIHIIHICRHHRHOHHOO/HRICOROOOCCOCOROCRHHCRRIRCOICO/HRICOROOOCCOCOROCRHHCRRIRCOICO/HHRROIIHRRICIIHIIHICRHHRHOHHOO	com/moonsworth/lunar/legacy/mixin2/mixin/mixin/mixin2/mixin
com/moonsworth/lunar/legacy/HHRROIIHRRICIIHIIHICRHHRHOHHOO/HHRROIIHRRICIIHIIHICRHHRHOHHOO/HRICOROOOCCOCOROCRHHCRRIRCOICO/HRICOROOOCCOCOROCRHHCRRIRCOICO/HORHROIOIOICIRHIOCOICHHHIHCIIO	com/moonsworth/lunar/legacy/mixin2/mixin/mixin/mixin2/mixin2
com/moonsworth/lunar/legacy/HHRROIIHRRICIIHIIHICRHHRHOHHOO/HHRROIIHRRICIIHIIHICRHHRHOHHOO/HRICOROOOCCOCOROCRHHCRRIRCOICO/HROHOIOCHIRIHICOORIHOHCIOIRIIH	com/moonsworth/lunar/legacy/mixin2/mixin/mixin/mixin6
com/moonsworth/lunar/legacy/HHRROIIHRRICIIHIIHICRHHRHOHHOO/HHRROIIHRRICIIHIIHICRHHRHOHHOO/HRICOROOOCCOCOROCRHHCRRIRCOICO/ICRHORIIHOHROHOHOCOOHOOCOORRHO	com/moonsworth/lunar/legacy/mixin2/mixin/mixin/mixin7
com/moonsworth/lunar/legacy/HHRROIIHRRICIIHIIHICRHHRHOHHOO/HHRROIIHRRICIIHIIHICRHHRHOHHOO/HRICOROOOCCOCOROCRHHCRRIRCOICO/OHROCHICOIOICHOCRROORRCIIICIHO	com/moonsworth/lunar/legacy/mixin2/mixin/mixin/mixin8
com/moonsworth/lunar/legacy/HHRROIIHRRICIIHIIHICRHHRHOHHOO/HHRROIIHRRICIIHIIHICRHHRHOHHOO/HRICOROOOCCOCOROCRHHCRRIRCOICO/ORCHOHHCOHCORRICRIHCHHRORHHCHH	com/moonsworth/lunar/legacy/mixin2/mixin/mixin/mixin
com/moonsworth/lunar/legacy/HHRROIIHRRICIIHIIHICRHHRHOHHOO/HHRROIIHRRICIIHIIHICRHHRHOHHOO/HRICOROOOCCOCOROCRHHCRRIRCOICO/ORCHOHHCOHCORRICRIHCHHRORHHCHH/HHRROIIHRRICIIHIIHICRHHRHOHHOO	com/moonsworth/lunar/legacy/mixin2/mixin/mixin/mixin/mixin
com/moonsworth/lunar/legacy/HHRROIIHRRICIIHIIHICRHHRHOHHOO/HHRROIIHRRICIIHIIHICRHHRHOHHOO/HRICOROOOCCOCOROCRHHCRRIRCOICO/ORCHOHHCOHCORRICRIHCHHRORHHCHH/HHRROIIHRRICIIHIIHICRHHRHOHHOO/HORHROIOIOICIRHIOCOICHHHIHCIIO	com/moonsworth/lunar/legacy/mixin2/mixin/mixin/mixin/mixin/mixin
com/moonsworth/lunar/legacy/HHRROIIHRRICIIHIIHICRHHRHOHHOO/HHRROIIHRRICIIHIIHICRHHRHOHHOO/HRICOROOOCCOCOROCRHHCRRIRCOICO/ORCHOHHCOHCORRICRIHCHHRORHHCHH/HORHROIOIOICIRHIOCOICHHHIHCIIO	com/moonsworth/lunar/legacy/mixin2/mixin/mixin/mixin/mixin2
com/moonsworth/lunar/legacy/HHRROIIHRRICIIHIIHICRHHRHOHHOO/HHRROIIHRRICIIHIIHICRHHRHOHHOO/HRICOROOOCCOCOROCRHHCRRIRCOICO/ORCHOHHCOHCORRICRIHCHHRORHHCHH/HRICOROOOCCOCOROCRHHCRRIRCOICO	com/moonsworth/lunar/legacy/mixin2/mixin/mixin/mixin/mixin3
com/moonsworth/lunar/legacy/HHRROIIHRRICIIHIIHICRHHRHOHHOO/HHRROIIHRRICIIHIIHICRHHRHOHHOO/HRICOROOOCCOCOROCRHHCRRIRCOICO/ORCHOHHCOHCORRICRIHCHHRORHHCHH/ICRHORIIHOHROHOHOCOOHOOCOORRHO	com/moonsworth/lunar/legacy/mixin2/mixin/mixin/mixin/mixin4
com/moonsworth/lunar/legacy/HHRROIIHRRICIIHIIHICRHHRHOHHOO/HHRROIIHRRICIIHIIHICRHHRHOHHOO/HRICOROOOCCOCOROCRHHCRRIRCOICO/ORCHOHHCOHCORRICRIHCHHRORHHCHH/OHROCHICOIOICHOCRROORRCIIICIHO	com/moonsworth/lunar/legacy/mixin2/mixin/mixin/mixin/mixin5
com/moonsworth/lunar/legacy/HHRROIIHRRICIIHIIHICRHHRHOHHOO/HHRROIIHRRICIIHIIHICRHHRHOHHOO/HRICOROOOCCOCOROCRHHCRRIRCOICO/ORCHOHHCOHCORRICRIHCHHRORHHCHH/RCIOICOHRIOIIRRRROCRHCIICRROHO	com/moonsworth/lunar/legacy/mixin2/mixin/mixin/mixin/mixin6
com/moonsworth/lunar/legacy/HHRROIIHRRICIIHIIHICRHHRHOHHOO/HHRROIIHRRICIIHIIHICRHHRHOHHOO/HRICOROOOCCOCOROCRHHCRRIRCOICO/ORICHRORRORHORHOIHCRHOORCRRHOI	com/moonsworth/lunar/legacy/mixin2/mixin/mixin/mixin9
com/moonsworth/lunar/legacy/HHRROIIHRRICIIHIIHICRHHRHOHHOO/HHRROIIHRRICIIHIIHICRHHRHOHHOO/HRICOROOOCCOCOROCRHHCRRIRCOICO/RCIOICOHRIOIIRRRROCRHCIICRROHO	com/moonsworth/lunar/legacy/mixin2/mixin/mixin/mixin10
com/moonsworth/lunar/legacy/HHRROIIHRRICIIHIIHICRHHRHOHHOO/HHRROIIHRRICIIHIIHICRHHRHOHHOO/HROHOIOCHIRIHICOORIHOHCIOIRIIH	com/moonsworth/lunar/legacy/mixin2/mixin/mixin5
com/moonsworth/lunar/legacy/HHRROIIHRRICIIHIIHICRHHRHOHHOO/HHRROIIHRRICIIHIIHICRHHRHOHHOO/HROHOIOCHIRIHICOORIHOHCIOIRIIH/HORHROIOIOICIRHIOCOICHHHIHCIIO	com/moonsworth/lunar/legacy/mixin2/mixin/mixin5/mixin
com/moonsworth/lunar/legacy/HHRROIIHRRICIIHIIHICRHHRHOHHOO/HHRROIIHRRICIIHIIHICRHHRHOHHOO/ICRHORIIHOHROHOHOCOOHOOCOORRHO	com/moonsworth/lunar/legacy/mixin2/mixin/mixin12
com/moonsworth/lunar/legacy/HHRROIIHRRICIIHIIHICRHHRHOHHOO/HHRROIIHRRICIIHIIHICRHHRHOHHOO/IHRHHRIHICHOOICIRIOOHOICHIRHOI	com/moonsworth/lunar/legacy/mixin2/mixin/mixin3
com/moonsworth/lunar/legacy/HHRROIIHRRICIIHIIHICRHHRHOHHOO/HHRROIIHRRICIIHIIHICRHHRHOHHOO/IHRHHRIHICHOOICIRIOOHOICHIRHOI/HORHROIOIOICIRHIOCOICHHHIHCIIO	com/moonsworth/lunar/legacy/mixin2/mixin/mixin3/mixin
com/moonsworth/lunar/legacy/HHRROIIHRRICIIHIIHICRHHRHOHHOO/HHRROIIHRRICIIHIIHICRHHRHOHHOO/IHRHHRIHICHOOICIRIOOHOICHIRHOI/HORHROIOIOICIRHIOCOICHHHIHCIIO/HORHROIOIOICIRHIOCOICHHHIHCIIO	com/moonsworth/lunar/legacy/mixin2/mixin/mixin3/mixin/mixin
com/moonsworth/lunar/legacy/HHRROIIHRRICIIHIIHICRHHRHOHHOO/HHRROIIHRRICIIHIIHICRHHRHOHHOO/IIORCIOOIHRRRICOHIRCIHOOCCOHRO	com/moonsworth/lunar/legacy/mixin2/mixin/mixin13
com/moonsworth/lunar/legacy/HHRROIIHRRICIIHIIHICRHHRHOHHOO/HHRROIIHRRICIIHIIHICRHHRHOHHOO/IRCHCHOHRRIOORHRCHRIHIOHRCIHRH	com/moonsworth/lunar/legacy/mixin2/mixin/mixin8
com/moonsworth/lunar/legacy/HHRROIIHRRICIIHIIHICRHHRHOHHOO/HHRROIIHRRICIIHIIHICRHHRHOHHOO/IRCHCHOHRRIOORHRCHRIHIOHRCIHRH/HORHROIOIOICIRHIOCOICHHHIHCIIO	com/moonsworth/lunar/legacy/mixin2/mixin/mixin8/mixin
com/moonsworth/lunar/legacy/HHRROIIHRRICIIHIIHICRHHRHOHHOO/HHRROIIHRRICIIHIIHICRHHRHOHHOO/OHOOORICRHIIIIRHCICICOCHROICRC	com/moonsworth/lunar/legacy/mixin2/mixin/mixin14
com/moonsworth/lunar/legacy/HHRROIIHRRICIIHIIHICRHHRHOHHOO/HHRROIIHRRICIIHIIHICRHHRHOHHOO/OHROCHICOIOICHOCRROORRCIIICIHO	com/moonsworth/lunar/legacy/mixin2/mixin/mixin15
com/moonsworth/lunar/legacy/HHRROIIHRRICIIHIIHICRHHRHOHHOO/HHRROIIHRRICIIHIIHICRHHRHOHHOO/OIRIOIIIRICICCHORICRRIRROHCRIC	com/moonsworth/lunar/legacy/mixin2/mixin/mixin6
com/moonsworth/lunar/legacy/HHRROIIHRRICIIHIIHICRHHRHOHHOO/HHRROIIHRRICIIHIIHICRHHRHOHHOO/OIRIOIIIRICICCHORICRRIRROHCRIC/HORHROIOIOICIRHIOCOICHHHIHCIIO	com/moonsworth/lunar/legacy/mixin2/mixin/mixin6/mixin
com/moonsworth/lunar/legacy/HHRROIIHRRICIIHIIHICRHHRHOHHOO/HHRROIIHRRICIIHIIHICRHHRHOHHOO/OIRIOIIIRICICCHORICRRIRROHCRIC/HORHROIOIOICIRHIOCOICHHHIHCIIO/HORHROIOIOICIRHIOCOICHHHIHCIIO	com/moonsworth/lunar/legacy/mixin2/mixin/mixin6/mixin/mixin
com/moonsworth/lunar/legacy/HHRROIIHRRICIIHIIHICRHHRHOHHOO/HHRROIIHRRICIIHIIHICRHHRHOHHOO/ORCHOHHCOHCORRICRIHCHHRORHHCHH	com/moonsworth/lunar/legacy/mixin2/mixin/mixin16
com/moonsworth/lunar/legacy/HHRROIIHRRICIIHIIHICRHHRHOHHOO/HHRROIIHRRICIIHIIHICRHHRHOHHOO/ORICHRORRORHORHOIHCRHOORCRRHOI	com/moonsworth/lunar/legacy/mixin2/mixin/mixin17
com/moonsworth/lunar/legacy/HHRROIIHRRICIIHIIHICRHHRHOHHOO/HHRROIIHRRICIIHIIHICRHHRHOHHOO/RCIOICOHRIOIIRRRROCRHCIICRROHO	com/moonsworth/lunar/legacy/mixin2/mixin/mixin4
com/moonsworth/lunar/legacy/HHRROIIHRRICIIHIIHICRHHRHOHHOO/HHRROIIHRRICIIHIIHICRHHRHOHHOO/RCIOICOHRIOIIRRRROCRHCIICRROHO/HHRROIIHRRICIIHIIHICRHHRHOHHOO	com/moonsworth/lunar/legacy/mixin2/mixin/mixin4/mixin
com/moonsworth/lunar/legacy/HHRROIIHRRICIIHIIHICRHHRHOHHOO/HHRROIIHRRICIIHIIHICRHHRHOHHOO/RCIOICOHRIOIIRRRROCRHCIICRROHO/HORHROIOIOICIRHIOCOICHHHIHCIIO	com/moonsworth/lunar/legacy/mixin2/mixin/mixin4/mixin2
com/moonsworth/lunar/legacy/HHRROIIHRRICIIHIIHICRHHRHOHHOO/HHRROIIHRRICIIHIIHICRHHRHOHHOO/RCIOICOHRIOIIRRRROCRHCIICRROHO/HRICOROOOCCOCOROCRHHCRRIRCOICO	com/moonsworth/lunar/legacy/mixin2/mixin/mixin4/mixin3
com/moonsworth/lunar/legacy/HHRROIIHRRICIIHIIHICRHHRHOHHOO/HHRROIIHRRICIIHIIHICRHHRHOHHOO/RHIRRICCRHHHIIHHIHHOHRCHIOORCC	com/moonsworth/lunar/legacy/mixin2/mixin/mixin18
com/moonsworth/lunar/legacy/HHRROIIHRRICIIHIIHICRHHRHOHHOO/HHRROIIHRRICIIHIIHICRHHRHOHHOO/RIIICIRHRCIHOOOORHOICRIICCCRHR	com/moonsworth/lunar/legacy/mixin2/mixin/mixin19
com/moonsworth/lunar/legacy/HHRROIIHRRICIIHIIHICRHHRHOHHOO/HHRROIIHRRICIIHIIHICRHHRHOHHOO/RIIIOHCCHRRRORICCHIIHHOORIIOIR	com/moonsworth/lunar/legacy/mixin2/mixin/mixin2
com/moonsworth/lunar/legacy/HHRROIIHRRICIIHIIHICRHHRHOHHOO/HHRROIIHRRICIIHIIHICRHHRHOHHOO/RIIIOHCCHRRRORICCHIIHHOORIIOIR/HHRROIIHRRICIIHIIHICRHHRHOHHOO	com/moonsworth/lunar/legacy/mixin2/mixin/mixin2/mixin2
com/moonsworth/lunar/legacy/HHRROIIHRRICIIHIIHICRHHRHOHHOO/HHRROIIHRRICIIHIIHICRHHRHOHHOO/RIIIOHCCHRRRORICCHIIHHOORIIOIR/HHRROIIHRRICIIHIIHICRHHRHOHHOO/HORHROIOIOICIRHIOCOICHHHIHCIIO	com/moonsworth/lunar/legacy/mixin2/mixin/mixin2/mixin2/mixin
com/moonsworth/lunar/legacy/HHRROIIHRRICIIHIIHICRHHRHOHHOO/HHRROIIHRRICIIHIIHICRHHRHOHHOO/RIIIOHCCHRRRORICCHIIHHOORIIOIR/HORHROIOIOICIRHIOCOICHHHIHCIIO	com/moonsworth/lunar/legacy/mixin2/mixin/mixin2/mixin3
com/moonsworth/lunar/legacy/HHRROIIHRRICIIHIIHICRHHRHOHHOO/HHRROIIHRRICIIHIIHICRHHRHOHHOO/RIIIOHCCHRRRORICCHIIHHOORIIOIR/HRICOROOOCCOCOROCRHHCRRIRCOICO	com/moonsworth/lunar/legacy/mixin2/mixin/mixin2/mixin4
com/moonsworth/lunar/legacy/HHRROIIHRRICIIHIIHICRHHRHOHHOO/HHRROIIHRRICIIHIIHICRHHRHOHHOO/RIIIOHCCHRRRORICCHIIHHOORIIOIR/ICRHORIIHOHROHOHOCOOHOOCOORRHO	com/moonsworth/lunar/legacy/mixin2/mixin/mixin2/mixin
com/moonsworth/lunar/legacy/HHRROIIHRRICIIHIIHICRHHRHOHHOO/HHRROIIHRRICIIHIIHICRHHRHOHHOO/RIIIOHCCHRRRORICCHIIHHOORIIOIR/ICRHORIIHOHROHOHOCOOHOOCOORRHO/HORHROIOIOICIRHIOCOICHHHIHCIIO	com/moonsworth/lunar/legacy/mixin2/mixin/mixin2/mixin/mixin
com/moonsworth/lunar/legacy/HHRROIIHRRICIIHIIHICRHHRHOHHOO/HORHROIOIOICIRHIOCOICHHHIHCIIO	com/moonsworth/lunar/legacy/mixin2/mixin2
com/moonsworth/lunar/legacy/HHRROIIHRRICIIHIIHICRHHRHOHHOO/HORHROIOIOICIRHIOCOICHHHIHCIIO/HORHROIOIOICIRHIOCOICHHHIHCIIO	com/moonsworth/lunar/legacy/mixin2/mixin2/mixin
com/moonsworth/lunar/legacy/HHRROIIHRRICIIHIIHICRHHRHOHHOO/HRICOROOOCCOCOROCRHHCRRIRCOICO	com/moonsworth/lunar/legacy/mixin2/mixin3
com/moonsworth/lunar/legacy/HHRROIIHRRICIIHIIHICRHHRHOHHOO/HRICOROOOCCOCOROCRHHCRRIRCOICO/HHRROIIHRRICIIHIIHICRHHRHOHHOO	com/moonsworth/lunar/legacy/mixin2/mixin3/mixin
com/moonsworth/lunar/legacy/HHRROIIHRRICIIHIIHICRHHRHOHHOO/HRICOROOOCCOCOROCRHHCRRIRCOICO/HORHROIOIOICIRHIOCOICHHHIHCIIO	com/moonsworth/lunar/legacy/mixin2/mixin3/mixin2
com/moonsworth/lunar/legacy/HHRROIIHRRICIIHIIHICRHHRHOHHOO/HRICOROOOCCOCOROCRHHCRRIRCOICO/HORHROIOIOICIRHIOCOICHHHIHCIIO/HHRROIIHRRICIIHIIHICRHHRHOHHOO	com/moonsworth/lunar/legacy/mixin2/mixin3/mixin2/mixin
com/moonsworth/lunar/legacy/HHRROIIHRRICIIHIIHICRHHRHOHHOO/HRICOROOOCCOCOROCRHHCRRIRCOICO/HORHROIOIOICIRHIOCOICHHHIHCIIO/HORHROIOIOICIRHIOCOICHHHIHCIIO	com/moonsworth/lunar/legacy/mixin2/mixin3/mixin2/mixin2
com/moonsworth/lunar/legacy/HHRROIIHRRICIIHIIHICRHHRHOHHOO/HRICOROOOCCOCOROCRHHCRRIRCOICO/HRICOROOOCCOCOROCRHHCRRIRCOICO	com/moonsworth/lunar/legacy/mixin2/mixin3/mixin3
com/moonsworth/lunar/legacy/HORHROIOIOICIRHIOCOICHHHIHCIIO	com/moonsworth/lunar/legacy/mixin4
com/moonsworth/lunar/legacy/HRICOROOOCCOCOROCRHHCRRIRCOICO	com/moonsworth/lunar/legacy/mixin
com/moonsworth/lunar/legacy/HRICOROOOCCOCOROCRHHCRRIRCOICO/CCROIHHHCOCHHOHORCIRHOCRROIOCI	com/moonsworth/lunar/legacy/mixin/mixin7
com/moonsworth/lunar/legacy/HRICOROOOCCOCOROCRHHCRRIRCOICO/HHRROIIHRRICIIHIIHICRHHRHOHHOO	com/moonsworth/lunar/legacy/mixin/mixin8
com/moonsworth/lunar/legacy/HRICOROOOCCOCOROCRHHCRRIRCOICO/HICCRORORCRIHCORCCIORIOROORIHR	com/moonsworth/lunar/legacy/mixin/mixin3
com/moonsworth/lunar/legacy/HRICOROOOCCOCOROCRHHCRRIRCOICO/HICCRORORCRIHCORCCIORIOROORIHR/HHRROIIHRRICIIHIIHICRHHRHOHHOO	com/moonsworth/lunar/legacy/mixin/mixin3/mixin
com/moonsworth/lunar/legacy/HRICOROOOCCOCOROCRHHCRRIRCOICO/HICCRORORCRIHCORCCIORIOROORIHR/HORHROIOIOICIRHIOCOICHHHIHCIIO	com/moonsworth/lunar/legacy/mixin/mixin3/mixin2
com/moonsworth/lunar/legacy/HRICOROOOCCOCOROCRHHCRRIRCOICO/HICCRORORCRIHCORCCIORIOROORIHR/HRICOROOOCCOCOROCRHHCRRIRCOICO	com/moonsworth/lunar/legacy/mixin/mixin3/mixin3
com/moonsworth/lunar/legacy/HRICOROOOCCOCOROCRHHCRRIRCOICO/HIOROOCORHICHIRIHIRCCORCIIICCH	com/moonsworth/lunar/legacy/mixin/mixin9
com/moonsworth/lunar/legacy/HRICOROOOCCOCOROCRHHCRRIRCOICO/HORHROIOIOICIRHIOCOICHHHIHCIIO	com/moonsworth/lunar/legacy/mixin/mixin10
com/moonsworth/lunar/legacy/HRICOROOOCCOCOROCRHHCRRIRCOICO/HRICOROOOCCOCOROCRHHCRRIRCOICO	com/moonsworth/lunar/legacy/mixin/mixin5
com/moonsworth/lunar/legacy/HRICOROOOCCOCOROCRHHCRRIRCOICO/HRICOROOOCCOCOROCRHHCRRIRCOICO/HHRROIIHRRICIIHIIHICRHHRHOHHOO	com/moonsworth/lunar/legacy/mixin/mixin5/mixin
com/moonsworth/lunar/legacy/HRICOROOOCCOCOROCRHHCRRIRCOICO/HRICOROOOCCOCOROCRHHCRRIRCOICO/HORHROIOIOICIRHIOCOICHHHIHCIIO	com/moonsworth/lunar/legacy/mixin/mixin5/mixin2
com/moonsworth/lunar/legacy/HRICOROOOCCOCOROCRHHCRRIRCOICO/HROHOIOCHIRIHICOORIHOHCIOIRIIH	com/moonsworth/lunar/legacy/mixin/mixin11
com/moonsworth/lunar/legacy/HRICOROOOCCOCOROCRHHCRRIRCOICO/HRORICORIHHHRICRIRCIIOHCRIRRHI	com/moonsworth/lunar/legacy/mixin/mixin12
com/moonsworth/lunar/legacy/HRICOROOOCCOCOROCRHHCRRIRCOICO/ICRHORIIHOHROHOHOCOOHOOCOORRHO	com/moonsworth/lunar/legacy/mixin/mixin
com/moonsworth/lunar/legacy/HRICOROOOCCOCOROCRHHCRRIRCOICO/ICRHORIIHOHROHOHOCOOHOOCOORRHO/CCROIHHHCOCHHOHORCIRHOCRROIOCI	com/moonsworth/lunar/legacy/mixin/mixin/mixin2
com/moonsworth/lunar/legacy/HRICOROOOCCOCOROCRHHCRRIRCOICO/ICRHORIIHOHROHOHOCOOHOOCOORRHO/CCROIHHHCOCHHOHORCIRHOCRROIOCI/HHRROIIHRRICIIHIIHICRHHRHOHHOO	com/moonsworth/lunar/legacy/mixin/mixin/mixin2/mixin
com/moonsworth/lunar/legacy/HRICOROOOCCOCOROCRHHCRRIRCOICO/ICRHORIIHOHROHOHOCOOHOOCOORRHO/CCROIHHHCOCHHOHORCIRHOCRROIOCI/HORHROIOIOICIRHIOCOICHHHIHCIIO	com/moonsworth/lunar/legacy/mixin/mixin/mixin2/mixin2
com/moonsworth/lunar/legacy/HRICOROOOCCOCOROCRHHCRRIRCOICO/ICRHORIIHOHROHOHOCOOHOOCOORRHO/HHRROIIHRRICIIHIIHICRHHRHOHHOO	com/moonsworth/lunar/legacy/mixin/mixin/mixin4
com/moonsworth/lunar/legacy/HRICOROOOCCOCOROCRHHCRRIRCOICO/ICRHORIIHOHROHOHOCOOHOOCOORRHO/HHRROIIHRRICIIHIIHICRHHRHOHHOO/HORHROIOIOICIRHIOCOICHHHIHCIIO	com/moonsworth/lunar/legacy/mixin/mixin/mixin4/mixin
com/moonsworth/lunar/legacy/HRICOROOOCCOCOROCRHHCRRIRCOICO/ICRHORIIHOHROHOHOCOOHOOCOORRHO/HORHROIOIOICIRHIOCOICHHHIHCIIO	com/moonsworth/lunar/legacy/mixin/mixin/mixin5
com/moonsworth/lunar/legacy/HRICOROOOCCOCOROCRHHCRRIRCOICO/ICRHORIIHOHROHOHOCOOHOOCOORRHO/HRICOROOOCCOCOROCRHHCRRIRCOICO	com/moonsworth/lunar/legacy/mixin/mixin/mixin3
com/moonsworth/lunar/legacy/HRICOROOOCCOCOROCRHHCRRIRCOICO/ICRHORIIHOHROHOHOCOOHOOCOORRHO/HRICOROOOCCOCOROCRHHCRRIRCOICO/HHRROIIHRRICIIHIIHICRHHRHOHHOO	com/moonsworth/lunar/legacy/mixin/mixin/mixin3/mixin
com/moonsworth/lunar/legacy/HRICOROOOCCOCOROCRHHCRRIRCOICO/ICRHORIIHOHROHOHOCOOHOOCOORRHO/HRICOROOOCCOCOROCRHHCRRIRCOICO/HORHROIOIOICIRHIOCOICHHHIHCIIO	com/moonsworth/lunar/legacy/mixin/mixin/mixin3/mixin2
com/moonsworth/lunar/legacy/HRICOROOOCCOCOROCRHHCRRIRCOICO/ICRHORIIHOHROHOHOCOOHOOCOORRHO/HROHOIOCHIRIHICOORIHOHCIOIRIIH	com/moonsworth/lunar/legacy/mixin/mixin/mixin
com/moonsworth/lunar/legacy/HRICOROOOCCOCOROCRHHCRRIRCOICO/ICRHORIIHOHROHOHOCOOHOOCOORRHO/HROHOIOCHIRIHICOORIHOHCIOIRIIH/HHRROIIHRRICIIHIIHICRHHRHOHHOO	com/moonsworth/lunar/legacy/mixin/mixin/mixin/mixin3
com/moonsworth/lunar/legacy/HRICOROOOCCOCOROCRHHCRRIRCOICO/ICRHORIIHOHROHOHOCOOHOOCOORRHO/HROHOIOCHIRIHICOORIHOHCIOIRIIH/HORHROIOIOICIRHIOCOICHHHIHCIIO	com/moonsworth/lunar/legacy/mixin/mixin/mixin/mixin
com/moonsworth/lunar/legacy/HRICOROOOCCOCOROCRHHCRRIRCOICO/ICRHORIIHOHROHOHOCOOHOOCOORRHO/HROHOIOCHIRIHICOORIHOHCIOIRIIH/HORHROIOIOICIRHIOCOICHHHIHCIIO/HORHROIOIOICIRHIOCOICHHHIHCIIO	com/moonsworth/lunar/legacy/mixin/mixin/mixin/mixin/mixin
com/moonsworth/lunar/legacy/HRICOROOOCCOCOROCRHHCRRIRCOICO/ICRHORIIHOHROHOHOCOOHOOCOORRHO/HROHOIOCHIRIHICOORIHOHCIOIRIIH/HRICOROOOCCOCOROCRHHCRRIRCOICO	com/moonsworth/lunar/legacy/mixin/mixin/mixin/mixin2
com/moonsworth/lunar/legacy/HRICOROOOCCOCOROCRHHCRRIRCOICO/ICRHORIIHOHROHOHOCOOHOOCOORRHO/HROHOIOCHIRIHICOORIHOHCIOIRIIH/HRICOROOOCCOCOROCRHHCRRIRCOICO/HORHROIOIOICIRHIOCOICHHHIHCIIO	com/moonsworth/lunar/legacy/mixin/mixin/mixin/mixin2/mixin
com/moonsworth/lunar/legacy/HRICOROOOCCOCOROCRHHCRRIRCOICO/ICRHORIIHOHROHOHOCOOHOOCOORRHO/HROHOIOCHIRIHICOORIHOHCIOIRIIH/ICRHORIIHOHROHOHOCOOHOOCOORRHO	com/moonsworth/lunar/legacy/mixin/mixin/mixin/mixin4
com/moonsworth/lunar/legacy/HRICOROOOCCOCOROCRHHCRRIRCOICO/ICRHORIIHOHROHOHOCOOHOOCOORRHO/HROHOIOCHIRIHICOORIHOHCIOIRIIH/RCIOICOHRIOIIRRRROCRHCIICRROHO	com/moonsworth/lunar/legacy/mixin/mixin/mixin/mixin5
com/moonsworth/lunar/legacy/HRICOROOOCCOCOROCRHHCRRIRCOICO/ICRHORIIHOHROHOHOCOOHOOCOORRHO/ICRHORIIHOHROHOHOCOOHOOCOORRHO	com/moonsworth/lunar/legacy/mixin/mixin/mixin6
com/moonsworth/lunar/legacy/HRICOROOOCCOCOROCRHHCRRIRCOICO/ICRHORIIHOHROHOHOCOOHOOCOORRHO/OHOOORICRHIIIIRHCICICOCHROICRC	com/moonsworth/lunar/legacy/mixin/mixin/mixin7
com/moonsworth/lunar/legacy/HRICOROOOCCOCOROCRHHCRRIRCOICO/ICRHORIIHOHROHOHOCOOHOOCOORRHO/OHROCHICOIOICHOCRROORRCIIICIHO	com/moonsworth/lunar/legacy/mixin/mixin/mixin8
com/moonsworth/lunar/legacy/HRICOROOOCCOCOROCRHHCRRIRCOICO/ICRHORIIHOHROHOHOCOOHOOCOORRHO/OIRIOIIIRICICCHORICRRIRROHCRIC	com/moonsworth/lunar/legacy/mixin/mixin/mixin9
com/moonsworth/lunar/legacy/HRICOROOOCCOCOROCRHHCRRIRCOICO/ICRHORIIHOHROHOHOCOOHOOCOORRHO/ORCHOHHCOHCORRICRIHCHHRORHHCHH	com/moonsworth/lunar/legacy/mixin/mixin/mixin10
com/moonsworth/lunar/legacy/HRICOROOOCCOCOROCRHHCRRIRCOICO/ICRHORIIHOHROHOHOCOOHOOCOORRHO/ORICHRORRORHORHOIHCRHOORCRRHOI	com/moonsworth/lunar/legacy/mixin/mixin/mixin11
com/moonsworth/lunar/legacy/HRICOROOOCCOCOROCRHHCRRIRCOICO/ICRHORIIHOHROHOHOCOOHOOCOORRHO/RCIOICOHRIOIIRRRROCRHCIICRROHO	com/moonsworth/lunar/legacy/mixin/mixin/mixin12
com/moonsworth/lunar/legacy/HRICOROOOCCOCOROCRHHCRRIRCOICO/IHRHHRIHICHOOICIRIOOHOICHIRHOI	com/moonsworth/lunar/legacy/mixin/mixin13
com/moonsworth/lunar/legacy/HRICOROOOCCOCOROCRHHCRRIRCOICO/IIORCIOOIHRRRICOHIRCIHOOCCOHRO	com/moonsworth/lunar/legacy/mixin/mixin14
com/moonsworth/lunar/legacy/HRICOROOOCCOCOROCRHHCRRIRCOICO/IRCHCHOHRRIOORHRCHRIHIOHRCIHRH	com/moonsworth/lunar/legacy/mixin/mixin15
com/moonsworth/lunar/legacy/HRICOROOOCCOCOROCRHHCRRIRCOICO/OHOOORICRHIIIIRHCICICOCHROICRC	com/moonsworth/lunar/legacy/mixin/mixin16
com/moonsworth/lunar/legacy/HRICOROOOCCOCOROCRHHCRRIRCOICO/OHROCHICOIOICHOCRROORRCIIICIHO	com/moonsworth/lunar/legacy/mixin/mixin17
com/moonsworth/lunar/legacy/HRICOROOOCCOCOROCRHHCRRIRCOICO/OIRIOIIIRICICCHORICRRIRROHCRIC	com/moonsworth/lunar/legacy/mixin/mixin18
com/moonsworth/lunar/legacy/HRICOROOOCCOCOROCRHHCRRIRCOICO/ORCHOHHCOHCORRICRIHCHHRORHHCHH	com/moonsworth/lunar/legacy/mixin/mixin2
com/moonsworth/lunar/legacy/HRICOROOOCCOCOROCRHHCRRIRCOICO/ORCHOHHCOHCORRICRIHCHHRORHHCHH/HHRROIIHRRICIIHIIHICRHHRHOHHOO	com/moonsworth/lunar/legacy/mixin/mixin2/mixin
com/moonsworth/lunar/legacy/HRICOROOOCCOCOROCRHHCRRIRCOICO/ORCHOHHCOHCORRICRIHCHHRORHHCHH/HORHROIOIOICIRHIOCOICHHHIHCIIO	com/moonsworth/lunar/legacy/mixin/mixin2/mixin2
com/moonsworth/lunar/legacy/HRICOROOOCCOCOROCRHHCRRIRCOICO/ORCHOHHCOHCORRICRIHCHHRORHHCHH/HRICOROOOCCOCOROCRHHCRRIRCOICO	com/moonsworth/lunar/legacy/mixin/mixin2/mixin3
com/moonsworth/lunar/legacy/HRICOROOOCCOCOROCRHHCRRIRCOICO/ORCHOHHCOHCORRICRIHCHHRORHHCHH/ICRHORIIHOHROHOHOCOOHOOCOORRHO	com/moonsworth/lunar/legacy/mixin/mixin2/mixin4
com/moonsworth/lunar/legacy/HRICOROOOCCOCOROCRHHCRRIRCOICO/ORCHOHHCOHCORRICRIHCHHRORHHCHH/RCIOICOHRIOIIRRRROCRHCIICRROHO	com/moonsworth/lunar/legacy/mixin/mixin2/mixin5
com/moonsworth/lunar/legacy/HRICOROOOCCOCOROCRHHCRRIRCOICO/ORICHRORRORHORHOIHCRHOORCRRHOI	com/moonsworth/lunar/legacy/mixin/mixin19
com/moonsworth/lunar/legacy/HRICOROOOCCOCOROCRHHCRRIRCOICO/RCIOICOHRIOIIRRRROCRHCIICRROHO	com/moonsworth/lunar/legacy/mixin/mixin20
com/moonsworth/lunar/legacy/HRICOROOOCCOCOROCRHHCRRIRCOICO/RHIRRICCRHHHIIHHIHHOHRCHIOORCC	com/moonsworth/lunar/legacy/mixin/mixin4
com/moonsworth/lunar/legacy/HRICOROOOCCOCOROCRHHCRRIRCOICO/RHIRRICCRHHHIIHHIHHOHRCHIOORCC/HORHROIOIOICIRHIOCOICHHHIHCIIO	com/moonsworth/lunar/legacy/mixin/mixin4/mixin
com/moonsworth/lunar/legacy/HRICOROOOCCOCOROCRHHCRRIRCOICO/RHIRRICCRHHHIIHHIHHOHRCHIOORCC/HORHROIOIOICIRHIOCOICHHHIHCIIO/HHRROIIHRRICIIHIIHICRHHRHOHHOO	com/moonsworth/lunar/legacy/mixin/mixin4/mixin/mixin
com/moonsworth/lunar/legacy/HRICOROOOCCOCOROCRHHCRRIRCOICO/RHIRRICCRHHHIIHHIHHOHRCHIOORCC/HORHROIOIOICIRHIOCOICHHHIHCIIO/HORHROIOIOICIRHIOCOICHHHIHCIIO	com/moonsworth/lunar/legacy/mixin/mixin4/mixin/mixin2
com/moonsworth/lunar/legacy/HRICOROOOCCOCOROCRHHCRRIRCOICO/RIIICIRHRCIHOOOORHOICRIICCCRHR	com/moonsworth/lunar/legacy/mixin/mixin6
com/moonsworth/lunar/legacy/HRICOROOOCCOCOROCRHHCRRIRCOICO/RIIICIRHRCIHOOOORHOICRIICCCRHR/HORHROIOIOICIRHIOCOICHHHIHCIIO	com/moonsworth/lunar/legacy/mixin/mixin6/mixin
com/moonsworth/lunar/legacy/HRICOROOOCCOCOROCRHHCRRIRCOICO/RIIIOHCCHRRRORICCHIIHHOORIIOIR	com/moonsworth/lunar/legacy/mixin/mixin21
com/moonsworth/lunar/legacy/ICRHORIIHOHROHOHOCOOHOOCOORRHO	com/moonsworth/lunar/legacy/mixin5
com/moonsworth/lunar/legacy/RCIOICOHRIOIIRRRROCRHCIICRROHO	com/moonsworth/lunar/legacy/mixin3
com/moonsworth/lunar/legacy/RCIOICOHRIOIIRRRROCRHCIICRROHO/HORHROIOIOICIRHIOCOICHHHIHCIIO	com/moonsworth/lunar/legacy/mixin3/mixin
com/moonsworth/lunar/legacy/optifine/mixin/HHRROIIHRRICIIHIIHICRHHRHOHHOO	com/moonsworth/lunar/legacy/optifine/mixin/mixin
com/moonsworth/lunar/legacy/optifine/mixin/HORHROIOIOICIRHIOCOICHHHIHCIIO	com/moonsworth/lunar/legacy/optifine/mixin/mixin2
com/moonsworth/lunar/legacy/wrapper/CCROIHHHCOCHHOHORCIRHOCRROIOCI	com/moonsworth/lunar/legacy/wrapper/mixin
com/moonsworth/lunar/legacy/wrapper/HHRROIIHRRICIIHIIHICRHHRHOHHOO	com/moonsworth/lunar/legacy/wrapper/mixin2
com/moonsworth/lunar/legacy/wrapper/HIOROOCORHICHIRIHIRCCORCIIICCH	com/moonsworth/lunar/legacy/wrapper/mixin3
com/moonsworth/lunar/legacy/wrapper/HORHROIOIOICIRHIOCOICHHHIHCIIO	com/moonsworth/lunar/legacy/wrapper/mixin4
com/moonsworth/lunar/legacy/wrapper/HRICOROOOCCOCOROCRHHCRRIRCOICO	com/moonsworth/lunar/legacy/wrapper/mixin5
com/moonsworth/lunar/legacy/wrapper/HROHOIOCHIRIHICOORIHOHCIOIRIIH	com/moonsworth/lunar/legacy/wrapper/mixin6
com/moonsworth/lunar/legacy/wrapper/ICRHORIIHOHROHOHOCOOHOOCOORRHO	com/moonsworth/lunar/legacy/wrapper/mixin7
com/moonsworth/lunar/legacy/wrapper/ICRHORIIHOHROHOHOCOOHOOCOORRHO/HHRROIIHRRICIIHIIHICRHHRHOHHOO	com/moonsworth/lunar/legacy/wrapper/mixin7/mixin
com/moonsworth/lunar/legacy/wrapper/ICRHORIIHOHROHOHOCOOHOOCOORRHO/HHRROIIHRRICIIHIIHICRHHRHOHHOO/HORHROIOIOICIRHIOCOICHHHIHCIIO	com/moonsworth/lunar/legacy/wrapper/mixin7/mixin/mixin
com/moonsworth/lunar/legacy/wrapper/ICRHORIIHOHROHOHOCOOHOOCOORRHO/HORHROIOIOICIRHIOCOICHHHIHCIIO	com/moonsworth/lunar/legacy/wrapper/mixin7/mixin2
com/moonsworth/lunar/legacy/wrapper/ICRHORIIHOHROHOHOCOOHOOCOORRHO/HRICOROOOCCOCOROCRHHCRRIRCOICO	com/moonsworth/lunar/legacy/wrapper/mixin7/mixin3
com/moonsworth/lunar/legacy/wrapper/ICRHORIIHOHROHOHOCOOHOOCOORRHO/ICRHORIIHOHROHOHOCOOHOOCOORRHO	com/moonsworth/lunar/legacy/wrapper/mixin7/mixin4
com/moonsworth/lunar/legacy/wrapper/ICRHORIIHOHROHOHOCOOHOOCOORRHO/OHROCHICOIOICHOCRROORRCIIICIHO	com/moonsworth/lunar/legacy/wrapper/mixin7/mixin5
com/moonsworth/lunar/legacy/wrapper/ICRHORIIHOHROHOHOCOOHOOCOORRHO/OHROCHICOIOICHOCRROORRCIIICIHO/HHRROIIHRRICIIHIIHICRHHRHOHHOO	com/moonsworth/lunar/legacy/wrapper/mixin7/mixin5/mixin
com/moonsworth/lunar/legacy/wrapper/ICRHORIIHOHROHOHOCOOHOOCOORRHO/OHROCHICOIOICHOCRROORRCIIICIHO/HORHROIOIOICIRHIOCOICHHHIHCIIO	com/moonsworth/lunar/legacy/wrapper/mixin7/mixin5/mixin2
com/moonsworth/lunar/legacy/wrapper/ICRHORIIHOHROHOHOCOOHOOCOORRHO/OHROCHICOIOICHOCRROORRCIIICIHO/HORHROIOIOICIRHIOCOICHHHIHCIIO/HORHROIOIOICIRHIOCOICHHHIHCIIO	com/moonsworth/lunar/legacy/wrapper/mixin7/mixin5/mixin2/mixin
com/moonsworth/lunar/legacy/wrapper/ICRHORIIHOHROHOHOCOOHOOCOORRHO/ORCHOHHCOHCORRICRIHCHHRORHHCHH	com/moonsworth/lunar/legacy/wrapper/mixin7/mixin6
com/moonsworth/lunar/legacy/wrapper/ICRHORIIHOHROHOHOCOOHOOCOORRHO/ORICHRORRORHORHOIHCRHOORCRRHOI	com/moonsworth/lunar/legacy/wrapper/mixin7/mixin7
com/moonsworth/lunar/legacy/wrapper/ICRHORIIHOHROHOHOCOOHOOCOORRHO/RCIOICOHRIOIIRRRROCRHCIICRROHO	com/moonsworth/lunar/legacy/wrapper/mixin7/mixin8
com/moonsworth/lunar/legacy/wrapper/OHOOORICRHIIIIRHCICICOCHROICRC	com/moonsworth/lunar/legacy/wrapper/mixin8
com/moonsworth/lunar/legacy/wrapper/OHOOORICRHIIIIRHCICICOCHROICRC/HORHROIOIOICIRHIOCOICHHHIHCIIO	com/moonsworth/lunar/legacy/wrapper/mixin8/mixin
com/moonsworth/lunar/legacy/wrapper/OHOOORICRHIIIIRHCICICOCHROICRC/HORHROIOIOICIRHIOCOICHHHIHCIIO/HORHROIOIOICIRHIOCOICHHHIHCIIO	com/moonsworth/lunar/legacy/wrapper/mixin8/mixin/mixin
com/moonsworth/lunar/legacy/wrapper/OHROCHICOIOICHOCRROORRCIIICIHO	com/moonsworth/lunar/legacy/wrapper/mixin9
com/moonsworth/lunar/legacy/wrapper/OIRIOIIIRICICCHORICRRIRROHCRIC	com/moonsworth/lunar/legacy/wrapper/mixin10
com/moonsworth/lunar/legacy/wrapper/ORCHOHHCOHCORRICRIHCHHRORHHCHH	com/moonsworth/lunar/legacy/wrapper/mixin11
com/moonsworth/lunar/legacy/wrapper/ORCHOHHCOHCORRICRIHCHHRORHHCHH/HORHROIOIOICIRHIOCOICHHHIHCIIO	com/moonsworth/lunar/legacy/wrapper/mixin11/mixin
com/moonsworth/lunar/legacy/wrapper/ORICHRORRORHORHOIHCRHOORCRRHOI	com/moonsworth/lunar/legacy/wrapper/mixin12
com/moonsworth/lunar/legacy/wrapper/RCIOICOHRIOIIRRRROCRHCIICRROHO	com/moonsworth/lunar/legacy/wrapper/mixin13
com/moonsworth/lunar/replaymod/forge/v1_12/HHRROIIHRRICIIHIIHICRHHRHOHHOO	com/moonsworth/lunar/replaymod/forge/v1_12/mixin
com/moonsworth/lunar/replaymod/forge/v1_12/HORHROIOIOICIRHIOCOICHHHIHCIIO	com/moonsworth/lunar/replaymod/forge/v1_12/mixin2
com/moonsworth/lunar/replaymod/forge/v1_12/HRICOROOOCCOCOROCRHHCRRIRCOICO	com/moonsworth/lunar/replaymod/forge/v1_12/mixin3
com/moonsworth/lunar/replaymod/forge/v1_8/HHRROIIHRRICIIHIIHICRHHRHOHHOO	com/moonsworth/lunar/replaymod/forge/v1_8/mixin
com/moonsworth/lunar/replaymod/forge/v1_8/HORHROIOIOICIRHIOCOICHHHIHCIIO	com/moonsworth/lunar/replaymod/forge/v1_8/mixin2
com/moonsworth/lunar/replaymod/forge/v1_8/HRICOROOOCCOCOROCRHHCRRIRCOICO	com/moonsworth/lunar/replaymod/forge/v1_8/mixin3
