package	old	new	evidence
com.moonsworth.lunar.genesis	AbstractCollectionBase2$Data	EnumMultiset$Itr	Guava 29.0-jre com/google/common/collect/EnumMultiset$Itr (coverage matcher score 1.000)
com.moonsworth.lunar.genesis	AbstractCollectionBase32	HashMultiset	Guava 29.0-jre com/google/common/collect/HashMultiset (coverage matcher score 1.000)
com.moonsworth.lunar.genesis	AbstractCollectionBase33	LinkedHashMultiset	Guava 29.0-jre com/google/common/collect/LinkedHashMultiset (coverage matcher score 1.000)
com.moonsworth.lunar.genesis	AbstractCollectionBase4$Data	ConcurrentHashMultiset$FieldSettersHolder	Guava 29.0-jre com/google/common/collect/ConcurrentHashMultiset$FieldSettersHolder (coverage matcher score 1.000)
com.moonsworth.lunar.genesis	AbstractCollectionBase52$4	ElementOrder$1	Guava 29.0-jre com/google/common/graph/ElementOrder$1 (coverage matcher score 1.000)
com.moonsworth.lunar.genesis	AbstractCollectionBase52$Data2	TreeMultiset$Reference	Guava 29.0-jre com/google/common/collect/TreeMultiset$Reference (coverage matcher score 1.000)
com.moonsworth.lunar.genesis	AbstractCollectionIterator$Data2	ImmutableCollection$Builder	Guava 29.0-jre com/google/common/collect/ImmutableCollection$Builder (coverage matcher score 1.000)
com.moonsworth.lunar.genesis	AbstractCollectionIterator2	FilteredMultimapValues	Guava 29.0-jre com/google/common/collect/FilteredMultimapValues (coverage matcher score 1.000)
com.moonsworth.lunar.genesis	AbstractCollectionIterator3$Data	ImmutableList$ReverseImmutableList	Guava 29.0-jre com/google/common/collect/ImmutableList$ReverseImmutableList (coverage matcher score 1.000)
com.moonsworth.lunar.genesis	AbstractCollectionIterator3$Data3	ImmutableList$SerializedForm	Guava 29.0-jre com/google/common/collect/ImmutableList$SerializedForm (coverage matcher score 1.000)
com.moonsworth.lunar.genesis	AbstractCollectionIterator32	SingletonImmutableList	Guava 29.0-jre com/google/common/collect/SingletonImmutableList (coverage matcher score 1.000)
com.moonsworth.lunar.genesis	AbstractCollectionIterator33$Data	ImmutableAsList$SerializedForm	Guava 29.0-jre com/google/common/collect/ImmutableAsList$SerializedForm (coverage matcher score 1.000)
com.moonsworth.lunar.genesis	AbstractCollectionIterator332	RegularImmutableAsList	Guava 29.0-jre com/google/common/collect/RegularImmutableAsList (coverage matcher score 1.000)
com.moonsworth.lunar.genesis	AbstractCollectionIterator3322	ImmutableSortedAsList	Guava 29.0-jre com/google/common/collect/ImmutableSortedAsList (coverage matcher score 1.000)
com.moonsworth.lunar.genesis	AbstractCollectionIterator34	RegularImmutableList	Guava 29.0-jre com/google/common/collect/RegularImmutableList (coverage matcher score 1.000)
com.moonsworth.lunar.genesis	AbstractCollectionIterator4	ImmutableMultisetGwtSerializationDependencies	Guava 29.0-jre com/google/common/collect/ImmutableMultisetGwtSerializationDependencies (coverage matcher score 1.000)
com.moonsworth.lunar.genesis	AbstractCollectionIterator42$Data2	ImmutableMultiset$Builder	Guava 29.0-jre com/google/common/collect/ImmutableMultiset$Builder (coverage matcher score 1.000)
com.moonsworth.lunar.genesis	AbstractCollectionIterator42$Data4	ImmutableMultimap$KeysSerializedForm	Guava 29.0-jre com/google/common/collect/ImmutableMultimap$KeysSerializedForm (coverage matcher score 1.000)
com.moonsworth.lunar.genesis	AbstractCollectionIterator424$Data	RegularImmutableMultiset$NonTerminalEntry	Guava 29.0-jre com/google/common/collect/RegularImmutableMultiset$NonTerminalEntry (coverage matcher score 1.000)
com.moonsworth.lunar.genesis	AbstractCollectionIterator5$Data	ImmutableSet$Indexed	Guava 29.0-jre com/google/common/collect/ImmutableSet$Indexed (coverage matcher score 1.000)
com.moonsworth.lunar.genesis	AbstractCollectionIterator5$Data6	ImmutableSet$SerializedForm	Guava 29.0-jre com/google/common/collect/ImmutableSet$SerializedForm (coverage matcher score 1.000)
com.moonsworth.lunar.genesis	AbstractCollectionIterator52	SingletonImmutableSet	Guava 29.0-jre com/google/common/collect/SingletonImmutableSet (coverage matcher score 1.000)
com.moonsworth.lunar.genesis	AbstractCollectionIterator53	IndexedImmutableSet	Guava 29.0-jre com/google/common/collect/IndexedImmutableSet (coverage matcher score 1.000)
com.moonsworth.lunar.genesis	AbstractCollectionIterator532	JdkBackedImmutableSet	Guava 29.0-jre com/google/common/collect/JdkBackedImmutableSet (coverage matcher score 1.000)
com.moonsworth.lunar.genesis	AbstractCollectionIterator533$Data	ImmutableMapEntrySet$EntrySetSerializedForm	Guava 29.0-jre com/google/common/collect/ImmutableMapEntrySet$EntrySetSerializedForm (coverage matcher score 1.000)
com.moonsworth.lunar.genesis	AbstractCollectionIterator54$1	Functions$1	Guava 29.0-jre com/google/common/base/Functions$1 (coverage matcher score 1.000)
com.moonsworth.lunar.genesis	AbstractCollectionIterator54$Data	ImmutableEnumSet$EnumSerializedForm	Guava 29.0-jre com/google/common/collect/ImmutableEnumSet$EnumSerializedForm (coverage matcher score 1.000)
com.moonsworth.lunar.genesis	AbstractCollectionIterator55	RegularImmutableSet	Guava 29.0-jre com/google/common/collect/RegularImmutableSet (coverage matcher score 1.000)
com.moonsworth.lunar.genesis	AbstractCollectionIterator56222$Data	RegularContiguousSet$SerializedForm	Guava 29.0-jre com/google/common/collect/RegularContiguousSet$SerializedForm (coverage matcher score 1.000)
com.moonsworth.lunar.genesis	AbstractCollectionIterator56223$1	MoreObjects$1	Guava 29.0-jre com/google/common/base/MoreObjects$1 (coverage matcher score 1.000)
com.moonsworth.lunar.genesis	AbstractCollectionIterator56223$Data	EmptyContiguousSet$SerializedForm	Guava 29.0-jre com/google/common/collect/EmptyContiguousSet$SerializedForm (coverage matcher score 1.000)
com.moonsworth.lunar.genesis	AbstractCollectionIterator5623	DescendingImmutableSortedSet	Guava 29.0-jre com/google/common/collect/DescendingImmutableSortedSet (coverage matcher score 1.000)
com.moonsworth.lunar.genesis	AbstractCollectionIterator5624	RegularImmutableSortedSet	Guava 29.0-jre com/google/common/collect/RegularImmutableSortedSet (coverage matcher score 1.000)
com.moonsworth.lunar.genesis	AbstractCollectionIterator57$Data	ImmutableMapEntrySet$RegularEntrySet	Guava 29.0-jre com/google/common/collect/ImmutableMapEntrySet$RegularEntrySet (coverage matcher score 1.000)
com.moonsworth.lunar.genesis	AbstractCollectionIterator57$Data2	ImmutableMapKeySet$KeySetSerializedForm	Guava 29.0-jre com/google/common/collect/ImmutableMapKeySet$KeySetSerializedForm (coverage matcher score 1.000)
com.moonsworth.lunar.genesis	AbstractCollectionIterator6$Data	ImmutableMapValues$SerializedForm	Guava 29.0-jre com/google/common/collect/ImmutableMapValues$SerializedForm (coverage matcher score 1.000)
com.moonsworth.lunar.genesis	AbstractExecutorServiceBase	AbstractListeningExecutorService	Guava 29.0-jre com/google/common/util/concurrent/AbstractListeningExecutorService (coverage matcher score 1.000)
com.moonsworth.lunar.genesis	AbstractMapImpl	RemovalNotification	Guava 29.0-jre com/google/common/cache/RemovalNotification (coverage matcher score 1.000)
com.moonsworth.lunar.genesis	AbstractMapLoader$2	LocalCache$2	Guava 29.0-jre com/google/common/cache/LocalCache$2 (coverage matcher score 1.000)
com.moonsworth.lunar.genesis	AbstractMapLoader$Data24	LocalCache$AbstractCacheSet	Guava 29.0-jre com/google/common/cache/LocalCache$AbstractCacheSet (coverage matcher score 1.000)
com.moonsworth.lunar.genesis	AbstractMapLoader$Data32	LocalCache$LoadingValueReference	Guava 29.0-jre com/google/common/cache/LocalCache$LoadingValueReference (coverage matcher score 1.000)
com.moonsworth.lunar.genesis	AbstractMapLoader$Data44	LocalCache$StrongWriteEntry	Guava 29.0-jre com/google/common/cache/LocalCache$StrongWriteEntry (coverage matcher score 1.000)
com.moonsworth.lunar.genesis	AbstractMapLoader$Data51	MapMakerInternalMap$AbstractStrongKeyEntry	Guava 29.0-jre com/google/common/collect/MapMakerInternalMap$AbstractStrongKeyEntry (coverage matcher score 1.000)
com.moonsworth.lunar.genesis	AbstractMapLoader$Data53	MapMakerInternalMap$SafeToArraySet	Guava 29.0-jre com/google/common/collect/MapMakerInternalMap$SafeToArraySet (coverage matcher score 1.000)
com.moonsworth.lunar.genesis	AbstractMapLoader$Extension	LocalCache$ValueReference	Guava 29.0-jre com/google/common/cache/LocalCache$ValueReference (coverage matcher score 1.000)
com.moonsworth.lunar.genesis	AbstractMapLoader$Extension4	MapMakerInternalMap$InternalEntry	Guava 29.0-jre com/google/common/collect/MapMakerInternalMap$InternalEntry (coverage matcher score 1.000)
com.moonsworth.lunar.genesis	AbstractMapLoader$Type5$1	MapMakerInternalMap$Strength$1	Guava 29.0-jre com/google/common/collect/MapMakerInternalMap$Strength$1 (coverage matcher score 1.000)
com.moonsworth.lunar.genesis	AbstractMapLoader$Type5$2	MapMakerInternalMap$Strength$2	Guava 29.0-jre com/google/common/collect/MapMakerInternalMap$Strength$2 (coverage matcher score 1.000)
com.moonsworth.lunar.genesis	AbstractMapLoader2$Data	CompactHashMap$Itr	Guava 29.0-jre com/google/common/collect/CompactHashMap$Itr (coverage matcher score 1.000)
com.moonsworth.lunar.genesis	AbstractQueueIterator$1	Platform$1	Guava 29.0-jre com/google/common/base/Platform$1 (coverage matcher score 1.000)
com.moonsworth.lunar.genesis	AbstractQueueIterator$Data2	MinMaxPriorityQueue$Builder	Guava 29.0-jre com/google/common/collect/MinMaxPriorityQueue$Builder (coverage matcher score 1.000)
com.moonsworth.lunar.genesis	AbstractQueueIterator$Data3	MinMaxPriorityQueue$MoveDesc	Guava 29.0-jre com/google/common/collect/MinMaxPriorityQueue$MoveDesc (coverage matcher score 1.000)
com.moonsworth.lunar.genesis	AbstractSetBase	MultiEdgesConnecting	Guava 29.0-jre com/google/common/graph/MultiEdgesConnecting (coverage matcher score 1.000)
com.moonsworth.lunar.genesis	AbstractSetBase2	IncidentEdgeSet	Guava 29.0-jre com/google/common/graph/IncidentEdgeSet (coverage matcher score 1.000)
com.moonsworth.lunar.genesis	AbstractSetImpl	EdgesConnecting	Guava 29.0-jre com/google/common/graph/EdgesConnecting (coverage matcher score 1.000)
com.moonsworth.lunar.genesis	AbstractSetLoader	CompactHashSet	Guava 29.0-jre com/google/common/collect/CompactHashSet (coverage matcher score 1.000)
com.moonsworth.lunar.genesis	AbstractSetLoader2	CompactLinkedHashSet	Guava 29.0-jre com/google/common/collect/CompactLinkedHashSet (coverage matcher score 1.000)
com.moonsworth.lunar.genesis	AccessibleObjectImpl	Element	Guava 29.0-jre com/google/common/reflect/Element (coverage matcher score 1.000)
com.moonsworth.lunar.genesis	AccessibleObjectImpl2$Data	Invokable$MethodInvokable	Guava 29.0-jre com/google/common/reflect/Invokable$MethodInvokable (coverage matcher score 1.000)
com.moonsworth.lunar.genesis	AccessibleObjectImpl2$Data2	Invokable$ConstructorInvokable	Guava 29.0-jre com/google/common/reflect/Invokable$ConstructorInvokable (coverage matcher score 1.000)
com.moonsworth.lunar.genesis	AnnotatedElementIterator	Parameter	Guava 29.0-jre com/google/common/reflect/Parameter (coverage matcher score 1.000)
com.moonsworth.lunar.genesis	Annotation4	Subscribe	Guava 29.0-jre com/google/common/eventbus/Subscribe (coverage matcher score 1.000)
com.moonsworth.lunar.genesis	Annotation_2	IgnoreJRERequirement	Guava 29.0-jre com/google/common/util/concurrent/IgnoreJRERequirement (coverage matcher score 1.000)
com.moonsworth.lunar.genesis	AtomicReferenceTask$1	Predicates$1	Guava 29.0-jre com/google/common/base/Predicates$1 (coverage matcher score 1.000)
com.moonsworth.lunar.genesis	AtomicReferenceTask$Data	InterruptibleTask$DoNothingRunnable	Guava 29.0-jre com/google/common/util/concurrent/InterruptibleTask$DoNothingRunnable (coverage matcher score 1.000)
com.moonsworth.lunar.genesis	BiPredicateLoader$1	AbstractNavigableMap$1	Guava 29.0-jre com/google/common/collect/AbstractNavigableMap$1 (coverage matcher score 1.000)
com.moonsworth.lunar.genesis	BiPredicateLoader$Data	Equivalence$EquivalentToPredicate	Guava 29.0-jre com/google/common/base/Equivalence$EquivalentToPredicate (coverage matcher score 1.000)
com.moonsworth.lunar.genesis	BiPredicateLoader$Data2	Equivalence$Equals	Guava 29.0-jre com/google/common/base/Equivalence$Equals (coverage matcher score 1.000)
com.moonsworth.lunar.genesis	BiPredicateLoader$Data3	Equivalence$Identity	Guava 29.0-jre com/google/common/base/Equivalence$Identity (coverage matcher score 1.000)
com.moonsworth.lunar.genesis	BiPredicateLoader$Data4	Equivalence$Wrapper	Guava 29.0-jre com/google/common/base/Equivalence$Wrapper (coverage matcher score 1.000)
com.moonsworth.lunar.genesis	BiPredicateLoader2	PairwiseEquivalence	Guava 29.0-jre com/google/common/base/PairwiseEquivalence (coverage matcher score 1.000)
com.moonsworth.lunar.genesis	BiPredicateLoader3	FunctionalEquivalence	Guava 29.0-jre com/google/common/base/FunctionalEquivalence (coverage matcher score 1.000)
com.moonsworth.lunar.genesis	CExtension	RowSortedTable	Guava 29.0-jre com/google/common/collect/RowSortedTable (coverage matcher score 1.000)
com.moonsworth.lunar.genesis	CIterator2$1	DenseImmutableTable$1	Guava 29.0-jre com/google/common/collect/DenseImmutableTable$1 (coverage matcher score 1.000)
com.moonsworth.lunar.genesis	CIterator22$1	DiscreteDomain$1	Guava 29.0-jre com/google/common/collect/DiscreteDomain$1 (coverage matcher score 1.000)
com.moonsworth.lunar.genesis	CIterator222$Data2	TreeBasedTable$Factory	Guava 29.0-jre com/google/common/collect/TreeBasedTable$Factory (coverage matcher score 1.000)
com.moonsworth.lunar.genesis	CIterator23$Data	HashBasedTable$Factory	Guava 29.0-jre com/google/common/collect/HashBasedTable$Factory (coverage matcher score 1.000)
com.moonsworth.lunar.genesis	CIterator3$Data2	ArrayTable$ArrayMap	Guava 29.0-jre com/google/common/collect/ArrayTable$ArrayMap (coverage matcher score 1.000)
com.moonsworth.lunar.genesis	CIterator4$1	EmptyContiguousSet$1	Guava 29.0-jre com/google/common/collect/EmptyContiguousSet$1 (coverage matcher score 1.000)
com.moonsworth.lunar.genesis	CIterator4$Data3	ImmutableTable$MutableCell	Guava 29.0-jre com/google/common/collect/ImmutableTable$MutableCell (coverage matcher score 1.000)
com.moonsworth.lunar.genesis	CIterator432$1	ImmutableClassToInstanceMap$1	Guava 29.0-jre com/google/common/collect/ImmutableClassToInstanceMap$1 (coverage matcher score 1.000)
com.moonsworth.lunar.genesis	CloseableLoader$Extension	FinalizableReferenceQueue$FinalizerLoader	Guava 29.0-jre com/google/common/base/FinalizableReferenceQueue$FinalizerLoader (coverage matcher score 1.000)
com.moonsworth.lunar.genesis	CollectionExtension$Extension	Multiset$Entry	Guava 29.0-jre com/google/common/collect/Multiset$Entry (coverage matcher score 1.000)
com.moonsworth.lunar.genesis	CollectionExtension2	SortedMultisetBridge	Guava 29.0-jre com/google/common/collect/SortedMultisetBridge (coverage matcher score 1.000)
com.moonsworth.lunar.genesis	ComparableExtension	RangeMap	Guava 29.0-jre com/google/common/collect/RangeMap (coverage matcher score 1.000)
com.moonsworth.lunar.genesis	ComparableIterator2$1	TreeRangeMap$1	Guava 29.0-jre com/google/common/collect/TreeRangeMap$1 (coverage matcher score 1.000)
com.moonsworth.lunar.genesis	ComparableIterator2$Data	TreeRangeMap$RangeMapEntry	Guava 29.0-jre com/google/common/collect/TreeRangeMap$RangeMapEntry (coverage matcher score 1.000)
com.moonsworth.lunar.genesis	Comparator$Data2	Ordering$ArbitraryOrdering	Guava 29.0-jre com/google/common/collect/Ordering$ArbitraryOrdering (coverage matcher score 1.000)
com.moonsworth.lunar.genesis	Comparator$Data3	Ordering$IncomparableValueException	Guava 29.0-jre com/google/common/collect/Ordering$IncomparableValueException (coverage matcher score 1.000)
com.moonsworth.lunar.genesis	Comparator10	NullsLastOrdering	Guava 29.0-jre com/google/common/collect/NullsLastOrdering (coverage matcher score 1.000)
com.moonsworth.lunar.genesis	Comparator11	NaturalOrdering	Guava 29.0-jre com/google/common/collect/NaturalOrdering (coverage matcher score 1.000)
com.moonsworth.lunar.genesis	Comparator12	AllEqualOrdering	Guava 29.0-jre com/google/common/collect/AllEqualOrdering (coverage matcher score 1.000)
com.moonsworth.lunar.genesis	Comparator13	UsingToStringOrdering	Guava 29.0-jre com/google/common/collect/UsingToStringOrdering (coverage matcher score 1.000)
com.moonsworth.lunar.genesis	Comparator2	ReverseOrdering	Guava 29.0-jre com/google/common/collect/ReverseOrdering (coverage matcher score 1.000)
com.moonsworth.lunar.genesis	Comparator3	LexicographicalOrdering	Guava 29.0-jre com/google/common/collect/LexicographicalOrdering (coverage matcher score 1.000)
com.moonsworth.lunar.genesis	Comparator5	CompoundOrdering	Guava 29.0-jre com/google/common/collect/CompoundOrdering (coverage matcher score 1.000)
com.moonsworth.lunar.genesis	Comparator6	ReverseNaturalOrdering	Guava 29.0-jre com/google/common/collect/ReverseNaturalOrdering (coverage matcher score 1.000)
com.moonsworth.lunar.genesis	Comparator7	ByFunctionOrdering	Guava 29.0-jre com/google/common/collect/ByFunctionOrdering (coverage matcher score 1.000)
com.moonsworth.lunar.genesis	Comparator8	NullsFirstOrdering	Guava 29.0-jre com/google/common/collect/NullsFirstOrdering (coverage matcher score 1.000)
com.moonsworth.lunar.genesis	Comparator9	ComparatorOrdering	Guava 29.0-jre com/google/common/collect/ComparatorOrdering (coverage matcher score 1.000)
com.moonsworth.lunar.genesis	ConditionBase	ForwardingCondition	Guava 29.0-jre com/google/common/util/concurrent/ForwardingCondition (coverage matcher score 1.000)
com.moonsworth.lunar.genesis	DataInputExtension	ByteArrayDataInput	Guava 29.0-jre com/google/common/io/ByteArrayDataInput (coverage matcher score 1.000)
com.moonsworth.lunar.genesis	DataOutputExtension	ByteArrayDataOutput	Guava 29.0-jre com/google/common/io/ByteArrayDataOutput (coverage matcher score 1.000)
com.moonsworth.lunar.genesis	ExecutorServiceExtension	ListeningExecutorService	Guava 29.0-jre com/google/common/util/concurrent/ListeningExecutorService (coverage matcher score 1.000)
com.moonsworth.lunar.genesis	ExecutorServiceExtension2	ListeningScheduledExecutorService	Guava 29.0-jre com/google/common/util/concurrent/ListeningScheduledExecutorService (coverage matcher score 1.000)
com.moonsworth.lunar.genesis	ExecutorServiceTask	WrappingExecutorService	Guava 29.0-jre com/google/common/util/concurrent/WrappingExecutorService (coverage matcher score 1.000)
com.moonsworth.lunar.genesis	ExecutorServiceTask$1	WrappingExecutorService$1	Guava 29.0-jre com/google/common/util/concurrent/WrappingExecutorService$1 (coverage matcher score 1.000)
com.moonsworth.lunar.genesis	ExecutorServiceTask2	WrappingScheduledExecutorService	Guava 29.0-jre com/google/common/util/concurrent/WrappingScheduledExecutorService (coverage matcher score 1.000)
com.moonsworth.lunar.genesis	ExecutorTask$1	SequentialExecutor$1	Guava 29.0-jre com/google/common/util/concurrent/SequentialExecutor$1 (coverage matcher score 1.000)
com.moonsworth.lunar.genesis	FileSystemException	InsecureRecursiveDeleteException	Guava 29.0-jre com/google/common/io/InsecureRecursiveDeleteException (coverage matcher score 1.000)
com.moonsworth.lunar.genesis	FilenameFilter	PatternFilenameFilter	Guava 29.0-jre com/google/common/io/PatternFilenameFilter (coverage matcher score 1.000)
com.moonsworth.lunar.genesis	FilterInputStreamLoader	LittleEndianDataInputStream	Guava 29.0-jre com/google/common/io/LittleEndianDataInputStream (coverage matcher score 1.000)
com.moonsworth.lunar.genesis	FilterInputStreamLoader2	CountingInputStream	Guava 29.0-jre com/google/common/io/CountingInputStream (coverage matcher score 1.000)
com.moonsworth.lunar.genesis	FilterInputStreamLoader_2	HashingInputStream	Guava 29.0-jre com/google/common/hash/HashingInputStream (coverage matcher score 1.000)
com.moonsworth.lunar.genesis	FilterOutputStreamSerializer	HashingOutputStream	Guava 29.0-jre com/google/common/hash/HashingOutputStream (coverage matcher score 1.000)
com.moonsworth.lunar.genesis	FilterOutputStreamSerializer2	LittleEndianDataOutputStream	Guava 29.0-jre com/google/common/io/LittleEndianDataOutputStream (coverage matcher score 1.000)
com.moonsworth.lunar.genesis	FilterOutputStreamSerializer_2	CountingOutputStream	Guava 29.0-jre com/google/common/io/CountingOutputStream (coverage matcher score 1.000)
com.moonsworth.lunar.genesis	FutureExtension	ListenableFuture	Guava 29.0-jre com/google/common/util/concurrent/ListenableFuture (coverage matcher score 1.000)
com.moonsworth.lunar.genesis	FutureExtension2	ImmediateFuture	Guava 29.0-jre com/google/common/util/concurrent/ImmediateFuture (coverage matcher score 1.000)
com.moonsworth.lunar.genesis	FutureExtension3	ListenableScheduledFuture	Guava 29.0-jre com/google/common/util/concurrent/ListenableScheduledFuture (coverage matcher score 1.000)
com.moonsworth.lunar.genesis	FutureTask	ListenableFutureTask	Guava 29.0-jre com/google/common/util/concurrent/ListenableFutureTask (coverage matcher score 1.000)
com.moonsworth.lunar.genesis	InputStreamLoader	MultiInputStream	Guava 29.0-jre com/google/common/io/MultiInputStream (coverage matcher score 1.000)
com.moonsworth.lunar.genesis	InputStreamLoader2	ReaderInputStream	Guava 29.0-jre com/google/common/io/ReaderInputStream (coverage matcher score 1.000)
com.moonsworth.lunar.genesis	InvocationHandler	AbstractInvocationHandler	Guava 29.0-jre com/google/common/reflect/AbstractInvocationHandler (coverage matcher score 1.000)
com.moonsworth.lunar.genesis	IterableBase$1	ImmutableEnumMap$1	Guava 29.0-jre com/google/common/collect/ImmutableEnumMap$1 (coverage matcher score 1.000)
com.moonsworth.lunar.genesis	IterableBase$Data	EndpointPair$Unordered	Guava 29.0-jre com/google/common/graph/EndpointPair$Unordered (coverage matcher score 1.000)
com.moonsworth.lunar.genesis	IterableBase$Data2	EndpointPair$Ordered	Guava 29.0-jre com/google/common/graph/EndpointPair$Ordered (coverage matcher score 1.000)
com.moonsworth.lunar.genesis	IterableExtension	SortedIterable	Guava 29.0-jre com/google/common/collect/SortedIterable (coverage matcher score 1.000)
com.moonsworth.lunar.genesis	IterableIterator$Data	FluentIterable$FromIterableFunction	Guava 29.0-jre com/google/common/collect/FluentIterable$FromIterableFunction (coverage matcher score 1.000)
com.moonsworth.lunar.genesis	LockBase	ForwardingLock	Guava 29.0-jre com/google/common/util/concurrent/ForwardingLock (coverage matcher score 1.000)
com.moonsworth.lunar.genesis	MapExtension	BiMap	Guava 29.0-jre com/google/common/collect/BiMap (coverage matcher score 1.000)
com.moonsworth.lunar.genesis	MapExtension2	ClassToInstanceMap	Guava 29.0-jre com/google/common/collect/ClassToInstanceMap (coverage matcher score 1.000)
com.moonsworth.lunar.genesis	MapExtension_2	TypeToInstanceMap	Guava 29.0-jre com/google/common/reflect/TypeToInstanceMap (coverage matcher score 1.000)
com.moonsworth.lunar.genesis	MixinHelper	HostSpecifier	Guava 29.0-jre com/google/common/net/HostSpecifier (coverage matcher score 1.000)
com.moonsworth.lunar.genesis	MixinHelper$1	ImmutableEnumSet$1	Guava 29.0-jre com/google/common/collect/ImmutableEnumSet$1 (coverage matcher score 1.000)
com.moonsworth.lunar.genesis	MixinHelper$1_3	SubscriberRegistry$1	Guava 29.0-jre com/google/common/eventbus/SubscriberRegistry$1 (coverage matcher score 1.000)
com.moonsworth.lunar.genesis	MixinHelper$1_4	ImmutableTable$1	Guava 29.0-jre com/google/common/collect/ImmutableTable$1 (coverage matcher score 1.000)
com.moonsworth.lunar.genesis	MixinHelper$1_5	FuturesGetChecked$1	Guava 29.0-jre com/google/common/util/concurrent/FuturesGetChecked$1 (coverage matcher score 1.000)
com.moonsworth.lunar.genesis	MixinHelper$1_6	Interners$1	Guava 29.0-jre com/google/common/collect/Interners$1 (coverage matcher score 1.000)
com.moonsworth.lunar.genesis	MixinHelper$2	SubscriberRegistry$2	Guava 29.0-jre com/google/common/eventbus/SubscriberRegistry$2 (coverage matcher score 1.000)
com.moonsworth.lunar.genesis	MixinHelper$Data24	UnsignedLongs$ParseOverflowDetection	Guava 29.0-jre com/google/common/primitives/UnsignedLongs$ParseOverflowDetection (coverage matcher score 1.000)
com.moonsworth.lunar.genesis	MixinHelper$Data32	Synchronized$SynchronizedListMultimap	Guava 29.0-jre com/google/common/collect/Synchronized$SynchronizedListMultimap (coverage matcher score 1.000)
com.moonsworth.lunar.genesis	MixinHelper$Data35	Synchronized$SynchronizedObject	Guava 29.0-jre com/google/common/collect/Synchronized$SynchronizedObject (coverage matcher score 1.000)
com.moonsworth.lunar.genesis	MixinHelper$Data37	Synchronized$SynchronizedSet	Guava 29.0-jre com/google/common/collect/Synchronized$SynchronizedSet (coverage matcher score 1.000)
com.moonsworth.lunar.genesis	MixinHelper$Data42	Synchronized$SynchronizedEntry	Guava 29.0-jre com/google/common/collect/Synchronized$SynchronizedEntry (coverage matcher score 1.000)
com.moonsworth.lunar.genesis	MixinHelper$Data48$Type2$1	FuturesGetChecked$GetCheckedTypeValidatorHolder$ClassValueValidator$1	Guava 29.0-jre com/google/common/util/concurrent/FuturesGetChecked$GetCheckedTypeValidatorHolder$ClassValueValidator$1 (coverage matcher score 1.000)
com.moonsworth.lunar.genesis	MixinHelper$Data49	Quantiles$ScaleAndIndex	Guava 29.0-jre com/google/common/math/Quantiles$ScaleAndIndex (coverage matcher score 1.000)
com.moonsworth.lunar.genesis	MixinHelper$Data51	Quantiles$ScaleAndIndexes	Guava 29.0-jre com/google/common/math/Quantiles$ScaleAndIndexes (coverage matcher score 1.000)
com.moonsworth.lunar.genesis	MixinHelper$Data52	SubscriberRegistry$MethodIdentifier	Guava 29.0-jre com/google/common/eventbus/SubscriberRegistry$MethodIdentifier (coverage matcher score 1.000)
com.moonsworth.lunar.genesis	MixinHelper$Data53	Traverser$GraphTraverser	Guava 29.0-jre com/google/common/graph/Traverser$GraphTraverser (coverage matcher score 1.000)
com.moonsworth.lunar.genesis	MixinHelper$Data54	Traverser$TreeTraverser	Guava 29.0-jre com/google/common/graph/Traverser$TreeTraverser (coverage matcher score 1.000)
com.moonsworth.lunar.genesis	MixinHelper$Extension5	FuturesGetChecked$GetCheckedTypeValidator	Guava 29.0-jre com/google/common/util/concurrent/FuturesGetChecked$GetCheckedTypeValidator (coverage matcher score 1.000)
com.moonsworth.lunar.genesis	MixinHelper10	Primitives	Guava 29.0-jre com/google/common/primitives/Primitives (coverage matcher score 1.000)
com.moonsworth.lunar.genesis	MixinHelper10$1	Runnables$1	Guava 29.0-jre com/google/common/util/concurrent/Runnables$1 (coverage matcher score 1.000)
com.moonsworth.lunar.genesis	MixinHelper10$1_3	Stopwatch$1	Guava 29.0-jre com/google/common/base/Stopwatch$1 (coverage matcher score 1.000)
com.moonsworth.lunar.genesis	MixinHelper10$1_4	JdkBackedImmutableBiMap$1	Guava 29.0-jre com/google/common/collect/JdkBackedImmutableBiMap$1 (coverage matcher score 1.000)
com.moonsworth.lunar.genesis	MixinHelper10$Data14	Sets$ImprovedAbstractSet	Guava 29.0-jre com/google/common/collect/Sets$ImprovedAbstractSet (coverage matcher score 1.000)
com.moonsworth.lunar.genesis	MixinHelper10$Data15	Sets$PowerSet	Guava 29.0-jre com/google/common/collect/Sets$PowerSet (coverage matcher score 1.000)
com.moonsworth.lunar.genesis	MixinHelper10$Data5	ByteSink$AsCharSink	Guava 29.0-jre com/google/common/io/ByteSink$AsCharSink (coverage matcher score 1.000)
com.moonsworth.lunar.genesis	MixinHelper10$Data6	Sets$SubSet	Guava 29.0-jre com/google/common/collect/Sets$SubSet (coverage matcher score 1.000)
com.moonsworth.lunar.genesis	MixinHelper10$Data8	Sets$Accumulator	Guava 29.0-jre com/google/common/collect/Sets$Accumulator (coverage matcher score 1.000)
com.moonsworth.lunar.genesis	MixinHelper10$Data9	Sets$DescendingSet	Guava 29.0-jre com/google/common/collect/Sets$DescendingSet (coverage matcher score 1.000)
com.moonsworth.lunar.genesis	MixinHelper10_3	Runnables	Guava 29.0-jre com/google/common/util/concurrent/Runnables (coverage matcher score 1.000)
com.moonsworth.lunar.genesis	MixinHelper10_4	MathPreconditions	Guava 29.0-jre com/google/common/math/MathPreconditions (coverage matcher score 1.000)
com.moonsworth.lunar.genesis	MixinHelper10_5	CacheStats	Guava 29.0-jre com/google/common/cache/CacheStats (coverage matcher score 1.000)
com.moonsworth.lunar.genesis	MixinHelper11	ExtraObjectsMethodsForWeb	Guava 29.0-jre com/google/common/base/ExtraObjectsMethodsForWeb (coverage matcher score 1.000)
com.moonsworth.lunar.genesis	MixinHelper11$1_2	MinMaxPriorityQueue$1	Guava 29.0-jre com/google/common/collect/MinMaxPriorityQueue$1 (coverage matcher score 1.000)
com.moonsworth.lunar.genesis	MixinHelper11$Data16	CacheBuilderSpec$WriteDurationParser	Guava 29.0-jre com/google/common/cache/CacheBuilderSpec$WriteDurationParser (coverage matcher score 1.000)
com.moonsworth.lunar.genesis	MixinHelper11$Data17	LinearTransformation$NaNLinearTransformation	Guava 29.0-jre com/google/common/math/LinearTransformation$NaNLinearTransformation (coverage matcher score 1.000)
com.moonsworth.lunar.genesis	MixinHelper11$Data3	CharStreams$NullWriter	Guava 29.0-jre com/google/common/io/CharStreams$NullWriter (coverage matcher score 1.000)
com.moonsworth.lunar.genesis	MixinHelper11$Data4	CacheBuilderSpec$RecordStatsParser	Guava 29.0-jre com/google/common/cache/CacheBuilderSpec$RecordStatsParser (coverage matcher score 1.000)
com.moonsworth.lunar.genesis	MixinHelper11$Extension	CacheBuilderSpec$ValueParser	Guava 29.0-jre com/google/common/cache/CacheBuilderSpec$ValueParser (coverage matcher score 1.000)
com.moonsworth.lunar.genesis	MixinHelper112$Data	Shorts$ShortArrayAsList	Guava 29.0-jre com/google/common/primitives/Shorts$ShortArrayAsList (coverage matcher score 1.000)
com.moonsworth.lunar.genesis	MixinHelper112$Data2	Shorts$ShortConverter	Guava 29.0-jre com/google/common/primitives/Shorts$ShortConverter (coverage matcher score 1.000)
com.moonsworth.lunar.genesis	MixinHelper1122$Data	ImmutableRangeSet$AsSetSerializedForm	Guava 29.0-jre com/google/common/collect/ImmutableRangeSet$AsSetSerializedForm (coverage matcher score 1.000)
com.moonsworth.lunar.genesis	MixinHelper1122$Data5	ImmutableRangeMap$SerializedForm	Guava 29.0-jre com/google/common/collect/ImmutableRangeMap$SerializedForm (coverage matcher score 1.000)
com.moonsworth.lunar.genesis	MixinHelper1122_2	DirectedNetworkConnections	Guava 29.0-jre com/google/common/graph/DirectedNetworkConnections (coverage matcher score 1.000)
com.moonsworth.lunar.genesis	MixinHelper1123$1	RegularImmutableBiMap$1	Guava 29.0-jre com/google/common/collect/RegularImmutableBiMap$1 (coverage matcher score 1.000)
com.moonsworth.lunar.genesis	MixinHelper1123$Data4	TreeRangeSet$RangesByUpperBound	Guava 29.0-jre com/google/common/collect/TreeRangeSet$RangesByUpperBound (coverage matcher score 1.000)
com.moonsworth.lunar.genesis	MixinHelper112_2	AbstractDirectedNetworkConnections	Guava 29.0-jre com/google/common/graph/AbstractDirectedNetworkConnections (coverage matcher score 1.000)
com.moonsworth.lunar.genesis	MixinHelper112_3	AbstractRangeSet	Guava 29.0-jre com/google/common/collect/AbstractRangeSet (coverage matcher score 1.000)
com.moonsworth.lunar.genesis	MixinHelper113	AbstractUndirectedNetworkConnections	Guava 29.0-jre com/google/common/graph/AbstractUndirectedNetworkConnections (coverage matcher score 1.000)
com.moonsworth.lunar.genesis	MixinHelper1132	UndirectedMultiNetworkConnections	Guava 29.0-jre com/google/common/graph/UndirectedMultiNetworkConnections (coverage matcher score 1.000)
com.moonsworth.lunar.genesis	MixinHelper1133	UndirectedNetworkConnections	Guava 29.0-jre com/google/common/graph/UndirectedNetworkConnections (coverage matcher score 1.000)
com.moonsworth.lunar.genesis	MixinHelper11_2	NetworkConnections	Guava 29.0-jre com/google/common/graph/NetworkConnections (coverage matcher score 1.000)
com.moonsworth.lunar.genesis	MixinHelper11_3	RangeSet	Guava 29.0-jre com/google/common/collect/RangeSet (coverage matcher score 1.000)
com.moonsworth.lunar.genesis	MixinHelper11_5	Ascii	Guava 29.0-jre com/google/common/base/Ascii (coverage matcher score 1.000)
com.moonsworth.lunar.genesis	MixinHelper11_7	Atomics	Guava 29.0-jre com/google/common/util/concurrent/Atomics (coverage matcher score 1.000)
com.moonsworth.lunar.genesis	MixinHelper12$5	Splitter$5	Guava 29.0-jre com/google/common/base/Splitter$5 (coverage matcher score 1.000)
com.moonsworth.lunar.genesis	MixinHelper12$Data2	ByteSource$ByteArrayByteSource	Guava 29.0-jre com/google/common/io/ByteSource$ByteArrayByteSource (coverage matcher score 1.000)
com.moonsworth.lunar.genesis	MixinHelper12$Data3	ByteSource$AsCharSource	Guava 29.0-jre com/google/common/io/ByteSource$AsCharSource (coverage matcher score 1.000)
com.moonsworth.lunar.genesis	MixinHelper12$Data4	ByteSource$ConcatenatedByteSource	Guava 29.0-jre com/google/common/io/ByteSource$ConcatenatedByteSource (coverage matcher score 1.000)
com.moonsworth.lunar.genesis	MixinHelper12$Data6	ByteSource$SlicedByteSource	Guava 29.0-jre com/google/common/io/ByteSource$SlicedByteSource (coverage matcher score 1.000)
com.moonsworth.lunar.genesis	MixinHelper12$Data7	Splitter$SplittingIterator	Guava 29.0-jre com/google/common/base/Splitter$SplittingIterator (coverage matcher score 1.000)
com.moonsworth.lunar.genesis	MixinHelper12$Data8	Splitter$MapSplitter	Guava 29.0-jre com/google/common/base/Splitter$MapSplitter (coverage matcher score 1.000)
com.moonsworth.lunar.genesis	MixinHelper12$Extension2	Splitter$Strategy	Guava 29.0-jre com/google/common/base/Splitter$Strategy (coverage matcher score 1.000)
com.moonsworth.lunar.genesis	MixinHelper122$Data	Ints$IntConverter	Guava 29.0-jre com/google/common/primitives/Ints$IntConverter (coverage matcher score 1.000)
com.moonsworth.lunar.genesis	MixinHelper122$Data2	Ints$IntArrayAsList	Guava 29.0-jre com/google/common/primitives/Ints$IntArrayAsList (coverage matcher score 1.000)
com.moonsworth.lunar.genesis	MixinHelper122$Data3	ServiceManager$FailedService	Guava 29.0-jre com/google/common/util/concurrent/ServiceManager$FailedService (coverage matcher score 1.000)
com.moonsworth.lunar.genesis	MixinHelper122$Data4	ServiceManager$EmptyServiceManagerWarning	Guava 29.0-jre com/google/common/util/concurrent/ServiceManager$EmptyServiceManagerWarning (coverage matcher score 1.000)
com.moonsworth.lunar.genesis	MixinHelper122$Data5	ServiceManager$Listener	Guava 29.0-jre com/google/common/util/concurrent/ServiceManager$Listener (coverage matcher score 1.000)
com.moonsworth.lunar.genesis	MixinHelper122$Data6	ServiceManager$NoOpService	Guava 29.0-jre com/google/common/util/concurrent/ServiceManager$NoOpService (coverage matcher score 1.000)
com.moonsworth.lunar.genesis	MixinHelper12_4	DoublesMethodsForWeb	Guava 29.0-jre com/google/common/primitives/DoublesMethodsForWeb (coverage matcher score 1.000)
com.moonsworth.lunar.genesis	MixinHelper12_6	RemovalListener	Guava 29.0-jre com/google/common/cache/RemovalListener (coverage matcher score 1.000)
com.moonsworth.lunar.genesis	MixinHelper13	Multimap	Guava 29.0-jre com/google/common/collect/Multimap (coverage matcher score 1.000)
com.moonsworth.lunar.genesis	MixinHelper13$1	ByteStreams$1	Guava 29.0-jre com/google/common/io/ByteStreams$1 (coverage matcher score 1.000)
com.moonsworth.lunar.genesis	MixinHelper13$1_2	Throwables$1	Guava 29.0-jre com/google/common/base/Throwables$1 (coverage matcher score 1.000)
com.moonsworth.lunar.genesis	MixinHelper13$Data5	ByteStreams$ByteArrayDataOutputStream	Guava 29.0-jre com/google/common/io/ByteStreams$ByteArrayDataOutputStream (coverage matcher score 1.000)
com.moonsworth.lunar.genesis	MixinHelper13$Data6	ByteStreams$ByteArrayDataInputStream	Guava 29.0-jre com/google/common/io/ByteStreams$ByteArrayDataInputStream (coverage matcher score 1.000)
com.moonsworth.lunar.genesis	MixinHelper13$Data7	ByteStreams$LimitedInputStream	Guava 29.0-jre com/google/common/io/ByteStreams$LimitedInputStream (coverage matcher score 1.000)
com.moonsworth.lunar.genesis	MixinHelper132$Data	Floats$FloatConverter	Guava 29.0-jre com/google/common/primitives/Floats$FloatConverter (coverage matcher score 1.000)
com.moonsworth.lunar.genesis	MixinHelper132$Data2	Floats$FloatArrayAsList	Guava 29.0-jre com/google/common/primitives/Floats$FloatArrayAsList (coverage matcher score 1.000)
com.moonsworth.lunar.genesis	MixinHelper1322	SortedSetMultimap	Guava 29.0-jre com/google/common/collect/SortedSetMultimap (coverage matcher score 1.000)
com.moonsworth.lunar.genesis	MixinHelper1323	FilteredSetMultimap	Guava 29.0-jre com/google/common/collect/FilteredSetMultimap (coverage matcher score 1.000)
com.moonsworth.lunar.genesis	MixinHelper132_2	SetMultimap	Guava 29.0-jre com/google/common/collect/SetMultimap (coverage matcher score 1.000)
com.moonsworth.lunar.genesis	MixinHelper133	ListMultimap	Guava 29.0-jre com/google/common/collect/ListMultimap (coverage matcher score 1.000)
com.moonsworth.lunar.genesis	MixinHelper134	AbstractMultimap	Guava 29.0-jre com/google/common/collect/AbstractMultimap (coverage matcher score 1.000)
com.moonsworth.lunar.genesis	MixinHelper13422	AbstractSetMultimap	Guava 29.0-jre com/google/common/collect/AbstractSetMultimap (coverage matcher score 1.000)
com.moonsworth.lunar.genesis	MixinHelper1342222	AbstractSortedKeySortedSetMultimap	Guava 29.0-jre com/google/common/collect/AbstractSortedKeySortedSetMultimap (coverage matcher score 1.000)
com.moonsworth.lunar.genesis	MixinHelper13422222	TreeMultimap	Guava 29.0-jre com/google/common/collect/TreeMultimap (coverage matcher score 1.000)
com.moonsworth.lunar.genesis	MixinHelper134223	ArrayListMultimapGwtSerializationDependencies	Guava 29.0-jre com/google/common/collect/ArrayListMultimapGwtSerializationDependencies (coverage matcher score 1.000)
com.moonsworth.lunar.genesis	MixinHelper1342232	HashMultimap	Guava 29.0-jre com/google/common/collect/HashMultimap (coverage matcher score 1.000)
com.moonsworth.lunar.genesis	MixinHelper134224	HashMultimapGwtSerializationDependencies	Guava 29.0-jre com/google/common/collect/HashMultimapGwtSerializationDependencies (coverage matcher score 1.000)
com.moonsworth.lunar.genesis	MixinHelper1342242$Extension	LinkedHashMultimap$ValueSetLink	Guava 29.0-jre com/google/common/collect/LinkedHashMultimap$ValueSetLink (coverage matcher score 1.000)
com.moonsworth.lunar.genesis	MixinHelper13423	AbstractListMultimap	Guava 29.0-jre com/google/common/collect/AbstractListMultimap (coverage matcher score 1.000)
com.moonsworth.lunar.genesis	MixinHelper134232	LinkedHashMultimapGwtSerializationDependencies	Guava 29.0-jre com/google/common/collect/LinkedHashMultimapGwtSerializationDependencies (coverage matcher score 1.000)
com.moonsworth.lunar.genesis	MixinHelper1342322	ArrayListMultimap	Guava 29.0-jre com/google/common/collect/ArrayListMultimap (coverage matcher score 1.000)
com.moonsworth.lunar.genesis	MixinHelper13442	FilteredKeySetMultimap	Guava 29.0-jre com/google/common/collect/FilteredKeySetMultimap (coverage matcher score 1.000)
com.moonsworth.lunar.genesis	MixinHelper1345	BaseImmutableMultimap	Guava 29.0-jre com/google/common/collect/BaseImmutableMultimap (coverage matcher score 1.000)
com.moonsworth.lunar.genesis	MixinHelper13452$Data	ImmutableMultimap$EntryCollection	Guava 29.0-jre com/google/common/collect/ImmutableMultimap$EntryCollection (coverage matcher score 1.000)
com.moonsworth.lunar.genesis	MixinHelper13452$Data2	ImmutableMultimap$Builder	Guava 29.0-jre com/google/common/collect/ImmutableMultimap$Builder (coverage matcher score 1.000)
com.moonsworth.lunar.genesis	MixinHelper13452$Data3	ImmutableMultimap$FieldSettersHolder	Guava 29.0-jre com/google/common/collect/ImmutableMultimap$FieldSettersHolder (coverage matcher score 1.000)
com.moonsworth.lunar.genesis	MixinHelper13452$Data5	ImmutableMultimap$Values	Guava 29.0-jre com/google/common/collect/ImmutableMultimap$Values (coverage matcher score 1.000)
com.moonsworth.lunar.genesis	MixinHelper13452$Data6	ImmutableMultiset$EntrySetSerializedForm	Guava 29.0-jre com/google/common/collect/ImmutableMultiset$EntrySetSerializedForm (coverage matcher score 1.000)
com.moonsworth.lunar.genesis	MixinHelper134522$Data	ImmutableSetMultimap$EntrySet	Guava 29.0-jre com/google/common/collect/ImmutableSetMultimap$EntrySet (coverage matcher score 1.000)
com.moonsworth.lunar.genesis	MixinHelper1345222	EmptyImmutableListMultimap	Guava 29.0-jre com/google/common/collect/EmptyImmutableListMultimap (coverage matcher score 1.000)
com.moonsworth.lunar.genesis	MixinHelper1345232	EmptyImmutableSetMultimap	Guava 29.0-jre com/google/common/collect/EmptyImmutableSetMultimap (coverage matcher score 1.000)
com.moonsworth.lunar.genesis	MixinHelper1346$Data	FilteredKeyMultimap$AddRejectingSet	Guava 29.0-jre com/google/common/collect/FilteredKeyMultimap$AddRejectingSet (coverage matcher score 1.000)
com.moonsworth.lunar.genesis	MixinHelper1346$Data2	FilteredKeyMultimap$AddRejectingList	Guava 29.0-jre com/google/common/collect/FilteredKeyMultimap$AddRejectingList (coverage matcher score 1.000)
com.moonsworth.lunar.genesis	MixinHelper13462	FilteredKeyListMultimap	Guava 29.0-jre com/google/common/collect/FilteredKeyListMultimap (coverage matcher score 1.000)
com.moonsworth.lunar.genesis	MixinHelper135	ServiceManagerBridge	Guava 29.0-jre com/google/common/util/concurrent/ServiceManagerBridge (coverage matcher score 1.000)
com.moonsworth.lunar.genesis	MixinHelper13_4	FloatsMethodsForWeb	Guava 29.0-jre com/google/common/primitives/FloatsMethodsForWeb (coverage matcher score 1.000)
com.moonsworth.lunar.genesis	MixinHelper14$1	Serialization$1	Guava 29.0-jre com/google/common/collect/Serialization$1 (coverage matcher score 1.000)
com.moonsworth.lunar.genesis	MixinHelper14$Data4	Platform$JdkPatternCompiler	Guava 29.0-jre com/google/common/base/Platform$JdkPatternCompiler (coverage matcher score 1.000)
com.moonsworth.lunar.genesis	MixinHelper14$Data5	UncaughtExceptionHandlers$Exiter	Guava 29.0-jre com/google/common/util/concurrent/UncaughtExceptionHandlers$Exiter (coverage matcher score 1.000)
com.moonsworth.lunar.genesis	MixinHelper142$Data	Doubles$DoubleConverter	Guava 29.0-jre com/google/common/primitives/Doubles$DoubleConverter (coverage matcher score 1.000)
com.moonsworth.lunar.genesis	MixinHelper142$Data2	Doubles$DoubleArrayAsList	Guava 29.0-jre com/google/common/primitives/Doubles$DoubleArrayAsList (coverage matcher score 1.000)
com.moonsworth.lunar.genesis	MixinHelper14_2	SortedMultisets	Guava 29.0-jre com/google/common/collect/SortedMultisets (coverage matcher score 1.000)
com.moonsworth.lunar.genesis	MixinHelper14_3	IntsMethodsForWeb	Guava 29.0-jre com/google/common/primitives/IntsMethodsForWeb (coverage matcher score 1.000)
com.moonsworth.lunar.genesis	MixinHelper14_4	ByteProcessor	Guava 29.0-jre com/google/common/io/ByteProcessor (coverage matcher score 1.000)
com.moonsworth.lunar.genesis	MixinHelper15	Closer	Guava 29.0-jre com/google/common/io/Closer (coverage matcher score 1.000)
com.moonsworth.lunar.genesis	MixinHelper15$Extension	Closer$Suppressor	Guava 29.0-jre com/google/common/io/Closer$Suppressor (coverage matcher score 1.000)
com.moonsworth.lunar.genesis	MixinHelper15_2	ParseRequest	Guava 29.0-jre com/google/common/primitives/ParseRequest (coverage matcher score 1.000)
com.moonsworth.lunar.genesis	MixinHelper15_3	Synchronized	Guava 29.0-jre com/google/common/collect/Synchronized (coverage matcher score 1.000)
com.moonsworth.lunar.genesis	MixinHelper15_4	AsyncCallable	Guava 29.0-jre com/google/common/util/concurrent/AsyncCallable (coverage matcher score 1.000)
com.moonsworth.lunar.genesis	MixinHelper15_5	FinalizableReference	Guava 29.0-jre com/google/common/base/FinalizableReference (coverage matcher score 1.000)
com.moonsworth.lunar.genesis	MixinHelper16$1	Joiner$1	Guava 29.0-jre com/google/common/base/Joiner$1 (coverage matcher score 1.000)
com.moonsworth.lunar.genesis	MixinHelper16$1_2	Files$1	Guava 29.0-jre com/google/common/io/Files$1 (coverage matcher score 1.000)
com.moonsworth.lunar.genesis	MixinHelper16$2	Files$2	Guava 29.0-jre com/google/common/io/Files$2 (coverage matcher score 1.000)
com.moonsworth.lunar.genesis	MixinHelper16$3	Joiner$3	Guava 29.0-jre com/google/common/base/Joiner$3 (coverage matcher score 1.000)
com.moonsworth.lunar.genesis	MixinHelper16$3_2	Files$3	Guava 29.0-jre com/google/common/io/Files$3 (coverage matcher score 1.000)
com.moonsworth.lunar.genesis	MixinHelper16$Data4	Files$FileByteSource	Guava 29.0-jre com/google/common/io/Files$FileByteSource (coverage matcher score 1.000)
com.moonsworth.lunar.genesis	MixinHelper16$Data5	Files$FileByteSink	Guava 29.0-jre com/google/common/io/Files$FileByteSink (coverage matcher score 1.000)
com.moonsworth.lunar.genesis	MixinHelper16$Data6	Joiner$MapJoiner	Guava 29.0-jre com/google/common/base/Joiner$MapJoiner (coverage matcher score 1.000)
com.moonsworth.lunar.genesis	MixinHelper16$Type$1	Files$FilePredicate$1	Guava 29.0-jre com/google/common/io/Files$FilePredicate$1 (coverage matcher score 1.000)
com.moonsworth.lunar.genesis	MixinHelper16$Type$2	Files$FilePredicate$2	Guava 29.0-jre com/google/common/io/Files$FilePredicate$2 (coverage matcher score 1.000)
com.moonsworth.lunar.genesis	MixinHelper162	FakeTimeLimiter	Guava 29.0-jre com/google/common/util/concurrent/FakeTimeLimiter (coverage matcher score 1.000)
com.moonsworth.lunar.genesis	MixinHelper163	SimpleTimeLimiter	Guava 29.0-jre com/google/common/util/concurrent/SimpleTimeLimiter (coverage matcher score 1.000)
com.moonsworth.lunar.genesis	MixinHelper16_4	TimeLimiter	Guava 29.0-jre com/google/common/util/concurrent/TimeLimiter (coverage matcher score 1.000)
com.moonsworth.lunar.genesis	MixinHelper17$Data3	Enums$StringConverter	Guava 29.0-jre com/google/common/base/Enums$StringConverter (coverage matcher score 1.000)
com.moonsworth.lunar.genesis	MixinHelper17$Data6	TreeTraverser$PostOrderNode	Guava 29.0-jre com/google/common/collect/TreeTraverser$PostOrderNode (coverage matcher score 1.000)
com.moonsworth.lunar.genesis	MixinHelper17_2	AsyncFunction	Guava 29.0-jre com/google/common/util/concurrent/AsyncFunction (coverage matcher score 1.000)
com.moonsworth.lunar.genesis	MixinHelper18$1	MoreFiles$1	Guava 29.0-jre com/google/common/io/MoreFiles$1 (coverage matcher score 1.000)
com.moonsworth.lunar.genesis	MixinHelper18$2	MoreFiles$2	Guava 29.0-jre com/google/common/io/MoreFiles$2 (coverage matcher score 1.000)
com.moonsworth.lunar.genesis	MixinHelper18$3	MoreFiles$3	Guava 29.0-jre com/google/common/io/MoreFiles$3 (coverage matcher score 1.000)
com.moonsworth.lunar.genesis	MixinHelper18$Data	MoreFiles$PathByteSource	Guava 29.0-jre com/google/common/io/MoreFiles$PathByteSource (coverage matcher score 1.000)
com.moonsworth.lunar.genesis	MixinHelper18$Data2	MoreFiles$PathByteSink	Guava 29.0-jre com/google/common/io/MoreFiles$PathByteSink (coverage matcher score 1.000)
com.moonsworth.lunar.genesis	MixinHelper18$Data3	JdkFutureAdapters$ListenableFutureAdapter	Guava 29.0-jre com/google/common/util/concurrent/JdkFutureAdapters$ListenableFutureAdapter (coverage matcher score 1.000)
com.moonsworth.lunar.genesis	MixinHelper18_2	Charsets	Guava 29.0-jre com/google/common/base/Charsets (coverage matcher score 1.000)
com.moonsworth.lunar.genesis	MixinHelper18_3	CollectPreconditions	Guava 29.0-jre com/google/common/collect/CollectPreconditions (coverage matcher score 1.000)
com.moonsworth.lunar.genesis	MixinHelper19$1	ThreadFactoryBuilder$1	Guava 29.0-jre com/google/common/util/concurrent/ThreadFactoryBuilder$1 (coverage matcher score 1.000)
com.moonsworth.lunar.genesis	MixinHelper19$1_2	Ticker$1	Guava 29.0-jre com/google/common/base/Ticker$1 (coverage matcher score 1.000)
com.moonsworth.lunar.genesis	MixinHelper19$Data14	Maps$Accumulator	Guava 29.0-jre com/google/common/collect/Maps$Accumulator (coverage matcher score 1.000)
com.moonsworth.lunar.genesis	MixinHelper19$Data23	Maps$BiMapConverter	Guava 29.0-jre com/google/common/collect/Maps$BiMapConverter (coverage matcher score 1.000)
com.moonsworth.lunar.genesis	MixinHelper19$Data24	Maps$IteratorBasedAbstractMap	Guava 29.0-jre com/google/common/collect/Maps$IteratorBasedAbstractMap (coverage matcher score 1.000)
com.moonsworth.lunar.genesis	MixinHelper19$Data26	Maps$NavigableAsMapView	Guava 29.0-jre com/google/common/collect/Maps$NavigableAsMapView (coverage matcher score 1.000)
com.moonsworth.lunar.genesis	MixinHelper19$Data31	Maps$UnmodifiableBiMap	Guava 29.0-jre com/google/common/collect/Maps$UnmodifiableBiMap (coverage matcher score 1.000)
com.moonsworth.lunar.genesis	MixinHelper19$Data35	Maps$Values	Guava 29.0-jre com/google/common/collect/Maps$Values (coverage matcher score 1.000)
com.moonsworth.lunar.genesis	MixinHelper19$Data38	Maps$UnmodifiableEntries	Guava 29.0-jre com/google/common/collect/Maps$UnmodifiableEntries (coverage matcher score 1.000)
com.moonsworth.lunar.genesis	MixinHelper19$Extension	Maps$EntryTransformer	Guava 29.0-jre com/google/common/collect/Maps$EntryTransformer (coverage matcher score 1.000)
com.moonsworth.lunar.genesis	MixinHelper19$Type$1	Maps$EntryFunction$1	Guava 29.0-jre com/google/common/collect/Maps$EntryFunction$1 (coverage matcher score 1.000)
com.moonsworth.lunar.genesis	MixinHelper19$Type$2	Maps$EntryFunction$2	Guava 29.0-jre com/google/common/collect/Maps$EntryFunction$2 (coverage matcher score 1.000)
com.moonsworth.lunar.genesis	MixinHelper19_2	ThreadFactoryBuilder	Guava 29.0-jre com/google/common/util/concurrent/ThreadFactoryBuilder (coverage matcher score 1.000)
com.moonsworth.lunar.genesis	MixinHelper2	TypeCapture	Guava 29.0-jre com/google/common/reflect/TypeCapture (coverage matcher score 1.000)
com.moonsworth.lunar.genesis	MixinHelper2$1	MoreExecutors$1	Guava 29.0-jre com/google/common/util/concurrent/MoreExecutors$1 (coverage matcher score 1.000)
com.moonsworth.lunar.genesis	MixinHelper2$1_2	BigIntegerMath$1	Guava 29.0-jre com/google/common/math/BigIntegerMath$1 (coverage matcher score 1.000)
com.moonsworth.lunar.genesis	MixinHelper2$1_3	SortedLists$1	Guava 29.0-jre com/google/common/collect/SortedLists$1 (coverage matcher score 1.000)
com.moonsworth.lunar.genesis	MixinHelper2$1_4	LineReader$1	Guava 29.0-jre com/google/common/io/LineReader$1 (coverage matcher score 1.000)
com.moonsworth.lunar.genesis	MixinHelper2$2	MoreExecutors$5	Guava 29.0-jre com/google/common/util/concurrent/MoreExecutors$5 (coverage matcher score 1.000)
com.moonsworth.lunar.genesis	MixinHelper2$3	MoreExecutors$3	Guava 29.0-jre com/google/common/util/concurrent/MoreExecutors$3 (coverage matcher score 1.000)
com.moonsworth.lunar.genesis	MixinHelper2$4	MoreExecutors$4	Guava 29.0-jre com/google/common/util/concurrent/MoreExecutors$4 (coverage matcher score 1.000)
com.moonsworth.lunar.genesis	MixinHelper2$Data17	MoreExecutors$DirectExecutorService	Guava 29.0-jre com/google/common/util/concurrent/MoreExecutors$DirectExecutorService (coverage matcher score 1.000)
com.moonsworth.lunar.genesis	MixinHelper2$Data18	MoreExecutors$Application	Guava 29.0-jre com/google/common/util/concurrent/MoreExecutors$Application (coverage matcher score 1.000)
com.moonsworth.lunar.genesis	MixinHelper2$Data19	MoreExecutors$ListeningDecorator	Guava 29.0-jre com/google/common/util/concurrent/MoreExecutors$ListeningDecorator (coverage matcher score 1.000)
com.moonsworth.lunar.genesis	MixinHelper2$Data21	HttpHeaders$ReferrerPolicyValues	Guava 29.0-jre com/google/common/net/HttpHeaders$ReferrerPolicyValues (coverage matcher score 1.000)
com.moonsworth.lunar.genesis	MixinHelper2$Extension	LittleEndianByteArray$LittleEndianBytes	Guava 29.0-jre com/google/common/hash/LittleEndianByteArray$LittleEndianBytes (coverage matcher score 1.000)
com.moonsworth.lunar.genesis	MixinHelper2$Type7$1	LittleEndianByteArray$JavaLittleEndianBytes$1	Guava 29.0-jre com/google/common/hash/LittleEndianByteArray$JavaLittleEndianBytes$1 (coverage matcher score 1.000)
com.moonsworth.lunar.genesis	MixinHelper2$Type8$3	Striped64$1	Guava 29.0-jre com/google/common/cache/Striped64$1 (coverage matcher score 1.000)
com.moonsworth.lunar.genesis	MixinHelper20$1	StandardRowSortedTable$1	Guava 29.0-jre com/google/common/collect/StandardRowSortedTable$1 (coverage matcher score 1.000)
com.moonsworth.lunar.genesis	MixinHelper20$Data10	Predicates$NotPredicate	Guava 29.0-jre com/google/common/base/Predicates$NotPredicate (coverage matcher score 1.000)
com.moonsworth.lunar.genesis	MixinHelper20$Data11	Predicates$InPredicate	Guava 29.0-jre com/google/common/base/Predicates$InPredicate (coverage matcher score 1.000)
com.moonsworth.lunar.genesis	MixinHelper20$Data2	Predicates$OrPredicate	Guava 29.0-jre com/google/common/base/Predicates$OrPredicate (coverage matcher score 1.000)
com.moonsworth.lunar.genesis	MixinHelper20$Data3	Predicates$CompositionPredicate	Guava 29.0-jre com/google/common/base/Predicates$CompositionPredicate (coverage matcher score 1.000)
com.moonsworth.lunar.genesis	MixinHelper20$Data4	Predicates$AndPredicate	Guava 29.0-jre com/google/common/base/Predicates$AndPredicate (coverage matcher score 1.000)
com.moonsworth.lunar.genesis	MixinHelper20$Data6	Predicates$ContainsPatternPredicate	Guava 29.0-jre com/google/common/base/Predicates$ContainsPatternPredicate (coverage matcher score 1.000)
com.moonsworth.lunar.genesis	MixinHelper20$Data7	Predicates$SubtypeOfPredicate	Guava 29.0-jre com/google/common/base/Predicates$SubtypeOfPredicate (coverage matcher score 1.000)
com.moonsworth.lunar.genesis	MixinHelper20$Data8	Predicates$InstanceOfPredicate	Guava 29.0-jre com/google/common/base/Predicates$InstanceOfPredicate (coverage matcher score 1.000)
com.moonsworth.lunar.genesis	MixinHelper20$Data9	Predicates$IsEqualToPredicate	Guava 29.0-jre com/google/common/base/Predicates$IsEqualToPredicate (coverage matcher score 1.000)
com.moonsworth.lunar.genesis	MixinHelper20$Type$1	Predicates$ObjectPredicate$1	Guava 29.0-jre com/google/common/base/Predicates$ObjectPredicate$1 (coverage matcher score 1.000)
com.moonsworth.lunar.genesis	MixinHelper20$Type$2	Predicates$ObjectPredicate$2	Guava 29.0-jre com/google/common/base/Predicates$ObjectPredicate$2 (coverage matcher score 1.000)
com.moonsworth.lunar.genesis	MixinHelper20$Type$3	Predicates$ObjectPredicate$3	Guava 29.0-jre com/google/common/base/Predicates$ObjectPredicate$3 (coverage matcher score 1.000)
com.moonsworth.lunar.genesis	MixinHelper20$Type$4	Predicates$ObjectPredicate$4	Guava 29.0-jre com/google/common/base/Predicates$ObjectPredicate$4 (coverage matcher score 1.000)
com.moonsworth.lunar.genesis	MixinHelper20_2	Interner	Guava 29.0-jre com/google/common/collect/Interner (coverage matcher score 1.000)
com.moonsworth.lunar.genesis	MixinHelper20_3	FutureCallback	Guava 29.0-jre com/google/common/util/concurrent/FutureCallback (coverage matcher score 1.000)
com.moonsworth.lunar.genesis	MixinHelper21$Data	MoreCollectors$ToOptionalState	Guava 29.0-jre com/google/common/collect/MoreCollectors$ToOptionalState (coverage matcher score 1.000)
com.moonsworth.lunar.genesis	MixinHelper21_2	CommonMatcher	Guava 29.0-jre com/google/common/base/CommonMatcher (coverage matcher score 1.000)
com.moonsworth.lunar.genesis	MixinHelper22$Data11	Lists$TwoPlusArrayList	Guava 29.0-jre com/google/common/collect/Lists$TwoPlusArrayList (coverage matcher score 1.000)
com.moonsworth.lunar.genesis	MixinHelper22$Data13	Lists$ReverseList	Guava 29.0-jre com/google/common/collect/Lists$ReverseList (coverage matcher score 1.000)
com.moonsworth.lunar.genesis	MixinHelper22$Data3	Lists$TransformingRandomAccessList	Guava 29.0-jre com/google/common/collect/Lists$TransformingRandomAccessList (coverage matcher score 1.000)
com.moonsworth.lunar.genesis	MixinHelper22$Data4	Lists$CharSequenceAsList	Guava 29.0-jre com/google/common/collect/Lists$CharSequenceAsList (coverage matcher score 1.000)
com.moonsworth.lunar.genesis	MixinHelper22$Data5	Lists$AbstractListWrapper	Guava 29.0-jre com/google/common/collect/Lists$AbstractListWrapper (coverage matcher score 1.000)
com.moonsworth.lunar.genesis	MixinHelper22$Data6	Lists$OnePlusArrayList	Guava 29.0-jre com/google/common/collect/Lists$OnePlusArrayList (coverage matcher score 1.000)
com.moonsworth.lunar.genesis	MixinHelper22$Data7	Lists$StringAsImmutableList	Guava 29.0-jre com/google/common/collect/Lists$StringAsImmutableList (coverage matcher score 1.000)
com.moonsworth.lunar.genesis	MixinHelper22$Data9	Lists$TransformingSequentialList	Guava 29.0-jre com/google/common/collect/Lists$TransformingSequentialList (coverage matcher score 1.000)
com.moonsworth.lunar.genesis	MixinHelper222$Data2	JdkPattern$JdkMatcher	Guava 29.0-jre com/google/common/base/JdkPattern$JdkMatcher (coverage matcher score 1.000)
com.moonsworth.lunar.genesis	MixinHelper22_2	CommonPattern	Guava 29.0-jre com/google/common/base/CommonPattern (coverage matcher score 1.000)
com.moonsworth.lunar.genesis	MixinHelper22_4	TypeParameter	Guava 29.0-jre com/google/common/reflect/TypeParameter (coverage matcher score 1.000)
com.moonsworth.lunar.genesis	MixinHelper23$1_2	StandardTable$1	Guava 29.0-jre com/google/common/collect/StandardTable$1 (coverage matcher score 1.000)
com.moonsworth.lunar.genesis	MixinHelper23$3	TypeToken$3	Guava 29.0-jre com/google/common/reflect/TypeToken$3 (coverage matcher score 1.000)
com.moonsworth.lunar.genesis	MixinHelper23$Data13	TypeToken$Bounds	Guava 29.0-jre com/google/common/reflect/TypeToken$Bounds (coverage matcher score 1.000)
com.moonsworth.lunar.genesis	MixinHelper23$Data15	TypeToken$SimpleTypeToken	Guava 29.0-jre com/google/common/reflect/TypeToken$SimpleTypeToken (coverage matcher score 1.000)
com.moonsworth.lunar.genesis	MixinHelper23$Data17	TypeToken$TypeCollector	Guava 29.0-jre com/google/common/reflect/TypeToken$TypeCollector (coverage matcher score 1.000)
com.moonsworth.lunar.genesis	MixinHelper23$Data4	Streams$MapWithIndexSpliterator	Guava 29.0-jre com/google/common/collect/Streams$MapWithIndexSpliterator (coverage matcher score 1.000)
com.moonsworth.lunar.genesis	MixinHelper23$Data9	Streams$TemporaryPair	Guava 29.0-jre com/google/common/collect/Streams$TemporaryPair (coverage matcher score 1.000)
com.moonsworth.lunar.genesis	MixinHelper23$Extension	Streams$LongFunctionWithIndex	Guava 29.0-jre com/google/common/collect/Streams$LongFunctionWithIndex (coverage matcher score 1.000)
com.moonsworth.lunar.genesis	MixinHelper23$Extension2	Streams$DoubleFunctionWithIndex	Guava 29.0-jre com/google/common/collect/Streams$DoubleFunctionWithIndex (coverage matcher score 1.000)
com.moonsworth.lunar.genesis	MixinHelper23$Extension3	Streams$FunctionWithIndex	Guava 29.0-jre com/google/common/collect/Streams$FunctionWithIndex (coverage matcher score 1.000)
com.moonsworth.lunar.genesis	MixinHelper23$Extension4	Streams$IntFunctionWithIndex	Guava 29.0-jre com/google/common/collect/Streams$IntFunctionWithIndex (coverage matcher score 1.000)
com.moonsworth.lunar.genesis	MixinHelper23$Type$1	RemovalCause$1	Guava 29.0-jre com/google/common/cache/RemovalCause$1 (coverage matcher score 1.000)
com.moonsworth.lunar.genesis	MixinHelper23$Type$2	RemovalCause$2	Guava 29.0-jre com/google/common/cache/RemovalCause$2 (coverage matcher score 1.000)
com.moonsworth.lunar.genesis	MixinHelper23$Type$3	RemovalCause$3	Guava 29.0-jre com/google/common/cache/RemovalCause$3 (coverage matcher score 1.000)
com.moonsworth.lunar.genesis	MixinHelper23$Type$4	RemovalCause$4	Guava 29.0-jre com/google/common/cache/RemovalCause$4 (coverage matcher score 1.000)
com.moonsworth.lunar.genesis	MixinHelper23$Type$5	RemovalCause$5	Guava 29.0-jre com/google/common/cache/RemovalCause$5 (coverage matcher score 1.000)
com.moonsworth.lunar.genesis	MixinHelper23$Type$6	Service$State$1	Guava 29.0-jre com/google/common/util/concurrent/Service$State$1 (coverage matcher score 1.000)
com.moonsworth.lunar.genesis	MixinHelper23$Type2$1	TypeToken$TypeFilter$1	Guava 29.0-jre com/google/common/reflect/TypeToken$TypeFilter$1 (coverage matcher score 1.000)
com.moonsworth.lunar.genesis	MixinHelper23$Type2$2	TypeToken$TypeFilter$2	Guava 29.0-jre com/google/common/reflect/TypeToken$TypeFilter$2 (coverage matcher score 1.000)
com.moonsworth.lunar.genesis	MixinHelper232$1$1	AbstractExecutionThreadService$1$1	Guava 29.0-jre com/google/common/util/concurrent/AbstractExecutionThreadService$1$1 (coverage matcher score 1.000)
com.moonsworth.lunar.genesis	MixinHelper232$2	AbstractExecutionThreadService$2	Guava 29.0-jre com/google/common/util/concurrent/AbstractExecutionThreadService$2 (coverage matcher score 1.000)
com.moonsworth.lunar.genesis	MixinHelper233$1	AbstractIdleService$1	Guava 29.0-jre com/google/common/util/concurrent/AbstractIdleService$1 (coverage matcher score 1.000)
com.moonsworth.lunar.genesis	MixinHelper233$Data	AbstractIdleService$ThreadNameSupplier	Guava 29.0-jre com/google/common/util/concurrent/AbstractIdleService$ThreadNameSupplier (coverage matcher score 1.000)
com.moonsworth.lunar.genesis	MixinHelper233$Data2	AbstractIdleService$DelegateService	Guava 29.0-jre com/google/common/util/concurrent/AbstractIdleService$DelegateService (coverage matcher score 1.000)
com.moonsworth.lunar.genesis	MixinHelper234$Data$Data	AbstractScheduledService$CustomScheduler$Schedule	Guava 29.0-jre com/google/common/util/concurrent/AbstractScheduledService$CustomScheduler$Schedule (coverage matcher score 1.000)
com.moonsworth.lunar.genesis	MixinHelper234$Data3	AbstractScheduledService$Scheduler	Guava 29.0-jre com/google/common/util/concurrent/AbstractScheduledService$Scheduler (coverage matcher score 1.000)
com.moonsworth.lunar.genesis	MixinHelper24	Callables	Guava 29.0-jre com/google/common/util/concurrent/Callables (coverage matcher score 1.000)
com.moonsworth.lunar.genesis	MixinHelper24$4	Callables$4	Guava 29.0-jre com/google/common/util/concurrent/Callables$4 (coverage matcher score 1.000)
com.moonsworth.lunar.genesis	MixinHelper24$Extension	Table$Cell	Guava 29.0-jre com/google/common/collect/Table$Cell (coverage matcher score 1.000)
com.moonsworth.lunar.genesis	MixinHelper242$Data	Converter$FunctionBasedConverter	Guava 29.0-jre com/google/common/base/Converter$FunctionBasedConverter (coverage matcher score 1.000)
com.moonsworth.lunar.genesis	MixinHelper242$Data2	Converter$ConverterComposition	Guava 29.0-jre com/google/common/base/Converter$ConverterComposition (coverage matcher score 1.000)
com.moonsworth.lunar.genesis	MixinHelper242$Data3	Converter$IdentityConverter	Guava 29.0-jre com/google/common/base/Converter$IdentityConverter (coverage matcher score 1.000)
com.moonsworth.lunar.genesis	MixinHelper242$Data4	Converter$ReverseConverter	Guava 29.0-jre com/google/common/base/Converter$ReverseConverter (coverage matcher score 1.000)
com.moonsworth.lunar.genesis	MixinHelper24_2	Function	Guava 29.0-jre com/google/common/base/Function (coverage matcher score 1.000)
com.moonsworth.lunar.genesis	MixinHelper24_4	LoadingCache	Guava 29.0-jre com/google/common/cache/LoadingCache (coverage matcher score 1.000)
com.moonsworth.lunar.genesis	MixinHelper25$Data10	Iterators$ArrayItr	Guava 29.0-jre com/google/common/collect/Iterators$ArrayItr (coverage matcher score 1.000)
com.moonsworth.lunar.genesis	MixinHelper25$Data11	Iterators$MergingIterator	Guava 29.0-jre com/google/common/collect/Iterators$MergingIterator (coverage matcher score 1.000)
com.moonsworth.lunar.genesis	MixinHelper25$Data12	Iterators$PeekingImpl	Guava 29.0-jre com/google/common/collect/Iterators$PeekingImpl (coverage matcher score 1.000)
com.moonsworth.lunar.genesis	MixinHelper25$Data3	Suppliers$MemoizingSupplier	Guava 29.0-jre com/google/common/base/Suppliers$MemoizingSupplier (coverage matcher score 1.000)
com.moonsworth.lunar.genesis	MixinHelper25$Data4	Suppliers$ExpiringMemoizingSupplier	Guava 29.0-jre com/google/common/base/Suppliers$ExpiringMemoizingSupplier (coverage matcher score 1.000)
com.moonsworth.lunar.genesis	MixinHelper25$Data5	Suppliers$NonSerializableMemoizingSupplier	Guava 29.0-jre com/google/common/base/Suppliers$NonSerializableMemoizingSupplier (coverage matcher score 1.000)
com.moonsworth.lunar.genesis	MixinHelper25$Data6	Suppliers$SupplierComposition	Guava 29.0-jre com/google/common/base/Suppliers$SupplierComposition (coverage matcher score 1.000)
com.moonsworth.lunar.genesis	MixinHelper25$Data7	Suppliers$SupplierOfInstance	Guava 29.0-jre com/google/common/base/Suppliers$SupplierOfInstance (coverage matcher score 1.000)
com.moonsworth.lunar.genesis	MixinHelper25$Data8	Suppliers$ThreadSafeSupplier	Guava 29.0-jre com/google/common/base/Suppliers$ThreadSafeSupplier (coverage matcher score 1.000)
com.moonsworth.lunar.genesis	MixinHelper25$Data9	Iterators$ConcatenatedIterator	Guava 29.0-jre com/google/common/collect/Iterators$ConcatenatedIterator (coverage matcher score 1.000)
com.moonsworth.lunar.genesis	MixinHelper25$Extension	MapMakerInternalMap$StrongValueEntry	Guava 29.0-jre com/google/common/collect/MapMakerInternalMap$StrongValueEntry (coverage matcher score 1.000)
com.moonsworth.lunar.genesis	MixinHelper262$Data	Futures$FutureCombiner	Guava 29.0-jre com/google/common/util/concurrent/Futures$FutureCombiner (coverage matcher score 1.000)
com.moonsworth.lunar.genesis	MixinHelper262$Data2	Futures$CallbackListener	Guava 29.0-jre com/google/common/util/concurrent/Futures$CallbackListener (coverage matcher score 1.000)
com.moonsworth.lunar.genesis	MixinHelper262$Data4	Futures$InCompletionOrderState	Guava 29.0-jre com/google/common/util/concurrent/Futures$InCompletionOrderState (coverage matcher score 1.000)
com.moonsworth.lunar.genesis	MixinHelper26_3	ShortsMethodsForWeb	Guava 29.0-jre com/google/common/primitives/ShortsMethodsForWeb (coverage matcher score 1.000)
com.moonsworth.lunar.genesis	MixinHelper27$1	Synchronized$1	Guava 29.0-jre com/google/common/collect/Synchronized$1 (coverage matcher score 1.000)
com.moonsworth.lunar.genesis	MixinHelper27$2	Striped$2	Guava 29.0-jre com/google/common/util/concurrent/Striped$2 (coverage matcher score 1.000)
com.moonsworth.lunar.genesis	MixinHelper27$4	Striped$4	Guava 29.0-jre com/google/common/util/concurrent/Striped$4 (coverage matcher score 1.000)
com.moonsworth.lunar.genesis	MixinHelper27$5	Striped$5	Guava 29.0-jre com/google/common/util/concurrent/Striped$5 (coverage matcher score 1.000)
com.moonsworth.lunar.genesis	MixinHelper27$Data10	Striped$PaddedLock	Guava 29.0-jre com/google/common/util/concurrent/Striped$PaddedLock (coverage matcher score 1.000)
com.moonsworth.lunar.genesis	MixinHelper27$Data12	Striped$PaddedSemaphore	Guava 29.0-jre com/google/common/util/concurrent/Striped$PaddedSemaphore (coverage matcher score 1.000)
com.moonsworth.lunar.genesis	MixinHelper27$Data13$Data	Striped$SmallLazyStriped$ArrayReference	Guava 29.0-jre com/google/common/util/concurrent/Striped$SmallLazyStriped$ArrayReference (coverage matcher score 1.000)
com.moonsworth.lunar.genesis	MixinHelper27$Data16	Striped$PowerOfTwoStriped	Guava 29.0-jre com/google/common/util/concurrent/Striped$PowerOfTwoStriped (coverage matcher score 1.000)
com.moonsworth.lunar.genesis	MixinHelper27$Data5	Interners$InternerFunction	Guava 29.0-jre com/google/common/collect/Interners$InternerFunction (coverage matcher score 1.000)
com.moonsworth.lunar.genesis	MixinHelper28_2	TopKSelector	Guava 29.0-jre com/google/common/collect/TopKSelector (coverage matcher score 1.000)
com.moonsworth.lunar.genesis	MixinHelper29	ObjectArrays	Guava 29.0-jre com/google/common/collect/ObjectArrays (coverage matcher score 1.000)
com.moonsworth.lunar.genesis	MixinHelper292$1	TreeRangeSet$1	Guava 29.0-jre com/google/common/collect/TreeRangeSet$1 (coverage matcher score 1.000)
com.moonsworth.lunar.genesis	MixinHelper292$Data$1	LittleEndianByteArray$UnsafeByteArray$3	Guava 29.0-jre com/google/common/hash/LittleEndianByteArray$UnsafeByteArray$3 (coverage matcher score 1.000)
com.moonsworth.lunar.genesis	MixinHelper292$Data2	AbstractFuture$Cancellation	Guava 29.0-jre com/google/common/util/concurrent/AbstractFuture$Cancellation (coverage matcher score 1.000)
com.moonsworth.lunar.genesis	MixinHelper292$Data4	AbstractFuture$Failure	Guava 29.0-jre com/google/common/util/concurrent/AbstractFuture$Failure (coverage matcher score 1.000)
com.moonsworth.lunar.genesis	MixinHelper292$Data4$1	AbstractFuture$Failure$1	Guava 29.0-jre com/google/common/util/concurrent/AbstractFuture$Failure$1 (coverage matcher score 1.000)
com.moonsworth.lunar.genesis	MixinHelper292$Data8	AbstractFuture$SetFuture	Guava 29.0-jre com/google/common/util/concurrent/AbstractFuture$SetFuture (coverage matcher score 1.000)
com.moonsworth.lunar.genesis	MixinHelper292$Extension	AbstractFuture$Trusted	Guava 29.0-jre com/google/common/util/concurrent/AbstractFuture$Trusted (coverage matcher score 1.000)
com.moonsworth.lunar.genesis	MixinHelper2922	GwtFluentFutureCatchingSpecialization	Guava 29.0-jre com/google/common/util/concurrent/GwtFluentFutureCatchingSpecialization (coverage matcher score 1.000)
com.moonsworth.lunar.genesis	MixinHelper292222	ForwardingFluentFuture	Guava 29.0-jre com/google/common/util/concurrent/ForwardingFluentFuture (coverage matcher score 1.000)
com.moonsworth.lunar.genesis	MixinHelper2_11	HttpHeaders	Guava 29.0-jre com/google/common/net/HttpHeaders (coverage matcher score 1.000)
com.moonsworth.lunar.genesis	MixinHelper2_12	Comparators	Guava 29.0-jre com/google/common/collect/Comparators (coverage matcher score 1.000)
com.moonsworth.lunar.genesis	MixinHelper2_14	GraphConstants	Guava 29.0-jre com/google/common/graph/GraphConstants (coverage matcher score 1.000)
com.moonsworth.lunar.genesis	MixinHelper2_3	ArrayBasedEscaperMap	Guava 29.0-jre com/google/common/escape/ArrayBasedEscaperMap (coverage matcher score 1.000)
com.moonsworth.lunar.genesis	MixinHelper2_4	HtmlEscapers	Guava 29.0-jre com/google/common/html/HtmlEscapers (coverage matcher score 1.000)
com.moonsworth.lunar.genesis	MixinHelper2_5	Weigher	Guava 29.0-jre com/google/common/cache/Weigher (coverage matcher score 1.000)
com.moonsworth.lunar.genesis	MixinHelper2_8	Preconditions	Guava 29.0-jre com/google/common/base/Preconditions (coverage matcher score 1.000)
com.moonsworth.lunar.genesis	MixinHelper2_9	DeadEvent	Guava 29.0-jre com/google/common/eventbus/DeadEvent (coverage matcher score 1.000)
com.moonsworth.lunar.genesis	MixinHelper3	Defaults	Guava 29.0-jre com/google/common/base/Defaults (coverage matcher score 1.000)
com.moonsworth.lunar.genesis	MixinHelper3$1	Escaper$1	Guava 29.0-jre com/google/common/escape/Escaper$1 (coverage matcher score 1.000)
com.moonsworth.lunar.genesis	MixinHelper3$1_3	LongAddables$1	Guava 29.0-jre com/google/common/hash/LongAddables$1 (coverage matcher score 1.000)
com.moonsworth.lunar.genesis	MixinHelper3$2_2	Types$2	Guava 29.0-jre com/google/common/reflect/Types$2 (coverage matcher score 1.000)
com.moonsworth.lunar.genesis	MixinHelper3$3	ExecutionSequencer$3	Guava 29.0-jre com/google/common/util/concurrent/ExecutionSequencer$3 (coverage matcher score 1.000)
com.moonsworth.lunar.genesis	MixinHelper3$Data28	LongAddables$PureJavaLongAddable	Guava 29.0-jre com/google/common/cache/LongAddables$PureJavaLongAddable (coverage matcher score 1.000)
com.moonsworth.lunar.genesis	MixinHelper3$Data31$Extension	CollectSpliterators$FlatMapSpliterator$Factory	Guava 29.0-jre com/google/common/collect/CollectSpliterators$FlatMapSpliterator$Factory (coverage matcher score 1.000)
com.moonsworth.lunar.genesis	MixinHelper3$Data37	Funnels$SequentialFunnel	Guava 29.0-jre com/google/common/hash/Funnels$SequentialFunnel (coverage matcher score 1.000)
com.moonsworth.lunar.genesis	MixinHelper3$Data38$Data	Funnels$StringCharsetFunnel$SerializedForm	Guava 29.0-jre com/google/common/hash/Funnels$StringCharsetFunnel$SerializedForm (coverage matcher score 1.000)
com.moonsworth.lunar.genesis	MixinHelper3$Data39	Funnels$SinkAsStream	Guava 29.0-jre com/google/common/hash/Funnels$SinkAsStream (coverage matcher score 1.000)
com.moonsworth.lunar.genesis	MixinHelper3$Data41	Types$NativeTypeVariableEquals	Guava 29.0-jre com/google/common/reflect/Types$NativeTypeVariableEquals (coverage matcher score 1.000)
com.moonsworth.lunar.genesis	MixinHelper3$Type10$3	Types$JavaVersion$3	Guava 29.0-jre com/google/common/reflect/Types$JavaVersion$3 (coverage matcher score 1.000)
com.moonsworth.lunar.genesis	MixinHelper3$Type10$4	Types$JavaVersion$4	Guava 29.0-jre com/google/common/reflect/Types$JavaVersion$4 (coverage matcher score 1.000)
com.moonsworth.lunar.genesis	MixinHelper3$Type10$5	FluentFuture$TrustedFuture	Guava 29.0-jre com/google/common/util/concurrent/FluentFuture$TrustedFuture (coverage matcher score 1.000)
com.moonsworth.lunar.genesis	MixinHelper3$Type10$6	ImmediateFuture$ImmediateCancelledFuture	Guava 29.0-jre com/google/common/util/concurrent/ImmediateFuture$ImmediateCancelledFuture (coverage matcher score 1.000)
com.moonsworth.lunar.genesis	MixinHelper3$Type9$1	Types$ClassOwnership$1	Guava 29.0-jre com/google/common/reflect/Types$ClassOwnership$1 (coverage matcher score 1.000)
com.moonsworth.lunar.genesis	MixinHelper3$Type9$2	Types$ClassOwnership$2	Guava 29.0-jre com/google/common/reflect/Types$ClassOwnership$2 (coverage matcher score 1.000)
com.moonsworth.lunar.genesis	MixinHelper3$Type9$Data	Striped$6	Guava 29.0-jre com/google/common/util/concurrent/Striped$6 (coverage matcher score 1.000)
com.moonsworth.lunar.genesis	MixinHelper30$1	Dispatcher$1	Guava 29.0-jre com/google/common/eventbus/Dispatcher$1 (coverage matcher score 1.000)
com.moonsworth.lunar.genesis	MixinHelper30$Data5	AggregateFutureState$AtomicHelper	Guava 29.0-jre com/google/common/util/concurrent/AggregateFutureState$AtomicHelper (coverage matcher score 1.000)
com.moonsworth.lunar.genesis	MixinHelper302$1	Futures$3	Guava 29.0-jre com/google/common/util/concurrent/Futures$3 (coverage matcher score 1.000)
com.moonsworth.lunar.genesis	MixinHelper302$2	AggregateFuture$2	Guava 29.0-jre com/google/common/util/concurrent/AggregateFuture$2 (coverage matcher score 1.000)
com.moonsworth.lunar.genesis	MixinHelper3022$Data	CollectionFuture$Present	Guava 29.0-jre com/google/common/util/concurrent/CollectionFuture$Present (coverage matcher score 1.000)
com.moonsworth.lunar.genesis	MixinHelper3023$Data3	CombinedFuture$CombinedFutureInterruptibleTask	Guava 29.0-jre com/google/common/util/concurrent/CombinedFuture$CombinedFutureInterruptibleTask (coverage matcher score 1.000)
com.moonsworth.lunar.genesis	MixinHelper31	ForwardingCache	Guava 29.0-jre com/google/common/cache/ForwardingCache (coverage matcher score 1.000)
com.moonsworth.lunar.genesis	MixinHelper31$Data	ForwardingCache$SimpleForwardingCache	Guava 29.0-jre com/google/common/cache/ForwardingCache$SimpleForwardingCache (coverage matcher score 1.000)
com.moonsworth.lunar.genesis	MixinHelper312	ForwardingMap	Guava 29.0-jre com/google/common/collect/ForwardingMap (coverage matcher score 1.000)
com.moonsworth.lunar.genesis	MixinHelper312$1	EndpointPair$1	Guava 29.0-jre com/google/common/graph/EndpointPair$1 (coverage matcher score 1.000)
com.moonsworth.lunar.genesis	MixinHelper312$Data	ForwardingLoadingCache$SimpleForwardingLoadingCache	Guava 29.0-jre com/google/common/cache/ForwardingLoadingCache$SimpleForwardingLoadingCache (coverage matcher score 1.000)
com.moonsworth.lunar.genesis	MixinHelper312$Data5	ForwardingFuture$SimpleForwardingFuture	Guava 29.0-jre com/google/common/util/concurrent/ForwardingFuture$SimpleForwardingFuture (coverage matcher score 1.000)
com.moonsworth.lunar.genesis	MixinHelper3122$1_2	EndpointPairIterator$1	Guava 29.0-jre com/google/common/graph/EndpointPairIterator$1 (coverage matcher score 1.000)
com.moonsworth.lunar.genesis	MixinHelper3122$Data3	MutableClassToInstanceMap$SerializedForm	Guava 29.0-jre com/google/common/collect/MutableClassToInstanceMap$SerializedForm (coverage matcher score 1.000)
com.moonsworth.lunar.genesis	MixinHelper3122$Data4	ForwardingListenableFuture$SimpleForwardingListenableFuture	Guava 29.0-jre com/google/common/util/concurrent/ForwardingListenableFuture$SimpleForwardingListenableFuture (coverage matcher score 1.000)
com.moonsworth.lunar.genesis	MixinHelper3122$Data5	MutableTypeToInstanceMap$UnmodifiableEntry	Guava 29.0-jre com/google/common/reflect/MutableTypeToInstanceMap$UnmodifiableEntry (coverage matcher score 1.000)
com.moonsworth.lunar.genesis	MixinHelper3122_3	ForwardingListenableFuture	Guava 29.0-jre com/google/common/util/concurrent/ForwardingListenableFuture (coverage matcher score 1.000)
com.moonsworth.lunar.genesis	MixinHelper3123	ForwardingSortedMap	Guava 29.0-jre com/google/common/collect/ForwardingSortedMap (coverage matcher score 1.000)
com.moonsworth.lunar.genesis	MixinHelper31232	ForwardingNavigableMap	Guava 29.0-jre com/google/common/collect/ForwardingNavigableMap (coverage matcher score 1.000)
com.moonsworth.lunar.genesis	MixinHelper3124$Data3	AbstractBiMap$Inverse	Guava 29.0-jre com/google/common/collect/AbstractBiMap$Inverse (coverage matcher score 1.000)
com.moonsworth.lunar.genesis	MixinHelper31242	EnumBiMap	Guava 29.0-jre com/google/common/collect/EnumBiMap (coverage matcher score 1.000)
com.moonsworth.lunar.genesis	MixinHelper31243	EnumHashBiMap	Guava 29.0-jre com/google/common/collect/EnumHashBiMap (coverage matcher score 1.000)
com.moonsworth.lunar.genesis	MixinHelper3125$1	Traverser$1	Guava 29.0-jre com/google/common/graph/Traverser$1 (coverage matcher score 1.000)
com.moonsworth.lunar.genesis	MixinHelper3126	ForwardingConcurrentMap	Guava 29.0-jre com/google/common/collect/ForwardingConcurrentMap (coverage matcher score 1.000)
com.moonsworth.lunar.genesis	MixinHelper312_2	ForwardingFuture	Guava 29.0-jre com/google/common/util/concurrent/ForwardingFuture (coverage matcher score 1.000)
com.moonsworth.lunar.genesis	MixinHelper312_3	ForwardingLoadingCache	Guava 29.0-jre com/google/common/cache/ForwardingLoadingCache (coverage matcher score 1.000)
com.moonsworth.lunar.genesis	MixinHelper313	ForwardingListeningExecutorService	Guava 29.0-jre com/google/common/util/concurrent/ForwardingListeningExecutorService (coverage matcher score 1.000)
com.moonsworth.lunar.genesis	MixinHelper3132	ForwardingListIterator	Guava 29.0-jre com/google/common/collect/ForwardingListIterator (coverage matcher score 1.000)
com.moonsworth.lunar.genesis	MixinHelper313_2	ForwardingIterator	Guava 29.0-jre com/google/common/collect/ForwardingIterator (coverage matcher score 1.000)
com.moonsworth.lunar.genesis	MixinHelper314	ForwardingTable	Guava 29.0-jre com/google/common/collect/ForwardingTable (coverage matcher score 1.000)
com.moonsworth.lunar.genesis	MixinHelper315	ForwardingMapEntry	Guava 29.0-jre com/google/common/collect/ForwardingMapEntry (coverage matcher score 1.000)
com.moonsworth.lunar.genesis	MixinHelper316	ForwardingCollection	Guava 29.0-jre com/google/common/collect/ForwardingCollection (coverage matcher score 1.000)
com.moonsworth.lunar.genesis	MixinHelper3163	ForwardingQueue	Guava 29.0-jre com/google/common/collect/ForwardingQueue (coverage matcher score 1.000)
com.moonsworth.lunar.genesis	MixinHelper31632	EvictingQueue	Guava 29.0-jre com/google/common/collect/EvictingQueue (coverage matcher score 1.000)
com.moonsworth.lunar.genesis	MixinHelper31633	ForwardingDeque	Guava 29.0-jre com/google/common/collect/ForwardingDeque (coverage matcher score 1.000)
com.moonsworth.lunar.genesis	MixinHelper316332	ForwardingBlockingDeque	Guava 29.0-jre com/google/common/collect/ForwardingBlockingDeque (coverage matcher score 1.000)
com.moonsworth.lunar.genesis	MixinHelper31633_2	ForwardingBlockingDeque	Guava 29.0-jre com/google/common/util/concurrent/ForwardingBlockingDeque (coverage matcher score 1.000)
com.moonsworth.lunar.genesis	MixinHelper3163_2	ForwardingBlockingQueue	Guava 29.0-jre com/google/common/util/concurrent/ForwardingBlockingQueue (coverage matcher score 1.000)
com.moonsworth.lunar.genesis	MixinHelper3164	ForwardingList	Guava 29.0-jre com/google/common/collect/ForwardingList (coverage matcher score 1.000)
com.moonsworth.lunar.genesis	MixinHelper3165	ForwardingSet	Guava 29.0-jre com/google/common/collect/ForwardingSet (coverage matcher score 1.000)
com.moonsworth.lunar.genesis	MixinHelper31652	ForwardingSortedSet	Guava 29.0-jre com/google/common/collect/ForwardingSortedSet (coverage matcher score 1.000)
com.moonsworth.lunar.genesis	MixinHelper316522	ForwardingNavigableSet	Guava 29.0-jre com/google/common/collect/ForwardingNavigableSet (coverage matcher score 1.000)
com.moonsworth.lunar.genesis	MixinHelper317	ForwardingMultimap	Guava 29.0-jre com/google/common/collect/ForwardingMultimap (coverage matcher score 1.000)
com.moonsworth.lunar.genesis	MixinHelper3172	ForwardingListMultimap	Guava 29.0-jre com/google/common/collect/ForwardingListMultimap (coverage matcher score 1.000)
com.moonsworth.lunar.genesis	MixinHelper3173	ForwardingSetMultimap	Guava 29.0-jre com/google/common/collect/ForwardingSetMultimap (coverage matcher score 1.000)
com.moonsworth.lunar.genesis	MixinHelper31732	ForwardingSortedSetMultimap	Guava 29.0-jre com/google/common/collect/ForwardingSortedSetMultimap (coverage matcher score 1.000)
com.moonsworth.lunar.genesis	MixinHelper31_2	ForwardingExecutorService	Guava 29.0-jre com/google/common/util/concurrent/ForwardingExecutorService (coverage matcher score 1.000)
com.moonsworth.lunar.genesis	MixinHelper31_3	ForwardingObject	Guava 29.0-jre com/google/common/collect/ForwardingObject (coverage matcher score 1.000)
com.moonsworth.lunar.genesis	MixinHelper32	AbstractMapEntry	Guava 29.0-jre com/google/common/collect/AbstractMapEntry (coverage matcher score 1.000)
com.moonsworth.lunar.genesis	MixinHelper32$1	BloomFilter$1	Guava 29.0-jre com/google/common/hash/BloomFilter$1 (coverage matcher score 1.000)
com.moonsworth.lunar.genesis	MixinHelper32$Data2	TimeoutFuture$TimeoutFutureException	Guava 29.0-jre com/google/common/util/concurrent/TimeoutFuture$TimeoutFutureException (coverage matcher score 1.000)
com.moonsworth.lunar.genesis	MixinHelper32$Data4	DirectedGraphConnections$PredAndSucc	Guava 29.0-jre com/google/common/graph/DirectedGraphConnections$PredAndSucc (coverage matcher score 1.000)
com.moonsworth.lunar.genesis	MixinHelper32$Data5	DirectedGraphConnections$NodeConnection	Guava 29.0-jre com/google/common/graph/DirectedGraphConnections$NodeConnection (coverage matcher score 1.000)
com.moonsworth.lunar.genesis	MixinHelper322	ImmutableEntry	Guava 29.0-jre com/google/common/collect/ImmutableEntry (coverage matcher score 1.000)
com.moonsworth.lunar.genesis	MixinHelper3222	ImmutableMapEntry	Guava 29.0-jre com/google/common/collect/ImmutableMapEntry (coverage matcher score 1.000)
com.moonsworth.lunar.genesis	MixinHelper3222$Data	ImmutableMapEntry$NonTerminalImmutableMapEntry	Guava 29.0-jre com/google/common/collect/ImmutableMapEntry$NonTerminalImmutableMapEntry (coverage matcher score 1.000)
com.moonsworth.lunar.genesis	MixinHelper322_2	ArrayBasedUnicodeEscaper	Guava 29.0-jre com/google/common/escape/ArrayBasedUnicodeEscaper (coverage matcher score 1.000)
com.moonsworth.lunar.genesis	MixinHelper32_3	PercentEscaper	Guava 29.0-jre com/google/common/net/PercentEscaper (coverage matcher score 1.000)
com.moonsworth.lunar.genesis	MixinHelper32_5	UnicodeEscaper	Guava 29.0-jre com/google/common/escape/UnicodeEscaper (coverage matcher score 1.000)
com.moonsworth.lunar.genesis	MixinHelper33$Data5	Multisets$ViewMultiset	Guava 29.0-jre com/google/common/collect/Multisets$ViewMultiset (coverage matcher score 1.000)
com.moonsworth.lunar.genesis	MixinHelper332	ArrayBasedCharEscaper	Guava 29.0-jre com/google/common/escape/ArrayBasedCharEscaper (coverage matcher score 1.000)
com.moonsworth.lunar.genesis	MixinHelper33_3	CharEscaper	Guava 29.0-jre com/google/common/escape/CharEscaper (coverage matcher score 1.000)
com.moonsworth.lunar.genesis	MixinHelper34	Platform	Guava 29.0-jre com/google/common/util/concurrent/Platform (coverage matcher score 1.000)
com.moonsworth.lunar.genesis	MixinHelper34$Data2	AbstractCatchingFuture$CatchingFuture	Guava 29.0-jre com/google/common/util/concurrent/AbstractCatchingFuture$CatchingFuture (coverage matcher score 1.000)
com.moonsworth.lunar.genesis	MixinHelper34$Data3	AbstractCatchingFuture$AsyncCatchingFuture	Guava 29.0-jre com/google/common/util/concurrent/AbstractCatchingFuture$AsyncCatchingFuture (coverage matcher score 1.000)
com.moonsworth.lunar.genesis	MixinHelper35$1	ChecksumHashFunction$1	Guava 29.0-jre com/google/common/hash/ChecksumHashFunction$1 (coverage matcher score 1.000)
com.moonsworth.lunar.genesis	MixinHelper35$Type$1	SortedLists$KeyPresentBehavior$1	Guava 29.0-jre com/google/common/collect/SortedLists$KeyPresentBehavior$1 (coverage matcher score 1.000)
com.moonsworth.lunar.genesis	MixinHelper35$Type$2	SortedLists$KeyPresentBehavior$2	Guava 29.0-jre com/google/common/collect/SortedLists$KeyPresentBehavior$2 (coverage matcher score 1.000)
com.moonsworth.lunar.genesis	MixinHelper35$Type$3	SortedLists$KeyPresentBehavior$3	Guava 29.0-jre com/google/common/collect/SortedLists$KeyPresentBehavior$3 (coverage matcher score 1.000)
com.moonsworth.lunar.genesis	MixinHelper35$Type$4	SortedLists$KeyPresentBehavior$4	Guava 29.0-jre com/google/common/collect/SortedLists$KeyPresentBehavior$4 (coverage matcher score 1.000)
com.moonsworth.lunar.genesis	MixinHelper35$Type$5	SortedLists$KeyPresentBehavior$5	Guava 29.0-jre com/google/common/collect/SortedLists$KeyPresentBehavior$5 (coverage matcher score 1.000)
com.moonsworth.lunar.genesis	MixinHelper35$Type2$1	SortedLists$KeyAbsentBehavior$1	Guava 29.0-jre com/google/common/collect/SortedLists$KeyAbsentBehavior$1 (coverage matcher score 1.000)
com.moonsworth.lunar.genesis	MixinHelper35$Type2$2	SortedLists$KeyAbsentBehavior$2	Guava 29.0-jre com/google/common/collect/SortedLists$KeyAbsentBehavior$2 (coverage matcher score 1.000)
com.moonsworth.lunar.genesis	MixinHelper35$Type2$3	SortedLists$KeyAbsentBehavior$3	Guava 29.0-jre com/google/common/collect/SortedLists$KeyAbsentBehavior$3 (coverage matcher score 1.000)
com.moonsworth.lunar.genesis	MixinHelper36$Data	AbstractTransformFuture$TransformFuture	Guava 29.0-jre com/google/common/util/concurrent/AbstractTransformFuture$TransformFuture (coverage matcher score 1.000)
com.moonsworth.lunar.genesis	MixinHelper36$Data2	AbstractTransformFuture$AsyncTransformFuture	Guava 29.0-jre com/google/common/util/concurrent/AbstractTransformFuture$AsyncTransformFuture (coverage matcher score 1.000)
com.moonsworth.lunar.genesis	MixinHelper36_2	Hashing	Guava 29.0-jre com/google/common/collect/Hashing (coverage matcher score 1.000)
com.moonsworth.lunar.genesis	MixinHelper37$Data13	Multimaps$CustomSortedSetMultimap	Guava 29.0-jre com/google/common/collect/Multimaps$CustomSortedSetMultimap (coverage matcher score 1.000)
com.moonsworth.lunar.genesis	MixinHelper37$Data2	Multimaps$CustomListMultimap	Guava 29.0-jre com/google/common/collect/Multimaps$CustomListMultimap (coverage matcher score 1.000)
com.moonsworth.lunar.genesis	MixinHelper37$Data9	Multimaps$Entries	Guava 29.0-jre com/google/common/collect/Multimaps$Entries (coverage matcher score 1.000)
com.moonsworth.lunar.genesis	MixinHelper38	Uninterruptibles	Guava 29.0-jre com/google/common/util/concurrent/Uninterruptibles (coverage matcher score 1.000)
com.moonsworth.lunar.genesis	MixinHelper39$Data2	Collections2$FilteredCollection	Guava 29.0-jre com/google/common/collect/Collections2$FilteredCollection (coverage matcher score 1.000)
com.moonsworth.lunar.genesis	MixinHelper39$Data3	Collections2$OrderedPermutationIterator	Guava 29.0-jre com/google/common/collect/Collections2$OrderedPermutationIterator (coverage matcher score 1.000)
com.moonsworth.lunar.genesis	MixinHelper39$Data5	Collections2$TransformedCollection	Guava 29.0-jre com/google/common/collect/Collections2$TransformedCollection (coverage matcher score 1.000)
com.moonsworth.lunar.genesis	MixinHelper39$Data6	Collections2$PermutationIterator	Guava 29.0-jre com/google/common/collect/Collections2$PermutationIterator (coverage matcher score 1.000)
com.moonsworth.lunar.genesis	MixinHelper3_13	GraphConnections	Guava 29.0-jre com/google/common/graph/GraphConnections (coverage matcher score 1.000)
com.moonsworth.lunar.genesis	MixinHelper3_4	SubscriberExceptionHandler	Guava 29.0-jre com/google/common/eventbus/SubscriberExceptionHandler (coverage matcher score 1.000)
com.moonsworth.lunar.genesis	MixinHelper3_7	Escaper	Guava 29.0-jre com/google/common/escape/Escaper (coverage matcher score 1.000)
com.moonsworth.lunar.genesis	MixinHelper3_8	LineBuffer	Guava 29.0-jre com/google/common/io/LineBuffer (coverage matcher score 1.000)
com.moonsworth.lunar.genesis	MixinHelper4$1	Hashing$1	Guava 29.0-jre com/google/common/hash/Hashing$1 (coverage matcher score 1.000)
com.moonsworth.lunar.genesis	MixinHelper4$1_2	BaseEncoding$1	Guava 29.0-jre com/google/common/io/BaseEncoding$1 (coverage matcher score 1.000)
com.moonsworth.lunar.genesis	MixinHelper4$1_3	DoubleMath$1	Guava 29.0-jre com/google/common/math/DoubleMath$1 (coverage matcher score 1.000)
com.moonsworth.lunar.genesis	MixinHelper4$1_5	Escapers$1	Guava 29.0-jre com/google/common/escape/Escapers$1 (coverage matcher score 1.000)
com.moonsworth.lunar.genesis	MixinHelper4$2	Escapers$2	Guava 29.0-jre com/google/common/escape/Escapers$2 (coverage matcher score 1.000)
com.moonsworth.lunar.genesis	MixinHelper4$2_3	BaseEncoding$2	Guava 29.0-jre com/google/common/io/BaseEncoding$2 (coverage matcher score 1.000)
com.moonsworth.lunar.genesis	MixinHelper4$3	BaseEncoding$3	Guava 29.0-jre com/google/common/io/BaseEncoding$3 (coverage matcher score 1.000)
com.moonsworth.lunar.genesis	MixinHelper4$4	BaseEncoding$4	Guava 29.0-jre com/google/common/io/BaseEncoding$4 (coverage matcher score 1.000)
com.moonsworth.lunar.genesis	MixinHelper4$Data11	BaseEncoding$DecodingException	Guava 29.0-jre com/google/common/io/BaseEncoding$DecodingException (coverage matcher score 1.000)
com.moonsworth.lunar.genesis	MixinHelper4$Data13	BaseEncoding$SeparatedBaseEncoding	Guava 29.0-jre com/google/common/io/BaseEncoding$SeparatedBaseEncoding (coverage matcher score 1.000)
com.moonsworth.lunar.genesis	MixinHelper4$Data14	Bytes$ByteArrayAsList	Guava 29.0-jre com/google/common/primitives/Bytes$ByteArrayAsList (coverage matcher score 1.000)
com.moonsworth.lunar.genesis	MixinHelper4$Data15	Iterables$UnmodifiableIterable	Guava 29.0-jre com/google/common/collect/Iterables$UnmodifiableIterable (coverage matcher score 1.000)
com.moonsworth.lunar.genesis	MixinHelper4$Data16	RateLimiter$SleepingStopwatch	Guava 29.0-jre com/google/common/util/concurrent/RateLimiter$SleepingStopwatch (coverage matcher score 1.000)
com.moonsworth.lunar.genesis	MixinHelper4$Data17$Data	Dispatcher$LegacyAsyncDispatcher$EventWithSubscriber	Guava 29.0-jre com/google/common/eventbus/Dispatcher$LegacyAsyncDispatcher$EventWithSubscriber (coverage matcher score 1.000)
com.moonsworth.lunar.genesis	MixinHelper4$Data18	Dispatcher$ImmediateDispatcher	Guava 29.0-jre com/google/common/eventbus/Dispatcher$ImmediateDispatcher (coverage matcher score 1.000)
com.moonsworth.lunar.genesis	MixinHelper4$Data19$Data	Dispatcher$PerThreadQueuedDispatcher$Event	Guava 29.0-jre com/google/common/eventbus/Dispatcher$PerThreadQueuedDispatcher$Event (coverage matcher score 1.000)
com.moonsworth.lunar.genesis	MixinHelper4$Data20	InetAddresses$TeredoInfo	Guava 29.0-jre com/google/common/net/InetAddresses$TeredoInfo (coverage matcher score 1.000)
com.moonsworth.lunar.genesis	MixinHelper4$Data21	Escapers$Builder	Guava 29.0-jre com/google/common/escape/Escapers$Builder (coverage matcher score 1.000)
com.moonsworth.lunar.genesis	MixinHelper40$1	LittleEndianByteArray$1	Guava 29.0-jre com/google/common/hash/LittleEndianByteArray$1 (coverage matcher score 1.000)
com.moonsworth.lunar.genesis	MixinHelper40$Data	DiscreteDomain$IntegerDomain	Guava 29.0-jre com/google/common/collect/DiscreteDomain$IntegerDomain (coverage matcher score 1.000)
com.moonsworth.lunar.genesis	MixinHelper40$Data2	DiscreteDomain$BigIntegerDomain	Guava 29.0-jre com/google/common/collect/DiscreteDomain$BigIntegerDomain (coverage matcher score 1.000)
com.moonsworth.lunar.genesis	MixinHelper40$Data3	DiscreteDomain$LongDomain	Guava 29.0-jre com/google/common/collect/DiscreteDomain$LongDomain (coverage matcher score 1.000)
com.moonsworth.lunar.genesis	MixinHelper41	CompactHashing	Guava 29.0-jre com/google/common/collect/CompactHashing (coverage matcher score 1.000)
com.moonsworth.lunar.genesis	MixinHelper42$1	ComparisonChain$1	Guava 29.0-jre com/google/common/collect/ComparisonChain$1 (coverage matcher score 1.000)
com.moonsworth.lunar.genesis	MixinHelper42$1_2	MacHashFunction$1	Guava 29.0-jre com/google/common/hash/MacHashFunction$1 (coverage matcher score 1.000)
com.moonsworth.lunar.genesis	MixinHelper42$Data2	ComparisonChain$InactiveComparisonChain	Guava 29.0-jre com/google/common/collect/ComparisonChain$InactiveComparisonChain (coverage matcher score 1.000)
com.moonsworth.lunar.genesis	MixinHelper42$Extension	AbstractCache$StatsCounter	Guava 29.0-jre com/google/common/cache/AbstractCache$StatsCounter (coverage matcher score 1.000)
com.moonsworth.lunar.genesis	MixinHelper422	AbstractLoadingCache	Guava 29.0-jre com/google/common/cache/AbstractLoadingCache (coverage matcher score 1.000)
com.moonsworth.lunar.genesis	MixinHelper4222	AbstractStreamingHasher	Guava 29.0-jre com/google/common/hash/AbstractStreamingHasher (coverage matcher score 1.000)
com.moonsworth.lunar.genesis	MixinHelper4223	AbstractByteHasher	Guava 29.0-jre com/google/common/hash/AbstractByteHasher (coverage matcher score 1.000)
com.moonsworth.lunar.genesis	MixinHelper422_2	AbstractHasher	Guava 29.0-jre com/google/common/hash/AbstractHasher (coverage matcher score 1.000)
com.moonsworth.lunar.genesis	MixinHelper42_4	AbstractCache	Guava 29.0-jre com/google/common/cache/AbstractCache (coverage matcher score 1.000)
com.moonsworth.lunar.genesis	MixinHelper43$Data	MultimapBuilder$TreeSetSupplier	Guava 29.0-jre com/google/common/collect/MultimapBuilder$TreeSetSupplier (coverage matcher score 1.000)
com.moonsworth.lunar.genesis	MixinHelper43$Data2	MultimapBuilder$EnumSetSupplier	Guava 29.0-jre com/google/common/collect/MultimapBuilder$EnumSetSupplier (coverage matcher score 1.000)
com.moonsworth.lunar.genesis	MixinHelper43$Data3	MultimapBuilder$ArrayListSupplier	Guava 29.0-jre com/google/common/collect/MultimapBuilder$ArrayListSupplier (coverage matcher score 1.000)
com.moonsworth.lunar.genesis	MixinHelper43$Data4	MultimapBuilder$HashSetSupplier	Guava 29.0-jre com/google/common/collect/MultimapBuilder$HashSetSupplier (coverage matcher score 1.000)
com.moonsworth.lunar.genesis	MixinHelper43$Data6	MultimapBuilder$LinkedHashSetSupplier	Guava 29.0-jre com/google/common/collect/MultimapBuilder$LinkedHashSetSupplier (coverage matcher score 1.000)
com.moonsworth.lunar.genesis	MixinHelper43$Data7	MultimapBuilder$SetMultimapBuilder	Guava 29.0-jre com/google/common/collect/MultimapBuilder$SetMultimapBuilder (coverage matcher score 1.000)
com.moonsworth.lunar.genesis	MixinHelper43$Data9	MultimapBuilder$SortedSetMultimapBuilder	Guava 29.0-jre com/google/common/collect/MultimapBuilder$SortedSetMultimapBuilder (coverage matcher score 1.000)
com.moonsworth.lunar.genesis	MixinHelper44$Extension	MapDifference$ValueDifference	Guava 29.0-jre com/google/common/collect/MapDifference$ValueDifference (coverage matcher score 1.000)
com.moonsworth.lunar.genesis	MixinHelper45$Data3	ImmutableRangeSet$SerializedForm	Guava 29.0-jre com/google/common/collect/ImmutableRangeSet$SerializedForm (coverage matcher score 1.000)
com.moonsworth.lunar.genesis	MixinHelper46$1	MessageDigestHashFunction$1	Guava 29.0-jre com/google/common/hash/MessageDigestHashFunction$1 (coverage matcher score 1.000)
com.moonsworth.lunar.genesis	MixinHelper46$Data	ImmutableEnumMap$EnumSerializedForm	Guava 29.0-jre com/google/common/collect/ImmutableEnumMap$EnumSerializedForm (coverage matcher score 1.000)
com.moonsworth.lunar.genesis	MixinHelper47$1	ByteSink$1	Guava 29.0-jre com/google/common/io/ByteSink$1 (coverage matcher score 1.000)
com.moonsworth.lunar.genesis	MixinHelper4_10	Cache	Guava 29.0-jre com/google/common/cache/Cache (coverage matcher score 1.000)
com.moonsworth.lunar.genesis	MixinHelper4_2	Verify	Guava 29.0-jre com/google/common/base/Verify (coverage matcher score 1.000)
com.moonsworth.lunar.genesis	MixinHelper4_3	PrimitiveSink	Guava 29.0-jre com/google/common/hash/PrimitiveSink (coverage matcher score 1.000)
com.moonsworth.lunar.genesis	MixinHelper5$1_2	Tables$1	Guava 29.0-jre com/google/common/collect/Tables$1 (coverage matcher score 1.000)
com.moonsworth.lunar.genesis	MixinHelper5$1_3	Platform$1	Guava 29.0-jre com/google/common/escape/Platform$1 (coverage matcher score 1.000)
com.moonsworth.lunar.genesis	MixinHelper5$1_5	CacheBuilder$1	Guava 29.0-jre com/google/common/cache/CacheBuilder$1 (coverage matcher score 1.000)
com.moonsworth.lunar.genesis	MixinHelper5$1_6	LinearTransformation$1	Guava 29.0-jre com/google/common/math/LinearTransformation$1 (coverage matcher score 1.000)
com.moonsworth.lunar.genesis	MixinHelper5$1_7	MediaType$1	Guava 29.0-jre com/google/common/net/MediaType$1 (coverage matcher score 1.000)
com.moonsworth.lunar.genesis	MixinHelper5$2_2	MediaType$2	Guava 29.0-jre com/google/common/net/MediaType$2 (coverage matcher score 1.000)
com.moonsworth.lunar.genesis	MixinHelper5$3	CacheBuilder$3	Guava 29.0-jre com/google/common/cache/CacheBuilder$3 (coverage matcher score 1.000)
com.moonsworth.lunar.genesis	MixinHelper5$Data13	Longs$AsciiDigits	Guava 29.0-jre com/google/common/primitives/Longs$AsciiDigits (coverage matcher score 1.000)
com.moonsworth.lunar.genesis	MixinHelper5$Data14	Longs$LongArrayAsList	Guava 29.0-jre com/google/common/primitives/Longs$LongArrayAsList (coverage matcher score 1.000)
com.moonsworth.lunar.genesis	MixinHelper5$Data15	Longs$LongConverter	Guava 29.0-jre com/google/common/primitives/Longs$LongConverter (coverage matcher score 1.000)
com.moonsworth.lunar.genesis	MixinHelper5$Data16	Tables$ImmutableCell	Guava 29.0-jre com/google/common/collect/Tables$ImmutableCell (coverage matcher score 1.000)
com.moonsworth.lunar.genesis	MixinHelper5$Data23	MediaType$Tokenizer	Guava 29.0-jre com/google/common/net/MediaType$Tokenizer (coverage matcher score 1.000)
com.moonsworth.lunar.genesis	MixinHelper5$Data26	TypeResolver$TypeVariableKey	Guava 29.0-jre com/google/common/reflect/TypeResolver$TypeVariableKey (coverage matcher score 1.000)
com.moonsworth.lunar.genesis	MixinHelper5$Data27	TypeResolver$WildcardCapturer	Guava 29.0-jre com/google/common/reflect/TypeResolver$WildcardCapturer (coverage matcher score 1.000)
com.moonsworth.lunar.genesis	MixinHelper5$Extension	ListenerCallQueue$Event	Guava 29.0-jre com/google/common/util/concurrent/ListenerCallQueue$Event (coverage matcher score 1.000)
com.moonsworth.lunar.genesis	MixinHelper52	AbstractHashFunction	Guava 29.0-jre com/google/common/hash/AbstractHashFunction (coverage matcher score 1.000)
com.moonsworth.lunar.genesis	MixinHelper52$Data4	MapRetrievalCache$CacheEntry	Guava 29.0-jre com/google/common/graph/MapRetrievalCache$CacheEntry (coverage matcher score 1.000)
com.moonsworth.lunar.genesis	MixinHelper5210$Data	Murmur3_32HashFunction$Murmur3_32Hasher	Guava 29.0-jre com/google/common/hash/Murmur3_32HashFunction$Murmur3_32Hasher (coverage matcher score 1.000)
com.moonsworth.lunar.genesis	MixinHelper522$1	Quantiles$1	Guava 29.0-jre com/google/common/math/Quantiles$1 (coverage matcher score 1.000)
com.moonsworth.lunar.genesis	MixinHelper522$Data	ChecksumHashFunction$ChecksumHasher	Guava 29.0-jre com/google/common/hash/ChecksumHashFunction$ChecksumHasher (coverage matcher score 1.000)
com.moonsworth.lunar.genesis	MixinHelper523$1	ImmutableDoubleArray$1	Guava 29.0-jre com/google/common/primitives/ImmutableDoubleArray$1 (coverage matcher score 1.000)
com.moonsworth.lunar.genesis	MixinHelper523$Data	MessageDigestHashFunction$SerializedForm	Guava 29.0-jre com/google/common/hash/MessageDigestHashFunction$SerializedForm (coverage matcher score 1.000)
com.moonsworth.lunar.genesis	MixinHelper523$Data2	MessageDigestHashFunction$MessageDigestHasher	Guava 29.0-jre com/google/common/hash/MessageDigestHashFunction$MessageDigestHasher (coverage matcher score 1.000)
com.moonsworth.lunar.genesis	MixinHelper524$Data	AbstractNonStreamingHashFunction$ExposedByteArrayOutputStream	Guava 29.0-jre com/google/common/hash/AbstractNonStreamingHashFunction$ExposedByteArrayOutputStream (coverage matcher score 1.000)
com.moonsworth.lunar.genesis	MixinHelper5242	FarmHashFingerprint64	Guava 29.0-jre com/google/common/hash/FarmHashFingerprint64 (coverage matcher score 1.000)
com.moonsworth.lunar.genesis	MixinHelper525$Data	Murmur3_128HashFunction$Murmur3_128Hasher	Guava 29.0-jre com/google/common/hash/Murmur3_128HashFunction$Murmur3_128Hasher (coverage matcher score 1.000)
com.moonsworth.lunar.genesis	MixinHelper526$Data	SipHashFunction$SipHasher	Guava 29.0-jre com/google/common/hash/SipHashFunction$SipHasher (coverage matcher score 1.000)
com.moonsworth.lunar.genesis	MixinHelper527$Data	Crc32cHashFunction$Crc32cHasher	Guava 29.0-jre com/google/common/hash/Crc32cHashFunction$Crc32cHasher (coverage matcher score 1.000)
com.moonsworth.lunar.genesis	MixinHelper528$1	ImmutableIntArray$1	Guava 29.0-jre com/google/common/primitives/ImmutableIntArray$1 (coverage matcher score 1.000)
com.moonsworth.lunar.genesis	MixinHelper528$Data	MacHashFunction$MacHasher	Guava 29.0-jre com/google/common/hash/MacHashFunction$MacHasher (coverage matcher score 1.000)
com.moonsworth.lunar.genesis	MixinHelper529	AbstractCompositeHashFunction	Guava 29.0-jre com/google/common/hash/AbstractCompositeHashFunction (coverage matcher score 1.000)
com.moonsworth.lunar.genesis	MixinHelper529$1	AbstractCompositeHashFunction$1	Guava 29.0-jre com/google/common/hash/AbstractCompositeHashFunction$1 (coverage matcher score 1.000)
com.moonsworth.lunar.genesis	MixinHelper5_11	DoubleUtils	Guava 29.0-jre com/google/common/math/DoubleUtils (coverage matcher score 1.000)
com.moonsworth.lunar.genesis	MixinHelper5_3	Closeables	Guava 29.0-jre com/google/common/io/Closeables (coverage matcher score 1.000)
com.moonsworth.lunar.genesis	MixinHelper5_8	HashFunction	Guava 29.0-jre com/google/common/hash/HashFunction (coverage matcher score 1.000)
com.moonsworth.lunar.genesis	MixinHelper6$1	Resources$1	Guava 29.0-jre com/google/common/io/Resources$1 (coverage matcher score 1.000)
com.moonsworth.lunar.genesis	MixinHelper6$1_2	Subscriber$1	Guava 29.0-jre com/google/common/eventbus/Subscriber$1 (coverage matcher score 1.000)
com.moonsworth.lunar.genesis	MixinHelper6$1_3	LongAddables$2	Guava 29.0-jre com/google/common/hash/LongAddables$2 (coverage matcher score 1.000)
com.moonsworth.lunar.genesis	MixinHelper6$Data19	Resources$UrlByteSource	Guava 29.0-jre com/google/common/io/Resources$UrlByteSource (coverage matcher score 1.000)
com.moonsworth.lunar.genesis	MixinHelper6$Data20	Functions$ForMapWithDefault	Guava 29.0-jre com/google/common/base/Functions$ForMapWithDefault (coverage matcher score 1.000)
com.moonsworth.lunar.genesis	MixinHelper6$Data21	Functions$ConstantFunction	Guava 29.0-jre com/google/common/base/Functions$ConstantFunction (coverage matcher score 1.000)
com.moonsworth.lunar.genesis	MixinHelper6$Data22	Functions$FunctionComposition	Guava 29.0-jre com/google/common/base/Functions$FunctionComposition (coverage matcher score 1.000)
com.moonsworth.lunar.genesis	MixinHelper6$Data23	Functions$FunctionForMapNoDefault	Guava 29.0-jre com/google/common/base/Functions$FunctionForMapNoDefault (coverage matcher score 1.000)
com.moonsworth.lunar.genesis	MixinHelper6$Data24	Functions$PredicateFunction	Guava 29.0-jre com/google/common/base/Functions$PredicateFunction (coverage matcher score 1.000)
com.moonsworth.lunar.genesis	MixinHelper6$Data25	Functions$SupplierFunction	Guava 29.0-jre com/google/common/base/Functions$SupplierFunction (coverage matcher score 1.000)
com.moonsworth.lunar.genesis	MixinHelper6$Data26	Booleans$BooleanArrayAsList	Guava 29.0-jre com/google/common/primitives/Booleans$BooleanArrayAsList (coverage matcher score 1.000)
com.moonsworth.lunar.genesis	MixinHelper6$Data27	Subscriber$SynchronizedSubscriber	Guava 29.0-jre com/google/common/eventbus/Subscriber$SynchronizedSubscriber (coverage matcher score 1.000)
com.moonsworth.lunar.genesis	MixinHelper6$Data28	LongAddables$PureJavaLongAddable	Guava 29.0-jre com/google/common/hash/LongAddables$PureJavaLongAddable (coverage matcher score 1.000)
com.moonsworth.lunar.genesis	MixinHelper6$Data29	CharEscaperBuilder$CharArrayDecorator	Guava 29.0-jre com/google/common/escape/CharEscaperBuilder$CharArrayDecorator (coverage matcher score 1.000)
com.moonsworth.lunar.genesis	MixinHelper62	BaseGraph	Guava 29.0-jre com/google/common/graph/BaseGraph (coverage matcher score 1.000)
com.moonsworth.lunar.genesis	MixinHelper622	Graph	Guava 29.0-jre com/google/common/graph/Graph (coverage matcher score 1.000)
com.moonsworth.lunar.genesis	MixinHelper6222	Network	Guava 29.0-jre com/google/common/graph/Network (coverage matcher score 1.000)
com.moonsworth.lunar.genesis	MixinHelper623	AbstractBaseGraph	Guava 29.0-jre com/google/common/graph/AbstractBaseGraph (coverage matcher score 1.000)
com.moonsworth.lunar.genesis	MixinHelper6232	AbstractGraph	Guava 29.0-jre com/google/common/graph/AbstractGraph (coverage matcher score 1.000)
com.moonsworth.lunar.genesis	MixinHelper62322	ForwardingGraph	Guava 29.0-jre com/google/common/graph/ForwardingGraph (coverage matcher score 1.000)
com.moonsworth.lunar.genesis	MixinHelper623222	StandardMutableGraph	Guava 29.0-jre com/google/common/graph/StandardMutableGraph (coverage matcher score 1.000)
com.moonsworth.lunar.genesis	MixinHelper623223$Data	ImmutableGraph$Builder	Guava 29.0-jre com/google/common/graph/ImmutableGraph$Builder (coverage matcher score 1.000)
com.moonsworth.lunar.genesis	MixinHelper6233	AbstractValueGraph	Guava 29.0-jre com/google/common/graph/AbstractValueGraph (coverage matcher score 1.000)
com.moonsworth.lunar.genesis	MixinHelper62332	ForwardingValueGraph	Guava 29.0-jre com/google/common/graph/ForwardingValueGraph (coverage matcher score 1.000)
com.moonsworth.lunar.genesis	MixinHelper62333	StandardValueGraph	Guava 29.0-jre com/google/common/graph/StandardValueGraph (coverage matcher score 1.000)
com.moonsworth.lunar.genesis	MixinHelper623332$Data	ImmutableNetwork$Builder	Guava 29.0-jre com/google/common/graph/ImmutableNetwork$Builder (coverage matcher score 1.000)
com.moonsworth.lunar.genesis	MixinHelper623333	StandardMutableValueGraph	Guava 29.0-jre com/google/common/graph/StandardMutableValueGraph (coverage matcher score 1.000)
com.moonsworth.lunar.genesis	MixinHelper624	ValueGraph	Guava 29.0-jre com/google/common/graph/ValueGraph (coverage matcher score 1.000)
com.moonsworth.lunar.genesis	MixinHelper6242	MutableValueGraph	Guava 29.0-jre com/google/common/graph/MutableValueGraph (coverage matcher score 1.000)
com.moonsworth.lunar.genesis	MixinHelper632	MutableNetwork	Guava 29.0-jre com/google/common/graph/MutableNetwork (coverage matcher score 1.000)
com.moonsworth.lunar.genesis	MixinHelper6332	ForwardingNetwork	Guava 29.0-jre com/google/common/graph/ForwardingNetwork (coverage matcher score 1.000)
com.moonsworth.lunar.genesis	MixinHelper6333	StandardNetwork	Guava 29.0-jre com/google/common/graph/StandardNetwork (coverage matcher score 1.000)
com.moonsworth.lunar.genesis	MixinHelper63332	StandardMutableNetwork	Guava 29.0-jre com/google/common/graph/StandardMutableNetwork (coverage matcher score 1.000)
com.moonsworth.lunar.genesis	MixinHelper63333$Data	ImmutableValueGraph$Builder	Guava 29.0-jre com/google/common/graph/ImmutableValueGraph$Builder (coverage matcher score 1.000)
com.moonsworth.lunar.genesis	MixinHelper6_10	PairedStatsAccumulator	Guava 29.0-jre com/google/common/math/PairedStatsAccumulator (coverage matcher score 1.000)
com.moonsworth.lunar.genesis	MixinHelper6_12	UrlEscapers	Guava 29.0-jre com/google/common/net/UrlEscapers (coverage matcher score 1.000)
com.moonsworth.lunar.genesis	MixinHelper6_2	Reflection	Guava 29.0-jre com/google/common/reflect/Reflection (coverage matcher score 1.000)
com.moonsworth.lunar.genesis	MixinHelper6_3	Queues	Guava 29.0-jre com/google/common/collect/Queues (coverage matcher score 1.000)
com.moonsworth.lunar.genesis	MixinHelper6_7	PredecessorsFunction	Guava 29.0-jre com/google/common/graph/PredecessorsFunction (coverage matcher score 1.000)
com.moonsworth.lunar.genesis	MixinHelper7$1_2	IntMath$1	Guava 29.0-jre com/google/common/math/IntMath$1 (coverage matcher score 1.000)
com.moonsworth.lunar.genesis	MixinHelper7$1_3	ImmutableLongArray$1	Guava 29.0-jre com/google/common/primitives/ImmutableLongArray$1 (coverage matcher score 1.000)
com.moonsworth.lunar.genesis	MixinHelper7$Data18	Chars$CharArrayAsList	Guava 29.0-jre com/google/common/primitives/Chars$CharArrayAsList (coverage matcher score 1.000)
com.moonsworth.lunar.genesis	MixinHelper7$Data19	Serialization$FieldSetter	Guava 29.0-jre com/google/common/collect/Serialization$FieldSetter (coverage matcher score 1.000)
com.moonsworth.lunar.genesis	MixinHelper72	Objects	Guava 29.0-jre com/google/common/base/Objects (coverage matcher score 1.000)
com.moonsworth.lunar.genesis	MixinHelper7_11	RemovalListeners	Guava 29.0-jre com/google/common/cache/RemovalListeners (coverage matcher score 1.000)
com.moonsworth.lunar.genesis	MixinHelper7_12	Flushables	Guava 29.0-jre com/google/common/io/Flushables (coverage matcher score 1.000)
com.moonsworth.lunar.genesis	MixinHelper7_2	TypeVisitor	Guava 29.0-jre com/google/common/reflect/TypeVisitor (coverage matcher score 1.000)
com.moonsworth.lunar.genesis	MixinHelper7_4	GwtFuturesCatchingSpecialization	Guava 29.0-jre com/google/common/util/concurrent/GwtFuturesCatchingSpecialization (coverage matcher score 1.000)
com.moonsworth.lunar.genesis	MixinHelper7_5	InternetDomainName	Guava 29.0-jre com/google/common/net/InternetDomainName (coverage matcher score 1.000)
com.moonsworth.lunar.genesis	MixinHelper7_6	SubscriberExceptionContext	Guava 29.0-jre com/google/common/eventbus/SubscriberExceptionContext (coverage matcher score 1.000)
com.moonsworth.lunar.genesis	MixinHelper7_7	Internal	Guava 29.0-jre com/google/common/util/concurrent/Internal (coverage matcher score 1.000)
com.moonsworth.lunar.genesis	MixinHelper7_9	SuccessorsFunction	Guava 29.0-jre com/google/common/graph/SuccessorsFunction (coverage matcher score 1.000)
com.moonsworth.lunar.genesis	MixinHelper8	AbstractGraphBuilder	Guava 29.0-jre com/google/common/graph/AbstractGraphBuilder (coverage matcher score 1.000)
com.moonsworth.lunar.genesis	MixinHelper8$1	LongMath$1	Guava 29.0-jre com/google/common/math/LongMath$1 (coverage matcher score 1.000)
com.moonsworth.lunar.genesis	MixinHelper8$Data22	UnsignedBytes$LexicographicalComparatorHolder	Guava 29.0-jre com/google/common/primitives/UnsignedBytes$LexicographicalComparatorHolder (coverage matcher score 1.000)
com.moonsworth.lunar.genesis	MixinHelper8$Data22$Type$1	Striped64$1	Guava 29.0-jre com/google/common/hash/Striped64$1 (coverage matcher score 1.000)
com.moonsworth.lunar.genesis	MixinHelper8$Data23	CacheLoader$InvalidCacheLoadException	Guava 29.0-jre com/google/common/cache/CacheLoader$InvalidCacheLoadException (coverage matcher score 1.000)
com.moonsworth.lunar.genesis	MixinHelper8$Data24	CacheLoader$FunctionToCacheLoader	Guava 29.0-jre com/google/common/cache/CacheLoader$FunctionToCacheLoader (coverage matcher score 1.000)
com.moonsworth.lunar.genesis	MixinHelper8$Data25	CacheLoader$SupplierToCacheLoader	Guava 29.0-jre com/google/common/cache/CacheLoader$SupplierToCacheLoader (coverage matcher score 1.000)
com.moonsworth.lunar.genesis	MixinHelper8$Data26	CacheLoader$UnsupportedLoadingOperationException	Guava 29.0-jre com/google/common/cache/CacheLoader$UnsupportedLoadingOperationException (coverage matcher score 1.000)
com.moonsworth.lunar.genesis	MixinHelper8$Data27	EventBus$LoggingHandler	Guava 29.0-jre com/google/common/eventbus/EventBus$LoggingHandler (coverage matcher score 1.000)
com.moonsworth.lunar.genesis	MixinHelper8$Data28	HashCode$IntHashCode	Guava 29.0-jre com/google/common/hash/HashCode$IntHashCode (coverage matcher score 1.000)
com.moonsworth.lunar.genesis	MixinHelper8$Data29	HashCode$BytesHashCode	Guava 29.0-jre com/google/common/hash/HashCode$BytesHashCode (coverage matcher score 1.000)
com.moonsworth.lunar.genesis	MixinHelper8$Data30	HashCode$LongHashCode	Guava 29.0-jre com/google/common/hash/HashCode$LongHashCode (coverage matcher score 1.000)
com.moonsworth.lunar.genesis	MixinHelper8$Type$1	LongMath$MillerRabinTester$1	Guava 29.0-jre com/google/common/math/LongMath$MillerRabinTester$1 (coverage matcher score 1.000)
com.moonsworth.lunar.genesis	MixinHelper8$Type$2	LongMath$MillerRabinTester$2	Guava 29.0-jre com/google/common/math/LongMath$MillerRabinTester$2 (coverage matcher score 1.000)
com.moonsworth.lunar.genesis	MixinHelper8_10	PatternCompiler	Guava 29.0-jre com/google/common/base/PatternCompiler (coverage matcher score 1.000)
com.moonsworth.lunar.genesis	MixinHelper8_2	Platform	Guava 29.0-jre com/google/common/collect/Platform (coverage matcher score 1.000)
com.moonsworth.lunar.genesis	MixinHelper8_5	UncaughtExceptionHandlers	Guava 29.0-jre com/google/common/util/concurrent/UncaughtExceptionHandlers (coverage matcher score 1.000)
com.moonsworth.lunar.genesis	MixinHelper8_6	LineProcessor	Guava 29.0-jre com/google/common/io/LineProcessor (coverage matcher score 1.000)
com.moonsworth.lunar.genesis	MixinHelper9$1	CycleDetectingLockFactory$1	Guava 29.0-jre com/google/common/util/concurrent/CycleDetectingLockFactory$1 (coverage matcher score 1.000)
com.moonsworth.lunar.genesis	MixinHelper9$1_2	ImmutableTypeToInstanceMap$1	Guava 29.0-jre com/google/common/reflect/ImmutableTypeToInstanceMap$1 (coverage matcher score 1.000)
com.moonsworth.lunar.genesis	MixinHelper9$Data18	Graphs$TransposedGraph	Guava 29.0-jre com/google/common/graph/Graphs$TransposedGraph (coverage matcher score 1.000)
com.moonsworth.lunar.genesis	MixinHelper9$Data19	Graphs$TransposedNetwork	Guava 29.0-jre com/google/common/graph/Graphs$TransposedNetwork (coverage matcher score 1.000)
com.moonsworth.lunar.genesis	MixinHelper9$Data20	Graphs$TransposedValueGraph	Guava 29.0-jre com/google/common/graph/Graphs$TransposedValueGraph (coverage matcher score 1.000)
com.moonsworth.lunar.genesis	MixinHelper9$Data21	Hashing$ConcatenatedHashFunction	Guava 29.0-jre com/google/common/hash/Hashing$ConcatenatedHashFunction (coverage matcher score 1.000)
com.moonsworth.lunar.genesis	MixinHelper9$Data22	Hashing$LinearCongruentialGenerator	Guava 29.0-jre com/google/common/hash/Hashing$LinearCongruentialGenerator (coverage matcher score 1.000)
com.moonsworth.lunar.genesis	MixinHelper9$Data23	Hashing$Md5Holder	Guava 29.0-jre com/google/common/hash/Hashing$Md5Holder (coverage matcher score 1.000)
com.moonsworth.lunar.genesis	MixinHelper9$Data24	Hashing$Sha256Holder	Guava 29.0-jre com/google/common/hash/Hashing$Sha256Holder (coverage matcher score 1.000)
com.moonsworth.lunar.genesis	MixinHelper9$Data25	Hashing$Sha384Holder	Guava 29.0-jre com/google/common/hash/Hashing$Sha384Holder (coverage matcher score 1.000)
com.moonsworth.lunar.genesis	MixinHelper9$Data26	Hashing$Sha512Holder	Guava 29.0-jre com/google/common/hash/Hashing$Sha512Holder (coverage matcher score 1.000)
com.moonsworth.lunar.genesis	MixinHelper9$Data27	Hashing$Sha1Holder	Guava 29.0-jre com/google/common/hash/Hashing$Sha1Holder (coverage matcher score 1.000)
com.moonsworth.lunar.genesis	MixinHelper9$Data5	CharSource$CharSequenceCharSource	Guava 29.0-jre com/google/common/io/CharSource$CharSequenceCharSource (coverage matcher score 1.000)
com.moonsworth.lunar.genesis	MixinHelper9$Data6	CharSource$AsByteSource	Guava 29.0-jre com/google/common/io/CharSource$AsByteSource (coverage matcher score 1.000)
com.moonsworth.lunar.genesis	MixinHelper9$Data7	CharSource$ConcatenatedCharSource	Guava 29.0-jre com/google/common/io/CharSource$ConcatenatedCharSource (coverage matcher score 1.000)
com.moonsworth.lunar.genesis	MixinHelper9$Type$1	CycleDetectingLockFactory$Policies$3	Guava 29.0-jre com/google/common/util/concurrent/CycleDetectingLockFactory$Policies$3 (coverage matcher score 1.000)
com.moonsworth.lunar.genesis	MixinHelper9$Type3$1	Hashing$ChecksumType$1	Guava 29.0-jre com/google/common/hash/Hashing$ChecksumType$1 (coverage matcher score 1.000)
com.moonsworth.lunar.genesis	MixinHelper9$Type3$2	Hashing$ChecksumType$2	Guava 29.0-jre com/google/common/hash/Hashing$ChecksumType$2 (coverage matcher score 1.000)
com.moonsworth.lunar.genesis	MixinHelper9_2	Utf8	Guava 29.0-jre com/google/common/base/Utf8 (coverage matcher score 1.000)
com.moonsworth.lunar.genesis	MixinHelper9_4	LongAddable	Guava 29.0-jre com/google/common/cache/LongAddable (coverage matcher score 1.000)
com.moonsworth.lunar.genesis	MixinHelper9_6	SortedIterables	Guava 29.0-jre com/google/common/collect/SortedIterables (coverage matcher score 1.000)
com.moonsworth.lunar.genesis	MixinHelper9_7	Platform	Guava 29.0-jre com/google/common/primitives/Platform (coverage matcher score 1.000)
com.moonsworth.lunar.genesis	MixinHelper9_9	StatsAccumulator	Guava 29.0-jre com/google/common/math/StatsAccumulator (coverage matcher score 1.000)
com.moonsworth.lunar.genesis	MixinHelperError	ExecutionError	Guava 29.0-jre com/google/common/util/concurrent/ExecutionError (coverage matcher score 1.000)
com.moonsworth.lunar.genesis	MixinHelperException	VerifyException	Guava 29.0-jre com/google/common/base/VerifyException (coverage matcher score 1.000)
com.moonsworth.lunar.genesis	MixinHelperException2	UncheckedTimeoutException	Guava 29.0-jre com/google/common/util/concurrent/UncheckedTimeoutException (coverage matcher score 1.000)
com.moonsworth.lunar.genesis	MixinHelperException_2	UncheckedExecutionException	Guava 29.0-jre com/google/common/util/concurrent/UncheckedExecutionException (coverage matcher score 1.000)
com.moonsworth.lunar.genesis	MixinHelperException_3	ComputationException	Guava 29.0-jre com/google/common/collect/ComputationException (coverage matcher score 1.000)
com.moonsworth.lunar.genesis	MixinHelperIterator2	TransformedIterator	Guava 29.0-jre com/google/common/collect/TransformedIterator (coverage matcher score 1.000)
com.moonsworth.lunar.genesis	MixinHelperIterator22	TransformedListIterator	Guava 29.0-jre com/google/common/collect/TransformedListIterator (coverage matcher score 1.000)
com.moonsworth.lunar.genesis	MixinHelperIterator32$1_2	MutableTypeToInstanceMap$1	Guava 29.0-jre com/google/common/reflect/MutableTypeToInstanceMap$1 (coverage matcher score 1.000)
com.moonsworth.lunar.genesis	MixinHelperIterator32$Data	EndpointPairIterator$Undirected	Guava 29.0-jre com/google/common/graph/EndpointPairIterator$Undirected (coverage matcher score 1.000)
com.moonsworth.lunar.genesis	MixinHelperIterator32$Data2	EndpointPairIterator$Directed	Guava 29.0-jre com/google/common/graph/EndpointPairIterator$Directed (coverage matcher score 1.000)
com.moonsworth.lunar.genesis	MixinHelperIterator322	ConsumingQueueIterator	Guava 29.0-jre com/google/common/collect/ConsumingQueueIterator (coverage matcher score 1.000)
com.moonsworth.lunar.genesis	MixinHelperIterator33	AbstractSequentialIterator	Guava 29.0-jre com/google/common/collect/AbstractSequentialIterator (coverage matcher score 1.000)
com.moonsworth.lunar.genesis	MixinHelperIterator342	AbstractIndexedListIterator	Guava 29.0-jre com/google/common/collect/AbstractIndexedListIterator (coverage matcher score 1.000)
com.moonsworth.lunar.genesis	MixinHelperIterator_2	PeekingIterator	Guava 29.0-jre com/google/common/collect/PeekingIterator (coverage matcher score 1.000)
com.moonsworth.lunar.genesis	MixinHelperType$1	Service$State$2	Guava 29.0-jre com/google/common/util/concurrent/Service$State$2 (coverage matcher score 1.000)
com.moonsworth.lunar.genesis	MixinHelperType$1_2	CaseFormat$1	Guava 29.0-jre com/google/common/base/CaseFormat$1 (coverage matcher score 1.000)
com.moonsworth.lunar.genesis	MixinHelperType$2	Service$State$3	Guava 29.0-jre com/google/common/util/concurrent/Service$State$3 (coverage matcher score 1.000)
com.moonsworth.lunar.genesis	MixinHelperType$2_2	CaseFormat$2	Guava 29.0-jre com/google/common/base/CaseFormat$2 (coverage matcher score 1.000)
com.moonsworth.lunar.genesis	MixinHelperType$3	CaseFormat$3	Guava 29.0-jre com/google/common/base/CaseFormat$3 (coverage matcher score 1.000)
com.moonsworth.lunar.genesis	MixinHelperType$3_2	Service$State$4	Guava 29.0-jre com/google/common/util/concurrent/Service$State$4 (coverage matcher score 1.000)
com.moonsworth.lunar.genesis	MixinHelperType$4	CaseFormat$4	Guava 29.0-jre com/google/common/base/CaseFormat$4 (coverage matcher score 1.000)
com.moonsworth.lunar.genesis	MixinHelperType$4_2	Service$State$5	Guava 29.0-jre com/google/common/util/concurrent/Service$State$5 (coverage matcher score 1.000)
com.moonsworth.lunar.genesis	MixinHelperType$5	Service$State$6	Guava 29.0-jre com/google/common/util/concurrent/Service$State$6 (coverage matcher score 1.000)
com.moonsworth.lunar.genesis	MixinHelperType$5_2	CaseFormat$5	Guava 29.0-jre com/google/common/base/CaseFormat$5 (coverage matcher score 1.000)
com.moonsworth.lunar.genesis	MixinHelperType$Data	CaseFormat$StringConverter	Guava 29.0-jre com/google/common/base/CaseFormat$StringConverter (coverage matcher score 1.000)
com.moonsworth.lunar.genesis	MixinHelperType$Data2	BloomFilterStrategies$LockFreeBitArray	Guava 29.0-jre com/google/common/hash/BloomFilterStrategies$LockFreeBitArray (coverage matcher score 1.000)
com.moonsworth.lunar.genesis	MixinHelper_11	CharSink	Guava 29.0-jre com/google/common/io/CharSink (coverage matcher score 1.000)
com.moonsworth.lunar.genesis	MixinHelper_12	LongAddable	Guava 29.0-jre com/google/common/hash/LongAddable (coverage matcher score 1.000)
com.moonsworth.lunar.genesis	MixinHelper_3	FuturesGetChecked	Guava 29.0-jre com/google/common/util/concurrent/FuturesGetChecked (coverage matcher score 1.000)
com.moonsworth.lunar.genesis	NumberBase$1	UnsignedBytes$LexicographicalComparatorHolder$UnsafeComparator$1	Guava 29.0-jre com/google/common/primitives/UnsignedBytes$LexicographicalComparatorHolder$UnsafeComparator$1 (coverage matcher score 1.000)
com.moonsworth.lunar.genesis	NumberBase$1_2	AbstractFuture$UnsafeAtomicHelper$1	Guava 29.0-jre com/google/common/util/concurrent/AbstractFuture$UnsafeAtomicHelper$1 (coverage matcher score 1.000)
com.moonsworth.lunar.genesis	NumberBase$Data	Striped64$Cell	Guava 29.0-jre com/google/common/cache/Striped64$Cell (coverage matcher score 1.000)
com.moonsworth.lunar.genesis	NumberBase$Data2	Striped64$Cell	Guava 29.0-jre com/google/common/hash/Striped64$Cell (coverage matcher score 1.000)
com.moonsworth.lunar.genesis	NumberBase2$1	AbstractFuture$1	Guava 29.0-jre com/google/common/util/concurrent/AbstractFuture$1 (coverage matcher score 1.000)
com.moonsworth.lunar.genesis	NumberImpl	UnsignedInteger	Guava 29.0-jre com/google/common/primitives/UnsignedInteger (coverage matcher score 1.000)
com.moonsworth.lunar.genesis	NumberImpl2	UnsignedLong	Guava 29.0-jre com/google/common/primitives/UnsignedLong (coverage matcher score 1.000)
com.moonsworth.lunar.genesis	OutputStreamSerializer$1	FileBackedOutputStream$1	Guava 29.0-jre com/google/common/io/FileBackedOutputStream$1 (coverage matcher score 1.000)
com.moonsworth.lunar.genesis	OutputStreamSerializer$2	FileBackedOutputStream$2	Guava 29.0-jre com/google/common/io/FileBackedOutputStream$2 (coverage matcher score 1.000)
com.moonsworth.lunar.genesis	OutputStreamSerializer$Data	FileBackedOutputStream$MemoryOutput	Guava 29.0-jre com/google/common/io/FileBackedOutputStream$MemoryOutput (coverage matcher score 1.000)
com.moonsworth.lunar.genesis	PhantomReferenceBase	FinalizablePhantomReference	Guava 29.0-jre com/google/common/base/FinalizablePhantomReference (coverage matcher score 1.000)
com.moonsworth.lunar.genesis	PredicateExtension	Predicate	Guava 29.0-jre com/google/common/base/Predicate (coverage matcher score 1.000)
com.moonsworth.lunar.genesis	PredicateExtension2$Data10	CharMatcher$AnyOf	Guava 29.0-jre com/google/common/base/CharMatcher$AnyOf (coverage matcher score 1.000)
com.moonsworth.lunar.genesis	PredicateExtension2$Data12	CharMatcher$JavaUpperCase	Guava 29.0-jre com/google/common/base/CharMatcher$JavaUpperCase (coverage matcher score 1.000)
com.moonsworth.lunar.genesis	PredicateExtension2$Data14	CharMatcher$JavaDigit	Guava 29.0-jre com/google/common/base/CharMatcher$JavaDigit (coverage matcher score 1.000)
com.moonsworth.lunar.genesis	PredicateExtension2$Data16	CharMatcher$JavaLetterOrDigit	Guava 29.0-jre com/google/common/base/CharMatcher$JavaLetterOrDigit (coverage matcher score 1.000)
com.moonsworth.lunar.genesis	PredicateExtension2$Data19	CharMatcher$BreakingWhitespace	Guava 29.0-jre com/google/common/base/CharMatcher$BreakingWhitespace (coverage matcher score 1.000)
com.moonsworth.lunar.genesis	PredicateExtension2$Data21	CharMatcher$RangesMatcher	Guava 29.0-jre com/google/common/base/CharMatcher$RangesMatcher (coverage matcher score 1.000)
com.moonsworth.lunar.genesis	PredicateExtension2$Data26	CharMatcher$JavaLetter	Guava 29.0-jre com/google/common/base/CharMatcher$JavaLetter (coverage matcher score 1.000)
com.moonsworth.lunar.genesis	PredicateExtension2$Data27	CharMatcher$JavaLowerCase	Guava 29.0-jre com/google/common/base/CharMatcher$JavaLowerCase (coverage matcher score 1.000)
com.moonsworth.lunar.genesis	PredicateExtension2$Data3	CharMatcher$Or	Guava 29.0-jre com/google/common/base/CharMatcher$Or (coverage matcher score 1.000)
com.moonsworth.lunar.genesis	PredicateExtension2$Data4	CharMatcher$Negated	Guava 29.0-jre com/google/common/base/CharMatcher$Negated (coverage matcher score 1.000)
com.moonsworth.lunar.genesis	PredicateExtension2$Data9	CharMatcher$And	Guava 29.0-jre com/google/common/base/CharMatcher$And (coverage matcher score 1.000)
com.moonsworth.lunar.genesis	Reader	CharSequenceReader	Guava 29.0-jre com/google/common/io/CharSequenceReader (coverage matcher score 1.000)
com.moonsworth.lunar.genesis	Reader2	MultiReader	Guava 29.0-jre com/google/common/io/MultiReader (coverage matcher score 1.000)
com.moonsworth.lunar.genesis	SerializableBase	RangeGwtSerializationDependencies	Guava 29.0-jre com/google/common/collect/RangeGwtSerializationDependencies (coverage matcher score 1.000)
com.moonsworth.lunar.genesis	SerializableBase2$1	UndirectedGraphConnections$2	Guava 29.0-jre com/google/common/graph/UndirectedGraphConnections$2 (coverage matcher score 1.000)
com.moonsworth.lunar.genesis	SerializableBase2$Data3	Range$RangeLexOrdering	Guava 29.0-jre com/google/common/collect/Range$RangeLexOrdering (coverage matcher score 1.000)
com.moonsworth.lunar.genesis	SerializableBase2$Data4	Range$LowerBoundFn	Guava 29.0-jre com/google/common/collect/Range$LowerBoundFn (coverage matcher score 1.000)
com.moonsworth.lunar.genesis	SerializableBase2$Data5	Range$UpperBoundFn	Guava 29.0-jre com/google/common/collect/Range$UpperBoundFn (coverage matcher score 1.000)
com.moonsworth.lunar.genesis	SerializableBase2_2	Present	Guava 29.0-jre com/google/common/base/Present (coverage matcher score 1.000)
com.moonsworth.lunar.genesis	SerializableBase3	Absent	Guava 29.0-jre com/google/common/base/Absent (coverage matcher score 1.000)
com.moonsworth.lunar.genesis	SerializableBase_2	Optional	Guava 29.0-jre com/google/common/base/Optional (coverage matcher score 1.000)
com.moonsworth.lunar.genesis	SerializableExtension	Funnel	Guava 29.0-jre com/google/common/hash/Funnel (coverage matcher score 1.000)
com.moonsworth.lunar.genesis	SerializableImpl	Count	Guava 29.0-jre com/google/common/collect/Count (coverage matcher score 1.000)
com.moonsworth.lunar.genesis	SerializableImpl$1	AggregateFutureState$1	Guava 29.0-jre com/google/common/util/concurrent/AggregateFutureState$1 (coverage matcher score 1.000)
com.moonsworth.lunar.genesis	SerializableImpl$Data12	ImmutableLongArray$Builder	Guava 29.0-jre com/google/common/primitives/ImmutableLongArray$Builder (coverage matcher score 1.000)
com.moonsworth.lunar.genesis	SerializableImpl$Data13	ImmutableLongArray$AsList	Guava 29.0-jre com/google/common/primitives/ImmutableLongArray$AsList (coverage matcher score 1.000)
com.moonsworth.lunar.genesis	SerializableImpl2	GeneralRange	Guava 29.0-jre com/google/common/collect/GeneralRange (coverage matcher score 1.000)
com.moonsworth.lunar.genesis	SerializableImpl2$1	InterruptibleTask$1	Guava 29.0-jre com/google/common/util/concurrent/InterruptibleTask$1 (coverage matcher score 1.000)
com.moonsworth.lunar.genesis	SerializableImpl2$Data	ImmutableIntArray$Builder	Guava 29.0-jre com/google/common/primitives/ImmutableIntArray$Builder (coverage matcher score 1.000)
com.moonsworth.lunar.genesis	SerializableImpl2$Data2	ImmutableIntArray$AsList	Guava 29.0-jre com/google/common/primitives/ImmutableIntArray$AsList (coverage matcher score 1.000)
com.moonsworth.lunar.genesis	SerializableImpl3$1	Service$1	Guava 29.0-jre com/google/common/util/concurrent/Service$1 (coverage matcher score 1.000)
com.moonsworth.lunar.genesis	SerializableImpl3$Data2	ImmutableDoubleArray$Builder	Guava 29.0-jre com/google/common/primitives/ImmutableDoubleArray$Builder (coverage matcher score 1.000)
com.moonsworth.lunar.genesis	SerializableImpl3$Data3	ImmutableDoubleArray$AsList	Guava 29.0-jre com/google/common/primitives/ImmutableDoubleArray$AsList (coverage matcher score 1.000)
com.moonsworth.lunar.genesis	SerializableImpl_2	PairedStats	Guava 29.0-jre com/google/common/math/PairedStats (coverage matcher score 1.000)
com.moonsworth.lunar.genesis	SerializableImpl_4	HostAndPort	Guava 29.0-jre com/google/common/net/HostAndPort (coverage matcher score 1.000)
com.moonsworth.lunar.genesis	SerializableIterator2$Data$Data	RegularImmutableMap$KeySet$SerializedForm	Guava 29.0-jre com/google/common/collect/RegularImmutableMap$KeySet$SerializedForm (coverage matcher score 1.000)
com.moonsworth.lunar.genesis	SerializableIterator2$Data2$Data	RegularImmutableMap$Values$SerializedForm	Guava 29.0-jre com/google/common/collect/RegularImmutableMap$Values$SerializedForm (coverage matcher score 1.000)
com.moonsworth.lunar.genesis	SerializableIterator522	SingletonImmutableBiMap	Guava 29.0-jre com/google/common/collect/SingletonImmutableBiMap (coverage matcher score 1.000)
com.moonsworth.lunar.genesis	SerializableIterator523$1	SmoothRateLimiter$1	Guava 29.0-jre com/google/common/util/concurrent/SmoothRateLimiter$1 (coverage matcher score 1.000)
com.moonsworth.lunar.genesis	SerializableIterator524$1	TimeoutFuture$1	Guava 29.0-jre com/google/common/util/concurrent/TimeoutFuture$1 (coverage matcher score 1.000)
com.moonsworth.lunar.genesis	SerializableIterator524$Data	RegularImmutableBiMap$InverseSerializedForm	Guava 29.0-jre com/google/common/collect/RegularImmutableBiMap$InverseSerializedForm (coverage matcher score 1.000)
com.moonsworth.lunar.genesis	SerializableIterator_2	Stats	Guava 29.0-jre com/google/common/math/Stats (coverage matcher score 1.000)
com.moonsworth.lunar.genesis	SerializableLoader$1	AbstractService$6	Guava 29.0-jre com/google/common/util/concurrent/AbstractService$6 (coverage matcher score 1.000)
com.moonsworth.lunar.genesis	SerializableLoader$Data3	Cut$AboveValue	Guava 29.0-jre com/google/common/collect/Cut$AboveValue (coverage matcher score 1.000)
com.moonsworth.lunar.genesis	SerializableLoader$Data4	Cut$AboveAll	Guava 29.0-jre com/google/common/collect/Cut$AboveAll (coverage matcher score 1.000)
com.moonsworth.lunar.genesis	SerializableLoader$Data5	Cut$BelowAll	Guava 29.0-jre com/google/common/collect/Cut$BelowAll (coverage matcher score 1.000)
com.moonsworth.lunar.genesis	SerializableUpdater	AtomicLongMap	Guava 29.0-jre com/google/common/util/concurrent/AtomicLongMap (coverage matcher score 1.000)
com.moonsworth.lunar.genesis	SoftReferenceBase	FinalizableSoftReference	Guava 29.0-jre com/google/common/base/FinalizableSoftReference (coverage matcher score 1.000)
com.moonsworth.lunar.genesis	SupplierExtension	Supplier	Guava 29.0-jre com/google/common/base/Supplier (coverage matcher score 1.000)
com.moonsworth.lunar.genesis	SupplierExtension_2	ImmutableSupplier	Guava 29.0-jre com/google/common/hash/ImmutableSupplier (coverage matcher score 1.000)
com.moonsworth.lunar.genesis	WeakReferenceBase	FinalizableWeakReference	Guava 29.0-jre com/google/common/base/FinalizableWeakReference (coverage matcher score 1.000)
com.moonsworth.lunar.genesis	Writer	AppendableWriter	Guava 29.0-jre com/google/common/io/AppendableWriter (coverage matcher score 1.000)
com.moonsworth.lunar.genesis	IterableIterator	FluentIterable	Guava 29.0-jre com/google/common/collect/FluentIterable (coverage matcher score 0.990)
com.moonsworth.lunar.genesis	MixinHelper42_2	Hasher	Guava 29.0-jre com/google/common/hash/Hasher (coverage matcher score 0.990)
com.moonsworth.lunar.genesis	MixinHelper_15	Strings	Guava 29.0-jre com/google/common/base/Strings (coverage matcher score 0.986)
com.moonsworth.lunar.genesis	MixinHelper13_2	Throwables	Guava 29.0-jre com/google/common/base/Throwables (coverage matcher score 0.984)
com.moonsworth.lunar.genesis	MixinHelper262	Futures	Guava 29.0-jre com/google/common/util/concurrent/Futures (coverage matcher score 0.978)
com.moonsworth.lunar.genesis	MixinHelperTask	Finalizer	Guava 29.0-jre com/google/common/base/internal/Finalizer (coverage matcher score 0.978)
com.moonsworth.lunar.genesis	MixinHelper8$Data22$Type	UnsignedBytes$LexicographicalComparatorHolder$UnsafeComparator	Guava 29.0-jre com/google/common/primitives/UnsignedBytes$LexicographicalComparatorHolder$UnsafeComparator (coverage matcher score 0.976)
com.moonsworth.lunar.genesis	MixinHelperType2	StandardSystemProperty	Guava 29.0-jre com/google/common/base/StandardSystemProperty (coverage matcher score 0.942)
com.moonsworth.lunar.genesis	Annotation	GwtCompatible	Guava 29.0-jre com/google/common/annotations/GwtCompatible (coverage matcher score 0.940)
com.moonsworth.lunar.genesis	Annotation2	Beta	Guava 29.0-jre com/google/common/annotations/Beta (coverage matcher score 0.940)
com.moonsworth.lunar.genesis	Annotation3	GwtIncompatible	Guava 29.0-jre com/google/common/annotations/GwtIncompatible (coverage matcher score 0.940)
com.moonsworth.lunar.genesis	Annotation_3	GwtTransient	Guava 29.0-jre com/google/common/collect/GwtTransient (coverage matcher score 0.940)
com.moonsworth.lunar.genesis	NumberLoader	AtomicDouble	Guava 29.0-jre com/google/common/util/concurrent/AtomicDouble (coverage matcher score 0.940)
com.moonsworth.lunar.genesis	Annotation2_2	VisibleForTesting	Guava 29.0-jre com/google/common/annotations/VisibleForTesting (coverage matcher score 0.920)
com.moonsworth.lunar.genesis	Annotation_4	AllowConcurrentEvents	Guava 29.0-jre com/google/common/eventbus/AllowConcurrentEvents (coverage matcher score 0.920)
com.moonsworth.lunar.genesis	MixinHelper8$Annotation	Partially$GwtIncompatible	Guava 29.0-jre com/google/common/util/concurrent/Partially$GwtIncompatible (coverage matcher score 0.920)
