cluster	package	class	file
01	com.moonsworth.lunar.client.util#part1	Annotation2	com/moonsworth/lunar/client/util/Annotation2.java
01	com.moonsworth.lunar.client.util#part1	Annotation3	com/moonsworth/lunar/client/util/Annotation3.java
01	com.moonsworth.lunar.client.util#part1	Annotation4	com/moonsworth/lunar/client/util/Annotation4.java
01	com.moonsworth.lunar.client.util#part1	Annotation5	com/moonsworth/lunar/client/util/Annotation5.java
01	com.moonsworth.lunar.client.util#part1	Annotation6	com/moonsworth/lunar/client/util/Annotation6.java
01	com.moonsworth.lunar.client.util#part1	Annotation7	com/moonsworth/lunar/client/util/Annotation7.java
01	com.moonsworth.lunar.client.util#part1	Data2	com/moonsworth/lunar/client/util/MixinHelper23.java
01	com.moonsworth.lunar.client.util#part1	Data2	com/moonsworth/lunar/client/util/MixinHelper25.java
01	com.moonsworth.lunar.client.util#part1	Data2	com/moonsworth/lunar/client/util/ThreadModuleDump17.java
01	com.moonsworth.lunar.client.util#part1	Data2	com/moonsworth/lunar/client/util/ThreadModuleDump18.java
01	com.moonsworth.lunar.client.util#part1	Data2	com/moonsworth/lunar/client/util/ThreadModuleDump47.java
01	com.moonsworth.lunar.client.util#part1	Data2	com/moonsworth/lunar/client/util/ThreadModuleDumpType5.java
01	com.moonsworth.lunar.client.util#part1	Data3	com/moonsworth/lunar/client/util/MixinHelper23.java
01	com.moonsworth.lunar.client.util#part1	Data3	com/moonsworth/lunar/client/util/ThreadModuleDump18.java
01	com.moonsworth.lunar.client.util#part1	Data3	com/moonsworth/lunar/client/util/ThreadModuleDumpType5.java
01	com.moonsworth.lunar.client.util#part1	Data4	com/moonsworth/lunar/client/util/ThreadModuleDump18.java
01	com.moonsworth.lunar.client.util#part1	Data4	com/moonsworth/lunar/client/util/ThreadModuleDumpType5.java
01	com.moonsworth.lunar.client.util#part1	Data5	com/moonsworth/lunar/client/util/ThreadModuleDump18.java
01	com.moonsworth.lunar.client.util#part1	Data5	com/moonsworth/lunar/client/util/ThreadModuleDumpType5.java
01	com.moonsworth.lunar.client.util#part1	Data6	com/moonsworth/lunar/client/util/ThreadModuleDump18.java
01	com.moonsworth.lunar.client.util#part1	Extension2	com/moonsworth/lunar/client/util/ThreadModuleDump77.java
01	com.moonsworth.lunar.client.util#part1	Extension3	com/moonsworth/lunar/client/util/ThreadModuleDump77.java
01	com.moonsworth.lunar.client.util#part1	Extension4	com/moonsworth/lunar/client/util/ThreadModuleDump77.java
01	com.moonsworth.lunar.client.util#part1	InputStreamLoader2	com/moonsworth/lunar/client/util/InputStreamLoader2.java
01	com.moonsworth.lunar.client.util#part1	MixinHelper2	com/moonsworth/lunar/client/util/MixinHelper2.java
01	com.moonsworth.lunar.client.util#part1	MixinHelper22	com/moonsworth/lunar/client/util/MixinHelper22.java
01	com.moonsworth.lunar.client.util#part1	MixinHelper223	com/moonsworth/lunar/client/util/MixinHelper223.java
01	com.moonsworth.lunar.client.util#part1	MixinHelper224	com/moonsworth/lunar/client/util/MixinHelper224.java
01	com.moonsworth.lunar.client.util#part1	MixinHelper23	com/moonsworth/lunar/client/util/MixinHelper23.java
01	com.moonsworth.lunar.client.util#part1	MixinHelper24	com/moonsworth/lunar/client/util/MixinHelper24.java
01	com.moonsworth.lunar.client.util#part1	MixinHelper25	com/moonsworth/lunar/client/util/MixinHelper25.java
01	com.moonsworth.lunar.client.util#part1	ThreadModuleDump10	com/moonsworth/lunar/client/util/ThreadModuleDump10.java
01	com.moonsworth.lunar.client.util#part1	ThreadModuleDump11	com/moonsworth/lunar/client/util/ThreadModuleDump11.java
01	com.moonsworth.lunar.client.util#part1	ThreadModuleDump12	com/moonsworth/lunar/client/util/ThreadModuleDump12.java
01	com.moonsworth.lunar.client.util#part1	ThreadModuleDump13	com/moonsworth/lunar/client/util/ThreadModuleDump13.java
01	com.moonsworth.lunar.client.util#part1	ThreadModuleDump14	com/moonsworth/lunar/client/util/ThreadModuleDump14.java
01	com.moonsworth.lunar.client.util#part1	ThreadModuleDump15	com/moonsworth/lunar/client/util/ThreadModuleDump15.java
01	com.moonsworth.lunar.client.util#part1	ThreadModuleDump17	com/moonsworth/lunar/client/util/ThreadModuleDump17.java
01	com.moonsworth.lunar.client.util#part1	ThreadModuleDump18	com/moonsworth/lunar/client/util/ThreadModuleDump18.java
01	com.moonsworth.lunar.client.util#part1	ThreadModuleDump19	com/moonsworth/lunar/client/util/ThreadModuleDump19.java
01	com.moonsworth.lunar.client.util#part1	ThreadModuleDump2	com/moonsworth/lunar/client/util/ThreadModuleDump2.java
01	com.moonsworth.lunar.client.util#part1	ThreadModuleDump20	com/moonsworth/lunar/client/util/ThreadModuleDump20.java
01	com.moonsworth.lunar.client.util#part1	ThreadModuleDump21	com/moonsworth/lunar/client/util/ThreadModuleDump21.java
01	com.moonsworth.lunar.client.util#part1	ThreadModuleDump22	com/moonsworth/lunar/client/util/ThreadModuleDump22.java
01	com.moonsworth.lunar.client.util#part1	ThreadModuleDump23	com/moonsworth/lunar/client/util/ThreadModuleDump23.java
01	com.moonsworth.lunar.client.util#part1	ThreadModuleDump24	com/moonsworth/lunar/client/util/ThreadModuleDump24.java
01	com.moonsworth.lunar.client.util#part1	ThreadModuleDump25	com/moonsworth/lunar/client/util/ThreadModuleDump25.java
01	com.moonsworth.lunar.client.util#part1	ThreadModuleDump26	com/moonsworth/lunar/client/util/ThreadModuleDump26.java
01	com.moonsworth.lunar.client.util#part1	ThreadModuleDump27	com/moonsworth/lunar/client/util/ThreadModuleDump27.java
01	com.moonsworth.lunar.client.util#part1	ThreadModuleDump28	com/moonsworth/lunar/client/util/ThreadModuleDump28.java
02	com.moonsworth.lunar.client.util#part2	ThreadModuleDump29	com/moonsworth/lunar/client/util/ThreadModuleDump29.java
02	com.moonsworth.lunar.client.util#part2	ThreadModuleDump3	com/moonsworth/lunar/client/util/ThreadModuleDump3.java
02	com.moonsworth.lunar.client.util#part2	ThreadModuleDump30	com/moonsworth/lunar/client/util/ThreadModuleDump30.java
02	com.moonsworth.lunar.client.util#part2	ThreadModuleDump31	com/moonsworth/lunar/client/util/ThreadModuleDump31.java
02	com.moonsworth.lunar.client.util#part2	ThreadModuleDump32	com/moonsworth/lunar/client/util/ThreadModuleDump32.java
02	com.moonsworth.lunar.client.util#part2	ThreadModuleDump33	com/moonsworth/lunar/client/util/ThreadModuleDump33.java
02	com.moonsworth.lunar.client.util#part2	ThreadModuleDump34	com/moonsworth/lunar/client/util/ThreadModuleDump34.java
02	com.moonsworth.lunar.client.util#part2	ThreadModuleDump36	com/moonsworth/lunar/client/util/ThreadModuleDump36.java
02	com.moonsworth.lunar.client.util#part2	ThreadModuleDump37	com/moonsworth/lunar/client/util/ThreadModuleDump37.java
02	com.moonsworth.lunar.client.util#part2	ThreadModuleDump38	com/moonsworth/lunar/client/util/ThreadModuleDump38.java
02	com.moonsworth.lunar.client.util#part2	ThreadModuleDump4	com/moonsworth/lunar/client/util/ThreadModuleDump4.java
02	com.moonsworth.lunar.client.util#part2	ThreadModuleDump40	com/moonsworth/lunar/client/util/ThreadModuleDump40.java
02	com.moonsworth.lunar.client.util#part2	ThreadModuleDump41	com/moonsworth/lunar/client/util/ThreadModuleDump41.java
02	com.moonsworth.lunar.client.util#part2	ThreadModuleDump42	com/moonsworth/lunar/client/util/ThreadModuleDump42.java
02	com.moonsworth.lunar.client.util#part2	ThreadModuleDump43	com/moonsworth/lunar/client/util/ThreadModuleDump43.java
02	com.moonsworth.lunar.client.util#part2	ThreadModuleDump44	com/moonsworth/lunar/client/util/ThreadModuleDump44.java
02	com.moonsworth.lunar.client.util#part2	ThreadModuleDump45	com/moonsworth/lunar/client/util/ThreadModuleDump45.java
02	com.moonsworth.lunar.client.util#part2	ThreadModuleDump46	com/moonsworth/lunar/client/util/ThreadModuleDump46.java
02	com.moonsworth.lunar.client.util#part2	ThreadModuleDump47	com/moonsworth/lunar/client/util/ThreadModuleDump47.java
02	com.moonsworth.lunar.client.util#part2	ThreadModuleDump48	com/moonsworth/lunar/client/util/ThreadModuleDump48.java
02	com.moonsworth.lunar.client.util#part2	ThreadModuleDump49	com/moonsworth/lunar/client/util/ThreadModuleDump49.java
02	com.moonsworth.lunar.client.util#part2	ThreadModuleDump5	com/moonsworth/lunar/client/util/ThreadModuleDump5.java
02	com.moonsworth.lunar.client.util#part2	ThreadModuleDump50	com/moonsworth/lunar/client/util/ThreadModuleDump50.java
02	com.moonsworth.lunar.client.util#part2	ThreadModuleDump51	com/moonsworth/lunar/client/util/ThreadModuleDump51.java
02	com.moonsworth.lunar.client.util#part2	ThreadModuleDump52	com/moonsworth/lunar/client/util/ThreadModuleDump52.java
02	com.moonsworth.lunar.client.util#part2	ThreadModuleDump53	com/moonsworth/lunar/client/util/ThreadModuleDump53.java
02	com.moonsworth.lunar.client.util#part2	ThreadModuleDump54	com/moonsworth/lunar/client/util/ThreadModuleDump54.java
02	com.moonsworth.lunar.client.util#part2	ThreadModuleDump55	com/moonsworth/lunar/client/util/ThreadModuleDump55.java
02	com.moonsworth.lunar.client.util#part2	ThreadModuleDump56	com/moonsworth/lunar/client/util/ThreadModuleDump56.java
02	com.moonsworth.lunar.client.util#part2	ThreadModuleDump57	com/moonsworth/lunar/client/util/ThreadModuleDump57.java
02	com.moonsworth.lunar.client.util#part2	ThreadModuleDump58	com/moonsworth/lunar/client/util/ThreadModuleDump58.java
02	com.moonsworth.lunar.client.util#part2	ThreadModuleDump59	com/moonsworth/lunar/client/util/ThreadModuleDump59.java
02	com.moonsworth.lunar.client.util#part2	ThreadModuleDump6	com/moonsworth/lunar/client/util/ThreadModuleDump6.java
02	com.moonsworth.lunar.client.util#part2	ThreadModuleDump60	com/moonsworth/lunar/client/util/ThreadModuleDump60.java
02	com.moonsworth.lunar.client.util#part2	ThreadModuleDump61	com/moonsworth/lunar/client/util/ThreadModuleDump61.java
02	com.moonsworth.lunar.client.util#part2	ThreadModuleDump62	com/moonsworth/lunar/client/util/ThreadModuleDump62.java
02	com.moonsworth.lunar.client.util#part2	ThreadModuleDump63	com/moonsworth/lunar/client/util/ThreadModuleDump63.java
02	com.moonsworth.lunar.client.util#part2	ThreadModuleDump64	com/moonsworth/lunar/client/util/ThreadModuleDump64.java
02	com.moonsworth.lunar.client.util#part2	ThreadModuleDump65	com/moonsworth/lunar/client/util/ThreadModuleDump65.java
02	com.moonsworth.lunar.client.util#part2	ThreadModuleDump66	com/moonsworth/lunar/client/util/ThreadModuleDump66.java
02	com.moonsworth.lunar.client.util#part2	ThreadModuleDump67	com/moonsworth/lunar/client/util/ThreadModuleDump67.java
02	com.moonsworth.lunar.client.util#part2	ThreadModuleDump68	com/moonsworth/lunar/client/util/ThreadModuleDump68.java
02	com.moonsworth.lunar.client.util#part2	ThreadModuleDump69	com/moonsworth/lunar/client/util/ThreadModuleDump69.java
02	com.moonsworth.lunar.client.util#part2	ThreadModuleDump7	com/moonsworth/lunar/client/util/ThreadModuleDump7.java
02	com.moonsworth.lunar.client.util#part2	ThreadModuleDump70	com/moonsworth/lunar/client/util/ThreadModuleDump70.java
02	com.moonsworth.lunar.client.util#part2	ThreadModuleDump71	com/moonsworth/lunar/client/util/ThreadModuleDump71.java
02	com.moonsworth.lunar.client.util#part2	ThreadModuleDump72	com/moonsworth/lunar/client/util/ThreadModuleDump72.java
02	com.moonsworth.lunar.client.util#part2	ThreadModuleDump73	com/moonsworth/lunar/client/util/ThreadModuleDump73.java
02	com.moonsworth.lunar.client.util#part2	ThreadModuleDump75	com/moonsworth/lunar/client/util/ThreadModuleDump75.java
02	com.moonsworth.lunar.client.util#part2	ThreadModuleDump76	com/moonsworth/lunar/client/util/ThreadModuleDump76.java
03	com.moonsworth.lunar.client.util#part3	ThreadModuleDump77	com/moonsworth/lunar/client/util/ThreadModuleDump77.java
03	com.moonsworth.lunar.client.util#part3	ThreadModuleDump78	com/moonsworth/lunar/client/util/ThreadModuleDump78.java
03	com.moonsworth.lunar.client.util#part3	ThreadModuleDump79	com/moonsworth/lunar/client/util/ThreadModuleDump79.java
03	com.moonsworth.lunar.client.util#part3	ThreadModuleDump8	com/moonsworth/lunar/client/util/ThreadModuleDump8.java
03	com.moonsworth.lunar.client.util#part3	ThreadModuleDump80	com/moonsworth/lunar/client/util/ThreadModuleDump80.java
03	com.moonsworth.lunar.client.util#part3	ThreadModuleDump81	com/moonsworth/lunar/client/util/ThreadModuleDump81.java
03	com.moonsworth.lunar.client.util#part3	ThreadModuleDump82	com/moonsworth/lunar/client/util/ThreadModuleDump82.java
03	com.moonsworth.lunar.client.util#part3	ThreadModuleDump83	com/moonsworth/lunar/client/util/ThreadModuleDump83.java
03	com.moonsworth.lunar.client.util#part3	ThreadModuleDump84	com/moonsworth/lunar/client/util/ThreadModuleDump84.java
03	com.moonsworth.lunar.client.util#part3	ThreadModuleDump85	com/moonsworth/lunar/client/util/ThreadModuleDump85.java
03	com.moonsworth.lunar.client.util#part3	ThreadModuleDump86	com/moonsworth/lunar/client/util/ThreadModuleDump86.java
03	com.moonsworth.lunar.client.util#part3	ThreadModuleDump87	com/moonsworth/lunar/client/util/ThreadModuleDump87.java
03	com.moonsworth.lunar.client.util#part3	ThreadModuleDump88	com/moonsworth/lunar/client/util/ThreadModuleDump88.java
03	com.moonsworth.lunar.client.util#part3	ThreadModuleDump89	com/moonsworth/lunar/client/util/ThreadModuleDump89.java
03	com.moonsworth.lunar.client.util#part3	ThreadModuleDump90	com/moonsworth/lunar/client/util/ThreadModuleDump90.java
03	com.moonsworth.lunar.client.util#part3	ThreadModuleDump92	com/moonsworth/lunar/client/util/ThreadModuleDump92.java
03	com.moonsworth.lunar.client.util#part3	ThreadModuleDump93	com/moonsworth/lunar/client/util/ThreadModuleDump93.java
03	com.moonsworth.lunar.client.util#part3	ThreadModuleDump94	com/moonsworth/lunar/client/util/ThreadModuleDump94.java
03	com.moonsworth.lunar.client.util#part3	ThreadModuleDump95	com/moonsworth/lunar/client/util/ThreadModuleDump95.java
03	com.moonsworth.lunar.client.util#part3	ThreadModuleDumpIterator2	com/moonsworth/lunar/client/util/ThreadModuleDumpIterator2.java
03	com.moonsworth.lunar.client.util#part3	ThreadModuleDumpType2	com/moonsworth/lunar/client/util/ThreadModuleDumpType2.java
03	com.moonsworth.lunar.client.util#part3	ThreadModuleDumpType3	com/moonsworth/lunar/client/util/ThreadModuleDumpType3.java
03	com.moonsworth.lunar.client.util#part3	ThreadModuleDumpType4	com/moonsworth/lunar/client/util/ThreadModuleDumpType4.java
03	com.moonsworth.lunar.client.util#part3	ThreadModuleDumpType5	com/moonsworth/lunar/client/util/ThreadModuleDumpType5.java
03	com.moonsworth.lunar.client.util#part3	Type2	com/moonsworth/lunar/client/util/MixinHelper25.java
03	com.moonsworth.lunar.client.util#part3	Type2	com/moonsworth/lunar/client/util/ThreadModuleDump11.java
03	com.moonsworth.lunar.client.util#part3	Type3	com/moonsworth/lunar/client/util/MixinHelper25.java
03	com.moonsworth.lunar.client.util#part3	Util2	com/moonsworth/lunar/client/util/Util2.java
03	com.moonsworth.lunar.client.util#part3	Util_2	com/moonsworth/lunar/client/util/Util_2.java
04	com.moonsworth.lunar.bridge#part1	Bridge_18	com/moonsworth/lunar/bridge/Bridge_18.java
04	com.moonsworth.lunar.bridge#part1	Bridge_22	com/moonsworth/lunar/bridge/Bridge_22.java
04	com.moonsworth.lunar.bridge#part1	Bridge_23	com/moonsworth/lunar/bridge/Bridge_23.java
04	com.moonsworth.lunar.bridge#part1	Bridge_24	com/moonsworth/lunar/bridge/Bridge_24.java
04	com.moonsworth.lunar.bridge#part1	Bridge_25	com/moonsworth/lunar/bridge/Bridge_25.java
04	com.moonsworth.lunar.bridge#part1	Bridge_26	com/moonsworth/lunar/bridge/Bridge_26.java
04	com.moonsworth.lunar.bridge#part1	Bridge_27	com/moonsworth/lunar/bridge/Bridge_27.java
04	com.moonsworth.lunar.bridge#part1	Bridge_28	com/moonsworth/lunar/bridge/Bridge_28.java
04	com.moonsworth.lunar.bridge#part1	Bridge_29	com/moonsworth/lunar/bridge/Bridge_29.java
04	com.moonsworth.lunar.bridge#part1	Bridge_3	com/moonsworth/lunar/bridge/Bridge_3.java
04	com.moonsworth.lunar.bridge#part1	Bridge_30	com/moonsworth/lunar/bridge/Bridge_30.java
04	com.moonsworth.lunar.bridge#part1	Bridge_32	com/moonsworth/lunar/bridge/Bridge_32.java
04	com.moonsworth.lunar.bridge#part1	Bridge_33	com/moonsworth/lunar/bridge/Bridge_33.java
04	com.moonsworth.lunar.bridge#part1	Bridge_34	com/moonsworth/lunar/bridge/Bridge_34.java
04	com.moonsworth.lunar.bridge#part1	Bridge_35	com/moonsworth/lunar/bridge/Bridge_35.java
04	com.moonsworth.lunar.bridge#part1	Bridge_36	com/moonsworth/lunar/bridge/Bridge_36.java
04	com.moonsworth.lunar.bridge#part1	Bridge_37	com/moonsworth/lunar/bridge/Bridge_37.java
04	com.moonsworth.lunar.bridge#part1	Bridge_38	com/moonsworth/lunar/bridge/Bridge_38.java
04	com.moonsworth.lunar.bridge#part1	Bridge_39	com/moonsworth/lunar/bridge/Bridge_39.java
04	com.moonsworth.lunar.bridge#part1	Bridge_4	com/moonsworth/lunar/bridge/Bridge_4.java
04	com.moonsworth.lunar.bridge#part1	Bridge_40	com/moonsworth/lunar/bridge/Bridge_40.java
04	com.moonsworth.lunar.bridge#part1	Bridge_42	com/moonsworth/lunar/bridge/Bridge_42.java
04	com.moonsworth.lunar.bridge#part1	Bridge_43	com/moonsworth/lunar/bridge/Bridge_43.java
04	com.moonsworth.lunar.bridge#part1	Bridge_44	com/moonsworth/lunar/bridge/Bridge_44.java
04	com.moonsworth.lunar.bridge#part1	Bridge_45	com/moonsworth/lunar/bridge/Bridge_45.java
04	com.moonsworth.lunar.bridge#part1	Bridge_46	com/moonsworth/lunar/bridge/Bridge_46.java
04	com.moonsworth.lunar.bridge#part1	Bridge_47	com/moonsworth/lunar/bridge/Bridge_47.java
04	com.moonsworth.lunar.bridge#part1	Bridge_48	com/moonsworth/lunar/bridge/Bridge_48.java
04	com.moonsworth.lunar.bridge#part1	Bridge_49	com/moonsworth/lunar/bridge/Bridge_49.java
04	com.moonsworth.lunar.bridge#part1	Bridge_5	com/moonsworth/lunar/bridge/Bridge_5.java
04	com.moonsworth.lunar.bridge#part1	Bridge_50	com/moonsworth/lunar/bridge/Bridge_50.java
04	com.moonsworth.lunar.bridge#part1	Bridge_51	com/moonsworth/lunar/bridge/Bridge_51.java
04	com.moonsworth.lunar.bridge#part1	Bridge_52	com/moonsworth/lunar/bridge/Bridge_52.java
04	com.moonsworth.lunar.bridge#part1	Bridge_53	com/moonsworth/lunar/bridge/Bridge_53.java
04	com.moonsworth.lunar.bridge#part1	Bridge_54	com/moonsworth/lunar/bridge/Bridge_54.java
04	com.moonsworth.lunar.bridge#part1	Bridge_55	com/moonsworth/lunar/bridge/Bridge_55.java
04	com.moonsworth.lunar.bridge#part1	Bridge_56	com/moonsworth/lunar/bridge/Bridge_56.java
04	com.moonsworth.lunar.bridge#part1	Bridge_57	com/moonsworth/lunar/bridge/Bridge_57.java
04	com.moonsworth.lunar.bridge#part1	Bridge_58	com/moonsworth/lunar/bridge/Bridge_58.java
04	com.moonsworth.lunar.bridge#part1	Bridge_59	com/moonsworth/lunar/bridge/Bridge_59.java
04	com.moonsworth.lunar.bridge#part1	Bridge_6	com/moonsworth/lunar/bridge/Bridge_6.java
04	com.moonsworth.lunar.bridge#part1	Bridge_61	com/moonsworth/lunar/bridge/Bridge_61.java
04	com.moonsworth.lunar.bridge#part1	Bridge_62	com/moonsworth/lunar/bridge/Bridge_62.java
04	com.moonsworth.lunar.bridge#part1	Bridge_63	com/moonsworth/lunar/bridge/Bridge_63.java
04	com.moonsworth.lunar.bridge#part1	Bridge_64	com/moonsworth/lunar/bridge/Bridge_64.java
04	com.moonsworth.lunar.bridge#part1	Bridge_65	com/moonsworth/lunar/bridge/Bridge_65.java
04	com.moonsworth.lunar.bridge#part1	Bridge_66	com/moonsworth/lunar/bridge/Bridge_66.java
04	com.moonsworth.lunar.bridge#part1	Bridge_68	com/moonsworth/lunar/bridge/Bridge_68.java
04	com.moonsworth.lunar.bridge#part1	Bridge_69	com/moonsworth/lunar/bridge/Bridge_69.java
04	com.moonsworth.lunar.bridge#part1	Bridge_7	com/moonsworth/lunar/bridge/Bridge_7.java
05	com.moonsworth.lunar.bridge#part2	Bridge_70	com/moonsworth/lunar/bridge/Bridge_70.java
05	com.moonsworth.lunar.bridge#part2	Bridge_8	com/moonsworth/lunar/bridge/Bridge_8.java
05	com.moonsworth.lunar.bridge#part2	Bridge_9	com/moonsworth/lunar/bridge/Bridge_9.java
05	com.moonsworth.lunar.bridge#part2	Extension2	com/moonsworth/lunar/bridge/RenderSystemBridge.java
05	com.moonsworth.lunar.bridge#part2	MixinHelper10	com/moonsworth/lunar/bridge/MixinHelper10.java
05	com.moonsworth.lunar.bridge#part2	MixinHelper11	com/moonsworth/lunar/bridge/MixinHelper11.java
05	com.moonsworth.lunar.bridge#part2	MixinHelper12	com/moonsworth/lunar/bridge/MixinHelper12.java
05	com.moonsworth.lunar.bridge#part2	MixinHelper13	com/moonsworth/lunar/bridge/MixinHelper13.java
05	com.moonsworth.lunar.bridge#part2	MixinHelper14	com/moonsworth/lunar/bridge/MixinHelper14.java
05	com.moonsworth.lunar.bridge#part2	MixinHelper15	com/moonsworth/lunar/bridge/MixinHelper15.java
05	com.moonsworth.lunar.bridge#part2	MixinHelper16	com/moonsworth/lunar/bridge/MixinHelper16.java
05	com.moonsworth.lunar.bridge#part2	MixinHelper17	com/moonsworth/lunar/bridge/MixinHelper17.java
05	com.moonsworth.lunar.bridge#part2	MixinHelper18	com/moonsworth/lunar/bridge/MixinHelper18.java
05	com.moonsworth.lunar.bridge#part2	MixinHelper19	com/moonsworth/lunar/bridge/MixinHelper19.java
05	com.moonsworth.lunar.bridge#part2	MixinHelper2	com/moonsworth/lunar/bridge/MixinHelper2.java
05	com.moonsworth.lunar.bridge#part2	MixinHelper20	com/moonsworth/lunar/bridge/MixinHelper20.java
05	com.moonsworth.lunar.bridge#part2	MixinHelper21	com/moonsworth/lunar/bridge/MixinHelper21.java
05	com.moonsworth.lunar.bridge#part2	MixinHelper22	com/moonsworth/lunar/bridge/MixinHelper22.java
05	com.moonsworth.lunar.bridge#part2	MixinHelper22_2	com/moonsworth/lunar/bridge/MixinHelper22_2.java
05	com.moonsworth.lunar.bridge#part2	MixinHelper23	com/moonsworth/lunar/bridge/MixinHelper23.java
05	com.moonsworth.lunar.bridge#part2	MixinHelper24	com/moonsworth/lunar/bridge/MixinHelper24.java
05	com.moonsworth.lunar.bridge#part2	MixinHelper25	com/moonsworth/lunar/bridge/MixinHelper25.java
05	com.moonsworth.lunar.bridge#part2	MixinHelper26	com/moonsworth/lunar/bridge/MixinHelper26.java
05	com.moonsworth.lunar.bridge#part2	MixinHelper27	com/moonsworth/lunar/bridge/MixinHelper27.java
05	com.moonsworth.lunar.bridge#part2	MixinHelper28	com/moonsworth/lunar/bridge/MixinHelper28.java
05	com.moonsworth.lunar.bridge#part2	MixinHelper29	com/moonsworth/lunar/bridge/MixinHelper29.java
05	com.moonsworth.lunar.bridge#part2	MixinHelper2_10	com/moonsworth/lunar/bridge/MixinHelper2_10.java
05	com.moonsworth.lunar.bridge#part2	MixinHelper2_11	com/moonsworth/lunar/bridge/MixinHelper2_11.java
05	com.moonsworth.lunar.bridge#part2	MixinHelper2_12	com/moonsworth/lunar/bridge/MixinHelper2_12.java
05	com.moonsworth.lunar.bridge#part2	MixinHelper2_13	com/moonsworth/lunar/bridge/MixinHelper2_13.java
05	com.moonsworth.lunar.bridge#part2	MixinHelper2_2	com/moonsworth/lunar/bridge/MixinHelper2_2.java
05	com.moonsworth.lunar.bridge#part2	MixinHelper2_3	com/moonsworth/lunar/bridge/MixinHelper2_3.java
05	com.moonsworth.lunar.bridge#part2	MixinHelper2_4	com/moonsworth/lunar/bridge/MixinHelper2_4.java
05	com.moonsworth.lunar.bridge#part2	MixinHelper2_7	com/moonsworth/lunar/bridge/MixinHelper2_7.java
05	com.moonsworth.lunar.bridge#part2	MixinHelper_15	com/moonsworth/lunar/bridge/MixinHelper_15.java
05	com.moonsworth.lunar.bridge#part2	MixinHelper_16	com/moonsworth/lunar/bridge/MixinHelper_16.java
05	com.moonsworth.lunar.bridge#part2	MixinHelper_17	com/moonsworth/lunar/bridge/MixinHelper_17.java
05	com.moonsworth.lunar.bridge#part2	MixinHelper_18	com/moonsworth/lunar/bridge/MixinHelper_18.java
05	com.moonsworth.lunar.bridge#part2	MixinHelper_19	com/moonsworth/lunar/bridge/MixinHelper_19.java
05	com.moonsworth.lunar.bridge#part2	MixinHelper_2	com/moonsworth/lunar/bridge/MixinHelper_2.java
05	com.moonsworth.lunar.bridge#part2	MixinHelper_20	com/moonsworth/lunar/bridge/MixinHelper_20.java
05	com.moonsworth.lunar.bridge#part2	MixinHelper_21	com/moonsworth/lunar/bridge/MixinHelper_21.java
05	com.moonsworth.lunar.bridge#part2	MixinHelper_3	com/moonsworth/lunar/bridge/MixinHelper_3.java
05	com.moonsworth.lunar.bridge#part2	MixinHelper_4	com/moonsworth/lunar/bridge/MixinHelper_4.java
05	com.moonsworth.lunar.bridge#part2	MixinHelper_5	com/moonsworth/lunar/bridge/MixinHelper_5.java
05	com.moonsworth.lunar.bridge#part2	MixinHelper_6	com/moonsworth/lunar/bridge/MixinHelper_6.java
05	com.moonsworth.lunar.bridge#part2	MixinHelper_7	com/moonsworth/lunar/bridge/MixinHelper_7.java
05	com.moonsworth.lunar.bridge#part2	MixinHelper_8	com/moonsworth/lunar/bridge/MixinHelper_8.java
05	com.moonsworth.lunar.bridge#part2	MixinHelper_9	com/moonsworth/lunar/bridge/MixinHelper_9.java
06	com.moonsworth.lunar.legacy.mixin#part1	AbstractClientPlayerMixin3	com/moonsworth/lunar/legacy/mixin/AbstractClientPlayerMixin3.java
06	com.moonsworth.lunar.legacy.mixin#part1	AbstractTextureMixin2	com/moonsworth/lunar/legacy/mixin/AbstractTextureMixin2.java
06	com.moonsworth.lunar.legacy.mixin#part1	AbstractTextureMixin3	com/moonsworth/lunar/legacy/mixin/AbstractTextureMixin3.java
06	com.moonsworth.lunar.legacy.mixin#part1	AxisAlignedBBMixin2	com/moonsworth/lunar/legacy/mixin/AxisAlignedBBMixin2.java
06	com.moonsworth.lunar.legacy.mixin#part1	BlockMixin2	com/moonsworth/lunar/legacy/mixin/BlockMixin2.java
06	com.moonsworth.lunar.legacy.mixin#part1	BlockModelRendererMixin2	com/moonsworth/lunar/legacy/mixin/BlockModelRendererMixin2.java
06	com.moonsworth.lunar.legacy.mixin#part1	ChunkMixin2	com/moonsworth/lunar/legacy/mixin/ChunkMixin2.java
06	com.moonsworth.lunar.legacy.mixin#part1	ComponentTransformableExtension2	com/moonsworth/lunar/legacy/mixin/ComponentTransformableExtension2.java
06	com.moonsworth.lunar.legacy.mixin#part1	CrashReportMixin2	com/moonsworth/lunar/legacy/mixin/CrashReportMixin2.java
06	com.moonsworth.lunar.legacy.mixin#part1	EffectRendererMixin2	com/moonsworth/lunar/legacy/mixin/EffectRendererMixin2.java
06	com.moonsworth.lunar.legacy.mixin#part1	EntityArmorStandMixin2	com/moonsworth/lunar/legacy/mixin/EntityArmorStandMixin2.java
06	com.moonsworth.lunar.legacy.mixin#part1	EntityLivingBaseMixin2	com/moonsworth/lunar/legacy/mixin/EntityLivingBaseMixin2.java
06	com.moonsworth.lunar.legacy.mixin#part1	EntityPlayerMixin2	com/moonsworth/lunar/legacy/mixin/EntityPlayerMixin2.java
06	com.moonsworth.lunar.legacy.mixin#part1	EntityPlayerMixin3	com/moonsworth/lunar/legacy/mixin/EntityPlayerMixin3.java
06	com.moonsworth.lunar.legacy.mixin#part1	EntityPlayerSPMixin2	com/moonsworth/lunar/legacy/mixin/EntityPlayerSPMixin2.java
06	com.moonsworth.lunar.legacy.mixin#part1	EntityRendererMixin3	com/moonsworth/lunar/legacy/mixin/EntityRendererMixin3.java
06	com.moonsworth.lunar.legacy.mixin#part1	EnumChatFormattingMixin2	com/moonsworth/lunar/legacy/mixin/EnumChatFormattingMixin2.java
06	com.moonsworth.lunar.legacy.mixin#part1	FontRendererMixin2	com/moonsworth/lunar/legacy/mixin/FontRendererMixin2.java
06	com.moonsworth.lunar.legacy.mixin#part1	GameSettingsMixin2	com/moonsworth/lunar/legacy/mixin/GameSettingsMixin2.java
06	com.moonsworth.lunar.legacy.mixin#part1	GuiButtonMixin2	com/moonsworth/lunar/legacy/mixin/GuiButtonMixin2.java
06	com.moonsworth.lunar.legacy.mixin#part1	GuiChatMixin3	com/moonsworth/lunar/legacy/mixin/GuiChatMixin3.java
06	com.moonsworth.lunar.legacy.mixin#part1	GuiConfirmOpenLinkMixin2	com/moonsworth/lunar/legacy/mixin/GuiConfirmOpenLinkMixin2.java
06	com.moonsworth.lunar.legacy.mixin#part1	GuiConnectingMixin2	com/moonsworth/lunar/legacy/mixin/GuiConnectingMixin2.java
06	com.moonsworth.lunar.legacy.mixin#part1	GuiEditSignMixin2	com/moonsworth/lunar/legacy/mixin/GuiEditSignMixin2.java
06	com.moonsworth.lunar.legacy.mixin#part1	GuiErrorScreenMixin2	com/moonsworth/lunar/legacy/mixin/GuiErrorScreenMixin2.java
06	com.moonsworth.lunar.legacy.mixin#part1	GuiIngameMixin22	com/moonsworth/lunar/legacy/mixin/GuiIngameMixin22.java
06	com.moonsworth.lunar.legacy.mixin#part1	GuiMainMenuMixin2	com/moonsworth/lunar/legacy/mixin/GuiMainMenuMixin2.java
06	com.moonsworth.lunar.legacy.mixin#part1	GuiMultiplayerMixin2	com/moonsworth/lunar/legacy/mixin/GuiMultiplayerMixin2.java
06	com.moonsworth.lunar.legacy.mixin#part1	GuiNewChatMixin2	com/moonsworth/lunar/legacy/mixin/GuiNewChatMixin2.java
06	com.moonsworth.lunar.legacy.mixin#part1	GuiPlayerTabOverlayMixin2	com/moonsworth/lunar/legacy/mixin/GuiPlayerTabOverlayMixin2.java
06	com.moonsworth.lunar.legacy.mixin#part1	GuiScreenMixin3	com/moonsworth/lunar/legacy/mixin/GuiScreenMixin3.java
06	com.moonsworth.lunar.legacy.mixin#part1	GuiSlotMixin2	com/moonsworth/lunar/legacy/mixin/GuiSlotMixin2.java
06	com.moonsworth.lunar.legacy.mixin#part1	GuiYesNoMixin2	com/moonsworth/lunar/legacy/mixin/GuiYesNoMixin2.java
06	com.moonsworth.lunar.legacy.mixin#part1	IChatComponentMixin2	com/moonsworth/lunar/legacy/mixin/IChatComponentMixin2.java
06	com.moonsworth.lunar.legacy.mixin#part1	InventoryPlayerMixin2	com/moonsworth/lunar/legacy/mixin/InventoryPlayerMixin2.java
06	com.moonsworth.lunar.legacy.mixin#part1	ItemMixin2	com/moonsworth/lunar/legacy/mixin/ItemMixin2.java
06	com.moonsworth.lunar.legacy.mixin#part1	ItemPotionMixin2	com/moonsworth/lunar/legacy/mixin/ItemPotionMixin2.java
06	com.moonsworth.lunar.legacy.mixin#part1	ItemStackMixin3	com/moonsworth/lunar/legacy/mixin/ItemStackMixin3.java
06	com.moonsworth.lunar.legacy.mixin#part1	KeyBindingMixin2	com/moonsworth/lunar/legacy/mixin/KeyBindingMixin2.java
06	com.moonsworth.lunar.legacy.mixin#part1	LayerArmorBaseMixin2	com/moonsworth/lunar/legacy/mixin/LayerArmorBaseMixin2.java
06	com.moonsworth.lunar.legacy.mixin#part1	MinecraftMixin3	com/moonsworth/lunar/legacy/mixin/MinecraftMixin3.java
06	com.moonsworth.lunar.legacy.mixin#part1	MinecraftMixin4	com/moonsworth/lunar/legacy/mixin/MinecraftMixin4.java
06	com.moonsworth.lunar.legacy.mixin#part1	ModelBakeryMixin2	com/moonsworth/lunar/legacy/mixin/ModelBakeryMixin2.java
06	com.moonsworth.lunar.legacy.mixin#part1	ModelBipedMixin2	com/moonsworth/lunar/legacy/mixin/ModelBipedMixin2.java
06	com.moonsworth.lunar.legacy.mixin#part1	ModelPlayerMixin2	com/moonsworth/lunar/legacy/mixin/ModelPlayerMixin2.java
06	com.moonsworth.lunar.legacy.mixin#part1	ModelRendererMixin2	com/moonsworth/lunar/legacy/mixin/ModelRendererMixin2.java
06	com.moonsworth.lunar.legacy.mixin#part1	PotionEffectMixin2	com/moonsworth/lunar/legacy/mixin/PotionEffectMixin2.java
06	com.moonsworth.lunar.legacy.mixin#part1	RenderEntityItemMixin2	com/moonsworth/lunar/legacy/mixin/RenderEntityItemMixin2.java
06	com.moonsworth.lunar.legacy.mixin#part1	RenderGlobalMixin2	com/moonsworth/lunar/legacy/mixin/RenderGlobalMixin2.java
06	com.moonsworth.lunar.legacy.mixin#part1	RenderGlobalMixin3	com/moonsworth/lunar/legacy/mixin/RenderGlobalMixin3.java
07	com.moonsworth.lunar.legacy.mixin#part2	RenderItemMixin3	com/moonsworth/lunar/legacy/mixin/RenderItemMixin3.java
07	com.moonsworth.lunar.legacy.mixin#part2	RenderPlayerMixin2	com/moonsworth/lunar/legacy/mixin/RenderPlayerMixin2.java
07	com.moonsworth.lunar.legacy.mixin#part2	RenderPlayerMixin3	com/moonsworth/lunar/legacy/mixin/RenderPlayerMixin3.java
07	com.moonsworth.lunar.legacy.mixin#part2	RendererLivingEntityMixin2	com/moonsworth/lunar/legacy/mixin/RendererLivingEntityMixin2.java
07	com.moonsworth.lunar.legacy.mixin#part2	RendererLivingEntityMixin3	com/moonsworth/lunar/legacy/mixin/RendererLivingEntityMixin3.java
07	com.moonsworth.lunar.legacy.mixin#part2	ResourcePackRepositoryMixin2	com/moonsworth/lunar/legacy/mixin/ResourcePackRepositoryMixin2.java
07	com.moonsworth.lunar.legacy.mixin#part2	ScoreboardMixin2	com/moonsworth/lunar/legacy/mixin/ScoreboardMixin2.java
07	com.moonsworth.lunar.legacy.mixin#part2	ScoreboardMixin3	com/moonsworth/lunar/legacy/mixin/ScoreboardMixin3.java
07	com.moonsworth.lunar.legacy.mixin#part2	ServerListEntryNormalMixin2	com/moonsworth/lunar/legacy/mixin/ServerListEntryNormalMixin2.java
07	com.moonsworth.lunar.legacy.mixin#part2	ServerListEntryNormalMixin3	com/moonsworth/lunar/legacy/mixin/ServerListEntryNormalMixin3.java
07	com.moonsworth.lunar.legacy.mixin#part2	ServerPingerMixin2	com/moonsworth/lunar/legacy/mixin/ServerPingerMixin2.java
07	com.moonsworth.lunar.legacy.mixin#part2	ShaderGroupMixin2	com/moonsworth/lunar/legacy/mixin/ShaderGroupMixin2.java
07	com.moonsworth.lunar.legacy.mixin#part2	ShaderMixin2	com/moonsworth/lunar/legacy/mixin/ShaderMixin2.java
07	com.moonsworth.lunar.legacy.mixin#part2	SkinManagerMixin2	com/moonsworth/lunar/legacy/mixin/SkinManagerMixin2.java
07	com.moonsworth.lunar.legacy.mixin#part2	StatFileWriter2	com/moonsworth/lunar/legacy/mixin/StatFileWriter2.java
07	com.moonsworth.lunar.legacy.mixin#part2	StatFileWriter3	com/moonsworth/lunar/legacy/mixin/StatFileWriter3.java
07	com.moonsworth.lunar.legacy.mixin#part2	TextureMapMixin2	com/moonsworth/lunar/legacy/mixin/TextureMapMixin2.java
07	com.moonsworth.lunar.legacy.mixin#part2	TextureMapMixin3	com/moonsworth/lunar/legacy/mixin/TextureMapMixin3.java
07	com.moonsworth.lunar.legacy.mixin#part2	ThreadDownloadImageDataMixin2	com/moonsworth/lunar/legacy/mixin/ThreadDownloadImageDataMixin2.java
07	com.moonsworth.lunar.legacy.mixin#part2	TileEntitySkullRendererMixin2	com/moonsworth/lunar/legacy/mixin/TileEntitySkullRendererMixin2.java
07	com.moonsworth.lunar.legacy.mixin#part2	TimerMixin2	com/moonsworth/lunar/legacy/mixin/TimerMixin2.java
07	com.moonsworth.lunar.legacy.mixin#part2	WorldMixin2	com/moonsworth/lunar/legacy/mixin/WorldMixin2.java
07	com.moonsworth.lunar.legacy.mixin#part2	WorldMixin3	com/moonsworth/lunar/legacy/mixin/WorldMixin3.java
07	com.moonsworth.lunar.legacy.mixin#part2	WorldMixin4	com/moonsworth/lunar/legacy/mixin/WorldMixin4.java
08	com.moonsworth.lunar.ichor	Annotation10	com/moonsworth/lunar/ichor/Annotation10.java
08	com.moonsworth.lunar.ichor	Annotation11	com/moonsworth/lunar/ichor/Annotation11.java
08	com.moonsworth.lunar.ichor	Annotation12	com/moonsworth/lunar/ichor/Annotation12.java
08	com.moonsworth.lunar.ichor	Annotation13	com/moonsworth/lunar/ichor/Annotation13.java
08	com.moonsworth.lunar.ichor	Annotation2	com/moonsworth/lunar/ichor/Annotation2.java
08	com.moonsworth.lunar.ichor	Annotation3	com/moonsworth/lunar/ichor/Annotation3.java
08	com.moonsworth.lunar.ichor	Annotation4	com/moonsworth/lunar/ichor/Annotation4.java
08	com.moonsworth.lunar.ichor	Annotation5	com/moonsworth/lunar/ichor/Annotation5.java
08	com.moonsworth.lunar.ichor	Annotation6	com/moonsworth/lunar/ichor/Annotation6.java
08	com.moonsworth.lunar.ichor	Annotation7	com/moonsworth/lunar/ichor/Annotation7.java
08	com.moonsworth.lunar.ichor	Annotation8	com/moonsworth/lunar/ichor/Annotation8.java
08	com.moonsworth.lunar.ichor	Annotation9	com/moonsworth/lunar/ichor/Annotation9.java
08	com.moonsworth.lunar.ichor	Annotation_2	com/moonsworth/lunar/ichor/Annotation_2.java
08	com.moonsworth.lunar.ichor	Data2	com/moonsworth/lunar/ichor/ClassNodeRemapper.java
08	com.moonsworth.lunar.ichor	Data2	com/moonsworth/lunar/ichor/Ichor2Iterator.java
08	com.moonsworth.lunar.ichor	Data2	com/moonsworth/lunar/ichor/IchorTransformer.java
08	com.moonsworth.lunar.ichor	Data2	com/moonsworth/lunar/ichor/MixinTargetRemapper.java
08	com.moonsworth.lunar.ichor	Data3	com/moonsworth/lunar/ichor/ClassNodeRemapper.java
08	com.moonsworth.lunar.ichor	Data3	com/moonsworth/lunar/ichor/IchorTransformer.java
08	com.moonsworth.lunar.ichor	Data31	com/moonsworth/lunar/ichor/RemapTransformInvoker.java
08	com.moonsworth.lunar.ichor	Data4	com/moonsworth/lunar/ichor/ClassNodeRemapper.java
08	com.moonsworth.lunar.ichor	Data4	com/moonsworth/lunar/ichor/Ichor2Iterator.java
08	com.moonsworth.lunar.ichor	Data5	com/moonsworth/lunar/ichor/ClassNodeRemapper.java
08	com.moonsworth.lunar.ichor	Data5	com/moonsworth/lunar/ichor/Ichor2Iterator.java
08	com.moonsworth.lunar.ichor	Ichor3	com/moonsworth/lunar/ichor/Ichor3.java
08	com.moonsworth.lunar.ichor	Ichor4	com/moonsworth/lunar/ichor/Ichor4.java
08	com.moonsworth.lunar.ichor	Ichor5	com/moonsworth/lunar/ichor/Ichor5.java
08	com.moonsworth.lunar.ichor	InheritanceProvider2	com/moonsworth/lunar/ichor/InheritanceProvider2.java
08	com.moonsworth.lunar.ichor	MixinExtra2	com/moonsworth/lunar/ichor/MixinExtra2.java
08	com.moonsworth.lunar.ichor	MixinHelper2_2	com/moonsworth/lunar/ichor/MixinHelper2_2.java
08	com.moonsworth.lunar.ichor	MixinHelper2_3	com/moonsworth/lunar/ichor/MixinHelper2_3.java
08	com.moonsworth.lunar.ichor	MixinHelper3_2	com/moonsworth/lunar/ichor/MixinHelper3_2.java
08	com.moonsworth.lunar.ichor	MixinHelper4_2	com/moonsworth/lunar/ichor/MixinHelper4_2.java
08	com.moonsworth.lunar.ichor	MixinHelper7	com/moonsworth/lunar/ichor/MixinHelper7.java
08	com.moonsworth.lunar.ichor	MixinHelper_2	com/moonsworth/lunar/ichor/MixinHelper_2.java
08	com.moonsworth.lunar.ichor	MixinHelper_3	com/moonsworth/lunar/ichor/MixinHelper_3.java
08	com.moonsworth.lunar.ichor	MixinInternal2	com/moonsworth/lunar/ichor/MixinInternal2.java
08	com.moonsworth.lunar.ichor	MixinInternal3	com/moonsworth/lunar/ichor/MixinInternal3.java
08	com.moonsworth.lunar.ichor	MixinLegacy2	com/moonsworth/lunar/ichor/MixinLegacy2.java
08	com.moonsworth.lunar.ichor	MixinMisc2	com/moonsworth/lunar/ichor/MixinMisc2.java
08	com.moonsworth.lunar.ichor	MixinMisc4	com/moonsworth/lunar/ichor/MixinMisc4.java
08	com.moonsworth.lunar.ichor	MixinMisc5	com/moonsworth/lunar/ichor/MixinMisc5.java
08	com.moonsworth.lunar.ichor	RemapperIterator2	com/moonsworth/lunar/ichor/RemapperIterator2.java
08	com.moonsworth.lunar.ichor	Type2	com/moonsworth/lunar/ichor/InnerClassRenameInfo.java
08	com.moonsworth.lunar.ichor	Type2	com/moonsworth/lunar/ichor/MixinTargetRemapper.java
09	com.moonsworth.lunar.client.framework.feature.mod.fishing.holograms	Data2	com/moonsworth/lunar/client/framework/feature/mod/fishing/holograms/Holograms6.java
09	com.moonsworth.lunar.client.framework.feature.mod.fishing.holograms	Gui2Extension2	com/moonsworth/lunar/client/framework/feature/mod/fishing/holograms/Gui2Extension2.java
09	com.moonsworth.lunar.client.framework.feature.mod.fishing.holograms	Gui2Extension3	com/moonsworth/lunar/client/framework/feature/mod/fishing/holograms/Gui2Extension3.java
09	com.moonsworth.lunar.client.framework.feature.mod.fishing.holograms	Gui2Extension4	com/moonsworth/lunar/client/framework/feature/mod/fishing/holograms/Gui2Extension4.java
09	com.moonsworth.lunar.client.framework.feature.mod.fishing.holograms	Gui2Extension5	com/moonsworth/lunar/client/framework/feature/mod/fishing/holograms/Gui2Extension5.java
09	com.moonsworth.lunar.client.framework.feature.mod.fishing.holograms	Gui2Extension6	com/moonsworth/lunar/client/framework/feature/mod/fishing/holograms/Gui2Extension6.java
09	com.moonsworth.lunar.client.framework.feature.mod.fishing.holograms	Gui2Extension7	com/moonsworth/lunar/client/framework/feature/mod/fishing/holograms/Gui2Extension7.java
09	com.moonsworth.lunar.client.framework.feature.mod.fishing.holograms	Holograms10	com/moonsworth/lunar/client/framework/feature/mod/fishing/holograms/Holograms10.java
09	com.moonsworth.lunar.client.framework.feature.mod.fishing.holograms	Holograms11	com/moonsworth/lunar/client/framework/feature/mod/fishing/holograms/Holograms11.java
09	com.moonsworth.lunar.client.framework.feature.mod.fishing.holograms	Holograms12	com/moonsworth/lunar/client/framework/feature/mod/fishing/holograms/Holograms12.java
09	com.moonsworth.lunar.client.framework.feature.mod.fishing.holograms	Holograms2	com/moonsworth/lunar/client/framework/feature/mod/fishing/holograms/Holograms2.java
09	com.moonsworth.lunar.client.framework.feature.mod.fishing.holograms	Holograms3	com/moonsworth/lunar/client/framework/feature/mod/fishing/holograms/Holograms3.java
09	com.moonsworth.lunar.client.framework.feature.mod.fishing.holograms	Holograms4	com/moonsworth/lunar/client/framework/feature/mod/fishing/holograms/Holograms4.java
09	com.moonsworth.lunar.client.framework.feature.mod.fishing.holograms	Holograms5	com/moonsworth/lunar/client/framework/feature/mod/fishing/holograms/Holograms5.java
09	com.moonsworth.lunar.client.framework.feature.mod.fishing.holograms	Holograms6	com/moonsworth/lunar/client/framework/feature/mod/fishing/holograms/Holograms6.java
09	com.moonsworth.lunar.client.framework.feature.mod.fishing.holograms	Holograms7	com/moonsworth/lunar/client/framework/feature/mod/fishing/holograms/Holograms7.java
09	com.moonsworth.lunar.client.framework.feature.mod.fishing.holograms	Holograms8	com/moonsworth/lunar/client/framework/feature/mod/fishing/holograms/Holograms8.java
09	com.moonsworth.lunar.client.framework.feature.mod.fishing.holograms	Holograms9	com/moonsworth/lunar/client/framework/feature/mod/fishing/holograms/Holograms9.java
09	com.moonsworth.lunar.client.framework.feature.mod.fishing.holograms	HologramsType2	com/moonsworth/lunar/client/framework/feature/mod/fishing/holograms/HologramsType2.java
09	com.moonsworth.lunar.client.framework.feature.mod.fishing.holograms	HologramsType3	com/moonsworth/lunar/client/framework/feature/mod/fishing/holograms/HologramsType3.java
09	com.moonsworth.lunar.client.framework.feature.mod.fishing.holograms	HologramsType4	com/moonsworth/lunar/client/framework/feature/mod/fishing/holograms/HologramsType4.java
09	com.moonsworth.lunar.client.framework.feature.mod.fishing.holograms	HologramsType5	com/moonsworth/lunar/client/framework/feature/mod/fishing/holograms/HologramsType5.java
09	com.moonsworth.lunar.client.framework.feature.mod.fishing.holograms	HologramsType6	com/moonsworth/lunar/client/framework/feature/mod/fishing/holograms/HologramsType6.java
09	com.moonsworth.lunar.client.framework.feature.mod.fishing.holograms	HologramsType7	com/moonsworth/lunar/client/framework/feature/mod/fishing/holograms/HologramsType7.java
09	com.moonsworth.lunar.client.framework.feature.mod.fishing.holograms	HologramsType8	com/moonsworth/lunar/client/framework/feature/mod/fishing/holograms/HologramsType8.java
09	com.moonsworth.lunar.client.framework.feature.mod.fishing.holograms	HologramsType9	com/moonsworth/lunar/client/framework/feature/mod/fishing/holograms/HologramsType9.java
09	com.moonsworth.lunar.client.framework.feature.mod.fishing.holograms	HologramsType_2	com/moonsworth/lunar/client/framework/feature/mod/fishing/holograms/HologramsType_2.java
09	com.moonsworth.lunar.client.framework.feature.mod.fishing.holograms	HologramsType_3	com/moonsworth/lunar/client/framework/feature/mod/fishing/holograms/HologramsType_3.java
09	com.moonsworth.lunar.client.framework.feature.mod.fishing.holograms	Holograms_10	com/moonsworth/lunar/client/framework/feature/mod/fishing/holograms/Holograms_10.java
09	com.moonsworth.lunar.client.framework.feature.mod.fishing.holograms	Holograms_11	com/moonsworth/lunar/client/framework/feature/mod/fishing/holograms/Holograms_11.java
09	com.moonsworth.lunar.client.framework.feature.mod.fishing.holograms	Holograms_2	com/moonsworth/lunar/client/framework/feature/mod/fishing/holograms/Holograms_2.java
09	com.moonsworth.lunar.client.framework.feature.mod.fishing.holograms	Holograms_3	com/moonsworth/lunar/client/framework/feature/mod/fishing/holograms/Holograms_3.java
09	com.moonsworth.lunar.client.framework.feature.mod.fishing.holograms	Holograms_4	com/moonsworth/lunar/client/framework/feature/mod/fishing/holograms/Holograms_4.java
09	com.moonsworth.lunar.client.framework.feature.mod.fishing.holograms	Holograms_5	com/moonsworth/lunar/client/framework/feature/mod/fishing/holograms/Holograms_5.java
09	com.moonsworth.lunar.client.framework.feature.mod.fishing.holograms	Holograms_6	com/moonsworth/lunar/client/framework/feature/mod/fishing/holograms/Holograms_6.java
09	com.moonsworth.lunar.client.framework.feature.mod.fishing.holograms	Holograms_7	com/moonsworth/lunar/client/framework/feature/mod/fishing/holograms/Holograms_7.java
09	com.moonsworth.lunar.client.framework.feature.mod.fishing.holograms	Holograms_8	com/moonsworth/lunar/client/framework/feature/mod/fishing/holograms/Holograms_8.java
09	com.moonsworth.lunar.client.framework.feature.mod.fishing.holograms	Holograms_9	com/moonsworth/lunar/client/framework/feature/mod/fishing/holograms/Holograms_9.java
09	com.moonsworth.lunar.client.framework.feature.mod.fishing.holograms	JsonDeserializerIterator2	com/moonsworth/lunar/client/framework/feature/mod/fishing/holograms/JsonDeserializerIterator2.java
09	com.moonsworth.lunar.client.framework.feature.mod.fishing.holograms	Type2	com/moonsworth/lunar/client/framework/feature/mod/fishing/holograms/Holograms6.java
10	com.moonsworth.lunar.client.framework.feature.mod.fishing.click+com.moonsworth.lunar.client.framework.feature.markers	Click10	com/moonsworth/lunar/client/framework/feature/mod/fishing/click/Click10.java
10	com.moonsworth.lunar.client.framework.feature.mod.fishing.click+com.moonsworth.lunar.client.framework.feature.markers	Click11	com/moonsworth/lunar/client/framework/feature/mod/fishing/click/Click11.java
10	com.moonsworth.lunar.client.framework.feature.mod.fishing.click+com.moonsworth.lunar.client.framework.feature.markers	Click12	com/moonsworth/lunar/client/framework/feature/mod/fishing/click/Click12.java
10	com.moonsworth.lunar.client.framework.feature.mod.fishing.click+com.moonsworth.lunar.client.framework.feature.markers	Click13	com/moonsworth/lunar/client/framework/feature/mod/fishing/click/Click13.java
10	com.moonsworth.lunar.client.framework.feature.mod.fishing.click+com.moonsworth.lunar.client.framework.feature.markers	Click14	com/moonsworth/lunar/client/framework/feature/mod/fishing/click/Click14.java
10	com.moonsworth.lunar.client.framework.feature.mod.fishing.click+com.moonsworth.lunar.client.framework.feature.markers	Click15	com/moonsworth/lunar/client/framework/feature/mod/fishing/click/Click15.java
10	com.moonsworth.lunar.client.framework.feature.mod.fishing.click+com.moonsworth.lunar.client.framework.feature.markers	Click16	com/moonsworth/lunar/client/framework/feature/mod/fishing/click/Click16.java
10	com.moonsworth.lunar.client.framework.feature.mod.fishing.click+com.moonsworth.lunar.client.framework.feature.markers	Click17	com/moonsworth/lunar/client/framework/feature/mod/fishing/click/Click17.java
10	com.moonsworth.lunar.client.framework.feature.mod.fishing.click+com.moonsworth.lunar.client.framework.feature.markers	Click2	com/moonsworth/lunar/client/framework/feature/mod/fishing/click/Click2.java
10	com.moonsworth.lunar.client.framework.feature.mod.fishing.click+com.moonsworth.lunar.client.framework.feature.markers	Click3	com/moonsworth/lunar/client/framework/feature/mod/fishing/click/Click3.java
10	com.moonsworth.lunar.client.framework.feature.mod.fishing.click+com.moonsworth.lunar.client.framework.feature.markers	Click4	com/moonsworth/lunar/client/framework/feature/mod/fishing/click/Click4.java
10	com.moonsworth.lunar.client.framework.feature.mod.fishing.click+com.moonsworth.lunar.client.framework.feature.markers	Click5	com/moonsworth/lunar/client/framework/feature/mod/fishing/click/Click5.java
10	com.moonsworth.lunar.client.framework.feature.mod.fishing.click+com.moonsworth.lunar.client.framework.feature.markers	Click6	com/moonsworth/lunar/client/framework/feature/mod/fishing/click/Click6.java
10	com.moonsworth.lunar.client.framework.feature.mod.fishing.click+com.moonsworth.lunar.client.framework.feature.markers	Click7	com/moonsworth/lunar/client/framework/feature/mod/fishing/click/Click7.java
10	com.moonsworth.lunar.client.framework.feature.mod.fishing.click+com.moonsworth.lunar.client.framework.feature.markers	Click8	com/moonsworth/lunar/client/framework/feature/mod/fishing/click/Click8.java
10	com.moonsworth.lunar.client.framework.feature.mod.fishing.click+com.moonsworth.lunar.client.framework.feature.markers	Click9	com/moonsworth/lunar/client/framework/feature/mod/fishing/click/Click9.java
10	com.moonsworth.lunar.client.framework.feature.mod.fishing.click+com.moonsworth.lunar.client.framework.feature.markers	Data2	com/moonsworth/lunar/client/framework/feature/mod/fishing/click/Click16.java
10	com.moonsworth.lunar.client.framework.feature.mod.fishing.click+com.moonsworth.lunar.client.framework.feature.markers	Data2	com/moonsworth/lunar/client/framework/feature/mod/fishing/click/Click2.java
10	com.moonsworth.lunar.client.framework.feature.mod.fishing.click+com.moonsworth.lunar.client.framework.feature.markers	Data2	com/moonsworth/lunar/client/framework/feature/mod/fishing/click/Click5.java
10	com.moonsworth.lunar.client.framework.feature.mod.fishing.click+com.moonsworth.lunar.client.framework.feature.markers	Data3	com/moonsworth/lunar/client/framework/feature/mod/fishing/click/Click16.java
10	com.moonsworth.lunar.client.framework.feature.mod.fishing.click+com.moonsworth.lunar.client.framework.feature.markers	Data3	com/moonsworth/lunar/client/framework/feature/mod/fishing/click/Click2.java
10	com.moonsworth.lunar.client.framework.feature.mod.fishing.click+com.moonsworth.lunar.client.framework.feature.markers	Data4	com/moonsworth/lunar/client/framework/feature/mod/fishing/click/Click16.java
10	com.moonsworth.lunar.client.framework.feature.mod.fishing.click+com.moonsworth.lunar.client.framework.feature.markers	Data4	com/moonsworth/lunar/client/framework/feature/mod/fishing/click/Click2.java
10	com.moonsworth.lunar.client.framework.feature.mod.fishing.click+com.moonsworth.lunar.client.framework.feature.markers	Data5	com/moonsworth/lunar/client/framework/feature/mod/fishing/click/Click16.java
10	com.moonsworth.lunar.client.framework.feature.mod.fishing.click+com.moonsworth.lunar.client.framework.feature.markers	Data6	com/moonsworth/lunar/client/framework/feature/mod/fishing/click/Click16.java
10	com.moonsworth.lunar.client.framework.feature.mod.fishing.click+com.moonsworth.lunar.client.framework.feature.markers	Data2	com/moonsworth/lunar/client/framework/feature/markers/MarkerModel.java
10	com.moonsworth.lunar.client.framework.feature.mod.fishing.click+com.moonsworth.lunar.client.framework.feature.markers	Data2	com/moonsworth/lunar/client/framework/feature/markers/Markers2.java
10	com.moonsworth.lunar.client.framework.feature.mod.fishing.click+com.moonsworth.lunar.client.framework.feature.markers	Data3	com/moonsworth/lunar/client/framework/feature/markers/MarkerModel.java
10	com.moonsworth.lunar.client.framework.feature.mod.fishing.click+com.moonsworth.lunar.client.framework.feature.markers	Data4	com/moonsworth/lunar/client/framework/feature/markers/MarkerModel.java
10	com.moonsworth.lunar.client.framework.feature.mod.fishing.click+com.moonsworth.lunar.client.framework.feature.markers	Data5	com/moonsworth/lunar/client/framework/feature/markers/MarkerModel.java
10	com.moonsworth.lunar.client.framework.feature.mod.fishing.click+com.moonsworth.lunar.client.framework.feature.markers	Data6	com/moonsworth/lunar/client/framework/feature/markers/MarkerModel.java
10	com.moonsworth.lunar.client.framework.feature.mod.fishing.click+com.moonsworth.lunar.client.framework.feature.markers	Markers10	com/moonsworth/lunar/client/framework/feature/markers/Markers10.java
10	com.moonsworth.lunar.client.framework.feature.mod.fishing.click+com.moonsworth.lunar.client.framework.feature.markers	Markers11	com/moonsworth/lunar/client/framework/feature/markers/Markers11.java
10	com.moonsworth.lunar.client.framework.feature.mod.fishing.click+com.moonsworth.lunar.client.framework.feature.markers	Markers12	com/moonsworth/lunar/client/framework/feature/markers/Markers12.java
10	com.moonsworth.lunar.client.framework.feature.mod.fishing.click+com.moonsworth.lunar.client.framework.feature.markers	Markers2	com/moonsworth/lunar/client/framework/feature/markers/Markers2.java
10	com.moonsworth.lunar.client.framework.feature.mod.fishing.click+com.moonsworth.lunar.client.framework.feature.markers	Markers3	com/moonsworth/lunar/client/framework/feature/markers/Markers3.java
10	com.moonsworth.lunar.client.framework.feature.mod.fishing.click+com.moonsworth.lunar.client.framework.feature.markers	Markers4	com/moonsworth/lunar/client/framework/feature/markers/Markers4.java
10	com.moonsworth.lunar.client.framework.feature.mod.fishing.click+com.moonsworth.lunar.client.framework.feature.markers	Markers5	com/moonsworth/lunar/client/framework/feature/markers/Markers5.java
10	com.moonsworth.lunar.client.framework.feature.mod.fishing.click+com.moonsworth.lunar.client.framework.feature.markers	Markers6	com/moonsworth/lunar/client/framework/feature/markers/Markers6.java
10	com.moonsworth.lunar.client.framework.feature.mod.fishing.click+com.moonsworth.lunar.client.framework.feature.markers	Markers7	com/moonsworth/lunar/client/framework/feature/markers/Markers7.java
10	com.moonsworth.lunar.client.framework.feature.mod.fishing.click+com.moonsworth.lunar.client.framework.feature.markers	Markers8	com/moonsworth/lunar/client/framework/feature/markers/Markers8.java
10	com.moonsworth.lunar.client.framework.feature.mod.fishing.click+com.moonsworth.lunar.client.framework.feature.markers	Markers9	com/moonsworth/lunar/client/framework/feature/markers/Markers9.java
10	com.moonsworth.lunar.client.framework.feature.mod.fishing.click+com.moonsworth.lunar.client.framework.feature.markers	Markers_2	com/moonsworth/lunar/client/framework/feature/markers/Markers_2.java
10	com.moonsworth.lunar.client.framework.feature.mod.fishing.click+com.moonsworth.lunar.client.framework.feature.markers	Markers_3	com/moonsworth/lunar/client/framework/feature/markers/Markers_3.java
10	com.moonsworth.lunar.client.framework.feature.mod.fishing.click+com.moonsworth.lunar.client.framework.feature.markers	SExtension2	com/moonsworth/lunar/client/framework/feature/markers/SExtension2.java
10	com.moonsworth.lunar.client.framework.feature.mod.fishing.click+com.moonsworth.lunar.client.framework.feature.markers	SExtension_2	com/moonsworth/lunar/client/framework/feature/markers/SExtension_2.java
10	com.moonsworth.lunar.client.framework.feature.mod.fishing.click+com.moonsworth.lunar.client.framework.feature.markers	SIterator2	com/moonsworth/lunar/client/framework/feature/markers/SIterator2.java
10	com.moonsworth.lunar.client.framework.feature.mod.fishing.click+com.moonsworth.lunar.client.framework.feature.markers	SIterator_2	com/moonsworth/lunar/client/framework/feature/markers/SIterator_2.java
10	com.moonsworth.lunar.client.framework.feature.mod.fishing.click+com.moonsworth.lunar.client.framework.feature.markers	Type2	com/moonsworth/lunar/client/framework/feature/markers/Markers2.java
11	com.moonsworth.lunar.client.framework.feature.mod.rewindhandlers+com.moonsworth.lunar.client.framework.feature.keystrokes	Data13	com/moonsworth/lunar/client/framework/feature/mod/rewindhandlers/Rewindhandlers.java
11	com.moonsworth.lunar.client.framework.feature.mod.rewindhandlers+com.moonsworth.lunar.client.framework.feature.keystrokes	Data14	com/moonsworth/lunar/client/framework/feature/mod/rewindhandlers/Rewindhandlers.java
11	com.moonsworth.lunar.client.framework.feature.mod.rewindhandlers+com.moonsworth.lunar.client.framework.feature.keystrokes	Data15	com/moonsworth/lunar/client/framework/feature/mod/rewindhandlers/Rewindhandlers.java
11	com.moonsworth.lunar.client.framework.feature.mod.rewindhandlers+com.moonsworth.lunar.client.framework.feature.keystrokes	Data2	com/moonsworth/lunar/client/framework/feature/mod/rewindhandlers/HighlightBase.java
11	com.moonsworth.lunar.client.framework.feature.mod.rewindhandlers+com.moonsworth.lunar.client.framework.feature.keystrokes	Data2	com/moonsworth/lunar/client/framework/feature/mod/rewindhandlers/HighlightBase2.java
11	com.moonsworth.lunar.client.framework.feature.mod.rewindhandlers+com.moonsworth.lunar.client.framework.feature.keystrokes	Data2	com/moonsworth/lunar/client/framework/feature/mod/rewindhandlers/HighlightBase3.java
11	com.moonsworth.lunar.client.framework.feature.mod.rewindhandlers+com.moonsworth.lunar.client.framework.feature.keystrokes	Data2	com/moonsworth/lunar/client/framework/feature/mod/rewindhandlers/HighlightBase4.java
11	com.moonsworth.lunar.client.framework.feature.mod.rewindhandlers+com.moonsworth.lunar.client.framework.feature.keystrokes	Data2	com/moonsworth/lunar/client/framework/feature/mod/rewindhandlers/HighlightBase5.java
11	com.moonsworth.lunar.client.framework.feature.mod.rewindhandlers+com.moonsworth.lunar.client.framework.feature.keystrokes	Data2	com/moonsworth/lunar/client/framework/feature/mod/rewindhandlers/Rewindhandlers2.java
11	com.moonsworth.lunar.client.framework.feature.mod.rewindhandlers+com.moonsworth.lunar.client.framework.feature.keystrokes	Data2	com/moonsworth/lunar/client/framework/feature/mod/rewindhandlers/Rewindhandlers3.java
11	com.moonsworth.lunar.client.framework.feature.mod.rewindhandlers+com.moonsworth.lunar.client.framework.feature.keystrokes	Data3	com/moonsworth/lunar/client/framework/feature/mod/rewindhandlers/HighlightBase2.java
11	com.moonsworth.lunar.client.framework.feature.mod.rewindhandlers+com.moonsworth.lunar.client.framework.feature.keystrokes	Data3	com/moonsworth/lunar/client/framework/feature/mod/rewindhandlers/HighlightBase3.java
11	com.moonsworth.lunar.client.framework.feature.mod.rewindhandlers+com.moonsworth.lunar.client.framework.feature.keystrokes	Data3	com/moonsworth/lunar/client/framework/feature/mod/rewindhandlers/Rewindhandlers2.java
11	com.moonsworth.lunar.client.framework.feature.mod.rewindhandlers+com.moonsworth.lunar.client.framework.feature.keystrokes	HighlightBase2	com/moonsworth/lunar/client/framework/feature/mod/rewindhandlers/HighlightBase2.java
11	com.moonsworth.lunar.client.framework.feature.mod.rewindhandlers+com.moonsworth.lunar.client.framework.feature.keystrokes	HighlightBase3	com/moonsworth/lunar/client/framework/feature/mod/rewindhandlers/HighlightBase3.java
11	com.moonsworth.lunar.client.framework.feature.mod.rewindhandlers+com.moonsworth.lunar.client.framework.feature.keystrokes	HighlightBase4	com/moonsworth/lunar/client/framework/feature/mod/rewindhandlers/HighlightBase4.java
11	com.moonsworth.lunar.client.framework.feature.mod.rewindhandlers+com.moonsworth.lunar.client.framework.feature.keystrokes	HighlightBase5	com/moonsworth/lunar/client/framework/feature/mod/rewindhandlers/HighlightBase5.java
11	com.moonsworth.lunar.client.framework.feature.mod.rewindhandlers+com.moonsworth.lunar.client.framework.feature.keystrokes	HighlightBase_2	com/moonsworth/lunar/client/framework/feature/mod/rewindhandlers/HighlightBase_2.java
11	com.moonsworth.lunar.client.framework.feature.mod.rewindhandlers+com.moonsworth.lunar.client.framework.feature.keystrokes	HighlightImpl2	com/moonsworth/lunar/client/framework/feature/mod/rewindhandlers/HighlightImpl2.java
11	com.moonsworth.lunar.client.framework.feature.mod.rewindhandlers+com.moonsworth.lunar.client.framework.feature.keystrokes	HighlightImpl3	com/moonsworth/lunar/client/framework/feature/mod/rewindhandlers/HighlightImpl3.java
11	com.moonsworth.lunar.client.framework.feature.mod.rewindhandlers+com.moonsworth.lunar.client.framework.feature.keystrokes	HighlightImpl4	com/moonsworth/lunar/client/framework/feature/mod/rewindhandlers/HighlightImpl4.java
11	com.moonsworth.lunar.client.framework.feature.mod.rewindhandlers+com.moonsworth.lunar.client.framework.feature.keystrokes	Rewindhandlers2	com/moonsworth/lunar/client/framework/feature/mod/rewindhandlers/Rewindhandlers2.java
11	com.moonsworth.lunar.client.framework.feature.mod.rewindhandlers+com.moonsworth.lunar.client.framework.feature.keystrokes	Rewindhandlers3	com/moonsworth/lunar/client/framework/feature/mod/rewindhandlers/Rewindhandlers3.java
11	com.moonsworth.lunar.client.framework.feature.mod.rewindhandlers+com.moonsworth.lunar.client.framework.feature.keystrokes	Rewindhandlers_2	com/moonsworth/lunar/client/framework/feature/mod/rewindhandlers/Rewindhandlers_2.java
11	com.moonsworth.lunar.client.framework.feature.mod.rewindhandlers+com.moonsworth.lunar.client.framework.feature.keystrokes	Data4	com/moonsworth/lunar/client/framework/feature/keystrokes/Framework7Extension2.java
11	com.moonsworth.lunar.client.framework.feature.mod.rewindhandlers+com.moonsworth.lunar.client.framework.feature.keystrokes	Framework7Extension2	com/moonsworth/lunar/client/framework/feature/keystrokes/Framework7Extension2.java
11	com.moonsworth.lunar.client.framework.feature.mod.rewindhandlers+com.moonsworth.lunar.client.framework.feature.keystrokes	Gui2Extension2	com/moonsworth/lunar/client/framework/feature/keystrokes/Gui2Extension2.java
11	com.moonsworth.lunar.client.framework.feature.mod.rewindhandlers+com.moonsworth.lunar.client.framework.feature.keystrokes	Gui2Extension3	com/moonsworth/lunar/client/framework/feature/keystrokes/Gui2Extension3.java
11	com.moonsworth.lunar.client.framework.feature.mod.rewindhandlers+com.moonsworth.lunar.client.framework.feature.keystrokes	Gui2Extension_2	com/moonsworth/lunar/client/framework/feature/keystrokes/Gui2Extension_2.java
11	com.moonsworth.lunar.client.framework.feature.mod.rewindhandlers+com.moonsworth.lunar.client.framework.feature.keystrokes	Keystrokes10	com/moonsworth/lunar/client/framework/feature/keystrokes/Keystrokes10.java
11	com.moonsworth.lunar.client.framework.feature.mod.rewindhandlers+com.moonsworth.lunar.client.framework.feature.keystrokes	Keystrokes11	com/moonsworth/lunar/client/framework/feature/keystrokes/Keystrokes11.java
11	com.moonsworth.lunar.client.framework.feature.mod.rewindhandlers+com.moonsworth.lunar.client.framework.feature.keystrokes	Keystrokes12	com/moonsworth/lunar/client/framework/feature/keystrokes/Keystrokes12.java
11	com.moonsworth.lunar.client.framework.feature.mod.rewindhandlers+com.moonsworth.lunar.client.framework.feature.keystrokes	Keystrokes13	com/moonsworth/lunar/client/framework/feature/keystrokes/Keystrokes13.java
11	com.moonsworth.lunar.client.framework.feature.mod.rewindhandlers+com.moonsworth.lunar.client.framework.feature.keystrokes	Keystrokes14	com/moonsworth/lunar/client/framework/feature/keystrokes/Keystrokes14.java
11	com.moonsworth.lunar.client.framework.feature.mod.rewindhandlers+com.moonsworth.lunar.client.framework.feature.keystrokes	Keystrokes15	com/moonsworth/lunar/client/framework/feature/keystrokes/Keystrokes15.java
11	com.moonsworth.lunar.client.framework.feature.mod.rewindhandlers+com.moonsworth.lunar.client.framework.feature.keystrokes	Keystrokes16	com/moonsworth/lunar/client/framework/feature/keystrokes/Keystrokes16.java
11	com.moonsworth.lunar.client.framework.feature.mod.rewindhandlers+com.moonsworth.lunar.client.framework.feature.keystrokes	Keystrokes17	com/moonsworth/lunar/client/framework/feature/keystrokes/Keystrokes17.java
11	com.moonsworth.lunar.client.framework.feature.mod.rewindhandlers+com.moonsworth.lunar.client.framework.feature.keystrokes	Keystrokes18	com/moonsworth/lunar/client/framework/feature/keystrokes/Keystrokes18.java
11	com.moonsworth.lunar.client.framework.feature.mod.rewindhandlers+com.moonsworth.lunar.client.framework.feature.keystrokes	Keystrokes19	com/moonsworth/lunar/client/framework/feature/keystrokes/Keystrokes19.java
11	com.moonsworth.lunar.client.framework.feature.mod.rewindhandlers+com.moonsworth.lunar.client.framework.feature.keystrokes	Keystrokes2	com/moonsworth/lunar/client/framework/feature/keystrokes/Keystrokes2.java
11	com.moonsworth.lunar.client.framework.feature.mod.rewindhandlers+com.moonsworth.lunar.client.framework.feature.keystrokes	Keystrokes3	com/moonsworth/lunar/client/framework/feature/keystrokes/Keystrokes3.java
11	com.moonsworth.lunar.client.framework.feature.mod.rewindhandlers+com.moonsworth.lunar.client.framework.feature.keystrokes	Keystrokes4	com/moonsworth/lunar/client/framework/feature/keystrokes/Keystrokes4.java
11	com.moonsworth.lunar.client.framework.feature.mod.rewindhandlers+com.moonsworth.lunar.client.framework.feature.keystrokes	Keystrokes5	com/moonsworth/lunar/client/framework/feature/keystrokes/Keystrokes5.java
11	com.moonsworth.lunar.client.framework.feature.mod.rewindhandlers+com.moonsworth.lunar.client.framework.feature.keystrokes	Keystrokes6	com/moonsworth/lunar/client/framework/feature/keystrokes/Keystrokes6.java
11	com.moonsworth.lunar.client.framework.feature.mod.rewindhandlers+com.moonsworth.lunar.client.framework.feature.keystrokes	Keystrokes7	com/moonsworth/lunar/client/framework/feature/keystrokes/Keystrokes7.java
11	com.moonsworth.lunar.client.framework.feature.mod.rewindhandlers+com.moonsworth.lunar.client.framework.feature.keystrokes	Keystrokes8	com/moonsworth/lunar/client/framework/feature/keystrokes/Keystrokes8.java
11	com.moonsworth.lunar.client.framework.feature.mod.rewindhandlers+com.moonsworth.lunar.client.framework.feature.keystrokes	Keystrokes9	com/moonsworth/lunar/client/framework/feature/keystrokes/Keystrokes9.java
12	com.moonsworth.lunar.client.framework.feature.mod.fishing.gui+com.moonsworth.lunar.client.framework.feature.mod	Data2	com/moonsworth/lunar/client/framework/feature/mod/fishing/gui/Gui4.java
12	com.moonsworth.lunar.client.framework.feature.mod.fishing.gui+com.moonsworth.lunar.client.framework.feature.mod	Gui2	com/moonsworth/lunar/client/framework/feature/mod/fishing/gui/Gui2.java
12	com.moonsworth.lunar.client.framework.feature.mod.fishing.gui+com.moonsworth.lunar.client.framework.feature.mod	Gui2_2	com/moonsworth/lunar/client/framework/feature/mod/fishing/gui/Gui2_2.java
12	com.moonsworth.lunar.client.framework.feature.mod.fishing.gui+com.moonsworth.lunar.client.framework.feature.mod	Gui3	com/moonsworth/lunar/client/framework/feature/mod/fishing/gui/Gui3.java
12	com.moonsworth.lunar.client.framework.feature.mod.fishing.gui+com.moonsworth.lunar.client.framework.feature.mod	Gui3_2	com/moonsworth/lunar/client/framework/feature/mod/fishing/gui/Gui3_2.java
12	com.moonsworth.lunar.client.framework.feature.mod.fishing.gui+com.moonsworth.lunar.client.framework.feature.mod	Gui4	com/moonsworth/lunar/client/framework/feature/mod/fishing/gui/Gui4.java
12	com.moonsworth.lunar.client.framework.feature.mod.fishing.gui+com.moonsworth.lunar.client.framework.feature.mod	Gui4_2	com/moonsworth/lunar/client/framework/feature/mod/fishing/gui/Gui4_2.java
12	com.moonsworth.lunar.client.framework.feature.mod.fishing.gui+com.moonsworth.lunar.client.framework.feature.mod	Gui5	com/moonsworth/lunar/client/framework/feature/mod/fishing/gui/Gui5.java
12	com.moonsworth.lunar.client.framework.feature.mod.fishing.gui+com.moonsworth.lunar.client.framework.feature.mod	GuiHandler10	com/moonsworth/lunar/client/framework/feature/mod/fishing/gui/GuiHandler10.java
12	com.moonsworth.lunar.client.framework.feature.mod.fishing.gui+com.moonsworth.lunar.client.framework.feature.mod	GuiHandler11	com/moonsworth/lunar/client/framework/feature/mod/fishing/gui/GuiHandler11.java
12	com.moonsworth.lunar.client.framework.feature.mod.fishing.gui+com.moonsworth.lunar.client.framework.feature.mod	GuiHandler2	com/moonsworth/lunar/client/framework/feature/mod/fishing/gui/GuiHandler2.java
12	com.moonsworth.lunar.client.framework.feature.mod.fishing.gui+com.moonsworth.lunar.client.framework.feature.mod	GuiHandler3	com/moonsworth/lunar/client/framework/feature/mod/fishing/gui/GuiHandler3.java
12	com.moonsworth.lunar.client.framework.feature.mod.fishing.gui+com.moonsworth.lunar.client.framework.feature.mod	GuiHandler4	com/moonsworth/lunar/client/framework/feature/mod/fishing/gui/GuiHandler4.java
12	com.moonsworth.lunar.client.framework.feature.mod.fishing.gui+com.moonsworth.lunar.client.framework.feature.mod	GuiHandler5	com/moonsworth/lunar/client/framework/feature/mod/fishing/gui/GuiHandler5.java
12	com.moonsworth.lunar.client.framework.feature.mod.fishing.gui+com.moonsworth.lunar.client.framework.feature.mod	GuiHandler6	com/moonsworth/lunar/client/framework/feature/mod/fishing/gui/GuiHandler6.java
12	com.moonsworth.lunar.client.framework.feature.mod.fishing.gui+com.moonsworth.lunar.client.framework.feature.mod	GuiHandler7	com/moonsworth/lunar/client/framework/feature/mod/fishing/gui/GuiHandler7.java
12	com.moonsworth.lunar.client.framework.feature.mod.fishing.gui+com.moonsworth.lunar.client.framework.feature.mod	GuiHandler8	com/moonsworth/lunar/client/framework/feature/mod/fishing/gui/GuiHandler8.java
12	com.moonsworth.lunar.client.framework.feature.mod.fishing.gui+com.moonsworth.lunar.client.framework.feature.mod	GuiHandler9	com/moonsworth/lunar/client/framework/feature/mod/fishing/gui/GuiHandler9.java
12	com.moonsworth.lunar.client.framework.feature.mod.fishing.gui+com.moonsworth.lunar.client.framework.feature.mod	Gui_2	com/moonsworth/lunar/client/framework/feature/mod/fishing/gui/Gui_2.java
12	com.moonsworth.lunar.client.framework.feature.mod.fishing.gui+com.moonsworth.lunar.client.framework.feature.mod	Gui_3	com/moonsworth/lunar/client/framework/feature/mod/fishing/gui/Gui_3.java
12	com.moonsworth.lunar.client.framework.feature.mod.fishing.gui+com.moonsworth.lunar.client.framework.feature.mod	JsonDeserializerIterator2	com/moonsworth/lunar/client/framework/feature/mod/fishing/gui/JsonDeserializerIterator2.java
12	com.moonsworth.lunar.client.framework.feature.mod.fishing.gui+com.moonsworth.lunar.client.framework.feature.mod	JsonDeserializerIterator_2	com/moonsworth/lunar/client/framework/feature/mod/fishing/gui/JsonDeserializerIterator_2.java
12	com.moonsworth.lunar.client.framework.feature.mod.fishing.gui+com.moonsworth.lunar.client.framework.feature.mod	Type2	com/moonsworth/lunar/client/framework/feature/mod/fishing/gui/Gui3.java
12	com.moonsworth.lunar.client.framework.feature.mod.fishing.gui+com.moonsworth.lunar.client.framework.feature.mod	GuiRewindhandlersHandler2	com/moonsworth/lunar/client/framework/feature/mod/GuiRewindhandlersHandler2.java
12	com.moonsworth.lunar.client.framework.feature.mod.fishing.gui+com.moonsworth.lunar.client.framework.feature.mod	MixinHelper2	com/moonsworth/lunar/client/framework/feature/mod/MixinHelper2.java
12	com.moonsworth.lunar.client.framework.feature.mod.fishing.gui+com.moonsworth.lunar.client.framework.feature.mod	MixinHelper210	com/moonsworth/lunar/client/framework/feature/mod/MixinHelper210.java
12	com.moonsworth.lunar.client.framework.feature.mod.fishing.gui+com.moonsworth.lunar.client.framework.feature.mod	MixinHelper211	com/moonsworth/lunar/client/framework/feature/mod/MixinHelper211.java
12	com.moonsworth.lunar.client.framework.feature.mod.fishing.gui+com.moonsworth.lunar.client.framework.feature.mod	MixinHelper22	com/moonsworth/lunar/client/framework/feature/mod/MixinHelper22.java
12	com.moonsworth.lunar.client.framework.feature.mod.fishing.gui+com.moonsworth.lunar.client.framework.feature.mod	MixinHelper22_2	com/moonsworth/lunar/client/framework/feature/mod/MixinHelper22_2.java
12	com.moonsworth.lunar.client.framework.feature.mod.fishing.gui+com.moonsworth.lunar.client.framework.feature.mod	MixinHelper23	com/moonsworth/lunar/client/framework/feature/mod/MixinHelper23.java
12	com.moonsworth.lunar.client.framework.feature.mod.fishing.gui+com.moonsworth.lunar.client.framework.feature.mod	MixinHelper24	com/moonsworth/lunar/client/framework/feature/mod/MixinHelper24.java
12	com.moonsworth.lunar.client.framework.feature.mod.fishing.gui+com.moonsworth.lunar.client.framework.feature.mod	MixinHelper25	com/moonsworth/lunar/client/framework/feature/mod/MixinHelper25.java
12	com.moonsworth.lunar.client.framework.feature.mod.fishing.gui+com.moonsworth.lunar.client.framework.feature.mod	MixinHelper26	com/moonsworth/lunar/client/framework/feature/mod/MixinHelper26.java
12	com.moonsworth.lunar.client.framework.feature.mod.fishing.gui+com.moonsworth.lunar.client.framework.feature.mod	MixinHelper27	com/moonsworth/lunar/client/framework/feature/mod/MixinHelper27.java
12	com.moonsworth.lunar.client.framework.feature.mod.fishing.gui+com.moonsworth.lunar.client.framework.feature.mod	MixinHelper28	com/moonsworth/lunar/client/framework/feature/mod/MixinHelper28.java
12	com.moonsworth.lunar.client.framework.feature.mod.fishing.gui+com.moonsworth.lunar.client.framework.feature.mod	MixinHelper29	com/moonsworth/lunar/client/framework/feature/mod/MixinHelper29.java
12	com.moonsworth.lunar.client.framework.feature.mod.fishing.gui+com.moonsworth.lunar.client.framework.feature.mod	MixinHelper2_2	com/moonsworth/lunar/client/framework/feature/mod/MixinHelper2_2.java
12	com.moonsworth.lunar.client.framework.feature.mod.fishing.gui+com.moonsworth.lunar.client.framework.feature.mod	MixinHelper2_3	com/moonsworth/lunar/client/framework/feature/mod/MixinHelper2_3.java
12	com.moonsworth.lunar.client.framework.feature.mod.fishing.gui+com.moonsworth.lunar.client.framework.feature.mod	MixinHelper3	com/moonsworth/lunar/client/framework/feature/mod/MixinHelper3.java
12	com.moonsworth.lunar.client.framework.feature.mod.fishing.gui+com.moonsworth.lunar.client.framework.feature.mod	MixinHelper_2	com/moonsworth/lunar/client/framework/feature/mod/MixinHelper_2.java
12	com.moonsworth.lunar.client.framework.feature.mod.fishing.gui+com.moonsworth.lunar.client.framework.feature.mod	MixinHelper_3	com/moonsworth/lunar/client/framework/feature/mod/MixinHelper_3.java
12	com.moonsworth.lunar.client.framework.feature.mod.fishing.gui+com.moonsworth.lunar.client.framework.feature.mod	Module2	com/moonsworth/lunar/client/framework/feature/mod/Module2.java
12	com.moonsworth.lunar.client.framework.feature.mod.fishing.gui+com.moonsworth.lunar.client.framework.feature.mod	ModuleBase2	com/moonsworth/lunar/client/framework/feature/mod/ModuleBase2.java
12	com.moonsworth.lunar.client.framework.feature.mod.fishing.gui+com.moonsworth.lunar.client.framework.feature.mod	Module_2	com/moonsworth/lunar/client/framework/feature/mod/Module_2.java
13	com.moonsworth.lunar.client.framework.feature.mod.mixin+com.moonsworth.lunar.network	MixinHelper10	com/moonsworth/lunar/client/framework/feature/mod/mixin/MixinHelper10.java
13	com.moonsworth.lunar.client.framework.feature.mod.mixin+com.moonsworth.lunar.network	MixinHelper1010	com/moonsworth/lunar/client/framework/feature/mod/mixin/MixinHelper1010.java
13	com.moonsworth.lunar.client.framework.feature.mod.mixin+com.moonsworth.lunar.network	MixinHelper1011	com/moonsworth/lunar/client/framework/feature/mod/mixin/MixinHelper1011.java
13	com.moonsworth.lunar.client.framework.feature.mod.mixin+com.moonsworth.lunar.network	MixinHelper1012	com/moonsworth/lunar/client/framework/feature/mod/mixin/MixinHelper1012.java
13	com.moonsworth.lunar.client.framework.feature.mod.mixin+com.moonsworth.lunar.network	MixinHelper1013	com/moonsworth/lunar/client/framework/feature/mod/mixin/MixinHelper1013.java
13	com.moonsworth.lunar.client.framework.feature.mod.mixin+com.moonsworth.lunar.network	MixinHelper102	com/moonsworth/lunar/client/framework/feature/mod/mixin/MixinHelper102.java
13	com.moonsworth.lunar.client.framework.feature.mod.mixin+com.moonsworth.lunar.network	MixinHelper103	com/moonsworth/lunar/client/framework/feature/mod/mixin/MixinHelper103.java
13	com.moonsworth.lunar.client.framework.feature.mod.mixin+com.moonsworth.lunar.network	MixinHelper104	com/moonsworth/lunar/client/framework/feature/mod/mixin/MixinHelper104.java
13	com.moonsworth.lunar.client.framework.feature.mod.mixin+com.moonsworth.lunar.network	MixinHelper105	com/moonsworth/lunar/client/framework/feature/mod/mixin/MixinHelper105.java
13	com.moonsworth.lunar.client.framework.feature.mod.mixin+com.moonsworth.lunar.network	MixinHelper106	com/moonsworth/lunar/client/framework/feature/mod/mixin/MixinHelper106.java
13	com.moonsworth.lunar.client.framework.feature.mod.mixin+com.moonsworth.lunar.network	MixinHelper107	com/moonsworth/lunar/client/framework/feature/mod/mixin/MixinHelper107.java
13	com.moonsworth.lunar.client.framework.feature.mod.mixin+com.moonsworth.lunar.network	MixinHelper108	com/moonsworth/lunar/client/framework/feature/mod/mixin/MixinHelper108.java
13	com.moonsworth.lunar.client.framework.feature.mod.mixin+com.moonsworth.lunar.network	MixinHelper109	com/moonsworth/lunar/client/framework/feature/mod/mixin/MixinHelper109.java
13	com.moonsworth.lunar.client.framework.feature.mod.mixin+com.moonsworth.lunar.network	MixinHelper2	com/moonsworth/lunar/client/framework/feature/mod/mixin/MixinHelper2.java
13	com.moonsworth.lunar.client.framework.feature.mod.mixin+com.moonsworth.lunar.network	MixinHelper3	com/moonsworth/lunar/client/framework/feature/mod/mixin/MixinHelper3.java
13	com.moonsworth.lunar.client.framework.feature.mod.mixin+com.moonsworth.lunar.network	MixinHelper4	com/moonsworth/lunar/client/framework/feature/mod/mixin/MixinHelper4.java
13	com.moonsworth.lunar.client.framework.feature.mod.mixin+com.moonsworth.lunar.network	MixinHelper5	com/moonsworth/lunar/client/framework/feature/mod/mixin/MixinHelper5.java
13	com.moonsworth.lunar.client.framework.feature.mod.mixin+com.moonsworth.lunar.network	MixinHelper6	com/moonsworth/lunar/client/framework/feature/mod/mixin/MixinHelper6.java
13	com.moonsworth.lunar.client.framework.feature.mod.mixin+com.moonsworth.lunar.network	MixinHelper7	com/moonsworth/lunar/client/framework/feature/mod/mixin/MixinHelper7.java
13	com.moonsworth.lunar.client.framework.feature.mod.mixin+com.moonsworth.lunar.network	MixinHelper8	com/moonsworth/lunar/client/framework/feature/mod/mixin/MixinHelper8.java
13	com.moonsworth.lunar.client.framework.feature.mod.mixin+com.moonsworth.lunar.network	MixinHelper9	com/moonsworth/lunar/client/framework/feature/mod/mixin/MixinHelper9.java
13	com.moonsworth.lunar.client.framework.feature.mod.mixin+com.moonsworth.lunar.network	MixinHelper10	com/moonsworth/lunar/network/MixinHelper10.java
13	com.moonsworth.lunar.client.framework.feature.mod.mixin+com.moonsworth.lunar.network	MixinHelper11	com/moonsworth/lunar/network/MixinHelper11.java
13	com.moonsworth.lunar.client.framework.feature.mod.mixin+com.moonsworth.lunar.network	MixinHelper12	com/moonsworth/lunar/network/MixinHelper12.java
13	com.moonsworth.lunar.client.framework.feature.mod.mixin+com.moonsworth.lunar.network	MixinHelper13	com/moonsworth/lunar/network/MixinHelper13.java
13	com.moonsworth.lunar.client.framework.feature.mod.mixin+com.moonsworth.lunar.network	MixinHelper14	com/moonsworth/lunar/network/MixinHelper14.java
13	com.moonsworth.lunar.client.framework.feature.mod.mixin+com.moonsworth.lunar.network	MixinHelper15	com/moonsworth/lunar/network/MixinHelper15.java
13	com.moonsworth.lunar.client.framework.feature.mod.mixin+com.moonsworth.lunar.network	MixinHelper16	com/moonsworth/lunar/network/MixinHelper16.java
13	com.moonsworth.lunar.client.framework.feature.mod.mixin+com.moonsworth.lunar.network	MixinHelper2	com/moonsworth/lunar/network/MixinHelper2.java
13	com.moonsworth.lunar.client.framework.feature.mod.mixin+com.moonsworth.lunar.network	MixinHelper22	com/moonsworth/lunar/network/MixinHelper22.java
13	com.moonsworth.lunar.client.framework.feature.mod.mixin+com.moonsworth.lunar.network	MixinHelper23	com/moonsworth/lunar/network/MixinHelper23.java
13	com.moonsworth.lunar.client.framework.feature.mod.mixin+com.moonsworth.lunar.network	MixinHelper26	com/moonsworth/lunar/network/MixinHelper26.java
13	com.moonsworth.lunar.client.framework.feature.mod.mixin+com.moonsworth.lunar.network	MixinHelper4	com/moonsworth/lunar/network/MixinHelper4.java
13	com.moonsworth.lunar.client.framework.feature.mod.mixin+com.moonsworth.lunar.network	MixinHelper6	com/moonsworth/lunar/network/MixinHelper6.java
13	com.moonsworth.lunar.client.framework.feature.mod.mixin+com.moonsworth.lunar.network	MixinHelper62	com/moonsworth/lunar/network/MixinHelper62.java
13	com.moonsworth.lunar.client.framework.feature.mod.mixin+com.moonsworth.lunar.network	MixinHelper63	com/moonsworth/lunar/network/MixinHelper63.java
13	com.moonsworth.lunar.client.framework.feature.mod.mixin+com.moonsworth.lunar.network	MixinHelper7	com/moonsworth/lunar/network/MixinHelper7.java
13	com.moonsworth.lunar.client.framework.feature.mod.mixin+com.moonsworth.lunar.network	MixinHelper8	com/moonsworth/lunar/network/MixinHelper8.java
13	com.moonsworth.lunar.client.framework.feature.mod.mixin+com.moonsworth.lunar.network	MixinHelper9	com/moonsworth/lunar/network/MixinHelper9.java
13	com.moonsworth.lunar.client.framework.feature.mod.mixin+com.moonsworth.lunar.network	MixinHelper_2	com/moonsworth/lunar/network/MixinHelper_2.java
14	com.moonsworth.lunar.client.framework.mod+com.moonsworth.lunar.client.guiRewindhandlers	Framework10	com/moonsworth/lunar/client/framework/mod/Framework10.java
14	com.moonsworth.lunar.client.framework.mod+com.moonsworth.lunar.client.guiRewindhandlers	Framework11	com/moonsworth/lunar/client/framework/mod/Framework11.java
14	com.moonsworth.lunar.client.framework.mod+com.moonsworth.lunar.client.guiRewindhandlers	Framework12	com/moonsworth/lunar/client/framework/mod/Framework12.java
14	com.moonsworth.lunar.client.framework.mod+com.moonsworth.lunar.client.guiRewindhandlers	Framework2	com/moonsworth/lunar/client/framework/mod/Framework2.java
14	com.moonsworth.lunar.client.framework.mod+com.moonsworth.lunar.client.guiRewindhandlers	Framework4	com/moonsworth/lunar/client/framework/mod/Framework4.java
14	com.moonsworth.lunar.client.framework.mod+com.moonsworth.lunar.client.guiRewindhandlers	Framework5	com/moonsworth/lunar/client/framework/mod/Framework5.java
14	com.moonsworth.lunar.client.framework.mod+com.moonsworth.lunar.client.guiRewindhandlers	Framework6	com/moonsworth/lunar/client/framework/mod/Framework6.java
14	com.moonsworth.lunar.client.framework.mod+com.moonsworth.lunar.client.guiRewindhandlers	Framework7	com/moonsworth/lunar/client/framework/mod/Framework7.java
14	com.moonsworth.lunar.client.framework.mod+com.moonsworth.lunar.client.guiRewindhandlers	Nameplate10	com/moonsworth/lunar/client/framework/mod/Nameplate10.java
14	com.moonsworth.lunar.client.framework.mod+com.moonsworth.lunar.client.guiRewindhandlers	Nameplate11	com/moonsworth/lunar/client/framework/mod/Nameplate11.java
14	com.moonsworth.lunar.client.framework.mod+com.moonsworth.lunar.client.guiRewindhandlers	Nameplate2	com/moonsworth/lunar/client/framework/mod/Nameplate2.java
14	com.moonsworth.lunar.client.framework.mod+com.moonsworth.lunar.client.guiRewindhandlers	Nameplate3	com/moonsworth/lunar/client/framework/mod/Nameplate3.java
14	com.moonsworth.lunar.client.framework.mod+com.moonsworth.lunar.client.guiRewindhandlers	Nameplate4	com/moonsworth/lunar/client/framework/mod/Nameplate4.java
14	com.moonsworth.lunar.client.framework.mod+com.moonsworth.lunar.client.guiRewindhandlers	Nameplate5	com/moonsworth/lunar/client/framework/mod/Nameplate5.java
14	com.moonsworth.lunar.client.framework.mod+com.moonsworth.lunar.client.guiRewindhandlers	Nameplate6	com/moonsworth/lunar/client/framework/mod/Nameplate6.java
14	com.moonsworth.lunar.client.framework.mod+com.moonsworth.lunar.client.guiRewindhandlers	Nameplate7	com/moonsworth/lunar/client/framework/mod/Nameplate7.java
14	com.moonsworth.lunar.client.framework.mod+com.moonsworth.lunar.client.guiRewindhandlers	Nameplate8	com/moonsworth/lunar/client/framework/mod/Nameplate8.java
14	com.moonsworth.lunar.client.framework.mod+com.moonsworth.lunar.client.guiRewindhandlers	Nameplate9	com/moonsworth/lunar/client/framework/mod/Nameplate9.java
14	com.moonsworth.lunar.client.framework.mod+com.moonsworth.lunar.client.guiRewindhandlers	Annotation2	com/moonsworth/lunar/client/guiRewindhandlers/Annotation2.java
14	com.moonsworth.lunar.client.framework.mod+com.moonsworth.lunar.client.guiRewindhandlers	Annotation3	com/moonsworth/lunar/client/guiRewindhandlers/Annotation3.java
14	com.moonsworth.lunar.client.framework.mod+com.moonsworth.lunar.client.guiRewindhandlers	Data2	com/moonsworth/lunar/client/guiRewindhandlers/GuiRewindhandlersHandler26.java
14	com.moonsworth.lunar.client.framework.mod+com.moonsworth.lunar.client.guiRewindhandlers	Data3	com/moonsworth/lunar/client/guiRewindhandlers/GuiRewindhandlersHandler27.java
14	com.moonsworth.lunar.client.framework.mod+com.moonsworth.lunar.client.guiRewindhandlers	GuiRewindhandlers2	com/moonsworth/lunar/client/guiRewindhandlers/GuiRewindhandlers2.java
14	com.moonsworth.lunar.client.framework.mod+com.moonsworth.lunar.client.guiRewindhandlers	GuiRewindhandlers3	com/moonsworth/lunar/client/guiRewindhandlers/GuiRewindhandlers3.java
14	com.moonsworth.lunar.client.framework.mod+com.moonsworth.lunar.client.guiRewindhandlers	GuiRewindhandlersHandler22	com/moonsworth/lunar/client/guiRewindhandlers/GuiRewindhandlersHandler22.java
14	com.moonsworth.lunar.client.framework.mod+com.moonsworth.lunar.client.guiRewindhandlers	GuiRewindhandlersHandler23	com/moonsworth/lunar/client/guiRewindhandlers/GuiRewindhandlersHandler23.java
14	com.moonsworth.lunar.client.framework.mod+com.moonsworth.lunar.client.guiRewindhandlers	GuiRewindhandlersHandler24	com/moonsworth/lunar/client/guiRewindhandlers/GuiRewindhandlersHandler24.java
14	com.moonsworth.lunar.client.framework.mod+com.moonsworth.lunar.client.guiRewindhandlers	GuiRewindhandlersHandler25	com/moonsworth/lunar/client/guiRewindhandlers/GuiRewindhandlersHandler25.java
14	com.moonsworth.lunar.client.framework.mod+com.moonsworth.lunar.client.guiRewindhandlers	GuiRewindhandlersHandler26	com/moonsworth/lunar/client/guiRewindhandlers/GuiRewindhandlersHandler26.java
14	com.moonsworth.lunar.client.framework.mod+com.moonsworth.lunar.client.guiRewindhandlers	GuiRewindhandlersHandler27	com/moonsworth/lunar/client/guiRewindhandlers/GuiRewindhandlersHandler27.java
14	com.moonsworth.lunar.client.framework.mod+com.moonsworth.lunar.client.guiRewindhandlers	GuiRewindhandlersHandler28	com/moonsworth/lunar/client/guiRewindhandlers/GuiRewindhandlersHandler28.java
14	com.moonsworth.lunar.client.framework.mod+com.moonsworth.lunar.client.guiRewindhandlers	GuiRewindhandlersHandler29	com/moonsworth/lunar/client/guiRewindhandlers/GuiRewindhandlersHandler29.java
14	com.moonsworth.lunar.client.framework.mod+com.moonsworth.lunar.client.guiRewindhandlers	GuiRewindhandlersHandler2_2	com/moonsworth/lunar/client/guiRewindhandlers/GuiRewindhandlersHandler2_2.java
14	com.moonsworth.lunar.client.framework.mod+com.moonsworth.lunar.client.guiRewindhandlers	GuiRewindhandlersHandler3	com/moonsworth/lunar/client/guiRewindhandlers/GuiRewindhandlersHandler3.java
14	com.moonsworth.lunar.client.framework.mod+com.moonsworth.lunar.client.guiRewindhandlers	GuiRewindhandlers_2	com/moonsworth/lunar/client/guiRewindhandlers/GuiRewindhandlers_2.java
15	com.moonsworth.lunar.network.mixin+com.moonsworth.lunar.ichor.util+com.moonsworth.lunar.bridge.itemcounter	Data2	com/moonsworth/lunar/network/mixin/MixinHelper7.java
15	com.moonsworth.lunar.network.mixin+com.moonsworth.lunar.ichor.util+com.moonsworth.lunar.bridge.itemcounter	Data3	com/moonsworth/lunar/network/mixin/MixinHelper7.java
15	com.moonsworth.lunar.network.mixin+com.moonsworth.lunar.ichor.util+com.moonsworth.lunar.bridge.itemcounter	Data4	com/moonsworth/lunar/network/mixin/MixinHelper7.java
15	com.moonsworth.lunar.network.mixin+com.moonsworth.lunar.ichor.util+com.moonsworth.lunar.bridge.itemcounter	Data5	com/moonsworth/lunar/network/mixin/MixinHelper7.java
15	com.moonsworth.lunar.network.mixin+com.moonsworth.lunar.ichor.util+com.moonsworth.lunar.bridge.itemcounter	Data6	com/moonsworth/lunar/network/mixin/MixinHelper7.java
15	com.moonsworth.lunar.network.mixin+com.moonsworth.lunar.ichor.util+com.moonsworth.lunar.bridge.itemcounter	MixinHelper10	com/moonsworth/lunar/network/mixin/MixinHelper10.java
15	com.moonsworth.lunar.network.mixin+com.moonsworth.lunar.ichor.util+com.moonsworth.lunar.bridge.itemcounter	MixinHelper102	com/moonsworth/lunar/network/mixin/MixinHelper102.java
15	com.moonsworth.lunar.network.mixin+com.moonsworth.lunar.ichor.util+com.moonsworth.lunar.bridge.itemcounter	MixinHelper103	com/moonsworth/lunar/network/mixin/MixinHelper103.java
15	com.moonsworth.lunar.network.mixin+com.moonsworth.lunar.ichor.util+com.moonsworth.lunar.bridge.itemcounter	MixinHelper104	com/moonsworth/lunar/network/mixin/MixinHelper104.java
15	com.moonsworth.lunar.network.mixin+com.moonsworth.lunar.ichor.util+com.moonsworth.lunar.bridge.itemcounter	MixinHelper2	com/moonsworth/lunar/network/mixin/MixinHelper2.java
15	com.moonsworth.lunar.network.mixin+com.moonsworth.lunar.ichor.util+com.moonsworth.lunar.bridge.itemcounter	MixinHelper3	com/moonsworth/lunar/network/mixin/MixinHelper3.java
15	com.moonsworth.lunar.network.mixin+com.moonsworth.lunar.ichor.util+com.moonsworth.lunar.bridge.itemcounter	MixinHelper4	com/moonsworth/lunar/network/mixin/MixinHelper4.java
15	com.moonsworth.lunar.network.mixin+com.moonsworth.lunar.ichor.util+com.moonsworth.lunar.bridge.itemcounter	MixinHelper5	com/moonsworth/lunar/network/mixin/MixinHelper5.java
15	com.moonsworth.lunar.network.mixin+com.moonsworth.lunar.ichor.util+com.moonsworth.lunar.bridge.itemcounter	MixinHelper6	com/moonsworth/lunar/network/mixin/MixinHelper6.java
15	com.moonsworth.lunar.network.mixin+com.moonsworth.lunar.ichor.util+com.moonsworth.lunar.bridge.itemcounter	MixinHelper7	com/moonsworth/lunar/network/mixin/MixinHelper7.java
15	com.moonsworth.lunar.network.mixin+com.moonsworth.lunar.ichor.util+com.moonsworth.lunar.bridge.itemcounter	MixinHelper8	com/moonsworth/lunar/network/mixin/MixinHelper8.java
15	com.moonsworth.lunar.network.mixin+com.moonsworth.lunar.ichor.util+com.moonsworth.lunar.bridge.itemcounter	MixinHelper9	com/moonsworth/lunar/network/mixin/MixinHelper9.java
15	com.moonsworth.lunar.network.mixin+com.moonsworth.lunar.ichor.util+com.moonsworth.lunar.bridge.itemcounter	Annotation2	com/moonsworth/lunar/ichor/util/Annotation2.java
15	com.moonsworth.lunar.network.mixin+com.moonsworth.lunar.ichor.util+com.moonsworth.lunar.bridge.itemcounter	Annotation3	com/moonsworth/lunar/ichor/util/Annotation3.java
15	com.moonsworth.lunar.network.mixin+com.moonsworth.lunar.ichor.util+com.moonsworth.lunar.bridge.itemcounter	Annotation4	com/moonsworth/lunar/ichor/util/Annotation4.java
15	com.moonsworth.lunar.network.mixin+com.moonsworth.lunar.ichor.util+com.moonsworth.lunar.bridge.itemcounter	FatalIchorError10	com/moonsworth/lunar/ichor/util/FatalIchorError10.java
15	com.moonsworth.lunar.network.mixin+com.moonsworth.lunar.ichor.util+com.moonsworth.lunar.bridge.itemcounter	FatalIchorError11	com/moonsworth/lunar/ichor/util/FatalIchorError11.java
15	com.moonsworth.lunar.network.mixin+com.moonsworth.lunar.ichor.util+com.moonsworth.lunar.bridge.itemcounter	FatalIchorError12	com/moonsworth/lunar/ichor/util/FatalIchorError12.java
15	com.moonsworth.lunar.network.mixin+com.moonsworth.lunar.ichor.util+com.moonsworth.lunar.bridge.itemcounter	FatalIchorError13	com/moonsworth/lunar/ichor/util/FatalIchorError13.java
15	com.moonsworth.lunar.network.mixin+com.moonsworth.lunar.ichor.util+com.moonsworth.lunar.bridge.itemcounter	FatalIchorError14	com/moonsworth/lunar/ichor/util/FatalIchorError14.java
15	com.moonsworth.lunar.network.mixin+com.moonsworth.lunar.ichor.util+com.moonsworth.lunar.bridge.itemcounter	FatalIchorError2	com/moonsworth/lunar/ichor/util/FatalIchorError2.java
15	com.moonsworth.lunar.network.mixin+com.moonsworth.lunar.ichor.util+com.moonsworth.lunar.bridge.itemcounter	FatalIchorError3	com/moonsworth/lunar/ichor/util/FatalIchorError3.java
15	com.moonsworth.lunar.network.mixin+com.moonsworth.lunar.ichor.util+com.moonsworth.lunar.bridge.itemcounter	FatalIchorError4	com/moonsworth/lunar/ichor/util/FatalIchorError4.java
15	com.moonsworth.lunar.network.mixin+com.moonsworth.lunar.ichor.util+com.moonsworth.lunar.bridge.itemcounter	FatalIchorError5	com/moonsworth/lunar/ichor/util/FatalIchorError5.java
15	com.moonsworth.lunar.network.mixin+com.moonsworth.lunar.ichor.util+com.moonsworth.lunar.bridge.itemcounter	FatalIchorError6	com/moonsworth/lunar/ichor/util/FatalIchorError6.java
15	com.moonsworth.lunar.network.mixin+com.moonsworth.lunar.ichor.util+com.moonsworth.lunar.bridge.itemcounter	FatalIchorError7	com/moonsworth/lunar/ichor/util/FatalIchorError7.java
15	com.moonsworth.lunar.network.mixin+com.moonsworth.lunar.ichor.util+com.moonsworth.lunar.bridge.itemcounter	FatalIchorError8	com/moonsworth/lunar/ichor/util/FatalIchorError8.java
15	com.moonsworth.lunar.network.mixin+com.moonsworth.lunar.ichor.util+com.moonsworth.lunar.bridge.itemcounter	FatalIchorError9	com/moonsworth/lunar/ichor/util/FatalIchorError9.java
15	com.moonsworth.lunar.network.mixin+com.moonsworth.lunar.ichor.util+com.moonsworth.lunar.bridge.itemcounter	Itemcounter2	com/moonsworth/lunar/bridge/itemcounter/Itemcounter2.java
15	com.moonsworth.lunar.network.mixin+com.moonsworth.lunar.ichor.util+com.moonsworth.lunar.bridge.itemcounter	Itemcounter3	com/moonsworth/lunar/bridge/itemcounter/Itemcounter3.java
15	com.moonsworth.lunar.network.mixin+com.moonsworth.lunar.ichor.util+com.moonsworth.lunar.bridge.itemcounter	Itemcounter4	com/moonsworth/lunar/bridge/itemcounter/Itemcounter4.java
15	com.moonsworth.lunar.network.mixin+com.moonsworth.lunar.ichor.util+com.moonsworth.lunar.bridge.itemcounter	Itemcounter5	com/moonsworth/lunar/bridge/itemcounter/Itemcounter5.java
15	com.moonsworth.lunar.network.mixin+com.moonsworth.lunar.ichor.util+com.moonsworth.lunar.bridge.itemcounter	Itemcounter6	com/moonsworth/lunar/bridge/itemcounter/Itemcounter6.java
15	com.moonsworth.lunar.network.mixin+com.moonsworth.lunar.ichor.util+com.moonsworth.lunar.bridge.itemcounter	Itemcounter7	com/moonsworth/lunar/bridge/itemcounter/Itemcounter7.java
15	com.moonsworth.lunar.network.mixin+com.moonsworth.lunar.ichor.util+com.moonsworth.lunar.bridge.itemcounter	Itemcounter8	com/moonsworth/lunar/bridge/itemcounter/Itemcounter8.java
15	com.moonsworth.lunar.network.mixin+com.moonsworth.lunar.ichor.util+com.moonsworth.lunar.bridge.itemcounter	ItemcounterType2	com/moonsworth/lunar/bridge/itemcounter/ItemcounterType2.java
15	com.moonsworth.lunar.network.mixin+com.moonsworth.lunar.ichor.util+com.moonsworth.lunar.bridge.itemcounter	ItemcounterType_2	com/moonsworth/lunar/bridge/itemcounter/ItemcounterType_2.java
15	com.moonsworth.lunar.network.mixin+com.moonsworth.lunar.ichor.util+com.moonsworth.lunar.bridge.itemcounter	ItemcounterType_3	com/moonsworth/lunar/bridge/itemcounter/ItemcounterType_3.java
15	com.moonsworth.lunar.network.mixin+com.moonsworth.lunar.ichor.util+com.moonsworth.lunar.bridge.itemcounter	ItemcounterType_4	com/moonsworth/lunar/bridge/itemcounter/ItemcounterType_4.java
15	com.moonsworth.lunar.network.mixin+com.moonsworth.lunar.ichor.util+com.moonsworth.lunar.bridge.itemcounter	Itemcounter_2	com/moonsworth/lunar/bridge/itemcounter/Itemcounter_2.java
15	com.moonsworth.lunar.network.mixin+com.moonsworth.lunar.ichor.util+com.moonsworth.lunar.bridge.itemcounter	Itemcounter_3	com/moonsworth/lunar/bridge/itemcounter/Itemcounter_3.java
15	com.moonsworth.lunar.network.mixin+com.moonsworth.lunar.ichor.util+com.moonsworth.lunar.bridge.itemcounter	Itemcounter_4	com/moonsworth/lunar/bridge/itemcounter/Itemcounter_4.java
15	com.moonsworth.lunar.network.mixin+com.moonsworth.lunar.ichor.util+com.moonsworth.lunar.bridge.itemcounter	Itemcounter_5	com/moonsworth/lunar/bridge/itemcounter/Itemcounter_5.java
16	com.moonsworth.lunar.client.framework.feature.mod.holograms+com.moonsworth.lunar.client.ui.hud+com.moonsworth.lunar.client.framework.feature.mod.holograms.fishing	GuiRewindhandlersHandler2	com/moonsworth/lunar/client/framework/feature/mod/holograms/GuiRewindhandlersHandler2.java
16	com.moonsworth.lunar.client.framework.feature.mod.holograms+com.moonsworth.lunar.client.ui.hud+com.moonsworth.lunar.client.framework.feature.mod.holograms.fishing	GuiRewindhandlersHandler22	com/moonsworth/lunar/client/framework/feature/mod/holograms/GuiRewindhandlersHandler22.java
16	com.moonsworth.lunar.client.framework.feature.mod.holograms+com.moonsworth.lunar.client.ui.hud+com.moonsworth.lunar.client.framework.feature.mod.holograms.fishing	GuiRewindhandlersHandler22_2	com/moonsworth/lunar/client/framework/feature/mod/holograms/GuiRewindhandlersHandler22_2.java
16	com.moonsworth.lunar.client.framework.feature.mod.holograms+com.moonsworth.lunar.client.ui.hud+com.moonsworth.lunar.client.framework.feature.mod.holograms.fishing	GuiRewindhandlersHandler23	com/moonsworth/lunar/client/framework/feature/mod/holograms/GuiRewindhandlersHandler23.java
16	com.moonsworth.lunar.client.framework.feature.mod.holograms+com.moonsworth.lunar.client.ui.hud+com.moonsworth.lunar.client.framework.feature.mod.holograms.fishing	GuiRewindhandlersHandler23_2	com/moonsworth/lunar/client/framework/feature/mod/holograms/GuiRewindhandlersHandler23_2.java
16	com.moonsworth.lunar.client.framework.feature.mod.holograms+com.moonsworth.lunar.client.ui.hud+com.moonsworth.lunar.client.framework.feature.mod.holograms.fishing	GuiRewindhandlersHandler24	com/moonsworth/lunar/client/framework/feature/mod/holograms/GuiRewindhandlersHandler24.java
16	com.moonsworth.lunar.client.framework.feature.mod.holograms+com.moonsworth.lunar.client.ui.hud+com.moonsworth.lunar.client.framework.feature.mod.holograms.fishing	GuiRewindhandlersHandler25	com/moonsworth/lunar/client/framework/feature/mod/holograms/GuiRewindhandlersHandler25.java
16	com.moonsworth.lunar.client.framework.feature.mod.holograms+com.moonsworth.lunar.client.ui.hud+com.moonsworth.lunar.client.framework.feature.mod.holograms.fishing	GuiRewindhandlersHandler26	com/moonsworth/lunar/client/framework/feature/mod/holograms/GuiRewindhandlersHandler26.java
16	com.moonsworth.lunar.client.framework.feature.mod.holograms+com.moonsworth.lunar.client.ui.hud+com.moonsworth.lunar.client.framework.feature.mod.holograms.fishing	GuiRewindhandlersHandler2_2	com/moonsworth/lunar/client/framework/feature/mod/holograms/GuiRewindhandlersHandler2_2.java
16	com.moonsworth.lunar.client.framework.feature.mod.holograms+com.moonsworth.lunar.client.ui.hud+com.moonsworth.lunar.client.framework.feature.mod.holograms.fishing	GuiRewindhandlersHandler2_3	com/moonsworth/lunar/client/framework/feature/mod/holograms/GuiRewindhandlersHandler2_3.java
16	com.moonsworth.lunar.client.framework.feature.mod.holograms+com.moonsworth.lunar.client.ui.hud+com.moonsworth.lunar.client.framework.feature.mod.holograms.fishing	Holograms2	com/moonsworth/lunar/client/framework/feature/mod/holograms/Holograms2.java
16	com.moonsworth.lunar.client.framework.feature.mod.holograms+com.moonsworth.lunar.client.ui.hud+com.moonsworth.lunar.client.framework.feature.mod.holograms.fishing	Holograms3	com/moonsworth/lunar/client/framework/feature/mod/holograms/Holograms3.java
16	com.moonsworth.lunar.client.framework.feature.mod.holograms+com.moonsworth.lunar.client.ui.hud+com.moonsworth.lunar.client.framework.feature.mod.holograms.fishing	LightingExtension443	com/moonsworth/lunar/client/framework/feature/mod/holograms/LightingExtension443.java
16	com.moonsworth.lunar.client.framework.feature.mod.holograms+com.moonsworth.lunar.client.ui.hud+com.moonsworth.lunar.client.framework.feature.mod.holograms.fishing	ParentTImpl2	com/moonsworth/lunar/client/framework/feature/mod/holograms/ParentTImpl2.java
16	com.moonsworth.lunar.client.framework.feature.mod.holograms+com.moonsworth.lunar.client.ui.hud+com.moonsworth.lunar.client.framework.feature.mod.holograms.fishing	ParentTImpl3	com/moonsworth/lunar/client/framework/feature/mod/holograms/ParentTImpl3.java
16	com.moonsworth.lunar.client.framework.feature.mod.holograms+com.moonsworth.lunar.client.ui.hud+com.moonsworth.lunar.client.framework.feature.mod.holograms.fishing	Data2	com/moonsworth/lunar/client/ui/hud/HudEditorOverlay.java
16	com.moonsworth.lunar.client.framework.feature.mod.holograms+com.moonsworth.lunar.client.ui.hud+com.moonsworth.lunar.client.framework.feature.mod.holograms.fishing	Data2	com/moonsworth/lunar/client/ui/hud/MixinCore5Iterator.java
16	com.moonsworth.lunar.client.framework.feature.mod.holograms+com.moonsworth.lunar.client.ui.hud+com.moonsworth.lunar.client.framework.feature.mod.holograms.fishing	Data3	com/moonsworth/lunar/client/ui/hud/HudEditor.java
16	com.moonsworth.lunar.client.framework.feature.mod.holograms+com.moonsworth.lunar.client.ui.hud+com.moonsworth.lunar.client.framework.feature.mod.holograms.fishing	MixinCore2	com/moonsworth/lunar/client/ui/hud/MixinCore2.java
16	com.moonsworth.lunar.client.framework.feature.mod.holograms+com.moonsworth.lunar.client.ui.hud+com.moonsworth.lunar.client.framework.feature.mod.holograms.fishing	MixinCore3	com/moonsworth/lunar/client/ui/hud/MixinCore3.java
16	com.moonsworth.lunar.client.framework.feature.mod.holograms+com.moonsworth.lunar.client.ui.hud+com.moonsworth.lunar.client.framework.feature.mod.holograms.fishing	MixinCore5	com/moonsworth/lunar/client/ui/hud/MixinCore5.java
16	com.moonsworth.lunar.client.framework.feature.mod.holograms+com.moonsworth.lunar.client.ui.hud+com.moonsworth.lunar.client.framework.feature.mod.holograms.fishing	MixinCore5Handler2	com/moonsworth/lunar/client/ui/hud/MixinCore5Handler2.java
16	com.moonsworth.lunar.client.framework.feature.mod.holograms+com.moonsworth.lunar.client.ui.hud+com.moonsworth.lunar.client.framework.feature.mod.holograms.fishing	MixinCore5Handler2_2	com/moonsworth/lunar/client/ui/hud/MixinCore5Handler2_2.java
16	com.moonsworth.lunar.client.framework.feature.mod.holograms+com.moonsworth.lunar.client.ui.hud+com.moonsworth.lunar.client.framework.feature.mod.holograms.fishing	MixinCore5Handler2_3	com/moonsworth/lunar/client/ui/hud/MixinCore5Handler2_3.java
16	com.moonsworth.lunar.client.framework.feature.mod.holograms+com.moonsworth.lunar.client.ui.hud+com.moonsworth.lunar.client.framework.feature.mod.holograms.fishing	MixinCore5Handler4	com/moonsworth/lunar/client/ui/hud/MixinCore5Handler4.java
16	com.moonsworth.lunar.client.framework.feature.mod.holograms+com.moonsworth.lunar.client.ui.hud+com.moonsworth.lunar.client.framework.feature.mod.holograms.fishing	MixinCore5Handler_2	com/moonsworth/lunar/client/ui/hud/MixinCore5Handler_2.java
16	com.moonsworth.lunar.client.framework.feature.mod.holograms+com.moonsworth.lunar.client.ui.hud+com.moonsworth.lunar.client.framework.feature.mod.holograms.fishing	MixinCore5Impl2	com/moonsworth/lunar/client/ui/hud/MixinCore5Impl2.java
16	com.moonsworth.lunar.client.framework.feature.mod.holograms+com.moonsworth.lunar.client.ui.hud+com.moonsworth.lunar.client.framework.feature.mod.holograms.fishing	MixinCore5Impl3	com/moonsworth/lunar/client/ui/hud/MixinCore5Impl3.java
16	com.moonsworth.lunar.client.framework.feature.mod.holograms+com.moonsworth.lunar.client.ui.hud+com.moonsworth.lunar.client.framework.feature.mod.holograms.fishing	MixinCore6	com/moonsworth/lunar/client/ui/hud/MixinCore6.java
16	com.moonsworth.lunar.client.framework.feature.mod.holograms+com.moonsworth.lunar.client.ui.hud+com.moonsworth.lunar.client.framework.feature.mod.holograms.fishing	MixinCore7	com/moonsworth/lunar/client/ui/hud/MixinCore7.java
16	com.moonsworth.lunar.client.framework.feature.mod.holograms+com.moonsworth.lunar.client.ui.hud+com.moonsworth.lunar.client.framework.feature.mod.holograms.fishing	Data2	com/moonsworth/lunar/client/framework/feature/mod/holograms/fishing/GuiRewindhandlersHandler27.java
16	com.moonsworth.lunar.client.framework.feature.mod.holograms+com.moonsworth.lunar.client.ui.hud+com.moonsworth.lunar.client.framework.feature.mod.holograms.fishing	GuiRewindhandlersHandler2	com/moonsworth/lunar/client/framework/feature/mod/holograms/fishing/GuiRewindhandlersHandler2.java
16	com.moonsworth.lunar.client.framework.feature.mod.holograms+com.moonsworth.lunar.client.ui.hud+com.moonsworth.lunar.client.framework.feature.mod.holograms.fishing	GuiRewindhandlersHandler210	com/moonsworth/lunar/client/framework/feature/mod/holograms/fishing/GuiRewindhandlersHandler210.java
16	com.moonsworth.lunar.client.framework.feature.mod.holograms+com.moonsworth.lunar.client.ui.hud+com.moonsworth.lunar.client.framework.feature.mod.holograms.fishing	GuiRewindhandlersHandler211	com/moonsworth/lunar/client/framework/feature/mod/holograms/fishing/GuiRewindhandlersHandler211.java
16	com.moonsworth.lunar.client.framework.feature.mod.holograms+com.moonsworth.lunar.client.ui.hud+com.moonsworth.lunar.client.framework.feature.mod.holograms.fishing	GuiRewindhandlersHandler212	com/moonsworth/lunar/client/framework/feature/mod/holograms/fishing/GuiRewindhandlersHandler212.java
16	com.moonsworth.lunar.client.framework.feature.mod.holograms+com.moonsworth.lunar.client.ui.hud+com.moonsworth.lunar.client.framework.feature.mod.holograms.fishing	GuiRewindhandlersHandler213	com/moonsworth/lunar/client/framework/feature/mod/holograms/fishing/GuiRewindhandlersHandler213.java
16	com.moonsworth.lunar.client.framework.feature.mod.holograms+com.moonsworth.lunar.client.ui.hud+com.moonsworth.lunar.client.framework.feature.mod.holograms.fishing	GuiRewindhandlersHandler22	com/moonsworth/lunar/client/framework/feature/mod/holograms/fishing/GuiRewindhandlersHandler22.java
16	com.moonsworth.lunar.client.framework.feature.mod.holograms+com.moonsworth.lunar.client.ui.hud+com.moonsworth.lunar.client.framework.feature.mod.holograms.fishing	GuiRewindhandlersHandler23	com/moonsworth/lunar/client/framework/feature/mod/holograms/fishing/GuiRewindhandlersHandler23.java
16	com.moonsworth.lunar.client.framework.feature.mod.holograms+com.moonsworth.lunar.client.ui.hud+com.moonsworth.lunar.client.framework.feature.mod.holograms.fishing	GuiRewindhandlersHandler24	com/moonsworth/lunar/client/framework/feature/mod/holograms/fishing/GuiRewindhandlersHandler24.java
16	com.moonsworth.lunar.client.framework.feature.mod.holograms+com.moonsworth.lunar.client.ui.hud+com.moonsworth.lunar.client.framework.feature.mod.holograms.fishing	GuiRewindhandlersHandler25	com/moonsworth/lunar/client/framework/feature/mod/holograms/fishing/GuiRewindhandlersHandler25.java
16	com.moonsworth.lunar.client.framework.feature.mod.holograms+com.moonsworth.lunar.client.ui.hud+com.moonsworth.lunar.client.framework.feature.mod.holograms.fishing	GuiRewindhandlersHandler26	com/moonsworth/lunar/client/framework/feature/mod/holograms/fishing/GuiRewindhandlersHandler26.java
16	com.moonsworth.lunar.client.framework.feature.mod.holograms+com.moonsworth.lunar.client.ui.hud+com.moonsworth.lunar.client.framework.feature.mod.holograms.fishing	GuiRewindhandlersHandler27	com/moonsworth/lunar/client/framework/feature/mod/holograms/fishing/GuiRewindhandlersHandler27.java
16	com.moonsworth.lunar.client.framework.feature.mod.holograms+com.moonsworth.lunar.client.ui.hud+com.moonsworth.lunar.client.framework.feature.mod.holograms.fishing	GuiRewindhandlersHandler28	com/moonsworth/lunar/client/framework/feature/mod/holograms/fishing/GuiRewindhandlersHandler28.java
16	com.moonsworth.lunar.client.framework.feature.mod.holograms+com.moonsworth.lunar.client.ui.hud+com.moonsworth.lunar.client.framework.feature.mod.holograms.fishing	GuiRewindhandlersHandler29	com/moonsworth/lunar/client/framework/feature/mod/holograms/fishing/GuiRewindhandlersHandler29.java
17	com.moonsworth.lunar.client.driver.core.gui.mixin.nameplate+com.moonsworth.lunar.client.framework.feature.rewind.gui+com.moonsworth.lunar.files	Data10	com/moonsworth/lunar/client/driver/core/gui/mixin/nameplate/Nameplate2.java
17	com.moonsworth.lunar.client.driver.core.gui.mixin.nameplate+com.moonsworth.lunar.client.framework.feature.rewind.gui+com.moonsworth.lunar.files	Data11	com/moonsworth/lunar/client/driver/core/gui/mixin/nameplate/Nameplate2.java
17	com.moonsworth.lunar.client.driver.core.gui.mixin.nameplate+com.moonsworth.lunar.client.framework.feature.rewind.gui+com.moonsworth.lunar.files	Data12	com/moonsworth/lunar/client/driver/core/gui/mixin/nameplate/Nameplate2.java
17	com.moonsworth.lunar.client.driver.core.gui.mixin.nameplate+com.moonsworth.lunar.client.framework.feature.rewind.gui+com.moonsworth.lunar.files	Data2	com/moonsworth/lunar/client/driver/core/gui/mixin/nameplate/GuiExtension.java
17	com.moonsworth.lunar.client.driver.core.gui.mixin.nameplate+com.moonsworth.lunar.client.framework.feature.rewind.gui+com.moonsworth.lunar.files	Data3	com/moonsworth/lunar/client/driver/core/gui/mixin/nameplate/GuiExtension.java
17	com.moonsworth.lunar.client.driver.core.gui.mixin.nameplate+com.moonsworth.lunar.client.framework.feature.rewind.gui+com.moonsworth.lunar.files	Data4	com/moonsworth/lunar/client/driver/core/gui/mixin/nameplate/GuiExtension.java
17	com.moonsworth.lunar.client.driver.core.gui.mixin.nameplate+com.moonsworth.lunar.client.framework.feature.rewind.gui+com.moonsworth.lunar.files	Data5	com/moonsworth/lunar/client/driver/core/gui/mixin/nameplate/Nameplate2.java
17	com.moonsworth.lunar.client.driver.core.gui.mixin.nameplate+com.moonsworth.lunar.client.framework.feature.rewind.gui+com.moonsworth.lunar.files	Data6	com/moonsworth/lunar/client/driver/core/gui/mixin/nameplate/Nameplate2.java
17	com.moonsworth.lunar.client.driver.core.gui.mixin.nameplate+com.moonsworth.lunar.client.framework.feature.rewind.gui+com.moonsworth.lunar.files	Data7	com/moonsworth/lunar/client/driver/core/gui/mixin/nameplate/Nameplate.java
17	com.moonsworth.lunar.client.driver.core.gui.mixin.nameplate+com.moonsworth.lunar.client.framework.feature.rewind.gui+com.moonsworth.lunar.files	Data7	com/moonsworth/lunar/client/driver/core/gui/mixin/nameplate/Nameplate2.java
17	com.moonsworth.lunar.client.driver.core.gui.mixin.nameplate+com.moonsworth.lunar.client.framework.feature.rewind.gui+com.moonsworth.lunar.files	Data8	com/moonsworth/lunar/client/driver/core/gui/mixin/nameplate/Nameplate2.java
17	com.moonsworth.lunar.client.driver.core.gui.mixin.nameplate+com.moonsworth.lunar.client.framework.feature.rewind.gui+com.moonsworth.lunar.files	Data9	com/moonsworth/lunar/client/driver/core/gui/mixin/nameplate/Nameplate2.java
17	com.moonsworth.lunar.client.driver.core.gui.mixin.nameplate+com.moonsworth.lunar.client.framework.feature.rewind.gui+com.moonsworth.lunar.files	Nameplate2	com/moonsworth/lunar/client/driver/core/gui/mixin/nameplate/Nameplate2.java
17	com.moonsworth.lunar.client.driver.core.gui.mixin.nameplate+com.moonsworth.lunar.client.framework.feature.rewind.gui+com.moonsworth.lunar.files	Gui2	com/moonsworth/lunar/client/framework/feature/rewind/gui/Gui2.java
17	com.moonsworth.lunar.client.driver.core.gui.mixin.nameplate+com.moonsworth.lunar.client.framework.feature.rewind.gui+com.moonsworth.lunar.files	Gui2_2	com/moonsworth/lunar/client/framework/feature/rewind/gui/Gui2_2.java
17	com.moonsworth.lunar.client.driver.core.gui.mixin.nameplate+com.moonsworth.lunar.client.framework.feature.rewind.gui+com.moonsworth.lunar.files	Gui3	com/moonsworth/lunar/client/framework/feature/rewind/gui/Gui3.java
17	com.moonsworth.lunar.client.driver.core.gui.mixin.nameplate+com.moonsworth.lunar.client.framework.feature.rewind.gui+com.moonsworth.lunar.files	Gui4	com/moonsworth/lunar/client/framework/feature/rewind/gui/Gui4.java
17	com.moonsworth.lunar.client.driver.core.gui.mixin.nameplate+com.moonsworth.lunar.client.framework.feature.rewind.gui+com.moonsworth.lunar.files	Gui5	com/moonsworth/lunar/client/framework/feature/rewind/gui/Gui5.java
17	com.moonsworth.lunar.client.driver.core.gui.mixin.nameplate+com.moonsworth.lunar.client.framework.feature.rewind.gui+com.moonsworth.lunar.files	Gui6	com/moonsworth/lunar/client/framework/feature/rewind/gui/Gui6.java
17	com.moonsworth.lunar.client.driver.core.gui.mixin.nameplate+com.moonsworth.lunar.client.framework.feature.rewind.gui+com.moonsworth.lunar.files	Gui7	com/moonsworth/lunar/client/framework/feature/rewind/gui/Gui7.java
17	com.moonsworth.lunar.client.driver.core.gui.mixin.nameplate+com.moonsworth.lunar.client.framework.feature.rewind.gui+com.moonsworth.lunar.files	GuiImpl2	com/moonsworth/lunar/client/framework/feature/rewind/gui/GuiImpl2.java
17	com.moonsworth.lunar.client.driver.core.gui.mixin.nameplate+com.moonsworth.lunar.client.framework.feature.rewind.gui+com.moonsworth.lunar.files	GuiImpl3	com/moonsworth/lunar/client/framework/feature/rewind/gui/GuiImpl3.java
17	com.moonsworth.lunar.client.driver.core.gui.mixin.nameplate+com.moonsworth.lunar.client.framework.feature.rewind.gui+com.moonsworth.lunar.files	GuiType2	com/moonsworth/lunar/client/framework/feature/rewind/gui/GuiType2.java
17	com.moonsworth.lunar.client.driver.core.gui.mixin.nameplate+com.moonsworth.lunar.client.framework.feature.rewind.gui+com.moonsworth.lunar.files	GuiType3	com/moonsworth/lunar/client/framework/feature/rewind/gui/GuiType3.java
17	com.moonsworth.lunar.client.driver.core.gui.mixin.nameplate+com.moonsworth.lunar.client.framework.feature.rewind.gui+com.moonsworth.lunar.files	GuiType4	com/moonsworth/lunar/client/framework/feature/rewind/gui/GuiType4.java
17	com.moonsworth.lunar.client.driver.core.gui.mixin.nameplate+com.moonsworth.lunar.client.framework.feature.rewind.gui+com.moonsworth.lunar.files	Gui_2	com/moonsworth/lunar/client/framework/feature/rewind/gui/Gui_2.java
17	com.moonsworth.lunar.client.driver.core.gui.mixin.nameplate+com.moonsworth.lunar.client.framework.feature.rewind.gui+com.moonsworth.lunar.files	Data2	com/moonsworth/lunar/files/Files.java
17	com.moonsworth.lunar.client.driver.core.gui.mixin.nameplate+com.moonsworth.lunar.client.framework.feature.rewind.gui+com.moonsworth.lunar.files	Data2	com/moonsworth/lunar/files/InheritanceProvider.java
17	com.moonsworth.lunar.client.driver.core.gui.mixin.nameplate+com.moonsworth.lunar.client.framework.feature.rewind.gui+com.moonsworth.lunar.files	Data4	com/moonsworth/lunar/files/Files_2.java
17	com.moonsworth.lunar.client.driver.core.gui.mixin.nameplate+com.moonsworth.lunar.client.framework.feature.rewind.gui+com.moonsworth.lunar.files	Files2	com/moonsworth/lunar/files/Files2.java
17	com.moonsworth.lunar.client.driver.core.gui.mixin.nameplate+com.moonsworth.lunar.client.framework.feature.rewind.gui+com.moonsworth.lunar.files	Files3	com/moonsworth/lunar/files/Files3.java
17	com.moonsworth.lunar.client.driver.core.gui.mixin.nameplate+com.moonsworth.lunar.client.framework.feature.rewind.gui+com.moonsworth.lunar.files	Files4	com/moonsworth/lunar/files/Files4.java
17	com.moonsworth.lunar.client.driver.core.gui.mixin.nameplate+com.moonsworth.lunar.client.framework.feature.rewind.gui+com.moonsworth.lunar.files	Files5	com/moonsworth/lunar/files/Files5.java
17	com.moonsworth.lunar.client.driver.core.gui.mixin.nameplate+com.moonsworth.lunar.client.framework.feature.rewind.gui+com.moonsworth.lunar.files	Files6	com/moonsworth/lunar/files/Files6.java
17	com.moonsworth.lunar.client.driver.core.gui.mixin.nameplate+com.moonsworth.lunar.client.framework.feature.rewind.gui+com.moonsworth.lunar.files	Files7	com/moonsworth/lunar/files/Files7.java
17	com.moonsworth.lunar.client.driver.core.gui.mixin.nameplate+com.moonsworth.lunar.client.framework.feature.rewind.gui+com.moonsworth.lunar.files	Files_2	com/moonsworth/lunar/files/Files_2.java
17	com.moonsworth.lunar.client.driver.core.gui.mixin.nameplate+com.moonsworth.lunar.client.framework.feature.rewind.gui+com.moonsworth.lunar.files	Files_3	com/moonsworth/lunar/files/Files_3.java
17	com.moonsworth.lunar.client.driver.core.gui.mixin.nameplate+com.moonsworth.lunar.client.framework.feature.rewind.gui+com.moonsworth.lunar.files	Files_4	com/moonsworth/lunar/files/Files_4.java
17	com.moonsworth.lunar.client.driver.core.gui.mixin.nameplate+com.moonsworth.lunar.client.framework.feature.rewind.gui+com.moonsworth.lunar.files	Files_5	com/moonsworth/lunar/files/Files_5.java
18	com.moonsworth.lunar.forge.mixin+com.moonsworth.lunar.client.framework.feature.mod.fishing+com.moonsworth.lunar.client.framework.feature.rewind+com.moonsworth.lunar.client.framework.feature.rewind.rewindhandlersNameplateCore.mixin	ASMClassLoaderMixin2	com/moonsworth/lunar/forge/mixin/ASMClassLoaderMixin2.java
18	com.moonsworth.lunar.forge.mixin+com.moonsworth.lunar.client.framework.feature.mod.fishing+com.moonsworth.lunar.client.framework.feature.rewind+com.moonsworth.lunar.client.framework.feature.rewind.rewindhandlersNameplateCore.mixin	EventBusMixin2	com/moonsworth/lunar/forge/mixin/EventBusMixin2.java
18	com.moonsworth.lunar.forge.mixin+com.moonsworth.lunar.client.framework.feature.mod.fishing+com.moonsworth.lunar.client.framework.feature.rewind+com.moonsworth.lunar.client.framework.feature.rewind.rewindhandlersNameplateCore.mixin	EventBusMixin22	com/moonsworth/lunar/forge/mixin/EventBusMixin22.java
18	com.moonsworth.lunar.forge.mixin+com.moonsworth.lunar.client.framework.feature.mod.fishing+com.moonsworth.lunar.client.framework.feature.rewind+com.moonsworth.lunar.client.framework.feature.rewind.rewindhandlersNameplateCore.mixin	EventBusMixin3	com/moonsworth/lunar/forge/mixin/EventBusMixin3.java
18	com.moonsworth.lunar.forge.mixin+com.moonsworth.lunar.client.framework.feature.mod.fishing+com.moonsworth.lunar.client.framework.feature.rewind+com.moonsworth.lunar.client.framework.feature.rewind.rewindhandlersNameplateCore.mixin	FMLCommonHandlerMixin2	com/moonsworth/lunar/forge/mixin/FMLCommonHandlerMixin2.java
18	com.moonsworth.lunar.forge.mixin+com.moonsworth.lunar.client.framework.feature.mod.fishing+com.moonsworth.lunar.client.framework.feature.rewind+com.moonsworth.lunar.client.framework.feature.rewind.rewindhandlersNameplateCore.mixin	FMLNetworkHandlerMixin2	com/moonsworth/lunar/forge/mixin/FMLNetworkHandlerMixin2.java
18	com.moonsworth.lunar.forge.mixin+com.moonsworth.lunar.client.framework.feature.mod.fishing+com.moonsworth.lunar.client.framework.feature.rewind+com.moonsworth.lunar.client.framework.feature.rewind.rewindhandlersNameplateCore.mixin	FMLSanityCheckerMixin2	com/moonsworth/lunar/forge/mixin/FMLSanityCheckerMixin2.java
18	com.moonsworth.lunar.forge.mixin+com.moonsworth.lunar.client.framework.feature.mod.fishing+com.moonsworth.lunar.client.framework.feature.rewind+com.moonsworth.lunar.client.framework.feature.rewind.rewindhandlersNameplateCore.mixin	ForgeEventFactoryMixin2	com/moonsworth/lunar/forge/mixin/ForgeEventFactoryMixin2.java
18	com.moonsworth.lunar.forge.mixin+com.moonsworth.lunar.client.framework.feature.mod.fishing+com.moonsworth.lunar.client.framework.feature.rewind+com.moonsworth.lunar.client.framework.feature.rewind.rewindhandlersNameplateCore.mixin	ForgeVersionMixin2	com/moonsworth/lunar/forge/mixin/ForgeVersionMixin2.java
18	com.moonsworth.lunar.forge.mixin+com.moonsworth.lunar.client.framework.feature.mod.fishing+com.moonsworth.lunar.client.framework.feature.rewind+com.moonsworth.lunar.client.framework.feature.rewind.rewindhandlersNameplateCore.mixin	LoaderMixin2	com/moonsworth/lunar/forge/mixin/LoaderMixin2.java
18	com.moonsworth.lunar.forge.mixin+com.moonsworth.lunar.client.framework.feature.mod.fishing+com.moonsworth.lunar.client.framework.feature.rewind+com.moonsworth.lunar.client.framework.feature.rewind.rewindhandlersNameplateCore.mixin	ModDiscovererMixin2	com/moonsworth/lunar/forge/mixin/ModDiscovererMixin2.java
18	com.moonsworth.lunar.forge.mixin+com.moonsworth.lunar.client.framework.feature.mod.fishing+com.moonsworth.lunar.client.framework.feature.rewind+com.moonsworth.lunar.client.framework.feature.rewind.rewindhandlersNameplateCore.mixin	ModelLoaderMixin2	com/moonsworth/lunar/forge/mixin/ModelLoaderMixin2.java
18	com.moonsworth.lunar.forge.mixin+com.moonsworth.lunar.client.framework.feature.mod.fishing+com.moonsworth.lunar.client.framework.feature.rewind+com.moonsworth.lunar.client.framework.feature.rewind.rewindhandlersNameplateCore.mixin	SplashProgressMixin2	com/moonsworth/lunar/forge/mixin/SplashProgressMixin2.java
18	com.moonsworth.lunar.forge.mixin+com.moonsworth.lunar.client.framework.feature.mod.fishing+com.moonsworth.lunar.client.framework.feature.rewind+com.moonsworth.lunar.client.framework.feature.rewind.rewindhandlersNameplateCore.mixin	Data2	com/moonsworth/lunar/client/framework/feature/mod/fishing/Fishing2.java
18	com.moonsworth.lunar.forge.mixin+com.moonsworth.lunar.client.framework.feature.mod.fishing+com.moonsworth.lunar.client.framework.feature.rewind+com.moonsworth.lunar.client.framework.feature.rewind.rewindhandlersNameplateCore.mixin	Fishing2	com/moonsworth/lunar/client/framework/feature/mod/fishing/Fishing2.java
18	com.moonsworth.lunar.forge.mixin+com.moonsworth.lunar.client.framework.feature.mod.fishing+com.moonsworth.lunar.client.framework.feature.rewind+com.moonsworth.lunar.client.framework.feature.rewind.rewindhandlersNameplateCore.mixin	Fishing3	com/moonsworth/lunar/client/framework/feature/mod/fishing/Fishing3.java
18	com.moonsworth.lunar.forge.mixin+com.moonsworth.lunar.client.framework.feature.mod.fishing+com.moonsworth.lunar.client.framework.feature.rewind+com.moonsworth.lunar.client.framework.feature.rewind.rewindhandlersNameplateCore.mixin	Fishing4	com/moonsworth/lunar/client/framework/feature/mod/fishing/Fishing4.java
18	com.moonsworth.lunar.forge.mixin+com.moonsworth.lunar.client.framework.feature.mod.fishing+com.moonsworth.lunar.client.framework.feature.rewind+com.moonsworth.lunar.client.framework.feature.rewind.rewindhandlersNameplateCore.mixin	Fishing5	com/moonsworth/lunar/client/framework/feature/mod/fishing/Fishing5.java
18	com.moonsworth.lunar.forge.mixin+com.moonsworth.lunar.client.framework.feature.mod.fishing+com.moonsworth.lunar.client.framework.feature.rewind+com.moonsworth.lunar.client.framework.feature.rewind.rewindhandlersNameplateCore.mixin	Fishing6	com/moonsworth/lunar/client/framework/feature/mod/fishing/Fishing6.java
18	com.moonsworth.lunar.forge.mixin+com.moonsworth.lunar.client.framework.feature.mod.fishing+com.moonsworth.lunar.client.framework.feature.rewind+com.moonsworth.lunar.client.framework.feature.rewind.rewindhandlersNameplateCore.mixin	Fishing_2	com/moonsworth/lunar/client/framework/feature/mod/fishing/Fishing_2.java
18	com.moonsworth.lunar.forge.mixin+com.moonsworth.lunar.client.framework.feature.mod.fishing+com.moonsworth.lunar.client.framework.feature.rewind+com.moonsworth.lunar.client.framework.feature.rewind.rewindhandlersNameplateCore.mixin	Fishing_3	com/moonsworth/lunar/client/framework/feature/mod/fishing/Fishing_3.java
18	com.moonsworth.lunar.forge.mixin+com.moonsworth.lunar.client.framework.feature.mod.fishing+com.moonsworth.lunar.client.framework.feature.rewind+com.moonsworth.lunar.client.framework.feature.rewind.rewindhandlersNameplateCore.mixin	Fishing_4	com/moonsworth/lunar/client/framework/feature/mod/fishing/Fishing_4.java
18	com.moonsworth.lunar.forge.mixin+com.moonsworth.lunar.client.framework.feature.mod.fishing+com.moonsworth.lunar.client.framework.feature.rewind+com.moonsworth.lunar.client.framework.feature.rewind.rewindhandlersNameplateCore.mixin	JsonDeserializerIterator2	com/moonsworth/lunar/client/framework/feature/mod/fishing/JsonDeserializerIterator2.java
18	com.moonsworth.lunar.forge.mixin+com.moonsworth.lunar.client.framework.feature.mod.fishing+com.moonsworth.lunar.client.framework.feature.rewind+com.moonsworth.lunar.client.framework.feature.rewind.rewindhandlersNameplateCore.mixin	JsonDeserializerIterator_2	com/moonsworth/lunar/client/framework/feature/mod/fishing/JsonDeserializerIterator_2.java
18	com.moonsworth.lunar.forge.mixin+com.moonsworth.lunar.client.framework.feature.mod.fishing+com.moonsworth.lunar.client.framework.feature.rewind+com.moonsworth.lunar.client.framework.feature.rewind.rewindhandlersNameplateCore.mixin	JsonDeserializerIterator_3	com/moonsworth/lunar/client/framework/feature/mod/fishing/JsonDeserializerIterator_3.java
18	com.moonsworth.lunar.forge.mixin+com.moonsworth.lunar.client.framework.feature.mod.fishing+com.moonsworth.lunar.client.framework.feature.rewind+com.moonsworth.lunar.client.framework.feature.rewind.rewindhandlersNameplateCore.mixin	Rewind2	com/moonsworth/lunar/client/framework/feature/rewind/Rewind2.java
18	com.moonsworth.lunar.forge.mixin+com.moonsworth.lunar.client.framework.feature.mod.fishing+com.moonsworth.lunar.client.framework.feature.rewind+com.moonsworth.lunar.client.framework.feature.rewind.rewindhandlersNameplateCore.mixin	Rewind3	com/moonsworth/lunar/client/framework/feature/rewind/Rewind3.java
18	com.moonsworth.lunar.forge.mixin+com.moonsworth.lunar.client.framework.feature.mod.fishing+com.moonsworth.lunar.client.framework.feature.rewind+com.moonsworth.lunar.client.framework.feature.rewind.rewindhandlersNameplateCore.mixin	Rewind4	com/moonsworth/lunar/client/framework/feature/rewind/Rewind4.java
18	com.moonsworth.lunar.forge.mixin+com.moonsworth.lunar.client.framework.feature.mod.fishing+com.moonsworth.lunar.client.framework.feature.rewind+com.moonsworth.lunar.client.framework.feature.rewind.rewindhandlersNameplateCore.mixin	RewindImpl2	com/moonsworth/lunar/client/framework/feature/rewind/RewindImpl2.java
18	com.moonsworth.lunar.forge.mixin+com.moonsworth.lunar.client.framework.feature.mod.fishing+com.moonsworth.lunar.client.framework.feature.rewind+com.moonsworth.lunar.client.framework.feature.rewind.rewindhandlersNameplateCore.mixin	RewindIterator2	com/moonsworth/lunar/client/framework/feature/rewind/RewindIterator2.java
18	com.moonsworth.lunar.forge.mixin+com.moonsworth.lunar.client.framework.feature.mod.fishing+com.moonsworth.lunar.client.framework.feature.rewind+com.moonsworth.lunar.client.framework.feature.rewind.rewindhandlersNameplateCore.mixin	RewindIterator22	com/moonsworth/lunar/client/framework/feature/rewind/RewindIterator22.java
18	com.moonsworth.lunar.forge.mixin+com.moonsworth.lunar.client.framework.feature.mod.fishing+com.moonsworth.lunar.client.framework.feature.rewind+com.moonsworth.lunar.client.framework.feature.rewind.rewindhandlersNameplateCore.mixin	RewindIterator23	com/moonsworth/lunar/client/framework/feature/rewind/RewindIterator23.java
18	com.moonsworth.lunar.forge.mixin+com.moonsworth.lunar.client.framework.feature.mod.fishing+com.moonsworth.lunar.client.framework.feature.rewind+com.moonsworth.lunar.client.framework.feature.rewind.rewindhandlersNameplateCore.mixin	RewindIterator_2	com/moonsworth/lunar/client/framework/feature/rewind/RewindIterator_2.java
18	com.moonsworth.lunar.forge.mixin+com.moonsworth.lunar.client.framework.feature.mod.fishing+com.moonsworth.lunar.client.framework.feature.rewind+com.moonsworth.lunar.client.framework.feature.rewind.rewindhandlersNameplateCore.mixin	Rewind_2	com/moonsworth/lunar/client/framework/feature/rewind/Rewind_2.java
18	com.moonsworth.lunar.forge.mixin+com.moonsworth.lunar.client.framework.feature.mod.fishing+com.moonsworth.lunar.client.framework.feature.rewind+com.moonsworth.lunar.client.framework.feature.rewind.rewindhandlersNameplateCore.mixin	Rewind_3	com/moonsworth/lunar/client/framework/feature/rewind/Rewind_3.java
18	com.moonsworth.lunar.forge.mixin+com.moonsworth.lunar.client.framework.feature.mod.fishing+com.moonsworth.lunar.client.framework.feature.rewind+com.moonsworth.lunar.client.framework.feature.rewind.rewindhandlersNameplateCore.mixin	Rewind_4	com/moonsworth/lunar/client/framework/feature/rewind/Rewind_4.java
18	com.moonsworth.lunar.forge.mixin+com.moonsworth.lunar.client.framework.feature.mod.fishing+com.moonsworth.lunar.client.framework.feature.rewind+com.moonsworth.lunar.client.framework.feature.rewind.rewindhandlersNameplateCore.mixin	Rewind_5	com/moonsworth/lunar/client/framework/feature/rewind/Rewind_5.java
18	com.moonsworth.lunar.forge.mixin+com.moonsworth.lunar.client.framework.feature.mod.fishing+com.moonsworth.lunar.client.framework.feature.rewind+com.moonsworth.lunar.client.framework.feature.rewind.rewindhandlersNameplateCore.mixin	RewindhandlersNameplateCoreImpl10	com/moonsworth/lunar/client/framework/feature/rewind/rewindhandlersNameplateCore/mixin/RewindhandlersNameplateCoreImpl10.java
18	com.moonsworth.lunar.forge.mixin+com.moonsworth.lunar.client.framework.feature.mod.fishing+com.moonsworth.lunar.client.framework.feature.rewind+com.moonsworth.lunar.client.framework.feature.rewind.rewindhandlersNameplateCore.mixin	RewindhandlersNameplateCoreImpl11	com/moonsworth/lunar/client/framework/feature/rewind/rewindhandlersNameplateCore/mixin/RewindhandlersNameplateCoreImpl11.java
18	com.moonsworth.lunar.forge.mixin+com.moonsworth.lunar.client.framework.feature.mod.fishing+com.moonsworth.lunar.client.framework.feature.rewind+com.moonsworth.lunar.client.framework.feature.rewind.rewindhandlersNameplateCore.mixin	RewindhandlersNameplateCoreImpl12	com/moonsworth/lunar/client/framework/feature/rewind/rewindhandlersNameplateCore/mixin/RewindhandlersNameplateCoreImpl12.java
18	com.moonsworth.lunar.forge.mixin+com.moonsworth.lunar.client.framework.feature.mod.fishing+com.moonsworth.lunar.client.framework.feature.rewind+com.moonsworth.lunar.client.framework.feature.rewind.rewindhandlersNameplateCore.mixin	RewindhandlersNameplateCoreImpl13	com/moonsworth/lunar/client/framework/feature/rewind/rewindhandlersNameplateCore/mixin/RewindhandlersNameplateCoreImpl13.java
18	com.moonsworth.lunar.forge.mixin+com.moonsworth.lunar.client.framework.feature.mod.fishing+com.moonsworth.lunar.client.framework.feature.rewind+com.moonsworth.lunar.client.framework.feature.rewind.rewindhandlersNameplateCore.mixin	RewindhandlersNameplateCoreImpl2	com/moonsworth/lunar/client/framework/feature/rewind/rewindhandlersNameplateCore/mixin/RewindhandlersNameplateCoreImpl2.java
18	com.moonsworth.lunar.forge.mixin+com.moonsworth.lunar.client.framework.feature.mod.fishing+com.moonsworth.lunar.client.framework.feature.rewind+com.moonsworth.lunar.client.framework.feature.rewind.rewindhandlersNameplateCore.mixin	RewindhandlersNameplateCoreImpl3	com/moonsworth/lunar/client/framework/feature/rewind/rewindhandlersNameplateCore/mixin/RewindhandlersNameplateCoreImpl3.java
18	com.moonsworth.lunar.forge.mixin+com.moonsworth.lunar.client.framework.feature.mod.fishing+com.moonsworth.lunar.client.framework.feature.rewind+com.moonsworth.lunar.client.framework.feature.rewind.rewindhandlersNameplateCore.mixin	RewindhandlersNameplateCoreImpl4	com/moonsworth/lunar/client/framework/feature/rewind/rewindhandlersNameplateCore/mixin/RewindhandlersNameplateCoreImpl4.java
18	com.moonsworth.lunar.forge.mixin+com.moonsworth.lunar.client.framework.feature.mod.fishing+com.moonsworth.lunar.client.framework.feature.rewind+com.moonsworth.lunar.client.framework.feature.rewind.rewindhandlersNameplateCore.mixin	RewindhandlersNameplateCoreImpl5	com/moonsworth/lunar/client/framework/feature/rewind/rewindhandlersNameplateCore/mixin/RewindhandlersNameplateCoreImpl5.java
18	com.moonsworth.lunar.forge.mixin+com.moonsworth.lunar.client.framework.feature.mod.fishing+com.moonsworth.lunar.client.framework.feature.rewind+com.moonsworth.lunar.client.framework.feature.rewind.rewindhandlersNameplateCore.mixin	RewindhandlersNameplateCoreImpl6	com/moonsworth/lunar/client/framework/feature/rewind/rewindhandlersNameplateCore/mixin/RewindhandlersNameplateCoreImpl6.java
18	com.moonsworth.lunar.forge.mixin+com.moonsworth.lunar.client.framework.feature.mod.fishing+com.moonsworth.lunar.client.framework.feature.rewind+com.moonsworth.lunar.client.framework.feature.rewind.rewindhandlersNameplateCore.mixin	RewindhandlersNameplateCoreImpl7	com/moonsworth/lunar/client/framework/feature/rewind/rewindhandlersNameplateCore/mixin/RewindhandlersNameplateCoreImpl7.java
18	com.moonsworth.lunar.forge.mixin+com.moonsworth.lunar.client.framework.feature.mod.fishing+com.moonsworth.lunar.client.framework.feature.rewind+com.moonsworth.lunar.client.framework.feature.rewind.rewindhandlersNameplateCore.mixin	RewindhandlersNameplateCoreImpl8	com/moonsworth/lunar/client/framework/feature/rewind/rewindhandlersNameplateCore/mixin/RewindhandlersNameplateCoreImpl8.java
18	com.moonsworth.lunar.forge.mixin+com.moonsworth.lunar.client.framework.feature.mod.fishing+com.moonsworth.lunar.client.framework.feature.rewind+com.moonsworth.lunar.client.framework.feature.rewind.rewindhandlersNameplateCore.mixin	RewindhandlersNameplateCoreImpl9	com/moonsworth/lunar/client/framework/feature/rewind/rewindhandlersNameplateCore/mixin/RewindhandlersNameplateCoreImpl9.java
19	com.moonsworth.lunar.client.util.click+com.moonsworth.lunar.replaymod.mixin+net.minecraft.world.gen.structure+com.moonsworth.lunar.client.framework.feature.rewind.rewindhandlersNameplateCore	BridgeExtension2	com/moonsworth/lunar/client/util/click/BridgeExtension2.java
19	com.moonsworth.lunar.client.util.click+com.moonsworth.lunar.replaymod.mixin+net.minecraft.world.gen.structure+com.moonsworth.lunar.client.framework.feature.rewind.rewindhandlersNameplateCore	BridgeExtension3	com/moonsworth/lunar/client/util/click/BridgeExtension3.java
19	com.moonsworth.lunar.client.util.click+com.moonsworth.lunar.replaymod.mixin+net.minecraft.world.gen.structure+com.moonsworth.lunar.client.framework.feature.rewind.rewindhandlersNameplateCore	Click10	com/moonsworth/lunar/client/util/click/Click10.java
19	com.moonsworth.lunar.client.util.click+com.moonsworth.lunar.replaymod.mixin+net.minecraft.world.gen.structure+com.moonsworth.lunar.client.framework.feature.rewind.rewindhandlersNameplateCore	Click11	com/moonsworth/lunar/client/util/click/Click11.java
19	com.moonsworth.lunar.client.util.click+com.moonsworth.lunar.replaymod.mixin+net.minecraft.world.gen.structure+com.moonsworth.lunar.client.framework.feature.rewind.rewindhandlersNameplateCore	Click12	com/moonsworth/lunar/client/util/click/Click12.java
19	com.moonsworth.lunar.client.util.click+com.moonsworth.lunar.replaymod.mixin+net.minecraft.world.gen.structure+com.moonsworth.lunar.client.framework.feature.rewind.rewindhandlersNameplateCore	Click2	com/moonsworth/lunar/client/util/click/Click2.java
19	com.moonsworth.lunar.client.util.click+com.moonsworth.lunar.replaymod.mixin+net.minecraft.world.gen.structure+com.moonsworth.lunar.client.framework.feature.rewind.rewindhandlersNameplateCore	Click3	com/moonsworth/lunar/client/util/click/Click3.java
19	com.moonsworth.lunar.client.util.click+com.moonsworth.lunar.replaymod.mixin+net.minecraft.world.gen.structure+com.moonsworth.lunar.client.framework.feature.rewind.rewindhandlersNameplateCore	Click4	com/moonsworth/lunar/client/util/click/Click4.java
19	com.moonsworth.lunar.client.util.click+com.moonsworth.lunar.replaymod.mixin+net.minecraft.world.gen.structure+com.moonsworth.lunar.client.framework.feature.rewind.rewindhandlersNameplateCore	Click5	com/moonsworth/lunar/client/util/click/Click5.java
19	com.moonsworth.lunar.client.util.click+com.moonsworth.lunar.replaymod.mixin+net.minecraft.world.gen.structure+com.moonsworth.lunar.client.framework.feature.rewind.rewindhandlersNameplateCore	Click6	com/moonsworth/lunar/client/util/click/Click6.java
19	com.moonsworth.lunar.client.util.click+com.moonsworth.lunar.replaymod.mixin+net.minecraft.world.gen.structure+com.moonsworth.lunar.client.framework.feature.rewind.rewindhandlersNameplateCore	Click8	com/moonsworth/lunar/client/util/click/Click8.java
19	com.moonsworth.lunar.client.util.click+com.moonsworth.lunar.replaymod.mixin+net.minecraft.world.gen.structure+com.moonsworth.lunar.client.framework.feature.rewind.rewindhandlersNameplateCore	Click9	com/moonsworth/lunar/client/util/click/Click9.java
19	com.moonsworth.lunar.client.util.click+com.moonsworth.lunar.replaymod.mixin+net.minecraft.world.gen.structure+com.moonsworth.lunar.client.framework.feature.rewind.rewindhandlersNameplateCore	GuiBackgroundProcessMixin_Element_v1_8	com/moonsworth/lunar/replaymod/mixin/GuiBackgroundProcessMixin_Element_v1_8.java
19	com.moonsworth.lunar.client.util.click+com.moonsworth.lunar.replaymod.mixin+net.minecraft.world.gen.structure+com.moonsworth.lunar.client.framework.feature.rewind.rewindhandlersNameplateCore	GuiBackgroundProcessMixin_v1_8	com/moonsworth/lunar/replaymod/mixin/GuiBackgroundProcessMixin_v1_8.java
19	com.moonsworth.lunar.client.util.click+com.moonsworth.lunar.replaymod.mixin+net.minecraft.world.gen.structure+com.moonsworth.lunar.client.framework.feature.rewind.rewindhandlersNameplateCore	GuiHandlerMixin_v1_8	com/moonsworth/lunar/replaymod/mixin/GuiHandlerMixin_v1_8.java
19	com.moonsworth.lunar.client.util.click+com.moonsworth.lunar.replaymod.mixin+net.minecraft.world.gen.structure+com.moonsworth.lunar.client.framework.feature.rewind.rewindhandlersNameplateCore	GuiHandlerReplayMixin_v1_12	com/moonsworth/lunar/replaymod/mixin/GuiHandlerReplayMixin_v1_12.java
19	com.moonsworth.lunar.client.util.click+com.moonsworth.lunar.replaymod.mixin+net.minecraft.world.gen.structure+com.moonsworth.lunar.client.framework.feature.rewind.rewindhandlersNameplateCore	GuiHandlerReplayMixin_v1_8	com/moonsworth/lunar/replaymod/mixin/GuiHandlerReplayMixin_v1_8.java
19	com.moonsworth.lunar.client.util.click+com.moonsworth.lunar.replaymod.mixin+net.minecraft.world.gen.structure+com.moonsworth.lunar.client.framework.feature.rewind.rewindhandlersNameplateCore	GuiPathingMixin_v1_8	com/moonsworth/lunar/replaymod/mixin/GuiPathingMixin_v1_8.java
19	com.moonsworth.lunar.client.util.click+com.moonsworth.lunar.replaymod.mixin+net.minecraft.world.gen.structure+com.moonsworth.lunar.client.framework.feature.rewind.rewindhandlersNameplateCore	GuiRecordingControlsMixin_v1_8	com/moonsworth/lunar/replaymod/mixin/GuiRecordingControlsMixin_v1_8.java
19	com.moonsworth.lunar.client.util.click+com.moonsworth.lunar.replaymod.mixin+net.minecraft.world.gen.structure+com.moonsworth.lunar.client.framework.feature.rewind.rewindhandlersNameplateCore	GuiRecordingOverlayMixin_v1_8	com/moonsworth/lunar/replaymod/mixin/GuiRecordingOverlayMixin_v1_8.java
19	com.moonsworth.lunar.client.util.click+com.moonsworth.lunar.replaymod.mixin+net.minecraft.world.gen.structure+com.moonsworth.lunar.client.framework.feature.rewind.rewindhandlersNameplateCore	GuiReplayViewerMixin_v1_8	com/moonsworth/lunar/replaymod/mixin/GuiReplayViewerMixin_v1_8.java
19	com.moonsworth.lunar.client.util.click+com.moonsworth.lunar.replaymod.mixin+net.minecraft.world.gen.structure+com.moonsworth.lunar.client.framework.feature.rewind.rewindhandlersNameplateCore	GuiSavingReplayMixin_v1_8	com/moonsworth/lunar/replaymod/mixin/GuiSavingReplayMixin_v1_8.java
19	com.moonsworth.lunar.client.util.click+com.moonsworth.lunar.replaymod.mixin+net.minecraft.world.gen.structure+com.moonsworth.lunar.client.framework.feature.rewind.rewindhandlersNameplateCore	SettingKeysMixin_v1_8	com/moonsworth/lunar/replaymod/mixin/SettingKeysMixin_v1_8.java
19	com.moonsworth.lunar.client.util.click+com.moonsworth.lunar.replaymod.mixin+net.minecraft.world.gen.structure+com.moonsworth.lunar.client.framework.feature.rewind.rewindhandlersNameplateCore	SettingsRegistryMixin_v1_8	com/moonsworth/lunar/replaymod/mixin/SettingsRegistryMixin_v1_8.java
19	com.moonsworth.lunar.client.util.click+com.moonsworth.lunar.replaymod.mixin+net.minecraft.world.gen.structure+com.moonsworth.lunar.client.framework.feature.rewind.rewindhandlersNameplateCore	Corridor2	net/minecraft/world/gen/structure/StructureNetherBridgePieces.java
19	com.moonsworth.lunar.client.util.click+com.moonsworth.lunar.replaymod.mixin+net.minecraft.world.gen.structure+com.moonsworth.lunar.client.framework.feature.rewind.rewindhandlersNameplateCore	Corridor3	net/minecraft/world/gen/structure/StructureNetherBridgePieces.java
19	com.moonsworth.lunar.client.util.click+com.moonsworth.lunar.replaymod.mixin+net.minecraft.world.gen.structure+com.moonsworth.lunar.client.framework.feature.rewind.rewindhandlersNameplateCore	Corridor4	net/minecraft/world/gen/structure/StructureNetherBridgePieces.java
19	com.moonsworth.lunar.client.util.click+com.moonsworth.lunar.replaymod.mixin+net.minecraft.world.gen.structure+com.moonsworth.lunar.client.framework.feature.rewind.rewindhandlersNameplateCore	Corridor5	net/minecraft/world/gen/structure/StructureNetherBridgePieces.java
19	com.moonsworth.lunar.client.util.click+com.moonsworth.lunar.replaymod.mixin+net.minecraft.world.gen.structure+com.moonsworth.lunar.client.framework.feature.rewind.rewindhandlersNameplateCore	Crossing2	net/minecraft/world/gen/structure/StructureNetherBridgePieces.java
19	com.moonsworth.lunar.client.util.click+com.moonsworth.lunar.replaymod.mixin+net.minecraft.world.gen.structure+com.moonsworth.lunar.client.framework.feature.rewind.rewindhandlersNameplateCore	Crossing3	net/minecraft/world/gen/structure/StructureNetherBridgePieces.java
19	com.moonsworth.lunar.client.util.click+com.moonsworth.lunar.replaymod.mixin+net.minecraft.world.gen.structure+com.moonsworth.lunar.client.framework.feature.rewind.rewindhandlersNameplateCore	Field1	net/minecraft/world/gen/structure/StructureVillagePieces.java
19	com.moonsworth.lunar.client.util.click+com.moonsworth.lunar.replaymod.mixin+net.minecraft.world.gen.structure+com.moonsworth.lunar.client.framework.feature.rewind.rewindhandlersNameplateCore	Field2	net/minecraft/world/gen/structure/StructureVillagePieces.java
19	com.moonsworth.lunar.client.util.click+com.moonsworth.lunar.replaymod.mixin+net.minecraft.world.gen.structure+com.moonsworth.lunar.client.framework.feature.rewind.rewindhandlersNameplateCore	House1	net/minecraft/world/gen/structure/StructureVillagePieces.java
19	com.moonsworth.lunar.client.util.click+com.moonsworth.lunar.replaymod.mixin+net.minecraft.world.gen.structure+com.moonsworth.lunar.client.framework.feature.rewind.rewindhandlersNameplateCore	House2	net/minecraft/world/gen/structure/StructureVillagePieces.java
19	com.moonsworth.lunar.client.util.click+com.moonsworth.lunar.replaymod.mixin+net.minecraft.world.gen.structure+com.moonsworth.lunar.client.framework.feature.rewind.rewindhandlersNameplateCore	House3	net/minecraft/world/gen/structure/StructureVillagePieces.java
19	com.moonsworth.lunar.client.util.click+com.moonsworth.lunar.replaymod.mixin+net.minecraft.world.gen.structure+com.moonsworth.lunar.client.framework.feature.rewind.rewindhandlersNameplateCore	Stairs2	net/minecraft/world/gen/structure/StructureStrongholdPieces.java
19	com.moonsworth.lunar.client.util.click+com.moonsworth.lunar.replaymod.mixin+net.minecraft.world.gen.structure+com.moonsworth.lunar.client.framework.feature.rewind.rewindhandlersNameplateCore	RewindhandlersNameplateCore2	com/moonsworth/lunar/client/framework/feature/rewind/rewindhandlersNameplateCore/RewindhandlersNameplateCore2.java
19	com.moonsworth.lunar.client.util.click+com.moonsworth.lunar.replaymod.mixin+net.minecraft.world.gen.structure+com.moonsworth.lunar.client.framework.feature.rewind.rewindhandlersNameplateCore	RewindhandlersNameplateCore3	com/moonsworth/lunar/client/framework/feature/rewind/rewindhandlersNameplateCore/RewindhandlersNameplateCore3.java
19	com.moonsworth.lunar.client.util.click+com.moonsworth.lunar.replaymod.mixin+net.minecraft.world.gen.structure+com.moonsworth.lunar.client.framework.feature.rewind.rewindhandlersNameplateCore	RewindhandlersNameplateCore4	com/moonsworth/lunar/client/framework/feature/rewind/rewindhandlersNameplateCore/RewindhandlersNameplateCore4.java
19	com.moonsworth.lunar.client.util.click+com.moonsworth.lunar.replaymod.mixin+net.minecraft.world.gen.structure+com.moonsworth.lunar.client.framework.feature.rewind.rewindhandlersNameplateCore	RewindhandlersNameplateCoreHandler2	com/moonsworth/lunar/client/framework/feature/rewind/rewindhandlersNameplateCore/RewindhandlersNameplateCoreHandler2.java
19	com.moonsworth.lunar.client.util.click+com.moonsworth.lunar.replaymod.mixin+net.minecraft.world.gen.structure+com.moonsworth.lunar.client.framework.feature.rewind.rewindhandlersNameplateCore	RewindhandlersNameplateCoreIterator2	com/moonsworth/lunar/client/framework/feature/rewind/rewindhandlersNameplateCore/RewindhandlersNameplateCoreIterator2.java
19	com.moonsworth.lunar.client.util.click+com.moonsworth.lunar.replaymod.mixin+net.minecraft.world.gen.structure+com.moonsworth.lunar.client.framework.feature.rewind.rewindhandlersNameplateCore	RewindhandlersNameplateCoreIterator3	com/moonsworth/lunar/client/framework/feature/rewind/rewindhandlersNameplateCore/RewindhandlersNameplateCoreIterator3.java
19	com.moonsworth.lunar.client.util.click+com.moonsworth.lunar.replaymod.mixin+net.minecraft.world.gen.structure+com.moonsworth.lunar.client.framework.feature.rewind.rewindhandlersNameplateCore	RewindhandlersNameplateCoreIterator4	com/moonsworth/lunar/client/framework/feature/rewind/rewindhandlersNameplateCore/RewindhandlersNameplateCoreIterator4.java
19	com.moonsworth.lunar.client.util.click+com.moonsworth.lunar.replaymod.mixin+net.minecraft.world.gen.structure+com.moonsworth.lunar.client.framework.feature.rewind.rewindhandlersNameplateCore	RewindhandlersNameplateCoreIterator5	com/moonsworth/lunar/client/framework/feature/rewind/rewindhandlersNameplateCore/RewindhandlersNameplateCoreIterator5.java
19	com.moonsworth.lunar.client.util.click+com.moonsworth.lunar.replaymod.mixin+net.minecraft.world.gen.structure+com.moonsworth.lunar.client.framework.feature.rewind.rewindhandlersNameplateCore	RewindhandlersNameplateCoreIterator6	com/moonsworth/lunar/client/framework/feature/rewind/rewindhandlersNameplateCore/RewindhandlersNameplateCoreIterator6.java
19	com.moonsworth.lunar.client.util.click+com.moonsworth.lunar.replaymod.mixin+net.minecraft.world.gen.structure+com.moonsworth.lunar.client.framework.feature.rewind.rewindhandlersNameplateCore	RewindhandlersNameplateCore_2	com/moonsworth/lunar/client/framework/feature/rewind/rewindhandlersNameplateCore/RewindhandlersNameplateCore_2.java
19	com.moonsworth.lunar.client.util.click+com.moonsworth.lunar.replaymod.mixin+net.minecraft.world.gen.structure+com.moonsworth.lunar.client.framework.feature.rewind.rewindhandlersNameplateCore	RewindhandlersNameplateCore_3	com/moonsworth/lunar/client/framework/feature/rewind/rewindhandlersNameplateCore/RewindhandlersNameplateCore_3.java
20	com.moonsworth.lunar.client.mixin+com.moonsworth.lunar.client.framework.feature.rewind.rewindhandlers+com.moonsworth.lunar.ichor.mixin+com.moonsworth.lunar.client.coordinates+com.moonsworth.lunar.legacy	EntityFXMixin2	com/moonsworth/lunar/client/mixin/EntityFXMixin2.java
20	com.moonsworth.lunar.client.mixin+com.moonsworth.lunar.client.framework.feature.rewind.rewindhandlers+com.moonsworth.lunar.ichor.mixin+com.moonsworth.lunar.client.coordinates+com.moonsworth.lunar.legacy	EntityRenderer2	com/moonsworth/lunar/client/mixin/EntityRenderer2.java
20	com.moonsworth.lunar.client.mixin+com.moonsworth.lunar.client.framework.feature.rewind.rewindhandlers+com.moonsworth.lunar.ichor.mixin+com.moonsworth.lunar.client.coordinates+com.moonsworth.lunar.legacy	EntityRenderer3	com/moonsworth/lunar/client/mixin/EntityRenderer3.java
20	com.moonsworth.lunar.client.mixin+com.moonsworth.lunar.client.framework.feature.rewind.rewindhandlers+com.moonsworth.lunar.ichor.mixin+com.moonsworth.lunar.client.coordinates+com.moonsworth.lunar.legacy	EntityRenderer4	com/moonsworth/lunar/client/mixin/EntityRenderer4.java
20	com.moonsworth.lunar.client.mixin+com.moonsworth.lunar.client.framework.feature.rewind.rewindhandlers+com.moonsworth.lunar.ichor.mixin+com.moonsworth.lunar.client.coordinates+com.moonsworth.lunar.legacy	EntityRenderer5	com/moonsworth/lunar/client/mixin/EntityRenderer5.java
20	com.moonsworth.lunar.client.mixin+com.moonsworth.lunar.client.framework.feature.rewind.rewindhandlers+com.moonsworth.lunar.ichor.mixin+com.moonsworth.lunar.client.coordinates+com.moonsworth.lunar.legacy	EntityRenderer6	com/moonsworth/lunar/client/mixin/EntityRenderer6.java
20	com.moonsworth.lunar.client.mixin+com.moonsworth.lunar.client.framework.feature.rewind.rewindhandlers+com.moonsworth.lunar.ichor.mixin+com.moonsworth.lunar.client.coordinates+com.moonsworth.lunar.legacy	EntityRendererMixin2	com/moonsworth/lunar/client/mixin/EntityRendererMixin2.java
20	com.moonsworth.lunar.client.mixin+com.moonsworth.lunar.client.framework.feature.rewind.rewindhandlers+com.moonsworth.lunar.ichor.mixin+com.moonsworth.lunar.client.coordinates+com.moonsworth.lunar.legacy	EntityRendererMixin3	com/moonsworth/lunar/client/mixin/EntityRendererMixin3.java
20	com.moonsworth.lunar.client.mixin+com.moonsworth.lunar.client.framework.feature.rewind.rewindhandlers+com.moonsworth.lunar.ichor.mixin+com.moonsworth.lunar.client.coordinates+com.moonsworth.lunar.legacy	EntityRendererType2	com/moonsworth/lunar/client/mixin/EntityRendererType2.java
20	com.moonsworth.lunar.client.mixin+com.moonsworth.lunar.client.framework.feature.rewind.rewindhandlers+com.moonsworth.lunar.ichor.mixin+com.moonsworth.lunar.client.coordinates+com.moonsworth.lunar.legacy	TextureMapMixin2	com/moonsworth/lunar/client/mixin/TextureMapMixin2.java
20	com.moonsworth.lunar.client.mixin+com.moonsworth.lunar.client.framework.feature.rewind.rewindhandlers+com.moonsworth.lunar.ichor.mixin+com.moonsworth.lunar.client.coordinates+com.moonsworth.lunar.legacy	TextureMapMixin3	com/moonsworth/lunar/client/mixin/TextureMapMixin3.java
20	com.moonsworth.lunar.client.mixin+com.moonsworth.lunar.client.framework.feature.rewind.rewindhandlers+com.moonsworth.lunar.ichor.mixin+com.moonsworth.lunar.client.coordinates+com.moonsworth.lunar.legacy	Data4	com/moonsworth/lunar/client/framework/feature/rewind/rewindhandlers/Rewindhandlers2.java
20	com.moonsworth.lunar.client.mixin+com.moonsworth.lunar.client.framework.feature.rewind.rewindhandlers+com.moonsworth.lunar.ichor.mixin+com.moonsworth.lunar.client.coordinates+com.moonsworth.lunar.legacy	Gui2Extension2	com/moonsworth/lunar/client/framework/feature/rewind/rewindhandlers/Gui2Extension2.java
20	com.moonsworth.lunar.client.mixin+com.moonsworth.lunar.client.framework.feature.rewind.rewindhandlers+com.moonsworth.lunar.ichor.mixin+com.moonsworth.lunar.client.coordinates+com.moonsworth.lunar.legacy	Gui2Extension3	com/moonsworth/lunar/client/framework/feature/rewind/rewindhandlers/Gui2Extension3.java
20	com.moonsworth.lunar.client.mixin+com.moonsworth.lunar.client.framework.feature.rewind.rewindhandlers+com.moonsworth.lunar.ichor.mixin+com.moonsworth.lunar.client.coordinates+com.moonsworth.lunar.legacy	Gui2Extension4	com/moonsworth/lunar/client/framework/feature/rewind/rewindhandlers/Gui2Extension4.java
20	com.moonsworth.lunar.client.mixin+com.moonsworth.lunar.client.framework.feature.rewind.rewindhandlers+com.moonsworth.lunar.ichor.mixin+com.moonsworth.lunar.client.coordinates+com.moonsworth.lunar.legacy	Rewindhandlers2	com/moonsworth/lunar/client/framework/feature/rewind/rewindhandlers/Rewindhandlers2.java
20	com.moonsworth.lunar.client.mixin+com.moonsworth.lunar.client.framework.feature.rewind.rewindhandlers+com.moonsworth.lunar.ichor.mixin+com.moonsworth.lunar.client.coordinates+com.moonsworth.lunar.legacy	Rewindhandlers_2	com/moonsworth/lunar/client/framework/feature/rewind/rewindhandlers/Rewindhandlers_2.java
20	com.moonsworth.lunar.client.mixin+com.moonsworth.lunar.client.framework.feature.rewind.rewindhandlers+com.moonsworth.lunar.ichor.mixin+com.moonsworth.lunar.client.coordinates+com.moonsworth.lunar.legacy	Rewindhandlers_3	com/moonsworth/lunar/client/framework/feature/rewind/rewindhandlers/Rewindhandlers_3.java
20	com.moonsworth.lunar.client.mixin+com.moonsworth.lunar.client.framework.feature.rewind.rewindhandlers+com.moonsworth.lunar.ichor.mixin+com.moonsworth.lunar.client.coordinates+com.moonsworth.lunar.legacy	Rewindhandlers_4	com/moonsworth/lunar/client/framework/feature/rewind/rewindhandlers/Rewindhandlers_4.java
20	com.moonsworth.lunar.client.mixin+com.moonsworth.lunar.client.framework.feature.rewind.rewindhandlers+com.moonsworth.lunar.ichor.mixin+com.moonsworth.lunar.client.coordinates+com.moonsworth.lunar.legacy	Rewindhandlers_5	com/moonsworth/lunar/client/framework/feature/rewind/rewindhandlers/Rewindhandlers_5.java
20	com.moonsworth.lunar.client.mixin+com.moonsworth.lunar.client.framework.feature.rewind.rewindhandlers+com.moonsworth.lunar.ichor.mixin+com.moonsworth.lunar.client.coordinates+com.moonsworth.lunar.legacy	Rewindhandlers_6	com/moonsworth/lunar/client/framework/feature/rewind/rewindhandlers/Rewindhandlers_6.java
20	com.moonsworth.lunar.client.mixin+com.moonsworth.lunar.client.framework.feature.rewind.rewindhandlers+com.moonsworth.lunar.ichor.mixin+com.moonsworth.lunar.client.coordinates+com.moonsworth.lunar.legacy	Data2	com/moonsworth/lunar/ichor/mixin/SignatureVisitorImpl.java
20	com.moonsworth.lunar.client.mixin+com.moonsworth.lunar.client.framework.feature.rewind.rewindhandlers+com.moonsworth.lunar.ichor.mixin+com.moonsworth.lunar.client.coordinates+com.moonsworth.lunar.legacy	Data3	com/moonsworth/lunar/ichor/mixin/SignatureVisitorImpl.java
20	com.moonsworth.lunar.client.mixin+com.moonsworth.lunar.client.framework.feature.rewind.rewindhandlers+com.moonsworth.lunar.ichor.mixin+com.moonsworth.lunar.client.coordinates+com.moonsworth.lunar.legacy	MixinHelper2	com/moonsworth/lunar/ichor/mixin/MixinHelper2.java
20	com.moonsworth.lunar.client.mixin+com.moonsworth.lunar.client.framework.feature.rewind.rewindhandlers+com.moonsworth.lunar.ichor.mixin+com.moonsworth.lunar.client.coordinates+com.moonsworth.lunar.legacy	MixinHelper3	com/moonsworth/lunar/ichor/mixin/MixinHelper3.java
20	com.moonsworth.lunar.client.mixin+com.moonsworth.lunar.client.framework.feature.rewind.rewindhandlers+com.moonsworth.lunar.ichor.mixin+com.moonsworth.lunar.client.coordinates+com.moonsworth.lunar.legacy	MixinHelper32	com/moonsworth/lunar/ichor/mixin/MixinHelper32.java
20	com.moonsworth.lunar.client.mixin+com.moonsworth.lunar.client.framework.feature.rewind.rewindhandlers+com.moonsworth.lunar.ichor.mixin+com.moonsworth.lunar.client.coordinates+com.moonsworth.lunar.legacy	MixinHelper33	com/moonsworth/lunar/ichor/mixin/MixinHelper33.java
20	com.moonsworth.lunar.client.mixin+com.moonsworth.lunar.client.framework.feature.rewind.rewindhandlers+com.moonsworth.lunar.ichor.mixin+com.moonsworth.lunar.client.coordinates+com.moonsworth.lunar.legacy	MixinHelper4	com/moonsworth/lunar/ichor/mixin/MixinHelper4.java
20	com.moonsworth.lunar.client.mixin+com.moonsworth.lunar.client.framework.feature.rewind.rewindhandlers+com.moonsworth.lunar.ichor.mixin+com.moonsworth.lunar.client.coordinates+com.moonsworth.lunar.legacy	MixinHelper5	com/moonsworth/lunar/ichor/mixin/MixinHelper5.java
20	com.moonsworth.lunar.client.mixin+com.moonsworth.lunar.client.framework.feature.rewind.rewindhandlers+com.moonsworth.lunar.ichor.mixin+com.moonsworth.lunar.client.coordinates+com.moonsworth.lunar.legacy	MixinHelper6	com/moonsworth/lunar/ichor/mixin/MixinHelper6.java
20	com.moonsworth.lunar.client.mixin+com.moonsworth.lunar.client.framework.feature.rewind.rewindhandlers+com.moonsworth.lunar.ichor.mixin+com.moonsworth.lunar.client.coordinates+com.moonsworth.lunar.legacy	MixinHelper7	com/moonsworth/lunar/ichor/mixin/MixinHelper7.java
20	com.moonsworth.lunar.client.mixin+com.moonsworth.lunar.client.framework.feature.rewind.rewindhandlers+com.moonsworth.lunar.ichor.mixin+com.moonsworth.lunar.client.coordinates+com.moonsworth.lunar.legacy	Coordinates2	com/moonsworth/lunar/client/coordinates/Coordinates2.java
20	com.moonsworth.lunar.client.mixin+com.moonsworth.lunar.client.framework.feature.rewind.rewindhandlers+com.moonsworth.lunar.ichor.mixin+com.moonsworth.lunar.client.coordinates+com.moonsworth.lunar.legacy	Coordinates3	com/moonsworth/lunar/client/coordinates/Coordinates3.java
20	com.moonsworth.lunar.client.mixin+com.moonsworth.lunar.client.framework.feature.rewind.rewindhandlers+com.moonsworth.lunar.ichor.mixin+com.moonsworth.lunar.client.coordinates+com.moonsworth.lunar.legacy	Coordinates4	com/moonsworth/lunar/client/coordinates/Coordinates4.java
20	com.moonsworth.lunar.client.mixin+com.moonsworth.lunar.client.framework.feature.rewind.rewindhandlers+com.moonsworth.lunar.ichor.mixin+com.moonsworth.lunar.client.coordinates+com.moonsworth.lunar.legacy	Coordinates5	com/moonsworth/lunar/client/coordinates/Coordinates5.java
20	com.moonsworth.lunar.client.mixin+com.moonsworth.lunar.client.framework.feature.rewind.rewindhandlers+com.moonsworth.lunar.ichor.mixin+com.moonsworth.lunar.client.coordinates+com.moonsworth.lunar.legacy	Data3	com/moonsworth/lunar/client/coordinates/FogIterator.java
20	com.moonsworth.lunar.client.mixin+com.moonsworth.lunar.client.framework.feature.rewind.rewindhandlers+com.moonsworth.lunar.ichor.mixin+com.moonsworth.lunar.client.coordinates+com.moonsworth.lunar.legacy	Data4	com/moonsworth/lunar/client/coordinates/FogIterator.java
20	com.moonsworth.lunar.client.mixin+com.moonsworth.lunar.client.framework.feature.rewind.rewindhandlers+com.moonsworth.lunar.ichor.mixin+com.moonsworth.lunar.client.coordinates+com.moonsworth.lunar.legacy	Data5	com/moonsworth/lunar/client/coordinates/Coordinates3.java
20	com.moonsworth.lunar.client.mixin+com.moonsworth.lunar.client.framework.feature.rewind.rewindhandlers+com.moonsworth.lunar.ichor.mixin+com.moonsworth.lunar.client.coordinates+com.moonsworth.lunar.legacy	Data5	com/moonsworth/lunar/client/coordinates/FogIterator.java
20	com.moonsworth.lunar.client.mixin+com.moonsworth.lunar.client.framework.feature.rewind.rewindhandlers+com.moonsworth.lunar.ichor.mixin+com.moonsworth.lunar.client.coordinates+com.moonsworth.lunar.legacy	Data6	com/moonsworth/lunar/client/coordinates/FogIterator.java
20	com.moonsworth.lunar.client.mixin+com.moonsworth.lunar.client.framework.feature.rewind.rewindhandlers+com.moonsworth.lunar.ichor.mixin+com.moonsworth.lunar.client.coordinates+com.moonsworth.lunar.legacy	GuiListExtendedImpl2	com/moonsworth/lunar/legacy/GuiListExtendedImpl2.java
20	com.moonsworth.lunar.client.mixin+com.moonsworth.lunar.client.framework.feature.rewind.rewindhandlers+com.moonsworth.lunar.ichor.mixin+com.moonsworth.lunar.client.coordinates+com.moonsworth.lunar.legacy	Legacy2	com/moonsworth/lunar/legacy/Legacy2.java
20	com.moonsworth.lunar.client.mixin+com.moonsworth.lunar.client.framework.feature.rewind.rewindhandlers+com.moonsworth.lunar.ichor.mixin+com.moonsworth.lunar.client.coordinates+com.moonsworth.lunar.legacy	MixinCore2	com/moonsworth/lunar/legacy/MixinCore2.java
20	com.moonsworth.lunar.client.mixin+com.moonsworth.lunar.client.framework.feature.rewind.rewindhandlers+com.moonsworth.lunar.ichor.mixin+com.moonsworth.lunar.client.coordinates+com.moonsworth.lunar.legacy	MixinCore3	com/moonsworth/lunar/legacy/MixinCore3.java
20	com.moonsworth.lunar.client.mixin+com.moonsworth.lunar.client.framework.feature.rewind.rewindhandlers+com.moonsworth.lunar.ichor.mixin+com.moonsworth.lunar.client.coordinates+com.moonsworth.lunar.legacy	MixinCore4	com/moonsworth/lunar/legacy/MixinCore4.java
20	com.moonsworth.lunar.client.mixin+com.moonsworth.lunar.client.framework.feature.rewind.rewindhandlers+com.moonsworth.lunar.ichor.mixin+com.moonsworth.lunar.client.coordinates+com.moonsworth.lunar.legacy	MixinHelper2	com/moonsworth/lunar/legacy/MixinHelper2.java
20	com.moonsworth.lunar.client.mixin+com.moonsworth.lunar.client.framework.feature.rewind.rewindhandlers+com.moonsworth.lunar.ichor.mixin+com.moonsworth.lunar.client.coordinates+com.moonsworth.lunar.legacy	MixinHelper3	com/moonsworth/lunar/legacy/MixinHelper3.java
20	com.moonsworth.lunar.client.mixin+com.moonsworth.lunar.client.framework.feature.rewind.rewindhandlers+com.moonsworth.lunar.ichor.mixin+com.moonsworth.lunar.client.coordinates+com.moonsworth.lunar.legacy	MixinHelper4	com/moonsworth/lunar/legacy/MixinHelper4.java
20	com.moonsworth.lunar.client.mixin+com.moonsworth.lunar.client.framework.feature.rewind.rewindhandlers+com.moonsworth.lunar.ichor.mixin+com.moonsworth.lunar.client.coordinates+com.moonsworth.lunar.legacy	MixinHelper_2	com/moonsworth/lunar/legacy/MixinHelper_2.java
21	com.moonsworth.lunar.bridge.horsestats+com.moonsworth.lunar.client.framework.feature.mod.fishing.holograms.holograms+com.moonsworth.lunar.client.framework.feature.mod.holograms.rewindhandlers+com.moonsworth.lunar.bridge.slayer+com.moonsworth.lunar.client.framework.feature.minimap+com.moonsworth.lunar.client.framework.feature.mod.fishing.mixin	Horsestats17	com/moonsworth/lunar/bridge/horsestats/Horsestats17.java
21	com.moonsworth.lunar.bridge.horsestats+com.moonsworth.lunar.client.framework.feature.mod.fishing.holograms.holograms+com.moonsworth.lunar.client.framework.feature.mod.holograms.rewindhandlers+com.moonsworth.lunar.bridge.slayer+com.moonsworth.lunar.client.framework.feature.minimap+com.moonsworth.lunar.client.framework.feature.mod.fishing.mixin	Horsestats24	com/moonsworth/lunar/bridge/horsestats/Horsestats24.java
21	com.moonsworth.lunar.bridge.horsestats+com.moonsworth.lunar.client.framework.feature.mod.fishing.holograms.holograms+com.moonsworth.lunar.client.framework.feature.mod.holograms.rewindhandlers+com.moonsworth.lunar.bridge.slayer+com.moonsworth.lunar.client.framework.feature.minimap+com.moonsworth.lunar.client.framework.feature.mod.fishing.mixin	Horsestats27	com/moonsworth/lunar/bridge/horsestats/Horsestats27.java
21	com.moonsworth.lunar.bridge.horsestats+com.moonsworth.lunar.client.framework.feature.mod.fishing.holograms.holograms+com.moonsworth.lunar.client.framework.feature.mod.holograms.rewindhandlers+com.moonsworth.lunar.bridge.slayer+com.moonsworth.lunar.client.framework.feature.minimap+com.moonsworth.lunar.client.framework.feature.mod.fishing.mixin	Horsestats9	com/moonsworth/lunar/bridge/horsestats/Horsestats9.java
21	com.moonsworth.lunar.bridge.horsestats+com.moonsworth.lunar.client.framework.feature.mod.fishing.holograms.holograms+com.moonsworth.lunar.client.framework.feature.mod.holograms.rewindhandlers+com.moonsworth.lunar.bridge.slayer+com.moonsworth.lunar.client.framework.feature.minimap+com.moonsworth.lunar.client.framework.feature.mod.fishing.mixin	HorsestatsType_2	com/moonsworth/lunar/bridge/horsestats/HorsestatsType_2.java
21	com.moonsworth.lunar.bridge.horsestats+com.moonsworth.lunar.client.framework.feature.mod.fishing.holograms.holograms+com.moonsworth.lunar.client.framework.feature.mod.holograms.rewindhandlers+com.moonsworth.lunar.bridge.slayer+com.moonsworth.lunar.client.framework.feature.minimap+com.moonsworth.lunar.client.framework.feature.mod.fishing.mixin	Horsestats_2	com/moonsworth/lunar/bridge/horsestats/Horsestats_2.java
21	com.moonsworth.lunar.bridge.horsestats+com.moonsworth.lunar.client.framework.feature.mod.fishing.holograms.holograms+com.moonsworth.lunar.client.framework.feature.mod.holograms.rewindhandlers+com.moonsworth.lunar.bridge.slayer+com.moonsworth.lunar.client.framework.feature.minimap+com.moonsworth.lunar.client.framework.feature.mod.fishing.mixin	Horsestats_3	com/moonsworth/lunar/bridge/horsestats/Horsestats_3.java
21	com.moonsworth.lunar.bridge.horsestats+com.moonsworth.lunar.client.framework.feature.mod.fishing.holograms.holograms+com.moonsworth.lunar.client.framework.feature.mod.holograms.rewindhandlers+com.moonsworth.lunar.bridge.slayer+com.moonsworth.lunar.client.framework.feature.minimap+com.moonsworth.lunar.client.framework.feature.mod.fishing.mixin	Horsestats_4	com/moonsworth/lunar/bridge/horsestats/Horsestats_4.java
21	com.moonsworth.lunar.bridge.horsestats+com.moonsworth.lunar.client.framework.feature.mod.fishing.holograms.holograms+com.moonsworth.lunar.client.framework.feature.mod.holograms.rewindhandlers+com.moonsworth.lunar.bridge.slayer+com.moonsworth.lunar.client.framework.feature.minimap+com.moonsworth.lunar.client.framework.feature.mod.fishing.mixin	Holograms2	com/moonsworth/lunar/client/framework/feature/mod/fishing/holograms/holograms/Holograms2.java
21	com.moonsworth.lunar.bridge.horsestats+com.moonsworth.lunar.client.framework.feature.mod.fishing.holograms.holograms+com.moonsworth.lunar.client.framework.feature.mod.holograms.rewindhandlers+com.moonsworth.lunar.bridge.slayer+com.moonsworth.lunar.client.framework.feature.minimap+com.moonsworth.lunar.client.framework.feature.mod.fishing.mixin	Holograms3	com/moonsworth/lunar/client/framework/feature/mod/fishing/holograms/holograms/Holograms3.java
21	com.moonsworth.lunar.bridge.horsestats+com.moonsworth.lunar.client.framework.feature.mod.fishing.holograms.holograms+com.moonsworth.lunar.client.framework.feature.mod.holograms.rewindhandlers+com.moonsworth.lunar.bridge.slayer+com.moonsworth.lunar.client.framework.feature.minimap+com.moonsworth.lunar.client.framework.feature.mod.fishing.mixin	HologramsType2	com/moonsworth/lunar/client/framework/feature/mod/fishing/holograms/holograms/HologramsType2.java
21	com.moonsworth.lunar.bridge.horsestats+com.moonsworth.lunar.client.framework.feature.mod.fishing.holograms.holograms+com.moonsworth.lunar.client.framework.feature.mod.holograms.rewindhandlers+com.moonsworth.lunar.bridge.slayer+com.moonsworth.lunar.client.framework.feature.minimap+com.moonsworth.lunar.client.framework.feature.mod.fishing.mixin	HologramsType22	com/moonsworth/lunar/client/framework/feature/mod/fishing/holograms/holograms/HologramsType22.java
21	com.moonsworth.lunar.bridge.horsestats+com.moonsworth.lunar.client.framework.feature.mod.fishing.holograms.holograms+com.moonsworth.lunar.client.framework.feature.mod.holograms.rewindhandlers+com.moonsworth.lunar.bridge.slayer+com.moonsworth.lunar.client.framework.feature.minimap+com.moonsworth.lunar.client.framework.feature.mod.fishing.mixin	HologramsType23	com/moonsworth/lunar/client/framework/feature/mod/fishing/holograms/holograms/HologramsType23.java
21	com.moonsworth.lunar.bridge.horsestats+com.moonsworth.lunar.client.framework.feature.mod.fishing.holograms.holograms+com.moonsworth.lunar.client.framework.feature.mod.holograms.rewindhandlers+com.moonsworth.lunar.bridge.slayer+com.moonsworth.lunar.client.framework.feature.minimap+com.moonsworth.lunar.client.framework.feature.mod.fishing.mixin	HologramsType24	com/moonsworth/lunar/client/framework/feature/mod/fishing/holograms/holograms/HologramsType24.java
21	com.moonsworth.lunar.bridge.horsestats+com.moonsworth.lunar.client.framework.feature.mod.fishing.holograms.holograms+com.moonsworth.lunar.client.framework.feature.mod.holograms.rewindhandlers+com.moonsworth.lunar.bridge.slayer+com.moonsworth.lunar.client.framework.feature.minimap+com.moonsworth.lunar.client.framework.feature.mod.fishing.mixin	HologramsType25	com/moonsworth/lunar/client/framework/feature/mod/fishing/holograms/holograms/HologramsType25.java
21	com.moonsworth.lunar.bridge.horsestats+com.moonsworth.lunar.client.framework.feature.mod.fishing.holograms.holograms+com.moonsworth.lunar.client.framework.feature.mod.holograms.rewindhandlers+com.moonsworth.lunar.bridge.slayer+com.moonsworth.lunar.client.framework.feature.minimap+com.moonsworth.lunar.client.framework.feature.mod.fishing.mixin	HologramsType26	com/moonsworth/lunar/client/framework/feature/mod/fishing/holograms/holograms/HologramsType26.java
21	com.moonsworth.lunar.bridge.horsestats+com.moonsworth.lunar.client.framework.feature.mod.fishing.holograms.holograms+com.moonsworth.lunar.client.framework.feature.mod.holograms.rewindhandlers+com.moonsworth.lunar.bridge.slayer+com.moonsworth.lunar.client.framework.feature.minimap+com.moonsworth.lunar.client.framework.feature.mod.fishing.mixin	Data2	com/moonsworth/lunar/client/framework/feature/mod/holograms/rewindhandlers/Rewindhandlers.java
21	com.moonsworth.lunar.bridge.horsestats+com.moonsworth.lunar.client.framework.feature.mod.fishing.holograms.holograms+com.moonsworth.lunar.client.framework.feature.mod.holograms.rewindhandlers+com.moonsworth.lunar.bridge.slayer+com.moonsworth.lunar.client.framework.feature.minimap+com.moonsworth.lunar.client.framework.feature.mod.fishing.mixin	Data3	com/moonsworth/lunar/client/framework/feature/mod/holograms/rewindhandlers/Rewindhandlers.java
21	com.moonsworth.lunar.bridge.horsestats+com.moonsworth.lunar.client.framework.feature.mod.fishing.holograms.holograms+com.moonsworth.lunar.client.framework.feature.mod.holograms.rewindhandlers+com.moonsworth.lunar.bridge.slayer+com.moonsworth.lunar.client.framework.feature.minimap+com.moonsworth.lunar.client.framework.feature.mod.fishing.mixin	Data4	com/moonsworth/lunar/client/framework/feature/mod/holograms/rewindhandlers/Rewindhandlers.java
21	com.moonsworth.lunar.bridge.horsestats+com.moonsworth.lunar.client.framework.feature.mod.fishing.holograms.holograms+com.moonsworth.lunar.client.framework.feature.mod.holograms.rewindhandlers+com.moonsworth.lunar.bridge.slayer+com.moonsworth.lunar.client.framework.feature.minimap+com.moonsworth.lunar.client.framework.feature.mod.fishing.mixin	Data5	com/moonsworth/lunar/client/framework/feature/mod/holograms/rewindhandlers/Rewindhandlers.java
21	com.moonsworth.lunar.bridge.horsestats+com.moonsworth.lunar.client.framework.feature.mod.fishing.holograms.holograms+com.moonsworth.lunar.client.framework.feature.mod.holograms.rewindhandlers+com.moonsworth.lunar.bridge.slayer+com.moonsworth.lunar.client.framework.feature.minimap+com.moonsworth.lunar.client.framework.feature.mod.fishing.mixin	Data6	com/moonsworth/lunar/client/framework/feature/mod/holograms/rewindhandlers/Rewindhandlers.java
21	com.moonsworth.lunar.bridge.horsestats+com.moonsworth.lunar.client.framework.feature.mod.fishing.holograms.holograms+com.moonsworth.lunar.client.framework.feature.mod.holograms.rewindhandlers+com.moonsworth.lunar.bridge.slayer+com.moonsworth.lunar.client.framework.feature.minimap+com.moonsworth.lunar.client.framework.feature.mod.fishing.mixin	Data7	com/moonsworth/lunar/client/framework/feature/mod/holograms/rewindhandlers/Rewindhandlers.java
21	com.moonsworth.lunar.bridge.horsestats+com.moonsworth.lunar.client.framework.feature.mod.fishing.holograms.holograms+com.moonsworth.lunar.client.framework.feature.mod.holograms.rewindhandlers+com.moonsworth.lunar.bridge.slayer+com.moonsworth.lunar.client.framework.feature.minimap+com.moonsworth.lunar.client.framework.feature.mod.fishing.mixin	Data8	com/moonsworth/lunar/client/framework/feature/mod/holograms/rewindhandlers/Rewindhandlers.java
21	com.moonsworth.lunar.bridge.horsestats+com.moonsworth.lunar.client.framework.feature.mod.fishing.holograms.holograms+com.moonsworth.lunar.client.framework.feature.mod.holograms.rewindhandlers+com.moonsworth.lunar.bridge.slayer+com.moonsworth.lunar.client.framework.feature.minimap+com.moonsworth.lunar.client.framework.feature.mod.fishing.mixin	GuiRewindhandlersHandler2	com/moonsworth/lunar/client/framework/feature/mod/holograms/rewindhandlers/GuiRewindhandlersHandler2.java
21	com.moonsworth.lunar.bridge.horsestats+com.moonsworth.lunar.client.framework.feature.mod.fishing.holograms.holograms+com.moonsworth.lunar.client.framework.feature.mod.holograms.rewindhandlers+com.moonsworth.lunar.bridge.slayer+com.moonsworth.lunar.client.framework.feature.minimap+com.moonsworth.lunar.client.framework.feature.mod.fishing.mixin	Slayer2	com/moonsworth/lunar/bridge/slayer/Slayer2.java
21	com.moonsworth.lunar.bridge.horsestats+com.moonsworth.lunar.client.framework.feature.mod.fishing.holograms.holograms+com.moonsworth.lunar.client.framework.feature.mod.holograms.rewindhandlers+com.moonsworth.lunar.bridge.slayer+com.moonsworth.lunar.client.framework.feature.minimap+com.moonsworth.lunar.client.framework.feature.mod.fishing.mixin	Slayer3	com/moonsworth/lunar/bridge/slayer/Slayer3.java
21	com.moonsworth.lunar.bridge.horsestats+com.moonsworth.lunar.client.framework.feature.mod.fishing.holograms.holograms+com.moonsworth.lunar.client.framework.feature.mod.holograms.rewindhandlers+com.moonsworth.lunar.bridge.slayer+com.moonsworth.lunar.client.framework.feature.minimap+com.moonsworth.lunar.client.framework.feature.mod.fishing.mixin	Slayer4	com/moonsworth/lunar/bridge/slayer/Slayer4.java
21	com.moonsworth.lunar.bridge.horsestats+com.moonsworth.lunar.client.framework.feature.mod.fishing.holograms.holograms+com.moonsworth.lunar.client.framework.feature.mod.holograms.rewindhandlers+com.moonsworth.lunar.bridge.slayer+com.moonsworth.lunar.client.framework.feature.minimap+com.moonsworth.lunar.client.framework.feature.mod.fishing.mixin	Slayer5	com/moonsworth/lunar/bridge/slayer/Slayer5.java
21	com.moonsworth.lunar.bridge.horsestats+com.moonsworth.lunar.client.framework.feature.mod.fishing.holograms.holograms+com.moonsworth.lunar.client.framework.feature.mod.holograms.rewindhandlers+com.moonsworth.lunar.bridge.slayer+com.moonsworth.lunar.client.framework.feature.minimap+com.moonsworth.lunar.client.framework.feature.mod.fishing.mixin	Slayer6	com/moonsworth/lunar/bridge/slayer/Slayer6.java
21	com.moonsworth.lunar.bridge.horsestats+com.moonsworth.lunar.client.framework.feature.mod.fishing.holograms.holograms+com.moonsworth.lunar.client.framework.feature.mod.holograms.rewindhandlers+com.moonsworth.lunar.bridge.slayer+com.moonsworth.lunar.client.framework.feature.minimap+com.moonsworth.lunar.client.framework.feature.mod.fishing.mixin	Slayer7	com/moonsworth/lunar/bridge/slayer/Slayer7.java
21	com.moonsworth.lunar.bridge.horsestats+com.moonsworth.lunar.client.framework.feature.mod.fishing.holograms.holograms+com.moonsworth.lunar.client.framework.feature.mod.holograms.rewindhandlers+com.moonsworth.lunar.bridge.slayer+com.moonsworth.lunar.client.framework.feature.minimap+com.moonsworth.lunar.client.framework.feature.mod.fishing.mixin	Slayer8	com/moonsworth/lunar/bridge/slayer/Slayer8.java
21	com.moonsworth.lunar.bridge.horsestats+com.moonsworth.lunar.client.framework.feature.mod.fishing.holograms.holograms+com.moonsworth.lunar.client.framework.feature.mod.holograms.rewindhandlers+com.moonsworth.lunar.bridge.slayer+com.moonsworth.lunar.client.framework.feature.minimap+com.moonsworth.lunar.client.framework.feature.mod.fishing.mixin	Minimap2	com/moonsworth/lunar/client/framework/feature/minimap/Minimap2.java
21	com.moonsworth.lunar.bridge.horsestats+com.moonsworth.lunar.client.framework.feature.mod.fishing.holograms.holograms+com.moonsworth.lunar.client.framework.feature.mod.holograms.rewindhandlers+com.moonsworth.lunar.bridge.slayer+com.moonsworth.lunar.client.framework.feature.minimap+com.moonsworth.lunar.client.framework.feature.mod.fishing.mixin	Minimap3	com/moonsworth/lunar/client/framework/feature/minimap/Minimap3.java
21	com.moonsworth.lunar.bridge.horsestats+com.moonsworth.lunar.client.framework.feature.mod.fishing.holograms.holograms+com.moonsworth.lunar.client.framework.feature.mod.holograms.rewindhandlers+com.moonsworth.lunar.bridge.slayer+com.moonsworth.lunar.client.framework.feature.minimap+com.moonsworth.lunar.client.framework.feature.mod.fishing.mixin	Minimap4	com/moonsworth/lunar/client/framework/feature/minimap/Minimap4.java
21	com.moonsworth.lunar.bridge.horsestats+com.moonsworth.lunar.client.framework.feature.mod.fishing.holograms.holograms+com.moonsworth.lunar.client.framework.feature.mod.holograms.rewindhandlers+com.moonsworth.lunar.bridge.slayer+com.moonsworth.lunar.client.framework.feature.minimap+com.moonsworth.lunar.client.framework.feature.mod.fishing.mixin	Minimap5	com/moonsworth/lunar/client/framework/feature/minimap/Minimap5.java
21	com.moonsworth.lunar.bridge.horsestats+com.moonsworth.lunar.client.framework.feature.mod.fishing.holograms.holograms+com.moonsworth.lunar.client.framework.feature.mod.holograms.rewindhandlers+com.moonsworth.lunar.bridge.slayer+com.moonsworth.lunar.client.framework.feature.minimap+com.moonsworth.lunar.client.framework.feature.mod.fishing.mixin	MinimapImpl2	com/moonsworth/lunar/client/framework/feature/minimap/MinimapImpl2.java
21	com.moonsworth.lunar.bridge.horsestats+com.moonsworth.lunar.client.framework.feature.mod.fishing.holograms.holograms+com.moonsworth.lunar.client.framework.feature.mod.holograms.rewindhandlers+com.moonsworth.lunar.bridge.slayer+com.moonsworth.lunar.client.framework.feature.minimap+com.moonsworth.lunar.client.framework.feature.mod.fishing.mixin	MinimapImpl3	com/moonsworth/lunar/client/framework/feature/minimap/MinimapImpl3.java
21	com.moonsworth.lunar.bridge.horsestats+com.moonsworth.lunar.client.framework.feature.mod.fishing.holograms.holograms+com.moonsworth.lunar.client.framework.feature.mod.holograms.rewindhandlers+com.moonsworth.lunar.bridge.slayer+com.moonsworth.lunar.client.framework.feature.minimap+com.moonsworth.lunar.client.framework.feature.mod.fishing.mixin	Minimap_2	com/moonsworth/lunar/client/framework/feature/minimap/Minimap_2.java
21	com.moonsworth.lunar.bridge.horsestats+com.moonsworth.lunar.client.framework.feature.mod.fishing.holograms.holograms+com.moonsworth.lunar.client.framework.feature.mod.holograms.rewindhandlers+com.moonsworth.lunar.bridge.slayer+com.moonsworth.lunar.client.framework.feature.minimap+com.moonsworth.lunar.client.framework.feature.mod.fishing.mixin	Fishing2	com/moonsworth/lunar/client/framework/feature/mod/fishing/mixin/Fishing2.java
21	com.moonsworth.lunar.bridge.horsestats+com.moonsworth.lunar.client.framework.feature.mod.fishing.holograms.holograms+com.moonsworth.lunar.client.framework.feature.mod.holograms.rewindhandlers+com.moonsworth.lunar.bridge.slayer+com.moonsworth.lunar.client.framework.feature.minimap+com.moonsworth.lunar.client.framework.feature.mod.fishing.mixin	Fishing3	com/moonsworth/lunar/client/framework/feature/mod/fishing/mixin/Fishing3.java
21	com.moonsworth.lunar.bridge.horsestats+com.moonsworth.lunar.client.framework.feature.mod.fishing.holograms.holograms+com.moonsworth.lunar.client.framework.feature.mod.holograms.rewindhandlers+com.moonsworth.lunar.bridge.slayer+com.moonsworth.lunar.client.framework.feature.minimap+com.moonsworth.lunar.client.framework.feature.mod.fishing.mixin	Fishing4	com/moonsworth/lunar/client/framework/feature/mod/fishing/mixin/Fishing4.java
21	com.moonsworth.lunar.bridge.horsestats+com.moonsworth.lunar.client.framework.feature.mod.fishing.holograms.holograms+com.moonsworth.lunar.client.framework.feature.mod.holograms.rewindhandlers+com.moonsworth.lunar.bridge.slayer+com.moonsworth.lunar.client.framework.feature.minimap+com.moonsworth.lunar.client.framework.feature.mod.fishing.mixin	Fishing5	com/moonsworth/lunar/client/framework/feature/mod/fishing/mixin/Fishing5.java
21	com.moonsworth.lunar.bridge.horsestats+com.moonsworth.lunar.client.framework.feature.mod.fishing.holograms.holograms+com.moonsworth.lunar.client.framework.feature.mod.holograms.rewindhandlers+com.moonsworth.lunar.bridge.slayer+com.moonsworth.lunar.client.framework.feature.minimap+com.moonsworth.lunar.client.framework.feature.mod.fishing.mixin	Fishing6	com/moonsworth/lunar/client/framework/feature/mod/fishing/mixin/Fishing6.java
21	com.moonsworth.lunar.bridge.horsestats+com.moonsworth.lunar.client.framework.feature.mod.fishing.holograms.holograms+com.moonsworth.lunar.client.framework.feature.mod.holograms.rewindhandlers+com.moonsworth.lunar.bridge.slayer+com.moonsworth.lunar.client.framework.feature.minimap+com.moonsworth.lunar.client.framework.feature.mod.fishing.mixin	Fishing7	com/moonsworth/lunar/client/framework/feature/mod/fishing/mixin/Fishing7.java
21	com.moonsworth.lunar.bridge.horsestats+com.moonsworth.lunar.client.framework.feature.mod.fishing.holograms.holograms+com.moonsworth.lunar.client.framework.feature.mod.holograms.rewindhandlers+com.moonsworth.lunar.bridge.slayer+com.moonsworth.lunar.client.framework.feature.minimap+com.moonsworth.lunar.client.framework.feature.mod.fishing.mixin	FishingType2	com/moonsworth/lunar/client/framework/feature/mod/fishing/mixin/FishingType2.java
22	com.moonsworth.lunar.client.framework.feature.mod.highlight+com.moonsworth.lunar.client.framework.feature.mod.holograms.mixin+com.moonsworth.lunar.client.framework.feature.pkg.mixin+com.moonsworth.lunar.client.framework.feature.waila+com.moonsworth.lunar.client.render+com.moonsworth.lunar.client.util.alert+com.moonsworth.lunar.client.framework.feature.debug.shaderdebugmod	Gui2Extension2	com/moonsworth/lunar/client/framework/feature/mod/highlight/Gui2Extension2.java
22	com.moonsworth.lunar.client.framework.feature.mod.highlight+com.moonsworth.lunar.client.framework.feature.mod.holograms.mixin+com.moonsworth.lunar.client.framework.feature.pkg.mixin+com.moonsworth.lunar.client.framework.feature.waila+com.moonsworth.lunar.client.render+com.moonsworth.lunar.client.util.alert+com.moonsworth.lunar.client.framework.feature.debug.shaderdebugmod	Gui2Extension3	com/moonsworth/lunar/client/framework/feature/mod/highlight/Gui2Extension3.java
22	com.moonsworth.lunar.client.framework.feature.mod.highlight+com.moonsworth.lunar.client.framework.feature.mod.holograms.mixin+com.moonsworth.lunar.client.framework.feature.pkg.mixin+com.moonsworth.lunar.client.framework.feature.waila+com.moonsworth.lunar.client.render+com.moonsworth.lunar.client.util.alert+com.moonsworth.lunar.client.framework.feature.debug.shaderdebugmod	HighlightType2	com/moonsworth/lunar/client/framework/feature/mod/highlight/HighlightType2.java
22	com.moonsworth.lunar.client.framework.feature.mod.highlight+com.moonsworth.lunar.client.framework.feature.mod.holograms.mixin+com.moonsworth.lunar.client.framework.feature.pkg.mixin+com.moonsworth.lunar.client.framework.feature.waila+com.moonsworth.lunar.client.render+com.moonsworth.lunar.client.util.alert+com.moonsworth.lunar.client.framework.feature.debug.shaderdebugmod	HighlightType3	com/moonsworth/lunar/client/framework/feature/mod/highlight/HighlightType3.java
22	com.moonsworth.lunar.client.framework.feature.mod.highlight+com.moonsworth.lunar.client.framework.feature.mod.holograms.mixin+com.moonsworth.lunar.client.framework.feature.pkg.mixin+com.moonsworth.lunar.client.framework.feature.waila+com.moonsworth.lunar.client.render+com.moonsworth.lunar.client.util.alert+com.moonsworth.lunar.client.framework.feature.debug.shaderdebugmod	HighlightType4	com/moonsworth/lunar/client/framework/feature/mod/highlight/HighlightType4.java
22	com.moonsworth.lunar.client.framework.feature.mod.highlight+com.moonsworth.lunar.client.framework.feature.mod.holograms.mixin+com.moonsworth.lunar.client.framework.feature.pkg.mixin+com.moonsworth.lunar.client.framework.feature.waila+com.moonsworth.lunar.client.render+com.moonsworth.lunar.client.util.alert+com.moonsworth.lunar.client.framework.feature.debug.shaderdebugmod	HighlightType5	com/moonsworth/lunar/client/framework/feature/mod/highlight/HighlightType5.java
22	com.moonsworth.lunar.client.framework.feature.mod.highlight+com.moonsworth.lunar.client.framework.feature.mod.holograms.mixin+com.moonsworth.lunar.client.framework.feature.pkg.mixin+com.moonsworth.lunar.client.framework.feature.waila+com.moonsworth.lunar.client.render+com.moonsworth.lunar.client.util.alert+com.moonsworth.lunar.client.framework.feature.debug.shaderdebugmod	HighlightType6	com/moonsworth/lunar/client/framework/feature/mod/highlight/HighlightType6.java
22	com.moonsworth.lunar.client.framework.feature.mod.highlight+com.moonsworth.lunar.client.framework.feature.mod.holograms.mixin+com.moonsworth.lunar.client.framework.feature.pkg.mixin+com.moonsworth.lunar.client.framework.feature.waila+com.moonsworth.lunar.client.render+com.moonsworth.lunar.client.util.alert+com.moonsworth.lunar.client.framework.feature.debug.shaderdebugmod	Data3	com/moonsworth/lunar/client/framework/feature/mod/holograms/mixin/Holograms2.java
22	com.moonsworth.lunar.client.framework.feature.mod.highlight+com.moonsworth.lunar.client.framework.feature.mod.holograms.mixin+com.moonsworth.lunar.client.framework.feature.pkg.mixin+com.moonsworth.lunar.client.framework.feature.waila+com.moonsworth.lunar.client.render+com.moonsworth.lunar.client.util.alert+com.moonsworth.lunar.client.framework.feature.debug.shaderdebugmod	GuiRewindhandlersHandler2	com/moonsworth/lunar/client/framework/feature/mod/holograms/mixin/GuiRewindhandlersHandler2.java
22	com.moonsworth.lunar.client.framework.feature.mod.highlight+com.moonsworth.lunar.client.framework.feature.mod.holograms.mixin+com.moonsworth.lunar.client.framework.feature.pkg.mixin+com.moonsworth.lunar.client.framework.feature.waila+com.moonsworth.lunar.client.render+com.moonsworth.lunar.client.util.alert+com.moonsworth.lunar.client.framework.feature.debug.shaderdebugmod	GuiRewindhandlersHandler22	com/moonsworth/lunar/client/framework/feature/mod/holograms/mixin/GuiRewindhandlersHandler22.java
22	com.moonsworth.lunar.client.framework.feature.mod.highlight+com.moonsworth.lunar.client.framework.feature.mod.holograms.mixin+com.moonsworth.lunar.client.framework.feature.pkg.mixin+com.moonsworth.lunar.client.framework.feature.waila+com.moonsworth.lunar.client.render+com.moonsworth.lunar.client.util.alert+com.moonsworth.lunar.client.framework.feature.debug.shaderdebugmod	GuiRewindhandlersHandler23	com/moonsworth/lunar/client/framework/feature/mod/holograms/mixin/GuiRewindhandlersHandler23.java
22	com.moonsworth.lunar.client.framework.feature.mod.highlight+com.moonsworth.lunar.client.framework.feature.mod.holograms.mixin+com.moonsworth.lunar.client.framework.feature.pkg.mixin+com.moonsworth.lunar.client.framework.feature.waila+com.moonsworth.lunar.client.render+com.moonsworth.lunar.client.util.alert+com.moonsworth.lunar.client.framework.feature.debug.shaderdebugmod	GuiRewindhandlersHandler24	com/moonsworth/lunar/client/framework/feature/mod/holograms/mixin/GuiRewindhandlersHandler24.java
22	com.moonsworth.lunar.client.framework.feature.mod.highlight+com.moonsworth.lunar.client.framework.feature.mod.holograms.mixin+com.moonsworth.lunar.client.framework.feature.pkg.mixin+com.moonsworth.lunar.client.framework.feature.waila+com.moonsworth.lunar.client.render+com.moonsworth.lunar.client.util.alert+com.moonsworth.lunar.client.framework.feature.debug.shaderdebugmod	Holograms2	com/moonsworth/lunar/client/framework/feature/mod/holograms/mixin/Holograms2.java
22	com.moonsworth.lunar.client.framework.feature.mod.highlight+com.moonsworth.lunar.client.framework.feature.mod.holograms.mixin+com.moonsworth.lunar.client.framework.feature.pkg.mixin+com.moonsworth.lunar.client.framework.feature.waila+com.moonsworth.lunar.client.render+com.moonsworth.lunar.client.util.alert+com.moonsworth.lunar.client.framework.feature.debug.shaderdebugmod	Holograms3	com/moonsworth/lunar/client/framework/feature/mod/holograms/mixin/Holograms3.java
22	com.moonsworth.lunar.client.framework.feature.mod.highlight+com.moonsworth.lunar.client.framework.feature.mod.holograms.mixin+com.moonsworth.lunar.client.framework.feature.pkg.mixin+com.moonsworth.lunar.client.framework.feature.waila+com.moonsworth.lunar.client.render+com.moonsworth.lunar.client.util.alert+com.moonsworth.lunar.client.framework.feature.debug.shaderdebugmod	Data2	com/moonsworth/lunar/client/framework/feature/pkg/mixin/Pkg2.java
22	com.moonsworth.lunar.client.framework.feature.mod.highlight+com.moonsworth.lunar.client.framework.feature.mod.holograms.mixin+com.moonsworth.lunar.client.framework.feature.pkg.mixin+com.moonsworth.lunar.client.framework.feature.waila+com.moonsworth.lunar.client.render+com.moonsworth.lunar.client.util.alert+com.moonsworth.lunar.client.framework.feature.debug.shaderdebugmod	Data2	com/moonsworth/lunar/client/framework/feature/pkg/mixin/Pkg4.java
22	com.moonsworth.lunar.client.framework.feature.mod.highlight+com.moonsworth.lunar.client.framework.feature.mod.holograms.mixin+com.moonsworth.lunar.client.framework.feature.pkg.mixin+com.moonsworth.lunar.client.framework.feature.waila+com.moonsworth.lunar.client.render+com.moonsworth.lunar.client.util.alert+com.moonsworth.lunar.client.framework.feature.debug.shaderdebugmod	Data3	com/moonsworth/lunar/client/framework/feature/pkg/mixin/Pkg4.java
22	com.moonsworth.lunar.client.framework.feature.mod.highlight+com.moonsworth.lunar.client.framework.feature.mod.holograms.mixin+com.moonsworth.lunar.client.framework.feature.pkg.mixin+com.moonsworth.lunar.client.framework.feature.waila+com.moonsworth.lunar.client.render+com.moonsworth.lunar.client.util.alert+com.moonsworth.lunar.client.framework.feature.debug.shaderdebugmod	Data4	com/moonsworth/lunar/client/framework/feature/pkg/mixin/Pkg4.java
22	com.moonsworth.lunar.client.framework.feature.mod.highlight+com.moonsworth.lunar.client.framework.feature.mod.holograms.mixin+com.moonsworth.lunar.client.framework.feature.pkg.mixin+com.moonsworth.lunar.client.framework.feature.waila+com.moonsworth.lunar.client.render+com.moonsworth.lunar.client.util.alert+com.moonsworth.lunar.client.framework.feature.debug.shaderdebugmod	Pkg2	com/moonsworth/lunar/client/framework/feature/pkg/mixin/Pkg2.java
22	com.moonsworth.lunar.client.framework.feature.mod.highlight+com.moonsworth.lunar.client.framework.feature.mod.holograms.mixin+com.moonsworth.lunar.client.framework.feature.pkg.mixin+com.moonsworth.lunar.client.framework.feature.waila+com.moonsworth.lunar.client.render+com.moonsworth.lunar.client.util.alert+com.moonsworth.lunar.client.framework.feature.debug.shaderdebugmod	Pkg3	com/moonsworth/lunar/client/framework/feature/pkg/mixin/Pkg3.java
22	com.moonsworth.lunar.client.framework.feature.mod.highlight+com.moonsworth.lunar.client.framework.feature.mod.holograms.mixin+com.moonsworth.lunar.client.framework.feature.pkg.mixin+com.moonsworth.lunar.client.framework.feature.waila+com.moonsworth.lunar.client.render+com.moonsworth.lunar.client.util.alert+com.moonsworth.lunar.client.framework.feature.debug.shaderdebugmod	Pkg4	com/moonsworth/lunar/client/framework/feature/pkg/mixin/Pkg4.java
22	com.moonsworth.lunar.client.framework.feature.mod.highlight+com.moonsworth.lunar.client.framework.feature.mod.holograms.mixin+com.moonsworth.lunar.client.framework.feature.pkg.mixin+com.moonsworth.lunar.client.framework.feature.waila+com.moonsworth.lunar.client.render+com.moonsworth.lunar.client.util.alert+com.moonsworth.lunar.client.framework.feature.debug.shaderdebugmod	WailaHandler2	com/moonsworth/lunar/client/framework/feature/waila/WailaHandler2.java
22	com.moonsworth.lunar.client.framework.feature.mod.highlight+com.moonsworth.lunar.client.framework.feature.mod.holograms.mixin+com.moonsworth.lunar.client.framework.feature.pkg.mixin+com.moonsworth.lunar.client.framework.feature.waila+com.moonsworth.lunar.client.render+com.moonsworth.lunar.client.util.alert+com.moonsworth.lunar.client.framework.feature.debug.shaderdebugmod	WailaHandler3	com/moonsworth/lunar/client/framework/feature/waila/WailaHandler3.java
22	com.moonsworth.lunar.client.framework.feature.mod.highlight+com.moonsworth.lunar.client.framework.feature.mod.holograms.mixin+com.moonsworth.lunar.client.framework.feature.pkg.mixin+com.moonsworth.lunar.client.framework.feature.waila+com.moonsworth.lunar.client.render+com.moonsworth.lunar.client.util.alert+com.moonsworth.lunar.client.framework.feature.debug.shaderdebugmod	WailaHandler4	com/moonsworth/lunar/client/framework/feature/waila/WailaHandler4.java
22	com.moonsworth.lunar.client.framework.feature.mod.highlight+com.moonsworth.lunar.client.framework.feature.mod.holograms.mixin+com.moonsworth.lunar.client.framework.feature.pkg.mixin+com.moonsworth.lunar.client.framework.feature.waila+com.moonsworth.lunar.client.render+com.moonsworth.lunar.client.util.alert+com.moonsworth.lunar.client.framework.feature.debug.shaderdebugmod	WailaHandler5	com/moonsworth/lunar/client/framework/feature/waila/WailaHandler5.java
22	com.moonsworth.lunar.client.framework.feature.mod.highlight+com.moonsworth.lunar.client.framework.feature.mod.holograms.mixin+com.moonsworth.lunar.client.framework.feature.pkg.mixin+com.moonsworth.lunar.client.framework.feature.waila+com.moonsworth.lunar.client.render+com.moonsworth.lunar.client.util.alert+com.moonsworth.lunar.client.framework.feature.debug.shaderdebugmod	WailaHandler6	com/moonsworth/lunar/client/framework/feature/waila/WailaHandler6.java
22	com.moonsworth.lunar.client.framework.feature.mod.highlight+com.moonsworth.lunar.client.framework.feature.mod.holograms.mixin+com.moonsworth.lunar.client.framework.feature.pkg.mixin+com.moonsworth.lunar.client.framework.feature.waila+com.moonsworth.lunar.client.render+com.moonsworth.lunar.client.util.alert+com.moonsworth.lunar.client.framework.feature.debug.shaderdebugmod	WailaHandler7	com/moonsworth/lunar/client/framework/feature/waila/WailaHandler7.java
22	com.moonsworth.lunar.client.framework.feature.mod.highlight+com.moonsworth.lunar.client.framework.feature.mod.holograms.mixin+com.moonsworth.lunar.client.framework.feature.pkg.mixin+com.moonsworth.lunar.client.framework.feature.waila+com.moonsworth.lunar.client.render+com.moonsworth.lunar.client.util.alert+com.moonsworth.lunar.client.framework.feature.debug.shaderdebugmod	WailaIterator2	com/moonsworth/lunar/client/framework/feature/waila/WailaIterator2.java
22	com.moonsworth.lunar.client.framework.feature.mod.highlight+com.moonsworth.lunar.client.framework.feature.mod.holograms.mixin+com.moonsworth.lunar.client.framework.feature.pkg.mixin+com.moonsworth.lunar.client.framework.feature.waila+com.moonsworth.lunar.client.render+com.moonsworth.lunar.client.util.alert+com.moonsworth.lunar.client.framework.feature.debug.shaderdebugmod	Click7	com/moonsworth/lunar/client/render/Click7.java
22	com.moonsworth.lunar.client.framework.feature.mod.highlight+com.moonsworth.lunar.client.framework.feature.mod.holograms.mixin+com.moonsworth.lunar.client.framework.feature.pkg.mixin+com.moonsworth.lunar.client.framework.feature.waila+com.moonsworth.lunar.client.render+com.moonsworth.lunar.client.util.alert+com.moonsworth.lunar.client.framework.feature.debug.shaderdebugmod	Data2	com/moonsworth/lunar/client/render/MatrixStack.java
22	com.moonsworth.lunar.client.framework.feature.mod.highlight+com.moonsworth.lunar.client.framework.feature.mod.holograms.mixin+com.moonsworth.lunar.client.framework.feature.pkg.mixin+com.moonsworth.lunar.client.framework.feature.waila+com.moonsworth.lunar.client.render+com.moonsworth.lunar.client.util.alert+com.moonsworth.lunar.client.framework.feature.debug.shaderdebugmod	Data2	com/moonsworth/lunar/client/render/OpenGlInfo.java
22	com.moonsworth.lunar.client.framework.feature.mod.highlight+com.moonsworth.lunar.client.framework.feature.mod.holograms.mixin+com.moonsworth.lunar.client.framework.feature.pkg.mixin+com.moonsworth.lunar.client.framework.feature.waila+com.moonsworth.lunar.client.render+com.moonsworth.lunar.client.util.alert+com.moonsworth.lunar.client.framework.feature.debug.shaderdebugmod	Data2	com/moonsworth/lunar/client/render/SvgTextureRenderer.java
22	com.moonsworth.lunar.client.framework.feature.mod.highlight+com.moonsworth.lunar.client.framework.feature.mod.holograms.mixin+com.moonsworth.lunar.client.framework.feature.pkg.mixin+com.moonsworth.lunar.client.framework.feature.waila+com.moonsworth.lunar.client.render+com.moonsworth.lunar.client.util.alert+com.moonsworth.lunar.client.framework.feature.debug.shaderdebugmod	Data3	com/moonsworth/lunar/client/render/OpenGlInfo.java
22	com.moonsworth.lunar.client.framework.feature.mod.highlight+com.moonsworth.lunar.client.framework.feature.mod.holograms.mixin+com.moonsworth.lunar.client.framework.feature.pkg.mixin+com.moonsworth.lunar.client.framework.feature.waila+com.moonsworth.lunar.client.render+com.moonsworth.lunar.client.util.alert+com.moonsworth.lunar.client.framework.feature.debug.shaderdebugmod	Data4	com/moonsworth/lunar/client/render/OpenGlInfo.java
22	com.moonsworth.lunar.client.framework.feature.mod.highlight+com.moonsworth.lunar.client.framework.feature.mod.holograms.mixin+com.moonsworth.lunar.client.framework.feature.pkg.mixin+com.moonsworth.lunar.client.framework.feature.waila+com.moonsworth.lunar.client.render+com.moonsworth.lunar.client.util.alert+com.moonsworth.lunar.client.framework.feature.debug.shaderdebugmod	Type2	com/moonsworth/lunar/client/render/OpenGlInfo.java
22	com.moonsworth.lunar.client.framework.feature.mod.highlight+com.moonsworth.lunar.client.framework.feature.mod.holograms.mixin+com.moonsworth.lunar.client.framework.feature.pkg.mixin+com.moonsworth.lunar.client.framework.feature.waila+com.moonsworth.lunar.client.render+com.moonsworth.lunar.client.util.alert+com.moonsworth.lunar.client.framework.feature.debug.shaderdebugmod	Alert2	com/moonsworth/lunar/client/util/alert/Alert2.java
22	com.moonsworth.lunar.client.framework.feature.mod.highlight+com.moonsworth.lunar.client.framework.feature.mod.holograms.mixin+com.moonsworth.lunar.client.framework.feature.pkg.mixin+com.moonsworth.lunar.client.framework.feature.waila+com.moonsworth.lunar.client.render+com.moonsworth.lunar.client.util.alert+com.moonsworth.lunar.client.framework.feature.debug.shaderdebugmod	Alert3	com/moonsworth/lunar/client/util/alert/Alert3.java
22	com.moonsworth.lunar.client.framework.feature.mod.highlight+com.moonsworth.lunar.client.framework.feature.mod.holograms.mixin+com.moonsworth.lunar.client.framework.feature.pkg.mixin+com.moonsworth.lunar.client.framework.feature.waila+com.moonsworth.lunar.client.render+com.moonsworth.lunar.client.util.alert+com.moonsworth.lunar.client.framework.feature.debug.shaderdebugmod	Alert5	com/moonsworth/lunar/client/util/alert/Alert5.java
22	com.moonsworth.lunar.client.framework.feature.mod.highlight+com.moonsworth.lunar.client.framework.feature.mod.holograms.mixin+com.moonsworth.lunar.client.framework.feature.pkg.mixin+com.moonsworth.lunar.client.framework.feature.waila+com.moonsworth.lunar.client.render+com.moonsworth.lunar.client.util.alert+com.moonsworth.lunar.client.framework.feature.debug.shaderdebugmod	Alert6	com/moonsworth/lunar/client/util/alert/Alert6.java
22	com.moonsworth.lunar.client.framework.feature.mod.highlight+com.moonsworth.lunar.client.framework.feature.mod.holograms.mixin+com.moonsworth.lunar.client.framework.feature.pkg.mixin+com.moonsworth.lunar.client.framework.feature.waila+com.moonsworth.lunar.client.render+com.moonsworth.lunar.client.util.alert+com.moonsworth.lunar.client.framework.feature.debug.shaderdebugmod	Data5	com/moonsworth/lunar/client/util/alert/GuiRewindhandlersHandler2.java
22	com.moonsworth.lunar.client.framework.feature.mod.highlight+com.moonsworth.lunar.client.framework.feature.mod.holograms.mixin+com.moonsworth.lunar.client.framework.feature.pkg.mixin+com.moonsworth.lunar.client.framework.feature.waila+com.moonsworth.lunar.client.render+com.moonsworth.lunar.client.util.alert+com.moonsworth.lunar.client.framework.feature.debug.shaderdebugmod	Data6	com/moonsworth/lunar/client/util/alert/GuiRewindhandlersHandler2.java
22	com.moonsworth.lunar.client.framework.feature.mod.highlight+com.moonsworth.lunar.client.framework.feature.mod.holograms.mixin+com.moonsworth.lunar.client.framework.feature.pkg.mixin+com.moonsworth.lunar.client.framework.feature.waila+com.moonsworth.lunar.client.render+com.moonsworth.lunar.client.util.alert+com.moonsworth.lunar.client.framework.feature.debug.shaderdebugmod	GuiRewindhandlersHandler2	com/moonsworth/lunar/client/util/alert/GuiRewindhandlersHandler2.java
22	com.moonsworth.lunar.client.framework.feature.mod.highlight+com.moonsworth.lunar.client.framework.feature.mod.holograms.mixin+com.moonsworth.lunar.client.framework.feature.pkg.mixin+com.moonsworth.lunar.client.framework.feature.waila+com.moonsworth.lunar.client.render+com.moonsworth.lunar.client.util.alert+com.moonsworth.lunar.client.framework.feature.debug.shaderdebugmod	Data2	com/moonsworth/lunar/client/framework/feature/debug/shaderdebugmod/Shaderdebugmod.java
22	com.moonsworth.lunar.client.framework.feature.mod.highlight+com.moonsworth.lunar.client.framework.feature.mod.holograms.mixin+com.moonsworth.lunar.client.framework.feature.pkg.mixin+com.moonsworth.lunar.client.framework.feature.waila+com.moonsworth.lunar.client.render+com.moonsworth.lunar.client.util.alert+com.moonsworth.lunar.client.framework.feature.debug.shaderdebugmod	Shaderdebugmod2	com/moonsworth/lunar/client/framework/feature/debug/shaderdebugmod/Shaderdebugmod2.java
22	com.moonsworth.lunar.client.framework.feature.mod.highlight+com.moonsworth.lunar.client.framework.feature.mod.holograms.mixin+com.moonsworth.lunar.client.framework.feature.pkg.mixin+com.moonsworth.lunar.client.framework.feature.waila+com.moonsworth.lunar.client.render+com.moonsworth.lunar.client.util.alert+com.moonsworth.lunar.client.framework.feature.debug.shaderdebugmod	Shaderdebugmod3	com/moonsworth/lunar/client/framework/feature/debug/shaderdebugmod/Shaderdebugmod3.java
22	com.moonsworth.lunar.client.framework.feature.mod.highlight+com.moonsworth.lunar.client.framework.feature.mod.holograms.mixin+com.moonsworth.lunar.client.framework.feature.pkg.mixin+com.moonsworth.lunar.client.framework.feature.waila+com.moonsworth.lunar.client.render+com.moonsworth.lunar.client.util.alert+com.moonsworth.lunar.client.framework.feature.debug.shaderdebugmod	Shaderdebugmod4	com/moonsworth/lunar/client/framework/feature/debug/shaderdebugmod/Shaderdebugmod4.java
22	com.moonsworth.lunar.client.framework.feature.mod.highlight+com.moonsworth.lunar.client.framework.feature.mod.holograms.mixin+com.moonsworth.lunar.client.framework.feature.pkg.mixin+com.moonsworth.lunar.client.framework.feature.waila+com.moonsworth.lunar.client.render+com.moonsworth.lunar.client.util.alert+com.moonsworth.lunar.client.framework.feature.debug.shaderdebugmod	Shaderdebugmod5	com/moonsworth/lunar/client/framework/feature/debug/shaderdebugmod/Shaderdebugmod5.java
22	com.moonsworth.lunar.client.framework.feature.mod.highlight+com.moonsworth.lunar.client.framework.feature.mod.holograms.mixin+com.moonsworth.lunar.client.framework.feature.pkg.mixin+com.moonsworth.lunar.client.framework.feature.waila+com.moonsworth.lunar.client.render+com.moonsworth.lunar.client.util.alert+com.moonsworth.lunar.client.framework.feature.debug.shaderdebugmod	Type2	com/moonsworth/lunar/client/framework/feature/debug/shaderdebugmod/Shaderdebugmod.java
23	com.moonsworth.lunar.client.framework.feature.mod.fishing.gui.mixin+com.moonsworth.lunar.client.framework.feature.mod.holograms.highlight+com.moonsworth.lunar.client.framework.feature.mod.impl.chest.dungeon.dungeonwaypoints.mixin+com.moonsworth.lunar.client.framework.feature.pkg+com.moonsworth.lunar.client.framework.feature.rewind.highlight+com.moonsworth.lunar.client.framework.feature.rewind.rewindhandlers.coordinates+com.moonsworth.lunar.client.framework.feature.rewind.rewindhandlersNameplate+com.moonsworth.lunar.client.framework.feature.tiertagger	Gui2	com/moonsworth/lunar/client/framework/feature/mod/fishing/gui/mixin/Gui2.java
23	com.moonsworth.lunar.client.framework.feature.mod.fishing.gui.mixin+com.moonsworth.lunar.client.framework.feature.mod.holograms.highlight+com.moonsworth.lunar.client.framework.feature.mod.impl.chest.dungeon.dungeonwaypoints.mixin+com.moonsworth.lunar.client.framework.feature.pkg+com.moonsworth.lunar.client.framework.feature.rewind.highlight+com.moonsworth.lunar.client.framework.feature.rewind.rewindhandlers.coordinates+com.moonsworth.lunar.client.framework.feature.rewind.rewindhandlersNameplate+com.moonsworth.lunar.client.framework.feature.tiertagger	Gui3	com/moonsworth/lunar/client/framework/feature/mod/fishing/gui/mixin/Gui3.java
23	com.moonsworth.lunar.client.framework.feature.mod.fishing.gui.mixin+com.moonsworth.lunar.client.framework.feature.mod.holograms.highlight+com.moonsworth.lunar.client.framework.feature.mod.impl.chest.dungeon.dungeonwaypoints.mixin+com.moonsworth.lunar.client.framework.feature.pkg+com.moonsworth.lunar.client.framework.feature.rewind.highlight+com.moonsworth.lunar.client.framework.feature.rewind.rewindhandlers.coordinates+com.moonsworth.lunar.client.framework.feature.rewind.rewindhandlersNameplate+com.moonsworth.lunar.client.framework.feature.tiertagger	Gui4	com/moonsworth/lunar/client/framework/feature/mod/fishing/gui/mixin/Gui4.java
23	com.moonsworth.lunar.client.framework.feature.mod.fishing.gui.mixin+com.moonsworth.lunar.client.framework.feature.mod.holograms.highlight+com.moonsworth.lunar.client.framework.feature.mod.impl.chest.dungeon.dungeonwaypoints.mixin+com.moonsworth.lunar.client.framework.feature.pkg+com.moonsworth.lunar.client.framework.feature.rewind.highlight+com.moonsworth.lunar.client.framework.feature.rewind.rewindhandlers.coordinates+com.moonsworth.lunar.client.framework.feature.rewind.rewindhandlersNameplate+com.moonsworth.lunar.client.framework.feature.tiertagger	Gui5	com/moonsworth/lunar/client/framework/feature/mod/fishing/gui/mixin/Gui5.java
23	com.moonsworth.lunar.client.framework.feature.mod.fishing.gui.mixin+com.moonsworth.lunar.client.framework.feature.mod.holograms.highlight+com.moonsworth.lunar.client.framework.feature.mod.impl.chest.dungeon.dungeonwaypoints.mixin+com.moonsworth.lunar.client.framework.feature.pkg+com.moonsworth.lunar.client.framework.feature.rewind.highlight+com.moonsworth.lunar.client.framework.feature.rewind.rewindhandlers.coordinates+com.moonsworth.lunar.client.framework.feature.rewind.rewindhandlersNameplate+com.moonsworth.lunar.client.framework.feature.tiertagger	GuiType2	com/moonsworth/lunar/client/framework/feature/mod/fishing/gui/mixin/GuiType2.java
23	com.moonsworth.lunar.client.framework.feature.mod.fishing.gui.mixin+com.moonsworth.lunar.client.framework.feature.mod.holograms.highlight+com.moonsworth.lunar.client.framework.feature.mod.impl.chest.dungeon.dungeonwaypoints.mixin+com.moonsworth.lunar.client.framework.feature.pkg+com.moonsworth.lunar.client.framework.feature.rewind.highlight+com.moonsworth.lunar.client.framework.feature.rewind.rewindhandlers.coordinates+com.moonsworth.lunar.client.framework.feature.rewind.rewindhandlersNameplate+com.moonsworth.lunar.client.framework.feature.tiertagger	GuiType3	com/moonsworth/lunar/client/framework/feature/mod/fishing/gui/mixin/GuiType3.java
23	com.moonsworth.lunar.client.framework.feature.mod.fishing.gui.mixin+com.moonsworth.lunar.client.framework.feature.mod.holograms.highlight+com.moonsworth.lunar.client.framework.feature.mod.impl.chest.dungeon.dungeonwaypoints.mixin+com.moonsworth.lunar.client.framework.feature.pkg+com.moonsworth.lunar.client.framework.feature.rewind.highlight+com.moonsworth.lunar.client.framework.feature.rewind.rewindhandlers.coordinates+com.moonsworth.lunar.client.framework.feature.rewind.rewindhandlersNameplate+com.moonsworth.lunar.client.framework.feature.tiertagger	Data2	com/moonsworth/lunar/client/framework/feature/mod/holograms/highlight/GuiRewindhandlersHandler2.java
23	com.moonsworth.lunar.client.framework.feature.mod.fishing.gui.mixin+com.moonsworth.lunar.client.framework.feature.mod.holograms.highlight+com.moonsworth.lunar.client.framework.feature.mod.impl.chest.dungeon.dungeonwaypoints.mixin+com.moonsworth.lunar.client.framework.feature.pkg+com.moonsworth.lunar.client.framework.feature.rewind.highlight+com.moonsworth.lunar.client.framework.feature.rewind.rewindhandlers.coordinates+com.moonsworth.lunar.client.framework.feature.rewind.rewindhandlersNameplate+com.moonsworth.lunar.client.framework.feature.tiertagger	Data3	com/moonsworth/lunar/client/framework/feature/mod/holograms/highlight/GuiRewindhandlersHandler2.java
23	com.moonsworth.lunar.client.framework.feature.mod.fishing.gui.mixin+com.moonsworth.lunar.client.framework.feature.mod.holograms.highlight+com.moonsworth.lunar.client.framework.feature.mod.impl.chest.dungeon.dungeonwaypoints.mixin+com.moonsworth.lunar.client.framework.feature.pkg+com.moonsworth.lunar.client.framework.feature.rewind.highlight+com.moonsworth.lunar.client.framework.feature.rewind.rewindhandlers.coordinates+com.moonsworth.lunar.client.framework.feature.rewind.rewindhandlersNameplate+com.moonsworth.lunar.client.framework.feature.tiertagger	Data4	com/moonsworth/lunar/client/framework/feature/mod/holograms/highlight/GuiRewindhandlersHandler2.java
23	com.moonsworth.lunar.client.framework.feature.mod.fishing.gui.mixin+com.moonsworth.lunar.client.framework.feature.mod.holograms.highlight+com.moonsworth.lunar.client.framework.feature.mod.impl.chest.dungeon.dungeonwaypoints.mixin+com.moonsworth.lunar.client.framework.feature.pkg+com.moonsworth.lunar.client.framework.feature.rewind.highlight+com.moonsworth.lunar.client.framework.feature.rewind.rewindhandlers.coordinates+com.moonsworth.lunar.client.framework.feature.rewind.rewindhandlersNameplate+com.moonsworth.lunar.client.framework.feature.tiertagger	GuiRewindhandlersHandler2	com/moonsworth/lunar/client/framework/feature/mod/holograms/highlight/GuiRewindhandlersHandler2.java
23	com.moonsworth.lunar.client.framework.feature.mod.fishing.gui.mixin+com.moonsworth.lunar.client.framework.feature.mod.holograms.highlight+com.moonsworth.lunar.client.framework.feature.mod.impl.chest.dungeon.dungeonwaypoints.mixin+com.moonsworth.lunar.client.framework.feature.pkg+com.moonsworth.lunar.client.framework.feature.rewind.highlight+com.moonsworth.lunar.client.framework.feature.rewind.rewindhandlers.coordinates+com.moonsworth.lunar.client.framework.feature.rewind.rewindhandlersNameplate+com.moonsworth.lunar.client.framework.feature.tiertagger	GuiRewindhandlersHandler22	com/moonsworth/lunar/client/framework/feature/mod/holograms/highlight/GuiRewindhandlersHandler22.java
23	com.moonsworth.lunar.client.framework.feature.mod.fishing.gui.mixin+com.moonsworth.lunar.client.framework.feature.mod.holograms.highlight+com.moonsworth.lunar.client.framework.feature.mod.impl.chest.dungeon.dungeonwaypoints.mixin+com.moonsworth.lunar.client.framework.feature.pkg+com.moonsworth.lunar.client.framework.feature.rewind.highlight+com.moonsworth.lunar.client.framework.feature.rewind.rewindhandlers.coordinates+com.moonsworth.lunar.client.framework.feature.rewind.rewindhandlersNameplate+com.moonsworth.lunar.client.framework.feature.tiertagger	GuiRewindhandlersHandler23	com/moonsworth/lunar/client/framework/feature/mod/holograms/highlight/GuiRewindhandlersHandler23.java
23	com.moonsworth.lunar.client.framework.feature.mod.fishing.gui.mixin+com.moonsworth.lunar.client.framework.feature.mod.holograms.highlight+com.moonsworth.lunar.client.framework.feature.mod.impl.chest.dungeon.dungeonwaypoints.mixin+com.moonsworth.lunar.client.framework.feature.pkg+com.moonsworth.lunar.client.framework.feature.rewind.highlight+com.moonsworth.lunar.client.framework.feature.rewind.rewindhandlers.coordinates+com.moonsworth.lunar.client.framework.feature.rewind.rewindhandlersNameplate+com.moonsworth.lunar.client.framework.feature.tiertagger	Dungeonwaypoints2	com/moonsworth/lunar/client/framework/feature/mod/impl/chest/dungeon/dungeonwaypoints/mixin/Dungeonwaypoints2.java
23	com.moonsworth.lunar.client.framework.feature.mod.fishing.gui.mixin+com.moonsworth.lunar.client.framework.feature.mod.holograms.highlight+com.moonsworth.lunar.client.framework.feature.mod.impl.chest.dungeon.dungeonwaypoints.mixin+com.moonsworth.lunar.client.framework.feature.pkg+com.moonsworth.lunar.client.framework.feature.rewind.highlight+com.moonsworth.lunar.client.framework.feature.rewind.rewindhandlers.coordinates+com.moonsworth.lunar.client.framework.feature.rewind.rewindhandlersNameplate+com.moonsworth.lunar.client.framework.feature.tiertagger	Dungeonwaypoints3	com/moonsworth/lunar/client/framework/feature/mod/impl/chest/dungeon/dungeonwaypoints/mixin/Dungeonwaypoints3.java
23	com.moonsworth.lunar.client.framework.feature.mod.fishing.gui.mixin+com.moonsworth.lunar.client.framework.feature.mod.holograms.highlight+com.moonsworth.lunar.client.framework.feature.mod.impl.chest.dungeon.dungeonwaypoints.mixin+com.moonsworth.lunar.client.framework.feature.pkg+com.moonsworth.lunar.client.framework.feature.rewind.highlight+com.moonsworth.lunar.client.framework.feature.rewind.rewindhandlers.coordinates+com.moonsworth.lunar.client.framework.feature.rewind.rewindhandlersNameplate+com.moonsworth.lunar.client.framework.feature.tiertagger	Dungeonwaypoints4	com/moonsworth/lunar/client/framework/feature/mod/impl/chest/dungeon/dungeonwaypoints/mixin/Dungeonwaypoints4.java
23	com.moonsworth.lunar.client.framework.feature.mod.fishing.gui.mixin+com.moonsworth.lunar.client.framework.feature.mod.holograms.highlight+com.moonsworth.lunar.client.framework.feature.mod.impl.chest.dungeon.dungeonwaypoints.mixin+com.moonsworth.lunar.client.framework.feature.pkg+com.moonsworth.lunar.client.framework.feature.rewind.highlight+com.moonsworth.lunar.client.framework.feature.rewind.rewindhandlers.coordinates+com.moonsworth.lunar.client.framework.feature.rewind.rewindhandlersNameplate+com.moonsworth.lunar.client.framework.feature.tiertagger	Dungeonwaypoints5	com/moonsworth/lunar/client/framework/feature/mod/impl/chest/dungeon/dungeonwaypoints/mixin/Dungeonwaypoints5.java
23	com.moonsworth.lunar.client.framework.feature.mod.fishing.gui.mixin+com.moonsworth.lunar.client.framework.feature.mod.holograms.highlight+com.moonsworth.lunar.client.framework.feature.mod.impl.chest.dungeon.dungeonwaypoints.mixin+com.moonsworth.lunar.client.framework.feature.pkg+com.moonsworth.lunar.client.framework.feature.rewind.highlight+com.moonsworth.lunar.client.framework.feature.rewind.rewindhandlers.coordinates+com.moonsworth.lunar.client.framework.feature.rewind.rewindhandlersNameplate+com.moonsworth.lunar.client.framework.feature.tiertagger	Gui2Extension2	com/moonsworth/lunar/client/framework/feature/mod/impl/chest/dungeon/dungeonwaypoints/mixin/Gui2Extension2.java
23	com.moonsworth.lunar.client.framework.feature.mod.fishing.gui.mixin+com.moonsworth.lunar.client.framework.feature.mod.holograms.highlight+com.moonsworth.lunar.client.framework.feature.mod.impl.chest.dungeon.dungeonwaypoints.mixin+com.moonsworth.lunar.client.framework.feature.pkg+com.moonsworth.lunar.client.framework.feature.rewind.highlight+com.moonsworth.lunar.client.framework.feature.rewind.rewindhandlers.coordinates+com.moonsworth.lunar.client.framework.feature.rewind.rewindhandlersNameplate+com.moonsworth.lunar.client.framework.feature.tiertagger	Gui2Extension3	com/moonsworth/lunar/client/framework/feature/mod/impl/chest/dungeon/dungeonwaypoints/mixin/Gui2Extension3.java
23	com.moonsworth.lunar.client.framework.feature.mod.fishing.gui.mixin+com.moonsworth.lunar.client.framework.feature.mod.holograms.highlight+com.moonsworth.lunar.client.framework.feature.mod.impl.chest.dungeon.dungeonwaypoints.mixin+com.moonsworth.lunar.client.framework.feature.pkg+com.moonsworth.lunar.client.framework.feature.rewind.highlight+com.moonsworth.lunar.client.framework.feature.rewind.rewindhandlers.coordinates+com.moonsworth.lunar.client.framework.feature.rewind.rewindhandlersNameplate+com.moonsworth.lunar.client.framework.feature.tiertagger	Pkg2	com/moonsworth/lunar/client/framework/feature/pkg/Pkg2.java
23	com.moonsworth.lunar.client.framework.feature.mod.fishing.gui.mixin+com.moonsworth.lunar.client.framework.feature.mod.holograms.highlight+com.moonsworth.lunar.client.framework.feature.mod.impl.chest.dungeon.dungeonwaypoints.mixin+com.moonsworth.lunar.client.framework.feature.pkg+com.moonsworth.lunar.client.framework.feature.rewind.highlight+com.moonsworth.lunar.client.framework.feature.rewind.rewindhandlers.coordinates+com.moonsworth.lunar.client.framework.feature.rewind.rewindhandlersNameplate+com.moonsworth.lunar.client.framework.feature.tiertagger	Pkg3	com/moonsworth/lunar/client/framework/feature/pkg/Pkg3.java
23	com.moonsworth.lunar.client.framework.feature.mod.fishing.gui.mixin+com.moonsworth.lunar.client.framework.feature.mod.holograms.highlight+com.moonsworth.lunar.client.framework.feature.mod.impl.chest.dungeon.dungeonwaypoints.mixin+com.moonsworth.lunar.client.framework.feature.pkg+com.moonsworth.lunar.client.framework.feature.rewind.highlight+com.moonsworth.lunar.client.framework.feature.rewind.rewindhandlers.coordinates+com.moonsworth.lunar.client.framework.feature.rewind.rewindhandlersNameplate+com.moonsworth.lunar.client.framework.feature.tiertagger	Pkg4	com/moonsworth/lunar/client/framework/feature/pkg/Pkg4.java
23	com.moonsworth.lunar.client.framework.feature.mod.fishing.gui.mixin+com.moonsworth.lunar.client.framework.feature.mod.holograms.highlight+com.moonsworth.lunar.client.framework.feature.mod.impl.chest.dungeon.dungeonwaypoints.mixin+com.moonsworth.lunar.client.framework.feature.pkg+com.moonsworth.lunar.client.framework.feature.rewind.highlight+com.moonsworth.lunar.client.framework.feature.rewind.rewindhandlers.coordinates+com.moonsworth.lunar.client.framework.feature.rewind.rewindhandlersNameplate+com.moonsworth.lunar.client.framework.feature.tiertagger	Pkg5	com/moonsworth/lunar/client/framework/feature/pkg/Pkg5.java
23	com.moonsworth.lunar.client.framework.feature.mod.fishing.gui.mixin+com.moonsworth.lunar.client.framework.feature.mod.holograms.highlight+com.moonsworth.lunar.client.framework.feature.mod.impl.chest.dungeon.dungeonwaypoints.mixin+com.moonsworth.lunar.client.framework.feature.pkg+com.moonsworth.lunar.client.framework.feature.rewind.highlight+com.moonsworth.lunar.client.framework.feature.rewind.rewindhandlers.coordinates+com.moonsworth.lunar.client.framework.feature.rewind.rewindhandlersNameplate+com.moonsworth.lunar.client.framework.feature.tiertagger	Pkg6	com/moonsworth/lunar/client/framework/feature/pkg/Pkg6.java
23	com.moonsworth.lunar.client.framework.feature.mod.fishing.gui.mixin+com.moonsworth.lunar.client.framework.feature.mod.holograms.highlight+com.moonsworth.lunar.client.framework.feature.mod.impl.chest.dungeon.dungeonwaypoints.mixin+com.moonsworth.lunar.client.framework.feature.pkg+com.moonsworth.lunar.client.framework.feature.rewind.highlight+com.moonsworth.lunar.client.framework.feature.rewind.rewindhandlers.coordinates+com.moonsworth.lunar.client.framework.feature.rewind.rewindhandlersNameplate+com.moonsworth.lunar.client.framework.feature.tiertagger	Pkg_2	com/moonsworth/lunar/client/framework/feature/pkg/Pkg_2.java
23	com.moonsworth.lunar.client.framework.feature.mod.fishing.gui.mixin+com.moonsworth.lunar.client.framework.feature.mod.holograms.highlight+com.moonsworth.lunar.client.framework.feature.mod.impl.chest.dungeon.dungeonwaypoints.mixin+com.moonsworth.lunar.client.framework.feature.pkg+com.moonsworth.lunar.client.framework.feature.rewind.highlight+com.moonsworth.lunar.client.framework.feature.rewind.rewindhandlers.coordinates+com.moonsworth.lunar.client.framework.feature.rewind.rewindhandlersNameplate+com.moonsworth.lunar.client.framework.feature.tiertagger	Data2	com/moonsworth/lunar/client/framework/feature/rewind/highlight/Highlight.java
23	com.moonsworth.lunar.client.framework.feature.mod.fishing.gui.mixin+com.moonsworth.lunar.client.framework.feature.mod.holograms.highlight+com.moonsworth.lunar.client.framework.feature.mod.impl.chest.dungeon.dungeonwaypoints.mixin+com.moonsworth.lunar.client.framework.feature.pkg+com.moonsworth.lunar.client.framework.feature.rewind.highlight+com.moonsworth.lunar.client.framework.feature.rewind.rewindhandlers.coordinates+com.moonsworth.lunar.client.framework.feature.rewind.rewindhandlersNameplate+com.moonsworth.lunar.client.framework.feature.tiertagger	Highlight2	com/moonsworth/lunar/client/framework/feature/rewind/highlight/Highlight2.java
23	com.moonsworth.lunar.client.framework.feature.mod.fishing.gui.mixin+com.moonsworth.lunar.client.framework.feature.mod.holograms.highlight+com.moonsworth.lunar.client.framework.feature.mod.impl.chest.dungeon.dungeonwaypoints.mixin+com.moonsworth.lunar.client.framework.feature.pkg+com.moonsworth.lunar.client.framework.feature.rewind.highlight+com.moonsworth.lunar.client.framework.feature.rewind.rewindhandlers.coordinates+com.moonsworth.lunar.client.framework.feature.rewind.rewindhandlersNameplate+com.moonsworth.lunar.client.framework.feature.tiertagger	Highlight3	com/moonsworth/lunar/client/framework/feature/rewind/highlight/Highlight3.java
23	com.moonsworth.lunar.client.framework.feature.mod.fishing.gui.mixin+com.moonsworth.lunar.client.framework.feature.mod.holograms.highlight+com.moonsworth.lunar.client.framework.feature.mod.impl.chest.dungeon.dungeonwaypoints.mixin+com.moonsworth.lunar.client.framework.feature.pkg+com.moonsworth.lunar.client.framework.feature.rewind.highlight+com.moonsworth.lunar.client.framework.feature.rewind.rewindhandlers.coordinates+com.moonsworth.lunar.client.framework.feature.rewind.rewindhandlersNameplate+com.moonsworth.lunar.client.framework.feature.tiertagger	Highlight_2	com/moonsworth/lunar/client/framework/feature/rewind/highlight/Highlight_2.java
23	com.moonsworth.lunar.client.framework.feature.mod.fishing.gui.mixin+com.moonsworth.lunar.client.framework.feature.mod.holograms.highlight+com.moonsworth.lunar.client.framework.feature.mod.impl.chest.dungeon.dungeonwaypoints.mixin+com.moonsworth.lunar.client.framework.feature.pkg+com.moonsworth.lunar.client.framework.feature.rewind.highlight+com.moonsworth.lunar.client.framework.feature.rewind.rewindhandlers.coordinates+com.moonsworth.lunar.client.framework.feature.rewind.rewindhandlersNameplate+com.moonsworth.lunar.client.framework.feature.tiertagger	Highlight_3	com/moonsworth/lunar/client/framework/feature/rewind/highlight/Highlight_3.java
23	com.moonsworth.lunar.client.framework.feature.mod.fishing.gui.mixin+com.moonsworth.lunar.client.framework.feature.mod.holograms.highlight+com.moonsworth.lunar.client.framework.feature.mod.impl.chest.dungeon.dungeonwaypoints.mixin+com.moonsworth.lunar.client.framework.feature.pkg+com.moonsworth.lunar.client.framework.feature.rewind.highlight+com.moonsworth.lunar.client.framework.feature.rewind.rewindhandlers.coordinates+com.moonsworth.lunar.client.framework.feature.rewind.rewindhandlersNameplate+com.moonsworth.lunar.client.framework.feature.tiertagger	Highlight_4	com/moonsworth/lunar/client/framework/feature/rewind/highlight/Highlight_4.java
23	com.moonsworth.lunar.client.framework.feature.mod.fishing.gui.mixin+com.moonsworth.lunar.client.framework.feature.mod.holograms.highlight+com.moonsworth.lunar.client.framework.feature.mod.impl.chest.dungeon.dungeonwaypoints.mixin+com.moonsworth.lunar.client.framework.feature.pkg+com.moonsworth.lunar.client.framework.feature.rewind.highlight+com.moonsworth.lunar.client.framework.feature.rewind.rewindhandlers.coordinates+com.moonsworth.lunar.client.framework.feature.rewind.rewindhandlersNameplate+com.moonsworth.lunar.client.framework.feature.tiertagger	Coordinates2	com/moonsworth/lunar/client/framework/feature/rewind/rewindhandlers/coordinates/Coordinates2.java
23	com.moonsworth.lunar.client.framework.feature.mod.fishing.gui.mixin+com.moonsworth.lunar.client.framework.feature.mod.holograms.highlight+com.moonsworth.lunar.client.framework.feature.mod.impl.chest.dungeon.dungeonwaypoints.mixin+com.moonsworth.lunar.client.framework.feature.pkg+com.moonsworth.lunar.client.framework.feature.rewind.highlight+com.moonsworth.lunar.client.framework.feature.rewind.rewindhandlers.coordinates+com.moonsworth.lunar.client.framework.feature.rewind.rewindhandlersNameplate+com.moonsworth.lunar.client.framework.feature.tiertagger	Coordinates3	com/moonsworth/lunar/client/framework/feature/rewind/rewindhandlers/coordinates/Coordinates3.java
23	com.moonsworth.lunar.client.framework.feature.mod.fishing.gui.mixin+com.moonsworth.lunar.client.framework.feature.mod.holograms.highlight+com.moonsworth.lunar.client.framework.feature.mod.impl.chest.dungeon.dungeonwaypoints.mixin+com.moonsworth.lunar.client.framework.feature.pkg+com.moonsworth.lunar.client.framework.feature.rewind.highlight+com.moonsworth.lunar.client.framework.feature.rewind.rewindhandlers.coordinates+com.moonsworth.lunar.client.framework.feature.rewind.rewindhandlersNameplate+com.moonsworth.lunar.client.framework.feature.tiertagger	Coordinates4	com/moonsworth/lunar/client/framework/feature/rewind/rewindhandlers/coordinates/Coordinates4.java
23	com.moonsworth.lunar.client.framework.feature.mod.fishing.gui.mixin+com.moonsworth.lunar.client.framework.feature.mod.holograms.highlight+com.moonsworth.lunar.client.framework.feature.mod.impl.chest.dungeon.dungeonwaypoints.mixin+com.moonsworth.lunar.client.framework.feature.pkg+com.moonsworth.lunar.client.framework.feature.rewind.highlight+com.moonsworth.lunar.client.framework.feature.rewind.rewindhandlers.coordinates+com.moonsworth.lunar.client.framework.feature.rewind.rewindhandlersNameplate+com.moonsworth.lunar.client.framework.feature.tiertagger	Data2	com/moonsworth/lunar/client/framework/feature/rewind/rewindhandlers/coordinates/Coordinates3.java
23	com.moonsworth.lunar.client.framework.feature.mod.fishing.gui.mixin+com.moonsworth.lunar.client.framework.feature.mod.holograms.highlight+com.moonsworth.lunar.client.framework.feature.mod.impl.chest.dungeon.dungeonwaypoints.mixin+com.moonsworth.lunar.client.framework.feature.pkg+com.moonsworth.lunar.client.framework.feature.rewind.highlight+com.moonsworth.lunar.client.framework.feature.rewind.rewindhandlers.coordinates+com.moonsworth.lunar.client.framework.feature.rewind.rewindhandlersNameplate+com.moonsworth.lunar.client.framework.feature.tiertagger	Data3	com/moonsworth/lunar/client/framework/feature/rewind/rewindhandlers/coordinates/Coordinates3.java
23	com.moonsworth.lunar.client.framework.feature.mod.fishing.gui.mixin+com.moonsworth.lunar.client.framework.feature.mod.holograms.highlight+com.moonsworth.lunar.client.framework.feature.mod.impl.chest.dungeon.dungeonwaypoints.mixin+com.moonsworth.lunar.client.framework.feature.pkg+com.moonsworth.lunar.client.framework.feature.rewind.highlight+com.moonsworth.lunar.client.framework.feature.rewind.rewindhandlers.coordinates+com.moonsworth.lunar.client.framework.feature.rewind.rewindhandlersNameplate+com.moonsworth.lunar.client.framework.feature.tiertagger	Data4	com/moonsworth/lunar/client/framework/feature/rewind/rewindhandlers/coordinates/Coordinates3.java
23	com.moonsworth.lunar.client.framework.feature.mod.fishing.gui.mixin+com.moonsworth.lunar.client.framework.feature.mod.holograms.highlight+com.moonsworth.lunar.client.framework.feature.mod.impl.chest.dungeon.dungeonwaypoints.mixin+com.moonsworth.lunar.client.framework.feature.pkg+com.moonsworth.lunar.client.framework.feature.rewind.highlight+com.moonsworth.lunar.client.framework.feature.rewind.rewindhandlers.coordinates+com.moonsworth.lunar.client.framework.feature.rewind.rewindhandlersNameplate+com.moonsworth.lunar.client.framework.feature.tiertagger	Gui2Extension2	com/moonsworth/lunar/client/framework/feature/rewind/rewindhandlersNameplate/Gui2Extension2.java
23	com.moonsworth.lunar.client.framework.feature.mod.fishing.gui.mixin+com.moonsworth.lunar.client.framework.feature.mod.holograms.highlight+com.moonsworth.lunar.client.framework.feature.mod.impl.chest.dungeon.dungeonwaypoints.mixin+com.moonsworth.lunar.client.framework.feature.pkg+com.moonsworth.lunar.client.framework.feature.rewind.highlight+com.moonsworth.lunar.client.framework.feature.rewind.rewindhandlers.coordinates+com.moonsworth.lunar.client.framework.feature.rewind.rewindhandlersNameplate+com.moonsworth.lunar.client.framework.feature.tiertagger	Gui2Extension3	com/moonsworth/lunar/client/framework/feature/rewind/rewindhandlersNameplate/Gui2Extension3.java
23	com.moonsworth.lunar.client.framework.feature.mod.fishing.gui.mixin+com.moonsworth.lunar.client.framework.feature.mod.holograms.highlight+com.moonsworth.lunar.client.framework.feature.mod.impl.chest.dungeon.dungeonwaypoints.mixin+com.moonsworth.lunar.client.framework.feature.pkg+com.moonsworth.lunar.client.framework.feature.rewind.highlight+com.moonsworth.lunar.client.framework.feature.rewind.rewindhandlers.coordinates+com.moonsworth.lunar.client.framework.feature.rewind.rewindhandlersNameplate+com.moonsworth.lunar.client.framework.feature.tiertagger	RewindhandlersNameplate2	com/moonsworth/lunar/client/framework/feature/rewind/rewindhandlersNameplate/RewindhandlersNameplate2.java
23	com.moonsworth.lunar.client.framework.feature.mod.fishing.gui.mixin+com.moonsworth.lunar.client.framework.feature.mod.holograms.highlight+com.moonsworth.lunar.client.framework.feature.mod.impl.chest.dungeon.dungeonwaypoints.mixin+com.moonsworth.lunar.client.framework.feature.pkg+com.moonsworth.lunar.client.framework.feature.rewind.highlight+com.moonsworth.lunar.client.framework.feature.rewind.rewindhandlers.coordinates+com.moonsworth.lunar.client.framework.feature.rewind.rewindhandlersNameplate+com.moonsworth.lunar.client.framework.feature.tiertagger	RewindhandlersNameplate_2	com/moonsworth/lunar/client/framework/feature/rewind/rewindhandlersNameplate/RewindhandlersNameplate_2.java
23	com.moonsworth.lunar.client.framework.feature.mod.fishing.gui.mixin+com.moonsworth.lunar.client.framework.feature.mod.holograms.highlight+com.moonsworth.lunar.client.framework.feature.mod.impl.chest.dungeon.dungeonwaypoints.mixin+com.moonsworth.lunar.client.framework.feature.pkg+com.moonsworth.lunar.client.framework.feature.rewind.highlight+com.moonsworth.lunar.client.framework.feature.rewind.rewindhandlers.coordinates+com.moonsworth.lunar.client.framework.feature.rewind.rewindhandlersNameplate+com.moonsworth.lunar.client.framework.feature.tiertagger	RewindhandlersNameplate_3	com/moonsworth/lunar/client/framework/feature/rewind/rewindhandlersNameplate/RewindhandlersNameplate_3.java
23	com.moonsworth.lunar.client.framework.feature.mod.fishing.gui.mixin+com.moonsworth.lunar.client.framework.feature.mod.holograms.highlight+com.moonsworth.lunar.client.framework.feature.mod.impl.chest.dungeon.dungeonwaypoints.mixin+com.moonsworth.lunar.client.framework.feature.pkg+com.moonsworth.lunar.client.framework.feature.rewind.highlight+com.moonsworth.lunar.client.framework.feature.rewind.rewindhandlers.coordinates+com.moonsworth.lunar.client.framework.feature.rewind.rewindhandlersNameplate+com.moonsworth.lunar.client.framework.feature.tiertagger	RewindhandlersNameplate_4	com/moonsworth/lunar/client/framework/feature/rewind/rewindhandlersNameplate/RewindhandlersNameplate_4.java
23	com.moonsworth.lunar.client.framework.feature.mod.fishing.gui.mixin+com.moonsworth.lunar.client.framework.feature.mod.holograms.highlight+com.moonsworth.lunar.client.framework.feature.mod.impl.chest.dungeon.dungeonwaypoints.mixin+com.moonsworth.lunar.client.framework.feature.pkg+com.moonsworth.lunar.client.framework.feature.rewind.highlight+com.moonsworth.lunar.client.framework.feature.rewind.rewindhandlers.coordinates+com.moonsworth.lunar.client.framework.feature.rewind.rewindhandlersNameplate+com.moonsworth.lunar.client.framework.feature.tiertagger	Tiertagger2	com/moonsworth/lunar/client/framework/feature/tiertagger/Tiertagger2.java
23	com.moonsworth.lunar.client.framework.feature.mod.fishing.gui.mixin+com.moonsworth.lunar.client.framework.feature.mod.holograms.highlight+com.moonsworth.lunar.client.framework.feature.mod.impl.chest.dungeon.dungeonwaypoints.mixin+com.moonsworth.lunar.client.framework.feature.pkg+com.moonsworth.lunar.client.framework.feature.rewind.highlight+com.moonsworth.lunar.client.framework.feature.rewind.rewindhandlers.coordinates+com.moonsworth.lunar.client.framework.feature.rewind.rewindhandlersNameplate+com.moonsworth.lunar.client.framework.feature.tiertagger	Tiertagger3	com/moonsworth/lunar/client/framework/feature/tiertagger/Tiertagger3.java
23	com.moonsworth.lunar.client.framework.feature.mod.fishing.gui.mixin+com.moonsworth.lunar.client.framework.feature.mod.holograms.highlight+com.moonsworth.lunar.client.framework.feature.mod.impl.chest.dungeon.dungeonwaypoints.mixin+com.moonsworth.lunar.client.framework.feature.pkg+com.moonsworth.lunar.client.framework.feature.rewind.highlight+com.moonsworth.lunar.client.framework.feature.rewind.rewindhandlers.coordinates+com.moonsworth.lunar.client.framework.feature.rewind.rewindhandlersNameplate+com.moonsworth.lunar.client.framework.feature.tiertagger	Tiertagger4	com/moonsworth/lunar/client/framework/feature/tiertagger/Tiertagger4.java
23	com.moonsworth.lunar.client.framework.feature.mod.fishing.gui.mixin+com.moonsworth.lunar.client.framework.feature.mod.holograms.highlight+com.moonsworth.lunar.client.framework.feature.mod.impl.chest.dungeon.dungeonwaypoints.mixin+com.moonsworth.lunar.client.framework.feature.pkg+com.moonsworth.lunar.client.framework.feature.rewind.highlight+com.moonsworth.lunar.client.framework.feature.rewind.rewindhandlers.coordinates+com.moonsworth.lunar.client.framework.feature.rewind.rewindhandlersNameplate+com.moonsworth.lunar.client.framework.feature.tiertagger	Tiertagger5	com/moonsworth/lunar/client/framework/feature/tiertagger/Tiertagger5.java
23	com.moonsworth.lunar.client.framework.feature.mod.fishing.gui.mixin+com.moonsworth.lunar.client.framework.feature.mod.holograms.highlight+com.moonsworth.lunar.client.framework.feature.mod.impl.chest.dungeon.dungeonwaypoints.mixin+com.moonsworth.lunar.client.framework.feature.pkg+com.moonsworth.lunar.client.framework.feature.rewind.highlight+com.moonsworth.lunar.client.framework.feature.rewind.rewindhandlers.coordinates+com.moonsworth.lunar.client.framework.feature.rewind.rewindhandlersNameplate+com.moonsworth.lunar.client.framework.feature.tiertagger	Tiertagger6	com/moonsworth/lunar/client/framework/feature/tiertagger/Tiertagger6.java
23	com.moonsworth.lunar.client.framework.feature.mod.fishing.gui.mixin+com.moonsworth.lunar.client.framework.feature.mod.holograms.highlight+com.moonsworth.lunar.client.framework.feature.mod.impl.chest.dungeon.dungeonwaypoints.mixin+com.moonsworth.lunar.client.framework.feature.pkg+com.moonsworth.lunar.client.framework.feature.rewind.highlight+com.moonsworth.lunar.client.framework.feature.rewind.rewindhandlers.coordinates+com.moonsworth.lunar.client.framework.feature.rewind.rewindhandlersNameplate+com.moonsworth.lunar.client.framework.feature.tiertagger	Tiertagger_2	com/moonsworth/lunar/client/framework/feature/tiertagger/Tiertagger_2.java
24	com.moonsworth.lunar.client.pkg+com.moonsworth.lunar.client.command+com.moonsworth.lunar.client.cosmetics+com.moonsworth.lunar.client.driver.core.gui.mixin.rewindhandlers+com.moonsworth.lunar.client.framework.feature.debug.fpsdebugmod.profilerdebugmod+com.moonsworth.lunar.client.framework.feature.mod.gui+com.moonsworth.lunar.client.framework.feature.mod.impl.chest.dungeon.dungeonwaypoints+com.moonsworth.lunar.client.framework.feature.mod.impl.click.storageoverlay.mixin+com.moonsworth.lunar.client.framework.feature.rewind.highlight.nameplate	Data3	com/moonsworth/lunar/client/pkg/Pkg2.java
24	com.moonsworth.lunar.client.pkg+com.moonsworth.lunar.client.command+com.moonsworth.lunar.client.cosmetics+com.moonsworth.lunar.client.driver.core.gui.mixin.rewindhandlers+com.moonsworth.lunar.client.framework.feature.debug.fpsdebugmod.profilerdebugmod+com.moonsworth.lunar.client.framework.feature.mod.gui+com.moonsworth.lunar.client.framework.feature.mod.impl.chest.dungeon.dungeonwaypoints+com.moonsworth.lunar.client.framework.feature.mod.impl.click.storageoverlay.mixin+com.moonsworth.lunar.client.framework.feature.rewind.highlight.nameplate	Pkg2	com/moonsworth/lunar/client/pkg/Pkg2.java
24	com.moonsworth.lunar.client.pkg+com.moonsworth.lunar.client.command+com.moonsworth.lunar.client.cosmetics+com.moonsworth.lunar.client.driver.core.gui.mixin.rewindhandlers+com.moonsworth.lunar.client.framework.feature.debug.fpsdebugmod.profilerdebugmod+com.moonsworth.lunar.client.framework.feature.mod.gui+com.moonsworth.lunar.client.framework.feature.mod.impl.chest.dungeon.dungeonwaypoints+com.moonsworth.lunar.client.framework.feature.mod.impl.click.storageoverlay.mixin+com.moonsworth.lunar.client.framework.feature.rewind.highlight.nameplate	Pkg3	com/moonsworth/lunar/client/pkg/Pkg3.java
24	com.moonsworth.lunar.client.pkg+com.moonsworth.lunar.client.command+com.moonsworth.lunar.client.cosmetics+com.moonsworth.lunar.client.driver.core.gui.mixin.rewindhandlers+com.moonsworth.lunar.client.framework.feature.debug.fpsdebugmod.profilerdebugmod+com.moonsworth.lunar.client.framework.feature.mod.gui+com.moonsworth.lunar.client.framework.feature.mod.impl.chest.dungeon.dungeonwaypoints+com.moonsworth.lunar.client.framework.feature.mod.impl.click.storageoverlay.mixin+com.moonsworth.lunar.client.framework.feature.rewind.highlight.nameplate	Pkg4	com/moonsworth/lunar/client/pkg/Pkg4.java
24	com.moonsworth.lunar.client.pkg+com.moonsworth.lunar.client.command+com.moonsworth.lunar.client.cosmetics+com.moonsworth.lunar.client.driver.core.gui.mixin.rewindhandlers+com.moonsworth.lunar.client.framework.feature.debug.fpsdebugmod.profilerdebugmod+com.moonsworth.lunar.client.framework.feature.mod.gui+com.moonsworth.lunar.client.framework.feature.mod.impl.chest.dungeon.dungeonwaypoints+com.moonsworth.lunar.client.framework.feature.mod.impl.click.storageoverlay.mixin+com.moonsworth.lunar.client.framework.feature.rewind.highlight.nameplate	Pkg5	com/moonsworth/lunar/client/pkg/Pkg5.java
24	com.moonsworth.lunar.client.pkg+com.moonsworth.lunar.client.command+com.moonsworth.lunar.client.cosmetics+com.moonsworth.lunar.client.driver.core.gui.mixin.rewindhandlers+com.moonsworth.lunar.client.framework.feature.debug.fpsdebugmod.profilerdebugmod+com.moonsworth.lunar.client.framework.feature.mod.gui+com.moonsworth.lunar.client.framework.feature.mod.impl.chest.dungeon.dungeonwaypoints+com.moonsworth.lunar.client.framework.feature.mod.impl.click.storageoverlay.mixin+com.moonsworth.lunar.client.framework.feature.rewind.highlight.nameplate	Pkg6	com/moonsworth/lunar/client/pkg/Pkg6.java
24	com.moonsworth.lunar.client.pkg+com.moonsworth.lunar.client.command+com.moonsworth.lunar.client.cosmetics+com.moonsworth.lunar.client.driver.core.gui.mixin.rewindhandlers+com.moonsworth.lunar.client.framework.feature.debug.fpsdebugmod.profilerdebugmod+com.moonsworth.lunar.client.framework.feature.mod.gui+com.moonsworth.lunar.client.framework.feature.mod.impl.chest.dungeon.dungeonwaypoints+com.moonsworth.lunar.client.framework.feature.mod.impl.click.storageoverlay.mixin+com.moonsworth.lunar.client.framework.feature.rewind.highlight.nameplate	MixinHelper2	com/moonsworth/lunar/client/command/MixinHelper2.java
24	com.moonsworth.lunar.client.pkg+com.moonsworth.lunar.client.command+com.moonsworth.lunar.client.cosmetics+com.moonsworth.lunar.client.driver.core.gui.mixin.rewindhandlers+com.moonsworth.lunar.client.framework.feature.debug.fpsdebugmod.profilerdebugmod+com.moonsworth.lunar.client.framework.feature.mod.gui+com.moonsworth.lunar.client.framework.feature.mod.impl.chest.dungeon.dungeonwaypoints+com.moonsworth.lunar.client.framework.feature.mod.impl.click.storageoverlay.mixin+com.moonsworth.lunar.client.framework.feature.rewind.highlight.nameplate	MixinHelper22	com/moonsworth/lunar/client/command/MixinHelper22.java
24	com.moonsworth.lunar.client.pkg+com.moonsworth.lunar.client.command+com.moonsworth.lunar.client.cosmetics+com.moonsworth.lunar.client.driver.core.gui.mixin.rewindhandlers+com.moonsworth.lunar.client.framework.feature.debug.fpsdebugmod.profilerdebugmod+com.moonsworth.lunar.client.framework.feature.mod.gui+com.moonsworth.lunar.client.framework.feature.mod.impl.chest.dungeon.dungeonwaypoints+com.moonsworth.lunar.client.framework.feature.mod.impl.click.storageoverlay.mixin+com.moonsworth.lunar.client.framework.feature.rewind.highlight.nameplate	MixinHelper3	com/moonsworth/lunar/client/command/MixinHelper3.java
24	com.moonsworth.lunar.client.pkg+com.moonsworth.lunar.client.command+com.moonsworth.lunar.client.cosmetics+com.moonsworth.lunar.client.driver.core.gui.mixin.rewindhandlers+com.moonsworth.lunar.client.framework.feature.debug.fpsdebugmod.profilerdebugmod+com.moonsworth.lunar.client.framework.feature.mod.gui+com.moonsworth.lunar.client.framework.feature.mod.impl.chest.dungeon.dungeonwaypoints+com.moonsworth.lunar.client.framework.feature.mod.impl.click.storageoverlay.mixin+com.moonsworth.lunar.client.framework.feature.rewind.highlight.nameplate	MixinNameplate2	com/moonsworth/lunar/client/command/MixinNameplate2.java
24	com.moonsworth.lunar.client.pkg+com.moonsworth.lunar.client.command+com.moonsworth.lunar.client.cosmetics+com.moonsworth.lunar.client.driver.core.gui.mixin.rewindhandlers+com.moonsworth.lunar.client.framework.feature.debug.fpsdebugmod.profilerdebugmod+com.moonsworth.lunar.client.framework.feature.mod.gui+com.moonsworth.lunar.client.framework.feature.mod.impl.chest.dungeon.dungeonwaypoints+com.moonsworth.lunar.client.framework.feature.mod.impl.click.storageoverlay.mixin+com.moonsworth.lunar.client.framework.feature.rewind.highlight.nameplate	Nameplate_2	com/moonsworth/lunar/client/command/Nameplate_2.java
24	com.moonsworth.lunar.client.pkg+com.moonsworth.lunar.client.command+com.moonsworth.lunar.client.cosmetics+com.moonsworth.lunar.client.driver.core.gui.mixin.rewindhandlers+com.moonsworth.lunar.client.framework.feature.debug.fpsdebugmod.profilerdebugmod+com.moonsworth.lunar.client.framework.feature.mod.gui+com.moonsworth.lunar.client.framework.feature.mod.impl.chest.dungeon.dungeonwaypoints+com.moonsworth.lunar.client.framework.feature.mod.impl.click.storageoverlay.mixin+com.moonsworth.lunar.client.framework.feature.rewind.highlight.nameplate	Data2	com/moonsworth/lunar/client/cosmetics/ClothCloakUpdater.java
24	com.moonsworth.lunar.client.pkg+com.moonsworth.lunar.client.command+com.moonsworth.lunar.client.cosmetics+com.moonsworth.lunar.client.driver.core.gui.mixin.rewindhandlers+com.moonsworth.lunar.client.framework.feature.debug.fpsdebugmod.profilerdebugmod+com.moonsworth.lunar.client.framework.feature.mod.gui+com.moonsworth.lunar.client.framework.feature.mod.impl.chest.dungeon.dungeonwaypoints+com.moonsworth.lunar.client.framework.feature.mod.impl.click.storageoverlay.mixin+com.moonsworth.lunar.client.framework.feature.rewind.highlight.nameplate	Data2	com/moonsworth/lunar/client/cosmetics/ShaderCloakRenderer.java
24	com.moonsworth.lunar.client.pkg+com.moonsworth.lunar.client.command+com.moonsworth.lunar.client.cosmetics+com.moonsworth.lunar.client.driver.core.gui.mixin.rewindhandlers+com.moonsworth.lunar.client.framework.feature.debug.fpsdebugmod.profilerdebugmod+com.moonsworth.lunar.client.framework.feature.mod.gui+com.moonsworth.lunar.client.framework.feature.mod.impl.chest.dungeon.dungeonwaypoints+com.moonsworth.lunar.client.framework.feature.mod.impl.click.storageoverlay.mixin+com.moonsworth.lunar.client.framework.feature.rewind.highlight.nameplate	Data3	com/moonsworth/lunar/client/cosmetics/ClothCloakUpdater.java
24	com.moonsworth.lunar.client.pkg+com.moonsworth.lunar.client.command+com.moonsworth.lunar.client.cosmetics+com.moonsworth.lunar.client.driver.core.gui.mixin.rewindhandlers+com.moonsworth.lunar.client.framework.feature.debug.fpsdebugmod.profilerdebugmod+com.moonsworth.lunar.client.framework.feature.mod.gui+com.moonsworth.lunar.client.framework.feature.mod.impl.chest.dungeon.dungeonwaypoints+com.moonsworth.lunar.client.framework.feature.mod.impl.click.storageoverlay.mixin+com.moonsworth.lunar.client.framework.feature.rewind.highlight.nameplate	ThreadModuleDump91	com/moonsworth/lunar/client/cosmetics/ThreadModuleDump91.java
24	com.moonsworth.lunar.client.pkg+com.moonsworth.lunar.client.command+com.moonsworth.lunar.client.cosmetics+com.moonsworth.lunar.client.driver.core.gui.mixin.rewindhandlers+com.moonsworth.lunar.client.framework.feature.debug.fpsdebugmod.profilerdebugmod+com.moonsworth.lunar.client.framework.feature.mod.gui+com.moonsworth.lunar.client.framework.feature.mod.impl.chest.dungeon.dungeonwaypoints+com.moonsworth.lunar.client.framework.feature.mod.impl.click.storageoverlay.mixin+com.moonsworth.lunar.client.framework.feature.rewind.highlight.nameplate	Type2	com/moonsworth/lunar/client/cosmetics/ThreadModuleDump91.java
24	com.moonsworth.lunar.client.pkg+com.moonsworth.lunar.client.command+com.moonsworth.lunar.client.cosmetics+com.moonsworth.lunar.client.driver.core.gui.mixin.rewindhandlers+com.moonsworth.lunar.client.framework.feature.debug.fpsdebugmod.profilerdebugmod+com.moonsworth.lunar.client.framework.feature.mod.gui+com.moonsworth.lunar.client.framework.feature.mod.impl.chest.dungeon.dungeonwaypoints+com.moonsworth.lunar.client.framework.feature.mod.impl.click.storageoverlay.mixin+com.moonsworth.lunar.client.framework.feature.rewind.highlight.nameplate	Data16	com/moonsworth/lunar/client/driver/core/gui/mixin/rewindhandlers/Rewindhandlers.java
24	com.moonsworth.lunar.client.pkg+com.moonsworth.lunar.client.command+com.moonsworth.lunar.client.cosmetics+com.moonsworth.lunar.client.driver.core.gui.mixin.rewindhandlers+com.moonsworth.lunar.client.framework.feature.debug.fpsdebugmod.profilerdebugmod+com.moonsworth.lunar.client.framework.feature.mod.gui+com.moonsworth.lunar.client.framework.feature.mod.impl.chest.dungeon.dungeonwaypoints+com.moonsworth.lunar.client.framework.feature.mod.impl.click.storageoverlay.mixin+com.moonsworth.lunar.client.framework.feature.rewind.highlight.nameplate	Data17	com/moonsworth/lunar/client/driver/core/gui/mixin/rewindhandlers/Rewindhandlers.java
24	com.moonsworth.lunar.client.pkg+com.moonsworth.lunar.client.command+com.moonsworth.lunar.client.cosmetics+com.moonsworth.lunar.client.driver.core.gui.mixin.rewindhandlers+com.moonsworth.lunar.client.framework.feature.debug.fpsdebugmod.profilerdebugmod+com.moonsworth.lunar.client.framework.feature.mod.gui+com.moonsworth.lunar.client.framework.feature.mod.impl.chest.dungeon.dungeonwaypoints+com.moonsworth.lunar.client.framework.feature.mod.impl.click.storageoverlay.mixin+com.moonsworth.lunar.client.framework.feature.rewind.highlight.nameplate	Data2	com/moonsworth/lunar/client/driver/core/gui/mixin/rewindhandlers/GuiExtension2.java
24	com.moonsworth.lunar.client.pkg+com.moonsworth.lunar.client.command+com.moonsworth.lunar.client.cosmetics+com.moonsworth.lunar.client.driver.core.gui.mixin.rewindhandlers+com.moonsworth.lunar.client.framework.feature.debug.fpsdebugmod.profilerdebugmod+com.moonsworth.lunar.client.framework.feature.mod.gui+com.moonsworth.lunar.client.framework.feature.mod.impl.chest.dungeon.dungeonwaypoints+com.moonsworth.lunar.client.framework.feature.mod.impl.click.storageoverlay.mixin+com.moonsworth.lunar.client.framework.feature.rewind.highlight.nameplate	GuiExtension2	com/moonsworth/lunar/client/driver/core/gui/mixin/rewindhandlers/GuiExtension2.java
24	com.moonsworth.lunar.client.pkg+com.moonsworth.lunar.client.command+com.moonsworth.lunar.client.cosmetics+com.moonsworth.lunar.client.driver.core.gui.mixin.rewindhandlers+com.moonsworth.lunar.client.framework.feature.debug.fpsdebugmod.profilerdebugmod+com.moonsworth.lunar.client.framework.feature.mod.gui+com.moonsworth.lunar.client.framework.feature.mod.impl.chest.dungeon.dungeonwaypoints+com.moonsworth.lunar.client.framework.feature.mod.impl.click.storageoverlay.mixin+com.moonsworth.lunar.client.framework.feature.rewind.highlight.nameplate	GuiExtension4	com/moonsworth/lunar/client/driver/core/gui/mixin/rewindhandlers/GuiExtension4.java
24	com.moonsworth.lunar.client.pkg+com.moonsworth.lunar.client.command+com.moonsworth.lunar.client.cosmetics+com.moonsworth.lunar.client.driver.core.gui.mixin.rewindhandlers+com.moonsworth.lunar.client.framework.feature.debug.fpsdebugmod.profilerdebugmod+com.moonsworth.lunar.client.framework.feature.mod.gui+com.moonsworth.lunar.client.framework.feature.mod.impl.chest.dungeon.dungeonwaypoints+com.moonsworth.lunar.client.framework.feature.mod.impl.click.storageoverlay.mixin+com.moonsworth.lunar.client.framework.feature.rewind.highlight.nameplate	Profilerdebugmod2	com/moonsworth/lunar/client/framework/feature/debug/fpsdebugmod/profilerdebugmod/Profilerdebugmod2.java
24	com.moonsworth.lunar.client.pkg+com.moonsworth.lunar.client.command+com.moonsworth.lunar.client.cosmetics+com.moonsworth.lunar.client.driver.core.gui.mixin.rewindhandlers+com.moonsworth.lunar.client.framework.feature.debug.fpsdebugmod.profilerdebugmod+com.moonsworth.lunar.client.framework.feature.mod.gui+com.moonsworth.lunar.client.framework.feature.mod.impl.chest.dungeon.dungeonwaypoints+com.moonsworth.lunar.client.framework.feature.mod.impl.click.storageoverlay.mixin+com.moonsworth.lunar.client.framework.feature.rewind.highlight.nameplate	Profilerdebugmod3	com/moonsworth/lunar/client/framework/feature/debug/fpsdebugmod/profilerdebugmod/Profilerdebugmod3.java
24	com.moonsworth.lunar.client.pkg+com.moonsworth.lunar.client.command+com.moonsworth.lunar.client.cosmetics+com.moonsworth.lunar.client.driver.core.gui.mixin.rewindhandlers+com.moonsworth.lunar.client.framework.feature.debug.fpsdebugmod.profilerdebugmod+com.moonsworth.lunar.client.framework.feature.mod.gui+com.moonsworth.lunar.client.framework.feature.mod.impl.chest.dungeon.dungeonwaypoints+com.moonsworth.lunar.client.framework.feature.mod.impl.click.storageoverlay.mixin+com.moonsworth.lunar.client.framework.feature.rewind.highlight.nameplate	Profilerdebugmod4	com/moonsworth/lunar/client/framework/feature/debug/fpsdebugmod/profilerdebugmod/Profilerdebugmod4.java
24	com.moonsworth.lunar.client.pkg+com.moonsworth.lunar.client.command+com.moonsworth.lunar.client.cosmetics+com.moonsworth.lunar.client.driver.core.gui.mixin.rewindhandlers+com.moonsworth.lunar.client.framework.feature.debug.fpsdebugmod.profilerdebugmod+com.moonsworth.lunar.client.framework.feature.mod.gui+com.moonsworth.lunar.client.framework.feature.mod.impl.chest.dungeon.dungeonwaypoints+com.moonsworth.lunar.client.framework.feature.mod.impl.click.storageoverlay.mixin+com.moonsworth.lunar.client.framework.feature.rewind.highlight.nameplate	Profilerdebugmod_2	com/moonsworth/lunar/client/framework/feature/debug/fpsdebugmod/profilerdebugmod/Profilerdebugmod_2.java
24	com.moonsworth.lunar.client.pkg+com.moonsworth.lunar.client.command+com.moonsworth.lunar.client.cosmetics+com.moonsworth.lunar.client.driver.core.gui.mixin.rewindhandlers+com.moonsworth.lunar.client.framework.feature.debug.fpsdebugmod.profilerdebugmod+com.moonsworth.lunar.client.framework.feature.mod.gui+com.moonsworth.lunar.client.framework.feature.mod.impl.chest.dungeon.dungeonwaypoints+com.moonsworth.lunar.client.framework.feature.mod.impl.click.storageoverlay.mixin+com.moonsworth.lunar.client.framework.feature.rewind.highlight.nameplate	Profilerdebugmod_3	com/moonsworth/lunar/client/framework/feature/debug/fpsdebugmod/profilerdebugmod/Profilerdebugmod_3.java
24	com.moonsworth.lunar.client.pkg+com.moonsworth.lunar.client.command+com.moonsworth.lunar.client.cosmetics+com.moonsworth.lunar.client.driver.core.gui.mixin.rewindhandlers+com.moonsworth.lunar.client.framework.feature.debug.fpsdebugmod.profilerdebugmod+com.moonsworth.lunar.client.framework.feature.mod.gui+com.moonsworth.lunar.client.framework.feature.mod.impl.chest.dungeon.dungeonwaypoints+com.moonsworth.lunar.client.framework.feature.mod.impl.click.storageoverlay.mixin+com.moonsworth.lunar.client.framework.feature.rewind.highlight.nameplate	Data3	com/moonsworth/lunar/client/framework/feature/mod/gui/Gui.java
24	com.moonsworth.lunar.client.pkg+com.moonsworth.lunar.client.command+com.moonsworth.lunar.client.cosmetics+com.moonsworth.lunar.client.driver.core.gui.mixin.rewindhandlers+com.moonsworth.lunar.client.framework.feature.debug.fpsdebugmod.profilerdebugmod+com.moonsworth.lunar.client.framework.feature.mod.gui+com.moonsworth.lunar.client.framework.feature.mod.impl.chest.dungeon.dungeonwaypoints+com.moonsworth.lunar.client.framework.feature.mod.impl.click.storageoverlay.mixin+com.moonsworth.lunar.client.framework.feature.rewind.highlight.nameplate	Gui2	com/moonsworth/lunar/client/framework/feature/mod/gui/Gui2.java
24	com.moonsworth.lunar.client.pkg+com.moonsworth.lunar.client.command+com.moonsworth.lunar.client.cosmetics+com.moonsworth.lunar.client.driver.core.gui.mixin.rewindhandlers+com.moonsworth.lunar.client.framework.feature.debug.fpsdebugmod.profilerdebugmod+com.moonsworth.lunar.client.framework.feature.mod.gui+com.moonsworth.lunar.client.framework.feature.mod.impl.chest.dungeon.dungeonwaypoints+com.moonsworth.lunar.client.framework.feature.mod.impl.click.storageoverlay.mixin+com.moonsworth.lunar.client.framework.feature.rewind.highlight.nameplate	Gui3	com/moonsworth/lunar/client/framework/feature/mod/gui/Gui3.java
24	com.moonsworth.lunar.client.pkg+com.moonsworth.lunar.client.command+com.moonsworth.lunar.client.cosmetics+com.moonsworth.lunar.client.driver.core.gui.mixin.rewindhandlers+com.moonsworth.lunar.client.framework.feature.debug.fpsdebugmod.profilerdebugmod+com.moonsworth.lunar.client.framework.feature.mod.gui+com.moonsworth.lunar.client.framework.feature.mod.impl.chest.dungeon.dungeonwaypoints+com.moonsworth.lunar.client.framework.feature.mod.impl.click.storageoverlay.mixin+com.moonsworth.lunar.client.framework.feature.rewind.highlight.nameplate	Gui4	com/moonsworth/lunar/client/framework/feature/mod/gui/Gui4.java
24	com.moonsworth.lunar.client.pkg+com.moonsworth.lunar.client.command+com.moonsworth.lunar.client.cosmetics+com.moonsworth.lunar.client.driver.core.gui.mixin.rewindhandlers+com.moonsworth.lunar.client.framework.feature.debug.fpsdebugmod.profilerdebugmod+com.moonsworth.lunar.client.framework.feature.mod.gui+com.moonsworth.lunar.client.framework.feature.mod.impl.chest.dungeon.dungeonwaypoints+com.moonsworth.lunar.client.framework.feature.mod.impl.click.storageoverlay.mixin+com.moonsworth.lunar.client.framework.feature.rewind.highlight.nameplate	Gui_2	com/moonsworth/lunar/client/framework/feature/mod/gui/Gui_2.java
24	com.moonsworth.lunar.client.pkg+com.moonsworth.lunar.client.command+com.moonsworth.lunar.client.cosmetics+com.moonsworth.lunar.client.driver.core.gui.mixin.rewindhandlers+com.moonsworth.lunar.client.framework.feature.debug.fpsdebugmod.profilerdebugmod+com.moonsworth.lunar.client.framework.feature.mod.gui+com.moonsworth.lunar.client.framework.feature.mod.impl.chest.dungeon.dungeonwaypoints+com.moonsworth.lunar.client.framework.feature.mod.impl.click.storageoverlay.mixin+com.moonsworth.lunar.client.framework.feature.rewind.highlight.nameplate	Dungeonwaypoints2	com/moonsworth/lunar/client/framework/feature/mod/impl/chest/dungeon/dungeonwaypoints/Dungeonwaypoints2.java
24	com.moonsworth.lunar.client.pkg+com.moonsworth.lunar.client.command+com.moonsworth.lunar.client.cosmetics+com.moonsworth.lunar.client.driver.core.gui.mixin.rewindhandlers+com.moonsworth.lunar.client.framework.feature.debug.fpsdebugmod.profilerdebugmod+com.moonsworth.lunar.client.framework.feature.mod.gui+com.moonsworth.lunar.client.framework.feature.mod.impl.chest.dungeon.dungeonwaypoints+com.moonsworth.lunar.client.framework.feature.mod.impl.click.storageoverlay.mixin+com.moonsworth.lunar.client.framework.feature.rewind.highlight.nameplate	Dungeonwaypoints3	com/moonsworth/lunar/client/framework/feature/mod/impl/chest/dungeon/dungeonwaypoints/Dungeonwaypoints3.java
24	com.moonsworth.lunar.client.pkg+com.moonsworth.lunar.client.command+com.moonsworth.lunar.client.cosmetics+com.moonsworth.lunar.client.driver.core.gui.mixin.rewindhandlers+com.moonsworth.lunar.client.framework.feature.debug.fpsdebugmod.profilerdebugmod+com.moonsworth.lunar.client.framework.feature.mod.gui+com.moonsworth.lunar.client.framework.feature.mod.impl.chest.dungeon.dungeonwaypoints+com.moonsworth.lunar.client.framework.feature.mod.impl.click.storageoverlay.mixin+com.moonsworth.lunar.client.framework.feature.rewind.highlight.nameplate	Dungeonwaypoints4	com/moonsworth/lunar/client/framework/feature/mod/impl/chest/dungeon/dungeonwaypoints/Dungeonwaypoints4.java
24	com.moonsworth.lunar.client.pkg+com.moonsworth.lunar.client.command+com.moonsworth.lunar.client.cosmetics+com.moonsworth.lunar.client.driver.core.gui.mixin.rewindhandlers+com.moonsworth.lunar.client.framework.feature.debug.fpsdebugmod.profilerdebugmod+com.moonsworth.lunar.client.framework.feature.mod.gui+com.moonsworth.lunar.client.framework.feature.mod.impl.chest.dungeon.dungeonwaypoints+com.moonsworth.lunar.client.framework.feature.mod.impl.click.storageoverlay.mixin+com.moonsworth.lunar.client.framework.feature.rewind.highlight.nameplate	Dungeonwaypoints5	com/moonsworth/lunar/client/framework/feature/mod/impl/chest/dungeon/dungeonwaypoints/Dungeonwaypoints5.java
24	com.moonsworth.lunar.client.pkg+com.moonsworth.lunar.client.command+com.moonsworth.lunar.client.cosmetics+com.moonsworth.lunar.client.driver.core.gui.mixin.rewindhandlers+com.moonsworth.lunar.client.framework.feature.debug.fpsdebugmod.profilerdebugmod+com.moonsworth.lunar.client.framework.feature.mod.gui+com.moonsworth.lunar.client.framework.feature.mod.impl.chest.dungeon.dungeonwaypoints+com.moonsworth.lunar.client.framework.feature.mod.impl.click.storageoverlay.mixin+com.moonsworth.lunar.client.framework.feature.rewind.highlight.nameplate	Dungeonwaypoints_2	com/moonsworth/lunar/client/framework/feature/mod/impl/chest/dungeon/dungeonwaypoints/Dungeonwaypoints_2.java
24	com.moonsworth.lunar.client.pkg+com.moonsworth.lunar.client.command+com.moonsworth.lunar.client.cosmetics+com.moonsworth.lunar.client.driver.core.gui.mixin.rewindhandlers+com.moonsworth.lunar.client.framework.feature.debug.fpsdebugmod.profilerdebugmod+com.moonsworth.lunar.client.framework.feature.mod.gui+com.moonsworth.lunar.client.framework.feature.mod.impl.chest.dungeon.dungeonwaypoints+com.moonsworth.lunar.client.framework.feature.mod.impl.click.storageoverlay.mixin+com.moonsworth.lunar.client.framework.feature.rewind.highlight.nameplate	Gui2Extension2	com/moonsworth/lunar/client/framework/feature/mod/impl/click/storageoverlay/mixin/Gui2Extension2.java
24	com.moonsworth.lunar.client.pkg+com.moonsworth.lunar.client.command+com.moonsworth.lunar.client.cosmetics+com.moonsworth.lunar.client.driver.core.gui.mixin.rewindhandlers+com.moonsworth.lunar.client.framework.feature.debug.fpsdebugmod.profilerdebugmod+com.moonsworth.lunar.client.framework.feature.mod.gui+com.moonsworth.lunar.client.framework.feature.mod.impl.chest.dungeon.dungeonwaypoints+com.moonsworth.lunar.client.framework.feature.mod.impl.click.storageoverlay.mixin+com.moonsworth.lunar.client.framework.feature.rewind.highlight.nameplate	Gui2Extension3	com/moonsworth/lunar/client/framework/feature/mod/impl/click/storageoverlay/mixin/Gui2Extension3.java
24	com.moonsworth.lunar.client.pkg+com.moonsworth.lunar.client.command+com.moonsworth.lunar.client.cosmetics+com.moonsworth.lunar.client.driver.core.gui.mixin.rewindhandlers+com.moonsworth.lunar.client.framework.feature.debug.fpsdebugmod.profilerdebugmod+com.moonsworth.lunar.client.framework.feature.mod.gui+com.moonsworth.lunar.client.framework.feature.mod.impl.chest.dungeon.dungeonwaypoints+com.moonsworth.lunar.client.framework.feature.mod.impl.click.storageoverlay.mixin+com.moonsworth.lunar.client.framework.feature.rewind.highlight.nameplate	Gui2Extension4	com/moonsworth/lunar/client/framework/feature/mod/impl/click/storageoverlay/mixin/Gui2Extension4.java
24	com.moonsworth.lunar.client.pkg+com.moonsworth.lunar.client.command+com.moonsworth.lunar.client.cosmetics+com.moonsworth.lunar.client.driver.core.gui.mixin.rewindhandlers+com.moonsworth.lunar.client.framework.feature.debug.fpsdebugmod.profilerdebugmod+com.moonsworth.lunar.client.framework.feature.mod.gui+com.moonsworth.lunar.client.framework.feature.mod.impl.chest.dungeon.dungeonwaypoints+com.moonsworth.lunar.client.framework.feature.mod.impl.click.storageoverlay.mixin+com.moonsworth.lunar.client.framework.feature.rewind.highlight.nameplate	Gui2Extension5	com/moonsworth/lunar/client/framework/feature/mod/impl/click/storageoverlay/mixin/Gui2Extension5.java
24	com.moonsworth.lunar.client.pkg+com.moonsworth.lunar.client.command+com.moonsworth.lunar.client.cosmetics+com.moonsworth.lunar.client.driver.core.gui.mixin.rewindhandlers+com.moonsworth.lunar.client.framework.feature.debug.fpsdebugmod.profilerdebugmod+com.moonsworth.lunar.client.framework.feature.mod.gui+com.moonsworth.lunar.client.framework.feature.mod.impl.chest.dungeon.dungeonwaypoints+com.moonsworth.lunar.client.framework.feature.mod.impl.click.storageoverlay.mixin+com.moonsworth.lunar.client.framework.feature.rewind.highlight.nameplate	Gui2Extension6	com/moonsworth/lunar/client/framework/feature/mod/impl/click/storageoverlay/mixin/Gui2Extension6.java
24	com.moonsworth.lunar.client.pkg+com.moonsworth.lunar.client.command+com.moonsworth.lunar.client.cosmetics+com.moonsworth.lunar.client.driver.core.gui.mixin.rewindhandlers+com.moonsworth.lunar.client.framework.feature.debug.fpsdebugmod.profilerdebugmod+com.moonsworth.lunar.client.framework.feature.mod.gui+com.moonsworth.lunar.client.framework.feature.mod.impl.chest.dungeon.dungeonwaypoints+com.moonsworth.lunar.client.framework.feature.mod.impl.click.storageoverlay.mixin+com.moonsworth.lunar.client.framework.feature.rewind.highlight.nameplate	Data2	com/moonsworth/lunar/client/framework/feature/rewind/highlight/nameplate/Nameplate2.java
24	com.moonsworth.lunar.client.pkg+com.moonsworth.lunar.client.command+com.moonsworth.lunar.client.cosmetics+com.moonsworth.lunar.client.driver.core.gui.mixin.rewindhandlers+com.moonsworth.lunar.client.framework.feature.debug.fpsdebugmod.profilerdebugmod+com.moonsworth.lunar.client.framework.feature.mod.gui+com.moonsworth.lunar.client.framework.feature.mod.impl.chest.dungeon.dungeonwaypoints+com.moonsworth.lunar.client.framework.feature.mod.impl.click.storageoverlay.mixin+com.moonsworth.lunar.client.framework.feature.rewind.highlight.nameplate	Data3	com/moonsworth/lunar/client/framework/feature/rewind/highlight/nameplate/Nameplate2.java
24	com.moonsworth.lunar.client.pkg+com.moonsworth.lunar.client.command+com.moonsworth.lunar.client.cosmetics+com.moonsworth.lunar.client.driver.core.gui.mixin.rewindhandlers+com.moonsworth.lunar.client.framework.feature.debug.fpsdebugmod.profilerdebugmod+com.moonsworth.lunar.client.framework.feature.mod.gui+com.moonsworth.lunar.client.framework.feature.mod.impl.chest.dungeon.dungeonwaypoints+com.moonsworth.lunar.client.framework.feature.mod.impl.click.storageoverlay.mixin+com.moonsworth.lunar.client.framework.feature.rewind.highlight.nameplate	Nameplate2	com/moonsworth/lunar/client/framework/feature/rewind/highlight/nameplate/Nameplate2.java
24	com.moonsworth.lunar.client.pkg+com.moonsworth.lunar.client.command+com.moonsworth.lunar.client.cosmetics+com.moonsworth.lunar.client.driver.core.gui.mixin.rewindhandlers+com.moonsworth.lunar.client.framework.feature.debug.fpsdebugmod.profilerdebugmod+com.moonsworth.lunar.client.framework.feature.mod.gui+com.moonsworth.lunar.client.framework.feature.mod.impl.chest.dungeon.dungeonwaypoints+com.moonsworth.lunar.client.framework.feature.mod.impl.click.storageoverlay.mixin+com.moonsworth.lunar.client.framework.feature.rewind.highlight.nameplate	Nameplate3	com/moonsworth/lunar/client/framework/feature/rewind/highlight/nameplate/Nameplate3.java
24	com.moonsworth.lunar.client.pkg+com.moonsworth.lunar.client.command+com.moonsworth.lunar.client.cosmetics+com.moonsworth.lunar.client.driver.core.gui.mixin.rewindhandlers+com.moonsworth.lunar.client.framework.feature.debug.fpsdebugmod.profilerdebugmod+com.moonsworth.lunar.client.framework.feature.mod.gui+com.moonsworth.lunar.client.framework.feature.mod.impl.chest.dungeon.dungeonwaypoints+com.moonsworth.lunar.client.framework.feature.mod.impl.click.storageoverlay.mixin+com.moonsworth.lunar.client.framework.feature.rewind.highlight.nameplate	TreeMapImpl2	com/moonsworth/lunar/client/framework/feature/rewind/highlight/nameplate/TreeMapImpl2.java
25	com.moonsworth.lunar.client.framework.feature.rewind.rewindhandlers.nameplate+com.moonsworth.lunar.client.guiRewindhandlers.mixin+com.moonsworth.lunar.client.render.texture+com.moonsworth.lunar.client.ui.mainmenu+com.moonsworth.lunar.annotations+com.moonsworth.lunar.client.framework.feature.armorstatus.nameplate+com.moonsworth.lunar.client.framework.feature.chat+com.moonsworth.lunar.client.framework.feature.gui+com.moonsworth.lunar.client.framework.feature.itemcounter+com.moonsworth.lunar.client.framework.feature.lightoverlay+com.moonsworth.lunar.client.framework.feature.mod.fishing.highlight	Nameplate2	com/moonsworth/lunar/client/framework/feature/rewind/rewindhandlers/nameplate/Nameplate2.java
25	com.moonsworth.lunar.client.framework.feature.rewind.rewindhandlers.nameplate+com.moonsworth.lunar.client.guiRewindhandlers.mixin+com.moonsworth.lunar.client.render.texture+com.moonsworth.lunar.client.ui.mainmenu+com.moonsworth.lunar.annotations+com.moonsworth.lunar.client.framework.feature.armorstatus.nameplate+com.moonsworth.lunar.client.framework.feature.chat+com.moonsworth.lunar.client.framework.feature.gui+com.moonsworth.lunar.client.framework.feature.itemcounter+com.moonsworth.lunar.client.framework.feature.lightoverlay+com.moonsworth.lunar.client.framework.feature.mod.fishing.highlight	Nameplate3	com/moonsworth/lunar/client/framework/feature/rewind/rewindhandlers/nameplate/Nameplate3.java
25	com.moonsworth.lunar.client.framework.feature.rewind.rewindhandlers.nameplate+com.moonsworth.lunar.client.guiRewindhandlers.mixin+com.moonsworth.lunar.client.render.texture+com.moonsworth.lunar.client.ui.mainmenu+com.moonsworth.lunar.annotations+com.moonsworth.lunar.client.framework.feature.armorstatus.nameplate+com.moonsworth.lunar.client.framework.feature.chat+com.moonsworth.lunar.client.framework.feature.gui+com.moonsworth.lunar.client.framework.feature.itemcounter+com.moonsworth.lunar.client.framework.feature.lightoverlay+com.moonsworth.lunar.client.framework.feature.mod.fishing.highlight	Nameplate4	com/moonsworth/lunar/client/framework/feature/rewind/rewindhandlers/nameplate/Nameplate4.java
25	com.moonsworth.lunar.client.framework.feature.rewind.rewindhandlers.nameplate+com.moonsworth.lunar.client.guiRewindhandlers.mixin+com.moonsworth.lunar.client.render.texture+com.moonsworth.lunar.client.ui.mainmenu+com.moonsworth.lunar.annotations+com.moonsworth.lunar.client.framework.feature.armorstatus.nameplate+com.moonsworth.lunar.client.framework.feature.chat+com.moonsworth.lunar.client.framework.feature.gui+com.moonsworth.lunar.client.framework.feature.itemcounter+com.moonsworth.lunar.client.framework.feature.lightoverlay+com.moonsworth.lunar.client.framework.feature.mod.fishing.highlight	Nameplate5	com/moonsworth/lunar/client/framework/feature/rewind/rewindhandlers/nameplate/Nameplate5.java
25	com.moonsworth.lunar.client.framework.feature.rewind.rewindhandlers.nameplate+com.moonsworth.lunar.client.guiRewindhandlers.mixin+com.moonsworth.lunar.client.render.texture+com.moonsworth.lunar.client.ui.mainmenu+com.moonsworth.lunar.annotations+com.moonsworth.lunar.client.framework.feature.armorstatus.nameplate+com.moonsworth.lunar.client.framework.feature.chat+com.moonsworth.lunar.client.framework.feature.gui+com.moonsworth.lunar.client.framework.feature.itemcounter+com.moonsworth.lunar.client.framework.feature.lightoverlay+com.moonsworth.lunar.client.framework.feature.mod.fishing.highlight	Nameplate_2	com/moonsworth/lunar/client/framework/feature/rewind/rewindhandlers/nameplate/Nameplate_2.java
25	com.moonsworth.lunar.client.framework.feature.rewind.rewindhandlers.nameplate+com.moonsworth.lunar.client.guiRewindhandlers.mixin+com.moonsworth.lunar.client.render.texture+com.moonsworth.lunar.client.ui.mainmenu+com.moonsworth.lunar.annotations+com.moonsworth.lunar.client.framework.feature.armorstatus.nameplate+com.moonsworth.lunar.client.framework.feature.chat+com.moonsworth.lunar.client.framework.feature.gui+com.moonsworth.lunar.client.framework.feature.itemcounter+com.moonsworth.lunar.client.framework.feature.lightoverlay+com.moonsworth.lunar.client.framework.feature.mod.fishing.highlight	GuiRewindhandlers2	com/moonsworth/lunar/client/guiRewindhandlers/mixin/GuiRewindhandlers2.java
25	com.moonsworth.lunar.client.framework.feature.rewind.rewindhandlers.nameplate+com.moonsworth.lunar.client.guiRewindhandlers.mixin+com.moonsworth.lunar.client.render.texture+com.moonsworth.lunar.client.ui.mainmenu+com.moonsworth.lunar.annotations+com.moonsworth.lunar.client.framework.feature.armorstatus.nameplate+com.moonsworth.lunar.client.framework.feature.chat+com.moonsworth.lunar.client.framework.feature.gui+com.moonsworth.lunar.client.framework.feature.itemcounter+com.moonsworth.lunar.client.framework.feature.lightoverlay+com.moonsworth.lunar.client.framework.feature.mod.fishing.highlight	GuiRewindhandlers3	com/moonsworth/lunar/client/guiRewindhandlers/mixin/GuiRewindhandlers3.java
25	com.moonsworth.lunar.client.framework.feature.rewind.rewindhandlers.nameplate+com.moonsworth.lunar.client.guiRewindhandlers.mixin+com.moonsworth.lunar.client.render.texture+com.moonsworth.lunar.client.ui.mainmenu+com.moonsworth.lunar.annotations+com.moonsworth.lunar.client.framework.feature.armorstatus.nameplate+com.moonsworth.lunar.client.framework.feature.chat+com.moonsworth.lunar.client.framework.feature.gui+com.moonsworth.lunar.client.framework.feature.itemcounter+com.moonsworth.lunar.client.framework.feature.lightoverlay+com.moonsworth.lunar.client.framework.feature.mod.fishing.highlight	GuiRewindhandlers4	com/moonsworth/lunar/client/guiRewindhandlers/mixin/GuiRewindhandlers4.java
25	com.moonsworth.lunar.client.framework.feature.rewind.rewindhandlers.nameplate+com.moonsworth.lunar.client.guiRewindhandlers.mixin+com.moonsworth.lunar.client.render.texture+com.moonsworth.lunar.client.ui.mainmenu+com.moonsworth.lunar.annotations+com.moonsworth.lunar.client.framework.feature.armorstatus.nameplate+com.moonsworth.lunar.client.framework.feature.chat+com.moonsworth.lunar.client.framework.feature.gui+com.moonsworth.lunar.client.framework.feature.itemcounter+com.moonsworth.lunar.client.framework.feature.lightoverlay+com.moonsworth.lunar.client.framework.feature.mod.fishing.highlight	GuiRewindhandlers5	com/moonsworth/lunar/client/guiRewindhandlers/mixin/GuiRewindhandlers5.java
25	com.moonsworth.lunar.client.framework.feature.rewind.rewindhandlers.nameplate+com.moonsworth.lunar.client.guiRewindhandlers.mixin+com.moonsworth.lunar.client.render.texture+com.moonsworth.lunar.client.ui.mainmenu+com.moonsworth.lunar.annotations+com.moonsworth.lunar.client.framework.feature.armorstatus.nameplate+com.moonsworth.lunar.client.framework.feature.chat+com.moonsworth.lunar.client.framework.feature.gui+com.moonsworth.lunar.client.framework.feature.itemcounter+com.moonsworth.lunar.client.framework.feature.lightoverlay+com.moonsworth.lunar.client.framework.feature.mod.fishing.highlight	GuiRewindhandlers6	com/moonsworth/lunar/client/guiRewindhandlers/mixin/GuiRewindhandlers6.java
25	com.moonsworth.lunar.client.framework.feature.rewind.rewindhandlers.nameplate+com.moonsworth.lunar.client.guiRewindhandlers.mixin+com.moonsworth.lunar.client.render.texture+com.moonsworth.lunar.client.ui.mainmenu+com.moonsworth.lunar.annotations+com.moonsworth.lunar.client.framework.feature.armorstatus.nameplate+com.moonsworth.lunar.client.framework.feature.chat+com.moonsworth.lunar.client.framework.feature.gui+com.moonsworth.lunar.client.framework.feature.itemcounter+com.moonsworth.lunar.client.framework.feature.lightoverlay+com.moonsworth.lunar.client.framework.feature.mod.fishing.highlight	Alert4	com/moonsworth/lunar/client/render/texture/Alert4.java
25	com.moonsworth.lunar.client.framework.feature.rewind.rewindhandlers.nameplate+com.moonsworth.lunar.client.guiRewindhandlers.mixin+com.moonsworth.lunar.client.render.texture+com.moonsworth.lunar.client.ui.mainmenu+com.moonsworth.lunar.annotations+com.moonsworth.lunar.client.framework.feature.armorstatus.nameplate+com.moonsworth.lunar.client.framework.feature.chat+com.moonsworth.lunar.client.framework.feature.gui+com.moonsworth.lunar.client.framework.feature.itemcounter+com.moonsworth.lunar.client.framework.feature.lightoverlay+com.moonsworth.lunar.client.framework.feature.mod.fishing.highlight	Data2	com/moonsworth/lunar/client/render/texture/NativeImageBuilder.java
25	com.moonsworth.lunar.client.framework.feature.rewind.rewindhandlers.nameplate+com.moonsworth.lunar.client.guiRewindhandlers.mixin+com.moonsworth.lunar.client.render.texture+com.moonsworth.lunar.client.ui.mainmenu+com.moonsworth.lunar.annotations+com.moonsworth.lunar.client.framework.feature.armorstatus.nameplate+com.moonsworth.lunar.client.framework.feature.chat+com.moonsworth.lunar.client.framework.feature.gui+com.moonsworth.lunar.client.framework.feature.itemcounter+com.moonsworth.lunar.client.framework.feature.lightoverlay+com.moonsworth.lunar.client.framework.feature.mod.fishing.highlight	Data2	com/moonsworth/lunar/client/render/texture/VanillaTextureIndex.java
25	com.moonsworth.lunar.client.framework.feature.rewind.rewindhandlers.nameplate+com.moonsworth.lunar.client.guiRewindhandlers.mixin+com.moonsworth.lunar.client.render.texture+com.moonsworth.lunar.client.ui.mainmenu+com.moonsworth.lunar.annotations+com.moonsworth.lunar.client.framework.feature.armorstatus.nameplate+com.moonsworth.lunar.client.framework.feature.chat+com.moonsworth.lunar.client.framework.feature.gui+com.moonsworth.lunar.client.framework.feature.itemcounter+com.moonsworth.lunar.client.framework.feature.lightoverlay+com.moonsworth.lunar.client.framework.feature.mod.fishing.highlight	Data3	com/moonsworth/lunar/client/render/texture/AnimatedSprite.java
25	com.moonsworth.lunar.client.framework.feature.rewind.rewindhandlers.nameplate+com.moonsworth.lunar.client.guiRewindhandlers.mixin+com.moonsworth.lunar.client.render.texture+com.moonsworth.lunar.client.ui.mainmenu+com.moonsworth.lunar.annotations+com.moonsworth.lunar.client.framework.feature.armorstatus.nameplate+com.moonsworth.lunar.client.framework.feature.chat+com.moonsworth.lunar.client.framework.feature.gui+com.moonsworth.lunar.client.framework.feature.itemcounter+com.moonsworth.lunar.client.framework.feature.lightoverlay+com.moonsworth.lunar.client.framework.feature.mod.fishing.highlight	Data4	com/moonsworth/lunar/client/render/texture/AnimatedSprite.java
25	com.moonsworth.lunar.client.framework.feature.rewind.rewindhandlers.nameplate+com.moonsworth.lunar.client.guiRewindhandlers.mixin+com.moonsworth.lunar.client.render.texture+com.moonsworth.lunar.client.ui.mainmenu+com.moonsworth.lunar.annotations+com.moonsworth.lunar.client.framework.feature.armorstatus.nameplate+com.moonsworth.lunar.client.framework.feature.chat+com.moonsworth.lunar.client.framework.feature.gui+com.moonsworth.lunar.client.framework.feature.itemcounter+com.moonsworth.lunar.client.framework.feature.lightoverlay+com.moonsworth.lunar.client.framework.feature.mod.fishing.highlight	Data2	com/moonsworth/lunar/client/ui/mainmenu/SeasonalThemeHandler.java
25	com.moonsworth.lunar.client.framework.feature.rewind.rewindhandlers.nameplate+com.moonsworth.lunar.client.guiRewindhandlers.mixin+com.moonsworth.lunar.client.render.texture+com.moonsworth.lunar.client.ui.mainmenu+com.moonsworth.lunar.annotations+com.moonsworth.lunar.client.framework.feature.armorstatus.nameplate+com.moonsworth.lunar.client.framework.feature.chat+com.moonsworth.lunar.client.framework.feature.gui+com.moonsworth.lunar.client.framework.feature.itemcounter+com.moonsworth.lunar.client.framework.feature.lightoverlay+com.moonsworth.lunar.client.framework.feature.mod.fishing.highlight	Data3	com/moonsworth/lunar/client/ui/mainmenu/SeasonalThemeHandler.java
25	com.moonsworth.lunar.client.framework.feature.rewind.rewindhandlers.nameplate+com.moonsworth.lunar.client.guiRewindhandlers.mixin+com.moonsworth.lunar.client.render.texture+com.moonsworth.lunar.client.ui.mainmenu+com.moonsworth.lunar.annotations+com.moonsworth.lunar.client.framework.feature.armorstatus.nameplate+com.moonsworth.lunar.client.framework.feature.chat+com.moonsworth.lunar.client.framework.feature.gui+com.moonsworth.lunar.client.framework.feature.itemcounter+com.moonsworth.lunar.client.framework.feature.lightoverlay+com.moonsworth.lunar.client.framework.feature.mod.fishing.highlight	Data4	com/moonsworth/lunar/client/ui/mainmenu/SeasonalThemeHandler.java
25	com.moonsworth.lunar.client.framework.feature.rewind.rewindhandlers.nameplate+com.moonsworth.lunar.client.guiRewindhandlers.mixin+com.moonsworth.lunar.client.render.texture+com.moonsworth.lunar.client.ui.mainmenu+com.moonsworth.lunar.annotations+com.moonsworth.lunar.client.framework.feature.armorstatus.nameplate+com.moonsworth.lunar.client.framework.feature.chat+com.moonsworth.lunar.client.framework.feature.gui+com.moonsworth.lunar.client.framework.feature.itemcounter+com.moonsworth.lunar.client.framework.feature.lightoverlay+com.moonsworth.lunar.client.framework.feature.mod.fishing.highlight	Data5	com/moonsworth/lunar/client/ui/mainmenu/SeasonalThemeHandler.java
25	com.moonsworth.lunar.client.framework.feature.rewind.rewindhandlers.nameplate+com.moonsworth.lunar.client.guiRewindhandlers.mixin+com.moonsworth.lunar.client.render.texture+com.moonsworth.lunar.client.ui.mainmenu+com.moonsworth.lunar.annotations+com.moonsworth.lunar.client.framework.feature.armorstatus.nameplate+com.moonsworth.lunar.client.framework.feature.chat+com.moonsworth.lunar.client.framework.feature.gui+com.moonsworth.lunar.client.framework.feature.itemcounter+com.moonsworth.lunar.client.framework.feature.lightoverlay+com.moonsworth.lunar.client.framework.feature.mod.fishing.highlight	Data6	com/moonsworth/lunar/client/ui/mainmenu/SeasonalThemeHandler.java
25	com.moonsworth.lunar.client.framework.feature.rewind.rewindhandlers.nameplate+com.moonsworth.lunar.client.guiRewindhandlers.mixin+com.moonsworth.lunar.client.render.texture+com.moonsworth.lunar.client.ui.mainmenu+com.moonsworth.lunar.annotations+com.moonsworth.lunar.client.framework.feature.armorstatus.nameplate+com.moonsworth.lunar.client.framework.feature.chat+com.moonsworth.lunar.client.framework.feature.gui+com.moonsworth.lunar.client.framework.feature.itemcounter+com.moonsworth.lunar.client.framework.feature.lightoverlay+com.moonsworth.lunar.client.framework.feature.mod.fishing.highlight	Annotation2	com/moonsworth/lunar/annotations/ThreadRestriction.java
25	com.moonsworth.lunar.client.framework.feature.rewind.rewindhandlers.nameplate+com.moonsworth.lunar.client.guiRewindhandlers.mixin+com.moonsworth.lunar.client.render.texture+com.moonsworth.lunar.client.ui.mainmenu+com.moonsworth.lunar.annotations+com.moonsworth.lunar.client.framework.feature.armorstatus.nameplate+com.moonsworth.lunar.client.framework.feature.chat+com.moonsworth.lunar.client.framework.feature.gui+com.moonsworth.lunar.client.framework.feature.itemcounter+com.moonsworth.lunar.client.framework.feature.lightoverlay+com.moonsworth.lunar.client.framework.feature.mod.fishing.highlight	Annotation3	com/moonsworth/lunar/annotations/SourceMarker.java
25	com.moonsworth.lunar.client.framework.feature.rewind.rewindhandlers.nameplate+com.moonsworth.lunar.client.guiRewindhandlers.mixin+com.moonsworth.lunar.client.render.texture+com.moonsworth.lunar.client.ui.mainmenu+com.moonsworth.lunar.annotations+com.moonsworth.lunar.client.framework.feature.armorstatus.nameplate+com.moonsworth.lunar.client.framework.feature.chat+com.moonsworth.lunar.client.framework.feature.gui+com.moonsworth.lunar.client.framework.feature.itemcounter+com.moonsworth.lunar.client.framework.feature.lightoverlay+com.moonsworth.lunar.client.framework.feature.mod.fishing.highlight	Annotation4	com/moonsworth/lunar/annotations/ThreadRequirement.java
25	com.moonsworth.lunar.client.framework.feature.rewind.rewindhandlers.nameplate+com.moonsworth.lunar.client.guiRewindhandlers.mixin+com.moonsworth.lunar.client.render.texture+com.moonsworth.lunar.client.ui.mainmenu+com.moonsworth.lunar.annotations+com.moonsworth.lunar.client.framework.feature.armorstatus.nameplate+com.moonsworth.lunar.client.framework.feature.chat+com.moonsworth.lunar.client.framework.feature.gui+com.moonsworth.lunar.client.framework.feature.itemcounter+com.moonsworth.lunar.client.framework.feature.lightoverlay+com.moonsworth.lunar.client.framework.feature.mod.fishing.highlight	Type2	com/moonsworth/lunar/annotations/ThreadRequirement.java
25	com.moonsworth.lunar.client.framework.feature.rewind.rewindhandlers.nameplate+com.moonsworth.lunar.client.guiRewindhandlers.mixin+com.moonsworth.lunar.client.render.texture+com.moonsworth.lunar.client.ui.mainmenu+com.moonsworth.lunar.annotations+com.moonsworth.lunar.client.framework.feature.armorstatus.nameplate+com.moonsworth.lunar.client.framework.feature.chat+com.moonsworth.lunar.client.framework.feature.gui+com.moonsworth.lunar.client.framework.feature.itemcounter+com.moonsworth.lunar.client.framework.feature.lightoverlay+com.moonsworth.lunar.client.framework.feature.mod.fishing.highlight	Nameplate2	com/moonsworth/lunar/client/framework/feature/armorstatus/nameplate/Nameplate2.java
25	com.moonsworth.lunar.client.framework.feature.rewind.rewindhandlers.nameplate+com.moonsworth.lunar.client.guiRewindhandlers.mixin+com.moonsworth.lunar.client.render.texture+com.moonsworth.lunar.client.ui.mainmenu+com.moonsworth.lunar.annotations+com.moonsworth.lunar.client.framework.feature.armorstatus.nameplate+com.moonsworth.lunar.client.framework.feature.chat+com.moonsworth.lunar.client.framework.feature.gui+com.moonsworth.lunar.client.framework.feature.itemcounter+com.moonsworth.lunar.client.framework.feature.lightoverlay+com.moonsworth.lunar.client.framework.feature.mod.fishing.highlight	Nameplate3	com/moonsworth/lunar/client/framework/feature/armorstatus/nameplate/Nameplate3.java
25	com.moonsworth.lunar.client.framework.feature.rewind.rewindhandlers.nameplate+com.moonsworth.lunar.client.guiRewindhandlers.mixin+com.moonsworth.lunar.client.render.texture+com.moonsworth.lunar.client.ui.mainmenu+com.moonsworth.lunar.annotations+com.moonsworth.lunar.client.framework.feature.armorstatus.nameplate+com.moonsworth.lunar.client.framework.feature.chat+com.moonsworth.lunar.client.framework.feature.gui+com.moonsworth.lunar.client.framework.feature.itemcounter+com.moonsworth.lunar.client.framework.feature.lightoverlay+com.moonsworth.lunar.client.framework.feature.mod.fishing.highlight	Nameplate4	com/moonsworth/lunar/client/framework/feature/armorstatus/nameplate/Nameplate4.java
25	com.moonsworth.lunar.client.framework.feature.rewind.rewindhandlers.nameplate+com.moonsworth.lunar.client.guiRewindhandlers.mixin+com.moonsworth.lunar.client.render.texture+com.moonsworth.lunar.client.ui.mainmenu+com.moonsworth.lunar.annotations+com.moonsworth.lunar.client.framework.feature.armorstatus.nameplate+com.moonsworth.lunar.client.framework.feature.chat+com.moonsworth.lunar.client.framework.feature.gui+com.moonsworth.lunar.client.framework.feature.itemcounter+com.moonsworth.lunar.client.framework.feature.lightoverlay+com.moonsworth.lunar.client.framework.feature.mod.fishing.highlight	Nameplate5	com/moonsworth/lunar/client/framework/feature/armorstatus/nameplate/Nameplate5.java
25	com.moonsworth.lunar.client.framework.feature.rewind.rewindhandlers.nameplate+com.moonsworth.lunar.client.guiRewindhandlers.mixin+com.moonsworth.lunar.client.render.texture+com.moonsworth.lunar.client.ui.mainmenu+com.moonsworth.lunar.annotations+com.moonsworth.lunar.client.framework.feature.armorstatus.nameplate+com.moonsworth.lunar.client.framework.feature.chat+com.moonsworth.lunar.client.framework.feature.gui+com.moonsworth.lunar.client.framework.feature.itemcounter+com.moonsworth.lunar.client.framework.feature.lightoverlay+com.moonsworth.lunar.client.framework.feature.mod.fishing.highlight	Chat2	com/moonsworth/lunar/client/framework/feature/chat/Chat2.java
25	com.moonsworth.lunar.client.framework.feature.rewind.rewindhandlers.nameplate+com.moonsworth.lunar.client.guiRewindhandlers.mixin+com.moonsworth.lunar.client.render.texture+com.moonsworth.lunar.client.ui.mainmenu+com.moonsworth.lunar.annotations+com.moonsworth.lunar.client.framework.feature.armorstatus.nameplate+com.moonsworth.lunar.client.framework.feature.chat+com.moonsworth.lunar.client.framework.feature.gui+com.moonsworth.lunar.client.framework.feature.itemcounter+com.moonsworth.lunar.client.framework.feature.lightoverlay+com.moonsworth.lunar.client.framework.feature.mod.fishing.highlight	Chat3	com/moonsworth/lunar/client/framework/feature/chat/Chat3.java
25	com.moonsworth.lunar.client.framework.feature.rewind.rewindhandlers.nameplate+com.moonsworth.lunar.client.guiRewindhandlers.mixin+com.moonsworth.lunar.client.render.texture+com.moonsworth.lunar.client.ui.mainmenu+com.moonsworth.lunar.annotations+com.moonsworth.lunar.client.framework.feature.armorstatus.nameplate+com.moonsworth.lunar.client.framework.feature.chat+com.moonsworth.lunar.client.framework.feature.gui+com.moonsworth.lunar.client.framework.feature.itemcounter+com.moonsworth.lunar.client.framework.feature.lightoverlay+com.moonsworth.lunar.client.framework.feature.mod.fishing.highlight	Chat4	com/moonsworth/lunar/client/framework/feature/chat/Chat4.java
25	com.moonsworth.lunar.client.framework.feature.rewind.rewindhandlers.nameplate+com.moonsworth.lunar.client.guiRewindhandlers.mixin+com.moonsworth.lunar.client.render.texture+com.moonsworth.lunar.client.ui.mainmenu+com.moonsworth.lunar.annotations+com.moonsworth.lunar.client.framework.feature.armorstatus.nameplate+com.moonsworth.lunar.client.framework.feature.chat+com.moonsworth.lunar.client.framework.feature.gui+com.moonsworth.lunar.client.framework.feature.itemcounter+com.moonsworth.lunar.client.framework.feature.lightoverlay+com.moonsworth.lunar.client.framework.feature.mod.fishing.highlight	Chat5	com/moonsworth/lunar/client/framework/feature/chat/Chat5.java
25	com.moonsworth.lunar.client.framework.feature.rewind.rewindhandlers.nameplate+com.moonsworth.lunar.client.guiRewindhandlers.mixin+com.moonsworth.lunar.client.render.texture+com.moonsworth.lunar.client.ui.mainmenu+com.moonsworth.lunar.annotations+com.moonsworth.lunar.client.framework.feature.armorstatus.nameplate+com.moonsworth.lunar.client.framework.feature.chat+com.moonsworth.lunar.client.framework.feature.gui+com.moonsworth.lunar.client.framework.feature.itemcounter+com.moonsworth.lunar.client.framework.feature.lightoverlay+com.moonsworth.lunar.client.framework.feature.mod.fishing.highlight	Data4	com/moonsworth/lunar/client/framework/feature/gui/Gui.java
25	com.moonsworth.lunar.client.framework.feature.rewind.rewindhandlers.nameplate+com.moonsworth.lunar.client.guiRewindhandlers.mixin+com.moonsworth.lunar.client.render.texture+com.moonsworth.lunar.client.ui.mainmenu+com.moonsworth.lunar.annotations+com.moonsworth.lunar.client.framework.feature.armorstatus.nameplate+com.moonsworth.lunar.client.framework.feature.chat+com.moonsworth.lunar.client.framework.feature.gui+com.moonsworth.lunar.client.framework.feature.itemcounter+com.moonsworth.lunar.client.framework.feature.lightoverlay+com.moonsworth.lunar.client.framework.feature.mod.fishing.highlight	Gui2	com/moonsworth/lunar/client/framework/feature/gui/Gui2.java
25	com.moonsworth.lunar.client.framework.feature.rewind.rewindhandlers.nameplate+com.moonsworth.lunar.client.guiRewindhandlers.mixin+com.moonsworth.lunar.client.render.texture+com.moonsworth.lunar.client.ui.mainmenu+com.moonsworth.lunar.annotations+com.moonsworth.lunar.client.framework.feature.armorstatus.nameplate+com.moonsworth.lunar.client.framework.feature.chat+com.moonsworth.lunar.client.framework.feature.gui+com.moonsworth.lunar.client.framework.feature.itemcounter+com.moonsworth.lunar.client.framework.feature.lightoverlay+com.moonsworth.lunar.client.framework.feature.mod.fishing.highlight	GuiUpdater2	com/moonsworth/lunar/client/framework/feature/gui/GuiUpdater2.java
25	com.moonsworth.lunar.client.framework.feature.rewind.rewindhandlers.nameplate+com.moonsworth.lunar.client.guiRewindhandlers.mixin+com.moonsworth.lunar.client.render.texture+com.moonsworth.lunar.client.ui.mainmenu+com.moonsworth.lunar.annotations+com.moonsworth.lunar.client.framework.feature.armorstatus.nameplate+com.moonsworth.lunar.client.framework.feature.chat+com.moonsworth.lunar.client.framework.feature.gui+com.moonsworth.lunar.client.framework.feature.itemcounter+com.moonsworth.lunar.client.framework.feature.lightoverlay+com.moonsworth.lunar.client.framework.feature.mod.fishing.highlight	GuiUpdater3	com/moonsworth/lunar/client/framework/feature/gui/GuiUpdater3.java
25	com.moonsworth.lunar.client.framework.feature.rewind.rewindhandlers.nameplate+com.moonsworth.lunar.client.guiRewindhandlers.mixin+com.moonsworth.lunar.client.render.texture+com.moonsworth.lunar.client.ui.mainmenu+com.moonsworth.lunar.annotations+com.moonsworth.lunar.client.framework.feature.armorstatus.nameplate+com.moonsworth.lunar.client.framework.feature.chat+com.moonsworth.lunar.client.framework.feature.gui+com.moonsworth.lunar.client.framework.feature.itemcounter+com.moonsworth.lunar.client.framework.feature.lightoverlay+com.moonsworth.lunar.client.framework.feature.mod.fishing.highlight	Itemcounter2	com/moonsworth/lunar/client/framework/feature/itemcounter/Itemcounter2.java
25	com.moonsworth.lunar.client.framework.feature.rewind.rewindhandlers.nameplate+com.moonsworth.lunar.client.guiRewindhandlers.mixin+com.moonsworth.lunar.client.render.texture+com.moonsworth.lunar.client.ui.mainmenu+com.moonsworth.lunar.annotations+com.moonsworth.lunar.client.framework.feature.armorstatus.nameplate+com.moonsworth.lunar.client.framework.feature.chat+com.moonsworth.lunar.client.framework.feature.gui+com.moonsworth.lunar.client.framework.feature.itemcounter+com.moonsworth.lunar.client.framework.feature.lightoverlay+com.moonsworth.lunar.client.framework.feature.mod.fishing.highlight	Itemcounter3	com/moonsworth/lunar/client/framework/feature/itemcounter/Itemcounter3.java
25	com.moonsworth.lunar.client.framework.feature.rewind.rewindhandlers.nameplate+com.moonsworth.lunar.client.guiRewindhandlers.mixin+com.moonsworth.lunar.client.render.texture+com.moonsworth.lunar.client.ui.mainmenu+com.moonsworth.lunar.annotations+com.moonsworth.lunar.client.framework.feature.armorstatus.nameplate+com.moonsworth.lunar.client.framework.feature.chat+com.moonsworth.lunar.client.framework.feature.gui+com.moonsworth.lunar.client.framework.feature.itemcounter+com.moonsworth.lunar.client.framework.feature.lightoverlay+com.moonsworth.lunar.client.framework.feature.mod.fishing.highlight	Itemcounter_2	com/moonsworth/lunar/client/framework/feature/itemcounter/Itemcounter_2.java
25	com.moonsworth.lunar.client.framework.feature.rewind.rewindhandlers.nameplate+com.moonsworth.lunar.client.guiRewindhandlers.mixin+com.moonsworth.lunar.client.render.texture+com.moonsworth.lunar.client.ui.mainmenu+com.moonsworth.lunar.annotations+com.moonsworth.lunar.client.framework.feature.armorstatus.nameplate+com.moonsworth.lunar.client.framework.feature.chat+com.moonsworth.lunar.client.framework.feature.gui+com.moonsworth.lunar.client.framework.feature.itemcounter+com.moonsworth.lunar.client.framework.feature.lightoverlay+com.moonsworth.lunar.client.framework.feature.mod.fishing.highlight	Type3	com/moonsworth/lunar/client/framework/feature/itemcounter/Itemcounter.java
25	com.moonsworth.lunar.client.framework.feature.rewind.rewindhandlers.nameplate+com.moonsworth.lunar.client.guiRewindhandlers.mixin+com.moonsworth.lunar.client.render.texture+com.moonsworth.lunar.client.ui.mainmenu+com.moonsworth.lunar.annotations+com.moonsworth.lunar.client.framework.feature.armorstatus.nameplate+com.moonsworth.lunar.client.framework.feature.chat+com.moonsworth.lunar.client.framework.feature.gui+com.moonsworth.lunar.client.framework.feature.itemcounter+com.moonsworth.lunar.client.framework.feature.lightoverlay+com.moonsworth.lunar.client.framework.feature.mod.fishing.highlight	Data2	com/moonsworth/lunar/client/framework/feature/lightoverlay/Lightoverlay2.java
25	com.moonsworth.lunar.client.framework.feature.rewind.rewindhandlers.nameplate+com.moonsworth.lunar.client.guiRewindhandlers.mixin+com.moonsworth.lunar.client.render.texture+com.moonsworth.lunar.client.ui.mainmenu+com.moonsworth.lunar.annotations+com.moonsworth.lunar.client.framework.feature.armorstatus.nameplate+com.moonsworth.lunar.client.framework.feature.chat+com.moonsworth.lunar.client.framework.feature.gui+com.moonsworth.lunar.client.framework.feature.itemcounter+com.moonsworth.lunar.client.framework.feature.lightoverlay+com.moonsworth.lunar.client.framework.feature.mod.fishing.highlight	Lightoverlay2	com/moonsworth/lunar/client/framework/feature/lightoverlay/Lightoverlay2.java
25	com.moonsworth.lunar.client.framework.feature.rewind.rewindhandlers.nameplate+com.moonsworth.lunar.client.guiRewindhandlers.mixin+com.moonsworth.lunar.client.render.texture+com.moonsworth.lunar.client.ui.mainmenu+com.moonsworth.lunar.annotations+com.moonsworth.lunar.client.framework.feature.armorstatus.nameplate+com.moonsworth.lunar.client.framework.feature.chat+com.moonsworth.lunar.client.framework.feature.gui+com.moonsworth.lunar.client.framework.feature.itemcounter+com.moonsworth.lunar.client.framework.feature.lightoverlay+com.moonsworth.lunar.client.framework.feature.mod.fishing.highlight	LightoverlayHandler2	com/moonsworth/lunar/client/framework/feature/lightoverlay/LightoverlayHandler2.java
25	com.moonsworth.lunar.client.framework.feature.rewind.rewindhandlers.nameplate+com.moonsworth.lunar.client.guiRewindhandlers.mixin+com.moonsworth.lunar.client.render.texture+com.moonsworth.lunar.client.ui.mainmenu+com.moonsworth.lunar.annotations+com.moonsworth.lunar.client.framework.feature.armorstatus.nameplate+com.moonsworth.lunar.client.framework.feature.chat+com.moonsworth.lunar.client.framework.feature.gui+com.moonsworth.lunar.client.framework.feature.itemcounter+com.moonsworth.lunar.client.framework.feature.lightoverlay+com.moonsworth.lunar.client.framework.feature.mod.fishing.highlight	LightoverlayHandler3	com/moonsworth/lunar/client/framework/feature/lightoverlay/LightoverlayHandler3.java
25	com.moonsworth.lunar.client.framework.feature.rewind.rewindhandlers.nameplate+com.moonsworth.lunar.client.guiRewindhandlers.mixin+com.moonsworth.lunar.client.render.texture+com.moonsworth.lunar.client.ui.mainmenu+com.moonsworth.lunar.annotations+com.moonsworth.lunar.client.framework.feature.armorstatus.nameplate+com.moonsworth.lunar.client.framework.feature.chat+com.moonsworth.lunar.client.framework.feature.gui+com.moonsworth.lunar.client.framework.feature.itemcounter+com.moonsworth.lunar.client.framework.feature.lightoverlay+com.moonsworth.lunar.client.framework.feature.mod.fishing.highlight	Highlight2	com/moonsworth/lunar/client/framework/feature/mod/fishing/highlight/Highlight2.java
25	com.moonsworth.lunar.client.framework.feature.rewind.rewindhandlers.nameplate+com.moonsworth.lunar.client.guiRewindhandlers.mixin+com.moonsworth.lunar.client.render.texture+com.moonsworth.lunar.client.ui.mainmenu+com.moonsworth.lunar.annotations+com.moonsworth.lunar.client.framework.feature.armorstatus.nameplate+com.moonsworth.lunar.client.framework.feature.chat+com.moonsworth.lunar.client.framework.feature.gui+com.moonsworth.lunar.client.framework.feature.itemcounter+com.moonsworth.lunar.client.framework.feature.lightoverlay+com.moonsworth.lunar.client.framework.feature.mod.fishing.highlight	Highlight3	com/moonsworth/lunar/client/framework/feature/mod/fishing/highlight/Highlight3.java
25	com.moonsworth.lunar.client.framework.feature.rewind.rewindhandlers.nameplate+com.moonsworth.lunar.client.guiRewindhandlers.mixin+com.moonsworth.lunar.client.render.texture+com.moonsworth.lunar.client.ui.mainmenu+com.moonsworth.lunar.annotations+com.moonsworth.lunar.client.framework.feature.armorstatus.nameplate+com.moonsworth.lunar.client.framework.feature.chat+com.moonsworth.lunar.client.framework.feature.gui+com.moonsworth.lunar.client.framework.feature.itemcounter+com.moonsworth.lunar.client.framework.feature.lightoverlay+com.moonsworth.lunar.client.framework.feature.mod.fishing.highlight	Highlight4	com/moonsworth/lunar/client/framework/feature/mod/fishing/highlight/Highlight4.java
25	com.moonsworth.lunar.client.framework.feature.rewind.rewindhandlers.nameplate+com.moonsworth.lunar.client.guiRewindhandlers.mixin+com.moonsworth.lunar.client.render.texture+com.moonsworth.lunar.client.ui.mainmenu+com.moonsworth.lunar.annotations+com.moonsworth.lunar.client.framework.feature.armorstatus.nameplate+com.moonsworth.lunar.client.framework.feature.chat+com.moonsworth.lunar.client.framework.feature.gui+com.moonsworth.lunar.client.framework.feature.itemcounter+com.moonsworth.lunar.client.framework.feature.lightoverlay+com.moonsworth.lunar.client.framework.feature.mod.fishing.highlight	Highlight5	com/moonsworth/lunar/client/framework/feature/mod/fishing/highlight/Highlight5.java
26	com.moonsworth.lunar.client.framework.feature.mod.fishing.holograms.nameplate+com.moonsworth.lunar.client.framework.feature.rewind.mixin.nameplate+com.moonsworth.lunar.client.framework.feature.saturation+com.moonsworth.lunar.client.guiRewindhandlers.rewindhandlers+com.moonsworth.lunar.client.mod.misc.rewind+com.moonsworth.lunar.client.util.rewindhandlers+com.moonsworth.lunar.forge+net.minecraft.world.gen.feature+com.moonsworth.lunar.bridge.itemcounter.mixin+com.moonsworth.lunar.bridge.lighting+com.moonsworth.lunar.client.config+com.moonsworth.lunar.client.driver.core+com.moonsworth.lunar.client.driver.core.gui+com.moonsworth.lunar.client.framework.feature.armorstatus.mixin	Nameplate2	com/moonsworth/lunar/client/framework/feature/mod/fishing/holograms/nameplate/Nameplate2.java
26	com.moonsworth.lunar.client.framework.feature.mod.fishing.holograms.nameplate+com.moonsworth.lunar.client.framework.feature.rewind.mixin.nameplate+com.moonsworth.lunar.client.framework.feature.saturation+com.moonsworth.lunar.client.guiRewindhandlers.rewindhandlers+com.moonsworth.lunar.client.mod.misc.rewind+com.moonsworth.lunar.client.util.rewindhandlers+com.moonsworth.lunar.forge+net.minecraft.world.gen.feature+com.moonsworth.lunar.bridge.itemcounter.mixin+com.moonsworth.lunar.bridge.lighting+com.moonsworth.lunar.client.config+com.moonsworth.lunar.client.driver.core+com.moonsworth.lunar.client.driver.core.gui+com.moonsworth.lunar.client.framework.feature.armorstatus.mixin	Nameplate3	com/moonsworth/lunar/client/framework/feature/mod/fishing/holograms/nameplate/Nameplate3.java
26	com.moonsworth.lunar.client.framework.feature.mod.fishing.holograms.nameplate+com.moonsworth.lunar.client.framework.feature.rewind.mixin.nameplate+com.moonsworth.lunar.client.framework.feature.saturation+com.moonsworth.lunar.client.guiRewindhandlers.rewindhandlers+com.moonsworth.lunar.client.mod.misc.rewind+com.moonsworth.lunar.client.util.rewindhandlers+com.moonsworth.lunar.forge+net.minecraft.world.gen.feature+com.moonsworth.lunar.bridge.itemcounter.mixin+com.moonsworth.lunar.bridge.lighting+com.moonsworth.lunar.client.config+com.moonsworth.lunar.client.driver.core+com.moonsworth.lunar.client.driver.core.gui+com.moonsworth.lunar.client.framework.feature.armorstatus.mixin	Nameplate4	com/moonsworth/lunar/client/framework/feature/mod/fishing/holograms/nameplate/Nameplate4.java
26	com.moonsworth.lunar.client.framework.feature.mod.fishing.holograms.nameplate+com.moonsworth.lunar.client.framework.feature.rewind.mixin.nameplate+com.moonsworth.lunar.client.framework.feature.saturation+com.moonsworth.lunar.client.guiRewindhandlers.rewindhandlers+com.moonsworth.lunar.client.mod.misc.rewind+com.moonsworth.lunar.client.util.rewindhandlers+com.moonsworth.lunar.forge+net.minecraft.world.gen.feature+com.moonsworth.lunar.bridge.itemcounter.mixin+com.moonsworth.lunar.bridge.lighting+com.moonsworth.lunar.client.config+com.moonsworth.lunar.client.driver.core+com.moonsworth.lunar.client.driver.core.gui+com.moonsworth.lunar.client.framework.feature.armorstatus.mixin	NameplateType2	com/moonsworth/lunar/client/framework/feature/mod/fishing/holograms/nameplate/NameplateType2.java
26	com.moonsworth.lunar.client.framework.feature.mod.fishing.holograms.nameplate+com.moonsworth.lunar.client.framework.feature.rewind.mixin.nameplate+com.moonsworth.lunar.client.framework.feature.saturation+com.moonsworth.lunar.client.guiRewindhandlers.rewindhandlers+com.moonsworth.lunar.client.mod.misc.rewind+com.moonsworth.lunar.client.util.rewindhandlers+com.moonsworth.lunar.forge+net.minecraft.world.gen.feature+com.moonsworth.lunar.bridge.itemcounter.mixin+com.moonsworth.lunar.bridge.lighting+com.moonsworth.lunar.client.config+com.moonsworth.lunar.client.driver.core+com.moonsworth.lunar.client.driver.core.gui+com.moonsworth.lunar.client.framework.feature.armorstatus.mixin	Data2	com/moonsworth/lunar/client/framework/feature/rewind/mixin/nameplate/Nameplate.java
26	com.moonsworth.lunar.client.framework.feature.mod.fishing.holograms.nameplate+com.moonsworth.lunar.client.framework.feature.rewind.mixin.nameplate+com.moonsworth.lunar.client.framework.feature.saturation+com.moonsworth.lunar.client.guiRewindhandlers.rewindhandlers+com.moonsworth.lunar.client.mod.misc.rewind+com.moonsworth.lunar.client.util.rewindhandlers+com.moonsworth.lunar.forge+net.minecraft.world.gen.feature+com.moonsworth.lunar.bridge.itemcounter.mixin+com.moonsworth.lunar.bridge.lighting+com.moonsworth.lunar.client.config+com.moonsworth.lunar.client.driver.core+com.moonsworth.lunar.client.driver.core.gui+com.moonsworth.lunar.client.framework.feature.armorstatus.mixin	Data3	com/moonsworth/lunar/client/framework/feature/rewind/mixin/nameplate/Nameplate.java
26	com.moonsworth.lunar.client.framework.feature.mod.fishing.holograms.nameplate+com.moonsworth.lunar.client.framework.feature.rewind.mixin.nameplate+com.moonsworth.lunar.client.framework.feature.saturation+com.moonsworth.lunar.client.guiRewindhandlers.rewindhandlers+com.moonsworth.lunar.client.mod.misc.rewind+com.moonsworth.lunar.client.util.rewindhandlers+com.moonsworth.lunar.forge+net.minecraft.world.gen.feature+com.moonsworth.lunar.bridge.itemcounter.mixin+com.moonsworth.lunar.bridge.lighting+com.moonsworth.lunar.client.config+com.moonsworth.lunar.client.driver.core+com.moonsworth.lunar.client.driver.core.gui+com.moonsworth.lunar.client.framework.feature.armorstatus.mixin	Data4	com/moonsworth/lunar/client/framework/feature/rewind/mixin/nameplate/Nameplate.java
26	com.moonsworth.lunar.client.framework.feature.mod.fishing.holograms.nameplate+com.moonsworth.lunar.client.framework.feature.rewind.mixin.nameplate+com.moonsworth.lunar.client.framework.feature.saturation+com.moonsworth.lunar.client.guiRewindhandlers.rewindhandlers+com.moonsworth.lunar.client.mod.misc.rewind+com.moonsworth.lunar.client.util.rewindhandlers+com.moonsworth.lunar.forge+net.minecraft.world.gen.feature+com.moonsworth.lunar.bridge.itemcounter.mixin+com.moonsworth.lunar.bridge.lighting+com.moonsworth.lunar.client.config+com.moonsworth.lunar.client.driver.core+com.moonsworth.lunar.client.driver.core.gui+com.moonsworth.lunar.client.framework.feature.armorstatus.mixin	Data5	com/moonsworth/lunar/client/framework/feature/rewind/mixin/nameplate/Nameplate.java
26	com.moonsworth.lunar.client.framework.feature.mod.fishing.holograms.nameplate+com.moonsworth.lunar.client.framework.feature.rewind.mixin.nameplate+com.moonsworth.lunar.client.framework.feature.saturation+com.moonsworth.lunar.client.guiRewindhandlers.rewindhandlers+com.moonsworth.lunar.client.mod.misc.rewind+com.moonsworth.lunar.client.util.rewindhandlers+com.moonsworth.lunar.forge+net.minecraft.world.gen.feature+com.moonsworth.lunar.bridge.itemcounter.mixin+com.moonsworth.lunar.bridge.lighting+com.moonsworth.lunar.client.config+com.moonsworth.lunar.client.driver.core+com.moonsworth.lunar.client.driver.core.gui+com.moonsworth.lunar.client.framework.feature.armorstatus.mixin	Data2	com/moonsworth/lunar/client/framework/feature/saturation/Saturation2.java
26	com.moonsworth.lunar.client.framework.feature.mod.fishing.holograms.nameplate+com.moonsworth.lunar.client.framework.feature.rewind.mixin.nameplate+com.moonsworth.lunar.client.framework.feature.saturation+com.moonsworth.lunar.client.guiRewindhandlers.rewindhandlers+com.moonsworth.lunar.client.mod.misc.rewind+com.moonsworth.lunar.client.util.rewindhandlers+com.moonsworth.lunar.forge+net.minecraft.world.gen.feature+com.moonsworth.lunar.bridge.itemcounter.mixin+com.moonsworth.lunar.bridge.lighting+com.moonsworth.lunar.client.config+com.moonsworth.lunar.client.driver.core+com.moonsworth.lunar.client.driver.core.gui+com.moonsworth.lunar.client.framework.feature.armorstatus.mixin	Data3	com/moonsworth/lunar/client/framework/feature/saturation/Saturation2.java
26	com.moonsworth.lunar.client.framework.feature.mod.fishing.holograms.nameplate+com.moonsworth.lunar.client.framework.feature.rewind.mixin.nameplate+com.moonsworth.lunar.client.framework.feature.saturation+com.moonsworth.lunar.client.guiRewindhandlers.rewindhandlers+com.moonsworth.lunar.client.mod.misc.rewind+com.moonsworth.lunar.client.util.rewindhandlers+com.moonsworth.lunar.forge+net.minecraft.world.gen.feature+com.moonsworth.lunar.bridge.itemcounter.mixin+com.moonsworth.lunar.bridge.lighting+com.moonsworth.lunar.client.config+com.moonsworth.lunar.client.driver.core+com.moonsworth.lunar.client.driver.core.gui+com.moonsworth.lunar.client.framework.feature.armorstatus.mixin	Saturation2	com/moonsworth/lunar/client/framework/feature/saturation/Saturation2.java
26	com.moonsworth.lunar.client.framework.feature.mod.fishing.holograms.nameplate+com.moonsworth.lunar.client.framework.feature.rewind.mixin.nameplate+com.moonsworth.lunar.client.framework.feature.saturation+com.moonsworth.lunar.client.guiRewindhandlers.rewindhandlers+com.moonsworth.lunar.client.mod.misc.rewind+com.moonsworth.lunar.client.util.rewindhandlers+com.moonsworth.lunar.forge+net.minecraft.world.gen.feature+com.moonsworth.lunar.bridge.itemcounter.mixin+com.moonsworth.lunar.bridge.lighting+com.moonsworth.lunar.client.config+com.moonsworth.lunar.client.driver.core+com.moonsworth.lunar.client.driver.core.gui+com.moonsworth.lunar.client.framework.feature.armorstatus.mixin	Saturation3	com/moonsworth/lunar/client/framework/feature/saturation/Saturation3.java
26	com.moonsworth.lunar.client.framework.feature.mod.fishing.holograms.nameplate+com.moonsworth.lunar.client.framework.feature.rewind.mixin.nameplate+com.moonsworth.lunar.client.framework.feature.saturation+com.moonsworth.lunar.client.guiRewindhandlers.rewindhandlers+com.moonsworth.lunar.client.mod.misc.rewind+com.moonsworth.lunar.client.util.rewindhandlers+com.moonsworth.lunar.forge+net.minecraft.world.gen.feature+com.moonsworth.lunar.bridge.itemcounter.mixin+com.moonsworth.lunar.bridge.lighting+com.moonsworth.lunar.client.config+com.moonsworth.lunar.client.driver.core+com.moonsworth.lunar.client.driver.core.gui+com.moonsworth.lunar.client.framework.feature.armorstatus.mixin	GuiRewindhandlersHandler2	com/moonsworth/lunar/client/guiRewindhandlers/rewindhandlers/GuiRewindhandlersHandler2.java
26	com.moonsworth.lunar.client.framework.feature.mod.fishing.holograms.nameplate+com.moonsworth.lunar.client.framework.feature.rewind.mixin.nameplate+com.moonsworth.lunar.client.framework.feature.saturation+com.moonsworth.lunar.client.guiRewindhandlers.rewindhandlers+com.moonsworth.lunar.client.mod.misc.rewind+com.moonsworth.lunar.client.util.rewindhandlers+com.moonsworth.lunar.forge+net.minecraft.world.gen.feature+com.moonsworth.lunar.bridge.itemcounter.mixin+com.moonsworth.lunar.bridge.lighting+com.moonsworth.lunar.client.config+com.moonsworth.lunar.client.driver.core+com.moonsworth.lunar.client.driver.core.gui+com.moonsworth.lunar.client.framework.feature.armorstatus.mixin	GuiRewindhandlersHandler22	com/moonsworth/lunar/client/guiRewindhandlers/rewindhandlers/GuiRewindhandlersHandler22.java
26	com.moonsworth.lunar.client.framework.feature.mod.fishing.holograms.nameplate+com.moonsworth.lunar.client.framework.feature.rewind.mixin.nameplate+com.moonsworth.lunar.client.framework.feature.saturation+com.moonsworth.lunar.client.guiRewindhandlers.rewindhandlers+com.moonsworth.lunar.client.mod.misc.rewind+com.moonsworth.lunar.client.util.rewindhandlers+com.moonsworth.lunar.forge+net.minecraft.world.gen.feature+com.moonsworth.lunar.bridge.itemcounter.mixin+com.moonsworth.lunar.bridge.lighting+com.moonsworth.lunar.client.config+com.moonsworth.lunar.client.driver.core+com.moonsworth.lunar.client.driver.core.gui+com.moonsworth.lunar.client.framework.feature.armorstatus.mixin	Rewindhandlers2	com/moonsworth/lunar/client/guiRewindhandlers/rewindhandlers/Rewindhandlers2.java
26	com.moonsworth.lunar.client.framework.feature.mod.fishing.holograms.nameplate+com.moonsworth.lunar.client.framework.feature.rewind.mixin.nameplate+com.moonsworth.lunar.client.framework.feature.saturation+com.moonsworth.lunar.client.guiRewindhandlers.rewindhandlers+com.moonsworth.lunar.client.mod.misc.rewind+com.moonsworth.lunar.client.util.rewindhandlers+com.moonsworth.lunar.forge+net.minecraft.world.gen.feature+com.moonsworth.lunar.bridge.itemcounter.mixin+com.moonsworth.lunar.bridge.lighting+com.moonsworth.lunar.client.config+com.moonsworth.lunar.client.driver.core+com.moonsworth.lunar.client.driver.core.gui+com.moonsworth.lunar.client.framework.feature.armorstatus.mixin	Rewindhandlers3	com/moonsworth/lunar/client/guiRewindhandlers/rewindhandlers/Rewindhandlers3.java
26	com.moonsworth.lunar.client.framework.feature.mod.fishing.holograms.nameplate+com.moonsworth.lunar.client.framework.feature.rewind.mixin.nameplate+com.moonsworth.lunar.client.framework.feature.saturation+com.moonsworth.lunar.client.guiRewindhandlers.rewindhandlers+com.moonsworth.lunar.client.mod.misc.rewind+com.moonsworth.lunar.client.util.rewindhandlers+com.moonsworth.lunar.forge+net.minecraft.world.gen.feature+com.moonsworth.lunar.bridge.itemcounter.mixin+com.moonsworth.lunar.bridge.lighting+com.moonsworth.lunar.client.config+com.moonsworth.lunar.client.driver.core+com.moonsworth.lunar.client.driver.core.gui+com.moonsworth.lunar.client.framework.feature.armorstatus.mixin	RewindHandlers2	com/moonsworth/lunar/client/mod/misc/rewind/RewindHandlers2.java
26	com.moonsworth.lunar.client.framework.feature.mod.fishing.holograms.nameplate+com.moonsworth.lunar.client.framework.feature.rewind.mixin.nameplate+com.moonsworth.lunar.client.framework.feature.saturation+com.moonsworth.lunar.client.guiRewindhandlers.rewindhandlers+com.moonsworth.lunar.client.mod.misc.rewind+com.moonsworth.lunar.client.util.rewindhandlers+com.moonsworth.lunar.forge+net.minecraft.world.gen.feature+com.moonsworth.lunar.bridge.itemcounter.mixin+com.moonsworth.lunar.bridge.lighting+com.moonsworth.lunar.client.config+com.moonsworth.lunar.client.driver.core+com.moonsworth.lunar.client.driver.core.gui+com.moonsworth.lunar.client.framework.feature.armorstatus.mixin	RewindHandlers3	com/moonsworth/lunar/client/mod/misc/rewind/RewindHandlers3.java
26	com.moonsworth.lunar.client.framework.feature.mod.fishing.holograms.nameplate+com.moonsworth.lunar.client.framework.feature.rewind.mixin.nameplate+com.moonsworth.lunar.client.framework.feature.saturation+com.moonsworth.lunar.client.guiRewindhandlers.rewindhandlers+com.moonsworth.lunar.client.mod.misc.rewind+com.moonsworth.lunar.client.util.rewindhandlers+com.moonsworth.lunar.forge+net.minecraft.world.gen.feature+com.moonsworth.lunar.bridge.itemcounter.mixin+com.moonsworth.lunar.bridge.lighting+com.moonsworth.lunar.client.config+com.moonsworth.lunar.client.driver.core+com.moonsworth.lunar.client.driver.core.gui+com.moonsworth.lunar.client.framework.feature.armorstatus.mixin	RewindHandlers4	com/moonsworth/lunar/client/mod/misc/rewind/RewindHandlers4.java
26	com.moonsworth.lunar.client.framework.feature.mod.fishing.holograms.nameplate+com.moonsworth.lunar.client.framework.feature.rewind.mixin.nameplate+com.moonsworth.lunar.client.framework.feature.saturation+com.moonsworth.lunar.client.guiRewindhandlers.rewindhandlers+com.moonsworth.lunar.client.mod.misc.rewind+com.moonsworth.lunar.client.util.rewindhandlers+com.moonsworth.lunar.forge+net.minecraft.world.gen.feature+com.moonsworth.lunar.bridge.itemcounter.mixin+com.moonsworth.lunar.bridge.lighting+com.moonsworth.lunar.client.config+com.moonsworth.lunar.client.driver.core+com.moonsworth.lunar.client.driver.core.gui+com.moonsworth.lunar.client.framework.feature.armorstatus.mixin	RewindHandlers5	com/moonsworth/lunar/client/mod/misc/rewind/RewindHandlers5.java
26	com.moonsworth.lunar.client.framework.feature.mod.fishing.holograms.nameplate+com.moonsworth.lunar.client.framework.feature.rewind.mixin.nameplate+com.moonsworth.lunar.client.framework.feature.saturation+com.moonsworth.lunar.client.guiRewindhandlers.rewindhandlers+com.moonsworth.lunar.client.mod.misc.rewind+com.moonsworth.lunar.client.util.rewindhandlers+com.moonsworth.lunar.forge+net.minecraft.world.gen.feature+com.moonsworth.lunar.bridge.itemcounter.mixin+com.moonsworth.lunar.bridge.lighting+com.moonsworth.lunar.client.config+com.moonsworth.lunar.client.driver.core+com.moonsworth.lunar.client.driver.core.gui+com.moonsworth.lunar.client.framework.feature.armorstatus.mixin	RewindhandlersExtension2	com/moonsworth/lunar/client/util/rewindhandlers/RewindhandlersExtension2.java
26	com.moonsworth.lunar.client.framework.feature.mod.fishing.holograms.nameplate+com.moonsworth.lunar.client.framework.feature.rewind.mixin.nameplate+com.moonsworth.lunar.client.framework.feature.saturation+com.moonsworth.lunar.client.guiRewindhandlers.rewindhandlers+com.moonsworth.lunar.client.mod.misc.rewind+com.moonsworth.lunar.client.util.rewindhandlers+com.moonsworth.lunar.forge+net.minecraft.world.gen.feature+com.moonsworth.lunar.bridge.itemcounter.mixin+com.moonsworth.lunar.bridge.lighting+com.moonsworth.lunar.client.config+com.moonsworth.lunar.client.driver.core+com.moonsworth.lunar.client.driver.core.gui+com.moonsworth.lunar.client.framework.feature.armorstatus.mixin	RewindhandlersExtension3	com/moonsworth/lunar/client/util/rewindhandlers/RewindhandlersExtension3.java
26	com.moonsworth.lunar.client.framework.feature.mod.fishing.holograms.nameplate+com.moonsworth.lunar.client.framework.feature.rewind.mixin.nameplate+com.moonsworth.lunar.client.framework.feature.saturation+com.moonsworth.lunar.client.guiRewindhandlers.rewindhandlers+com.moonsworth.lunar.client.mod.misc.rewind+com.moonsworth.lunar.client.util.rewindhandlers+com.moonsworth.lunar.forge+net.minecraft.world.gen.feature+com.moonsworth.lunar.bridge.itemcounter.mixin+com.moonsworth.lunar.bridge.lighting+com.moonsworth.lunar.client.config+com.moonsworth.lunar.client.driver.core+com.moonsworth.lunar.client.driver.core.gui+com.moonsworth.lunar.client.framework.feature.armorstatus.mixin	RewindhandlersExtension32	com/moonsworth/lunar/client/util/rewindhandlers/RewindhandlersExtension32.java
26	com.moonsworth.lunar.client.framework.feature.mod.fishing.holograms.nameplate+com.moonsworth.lunar.client.framework.feature.rewind.mixin.nameplate+com.moonsworth.lunar.client.framework.feature.saturation+com.moonsworth.lunar.client.guiRewindhandlers.rewindhandlers+com.moonsworth.lunar.client.mod.misc.rewind+com.moonsworth.lunar.client.util.rewindhandlers+com.moonsworth.lunar.forge+net.minecraft.world.gen.feature+com.moonsworth.lunar.bridge.itemcounter.mixin+com.moonsworth.lunar.bridge.lighting+com.moonsworth.lunar.client.config+com.moonsworth.lunar.client.driver.core+com.moonsworth.lunar.client.driver.core.gui+com.moonsworth.lunar.client.framework.feature.armorstatus.mixin	RewindhandlersExtension4	com/moonsworth/lunar/client/util/rewindhandlers/RewindhandlersExtension4.java
26	com.moonsworth.lunar.client.framework.feature.mod.fishing.holograms.nameplate+com.moonsworth.lunar.client.framework.feature.rewind.mixin.nameplate+com.moonsworth.lunar.client.framework.feature.saturation+com.moonsworth.lunar.client.guiRewindhandlers.rewindhandlers+com.moonsworth.lunar.client.mod.misc.rewind+com.moonsworth.lunar.client.util.rewindhandlers+com.moonsworth.lunar.forge+net.minecraft.world.gen.feature+com.moonsworth.lunar.bridge.itemcounter.mixin+com.moonsworth.lunar.bridge.lighting+com.moonsworth.lunar.client.config+com.moonsworth.lunar.client.driver.core+com.moonsworth.lunar.client.driver.core.gui+com.moonsworth.lunar.client.framework.feature.armorstatus.mixin	Data2	com/moonsworth/lunar/forge/Ichor5Iterator.java
26	com.moonsworth.lunar.client.framework.feature.mod.fishing.holograms.nameplate+com.moonsworth.lunar.client.framework.feature.rewind.mixin.nameplate+com.moonsworth.lunar.client.framework.feature.saturation+com.moonsworth.lunar.client.guiRewindhandlers.rewindhandlers+com.moonsworth.lunar.client.mod.misc.rewind+com.moonsworth.lunar.client.util.rewindhandlers+com.moonsworth.lunar.forge+net.minecraft.world.gen.feature+com.moonsworth.lunar.bridge.itemcounter.mixin+com.moonsworth.lunar.bridge.lighting+com.moonsworth.lunar.client.config+com.moonsworth.lunar.client.driver.core+com.moonsworth.lunar.client.driver.core.gui+com.moonsworth.lunar.client.framework.feature.armorstatus.mixin	Data3	com/moonsworth/lunar/forge/MixinMisc.java
26	com.moonsworth.lunar.client.framework.feature.mod.fishing.holograms.nameplate+com.moonsworth.lunar.client.framework.feature.rewind.mixin.nameplate+com.moonsworth.lunar.client.framework.feature.saturation+com.moonsworth.lunar.client.guiRewindhandlers.rewindhandlers+com.moonsworth.lunar.client.mod.misc.rewind+com.moonsworth.lunar.client.util.rewindhandlers+com.moonsworth.lunar.forge+net.minecraft.world.gen.feature+com.moonsworth.lunar.bridge.itemcounter.mixin+com.moonsworth.lunar.bridge.lighting+com.moonsworth.lunar.client.config+com.moonsworth.lunar.client.driver.core+com.moonsworth.lunar.client.driver.core.gui+com.moonsworth.lunar.client.framework.feature.armorstatus.mixin	MixinMisc2	com/moonsworth/lunar/forge/MixinMisc2.java
26	com.moonsworth.lunar.client.framework.feature.mod.fishing.holograms.nameplate+com.moonsworth.lunar.client.framework.feature.rewind.mixin.nameplate+com.moonsworth.lunar.client.framework.feature.saturation+com.moonsworth.lunar.client.guiRewindhandlers.rewindhandlers+com.moonsworth.lunar.client.mod.misc.rewind+com.moonsworth.lunar.client.util.rewindhandlers+com.moonsworth.lunar.forge+net.minecraft.world.gen.feature+com.moonsworth.lunar.bridge.itemcounter.mixin+com.moonsworth.lunar.bridge.lighting+com.moonsworth.lunar.client.config+com.moonsworth.lunar.client.driver.core+com.moonsworth.lunar.client.driver.core.gui+com.moonsworth.lunar.client.framework.feature.armorstatus.mixin	MixinMisc3	com/moonsworth/lunar/forge/MixinMisc3.java
26	com.moonsworth.lunar.client.framework.feature.mod.fishing.holograms.nameplate+com.moonsworth.lunar.client.framework.feature.rewind.mixin.nameplate+com.moonsworth.lunar.client.framework.feature.saturation+com.moonsworth.lunar.client.guiRewindhandlers.rewindhandlers+com.moonsworth.lunar.client.mod.misc.rewind+com.moonsworth.lunar.client.util.rewindhandlers+com.moonsworth.lunar.forge+net.minecraft.world.gen.feature+com.moonsworth.lunar.bridge.itemcounter.mixin+com.moonsworth.lunar.bridge.lighting+com.moonsworth.lunar.client.config+com.moonsworth.lunar.client.driver.core+com.moonsworth.lunar.client.driver.core.gui+com.moonsworth.lunar.client.framework.feature.armorstatus.mixin	WorldGenGlowStone1	net/minecraft/world/gen/feature/WorldGenGlowStone1.java
26	com.moonsworth.lunar.client.framework.feature.mod.fishing.holograms.nameplate+com.moonsworth.lunar.client.framework.feature.rewind.mixin.nameplate+com.moonsworth.lunar.client.framework.feature.saturation+com.moonsworth.lunar.client.guiRewindhandlers.rewindhandlers+com.moonsworth.lunar.client.mod.misc.rewind+com.moonsworth.lunar.client.util.rewindhandlers+com.moonsworth.lunar.forge+net.minecraft.world.gen.feature+com.moonsworth.lunar.bridge.itemcounter.mixin+com.moonsworth.lunar.bridge.lighting+com.moonsworth.lunar.client.config+com.moonsworth.lunar.client.driver.core+com.moonsworth.lunar.client.driver.core.gui+com.moonsworth.lunar.client.framework.feature.armorstatus.mixin	WorldGenGlowStone2	net/minecraft/world/gen/feature/WorldGenGlowStone2.java
26	com.moonsworth.lunar.client.framework.feature.mod.fishing.holograms.nameplate+com.moonsworth.lunar.client.framework.feature.rewind.mixin.nameplate+com.moonsworth.lunar.client.framework.feature.saturation+com.moonsworth.lunar.client.guiRewindhandlers.rewindhandlers+com.moonsworth.lunar.client.mod.misc.rewind+com.moonsworth.lunar.client.util.rewindhandlers+com.moonsworth.lunar.forge+net.minecraft.world.gen.feature+com.moonsworth.lunar.bridge.itemcounter.mixin+com.moonsworth.lunar.bridge.lighting+com.moonsworth.lunar.client.config+com.moonsworth.lunar.client.driver.core+com.moonsworth.lunar.client.driver.core.gui+com.moonsworth.lunar.client.framework.feature.armorstatus.mixin	WorldGenTaiga1	net/minecraft/world/gen/feature/WorldGenTaiga1.java
26	com.moonsworth.lunar.client.framework.feature.mod.fishing.holograms.nameplate+com.moonsworth.lunar.client.framework.feature.rewind.mixin.nameplate+com.moonsworth.lunar.client.framework.feature.saturation+com.moonsworth.lunar.client.guiRewindhandlers.rewindhandlers+com.moonsworth.lunar.client.mod.misc.rewind+com.moonsworth.lunar.client.util.rewindhandlers+com.moonsworth.lunar.forge+net.minecraft.world.gen.feature+com.moonsworth.lunar.bridge.itemcounter.mixin+com.moonsworth.lunar.bridge.lighting+com.moonsworth.lunar.client.config+com.moonsworth.lunar.client.driver.core+com.moonsworth.lunar.client.driver.core.gui+com.moonsworth.lunar.client.framework.feature.armorstatus.mixin	WorldGenTaiga2	net/minecraft/world/gen/feature/WorldGenTaiga2.java
26	com.moonsworth.lunar.client.framework.feature.mod.fishing.holograms.nameplate+com.moonsworth.lunar.client.framework.feature.rewind.mixin.nameplate+com.moonsworth.lunar.client.framework.feature.saturation+com.moonsworth.lunar.client.guiRewindhandlers.rewindhandlers+com.moonsworth.lunar.client.mod.misc.rewind+com.moonsworth.lunar.client.util.rewindhandlers+com.moonsworth.lunar.forge+net.minecraft.world.gen.feature+com.moonsworth.lunar.bridge.itemcounter.mixin+com.moonsworth.lunar.bridge.lighting+com.moonsworth.lunar.client.config+com.moonsworth.lunar.client.driver.core+com.moonsworth.lunar.client.driver.core.gui+com.moonsworth.lunar.client.framework.feature.armorstatus.mixin	Itemcounter2	com/moonsworth/lunar/bridge/itemcounter/mixin/Itemcounter2.java
26	com.moonsworth.lunar.client.framework.feature.mod.fishing.holograms.nameplate+com.moonsworth.lunar.client.framework.feature.rewind.mixin.nameplate+com.moonsworth.lunar.client.framework.feature.saturation+com.moonsworth.lunar.client.guiRewindhandlers.rewindhandlers+com.moonsworth.lunar.client.mod.misc.rewind+com.moonsworth.lunar.client.util.rewindhandlers+com.moonsworth.lunar.forge+net.minecraft.world.gen.feature+com.moonsworth.lunar.bridge.itemcounter.mixin+com.moonsworth.lunar.bridge.lighting+com.moonsworth.lunar.client.config+com.moonsworth.lunar.client.driver.core+com.moonsworth.lunar.client.driver.core.gui+com.moonsworth.lunar.client.framework.feature.armorstatus.mixin	Itemcounter3	com/moonsworth/lunar/bridge/itemcounter/mixin/Itemcounter3.java
26	com.moonsworth.lunar.client.framework.feature.mod.fishing.holograms.nameplate+com.moonsworth.lunar.client.framework.feature.rewind.mixin.nameplate+com.moonsworth.lunar.client.framework.feature.saturation+com.moonsworth.lunar.client.guiRewindhandlers.rewindhandlers+com.moonsworth.lunar.client.mod.misc.rewind+com.moonsworth.lunar.client.util.rewindhandlers+com.moonsworth.lunar.forge+net.minecraft.world.gen.feature+com.moonsworth.lunar.bridge.itemcounter.mixin+com.moonsworth.lunar.bridge.lighting+com.moonsworth.lunar.client.config+com.moonsworth.lunar.client.driver.core+com.moonsworth.lunar.client.driver.core.gui+com.moonsworth.lunar.client.framework.feature.armorstatus.mixin	Itemcounter4	com/moonsworth/lunar/bridge/itemcounter/mixin/Itemcounter4.java
26	com.moonsworth.lunar.client.framework.feature.mod.fishing.holograms.nameplate+com.moonsworth.lunar.client.framework.feature.rewind.mixin.nameplate+com.moonsworth.lunar.client.framework.feature.saturation+com.moonsworth.lunar.client.guiRewindhandlers.rewindhandlers+com.moonsworth.lunar.client.mod.misc.rewind+com.moonsworth.lunar.client.util.rewindhandlers+com.moonsworth.lunar.forge+net.minecraft.world.gen.feature+com.moonsworth.lunar.bridge.itemcounter.mixin+com.moonsworth.lunar.bridge.lighting+com.moonsworth.lunar.client.config+com.moonsworth.lunar.client.driver.core+com.moonsworth.lunar.client.driver.core.gui+com.moonsworth.lunar.client.framework.feature.armorstatus.mixin	Lighting2	com/moonsworth/lunar/bridge/lighting/Lighting2.java
26	com.moonsworth.lunar.client.framework.feature.mod.fishing.holograms.nameplate+com.moonsworth.lunar.client.framework.feature.rewind.mixin.nameplate+com.moonsworth.lunar.client.framework.feature.saturation+com.moonsworth.lunar.client.guiRewindhandlers.rewindhandlers+com.moonsworth.lunar.client.mod.misc.rewind+com.moonsworth.lunar.client.util.rewindhandlers+com.moonsworth.lunar.forge+net.minecraft.world.gen.feature+com.moonsworth.lunar.bridge.itemcounter.mixin+com.moonsworth.lunar.bridge.lighting+com.moonsworth.lunar.client.config+com.moonsworth.lunar.client.driver.core+com.moonsworth.lunar.client.driver.core.gui+com.moonsworth.lunar.client.framework.feature.armorstatus.mixin	Lighting3	com/moonsworth/lunar/bridge/lighting/Lighting3.java
26	com.moonsworth.lunar.client.framework.feature.mod.fishing.holograms.nameplate+com.moonsworth.lunar.client.framework.feature.rewind.mixin.nameplate+com.moonsworth.lunar.client.framework.feature.saturation+com.moonsworth.lunar.client.guiRewindhandlers.rewindhandlers+com.moonsworth.lunar.client.mod.misc.rewind+com.moonsworth.lunar.client.util.rewindhandlers+com.moonsworth.lunar.forge+net.minecraft.world.gen.feature+com.moonsworth.lunar.bridge.itemcounter.mixin+com.moonsworth.lunar.bridge.lighting+com.moonsworth.lunar.client.config+com.moonsworth.lunar.client.driver.core+com.moonsworth.lunar.client.driver.core.gui+com.moonsworth.lunar.client.framework.feature.armorstatus.mixin	Lighting4	com/moonsworth/lunar/bridge/lighting/Lighting4.java
26	com.moonsworth.lunar.client.framework.feature.mod.fishing.holograms.nameplate+com.moonsworth.lunar.client.framework.feature.rewind.mixin.nameplate+com.moonsworth.lunar.client.framework.feature.saturation+com.moonsworth.lunar.client.guiRewindhandlers.rewindhandlers+com.moonsworth.lunar.client.mod.misc.rewind+com.moonsworth.lunar.client.util.rewindhandlers+com.moonsworth.lunar.forge+net.minecraft.world.gen.feature+com.moonsworth.lunar.bridge.itemcounter.mixin+com.moonsworth.lunar.bridge.lighting+com.moonsworth.lunar.client.config+com.moonsworth.lunar.client.driver.core+com.moonsworth.lunar.client.driver.core.gui+com.moonsworth.lunar.client.framework.feature.armorstatus.mixin	Type2	com/moonsworth/lunar/client/config/GeneralSettings.java
26	com.moonsworth.lunar.client.framework.feature.mod.fishing.holograms.nameplate+com.moonsworth.lunar.client.framework.feature.rewind.mixin.nameplate+com.moonsworth.lunar.client.framework.feature.saturation+com.moonsworth.lunar.client.guiRewindhandlers.rewindhandlers+com.moonsworth.lunar.client.mod.misc.rewind+com.moonsworth.lunar.client.util.rewindhandlers+com.moonsworth.lunar.forge+net.minecraft.world.gen.feature+com.moonsworth.lunar.bridge.itemcounter.mixin+com.moonsworth.lunar.bridge.lighting+com.moonsworth.lunar.client.config+com.moonsworth.lunar.client.driver.core+com.moonsworth.lunar.client.driver.core.gui+com.moonsworth.lunar.client.framework.feature.armorstatus.mixin	Type3	com/moonsworth/lunar/client/config/GeneralSettings.java
26	com.moonsworth.lunar.client.framework.feature.mod.fishing.holograms.nameplate+com.moonsworth.lunar.client.framework.feature.rewind.mixin.nameplate+com.moonsworth.lunar.client.framework.feature.saturation+com.moonsworth.lunar.client.guiRewindhandlers.rewindhandlers+com.moonsworth.lunar.client.mod.misc.rewind+com.moonsworth.lunar.client.util.rewindhandlers+com.moonsworth.lunar.forge+net.minecraft.world.gen.feature+com.moonsworth.lunar.bridge.itemcounter.mixin+com.moonsworth.lunar.bridge.lighting+com.moonsworth.lunar.client.config+com.moonsworth.lunar.client.driver.core+com.moonsworth.lunar.client.driver.core.gui+com.moonsworth.lunar.client.framework.feature.armorstatus.mixin	Type4	com/moonsworth/lunar/client/config/GeneralSettings.java
26	com.moonsworth.lunar.client.framework.feature.mod.fishing.holograms.nameplate+com.moonsworth.lunar.client.framework.feature.rewind.mixin.nameplate+com.moonsworth.lunar.client.framework.feature.saturation+com.moonsworth.lunar.client.guiRewindhandlers.rewindhandlers+com.moonsworth.lunar.client.mod.misc.rewind+com.moonsworth.lunar.client.util.rewindhandlers+com.moonsworth.lunar.forge+net.minecraft.world.gen.feature+com.moonsworth.lunar.bridge.itemcounter.mixin+com.moonsworth.lunar.bridge.lighting+com.moonsworth.lunar.client.config+com.moonsworth.lunar.client.driver.core+com.moonsworth.lunar.client.driver.core.gui+com.moonsworth.lunar.client.framework.feature.armorstatus.mixin	Data2	com/moonsworth/lunar/client/driver/core/Fishing.java
26	com.moonsworth.lunar.client.framework.feature.mod.fishing.holograms.nameplate+com.moonsworth.lunar.client.framework.feature.rewind.mixin.nameplate+com.moonsworth.lunar.client.framework.feature.saturation+com.moonsworth.lunar.client.guiRewindhandlers.rewindhandlers+com.moonsworth.lunar.client.mod.misc.rewind+com.moonsworth.lunar.client.util.rewindhandlers+com.moonsworth.lunar.forge+net.minecraft.world.gen.feature+com.moonsworth.lunar.bridge.itemcounter.mixin+com.moonsworth.lunar.bridge.lighting+com.moonsworth.lunar.client.config+com.moonsworth.lunar.client.driver.core+com.moonsworth.lunar.client.driver.core.gui+com.moonsworth.lunar.client.framework.feature.armorstatus.mixin	Data2	com/moonsworth/lunar/client/driver/core/MigrationContextLegacy.java
26	com.moonsworth.lunar.client.framework.feature.mod.fishing.holograms.nameplate+com.moonsworth.lunar.client.framework.feature.rewind.mixin.nameplate+com.moonsworth.lunar.client.framework.feature.saturation+com.moonsworth.lunar.client.guiRewindhandlers.rewindhandlers+com.moonsworth.lunar.client.mod.misc.rewind+com.moonsworth.lunar.client.util.rewindhandlers+com.moonsworth.lunar.forge+net.minecraft.world.gen.feature+com.moonsworth.lunar.bridge.itemcounter.mixin+com.moonsworth.lunar.bridge.lighting+com.moonsworth.lunar.client.config+com.moonsworth.lunar.client.driver.core+com.moonsworth.lunar.client.driver.core.gui+com.moonsworth.lunar.client.framework.feature.armorstatus.mixin	Data3	com/moonsworth/lunar/client/driver/core/DriverElementLegacy.java
26	com.moonsworth.lunar.client.framework.feature.mod.fishing.holograms.nameplate+com.moonsworth.lunar.client.framework.feature.rewind.mixin.nameplate+com.moonsworth.lunar.client.framework.feature.saturation+com.moonsworth.lunar.client.guiRewindhandlers.rewindhandlers+com.moonsworth.lunar.client.mod.misc.rewind+com.moonsworth.lunar.client.util.rewindhandlers+com.moonsworth.lunar.forge+net.minecraft.world.gen.feature+com.moonsworth.lunar.bridge.itemcounter.mixin+com.moonsworth.lunar.bridge.lighting+com.moonsworth.lunar.client.config+com.moonsworth.lunar.client.driver.core+com.moonsworth.lunar.client.driver.core.gui+com.moonsworth.lunar.client.framework.feature.armorstatus.mixin	Data2	com/moonsworth/lunar/client/driver/core/gui/GuiIterator.java
26	com.moonsworth.lunar.client.framework.feature.mod.fishing.holograms.nameplate+com.moonsworth.lunar.client.framework.feature.rewind.mixin.nameplate+com.moonsworth.lunar.client.framework.feature.saturation+com.moonsworth.lunar.client.guiRewindhandlers.rewindhandlers+com.moonsworth.lunar.client.mod.misc.rewind+com.moonsworth.lunar.client.util.rewindhandlers+com.moonsworth.lunar.forge+net.minecraft.world.gen.feature+com.moonsworth.lunar.bridge.itemcounter.mixin+com.moonsworth.lunar.bridge.lighting+com.moonsworth.lunar.client.config+com.moonsworth.lunar.client.driver.core+com.moonsworth.lunar.client.driver.core.gui+com.moonsworth.lunar.client.framework.feature.armorstatus.mixin	Data2	com/moonsworth/lunar/client/driver/core/gui/JsonProviderLegacy.java
26	com.moonsworth.lunar.client.framework.feature.mod.fishing.holograms.nameplate+com.moonsworth.lunar.client.framework.feature.rewind.mixin.nameplate+com.moonsworth.lunar.client.framework.feature.saturation+com.moonsworth.lunar.client.guiRewindhandlers.rewindhandlers+com.moonsworth.lunar.client.mod.misc.rewind+com.moonsworth.lunar.client.util.rewindhandlers+com.moonsworth.lunar.forge+net.minecraft.world.gen.feature+com.moonsworth.lunar.bridge.itemcounter.mixin+com.moonsworth.lunar.bridge.lighting+com.moonsworth.lunar.client.config+com.moonsworth.lunar.client.driver.core+com.moonsworth.lunar.client.driver.core.gui+com.moonsworth.lunar.client.framework.feature.armorstatus.mixin	Type2	com/moonsworth/lunar/client/driver/core/gui/Gui2Task.java
26	com.moonsworth.lunar.client.framework.feature.mod.fishing.holograms.nameplate+com.moonsworth.lunar.client.framework.feature.rewind.mixin.nameplate+com.moonsworth.lunar.client.framework.feature.saturation+com.moonsworth.lunar.client.guiRewindhandlers.rewindhandlers+com.moonsworth.lunar.client.mod.misc.rewind+com.moonsworth.lunar.client.util.rewindhandlers+com.moonsworth.lunar.forge+net.minecraft.world.gen.feature+com.moonsworth.lunar.bridge.itemcounter.mixin+com.moonsworth.lunar.bridge.lighting+com.moonsworth.lunar.client.config+com.moonsworth.lunar.client.driver.core+com.moonsworth.lunar.client.driver.core.gui+com.moonsworth.lunar.client.framework.feature.armorstatus.mixin	Gui2Extension2	com/moonsworth/lunar/client/framework/feature/armorstatus/mixin/Gui2Extension2.java
26	com.moonsworth.lunar.client.framework.feature.mod.fishing.holograms.nameplate+com.moonsworth.lunar.client.framework.feature.rewind.mixin.nameplate+com.moonsworth.lunar.client.framework.feature.saturation+com.moonsworth.lunar.client.guiRewindhandlers.rewindhandlers+com.moonsworth.lunar.client.mod.misc.rewind+com.moonsworth.lunar.client.util.rewindhandlers+com.moonsworth.lunar.forge+net.minecraft.world.gen.feature+com.moonsworth.lunar.bridge.itemcounter.mixin+com.moonsworth.lunar.bridge.lighting+com.moonsworth.lunar.client.config+com.moonsworth.lunar.client.driver.core+com.moonsworth.lunar.client.driver.core.gui+com.moonsworth.lunar.client.framework.feature.armorstatus.mixin	Gui2Extension3	com/moonsworth/lunar/client/framework/feature/armorstatus/mixin/Gui2Extension3.java
26	com.moonsworth.lunar.client.framework.feature.mod.fishing.holograms.nameplate+com.moonsworth.lunar.client.framework.feature.rewind.mixin.nameplate+com.moonsworth.lunar.client.framework.feature.saturation+com.moonsworth.lunar.client.guiRewindhandlers.rewindhandlers+com.moonsworth.lunar.client.mod.misc.rewind+com.moonsworth.lunar.client.util.rewindhandlers+com.moonsworth.lunar.forge+net.minecraft.world.gen.feature+com.moonsworth.lunar.bridge.itemcounter.mixin+com.moonsworth.lunar.bridge.lighting+com.moonsworth.lunar.client.config+com.moonsworth.lunar.client.driver.core+com.moonsworth.lunar.client.driver.core.gui+com.moonsworth.lunar.client.framework.feature.armorstatus.mixin	Gui2Extension4	com/moonsworth/lunar/client/framework/feature/armorstatus/mixin/Gui2Extension4.java
27	com.moonsworth.lunar.client.framework.feature.crosshair.mixin+com.moonsworth.lunar.client.framework.feature.debug.fpsdebugmod+com.moonsworth.lunar.client.framework.feature.debug.fpsdebugmod.mixin+com.moonsworth.lunar.client.framework.feature.heightlimit+com.moonsworth.lunar.client.framework.feature.killsounds.mixin+com.moonsworth.lunar.client.framework.feature.minimap.mixin+com.moonsworth.lunar.client.framework.feature.mod.gui.nameplate+com.moonsworth.lunar.client.framework.feature.potioneffects+com.moonsworth.lunar.client.framework.feature.rewind.fishing+com.moonsworth.lunar.client.framework.feature.rewind.holograms+com.moonsworth.lunar.client.framework.feature.rewind.nameplate+com.moonsworth.lunar.client.framework.feature.tiertagger.mixin+com.moonsworth.lunar.client.framework.feature.waypoints+com.moonsworth.lunar.client.gui+com.moonsworth.lunar.client.guiRewindhandlers.nameplate+com.moonsworth.lunar.client.itemcounter	Gui2Extension2	com/moonsworth/lunar/client/framework/feature/crosshair/mixin/Gui2Extension2.java
27	com.moonsworth.lunar.client.framework.feature.crosshair.mixin+com.moonsworth.lunar.client.framework.feature.debug.fpsdebugmod+com.moonsworth.lunar.client.framework.feature.debug.fpsdebugmod.mixin+com.moonsworth.lunar.client.framework.feature.heightlimit+com.moonsworth.lunar.client.framework.feature.killsounds.mixin+com.moonsworth.lunar.client.framework.feature.minimap.mixin+com.moonsworth.lunar.client.framework.feature.mod.gui.nameplate+com.moonsworth.lunar.client.framework.feature.potioneffects+com.moonsworth.lunar.client.framework.feature.rewind.fishing+com.moonsworth.lunar.client.framework.feature.rewind.holograms+com.moonsworth.lunar.client.framework.feature.rewind.nameplate+com.moonsworth.lunar.client.framework.feature.tiertagger.mixin+com.moonsworth.lunar.client.framework.feature.waypoints+com.moonsworth.lunar.client.gui+com.moonsworth.lunar.client.guiRewindhandlers.nameplate+com.moonsworth.lunar.client.itemcounter	Gui2Extension3	com/moonsworth/lunar/client/framework/feature/crosshair/mixin/Gui2Extension3.java
27	com.moonsworth.lunar.client.framework.feature.crosshair.mixin+com.moonsworth.lunar.client.framework.feature.debug.fpsdebugmod+com.moonsworth.lunar.client.framework.feature.debug.fpsdebugmod.mixin+com.moonsworth.lunar.client.framework.feature.heightlimit+com.moonsworth.lunar.client.framework.feature.killsounds.mixin+com.moonsworth.lunar.client.framework.feature.minimap.mixin+com.moonsworth.lunar.client.framework.feature.mod.gui.nameplate+com.moonsworth.lunar.client.framework.feature.potioneffects+com.moonsworth.lunar.client.framework.feature.rewind.fishing+com.moonsworth.lunar.client.framework.feature.rewind.holograms+com.moonsworth.lunar.client.framework.feature.rewind.nameplate+com.moonsworth.lunar.client.framework.feature.tiertagger.mixin+com.moonsworth.lunar.client.framework.feature.waypoints+com.moonsworth.lunar.client.gui+com.moonsworth.lunar.client.guiRewindhandlers.nameplate+com.moonsworth.lunar.client.itemcounter	Gui2Extension4	com/moonsworth/lunar/client/framework/feature/crosshair/mixin/Gui2Extension4.java
27	com.moonsworth.lunar.client.framework.feature.crosshair.mixin+com.moonsworth.lunar.client.framework.feature.debug.fpsdebugmod+com.moonsworth.lunar.client.framework.feature.debug.fpsdebugmod.mixin+com.moonsworth.lunar.client.framework.feature.heightlimit+com.moonsworth.lunar.client.framework.feature.killsounds.mixin+com.moonsworth.lunar.client.framework.feature.minimap.mixin+com.moonsworth.lunar.client.framework.feature.mod.gui.nameplate+com.moonsworth.lunar.client.framework.feature.potioneffects+com.moonsworth.lunar.client.framework.feature.rewind.fishing+com.moonsworth.lunar.client.framework.feature.rewind.holograms+com.moonsworth.lunar.client.framework.feature.rewind.nameplate+com.moonsworth.lunar.client.framework.feature.tiertagger.mixin+com.moonsworth.lunar.client.framework.feature.waypoints+com.moonsworth.lunar.client.gui+com.moonsworth.lunar.client.guiRewindhandlers.nameplate+com.moonsworth.lunar.client.itemcounter	Data2	com/moonsworth/lunar/client/framework/feature/debug/fpsdebugmod/Fpsdebugmod.java
27	com.moonsworth.lunar.client.framework.feature.crosshair.mixin+com.moonsworth.lunar.client.framework.feature.debug.fpsdebugmod+com.moonsworth.lunar.client.framework.feature.debug.fpsdebugmod.mixin+com.moonsworth.lunar.client.framework.feature.heightlimit+com.moonsworth.lunar.client.framework.feature.killsounds.mixin+com.moonsworth.lunar.client.framework.feature.minimap.mixin+com.moonsworth.lunar.client.framework.feature.mod.gui.nameplate+com.moonsworth.lunar.client.framework.feature.potioneffects+com.moonsworth.lunar.client.framework.feature.rewind.fishing+com.moonsworth.lunar.client.framework.feature.rewind.holograms+com.moonsworth.lunar.client.framework.feature.rewind.nameplate+com.moonsworth.lunar.client.framework.feature.tiertagger.mixin+com.moonsworth.lunar.client.framework.feature.waypoints+com.moonsworth.lunar.client.gui+com.moonsworth.lunar.client.guiRewindhandlers.nameplate+com.moonsworth.lunar.client.itemcounter	Fpsdebugmod2	com/moonsworth/lunar/client/framework/feature/debug/fpsdebugmod/Fpsdebugmod2.java
27	com.moonsworth.lunar.client.framework.feature.crosshair.mixin+com.moonsworth.lunar.client.framework.feature.debug.fpsdebugmod+com.moonsworth.lunar.client.framework.feature.debug.fpsdebugmod.mixin+com.moonsworth.lunar.client.framework.feature.heightlimit+com.moonsworth.lunar.client.framework.feature.killsounds.mixin+com.moonsworth.lunar.client.framework.feature.minimap.mixin+com.moonsworth.lunar.client.framework.feature.mod.gui.nameplate+com.moonsworth.lunar.client.framework.feature.potioneffects+com.moonsworth.lunar.client.framework.feature.rewind.fishing+com.moonsworth.lunar.client.framework.feature.rewind.holograms+com.moonsworth.lunar.client.framework.feature.rewind.nameplate+com.moonsworth.lunar.client.framework.feature.tiertagger.mixin+com.moonsworth.lunar.client.framework.feature.waypoints+com.moonsworth.lunar.client.gui+com.moonsworth.lunar.client.guiRewindhandlers.nameplate+com.moonsworth.lunar.client.itemcounter	Fpsdebugmod3	com/moonsworth/lunar/client/framework/feature/debug/fpsdebugmod/Fpsdebugmod3.java
27	com.moonsworth.lunar.client.framework.feature.crosshair.mixin+com.moonsworth.lunar.client.framework.feature.debug.fpsdebugmod+com.moonsworth.lunar.client.framework.feature.debug.fpsdebugmod.mixin+com.moonsworth.lunar.client.framework.feature.heightlimit+com.moonsworth.lunar.client.framework.feature.killsounds.mixin+com.moonsworth.lunar.client.framework.feature.minimap.mixin+com.moonsworth.lunar.client.framework.feature.mod.gui.nameplate+com.moonsworth.lunar.client.framework.feature.potioneffects+com.moonsworth.lunar.client.framework.feature.rewind.fishing+com.moonsworth.lunar.client.framework.feature.rewind.holograms+com.moonsworth.lunar.client.framework.feature.rewind.nameplate+com.moonsworth.lunar.client.framework.feature.tiertagger.mixin+com.moonsworth.lunar.client.framework.feature.waypoints+com.moonsworth.lunar.client.gui+com.moonsworth.lunar.client.guiRewindhandlers.nameplate+com.moonsworth.lunar.client.itemcounter	Fpsdebugmod2	com/moonsworth/lunar/client/framework/feature/debug/fpsdebugmod/mixin/Fpsdebugmod2.java
27	com.moonsworth.lunar.client.framework.feature.crosshair.mixin+com.moonsworth.lunar.client.framework.feature.debug.fpsdebugmod+com.moonsworth.lunar.client.framework.feature.debug.fpsdebugmod.mixin+com.moonsworth.lunar.client.framework.feature.heightlimit+com.moonsworth.lunar.client.framework.feature.killsounds.mixin+com.moonsworth.lunar.client.framework.feature.minimap.mixin+com.moonsworth.lunar.client.framework.feature.mod.gui.nameplate+com.moonsworth.lunar.client.framework.feature.potioneffects+com.moonsworth.lunar.client.framework.feature.rewind.fishing+com.moonsworth.lunar.client.framework.feature.rewind.holograms+com.moonsworth.lunar.client.framework.feature.rewind.nameplate+com.moonsworth.lunar.client.framework.feature.tiertagger.mixin+com.moonsworth.lunar.client.framework.feature.waypoints+com.moonsworth.lunar.client.gui+com.moonsworth.lunar.client.guiRewindhandlers.nameplate+com.moonsworth.lunar.client.itemcounter	Fpsdebugmod3	com/moonsworth/lunar/client/framework/feature/debug/fpsdebugmod/mixin/Fpsdebugmod3.java
27	com.moonsworth.lunar.client.framework.feature.crosshair.mixin+com.moonsworth.lunar.client.framework.feature.debug.fpsdebugmod+com.moonsworth.lunar.client.framework.feature.debug.fpsdebugmod.mixin+com.moonsworth.lunar.client.framework.feature.heightlimit+com.moonsworth.lunar.client.framework.feature.killsounds.mixin+com.moonsworth.lunar.client.framework.feature.minimap.mixin+com.moonsworth.lunar.client.framework.feature.mod.gui.nameplate+com.moonsworth.lunar.client.framework.feature.potioneffects+com.moonsworth.lunar.client.framework.feature.rewind.fishing+com.moonsworth.lunar.client.framework.feature.rewind.holograms+com.moonsworth.lunar.client.framework.feature.rewind.nameplate+com.moonsworth.lunar.client.framework.feature.tiertagger.mixin+com.moonsworth.lunar.client.framework.feature.waypoints+com.moonsworth.lunar.client.gui+com.moonsworth.lunar.client.guiRewindhandlers.nameplate+com.moonsworth.lunar.client.itemcounter	Fpsdebugmod4	com/moonsworth/lunar/client/framework/feature/debug/fpsdebugmod/mixin/Fpsdebugmod4.java
27	com.moonsworth.lunar.client.framework.feature.crosshair.mixin+com.moonsworth.lunar.client.framework.feature.debug.fpsdebugmod+com.moonsworth.lunar.client.framework.feature.debug.fpsdebugmod.mixin+com.moonsworth.lunar.client.framework.feature.heightlimit+com.moonsworth.lunar.client.framework.feature.killsounds.mixin+com.moonsworth.lunar.client.framework.feature.minimap.mixin+com.moonsworth.lunar.client.framework.feature.mod.gui.nameplate+com.moonsworth.lunar.client.framework.feature.potioneffects+com.moonsworth.lunar.client.framework.feature.rewind.fishing+com.moonsworth.lunar.client.framework.feature.rewind.holograms+com.moonsworth.lunar.client.framework.feature.rewind.nameplate+com.moonsworth.lunar.client.framework.feature.tiertagger.mixin+com.moonsworth.lunar.client.framework.feature.waypoints+com.moonsworth.lunar.client.gui+com.moonsworth.lunar.client.guiRewindhandlers.nameplate+com.moonsworth.lunar.client.itemcounter	Data2	com/moonsworth/lunar/client/framework/feature/heightlimit/Heightlimit2.java
27	com.moonsworth.lunar.client.framework.feature.crosshair.mixin+com.moonsworth.lunar.client.framework.feature.debug.fpsdebugmod+com.moonsworth.lunar.client.framework.feature.debug.fpsdebugmod.mixin+com.moonsworth.lunar.client.framework.feature.heightlimit+com.moonsworth.lunar.client.framework.feature.killsounds.mixin+com.moonsworth.lunar.client.framework.feature.minimap.mixin+com.moonsworth.lunar.client.framework.feature.mod.gui.nameplate+com.moonsworth.lunar.client.framework.feature.potioneffects+com.moonsworth.lunar.client.framework.feature.rewind.fishing+com.moonsworth.lunar.client.framework.feature.rewind.holograms+com.moonsworth.lunar.client.framework.feature.rewind.nameplate+com.moonsworth.lunar.client.framework.feature.tiertagger.mixin+com.moonsworth.lunar.client.framework.feature.waypoints+com.moonsworth.lunar.client.gui+com.moonsworth.lunar.client.guiRewindhandlers.nameplate+com.moonsworth.lunar.client.itemcounter	Data3	com/moonsworth/lunar/client/framework/feature/heightlimit/Heightlimit2.java
27	com.moonsworth.lunar.client.framework.feature.crosshair.mixin+com.moonsworth.lunar.client.framework.feature.debug.fpsdebugmod+com.moonsworth.lunar.client.framework.feature.debug.fpsdebugmod.mixin+com.moonsworth.lunar.client.framework.feature.heightlimit+com.moonsworth.lunar.client.framework.feature.killsounds.mixin+com.moonsworth.lunar.client.framework.feature.minimap.mixin+com.moonsworth.lunar.client.framework.feature.mod.gui.nameplate+com.moonsworth.lunar.client.framework.feature.potioneffects+com.moonsworth.lunar.client.framework.feature.rewind.fishing+com.moonsworth.lunar.client.framework.feature.rewind.holograms+com.moonsworth.lunar.client.framework.feature.rewind.nameplate+com.moonsworth.lunar.client.framework.feature.tiertagger.mixin+com.moonsworth.lunar.client.framework.feature.waypoints+com.moonsworth.lunar.client.gui+com.moonsworth.lunar.client.guiRewindhandlers.nameplate+com.moonsworth.lunar.client.itemcounter	Heightlimit2	com/moonsworth/lunar/client/framework/feature/heightlimit/Heightlimit2.java
27	com.moonsworth.lunar.client.framework.feature.crosshair.mixin+com.moonsworth.lunar.client.framework.feature.debug.fpsdebugmod+com.moonsworth.lunar.client.framework.feature.debug.fpsdebugmod.mixin+com.moonsworth.lunar.client.framework.feature.heightlimit+com.moonsworth.lunar.client.framework.feature.killsounds.mixin+com.moonsworth.lunar.client.framework.feature.minimap.mixin+com.moonsworth.lunar.client.framework.feature.mod.gui.nameplate+com.moonsworth.lunar.client.framework.feature.potioneffects+com.moonsworth.lunar.client.framework.feature.rewind.fishing+com.moonsworth.lunar.client.framework.feature.rewind.holograms+com.moonsworth.lunar.client.framework.feature.rewind.nameplate+com.moonsworth.lunar.client.framework.feature.tiertagger.mixin+com.moonsworth.lunar.client.framework.feature.waypoints+com.moonsworth.lunar.client.gui+com.moonsworth.lunar.client.guiRewindhandlers.nameplate+com.moonsworth.lunar.client.itemcounter	Killsounds2	com/moonsworth/lunar/client/framework/feature/killsounds/mixin/Killsounds2.java
27	com.moonsworth.lunar.client.framework.feature.crosshair.mixin+com.moonsworth.lunar.client.framework.feature.debug.fpsdebugmod+com.moonsworth.lunar.client.framework.feature.debug.fpsdebugmod.mixin+com.moonsworth.lunar.client.framework.feature.heightlimit+com.moonsworth.lunar.client.framework.feature.killsounds.mixin+com.moonsworth.lunar.client.framework.feature.minimap.mixin+com.moonsworth.lunar.client.framework.feature.mod.gui.nameplate+com.moonsworth.lunar.client.framework.feature.potioneffects+com.moonsworth.lunar.client.framework.feature.rewind.fishing+com.moonsworth.lunar.client.framework.feature.rewind.holograms+com.moonsworth.lunar.client.framework.feature.rewind.nameplate+com.moonsworth.lunar.client.framework.feature.tiertagger.mixin+com.moonsworth.lunar.client.framework.feature.waypoints+com.moonsworth.lunar.client.gui+com.moonsworth.lunar.client.guiRewindhandlers.nameplate+com.moonsworth.lunar.client.itemcounter	Killsounds3	com/moonsworth/lunar/client/framework/feature/killsounds/mixin/Killsounds3.java
27	com.moonsworth.lunar.client.framework.feature.crosshair.mixin+com.moonsworth.lunar.client.framework.feature.debug.fpsdebugmod+com.moonsworth.lunar.client.framework.feature.debug.fpsdebugmod.mixin+com.moonsworth.lunar.client.framework.feature.heightlimit+com.moonsworth.lunar.client.framework.feature.killsounds.mixin+com.moonsworth.lunar.client.framework.feature.minimap.mixin+com.moonsworth.lunar.client.framework.feature.mod.gui.nameplate+com.moonsworth.lunar.client.framework.feature.potioneffects+com.moonsworth.lunar.client.framework.feature.rewind.fishing+com.moonsworth.lunar.client.framework.feature.rewind.holograms+com.moonsworth.lunar.client.framework.feature.rewind.nameplate+com.moonsworth.lunar.client.framework.feature.tiertagger.mixin+com.moonsworth.lunar.client.framework.feature.waypoints+com.moonsworth.lunar.client.gui+com.moonsworth.lunar.client.guiRewindhandlers.nameplate+com.moonsworth.lunar.client.itemcounter	Killsounds4	com/moonsworth/lunar/client/framework/feature/killsounds/mixin/Killsounds4.java
27	com.moonsworth.lunar.client.framework.feature.crosshair.mixin+com.moonsworth.lunar.client.framework.feature.debug.fpsdebugmod+com.moonsworth.lunar.client.framework.feature.debug.fpsdebugmod.mixin+com.moonsworth.lunar.client.framework.feature.heightlimit+com.moonsworth.lunar.client.framework.feature.killsounds.mixin+com.moonsworth.lunar.client.framework.feature.minimap.mixin+com.moonsworth.lunar.client.framework.feature.mod.gui.nameplate+com.moonsworth.lunar.client.framework.feature.potioneffects+com.moonsworth.lunar.client.framework.feature.rewind.fishing+com.moonsworth.lunar.client.framework.feature.rewind.holograms+com.moonsworth.lunar.client.framework.feature.rewind.nameplate+com.moonsworth.lunar.client.framework.feature.tiertagger.mixin+com.moonsworth.lunar.client.framework.feature.waypoints+com.moonsworth.lunar.client.gui+com.moonsworth.lunar.client.guiRewindhandlers.nameplate+com.moonsworth.lunar.client.itemcounter	Minimap2	com/moonsworth/lunar/client/framework/feature/minimap/mixin/Minimap2.java
27	com.moonsworth.lunar.client.framework.feature.crosshair.mixin+com.moonsworth.lunar.client.framework.feature.debug.fpsdebugmod+com.moonsworth.lunar.client.framework.feature.debug.fpsdebugmod.mixin+com.moonsworth.lunar.client.framework.feature.heightlimit+com.moonsworth.lunar.client.framework.feature.killsounds.mixin+com.moonsworth.lunar.client.framework.feature.minimap.mixin+com.moonsworth.lunar.client.framework.feature.mod.gui.nameplate+com.moonsworth.lunar.client.framework.feature.potioneffects+com.moonsworth.lunar.client.framework.feature.rewind.fishing+com.moonsworth.lunar.client.framework.feature.rewind.holograms+com.moonsworth.lunar.client.framework.feature.rewind.nameplate+com.moonsworth.lunar.client.framework.feature.tiertagger.mixin+com.moonsworth.lunar.client.framework.feature.waypoints+com.moonsworth.lunar.client.gui+com.moonsworth.lunar.client.guiRewindhandlers.nameplate+com.moonsworth.lunar.client.itemcounter	Minimap3	com/moonsworth/lunar/client/framework/feature/minimap/mixin/Minimap3.java
27	com.moonsworth.lunar.client.framework.feature.crosshair.mixin+com.moonsworth.lunar.client.framework.feature.debug.fpsdebugmod+com.moonsworth.lunar.client.framework.feature.debug.fpsdebugmod.mixin+com.moonsworth.lunar.client.framework.feature.heightlimit+com.moonsworth.lunar.client.framework.feature.killsounds.mixin+com.moonsworth.lunar.client.framework.feature.minimap.mixin+com.moonsworth.lunar.client.framework.feature.mod.gui.nameplate+com.moonsworth.lunar.client.framework.feature.potioneffects+com.moonsworth.lunar.client.framework.feature.rewind.fishing+com.moonsworth.lunar.client.framework.feature.rewind.holograms+com.moonsworth.lunar.client.framework.feature.rewind.nameplate+com.moonsworth.lunar.client.framework.feature.tiertagger.mixin+com.moonsworth.lunar.client.framework.feature.waypoints+com.moonsworth.lunar.client.gui+com.moonsworth.lunar.client.guiRewindhandlers.nameplate+com.moonsworth.lunar.client.itemcounter	Minimap4	com/moonsworth/lunar/client/framework/feature/minimap/mixin/Minimap4.java
27	com.moonsworth.lunar.client.framework.feature.crosshair.mixin+com.moonsworth.lunar.client.framework.feature.debug.fpsdebugmod+com.moonsworth.lunar.client.framework.feature.debug.fpsdebugmod.mixin+com.moonsworth.lunar.client.framework.feature.heightlimit+com.moonsworth.lunar.client.framework.feature.killsounds.mixin+com.moonsworth.lunar.client.framework.feature.minimap.mixin+com.moonsworth.lunar.client.framework.feature.mod.gui.nameplate+com.moonsworth.lunar.client.framework.feature.potioneffects+com.moonsworth.lunar.client.framework.feature.rewind.fishing+com.moonsworth.lunar.client.framework.feature.rewind.holograms+com.moonsworth.lunar.client.framework.feature.rewind.nameplate+com.moonsworth.lunar.client.framework.feature.tiertagger.mixin+com.moonsworth.lunar.client.framework.feature.waypoints+com.moonsworth.lunar.client.gui+com.moonsworth.lunar.client.guiRewindhandlers.nameplate+com.moonsworth.lunar.client.itemcounter	Data2	com/moonsworth/lunar/client/framework/feature/mod/gui/nameplate/Nameplate3.java
27	com.moonsworth.lunar.client.framework.feature.crosshair.mixin+com.moonsworth.lunar.client.framework.feature.debug.fpsdebugmod+com.moonsworth.lunar.client.framework.feature.debug.fpsdebugmod.mixin+com.moonsworth.lunar.client.framework.feature.heightlimit+com.moonsworth.lunar.client.framework.feature.killsounds.mixin+com.moonsworth.lunar.client.framework.feature.minimap.mixin+com.moonsworth.lunar.client.framework.feature.mod.gui.nameplate+com.moonsworth.lunar.client.framework.feature.potioneffects+com.moonsworth.lunar.client.framework.feature.rewind.fishing+com.moonsworth.lunar.client.framework.feature.rewind.holograms+com.moonsworth.lunar.client.framework.feature.rewind.nameplate+com.moonsworth.lunar.client.framework.feature.tiertagger.mixin+com.moonsworth.lunar.client.framework.feature.waypoints+com.moonsworth.lunar.client.gui+com.moonsworth.lunar.client.guiRewindhandlers.nameplate+com.moonsworth.lunar.client.itemcounter	Nameplate2	com/moonsworth/lunar/client/framework/feature/mod/gui/nameplate/Nameplate2.java
27	com.moonsworth.lunar.client.framework.feature.crosshair.mixin+com.moonsworth.lunar.client.framework.feature.debug.fpsdebugmod+com.moonsworth.lunar.client.framework.feature.debug.fpsdebugmod.mixin+com.moonsworth.lunar.client.framework.feature.heightlimit+com.moonsworth.lunar.client.framework.feature.killsounds.mixin+com.moonsworth.lunar.client.framework.feature.minimap.mixin+com.moonsworth.lunar.client.framework.feature.mod.gui.nameplate+com.moonsworth.lunar.client.framework.feature.potioneffects+com.moonsworth.lunar.client.framework.feature.rewind.fishing+com.moonsworth.lunar.client.framework.feature.rewind.holograms+com.moonsworth.lunar.client.framework.feature.rewind.nameplate+com.moonsworth.lunar.client.framework.feature.tiertagger.mixin+com.moonsworth.lunar.client.framework.feature.waypoints+com.moonsworth.lunar.client.gui+com.moonsworth.lunar.client.guiRewindhandlers.nameplate+com.moonsworth.lunar.client.itemcounter	Nameplate3	com/moonsworth/lunar/client/framework/feature/mod/gui/nameplate/Nameplate3.java
27	com.moonsworth.lunar.client.framework.feature.crosshair.mixin+com.moonsworth.lunar.client.framework.feature.debug.fpsdebugmod+com.moonsworth.lunar.client.framework.feature.debug.fpsdebugmod.mixin+com.moonsworth.lunar.client.framework.feature.heightlimit+com.moonsworth.lunar.client.framework.feature.killsounds.mixin+com.moonsworth.lunar.client.framework.feature.minimap.mixin+com.moonsworth.lunar.client.framework.feature.mod.gui.nameplate+com.moonsworth.lunar.client.framework.feature.potioneffects+com.moonsworth.lunar.client.framework.feature.rewind.fishing+com.moonsworth.lunar.client.framework.feature.rewind.holograms+com.moonsworth.lunar.client.framework.feature.rewind.nameplate+com.moonsworth.lunar.client.framework.feature.tiertagger.mixin+com.moonsworth.lunar.client.framework.feature.waypoints+com.moonsworth.lunar.client.gui+com.moonsworth.lunar.client.guiRewindhandlers.nameplate+com.moonsworth.lunar.client.itemcounter	Potioneffects2	com/moonsworth/lunar/client/framework/feature/potioneffects/Potioneffects2.java
27	com.moonsworth.lunar.client.framework.feature.crosshair.mixin+com.moonsworth.lunar.client.framework.feature.debug.fpsdebugmod+com.moonsworth.lunar.client.framework.feature.debug.fpsdebugmod.mixin+com.moonsworth.lunar.client.framework.feature.heightlimit+com.moonsworth.lunar.client.framework.feature.killsounds.mixin+com.moonsworth.lunar.client.framework.feature.minimap.mixin+com.moonsworth.lunar.client.framework.feature.mod.gui.nameplate+com.moonsworth.lunar.client.framework.feature.potioneffects+com.moonsworth.lunar.client.framework.feature.rewind.fishing+com.moonsworth.lunar.client.framework.feature.rewind.holograms+com.moonsworth.lunar.client.framework.feature.rewind.nameplate+com.moonsworth.lunar.client.framework.feature.tiertagger.mixin+com.moonsworth.lunar.client.framework.feature.waypoints+com.moonsworth.lunar.client.gui+com.moonsworth.lunar.client.guiRewindhandlers.nameplate+com.moonsworth.lunar.client.itemcounter	Potioneffects3	com/moonsworth/lunar/client/framework/feature/potioneffects/Potioneffects3.java
27	com.moonsworth.lunar.client.framework.feature.crosshair.mixin+com.moonsworth.lunar.client.framework.feature.debug.fpsdebugmod+com.moonsworth.lunar.client.framework.feature.debug.fpsdebugmod.mixin+com.moonsworth.lunar.client.framework.feature.heightlimit+com.moonsworth.lunar.client.framework.feature.killsounds.mixin+com.moonsworth.lunar.client.framework.feature.minimap.mixin+com.moonsworth.lunar.client.framework.feature.mod.gui.nameplate+com.moonsworth.lunar.client.framework.feature.potioneffects+com.moonsworth.lunar.client.framework.feature.rewind.fishing+com.moonsworth.lunar.client.framework.feature.rewind.holograms+com.moonsworth.lunar.client.framework.feature.rewind.nameplate+com.moonsworth.lunar.client.framework.feature.tiertagger.mixin+com.moonsworth.lunar.client.framework.feature.waypoints+com.moonsworth.lunar.client.gui+com.moonsworth.lunar.client.guiRewindhandlers.nameplate+com.moonsworth.lunar.client.itemcounter	Potioneffects4	com/moonsworth/lunar/client/framework/feature/potioneffects/Potioneffects4.java
27	com.moonsworth.lunar.client.framework.feature.crosshair.mixin+com.moonsworth.lunar.client.framework.feature.debug.fpsdebugmod+com.moonsworth.lunar.client.framework.feature.debug.fpsdebugmod.mixin+com.moonsworth.lunar.client.framework.feature.heightlimit+com.moonsworth.lunar.client.framework.feature.killsounds.mixin+com.moonsworth.lunar.client.framework.feature.minimap.mixin+com.moonsworth.lunar.client.framework.feature.mod.gui.nameplate+com.moonsworth.lunar.client.framework.feature.potioneffects+com.moonsworth.lunar.client.framework.feature.rewind.fishing+com.moonsworth.lunar.client.framework.feature.rewind.holograms+com.moonsworth.lunar.client.framework.feature.rewind.nameplate+com.moonsworth.lunar.client.framework.feature.tiertagger.mixin+com.moonsworth.lunar.client.framework.feature.waypoints+com.moonsworth.lunar.client.gui+com.moonsworth.lunar.client.guiRewindhandlers.nameplate+com.moonsworth.lunar.client.itemcounter	Fishing2	com/moonsworth/lunar/client/framework/feature/rewind/fishing/Fishing2.java
27	com.moonsworth.lunar.client.framework.feature.crosshair.mixin+com.moonsworth.lunar.client.framework.feature.debug.fpsdebugmod+com.moonsworth.lunar.client.framework.feature.debug.fpsdebugmod.mixin+com.moonsworth.lunar.client.framework.feature.heightlimit+com.moonsworth.lunar.client.framework.feature.killsounds.mixin+com.moonsworth.lunar.client.framework.feature.minimap.mixin+com.moonsworth.lunar.client.framework.feature.mod.gui.nameplate+com.moonsworth.lunar.client.framework.feature.potioneffects+com.moonsworth.lunar.client.framework.feature.rewind.fishing+com.moonsworth.lunar.client.framework.feature.rewind.holograms+com.moonsworth.lunar.client.framework.feature.rewind.nameplate+com.moonsworth.lunar.client.framework.feature.tiertagger.mixin+com.moonsworth.lunar.client.framework.feature.waypoints+com.moonsworth.lunar.client.gui+com.moonsworth.lunar.client.guiRewindhandlers.nameplate+com.moonsworth.lunar.client.itemcounter	Fishing3	com/moonsworth/lunar/client/framework/feature/rewind/fishing/Fishing3.java
27	com.moonsworth.lunar.client.framework.feature.crosshair.mixin+com.moonsworth.lunar.client.framework.feature.debug.fpsdebugmod+com.moonsworth.lunar.client.framework.feature.debug.fpsdebugmod.mixin+com.moonsworth.lunar.client.framework.feature.heightlimit+com.moonsworth.lunar.client.framework.feature.killsounds.mixin+com.moonsworth.lunar.client.framework.feature.minimap.mixin+com.moonsworth.lunar.client.framework.feature.mod.gui.nameplate+com.moonsworth.lunar.client.framework.feature.potioneffects+com.moonsworth.lunar.client.framework.feature.rewind.fishing+com.moonsworth.lunar.client.framework.feature.rewind.holograms+com.moonsworth.lunar.client.framework.feature.rewind.nameplate+com.moonsworth.lunar.client.framework.feature.tiertagger.mixin+com.moonsworth.lunar.client.framework.feature.waypoints+com.moonsworth.lunar.client.gui+com.moonsworth.lunar.client.guiRewindhandlers.nameplate+com.moonsworth.lunar.client.itemcounter	Fishing4	com/moonsworth/lunar/client/framework/feature/rewind/fishing/Fishing4.java
27	com.moonsworth.lunar.client.framework.feature.crosshair.mixin+com.moonsworth.lunar.client.framework.feature.debug.fpsdebugmod+com.moonsworth.lunar.client.framework.feature.debug.fpsdebugmod.mixin+com.moonsworth.lunar.client.framework.feature.heightlimit+com.moonsworth.lunar.client.framework.feature.killsounds.mixin+com.moonsworth.lunar.client.framework.feature.minimap.mixin+com.moonsworth.lunar.client.framework.feature.mod.gui.nameplate+com.moonsworth.lunar.client.framework.feature.potioneffects+com.moonsworth.lunar.client.framework.feature.rewind.fishing+com.moonsworth.lunar.client.framework.feature.rewind.holograms+com.moonsworth.lunar.client.framework.feature.rewind.nameplate+com.moonsworth.lunar.client.framework.feature.tiertagger.mixin+com.moonsworth.lunar.client.framework.feature.waypoints+com.moonsworth.lunar.client.gui+com.moonsworth.lunar.client.guiRewindhandlers.nameplate+com.moonsworth.lunar.client.itemcounter	Holograms2	com/moonsworth/lunar/client/framework/feature/rewind/holograms/Holograms2.java
27	com.moonsworth.lunar.client.framework.feature.crosshair.mixin+com.moonsworth.lunar.client.framework.feature.debug.fpsdebugmod+com.moonsworth.lunar.client.framework.feature.debug.fpsdebugmod.mixin+com.moonsworth.lunar.client.framework.feature.heightlimit+com.moonsworth.lunar.client.framework.feature.killsounds.mixin+com.moonsworth.lunar.client.framework.feature.minimap.mixin+com.moonsworth.lunar.client.framework.feature.mod.gui.nameplate+com.moonsworth.lunar.client.framework.feature.potioneffects+com.moonsworth.lunar.client.framework.feature.rewind.fishing+com.moonsworth.lunar.client.framework.feature.rewind.holograms+com.moonsworth.lunar.client.framework.feature.rewind.nameplate+com.moonsworth.lunar.client.framework.feature.tiertagger.mixin+com.moonsworth.lunar.client.framework.feature.waypoints+com.moonsworth.lunar.client.gui+com.moonsworth.lunar.client.guiRewindhandlers.nameplate+com.moonsworth.lunar.client.itemcounter	Holograms3	com/moonsworth/lunar/client/framework/feature/rewind/holograms/Holograms3.java
27	com.moonsworth.lunar.client.framework.feature.crosshair.mixin+com.moonsworth.lunar.client.framework.feature.debug.fpsdebugmod+com.moonsworth.lunar.client.framework.feature.debug.fpsdebugmod.mixin+com.moonsworth.lunar.client.framework.feature.heightlimit+com.moonsworth.lunar.client.framework.feature.killsounds.mixin+com.moonsworth.lunar.client.framework.feature.minimap.mixin+com.moonsworth.lunar.client.framework.feature.mod.gui.nameplate+com.moonsworth.lunar.client.framework.feature.potioneffects+com.moonsworth.lunar.client.framework.feature.rewind.fishing+com.moonsworth.lunar.client.framework.feature.rewind.holograms+com.moonsworth.lunar.client.framework.feature.rewind.nameplate+com.moonsworth.lunar.client.framework.feature.tiertagger.mixin+com.moonsworth.lunar.client.framework.feature.waypoints+com.moonsworth.lunar.client.gui+com.moonsworth.lunar.client.guiRewindhandlers.nameplate+com.moonsworth.lunar.client.itemcounter	Holograms4	com/moonsworth/lunar/client/framework/feature/rewind/holograms/Holograms4.java
27	com.moonsworth.lunar.client.framework.feature.crosshair.mixin+com.moonsworth.lunar.client.framework.feature.debug.fpsdebugmod+com.moonsworth.lunar.client.framework.feature.debug.fpsdebugmod.mixin+com.moonsworth.lunar.client.framework.feature.heightlimit+com.moonsworth.lunar.client.framework.feature.killsounds.mixin+com.moonsworth.lunar.client.framework.feature.minimap.mixin+com.moonsworth.lunar.client.framework.feature.mod.gui.nameplate+com.moonsworth.lunar.client.framework.feature.potioneffects+com.moonsworth.lunar.client.framework.feature.rewind.fishing+com.moonsworth.lunar.client.framework.feature.rewind.holograms+com.moonsworth.lunar.client.framework.feature.rewind.nameplate+com.moonsworth.lunar.client.framework.feature.tiertagger.mixin+com.moonsworth.lunar.client.framework.feature.waypoints+com.moonsworth.lunar.client.gui+com.moonsworth.lunar.client.guiRewindhandlers.nameplate+com.moonsworth.lunar.client.itemcounter	Nameplate2	com/moonsworth/lunar/client/framework/feature/rewind/nameplate/Nameplate2.java
27	com.moonsworth.lunar.client.framework.feature.crosshair.mixin+com.moonsworth.lunar.client.framework.feature.debug.fpsdebugmod+com.moonsworth.lunar.client.framework.feature.debug.fpsdebugmod.mixin+com.moonsworth.lunar.client.framework.feature.heightlimit+com.moonsworth.lunar.client.framework.feature.killsounds.mixin+com.moonsworth.lunar.client.framework.feature.minimap.mixin+com.moonsworth.lunar.client.framework.feature.mod.gui.nameplate+com.moonsworth.lunar.client.framework.feature.potioneffects+com.moonsworth.lunar.client.framework.feature.rewind.fishing+com.moonsworth.lunar.client.framework.feature.rewind.holograms+com.moonsworth.lunar.client.framework.feature.rewind.nameplate+com.moonsworth.lunar.client.framework.feature.tiertagger.mixin+com.moonsworth.lunar.client.framework.feature.waypoints+com.moonsworth.lunar.client.gui+com.moonsworth.lunar.client.guiRewindhandlers.nameplate+com.moonsworth.lunar.client.itemcounter	Nameplate3	com/moonsworth/lunar/client/framework/feature/rewind/nameplate/Nameplate3.java
27	com.moonsworth.lunar.client.framework.feature.crosshair.mixin+com.moonsworth.lunar.client.framework.feature.debug.fpsdebugmod+com.moonsworth.lunar.client.framework.feature.debug.fpsdebugmod.mixin+com.moonsworth.lunar.client.framework.feature.heightlimit+com.moonsworth.lunar.client.framework.feature.killsounds.mixin+com.moonsworth.lunar.client.framework.feature.minimap.mixin+com.moonsworth.lunar.client.framework.feature.mod.gui.nameplate+com.moonsworth.lunar.client.framework.feature.potioneffects+com.moonsworth.lunar.client.framework.feature.rewind.fishing+com.moonsworth.lunar.client.framework.feature.rewind.holograms+com.moonsworth.lunar.client.framework.feature.rewind.nameplate+com.moonsworth.lunar.client.framework.feature.tiertagger.mixin+com.moonsworth.lunar.client.framework.feature.waypoints+com.moonsworth.lunar.client.gui+com.moonsworth.lunar.client.guiRewindhandlers.nameplate+com.moonsworth.lunar.client.itemcounter	Nameplate_2	com/moonsworth/lunar/client/framework/feature/rewind/nameplate/Nameplate_2.java
27	com.moonsworth.lunar.client.framework.feature.crosshair.mixin+com.moonsworth.lunar.client.framework.feature.debug.fpsdebugmod+com.moonsworth.lunar.client.framework.feature.debug.fpsdebugmod.mixin+com.moonsworth.lunar.client.framework.feature.heightlimit+com.moonsworth.lunar.client.framework.feature.killsounds.mixin+com.moonsworth.lunar.client.framework.feature.minimap.mixin+com.moonsworth.lunar.client.framework.feature.mod.gui.nameplate+com.moonsworth.lunar.client.framework.feature.potioneffects+com.moonsworth.lunar.client.framework.feature.rewind.fishing+com.moonsworth.lunar.client.framework.feature.rewind.holograms+com.moonsworth.lunar.client.framework.feature.rewind.nameplate+com.moonsworth.lunar.client.framework.feature.tiertagger.mixin+com.moonsworth.lunar.client.framework.feature.waypoints+com.moonsworth.lunar.client.gui+com.moonsworth.lunar.client.guiRewindhandlers.nameplate+com.moonsworth.lunar.client.itemcounter	Gui2Extension2	com/moonsworth/lunar/client/framework/feature/tiertagger/mixin/Gui2Extension2.java
27	com.moonsworth.lunar.client.framework.feature.crosshair.mixin+com.moonsworth.lunar.client.framework.feature.debug.fpsdebugmod+com.moonsworth.lunar.client.framework.feature.debug.fpsdebugmod.mixin+com.moonsworth.lunar.client.framework.feature.heightlimit+com.moonsworth.lunar.client.framework.feature.killsounds.mixin+com.moonsworth.lunar.client.framework.feature.minimap.mixin+com.moonsworth.lunar.client.framework.feature.mod.gui.nameplate+com.moonsworth.lunar.client.framework.feature.potioneffects+com.moonsworth.lunar.client.framework.feature.rewind.fishing+com.moonsworth.lunar.client.framework.feature.rewind.holograms+com.moonsworth.lunar.client.framework.feature.rewind.nameplate+com.moonsworth.lunar.client.framework.feature.tiertagger.mixin+com.moonsworth.lunar.client.framework.feature.waypoints+com.moonsworth.lunar.client.gui+com.moonsworth.lunar.client.guiRewindhandlers.nameplate+com.moonsworth.lunar.client.itemcounter	LightingExtension4952	com/moonsworth/lunar/client/framework/feature/tiertagger/mixin/LightingExtension4952.java
27	com.moonsworth.lunar.client.framework.feature.crosshair.mixin+com.moonsworth.lunar.client.framework.feature.debug.fpsdebugmod+com.moonsworth.lunar.client.framework.feature.debug.fpsdebugmod.mixin+com.moonsworth.lunar.client.framework.feature.heightlimit+com.moonsworth.lunar.client.framework.feature.killsounds.mixin+com.moonsworth.lunar.client.framework.feature.minimap.mixin+com.moonsworth.lunar.client.framework.feature.mod.gui.nameplate+com.moonsworth.lunar.client.framework.feature.potioneffects+com.moonsworth.lunar.client.framework.feature.rewind.fishing+com.moonsworth.lunar.client.framework.feature.rewind.holograms+com.moonsworth.lunar.client.framework.feature.rewind.nameplate+com.moonsworth.lunar.client.framework.feature.tiertagger.mixin+com.moonsworth.lunar.client.framework.feature.waypoints+com.moonsworth.lunar.client.gui+com.moonsworth.lunar.client.guiRewindhandlers.nameplate+com.moonsworth.lunar.client.itemcounter	LightingExtension49522	com/moonsworth/lunar/client/framework/feature/tiertagger/mixin/LightingExtension49522.java
27	com.moonsworth.lunar.client.framework.feature.crosshair.mixin+com.moonsworth.lunar.client.framework.feature.debug.fpsdebugmod+com.moonsworth.lunar.client.framework.feature.debug.fpsdebugmod.mixin+com.moonsworth.lunar.client.framework.feature.heightlimit+com.moonsworth.lunar.client.framework.feature.killsounds.mixin+com.moonsworth.lunar.client.framework.feature.minimap.mixin+com.moonsworth.lunar.client.framework.feature.mod.gui.nameplate+com.moonsworth.lunar.client.framework.feature.potioneffects+com.moonsworth.lunar.client.framework.feature.rewind.fishing+com.moonsworth.lunar.client.framework.feature.rewind.holograms+com.moonsworth.lunar.client.framework.feature.rewind.nameplate+com.moonsworth.lunar.client.framework.feature.tiertagger.mixin+com.moonsworth.lunar.client.framework.feature.waypoints+com.moonsworth.lunar.client.gui+com.moonsworth.lunar.client.guiRewindhandlers.nameplate+com.moonsworth.lunar.client.itemcounter	Gui2Loader_2	com/moonsworth/lunar/client/framework/feature/waypoints/Gui2Loader_2.java
27	com.moonsworth.lunar.client.framework.feature.crosshair.mixin+com.moonsworth.lunar.client.framework.feature.debug.fpsdebugmod+com.moonsworth.lunar.client.framework.feature.debug.fpsdebugmod.mixin+com.moonsworth.lunar.client.framework.feature.heightlimit+com.moonsworth.lunar.client.framework.feature.killsounds.mixin+com.moonsworth.lunar.client.framework.feature.minimap.mixin+com.moonsworth.lunar.client.framework.feature.mod.gui.nameplate+com.moonsworth.lunar.client.framework.feature.potioneffects+com.moonsworth.lunar.client.framework.feature.rewind.fishing+com.moonsworth.lunar.client.framework.feature.rewind.holograms+com.moonsworth.lunar.client.framework.feature.rewind.nameplate+com.moonsworth.lunar.client.framework.feature.tiertagger.mixin+com.moonsworth.lunar.client.framework.feature.waypoints+com.moonsworth.lunar.client.gui+com.moonsworth.lunar.client.guiRewindhandlers.nameplate+com.moonsworth.lunar.client.itemcounter	GuiHandler2	com/moonsworth/lunar/client/framework/feature/waypoints/GuiHandler2.java
27	com.moonsworth.lunar.client.framework.feature.crosshair.mixin+com.moonsworth.lunar.client.framework.feature.debug.fpsdebugmod+com.moonsworth.lunar.client.framework.feature.debug.fpsdebugmod.mixin+com.moonsworth.lunar.client.framework.feature.heightlimit+com.moonsworth.lunar.client.framework.feature.killsounds.mixin+com.moonsworth.lunar.client.framework.feature.minimap.mixin+com.moonsworth.lunar.client.framework.feature.mod.gui.nameplate+com.moonsworth.lunar.client.framework.feature.potioneffects+com.moonsworth.lunar.client.framework.feature.rewind.fishing+com.moonsworth.lunar.client.framework.feature.rewind.holograms+com.moonsworth.lunar.client.framework.feature.rewind.nameplate+com.moonsworth.lunar.client.framework.feature.tiertagger.mixin+com.moonsworth.lunar.client.framework.feature.waypoints+com.moonsworth.lunar.client.gui+com.moonsworth.lunar.client.guiRewindhandlers.nameplate+com.moonsworth.lunar.client.itemcounter	Waypoints2	com/moonsworth/lunar/client/framework/feature/waypoints/Waypoints2.java
27	com.moonsworth.lunar.client.framework.feature.crosshair.mixin+com.moonsworth.lunar.client.framework.feature.debug.fpsdebugmod+com.moonsworth.lunar.client.framework.feature.debug.fpsdebugmod.mixin+com.moonsworth.lunar.client.framework.feature.heightlimit+com.moonsworth.lunar.client.framework.feature.killsounds.mixin+com.moonsworth.lunar.client.framework.feature.minimap.mixin+com.moonsworth.lunar.client.framework.feature.mod.gui.nameplate+com.moonsworth.lunar.client.framework.feature.potioneffects+com.moonsworth.lunar.client.framework.feature.rewind.fishing+com.moonsworth.lunar.client.framework.feature.rewind.holograms+com.moonsworth.lunar.client.framework.feature.rewind.nameplate+com.moonsworth.lunar.client.framework.feature.tiertagger.mixin+com.moonsworth.lunar.client.framework.feature.waypoints+com.moonsworth.lunar.client.gui+com.moonsworth.lunar.client.guiRewindhandlers.nameplate+com.moonsworth.lunar.client.itemcounter	Type2	com/moonsworth/lunar/client/gui/HostWorldScreen.java
27	com.moonsworth.lunar.client.framework.feature.crosshair.mixin+com.moonsworth.lunar.client.framework.feature.debug.fpsdebugmod+com.moonsworth.lunar.client.framework.feature.debug.fpsdebugmod.mixin+com.moonsworth.lunar.client.framework.feature.heightlimit+com.moonsworth.lunar.client.framework.feature.killsounds.mixin+com.moonsworth.lunar.client.framework.feature.minimap.mixin+com.moonsworth.lunar.client.framework.feature.mod.gui.nameplate+com.moonsworth.lunar.client.framework.feature.potioneffects+com.moonsworth.lunar.client.framework.feature.rewind.fishing+com.moonsworth.lunar.client.framework.feature.rewind.holograms+com.moonsworth.lunar.client.framework.feature.rewind.nameplate+com.moonsworth.lunar.client.framework.feature.tiertagger.mixin+com.moonsworth.lunar.client.framework.feature.waypoints+com.moonsworth.lunar.client.gui+com.moonsworth.lunar.client.guiRewindhandlers.nameplate+com.moonsworth.lunar.client.itemcounter	Type3	com/moonsworth/lunar/client/gui/HostWorldScreen.java
27	com.moonsworth.lunar.client.framework.feature.crosshair.mixin+com.moonsworth.lunar.client.framework.feature.debug.fpsdebugmod+com.moonsworth.lunar.client.framework.feature.debug.fpsdebugmod.mixin+com.moonsworth.lunar.client.framework.feature.heightlimit+com.moonsworth.lunar.client.framework.feature.killsounds.mixin+com.moonsworth.lunar.client.framework.feature.minimap.mixin+com.moonsworth.lunar.client.framework.feature.mod.gui.nameplate+com.moonsworth.lunar.client.framework.feature.potioneffects+com.moonsworth.lunar.client.framework.feature.rewind.fishing+com.moonsworth.lunar.client.framework.feature.rewind.holograms+com.moonsworth.lunar.client.framework.feature.rewind.nameplate+com.moonsworth.lunar.client.framework.feature.tiertagger.mixin+com.moonsworth.lunar.client.framework.feature.waypoints+com.moonsworth.lunar.client.gui+com.moonsworth.lunar.client.guiRewindhandlers.nameplate+com.moonsworth.lunar.client.itemcounter	Type4	com/moonsworth/lunar/client/gui/HostWorldScreen.java
27	com.moonsworth.lunar.client.framework.feature.crosshair.mixin+com.moonsworth.lunar.client.framework.feature.debug.fpsdebugmod+com.moonsworth.lunar.client.framework.feature.debug.fpsdebugmod.mixin+com.moonsworth.lunar.client.framework.feature.heightlimit+com.moonsworth.lunar.client.framework.feature.killsounds.mixin+com.moonsworth.lunar.client.framework.feature.minimap.mixin+com.moonsworth.lunar.client.framework.feature.mod.gui.nameplate+com.moonsworth.lunar.client.framework.feature.potioneffects+com.moonsworth.lunar.client.framework.feature.rewind.fishing+com.moonsworth.lunar.client.framework.feature.rewind.holograms+com.moonsworth.lunar.client.framework.feature.rewind.nameplate+com.moonsworth.lunar.client.framework.feature.tiertagger.mixin+com.moonsworth.lunar.client.framework.feature.waypoints+com.moonsworth.lunar.client.gui+com.moonsworth.lunar.client.guiRewindhandlers.nameplate+com.moonsworth.lunar.client.itemcounter	Data9	com/moonsworth/lunar/client/guiRewindhandlers/nameplate/Nameplate.java
27	com.moonsworth.lunar.client.framework.feature.crosshair.mixin+com.moonsworth.lunar.client.framework.feature.debug.fpsdebugmod+com.moonsworth.lunar.client.framework.feature.debug.fpsdebugmod.mixin+com.moonsworth.lunar.client.framework.feature.heightlimit+com.moonsworth.lunar.client.framework.feature.killsounds.mixin+com.moonsworth.lunar.client.framework.feature.minimap.mixin+com.moonsworth.lunar.client.framework.feature.mod.gui.nameplate+com.moonsworth.lunar.client.framework.feature.potioneffects+com.moonsworth.lunar.client.framework.feature.rewind.fishing+com.moonsworth.lunar.client.framework.feature.rewind.holograms+com.moonsworth.lunar.client.framework.feature.rewind.nameplate+com.moonsworth.lunar.client.framework.feature.tiertagger.mixin+com.moonsworth.lunar.client.framework.feature.waypoints+com.moonsworth.lunar.client.gui+com.moonsworth.lunar.client.guiRewindhandlers.nameplate+com.moonsworth.lunar.client.itemcounter	Nameplate2	com/moonsworth/lunar/client/guiRewindhandlers/nameplate/Nameplate2.java
27	com.moonsworth.lunar.client.framework.feature.crosshair.mixin+com.moonsworth.lunar.client.framework.feature.debug.fpsdebugmod+com.moonsworth.lunar.client.framework.feature.debug.fpsdebugmod.mixin+com.moonsworth.lunar.client.framework.feature.heightlimit+com.moonsworth.lunar.client.framework.feature.killsounds.mixin+com.moonsworth.lunar.client.framework.feature.minimap.mixin+com.moonsworth.lunar.client.framework.feature.mod.gui.nameplate+com.moonsworth.lunar.client.framework.feature.potioneffects+com.moonsworth.lunar.client.framework.feature.rewind.fishing+com.moonsworth.lunar.client.framework.feature.rewind.holograms+com.moonsworth.lunar.client.framework.feature.rewind.nameplate+com.moonsworth.lunar.client.framework.feature.tiertagger.mixin+com.moonsworth.lunar.client.framework.feature.waypoints+com.moonsworth.lunar.client.gui+com.moonsworth.lunar.client.guiRewindhandlers.nameplate+com.moonsworth.lunar.client.itemcounter	Nameplate3	com/moonsworth/lunar/client/guiRewindhandlers/nameplate/Nameplate3.java
27	com.moonsworth.lunar.client.framework.feature.crosshair.mixin+com.moonsworth.lunar.client.framework.feature.debug.fpsdebugmod+com.moonsworth.lunar.client.framework.feature.debug.fpsdebugmod.mixin+com.moonsworth.lunar.client.framework.feature.heightlimit+com.moonsworth.lunar.client.framework.feature.killsounds.mixin+com.moonsworth.lunar.client.framework.feature.minimap.mixin+com.moonsworth.lunar.client.framework.feature.mod.gui.nameplate+com.moonsworth.lunar.client.framework.feature.potioneffects+com.moonsworth.lunar.client.framework.feature.rewind.fishing+com.moonsworth.lunar.client.framework.feature.rewind.holograms+com.moonsworth.lunar.client.framework.feature.rewind.nameplate+com.moonsworth.lunar.client.framework.feature.tiertagger.mixin+com.moonsworth.lunar.client.framework.feature.waypoints+com.moonsworth.lunar.client.gui+com.moonsworth.lunar.client.guiRewindhandlers.nameplate+com.moonsworth.lunar.client.itemcounter	Data2	com/moonsworth/lunar/client/itemcounter/Itemcounter.java
27	com.moonsworth.lunar.client.framework.feature.crosshair.mixin+com.moonsworth.lunar.client.framework.feature.debug.fpsdebugmod+com.moonsworth.lunar.client.framework.feature.debug.fpsdebugmod.mixin+com.moonsworth.lunar.client.framework.feature.heightlimit+com.moonsworth.lunar.client.framework.feature.killsounds.mixin+com.moonsworth.lunar.client.framework.feature.minimap.mixin+com.moonsworth.lunar.client.framework.feature.mod.gui.nameplate+com.moonsworth.lunar.client.framework.feature.potioneffects+com.moonsworth.lunar.client.framework.feature.rewind.fishing+com.moonsworth.lunar.client.framework.feature.rewind.holograms+com.moonsworth.lunar.client.framework.feature.rewind.nameplate+com.moonsworth.lunar.client.framework.feature.tiertagger.mixin+com.moonsworth.lunar.client.framework.feature.waypoints+com.moonsworth.lunar.client.gui+com.moonsworth.lunar.client.guiRewindhandlers.nameplate+com.moonsworth.lunar.client.itemcounter	Data3	com/moonsworth/lunar/client/itemcounter/Itemcounter.java
27	com.moonsworth.lunar.client.framework.feature.crosshair.mixin+com.moonsworth.lunar.client.framework.feature.debug.fpsdebugmod+com.moonsworth.lunar.client.framework.feature.debug.fpsdebugmod.mixin+com.moonsworth.lunar.client.framework.feature.heightlimit+com.moonsworth.lunar.client.framework.feature.killsounds.mixin+com.moonsworth.lunar.client.framework.feature.minimap.mixin+com.moonsworth.lunar.client.framework.feature.mod.gui.nameplate+com.moonsworth.lunar.client.framework.feature.potioneffects+com.moonsworth.lunar.client.framework.feature.rewind.fishing+com.moonsworth.lunar.client.framework.feature.rewind.holograms+com.moonsworth.lunar.client.framework.feature.rewind.nameplate+com.moonsworth.lunar.client.framework.feature.tiertagger.mixin+com.moonsworth.lunar.client.framework.feature.waypoints+com.moonsworth.lunar.client.gui+com.moonsworth.lunar.client.guiRewindhandlers.nameplate+com.moonsworth.lunar.client.itemcounter	Type4	com/moonsworth/lunar/client/itemcounter/Itemcounter.java
28	com.moonsworth.lunar.client.render.shader+com.moonsworth.lunar.client.util.gui+com.moonsworth.lunar.client.util.mixin+com.moonsworth.lunar.files.mixin+com.moonsworth.lunar.legacy.wrapper.util+com.moonsworth.lunar.mixin.mixin+net.minecraft.util+com.moonsworth.lunar.bridge.fog+com.moonsworth.lunar.client.calculator+com.moonsworth.lunar.client.calculator.mixin+com.moonsworth.lunar.client.cosmetics.gecko+com.moonsworth.lunar.client.driver+com.moonsworth.lunar.client.event.mixin.chat+com.moonsworth.lunar.client.feature+com.moonsworth.lunar.client.fishing+com.moonsworth.lunar.client.framework+com.moonsworth.lunar.client.framework.feature.attackindicator.mixin+com.moonsworth.lunar.client.framework.feature.crosshair+com.moonsworth.lunar.client.framework.feature.crosshair.crosshairelytra+com.moonsworth.lunar.client.framework.feature.directionhud+com.moonsworth.lunar.client.framework.feature.markers.mixin	Data2	com/moonsworth/lunar/client/render/shader/ShaderKey.java
28	com.moonsworth.lunar.client.render.shader+com.moonsworth.lunar.client.util.gui+com.moonsworth.lunar.client.util.mixin+com.moonsworth.lunar.files.mixin+com.moonsworth.lunar.legacy.wrapper.util+com.moonsworth.lunar.mixin.mixin+net.minecraft.util+com.moonsworth.lunar.bridge.fog+com.moonsworth.lunar.client.calculator+com.moonsworth.lunar.client.calculator.mixin+com.moonsworth.lunar.client.cosmetics.gecko+com.moonsworth.lunar.client.driver+com.moonsworth.lunar.client.event.mixin.chat+com.moonsworth.lunar.client.feature+com.moonsworth.lunar.client.fishing+com.moonsworth.lunar.client.framework+com.moonsworth.lunar.client.framework.feature.attackindicator.mixin+com.moonsworth.lunar.client.framework.feature.crosshair+com.moonsworth.lunar.client.framework.feature.crosshair.crosshairelytra+com.moonsworth.lunar.client.framework.feature.directionhud+com.moonsworth.lunar.client.framework.feature.markers.mixin	Data2	com/moonsworth/lunar/client/render/shader/ShaderUniform.java
28	com.moonsworth.lunar.client.render.shader+com.moonsworth.lunar.client.util.gui+com.moonsworth.lunar.client.util.mixin+com.moonsworth.lunar.files.mixin+com.moonsworth.lunar.legacy.wrapper.util+com.moonsworth.lunar.mixin.mixin+net.minecraft.util+com.moonsworth.lunar.bridge.fog+com.moonsworth.lunar.client.calculator+com.moonsworth.lunar.client.calculator.mixin+com.moonsworth.lunar.client.cosmetics.gecko+com.moonsworth.lunar.client.driver+com.moonsworth.lunar.client.event.mixin.chat+com.moonsworth.lunar.client.feature+com.moonsworth.lunar.client.fishing+com.moonsworth.lunar.client.framework+com.moonsworth.lunar.client.framework.feature.attackindicator.mixin+com.moonsworth.lunar.client.framework.feature.crosshair+com.moonsworth.lunar.client.framework.feature.crosshair.crosshairelytra+com.moonsworth.lunar.client.framework.feature.directionhud+com.moonsworth.lunar.client.framework.feature.markers.mixin	Data3	com/moonsworth/lunar/client/render/shader/ShaderKey.java
28	com.moonsworth.lunar.client.render.shader+com.moonsworth.lunar.client.util.gui+com.moonsworth.lunar.client.util.mixin+com.moonsworth.lunar.files.mixin+com.moonsworth.lunar.legacy.wrapper.util+com.moonsworth.lunar.mixin.mixin+net.minecraft.util+com.moonsworth.lunar.bridge.fog+com.moonsworth.lunar.client.calculator+com.moonsworth.lunar.client.calculator.mixin+com.moonsworth.lunar.client.cosmetics.gecko+com.moonsworth.lunar.client.driver+com.moonsworth.lunar.client.event.mixin.chat+com.moonsworth.lunar.client.feature+com.moonsworth.lunar.client.fishing+com.moonsworth.lunar.client.framework+com.moonsworth.lunar.client.framework.feature.attackindicator.mixin+com.moonsworth.lunar.client.framework.feature.crosshair+com.moonsworth.lunar.client.framework.feature.crosshair.crosshairelytra+com.moonsworth.lunar.client.framework.feature.directionhud+com.moonsworth.lunar.client.framework.feature.markers.mixin	ListExtension2	com/moonsworth/lunar/client/util/gui/ListExtension2.java
28	com.moonsworth.lunar.client.render.shader+com.moonsworth.lunar.client.util.gui+com.moonsworth.lunar.client.util.mixin+com.moonsworth.lunar.files.mixin+com.moonsworth.lunar.legacy.wrapper.util+com.moonsworth.lunar.mixin.mixin+net.minecraft.util+com.moonsworth.lunar.bridge.fog+com.moonsworth.lunar.client.calculator+com.moonsworth.lunar.client.calculator.mixin+com.moonsworth.lunar.client.cosmetics.gecko+com.moonsworth.lunar.client.driver+com.moonsworth.lunar.client.event.mixin.chat+com.moonsworth.lunar.client.feature+com.moonsworth.lunar.client.fishing+com.moonsworth.lunar.client.framework+com.moonsworth.lunar.client.framework.feature.attackindicator.mixin+com.moonsworth.lunar.client.framework.feature.crosshair+com.moonsworth.lunar.client.framework.feature.crosshair.crosshairelytra+com.moonsworth.lunar.client.framework.feature.directionhud+com.moonsworth.lunar.client.framework.feature.markers.mixin	ListExtension22	com/moonsworth/lunar/client/util/gui/ListExtension22.java
28	com.moonsworth.lunar.client.render.shader+com.moonsworth.lunar.client.util.gui+com.moonsworth.lunar.client.util.mixin+com.moonsworth.lunar.files.mixin+com.moonsworth.lunar.legacy.wrapper.util+com.moonsworth.lunar.mixin.mixin+net.minecraft.util+com.moonsworth.lunar.bridge.fog+com.moonsworth.lunar.client.calculator+com.moonsworth.lunar.client.calculator.mixin+com.moonsworth.lunar.client.cosmetics.gecko+com.moonsworth.lunar.client.driver+com.moonsworth.lunar.client.event.mixin.chat+com.moonsworth.lunar.client.feature+com.moonsworth.lunar.client.fishing+com.moonsworth.lunar.client.framework+com.moonsworth.lunar.client.framework.feature.attackindicator.mixin+com.moonsworth.lunar.client.framework.feature.crosshair+com.moonsworth.lunar.client.framework.feature.crosshair.crosshairelytra+com.moonsworth.lunar.client.framework.feature.directionhud+com.moonsworth.lunar.client.framework.feature.markers.mixin	ListExtension3	com/moonsworth/lunar/client/util/gui/ListExtension3.java
28	com.moonsworth.lunar.client.render.shader+com.moonsworth.lunar.client.util.gui+com.moonsworth.lunar.client.util.mixin+com.moonsworth.lunar.files.mixin+com.moonsworth.lunar.legacy.wrapper.util+com.moonsworth.lunar.mixin.mixin+net.minecraft.util+com.moonsworth.lunar.bridge.fog+com.moonsworth.lunar.client.calculator+com.moonsworth.lunar.client.calculator.mixin+com.moonsworth.lunar.client.cosmetics.gecko+com.moonsworth.lunar.client.driver+com.moonsworth.lunar.client.event.mixin.chat+com.moonsworth.lunar.client.feature+com.moonsworth.lunar.client.fishing+com.moonsworth.lunar.client.framework+com.moonsworth.lunar.client.framework.feature.attackindicator.mixin+com.moonsworth.lunar.client.framework.feature.crosshair+com.moonsworth.lunar.client.framework.feature.crosshair.crosshairelytra+com.moonsworth.lunar.client.framework.feature.directionhud+com.moonsworth.lunar.client.framework.feature.markers.mixin	Data2	com/moonsworth/lunar/client/util/mixin/MixinHelper22.java
28	com.moonsworth.lunar.client.render.shader+com.moonsworth.lunar.client.util.gui+com.moonsworth.lunar.client.util.mixin+com.moonsworth.lunar.files.mixin+com.moonsworth.lunar.legacy.wrapper.util+com.moonsworth.lunar.mixin.mixin+net.minecraft.util+com.moonsworth.lunar.bridge.fog+com.moonsworth.lunar.client.calculator+com.moonsworth.lunar.client.calculator.mixin+com.moonsworth.lunar.client.cosmetics.gecko+com.moonsworth.lunar.client.driver+com.moonsworth.lunar.client.event.mixin.chat+com.moonsworth.lunar.client.feature+com.moonsworth.lunar.client.fishing+com.moonsworth.lunar.client.framework+com.moonsworth.lunar.client.framework.feature.attackindicator.mixin+com.moonsworth.lunar.client.framework.feature.crosshair+com.moonsworth.lunar.client.framework.feature.crosshair.crosshairelytra+com.moonsworth.lunar.client.framework.feature.directionhud+com.moonsworth.lunar.client.framework.feature.markers.mixin	MixinHelper2	com/moonsworth/lunar/client/util/mixin/MixinHelper2.java
28	com.moonsworth.lunar.client.render.shader+com.moonsworth.lunar.client.util.gui+com.moonsworth.lunar.client.util.mixin+com.moonsworth.lunar.files.mixin+com.moonsworth.lunar.legacy.wrapper.util+com.moonsworth.lunar.mixin.mixin+net.minecraft.util+com.moonsworth.lunar.bridge.fog+com.moonsworth.lunar.client.calculator+com.moonsworth.lunar.client.calculator.mixin+com.moonsworth.lunar.client.cosmetics.gecko+com.moonsworth.lunar.client.driver+com.moonsworth.lunar.client.event.mixin.chat+com.moonsworth.lunar.client.feature+com.moonsworth.lunar.client.fishing+com.moonsworth.lunar.client.framework+com.moonsworth.lunar.client.framework.feature.attackindicator.mixin+com.moonsworth.lunar.client.framework.feature.crosshair+com.moonsworth.lunar.client.framework.feature.crosshair.crosshairelytra+com.moonsworth.lunar.client.framework.feature.directionhud+com.moonsworth.lunar.client.framework.feature.markers.mixin	MixinHelper22	com/moonsworth/lunar/client/util/mixin/MixinHelper22.java
28	com.moonsworth.lunar.client.render.shader+com.moonsworth.lunar.client.util.gui+com.moonsworth.lunar.client.util.mixin+com.moonsworth.lunar.files.mixin+com.moonsworth.lunar.legacy.wrapper.util+com.moonsworth.lunar.mixin.mixin+net.minecraft.util+com.moonsworth.lunar.bridge.fog+com.moonsworth.lunar.client.calculator+com.moonsworth.lunar.client.calculator.mixin+com.moonsworth.lunar.client.cosmetics.gecko+com.moonsworth.lunar.client.driver+com.moonsworth.lunar.client.event.mixin.chat+com.moonsworth.lunar.client.feature+com.moonsworth.lunar.client.fishing+com.moonsworth.lunar.client.framework+com.moonsworth.lunar.client.framework.feature.attackindicator.mixin+com.moonsworth.lunar.client.framework.feature.crosshair+com.moonsworth.lunar.client.framework.feature.crosshair.crosshairelytra+com.moonsworth.lunar.client.framework.feature.directionhud+com.moonsworth.lunar.client.framework.feature.markers.mixin	Files2	com/moonsworth/lunar/files/mixin/Files2.java
28	com.moonsworth.lunar.client.render.shader+com.moonsworth.lunar.client.util.gui+com.moonsworth.lunar.client.util.mixin+com.moonsworth.lunar.files.mixin+com.moonsworth.lunar.legacy.wrapper.util+com.moonsworth.lunar.mixin.mixin+net.minecraft.util+com.moonsworth.lunar.bridge.fog+com.moonsworth.lunar.client.calculator+com.moonsworth.lunar.client.calculator.mixin+com.moonsworth.lunar.client.cosmetics.gecko+com.moonsworth.lunar.client.driver+com.moonsworth.lunar.client.event.mixin.chat+com.moonsworth.lunar.client.feature+com.moonsworth.lunar.client.fishing+com.moonsworth.lunar.client.framework+com.moonsworth.lunar.client.framework.feature.attackindicator.mixin+com.moonsworth.lunar.client.framework.feature.crosshair+com.moonsworth.lunar.client.framework.feature.crosshair.crosshairelytra+com.moonsworth.lunar.client.framework.feature.directionhud+com.moonsworth.lunar.client.framework.feature.markers.mixin	Files3	com/moonsworth/lunar/files/mixin/Files3.java
28	com.moonsworth.lunar.client.render.shader+com.moonsworth.lunar.client.util.gui+com.moonsworth.lunar.client.util.mixin+com.moonsworth.lunar.files.mixin+com.moonsworth.lunar.legacy.wrapper.util+com.moonsworth.lunar.mixin.mixin+net.minecraft.util+com.moonsworth.lunar.bridge.fog+com.moonsworth.lunar.client.calculator+com.moonsworth.lunar.client.calculator.mixin+com.moonsworth.lunar.client.cosmetics.gecko+com.moonsworth.lunar.client.driver+com.moonsworth.lunar.client.event.mixin.chat+com.moonsworth.lunar.client.feature+com.moonsworth.lunar.client.fishing+com.moonsworth.lunar.client.framework+com.moonsworth.lunar.client.framework.feature.attackindicator.mixin+com.moonsworth.lunar.client.framework.feature.crosshair+com.moonsworth.lunar.client.framework.feature.crosshair.crosshairelytra+com.moonsworth.lunar.client.framework.feature.directionhud+com.moonsworth.lunar.client.framework.feature.markers.mixin	Files4	com/moonsworth/lunar/files/mixin/Files4.java
28	com.moonsworth.lunar.client.render.shader+com.moonsworth.lunar.client.util.gui+com.moonsworth.lunar.client.util.mixin+com.moonsworth.lunar.files.mixin+com.moonsworth.lunar.legacy.wrapper.util+com.moonsworth.lunar.mixin.mixin+net.minecraft.util+com.moonsworth.lunar.bridge.fog+com.moonsworth.lunar.client.calculator+com.moonsworth.lunar.client.calculator.mixin+com.moonsworth.lunar.client.cosmetics.gecko+com.moonsworth.lunar.client.driver+com.moonsworth.lunar.client.event.mixin.chat+com.moonsworth.lunar.client.feature+com.moonsworth.lunar.client.fishing+com.moonsworth.lunar.client.framework+com.moonsworth.lunar.client.framework.feature.attackindicator.mixin+com.moonsworth.lunar.client.framework.feature.crosshair+com.moonsworth.lunar.client.framework.feature.crosshair.crosshairelytra+com.moonsworth.lunar.client.framework.feature.directionhud+com.moonsworth.lunar.client.framework.feature.markers.mixin	OpenALNative2	com/moonsworth/lunar/legacy/wrapper/util/OpenALNative2.java
28	com.moonsworth.lunar.client.render.shader+com.moonsworth.lunar.client.util.gui+com.moonsworth.lunar.client.util.mixin+com.moonsworth.lunar.files.mixin+com.moonsworth.lunar.legacy.wrapper.util+com.moonsworth.lunar.mixin.mixin+net.minecraft.util+com.moonsworth.lunar.bridge.fog+com.moonsworth.lunar.client.calculator+com.moonsworth.lunar.client.calculator.mixin+com.moonsworth.lunar.client.cosmetics.gecko+com.moonsworth.lunar.client.driver+com.moonsworth.lunar.client.event.mixin.chat+com.moonsworth.lunar.client.feature+com.moonsworth.lunar.client.fishing+com.moonsworth.lunar.client.framework+com.moonsworth.lunar.client.framework.feature.attackindicator.mixin+com.moonsworth.lunar.client.framework.feature.crosshair+com.moonsworth.lunar.client.framework.feature.crosshair.crosshairelytra+com.moonsworth.lunar.client.framework.feature.directionhud+com.moonsworth.lunar.client.framework.feature.markers.mixin	OpenALNative3	com/moonsworth/lunar/legacy/wrapper/util/OpenALNative3.java
28	com.moonsworth.lunar.client.render.shader+com.moonsworth.lunar.client.util.gui+com.moonsworth.lunar.client.util.mixin+com.moonsworth.lunar.files.mixin+com.moonsworth.lunar.legacy.wrapper.util+com.moonsworth.lunar.mixin.mixin+net.minecraft.util+com.moonsworth.lunar.bridge.fog+com.moonsworth.lunar.client.calculator+com.moonsworth.lunar.client.calculator.mixin+com.moonsworth.lunar.client.cosmetics.gecko+com.moonsworth.lunar.client.driver+com.moonsworth.lunar.client.event.mixin.chat+com.moonsworth.lunar.client.feature+com.moonsworth.lunar.client.fishing+com.moonsworth.lunar.client.framework+com.moonsworth.lunar.client.framework.feature.attackindicator.mixin+com.moonsworth.lunar.client.framework.feature.crosshair+com.moonsworth.lunar.client.framework.feature.crosshair.crosshairelytra+com.moonsworth.lunar.client.framework.feature.directionhud+com.moonsworth.lunar.client.framework.feature.markers.mixin	OpenALNative4	com/moonsworth/lunar/legacy/wrapper/util/OpenALNative4.java
28	com.moonsworth.lunar.client.render.shader+com.moonsworth.lunar.client.util.gui+com.moonsworth.lunar.client.util.mixin+com.moonsworth.lunar.files.mixin+com.moonsworth.lunar.legacy.wrapper.util+com.moonsworth.lunar.mixin.mixin+net.minecraft.util+com.moonsworth.lunar.bridge.fog+com.moonsworth.lunar.client.calculator+com.moonsworth.lunar.client.calculator.mixin+com.moonsworth.lunar.client.cosmetics.gecko+com.moonsworth.lunar.client.driver+com.moonsworth.lunar.client.event.mixin.chat+com.moonsworth.lunar.client.feature+com.moonsworth.lunar.client.fishing+com.moonsworth.lunar.client.framework+com.moonsworth.lunar.client.framework.feature.attackindicator.mixin+com.moonsworth.lunar.client.framework.feature.crosshair+com.moonsworth.lunar.client.framework.feature.crosshair.crosshairelytra+com.moonsworth.lunar.client.framework.feature.directionhud+com.moonsworth.lunar.client.framework.feature.markers.mixin	BiomeGenBaseMixin2	com/moonsworth/lunar/mixin/mixin/BiomeGenBaseMixin2.java
28	com.moonsworth.lunar.client.render.shader+com.moonsworth.lunar.client.util.gui+com.moonsworth.lunar.client.util.mixin+com.moonsworth.lunar.files.mixin+com.moonsworth.lunar.legacy.wrapper.util+com.moonsworth.lunar.mixin.mixin+net.minecraft.util+com.moonsworth.lunar.bridge.fog+com.moonsworth.lunar.client.calculator+com.moonsworth.lunar.client.calculator.mixin+com.moonsworth.lunar.client.cosmetics.gecko+com.moonsworth.lunar.client.driver+com.moonsworth.lunar.client.event.mixin.chat+com.moonsworth.lunar.client.feature+com.moonsworth.lunar.client.fishing+com.moonsworth.lunar.client.framework+com.moonsworth.lunar.client.framework.feature.attackindicator.mixin+com.moonsworth.lunar.client.framework.feature.crosshair+com.moonsworth.lunar.client.framework.feature.crosshair.crosshairelytra+com.moonsworth.lunar.client.framework.feature.directionhud+com.moonsworth.lunar.client.framework.feature.markers.mixin	ChunkMixin2	com/moonsworth/lunar/mixin/mixin/ChunkMixin2.java
28	com.moonsworth.lunar.client.render.shader+com.moonsworth.lunar.client.util.gui+com.moonsworth.lunar.client.util.mixin+com.moonsworth.lunar.files.mixin+com.moonsworth.lunar.legacy.wrapper.util+com.moonsworth.lunar.mixin.mixin+net.minecraft.util+com.moonsworth.lunar.bridge.fog+com.moonsworth.lunar.client.calculator+com.moonsworth.lunar.client.calculator.mixin+com.moonsworth.lunar.client.cosmetics.gecko+com.moonsworth.lunar.client.driver+com.moonsworth.lunar.client.event.mixin.chat+com.moonsworth.lunar.client.feature+com.moonsworth.lunar.client.fishing+com.moonsworth.lunar.client.framework+com.moonsworth.lunar.client.framework.feature.attackindicator.mixin+com.moonsworth.lunar.client.framework.feature.crosshair+com.moonsworth.lunar.client.framework.feature.crosshair.crosshairelytra+com.moonsworth.lunar.client.framework.feature.directionhud+com.moonsworth.lunar.client.framework.feature.markers.mixin	WorldMixin2	com/moonsworth/lunar/mixin/mixin/WorldMixin2.java
28	com.moonsworth.lunar.client.render.shader+com.moonsworth.lunar.client.util.gui+com.moonsworth.lunar.client.util.mixin+com.moonsworth.lunar.files.mixin+com.moonsworth.lunar.legacy.wrapper.util+com.moonsworth.lunar.mixin.mixin+net.minecraft.util+com.moonsworth.lunar.bridge.fog+com.moonsworth.lunar.client.calculator+com.moonsworth.lunar.client.calculator.mixin+com.moonsworth.lunar.client.cosmetics.gecko+com.moonsworth.lunar.client.driver+com.moonsworth.lunar.client.event.mixin.chat+com.moonsworth.lunar.client.feature+com.moonsworth.lunar.client.fishing+com.moonsworth.lunar.client.framework+com.moonsworth.lunar.client.framework.feature.attackindicator.mixin+com.moonsworth.lunar.client.framework.feature.crosshair+com.moonsworth.lunar.client.framework.feature.crosshair.crosshairelytra+com.moonsworth.lunar.client.framework.feature.directionhud+com.moonsworth.lunar.client.framework.feature.markers.mixin	MessageDeserializer2	net/minecraft/util/MessageDeserializer2.java
28	com.moonsworth.lunar.client.render.shader+com.moonsworth.lunar.client.util.gui+com.moonsworth.lunar.client.util.mixin+com.moonsworth.lunar.files.mixin+com.moonsworth.lunar.legacy.wrapper.util+com.moonsworth.lunar.mixin.mixin+net.minecraft.util+com.moonsworth.lunar.bridge.fog+com.moonsworth.lunar.client.calculator+com.moonsworth.lunar.client.calculator.mixin+com.moonsworth.lunar.client.cosmetics.gecko+com.moonsworth.lunar.client.driver+com.moonsworth.lunar.client.event.mixin.chat+com.moonsworth.lunar.client.feature+com.moonsworth.lunar.client.fishing+com.moonsworth.lunar.client.framework+com.moonsworth.lunar.client.framework.feature.attackindicator.mixin+com.moonsworth.lunar.client.framework.feature.crosshair+com.moonsworth.lunar.client.framework.feature.crosshair.crosshairelytra+com.moonsworth.lunar.client.framework.feature.directionhud+com.moonsworth.lunar.client.framework.feature.markers.mixin	MessageSerializer2	net/minecraft/util/MessageSerializer2.java
28	com.moonsworth.lunar.client.render.shader+com.moonsworth.lunar.client.util.gui+com.moonsworth.lunar.client.util.mixin+com.moonsworth.lunar.files.mixin+com.moonsworth.lunar.legacy.wrapper.util+com.moonsworth.lunar.mixin.mixin+net.minecraft.util+com.moonsworth.lunar.bridge.fog+com.moonsworth.lunar.client.calculator+com.moonsworth.lunar.client.calculator.mixin+com.moonsworth.lunar.client.cosmetics.gecko+com.moonsworth.lunar.client.driver+com.moonsworth.lunar.client.event.mixin.chat+com.moonsworth.lunar.client.feature+com.moonsworth.lunar.client.fishing+com.moonsworth.lunar.client.framework+com.moonsworth.lunar.client.framework.feature.attackindicator.mixin+com.moonsworth.lunar.client.framework.feature.crosshair+com.moonsworth.lunar.client.framework.feature.crosshair.crosshairelytra+com.moonsworth.lunar.client.framework.feature.directionhud+com.moonsworth.lunar.client.framework.feature.markers.mixin	Vec3	net/minecraft/util/Vec3.java
28	com.moonsworth.lunar.client.render.shader+com.moonsworth.lunar.client.util.gui+com.moonsworth.lunar.client.util.mixin+com.moonsworth.lunar.files.mixin+com.moonsworth.lunar.legacy.wrapper.util+com.moonsworth.lunar.mixin.mixin+net.minecraft.util+com.moonsworth.lunar.bridge.fog+com.moonsworth.lunar.client.calculator+com.moonsworth.lunar.client.calculator.mixin+com.moonsworth.lunar.client.cosmetics.gecko+com.moonsworth.lunar.client.driver+com.moonsworth.lunar.client.event.mixin.chat+com.moonsworth.lunar.client.feature+com.moonsworth.lunar.client.fishing+com.moonsworth.lunar.client.framework+com.moonsworth.lunar.client.framework.feature.attackindicator.mixin+com.moonsworth.lunar.client.framework.feature.crosshair+com.moonsworth.lunar.client.framework.feature.crosshair.crosshairelytra+com.moonsworth.lunar.client.framework.feature.directionhud+com.moonsworth.lunar.client.framework.feature.markers.mixin	Fog2	com/moonsworth/lunar/bridge/fog/Fog2.java
28	com.moonsworth.lunar.client.render.shader+com.moonsworth.lunar.client.util.gui+com.moonsworth.lunar.client.util.mixin+com.moonsworth.lunar.files.mixin+com.moonsworth.lunar.legacy.wrapper.util+com.moonsworth.lunar.mixin.mixin+net.minecraft.util+com.moonsworth.lunar.bridge.fog+com.moonsworth.lunar.client.calculator+com.moonsworth.lunar.client.calculator.mixin+com.moonsworth.lunar.client.cosmetics.gecko+com.moonsworth.lunar.client.driver+com.moonsworth.lunar.client.event.mixin.chat+com.moonsworth.lunar.client.feature+com.moonsworth.lunar.client.fishing+com.moonsworth.lunar.client.framework+com.moonsworth.lunar.client.framework.feature.attackindicator.mixin+com.moonsworth.lunar.client.framework.feature.crosshair+com.moonsworth.lunar.client.framework.feature.crosshair.crosshairelytra+com.moonsworth.lunar.client.framework.feature.directionhud+com.moonsworth.lunar.client.framework.feature.markers.mixin	Fog3	com/moonsworth/lunar/bridge/fog/Fog3.java
28	com.moonsworth.lunar.client.render.shader+com.moonsworth.lunar.client.util.gui+com.moonsworth.lunar.client.util.mixin+com.moonsworth.lunar.files.mixin+com.moonsworth.lunar.legacy.wrapper.util+com.moonsworth.lunar.mixin.mixin+net.minecraft.util+com.moonsworth.lunar.bridge.fog+com.moonsworth.lunar.client.calculator+com.moonsworth.lunar.client.calculator.mixin+com.moonsworth.lunar.client.cosmetics.gecko+com.moonsworth.lunar.client.driver+com.moonsworth.lunar.client.event.mixin.chat+com.moonsworth.lunar.client.feature+com.moonsworth.lunar.client.fishing+com.moonsworth.lunar.client.framework+com.moonsworth.lunar.client.framework.feature.attackindicator.mixin+com.moonsworth.lunar.client.framework.feature.crosshair+com.moonsworth.lunar.client.framework.feature.crosshair.crosshairelytra+com.moonsworth.lunar.client.framework.feature.directionhud+com.moonsworth.lunar.client.framework.feature.markers.mixin	Calculator2	com/moonsworth/lunar/client/calculator/Calculator2.java
28	com.moonsworth.lunar.client.render.shader+com.moonsworth.lunar.client.util.gui+com.moonsworth.lunar.client.util.mixin+com.moonsworth.lunar.files.mixin+com.moonsworth.lunar.legacy.wrapper.util+com.moonsworth.lunar.mixin.mixin+net.minecraft.util+com.moonsworth.lunar.bridge.fog+com.moonsworth.lunar.client.calculator+com.moonsworth.lunar.client.calculator.mixin+com.moonsworth.lunar.client.cosmetics.gecko+com.moonsworth.lunar.client.driver+com.moonsworth.lunar.client.event.mixin.chat+com.moonsworth.lunar.client.feature+com.moonsworth.lunar.client.fishing+com.moonsworth.lunar.client.framework+com.moonsworth.lunar.client.framework.feature.attackindicator.mixin+com.moonsworth.lunar.client.framework.feature.crosshair+com.moonsworth.lunar.client.framework.feature.crosshair.crosshairelytra+com.moonsworth.lunar.client.framework.feature.directionhud+com.moonsworth.lunar.client.framework.feature.markers.mixin	CalculatorType2	com/moonsworth/lunar/client/calculator/CalculatorType2.java
28	com.moonsworth.lunar.client.render.shader+com.moonsworth.lunar.client.util.gui+com.moonsworth.lunar.client.util.mixin+com.moonsworth.lunar.files.mixin+com.moonsworth.lunar.legacy.wrapper.util+com.moonsworth.lunar.mixin.mixin+net.minecraft.util+com.moonsworth.lunar.bridge.fog+com.moonsworth.lunar.client.calculator+com.moonsworth.lunar.client.calculator.mixin+com.moonsworth.lunar.client.cosmetics.gecko+com.moonsworth.lunar.client.driver+com.moonsworth.lunar.client.event.mixin.chat+com.moonsworth.lunar.client.feature+com.moonsworth.lunar.client.fishing+com.moonsworth.lunar.client.framework+com.moonsworth.lunar.client.framework.feature.attackindicator.mixin+com.moonsworth.lunar.client.framework.feature.crosshair+com.moonsworth.lunar.client.framework.feature.crosshair.crosshairelytra+com.moonsworth.lunar.client.framework.feature.directionhud+com.moonsworth.lunar.client.framework.feature.markers.mixin	CalculatorHandler2	com/moonsworth/lunar/client/calculator/mixin/CalculatorHandler2.java
28	com.moonsworth.lunar.client.render.shader+com.moonsworth.lunar.client.util.gui+com.moonsworth.lunar.client.util.mixin+com.moonsworth.lunar.files.mixin+com.moonsworth.lunar.legacy.wrapper.util+com.moonsworth.lunar.mixin.mixin+net.minecraft.util+com.moonsworth.lunar.bridge.fog+com.moonsworth.lunar.client.calculator+com.moonsworth.lunar.client.calculator.mixin+com.moonsworth.lunar.client.cosmetics.gecko+com.moonsworth.lunar.client.driver+com.moonsworth.lunar.client.event.mixin.chat+com.moonsworth.lunar.client.feature+com.moonsworth.lunar.client.fishing+com.moonsworth.lunar.client.framework+com.moonsworth.lunar.client.framework.feature.attackindicator.mixin+com.moonsworth.lunar.client.framework.feature.crosshair+com.moonsworth.lunar.client.framework.feature.crosshair.crosshairelytra+com.moonsworth.lunar.client.framework.feature.directionhud+com.moonsworth.lunar.client.framework.feature.markers.mixin	CalculatorHandler3	com/moonsworth/lunar/client/calculator/mixin/CalculatorHandler3.java
28	com.moonsworth.lunar.client.render.shader+com.moonsworth.lunar.client.util.gui+com.moonsworth.lunar.client.util.mixin+com.moonsworth.lunar.files.mixin+com.moonsworth.lunar.legacy.wrapper.util+com.moonsworth.lunar.mixin.mixin+net.minecraft.util+com.moonsworth.lunar.bridge.fog+com.moonsworth.lunar.client.calculator+com.moonsworth.lunar.client.calculator.mixin+com.moonsworth.lunar.client.cosmetics.gecko+com.moonsworth.lunar.client.driver+com.moonsworth.lunar.client.event.mixin.chat+com.moonsworth.lunar.client.feature+com.moonsworth.lunar.client.fishing+com.moonsworth.lunar.client.framework+com.moonsworth.lunar.client.framework.feature.attackindicator.mixin+com.moonsworth.lunar.client.framework.feature.crosshair+com.moonsworth.lunar.client.framework.feature.crosshair.crosshairelytra+com.moonsworth.lunar.client.framework.feature.directionhud+com.moonsworth.lunar.client.framework.feature.markers.mixin	Data2	com/moonsworth/lunar/client/cosmetics/gecko/AnimatedBone.java
28	com.moonsworth.lunar.client.render.shader+com.moonsworth.lunar.client.util.gui+com.moonsworth.lunar.client.util.mixin+com.moonsworth.lunar.files.mixin+com.moonsworth.lunar.legacy.wrapper.util+com.moonsworth.lunar.mixin.mixin+net.minecraft.util+com.moonsworth.lunar.bridge.fog+com.moonsworth.lunar.client.calculator+com.moonsworth.lunar.client.calculator.mixin+com.moonsworth.lunar.client.cosmetics.gecko+com.moonsworth.lunar.client.driver+com.moonsworth.lunar.client.event.mixin.chat+com.moonsworth.lunar.client.feature+com.moonsworth.lunar.client.fishing+com.moonsworth.lunar.client.framework+com.moonsworth.lunar.client.framework.feature.attackindicator.mixin+com.moonsworth.lunar.client.framework.feature.crosshair+com.moonsworth.lunar.client.framework.feature.crosshair.crosshairelytra+com.moonsworth.lunar.client.framework.feature.directionhud+com.moonsworth.lunar.client.framework.feature.markers.mixin	Data7	com/moonsworth/lunar/client/cosmetics/gecko/MolangFunctionRegistry.java
28	com.moonsworth.lunar.client.render.shader+com.moonsworth.lunar.client.util.gui+com.moonsworth.lunar.client.util.mixin+com.moonsworth.lunar.files.mixin+com.moonsworth.lunar.legacy.wrapper.util+com.moonsworth.lunar.mixin.mixin+net.minecraft.util+com.moonsworth.lunar.bridge.fog+com.moonsworth.lunar.client.calculator+com.moonsworth.lunar.client.calculator.mixin+com.moonsworth.lunar.client.cosmetics.gecko+com.moonsworth.lunar.client.driver+com.moonsworth.lunar.client.event.mixin.chat+com.moonsworth.lunar.client.feature+com.moonsworth.lunar.client.fishing+com.moonsworth.lunar.client.framework+com.moonsworth.lunar.client.framework.feature.attackindicator.mixin+com.moonsworth.lunar.client.framework.feature.crosshair+com.moonsworth.lunar.client.framework.feature.crosshair.crosshairelytra+com.moonsworth.lunar.client.framework.feature.directionhud+com.moonsworth.lunar.client.framework.feature.markers.mixin	Data2	com/moonsworth/lunar/client/driver/DriverOverlayRegistryLegacy.java
28	com.moonsworth.lunar.client.render.shader+com.moonsworth.lunar.client.util.gui+com.moonsworth.lunar.client.util.mixin+com.moonsworth.lunar.files.mixin+com.moonsworth.lunar.legacy.wrapper.util+com.moonsworth.lunar.mixin.mixin+net.minecraft.util+com.moonsworth.lunar.bridge.fog+com.moonsworth.lunar.client.calculator+com.moonsworth.lunar.client.calculator.mixin+com.moonsworth.lunar.client.cosmetics.gecko+com.moonsworth.lunar.client.driver+com.moonsworth.lunar.client.event.mixin.chat+com.moonsworth.lunar.client.feature+com.moonsworth.lunar.client.fishing+com.moonsworth.lunar.client.framework+com.moonsworth.lunar.client.framework.feature.attackindicator.mixin+com.moonsworth.lunar.client.framework.feature.crosshair+com.moonsworth.lunar.client.framework.feature.crosshair.crosshairelytra+com.moonsworth.lunar.client.framework.feature.directionhud+com.moonsworth.lunar.client.framework.feature.markers.mixin	Data2	com/moonsworth/lunar/client/driver/DriverRouteRegistryLegacy.java
28	com.moonsworth.lunar.client.render.shader+com.moonsworth.lunar.client.util.gui+com.moonsworth.lunar.client.util.mixin+com.moonsworth.lunar.files.mixin+com.moonsworth.lunar.legacy.wrapper.util+com.moonsworth.lunar.mixin.mixin+net.minecraft.util+com.moonsworth.lunar.bridge.fog+com.moonsworth.lunar.client.calculator+com.moonsworth.lunar.client.calculator.mixin+com.moonsworth.lunar.client.cosmetics.gecko+com.moonsworth.lunar.client.driver+com.moonsworth.lunar.client.event.mixin.chat+com.moonsworth.lunar.client.feature+com.moonsworth.lunar.client.fishing+com.moonsworth.lunar.client.framework+com.moonsworth.lunar.client.framework.feature.attackindicator.mixin+com.moonsworth.lunar.client.framework.feature.crosshair+com.moonsworth.lunar.client.framework.feature.crosshair.crosshairelytra+com.moonsworth.lunar.client.framework.feature.directionhud+com.moonsworth.lunar.client.framework.feature.markers.mixin	Data2	com/moonsworth/lunar/client/event/mixin/chat/EventChatMessageLegacy.java
28	com.moonsworth.lunar.client.render.shader+com.moonsworth.lunar.client.util.gui+com.moonsworth.lunar.client.util.mixin+com.moonsworth.lunar.files.mixin+com.moonsworth.lunar.legacy.wrapper.util+com.moonsworth.lunar.mixin.mixin+net.minecraft.util+com.moonsworth.lunar.bridge.fog+com.moonsworth.lunar.client.calculator+com.moonsworth.lunar.client.calculator.mixin+com.moonsworth.lunar.client.cosmetics.gecko+com.moonsworth.lunar.client.driver+com.moonsworth.lunar.client.event.mixin.chat+com.moonsworth.lunar.client.feature+com.moonsworth.lunar.client.fishing+com.moonsworth.lunar.client.framework+com.moonsworth.lunar.client.framework.feature.attackindicator.mixin+com.moonsworth.lunar.client.framework.feature.crosshair+com.moonsworth.lunar.client.framework.feature.crosshair.crosshairelytra+com.moonsworth.lunar.client.framework.feature.directionhud+com.moonsworth.lunar.client.framework.feature.markers.mixin	Data3	com/moonsworth/lunar/client/event/mixin/chat/EventChatMessageLegacy.java
28	com.moonsworth.lunar.client.render.shader+com.moonsworth.lunar.client.util.gui+com.moonsworth.lunar.client.util.mixin+com.moonsworth.lunar.files.mixin+com.moonsworth.lunar.legacy.wrapper.util+com.moonsworth.lunar.mixin.mixin+net.minecraft.util+com.moonsworth.lunar.bridge.fog+com.moonsworth.lunar.client.calculator+com.moonsworth.lunar.client.calculator.mixin+com.moonsworth.lunar.client.cosmetics.gecko+com.moonsworth.lunar.client.driver+com.moonsworth.lunar.client.event.mixin.chat+com.moonsworth.lunar.client.feature+com.moonsworth.lunar.client.fishing+com.moonsworth.lunar.client.framework+com.moonsworth.lunar.client.framework.feature.attackindicator.mixin+com.moonsworth.lunar.client.framework.feature.crosshair+com.moonsworth.lunar.client.framework.feature.crosshair.crosshairelytra+com.moonsworth.lunar.client.framework.feature.directionhud+com.moonsworth.lunar.client.framework.feature.markers.mixin	Module2	com/moonsworth/lunar/client/feature/Module2.java
28	com.moonsworth.lunar.client.render.shader+com.moonsworth.lunar.client.util.gui+com.moonsworth.lunar.client.util.mixin+com.moonsworth.lunar.files.mixin+com.moonsworth.lunar.legacy.wrapper.util+com.moonsworth.lunar.mixin.mixin+net.minecraft.util+com.moonsworth.lunar.bridge.fog+com.moonsworth.lunar.client.calculator+com.moonsworth.lunar.client.calculator.mixin+com.moonsworth.lunar.client.cosmetics.gecko+com.moonsworth.lunar.client.driver+com.moonsworth.lunar.client.event.mixin.chat+com.moonsworth.lunar.client.feature+com.moonsworth.lunar.client.fishing+com.moonsworth.lunar.client.framework+com.moonsworth.lunar.client.framework.feature.attackindicator.mixin+com.moonsworth.lunar.client.framework.feature.crosshair+com.moonsworth.lunar.client.framework.feature.crosshair.crosshairelytra+com.moonsworth.lunar.client.framework.feature.directionhud+com.moonsworth.lunar.client.framework.feature.markers.mixin	ModuleType2	com/moonsworth/lunar/client/feature/ModuleType2.java
28	com.moonsworth.lunar.client.render.shader+com.moonsworth.lunar.client.util.gui+com.moonsworth.lunar.client.util.mixin+com.moonsworth.lunar.files.mixin+com.moonsworth.lunar.legacy.wrapper.util+com.moonsworth.lunar.mixin.mixin+net.minecraft.util+com.moonsworth.lunar.bridge.fog+com.moonsworth.lunar.client.calculator+com.moonsworth.lunar.client.calculator.mixin+com.moonsworth.lunar.client.cosmetics.gecko+com.moonsworth.lunar.client.driver+com.moonsworth.lunar.client.event.mixin.chat+com.moonsworth.lunar.client.feature+com.moonsworth.lunar.client.fishing+com.moonsworth.lunar.client.framework+com.moonsworth.lunar.client.framework.feature.attackindicator.mixin+com.moonsworth.lunar.client.framework.feature.crosshair+com.moonsworth.lunar.client.framework.feature.crosshair.crosshairelytra+com.moonsworth.lunar.client.framework.feature.directionhud+com.moonsworth.lunar.client.framework.feature.markers.mixin	Fishing2	com/moonsworth/lunar/client/fishing/Fishing2.java
28	com.moonsworth.lunar.client.render.shader+com.moonsworth.lunar.client.util.gui+com.moonsworth.lunar.client.util.mixin+com.moonsworth.lunar.files.mixin+com.moonsworth.lunar.legacy.wrapper.util+com.moonsworth.lunar.mixin.mixin+net.minecraft.util+com.moonsworth.lunar.bridge.fog+com.moonsworth.lunar.client.calculator+com.moonsworth.lunar.client.calculator.mixin+com.moonsworth.lunar.client.cosmetics.gecko+com.moonsworth.lunar.client.driver+com.moonsworth.lunar.client.event.mixin.chat+com.moonsworth.lunar.client.feature+com.moonsworth.lunar.client.fishing+com.moonsworth.lunar.client.framework+com.moonsworth.lunar.client.framework.feature.attackindicator.mixin+com.moonsworth.lunar.client.framework.feature.crosshair+com.moonsworth.lunar.client.framework.feature.crosshair.crosshairelytra+com.moonsworth.lunar.client.framework.feature.directionhud+com.moonsworth.lunar.client.framework.feature.markers.mixin	Fishing_2	com/moonsworth/lunar/client/fishing/Fishing_2.java
28	com.moonsworth.lunar.client.render.shader+com.moonsworth.lunar.client.util.gui+com.moonsworth.lunar.client.util.mixin+com.moonsworth.lunar.files.mixin+com.moonsworth.lunar.legacy.wrapper.util+com.moonsworth.lunar.mixin.mixin+net.minecraft.util+com.moonsworth.lunar.bridge.fog+com.moonsworth.lunar.client.calculator+com.moonsworth.lunar.client.calculator.mixin+com.moonsworth.lunar.client.cosmetics.gecko+com.moonsworth.lunar.client.driver+com.moonsworth.lunar.client.event.mixin.chat+com.moonsworth.lunar.client.feature+com.moonsworth.lunar.client.fishing+com.moonsworth.lunar.client.framework+com.moonsworth.lunar.client.framework.feature.attackindicator.mixin+com.moonsworth.lunar.client.framework.feature.crosshair+com.moonsworth.lunar.client.framework.feature.crosshair.crosshairelytra+com.moonsworth.lunar.client.framework.feature.directionhud+com.moonsworth.lunar.client.framework.feature.markers.mixin	Data4	com/moonsworth/lunar/client/framework/StreamerMode.java
28	com.moonsworth.lunar.client.render.shader+com.moonsworth.lunar.client.util.gui+com.moonsworth.lunar.client.util.mixin+com.moonsworth.lunar.files.mixin+com.moonsworth.lunar.legacy.wrapper.util+com.moonsworth.lunar.mixin.mixin+net.minecraft.util+com.moonsworth.lunar.bridge.fog+com.moonsworth.lunar.client.calculator+com.moonsworth.lunar.client.calculator.mixin+com.moonsworth.lunar.client.cosmetics.gecko+com.moonsworth.lunar.client.driver+com.moonsworth.lunar.client.event.mixin.chat+com.moonsworth.lunar.client.feature+com.moonsworth.lunar.client.fishing+com.moonsworth.lunar.client.framework+com.moonsworth.lunar.client.framework.feature.attackindicator.mixin+com.moonsworth.lunar.client.framework.feature.crosshair+com.moonsworth.lunar.client.framework.feature.crosshair.crosshairelytra+com.moonsworth.lunar.client.framework.feature.directionhud+com.moonsworth.lunar.client.framework.feature.markers.mixin	Data5	com/moonsworth/lunar/client/framework/ApolloModGenerator.java
28	com.moonsworth.lunar.client.render.shader+com.moonsworth.lunar.client.util.gui+com.moonsworth.lunar.client.util.mixin+com.moonsworth.lunar.files.mixin+com.moonsworth.lunar.legacy.wrapper.util+com.moonsworth.lunar.mixin.mixin+net.minecraft.util+com.moonsworth.lunar.bridge.fog+com.moonsworth.lunar.client.calculator+com.moonsworth.lunar.client.calculator.mixin+com.moonsworth.lunar.client.cosmetics.gecko+com.moonsworth.lunar.client.driver+com.moonsworth.lunar.client.event.mixin.chat+com.moonsworth.lunar.client.feature+com.moonsworth.lunar.client.fishing+com.moonsworth.lunar.client.framework+com.moonsworth.lunar.client.framework.feature.attackindicator.mixin+com.moonsworth.lunar.client.framework.feature.crosshair+com.moonsworth.lunar.client.framework.feature.crosshair.crosshairelytra+com.moonsworth.lunar.client.framework.feature.directionhud+com.moonsworth.lunar.client.framework.feature.markers.mixin	Attackindicator2	com/moonsworth/lunar/client/framework/feature/attackindicator/mixin/Attackindicator2.java
28	com.moonsworth.lunar.client.render.shader+com.moonsworth.lunar.client.util.gui+com.moonsworth.lunar.client.util.mixin+com.moonsworth.lunar.files.mixin+com.moonsworth.lunar.legacy.wrapper.util+com.moonsworth.lunar.mixin.mixin+net.minecraft.util+com.moonsworth.lunar.bridge.fog+com.moonsworth.lunar.client.calculator+com.moonsworth.lunar.client.calculator.mixin+com.moonsworth.lunar.client.cosmetics.gecko+com.moonsworth.lunar.client.driver+com.moonsworth.lunar.client.event.mixin.chat+com.moonsworth.lunar.client.feature+com.moonsworth.lunar.client.fishing+com.moonsworth.lunar.client.framework+com.moonsworth.lunar.client.framework.feature.attackindicator.mixin+com.moonsworth.lunar.client.framework.feature.crosshair+com.moonsworth.lunar.client.framework.feature.crosshair.crosshairelytra+com.moonsworth.lunar.client.framework.feature.directionhud+com.moonsworth.lunar.client.framework.feature.markers.mixin	Attackindicator3	com/moonsworth/lunar/client/framework/feature/attackindicator/mixin/Attackindicator3.java
28	com.moonsworth.lunar.client.render.shader+com.moonsworth.lunar.client.util.gui+com.moonsworth.lunar.client.util.mixin+com.moonsworth.lunar.files.mixin+com.moonsworth.lunar.legacy.wrapper.util+com.moonsworth.lunar.mixin.mixin+net.minecraft.util+com.moonsworth.lunar.bridge.fog+com.moonsworth.lunar.client.calculator+com.moonsworth.lunar.client.calculator.mixin+com.moonsworth.lunar.client.cosmetics.gecko+com.moonsworth.lunar.client.driver+com.moonsworth.lunar.client.event.mixin.chat+com.moonsworth.lunar.client.feature+com.moonsworth.lunar.client.fishing+com.moonsworth.lunar.client.framework+com.moonsworth.lunar.client.framework.feature.attackindicator.mixin+com.moonsworth.lunar.client.framework.feature.crosshair+com.moonsworth.lunar.client.framework.feature.crosshair.crosshairelytra+com.moonsworth.lunar.client.framework.feature.directionhud+com.moonsworth.lunar.client.framework.feature.markers.mixin	Crosshair2	com/moonsworth/lunar/client/framework/feature/crosshair/Crosshair2.java
28	com.moonsworth.lunar.client.render.shader+com.moonsworth.lunar.client.util.gui+com.moonsworth.lunar.client.util.mixin+com.moonsworth.lunar.files.mixin+com.moonsworth.lunar.legacy.wrapper.util+com.moonsworth.lunar.mixin.mixin+net.minecraft.util+com.moonsworth.lunar.bridge.fog+com.moonsworth.lunar.client.calculator+com.moonsworth.lunar.client.calculator.mixin+com.moonsworth.lunar.client.cosmetics.gecko+com.moonsworth.lunar.client.driver+com.moonsworth.lunar.client.event.mixin.chat+com.moonsworth.lunar.client.feature+com.moonsworth.lunar.client.fishing+com.moonsworth.lunar.client.framework+com.moonsworth.lunar.client.framework.feature.attackindicator.mixin+com.moonsworth.lunar.client.framework.feature.crosshair+com.moonsworth.lunar.client.framework.feature.crosshair.crosshairelytra+com.moonsworth.lunar.client.framework.feature.directionhud+com.moonsworth.lunar.client.framework.feature.markers.mixin	Crosshair3	com/moonsworth/lunar/client/framework/feature/crosshair/Crosshair3.java
28	com.moonsworth.lunar.client.render.shader+com.moonsworth.lunar.client.util.gui+com.moonsworth.lunar.client.util.mixin+com.moonsworth.lunar.files.mixin+com.moonsworth.lunar.legacy.wrapper.util+com.moonsworth.lunar.mixin.mixin+net.minecraft.util+com.moonsworth.lunar.bridge.fog+com.moonsworth.lunar.client.calculator+com.moonsworth.lunar.client.calculator.mixin+com.moonsworth.lunar.client.cosmetics.gecko+com.moonsworth.lunar.client.driver+com.moonsworth.lunar.client.event.mixin.chat+com.moonsworth.lunar.client.feature+com.moonsworth.lunar.client.fishing+com.moonsworth.lunar.client.framework+com.moonsworth.lunar.client.framework.feature.attackindicator.mixin+com.moonsworth.lunar.client.framework.feature.crosshair+com.moonsworth.lunar.client.framework.feature.crosshair.crosshairelytra+com.moonsworth.lunar.client.framework.feature.directionhud+com.moonsworth.lunar.client.framework.feature.markers.mixin	Crosshairelytra2	com/moonsworth/lunar/client/framework/feature/crosshair/crosshairelytra/Crosshairelytra2.java
28	com.moonsworth.lunar.client.render.shader+com.moonsworth.lunar.client.util.gui+com.moonsworth.lunar.client.util.mixin+com.moonsworth.lunar.files.mixin+com.moonsworth.lunar.legacy.wrapper.util+com.moonsworth.lunar.mixin.mixin+net.minecraft.util+com.moonsworth.lunar.bridge.fog+com.moonsworth.lunar.client.calculator+com.moonsworth.lunar.client.calculator.mixin+com.moonsworth.lunar.client.cosmetics.gecko+com.moonsworth.lunar.client.driver+com.moonsworth.lunar.client.event.mixin.chat+com.moonsworth.lunar.client.feature+com.moonsworth.lunar.client.fishing+com.moonsworth.lunar.client.framework+com.moonsworth.lunar.client.framework.feature.attackindicator.mixin+com.moonsworth.lunar.client.framework.feature.crosshair+com.moonsworth.lunar.client.framework.feature.crosshair.crosshairelytra+com.moonsworth.lunar.client.framework.feature.directionhud+com.moonsworth.lunar.client.framework.feature.markers.mixin	Crosshairelytra3	com/moonsworth/lunar/client/framework/feature/crosshair/crosshairelytra/Crosshairelytra3.java
28	com.moonsworth.lunar.client.render.shader+com.moonsworth.lunar.client.util.gui+com.moonsworth.lunar.client.util.mixin+com.moonsworth.lunar.files.mixin+com.moonsworth.lunar.legacy.wrapper.util+com.moonsworth.lunar.mixin.mixin+net.minecraft.util+com.moonsworth.lunar.bridge.fog+com.moonsworth.lunar.client.calculator+com.moonsworth.lunar.client.calculator.mixin+com.moonsworth.lunar.client.cosmetics.gecko+com.moonsworth.lunar.client.driver+com.moonsworth.lunar.client.event.mixin.chat+com.moonsworth.lunar.client.feature+com.moonsworth.lunar.client.fishing+com.moonsworth.lunar.client.framework+com.moonsworth.lunar.client.framework.feature.attackindicator.mixin+com.moonsworth.lunar.client.framework.feature.crosshair+com.moonsworth.lunar.client.framework.feature.crosshair.crosshairelytra+com.moonsworth.lunar.client.framework.feature.directionhud+com.moonsworth.lunar.client.framework.feature.markers.mixin	Directionhud2	com/moonsworth/lunar/client/framework/feature/directionhud/Directionhud2.java
28	com.moonsworth.lunar.client.render.shader+com.moonsworth.lunar.client.util.gui+com.moonsworth.lunar.client.util.mixin+com.moonsworth.lunar.files.mixin+com.moonsworth.lunar.legacy.wrapper.util+com.moonsworth.lunar.mixin.mixin+net.minecraft.util+com.moonsworth.lunar.bridge.fog+com.moonsworth.lunar.client.calculator+com.moonsworth.lunar.client.calculator.mixin+com.moonsworth.lunar.client.cosmetics.gecko+com.moonsworth.lunar.client.driver+com.moonsworth.lunar.client.event.mixin.chat+com.moonsworth.lunar.client.feature+com.moonsworth.lunar.client.fishing+com.moonsworth.lunar.client.framework+com.moonsworth.lunar.client.framework.feature.attackindicator.mixin+com.moonsworth.lunar.client.framework.feature.crosshair+com.moonsworth.lunar.client.framework.feature.crosshair.crosshairelytra+com.moonsworth.lunar.client.framework.feature.directionhud+com.moonsworth.lunar.client.framework.feature.markers.mixin	Directionhud3	com/moonsworth/lunar/client/framework/feature/directionhud/Directionhud3.java
28	com.moonsworth.lunar.client.render.shader+com.moonsworth.lunar.client.util.gui+com.moonsworth.lunar.client.util.mixin+com.moonsworth.lunar.files.mixin+com.moonsworth.lunar.legacy.wrapper.util+com.moonsworth.lunar.mixin.mixin+net.minecraft.util+com.moonsworth.lunar.bridge.fog+com.moonsworth.lunar.client.calculator+com.moonsworth.lunar.client.calculator.mixin+com.moonsworth.lunar.client.cosmetics.gecko+com.moonsworth.lunar.client.driver+com.moonsworth.lunar.client.event.mixin.chat+com.moonsworth.lunar.client.feature+com.moonsworth.lunar.client.fishing+com.moonsworth.lunar.client.framework+com.moonsworth.lunar.client.framework.feature.attackindicator.mixin+com.moonsworth.lunar.client.framework.feature.crosshair+com.moonsworth.lunar.client.framework.feature.crosshair.crosshairelytra+com.moonsworth.lunar.client.framework.feature.directionhud+com.moonsworth.lunar.client.framework.feature.markers.mixin	Markers2	com/moonsworth/lunar/client/framework/feature/markers/mixin/Markers2.java
28	com.moonsworth.lunar.client.render.shader+com.moonsworth.lunar.client.util.gui+com.moonsworth.lunar.client.util.mixin+com.moonsworth.lunar.files.mixin+com.moonsworth.lunar.legacy.wrapper.util+com.moonsworth.lunar.mixin.mixin+net.minecraft.util+com.moonsworth.lunar.bridge.fog+com.moonsworth.lunar.client.calculator+com.moonsworth.lunar.client.calculator.mixin+com.moonsworth.lunar.client.cosmetics.gecko+com.moonsworth.lunar.client.driver+com.moonsworth.lunar.client.event.mixin.chat+com.moonsworth.lunar.client.feature+com.moonsworth.lunar.client.fishing+com.moonsworth.lunar.client.framework+com.moonsworth.lunar.client.framework.feature.attackindicator.mixin+com.moonsworth.lunar.client.framework.feature.crosshair+com.moonsworth.lunar.client.framework.feature.crosshair.crosshairelytra+com.moonsworth.lunar.client.framework.feature.directionhud+com.moonsworth.lunar.client.framework.feature.markers.mixin	Markers3	com/moonsworth/lunar/client/framework/feature/markers/mixin/Markers3.java
29	com.moonsworth.lunar.client.framework.feature.mod.fishing.lotusfish+com.moonsworth.lunar.client.framework.feature.mod.impl.alert.excavation.mixin+com.moonsworth.lunar.client.framework.feature.mod.impl.burrow.mixin+com.moonsworth.lunar.client.framework.feature.mod.impl.guiCore+com.moonsworth.lunar.client.framework.feature.nickhider+com.moonsworth.lunar.client.framework.feature.pvpinfo.pvp+com.moonsworth.lunar.client.framework.feature.rewind.mixin+com.moonsworth.lunar.client.framework.feature.rewind.rewindhandlers.highlight+com.moonsworth.lunar.client.framework.feature.rewind.rewindhandlers.mixin+com.moonsworth.lunar.client.framework.feature.screenshot+com.moonsworth.lunar.client.framework.feature.scrollabletooltips.mixin+com.moonsworth.lunar.client.framework.feature.worldeditcui+com.moonsworth.lunar.client.inventorymod+com.moonsworth.lunar.client.itemphysics.mixin+com.moonsworth.lunar.client.keystrokes+com.moonsworth.lunar.client.mod.render.heightlimit+com.moonsworth.lunar.client.mod.render.markers+com.moonsworth.lunar.client.mod.render.minimap+com.moonsworth.lunar.client.network.apollo+com.moonsworth.lunar.client.rewindhandlers+com.moonsworth.lunar.client.util.chest+com.moonsworth.lunar.client.util.chest.mixin+com.moonsworth.lunar.client.util.lotusfish.mixin+com.moonsworth.lunar.client.util.nameplate+com.moonsworth.lunar.config	Lotusfish2	com/moonsworth/lunar/client/framework/feature/mod/fishing/lotusfish/Lotusfish2.java
29	com.moonsworth.lunar.client.framework.feature.mod.fishing.lotusfish+com.moonsworth.lunar.client.framework.feature.mod.impl.alert.excavation.mixin+com.moonsworth.lunar.client.framework.feature.mod.impl.burrow.mixin+com.moonsworth.lunar.client.framework.feature.mod.impl.guiCore+com.moonsworth.lunar.client.framework.feature.nickhider+com.moonsworth.lunar.client.framework.feature.pvpinfo.pvp+com.moonsworth.lunar.client.framework.feature.rewind.mixin+com.moonsworth.lunar.client.framework.feature.rewind.rewindhandlers.highlight+com.moonsworth.lunar.client.framework.feature.rewind.rewindhandlers.mixin+com.moonsworth.lunar.client.framework.feature.screenshot+com.moonsworth.lunar.client.framework.feature.scrollabletooltips.mixin+com.moonsworth.lunar.client.framework.feature.worldeditcui+com.moonsworth.lunar.client.inventorymod+com.moonsworth.lunar.client.itemphysics.mixin+com.moonsworth.lunar.client.keystrokes+com.moonsworth.lunar.client.mod.render.heightlimit+com.moonsworth.lunar.client.mod.render.markers+com.moonsworth.lunar.client.mod.render.minimap+com.moonsworth.lunar.client.network.apollo+com.moonsworth.lunar.client.rewindhandlers+com.moonsworth.lunar.client.util.chest+com.moonsworth.lunar.client.util.chest.mixin+com.moonsworth.lunar.client.util.lotusfish.mixin+com.moonsworth.lunar.client.util.nameplate+com.moonsworth.lunar.config	Lotusfish3	com/moonsworth/lunar/client/framework/feature/mod/fishing/lotusfish/Lotusfish3.java
29	com.moonsworth.lunar.client.framework.feature.mod.fishing.lotusfish+com.moonsworth.lunar.client.framework.feature.mod.impl.alert.excavation.mixin+com.moonsworth.lunar.client.framework.feature.mod.impl.burrow.mixin+com.moonsworth.lunar.client.framework.feature.mod.impl.guiCore+com.moonsworth.lunar.client.framework.feature.nickhider+com.moonsworth.lunar.client.framework.feature.pvpinfo.pvp+com.moonsworth.lunar.client.framework.feature.rewind.mixin+com.moonsworth.lunar.client.framework.feature.rewind.rewindhandlers.highlight+com.moonsworth.lunar.client.framework.feature.rewind.rewindhandlers.mixin+com.moonsworth.lunar.client.framework.feature.screenshot+com.moonsworth.lunar.client.framework.feature.scrollabletooltips.mixin+com.moonsworth.lunar.client.framework.feature.worldeditcui+com.moonsworth.lunar.client.inventorymod+com.moonsworth.lunar.client.itemphysics.mixin+com.moonsworth.lunar.client.keystrokes+com.moonsworth.lunar.client.mod.render.heightlimit+com.moonsworth.lunar.client.mod.render.markers+com.moonsworth.lunar.client.mod.render.minimap+com.moonsworth.lunar.client.network.apollo+com.moonsworth.lunar.client.rewindhandlers+com.moonsworth.lunar.client.util.chest+com.moonsworth.lunar.client.util.chest.mixin+com.moonsworth.lunar.client.util.lotusfish.mixin+com.moonsworth.lunar.client.util.nameplate+com.moonsworth.lunar.config	ExcavationType2	com/moonsworth/lunar/client/framework/feature/mod/impl/alert/excavation/mixin/ExcavationType2.java
29	com.moonsworth.lunar.client.framework.feature.mod.fishing.lotusfish+com.moonsworth.lunar.client.framework.feature.mod.impl.alert.excavation.mixin+com.moonsworth.lunar.client.framework.feature.mod.impl.burrow.mixin+com.moonsworth.lunar.client.framework.feature.mod.impl.guiCore+com.moonsworth.lunar.client.framework.feature.nickhider+com.moonsworth.lunar.client.framework.feature.pvpinfo.pvp+com.moonsworth.lunar.client.framework.feature.rewind.mixin+com.moonsworth.lunar.client.framework.feature.rewind.rewindhandlers.highlight+com.moonsworth.lunar.client.framework.feature.rewind.rewindhandlers.mixin+com.moonsworth.lunar.client.framework.feature.screenshot+com.moonsworth.lunar.client.framework.feature.scrollabletooltips.mixin+com.moonsworth.lunar.client.framework.feature.worldeditcui+com.moonsworth.lunar.client.inventorymod+com.moonsworth.lunar.client.itemphysics.mixin+com.moonsworth.lunar.client.keystrokes+com.moonsworth.lunar.client.mod.render.heightlimit+com.moonsworth.lunar.client.mod.render.markers+com.moonsworth.lunar.client.mod.render.minimap+com.moonsworth.lunar.client.network.apollo+com.moonsworth.lunar.client.rewindhandlers+com.moonsworth.lunar.client.util.chest+com.moonsworth.lunar.client.util.chest.mixin+com.moonsworth.lunar.client.util.lotusfish.mixin+com.moonsworth.lunar.client.util.nameplate+com.moonsworth.lunar.config	ExcavationType3	com/moonsworth/lunar/client/framework/feature/mod/impl/alert/excavation/mixin/ExcavationType3.java
29	com.moonsworth.lunar.client.framework.feature.mod.fishing.lotusfish+com.moonsworth.lunar.client.framework.feature.mod.impl.alert.excavation.mixin+com.moonsworth.lunar.client.framework.feature.mod.impl.burrow.mixin+com.moonsworth.lunar.client.framework.feature.mod.impl.guiCore+com.moonsworth.lunar.client.framework.feature.nickhider+com.moonsworth.lunar.client.framework.feature.pvpinfo.pvp+com.moonsworth.lunar.client.framework.feature.rewind.mixin+com.moonsworth.lunar.client.framework.feature.rewind.rewindhandlers.highlight+com.moonsworth.lunar.client.framework.feature.rewind.rewindhandlers.mixin+com.moonsworth.lunar.client.framework.feature.screenshot+com.moonsworth.lunar.client.framework.feature.scrollabletooltips.mixin+com.moonsworth.lunar.client.framework.feature.worldeditcui+com.moonsworth.lunar.client.inventorymod+com.moonsworth.lunar.client.itemphysics.mixin+com.moonsworth.lunar.client.keystrokes+com.moonsworth.lunar.client.mod.render.heightlimit+com.moonsworth.lunar.client.mod.render.markers+com.moonsworth.lunar.client.mod.render.minimap+com.moonsworth.lunar.client.network.apollo+com.moonsworth.lunar.client.rewindhandlers+com.moonsworth.lunar.client.util.chest+com.moonsworth.lunar.client.util.chest.mixin+com.moonsworth.lunar.client.util.lotusfish.mixin+com.moonsworth.lunar.client.util.nameplate+com.moonsworth.lunar.config	BurrowType2	com/moonsworth/lunar/client/framework/feature/mod/impl/burrow/mixin/BurrowType2.java
29	com.moonsworth.lunar.client.framework.feature.mod.fishing.lotusfish+com.moonsworth.lunar.client.framework.feature.mod.impl.alert.excavation.mixin+com.moonsworth.lunar.client.framework.feature.mod.impl.burrow.mixin+com.moonsworth.lunar.client.framework.feature.mod.impl.guiCore+com.moonsworth.lunar.client.framework.feature.nickhider+com.moonsworth.lunar.client.framework.feature.pvpinfo.pvp+com.moonsworth.lunar.client.framework.feature.rewind.mixin+com.moonsworth.lunar.client.framework.feature.rewind.rewindhandlers.highlight+com.moonsworth.lunar.client.framework.feature.rewind.rewindhandlers.mixin+com.moonsworth.lunar.client.framework.feature.screenshot+com.moonsworth.lunar.client.framework.feature.scrollabletooltips.mixin+com.moonsworth.lunar.client.framework.feature.worldeditcui+com.moonsworth.lunar.client.inventorymod+com.moonsworth.lunar.client.itemphysics.mixin+com.moonsworth.lunar.client.keystrokes+com.moonsworth.lunar.client.mod.render.heightlimit+com.moonsworth.lunar.client.mod.render.markers+com.moonsworth.lunar.client.mod.render.minimap+com.moonsworth.lunar.client.network.apollo+com.moonsworth.lunar.client.rewindhandlers+com.moonsworth.lunar.client.util.chest+com.moonsworth.lunar.client.util.chest.mixin+com.moonsworth.lunar.client.util.lotusfish.mixin+com.moonsworth.lunar.client.util.nameplate+com.moonsworth.lunar.config	BurrowType3	com/moonsworth/lunar/client/framework/feature/mod/impl/burrow/mixin/BurrowType3.java
29	com.moonsworth.lunar.client.framework.feature.mod.fishing.lotusfish+com.moonsworth.lunar.client.framework.feature.mod.impl.alert.excavation.mixin+com.moonsworth.lunar.client.framework.feature.mod.impl.burrow.mixin+com.moonsworth.lunar.client.framework.feature.mod.impl.guiCore+com.moonsworth.lunar.client.framework.feature.nickhider+com.moonsworth.lunar.client.framework.feature.pvpinfo.pvp+com.moonsworth.lunar.client.framework.feature.rewind.mixin+com.moonsworth.lunar.client.framework.feature.rewind.rewindhandlers.highlight+com.moonsworth.lunar.client.framework.feature.rewind.rewindhandlers.mixin+com.moonsworth.lunar.client.framework.feature.screenshot+com.moonsworth.lunar.client.framework.feature.scrollabletooltips.mixin+com.moonsworth.lunar.client.framework.feature.worldeditcui+com.moonsworth.lunar.client.inventorymod+com.moonsworth.lunar.client.itemphysics.mixin+com.moonsworth.lunar.client.keystrokes+com.moonsworth.lunar.client.mod.render.heightlimit+com.moonsworth.lunar.client.mod.render.markers+com.moonsworth.lunar.client.mod.render.minimap+com.moonsworth.lunar.client.network.apollo+com.moonsworth.lunar.client.rewindhandlers+com.moonsworth.lunar.client.util.chest+com.moonsworth.lunar.client.util.chest.mixin+com.moonsworth.lunar.client.util.lotusfish.mixin+com.moonsworth.lunar.client.util.nameplate+com.moonsworth.lunar.config	Data2	com/moonsworth/lunar/client/framework/feature/mod/impl/guiCore/Framework7Extension2.java
29	com.moonsworth.lunar.client.framework.feature.mod.fishing.lotusfish+com.moonsworth.lunar.client.framework.feature.mod.impl.alert.excavation.mixin+com.moonsworth.lunar.client.framework.feature.mod.impl.burrow.mixin+com.moonsworth.lunar.client.framework.feature.mod.impl.guiCore+com.moonsworth.lunar.client.framework.feature.nickhider+com.moonsworth.lunar.client.framework.feature.pvpinfo.pvp+com.moonsworth.lunar.client.framework.feature.rewind.mixin+com.moonsworth.lunar.client.framework.feature.rewind.rewindhandlers.highlight+com.moonsworth.lunar.client.framework.feature.rewind.rewindhandlers.mixin+com.moonsworth.lunar.client.framework.feature.screenshot+com.moonsworth.lunar.client.framework.feature.scrollabletooltips.mixin+com.moonsworth.lunar.client.framework.feature.worldeditcui+com.moonsworth.lunar.client.inventorymod+com.moonsworth.lunar.client.itemphysics.mixin+com.moonsworth.lunar.client.keystrokes+com.moonsworth.lunar.client.mod.render.heightlimit+com.moonsworth.lunar.client.mod.render.markers+com.moonsworth.lunar.client.mod.render.minimap+com.moonsworth.lunar.client.network.apollo+com.moonsworth.lunar.client.rewindhandlers+com.moonsworth.lunar.client.util.chest+com.moonsworth.lunar.client.util.chest.mixin+com.moonsworth.lunar.client.util.lotusfish.mixin+com.moonsworth.lunar.client.util.nameplate+com.moonsworth.lunar.config	Framework7Extension2	com/moonsworth/lunar/client/framework/feature/mod/impl/guiCore/Framework7Extension2.java
29	com.moonsworth.lunar.client.framework.feature.mod.fishing.lotusfish+com.moonsworth.lunar.client.framework.feature.mod.impl.alert.excavation.mixin+com.moonsworth.lunar.client.framework.feature.mod.impl.burrow.mixin+com.moonsworth.lunar.client.framework.feature.mod.impl.guiCore+com.moonsworth.lunar.client.framework.feature.nickhider+com.moonsworth.lunar.client.framework.feature.pvpinfo.pvp+com.moonsworth.lunar.client.framework.feature.rewind.mixin+com.moonsworth.lunar.client.framework.feature.rewind.rewindhandlers.highlight+com.moonsworth.lunar.client.framework.feature.rewind.rewindhandlers.mixin+com.moonsworth.lunar.client.framework.feature.screenshot+com.moonsworth.lunar.client.framework.feature.scrollabletooltips.mixin+com.moonsworth.lunar.client.framework.feature.worldeditcui+com.moonsworth.lunar.client.inventorymod+com.moonsworth.lunar.client.itemphysics.mixin+com.moonsworth.lunar.client.keystrokes+com.moonsworth.lunar.client.mod.render.heightlimit+com.moonsworth.lunar.client.mod.render.markers+com.moonsworth.lunar.client.mod.render.minimap+com.moonsworth.lunar.client.network.apollo+com.moonsworth.lunar.client.rewindhandlers+com.moonsworth.lunar.client.util.chest+com.moonsworth.lunar.client.util.chest.mixin+com.moonsworth.lunar.client.util.lotusfish.mixin+com.moonsworth.lunar.client.util.nameplate+com.moonsworth.lunar.config	Nickhider2	com/moonsworth/lunar/client/framework/feature/nickhider/Nickhider2.java
29	com.moonsworth.lunar.client.framework.feature.mod.fishing.lotusfish+com.moonsworth.lunar.client.framework.feature.mod.impl.alert.excavation.mixin+com.moonsworth.lunar.client.framework.feature.mod.impl.burrow.mixin+com.moonsworth.lunar.client.framework.feature.mod.impl.guiCore+com.moonsworth.lunar.client.framework.feature.nickhider+com.moonsworth.lunar.client.framework.feature.pvpinfo.pvp+com.moonsworth.lunar.client.framework.feature.rewind.mixin+com.moonsworth.lunar.client.framework.feature.rewind.rewindhandlers.highlight+com.moonsworth.lunar.client.framework.feature.rewind.rewindhandlers.mixin+com.moonsworth.lunar.client.framework.feature.screenshot+com.moonsworth.lunar.client.framework.feature.scrollabletooltips.mixin+com.moonsworth.lunar.client.framework.feature.worldeditcui+com.moonsworth.lunar.client.inventorymod+com.moonsworth.lunar.client.itemphysics.mixin+com.moonsworth.lunar.client.keystrokes+com.moonsworth.lunar.client.mod.render.heightlimit+com.moonsworth.lunar.client.mod.render.markers+com.moonsworth.lunar.client.mod.render.minimap+com.moonsworth.lunar.client.network.apollo+com.moonsworth.lunar.client.rewindhandlers+com.moonsworth.lunar.client.util.chest+com.moonsworth.lunar.client.util.chest.mixin+com.moonsworth.lunar.client.util.lotusfish.mixin+com.moonsworth.lunar.client.util.nameplate+com.moonsworth.lunar.config	Nickhider3	com/moonsworth/lunar/client/framework/feature/nickhider/Nickhider3.java
29	com.moonsworth.lunar.client.framework.feature.mod.fishing.lotusfish+com.moonsworth.lunar.client.framework.feature.mod.impl.alert.excavation.mixin+com.moonsworth.lunar.client.framework.feature.mod.impl.burrow.mixin+com.moonsworth.lunar.client.framework.feature.mod.impl.guiCore+com.moonsworth.lunar.client.framework.feature.nickhider+com.moonsworth.lunar.client.framework.feature.pvpinfo.pvp+com.moonsworth.lunar.client.framework.feature.rewind.mixin+com.moonsworth.lunar.client.framework.feature.rewind.rewindhandlers.highlight+com.moonsworth.lunar.client.framework.feature.rewind.rewindhandlers.mixin+com.moonsworth.lunar.client.framework.feature.screenshot+com.moonsworth.lunar.client.framework.feature.scrollabletooltips.mixin+com.moonsworth.lunar.client.framework.feature.worldeditcui+com.moonsworth.lunar.client.inventorymod+com.moonsworth.lunar.client.itemphysics.mixin+com.moonsworth.lunar.client.keystrokes+com.moonsworth.lunar.client.mod.render.heightlimit+com.moonsworth.lunar.client.mod.render.markers+com.moonsworth.lunar.client.mod.render.minimap+com.moonsworth.lunar.client.network.apollo+com.moonsworth.lunar.client.rewindhandlers+com.moonsworth.lunar.client.util.chest+com.moonsworth.lunar.client.util.chest.mixin+com.moonsworth.lunar.client.util.lotusfish.mixin+com.moonsworth.lunar.client.util.nameplate+com.moonsworth.lunar.config	Data3	com/moonsworth/lunar/client/framework/feature/pvpinfo/pvp/Framework7Extension2.java
29	com.moonsworth.lunar.client.framework.feature.mod.fishing.lotusfish+com.moonsworth.lunar.client.framework.feature.mod.impl.alert.excavation.mixin+com.moonsworth.lunar.client.framework.feature.mod.impl.burrow.mixin+com.moonsworth.lunar.client.framework.feature.mod.impl.guiCore+com.moonsworth.lunar.client.framework.feature.nickhider+com.moonsworth.lunar.client.framework.feature.pvpinfo.pvp+com.moonsworth.lunar.client.framework.feature.rewind.mixin+com.moonsworth.lunar.client.framework.feature.rewind.rewindhandlers.highlight+com.moonsworth.lunar.client.framework.feature.rewind.rewindhandlers.mixin+com.moonsworth.lunar.client.framework.feature.screenshot+com.moonsworth.lunar.client.framework.feature.scrollabletooltips.mixin+com.moonsworth.lunar.client.framework.feature.worldeditcui+com.moonsworth.lunar.client.inventorymod+com.moonsworth.lunar.client.itemphysics.mixin+com.moonsworth.lunar.client.keystrokes+com.moonsworth.lunar.client.mod.render.heightlimit+com.moonsworth.lunar.client.mod.render.markers+com.moonsworth.lunar.client.mod.render.minimap+com.moonsworth.lunar.client.network.apollo+com.moonsworth.lunar.client.rewindhandlers+com.moonsworth.lunar.client.util.chest+com.moonsworth.lunar.client.util.chest.mixin+com.moonsworth.lunar.client.util.lotusfish.mixin+com.moonsworth.lunar.client.util.nameplate+com.moonsworth.lunar.config	Framework7Extension2	com/moonsworth/lunar/client/framework/feature/pvpinfo/pvp/Framework7Extension2.java
29	com.moonsworth.lunar.client.framework.feature.mod.fishing.lotusfish+com.moonsworth.lunar.client.framework.feature.mod.impl.alert.excavation.mixin+com.moonsworth.lunar.client.framework.feature.mod.impl.burrow.mixin+com.moonsworth.lunar.client.framework.feature.mod.impl.guiCore+com.moonsworth.lunar.client.framework.feature.nickhider+com.moonsworth.lunar.client.framework.feature.pvpinfo.pvp+com.moonsworth.lunar.client.framework.feature.rewind.mixin+com.moonsworth.lunar.client.framework.feature.rewind.rewindhandlers.highlight+com.moonsworth.lunar.client.framework.feature.rewind.rewindhandlers.mixin+com.moonsworth.lunar.client.framework.feature.screenshot+com.moonsworth.lunar.client.framework.feature.scrollabletooltips.mixin+com.moonsworth.lunar.client.framework.feature.worldeditcui+com.moonsworth.lunar.client.inventorymod+com.moonsworth.lunar.client.itemphysics.mixin+com.moonsworth.lunar.client.keystrokes+com.moonsworth.lunar.client.mod.render.heightlimit+com.moonsworth.lunar.client.mod.render.markers+com.moonsworth.lunar.client.mod.render.minimap+com.moonsworth.lunar.client.network.apollo+com.moonsworth.lunar.client.rewindhandlers+com.moonsworth.lunar.client.util.chest+com.moonsworth.lunar.client.util.chest.mixin+com.moonsworth.lunar.client.util.lotusfish.mixin+com.moonsworth.lunar.client.util.nameplate+com.moonsworth.lunar.config	Rewind2	com/moonsworth/lunar/client/framework/feature/rewind/mixin/Rewind2.java
29	com.moonsworth.lunar.client.framework.feature.mod.fishing.lotusfish+com.moonsworth.lunar.client.framework.feature.mod.impl.alert.excavation.mixin+com.moonsworth.lunar.client.framework.feature.mod.impl.burrow.mixin+com.moonsworth.lunar.client.framework.feature.mod.impl.guiCore+com.moonsworth.lunar.client.framework.feature.nickhider+com.moonsworth.lunar.client.framework.feature.pvpinfo.pvp+com.moonsworth.lunar.client.framework.feature.rewind.mixin+com.moonsworth.lunar.client.framework.feature.rewind.rewindhandlers.highlight+com.moonsworth.lunar.client.framework.feature.rewind.rewindhandlers.mixin+com.moonsworth.lunar.client.framework.feature.screenshot+com.moonsworth.lunar.client.framework.feature.scrollabletooltips.mixin+com.moonsworth.lunar.client.framework.feature.worldeditcui+com.moonsworth.lunar.client.inventorymod+com.moonsworth.lunar.client.itemphysics.mixin+com.moonsworth.lunar.client.keystrokes+com.moonsworth.lunar.client.mod.render.heightlimit+com.moonsworth.lunar.client.mod.render.markers+com.moonsworth.lunar.client.mod.render.minimap+com.moonsworth.lunar.client.network.apollo+com.moonsworth.lunar.client.rewindhandlers+com.moonsworth.lunar.client.util.chest+com.moonsworth.lunar.client.util.chest.mixin+com.moonsworth.lunar.client.util.lotusfish.mixin+com.moonsworth.lunar.client.util.nameplate+com.moonsworth.lunar.config	Rewind3	com/moonsworth/lunar/client/framework/feature/rewind/mixin/Rewind3.java
29	com.moonsworth.lunar.client.framework.feature.mod.fishing.lotusfish+com.moonsworth.lunar.client.framework.feature.mod.impl.alert.excavation.mixin+com.moonsworth.lunar.client.framework.feature.mod.impl.burrow.mixin+com.moonsworth.lunar.client.framework.feature.mod.impl.guiCore+com.moonsworth.lunar.client.framework.feature.nickhider+com.moonsworth.lunar.client.framework.feature.pvpinfo.pvp+com.moonsworth.lunar.client.framework.feature.rewind.mixin+com.moonsworth.lunar.client.framework.feature.rewind.rewindhandlers.highlight+com.moonsworth.lunar.client.framework.feature.rewind.rewindhandlers.mixin+com.moonsworth.lunar.client.framework.feature.screenshot+com.moonsworth.lunar.client.framework.feature.scrollabletooltips.mixin+com.moonsworth.lunar.client.framework.feature.worldeditcui+com.moonsworth.lunar.client.inventorymod+com.moonsworth.lunar.client.itemphysics.mixin+com.moonsworth.lunar.client.keystrokes+com.moonsworth.lunar.client.mod.render.heightlimit+com.moonsworth.lunar.client.mod.render.markers+com.moonsworth.lunar.client.mod.render.minimap+com.moonsworth.lunar.client.network.apollo+com.moonsworth.lunar.client.rewindhandlers+com.moonsworth.lunar.client.util.chest+com.moonsworth.lunar.client.util.chest.mixin+com.moonsworth.lunar.client.util.lotusfish.mixin+com.moonsworth.lunar.client.util.nameplate+com.moonsworth.lunar.config	Highlight2	com/moonsworth/lunar/client/framework/feature/rewind/rewindhandlers/highlight/Highlight2.java
29	com.moonsworth.lunar.client.framework.feature.mod.fishing.lotusfish+com.moonsworth.lunar.client.framework.feature.mod.impl.alert.excavation.mixin+com.moonsworth.lunar.client.framework.feature.mod.impl.burrow.mixin+com.moonsworth.lunar.client.framework.feature.mod.impl.guiCore+com.moonsworth.lunar.client.framework.feature.nickhider+com.moonsworth.lunar.client.framework.feature.pvpinfo.pvp+com.moonsworth.lunar.client.framework.feature.rewind.mixin+com.moonsworth.lunar.client.framework.feature.rewind.rewindhandlers.highlight+com.moonsworth.lunar.client.framework.feature.rewind.rewindhandlers.mixin+com.moonsworth.lunar.client.framework.feature.screenshot+com.moonsworth.lunar.client.framework.feature.scrollabletooltips.mixin+com.moonsworth.lunar.client.framework.feature.worldeditcui+com.moonsworth.lunar.client.inventorymod+com.moonsworth.lunar.client.itemphysics.mixin+com.moonsworth.lunar.client.keystrokes+com.moonsworth.lunar.client.mod.render.heightlimit+com.moonsworth.lunar.client.mod.render.markers+com.moonsworth.lunar.client.mod.render.minimap+com.moonsworth.lunar.client.network.apollo+com.moonsworth.lunar.client.rewindhandlers+com.moonsworth.lunar.client.util.chest+com.moonsworth.lunar.client.util.chest.mixin+com.moonsworth.lunar.client.util.lotusfish.mixin+com.moonsworth.lunar.client.util.nameplate+com.moonsworth.lunar.config	Highlight_2	com/moonsworth/lunar/client/framework/feature/rewind/rewindhandlers/highlight/Highlight_2.java
29	com.moonsworth.lunar.client.framework.feature.mod.fishing.lotusfish+com.moonsworth.lunar.client.framework.feature.mod.impl.alert.excavation.mixin+com.moonsworth.lunar.client.framework.feature.mod.impl.burrow.mixin+com.moonsworth.lunar.client.framework.feature.mod.impl.guiCore+com.moonsworth.lunar.client.framework.feature.nickhider+com.moonsworth.lunar.client.framework.feature.pvpinfo.pvp+com.moonsworth.lunar.client.framework.feature.rewind.mixin+com.moonsworth.lunar.client.framework.feature.rewind.rewindhandlers.highlight+com.moonsworth.lunar.client.framework.feature.rewind.rewindhandlers.mixin+com.moonsworth.lunar.client.framework.feature.screenshot+com.moonsworth.lunar.client.framework.feature.scrollabletooltips.mixin+com.moonsworth.lunar.client.framework.feature.worldeditcui+com.moonsworth.lunar.client.inventorymod+com.moonsworth.lunar.client.itemphysics.mixin+com.moonsworth.lunar.client.keystrokes+com.moonsworth.lunar.client.mod.render.heightlimit+com.moonsworth.lunar.client.mod.render.markers+com.moonsworth.lunar.client.mod.render.minimap+com.moonsworth.lunar.client.network.apollo+com.moonsworth.lunar.client.rewindhandlers+com.moonsworth.lunar.client.util.chest+com.moonsworth.lunar.client.util.chest.mixin+com.moonsworth.lunar.client.util.lotusfish.mixin+com.moonsworth.lunar.client.util.nameplate+com.moonsworth.lunar.config	Rewindhandlers2	com/moonsworth/lunar/client/framework/feature/rewind/rewindhandlers/mixin/Rewindhandlers2.java
29	com.moonsworth.lunar.client.framework.feature.mod.fishing.lotusfish+com.moonsworth.lunar.client.framework.feature.mod.impl.alert.excavation.mixin+com.moonsworth.lunar.client.framework.feature.mod.impl.burrow.mixin+com.moonsworth.lunar.client.framework.feature.mod.impl.guiCore+com.moonsworth.lunar.client.framework.feature.nickhider+com.moonsworth.lunar.client.framework.feature.pvpinfo.pvp+com.moonsworth.lunar.client.framework.feature.rewind.mixin+com.moonsworth.lunar.client.framework.feature.rewind.rewindhandlers.highlight+com.moonsworth.lunar.client.framework.feature.rewind.rewindhandlers.mixin+com.moonsworth.lunar.client.framework.feature.screenshot+com.moonsworth.lunar.client.framework.feature.scrollabletooltips.mixin+com.moonsworth.lunar.client.framework.feature.worldeditcui+com.moonsworth.lunar.client.inventorymod+com.moonsworth.lunar.client.itemphysics.mixin+com.moonsworth.lunar.client.keystrokes+com.moonsworth.lunar.client.mod.render.heightlimit+com.moonsworth.lunar.client.mod.render.markers+com.moonsworth.lunar.client.mod.render.minimap+com.moonsworth.lunar.client.network.apollo+com.moonsworth.lunar.client.rewindhandlers+com.moonsworth.lunar.client.util.chest+com.moonsworth.lunar.client.util.chest.mixin+com.moonsworth.lunar.client.util.lotusfish.mixin+com.moonsworth.lunar.client.util.nameplate+com.moonsworth.lunar.config	RewindhandlersImpl2	com/moonsworth/lunar/client/framework/feature/rewind/rewindhandlers/mixin/RewindhandlersImpl2.java
29	com.moonsworth.lunar.client.framework.feature.mod.fishing.lotusfish+com.moonsworth.lunar.client.framework.feature.mod.impl.alert.excavation.mixin+com.moonsworth.lunar.client.framework.feature.mod.impl.burrow.mixin+com.moonsworth.lunar.client.framework.feature.mod.impl.guiCore+com.moonsworth.lunar.client.framework.feature.nickhider+com.moonsworth.lunar.client.framework.feature.pvpinfo.pvp+com.moonsworth.lunar.client.framework.feature.rewind.mixin+com.moonsworth.lunar.client.framework.feature.rewind.rewindhandlers.highlight+com.moonsworth.lunar.client.framework.feature.rewind.rewindhandlers.mixin+com.moonsworth.lunar.client.framework.feature.screenshot+com.moonsworth.lunar.client.framework.feature.scrollabletooltips.mixin+com.moonsworth.lunar.client.framework.feature.worldeditcui+com.moonsworth.lunar.client.inventorymod+com.moonsworth.lunar.client.itemphysics.mixin+com.moonsworth.lunar.client.keystrokes+com.moonsworth.lunar.client.mod.render.heightlimit+com.moonsworth.lunar.client.mod.render.markers+com.moonsworth.lunar.client.mod.render.minimap+com.moonsworth.lunar.client.network.apollo+com.moonsworth.lunar.client.rewindhandlers+com.moonsworth.lunar.client.util.chest+com.moonsworth.lunar.client.util.chest.mixin+com.moonsworth.lunar.client.util.lotusfish.mixin+com.moonsworth.lunar.client.util.nameplate+com.moonsworth.lunar.config	Screenshot2	com/moonsworth/lunar/client/framework/feature/screenshot/Screenshot2.java
29	com.moonsworth.lunar.client.framework.feature.mod.fishing.lotusfish+com.moonsworth.lunar.client.framework.feature.mod.impl.alert.excavation.mixin+com.moonsworth.lunar.client.framework.feature.mod.impl.burrow.mixin+com.moonsworth.lunar.client.framework.feature.mod.impl.guiCore+com.moonsworth.lunar.client.framework.feature.nickhider+com.moonsworth.lunar.client.framework.feature.pvpinfo.pvp+com.moonsworth.lunar.client.framework.feature.rewind.mixin+com.moonsworth.lunar.client.framework.feature.rewind.rewindhandlers.highlight+com.moonsworth.lunar.client.framework.feature.rewind.rewindhandlers.mixin+com.moonsworth.lunar.client.framework.feature.screenshot+com.moonsworth.lunar.client.framework.feature.scrollabletooltips.mixin+com.moonsworth.lunar.client.framework.feature.worldeditcui+com.moonsworth.lunar.client.inventorymod+com.moonsworth.lunar.client.itemphysics.mixin+com.moonsworth.lunar.client.keystrokes+com.moonsworth.lunar.client.mod.render.heightlimit+com.moonsworth.lunar.client.mod.render.markers+com.moonsworth.lunar.client.mod.render.minimap+com.moonsworth.lunar.client.network.apollo+com.moonsworth.lunar.client.rewindhandlers+com.moonsworth.lunar.client.util.chest+com.moonsworth.lunar.client.util.chest.mixin+com.moonsworth.lunar.client.util.lotusfish.mixin+com.moonsworth.lunar.client.util.nameplate+com.moonsworth.lunar.config	ScreenshotThread2	com/moonsworth/lunar/client/framework/feature/screenshot/ScreenshotThread2.java
29	com.moonsworth.lunar.client.framework.feature.mod.fishing.lotusfish+com.moonsworth.lunar.client.framework.feature.mod.impl.alert.excavation.mixin+com.moonsworth.lunar.client.framework.feature.mod.impl.burrow.mixin+com.moonsworth.lunar.client.framework.feature.mod.impl.guiCore+com.moonsworth.lunar.client.framework.feature.nickhider+com.moonsworth.lunar.client.framework.feature.pvpinfo.pvp+com.moonsworth.lunar.client.framework.feature.rewind.mixin+com.moonsworth.lunar.client.framework.feature.rewind.rewindhandlers.highlight+com.moonsworth.lunar.client.framework.feature.rewind.rewindhandlers.mixin+com.moonsworth.lunar.client.framework.feature.screenshot+com.moonsworth.lunar.client.framework.feature.scrollabletooltips.mixin+com.moonsworth.lunar.client.framework.feature.worldeditcui+com.moonsworth.lunar.client.inventorymod+com.moonsworth.lunar.client.itemphysics.mixin+com.moonsworth.lunar.client.keystrokes+com.moonsworth.lunar.client.mod.render.heightlimit+com.moonsworth.lunar.client.mod.render.markers+com.moonsworth.lunar.client.mod.render.minimap+com.moonsworth.lunar.client.network.apollo+com.moonsworth.lunar.client.rewindhandlers+com.moonsworth.lunar.client.util.chest+com.moonsworth.lunar.client.util.chest.mixin+com.moonsworth.lunar.client.util.lotusfish.mixin+com.moonsworth.lunar.client.util.nameplate+com.moonsworth.lunar.config	ScrollabletooltipsHandler2	com/moonsworth/lunar/client/framework/feature/scrollabletooltips/mixin/ScrollabletooltipsHandler2.java
29	com.moonsworth.lunar.client.framework.feature.mod.fishing.lotusfish+com.moonsworth.lunar.client.framework.feature.mod.impl.alert.excavation.mixin+com.moonsworth.lunar.client.framework.feature.mod.impl.burrow.mixin+com.moonsworth.lunar.client.framework.feature.mod.impl.guiCore+com.moonsworth.lunar.client.framework.feature.nickhider+com.moonsworth.lunar.client.framework.feature.pvpinfo.pvp+com.moonsworth.lunar.client.framework.feature.rewind.mixin+com.moonsworth.lunar.client.framework.feature.rewind.rewindhandlers.highlight+com.moonsworth.lunar.client.framework.feature.rewind.rewindhandlers.mixin+com.moonsworth.lunar.client.framework.feature.screenshot+com.moonsworth.lunar.client.framework.feature.scrollabletooltips.mixin+com.moonsworth.lunar.client.framework.feature.worldeditcui+com.moonsworth.lunar.client.inventorymod+com.moonsworth.lunar.client.itemphysics.mixin+com.moonsworth.lunar.client.keystrokes+com.moonsworth.lunar.client.mod.render.heightlimit+com.moonsworth.lunar.client.mod.render.markers+com.moonsworth.lunar.client.mod.render.minimap+com.moonsworth.lunar.client.network.apollo+com.moonsworth.lunar.client.rewindhandlers+com.moonsworth.lunar.client.util.chest+com.moonsworth.lunar.client.util.chest.mixin+com.moonsworth.lunar.client.util.lotusfish.mixin+com.moonsworth.lunar.client.util.nameplate+com.moonsworth.lunar.config	ScrollabletooltipsHandler3	com/moonsworth/lunar/client/framework/feature/scrollabletooltips/mixin/ScrollabletooltipsHandler3.java
29	com.moonsworth.lunar.client.framework.feature.mod.fishing.lotusfish+com.moonsworth.lunar.client.framework.feature.mod.impl.alert.excavation.mixin+com.moonsworth.lunar.client.framework.feature.mod.impl.burrow.mixin+com.moonsworth.lunar.client.framework.feature.mod.impl.guiCore+com.moonsworth.lunar.client.framework.feature.nickhider+com.moonsworth.lunar.client.framework.feature.pvpinfo.pvp+com.moonsworth.lunar.client.framework.feature.rewind.mixin+com.moonsworth.lunar.client.framework.feature.rewind.rewindhandlers.highlight+com.moonsworth.lunar.client.framework.feature.rewind.rewindhandlers.mixin+com.moonsworth.lunar.client.framework.feature.screenshot+com.moonsworth.lunar.client.framework.feature.scrollabletooltips.mixin+com.moonsworth.lunar.client.framework.feature.worldeditcui+com.moonsworth.lunar.client.inventorymod+com.moonsworth.lunar.client.itemphysics.mixin+com.moonsworth.lunar.client.keystrokes+com.moonsworth.lunar.client.mod.render.heightlimit+com.moonsworth.lunar.client.mod.render.markers+com.moonsworth.lunar.client.mod.render.minimap+com.moonsworth.lunar.client.network.apollo+com.moonsworth.lunar.client.rewindhandlers+com.moonsworth.lunar.client.util.chest+com.moonsworth.lunar.client.util.chest.mixin+com.moonsworth.lunar.client.util.lotusfish.mixin+com.moonsworth.lunar.client.util.nameplate+com.moonsworth.lunar.config	Worldeditcui2	com/moonsworth/lunar/client/framework/feature/worldeditcui/Worldeditcui2.java
29	com.moonsworth.lunar.client.framework.feature.mod.fishing.lotusfish+com.moonsworth.lunar.client.framework.feature.mod.impl.alert.excavation.mixin+com.moonsworth.lunar.client.framework.feature.mod.impl.burrow.mixin+com.moonsworth.lunar.client.framework.feature.mod.impl.guiCore+com.moonsworth.lunar.client.framework.feature.nickhider+com.moonsworth.lunar.client.framework.feature.pvpinfo.pvp+com.moonsworth.lunar.client.framework.feature.rewind.mixin+com.moonsworth.lunar.client.framework.feature.rewind.rewindhandlers.highlight+com.moonsworth.lunar.client.framework.feature.rewind.rewindhandlers.mixin+com.moonsworth.lunar.client.framework.feature.screenshot+com.moonsworth.lunar.client.framework.feature.scrollabletooltips.mixin+com.moonsworth.lunar.client.framework.feature.worldeditcui+com.moonsworth.lunar.client.inventorymod+com.moonsworth.lunar.client.itemphysics.mixin+com.moonsworth.lunar.client.keystrokes+com.moonsworth.lunar.client.mod.render.heightlimit+com.moonsworth.lunar.client.mod.render.markers+com.moonsworth.lunar.client.mod.render.minimap+com.moonsworth.lunar.client.network.apollo+com.moonsworth.lunar.client.rewindhandlers+com.moonsworth.lunar.client.util.chest+com.moonsworth.lunar.client.util.chest.mixin+com.moonsworth.lunar.client.util.lotusfish.mixin+com.moonsworth.lunar.client.util.nameplate+com.moonsworth.lunar.config	Worldeditcui_2	com/moonsworth/lunar/client/framework/feature/worldeditcui/Worldeditcui_2.java
29	com.moonsworth.lunar.client.framework.feature.mod.fishing.lotusfish+com.moonsworth.lunar.client.framework.feature.mod.impl.alert.excavation.mixin+com.moonsworth.lunar.client.framework.feature.mod.impl.burrow.mixin+com.moonsworth.lunar.client.framework.feature.mod.impl.guiCore+com.moonsworth.lunar.client.framework.feature.nickhider+com.moonsworth.lunar.client.framework.feature.pvpinfo.pvp+com.moonsworth.lunar.client.framework.feature.rewind.mixin+com.moonsworth.lunar.client.framework.feature.rewind.rewindhandlers.highlight+com.moonsworth.lunar.client.framework.feature.rewind.rewindhandlers.mixin+com.moonsworth.lunar.client.framework.feature.screenshot+com.moonsworth.lunar.client.framework.feature.scrollabletooltips.mixin+com.moonsworth.lunar.client.framework.feature.worldeditcui+com.moonsworth.lunar.client.inventorymod+com.moonsworth.lunar.client.itemphysics.mixin+com.moonsworth.lunar.client.keystrokes+com.moonsworth.lunar.client.mod.render.heightlimit+com.moonsworth.lunar.client.mod.render.markers+com.moonsworth.lunar.client.mod.render.minimap+com.moonsworth.lunar.client.network.apollo+com.moonsworth.lunar.client.rewindhandlers+com.moonsworth.lunar.client.util.chest+com.moonsworth.lunar.client.util.chest.mixin+com.moonsworth.lunar.client.util.lotusfish.mixin+com.moonsworth.lunar.client.util.nameplate+com.moonsworth.lunar.config	Inventorymod2	com/moonsworth/lunar/client/inventorymod/Inventorymod2.java
29	com.moonsworth.lunar.client.framework.feature.mod.fishing.lotusfish+com.moonsworth.lunar.client.framework.feature.mod.impl.alert.excavation.mixin+com.moonsworth.lunar.client.framework.feature.mod.impl.burrow.mixin+com.moonsworth.lunar.client.framework.feature.mod.impl.guiCore+com.moonsworth.lunar.client.framework.feature.nickhider+com.moonsworth.lunar.client.framework.feature.pvpinfo.pvp+com.moonsworth.lunar.client.framework.feature.rewind.mixin+com.moonsworth.lunar.client.framework.feature.rewind.rewindhandlers.highlight+com.moonsworth.lunar.client.framework.feature.rewind.rewindhandlers.mixin+com.moonsworth.lunar.client.framework.feature.screenshot+com.moonsworth.lunar.client.framework.feature.scrollabletooltips.mixin+com.moonsworth.lunar.client.framework.feature.worldeditcui+com.moonsworth.lunar.client.inventorymod+com.moonsworth.lunar.client.itemphysics.mixin+com.moonsworth.lunar.client.keystrokes+com.moonsworth.lunar.client.mod.render.heightlimit+com.moonsworth.lunar.client.mod.render.markers+com.moonsworth.lunar.client.mod.render.minimap+com.moonsworth.lunar.client.network.apollo+com.moonsworth.lunar.client.rewindhandlers+com.moonsworth.lunar.client.util.chest+com.moonsworth.lunar.client.util.chest.mixin+com.moonsworth.lunar.client.util.lotusfish.mixin+com.moonsworth.lunar.client.util.nameplate+com.moonsworth.lunar.config	Inventorymod3	com/moonsworth/lunar/client/inventorymod/Inventorymod3.java
29	com.moonsworth.lunar.client.framework.feature.mod.fishing.lotusfish+com.moonsworth.lunar.client.framework.feature.mod.impl.alert.excavation.mixin+com.moonsworth.lunar.client.framework.feature.mod.impl.burrow.mixin+com.moonsworth.lunar.client.framework.feature.mod.impl.guiCore+com.moonsworth.lunar.client.framework.feature.nickhider+com.moonsworth.lunar.client.framework.feature.pvpinfo.pvp+com.moonsworth.lunar.client.framework.feature.rewind.mixin+com.moonsworth.lunar.client.framework.feature.rewind.rewindhandlers.highlight+com.moonsworth.lunar.client.framework.feature.rewind.rewindhandlers.mixin+com.moonsworth.lunar.client.framework.feature.screenshot+com.moonsworth.lunar.client.framework.feature.scrollabletooltips.mixin+com.moonsworth.lunar.client.framework.feature.worldeditcui+com.moonsworth.lunar.client.inventorymod+com.moonsworth.lunar.client.itemphysics.mixin+com.moonsworth.lunar.client.keystrokes+com.moonsworth.lunar.client.mod.render.heightlimit+com.moonsworth.lunar.client.mod.render.markers+com.moonsworth.lunar.client.mod.render.minimap+com.moonsworth.lunar.client.network.apollo+com.moonsworth.lunar.client.rewindhandlers+com.moonsworth.lunar.client.util.chest+com.moonsworth.lunar.client.util.chest.mixin+com.moonsworth.lunar.client.util.lotusfish.mixin+com.moonsworth.lunar.client.util.nameplate+com.moonsworth.lunar.config	Itemphysics2	com/moonsworth/lunar/client/itemphysics/mixin/Itemphysics2.java
29	com.moonsworth.lunar.client.framework.feature.mod.fishing.lotusfish+com.moonsworth.lunar.client.framework.feature.mod.impl.alert.excavation.mixin+com.moonsworth.lunar.client.framework.feature.mod.impl.burrow.mixin+com.moonsworth.lunar.client.framework.feature.mod.impl.guiCore+com.moonsworth.lunar.client.framework.feature.nickhider+com.moonsworth.lunar.client.framework.feature.pvpinfo.pvp+com.moonsworth.lunar.client.framework.feature.rewind.mixin+com.moonsworth.lunar.client.framework.feature.rewind.rewindhandlers.highlight+com.moonsworth.lunar.client.framework.feature.rewind.rewindhandlers.mixin+com.moonsworth.lunar.client.framework.feature.screenshot+com.moonsworth.lunar.client.framework.feature.scrollabletooltips.mixin+com.moonsworth.lunar.client.framework.feature.worldeditcui+com.moonsworth.lunar.client.inventorymod+com.moonsworth.lunar.client.itemphysics.mixin+com.moonsworth.lunar.client.keystrokes+com.moonsworth.lunar.client.mod.render.heightlimit+com.moonsworth.lunar.client.mod.render.markers+com.moonsworth.lunar.client.mod.render.minimap+com.moonsworth.lunar.client.network.apollo+com.moonsworth.lunar.client.rewindhandlers+com.moonsworth.lunar.client.util.chest+com.moonsworth.lunar.client.util.chest.mixin+com.moonsworth.lunar.client.util.lotusfish.mixin+com.moonsworth.lunar.client.util.nameplate+com.moonsworth.lunar.config	Itemphysics3	com/moonsworth/lunar/client/itemphysics/mixin/Itemphysics3.java
29	com.moonsworth.lunar.client.framework.feature.mod.fishing.lotusfish+com.moonsworth.lunar.client.framework.feature.mod.impl.alert.excavation.mixin+com.moonsworth.lunar.client.framework.feature.mod.impl.burrow.mixin+com.moonsworth.lunar.client.framework.feature.mod.impl.guiCore+com.moonsworth.lunar.client.framework.feature.nickhider+com.moonsworth.lunar.client.framework.feature.pvpinfo.pvp+com.moonsworth.lunar.client.framework.feature.rewind.mixin+com.moonsworth.lunar.client.framework.feature.rewind.rewindhandlers.highlight+com.moonsworth.lunar.client.framework.feature.rewind.rewindhandlers.mixin+com.moonsworth.lunar.client.framework.feature.screenshot+com.moonsworth.lunar.client.framework.feature.scrollabletooltips.mixin+com.moonsworth.lunar.client.framework.feature.worldeditcui+com.moonsworth.lunar.client.inventorymod+com.moonsworth.lunar.client.itemphysics.mixin+com.moonsworth.lunar.client.keystrokes+com.moonsworth.lunar.client.mod.render.heightlimit+com.moonsworth.lunar.client.mod.render.markers+com.moonsworth.lunar.client.mod.render.minimap+com.moonsworth.lunar.client.network.apollo+com.moonsworth.lunar.client.rewindhandlers+com.moonsworth.lunar.client.util.chest+com.moonsworth.lunar.client.util.chest.mixin+com.moonsworth.lunar.client.util.lotusfish.mixin+com.moonsworth.lunar.client.util.nameplate+com.moonsworth.lunar.config	Keystrokes2	com/moonsworth/lunar/client/keystrokes/Keystrokes2.java
29	com.moonsworth.lunar.client.framework.feature.mod.fishing.lotusfish+com.moonsworth.lunar.client.framework.feature.mod.impl.alert.excavation.mixin+com.moonsworth.lunar.client.framework.feature.mod.impl.burrow.mixin+com.moonsworth.lunar.client.framework.feature.mod.impl.guiCore+com.moonsworth.lunar.client.framework.feature.nickhider+com.moonsworth.lunar.client.framework.feature.pvpinfo.pvp+com.moonsworth.lunar.client.framework.feature.rewind.mixin+com.moonsworth.lunar.client.framework.feature.rewind.rewindhandlers.highlight+com.moonsworth.lunar.client.framework.feature.rewind.rewindhandlers.mixin+com.moonsworth.lunar.client.framework.feature.screenshot+com.moonsworth.lunar.client.framework.feature.scrollabletooltips.mixin+com.moonsworth.lunar.client.framework.feature.worldeditcui+com.moonsworth.lunar.client.inventorymod+com.moonsworth.lunar.client.itemphysics.mixin+com.moonsworth.lunar.client.keystrokes+com.moonsworth.lunar.client.mod.render.heightlimit+com.moonsworth.lunar.client.mod.render.markers+com.moonsworth.lunar.client.mod.render.minimap+com.moonsworth.lunar.client.network.apollo+com.moonsworth.lunar.client.rewindhandlers+com.moonsworth.lunar.client.util.chest+com.moonsworth.lunar.client.util.chest.mixin+com.moonsworth.lunar.client.util.lotusfish.mixin+com.moonsworth.lunar.client.util.nameplate+com.moonsworth.lunar.config	Keystrokes3	com/moonsworth/lunar/client/keystrokes/Keystrokes3.java
29	com.moonsworth.lunar.client.framework.feature.mod.fishing.lotusfish+com.moonsworth.lunar.client.framework.feature.mod.impl.alert.excavation.mixin+com.moonsworth.lunar.client.framework.feature.mod.impl.burrow.mixin+com.moonsworth.lunar.client.framework.feature.mod.impl.guiCore+com.moonsworth.lunar.client.framework.feature.nickhider+com.moonsworth.lunar.client.framework.feature.pvpinfo.pvp+com.moonsworth.lunar.client.framework.feature.rewind.mixin+com.moonsworth.lunar.client.framework.feature.rewind.rewindhandlers.highlight+com.moonsworth.lunar.client.framework.feature.rewind.rewindhandlers.mixin+com.moonsworth.lunar.client.framework.feature.screenshot+com.moonsworth.lunar.client.framework.feature.scrollabletooltips.mixin+com.moonsworth.lunar.client.framework.feature.worldeditcui+com.moonsworth.lunar.client.inventorymod+com.moonsworth.lunar.client.itemphysics.mixin+com.moonsworth.lunar.client.keystrokes+com.moonsworth.lunar.client.mod.render.heightlimit+com.moonsworth.lunar.client.mod.render.markers+com.moonsworth.lunar.client.mod.render.minimap+com.moonsworth.lunar.client.network.apollo+com.moonsworth.lunar.client.rewindhandlers+com.moonsworth.lunar.client.util.chest+com.moonsworth.lunar.client.util.chest.mixin+com.moonsworth.lunar.client.util.lotusfish.mixin+com.moonsworth.lunar.client.util.nameplate+com.moonsworth.lunar.config	Type2	com/moonsworth/lunar/client/mod/render/heightlimit/HeightLimit.java
29	com.moonsworth.lunar.client.framework.feature.mod.fishing.lotusfish+com.moonsworth.lunar.client.framework.feature.mod.impl.alert.excavation.mixin+com.moonsworth.lunar.client.framework.feature.mod.impl.burrow.mixin+com.moonsworth.lunar.client.framework.feature.mod.impl.guiCore+com.moonsworth.lunar.client.framework.feature.nickhider+com.moonsworth.lunar.client.framework.feature.pvpinfo.pvp+com.moonsworth.lunar.client.framework.feature.rewind.mixin+com.moonsworth.lunar.client.framework.feature.rewind.rewindhandlers.highlight+com.moonsworth.lunar.client.framework.feature.rewind.rewindhandlers.mixin+com.moonsworth.lunar.client.framework.feature.screenshot+com.moonsworth.lunar.client.framework.feature.scrollabletooltips.mixin+com.moonsworth.lunar.client.framework.feature.worldeditcui+com.moonsworth.lunar.client.inventorymod+com.moonsworth.lunar.client.itemphysics.mixin+com.moonsworth.lunar.client.keystrokes+com.moonsworth.lunar.client.mod.render.heightlimit+com.moonsworth.lunar.client.mod.render.markers+com.moonsworth.lunar.client.mod.render.minimap+com.moonsworth.lunar.client.network.apollo+com.moonsworth.lunar.client.rewindhandlers+com.moonsworth.lunar.client.util.chest+com.moonsworth.lunar.client.util.chest.mixin+com.moonsworth.lunar.client.util.lotusfish.mixin+com.moonsworth.lunar.client.util.nameplate+com.moonsworth.lunar.config	Type3	com/moonsworth/lunar/client/mod/render/heightlimit/HeightLimit.java
29	com.moonsworth.lunar.client.framework.feature.mod.fishing.lotusfish+com.moonsworth.lunar.client.framework.feature.mod.impl.alert.excavation.mixin+com.moonsworth.lunar.client.framework.feature.mod.impl.burrow.mixin+com.moonsworth.lunar.client.framework.feature.mod.impl.guiCore+com.moonsworth.lunar.client.framework.feature.nickhider+com.moonsworth.lunar.client.framework.feature.pvpinfo.pvp+com.moonsworth.lunar.client.framework.feature.rewind.mixin+com.moonsworth.lunar.client.framework.feature.rewind.rewindhandlers.highlight+com.moonsworth.lunar.client.framework.feature.rewind.rewindhandlers.mixin+com.moonsworth.lunar.client.framework.feature.screenshot+com.moonsworth.lunar.client.framework.feature.scrollabletooltips.mixin+com.moonsworth.lunar.client.framework.feature.worldeditcui+com.moonsworth.lunar.client.inventorymod+com.moonsworth.lunar.client.itemphysics.mixin+com.moonsworth.lunar.client.keystrokes+com.moonsworth.lunar.client.mod.render.heightlimit+com.moonsworth.lunar.client.mod.render.markers+com.moonsworth.lunar.client.mod.render.minimap+com.moonsworth.lunar.client.network.apollo+com.moonsworth.lunar.client.rewindhandlers+com.moonsworth.lunar.client.util.chest+com.moonsworth.lunar.client.util.chest.mixin+com.moonsworth.lunar.client.util.lotusfish.mixin+com.moonsworth.lunar.client.util.nameplate+com.moonsworth.lunar.config	Type2	com/moonsworth/lunar/client/mod/render/markers/Markers.java
29	com.moonsworth.lunar.client.framework.feature.mod.fishing.lotusfish+com.moonsworth.lunar.client.framework.feature.mod.impl.alert.excavation.mixin+com.moonsworth.lunar.client.framework.feature.mod.impl.burrow.mixin+com.moonsworth.lunar.client.framework.feature.mod.impl.guiCore+com.moonsworth.lunar.client.framework.feature.nickhider+com.moonsworth.lunar.client.framework.feature.pvpinfo.pvp+com.moonsworth.lunar.client.framework.feature.rewind.mixin+com.moonsworth.lunar.client.framework.feature.rewind.rewindhandlers.highlight+com.moonsworth.lunar.client.framework.feature.rewind.rewindhandlers.mixin+com.moonsworth.lunar.client.framework.feature.screenshot+com.moonsworth.lunar.client.framework.feature.scrollabletooltips.mixin+com.moonsworth.lunar.client.framework.feature.worldeditcui+com.moonsworth.lunar.client.inventorymod+com.moonsworth.lunar.client.itemphysics.mixin+com.moonsworth.lunar.client.keystrokes+com.moonsworth.lunar.client.mod.render.heightlimit+com.moonsworth.lunar.client.mod.render.markers+com.moonsworth.lunar.client.mod.render.minimap+com.moonsworth.lunar.client.network.apollo+com.moonsworth.lunar.client.rewindhandlers+com.moonsworth.lunar.client.util.chest+com.moonsworth.lunar.client.util.chest.mixin+com.moonsworth.lunar.client.util.lotusfish.mixin+com.moonsworth.lunar.client.util.nameplate+com.moonsworth.lunar.config	Type3	com/moonsworth/lunar/client/mod/render/markers/Markers.java
29	com.moonsworth.lunar.client.framework.feature.mod.fishing.lotusfish+com.moonsworth.lunar.client.framework.feature.mod.impl.alert.excavation.mixin+com.moonsworth.lunar.client.framework.feature.mod.impl.burrow.mixin+com.moonsworth.lunar.client.framework.feature.mod.impl.guiCore+com.moonsworth.lunar.client.framework.feature.nickhider+com.moonsworth.lunar.client.framework.feature.pvpinfo.pvp+com.moonsworth.lunar.client.framework.feature.rewind.mixin+com.moonsworth.lunar.client.framework.feature.rewind.rewindhandlers.highlight+com.moonsworth.lunar.client.framework.feature.rewind.rewindhandlers.mixin+com.moonsworth.lunar.client.framework.feature.screenshot+com.moonsworth.lunar.client.framework.feature.scrollabletooltips.mixin+com.moonsworth.lunar.client.framework.feature.worldeditcui+com.moonsworth.lunar.client.inventorymod+com.moonsworth.lunar.client.itemphysics.mixin+com.moonsworth.lunar.client.keystrokes+com.moonsworth.lunar.client.mod.render.heightlimit+com.moonsworth.lunar.client.mod.render.markers+com.moonsworth.lunar.client.mod.render.minimap+com.moonsworth.lunar.client.network.apollo+com.moonsworth.lunar.client.rewindhandlers+com.moonsworth.lunar.client.util.chest+com.moonsworth.lunar.client.util.chest.mixin+com.moonsworth.lunar.client.util.lotusfish.mixin+com.moonsworth.lunar.client.util.nameplate+com.moonsworth.lunar.config	Type2	com/moonsworth/lunar/client/mod/render/minimap/Minimap.java
29	com.moonsworth.lunar.client.framework.feature.mod.fishing.lotusfish+com.moonsworth.lunar.client.framework.feature.mod.impl.alert.excavation.mixin+com.moonsworth.lunar.client.framework.feature.mod.impl.burrow.mixin+com.moonsworth.lunar.client.framework.feature.mod.impl.guiCore+com.moonsworth.lunar.client.framework.feature.nickhider+com.moonsworth.lunar.client.framework.feature.pvpinfo.pvp+com.moonsworth.lunar.client.framework.feature.rewind.mixin+com.moonsworth.lunar.client.framework.feature.rewind.rewindhandlers.highlight+com.moonsworth.lunar.client.framework.feature.rewind.rewindhandlers.mixin+com.moonsworth.lunar.client.framework.feature.screenshot+com.moonsworth.lunar.client.framework.feature.scrollabletooltips.mixin+com.moonsworth.lunar.client.framework.feature.worldeditcui+com.moonsworth.lunar.client.inventorymod+com.moonsworth.lunar.client.itemphysics.mixin+com.moonsworth.lunar.client.keystrokes+com.moonsworth.lunar.client.mod.render.heightlimit+com.moonsworth.lunar.client.mod.render.markers+com.moonsworth.lunar.client.mod.render.minimap+com.moonsworth.lunar.client.network.apollo+com.moonsworth.lunar.client.rewindhandlers+com.moonsworth.lunar.client.util.chest+com.moonsworth.lunar.client.util.chest.mixin+com.moonsworth.lunar.client.util.lotusfish.mixin+com.moonsworth.lunar.client.util.nameplate+com.moonsworth.lunar.config	Type3	com/moonsworth/lunar/client/mod/render/minimap/Minimap.java
29	com.moonsworth.lunar.client.framework.feature.mod.fishing.lotusfish+com.moonsworth.lunar.client.framework.feature.mod.impl.alert.excavation.mixin+com.moonsworth.lunar.client.framework.feature.mod.impl.burrow.mixin+com.moonsworth.lunar.client.framework.feature.mod.impl.guiCore+com.moonsworth.lunar.client.framework.feature.nickhider+com.moonsworth.lunar.client.framework.feature.pvpinfo.pvp+com.moonsworth.lunar.client.framework.feature.rewind.mixin+com.moonsworth.lunar.client.framework.feature.rewind.rewindhandlers.highlight+com.moonsworth.lunar.client.framework.feature.rewind.rewindhandlers.mixin+com.moonsworth.lunar.client.framework.feature.screenshot+com.moonsworth.lunar.client.framework.feature.scrollabletooltips.mixin+com.moonsworth.lunar.client.framework.feature.worldeditcui+com.moonsworth.lunar.client.inventorymod+com.moonsworth.lunar.client.itemphysics.mixin+com.moonsworth.lunar.client.keystrokes+com.moonsworth.lunar.client.mod.render.heightlimit+com.moonsworth.lunar.client.mod.render.markers+com.moonsworth.lunar.client.mod.render.minimap+com.moonsworth.lunar.client.network.apollo+com.moonsworth.lunar.client.rewindhandlers+com.moonsworth.lunar.client.util.chest+com.moonsworth.lunar.client.util.chest.mixin+com.moonsworth.lunar.client.util.lotusfish.mixin+com.moonsworth.lunar.client.util.nameplate+com.moonsworth.lunar.config	Data23	com/moonsworth/lunar/client/network/apollo/ApolloButtonRenderer.java
29	com.moonsworth.lunar.client.framework.feature.mod.fishing.lotusfish+com.moonsworth.lunar.client.framework.feature.mod.impl.alert.excavation.mixin+com.moonsworth.lunar.client.framework.feature.mod.impl.burrow.mixin+com.moonsworth.lunar.client.framework.feature.mod.impl.guiCore+com.moonsworth.lunar.client.framework.feature.nickhider+com.moonsworth.lunar.client.framework.feature.pvpinfo.pvp+com.moonsworth.lunar.client.framework.feature.rewind.mixin+com.moonsworth.lunar.client.framework.feature.rewind.rewindhandlers.highlight+com.moonsworth.lunar.client.framework.feature.rewind.rewindhandlers.mixin+com.moonsworth.lunar.client.framework.feature.screenshot+com.moonsworth.lunar.client.framework.feature.scrollabletooltips.mixin+com.moonsworth.lunar.client.framework.feature.worldeditcui+com.moonsworth.lunar.client.inventorymod+com.moonsworth.lunar.client.itemphysics.mixin+com.moonsworth.lunar.client.keystrokes+com.moonsworth.lunar.client.mod.render.heightlimit+com.moonsworth.lunar.client.mod.render.markers+com.moonsworth.lunar.client.mod.render.minimap+com.moonsworth.lunar.client.network.apollo+com.moonsworth.lunar.client.rewindhandlers+com.moonsworth.lunar.client.util.chest+com.moonsworth.lunar.client.util.chest.mixin+com.moonsworth.lunar.client.util.lotusfish.mixin+com.moonsworth.lunar.client.util.nameplate+com.moonsworth.lunar.config	Type3	com/moonsworth/lunar/client/network/apollo/ApolloButtonRenderer.java
29	com.moonsworth.lunar.client.framework.feature.mod.fishing.lotusfish+com.moonsworth.lunar.client.framework.feature.mod.impl.alert.excavation.mixin+com.moonsworth.lunar.client.framework.feature.mod.impl.burrow.mixin+com.moonsworth.lunar.client.framework.feature.mod.impl.guiCore+com.moonsworth.lunar.client.framework.feature.nickhider+com.moonsworth.lunar.client.framework.feature.pvpinfo.pvp+com.moonsworth.lunar.client.framework.feature.rewind.mixin+com.moonsworth.lunar.client.framework.feature.rewind.rewindhandlers.highlight+com.moonsworth.lunar.client.framework.feature.rewind.rewindhandlers.mixin+com.moonsworth.lunar.client.framework.feature.screenshot+com.moonsworth.lunar.client.framework.feature.scrollabletooltips.mixin+com.moonsworth.lunar.client.framework.feature.worldeditcui+com.moonsworth.lunar.client.inventorymod+com.moonsworth.lunar.client.itemphysics.mixin+com.moonsworth.lunar.client.keystrokes+com.moonsworth.lunar.client.mod.render.heightlimit+com.moonsworth.lunar.client.mod.render.markers+com.moonsworth.lunar.client.mod.render.minimap+com.moonsworth.lunar.client.network.apollo+com.moonsworth.lunar.client.rewindhandlers+com.moonsworth.lunar.client.util.chest+com.moonsworth.lunar.client.util.chest.mixin+com.moonsworth.lunar.client.util.lotusfish.mixin+com.moonsworth.lunar.client.util.nameplate+com.moonsworth.lunar.config	Rewindhandlers2	com/moonsworth/lunar/client/rewindhandlers/Rewindhandlers2.java
29	com.moonsworth.lunar.client.framework.feature.mod.fishing.lotusfish+com.moonsworth.lunar.client.framework.feature.mod.impl.alert.excavation.mixin+com.moonsworth.lunar.client.framework.feature.mod.impl.burrow.mixin+com.moonsworth.lunar.client.framework.feature.mod.impl.guiCore+com.moonsworth.lunar.client.framework.feature.nickhider+com.moonsworth.lunar.client.framework.feature.pvpinfo.pvp+com.moonsworth.lunar.client.framework.feature.rewind.mixin+com.moonsworth.lunar.client.framework.feature.rewind.rewindhandlers.highlight+com.moonsworth.lunar.client.framework.feature.rewind.rewindhandlers.mixin+com.moonsworth.lunar.client.framework.feature.screenshot+com.moonsworth.lunar.client.framework.feature.scrollabletooltips.mixin+com.moonsworth.lunar.client.framework.feature.worldeditcui+com.moonsworth.lunar.client.inventorymod+com.moonsworth.lunar.client.itemphysics.mixin+com.moonsworth.lunar.client.keystrokes+com.moonsworth.lunar.client.mod.render.heightlimit+com.moonsworth.lunar.client.mod.render.markers+com.moonsworth.lunar.client.mod.render.minimap+com.moonsworth.lunar.client.network.apollo+com.moonsworth.lunar.client.rewindhandlers+com.moonsworth.lunar.client.util.chest+com.moonsworth.lunar.client.util.chest.mixin+com.moonsworth.lunar.client.util.lotusfish.mixin+com.moonsworth.lunar.client.util.nameplate+com.moonsworth.lunar.config	Rewindhandlers3	com/moonsworth/lunar/client/rewindhandlers/Rewindhandlers3.java
29	com.moonsworth.lunar.client.framework.feature.mod.fishing.lotusfish+com.moonsworth.lunar.client.framework.feature.mod.impl.alert.excavation.mixin+com.moonsworth.lunar.client.framework.feature.mod.impl.burrow.mixin+com.moonsworth.lunar.client.framework.feature.mod.impl.guiCore+com.moonsworth.lunar.client.framework.feature.nickhider+com.moonsworth.lunar.client.framework.feature.pvpinfo.pvp+com.moonsworth.lunar.client.framework.feature.rewind.mixin+com.moonsworth.lunar.client.framework.feature.rewind.rewindhandlers.highlight+com.moonsworth.lunar.client.framework.feature.rewind.rewindhandlers.mixin+com.moonsworth.lunar.client.framework.feature.screenshot+com.moonsworth.lunar.client.framework.feature.scrollabletooltips.mixin+com.moonsworth.lunar.client.framework.feature.worldeditcui+com.moonsworth.lunar.client.inventorymod+com.moonsworth.lunar.client.itemphysics.mixin+com.moonsworth.lunar.client.keystrokes+com.moonsworth.lunar.client.mod.render.heightlimit+com.moonsworth.lunar.client.mod.render.markers+com.moonsworth.lunar.client.mod.render.minimap+com.moonsworth.lunar.client.network.apollo+com.moonsworth.lunar.client.rewindhandlers+com.moonsworth.lunar.client.util.chest+com.moonsworth.lunar.client.util.chest.mixin+com.moonsworth.lunar.client.util.lotusfish.mixin+com.moonsworth.lunar.client.util.nameplate+com.moonsworth.lunar.config	Data2	com/moonsworth/lunar/client/util/chest/SExtension.java
29	com.moonsworth.lunar.client.framework.feature.mod.fishing.lotusfish+com.moonsworth.lunar.client.framework.feature.mod.impl.alert.excavation.mixin+com.moonsworth.lunar.client.framework.feature.mod.impl.burrow.mixin+com.moonsworth.lunar.client.framework.feature.mod.impl.guiCore+com.moonsworth.lunar.client.framework.feature.nickhider+com.moonsworth.lunar.client.framework.feature.pvpinfo.pvp+com.moonsworth.lunar.client.framework.feature.rewind.mixin+com.moonsworth.lunar.client.framework.feature.rewind.rewindhandlers.highlight+com.moonsworth.lunar.client.framework.feature.rewind.rewindhandlers.mixin+com.moonsworth.lunar.client.framework.feature.screenshot+com.moonsworth.lunar.client.framework.feature.scrollabletooltips.mixin+com.moonsworth.lunar.client.framework.feature.worldeditcui+com.moonsworth.lunar.client.inventorymod+com.moonsworth.lunar.client.itemphysics.mixin+com.moonsworth.lunar.client.keystrokes+com.moonsworth.lunar.client.mod.render.heightlimit+com.moonsworth.lunar.client.mod.render.markers+com.moonsworth.lunar.client.mod.render.minimap+com.moonsworth.lunar.client.network.apollo+com.moonsworth.lunar.client.rewindhandlers+com.moonsworth.lunar.client.util.chest+com.moonsworth.lunar.client.util.chest.mixin+com.moonsworth.lunar.client.util.lotusfish.mixin+com.moonsworth.lunar.client.util.nameplate+com.moonsworth.lunar.config	SBase2	com/moonsworth/lunar/client/util/chest/SBase2.java
29	com.moonsworth.lunar.client.framework.feature.mod.fishing.lotusfish+com.moonsworth.lunar.client.framework.feature.mod.impl.alert.excavation.mixin+com.moonsworth.lunar.client.framework.feature.mod.impl.burrow.mixin+com.moonsworth.lunar.client.framework.feature.mod.impl.guiCore+com.moonsworth.lunar.client.framework.feature.nickhider+com.moonsworth.lunar.client.framework.feature.pvpinfo.pvp+com.moonsworth.lunar.client.framework.feature.rewind.mixin+com.moonsworth.lunar.client.framework.feature.rewind.rewindhandlers.highlight+com.moonsworth.lunar.client.framework.feature.rewind.rewindhandlers.mixin+com.moonsworth.lunar.client.framework.feature.screenshot+com.moonsworth.lunar.client.framework.feature.scrollabletooltips.mixin+com.moonsworth.lunar.client.framework.feature.worldeditcui+com.moonsworth.lunar.client.inventorymod+com.moonsworth.lunar.client.itemphysics.mixin+com.moonsworth.lunar.client.keystrokes+com.moonsworth.lunar.client.mod.render.heightlimit+com.moonsworth.lunar.client.mod.render.markers+com.moonsworth.lunar.client.mod.render.minimap+com.moonsworth.lunar.client.network.apollo+com.moonsworth.lunar.client.rewindhandlers+com.moonsworth.lunar.client.util.chest+com.moonsworth.lunar.client.util.chest.mixin+com.moonsworth.lunar.client.util.lotusfish.mixin+com.moonsworth.lunar.client.util.nameplate+com.moonsworth.lunar.config	ChestHandler2	com/moonsworth/lunar/client/util/chest/mixin/ChestHandler2.java
29	com.moonsworth.lunar.client.framework.feature.mod.fishing.lotusfish+com.moonsworth.lunar.client.framework.feature.mod.impl.alert.excavation.mixin+com.moonsworth.lunar.client.framework.feature.mod.impl.burrow.mixin+com.moonsworth.lunar.client.framework.feature.mod.impl.guiCore+com.moonsworth.lunar.client.framework.feature.nickhider+com.moonsworth.lunar.client.framework.feature.pvpinfo.pvp+com.moonsworth.lunar.client.framework.feature.rewind.mixin+com.moonsworth.lunar.client.framework.feature.rewind.rewindhandlers.highlight+com.moonsworth.lunar.client.framework.feature.rewind.rewindhandlers.mixin+com.moonsworth.lunar.client.framework.feature.screenshot+com.moonsworth.lunar.client.framework.feature.scrollabletooltips.mixin+com.moonsworth.lunar.client.framework.feature.worldeditcui+com.moonsworth.lunar.client.inventorymod+com.moonsworth.lunar.client.itemphysics.mixin+com.moonsworth.lunar.client.keystrokes+com.moonsworth.lunar.client.mod.render.heightlimit+com.moonsworth.lunar.client.mod.render.markers+com.moonsworth.lunar.client.mod.render.minimap+com.moonsworth.lunar.client.network.apollo+com.moonsworth.lunar.client.rewindhandlers+com.moonsworth.lunar.client.util.chest+com.moonsworth.lunar.client.util.chest.mixin+com.moonsworth.lunar.client.util.lotusfish.mixin+com.moonsworth.lunar.client.util.nameplate+com.moonsworth.lunar.config	ChestHandler3	com/moonsworth/lunar/client/util/chest/mixin/ChestHandler3.java
29	com.moonsworth.lunar.client.framework.feature.mod.fishing.lotusfish+com.moonsworth.lunar.client.framework.feature.mod.impl.alert.excavation.mixin+com.moonsworth.lunar.client.framework.feature.mod.impl.burrow.mixin+com.moonsworth.lunar.client.framework.feature.mod.impl.guiCore+com.moonsworth.lunar.client.framework.feature.nickhider+com.moonsworth.lunar.client.framework.feature.pvpinfo.pvp+com.moonsworth.lunar.client.framework.feature.rewind.mixin+com.moonsworth.lunar.client.framework.feature.rewind.rewindhandlers.highlight+com.moonsworth.lunar.client.framework.feature.rewind.rewindhandlers.mixin+com.moonsworth.lunar.client.framework.feature.screenshot+com.moonsworth.lunar.client.framework.feature.scrollabletooltips.mixin+com.moonsworth.lunar.client.framework.feature.worldeditcui+com.moonsworth.lunar.client.inventorymod+com.moonsworth.lunar.client.itemphysics.mixin+com.moonsworth.lunar.client.keystrokes+com.moonsworth.lunar.client.mod.render.heightlimit+com.moonsworth.lunar.client.mod.render.markers+com.moonsworth.lunar.client.mod.render.minimap+com.moonsworth.lunar.client.network.apollo+com.moonsworth.lunar.client.rewindhandlers+com.moonsworth.lunar.client.util.chest+com.moonsworth.lunar.client.util.chest.mixin+com.moonsworth.lunar.client.util.lotusfish.mixin+com.moonsworth.lunar.client.util.nameplate+com.moonsworth.lunar.config	Lotusfish2	com/moonsworth/lunar/client/util/lotusfish/mixin/Lotusfish2.java
29	com.moonsworth.lunar.client.framework.feature.mod.fishing.lotusfish+com.moonsworth.lunar.client.framework.feature.mod.impl.alert.excavation.mixin+com.moonsworth.lunar.client.framework.feature.mod.impl.burrow.mixin+com.moonsworth.lunar.client.framework.feature.mod.impl.guiCore+com.moonsworth.lunar.client.framework.feature.nickhider+com.moonsworth.lunar.client.framework.feature.pvpinfo.pvp+com.moonsworth.lunar.client.framework.feature.rewind.mixin+com.moonsworth.lunar.client.framework.feature.rewind.rewindhandlers.highlight+com.moonsworth.lunar.client.framework.feature.rewind.rewindhandlers.mixin+com.moonsworth.lunar.client.framework.feature.screenshot+com.moonsworth.lunar.client.framework.feature.scrollabletooltips.mixin+com.moonsworth.lunar.client.framework.feature.worldeditcui+com.moonsworth.lunar.client.inventorymod+com.moonsworth.lunar.client.itemphysics.mixin+com.moonsworth.lunar.client.keystrokes+com.moonsworth.lunar.client.mod.render.heightlimit+com.moonsworth.lunar.client.mod.render.markers+com.moonsworth.lunar.client.mod.render.minimap+com.moonsworth.lunar.client.network.apollo+com.moonsworth.lunar.client.rewindhandlers+com.moonsworth.lunar.client.util.chest+com.moonsworth.lunar.client.util.chest.mixin+com.moonsworth.lunar.client.util.lotusfish.mixin+com.moonsworth.lunar.client.util.nameplate+com.moonsworth.lunar.config	Lotusfish3	com/moonsworth/lunar/client/util/lotusfish/mixin/Lotusfish3.java
29	com.moonsworth.lunar.client.framework.feature.mod.fishing.lotusfish+com.moonsworth.lunar.client.framework.feature.mod.impl.alert.excavation.mixin+com.moonsworth.lunar.client.framework.feature.mod.impl.burrow.mixin+com.moonsworth.lunar.client.framework.feature.mod.impl.guiCore+com.moonsworth.lunar.client.framework.feature.nickhider+com.moonsworth.lunar.client.framework.feature.pvpinfo.pvp+com.moonsworth.lunar.client.framework.feature.rewind.mixin+com.moonsworth.lunar.client.framework.feature.rewind.rewindhandlers.highlight+com.moonsworth.lunar.client.framework.feature.rewind.rewindhandlers.mixin+com.moonsworth.lunar.client.framework.feature.screenshot+com.moonsworth.lunar.client.framework.feature.scrollabletooltips.mixin+com.moonsworth.lunar.client.framework.feature.worldeditcui+com.moonsworth.lunar.client.inventorymod+com.moonsworth.lunar.client.itemphysics.mixin+com.moonsworth.lunar.client.keystrokes+com.moonsworth.lunar.client.mod.render.heightlimit+com.moonsworth.lunar.client.mod.render.markers+com.moonsworth.lunar.client.mod.render.minimap+com.moonsworth.lunar.client.network.apollo+com.moonsworth.lunar.client.rewindhandlers+com.moonsworth.lunar.client.util.chest+com.moonsworth.lunar.client.util.chest.mixin+com.moonsworth.lunar.client.util.lotusfish.mixin+com.moonsworth.lunar.client.util.nameplate+com.moonsworth.lunar.config	Data10	com/moonsworth/lunar/client/util/nameplate/Nameplate.java
29	com.moonsworth.lunar.client.framework.feature.mod.fishing.lotusfish+com.moonsworth.lunar.client.framework.feature.mod.impl.alert.excavation.mixin+com.moonsworth.lunar.client.framework.feature.mod.impl.burrow.mixin+com.moonsworth.lunar.client.framework.feature.mod.impl.guiCore+com.moonsworth.lunar.client.framework.feature.nickhider+com.moonsworth.lunar.client.framework.feature.pvpinfo.pvp+com.moonsworth.lunar.client.framework.feature.rewind.mixin+com.moonsworth.lunar.client.framework.feature.rewind.rewindhandlers.highlight+com.moonsworth.lunar.client.framework.feature.rewind.rewindhandlers.mixin+com.moonsworth.lunar.client.framework.feature.screenshot+com.moonsworth.lunar.client.framework.feature.scrollabletooltips.mixin+com.moonsworth.lunar.client.framework.feature.worldeditcui+com.moonsworth.lunar.client.inventorymod+com.moonsworth.lunar.client.itemphysics.mixin+com.moonsworth.lunar.client.keystrokes+com.moonsworth.lunar.client.mod.render.heightlimit+com.moonsworth.lunar.client.mod.render.markers+com.moonsworth.lunar.client.mod.render.minimap+com.moonsworth.lunar.client.network.apollo+com.moonsworth.lunar.client.rewindhandlers+com.moonsworth.lunar.client.util.chest+com.moonsworth.lunar.client.util.chest.mixin+com.moonsworth.lunar.client.util.lotusfish.mixin+com.moonsworth.lunar.client.util.nameplate+com.moonsworth.lunar.config	Data11	com/moonsworth/lunar/client/util/nameplate/Nameplate.java
29	com.moonsworth.lunar.client.framework.feature.mod.fishing.lotusfish+com.moonsworth.lunar.client.framework.feature.mod.impl.alert.excavation.mixin+com.moonsworth.lunar.client.framework.feature.mod.impl.burrow.mixin+com.moonsworth.lunar.client.framework.feature.mod.impl.guiCore+com.moonsworth.lunar.client.framework.feature.nickhider+com.moonsworth.lunar.client.framework.feature.pvpinfo.pvp+com.moonsworth.lunar.client.framework.feature.rewind.mixin+com.moonsworth.lunar.client.framework.feature.rewind.rewindhandlers.highlight+com.moonsworth.lunar.client.framework.feature.rewind.rewindhandlers.mixin+com.moonsworth.lunar.client.framework.feature.screenshot+com.moonsworth.lunar.client.framework.feature.scrollabletooltips.mixin+com.moonsworth.lunar.client.framework.feature.worldeditcui+com.moonsworth.lunar.client.inventorymod+com.moonsworth.lunar.client.itemphysics.mixin+com.moonsworth.lunar.client.keystrokes+com.moonsworth.lunar.client.mod.render.heightlimit+com.moonsworth.lunar.client.mod.render.markers+com.moonsworth.lunar.client.mod.render.minimap+com.moonsworth.lunar.client.network.apollo+com.moonsworth.lunar.client.rewindhandlers+com.moonsworth.lunar.client.util.chest+com.moonsworth.lunar.client.util.chest.mixin+com.moonsworth.lunar.client.util.lotusfish.mixin+com.moonsworth.lunar.client.util.nameplate+com.moonsworth.lunar.config	Config2	com/moonsworth/lunar/config/Config2.java
29	com.moonsworth.lunar.client.framework.feature.mod.fishing.lotusfish+com.moonsworth.lunar.client.framework.feature.mod.impl.alert.excavation.mixin+com.moonsworth.lunar.client.framework.feature.mod.impl.burrow.mixin+com.moonsworth.lunar.client.framework.feature.mod.impl.guiCore+com.moonsworth.lunar.client.framework.feature.nickhider+com.moonsworth.lunar.client.framework.feature.pvpinfo.pvp+com.moonsworth.lunar.client.framework.feature.rewind.mixin+com.moonsworth.lunar.client.framework.feature.rewind.rewindhandlers.highlight+com.moonsworth.lunar.client.framework.feature.rewind.rewindhandlers.mixin+com.moonsworth.lunar.client.framework.feature.screenshot+com.moonsworth.lunar.client.framework.feature.scrollabletooltips.mixin+com.moonsworth.lunar.client.framework.feature.worldeditcui+com.moonsworth.lunar.client.inventorymod+com.moonsworth.lunar.client.itemphysics.mixin+com.moonsworth.lunar.client.keystrokes+com.moonsworth.lunar.client.mod.render.heightlimit+com.moonsworth.lunar.client.mod.render.markers+com.moonsworth.lunar.client.mod.render.minimap+com.moonsworth.lunar.client.network.apollo+com.moonsworth.lunar.client.rewindhandlers+com.moonsworth.lunar.client.util.chest+com.moonsworth.lunar.client.util.chest.mixin+com.moonsworth.lunar.client.util.lotusfish.mixin+com.moonsworth.lunar.client.util.nameplate+com.moonsworth.lunar.config	Data2	com/moonsworth/lunar/config/Config.java
30	com.moonsworth.lunar.ichor.api+com.moonsworth.lunar.replaymod.forge.v1_12.mixin+com.moonsworth.lunar.replaymod.forge.v1_8.mixin+com.moonsworth.lunar.v1_8.optifine.wrapper+net.minecraft.client.model+com.moonsworth.lunar.bridge.glintcolorizer.mixin+com.moonsworth.lunar.bridge.hitbox+com.moonsworth.lunar.bridge.hitcolor+com.moonsworth.lunar.bridge.horsestats.mixin+com.moonsworth.lunar.bridge.minecraft+com.moonsworth.lunar.bridge.mixin+com.moonsworth.lunar.client+com.moonsworth.lunar.client.account+com.moonsworth.lunar.client.alert.mixin+com.moonsworth.lunar.client.audio.ogg+com.moonsworth.lunar.client.config.migration+com.moonsworth.lunar.client.cosmetics.molang+com.moonsworth.lunar.client.driver.core.holograms+com.moonsworth.lunar.client.driver.holograms+com.moonsworth.lunar.client.event.mixin.holograms+com.moonsworth.lunar.client.event.mixin.nameplate+com.moonsworth.lunar.client.framework.feature+com.moonsworth.lunar.client.framework.feature.armorstatus.armorstatusbarschild+com.moonsworth.lunar.client.framework.feature.armorstatus.nameplate.mixin+com.moonsworth.lunar.client.framework.feature.blockoutline+com.moonsworth.lunar.client.framework.feature.cooldowns.mixin+com.moonsworth.lunar.client.framework.feature.coordinates+com.moonsworth.lunar.client.framework.feature.debug.optimizationdebugmod+com.moonsworth.lunar.client.framework.feature.hypixelbedwars.mixin+com.moonsworth.lunar.client.framework.feature.inventorymod.mixin+com.moonsworth.lunar.client.framework.feature.inventorymod.slot.inventorysearch+com.moonsworth.lunar.client.framework.feature.keystrokes.mixin+com.moonsworth.lunar.client.framework.feature.mod.debug.testcustomguioverlay+com.moonsworth.lunar.client.framework.feature.mod.fishing.coordinates.mixin+com.moonsworth.lunar.client.framework.feature.mod.fishing.highlight.mixin+com.moonsworth.lunar.client.framework.feature.mod.fishing.holograms.mixin+com.moonsworth.lunar.client.framework.feature.mod.fishing.rewindhandlers+com.moonsworth.lunar.client.framework.feature.mod.gui.mixin+com.moonsworth.lunar.client.framework.feature.mod.holograms.gui+com.moonsworth.lunar.client.framework.feature.mod.holograms.nameplate+com.moonsworth.lunar.client.framework.feature.mod.impl.alert.excavation+com.moonsworth.lunar.client.framework.feature.mod.impl.calculator+com.moonsworth.lunar.client.framework.feature.mod.impl.calculator.mixin+com.moonsworth.lunar.client.framework.feature.mod.impl.chest.dungeon.practice+com.moonsworth.lunar.client.framework.feature.mod.impl.click.storageoverlay	IchorAPI2	com/moonsworth/lunar/ichor/api/IchorAPI2.java
30	com.moonsworth.lunar.ichor.api+com.moonsworth.lunar.replaymod.forge.v1_12.mixin+com.moonsworth.lunar.replaymod.forge.v1_8.mixin+com.moonsworth.lunar.v1_8.optifine.wrapper+net.minecraft.client.model+com.moonsworth.lunar.bridge.glintcolorizer.mixin+com.moonsworth.lunar.bridge.hitbox+com.moonsworth.lunar.bridge.hitcolor+com.moonsworth.lunar.bridge.horsestats.mixin+com.moonsworth.lunar.bridge.minecraft+com.moonsworth.lunar.bridge.mixin+com.moonsworth.lunar.client+com.moonsworth.lunar.client.account+com.moonsworth.lunar.client.alert.mixin+com.moonsworth.lunar.client.audio.ogg+com.moonsworth.lunar.client.config.migration+com.moonsworth.lunar.client.cosmetics.molang+com.moonsworth.lunar.client.driver.core.holograms+com.moonsworth.lunar.client.driver.holograms+com.moonsworth.lunar.client.event.mixin.holograms+com.moonsworth.lunar.client.event.mixin.nameplate+com.moonsworth.lunar.client.framework.feature+com.moonsworth.lunar.client.framework.feature.armorstatus.armorstatusbarschild+com.moonsworth.lunar.client.framework.feature.armorstatus.nameplate.mixin+com.moonsworth.lunar.client.framework.feature.blockoutline+com.moonsworth.lunar.client.framework.feature.cooldowns.mixin+com.moonsworth.lunar.client.framework.feature.coordinates+com.moonsworth.lunar.client.framework.feature.debug.optimizationdebugmod+com.moonsworth.lunar.client.framework.feature.hypixelbedwars.mixin+com.moonsworth.lunar.client.framework.feature.inventorymod.mixin+com.moonsworth.lunar.client.framework.feature.inventorymod.slot.inventorysearch+com.moonsworth.lunar.client.framework.feature.keystrokes.mixin+com.moonsworth.lunar.client.framework.feature.mod.debug.testcustomguioverlay+com.moonsworth.lunar.client.framework.feature.mod.fishing.coordinates.mixin+com.moonsworth.lunar.client.framework.feature.mod.fishing.highlight.mixin+com.moonsworth.lunar.client.framework.feature.mod.fishing.holograms.mixin+com.moonsworth.lunar.client.framework.feature.mod.fishing.rewindhandlers+com.moonsworth.lunar.client.framework.feature.mod.gui.mixin+com.moonsworth.lunar.client.framework.feature.mod.holograms.gui+com.moonsworth.lunar.client.framework.feature.mod.holograms.nameplate+com.moonsworth.lunar.client.framework.feature.mod.impl.alert.excavation+com.moonsworth.lunar.client.framework.feature.mod.impl.calculator+com.moonsworth.lunar.client.framework.feature.mod.impl.calculator.mixin+com.moonsworth.lunar.client.framework.feature.mod.impl.chest.dungeon.practice+com.moonsworth.lunar.client.framework.feature.mod.impl.click.storageoverlay	IchorAPI3	com/moonsworth/lunar/ichor/api/IchorAPI3.java
30	com.moonsworth.lunar.ichor.api+com.moonsworth.lunar.replaymod.forge.v1_12.mixin+com.moonsworth.lunar.replaymod.forge.v1_8.mixin+com.moonsworth.lunar.v1_8.optifine.wrapper+net.minecraft.client.model+com.moonsworth.lunar.bridge.glintcolorizer.mixin+com.moonsworth.lunar.bridge.hitbox+com.moonsworth.lunar.bridge.hitcolor+com.moonsworth.lunar.bridge.horsestats.mixin+com.moonsworth.lunar.bridge.minecraft+com.moonsworth.lunar.bridge.mixin+com.moonsworth.lunar.client+com.moonsworth.lunar.client.account+com.moonsworth.lunar.client.alert.mixin+com.moonsworth.lunar.client.audio.ogg+com.moonsworth.lunar.client.config.migration+com.moonsworth.lunar.client.cosmetics.molang+com.moonsworth.lunar.client.driver.core.holograms+com.moonsworth.lunar.client.driver.holograms+com.moonsworth.lunar.client.event.mixin.holograms+com.moonsworth.lunar.client.event.mixin.nameplate+com.moonsworth.lunar.client.framework.feature+com.moonsworth.lunar.client.framework.feature.armorstatus.armorstatusbarschild+com.moonsworth.lunar.client.framework.feature.armorstatus.nameplate.mixin+com.moonsworth.lunar.client.framework.feature.blockoutline+com.moonsworth.lunar.client.framework.feature.cooldowns.mixin+com.moonsworth.lunar.client.framework.feature.coordinates+com.moonsworth.lunar.client.framework.feature.debug.optimizationdebugmod+com.moonsworth.lunar.client.framework.feature.hypixelbedwars.mixin+com.moonsworth.lunar.client.framework.feature.inventorymod.mixin+com.moonsworth.lunar.client.framework.feature.inventorymod.slot.inventorysearch+com.moonsworth.lunar.client.framework.feature.keystrokes.mixin+com.moonsworth.lunar.client.framework.feature.mod.debug.testcustomguioverlay+com.moonsworth.lunar.client.framework.feature.mod.fishing.coordinates.mixin+com.moonsworth.lunar.client.framework.feature.mod.fishing.highlight.mixin+com.moonsworth.lunar.client.framework.feature.mod.fishing.holograms.mixin+com.moonsworth.lunar.client.framework.feature.mod.fishing.rewindhandlers+com.moonsworth.lunar.client.framework.feature.mod.gui.mixin+com.moonsworth.lunar.client.framework.feature.mod.holograms.gui+com.moonsworth.lunar.client.framework.feature.mod.holograms.nameplate+com.moonsworth.lunar.client.framework.feature.mod.impl.alert.excavation+com.moonsworth.lunar.client.framework.feature.mod.impl.calculator+com.moonsworth.lunar.client.framework.feature.mod.impl.calculator.mixin+com.moonsworth.lunar.client.framework.feature.mod.impl.chest.dungeon.practice+com.moonsworth.lunar.client.framework.feature.mod.impl.click.storageoverlay	MixinHelper2	com/moonsworth/lunar/replaymod/forge/v1_12/mixin/MixinHelper2.java
30	com.moonsworth.lunar.ichor.api+com.moonsworth.lunar.replaymod.forge.v1_12.mixin+com.moonsworth.lunar.replaymod.forge.v1_8.mixin+com.moonsworth.lunar.v1_8.optifine.wrapper+net.minecraft.client.model+com.moonsworth.lunar.bridge.glintcolorizer.mixin+com.moonsworth.lunar.bridge.hitbox+com.moonsworth.lunar.bridge.hitcolor+com.moonsworth.lunar.bridge.horsestats.mixin+com.moonsworth.lunar.bridge.minecraft+com.moonsworth.lunar.bridge.mixin+com.moonsworth.lunar.client+com.moonsworth.lunar.client.account+com.moonsworth.lunar.client.alert.mixin+com.moonsworth.lunar.client.audio.ogg+com.moonsworth.lunar.client.config.migration+com.moonsworth.lunar.client.cosmetics.molang+com.moonsworth.lunar.client.driver.core.holograms+com.moonsworth.lunar.client.driver.holograms+com.moonsworth.lunar.client.event.mixin.holograms+com.moonsworth.lunar.client.event.mixin.nameplate+com.moonsworth.lunar.client.framework.feature+com.moonsworth.lunar.client.framework.feature.armorstatus.armorstatusbarschild+com.moonsworth.lunar.client.framework.feature.armorstatus.nameplate.mixin+com.moonsworth.lunar.client.framework.feature.blockoutline+com.moonsworth.lunar.client.framework.feature.cooldowns.mixin+com.moonsworth.lunar.client.framework.feature.coordinates+com.moonsworth.lunar.client.framework.feature.debug.optimizationdebugmod+com.moonsworth.lunar.client.framework.feature.hypixelbedwars.mixin+com.moonsworth.lunar.client.framework.feature.inventorymod.mixin+com.moonsworth.lunar.client.framework.feature.inventorymod.slot.inventorysearch+com.moonsworth.lunar.client.framework.feature.keystrokes.mixin+com.moonsworth.lunar.client.framework.feature.mod.debug.testcustomguioverlay+com.moonsworth.lunar.client.framework.feature.mod.fishing.coordinates.mixin+com.moonsworth.lunar.client.framework.feature.mod.fishing.highlight.mixin+com.moonsworth.lunar.client.framework.feature.mod.fishing.holograms.mixin+com.moonsworth.lunar.client.framework.feature.mod.fishing.rewindhandlers+com.moonsworth.lunar.client.framework.feature.mod.gui.mixin+com.moonsworth.lunar.client.framework.feature.mod.holograms.gui+com.moonsworth.lunar.client.framework.feature.mod.holograms.nameplate+com.moonsworth.lunar.client.framework.feature.mod.impl.alert.excavation+com.moonsworth.lunar.client.framework.feature.mod.impl.calculator+com.moonsworth.lunar.client.framework.feature.mod.impl.calculator.mixin+com.moonsworth.lunar.client.framework.feature.mod.impl.chest.dungeon.practice+com.moonsworth.lunar.client.framework.feature.mod.impl.click.storageoverlay	MixinHelper3	com/moonsworth/lunar/replaymod/forge/v1_12/mixin/MixinHelper3.java
30	com.moonsworth.lunar.ichor.api+com.moonsworth.lunar.replaymod.forge.v1_12.mixin+com.moonsworth.lunar.replaymod.forge.v1_8.mixin+com.moonsworth.lunar.v1_8.optifine.wrapper+net.minecraft.client.model+com.moonsworth.lunar.bridge.glintcolorizer.mixin+com.moonsworth.lunar.bridge.hitbox+com.moonsworth.lunar.bridge.hitcolor+com.moonsworth.lunar.bridge.horsestats.mixin+com.moonsworth.lunar.bridge.minecraft+com.moonsworth.lunar.bridge.mixin+com.moonsworth.lunar.client+com.moonsworth.lunar.client.account+com.moonsworth.lunar.client.alert.mixin+com.moonsworth.lunar.client.audio.ogg+com.moonsworth.lunar.client.config.migration+com.moonsworth.lunar.client.cosmetics.molang+com.moonsworth.lunar.client.driver.core.holograms+com.moonsworth.lunar.client.driver.holograms+com.moonsworth.lunar.client.event.mixin.holograms+com.moonsworth.lunar.client.event.mixin.nameplate+com.moonsworth.lunar.client.framework.feature+com.moonsworth.lunar.client.framework.feature.armorstatus.armorstatusbarschild+com.moonsworth.lunar.client.framework.feature.armorstatus.nameplate.mixin+com.moonsworth.lunar.client.framework.feature.blockoutline+com.moonsworth.lunar.client.framework.feature.cooldowns.mixin+com.moonsworth.lunar.client.framework.feature.coordinates+com.moonsworth.lunar.client.framework.feature.debug.optimizationdebugmod+com.moonsworth.lunar.client.framework.feature.hypixelbedwars.mixin+com.moonsworth.lunar.client.framework.feature.inventorymod.mixin+com.moonsworth.lunar.client.framework.feature.inventorymod.slot.inventorysearch+com.moonsworth.lunar.client.framework.feature.keystrokes.mixin+com.moonsworth.lunar.client.framework.feature.mod.debug.testcustomguioverlay+com.moonsworth.lunar.client.framework.feature.mod.fishing.coordinates.mixin+com.moonsworth.lunar.client.framework.feature.mod.fishing.highlight.mixin+com.moonsworth.lunar.client.framework.feature.mod.fishing.holograms.mixin+com.moonsworth.lunar.client.framework.feature.mod.fishing.rewindhandlers+com.moonsworth.lunar.client.framework.feature.mod.gui.mixin+com.moonsworth.lunar.client.framework.feature.mod.holograms.gui+com.moonsworth.lunar.client.framework.feature.mod.holograms.nameplate+com.moonsworth.lunar.client.framework.feature.mod.impl.alert.excavation+com.moonsworth.lunar.client.framework.feature.mod.impl.calculator+com.moonsworth.lunar.client.framework.feature.mod.impl.calculator.mixin+com.moonsworth.lunar.client.framework.feature.mod.impl.chest.dungeon.practice+com.moonsworth.lunar.client.framework.feature.mod.impl.click.storageoverlay	MixinHelper2	com/moonsworth/lunar/replaymod/forge/v1_8/mixin/MixinHelper2.java
30	com.moonsworth.lunar.ichor.api+com.moonsworth.lunar.replaymod.forge.v1_12.mixin+com.moonsworth.lunar.replaymod.forge.v1_8.mixin+com.moonsworth.lunar.v1_8.optifine.wrapper+net.minecraft.client.model+com.moonsworth.lunar.bridge.glintcolorizer.mixin+com.moonsworth.lunar.bridge.hitbox+com.moonsworth.lunar.bridge.hitcolor+com.moonsworth.lunar.bridge.horsestats.mixin+com.moonsworth.lunar.bridge.minecraft+com.moonsworth.lunar.bridge.mixin+com.moonsworth.lunar.client+com.moonsworth.lunar.client.account+com.moonsworth.lunar.client.alert.mixin+com.moonsworth.lunar.client.audio.ogg+com.moonsworth.lunar.client.config.migration+com.moonsworth.lunar.client.cosmetics.molang+com.moonsworth.lunar.client.driver.core.holograms+com.moonsworth.lunar.client.driver.holograms+com.moonsworth.lunar.client.event.mixin.holograms+com.moonsworth.lunar.client.event.mixin.nameplate+com.moonsworth.lunar.client.framework.feature+com.moonsworth.lunar.client.framework.feature.armorstatus.armorstatusbarschild+com.moonsworth.lunar.client.framework.feature.armorstatus.nameplate.mixin+com.moonsworth.lunar.client.framework.feature.blockoutline+com.moonsworth.lunar.client.framework.feature.cooldowns.mixin+com.moonsworth.lunar.client.framework.feature.coordinates+com.moonsworth.lunar.client.framework.feature.debug.optimizationdebugmod+com.moonsworth.lunar.client.framework.feature.hypixelbedwars.mixin+com.moonsworth.lunar.client.framework.feature.inventorymod.mixin+com.moonsworth.lunar.client.framework.feature.inventorymod.slot.inventorysearch+com.moonsworth.lunar.client.framework.feature.keystrokes.mixin+com.moonsworth.lunar.client.framework.feature.mod.debug.testcustomguioverlay+com.moonsworth.lunar.client.framework.feature.mod.fishing.coordinates.mixin+com.moonsworth.lunar.client.framework.feature.mod.fishing.highlight.mixin+com.moonsworth.lunar.client.framework.feature.mod.fishing.holograms.mixin+com.moonsworth.lunar.client.framework.feature.mod.fishing.rewindhandlers+com.moonsworth.lunar.client.framework.feature.mod.gui.mixin+com.moonsworth.lunar.client.framework.feature.mod.holograms.gui+com.moonsworth.lunar.client.framework.feature.mod.holograms.nameplate+com.moonsworth.lunar.client.framework.feature.mod.impl.alert.excavation+com.moonsworth.lunar.client.framework.feature.mod.impl.calculator+com.moonsworth.lunar.client.framework.feature.mod.impl.calculator.mixin+com.moonsworth.lunar.client.framework.feature.mod.impl.chest.dungeon.practice+com.moonsworth.lunar.client.framework.feature.mod.impl.click.storageoverlay	MixinHelper3	com/moonsworth/lunar/replaymod/forge/v1_8/mixin/MixinHelper3.java
30	com.moonsworth.lunar.ichor.api+com.moonsworth.lunar.replaymod.forge.v1_12.mixin+com.moonsworth.lunar.replaymod.forge.v1_8.mixin+com.moonsworth.lunar.v1_8.optifine.wrapper+net.minecraft.client.model+com.moonsworth.lunar.bridge.glintcolorizer.mixin+com.moonsworth.lunar.bridge.hitbox+com.moonsworth.lunar.bridge.hitcolor+com.moonsworth.lunar.bridge.horsestats.mixin+com.moonsworth.lunar.bridge.minecraft+com.moonsworth.lunar.bridge.mixin+com.moonsworth.lunar.client+com.moonsworth.lunar.client.account+com.moonsworth.lunar.client.alert.mixin+com.moonsworth.lunar.client.audio.ogg+com.moonsworth.lunar.client.config.migration+com.moonsworth.lunar.client.cosmetics.molang+com.moonsworth.lunar.client.driver.core.holograms+com.moonsworth.lunar.client.driver.holograms+com.moonsworth.lunar.client.event.mixin.holograms+com.moonsworth.lunar.client.event.mixin.nameplate+com.moonsworth.lunar.client.framework.feature+com.moonsworth.lunar.client.framework.feature.armorstatus.armorstatusbarschild+com.moonsworth.lunar.client.framework.feature.armorstatus.nameplate.mixin+com.moonsworth.lunar.client.framework.feature.blockoutline+com.moonsworth.lunar.client.framework.feature.cooldowns.mixin+com.moonsworth.lunar.client.framework.feature.coordinates+com.moonsworth.lunar.client.framework.feature.debug.optimizationdebugmod+com.moonsworth.lunar.client.framework.feature.hypixelbedwars.mixin+com.moonsworth.lunar.client.framework.feature.inventorymod.mixin+com.moonsworth.lunar.client.framework.feature.inventorymod.slot.inventorysearch+com.moonsworth.lunar.client.framework.feature.keystrokes.mixin+com.moonsworth.lunar.client.framework.feature.mod.debug.testcustomguioverlay+com.moonsworth.lunar.client.framework.feature.mod.fishing.coordinates.mixin+com.moonsworth.lunar.client.framework.feature.mod.fishing.highlight.mixin+com.moonsworth.lunar.client.framework.feature.mod.fishing.holograms.mixin+com.moonsworth.lunar.client.framework.feature.mod.fishing.rewindhandlers+com.moonsworth.lunar.client.framework.feature.mod.gui.mixin+com.moonsworth.lunar.client.framework.feature.mod.holograms.gui+com.moonsworth.lunar.client.framework.feature.mod.holograms.nameplate+com.moonsworth.lunar.client.framework.feature.mod.impl.alert.excavation+com.moonsworth.lunar.client.framework.feature.mod.impl.calculator+com.moonsworth.lunar.client.framework.feature.mod.impl.calculator.mixin+com.moonsworth.lunar.client.framework.feature.mod.impl.chest.dungeon.practice+com.moonsworth.lunar.client.framework.feature.mod.impl.click.storageoverlay	Wrapper2	com/moonsworth/lunar/v1_8/optifine/wrapper/Wrapper2.java
30	com.moonsworth.lunar.ichor.api+com.moonsworth.lunar.replaymod.forge.v1_12.mixin+com.moonsworth.lunar.replaymod.forge.v1_8.mixin+com.moonsworth.lunar.v1_8.optifine.wrapper+net.minecraft.client.model+com.moonsworth.lunar.bridge.glintcolorizer.mixin+com.moonsworth.lunar.bridge.hitbox+com.moonsworth.lunar.bridge.hitcolor+com.moonsworth.lunar.bridge.horsestats.mixin+com.moonsworth.lunar.bridge.minecraft+com.moonsworth.lunar.bridge.mixin+com.moonsworth.lunar.client+com.moonsworth.lunar.client.account+com.moonsworth.lunar.client.alert.mixin+com.moonsworth.lunar.client.audio.ogg+com.moonsworth.lunar.client.config.migration+com.moonsworth.lunar.client.cosmetics.molang+com.moonsworth.lunar.client.driver.core.holograms+com.moonsworth.lunar.client.driver.holograms+com.moonsworth.lunar.client.event.mixin.holograms+com.moonsworth.lunar.client.event.mixin.nameplate+com.moonsworth.lunar.client.framework.feature+com.moonsworth.lunar.client.framework.feature.armorstatus.armorstatusbarschild+com.moonsworth.lunar.client.framework.feature.armorstatus.nameplate.mixin+com.moonsworth.lunar.client.framework.feature.blockoutline+com.moonsworth.lunar.client.framework.feature.cooldowns.mixin+com.moonsworth.lunar.client.framework.feature.coordinates+com.moonsworth.lunar.client.framework.feature.debug.optimizationdebugmod+com.moonsworth.lunar.client.framework.feature.hypixelbedwars.mixin+com.moonsworth.lunar.client.framework.feature.inventorymod.mixin+com.moonsworth.lunar.client.framework.feature.inventorymod.slot.inventorysearch+com.moonsworth.lunar.client.framework.feature.keystrokes.mixin+com.moonsworth.lunar.client.framework.feature.mod.debug.testcustomguioverlay+com.moonsworth.lunar.client.framework.feature.mod.fishing.coordinates.mixin+com.moonsworth.lunar.client.framework.feature.mod.fishing.highlight.mixin+com.moonsworth.lunar.client.framework.feature.mod.fishing.holograms.mixin+com.moonsworth.lunar.client.framework.feature.mod.fishing.rewindhandlers+com.moonsworth.lunar.client.framework.feature.mod.gui.mixin+com.moonsworth.lunar.client.framework.feature.mod.holograms.gui+com.moonsworth.lunar.client.framework.feature.mod.holograms.nameplate+com.moonsworth.lunar.client.framework.feature.mod.impl.alert.excavation+com.moonsworth.lunar.client.framework.feature.mod.impl.calculator+com.moonsworth.lunar.client.framework.feature.mod.impl.calculator.mixin+com.moonsworth.lunar.client.framework.feature.mod.impl.chest.dungeon.practice+com.moonsworth.lunar.client.framework.feature.mod.impl.click.storageoverlay	Wrapper22	com/moonsworth/lunar/v1_8/optifine/wrapper/Wrapper22.java
30	com.moonsworth.lunar.ichor.api+com.moonsworth.lunar.replaymod.forge.v1_12.mixin+com.moonsworth.lunar.replaymod.forge.v1_8.mixin+com.moonsworth.lunar.v1_8.optifine.wrapper+net.minecraft.client.model+com.moonsworth.lunar.bridge.glintcolorizer.mixin+com.moonsworth.lunar.bridge.hitbox+com.moonsworth.lunar.bridge.hitcolor+com.moonsworth.lunar.bridge.horsestats.mixin+com.moonsworth.lunar.bridge.minecraft+com.moonsworth.lunar.bridge.mixin+com.moonsworth.lunar.client+com.moonsworth.lunar.client.account+com.moonsworth.lunar.client.alert.mixin+com.moonsworth.lunar.client.audio.ogg+com.moonsworth.lunar.client.config.migration+com.moonsworth.lunar.client.cosmetics.molang+com.moonsworth.lunar.client.driver.core.holograms+com.moonsworth.lunar.client.driver.holograms+com.moonsworth.lunar.client.event.mixin.holograms+com.moonsworth.lunar.client.event.mixin.nameplate+com.moonsworth.lunar.client.framework.feature+com.moonsworth.lunar.client.framework.feature.armorstatus.armorstatusbarschild+com.moonsworth.lunar.client.framework.feature.armorstatus.nameplate.mixin+com.moonsworth.lunar.client.framework.feature.blockoutline+com.moonsworth.lunar.client.framework.feature.cooldowns.mixin+com.moonsworth.lunar.client.framework.feature.coordinates+com.moonsworth.lunar.client.framework.feature.debug.optimizationdebugmod+com.moonsworth.lunar.client.framework.feature.hypixelbedwars.mixin+com.moonsworth.lunar.client.framework.feature.inventorymod.mixin+com.moonsworth.lunar.client.framework.feature.inventorymod.slot.inventorysearch+com.moonsworth.lunar.client.framework.feature.keystrokes.mixin+com.moonsworth.lunar.client.framework.feature.mod.debug.testcustomguioverlay+com.moonsworth.lunar.client.framework.feature.mod.fishing.coordinates.mixin+com.moonsworth.lunar.client.framework.feature.mod.fishing.highlight.mixin+com.moonsworth.lunar.client.framework.feature.mod.fishing.holograms.mixin+com.moonsworth.lunar.client.framework.feature.mod.fishing.rewindhandlers+com.moonsworth.lunar.client.framework.feature.mod.gui.mixin+com.moonsworth.lunar.client.framework.feature.mod.holograms.gui+com.moonsworth.lunar.client.framework.feature.mod.holograms.nameplate+com.moonsworth.lunar.client.framework.feature.mod.impl.alert.excavation+com.moonsworth.lunar.client.framework.feature.mod.impl.calculator+com.moonsworth.lunar.client.framework.feature.mod.impl.calculator.mixin+com.moonsworth.lunar.client.framework.feature.mod.impl.chest.dungeon.practice+com.moonsworth.lunar.client.framework.feature.mod.impl.click.storageoverlay	ModelSheep1	net/minecraft/client/model/ModelSheep1.java
30	com.moonsworth.lunar.ichor.api+com.moonsworth.lunar.replaymod.forge.v1_12.mixin+com.moonsworth.lunar.replaymod.forge.v1_8.mixin+com.moonsworth.lunar.v1_8.optifine.wrapper+net.minecraft.client.model+com.moonsworth.lunar.bridge.glintcolorizer.mixin+com.moonsworth.lunar.bridge.hitbox+com.moonsworth.lunar.bridge.hitcolor+com.moonsworth.lunar.bridge.horsestats.mixin+com.moonsworth.lunar.bridge.minecraft+com.moonsworth.lunar.bridge.mixin+com.moonsworth.lunar.client+com.moonsworth.lunar.client.account+com.moonsworth.lunar.client.alert.mixin+com.moonsworth.lunar.client.audio.ogg+com.moonsworth.lunar.client.config.migration+com.moonsworth.lunar.client.cosmetics.molang+com.moonsworth.lunar.client.driver.core.holograms+com.moonsworth.lunar.client.driver.holograms+com.moonsworth.lunar.client.event.mixin.holograms+com.moonsworth.lunar.client.event.mixin.nameplate+com.moonsworth.lunar.client.framework.feature+com.moonsworth.lunar.client.framework.feature.armorstatus.armorstatusbarschild+com.moonsworth.lunar.client.framework.feature.armorstatus.nameplate.mixin+com.moonsworth.lunar.client.framework.feature.blockoutline+com.moonsworth.lunar.client.framework.feature.cooldowns.mixin+com.moonsworth.lunar.client.framework.feature.coordinates+com.moonsworth.lunar.client.framework.feature.debug.optimizationdebugmod+com.moonsworth.lunar.client.framework.feature.hypixelbedwars.mixin+com.moonsworth.lunar.client.framework.feature.inventorymod.mixin+com.moonsworth.lunar.client.framework.feature.inventorymod.slot.inventorysearch+com.moonsworth.lunar.client.framework.feature.keystrokes.mixin+com.moonsworth.lunar.client.framework.feature.mod.debug.testcustomguioverlay+com.moonsworth.lunar.client.framework.feature.mod.fishing.coordinates.mixin+com.moonsworth.lunar.client.framework.feature.mod.fishing.highlight.mixin+com.moonsworth.lunar.client.framework.feature.mod.fishing.holograms.mixin+com.moonsworth.lunar.client.framework.feature.mod.fishing.rewindhandlers+com.moonsworth.lunar.client.framework.feature.mod.gui.mixin+com.moonsworth.lunar.client.framework.feature.mod.holograms.gui+com.moonsworth.lunar.client.framework.feature.mod.holograms.nameplate+com.moonsworth.lunar.client.framework.feature.mod.impl.alert.excavation+com.moonsworth.lunar.client.framework.feature.mod.impl.calculator+com.moonsworth.lunar.client.framework.feature.mod.impl.calculator.mixin+com.moonsworth.lunar.client.framework.feature.mod.impl.chest.dungeon.practice+com.moonsworth.lunar.client.framework.feature.mod.impl.click.storageoverlay	ModelSheep2	net/minecraft/client/model/ModelSheep2.java
30	com.moonsworth.lunar.ichor.api+com.moonsworth.lunar.replaymod.forge.v1_12.mixin+com.moonsworth.lunar.replaymod.forge.v1_8.mixin+com.moonsworth.lunar.v1_8.optifine.wrapper+net.minecraft.client.model+com.moonsworth.lunar.bridge.glintcolorizer.mixin+com.moonsworth.lunar.bridge.hitbox+com.moonsworth.lunar.bridge.hitcolor+com.moonsworth.lunar.bridge.horsestats.mixin+com.moonsworth.lunar.bridge.minecraft+com.moonsworth.lunar.bridge.mixin+com.moonsworth.lunar.client+com.moonsworth.lunar.client.account+com.moonsworth.lunar.client.alert.mixin+com.moonsworth.lunar.client.audio.ogg+com.moonsworth.lunar.client.config.migration+com.moonsworth.lunar.client.cosmetics.molang+com.moonsworth.lunar.client.driver.core.holograms+com.moonsworth.lunar.client.driver.holograms+com.moonsworth.lunar.client.event.mixin.holograms+com.moonsworth.lunar.client.event.mixin.nameplate+com.moonsworth.lunar.client.framework.feature+com.moonsworth.lunar.client.framework.feature.armorstatus.armorstatusbarschild+com.moonsworth.lunar.client.framework.feature.armorstatus.nameplate.mixin+com.moonsworth.lunar.client.framework.feature.blockoutline+com.moonsworth.lunar.client.framework.feature.cooldowns.mixin+com.moonsworth.lunar.client.framework.feature.coordinates+com.moonsworth.lunar.client.framework.feature.debug.optimizationdebugmod+com.moonsworth.lunar.client.framework.feature.hypixelbedwars.mixin+com.moonsworth.lunar.client.framework.feature.inventorymod.mixin+com.moonsworth.lunar.client.framework.feature.inventorymod.slot.inventorysearch+com.moonsworth.lunar.client.framework.feature.keystrokes.mixin+com.moonsworth.lunar.client.framework.feature.mod.debug.testcustomguioverlay+com.moonsworth.lunar.client.framework.feature.mod.fishing.coordinates.mixin+com.moonsworth.lunar.client.framework.feature.mod.fishing.highlight.mixin+com.moonsworth.lunar.client.framework.feature.mod.fishing.holograms.mixin+com.moonsworth.lunar.client.framework.feature.mod.fishing.rewindhandlers+com.moonsworth.lunar.client.framework.feature.mod.gui.mixin+com.moonsworth.lunar.client.framework.feature.mod.holograms.gui+com.moonsworth.lunar.client.framework.feature.mod.holograms.nameplate+com.moonsworth.lunar.client.framework.feature.mod.impl.alert.excavation+com.moonsworth.lunar.client.framework.feature.mod.impl.calculator+com.moonsworth.lunar.client.framework.feature.mod.impl.calculator.mixin+com.moonsworth.lunar.client.framework.feature.mod.impl.chest.dungeon.practice+com.moonsworth.lunar.client.framework.feature.mod.impl.click.storageoverlay	Glintcolorizer2	com/moonsworth/lunar/bridge/glintcolorizer/mixin/Glintcolorizer2.java
30	com.moonsworth.lunar.ichor.api+com.moonsworth.lunar.replaymod.forge.v1_12.mixin+com.moonsworth.lunar.replaymod.forge.v1_8.mixin+com.moonsworth.lunar.v1_8.optifine.wrapper+net.minecraft.client.model+com.moonsworth.lunar.bridge.glintcolorizer.mixin+com.moonsworth.lunar.bridge.hitbox+com.moonsworth.lunar.bridge.hitcolor+com.moonsworth.lunar.bridge.horsestats.mixin+com.moonsworth.lunar.bridge.minecraft+com.moonsworth.lunar.bridge.mixin+com.moonsworth.lunar.client+com.moonsworth.lunar.client.account+com.moonsworth.lunar.client.alert.mixin+com.moonsworth.lunar.client.audio.ogg+com.moonsworth.lunar.client.config.migration+com.moonsworth.lunar.client.cosmetics.molang+com.moonsworth.lunar.client.driver.core.holograms+com.moonsworth.lunar.client.driver.holograms+com.moonsworth.lunar.client.event.mixin.holograms+com.moonsworth.lunar.client.event.mixin.nameplate+com.moonsworth.lunar.client.framework.feature+com.moonsworth.lunar.client.framework.feature.armorstatus.armorstatusbarschild+com.moonsworth.lunar.client.framework.feature.armorstatus.nameplate.mixin+com.moonsworth.lunar.client.framework.feature.blockoutline+com.moonsworth.lunar.client.framework.feature.cooldowns.mixin+com.moonsworth.lunar.client.framework.feature.coordinates+com.moonsworth.lunar.client.framework.feature.debug.optimizationdebugmod+com.moonsworth.lunar.client.framework.feature.hypixelbedwars.mixin+com.moonsworth.lunar.client.framework.feature.inventorymod.mixin+com.moonsworth.lunar.client.framework.feature.inventorymod.slot.inventorysearch+com.moonsworth.lunar.client.framework.feature.keystrokes.mixin+com.moonsworth.lunar.client.framework.feature.mod.debug.testcustomguioverlay+com.moonsworth.lunar.client.framework.feature.mod.fishing.coordinates.mixin+com.moonsworth.lunar.client.framework.feature.mod.fishing.highlight.mixin+com.moonsworth.lunar.client.framework.feature.mod.fishing.holograms.mixin+com.moonsworth.lunar.client.framework.feature.mod.fishing.rewindhandlers+com.moonsworth.lunar.client.framework.feature.mod.gui.mixin+com.moonsworth.lunar.client.framework.feature.mod.holograms.gui+com.moonsworth.lunar.client.framework.feature.mod.holograms.nameplate+com.moonsworth.lunar.client.framework.feature.mod.impl.alert.excavation+com.moonsworth.lunar.client.framework.feature.mod.impl.calculator+com.moonsworth.lunar.client.framework.feature.mod.impl.calculator.mixin+com.moonsworth.lunar.client.framework.feature.mod.impl.chest.dungeon.practice+com.moonsworth.lunar.client.framework.feature.mod.impl.click.storageoverlay	Hitbox2	com/moonsworth/lunar/bridge/hitbox/Hitbox2.java
30	com.moonsworth.lunar.ichor.api+com.moonsworth.lunar.replaymod.forge.v1_12.mixin+com.moonsworth.lunar.replaymod.forge.v1_8.mixin+com.moonsworth.lunar.v1_8.optifine.wrapper+net.minecraft.client.model+com.moonsworth.lunar.bridge.glintcolorizer.mixin+com.moonsworth.lunar.bridge.hitbox+com.moonsworth.lunar.bridge.hitcolor+com.moonsworth.lunar.bridge.horsestats.mixin+com.moonsworth.lunar.bridge.minecraft+com.moonsworth.lunar.bridge.mixin+com.moonsworth.lunar.client+com.moonsworth.lunar.client.account+com.moonsworth.lunar.client.alert.mixin+com.moonsworth.lunar.client.audio.ogg+com.moonsworth.lunar.client.config.migration+com.moonsworth.lunar.client.cosmetics.molang+com.moonsworth.lunar.client.driver.core.holograms+com.moonsworth.lunar.client.driver.holograms+com.moonsworth.lunar.client.event.mixin.holograms+com.moonsworth.lunar.client.event.mixin.nameplate+com.moonsworth.lunar.client.framework.feature+com.moonsworth.lunar.client.framework.feature.armorstatus.armorstatusbarschild+com.moonsworth.lunar.client.framework.feature.armorstatus.nameplate.mixin+com.moonsworth.lunar.client.framework.feature.blockoutline+com.moonsworth.lunar.client.framework.feature.cooldowns.mixin+com.moonsworth.lunar.client.framework.feature.coordinates+com.moonsworth.lunar.client.framework.feature.debug.optimizationdebugmod+com.moonsworth.lunar.client.framework.feature.hypixelbedwars.mixin+com.moonsworth.lunar.client.framework.feature.inventorymod.mixin+com.moonsworth.lunar.client.framework.feature.inventorymod.slot.inventorysearch+com.moonsworth.lunar.client.framework.feature.keystrokes.mixin+com.moonsworth.lunar.client.framework.feature.mod.debug.testcustomguioverlay+com.moonsworth.lunar.client.framework.feature.mod.fishing.coordinates.mixin+com.moonsworth.lunar.client.framework.feature.mod.fishing.highlight.mixin+com.moonsworth.lunar.client.framework.feature.mod.fishing.holograms.mixin+com.moonsworth.lunar.client.framework.feature.mod.fishing.rewindhandlers+com.moonsworth.lunar.client.framework.feature.mod.gui.mixin+com.moonsworth.lunar.client.framework.feature.mod.holograms.gui+com.moonsworth.lunar.client.framework.feature.mod.holograms.nameplate+com.moonsworth.lunar.client.framework.feature.mod.impl.alert.excavation+com.moonsworth.lunar.client.framework.feature.mod.impl.calculator+com.moonsworth.lunar.client.framework.feature.mod.impl.calculator.mixin+com.moonsworth.lunar.client.framework.feature.mod.impl.chest.dungeon.practice+com.moonsworth.lunar.client.framework.feature.mod.impl.click.storageoverlay	Hitcolor2	com/moonsworth/lunar/bridge/hitcolor/Hitcolor2.java
30	com.moonsworth.lunar.ichor.api+com.moonsworth.lunar.replaymod.forge.v1_12.mixin+com.moonsworth.lunar.replaymod.forge.v1_8.mixin+com.moonsworth.lunar.v1_8.optifine.wrapper+net.minecraft.client.model+com.moonsworth.lunar.bridge.glintcolorizer.mixin+com.moonsworth.lunar.bridge.hitbox+com.moonsworth.lunar.bridge.hitcolor+com.moonsworth.lunar.bridge.horsestats.mixin+com.moonsworth.lunar.bridge.minecraft+com.moonsworth.lunar.bridge.mixin+com.moonsworth.lunar.client+com.moonsworth.lunar.client.account+com.moonsworth.lunar.client.alert.mixin+com.moonsworth.lunar.client.audio.ogg+com.moonsworth.lunar.client.config.migration+com.moonsworth.lunar.client.cosmetics.molang+com.moonsworth.lunar.client.driver.core.holograms+com.moonsworth.lunar.client.driver.holograms+com.moonsworth.lunar.client.event.mixin.holograms+com.moonsworth.lunar.client.event.mixin.nameplate+com.moonsworth.lunar.client.framework.feature+com.moonsworth.lunar.client.framework.feature.armorstatus.armorstatusbarschild+com.moonsworth.lunar.client.framework.feature.armorstatus.nameplate.mixin+com.moonsworth.lunar.client.framework.feature.blockoutline+com.moonsworth.lunar.client.framework.feature.cooldowns.mixin+com.moonsworth.lunar.client.framework.feature.coordinates+com.moonsworth.lunar.client.framework.feature.debug.optimizationdebugmod+com.moonsworth.lunar.client.framework.feature.hypixelbedwars.mixin+com.moonsworth.lunar.client.framework.feature.inventorymod.mixin+com.moonsworth.lunar.client.framework.feature.inventorymod.slot.inventorysearch+com.moonsworth.lunar.client.framework.feature.keystrokes.mixin+com.moonsworth.lunar.client.framework.feature.mod.debug.testcustomguioverlay+com.moonsworth.lunar.client.framework.feature.mod.fishing.coordinates.mixin+com.moonsworth.lunar.client.framework.feature.mod.fishing.highlight.mixin+com.moonsworth.lunar.client.framework.feature.mod.fishing.holograms.mixin+com.moonsworth.lunar.client.framework.feature.mod.fishing.rewindhandlers+com.moonsworth.lunar.client.framework.feature.mod.gui.mixin+com.moonsworth.lunar.client.framework.feature.mod.holograms.gui+com.moonsworth.lunar.client.framework.feature.mod.holograms.nameplate+com.moonsworth.lunar.client.framework.feature.mod.impl.alert.excavation+com.moonsworth.lunar.client.framework.feature.mod.impl.calculator+com.moonsworth.lunar.client.framework.feature.mod.impl.calculator.mixin+com.moonsworth.lunar.client.framework.feature.mod.impl.chest.dungeon.practice+com.moonsworth.lunar.client.framework.feature.mod.impl.click.storageoverlay	HorsestatsType2	com/moonsworth/lunar/bridge/horsestats/mixin/HorsestatsType2.java
30	com.moonsworth.lunar.ichor.api+com.moonsworth.lunar.replaymod.forge.v1_12.mixin+com.moonsworth.lunar.replaymod.forge.v1_8.mixin+com.moonsworth.lunar.v1_8.optifine.wrapper+net.minecraft.client.model+com.moonsworth.lunar.bridge.glintcolorizer.mixin+com.moonsworth.lunar.bridge.hitbox+com.moonsworth.lunar.bridge.hitcolor+com.moonsworth.lunar.bridge.horsestats.mixin+com.moonsworth.lunar.bridge.minecraft+com.moonsworth.lunar.bridge.mixin+com.moonsworth.lunar.client+com.moonsworth.lunar.client.account+com.moonsworth.lunar.client.alert.mixin+com.moonsworth.lunar.client.audio.ogg+com.moonsworth.lunar.client.config.migration+com.moonsworth.lunar.client.cosmetics.molang+com.moonsworth.lunar.client.driver.core.holograms+com.moonsworth.lunar.client.driver.holograms+com.moonsworth.lunar.client.event.mixin.holograms+com.moonsworth.lunar.client.event.mixin.nameplate+com.moonsworth.lunar.client.framework.feature+com.moonsworth.lunar.client.framework.feature.armorstatus.armorstatusbarschild+com.moonsworth.lunar.client.framework.feature.armorstatus.nameplate.mixin+com.moonsworth.lunar.client.framework.feature.blockoutline+com.moonsworth.lunar.client.framework.feature.cooldowns.mixin+com.moonsworth.lunar.client.framework.feature.coordinates+com.moonsworth.lunar.client.framework.feature.debug.optimizationdebugmod+com.moonsworth.lunar.client.framework.feature.hypixelbedwars.mixin+com.moonsworth.lunar.client.framework.feature.inventorymod.mixin+com.moonsworth.lunar.client.framework.feature.inventorymod.slot.inventorysearch+com.moonsworth.lunar.client.framework.feature.keystrokes.mixin+com.moonsworth.lunar.client.framework.feature.mod.debug.testcustomguioverlay+com.moonsworth.lunar.client.framework.feature.mod.fishing.coordinates.mixin+com.moonsworth.lunar.client.framework.feature.mod.fishing.highlight.mixin+com.moonsworth.lunar.client.framework.feature.mod.fishing.holograms.mixin+com.moonsworth.lunar.client.framework.feature.mod.fishing.rewindhandlers+com.moonsworth.lunar.client.framework.feature.mod.gui.mixin+com.moonsworth.lunar.client.framework.feature.mod.holograms.gui+com.moonsworth.lunar.client.framework.feature.mod.holograms.nameplate+com.moonsworth.lunar.client.framework.feature.mod.impl.alert.excavation+com.moonsworth.lunar.client.framework.feature.mod.impl.calculator+com.moonsworth.lunar.client.framework.feature.mod.impl.calculator.mixin+com.moonsworth.lunar.client.framework.feature.mod.impl.chest.dungeon.practice+com.moonsworth.lunar.client.framework.feature.mod.impl.click.storageoverlay	Horsestats9	com/moonsworth/lunar/bridge/minecraft/Horsestats9.java
30	com.moonsworth.lunar.ichor.api+com.moonsworth.lunar.replaymod.forge.v1_12.mixin+com.moonsworth.lunar.replaymod.forge.v1_8.mixin+com.moonsworth.lunar.v1_8.optifine.wrapper+net.minecraft.client.model+com.moonsworth.lunar.bridge.glintcolorizer.mixin+com.moonsworth.lunar.bridge.hitbox+com.moonsworth.lunar.bridge.hitcolor+com.moonsworth.lunar.bridge.horsestats.mixin+com.moonsworth.lunar.bridge.minecraft+com.moonsworth.lunar.bridge.mixin+com.moonsworth.lunar.client+com.moonsworth.lunar.client.account+com.moonsworth.lunar.client.alert.mixin+com.moonsworth.lunar.client.audio.ogg+com.moonsworth.lunar.client.config.migration+com.moonsworth.lunar.client.cosmetics.molang+com.moonsworth.lunar.client.driver.core.holograms+com.moonsworth.lunar.client.driver.holograms+com.moonsworth.lunar.client.event.mixin.holograms+com.moonsworth.lunar.client.event.mixin.nameplate+com.moonsworth.lunar.client.framework.feature+com.moonsworth.lunar.client.framework.feature.armorstatus.armorstatusbarschild+com.moonsworth.lunar.client.framework.feature.armorstatus.nameplate.mixin+com.moonsworth.lunar.client.framework.feature.blockoutline+com.moonsworth.lunar.client.framework.feature.cooldowns.mixin+com.moonsworth.lunar.client.framework.feature.coordinates+com.moonsworth.lunar.client.framework.feature.debug.optimizationdebugmod+com.moonsworth.lunar.client.framework.feature.hypixelbedwars.mixin+com.moonsworth.lunar.client.framework.feature.inventorymod.mixin+com.moonsworth.lunar.client.framework.feature.inventorymod.slot.inventorysearch+com.moonsworth.lunar.client.framework.feature.keystrokes.mixin+com.moonsworth.lunar.client.framework.feature.mod.debug.testcustomguioverlay+com.moonsworth.lunar.client.framework.feature.mod.fishing.coordinates.mixin+com.moonsworth.lunar.client.framework.feature.mod.fishing.highlight.mixin+com.moonsworth.lunar.client.framework.feature.mod.fishing.holograms.mixin+com.moonsworth.lunar.client.framework.feature.mod.fishing.rewindhandlers+com.moonsworth.lunar.client.framework.feature.mod.gui.mixin+com.moonsworth.lunar.client.framework.feature.mod.holograms.gui+com.moonsworth.lunar.client.framework.feature.mod.holograms.nameplate+com.moonsworth.lunar.client.framework.feature.mod.impl.alert.excavation+com.moonsworth.lunar.client.framework.feature.mod.impl.calculator+com.moonsworth.lunar.client.framework.feature.mod.impl.calculator.mixin+com.moonsworth.lunar.client.framework.feature.mod.impl.chest.dungeon.practice+com.moonsworth.lunar.client.framework.feature.mod.impl.click.storageoverlay	MixinHelper2	com/moonsworth/lunar/bridge/mixin/MixinHelper2.java
30	com.moonsworth.lunar.ichor.api+com.moonsworth.lunar.replaymod.forge.v1_12.mixin+com.moonsworth.lunar.replaymod.forge.v1_8.mixin+com.moonsworth.lunar.v1_8.optifine.wrapper+net.minecraft.client.model+com.moonsworth.lunar.bridge.glintcolorizer.mixin+com.moonsworth.lunar.bridge.hitbox+com.moonsworth.lunar.bridge.hitcolor+com.moonsworth.lunar.bridge.horsestats.mixin+com.moonsworth.lunar.bridge.minecraft+com.moonsworth.lunar.bridge.mixin+com.moonsworth.lunar.client+com.moonsworth.lunar.client.account+com.moonsworth.lunar.client.alert.mixin+com.moonsworth.lunar.client.audio.ogg+com.moonsworth.lunar.client.config.migration+com.moonsworth.lunar.client.cosmetics.molang+com.moonsworth.lunar.client.driver.core.holograms+com.moonsworth.lunar.client.driver.holograms+com.moonsworth.lunar.client.event.mixin.holograms+com.moonsworth.lunar.client.event.mixin.nameplate+com.moonsworth.lunar.client.framework.feature+com.moonsworth.lunar.client.framework.feature.armorstatus.armorstatusbarschild+com.moonsworth.lunar.client.framework.feature.armorstatus.nameplate.mixin+com.moonsworth.lunar.client.framework.feature.blockoutline+com.moonsworth.lunar.client.framework.feature.cooldowns.mixin+com.moonsworth.lunar.client.framework.feature.coordinates+com.moonsworth.lunar.client.framework.feature.debug.optimizationdebugmod+com.moonsworth.lunar.client.framework.feature.hypixelbedwars.mixin+com.moonsworth.lunar.client.framework.feature.inventorymod.mixin+com.moonsworth.lunar.client.framework.feature.inventorymod.slot.inventorysearch+com.moonsworth.lunar.client.framework.feature.keystrokes.mixin+com.moonsworth.lunar.client.framework.feature.mod.debug.testcustomguioverlay+com.moonsworth.lunar.client.framework.feature.mod.fishing.coordinates.mixin+com.moonsworth.lunar.client.framework.feature.mod.fishing.highlight.mixin+com.moonsworth.lunar.client.framework.feature.mod.fishing.holograms.mixin+com.moonsworth.lunar.client.framework.feature.mod.fishing.rewindhandlers+com.moonsworth.lunar.client.framework.feature.mod.gui.mixin+com.moonsworth.lunar.client.framework.feature.mod.holograms.gui+com.moonsworth.lunar.client.framework.feature.mod.holograms.nameplate+com.moonsworth.lunar.client.framework.feature.mod.impl.alert.excavation+com.moonsworth.lunar.client.framework.feature.mod.impl.calculator+com.moonsworth.lunar.client.framework.feature.mod.impl.calculator.mixin+com.moonsworth.lunar.client.framework.feature.mod.impl.chest.dungeon.practice+com.moonsworth.lunar.client.framework.feature.mod.impl.click.storageoverlay	Gui2Handler2	com/moonsworth/lunar/client/Gui2Handler2.java
30	com.moonsworth.lunar.ichor.api+com.moonsworth.lunar.replaymod.forge.v1_12.mixin+com.moonsworth.lunar.replaymod.forge.v1_8.mixin+com.moonsworth.lunar.v1_8.optifine.wrapper+net.minecraft.client.model+com.moonsworth.lunar.bridge.glintcolorizer.mixin+com.moonsworth.lunar.bridge.hitbox+com.moonsworth.lunar.bridge.hitcolor+com.moonsworth.lunar.bridge.horsestats.mixin+com.moonsworth.lunar.bridge.minecraft+com.moonsworth.lunar.bridge.mixin+com.moonsworth.lunar.client+com.moonsworth.lunar.client.account+com.moonsworth.lunar.client.alert.mixin+com.moonsworth.lunar.client.audio.ogg+com.moonsworth.lunar.client.config.migration+com.moonsworth.lunar.client.cosmetics.molang+com.moonsworth.lunar.client.driver.core.holograms+com.moonsworth.lunar.client.driver.holograms+com.moonsworth.lunar.client.event.mixin.holograms+com.moonsworth.lunar.client.event.mixin.nameplate+com.moonsworth.lunar.client.framework.feature+com.moonsworth.lunar.client.framework.feature.armorstatus.armorstatusbarschild+com.moonsworth.lunar.client.framework.feature.armorstatus.nameplate.mixin+com.moonsworth.lunar.client.framework.feature.blockoutline+com.moonsworth.lunar.client.framework.feature.cooldowns.mixin+com.moonsworth.lunar.client.framework.feature.coordinates+com.moonsworth.lunar.client.framework.feature.debug.optimizationdebugmod+com.moonsworth.lunar.client.framework.feature.hypixelbedwars.mixin+com.moonsworth.lunar.client.framework.feature.inventorymod.mixin+com.moonsworth.lunar.client.framework.feature.inventorymod.slot.inventorysearch+com.moonsworth.lunar.client.framework.feature.keystrokes.mixin+com.moonsworth.lunar.client.framework.feature.mod.debug.testcustomguioverlay+com.moonsworth.lunar.client.framework.feature.mod.fishing.coordinates.mixin+com.moonsworth.lunar.client.framework.feature.mod.fishing.highlight.mixin+com.moonsworth.lunar.client.framework.feature.mod.fishing.holograms.mixin+com.moonsworth.lunar.client.framework.feature.mod.fishing.rewindhandlers+com.moonsworth.lunar.client.framework.feature.mod.gui.mixin+com.moonsworth.lunar.client.framework.feature.mod.holograms.gui+com.moonsworth.lunar.client.framework.feature.mod.holograms.nameplate+com.moonsworth.lunar.client.framework.feature.mod.impl.alert.excavation+com.moonsworth.lunar.client.framework.feature.mod.impl.calculator+com.moonsworth.lunar.client.framework.feature.mod.impl.calculator.mixin+com.moonsworth.lunar.client.framework.feature.mod.impl.chest.dungeon.practice+com.moonsworth.lunar.client.framework.feature.mod.impl.click.storageoverlay	Type2	com/moonsworth/lunar/client/account/AuthUtil.java
30	com.moonsworth.lunar.ichor.api+com.moonsworth.lunar.replaymod.forge.v1_12.mixin+com.moonsworth.lunar.replaymod.forge.v1_8.mixin+com.moonsworth.lunar.v1_8.optifine.wrapper+net.minecraft.client.model+com.moonsworth.lunar.bridge.glintcolorizer.mixin+com.moonsworth.lunar.bridge.hitbox+com.moonsworth.lunar.bridge.hitcolor+com.moonsworth.lunar.bridge.horsestats.mixin+com.moonsworth.lunar.bridge.minecraft+com.moonsworth.lunar.bridge.mixin+com.moonsworth.lunar.client+com.moonsworth.lunar.client.account+com.moonsworth.lunar.client.alert.mixin+com.moonsworth.lunar.client.audio.ogg+com.moonsworth.lunar.client.config.migration+com.moonsworth.lunar.client.cosmetics.molang+com.moonsworth.lunar.client.driver.core.holograms+com.moonsworth.lunar.client.driver.holograms+com.moonsworth.lunar.client.event.mixin.holograms+com.moonsworth.lunar.client.event.mixin.nameplate+com.moonsworth.lunar.client.framework.feature+com.moonsworth.lunar.client.framework.feature.armorstatus.armorstatusbarschild+com.moonsworth.lunar.client.framework.feature.armorstatus.nameplate.mixin+com.moonsworth.lunar.client.framework.feature.blockoutline+com.moonsworth.lunar.client.framework.feature.cooldowns.mixin+com.moonsworth.lunar.client.framework.feature.coordinates+com.moonsworth.lunar.client.framework.feature.debug.optimizationdebugmod+com.moonsworth.lunar.client.framework.feature.hypixelbedwars.mixin+com.moonsworth.lunar.client.framework.feature.inventorymod.mixin+com.moonsworth.lunar.client.framework.feature.inventorymod.slot.inventorysearch+com.moonsworth.lunar.client.framework.feature.keystrokes.mixin+com.moonsworth.lunar.client.framework.feature.mod.debug.testcustomguioverlay+com.moonsworth.lunar.client.framework.feature.mod.fishing.coordinates.mixin+com.moonsworth.lunar.client.framework.feature.mod.fishing.highlight.mixin+com.moonsworth.lunar.client.framework.feature.mod.fishing.holograms.mixin+com.moonsworth.lunar.client.framework.feature.mod.fishing.rewindhandlers+com.moonsworth.lunar.client.framework.feature.mod.gui.mixin+com.moonsworth.lunar.client.framework.feature.mod.holograms.gui+com.moonsworth.lunar.client.framework.feature.mod.holograms.nameplate+com.moonsworth.lunar.client.framework.feature.mod.impl.alert.excavation+com.moonsworth.lunar.client.framework.feature.mod.impl.calculator+com.moonsworth.lunar.client.framework.feature.mod.impl.calculator.mixin+com.moonsworth.lunar.client.framework.feature.mod.impl.chest.dungeon.practice+com.moonsworth.lunar.client.framework.feature.mod.impl.click.storageoverlay	Alert2	com/moonsworth/lunar/client/alert/mixin/Alert2.java
30	com.moonsworth.lunar.ichor.api+com.moonsworth.lunar.replaymod.forge.v1_12.mixin+com.moonsworth.lunar.replaymod.forge.v1_8.mixin+com.moonsworth.lunar.v1_8.optifine.wrapper+net.minecraft.client.model+com.moonsworth.lunar.bridge.glintcolorizer.mixin+com.moonsworth.lunar.bridge.hitbox+com.moonsworth.lunar.bridge.hitcolor+com.moonsworth.lunar.bridge.horsestats.mixin+com.moonsworth.lunar.bridge.minecraft+com.moonsworth.lunar.bridge.mixin+com.moonsworth.lunar.client+com.moonsworth.lunar.client.account+com.moonsworth.lunar.client.alert.mixin+com.moonsworth.lunar.client.audio.ogg+com.moonsworth.lunar.client.config.migration+com.moonsworth.lunar.client.cosmetics.molang+com.moonsworth.lunar.client.driver.core.holograms+com.moonsworth.lunar.client.driver.holograms+com.moonsworth.lunar.client.event.mixin.holograms+com.moonsworth.lunar.client.event.mixin.nameplate+com.moonsworth.lunar.client.framework.feature+com.moonsworth.lunar.client.framework.feature.armorstatus.armorstatusbarschild+com.moonsworth.lunar.client.framework.feature.armorstatus.nameplate.mixin+com.moonsworth.lunar.client.framework.feature.blockoutline+com.moonsworth.lunar.client.framework.feature.cooldowns.mixin+com.moonsworth.lunar.client.framework.feature.coordinates+com.moonsworth.lunar.client.framework.feature.debug.optimizationdebugmod+com.moonsworth.lunar.client.framework.feature.hypixelbedwars.mixin+com.moonsworth.lunar.client.framework.feature.inventorymod.mixin+com.moonsworth.lunar.client.framework.feature.inventorymod.slot.inventorysearch+com.moonsworth.lunar.client.framework.feature.keystrokes.mixin+com.moonsworth.lunar.client.framework.feature.mod.debug.testcustomguioverlay+com.moonsworth.lunar.client.framework.feature.mod.fishing.coordinates.mixin+com.moonsworth.lunar.client.framework.feature.mod.fishing.highlight.mixin+com.moonsworth.lunar.client.framework.feature.mod.fishing.holograms.mixin+com.moonsworth.lunar.client.framework.feature.mod.fishing.rewindhandlers+com.moonsworth.lunar.client.framework.feature.mod.gui.mixin+com.moonsworth.lunar.client.framework.feature.mod.holograms.gui+com.moonsworth.lunar.client.framework.feature.mod.holograms.nameplate+com.moonsworth.lunar.client.framework.feature.mod.impl.alert.excavation+com.moonsworth.lunar.client.framework.feature.mod.impl.calculator+com.moonsworth.lunar.client.framework.feature.mod.impl.calculator.mixin+com.moonsworth.lunar.client.framework.feature.mod.impl.chest.dungeon.practice+com.moonsworth.lunar.client.framework.feature.mod.impl.click.storageoverlay	Crc32	com/moonsworth/lunar/client/audio/ogg/Crc32.java
30	com.moonsworth.lunar.ichor.api+com.moonsworth.lunar.replaymod.forge.v1_12.mixin+com.moonsworth.lunar.replaymod.forge.v1_8.mixin+com.moonsworth.lunar.v1_8.optifine.wrapper+net.minecraft.client.model+com.moonsworth.lunar.bridge.glintcolorizer.mixin+com.moonsworth.lunar.bridge.hitbox+com.moonsworth.lunar.bridge.hitcolor+com.moonsworth.lunar.bridge.horsestats.mixin+com.moonsworth.lunar.bridge.minecraft+com.moonsworth.lunar.bridge.mixin+com.moonsworth.lunar.client+com.moonsworth.lunar.client.account+com.moonsworth.lunar.client.alert.mixin+com.moonsworth.lunar.client.audio.ogg+com.moonsworth.lunar.client.config.migration+com.moonsworth.lunar.client.cosmetics.molang+com.moonsworth.lunar.client.driver.core.holograms+com.moonsworth.lunar.client.driver.holograms+com.moonsworth.lunar.client.event.mixin.holograms+com.moonsworth.lunar.client.event.mixin.nameplate+com.moonsworth.lunar.client.framework.feature+com.moonsworth.lunar.client.framework.feature.armorstatus.armorstatusbarschild+com.moonsworth.lunar.client.framework.feature.armorstatus.nameplate.mixin+com.moonsworth.lunar.client.framework.feature.blockoutline+com.moonsworth.lunar.client.framework.feature.cooldowns.mixin+com.moonsworth.lunar.client.framework.feature.coordinates+com.moonsworth.lunar.client.framework.feature.debug.optimizationdebugmod+com.moonsworth.lunar.client.framework.feature.hypixelbedwars.mixin+com.moonsworth.lunar.client.framework.feature.inventorymod.mixin+com.moonsworth.lunar.client.framework.feature.inventorymod.slot.inventorysearch+com.moonsworth.lunar.client.framework.feature.keystrokes.mixin+com.moonsworth.lunar.client.framework.feature.mod.debug.testcustomguioverlay+com.moonsworth.lunar.client.framework.feature.mod.fishing.coordinates.mixin+com.moonsworth.lunar.client.framework.feature.mod.fishing.highlight.mixin+com.moonsworth.lunar.client.framework.feature.mod.fishing.holograms.mixin+com.moonsworth.lunar.client.framework.feature.mod.fishing.rewindhandlers+com.moonsworth.lunar.client.framework.feature.mod.gui.mixin+com.moonsworth.lunar.client.framework.feature.mod.holograms.gui+com.moonsworth.lunar.client.framework.feature.mod.holograms.nameplate+com.moonsworth.lunar.client.framework.feature.mod.impl.alert.excavation+com.moonsworth.lunar.client.framework.feature.mod.impl.calculator+com.moonsworth.lunar.client.framework.feature.mod.impl.calculator.mixin+com.moonsworth.lunar.client.framework.feature.mod.impl.chest.dungeon.practice+com.moonsworth.lunar.client.framework.feature.mod.impl.click.storageoverlay	SettingsMigratorV0toV1	com/moonsworth/lunar/client/config/migration/SettingsMigratorV0toV1.java
30	com.moonsworth.lunar.ichor.api+com.moonsworth.lunar.replaymod.forge.v1_12.mixin+com.moonsworth.lunar.replaymod.forge.v1_8.mixin+com.moonsworth.lunar.v1_8.optifine.wrapper+net.minecraft.client.model+com.moonsworth.lunar.bridge.glintcolorizer.mixin+com.moonsworth.lunar.bridge.hitbox+com.moonsworth.lunar.bridge.hitcolor+com.moonsworth.lunar.bridge.horsestats.mixin+com.moonsworth.lunar.bridge.minecraft+com.moonsworth.lunar.bridge.mixin+com.moonsworth.lunar.client+com.moonsworth.lunar.client.account+com.moonsworth.lunar.client.alert.mixin+com.moonsworth.lunar.client.audio.ogg+com.moonsworth.lunar.client.config.migration+com.moonsworth.lunar.client.cosmetics.molang+com.moonsworth.lunar.client.driver.core.holograms+com.moonsworth.lunar.client.driver.holograms+com.moonsworth.lunar.client.event.mixin.holograms+com.moonsworth.lunar.client.event.mixin.nameplate+com.moonsworth.lunar.client.framework.feature+com.moonsworth.lunar.client.framework.feature.armorstatus.armorstatusbarschild+com.moonsworth.lunar.client.framework.feature.armorstatus.nameplate.mixin+com.moonsworth.lunar.client.framework.feature.blockoutline+com.moonsworth.lunar.client.framework.feature.cooldowns.mixin+com.moonsworth.lunar.client.framework.feature.coordinates+com.moonsworth.lunar.client.framework.feature.debug.optimizationdebugmod+com.moonsworth.lunar.client.framework.feature.hypixelbedwars.mixin+com.moonsworth.lunar.client.framework.feature.inventorymod.mixin+com.moonsworth.lunar.client.framework.feature.inventorymod.slot.inventorysearch+com.moonsworth.lunar.client.framework.feature.keystrokes.mixin+com.moonsworth.lunar.client.framework.feature.mod.debug.testcustomguioverlay+com.moonsworth.lunar.client.framework.feature.mod.fishing.coordinates.mixin+com.moonsworth.lunar.client.framework.feature.mod.fishing.highlight.mixin+com.moonsworth.lunar.client.framework.feature.mod.fishing.holograms.mixin+com.moonsworth.lunar.client.framework.feature.mod.fishing.rewindhandlers+com.moonsworth.lunar.client.framework.feature.mod.gui.mixin+com.moonsworth.lunar.client.framework.feature.mod.holograms.gui+com.moonsworth.lunar.client.framework.feature.mod.holograms.nameplate+com.moonsworth.lunar.client.framework.feature.mod.impl.alert.excavation+com.moonsworth.lunar.client.framework.feature.mod.impl.calculator+com.moonsworth.lunar.client.framework.feature.mod.impl.calculator.mixin+com.moonsworth.lunar.client.framework.feature.mod.impl.chest.dungeon.practice+com.moonsworth.lunar.client.framework.feature.mod.impl.click.storageoverlay	MolangMathAtan2	com/moonsworth/lunar/client/cosmetics/molang/MolangMathAtan2.java
30	com.moonsworth.lunar.ichor.api+com.moonsworth.lunar.replaymod.forge.v1_12.mixin+com.moonsworth.lunar.replaymod.forge.v1_8.mixin+com.moonsworth.lunar.v1_8.optifine.wrapper+net.minecraft.client.model+com.moonsworth.lunar.bridge.glintcolorizer.mixin+com.moonsworth.lunar.bridge.hitbox+com.moonsworth.lunar.bridge.hitcolor+com.moonsworth.lunar.bridge.horsestats.mixin+com.moonsworth.lunar.bridge.minecraft+com.moonsworth.lunar.bridge.mixin+com.moonsworth.lunar.client+com.moonsworth.lunar.client.account+com.moonsworth.lunar.client.alert.mixin+com.moonsworth.lunar.client.audio.ogg+com.moonsworth.lunar.client.config.migration+com.moonsworth.lunar.client.cosmetics.molang+com.moonsworth.lunar.client.driver.core.holograms+com.moonsworth.lunar.client.driver.holograms+com.moonsworth.lunar.client.event.mixin.holograms+com.moonsworth.lunar.client.event.mixin.nameplate+com.moonsworth.lunar.client.framework.feature+com.moonsworth.lunar.client.framework.feature.armorstatus.armorstatusbarschild+com.moonsworth.lunar.client.framework.feature.armorstatus.nameplate.mixin+com.moonsworth.lunar.client.framework.feature.blockoutline+com.moonsworth.lunar.client.framework.feature.cooldowns.mixin+com.moonsworth.lunar.client.framework.feature.coordinates+com.moonsworth.lunar.client.framework.feature.debug.optimizationdebugmod+com.moonsworth.lunar.client.framework.feature.hypixelbedwars.mixin+com.moonsworth.lunar.client.framework.feature.inventorymod.mixin+com.moonsworth.lunar.client.framework.feature.inventorymod.slot.inventorysearch+com.moonsworth.lunar.client.framework.feature.keystrokes.mixin+com.moonsworth.lunar.client.framework.feature.mod.debug.testcustomguioverlay+com.moonsworth.lunar.client.framework.feature.mod.fishing.coordinates.mixin+com.moonsworth.lunar.client.framework.feature.mod.fishing.highlight.mixin+com.moonsworth.lunar.client.framework.feature.mod.fishing.holograms.mixin+com.moonsworth.lunar.client.framework.feature.mod.fishing.rewindhandlers+com.moonsworth.lunar.client.framework.feature.mod.gui.mixin+com.moonsworth.lunar.client.framework.feature.mod.holograms.gui+com.moonsworth.lunar.client.framework.feature.mod.holograms.nameplate+com.moonsworth.lunar.client.framework.feature.mod.impl.alert.excavation+com.moonsworth.lunar.client.framework.feature.mod.impl.calculator+com.moonsworth.lunar.client.framework.feature.mod.impl.calculator.mixin+com.moonsworth.lunar.client.framework.feature.mod.impl.chest.dungeon.practice+com.moonsworth.lunar.client.framework.feature.mod.impl.click.storageoverlay	Holograms2	com/moonsworth/lunar/client/driver/core/holograms/Holograms2.java
30	com.moonsworth.lunar.ichor.api+com.moonsworth.lunar.replaymod.forge.v1_12.mixin+com.moonsworth.lunar.replaymod.forge.v1_8.mixin+com.moonsworth.lunar.v1_8.optifine.wrapper+net.minecraft.client.model+com.moonsworth.lunar.bridge.glintcolorizer.mixin+com.moonsworth.lunar.bridge.hitbox+com.moonsworth.lunar.bridge.hitcolor+com.moonsworth.lunar.bridge.horsestats.mixin+com.moonsworth.lunar.bridge.minecraft+com.moonsworth.lunar.bridge.mixin+com.moonsworth.lunar.client+com.moonsworth.lunar.client.account+com.moonsworth.lunar.client.alert.mixin+com.moonsworth.lunar.client.audio.ogg+com.moonsworth.lunar.client.config.migration+com.moonsworth.lunar.client.cosmetics.molang+com.moonsworth.lunar.client.driver.core.holograms+com.moonsworth.lunar.client.driver.holograms+com.moonsworth.lunar.client.event.mixin.holograms+com.moonsworth.lunar.client.event.mixin.nameplate+com.moonsworth.lunar.client.framework.feature+com.moonsworth.lunar.client.framework.feature.armorstatus.armorstatusbarschild+com.moonsworth.lunar.client.framework.feature.armorstatus.nameplate.mixin+com.moonsworth.lunar.client.framework.feature.blockoutline+com.moonsworth.lunar.client.framework.feature.cooldowns.mixin+com.moonsworth.lunar.client.framework.feature.coordinates+com.moonsworth.lunar.client.framework.feature.debug.optimizationdebugmod+com.moonsworth.lunar.client.framework.feature.hypixelbedwars.mixin+com.moonsworth.lunar.client.framework.feature.inventorymod.mixin+com.moonsworth.lunar.client.framework.feature.inventorymod.slot.inventorysearch+com.moonsworth.lunar.client.framework.feature.keystrokes.mixin+com.moonsworth.lunar.client.framework.feature.mod.debug.testcustomguioverlay+com.moonsworth.lunar.client.framework.feature.mod.fishing.coordinates.mixin+com.moonsworth.lunar.client.framework.feature.mod.fishing.highlight.mixin+com.moonsworth.lunar.client.framework.feature.mod.fishing.holograms.mixin+com.moonsworth.lunar.client.framework.feature.mod.fishing.rewindhandlers+com.moonsworth.lunar.client.framework.feature.mod.gui.mixin+com.moonsworth.lunar.client.framework.feature.mod.holograms.gui+com.moonsworth.lunar.client.framework.feature.mod.holograms.nameplate+com.moonsworth.lunar.client.framework.feature.mod.impl.alert.excavation+com.moonsworth.lunar.client.framework.feature.mod.impl.calculator+com.moonsworth.lunar.client.framework.feature.mod.impl.calculator.mixin+com.moonsworth.lunar.client.framework.feature.mod.impl.chest.dungeon.practice+com.moonsworth.lunar.client.framework.feature.mod.impl.click.storageoverlay	HologramsIterator2	com/moonsworth/lunar/client/driver/holograms/HologramsIterator2.java
30	com.moonsworth.lunar.ichor.api+com.moonsworth.lunar.replaymod.forge.v1_12.mixin+com.moonsworth.lunar.replaymod.forge.v1_8.mixin+com.moonsworth.lunar.v1_8.optifine.wrapper+net.minecraft.client.model+com.moonsworth.lunar.bridge.glintcolorizer.mixin+com.moonsworth.lunar.bridge.hitbox+com.moonsworth.lunar.bridge.hitcolor+com.moonsworth.lunar.bridge.horsestats.mixin+com.moonsworth.lunar.bridge.minecraft+com.moonsworth.lunar.bridge.mixin+com.moonsworth.lunar.client+com.moonsworth.lunar.client.account+com.moonsworth.lunar.client.alert.mixin+com.moonsworth.lunar.client.audio.ogg+com.moonsworth.lunar.client.config.migration+com.moonsworth.lunar.client.cosmetics.molang+com.moonsworth.lunar.client.driver.core.holograms+com.moonsworth.lunar.client.driver.holograms+com.moonsworth.lunar.client.event.mixin.holograms+com.moonsworth.lunar.client.event.mixin.nameplate+com.moonsworth.lunar.client.framework.feature+com.moonsworth.lunar.client.framework.feature.armorstatus.armorstatusbarschild+com.moonsworth.lunar.client.framework.feature.armorstatus.nameplate.mixin+com.moonsworth.lunar.client.framework.feature.blockoutline+com.moonsworth.lunar.client.framework.feature.cooldowns.mixin+com.moonsworth.lunar.client.framework.feature.coordinates+com.moonsworth.lunar.client.framework.feature.debug.optimizationdebugmod+com.moonsworth.lunar.client.framework.feature.hypixelbedwars.mixin+com.moonsworth.lunar.client.framework.feature.inventorymod.mixin+com.moonsworth.lunar.client.framework.feature.inventorymod.slot.inventorysearch+com.moonsworth.lunar.client.framework.feature.keystrokes.mixin+com.moonsworth.lunar.client.framework.feature.mod.debug.testcustomguioverlay+com.moonsworth.lunar.client.framework.feature.mod.fishing.coordinates.mixin+com.moonsworth.lunar.client.framework.feature.mod.fishing.highlight.mixin+com.moonsworth.lunar.client.framework.feature.mod.fishing.holograms.mixin+com.moonsworth.lunar.client.framework.feature.mod.fishing.rewindhandlers+com.moonsworth.lunar.client.framework.feature.mod.gui.mixin+com.moonsworth.lunar.client.framework.feature.mod.holograms.gui+com.moonsworth.lunar.client.framework.feature.mod.holograms.nameplate+com.moonsworth.lunar.client.framework.feature.mod.impl.alert.excavation+com.moonsworth.lunar.client.framework.feature.mod.impl.calculator+com.moonsworth.lunar.client.framework.feature.mod.impl.calculator.mixin+com.moonsworth.lunar.client.framework.feature.mod.impl.chest.dungeon.practice+com.moonsworth.lunar.client.framework.feature.mod.impl.click.storageoverlay	Data12	com/moonsworth/lunar/client/event/mixin/holograms/OptionsReloadBaseEvent.java
30	com.moonsworth.lunar.ichor.api+com.moonsworth.lunar.replaymod.forge.v1_12.mixin+com.moonsworth.lunar.replaymod.forge.v1_8.mixin+com.moonsworth.lunar.v1_8.optifine.wrapper+net.minecraft.client.model+com.moonsworth.lunar.bridge.glintcolorizer.mixin+com.moonsworth.lunar.bridge.hitbox+com.moonsworth.lunar.bridge.hitcolor+com.moonsworth.lunar.bridge.horsestats.mixin+com.moonsworth.lunar.bridge.minecraft+com.moonsworth.lunar.bridge.mixin+com.moonsworth.lunar.client+com.moonsworth.lunar.client.account+com.moonsworth.lunar.client.alert.mixin+com.moonsworth.lunar.client.audio.ogg+com.moonsworth.lunar.client.config.migration+com.moonsworth.lunar.client.cosmetics.molang+com.moonsworth.lunar.client.driver.core.holograms+com.moonsworth.lunar.client.driver.holograms+com.moonsworth.lunar.client.event.mixin.holograms+com.moonsworth.lunar.client.event.mixin.nameplate+com.moonsworth.lunar.client.framework.feature+com.moonsworth.lunar.client.framework.feature.armorstatus.armorstatusbarschild+com.moonsworth.lunar.client.framework.feature.armorstatus.nameplate.mixin+com.moonsworth.lunar.client.framework.feature.blockoutline+com.moonsworth.lunar.client.framework.feature.cooldowns.mixin+com.moonsworth.lunar.client.framework.feature.coordinates+com.moonsworth.lunar.client.framework.feature.debug.optimizationdebugmod+com.moonsworth.lunar.client.framework.feature.hypixelbedwars.mixin+com.moonsworth.lunar.client.framework.feature.inventorymod.mixin+com.moonsworth.lunar.client.framework.feature.inventorymod.slot.inventorysearch+com.moonsworth.lunar.client.framework.feature.keystrokes.mixin+com.moonsworth.lunar.client.framework.feature.mod.debug.testcustomguioverlay+com.moonsworth.lunar.client.framework.feature.mod.fishing.coordinates.mixin+com.moonsworth.lunar.client.framework.feature.mod.fishing.highlight.mixin+com.moonsworth.lunar.client.framework.feature.mod.fishing.holograms.mixin+com.moonsworth.lunar.client.framework.feature.mod.fishing.rewindhandlers+com.moonsworth.lunar.client.framework.feature.mod.gui.mixin+com.moonsworth.lunar.client.framework.feature.mod.holograms.gui+com.moonsworth.lunar.client.framework.feature.mod.holograms.nameplate+com.moonsworth.lunar.client.framework.feature.mod.impl.alert.excavation+com.moonsworth.lunar.client.framework.feature.mod.impl.calculator+com.moonsworth.lunar.client.framework.feature.mod.impl.calculator.mixin+com.moonsworth.lunar.client.framework.feature.mod.impl.chest.dungeon.practice+com.moonsworth.lunar.client.framework.feature.mod.impl.click.storageoverlay	Data4	com/moonsworth/lunar/client/event/mixin/nameplate/HudBaseRenderEvent.java
30	com.moonsworth.lunar.ichor.api+com.moonsworth.lunar.replaymod.forge.v1_12.mixin+com.moonsworth.lunar.replaymod.forge.v1_8.mixin+com.moonsworth.lunar.v1_8.optifine.wrapper+net.minecraft.client.model+com.moonsworth.lunar.bridge.glintcolorizer.mixin+com.moonsworth.lunar.bridge.hitbox+com.moonsworth.lunar.bridge.hitcolor+com.moonsworth.lunar.bridge.horsestats.mixin+com.moonsworth.lunar.bridge.minecraft+com.moonsworth.lunar.bridge.mixin+com.moonsworth.lunar.client+com.moonsworth.lunar.client.account+com.moonsworth.lunar.client.alert.mixin+com.moonsworth.lunar.client.audio.ogg+com.moonsworth.lunar.client.config.migration+com.moonsworth.lunar.client.cosmetics.molang+com.moonsworth.lunar.client.driver.core.holograms+com.moonsworth.lunar.client.driver.holograms+com.moonsworth.lunar.client.event.mixin.holograms+com.moonsworth.lunar.client.event.mixin.nameplate+com.moonsworth.lunar.client.framework.feature+com.moonsworth.lunar.client.framework.feature.armorstatus.armorstatusbarschild+com.moonsworth.lunar.client.framework.feature.armorstatus.nameplate.mixin+com.moonsworth.lunar.client.framework.feature.blockoutline+com.moonsworth.lunar.client.framework.feature.cooldowns.mixin+com.moonsworth.lunar.client.framework.feature.coordinates+com.moonsworth.lunar.client.framework.feature.debug.optimizationdebugmod+com.moonsworth.lunar.client.framework.feature.hypixelbedwars.mixin+com.moonsworth.lunar.client.framework.feature.inventorymod.mixin+com.moonsworth.lunar.client.framework.feature.inventorymod.slot.inventorysearch+com.moonsworth.lunar.client.framework.feature.keystrokes.mixin+com.moonsworth.lunar.client.framework.feature.mod.debug.testcustomguioverlay+com.moonsworth.lunar.client.framework.feature.mod.fishing.coordinates.mixin+com.moonsworth.lunar.client.framework.feature.mod.fishing.highlight.mixin+com.moonsworth.lunar.client.framework.feature.mod.fishing.holograms.mixin+com.moonsworth.lunar.client.framework.feature.mod.fishing.rewindhandlers+com.moonsworth.lunar.client.framework.feature.mod.gui.mixin+com.moonsworth.lunar.client.framework.feature.mod.holograms.gui+com.moonsworth.lunar.client.framework.feature.mod.holograms.nameplate+com.moonsworth.lunar.client.framework.feature.mod.impl.alert.excavation+com.moonsworth.lunar.client.framework.feature.mod.impl.calculator+com.moonsworth.lunar.client.framework.feature.mod.impl.calculator.mixin+com.moonsworth.lunar.client.framework.feature.mod.impl.chest.dungeon.practice+com.moonsworth.lunar.client.framework.feature.mod.impl.click.storageoverlay	Module2	com/moonsworth/lunar/client/framework/feature/Module2.java
30	com.moonsworth.lunar.ichor.api+com.moonsworth.lunar.replaymod.forge.v1_12.mixin+com.moonsworth.lunar.replaymod.forge.v1_8.mixin+com.moonsworth.lunar.v1_8.optifine.wrapper+net.minecraft.client.model+com.moonsworth.lunar.bridge.glintcolorizer.mixin+com.moonsworth.lunar.bridge.hitbox+com.moonsworth.lunar.bridge.hitcolor+com.moonsworth.lunar.bridge.horsestats.mixin+com.moonsworth.lunar.bridge.minecraft+com.moonsworth.lunar.bridge.mixin+com.moonsworth.lunar.client+com.moonsworth.lunar.client.account+com.moonsworth.lunar.client.alert.mixin+com.moonsworth.lunar.client.audio.ogg+com.moonsworth.lunar.client.config.migration+com.moonsworth.lunar.client.cosmetics.molang+com.moonsworth.lunar.client.driver.core.holograms+com.moonsworth.lunar.client.driver.holograms+com.moonsworth.lunar.client.event.mixin.holograms+com.moonsworth.lunar.client.event.mixin.nameplate+com.moonsworth.lunar.client.framework.feature+com.moonsworth.lunar.client.framework.feature.armorstatus.armorstatusbarschild+com.moonsworth.lunar.client.framework.feature.armorstatus.nameplate.mixin+com.moonsworth.lunar.client.framework.feature.blockoutline+com.moonsworth.lunar.client.framework.feature.cooldowns.mixin+com.moonsworth.lunar.client.framework.feature.coordinates+com.moonsworth.lunar.client.framework.feature.debug.optimizationdebugmod+com.moonsworth.lunar.client.framework.feature.hypixelbedwars.mixin+com.moonsworth.lunar.client.framework.feature.inventorymod.mixin+com.moonsworth.lunar.client.framework.feature.inventorymod.slot.inventorysearch+com.moonsworth.lunar.client.framework.feature.keystrokes.mixin+com.moonsworth.lunar.client.framework.feature.mod.debug.testcustomguioverlay+com.moonsworth.lunar.client.framework.feature.mod.fishing.coordinates.mixin+com.moonsworth.lunar.client.framework.feature.mod.fishing.highlight.mixin+com.moonsworth.lunar.client.framework.feature.mod.fishing.holograms.mixin+com.moonsworth.lunar.client.framework.feature.mod.fishing.rewindhandlers+com.moonsworth.lunar.client.framework.feature.mod.gui.mixin+com.moonsworth.lunar.client.framework.feature.mod.holograms.gui+com.moonsworth.lunar.client.framework.feature.mod.holograms.nameplate+com.moonsworth.lunar.client.framework.feature.mod.impl.alert.excavation+com.moonsworth.lunar.client.framework.feature.mod.impl.calculator+com.moonsworth.lunar.client.framework.feature.mod.impl.calculator.mixin+com.moonsworth.lunar.client.framework.feature.mod.impl.chest.dungeon.practice+com.moonsworth.lunar.client.framework.feature.mod.impl.click.storageoverlay	Armorstatusbarschild2	com/moonsworth/lunar/client/framework/feature/armorstatus/armorstatusbarschild/Armorstatusbarschild2.java
30	com.moonsworth.lunar.ichor.api+com.moonsworth.lunar.replaymod.forge.v1_12.mixin+com.moonsworth.lunar.replaymod.forge.v1_8.mixin+com.moonsworth.lunar.v1_8.optifine.wrapper+net.minecraft.client.model+com.moonsworth.lunar.bridge.glintcolorizer.mixin+com.moonsworth.lunar.bridge.hitbox+com.moonsworth.lunar.bridge.hitcolor+com.moonsworth.lunar.bridge.horsestats.mixin+com.moonsworth.lunar.bridge.minecraft+com.moonsworth.lunar.bridge.mixin+com.moonsworth.lunar.client+com.moonsworth.lunar.client.account+com.moonsworth.lunar.client.alert.mixin+com.moonsworth.lunar.client.audio.ogg+com.moonsworth.lunar.client.config.migration+com.moonsworth.lunar.client.cosmetics.molang+com.moonsworth.lunar.client.driver.core.holograms+com.moonsworth.lunar.client.driver.holograms+com.moonsworth.lunar.client.event.mixin.holograms+com.moonsworth.lunar.client.event.mixin.nameplate+com.moonsworth.lunar.client.framework.feature+com.moonsworth.lunar.client.framework.feature.armorstatus.armorstatusbarschild+com.moonsworth.lunar.client.framework.feature.armorstatus.nameplate.mixin+com.moonsworth.lunar.client.framework.feature.blockoutline+com.moonsworth.lunar.client.framework.feature.cooldowns.mixin+com.moonsworth.lunar.client.framework.feature.coordinates+com.moonsworth.lunar.client.framework.feature.debug.optimizationdebugmod+com.moonsworth.lunar.client.framework.feature.hypixelbedwars.mixin+com.moonsworth.lunar.client.framework.feature.inventorymod.mixin+com.moonsworth.lunar.client.framework.feature.inventorymod.slot.inventorysearch+com.moonsworth.lunar.client.framework.feature.keystrokes.mixin+com.moonsworth.lunar.client.framework.feature.mod.debug.testcustomguioverlay+com.moonsworth.lunar.client.framework.feature.mod.fishing.coordinates.mixin+com.moonsworth.lunar.client.framework.feature.mod.fishing.highlight.mixin+com.moonsworth.lunar.client.framework.feature.mod.fishing.holograms.mixin+com.moonsworth.lunar.client.framework.feature.mod.fishing.rewindhandlers+com.moonsworth.lunar.client.framework.feature.mod.gui.mixin+com.moonsworth.lunar.client.framework.feature.mod.holograms.gui+com.moonsworth.lunar.client.framework.feature.mod.holograms.nameplate+com.moonsworth.lunar.client.framework.feature.mod.impl.alert.excavation+com.moonsworth.lunar.client.framework.feature.mod.impl.calculator+com.moonsworth.lunar.client.framework.feature.mod.impl.calculator.mixin+com.moonsworth.lunar.client.framework.feature.mod.impl.chest.dungeon.practice+com.moonsworth.lunar.client.framework.feature.mod.impl.click.storageoverlay	Framework7Extension2	com/moonsworth/lunar/client/framework/feature/armorstatus/nameplate/mixin/Framework7Extension2.java
30	com.moonsworth.lunar.ichor.api+com.moonsworth.lunar.replaymod.forge.v1_12.mixin+com.moonsworth.lunar.replaymod.forge.v1_8.mixin+com.moonsworth.lunar.v1_8.optifine.wrapper+net.minecraft.client.model+com.moonsworth.lunar.bridge.glintcolorizer.mixin+com.moonsworth.lunar.bridge.hitbox+com.moonsworth.lunar.bridge.hitcolor+com.moonsworth.lunar.bridge.horsestats.mixin+com.moonsworth.lunar.bridge.minecraft+com.moonsworth.lunar.bridge.mixin+com.moonsworth.lunar.client+com.moonsworth.lunar.client.account+com.moonsworth.lunar.client.alert.mixin+com.moonsworth.lunar.client.audio.ogg+com.moonsworth.lunar.client.config.migration+com.moonsworth.lunar.client.cosmetics.molang+com.moonsworth.lunar.client.driver.core.holograms+com.moonsworth.lunar.client.driver.holograms+com.moonsworth.lunar.client.event.mixin.holograms+com.moonsworth.lunar.client.event.mixin.nameplate+com.moonsworth.lunar.client.framework.feature+com.moonsworth.lunar.client.framework.feature.armorstatus.armorstatusbarschild+com.moonsworth.lunar.client.framework.feature.armorstatus.nameplate.mixin+com.moonsworth.lunar.client.framework.feature.blockoutline+com.moonsworth.lunar.client.framework.feature.cooldowns.mixin+com.moonsworth.lunar.client.framework.feature.coordinates+com.moonsworth.lunar.client.framework.feature.debug.optimizationdebugmod+com.moonsworth.lunar.client.framework.feature.hypixelbedwars.mixin+com.moonsworth.lunar.client.framework.feature.inventorymod.mixin+com.moonsworth.lunar.client.framework.feature.inventorymod.slot.inventorysearch+com.moonsworth.lunar.client.framework.feature.keystrokes.mixin+com.moonsworth.lunar.client.framework.feature.mod.debug.testcustomguioverlay+com.moonsworth.lunar.client.framework.feature.mod.fishing.coordinates.mixin+com.moonsworth.lunar.client.framework.feature.mod.fishing.highlight.mixin+com.moonsworth.lunar.client.framework.feature.mod.fishing.holograms.mixin+com.moonsworth.lunar.client.framework.feature.mod.fishing.rewindhandlers+com.moonsworth.lunar.client.framework.feature.mod.gui.mixin+com.moonsworth.lunar.client.framework.feature.mod.holograms.gui+com.moonsworth.lunar.client.framework.feature.mod.holograms.nameplate+com.moonsworth.lunar.client.framework.feature.mod.impl.alert.excavation+com.moonsworth.lunar.client.framework.feature.mod.impl.calculator+com.moonsworth.lunar.client.framework.feature.mod.impl.calculator.mixin+com.moonsworth.lunar.client.framework.feature.mod.impl.chest.dungeon.practice+com.moonsworth.lunar.client.framework.feature.mod.impl.click.storageoverlay	Gui2Extension2	com/moonsworth/lunar/client/framework/feature/blockoutline/Gui2Extension2.java
30	com.moonsworth.lunar.ichor.api+com.moonsworth.lunar.replaymod.forge.v1_12.mixin+com.moonsworth.lunar.replaymod.forge.v1_8.mixin+com.moonsworth.lunar.v1_8.optifine.wrapper+net.minecraft.client.model+com.moonsworth.lunar.bridge.glintcolorizer.mixin+com.moonsworth.lunar.bridge.hitbox+com.moonsworth.lunar.bridge.hitcolor+com.moonsworth.lunar.bridge.horsestats.mixin+com.moonsworth.lunar.bridge.minecraft+com.moonsworth.lunar.bridge.mixin+com.moonsworth.lunar.client+com.moonsworth.lunar.client.account+com.moonsworth.lunar.client.alert.mixin+com.moonsworth.lunar.client.audio.ogg+com.moonsworth.lunar.client.config.migration+com.moonsworth.lunar.client.cosmetics.molang+com.moonsworth.lunar.client.driver.core.holograms+com.moonsworth.lunar.client.driver.holograms+com.moonsworth.lunar.client.event.mixin.holograms+com.moonsworth.lunar.client.event.mixin.nameplate+com.moonsworth.lunar.client.framework.feature+com.moonsworth.lunar.client.framework.feature.armorstatus.armorstatusbarschild+com.moonsworth.lunar.client.framework.feature.armorstatus.nameplate.mixin+com.moonsworth.lunar.client.framework.feature.blockoutline+com.moonsworth.lunar.client.framework.feature.cooldowns.mixin+com.moonsworth.lunar.client.framework.feature.coordinates+com.moonsworth.lunar.client.framework.feature.debug.optimizationdebugmod+com.moonsworth.lunar.client.framework.feature.hypixelbedwars.mixin+com.moonsworth.lunar.client.framework.feature.inventorymod.mixin+com.moonsworth.lunar.client.framework.feature.inventorymod.slot.inventorysearch+com.moonsworth.lunar.client.framework.feature.keystrokes.mixin+com.moonsworth.lunar.client.framework.feature.mod.debug.testcustomguioverlay+com.moonsworth.lunar.client.framework.feature.mod.fishing.coordinates.mixin+com.moonsworth.lunar.client.framework.feature.mod.fishing.highlight.mixin+com.moonsworth.lunar.client.framework.feature.mod.fishing.holograms.mixin+com.moonsworth.lunar.client.framework.feature.mod.fishing.rewindhandlers+com.moonsworth.lunar.client.framework.feature.mod.gui.mixin+com.moonsworth.lunar.client.framework.feature.mod.holograms.gui+com.moonsworth.lunar.client.framework.feature.mod.holograms.nameplate+com.moonsworth.lunar.client.framework.feature.mod.impl.alert.excavation+com.moonsworth.lunar.client.framework.feature.mod.impl.calculator+com.moonsworth.lunar.client.framework.feature.mod.impl.calculator.mixin+com.moonsworth.lunar.client.framework.feature.mod.impl.chest.dungeon.practice+com.moonsworth.lunar.client.framework.feature.mod.impl.click.storageoverlay	CooldownsImpl2	com/moonsworth/lunar/client/framework/feature/cooldowns/mixin/CooldownsImpl2.java
30	com.moonsworth.lunar.ichor.api+com.moonsworth.lunar.replaymod.forge.v1_12.mixin+com.moonsworth.lunar.replaymod.forge.v1_8.mixin+com.moonsworth.lunar.v1_8.optifine.wrapper+net.minecraft.client.model+com.moonsworth.lunar.bridge.glintcolorizer.mixin+com.moonsworth.lunar.bridge.hitbox+com.moonsworth.lunar.bridge.hitcolor+com.moonsworth.lunar.bridge.horsestats.mixin+com.moonsworth.lunar.bridge.minecraft+com.moonsworth.lunar.bridge.mixin+com.moonsworth.lunar.client+com.moonsworth.lunar.client.account+com.moonsworth.lunar.client.alert.mixin+com.moonsworth.lunar.client.audio.ogg+com.moonsworth.lunar.client.config.migration+com.moonsworth.lunar.client.cosmetics.molang+com.moonsworth.lunar.client.driver.core.holograms+com.moonsworth.lunar.client.driver.holograms+com.moonsworth.lunar.client.event.mixin.holograms+com.moonsworth.lunar.client.event.mixin.nameplate+com.moonsworth.lunar.client.framework.feature+com.moonsworth.lunar.client.framework.feature.armorstatus.armorstatusbarschild+com.moonsworth.lunar.client.framework.feature.armorstatus.nameplate.mixin+com.moonsworth.lunar.client.framework.feature.blockoutline+com.moonsworth.lunar.client.framework.feature.cooldowns.mixin+com.moonsworth.lunar.client.framework.feature.coordinates+com.moonsworth.lunar.client.framework.feature.debug.optimizationdebugmod+com.moonsworth.lunar.client.framework.feature.hypixelbedwars.mixin+com.moonsworth.lunar.client.framework.feature.inventorymod.mixin+com.moonsworth.lunar.client.framework.feature.inventorymod.slot.inventorysearch+com.moonsworth.lunar.client.framework.feature.keystrokes.mixin+com.moonsworth.lunar.client.framework.feature.mod.debug.testcustomguioverlay+com.moonsworth.lunar.client.framework.feature.mod.fishing.coordinates.mixin+com.moonsworth.lunar.client.framework.feature.mod.fishing.highlight.mixin+com.moonsworth.lunar.client.framework.feature.mod.fishing.holograms.mixin+com.moonsworth.lunar.client.framework.feature.mod.fishing.rewindhandlers+com.moonsworth.lunar.client.framework.feature.mod.gui.mixin+com.moonsworth.lunar.client.framework.feature.mod.holograms.gui+com.moonsworth.lunar.client.framework.feature.mod.holograms.nameplate+com.moonsworth.lunar.client.framework.feature.mod.impl.alert.excavation+com.moonsworth.lunar.client.framework.feature.mod.impl.calculator+com.moonsworth.lunar.client.framework.feature.mod.impl.calculator.mixin+com.moonsworth.lunar.client.framework.feature.mod.impl.chest.dungeon.practice+com.moonsworth.lunar.client.framework.feature.mod.impl.click.storageoverlay	CoordinatesChildHudModImpl2	com/moonsworth/lunar/client/framework/feature/coordinates/CoordinatesChildHudModImpl2.java
30	com.moonsworth.lunar.ichor.api+com.moonsworth.lunar.replaymod.forge.v1_12.mixin+com.moonsworth.lunar.replaymod.forge.v1_8.mixin+com.moonsworth.lunar.v1_8.optifine.wrapper+net.minecraft.client.model+com.moonsworth.lunar.bridge.glintcolorizer.mixin+com.moonsworth.lunar.bridge.hitbox+com.moonsworth.lunar.bridge.hitcolor+com.moonsworth.lunar.bridge.horsestats.mixin+com.moonsworth.lunar.bridge.minecraft+com.moonsworth.lunar.bridge.mixin+com.moonsworth.lunar.client+com.moonsworth.lunar.client.account+com.moonsworth.lunar.client.alert.mixin+com.moonsworth.lunar.client.audio.ogg+com.moonsworth.lunar.client.config.migration+com.moonsworth.lunar.client.cosmetics.molang+com.moonsworth.lunar.client.driver.core.holograms+com.moonsworth.lunar.client.driver.holograms+com.moonsworth.lunar.client.event.mixin.holograms+com.moonsworth.lunar.client.event.mixin.nameplate+com.moonsworth.lunar.client.framework.feature+com.moonsworth.lunar.client.framework.feature.armorstatus.armorstatusbarschild+com.moonsworth.lunar.client.framework.feature.armorstatus.nameplate.mixin+com.moonsworth.lunar.client.framework.feature.blockoutline+com.moonsworth.lunar.client.framework.feature.cooldowns.mixin+com.moonsworth.lunar.client.framework.feature.coordinates+com.moonsworth.lunar.client.framework.feature.debug.optimizationdebugmod+com.moonsworth.lunar.client.framework.feature.hypixelbedwars.mixin+com.moonsworth.lunar.client.framework.feature.inventorymod.mixin+com.moonsworth.lunar.client.framework.feature.inventorymod.slot.inventorysearch+com.moonsworth.lunar.client.framework.feature.keystrokes.mixin+com.moonsworth.lunar.client.framework.feature.mod.debug.testcustomguioverlay+com.moonsworth.lunar.client.framework.feature.mod.fishing.coordinates.mixin+com.moonsworth.lunar.client.framework.feature.mod.fishing.highlight.mixin+com.moonsworth.lunar.client.framework.feature.mod.fishing.holograms.mixin+com.moonsworth.lunar.client.framework.feature.mod.fishing.rewindhandlers+com.moonsworth.lunar.client.framework.feature.mod.gui.mixin+com.moonsworth.lunar.client.framework.feature.mod.holograms.gui+com.moonsworth.lunar.client.framework.feature.mod.holograms.nameplate+com.moonsworth.lunar.client.framework.feature.mod.impl.alert.excavation+com.moonsworth.lunar.client.framework.feature.mod.impl.calculator+com.moonsworth.lunar.client.framework.feature.mod.impl.calculator.mixin+com.moonsworth.lunar.client.framework.feature.mod.impl.chest.dungeon.practice+com.moonsworth.lunar.client.framework.feature.mod.impl.click.storageoverlay	OptimizationdebugmodType2	com/moonsworth/lunar/client/framework/feature/debug/optimizationdebugmod/OptimizationdebugmodType2.java
30	com.moonsworth.lunar.ichor.api+com.moonsworth.lunar.replaymod.forge.v1_12.mixin+com.moonsworth.lunar.replaymod.forge.v1_8.mixin+com.moonsworth.lunar.v1_8.optifine.wrapper+net.minecraft.client.model+com.moonsworth.lunar.bridge.glintcolorizer.mixin+com.moonsworth.lunar.bridge.hitbox+com.moonsworth.lunar.bridge.hitcolor+com.moonsworth.lunar.bridge.horsestats.mixin+com.moonsworth.lunar.bridge.minecraft+com.moonsworth.lunar.bridge.mixin+com.moonsworth.lunar.client+com.moonsworth.lunar.client.account+com.moonsworth.lunar.client.alert.mixin+com.moonsworth.lunar.client.audio.ogg+com.moonsworth.lunar.client.config.migration+com.moonsworth.lunar.client.cosmetics.molang+com.moonsworth.lunar.client.driver.core.holograms+com.moonsworth.lunar.client.driver.holograms+com.moonsworth.lunar.client.event.mixin.holograms+com.moonsworth.lunar.client.event.mixin.nameplate+com.moonsworth.lunar.client.framework.feature+com.moonsworth.lunar.client.framework.feature.armorstatus.armorstatusbarschild+com.moonsworth.lunar.client.framework.feature.armorstatus.nameplate.mixin+com.moonsworth.lunar.client.framework.feature.blockoutline+com.moonsworth.lunar.client.framework.feature.cooldowns.mixin+com.moonsworth.lunar.client.framework.feature.coordinates+com.moonsworth.lunar.client.framework.feature.debug.optimizationdebugmod+com.moonsworth.lunar.client.framework.feature.hypixelbedwars.mixin+com.moonsworth.lunar.client.framework.feature.inventorymod.mixin+com.moonsworth.lunar.client.framework.feature.inventorymod.slot.inventorysearch+com.moonsworth.lunar.client.framework.feature.keystrokes.mixin+com.moonsworth.lunar.client.framework.feature.mod.debug.testcustomguioverlay+com.moonsworth.lunar.client.framework.feature.mod.fishing.coordinates.mixin+com.moonsworth.lunar.client.framework.feature.mod.fishing.highlight.mixin+com.moonsworth.lunar.client.framework.feature.mod.fishing.holograms.mixin+com.moonsworth.lunar.client.framework.feature.mod.fishing.rewindhandlers+com.moonsworth.lunar.client.framework.feature.mod.gui.mixin+com.moonsworth.lunar.client.framework.feature.mod.holograms.gui+com.moonsworth.lunar.client.framework.feature.mod.holograms.nameplate+com.moonsworth.lunar.client.framework.feature.mod.impl.alert.excavation+com.moonsworth.lunar.client.framework.feature.mod.impl.calculator+com.moonsworth.lunar.client.framework.feature.mod.impl.calculator.mixin+com.moonsworth.lunar.client.framework.feature.mod.impl.chest.dungeon.practice+com.moonsworth.lunar.client.framework.feature.mod.impl.click.storageoverlay	Hypixelbedwars2	com/moonsworth/lunar/client/framework/feature/hypixelbedwars/mixin/Hypixelbedwars2.java
30	com.moonsworth.lunar.ichor.api+com.moonsworth.lunar.replaymod.forge.v1_12.mixin+com.moonsworth.lunar.replaymod.forge.v1_8.mixin+com.moonsworth.lunar.v1_8.optifine.wrapper+net.minecraft.client.model+com.moonsworth.lunar.bridge.glintcolorizer.mixin+com.moonsworth.lunar.bridge.hitbox+com.moonsworth.lunar.bridge.hitcolor+com.moonsworth.lunar.bridge.horsestats.mixin+com.moonsworth.lunar.bridge.minecraft+com.moonsworth.lunar.bridge.mixin+com.moonsworth.lunar.client+com.moonsworth.lunar.client.account+com.moonsworth.lunar.client.alert.mixin+com.moonsworth.lunar.client.audio.ogg+com.moonsworth.lunar.client.config.migration+com.moonsworth.lunar.client.cosmetics.molang+com.moonsworth.lunar.client.driver.core.holograms+com.moonsworth.lunar.client.driver.holograms+com.moonsworth.lunar.client.event.mixin.holograms+com.moonsworth.lunar.client.event.mixin.nameplate+com.moonsworth.lunar.client.framework.feature+com.moonsworth.lunar.client.framework.feature.armorstatus.armorstatusbarschild+com.moonsworth.lunar.client.framework.feature.armorstatus.nameplate.mixin+com.moonsworth.lunar.client.framework.feature.blockoutline+com.moonsworth.lunar.client.framework.feature.cooldowns.mixin+com.moonsworth.lunar.client.framework.feature.coordinates+com.moonsworth.lunar.client.framework.feature.debug.optimizationdebugmod+com.moonsworth.lunar.client.framework.feature.hypixelbedwars.mixin+com.moonsworth.lunar.client.framework.feature.inventorymod.mixin+com.moonsworth.lunar.client.framework.feature.inventorymod.slot.inventorysearch+com.moonsworth.lunar.client.framework.feature.keystrokes.mixin+com.moonsworth.lunar.client.framework.feature.mod.debug.testcustomguioverlay+com.moonsworth.lunar.client.framework.feature.mod.fishing.coordinates.mixin+com.moonsworth.lunar.client.framework.feature.mod.fishing.highlight.mixin+com.moonsworth.lunar.client.framework.feature.mod.fishing.holograms.mixin+com.moonsworth.lunar.client.framework.feature.mod.fishing.rewindhandlers+com.moonsworth.lunar.client.framework.feature.mod.gui.mixin+com.moonsworth.lunar.client.framework.feature.mod.holograms.gui+com.moonsworth.lunar.client.framework.feature.mod.holograms.nameplate+com.moonsworth.lunar.client.framework.feature.mod.impl.alert.excavation+com.moonsworth.lunar.client.framework.feature.mod.impl.calculator+com.moonsworth.lunar.client.framework.feature.mod.impl.calculator.mixin+com.moonsworth.lunar.client.framework.feature.mod.impl.chest.dungeon.practice+com.moonsworth.lunar.client.framework.feature.mod.impl.click.storageoverlay	GuiRewindhandlersHandler2	com/moonsworth/lunar/client/framework/feature/inventorymod/mixin/GuiRewindhandlersHandler2.java
30	com.moonsworth.lunar.ichor.api+com.moonsworth.lunar.replaymod.forge.v1_12.mixin+com.moonsworth.lunar.replaymod.forge.v1_8.mixin+com.moonsworth.lunar.v1_8.optifine.wrapper+net.minecraft.client.model+com.moonsworth.lunar.bridge.glintcolorizer.mixin+com.moonsworth.lunar.bridge.hitbox+com.moonsworth.lunar.bridge.hitcolor+com.moonsworth.lunar.bridge.horsestats.mixin+com.moonsworth.lunar.bridge.minecraft+com.moonsworth.lunar.bridge.mixin+com.moonsworth.lunar.client+com.moonsworth.lunar.client.account+com.moonsworth.lunar.client.alert.mixin+com.moonsworth.lunar.client.audio.ogg+com.moonsworth.lunar.client.config.migration+com.moonsworth.lunar.client.cosmetics.molang+com.moonsworth.lunar.client.driver.core.holograms+com.moonsworth.lunar.client.driver.holograms+com.moonsworth.lunar.client.event.mixin.holograms+com.moonsworth.lunar.client.event.mixin.nameplate+com.moonsworth.lunar.client.framework.feature+com.moonsworth.lunar.client.framework.feature.armorstatus.armorstatusbarschild+com.moonsworth.lunar.client.framework.feature.armorstatus.nameplate.mixin+com.moonsworth.lunar.client.framework.feature.blockoutline+com.moonsworth.lunar.client.framework.feature.cooldowns.mixin+com.moonsworth.lunar.client.framework.feature.coordinates+com.moonsworth.lunar.client.framework.feature.debug.optimizationdebugmod+com.moonsworth.lunar.client.framework.feature.hypixelbedwars.mixin+com.moonsworth.lunar.client.framework.feature.inventorymod.mixin+com.moonsworth.lunar.client.framework.feature.inventorymod.slot.inventorysearch+com.moonsworth.lunar.client.framework.feature.keystrokes.mixin+com.moonsworth.lunar.client.framework.feature.mod.debug.testcustomguioverlay+com.moonsworth.lunar.client.framework.feature.mod.fishing.coordinates.mixin+com.moonsworth.lunar.client.framework.feature.mod.fishing.highlight.mixin+com.moonsworth.lunar.client.framework.feature.mod.fishing.holograms.mixin+com.moonsworth.lunar.client.framework.feature.mod.fishing.rewindhandlers+com.moonsworth.lunar.client.framework.feature.mod.gui.mixin+com.moonsworth.lunar.client.framework.feature.mod.holograms.gui+com.moonsworth.lunar.client.framework.feature.mod.holograms.nameplate+com.moonsworth.lunar.client.framework.feature.mod.impl.alert.excavation+com.moonsworth.lunar.client.framework.feature.mod.impl.calculator+com.moonsworth.lunar.client.framework.feature.mod.impl.calculator.mixin+com.moonsworth.lunar.client.framework.feature.mod.impl.chest.dungeon.practice+com.moonsworth.lunar.client.framework.feature.mod.impl.click.storageoverlay	ModuleBase2	com/moonsworth/lunar/client/framework/feature/inventorymod/slot/inventorysearch/ModuleBase2.java
30	com.moonsworth.lunar.ichor.api+com.moonsworth.lunar.replaymod.forge.v1_12.mixin+com.moonsworth.lunar.replaymod.forge.v1_8.mixin+com.moonsworth.lunar.v1_8.optifine.wrapper+net.minecraft.client.model+com.moonsworth.lunar.bridge.glintcolorizer.mixin+com.moonsworth.lunar.bridge.hitbox+com.moonsworth.lunar.bridge.hitcolor+com.moonsworth.lunar.bridge.horsestats.mixin+com.moonsworth.lunar.bridge.minecraft+com.moonsworth.lunar.bridge.mixin+com.moonsworth.lunar.client+com.moonsworth.lunar.client.account+com.moonsworth.lunar.client.alert.mixin+com.moonsworth.lunar.client.audio.ogg+com.moonsworth.lunar.client.config.migration+com.moonsworth.lunar.client.cosmetics.molang+com.moonsworth.lunar.client.driver.core.holograms+com.moonsworth.lunar.client.driver.holograms+com.moonsworth.lunar.client.event.mixin.holograms+com.moonsworth.lunar.client.event.mixin.nameplate+com.moonsworth.lunar.client.framework.feature+com.moonsworth.lunar.client.framework.feature.armorstatus.armorstatusbarschild+com.moonsworth.lunar.client.framework.feature.armorstatus.nameplate.mixin+com.moonsworth.lunar.client.framework.feature.blockoutline+com.moonsworth.lunar.client.framework.feature.cooldowns.mixin+com.moonsworth.lunar.client.framework.feature.coordinates+com.moonsworth.lunar.client.framework.feature.debug.optimizationdebugmod+com.moonsworth.lunar.client.framework.feature.hypixelbedwars.mixin+com.moonsworth.lunar.client.framework.feature.inventorymod.mixin+com.moonsworth.lunar.client.framework.feature.inventorymod.slot.inventorysearch+com.moonsworth.lunar.client.framework.feature.keystrokes.mixin+com.moonsworth.lunar.client.framework.feature.mod.debug.testcustomguioverlay+com.moonsworth.lunar.client.framework.feature.mod.fishing.coordinates.mixin+com.moonsworth.lunar.client.framework.feature.mod.fishing.highlight.mixin+com.moonsworth.lunar.client.framework.feature.mod.fishing.holograms.mixin+com.moonsworth.lunar.client.framework.feature.mod.fishing.rewindhandlers+com.moonsworth.lunar.client.framework.feature.mod.gui.mixin+com.moonsworth.lunar.client.framework.feature.mod.holograms.gui+com.moonsworth.lunar.client.framework.feature.mod.holograms.nameplate+com.moonsworth.lunar.client.framework.feature.mod.impl.alert.excavation+com.moonsworth.lunar.client.framework.feature.mod.impl.calculator+com.moonsworth.lunar.client.framework.feature.mod.impl.calculator.mixin+com.moonsworth.lunar.client.framework.feature.mod.impl.chest.dungeon.practice+com.moonsworth.lunar.client.framework.feature.mod.impl.click.storageoverlay	Framework7Extension2	com/moonsworth/lunar/client/framework/feature/keystrokes/mixin/Framework7Extension2.java
30	com.moonsworth.lunar.ichor.api+com.moonsworth.lunar.replaymod.forge.v1_12.mixin+com.moonsworth.lunar.replaymod.forge.v1_8.mixin+com.moonsworth.lunar.v1_8.optifine.wrapper+net.minecraft.client.model+com.moonsworth.lunar.bridge.glintcolorizer.mixin+com.moonsworth.lunar.bridge.hitbox+com.moonsworth.lunar.bridge.hitcolor+com.moonsworth.lunar.bridge.horsestats.mixin+com.moonsworth.lunar.bridge.minecraft+com.moonsworth.lunar.bridge.mixin+com.moonsworth.lunar.client+com.moonsworth.lunar.client.account+com.moonsworth.lunar.client.alert.mixin+com.moonsworth.lunar.client.audio.ogg+com.moonsworth.lunar.client.config.migration+com.moonsworth.lunar.client.cosmetics.molang+com.moonsworth.lunar.client.driver.core.holograms+com.moonsworth.lunar.client.driver.holograms+com.moonsworth.lunar.client.event.mixin.holograms+com.moonsworth.lunar.client.event.mixin.nameplate+com.moonsworth.lunar.client.framework.feature+com.moonsworth.lunar.client.framework.feature.armorstatus.armorstatusbarschild+com.moonsworth.lunar.client.framework.feature.armorstatus.nameplate.mixin+com.moonsworth.lunar.client.framework.feature.blockoutline+com.moonsworth.lunar.client.framework.feature.cooldowns.mixin+com.moonsworth.lunar.client.framework.feature.coordinates+com.moonsworth.lunar.client.framework.feature.debug.optimizationdebugmod+com.moonsworth.lunar.client.framework.feature.hypixelbedwars.mixin+com.moonsworth.lunar.client.framework.feature.inventorymod.mixin+com.moonsworth.lunar.client.framework.feature.inventorymod.slot.inventorysearch+com.moonsworth.lunar.client.framework.feature.keystrokes.mixin+com.moonsworth.lunar.client.framework.feature.mod.debug.testcustomguioverlay+com.moonsworth.lunar.client.framework.feature.mod.fishing.coordinates.mixin+com.moonsworth.lunar.client.framework.feature.mod.fishing.highlight.mixin+com.moonsworth.lunar.client.framework.feature.mod.fishing.holograms.mixin+com.moonsworth.lunar.client.framework.feature.mod.fishing.rewindhandlers+com.moonsworth.lunar.client.framework.feature.mod.gui.mixin+com.moonsworth.lunar.client.framework.feature.mod.holograms.gui+com.moonsworth.lunar.client.framework.feature.mod.holograms.nameplate+com.moonsworth.lunar.client.framework.feature.mod.impl.alert.excavation+com.moonsworth.lunar.client.framework.feature.mod.impl.calculator+com.moonsworth.lunar.client.framework.feature.mod.impl.calculator.mixin+com.moonsworth.lunar.client.framework.feature.mod.impl.chest.dungeon.practice+com.moonsworth.lunar.client.framework.feature.mod.impl.click.storageoverlay	ModuleBase2	com/moonsworth/lunar/client/framework/feature/mod/debug/testcustomguioverlay/ModuleBase2.java
30	com.moonsworth.lunar.ichor.api+com.moonsworth.lunar.replaymod.forge.v1_12.mixin+com.moonsworth.lunar.replaymod.forge.v1_8.mixin+com.moonsworth.lunar.v1_8.optifine.wrapper+net.minecraft.client.model+com.moonsworth.lunar.bridge.glintcolorizer.mixin+com.moonsworth.lunar.bridge.hitbox+com.moonsworth.lunar.bridge.hitcolor+com.moonsworth.lunar.bridge.horsestats.mixin+com.moonsworth.lunar.bridge.minecraft+com.moonsworth.lunar.bridge.mixin+com.moonsworth.lunar.client+com.moonsworth.lunar.client.account+com.moonsworth.lunar.client.alert.mixin+com.moonsworth.lunar.client.audio.ogg+com.moonsworth.lunar.client.config.migration+com.moonsworth.lunar.client.cosmetics.molang+com.moonsworth.lunar.client.driver.core.holograms+com.moonsworth.lunar.client.driver.holograms+com.moonsworth.lunar.client.event.mixin.holograms+com.moonsworth.lunar.client.event.mixin.nameplate+com.moonsworth.lunar.client.framework.feature+com.moonsworth.lunar.client.framework.feature.armorstatus.armorstatusbarschild+com.moonsworth.lunar.client.framework.feature.armorstatus.nameplate.mixin+com.moonsworth.lunar.client.framework.feature.blockoutline+com.moonsworth.lunar.client.framework.feature.cooldowns.mixin+com.moonsworth.lunar.client.framework.feature.coordinates+com.moonsworth.lunar.client.framework.feature.debug.optimizationdebugmod+com.moonsworth.lunar.client.framework.feature.hypixelbedwars.mixin+com.moonsworth.lunar.client.framework.feature.inventorymod.mixin+com.moonsworth.lunar.client.framework.feature.inventorymod.slot.inventorysearch+com.moonsworth.lunar.client.framework.feature.keystrokes.mixin+com.moonsworth.lunar.client.framework.feature.mod.debug.testcustomguioverlay+com.moonsworth.lunar.client.framework.feature.mod.fishing.coordinates.mixin+com.moonsworth.lunar.client.framework.feature.mod.fishing.highlight.mixin+com.moonsworth.lunar.client.framework.feature.mod.fishing.holograms.mixin+com.moonsworth.lunar.client.framework.feature.mod.fishing.rewindhandlers+com.moonsworth.lunar.client.framework.feature.mod.gui.mixin+com.moonsworth.lunar.client.framework.feature.mod.holograms.gui+com.moonsworth.lunar.client.framework.feature.mod.holograms.nameplate+com.moonsworth.lunar.client.framework.feature.mod.impl.alert.excavation+com.moonsworth.lunar.client.framework.feature.mod.impl.calculator+com.moonsworth.lunar.client.framework.feature.mod.impl.calculator.mixin+com.moonsworth.lunar.client.framework.feature.mod.impl.chest.dungeon.practice+com.moonsworth.lunar.client.framework.feature.mod.impl.click.storageoverlay	CoordinatesType2	com/moonsworth/lunar/client/framework/feature/mod/fishing/coordinates/mixin/CoordinatesType2.java
30	com.moonsworth.lunar.ichor.api+com.moonsworth.lunar.replaymod.forge.v1_12.mixin+com.moonsworth.lunar.replaymod.forge.v1_8.mixin+com.moonsworth.lunar.v1_8.optifine.wrapper+net.minecraft.client.model+com.moonsworth.lunar.bridge.glintcolorizer.mixin+com.moonsworth.lunar.bridge.hitbox+com.moonsworth.lunar.bridge.hitcolor+com.moonsworth.lunar.bridge.horsestats.mixin+com.moonsworth.lunar.bridge.minecraft+com.moonsworth.lunar.bridge.mixin+com.moonsworth.lunar.client+com.moonsworth.lunar.client.account+com.moonsworth.lunar.client.alert.mixin+com.moonsworth.lunar.client.audio.ogg+com.moonsworth.lunar.client.config.migration+com.moonsworth.lunar.client.cosmetics.molang+com.moonsworth.lunar.client.driver.core.holograms+com.moonsworth.lunar.client.driver.holograms+com.moonsworth.lunar.client.event.mixin.holograms+com.moonsworth.lunar.client.event.mixin.nameplate+com.moonsworth.lunar.client.framework.feature+com.moonsworth.lunar.client.framework.feature.armorstatus.armorstatusbarschild+com.moonsworth.lunar.client.framework.feature.armorstatus.nameplate.mixin+com.moonsworth.lunar.client.framework.feature.blockoutline+com.moonsworth.lunar.client.framework.feature.cooldowns.mixin+com.moonsworth.lunar.client.framework.feature.coordinates+com.moonsworth.lunar.client.framework.feature.debug.optimizationdebugmod+com.moonsworth.lunar.client.framework.feature.hypixelbedwars.mixin+com.moonsworth.lunar.client.framework.feature.inventorymod.mixin+com.moonsworth.lunar.client.framework.feature.inventorymod.slot.inventorysearch+com.moonsworth.lunar.client.framework.feature.keystrokes.mixin+com.moonsworth.lunar.client.framework.feature.mod.debug.testcustomguioverlay+com.moonsworth.lunar.client.framework.feature.mod.fishing.coordinates.mixin+com.moonsworth.lunar.client.framework.feature.mod.fishing.highlight.mixin+com.moonsworth.lunar.client.framework.feature.mod.fishing.holograms.mixin+com.moonsworth.lunar.client.framework.feature.mod.fishing.rewindhandlers+com.moonsworth.lunar.client.framework.feature.mod.gui.mixin+com.moonsworth.lunar.client.framework.feature.mod.holograms.gui+com.moonsworth.lunar.client.framework.feature.mod.holograms.nameplate+com.moonsworth.lunar.client.framework.feature.mod.impl.alert.excavation+com.moonsworth.lunar.client.framework.feature.mod.impl.calculator+com.moonsworth.lunar.client.framework.feature.mod.impl.calculator.mixin+com.moonsworth.lunar.client.framework.feature.mod.impl.chest.dungeon.practice+com.moonsworth.lunar.client.framework.feature.mod.impl.click.storageoverlay	Gui2Extension2	com/moonsworth/lunar/client/framework/feature/mod/fishing/highlight/mixin/Gui2Extension2.java
30	com.moonsworth.lunar.ichor.api+com.moonsworth.lunar.replaymod.forge.v1_12.mixin+com.moonsworth.lunar.replaymod.forge.v1_8.mixin+com.moonsworth.lunar.v1_8.optifine.wrapper+net.minecraft.client.model+com.moonsworth.lunar.bridge.glintcolorizer.mixin+com.moonsworth.lunar.bridge.hitbox+com.moonsworth.lunar.bridge.hitcolor+com.moonsworth.lunar.bridge.horsestats.mixin+com.moonsworth.lunar.bridge.minecraft+com.moonsworth.lunar.bridge.mixin+com.moonsworth.lunar.client+com.moonsworth.lunar.client.account+com.moonsworth.lunar.client.alert.mixin+com.moonsworth.lunar.client.audio.ogg+com.moonsworth.lunar.client.config.migration+com.moonsworth.lunar.client.cosmetics.molang+com.moonsworth.lunar.client.driver.core.holograms+com.moonsworth.lunar.client.driver.holograms+com.moonsworth.lunar.client.event.mixin.holograms+com.moonsworth.lunar.client.event.mixin.nameplate+com.moonsworth.lunar.client.framework.feature+com.moonsworth.lunar.client.framework.feature.armorstatus.armorstatusbarschild+com.moonsworth.lunar.client.framework.feature.armorstatus.nameplate.mixin+com.moonsworth.lunar.client.framework.feature.blockoutline+com.moonsworth.lunar.client.framework.feature.cooldowns.mixin+com.moonsworth.lunar.client.framework.feature.coordinates+com.moonsworth.lunar.client.framework.feature.debug.optimizationdebugmod+com.moonsworth.lunar.client.framework.feature.hypixelbedwars.mixin+com.moonsworth.lunar.client.framework.feature.inventorymod.mixin+com.moonsworth.lunar.client.framework.feature.inventorymod.slot.inventorysearch+com.moonsworth.lunar.client.framework.feature.keystrokes.mixin+com.moonsworth.lunar.client.framework.feature.mod.debug.testcustomguioverlay+com.moonsworth.lunar.client.framework.feature.mod.fishing.coordinates.mixin+com.moonsworth.lunar.client.framework.feature.mod.fishing.highlight.mixin+com.moonsworth.lunar.client.framework.feature.mod.fishing.holograms.mixin+com.moonsworth.lunar.client.framework.feature.mod.fishing.rewindhandlers+com.moonsworth.lunar.client.framework.feature.mod.gui.mixin+com.moonsworth.lunar.client.framework.feature.mod.holograms.gui+com.moonsworth.lunar.client.framework.feature.mod.holograms.nameplate+com.moonsworth.lunar.client.framework.feature.mod.impl.alert.excavation+com.moonsworth.lunar.client.framework.feature.mod.impl.calculator+com.moonsworth.lunar.client.framework.feature.mod.impl.calculator.mixin+com.moonsworth.lunar.client.framework.feature.mod.impl.chest.dungeon.practice+com.moonsworth.lunar.client.framework.feature.mod.impl.click.storageoverlay	Holograms2	com/moonsworth/lunar/client/framework/feature/mod/fishing/holograms/mixin/Holograms2.java
30	com.moonsworth.lunar.ichor.api+com.moonsworth.lunar.replaymod.forge.v1_12.mixin+com.moonsworth.lunar.replaymod.forge.v1_8.mixin+com.moonsworth.lunar.v1_8.optifine.wrapper+net.minecraft.client.model+com.moonsworth.lunar.bridge.glintcolorizer.mixin+com.moonsworth.lunar.bridge.hitbox+com.moonsworth.lunar.bridge.hitcolor+com.moonsworth.lunar.bridge.horsestats.mixin+com.moonsworth.lunar.bridge.minecraft+com.moonsworth.lunar.bridge.mixin+com.moonsworth.lunar.client+com.moonsworth.lunar.client.account+com.moonsworth.lunar.client.alert.mixin+com.moonsworth.lunar.client.audio.ogg+com.moonsworth.lunar.client.config.migration+com.moonsworth.lunar.client.cosmetics.molang+com.moonsworth.lunar.client.driver.core.holograms+com.moonsworth.lunar.client.driver.holograms+com.moonsworth.lunar.client.event.mixin.holograms+com.moonsworth.lunar.client.event.mixin.nameplate+com.moonsworth.lunar.client.framework.feature+com.moonsworth.lunar.client.framework.feature.armorstatus.armorstatusbarschild+com.moonsworth.lunar.client.framework.feature.armorstatus.nameplate.mixin+com.moonsworth.lunar.client.framework.feature.blockoutline+com.moonsworth.lunar.client.framework.feature.cooldowns.mixin+com.moonsworth.lunar.client.framework.feature.coordinates+com.moonsworth.lunar.client.framework.feature.debug.optimizationdebugmod+com.moonsworth.lunar.client.framework.feature.hypixelbedwars.mixin+com.moonsworth.lunar.client.framework.feature.inventorymod.mixin+com.moonsworth.lunar.client.framework.feature.inventorymod.slot.inventorysearch+com.moonsworth.lunar.client.framework.feature.keystrokes.mixin+com.moonsworth.lunar.client.framework.feature.mod.debug.testcustomguioverlay+com.moonsworth.lunar.client.framework.feature.mod.fishing.coordinates.mixin+com.moonsworth.lunar.client.framework.feature.mod.fishing.highlight.mixin+com.moonsworth.lunar.client.framework.feature.mod.fishing.holograms.mixin+com.moonsworth.lunar.client.framework.feature.mod.fishing.rewindhandlers+com.moonsworth.lunar.client.framework.feature.mod.gui.mixin+com.moonsworth.lunar.client.framework.feature.mod.holograms.gui+com.moonsworth.lunar.client.framework.feature.mod.holograms.nameplate+com.moonsworth.lunar.client.framework.feature.mod.impl.alert.excavation+com.moonsworth.lunar.client.framework.feature.mod.impl.calculator+com.moonsworth.lunar.client.framework.feature.mod.impl.calculator.mixin+com.moonsworth.lunar.client.framework.feature.mod.impl.chest.dungeon.practice+com.moonsworth.lunar.client.framework.feature.mod.impl.click.storageoverlay	Rewindhandlers2	com/moonsworth/lunar/client/framework/feature/mod/fishing/rewindhandlers/Rewindhandlers2.java
30	com.moonsworth.lunar.ichor.api+com.moonsworth.lunar.replaymod.forge.v1_12.mixin+com.moonsworth.lunar.replaymod.forge.v1_8.mixin+com.moonsworth.lunar.v1_8.optifine.wrapper+net.minecraft.client.model+com.moonsworth.lunar.bridge.glintcolorizer.mixin+com.moonsworth.lunar.bridge.hitbox+com.moonsworth.lunar.bridge.hitcolor+com.moonsworth.lunar.bridge.horsestats.mixin+com.moonsworth.lunar.bridge.minecraft+com.moonsworth.lunar.bridge.mixin+com.moonsworth.lunar.client+com.moonsworth.lunar.client.account+com.moonsworth.lunar.client.alert.mixin+com.moonsworth.lunar.client.audio.ogg+com.moonsworth.lunar.client.config.migration+com.moonsworth.lunar.client.cosmetics.molang+com.moonsworth.lunar.client.driver.core.holograms+com.moonsworth.lunar.client.driver.holograms+com.moonsworth.lunar.client.event.mixin.holograms+com.moonsworth.lunar.client.event.mixin.nameplate+com.moonsworth.lunar.client.framework.feature+com.moonsworth.lunar.client.framework.feature.armorstatus.armorstatusbarschild+com.moonsworth.lunar.client.framework.feature.armorstatus.nameplate.mixin+com.moonsworth.lunar.client.framework.feature.blockoutline+com.moonsworth.lunar.client.framework.feature.cooldowns.mixin+com.moonsworth.lunar.client.framework.feature.coordinates+com.moonsworth.lunar.client.framework.feature.debug.optimizationdebugmod+com.moonsworth.lunar.client.framework.feature.hypixelbedwars.mixin+com.moonsworth.lunar.client.framework.feature.inventorymod.mixin+com.moonsworth.lunar.client.framework.feature.inventorymod.slot.inventorysearch+com.moonsworth.lunar.client.framework.feature.keystrokes.mixin+com.moonsworth.lunar.client.framework.feature.mod.debug.testcustomguioverlay+com.moonsworth.lunar.client.framework.feature.mod.fishing.coordinates.mixin+com.moonsworth.lunar.client.framework.feature.mod.fishing.highlight.mixin+com.moonsworth.lunar.client.framework.feature.mod.fishing.holograms.mixin+com.moonsworth.lunar.client.framework.feature.mod.fishing.rewindhandlers+com.moonsworth.lunar.client.framework.feature.mod.gui.mixin+com.moonsworth.lunar.client.framework.feature.mod.holograms.gui+com.moonsworth.lunar.client.framework.feature.mod.holograms.nameplate+com.moonsworth.lunar.client.framework.feature.mod.impl.alert.excavation+com.moonsworth.lunar.client.framework.feature.mod.impl.calculator+com.moonsworth.lunar.client.framework.feature.mod.impl.calculator.mixin+com.moonsworth.lunar.client.framework.feature.mod.impl.chest.dungeon.practice+com.moonsworth.lunar.client.framework.feature.mod.impl.click.storageoverlay	Data2	com/moonsworth/lunar/client/framework/feature/mod/gui/mixin/Gui.java
30	com.moonsworth.lunar.ichor.api+com.moonsworth.lunar.replaymod.forge.v1_12.mixin+com.moonsworth.lunar.replaymod.forge.v1_8.mixin+com.moonsworth.lunar.v1_8.optifine.wrapper+net.minecraft.client.model+com.moonsworth.lunar.bridge.glintcolorizer.mixin+com.moonsworth.lunar.bridge.hitbox+com.moonsworth.lunar.bridge.hitcolor+com.moonsworth.lunar.bridge.horsestats.mixin+com.moonsworth.lunar.bridge.minecraft+com.moonsworth.lunar.bridge.mixin+com.moonsworth.lunar.client+com.moonsworth.lunar.client.account+com.moonsworth.lunar.client.alert.mixin+com.moonsworth.lunar.client.audio.ogg+com.moonsworth.lunar.client.config.migration+com.moonsworth.lunar.client.cosmetics.molang+com.moonsworth.lunar.client.driver.core.holograms+com.moonsworth.lunar.client.driver.holograms+com.moonsworth.lunar.client.event.mixin.holograms+com.moonsworth.lunar.client.event.mixin.nameplate+com.moonsworth.lunar.client.framework.feature+com.moonsworth.lunar.client.framework.feature.armorstatus.armorstatusbarschild+com.moonsworth.lunar.client.framework.feature.armorstatus.nameplate.mixin+com.moonsworth.lunar.client.framework.feature.blockoutline+com.moonsworth.lunar.client.framework.feature.cooldowns.mixin+com.moonsworth.lunar.client.framework.feature.coordinates+com.moonsworth.lunar.client.framework.feature.debug.optimizationdebugmod+com.moonsworth.lunar.client.framework.feature.hypixelbedwars.mixin+com.moonsworth.lunar.client.framework.feature.inventorymod.mixin+com.moonsworth.lunar.client.framework.feature.inventorymod.slot.inventorysearch+com.moonsworth.lunar.client.framework.feature.keystrokes.mixin+com.moonsworth.lunar.client.framework.feature.mod.debug.testcustomguioverlay+com.moonsworth.lunar.client.framework.feature.mod.fishing.coordinates.mixin+com.moonsworth.lunar.client.framework.feature.mod.fishing.highlight.mixin+com.moonsworth.lunar.client.framework.feature.mod.fishing.holograms.mixin+com.moonsworth.lunar.client.framework.feature.mod.fishing.rewindhandlers+com.moonsworth.lunar.client.framework.feature.mod.gui.mixin+com.moonsworth.lunar.client.framework.feature.mod.holograms.gui+com.moonsworth.lunar.client.framework.feature.mod.holograms.nameplate+com.moonsworth.lunar.client.framework.feature.mod.impl.alert.excavation+com.moonsworth.lunar.client.framework.feature.mod.impl.calculator+com.moonsworth.lunar.client.framework.feature.mod.impl.calculator.mixin+com.moonsworth.lunar.client.framework.feature.mod.impl.chest.dungeon.practice+com.moonsworth.lunar.client.framework.feature.mod.impl.click.storageoverlay	GuiRewindhandlersHandler2	com/moonsworth/lunar/client/framework/feature/mod/holograms/gui/GuiRewindhandlersHandler2.java
30	com.moonsworth.lunar.ichor.api+com.moonsworth.lunar.replaymod.forge.v1_12.mixin+com.moonsworth.lunar.replaymod.forge.v1_8.mixin+com.moonsworth.lunar.v1_8.optifine.wrapper+net.minecraft.client.model+com.moonsworth.lunar.bridge.glintcolorizer.mixin+com.moonsworth.lunar.bridge.hitbox+com.moonsworth.lunar.bridge.hitcolor+com.moonsworth.lunar.bridge.horsestats.mixin+com.moonsworth.lunar.bridge.minecraft+com.moonsworth.lunar.bridge.mixin+com.moonsworth.lunar.client+com.moonsworth.lunar.client.account+com.moonsworth.lunar.client.alert.mixin+com.moonsworth.lunar.client.audio.ogg+com.moonsworth.lunar.client.config.migration+com.moonsworth.lunar.client.cosmetics.molang+com.moonsworth.lunar.client.driver.core.holograms+com.moonsworth.lunar.client.driver.holograms+com.moonsworth.lunar.client.event.mixin.holograms+com.moonsworth.lunar.client.event.mixin.nameplate+com.moonsworth.lunar.client.framework.feature+com.moonsworth.lunar.client.framework.feature.armorstatus.armorstatusbarschild+com.moonsworth.lunar.client.framework.feature.armorstatus.nameplate.mixin+com.moonsworth.lunar.client.framework.feature.blockoutline+com.moonsworth.lunar.client.framework.feature.cooldowns.mixin+com.moonsworth.lunar.client.framework.feature.coordinates+com.moonsworth.lunar.client.framework.feature.debug.optimizationdebugmod+com.moonsworth.lunar.client.framework.feature.hypixelbedwars.mixin+com.moonsworth.lunar.client.framework.feature.inventorymod.mixin+com.moonsworth.lunar.client.framework.feature.inventorymod.slot.inventorysearch+com.moonsworth.lunar.client.framework.feature.keystrokes.mixin+com.moonsworth.lunar.client.framework.feature.mod.debug.testcustomguioverlay+com.moonsworth.lunar.client.framework.feature.mod.fishing.coordinates.mixin+com.moonsworth.lunar.client.framework.feature.mod.fishing.highlight.mixin+com.moonsworth.lunar.client.framework.feature.mod.fishing.holograms.mixin+com.moonsworth.lunar.client.framework.feature.mod.fishing.rewindhandlers+com.moonsworth.lunar.client.framework.feature.mod.gui.mixin+com.moonsworth.lunar.client.framework.feature.mod.holograms.gui+com.moonsworth.lunar.client.framework.feature.mod.holograms.nameplate+com.moonsworth.lunar.client.framework.feature.mod.impl.alert.excavation+com.moonsworth.lunar.client.framework.feature.mod.impl.calculator+com.moonsworth.lunar.client.framework.feature.mod.impl.calculator.mixin+com.moonsworth.lunar.client.framework.feature.mod.impl.chest.dungeon.practice+com.moonsworth.lunar.client.framework.feature.mod.impl.click.storageoverlay	GuiRewindhandlersHandler2	com/moonsworth/lunar/client/framework/feature/mod/holograms/nameplate/GuiRewindhandlersHandler2.java
30	com.moonsworth.lunar.ichor.api+com.moonsworth.lunar.replaymod.forge.v1_12.mixin+com.moonsworth.lunar.replaymod.forge.v1_8.mixin+com.moonsworth.lunar.v1_8.optifine.wrapper+net.minecraft.client.model+com.moonsworth.lunar.bridge.glintcolorizer.mixin+com.moonsworth.lunar.bridge.hitbox+com.moonsworth.lunar.bridge.hitcolor+com.moonsworth.lunar.bridge.horsestats.mixin+com.moonsworth.lunar.bridge.minecraft+com.moonsworth.lunar.bridge.mixin+com.moonsworth.lunar.client+com.moonsworth.lunar.client.account+com.moonsworth.lunar.client.alert.mixin+com.moonsworth.lunar.client.audio.ogg+com.moonsworth.lunar.client.config.migration+com.moonsworth.lunar.client.cosmetics.molang+com.moonsworth.lunar.client.driver.core.holograms+com.moonsworth.lunar.client.driver.holograms+com.moonsworth.lunar.client.event.mixin.holograms+com.moonsworth.lunar.client.event.mixin.nameplate+com.moonsworth.lunar.client.framework.feature+com.moonsworth.lunar.client.framework.feature.armorstatus.armorstatusbarschild+com.moonsworth.lunar.client.framework.feature.armorstatus.nameplate.mixin+com.moonsworth.lunar.client.framework.feature.blockoutline+com.moonsworth.lunar.client.framework.feature.cooldowns.mixin+com.moonsworth.lunar.client.framework.feature.coordinates+com.moonsworth.lunar.client.framework.feature.debug.optimizationdebugmod+com.moonsworth.lunar.client.framework.feature.hypixelbedwars.mixin+com.moonsworth.lunar.client.framework.feature.inventorymod.mixin+com.moonsworth.lunar.client.framework.feature.inventorymod.slot.inventorysearch+com.moonsworth.lunar.client.framework.feature.keystrokes.mixin+com.moonsworth.lunar.client.framework.feature.mod.debug.testcustomguioverlay+com.moonsworth.lunar.client.framework.feature.mod.fishing.coordinates.mixin+com.moonsworth.lunar.client.framework.feature.mod.fishing.highlight.mixin+com.moonsworth.lunar.client.framework.feature.mod.fishing.holograms.mixin+com.moonsworth.lunar.client.framework.feature.mod.fishing.rewindhandlers+com.moonsworth.lunar.client.framework.feature.mod.gui.mixin+com.moonsworth.lunar.client.framework.feature.mod.holograms.gui+com.moonsworth.lunar.client.framework.feature.mod.holograms.nameplate+com.moonsworth.lunar.client.framework.feature.mod.impl.alert.excavation+com.moonsworth.lunar.client.framework.feature.mod.impl.calculator+com.moonsworth.lunar.client.framework.feature.mod.impl.calculator.mixin+com.moonsworth.lunar.client.framework.feature.mod.impl.chest.dungeon.practice+com.moonsworth.lunar.client.framework.feature.mod.impl.click.storageoverlay	Excavation2	com/moonsworth/lunar/client/framework/feature/mod/impl/alert/excavation/Excavation2.java
30	com.moonsworth.lunar.ichor.api+com.moonsworth.lunar.replaymod.forge.v1_12.mixin+com.moonsworth.lunar.replaymod.forge.v1_8.mixin+com.moonsworth.lunar.v1_8.optifine.wrapper+net.minecraft.client.model+com.moonsworth.lunar.bridge.glintcolorizer.mixin+com.moonsworth.lunar.bridge.hitbox+com.moonsworth.lunar.bridge.hitcolor+com.moonsworth.lunar.bridge.horsestats.mixin+com.moonsworth.lunar.bridge.minecraft+com.moonsworth.lunar.bridge.mixin+com.moonsworth.lunar.client+com.moonsworth.lunar.client.account+com.moonsworth.lunar.client.alert.mixin+com.moonsworth.lunar.client.audio.ogg+com.moonsworth.lunar.client.config.migration+com.moonsworth.lunar.client.cosmetics.molang+com.moonsworth.lunar.client.driver.core.holograms+com.moonsworth.lunar.client.driver.holograms+com.moonsworth.lunar.client.event.mixin.holograms+com.moonsworth.lunar.client.event.mixin.nameplate+com.moonsworth.lunar.client.framework.feature+com.moonsworth.lunar.client.framework.feature.armorstatus.armorstatusbarschild+com.moonsworth.lunar.client.framework.feature.armorstatus.nameplate.mixin+com.moonsworth.lunar.client.framework.feature.blockoutline+com.moonsworth.lunar.client.framework.feature.cooldowns.mixin+com.moonsworth.lunar.client.framework.feature.coordinates+com.moonsworth.lunar.client.framework.feature.debug.optimizationdebugmod+com.moonsworth.lunar.client.framework.feature.hypixelbedwars.mixin+com.moonsworth.lunar.client.framework.feature.inventorymod.mixin+com.moonsworth.lunar.client.framework.feature.inventorymod.slot.inventorysearch+com.moonsworth.lunar.client.framework.feature.keystrokes.mixin+com.moonsworth.lunar.client.framework.feature.mod.debug.testcustomguioverlay+com.moonsworth.lunar.client.framework.feature.mod.fishing.coordinates.mixin+com.moonsworth.lunar.client.framework.feature.mod.fishing.highlight.mixin+com.moonsworth.lunar.client.framework.feature.mod.fishing.holograms.mixin+com.moonsworth.lunar.client.framework.feature.mod.fishing.rewindhandlers+com.moonsworth.lunar.client.framework.feature.mod.gui.mixin+com.moonsworth.lunar.client.framework.feature.mod.holograms.gui+com.moonsworth.lunar.client.framework.feature.mod.holograms.nameplate+com.moonsworth.lunar.client.framework.feature.mod.impl.alert.excavation+com.moonsworth.lunar.client.framework.feature.mod.impl.calculator+com.moonsworth.lunar.client.framework.feature.mod.impl.calculator.mixin+com.moonsworth.lunar.client.framework.feature.mod.impl.chest.dungeon.practice+com.moonsworth.lunar.client.framework.feature.mod.impl.click.storageoverlay	Calculator2	com/moonsworth/lunar/client/framework/feature/mod/impl/calculator/Calculator2.java
30	com.moonsworth.lunar.ichor.api+com.moonsworth.lunar.replaymod.forge.v1_12.mixin+com.moonsworth.lunar.replaymod.forge.v1_8.mixin+com.moonsworth.lunar.v1_8.optifine.wrapper+net.minecraft.client.model+com.moonsworth.lunar.bridge.glintcolorizer.mixin+com.moonsworth.lunar.bridge.hitbox+com.moonsworth.lunar.bridge.hitcolor+com.moonsworth.lunar.bridge.horsestats.mixin+com.moonsworth.lunar.bridge.minecraft+com.moonsworth.lunar.bridge.mixin+com.moonsworth.lunar.client+com.moonsworth.lunar.client.account+com.moonsworth.lunar.client.alert.mixin+com.moonsworth.lunar.client.audio.ogg+com.moonsworth.lunar.client.config.migration+com.moonsworth.lunar.client.cosmetics.molang+com.moonsworth.lunar.client.driver.core.holograms+com.moonsworth.lunar.client.driver.holograms+com.moonsworth.lunar.client.event.mixin.holograms+com.moonsworth.lunar.client.event.mixin.nameplate+com.moonsworth.lunar.client.framework.feature+com.moonsworth.lunar.client.framework.feature.armorstatus.armorstatusbarschild+com.moonsworth.lunar.client.framework.feature.armorstatus.nameplate.mixin+com.moonsworth.lunar.client.framework.feature.blockoutline+com.moonsworth.lunar.client.framework.feature.cooldowns.mixin+com.moonsworth.lunar.client.framework.feature.coordinates+com.moonsworth.lunar.client.framework.feature.debug.optimizationdebugmod+com.moonsworth.lunar.client.framework.feature.hypixelbedwars.mixin+com.moonsworth.lunar.client.framework.feature.inventorymod.mixin+com.moonsworth.lunar.client.framework.feature.inventorymod.slot.inventorysearch+com.moonsworth.lunar.client.framework.feature.keystrokes.mixin+com.moonsworth.lunar.client.framework.feature.mod.debug.testcustomguioverlay+com.moonsworth.lunar.client.framework.feature.mod.fishing.coordinates.mixin+com.moonsworth.lunar.client.framework.feature.mod.fishing.highlight.mixin+com.moonsworth.lunar.client.framework.feature.mod.fishing.holograms.mixin+com.moonsworth.lunar.client.framework.feature.mod.fishing.rewindhandlers+com.moonsworth.lunar.client.framework.feature.mod.gui.mixin+com.moonsworth.lunar.client.framework.feature.mod.holograms.gui+com.moonsworth.lunar.client.framework.feature.mod.holograms.nameplate+com.moonsworth.lunar.client.framework.feature.mod.impl.alert.excavation+com.moonsworth.lunar.client.framework.feature.mod.impl.calculator+com.moonsworth.lunar.client.framework.feature.mod.impl.calculator.mixin+com.moonsworth.lunar.client.framework.feature.mod.impl.chest.dungeon.practice+com.moonsworth.lunar.client.framework.feature.mod.impl.click.storageoverlay	CalculatorType2	com/moonsworth/lunar/client/framework/feature/mod/impl/calculator/mixin/CalculatorType2.java
30	com.moonsworth.lunar.ichor.api+com.moonsworth.lunar.replaymod.forge.v1_12.mixin+com.moonsworth.lunar.replaymod.forge.v1_8.mixin+com.moonsworth.lunar.v1_8.optifine.wrapper+net.minecraft.client.model+com.moonsworth.lunar.bridge.glintcolorizer.mixin+com.moonsworth.lunar.bridge.hitbox+com.moonsworth.lunar.bridge.hitcolor+com.moonsworth.lunar.bridge.horsestats.mixin+com.moonsworth.lunar.bridge.minecraft+com.moonsworth.lunar.bridge.mixin+com.moonsworth.lunar.client+com.moonsworth.lunar.client.account+com.moonsworth.lunar.client.alert.mixin+com.moonsworth.lunar.client.audio.ogg+com.moonsworth.lunar.client.config.migration+com.moonsworth.lunar.client.cosmetics.molang+com.moonsworth.lunar.client.driver.core.holograms+com.moonsworth.lunar.client.driver.holograms+com.moonsworth.lunar.client.event.mixin.holograms+com.moonsworth.lunar.client.event.mixin.nameplate+com.moonsworth.lunar.client.framework.feature+com.moonsworth.lunar.client.framework.feature.armorstatus.armorstatusbarschild+com.moonsworth.lunar.client.framework.feature.armorstatus.nameplate.mixin+com.moonsworth.lunar.client.framework.feature.blockoutline+com.moonsworth.lunar.client.framework.feature.cooldowns.mixin+com.moonsworth.lunar.client.framework.feature.coordinates+com.moonsworth.lunar.client.framework.feature.debug.optimizationdebugmod+com.moonsworth.lunar.client.framework.feature.hypixelbedwars.mixin+com.moonsworth.lunar.client.framework.feature.inventorymod.mixin+com.moonsworth.lunar.client.framework.feature.inventorymod.slot.inventorysearch+com.moonsworth.lunar.client.framework.feature.keystrokes.mixin+com.moonsworth.lunar.client.framework.feature.mod.debug.testcustomguioverlay+com.moonsworth.lunar.client.framework.feature.mod.fishing.coordinates.mixin+com.moonsworth.lunar.client.framework.feature.mod.fishing.highlight.mixin+com.moonsworth.lunar.client.framework.feature.mod.fishing.holograms.mixin+com.moonsworth.lunar.client.framework.feature.mod.fishing.rewindhandlers+com.moonsworth.lunar.client.framework.feature.mod.gui.mixin+com.moonsworth.lunar.client.framework.feature.mod.holograms.gui+com.moonsworth.lunar.client.framework.feature.mod.holograms.nameplate+com.moonsworth.lunar.client.framework.feature.mod.impl.alert.excavation+com.moonsworth.lunar.client.framework.feature.mod.impl.calculator+com.moonsworth.lunar.client.framework.feature.mod.impl.calculator.mixin+com.moonsworth.lunar.client.framework.feature.mod.impl.chest.dungeon.practice+com.moonsworth.lunar.client.framework.feature.mod.impl.click.storageoverlay	Framework7Extension2	com/moonsworth/lunar/client/framework/feature/mod/impl/chest/dungeon/practice/Framework7Extension2.java
30	com.moonsworth.lunar.ichor.api+com.moonsworth.lunar.replaymod.forge.v1_12.mixin+com.moonsworth.lunar.replaymod.forge.v1_8.mixin+com.moonsworth.lunar.v1_8.optifine.wrapper+net.minecraft.client.model+com.moonsworth.lunar.bridge.glintcolorizer.mixin+com.moonsworth.lunar.bridge.hitbox+com.moonsworth.lunar.bridge.hitcolor+com.moonsworth.lunar.bridge.horsestats.mixin+com.moonsworth.lunar.bridge.minecraft+com.moonsworth.lunar.bridge.mixin+com.moonsworth.lunar.client+com.moonsworth.lunar.client.account+com.moonsworth.lunar.client.alert.mixin+com.moonsworth.lunar.client.audio.ogg+com.moonsworth.lunar.client.config.migration+com.moonsworth.lunar.client.cosmetics.molang+com.moonsworth.lunar.client.driver.core.holograms+com.moonsworth.lunar.client.driver.holograms+com.moonsworth.lunar.client.event.mixin.holograms+com.moonsworth.lunar.client.event.mixin.nameplate+com.moonsworth.lunar.client.framework.feature+com.moonsworth.lunar.client.framework.feature.armorstatus.armorstatusbarschild+com.moonsworth.lunar.client.framework.feature.armorstatus.nameplate.mixin+com.moonsworth.lunar.client.framework.feature.blockoutline+com.moonsworth.lunar.client.framework.feature.cooldowns.mixin+com.moonsworth.lunar.client.framework.feature.coordinates+com.moonsworth.lunar.client.framework.feature.debug.optimizationdebugmod+com.moonsworth.lunar.client.framework.feature.hypixelbedwars.mixin+com.moonsworth.lunar.client.framework.feature.inventorymod.mixin+com.moonsworth.lunar.client.framework.feature.inventorymod.slot.inventorysearch+com.moonsworth.lunar.client.framework.feature.keystrokes.mixin+com.moonsworth.lunar.client.framework.feature.mod.debug.testcustomguioverlay+com.moonsworth.lunar.client.framework.feature.mod.fishing.coordinates.mixin+com.moonsworth.lunar.client.framework.feature.mod.fishing.highlight.mixin+com.moonsworth.lunar.client.framework.feature.mod.fishing.holograms.mixin+com.moonsworth.lunar.client.framework.feature.mod.fishing.rewindhandlers+com.moonsworth.lunar.client.framework.feature.mod.gui.mixin+com.moonsworth.lunar.client.framework.feature.mod.holograms.gui+com.moonsworth.lunar.client.framework.feature.mod.holograms.nameplate+com.moonsworth.lunar.client.framework.feature.mod.impl.alert.excavation+com.moonsworth.lunar.client.framework.feature.mod.impl.calculator+com.moonsworth.lunar.client.framework.feature.mod.impl.calculator.mixin+com.moonsworth.lunar.client.framework.feature.mod.impl.chest.dungeon.practice+com.moonsworth.lunar.client.framework.feature.mod.impl.click.storageoverlay	Storageoverlay2	com/moonsworth/lunar/client/framework/feature/mod/impl/click/storageoverlay/Storageoverlay2.java
31	com.moonsworth.lunar.client.framework.feature.mod.impl.gui+com.moonsworth.lunar.client.framework.feature.mod.impl.ultrasequencer+com.moonsworth.lunar.client.framework.feature.rewind.rewindhandlers.chest+com.moonsworth.lunar.client.framework.feature.rewind.rewindhandlers.click+com.moonsworth.lunar.client.framework.feature.rewind.rewindhandlers.colorsaturation+com.moonsworth.lunar.client.framework.feature.rewind.rewindhandlers.fishing+com.moonsworth.lunar.client.framework.feature.rewind.rewindhandlers.holograms+com.moonsworth.lunar.client.framework.feature.rewind.rewindhandlers.rewindhandlersCore.mixin+com.moonsworth.lunar.client.framework.feature.rewind.rewindhandlersNameplate.mixin+com.moonsworth.lunar.client.framework.feature.scrollabletooltips+com.moonsworth.lunar.client.framework.feature.soundchanger+com.moonsworth.lunar.client.framework.feature.titles+com.moonsworth.lunar.client.framework.feature.tps+com.moonsworth.lunar.client.framework.feature.waila.mixin+com.moonsworth.lunar.client.framework.feature.waypoints.mixin+com.moonsworth.lunar.client.heightlimit+com.moonsworth.lunar.client.highlight+com.moonsworth.lunar.client.mod.hud.directionhud+com.moonsworth.lunar.client.mod.hud.waila+com.moonsworth.lunar.client.mod.misc.itemtracker+com.moonsworth.lunar.client.mod.render.potioneffects+com.moonsworth.lunar.client.mod.skyblock.dungeonpuzzles+com.moonsworth.lunar.client.mod.skyblock.visitorprofit+com.moonsworth.lunar.client.network.server+com.moonsworth.lunar.client.render.font+com.moonsworth.lunar.client.render.jit+com.moonsworth.lunar.client.render.turbo+com.moonsworth.lunar.client.ui+com.moonsworth.lunar.client.ui.hud.row+com.moonsworth.lunar.client.util.colorsaturation+com.moonsworth.lunar.client.util.io+com.moonsworth.lunar.client.util.net+com.moonsworth.lunar.client.util.raytrace+com.moonsworth.lunar.client.waypoints+com.moonsworth.lunar.framework+net.minecraft.entity.ai	Framework7Extension2	com/moonsworth/lunar/client/framework/feature/mod/impl/gui/Framework7Extension2.java
31	com.moonsworth.lunar.client.framework.feature.mod.impl.gui+com.moonsworth.lunar.client.framework.feature.mod.impl.ultrasequencer+com.moonsworth.lunar.client.framework.feature.rewind.rewindhandlers.chest+com.moonsworth.lunar.client.framework.feature.rewind.rewindhandlers.click+com.moonsworth.lunar.client.framework.feature.rewind.rewindhandlers.colorsaturation+com.moonsworth.lunar.client.framework.feature.rewind.rewindhandlers.fishing+com.moonsworth.lunar.client.framework.feature.rewind.rewindhandlers.holograms+com.moonsworth.lunar.client.framework.feature.rewind.rewindhandlers.rewindhandlersCore.mixin+com.moonsworth.lunar.client.framework.feature.rewind.rewindhandlersNameplate.mixin+com.moonsworth.lunar.client.framework.feature.scrollabletooltips+com.moonsworth.lunar.client.framework.feature.soundchanger+com.moonsworth.lunar.client.framework.feature.titles+com.moonsworth.lunar.client.framework.feature.tps+com.moonsworth.lunar.client.framework.feature.waila.mixin+com.moonsworth.lunar.client.framework.feature.waypoints.mixin+com.moonsworth.lunar.client.heightlimit+com.moonsworth.lunar.client.highlight+com.moonsworth.lunar.client.mod.hud.directionhud+com.moonsworth.lunar.client.mod.hud.waila+com.moonsworth.lunar.client.mod.misc.itemtracker+com.moonsworth.lunar.client.mod.render.potioneffects+com.moonsworth.lunar.client.mod.skyblock.dungeonpuzzles+com.moonsworth.lunar.client.mod.skyblock.visitorprofit+com.moonsworth.lunar.client.network.server+com.moonsworth.lunar.client.render.font+com.moonsworth.lunar.client.render.jit+com.moonsworth.lunar.client.render.turbo+com.moonsworth.lunar.client.ui+com.moonsworth.lunar.client.ui.hud.row+com.moonsworth.lunar.client.util.colorsaturation+com.moonsworth.lunar.client.util.io+com.moonsworth.lunar.client.util.net+com.moonsworth.lunar.client.util.raytrace+com.moonsworth.lunar.client.waypoints+com.moonsworth.lunar.framework+net.minecraft.entity.ai	Framework7Extension2	com/moonsworth/lunar/client/framework/feature/mod/impl/ultrasequencer/Framework7Extension2.java
31	com.moonsworth.lunar.client.framework.feature.mod.impl.gui+com.moonsworth.lunar.client.framework.feature.mod.impl.ultrasequencer+com.moonsworth.lunar.client.framework.feature.rewind.rewindhandlers.chest+com.moonsworth.lunar.client.framework.feature.rewind.rewindhandlers.click+com.moonsworth.lunar.client.framework.feature.rewind.rewindhandlers.colorsaturation+com.moonsworth.lunar.client.framework.feature.rewind.rewindhandlers.fishing+com.moonsworth.lunar.client.framework.feature.rewind.rewindhandlers.holograms+com.moonsworth.lunar.client.framework.feature.rewind.rewindhandlers.rewindhandlersCore.mixin+com.moonsworth.lunar.client.framework.feature.rewind.rewindhandlersNameplate.mixin+com.moonsworth.lunar.client.framework.feature.scrollabletooltips+com.moonsworth.lunar.client.framework.feature.soundchanger+com.moonsworth.lunar.client.framework.feature.titles+com.moonsworth.lunar.client.framework.feature.tps+com.moonsworth.lunar.client.framework.feature.waila.mixin+com.moonsworth.lunar.client.framework.feature.waypoints.mixin+com.moonsworth.lunar.client.heightlimit+com.moonsworth.lunar.client.highlight+com.moonsworth.lunar.client.mod.hud.directionhud+com.moonsworth.lunar.client.mod.hud.waila+com.moonsworth.lunar.client.mod.misc.itemtracker+com.moonsworth.lunar.client.mod.render.potioneffects+com.moonsworth.lunar.client.mod.skyblock.dungeonpuzzles+com.moonsworth.lunar.client.mod.skyblock.visitorprofit+com.moonsworth.lunar.client.network.server+com.moonsworth.lunar.client.render.font+com.moonsworth.lunar.client.render.jit+com.moonsworth.lunar.client.render.turbo+com.moonsworth.lunar.client.ui+com.moonsworth.lunar.client.ui.hud.row+com.moonsworth.lunar.client.util.colorsaturation+com.moonsworth.lunar.client.util.io+com.moonsworth.lunar.client.util.net+com.moonsworth.lunar.client.util.raytrace+com.moonsworth.lunar.client.waypoints+com.moonsworth.lunar.framework+net.minecraft.entity.ai	Chest2	com/moonsworth/lunar/client/framework/feature/rewind/rewindhandlers/chest/Chest2.java
31	com.moonsworth.lunar.client.framework.feature.mod.impl.gui+com.moonsworth.lunar.client.framework.feature.mod.impl.ultrasequencer+com.moonsworth.lunar.client.framework.feature.rewind.rewindhandlers.chest+com.moonsworth.lunar.client.framework.feature.rewind.rewindhandlers.click+com.moonsworth.lunar.client.framework.feature.rewind.rewindhandlers.colorsaturation+com.moonsworth.lunar.client.framework.feature.rewind.rewindhandlers.fishing+com.moonsworth.lunar.client.framework.feature.rewind.rewindhandlers.holograms+com.moonsworth.lunar.client.framework.feature.rewind.rewindhandlers.rewindhandlersCore.mixin+com.moonsworth.lunar.client.framework.feature.rewind.rewindhandlersNameplate.mixin+com.moonsworth.lunar.client.framework.feature.scrollabletooltips+com.moonsworth.lunar.client.framework.feature.soundchanger+com.moonsworth.lunar.client.framework.feature.titles+com.moonsworth.lunar.client.framework.feature.tps+com.moonsworth.lunar.client.framework.feature.waila.mixin+com.moonsworth.lunar.client.framework.feature.waypoints.mixin+com.moonsworth.lunar.client.heightlimit+com.moonsworth.lunar.client.highlight+com.moonsworth.lunar.client.mod.hud.directionhud+com.moonsworth.lunar.client.mod.hud.waila+com.moonsworth.lunar.client.mod.misc.itemtracker+com.moonsworth.lunar.client.mod.render.potioneffects+com.moonsworth.lunar.client.mod.skyblock.dungeonpuzzles+com.moonsworth.lunar.client.mod.skyblock.visitorprofit+com.moonsworth.lunar.client.network.server+com.moonsworth.lunar.client.render.font+com.moonsworth.lunar.client.render.jit+com.moonsworth.lunar.client.render.turbo+com.moonsworth.lunar.client.ui+com.moonsworth.lunar.client.ui.hud.row+com.moonsworth.lunar.client.util.colorsaturation+com.moonsworth.lunar.client.util.io+com.moonsworth.lunar.client.util.net+com.moonsworth.lunar.client.util.raytrace+com.moonsworth.lunar.client.waypoints+com.moonsworth.lunar.framework+net.minecraft.entity.ai	Click2	com/moonsworth/lunar/client/framework/feature/rewind/rewindhandlers/click/Click2.java
31	com.moonsworth.lunar.client.framework.feature.mod.impl.gui+com.moonsworth.lunar.client.framework.feature.mod.impl.ultrasequencer+com.moonsworth.lunar.client.framework.feature.rewind.rewindhandlers.chest+com.moonsworth.lunar.client.framework.feature.rewind.rewindhandlers.click+com.moonsworth.lunar.client.framework.feature.rewind.rewindhandlers.colorsaturation+com.moonsworth.lunar.client.framework.feature.rewind.rewindhandlers.fishing+com.moonsworth.lunar.client.framework.feature.rewind.rewindhandlers.holograms+com.moonsworth.lunar.client.framework.feature.rewind.rewindhandlers.rewindhandlersCore.mixin+com.moonsworth.lunar.client.framework.feature.rewind.rewindhandlersNameplate.mixin+com.moonsworth.lunar.client.framework.feature.scrollabletooltips+com.moonsworth.lunar.client.framework.feature.soundchanger+com.moonsworth.lunar.client.framework.feature.titles+com.moonsworth.lunar.client.framework.feature.tps+com.moonsworth.lunar.client.framework.feature.waila.mixin+com.moonsworth.lunar.client.framework.feature.waypoints.mixin+com.moonsworth.lunar.client.heightlimit+com.moonsworth.lunar.client.highlight+com.moonsworth.lunar.client.mod.hud.directionhud+com.moonsworth.lunar.client.mod.hud.waila+com.moonsworth.lunar.client.mod.misc.itemtracker+com.moonsworth.lunar.client.mod.render.potioneffects+com.moonsworth.lunar.client.mod.skyblock.dungeonpuzzles+com.moonsworth.lunar.client.mod.skyblock.visitorprofit+com.moonsworth.lunar.client.network.server+com.moonsworth.lunar.client.render.font+com.moonsworth.lunar.client.render.jit+com.moonsworth.lunar.client.render.turbo+com.moonsworth.lunar.client.ui+com.moonsworth.lunar.client.ui.hud.row+com.moonsworth.lunar.client.util.colorsaturation+com.moonsworth.lunar.client.util.io+com.moonsworth.lunar.client.util.net+com.moonsworth.lunar.client.util.raytrace+com.moonsworth.lunar.client.waypoints+com.moonsworth.lunar.framework+net.minecraft.entity.ai	Colorsaturation2	com/moonsworth/lunar/client/framework/feature/rewind/rewindhandlers/colorsaturation/Colorsaturation2.java
31	com.moonsworth.lunar.client.framework.feature.mod.impl.gui+com.moonsworth.lunar.client.framework.feature.mod.impl.ultrasequencer+com.moonsworth.lunar.client.framework.feature.rewind.rewindhandlers.chest+com.moonsworth.lunar.client.framework.feature.rewind.rewindhandlers.click+com.moonsworth.lunar.client.framework.feature.rewind.rewindhandlers.colorsaturation+com.moonsworth.lunar.client.framework.feature.rewind.rewindhandlers.fishing+com.moonsworth.lunar.client.framework.feature.rewind.rewindhandlers.holograms+com.moonsworth.lunar.client.framework.feature.rewind.rewindhandlers.rewindhandlersCore.mixin+com.moonsworth.lunar.client.framework.feature.rewind.rewindhandlersNameplate.mixin+com.moonsworth.lunar.client.framework.feature.scrollabletooltips+com.moonsworth.lunar.client.framework.feature.soundchanger+com.moonsworth.lunar.client.framework.feature.titles+com.moonsworth.lunar.client.framework.feature.tps+com.moonsworth.lunar.client.framework.feature.waila.mixin+com.moonsworth.lunar.client.framework.feature.waypoints.mixin+com.moonsworth.lunar.client.heightlimit+com.moonsworth.lunar.client.highlight+com.moonsworth.lunar.client.mod.hud.directionhud+com.moonsworth.lunar.client.mod.hud.waila+com.moonsworth.lunar.client.mod.misc.itemtracker+com.moonsworth.lunar.client.mod.render.potioneffects+com.moonsworth.lunar.client.mod.skyblock.dungeonpuzzles+com.moonsworth.lunar.client.mod.skyblock.visitorprofit+com.moonsworth.lunar.client.network.server+com.moonsworth.lunar.client.render.font+com.moonsworth.lunar.client.render.jit+com.moonsworth.lunar.client.render.turbo+com.moonsworth.lunar.client.ui+com.moonsworth.lunar.client.ui.hud.row+com.moonsworth.lunar.client.util.colorsaturation+com.moonsworth.lunar.client.util.io+com.moonsworth.lunar.client.util.net+com.moonsworth.lunar.client.util.raytrace+com.moonsworth.lunar.client.waypoints+com.moonsworth.lunar.framework+net.minecraft.entity.ai	Gui2Extension2	com/moonsworth/lunar/client/framework/feature/rewind/rewindhandlers/fishing/Gui2Extension2.java
31	com.moonsworth.lunar.client.framework.feature.mod.impl.gui+com.moonsworth.lunar.client.framework.feature.mod.impl.ultrasequencer+com.moonsworth.lunar.client.framework.feature.rewind.rewindhandlers.chest+com.moonsworth.lunar.client.framework.feature.rewind.rewindhandlers.click+com.moonsworth.lunar.client.framework.feature.rewind.rewindhandlers.colorsaturation+com.moonsworth.lunar.client.framework.feature.rewind.rewindhandlers.fishing+com.moonsworth.lunar.client.framework.feature.rewind.rewindhandlers.holograms+com.moonsworth.lunar.client.framework.feature.rewind.rewindhandlers.rewindhandlersCore.mixin+com.moonsworth.lunar.client.framework.feature.rewind.rewindhandlersNameplate.mixin+com.moonsworth.lunar.client.framework.feature.scrollabletooltips+com.moonsworth.lunar.client.framework.feature.soundchanger+com.moonsworth.lunar.client.framework.feature.titles+com.moonsworth.lunar.client.framework.feature.tps+com.moonsworth.lunar.client.framework.feature.waila.mixin+com.moonsworth.lunar.client.framework.feature.waypoints.mixin+com.moonsworth.lunar.client.heightlimit+com.moonsworth.lunar.client.highlight+com.moonsworth.lunar.client.mod.hud.directionhud+com.moonsworth.lunar.client.mod.hud.waila+com.moonsworth.lunar.client.mod.misc.itemtracker+com.moonsworth.lunar.client.mod.render.potioneffects+com.moonsworth.lunar.client.mod.skyblock.dungeonpuzzles+com.moonsworth.lunar.client.mod.skyblock.visitorprofit+com.moonsworth.lunar.client.network.server+com.moonsworth.lunar.client.render.font+com.moonsworth.lunar.client.render.jit+com.moonsworth.lunar.client.render.turbo+com.moonsworth.lunar.client.ui+com.moonsworth.lunar.client.ui.hud.row+com.moonsworth.lunar.client.util.colorsaturation+com.moonsworth.lunar.client.util.io+com.moonsworth.lunar.client.util.net+com.moonsworth.lunar.client.util.raytrace+com.moonsworth.lunar.client.waypoints+com.moonsworth.lunar.framework+net.minecraft.entity.ai	Holograms2	com/moonsworth/lunar/client/framework/feature/rewind/rewindhandlers/holograms/Holograms2.java
31	com.moonsworth.lunar.client.framework.feature.mod.impl.gui+com.moonsworth.lunar.client.framework.feature.mod.impl.ultrasequencer+com.moonsworth.lunar.client.framework.feature.rewind.rewindhandlers.chest+com.moonsworth.lunar.client.framework.feature.rewind.rewindhandlers.click+com.moonsworth.lunar.client.framework.feature.rewind.rewindhandlers.colorsaturation+com.moonsworth.lunar.client.framework.feature.rewind.rewindhandlers.fishing+com.moonsworth.lunar.client.framework.feature.rewind.rewindhandlers.holograms+com.moonsworth.lunar.client.framework.feature.rewind.rewindhandlers.rewindhandlersCore.mixin+com.moonsworth.lunar.client.framework.feature.rewind.rewindhandlersNameplate.mixin+com.moonsworth.lunar.client.framework.feature.scrollabletooltips+com.moonsworth.lunar.client.framework.feature.soundchanger+com.moonsworth.lunar.client.framework.feature.titles+com.moonsworth.lunar.client.framework.feature.tps+com.moonsworth.lunar.client.framework.feature.waila.mixin+com.moonsworth.lunar.client.framework.feature.waypoints.mixin+com.moonsworth.lunar.client.heightlimit+com.moonsworth.lunar.client.highlight+com.moonsworth.lunar.client.mod.hud.directionhud+com.moonsworth.lunar.client.mod.hud.waila+com.moonsworth.lunar.client.mod.misc.itemtracker+com.moonsworth.lunar.client.mod.render.potioneffects+com.moonsworth.lunar.client.mod.skyblock.dungeonpuzzles+com.moonsworth.lunar.client.mod.skyblock.visitorprofit+com.moonsworth.lunar.client.network.server+com.moonsworth.lunar.client.render.font+com.moonsworth.lunar.client.render.jit+com.moonsworth.lunar.client.render.turbo+com.moonsworth.lunar.client.ui+com.moonsworth.lunar.client.ui.hud.row+com.moonsworth.lunar.client.util.colorsaturation+com.moonsworth.lunar.client.util.io+com.moonsworth.lunar.client.util.net+com.moonsworth.lunar.client.util.raytrace+com.moonsworth.lunar.client.waypoints+com.moonsworth.lunar.framework+net.minecraft.entity.ai	Gui2Extension2	com/moonsworth/lunar/client/framework/feature/rewind/rewindhandlers/rewindhandlersCore/mixin/Gui2Extension2.java
31	com.moonsworth.lunar.client.framework.feature.mod.impl.gui+com.moonsworth.lunar.client.framework.feature.mod.impl.ultrasequencer+com.moonsworth.lunar.client.framework.feature.rewind.rewindhandlers.chest+com.moonsworth.lunar.client.framework.feature.rewind.rewindhandlers.click+com.moonsworth.lunar.client.framework.feature.rewind.rewindhandlers.colorsaturation+com.moonsworth.lunar.client.framework.feature.rewind.rewindhandlers.fishing+com.moonsworth.lunar.client.framework.feature.rewind.rewindhandlers.holograms+com.moonsworth.lunar.client.framework.feature.rewind.rewindhandlers.rewindhandlersCore.mixin+com.moonsworth.lunar.client.framework.feature.rewind.rewindhandlersNameplate.mixin+com.moonsworth.lunar.client.framework.feature.scrollabletooltips+com.moonsworth.lunar.client.framework.feature.soundchanger+com.moonsworth.lunar.client.framework.feature.titles+com.moonsworth.lunar.client.framework.feature.tps+com.moonsworth.lunar.client.framework.feature.waila.mixin+com.moonsworth.lunar.client.framework.feature.waypoints.mixin+com.moonsworth.lunar.client.heightlimit+com.moonsworth.lunar.client.highlight+com.moonsworth.lunar.client.mod.hud.directionhud+com.moonsworth.lunar.client.mod.hud.waila+com.moonsworth.lunar.client.mod.misc.itemtracker+com.moonsworth.lunar.client.mod.render.potioneffects+com.moonsworth.lunar.client.mod.skyblock.dungeonpuzzles+com.moonsworth.lunar.client.mod.skyblock.visitorprofit+com.moonsworth.lunar.client.network.server+com.moonsworth.lunar.client.render.font+com.moonsworth.lunar.client.render.jit+com.moonsworth.lunar.client.render.turbo+com.moonsworth.lunar.client.ui+com.moonsworth.lunar.client.ui.hud.row+com.moonsworth.lunar.client.util.colorsaturation+com.moonsworth.lunar.client.util.io+com.moonsworth.lunar.client.util.net+com.moonsworth.lunar.client.util.raytrace+com.moonsworth.lunar.client.waypoints+com.moonsworth.lunar.framework+net.minecraft.entity.ai	RewindhandlersNameplateImpl2	com/moonsworth/lunar/client/framework/feature/rewind/rewindhandlersNameplate/mixin/RewindhandlersNameplateImpl2.java
31	com.moonsworth.lunar.client.framework.feature.mod.impl.gui+com.moonsworth.lunar.client.framework.feature.mod.impl.ultrasequencer+com.moonsworth.lunar.client.framework.feature.rewind.rewindhandlers.chest+com.moonsworth.lunar.client.framework.feature.rewind.rewindhandlers.click+com.moonsworth.lunar.client.framework.feature.rewind.rewindhandlers.colorsaturation+com.moonsworth.lunar.client.framework.feature.rewind.rewindhandlers.fishing+com.moonsworth.lunar.client.framework.feature.rewind.rewindhandlers.holograms+com.moonsworth.lunar.client.framework.feature.rewind.rewindhandlers.rewindhandlersCore.mixin+com.moonsworth.lunar.client.framework.feature.rewind.rewindhandlersNameplate.mixin+com.moonsworth.lunar.client.framework.feature.scrollabletooltips+com.moonsworth.lunar.client.framework.feature.soundchanger+com.moonsworth.lunar.client.framework.feature.titles+com.moonsworth.lunar.client.framework.feature.tps+com.moonsworth.lunar.client.framework.feature.waila.mixin+com.moonsworth.lunar.client.framework.feature.waypoints.mixin+com.moonsworth.lunar.client.heightlimit+com.moonsworth.lunar.client.highlight+com.moonsworth.lunar.client.mod.hud.directionhud+com.moonsworth.lunar.client.mod.hud.waila+com.moonsworth.lunar.client.mod.misc.itemtracker+com.moonsworth.lunar.client.mod.render.potioneffects+com.moonsworth.lunar.client.mod.skyblock.dungeonpuzzles+com.moonsworth.lunar.client.mod.skyblock.visitorprofit+com.moonsworth.lunar.client.network.server+com.moonsworth.lunar.client.render.font+com.moonsworth.lunar.client.render.jit+com.moonsworth.lunar.client.render.turbo+com.moonsworth.lunar.client.ui+com.moonsworth.lunar.client.ui.hud.row+com.moonsworth.lunar.client.util.colorsaturation+com.moonsworth.lunar.client.util.io+com.moonsworth.lunar.client.util.net+com.moonsworth.lunar.client.util.raytrace+com.moonsworth.lunar.client.waypoints+com.moonsworth.lunar.framework+net.minecraft.entity.ai	Scrollabletooltips2	com/moonsworth/lunar/client/framework/feature/scrollabletooltips/Scrollabletooltips2.java
31	com.moonsworth.lunar.client.framework.feature.mod.impl.gui+com.moonsworth.lunar.client.framework.feature.mod.impl.ultrasequencer+com.moonsworth.lunar.client.framework.feature.rewind.rewindhandlers.chest+com.moonsworth.lunar.client.framework.feature.rewind.rewindhandlers.click+com.moonsworth.lunar.client.framework.feature.rewind.rewindhandlers.colorsaturation+com.moonsworth.lunar.client.framework.feature.rewind.rewindhandlers.fishing+com.moonsworth.lunar.client.framework.feature.rewind.rewindhandlers.holograms+com.moonsworth.lunar.client.framework.feature.rewind.rewindhandlers.rewindhandlersCore.mixin+com.moonsworth.lunar.client.framework.feature.rewind.rewindhandlersNameplate.mixin+com.moonsworth.lunar.client.framework.feature.scrollabletooltips+com.moonsworth.lunar.client.framework.feature.soundchanger+com.moonsworth.lunar.client.framework.feature.titles+com.moonsworth.lunar.client.framework.feature.tps+com.moonsworth.lunar.client.framework.feature.waila.mixin+com.moonsworth.lunar.client.framework.feature.waypoints.mixin+com.moonsworth.lunar.client.heightlimit+com.moonsworth.lunar.client.highlight+com.moonsworth.lunar.client.mod.hud.directionhud+com.moonsworth.lunar.client.mod.hud.waila+com.moonsworth.lunar.client.mod.misc.itemtracker+com.moonsworth.lunar.client.mod.render.potioneffects+com.moonsworth.lunar.client.mod.skyblock.dungeonpuzzles+com.moonsworth.lunar.client.mod.skyblock.visitorprofit+com.moonsworth.lunar.client.network.server+com.moonsworth.lunar.client.render.font+com.moonsworth.lunar.client.render.jit+com.moonsworth.lunar.client.render.turbo+com.moonsworth.lunar.client.ui+com.moonsworth.lunar.client.ui.hud.row+com.moonsworth.lunar.client.util.colorsaturation+com.moonsworth.lunar.client.util.io+com.moonsworth.lunar.client.util.net+com.moonsworth.lunar.client.util.raytrace+com.moonsworth.lunar.client.waypoints+com.moonsworth.lunar.framework+net.minecraft.entity.ai	Soundchanger2	com/moonsworth/lunar/client/framework/feature/soundchanger/Soundchanger2.java
31	com.moonsworth.lunar.client.framework.feature.mod.impl.gui+com.moonsworth.lunar.client.framework.feature.mod.impl.ultrasequencer+com.moonsworth.lunar.client.framework.feature.rewind.rewindhandlers.chest+com.moonsworth.lunar.client.framework.feature.rewind.rewindhandlers.click+com.moonsworth.lunar.client.framework.feature.rewind.rewindhandlers.colorsaturation+com.moonsworth.lunar.client.framework.feature.rewind.rewindhandlers.fishing+com.moonsworth.lunar.client.framework.feature.rewind.rewindhandlers.holograms+com.moonsworth.lunar.client.framework.feature.rewind.rewindhandlers.rewindhandlersCore.mixin+com.moonsworth.lunar.client.framework.feature.rewind.rewindhandlersNameplate.mixin+com.moonsworth.lunar.client.framework.feature.scrollabletooltips+com.moonsworth.lunar.client.framework.feature.soundchanger+com.moonsworth.lunar.client.framework.feature.titles+com.moonsworth.lunar.client.framework.feature.tps+com.moonsworth.lunar.client.framework.feature.waila.mixin+com.moonsworth.lunar.client.framework.feature.waypoints.mixin+com.moonsworth.lunar.client.heightlimit+com.moonsworth.lunar.client.highlight+com.moonsworth.lunar.client.mod.hud.directionhud+com.moonsworth.lunar.client.mod.hud.waila+com.moonsworth.lunar.client.mod.misc.itemtracker+com.moonsworth.lunar.client.mod.render.potioneffects+com.moonsworth.lunar.client.mod.skyblock.dungeonpuzzles+com.moonsworth.lunar.client.mod.skyblock.visitorprofit+com.moonsworth.lunar.client.network.server+com.moonsworth.lunar.client.render.font+com.moonsworth.lunar.client.render.jit+com.moonsworth.lunar.client.render.turbo+com.moonsworth.lunar.client.ui+com.moonsworth.lunar.client.ui.hud.row+com.moonsworth.lunar.client.util.colorsaturation+com.moonsworth.lunar.client.util.io+com.moonsworth.lunar.client.util.net+com.moonsworth.lunar.client.util.raytrace+com.moonsworth.lunar.client.waypoints+com.moonsworth.lunar.framework+net.minecraft.entity.ai	Titles2	com/moonsworth/lunar/client/framework/feature/titles/Titles2.java
31	com.moonsworth.lunar.client.framework.feature.mod.impl.gui+com.moonsworth.lunar.client.framework.feature.mod.impl.ultrasequencer+com.moonsworth.lunar.client.framework.feature.rewind.rewindhandlers.chest+com.moonsworth.lunar.client.framework.feature.rewind.rewindhandlers.click+com.moonsworth.lunar.client.framework.feature.rewind.rewindhandlers.colorsaturation+com.moonsworth.lunar.client.framework.feature.rewind.rewindhandlers.fishing+com.moonsworth.lunar.client.framework.feature.rewind.rewindhandlers.holograms+com.moonsworth.lunar.client.framework.feature.rewind.rewindhandlers.rewindhandlersCore.mixin+com.moonsworth.lunar.client.framework.feature.rewind.rewindhandlersNameplate.mixin+com.moonsworth.lunar.client.framework.feature.scrollabletooltips+com.moonsworth.lunar.client.framework.feature.soundchanger+com.moonsworth.lunar.client.framework.feature.titles+com.moonsworth.lunar.client.framework.feature.tps+com.moonsworth.lunar.client.framework.feature.waila.mixin+com.moonsworth.lunar.client.framework.feature.waypoints.mixin+com.moonsworth.lunar.client.heightlimit+com.moonsworth.lunar.client.highlight+com.moonsworth.lunar.client.mod.hud.directionhud+com.moonsworth.lunar.client.mod.hud.waila+com.moonsworth.lunar.client.mod.misc.itemtracker+com.moonsworth.lunar.client.mod.render.potioneffects+com.moonsworth.lunar.client.mod.skyblock.dungeonpuzzles+com.moonsworth.lunar.client.mod.skyblock.visitorprofit+com.moonsworth.lunar.client.network.server+com.moonsworth.lunar.client.render.font+com.moonsworth.lunar.client.render.jit+com.moonsworth.lunar.client.render.turbo+com.moonsworth.lunar.client.ui+com.moonsworth.lunar.client.ui.hud.row+com.moonsworth.lunar.client.util.colorsaturation+com.moonsworth.lunar.client.util.io+com.moonsworth.lunar.client.util.net+com.moonsworth.lunar.client.util.raytrace+com.moonsworth.lunar.client.waypoints+com.moonsworth.lunar.framework+net.minecraft.entity.ai	Tps2	com/moonsworth/lunar/client/framework/feature/tps/Tps2.java
31	com.moonsworth.lunar.client.framework.feature.mod.impl.gui+com.moonsworth.lunar.client.framework.feature.mod.impl.ultrasequencer+com.moonsworth.lunar.client.framework.feature.rewind.rewindhandlers.chest+com.moonsworth.lunar.client.framework.feature.rewind.rewindhandlers.click+com.moonsworth.lunar.client.framework.feature.rewind.rewindhandlers.colorsaturation+com.moonsworth.lunar.client.framework.feature.rewind.rewindhandlers.fishing+com.moonsworth.lunar.client.framework.feature.rewind.rewindhandlers.holograms+com.moonsworth.lunar.client.framework.feature.rewind.rewindhandlers.rewindhandlersCore.mixin+com.moonsworth.lunar.client.framework.feature.rewind.rewindhandlersNameplate.mixin+com.moonsworth.lunar.client.framework.feature.scrollabletooltips+com.moonsworth.lunar.client.framework.feature.soundchanger+com.moonsworth.lunar.client.framework.feature.titles+com.moonsworth.lunar.client.framework.feature.tps+com.moonsworth.lunar.client.framework.feature.waila.mixin+com.moonsworth.lunar.client.framework.feature.waypoints.mixin+com.moonsworth.lunar.client.heightlimit+com.moonsworth.lunar.client.highlight+com.moonsworth.lunar.client.mod.hud.directionhud+com.moonsworth.lunar.client.mod.hud.waila+com.moonsworth.lunar.client.mod.misc.itemtracker+com.moonsworth.lunar.client.mod.render.potioneffects+com.moonsworth.lunar.client.mod.skyblock.dungeonpuzzles+com.moonsworth.lunar.client.mod.skyblock.visitorprofit+com.moonsworth.lunar.client.network.server+com.moonsworth.lunar.client.render.font+com.moonsworth.lunar.client.render.jit+com.moonsworth.lunar.client.render.turbo+com.moonsworth.lunar.client.ui+com.moonsworth.lunar.client.ui.hud.row+com.moonsworth.lunar.client.util.colorsaturation+com.moonsworth.lunar.client.util.io+com.moonsworth.lunar.client.util.net+com.moonsworth.lunar.client.util.raytrace+com.moonsworth.lunar.client.waypoints+com.moonsworth.lunar.framework+net.minecraft.entity.ai	Waila2	com/moonsworth/lunar/client/framework/feature/waila/mixin/Waila2.java
31	com.moonsworth.lunar.client.framework.feature.mod.impl.gui+com.moonsworth.lunar.client.framework.feature.mod.impl.ultrasequencer+com.moonsworth.lunar.client.framework.feature.rewind.rewindhandlers.chest+com.moonsworth.lunar.client.framework.feature.rewind.rewindhandlers.click+com.moonsworth.lunar.client.framework.feature.rewind.rewindhandlers.colorsaturation+com.moonsworth.lunar.client.framework.feature.rewind.rewindhandlers.fishing+com.moonsworth.lunar.client.framework.feature.rewind.rewindhandlers.holograms+com.moonsworth.lunar.client.framework.feature.rewind.rewindhandlers.rewindhandlersCore.mixin+com.moonsworth.lunar.client.framework.feature.rewind.rewindhandlersNameplate.mixin+com.moonsworth.lunar.client.framework.feature.scrollabletooltips+com.moonsworth.lunar.client.framework.feature.soundchanger+com.moonsworth.lunar.client.framework.feature.titles+com.moonsworth.lunar.client.framework.feature.tps+com.moonsworth.lunar.client.framework.feature.waila.mixin+com.moonsworth.lunar.client.framework.feature.waypoints.mixin+com.moonsworth.lunar.client.heightlimit+com.moonsworth.lunar.client.highlight+com.moonsworth.lunar.client.mod.hud.directionhud+com.moonsworth.lunar.client.mod.hud.waila+com.moonsworth.lunar.client.mod.misc.itemtracker+com.moonsworth.lunar.client.mod.render.potioneffects+com.moonsworth.lunar.client.mod.skyblock.dungeonpuzzles+com.moonsworth.lunar.client.mod.skyblock.visitorprofit+com.moonsworth.lunar.client.network.server+com.moonsworth.lunar.client.render.font+com.moonsworth.lunar.client.render.jit+com.moonsworth.lunar.client.render.turbo+com.moonsworth.lunar.client.ui+com.moonsworth.lunar.client.ui.hud.row+com.moonsworth.lunar.client.util.colorsaturation+com.moonsworth.lunar.client.util.io+com.moonsworth.lunar.client.util.net+com.moonsworth.lunar.client.util.raytrace+com.moonsworth.lunar.client.waypoints+com.moonsworth.lunar.framework+net.minecraft.entity.ai	Gui2Loader2	com/moonsworth/lunar/client/framework/feature/waypoints/mixin/Gui2Loader2.java
31	com.moonsworth.lunar.client.framework.feature.mod.impl.gui+com.moonsworth.lunar.client.framework.feature.mod.impl.ultrasequencer+com.moonsworth.lunar.client.framework.feature.rewind.rewindhandlers.chest+com.moonsworth.lunar.client.framework.feature.rewind.rewindhandlers.click+com.moonsworth.lunar.client.framework.feature.rewind.rewindhandlers.colorsaturation+com.moonsworth.lunar.client.framework.feature.rewind.rewindhandlers.fishing+com.moonsworth.lunar.client.framework.feature.rewind.rewindhandlers.holograms+com.moonsworth.lunar.client.framework.feature.rewind.rewindhandlers.rewindhandlersCore.mixin+com.moonsworth.lunar.client.framework.feature.rewind.rewindhandlersNameplate.mixin+com.moonsworth.lunar.client.framework.feature.scrollabletooltips+com.moonsworth.lunar.client.framework.feature.soundchanger+com.moonsworth.lunar.client.framework.feature.titles+com.moonsworth.lunar.client.framework.feature.tps+com.moonsworth.lunar.client.framework.feature.waila.mixin+com.moonsworth.lunar.client.framework.feature.waypoints.mixin+com.moonsworth.lunar.client.heightlimit+com.moonsworth.lunar.client.highlight+com.moonsworth.lunar.client.mod.hud.directionhud+com.moonsworth.lunar.client.mod.hud.waila+com.moonsworth.lunar.client.mod.misc.itemtracker+com.moonsworth.lunar.client.mod.render.potioneffects+com.moonsworth.lunar.client.mod.skyblock.dungeonpuzzles+com.moonsworth.lunar.client.mod.skyblock.visitorprofit+com.moonsworth.lunar.client.network.server+com.moonsworth.lunar.client.render.font+com.moonsworth.lunar.client.render.jit+com.moonsworth.lunar.client.render.turbo+com.moonsworth.lunar.client.ui+com.moonsworth.lunar.client.ui.hud.row+com.moonsworth.lunar.client.util.colorsaturation+com.moonsworth.lunar.client.util.io+com.moonsworth.lunar.client.util.net+com.moonsworth.lunar.client.util.raytrace+com.moonsworth.lunar.client.waypoints+com.moonsworth.lunar.framework+net.minecraft.entity.ai	Heightlimit2	com/moonsworth/lunar/client/heightlimit/Heightlimit2.java
31	com.moonsworth.lunar.client.framework.feature.mod.impl.gui+com.moonsworth.lunar.client.framework.feature.mod.impl.ultrasequencer+com.moonsworth.lunar.client.framework.feature.rewind.rewindhandlers.chest+com.moonsworth.lunar.client.framework.feature.rewind.rewindhandlers.click+com.moonsworth.lunar.client.framework.feature.rewind.rewindhandlers.colorsaturation+com.moonsworth.lunar.client.framework.feature.rewind.rewindhandlers.fishing+com.moonsworth.lunar.client.framework.feature.rewind.rewindhandlers.holograms+com.moonsworth.lunar.client.framework.feature.rewind.rewindhandlers.rewindhandlersCore.mixin+com.moonsworth.lunar.client.framework.feature.rewind.rewindhandlersNameplate.mixin+com.moonsworth.lunar.client.framework.feature.scrollabletooltips+com.moonsworth.lunar.client.framework.feature.soundchanger+com.moonsworth.lunar.client.framework.feature.titles+com.moonsworth.lunar.client.framework.feature.tps+com.moonsworth.lunar.client.framework.feature.waila.mixin+com.moonsworth.lunar.client.framework.feature.waypoints.mixin+com.moonsworth.lunar.client.heightlimit+com.moonsworth.lunar.client.highlight+com.moonsworth.lunar.client.mod.hud.directionhud+com.moonsworth.lunar.client.mod.hud.waila+com.moonsworth.lunar.client.mod.misc.itemtracker+com.moonsworth.lunar.client.mod.render.potioneffects+com.moonsworth.lunar.client.mod.skyblock.dungeonpuzzles+com.moonsworth.lunar.client.mod.skyblock.visitorprofit+com.moonsworth.lunar.client.network.server+com.moonsworth.lunar.client.render.font+com.moonsworth.lunar.client.render.jit+com.moonsworth.lunar.client.render.turbo+com.moonsworth.lunar.client.ui+com.moonsworth.lunar.client.ui.hud.row+com.moonsworth.lunar.client.util.colorsaturation+com.moonsworth.lunar.client.util.io+com.moonsworth.lunar.client.util.net+com.moonsworth.lunar.client.util.raytrace+com.moonsworth.lunar.client.waypoints+com.moonsworth.lunar.framework+net.minecraft.entity.ai	HighlightImpl_3	com/moonsworth/lunar/client/highlight/HighlightImpl_3.java
31	com.moonsworth.lunar.client.framework.feature.mod.impl.gui+com.moonsworth.lunar.client.framework.feature.mod.impl.ultrasequencer+com.moonsworth.lunar.client.framework.feature.rewind.rewindhandlers.chest+com.moonsworth.lunar.client.framework.feature.rewind.rewindhandlers.click+com.moonsworth.lunar.client.framework.feature.rewind.rewindhandlers.colorsaturation+com.moonsworth.lunar.client.framework.feature.rewind.rewindhandlers.fishing+com.moonsworth.lunar.client.framework.feature.rewind.rewindhandlers.holograms+com.moonsworth.lunar.client.framework.feature.rewind.rewindhandlers.rewindhandlersCore.mixin+com.moonsworth.lunar.client.framework.feature.rewind.rewindhandlersNameplate.mixin+com.moonsworth.lunar.client.framework.feature.scrollabletooltips+com.moonsworth.lunar.client.framework.feature.soundchanger+com.moonsworth.lunar.client.framework.feature.titles+com.moonsworth.lunar.client.framework.feature.tps+com.moonsworth.lunar.client.framework.feature.waila.mixin+com.moonsworth.lunar.client.framework.feature.waypoints.mixin+com.moonsworth.lunar.client.heightlimit+com.moonsworth.lunar.client.highlight+com.moonsworth.lunar.client.mod.hud.directionhud+com.moonsworth.lunar.client.mod.hud.waila+com.moonsworth.lunar.client.mod.misc.itemtracker+com.moonsworth.lunar.client.mod.render.potioneffects+com.moonsworth.lunar.client.mod.skyblock.dungeonpuzzles+com.moonsworth.lunar.client.mod.skyblock.visitorprofit+com.moonsworth.lunar.client.network.server+com.moonsworth.lunar.client.render.font+com.moonsworth.lunar.client.render.jit+com.moonsworth.lunar.client.render.turbo+com.moonsworth.lunar.client.ui+com.moonsworth.lunar.client.ui.hud.row+com.moonsworth.lunar.client.util.colorsaturation+com.moonsworth.lunar.client.util.io+com.moonsworth.lunar.client.util.net+com.moonsworth.lunar.client.util.raytrace+com.moonsworth.lunar.client.waypoints+com.moonsworth.lunar.framework+net.minecraft.entity.ai	Data2	com/moonsworth/lunar/client/mod/hud/directionhud/DirectionHud.java
31	com.moonsworth.lunar.client.framework.feature.mod.impl.gui+com.moonsworth.lunar.client.framework.feature.mod.impl.ultrasequencer+com.moonsworth.lunar.client.framework.feature.rewind.rewindhandlers.chest+com.moonsworth.lunar.client.framework.feature.rewind.rewindhandlers.click+com.moonsworth.lunar.client.framework.feature.rewind.rewindhandlers.colorsaturation+com.moonsworth.lunar.client.framework.feature.rewind.rewindhandlers.fishing+com.moonsworth.lunar.client.framework.feature.rewind.rewindhandlers.holograms+com.moonsworth.lunar.client.framework.feature.rewind.rewindhandlers.rewindhandlersCore.mixin+com.moonsworth.lunar.client.framework.feature.rewind.rewindhandlersNameplate.mixin+com.moonsworth.lunar.client.framework.feature.scrollabletooltips+com.moonsworth.lunar.client.framework.feature.soundchanger+com.moonsworth.lunar.client.framework.feature.titles+com.moonsworth.lunar.client.framework.feature.tps+com.moonsworth.lunar.client.framework.feature.waila.mixin+com.moonsworth.lunar.client.framework.feature.waypoints.mixin+com.moonsworth.lunar.client.heightlimit+com.moonsworth.lunar.client.highlight+com.moonsworth.lunar.client.mod.hud.directionhud+com.moonsworth.lunar.client.mod.hud.waila+com.moonsworth.lunar.client.mod.misc.itemtracker+com.moonsworth.lunar.client.mod.render.potioneffects+com.moonsworth.lunar.client.mod.skyblock.dungeonpuzzles+com.moonsworth.lunar.client.mod.skyblock.visitorprofit+com.moonsworth.lunar.client.network.server+com.moonsworth.lunar.client.render.font+com.moonsworth.lunar.client.render.jit+com.moonsworth.lunar.client.render.turbo+com.moonsworth.lunar.client.ui+com.moonsworth.lunar.client.ui.hud.row+com.moonsworth.lunar.client.util.colorsaturation+com.moonsworth.lunar.client.util.io+com.moonsworth.lunar.client.util.net+com.moonsworth.lunar.client.util.raytrace+com.moonsworth.lunar.client.waypoints+com.moonsworth.lunar.framework+net.minecraft.entity.ai	Data2	com/moonsworth/lunar/client/mod/hud/waila/Waila.java
31	com.moonsworth.lunar.client.framework.feature.mod.impl.gui+com.moonsworth.lunar.client.framework.feature.mod.impl.ultrasequencer+com.moonsworth.lunar.client.framework.feature.rewind.rewindhandlers.chest+com.moonsworth.lunar.client.framework.feature.rewind.rewindhandlers.click+com.moonsworth.lunar.client.framework.feature.rewind.rewindhandlers.colorsaturation+com.moonsworth.lunar.client.framework.feature.rewind.rewindhandlers.fishing+com.moonsworth.lunar.client.framework.feature.rewind.rewindhandlers.holograms+com.moonsworth.lunar.client.framework.feature.rewind.rewindhandlers.rewindhandlersCore.mixin+com.moonsworth.lunar.client.framework.feature.rewind.rewindhandlersNameplate.mixin+com.moonsworth.lunar.client.framework.feature.scrollabletooltips+com.moonsworth.lunar.client.framework.feature.soundchanger+com.moonsworth.lunar.client.framework.feature.titles+com.moonsworth.lunar.client.framework.feature.tps+com.moonsworth.lunar.client.framework.feature.waila.mixin+com.moonsworth.lunar.client.framework.feature.waypoints.mixin+com.moonsworth.lunar.client.heightlimit+com.moonsworth.lunar.client.highlight+com.moonsworth.lunar.client.mod.hud.directionhud+com.moonsworth.lunar.client.mod.hud.waila+com.moonsworth.lunar.client.mod.misc.itemtracker+com.moonsworth.lunar.client.mod.render.potioneffects+com.moonsworth.lunar.client.mod.skyblock.dungeonpuzzles+com.moonsworth.lunar.client.mod.skyblock.visitorprofit+com.moonsworth.lunar.client.network.server+com.moonsworth.lunar.client.render.font+com.moonsworth.lunar.client.render.jit+com.moonsworth.lunar.client.render.turbo+com.moonsworth.lunar.client.ui+com.moonsworth.lunar.client.ui.hud.row+com.moonsworth.lunar.client.util.colorsaturation+com.moonsworth.lunar.client.util.io+com.moonsworth.lunar.client.util.net+com.moonsworth.lunar.client.util.raytrace+com.moonsworth.lunar.client.waypoints+com.moonsworth.lunar.framework+net.minecraft.entity.ai	Data2	com/moonsworth/lunar/client/mod/misc/itemtracker/ItemTracker.java
31	com.moonsworth.lunar.client.framework.feature.mod.impl.gui+com.moonsworth.lunar.client.framework.feature.mod.impl.ultrasequencer+com.moonsworth.lunar.client.framework.feature.rewind.rewindhandlers.chest+com.moonsworth.lunar.client.framework.feature.rewind.rewindhandlers.click+com.moonsworth.lunar.client.framework.feature.rewind.rewindhandlers.colorsaturation+com.moonsworth.lunar.client.framework.feature.rewind.rewindhandlers.fishing+com.moonsworth.lunar.client.framework.feature.rewind.rewindhandlers.holograms+com.moonsworth.lunar.client.framework.feature.rewind.rewindhandlers.rewindhandlersCore.mixin+com.moonsworth.lunar.client.framework.feature.rewind.rewindhandlersNameplate.mixin+com.moonsworth.lunar.client.framework.feature.scrollabletooltips+com.moonsworth.lunar.client.framework.feature.soundchanger+com.moonsworth.lunar.client.framework.feature.titles+com.moonsworth.lunar.client.framework.feature.tps+com.moonsworth.lunar.client.framework.feature.waila.mixin+com.moonsworth.lunar.client.framework.feature.waypoints.mixin+com.moonsworth.lunar.client.heightlimit+com.moonsworth.lunar.client.highlight+com.moonsworth.lunar.client.mod.hud.directionhud+com.moonsworth.lunar.client.mod.hud.waila+com.moonsworth.lunar.client.mod.misc.itemtracker+com.moonsworth.lunar.client.mod.render.potioneffects+com.moonsworth.lunar.client.mod.skyblock.dungeonpuzzles+com.moonsworth.lunar.client.mod.skyblock.visitorprofit+com.moonsworth.lunar.client.network.server+com.moonsworth.lunar.client.render.font+com.moonsworth.lunar.client.render.jit+com.moonsworth.lunar.client.render.turbo+com.moonsworth.lunar.client.ui+com.moonsworth.lunar.client.ui.hud.row+com.moonsworth.lunar.client.util.colorsaturation+com.moonsworth.lunar.client.util.io+com.moonsworth.lunar.client.util.net+com.moonsworth.lunar.client.util.raytrace+com.moonsworth.lunar.client.waypoints+com.moonsworth.lunar.framework+net.minecraft.entity.ai	Type2	com/moonsworth/lunar/client/mod/render/potioneffects/PotionEffects.java
31	com.moonsworth.lunar.client.framework.feature.mod.impl.gui+com.moonsworth.lunar.client.framework.feature.mod.impl.ultrasequencer+com.moonsworth.lunar.client.framework.feature.rewind.rewindhandlers.chest+com.moonsworth.lunar.client.framework.feature.rewind.rewindhandlers.click+com.moonsworth.lunar.client.framework.feature.rewind.rewindhandlers.colorsaturation+com.moonsworth.lunar.client.framework.feature.rewind.rewindhandlers.fishing+com.moonsworth.lunar.client.framework.feature.rewind.rewindhandlers.holograms+com.moonsworth.lunar.client.framework.feature.rewind.rewindhandlers.rewindhandlersCore.mixin+com.moonsworth.lunar.client.framework.feature.rewind.rewindhandlersNameplate.mixin+com.moonsworth.lunar.client.framework.feature.scrollabletooltips+com.moonsworth.lunar.client.framework.feature.soundchanger+com.moonsworth.lunar.client.framework.feature.titles+com.moonsworth.lunar.client.framework.feature.tps+com.moonsworth.lunar.client.framework.feature.waila.mixin+com.moonsworth.lunar.client.framework.feature.waypoints.mixin+com.moonsworth.lunar.client.heightlimit+com.moonsworth.lunar.client.highlight+com.moonsworth.lunar.client.mod.hud.directionhud+com.moonsworth.lunar.client.mod.hud.waila+com.moonsworth.lunar.client.mod.misc.itemtracker+com.moonsworth.lunar.client.mod.render.potioneffects+com.moonsworth.lunar.client.mod.skyblock.dungeonpuzzles+com.moonsworth.lunar.client.mod.skyblock.visitorprofit+com.moonsworth.lunar.client.network.server+com.moonsworth.lunar.client.render.font+com.moonsworth.lunar.client.render.jit+com.moonsworth.lunar.client.render.turbo+com.moonsworth.lunar.client.ui+com.moonsworth.lunar.client.ui.hud.row+com.moonsworth.lunar.client.util.colorsaturation+com.moonsworth.lunar.client.util.io+com.moonsworth.lunar.client.util.net+com.moonsworth.lunar.client.util.raytrace+com.moonsworth.lunar.client.waypoints+com.moonsworth.lunar.framework+net.minecraft.entity.ai	Type2	com/moonsworth/lunar/client/mod/skyblock/dungeonpuzzles/SkyblockTicTacToe.java
31	com.moonsworth.lunar.client.framework.feature.mod.impl.gui+com.moonsworth.lunar.client.framework.feature.mod.impl.ultrasequencer+com.moonsworth.lunar.client.framework.feature.rewind.rewindhandlers.chest+com.moonsworth.lunar.client.framework.feature.rewind.rewindhandlers.click+com.moonsworth.lunar.client.framework.feature.rewind.rewindhandlers.colorsaturation+com.moonsworth.lunar.client.framework.feature.rewind.rewindhandlers.fishing+com.moonsworth.lunar.client.framework.feature.rewind.rewindhandlers.holograms+com.moonsworth.lunar.client.framework.feature.rewind.rewindhandlers.rewindhandlersCore.mixin+com.moonsworth.lunar.client.framework.feature.rewind.rewindhandlersNameplate.mixin+com.moonsworth.lunar.client.framework.feature.scrollabletooltips+com.moonsworth.lunar.client.framework.feature.soundchanger+com.moonsworth.lunar.client.framework.feature.titles+com.moonsworth.lunar.client.framework.feature.tps+com.moonsworth.lunar.client.framework.feature.waila.mixin+com.moonsworth.lunar.client.framework.feature.waypoints.mixin+com.moonsworth.lunar.client.heightlimit+com.moonsworth.lunar.client.highlight+com.moonsworth.lunar.client.mod.hud.directionhud+com.moonsworth.lunar.client.mod.hud.waila+com.moonsworth.lunar.client.mod.misc.itemtracker+com.moonsworth.lunar.client.mod.render.potioneffects+com.moonsworth.lunar.client.mod.skyblock.dungeonpuzzles+com.moonsworth.lunar.client.mod.skyblock.visitorprofit+com.moonsworth.lunar.client.network.server+com.moonsworth.lunar.client.render.font+com.moonsworth.lunar.client.render.jit+com.moonsworth.lunar.client.render.turbo+com.moonsworth.lunar.client.ui+com.moonsworth.lunar.client.ui.hud.row+com.moonsworth.lunar.client.util.colorsaturation+com.moonsworth.lunar.client.util.io+com.moonsworth.lunar.client.util.net+com.moonsworth.lunar.client.util.raytrace+com.moonsworth.lunar.client.waypoints+com.moonsworth.lunar.framework+net.minecraft.entity.ai	Data2	com/moonsworth/lunar/client/mod/skyblock/visitorprofit/SkyblockVisitorProfit.java
31	com.moonsworth.lunar.client.framework.feature.mod.impl.gui+com.moonsworth.lunar.client.framework.feature.mod.impl.ultrasequencer+com.moonsworth.lunar.client.framework.feature.rewind.rewindhandlers.chest+com.moonsworth.lunar.client.framework.feature.rewind.rewindhandlers.click+com.moonsworth.lunar.client.framework.feature.rewind.rewindhandlers.colorsaturation+com.moonsworth.lunar.client.framework.feature.rewind.rewindhandlers.fishing+com.moonsworth.lunar.client.framework.feature.rewind.rewindhandlers.holograms+com.moonsworth.lunar.client.framework.feature.rewind.rewindhandlers.rewindhandlersCore.mixin+com.moonsworth.lunar.client.framework.feature.rewind.rewindhandlersNameplate.mixin+com.moonsworth.lunar.client.framework.feature.scrollabletooltips+com.moonsworth.lunar.client.framework.feature.soundchanger+com.moonsworth.lunar.client.framework.feature.titles+com.moonsworth.lunar.client.framework.feature.tps+com.moonsworth.lunar.client.framework.feature.waila.mixin+com.moonsworth.lunar.client.framework.feature.waypoints.mixin+com.moonsworth.lunar.client.heightlimit+com.moonsworth.lunar.client.highlight+com.moonsworth.lunar.client.mod.hud.directionhud+com.moonsworth.lunar.client.mod.hud.waila+com.moonsworth.lunar.client.mod.misc.itemtracker+com.moonsworth.lunar.client.mod.render.potioneffects+com.moonsworth.lunar.client.mod.skyblock.dungeonpuzzles+com.moonsworth.lunar.client.mod.skyblock.visitorprofit+com.moonsworth.lunar.client.network.server+com.moonsworth.lunar.client.render.font+com.moonsworth.lunar.client.render.jit+com.moonsworth.lunar.client.render.turbo+com.moonsworth.lunar.client.ui+com.moonsworth.lunar.client.ui.hud.row+com.moonsworth.lunar.client.util.colorsaturation+com.moonsworth.lunar.client.util.io+com.moonsworth.lunar.client.util.net+com.moonsworth.lunar.client.util.raytrace+com.moonsworth.lunar.client.waypoints+com.moonsworth.lunar.framework+net.minecraft.entity.ai	Data2	com/moonsworth/lunar/client/network/server/ServerPinger.java
31	com.moonsworth.lunar.client.framework.feature.mod.impl.gui+com.moonsworth.lunar.client.framework.feature.mod.impl.ultrasequencer+com.moonsworth.lunar.client.framework.feature.rewind.rewindhandlers.chest+com.moonsworth.lunar.client.framework.feature.rewind.rewindhandlers.click+com.moonsworth.lunar.client.framework.feature.rewind.rewindhandlers.colorsaturation+com.moonsworth.lunar.client.framework.feature.rewind.rewindhandlers.fishing+com.moonsworth.lunar.client.framework.feature.rewind.rewindhandlers.holograms+com.moonsworth.lunar.client.framework.feature.rewind.rewindhandlers.rewindhandlersCore.mixin+com.moonsworth.lunar.client.framework.feature.rewind.rewindhandlersNameplate.mixin+com.moonsworth.lunar.client.framework.feature.scrollabletooltips+com.moonsworth.lunar.client.framework.feature.soundchanger+com.moonsworth.lunar.client.framework.feature.titles+com.moonsworth.lunar.client.framework.feature.tps+com.moonsworth.lunar.client.framework.feature.waila.mixin+com.moonsworth.lunar.client.framework.feature.waypoints.mixin+com.moonsworth.lunar.client.heightlimit+com.moonsworth.lunar.client.highlight+com.moonsworth.lunar.client.mod.hud.directionhud+com.moonsworth.lunar.client.mod.hud.waila+com.moonsworth.lunar.client.mod.misc.itemtracker+com.moonsworth.lunar.client.mod.render.potioneffects+com.moonsworth.lunar.client.mod.skyblock.dungeonpuzzles+com.moonsworth.lunar.client.mod.skyblock.visitorprofit+com.moonsworth.lunar.client.network.server+com.moonsworth.lunar.client.render.font+com.moonsworth.lunar.client.render.jit+com.moonsworth.lunar.client.render.turbo+com.moonsworth.lunar.client.ui+com.moonsworth.lunar.client.ui.hud.row+com.moonsworth.lunar.client.util.colorsaturation+com.moonsworth.lunar.client.util.io+com.moonsworth.lunar.client.util.net+com.moonsworth.lunar.client.util.raytrace+com.moonsworth.lunar.client.waypoints+com.moonsworth.lunar.framework+net.minecraft.entity.ai	Data2	com/moonsworth/lunar/client/render/font/CachedFontImpl.java
31	com.moonsworth.lunar.client.framework.feature.mod.impl.gui+com.moonsworth.lunar.client.framework.feature.mod.impl.ultrasequencer+com.moonsworth.lunar.client.framework.feature.rewind.rewindhandlers.chest+com.moonsworth.lunar.client.framework.feature.rewind.rewindhandlers.click+com.moonsworth.lunar.client.framework.feature.rewind.rewindhandlers.colorsaturation+com.moonsworth.lunar.client.framework.feature.rewind.rewindhandlers.fishing+com.moonsworth.lunar.client.framework.feature.rewind.rewindhandlers.holograms+com.moonsworth.lunar.client.framework.feature.rewind.rewindhandlers.rewindhandlersCore.mixin+com.moonsworth.lunar.client.framework.feature.rewind.rewindhandlersNameplate.mixin+com.moonsworth.lunar.client.framework.feature.scrollabletooltips+com.moonsworth.lunar.client.framework.feature.soundchanger+com.moonsworth.lunar.client.framework.feature.titles+com.moonsworth.lunar.client.framework.feature.tps+com.moonsworth.lunar.client.framework.feature.waila.mixin+com.moonsworth.lunar.client.framework.feature.waypoints.mixin+com.moonsworth.lunar.client.heightlimit+com.moonsworth.lunar.client.highlight+com.moonsworth.lunar.client.mod.hud.directionhud+com.moonsworth.lunar.client.mod.hud.waila+com.moonsworth.lunar.client.mod.misc.itemtracker+com.moonsworth.lunar.client.mod.render.potioneffects+com.moonsworth.lunar.client.mod.skyblock.dungeonpuzzles+com.moonsworth.lunar.client.mod.skyblock.visitorprofit+com.moonsworth.lunar.client.network.server+com.moonsworth.lunar.client.render.font+com.moonsworth.lunar.client.render.jit+com.moonsworth.lunar.client.render.turbo+com.moonsworth.lunar.client.ui+com.moonsworth.lunar.client.ui.hud.row+com.moonsworth.lunar.client.util.colorsaturation+com.moonsworth.lunar.client.util.io+com.moonsworth.lunar.client.util.net+com.moonsworth.lunar.client.util.raytrace+com.moonsworth.lunar.client.waypoints+com.moonsworth.lunar.framework+net.minecraft.entity.ai	Data6	com/moonsworth/lunar/client/render/jit/JitResource.java
31	com.moonsworth.lunar.client.framework.feature.mod.impl.gui+com.moonsworth.lunar.client.framework.feature.mod.impl.ultrasequencer+com.moonsworth.lunar.client.framework.feature.rewind.rewindhandlers.chest+com.moonsworth.lunar.client.framework.feature.rewind.rewindhandlers.click+com.moonsworth.lunar.client.framework.feature.rewind.rewindhandlers.colorsaturation+com.moonsworth.lunar.client.framework.feature.rewind.rewindhandlers.fishing+com.moonsworth.lunar.client.framework.feature.rewind.rewindhandlers.holograms+com.moonsworth.lunar.client.framework.feature.rewind.rewindhandlers.rewindhandlersCore.mixin+com.moonsworth.lunar.client.framework.feature.rewind.rewindhandlersNameplate.mixin+com.moonsworth.lunar.client.framework.feature.scrollabletooltips+com.moonsworth.lunar.client.framework.feature.soundchanger+com.moonsworth.lunar.client.framework.feature.titles+com.moonsworth.lunar.client.framework.feature.tps+com.moonsworth.lunar.client.framework.feature.waila.mixin+com.moonsworth.lunar.client.framework.feature.waypoints.mixin+com.moonsworth.lunar.client.heightlimit+com.moonsworth.lunar.client.highlight+com.moonsworth.lunar.client.mod.hud.directionhud+com.moonsworth.lunar.client.mod.hud.waila+com.moonsworth.lunar.client.mod.misc.itemtracker+com.moonsworth.lunar.client.mod.render.potioneffects+com.moonsworth.lunar.client.mod.skyblock.dungeonpuzzles+com.moonsworth.lunar.client.mod.skyblock.visitorprofit+com.moonsworth.lunar.client.network.server+com.moonsworth.lunar.client.render.font+com.moonsworth.lunar.client.render.jit+com.moonsworth.lunar.client.render.turbo+com.moonsworth.lunar.client.ui+com.moonsworth.lunar.client.ui.hud.row+com.moonsworth.lunar.client.util.colorsaturation+com.moonsworth.lunar.client.util.io+com.moonsworth.lunar.client.util.net+com.moonsworth.lunar.client.util.raytrace+com.moonsworth.lunar.client.waypoints+com.moonsworth.lunar.framework+net.minecraft.entity.ai	Type2	com/moonsworth/lunar/client/render/turbo/BoneTransformTable.java
31	com.moonsworth.lunar.client.framework.feature.mod.impl.gui+com.moonsworth.lunar.client.framework.feature.mod.impl.ultrasequencer+com.moonsworth.lunar.client.framework.feature.rewind.rewindhandlers.chest+com.moonsworth.lunar.client.framework.feature.rewind.rewindhandlers.click+com.moonsworth.lunar.client.framework.feature.rewind.rewindhandlers.colorsaturation+com.moonsworth.lunar.client.framework.feature.rewind.rewindhandlers.fishing+com.moonsworth.lunar.client.framework.feature.rewind.rewindhandlers.holograms+com.moonsworth.lunar.client.framework.feature.rewind.rewindhandlers.rewindhandlersCore.mixin+com.moonsworth.lunar.client.framework.feature.rewind.rewindhandlersNameplate.mixin+com.moonsworth.lunar.client.framework.feature.scrollabletooltips+com.moonsworth.lunar.client.framework.feature.soundchanger+com.moonsworth.lunar.client.framework.feature.titles+com.moonsworth.lunar.client.framework.feature.tps+com.moonsworth.lunar.client.framework.feature.waila.mixin+com.moonsworth.lunar.client.framework.feature.waypoints.mixin+com.moonsworth.lunar.client.heightlimit+com.moonsworth.lunar.client.highlight+com.moonsworth.lunar.client.mod.hud.directionhud+com.moonsworth.lunar.client.mod.hud.waila+com.moonsworth.lunar.client.mod.misc.itemtracker+com.moonsworth.lunar.client.mod.render.potioneffects+com.moonsworth.lunar.client.mod.skyblock.dungeonpuzzles+com.moonsworth.lunar.client.mod.skyblock.visitorprofit+com.moonsworth.lunar.client.network.server+com.moonsworth.lunar.client.render.font+com.moonsworth.lunar.client.render.jit+com.moonsworth.lunar.client.render.turbo+com.moonsworth.lunar.client.ui+com.moonsworth.lunar.client.ui.hud.row+com.moonsworth.lunar.client.util.colorsaturation+com.moonsworth.lunar.client.util.io+com.moonsworth.lunar.client.util.net+com.moonsworth.lunar.client.util.raytrace+com.moonsworth.lunar.client.waypoints+com.moonsworth.lunar.framework+net.minecraft.entity.ai	Data2	com/moonsworth/lunar/client/ui/Click2Base.java
31	com.moonsworth.lunar.client.framework.feature.mod.impl.gui+com.moonsworth.lunar.client.framework.feature.mod.impl.ultrasequencer+com.moonsworth.lunar.client.framework.feature.rewind.rewindhandlers.chest+com.moonsworth.lunar.client.framework.feature.rewind.rewindhandlers.click+com.moonsworth.lunar.client.framework.feature.rewind.rewindhandlers.colorsaturation+com.moonsworth.lunar.client.framework.feature.rewind.rewindhandlers.fishing+com.moonsworth.lunar.client.framework.feature.rewind.rewindhandlers.holograms+com.moonsworth.lunar.client.framework.feature.rewind.rewindhandlers.rewindhandlersCore.mixin+com.moonsworth.lunar.client.framework.feature.rewind.rewindhandlersNameplate.mixin+com.moonsworth.lunar.client.framework.feature.scrollabletooltips+com.moonsworth.lunar.client.framework.feature.soundchanger+com.moonsworth.lunar.client.framework.feature.titles+com.moonsworth.lunar.client.framework.feature.tps+com.moonsworth.lunar.client.framework.feature.waila.mixin+com.moonsworth.lunar.client.framework.feature.waypoints.mixin+com.moonsworth.lunar.client.heightlimit+com.moonsworth.lunar.client.highlight+com.moonsworth.lunar.client.mod.hud.directionhud+com.moonsworth.lunar.client.mod.hud.waila+com.moonsworth.lunar.client.mod.misc.itemtracker+com.moonsworth.lunar.client.mod.render.potioneffects+com.moonsworth.lunar.client.mod.skyblock.dungeonpuzzles+com.moonsworth.lunar.client.mod.skyblock.visitorprofit+com.moonsworth.lunar.client.network.server+com.moonsworth.lunar.client.render.font+com.moonsworth.lunar.client.render.jit+com.moonsworth.lunar.client.render.turbo+com.moonsworth.lunar.client.ui+com.moonsworth.lunar.client.ui.hud.row+com.moonsworth.lunar.client.util.colorsaturation+com.moonsworth.lunar.client.util.io+com.moonsworth.lunar.client.util.net+com.moonsworth.lunar.client.util.raytrace+com.moonsworth.lunar.client.waypoints+com.moonsworth.lunar.framework+net.minecraft.entity.ai	Hitbox2	com/moonsworth/lunar/client/ui/hud/row/Hitbox2.java
31	com.moonsworth.lunar.client.framework.feature.mod.impl.gui+com.moonsworth.lunar.client.framework.feature.mod.impl.ultrasequencer+com.moonsworth.lunar.client.framework.feature.rewind.rewindhandlers.chest+com.moonsworth.lunar.client.framework.feature.rewind.rewindhandlers.click+com.moonsworth.lunar.client.framework.feature.rewind.rewindhandlers.colorsaturation+com.moonsworth.lunar.client.framework.feature.rewind.rewindhandlers.fishing+com.moonsworth.lunar.client.framework.feature.rewind.rewindhandlers.holograms+com.moonsworth.lunar.client.framework.feature.rewind.rewindhandlers.rewindhandlersCore.mixin+com.moonsworth.lunar.client.framework.feature.rewind.rewindhandlersNameplate.mixin+com.moonsworth.lunar.client.framework.feature.scrollabletooltips+com.moonsworth.lunar.client.framework.feature.soundchanger+com.moonsworth.lunar.client.framework.feature.titles+com.moonsworth.lunar.client.framework.feature.tps+com.moonsworth.lunar.client.framework.feature.waila.mixin+com.moonsworth.lunar.client.framework.feature.waypoints.mixin+com.moonsworth.lunar.client.heightlimit+com.moonsworth.lunar.client.highlight+com.moonsworth.lunar.client.mod.hud.directionhud+com.moonsworth.lunar.client.mod.hud.waila+com.moonsworth.lunar.client.mod.misc.itemtracker+com.moonsworth.lunar.client.mod.render.potioneffects+com.moonsworth.lunar.client.mod.skyblock.dungeonpuzzles+com.moonsworth.lunar.client.mod.skyblock.visitorprofit+com.moonsworth.lunar.client.network.server+com.moonsworth.lunar.client.render.font+com.moonsworth.lunar.client.render.jit+com.moonsworth.lunar.client.render.turbo+com.moonsworth.lunar.client.ui+com.moonsworth.lunar.client.ui.hud.row+com.moonsworth.lunar.client.util.colorsaturation+com.moonsworth.lunar.client.util.io+com.moonsworth.lunar.client.util.net+com.moonsworth.lunar.client.util.raytrace+com.moonsworth.lunar.client.waypoints+com.moonsworth.lunar.framework+net.minecraft.entity.ai	Colorsaturation2	com/moonsworth/lunar/client/util/colorsaturation/Colorsaturation2.java
31	com.moonsworth.lunar.client.framework.feature.mod.impl.gui+com.moonsworth.lunar.client.framework.feature.mod.impl.ultrasequencer+com.moonsworth.lunar.client.framework.feature.rewind.rewindhandlers.chest+com.moonsworth.lunar.client.framework.feature.rewind.rewindhandlers.click+com.moonsworth.lunar.client.framework.feature.rewind.rewindhandlers.colorsaturation+com.moonsworth.lunar.client.framework.feature.rewind.rewindhandlers.fishing+com.moonsworth.lunar.client.framework.feature.rewind.rewindhandlers.holograms+com.moonsworth.lunar.client.framework.feature.rewind.rewindhandlers.rewindhandlersCore.mixin+com.moonsworth.lunar.client.framework.feature.rewind.rewindhandlersNameplate.mixin+com.moonsworth.lunar.client.framework.feature.scrollabletooltips+com.moonsworth.lunar.client.framework.feature.soundchanger+com.moonsworth.lunar.client.framework.feature.titles+com.moonsworth.lunar.client.framework.feature.tps+com.moonsworth.lunar.client.framework.feature.waila.mixin+com.moonsworth.lunar.client.framework.feature.waypoints.mixin+com.moonsworth.lunar.client.heightlimit+com.moonsworth.lunar.client.highlight+com.moonsworth.lunar.client.mod.hud.directionhud+com.moonsworth.lunar.client.mod.hud.waila+com.moonsworth.lunar.client.mod.misc.itemtracker+com.moonsworth.lunar.client.mod.render.potioneffects+com.moonsworth.lunar.client.mod.skyblock.dungeonpuzzles+com.moonsworth.lunar.client.mod.skyblock.visitorprofit+com.moonsworth.lunar.client.network.server+com.moonsworth.lunar.client.render.font+com.moonsworth.lunar.client.render.jit+com.moonsworth.lunar.client.render.turbo+com.moonsworth.lunar.client.ui+com.moonsworth.lunar.client.ui.hud.row+com.moonsworth.lunar.client.util.colorsaturation+com.moonsworth.lunar.client.util.io+com.moonsworth.lunar.client.util.net+com.moonsworth.lunar.client.util.raytrace+com.moonsworth.lunar.client.waypoints+com.moonsworth.lunar.framework+net.minecraft.entity.ai	ThreadModuleDump9	com/moonsworth/lunar/client/util/io/ThreadModuleDump9.java
31	com.moonsworth.lunar.client.framework.feature.mod.impl.gui+com.moonsworth.lunar.client.framework.feature.mod.impl.ultrasequencer+com.moonsworth.lunar.client.framework.feature.rewind.rewindhandlers.chest+com.moonsworth.lunar.client.framework.feature.rewind.rewindhandlers.click+com.moonsworth.lunar.client.framework.feature.rewind.rewindhandlers.colorsaturation+com.moonsworth.lunar.client.framework.feature.rewind.rewindhandlers.fishing+com.moonsworth.lunar.client.framework.feature.rewind.rewindhandlers.holograms+com.moonsworth.lunar.client.framework.feature.rewind.rewindhandlers.rewindhandlersCore.mixin+com.moonsworth.lunar.client.framework.feature.rewind.rewindhandlersNameplate.mixin+com.moonsworth.lunar.client.framework.feature.scrollabletooltips+com.moonsworth.lunar.client.framework.feature.soundchanger+com.moonsworth.lunar.client.framework.feature.titles+com.moonsworth.lunar.client.framework.feature.tps+com.moonsworth.lunar.client.framework.feature.waila.mixin+com.moonsworth.lunar.client.framework.feature.waypoints.mixin+com.moonsworth.lunar.client.heightlimit+com.moonsworth.lunar.client.highlight+com.moonsworth.lunar.client.mod.hud.directionhud+com.moonsworth.lunar.client.mod.hud.waila+com.moonsworth.lunar.client.mod.misc.itemtracker+com.moonsworth.lunar.client.mod.render.potioneffects+com.moonsworth.lunar.client.mod.skyblock.dungeonpuzzles+com.moonsworth.lunar.client.mod.skyblock.visitorprofit+com.moonsworth.lunar.client.network.server+com.moonsworth.lunar.client.render.font+com.moonsworth.lunar.client.render.jit+com.moonsworth.lunar.client.render.turbo+com.moonsworth.lunar.client.ui+com.moonsworth.lunar.client.ui.hud.row+com.moonsworth.lunar.client.util.colorsaturation+com.moonsworth.lunar.client.util.io+com.moonsworth.lunar.client.util.net+com.moonsworth.lunar.client.util.raytrace+com.moonsworth.lunar.client.waypoints+com.moonsworth.lunar.framework+net.minecraft.entity.ai	ThreadModuleDump74	com/moonsworth/lunar/client/util/net/ThreadModuleDump74.java
31	com.moonsworth.lunar.client.framework.feature.mod.impl.gui+com.moonsworth.lunar.client.framework.feature.mod.impl.ultrasequencer+com.moonsworth.lunar.client.framework.feature.rewind.rewindhandlers.chest+com.moonsworth.lunar.client.framework.feature.rewind.rewindhandlers.click+com.moonsworth.lunar.client.framework.feature.rewind.rewindhandlers.colorsaturation+com.moonsworth.lunar.client.framework.feature.rewind.rewindhandlers.fishing+com.moonsworth.lunar.client.framework.feature.rewind.rewindhandlers.holograms+com.moonsworth.lunar.client.framework.feature.rewind.rewindhandlers.rewindhandlersCore.mixin+com.moonsworth.lunar.client.framework.feature.rewind.rewindhandlersNameplate.mixin+com.moonsworth.lunar.client.framework.feature.scrollabletooltips+com.moonsworth.lunar.client.framework.feature.soundchanger+com.moonsworth.lunar.client.framework.feature.titles+com.moonsworth.lunar.client.framework.feature.tps+com.moonsworth.lunar.client.framework.feature.waila.mixin+com.moonsworth.lunar.client.framework.feature.waypoints.mixin+com.moonsworth.lunar.client.heightlimit+com.moonsworth.lunar.client.highlight+com.moonsworth.lunar.client.mod.hud.directionhud+com.moonsworth.lunar.client.mod.hud.waila+com.moonsworth.lunar.client.mod.misc.itemtracker+com.moonsworth.lunar.client.mod.render.potioneffects+com.moonsworth.lunar.client.mod.skyblock.dungeonpuzzles+com.moonsworth.lunar.client.mod.skyblock.visitorprofit+com.moonsworth.lunar.client.network.server+com.moonsworth.lunar.client.render.font+com.moonsworth.lunar.client.render.jit+com.moonsworth.lunar.client.render.turbo+com.moonsworth.lunar.client.ui+com.moonsworth.lunar.client.ui.hud.row+com.moonsworth.lunar.client.util.colorsaturation+com.moonsworth.lunar.client.util.io+com.moonsworth.lunar.client.util.net+com.moonsworth.lunar.client.util.raytrace+com.moonsworth.lunar.client.waypoints+com.moonsworth.lunar.framework+net.minecraft.entity.ai	Chest2	com/moonsworth/lunar/client/util/raytrace/Chest2.java
31	com.moonsworth.lunar.client.framework.feature.mod.impl.gui+com.moonsworth.lunar.client.framework.feature.mod.impl.ultrasequencer+com.moonsworth.lunar.client.framework.feature.rewind.rewindhandlers.chest+com.moonsworth.lunar.client.framework.feature.rewind.rewindhandlers.click+com.moonsworth.lunar.client.framework.feature.rewind.rewindhandlers.colorsaturation+com.moonsworth.lunar.client.framework.feature.rewind.rewindhandlers.fishing+com.moonsworth.lunar.client.framework.feature.rewind.rewindhandlers.holograms+com.moonsworth.lunar.client.framework.feature.rewind.rewindhandlers.rewindhandlersCore.mixin+com.moonsworth.lunar.client.framework.feature.rewind.rewindhandlersNameplate.mixin+com.moonsworth.lunar.client.framework.feature.scrollabletooltips+com.moonsworth.lunar.client.framework.feature.soundchanger+com.moonsworth.lunar.client.framework.feature.titles+com.moonsworth.lunar.client.framework.feature.tps+com.moonsworth.lunar.client.framework.feature.waila.mixin+com.moonsworth.lunar.client.framework.feature.waypoints.mixin+com.moonsworth.lunar.client.heightlimit+com.moonsworth.lunar.client.highlight+com.moonsworth.lunar.client.mod.hud.directionhud+com.moonsworth.lunar.client.mod.hud.waila+com.moonsworth.lunar.client.mod.misc.itemtracker+com.moonsworth.lunar.client.mod.render.potioneffects+com.moonsworth.lunar.client.mod.skyblock.dungeonpuzzles+com.moonsworth.lunar.client.mod.skyblock.visitorprofit+com.moonsworth.lunar.client.network.server+com.moonsworth.lunar.client.render.font+com.moonsworth.lunar.client.render.jit+com.moonsworth.lunar.client.render.turbo+com.moonsworth.lunar.client.ui+com.moonsworth.lunar.client.ui.hud.row+com.moonsworth.lunar.client.util.colorsaturation+com.moonsworth.lunar.client.util.io+com.moonsworth.lunar.client.util.net+com.moonsworth.lunar.client.util.raytrace+com.moonsworth.lunar.client.waypoints+com.moonsworth.lunar.framework+net.minecraft.entity.ai	Data2	com/moonsworth/lunar/client/waypoints/RpcChannelImpl.java
31	com.moonsworth.lunar.client.framework.feature.mod.impl.gui+com.moonsworth.lunar.client.framework.feature.mod.impl.ultrasequencer+com.moonsworth.lunar.client.framework.feature.rewind.rewindhandlers.chest+com.moonsworth.lunar.client.framework.feature.rewind.rewindhandlers.click+com.moonsworth.lunar.client.framework.feature.rewind.rewindhandlers.colorsaturation+com.moonsworth.lunar.client.framework.feature.rewind.rewindhandlers.fishing+com.moonsworth.lunar.client.framework.feature.rewind.rewindhandlers.holograms+com.moonsworth.lunar.client.framework.feature.rewind.rewindhandlers.rewindhandlersCore.mixin+com.moonsworth.lunar.client.framework.feature.rewind.rewindhandlersNameplate.mixin+com.moonsworth.lunar.client.framework.feature.scrollabletooltips+com.moonsworth.lunar.client.framework.feature.soundchanger+com.moonsworth.lunar.client.framework.feature.titles+com.moonsworth.lunar.client.framework.feature.tps+com.moonsworth.lunar.client.framework.feature.waila.mixin+com.moonsworth.lunar.client.framework.feature.waypoints.mixin+com.moonsworth.lunar.client.heightlimit+com.moonsworth.lunar.client.highlight+com.moonsworth.lunar.client.mod.hud.directionhud+com.moonsworth.lunar.client.mod.hud.waila+com.moonsworth.lunar.client.mod.misc.itemtracker+com.moonsworth.lunar.client.mod.render.potioneffects+com.moonsworth.lunar.client.mod.skyblock.dungeonpuzzles+com.moonsworth.lunar.client.mod.skyblock.visitorprofit+com.moonsworth.lunar.client.network.server+com.moonsworth.lunar.client.render.font+com.moonsworth.lunar.client.render.jit+com.moonsworth.lunar.client.render.turbo+com.moonsworth.lunar.client.ui+com.moonsworth.lunar.client.ui.hud.row+com.moonsworth.lunar.client.util.colorsaturation+com.moonsworth.lunar.client.util.io+com.moonsworth.lunar.client.util.net+com.moonsworth.lunar.client.util.raytrace+com.moonsworth.lunar.client.waypoints+com.moonsworth.lunar.framework+net.minecraft.entity.ai	Data2	com/moonsworth/lunar/framework/Ichor5Handler.java
31	com.moonsworth.lunar.client.framework.feature.mod.impl.gui+com.moonsworth.lunar.client.framework.feature.mod.impl.ultrasequencer+com.moonsworth.lunar.client.framework.feature.rewind.rewindhandlers.chest+com.moonsworth.lunar.client.framework.feature.rewind.rewindhandlers.click+com.moonsworth.lunar.client.framework.feature.rewind.rewindhandlers.colorsaturation+com.moonsworth.lunar.client.framework.feature.rewind.rewindhandlers.fishing+com.moonsworth.lunar.client.framework.feature.rewind.rewindhandlers.holograms+com.moonsworth.lunar.client.framework.feature.rewind.rewindhandlers.rewindhandlersCore.mixin+com.moonsworth.lunar.client.framework.feature.rewind.rewindhandlersNameplate.mixin+com.moonsworth.lunar.client.framework.feature.scrollabletooltips+com.moonsworth.lunar.client.framework.feature.soundchanger+com.moonsworth.lunar.client.framework.feature.titles+com.moonsworth.lunar.client.framework.feature.tps+com.moonsworth.lunar.client.framework.feature.waila.mixin+com.moonsworth.lunar.client.framework.feature.waypoints.mixin+com.moonsworth.lunar.client.heightlimit+com.moonsworth.lunar.client.highlight+com.moonsworth.lunar.client.mod.hud.directionhud+com.moonsworth.lunar.client.mod.hud.waila+com.moonsworth.lunar.client.mod.misc.itemtracker+com.moonsworth.lunar.client.mod.render.potioneffects+com.moonsworth.lunar.client.mod.skyblock.dungeonpuzzles+com.moonsworth.lunar.client.mod.skyblock.visitorprofit+com.moonsworth.lunar.client.network.server+com.moonsworth.lunar.client.render.font+com.moonsworth.lunar.client.render.jit+com.moonsworth.lunar.client.render.turbo+com.moonsworth.lunar.client.ui+com.moonsworth.lunar.client.ui.hud.row+com.moonsworth.lunar.client.util.colorsaturation+com.moonsworth.lunar.client.util.io+com.moonsworth.lunar.client.util.net+com.moonsworth.lunar.client.util.raytrace+com.moonsworth.lunar.client.waypoints+com.moonsworth.lunar.framework+net.minecraft.entity.ai	EntityAIWatchClosest2	net/minecraft/entity/ai/EntityAIWatchClosest2.java
