package	class	file
com.moonsworth.lunar.annotations	Annotation2	com/moonsworth/lunar/annotations/ThreadRestriction.java
com.moonsworth.lunar.annotations	Annotation3	com/moonsworth/lunar/annotations/SourceMarker.java
com.moonsworth.lunar.annotations	Annotation4	com/moonsworth/lunar/annotations/ThreadRequirement.java
com.moonsworth.lunar.annotations	Type2	com/moonsworth/lunar/annotations/ThreadRequirement.java
com.moonsworth.lunar.bridge	Bridge_18	com/moonsworth/lunar/bridge/Bridge_18.java
com.moonsworth.lunar.bridge	Bridge_22	com/moonsworth/lunar/bridge/Bridge_22.java
com.moonsworth.lunar.bridge	Bridge_23	com/moonsworth/lunar/bridge/Bridge_23.java
com.moonsworth.lunar.bridge	Bridge_24	com/moonsworth/lunar/bridge/Bridge_24.java
com.moonsworth.lunar.bridge	Bridge_25	com/moonsworth/lunar/bridge/Bridge_25.java
com.moonsworth.lunar.bridge	Bridge_26	com/moonsworth/lunar/bridge/Bridge_26.java
com.moonsworth.lunar.bridge	Bridge_27	com/moonsworth/lunar/bridge/Bridge_27.java
com.moonsworth.lunar.bridge	Bridge_28	com/moonsworth/lunar/bridge/Bridge_28.java
com.moonsworth.lunar.bridge	Bridge_29	com/moonsworth/lunar/bridge/Bridge_29.java
com.moonsworth.lunar.bridge	Bridge_3	com/moonsworth/lunar/bridge/Bridge_3.java
com.moonsworth.lunar.bridge	Bridge_30	com/moonsworth/lunar/bridge/Bridge_30.java
com.moonsworth.lunar.bridge	Bridge_32	com/moonsworth/lunar/bridge/Bridge_32.java
com.moonsworth.lunar.bridge	Bridge_33	com/moonsworth/lunar/bridge/Bridge_33.java
com.moonsworth.lunar.bridge	Bridge_34	com/moonsworth/lunar/bridge/Bridge_34.java
com.moonsworth.lunar.bridge	Bridge_35	com/moonsworth/lunar/bridge/Bridge_35.java
com.moonsworth.lunar.bridge	Bridge_36	com/moonsworth/lunar/bridge/Bridge_36.java
com.moonsworth.lunar.bridge	Bridge_37	com/moonsworth/lunar/bridge/Bridge_37.java
com.moonsworth.lunar.bridge	Bridge_38	com/moonsworth/lunar/bridge/Bridge_38.java
com.moonsworth.lunar.bridge	Bridge_39	com/moonsworth/lunar/bridge/Bridge_39.java
com.moonsworth.lunar.bridge	Bridge_4	com/moonsworth/lunar/bridge/Bridge_4.java
com.moonsworth.lunar.bridge	Bridge_40	com/moonsworth/lunar/bridge/Bridge_40.java
com.moonsworth.lunar.bridge	Bridge_42	com/moonsworth/lunar/bridge/Bridge_42.java
com.moonsworth.lunar.bridge	Bridge_43	com/moonsworth/lunar/bridge/Bridge_43.java
com.moonsworth.lunar.bridge	Bridge_44	com/moonsworth/lunar/bridge/Bridge_44.java
com.moonsworth.lunar.bridge	Bridge_45	com/moonsworth/lunar/bridge/Bridge_45.java
com.moonsworth.lunar.bridge	Bridge_46	com/moonsworth/lunar/bridge/Bridge_46.java
com.moonsworth.lunar.bridge	Bridge_47	com/moonsworth/lunar/bridge/Bridge_47.java
com.moonsworth.lunar.bridge	Bridge_48	com/moonsworth/lunar/bridge/Bridge_48.java
com.moonsworth.lunar.bridge	Bridge_49	com/moonsworth/lunar/bridge/Bridge_49.java
com.moonsworth.lunar.bridge	Bridge_5	com/moonsworth/lunar/bridge/Bridge_5.java
com.moonsworth.lunar.bridge	Bridge_50	com/moonsworth/lunar/bridge/Bridge_50.java
com.moonsworth.lunar.bridge	Bridge_51	com/moonsworth/lunar/bridge/Bridge_51.java
com.moonsworth.lunar.bridge	Bridge_52	com/moonsworth/lunar/bridge/Bridge_52.java
com.moonsworth.lunar.bridge	Bridge_53	com/moonsworth/lunar/bridge/Bridge_53.java
com.moonsworth.lunar.bridge	Bridge_54	com/moonsworth/lunar/bridge/Bridge_54.java
com.moonsworth.lunar.bridge	Bridge_55	com/moonsworth/lunar/bridge/Bridge_55.java
com.moonsworth.lunar.bridge	Bridge_56	com/moonsworth/lunar/bridge/Bridge_56.java
com.moonsworth.lunar.bridge	Bridge_57	com/moonsworth/lunar/bridge/Bridge_57.java
com.moonsworth.lunar.bridge	Bridge_58	com/moonsworth/lunar/bridge/Bridge_58.java
com.moonsworth.lunar.bridge	Bridge_59	com/moonsworth/lunar/bridge/Bridge_59.java
com.moonsworth.lunar.bridge	Bridge_6	com/moonsworth/lunar/bridge/Bridge_6.java
com.moonsworth.lunar.bridge	Bridge_61	com/moonsworth/lunar/bridge/Bridge_61.java
com.moonsworth.lunar.bridge	Bridge_62	com/moonsworth/lunar/bridge/Bridge_62.java
com.moonsworth.lunar.bridge	Bridge_63	com/moonsworth/lunar/bridge/Bridge_63.java
com.moonsworth.lunar.bridge	Bridge_64	com/moonsworth/lunar/bridge/Bridge_64.java
com.moonsworth.lunar.bridge	Bridge_65	com/moonsworth/lunar/bridge/Bridge_65.java
com.moonsworth.lunar.bridge	Bridge_66	com/moonsworth/lunar/bridge/Bridge_66.java
com.moonsworth.lunar.bridge	Bridge_68	com/moonsworth/lunar/bridge/Bridge_68.java
com.moonsworth.lunar.bridge	Bridge_69	com/moonsworth/lunar/bridge/Bridge_69.java
com.moonsworth.lunar.bridge	Bridge_7	com/moonsworth/lunar/bridge/Bridge_7.java
com.moonsworth.lunar.bridge	Bridge_70	com/moonsworth/lunar/bridge/Bridge_70.java
com.moonsworth.lunar.bridge	Bridge_8	com/moonsworth/lunar/bridge/Bridge_8.java
com.moonsworth.lunar.bridge	Bridge_9	com/moonsworth/lunar/bridge/Bridge_9.java
com.moonsworth.lunar.bridge	Extension2	com/moonsworth/lunar/bridge/RenderSystemBridge.java
com.moonsworth.lunar.bridge	MixinHelper10	com/moonsworth/lunar/bridge/MixinHelper10.java
com.moonsworth.lunar.bridge	MixinHelper11	com/moonsworth/lunar/bridge/MixinHelper11.java
com.moonsworth.lunar.bridge	MixinHelper12	com/moonsworth/lunar/bridge/MixinHelper12.java
com.moonsworth.lunar.bridge	MixinHelper13	com/moonsworth/lunar/bridge/MixinHelper13.java
com.moonsworth.lunar.bridge	MixinHelper14	com/moonsworth/lunar/bridge/MixinHelper14.java
com.moonsworth.lunar.bridge	MixinHelper15	com/moonsworth/lunar/bridge/MixinHelper15.java
com.moonsworth.lunar.bridge	MixinHelper16	com/moonsworth/lunar/bridge/MixinHelper16.java
com.moonsworth.lunar.bridge	MixinHelper17	com/moonsworth/lunar/bridge/MixinHelper17.java
com.moonsworth.lunar.bridge	MixinHelper18	com/moonsworth/lunar/bridge/MixinHelper18.java
com.moonsworth.lunar.bridge	MixinHelper19	com/moonsworth/lunar/bridge/MixinHelper19.java
com.moonsworth.lunar.bridge	MixinHelper2	com/moonsworth/lunar/bridge/MixinHelper2.java
com.moonsworth.lunar.bridge	MixinHelper20	com/moonsworth/lunar/bridge/MixinHelper20.java
com.moonsworth.lunar.bridge	MixinHelper21	com/moonsworth/lunar/bridge/MixinHelper21.java
com.moonsworth.lunar.bridge	MixinHelper22	com/moonsworth/lunar/bridge/MixinHelper22.java
com.moonsworth.lunar.bridge	MixinHelper22_2	com/moonsworth/lunar/bridge/MixinHelper22_2.java
com.moonsworth.lunar.bridge	MixinHelper23	com/moonsworth/lunar/bridge/MixinHelper23.java
com.moonsworth.lunar.bridge	MixinHelper24	com/moonsworth/lunar/bridge/MixinHelper24.java
com.moonsworth.lunar.bridge	MixinHelper25	com/moonsworth/lunar/bridge/MixinHelper25.java
com.moonsworth.lunar.bridge	MixinHelper26	com/moonsworth/lunar/bridge/MixinHelper26.java
com.moonsworth.lunar.bridge	MixinHelper27	com/moonsworth/lunar/bridge/MixinHelper27.java
com.moonsworth.lunar.bridge	MixinHelper28	com/moonsworth/lunar/bridge/MixinHelper28.java
com.moonsworth.lunar.bridge	MixinHelper29	com/moonsworth/lunar/bridge/MixinHelper29.java
com.moonsworth.lunar.bridge	MixinHelper2_10	com/moonsworth/lunar/bridge/MixinHelper2_10.java
com.moonsworth.lunar.bridge	MixinHelper2_11	com/moonsworth/lunar/bridge/MixinHelper2_11.java
com.moonsworth.lunar.bridge	MixinHelper2_12	com/moonsworth/lunar/bridge/MixinHelper2_12.java
com.moonsworth.lunar.bridge	MixinHelper2_13	com/moonsworth/lunar/bridge/MixinHelper2_13.java
com.moonsworth.lunar.bridge	MixinHelper2_2	com/moonsworth/lunar/bridge/MixinHelper2_2.java
com.moonsworth.lunar.bridge	MixinHelper2_3	com/moonsworth/lunar/bridge/MixinHelper2_3.java
com.moonsworth.lunar.bridge	MixinHelper2_4	com/moonsworth/lunar/bridge/MixinHelper2_4.java
com.moonsworth.lunar.bridge	MixinHelper2_7	com/moonsworth/lunar/bridge/MixinHelper2_7.java
com.moonsworth.lunar.bridge	MixinHelper_15	com/moonsworth/lunar/bridge/MixinHelper_15.java
com.moonsworth.lunar.bridge	MixinHelper_16	com/moonsworth/lunar/bridge/MixinHelper_16.java
com.moonsworth.lunar.bridge	MixinHelper_17	com/moonsworth/lunar/bridge/MixinHelper_17.java
com.moonsworth.lunar.bridge	MixinHelper_18	com/moonsworth/lunar/bridge/MixinHelper_18.java
com.moonsworth.lunar.bridge	MixinHelper_19	com/moonsworth/lunar/bridge/MixinHelper_19.java
com.moonsworth.lunar.bridge	MixinHelper_2	com/moonsworth/lunar/bridge/MixinHelper_2.java
com.moonsworth.lunar.bridge	MixinHelper_20	com/moonsworth/lunar/bridge/MixinHelper_20.java
com.moonsworth.lunar.bridge	MixinHelper_21	com/moonsworth/lunar/bridge/MixinHelper_21.java
com.moonsworth.lunar.bridge	MixinHelper_3	com/moonsworth/lunar/bridge/MixinHelper_3.java
com.moonsworth.lunar.bridge	MixinHelper_4	com/moonsworth/lunar/bridge/MixinHelper_4.java
com.moonsworth.lunar.bridge	MixinHelper_5	com/moonsworth/lunar/bridge/MixinHelper_5.java
com.moonsworth.lunar.bridge	MixinHelper_6	com/moonsworth/lunar/bridge/MixinHelper_6.java
com.moonsworth.lunar.bridge	MixinHelper_7	com/moonsworth/lunar/bridge/MixinHelper_7.java
com.moonsworth.lunar.bridge	MixinHelper_8	com/moonsworth/lunar/bridge/MixinHelper_8.java
com.moonsworth.lunar.bridge	MixinHelper_9	com/moonsworth/lunar/bridge/MixinHelper_9.java
com.moonsworth.lunar.bridge.fog	Fog2	com/moonsworth/lunar/bridge/fog/Fog2.java
com.moonsworth.lunar.bridge.fog	Fog3	com/moonsworth/lunar/bridge/fog/Fog3.java
com.moonsworth.lunar.bridge.glintcolorizer.mixin	Glintcolorizer2	com/moonsworth/lunar/bridge/glintcolorizer/mixin/Glintcolorizer2.java
com.moonsworth.lunar.bridge.hitbox	Hitbox2	com/moonsworth/lunar/bridge/hitbox/Hitbox2.java
com.moonsworth.lunar.bridge.hitcolor	Hitcolor2	com/moonsworth/lunar/bridge/hitcolor/Hitcolor2.java
com.moonsworth.lunar.bridge.horsestats	Horsestats17	com/moonsworth/lunar/bridge/horsestats/Horsestats17.java
com.moonsworth.lunar.bridge.horsestats	Horsestats24	com/moonsworth/lunar/bridge/horsestats/Horsestats24.java
com.moonsworth.lunar.bridge.horsestats	Horsestats27	com/moonsworth/lunar/bridge/horsestats/Horsestats27.java
com.moonsworth.lunar.bridge.horsestats	Horsestats9	com/moonsworth/lunar/bridge/horsestats/Horsestats9.java
com.moonsworth.lunar.bridge.horsestats	HorsestatsType_2	com/moonsworth/lunar/bridge/horsestats/HorsestatsType_2.java
com.moonsworth.lunar.bridge.horsestats	Horsestats_2	com/moonsworth/lunar/bridge/horsestats/Horsestats_2.java
com.moonsworth.lunar.bridge.horsestats	Horsestats_3	com/moonsworth/lunar/bridge/horsestats/Horsestats_3.java
com.moonsworth.lunar.bridge.horsestats	Horsestats_4	com/moonsworth/lunar/bridge/horsestats/Horsestats_4.java
com.moonsworth.lunar.bridge.horsestats.mixin	HorsestatsType2	com/moonsworth/lunar/bridge/horsestats/mixin/HorsestatsType2.java
com.moonsworth.lunar.bridge.itemcounter	Itemcounter2	com/moonsworth/lunar/bridge/itemcounter/Itemcounter2.java
com.moonsworth.lunar.bridge.itemcounter	Itemcounter3	com/moonsworth/lunar/bridge/itemcounter/Itemcounter3.java
com.moonsworth.lunar.bridge.itemcounter	Itemcounter4	com/moonsworth/lunar/bridge/itemcounter/Itemcounter4.java
com.moonsworth.lunar.bridge.itemcounter	Itemcounter5	com/moonsworth/lunar/bridge/itemcounter/Itemcounter5.java
com.moonsworth.lunar.bridge.itemcounter	Itemcounter6	com/moonsworth/lunar/bridge/itemcounter/Itemcounter6.java
com.moonsworth.lunar.bridge.itemcounter	Itemcounter7	com/moonsworth/lunar/bridge/itemcounter/Itemcounter7.java
com.moonsworth.lunar.bridge.itemcounter	Itemcounter8	com/moonsworth/lunar/bridge/itemcounter/Itemcounter8.java
com.moonsworth.lunar.bridge.itemcounter	ItemcounterType2	com/moonsworth/lunar/bridge/itemcounter/ItemcounterType2.java
com.moonsworth.lunar.bridge.itemcounter	ItemcounterType_2	com/moonsworth/lunar/bridge/itemcounter/ItemcounterType_2.java
com.moonsworth.lunar.bridge.itemcounter	ItemcounterType_3	com/moonsworth/lunar/bridge/itemcounter/ItemcounterType_3.java
com.moonsworth.lunar.bridge.itemcounter	ItemcounterType_4	com/moonsworth/lunar/bridge/itemcounter/ItemcounterType_4.java
com.moonsworth.lunar.bridge.itemcounter	Itemcounter_2	com/moonsworth/lunar/bridge/itemcounter/Itemcounter_2.java
com.moonsworth.lunar.bridge.itemcounter	Itemcounter_3	com/moonsworth/lunar/bridge/itemcounter/Itemcounter_3.java
com.moonsworth.lunar.bridge.itemcounter	Itemcounter_4	com/moonsworth/lunar/bridge/itemcounter/Itemcounter_4.java
com.moonsworth.lunar.bridge.itemcounter	Itemcounter_5	com/moonsworth/lunar/bridge/itemcounter/Itemcounter_5.java
com.moonsworth.lunar.bridge.itemcounter.mixin	Itemcounter2	com/moonsworth/lunar/bridge/itemcounter/mixin/Itemcounter2.java
com.moonsworth.lunar.bridge.itemcounter.mixin	Itemcounter3	com/moonsworth/lunar/bridge/itemcounter/mixin/Itemcounter3.java
com.moonsworth.lunar.bridge.itemcounter.mixin	Itemcounter4	com/moonsworth/lunar/bridge/itemcounter/mixin/Itemcounter4.java
com.moonsworth.lunar.bridge.lighting	Lighting2	com/moonsworth/lunar/bridge/lighting/Lighting2.java
com.moonsworth.lunar.bridge.lighting	Lighting3	com/moonsworth/lunar/bridge/lighting/Lighting3.java
com.moonsworth.lunar.bridge.lighting	Lighting4	com/moonsworth/lunar/bridge/lighting/Lighting4.java
com.moonsworth.lunar.bridge.minecraft	Horsestats9	com/moonsworth/lunar/bridge/minecraft/Horsestats9.java
com.moonsworth.lunar.bridge.mixin	MixinHelper2	com/moonsworth/lunar/bridge/mixin/MixinHelper2.java
com.moonsworth.lunar.bridge.slayer	Slayer2	com/moonsworth/lunar/bridge/slayer/Slayer2.java
com.moonsworth.lunar.bridge.slayer	Slayer3	com/moonsworth/lunar/bridge/slayer/Slayer3.java
com.moonsworth.lunar.bridge.slayer	Slayer4	com/moonsworth/lunar/bridge/slayer/Slayer4.java
com.moonsworth.lunar.bridge.slayer	Slayer5	com/moonsworth/lunar/bridge/slayer/Slayer5.java
com.moonsworth.lunar.bridge.slayer	Slayer6	com/moonsworth/lunar/bridge/slayer/Slayer6.java
com.moonsworth.lunar.bridge.slayer	Slayer7	com/moonsworth/lunar/bridge/slayer/Slayer7.java
com.moonsworth.lunar.bridge.slayer	Slayer8	com/moonsworth/lunar/bridge/slayer/Slayer8.java
com.moonsworth.lunar.client	Gui2Handler2	com/moonsworth/lunar/client/Gui2Handler2.java
com.moonsworth.lunar.client.account	Type2	com/moonsworth/lunar/client/account/AuthUtil.java
com.moonsworth.lunar.client.alert.mixin	Alert2	com/moonsworth/lunar/client/alert/mixin/Alert2.java
com.moonsworth.lunar.client.audio.ogg	Crc32	com/moonsworth/lunar/client/audio/ogg/Crc32.java
com.moonsworth.lunar.client.calculator	Calculator2	com/moonsworth/lunar/client/calculator/Calculator2.java
com.moonsworth.lunar.client.calculator	CalculatorType2	com/moonsworth/lunar/client/calculator/CalculatorType2.java
com.moonsworth.lunar.client.calculator.mixin	CalculatorHandler2	com/moonsworth/lunar/client/calculator/mixin/CalculatorHandler2.java
com.moonsworth.lunar.client.calculator.mixin	CalculatorHandler3	com/moonsworth/lunar/client/calculator/mixin/CalculatorHandler3.java
com.moonsworth.lunar.client.command	MixinHelper2	com/moonsworth/lunar/client/command/MixinHelper2.java
com.moonsworth.lunar.client.command	MixinHelper22	com/moonsworth/lunar/client/command/MixinHelper22.java
com.moonsworth.lunar.client.command	MixinHelper3	com/moonsworth/lunar/client/command/MixinHelper3.java
com.moonsworth.lunar.client.command	MixinNameplate2	com/moonsworth/lunar/client/command/MixinNameplate2.java
com.moonsworth.lunar.client.command	Nameplate_2	com/moonsworth/lunar/client/command/Nameplate_2.java
com.moonsworth.lunar.client.config	Type2	com/moonsworth/lunar/client/config/GeneralSettings.java
com.moonsworth.lunar.client.config	Type3	com/moonsworth/lunar/client/config/GeneralSettings.java
com.moonsworth.lunar.client.config	Type4	com/moonsworth/lunar/client/config/GeneralSettings.java
com.moonsworth.lunar.client.config.migration	SettingsMigratorV0toV1	com/moonsworth/lunar/client/config/migration/SettingsMigratorV0toV1.java
com.moonsworth.lunar.client.coordinates	Coordinates2	com/moonsworth/lunar/client/coordinates/Coordinates2.java
com.moonsworth.lunar.client.coordinates	Coordinates3	com/moonsworth/lunar/client/coordinates/Coordinates3.java
com.moonsworth.lunar.client.coordinates	Coordinates4	com/moonsworth/lunar/client/coordinates/Coordinates4.java
com.moonsworth.lunar.client.coordinates	Coordinates5	com/moonsworth/lunar/client/coordinates/Coordinates5.java
com.moonsworth.lunar.client.coordinates	Data3	com/moonsworth/lunar/client/coordinates/FogIterator.java
com.moonsworth.lunar.client.coordinates	Data4	com/moonsworth/lunar/client/coordinates/FogIterator.java
com.moonsworth.lunar.client.coordinates	Data5	com/moonsworth/lunar/client/coordinates/Coordinates3.java
com.moonsworth.lunar.client.coordinates	Data5	com/moonsworth/lunar/client/coordinates/FogIterator.java
com.moonsworth.lunar.client.coordinates	Data6	com/moonsworth/lunar/client/coordinates/FogIterator.java
com.moonsworth.lunar.client.cosmetics	Data2	com/moonsworth/lunar/client/cosmetics/ClothCloakUpdater.java
com.moonsworth.lunar.client.cosmetics	Data2	com/moonsworth/lunar/client/cosmetics/ShaderCloakRenderer.java
com.moonsworth.lunar.client.cosmetics	Data3	com/moonsworth/lunar/client/cosmetics/ClothCloakUpdater.java
com.moonsworth.lunar.client.cosmetics	ThreadModuleDump91	com/moonsworth/lunar/client/cosmetics/ThreadModuleDump91.java
com.moonsworth.lunar.client.cosmetics	Type2	com/moonsworth/lunar/client/cosmetics/ThreadModuleDump91.java
com.moonsworth.lunar.client.cosmetics.gecko	Data2	com/moonsworth/lunar/client/cosmetics/gecko/AnimatedBone.java
com.moonsworth.lunar.client.cosmetics.gecko	Data7	com/moonsworth/lunar/client/cosmetics/gecko/MolangFunctionRegistry.java
com.moonsworth.lunar.client.cosmetics.molang	MolangMathAtan2	com/moonsworth/lunar/client/cosmetics/molang/MolangMathAtan2.java
com.moonsworth.lunar.client.driver	Data2	com/moonsworth/lunar/client/driver/DriverOverlayRegistryLegacy.java
com.moonsworth.lunar.client.driver	Data2	com/moonsworth/lunar/client/driver/DriverRouteRegistryLegacy.java
com.moonsworth.lunar.client.driver.core	Data2	com/moonsworth/lunar/client/driver/core/Fishing.java
com.moonsworth.lunar.client.driver.core	Data2	com/moonsworth/lunar/client/driver/core/MigrationContextLegacy.java
com.moonsworth.lunar.client.driver.core	Data3	com/moonsworth/lunar/client/driver/core/DriverElementLegacy.java
com.moonsworth.lunar.client.driver.core.gui	Data2	com/moonsworth/lunar/client/driver/core/gui/GuiIterator.java
com.moonsworth.lunar.client.driver.core.gui	Data2	com/moonsworth/lunar/client/driver/core/gui/JsonProviderLegacy.java
com.moonsworth.lunar.client.driver.core.gui	Type2	com/moonsworth/lunar/client/driver/core/gui/Gui2Task.java
com.moonsworth.lunar.client.driver.core.gui.mixin.nameplate	Data10	com/moonsworth/lunar/client/driver/core/gui/mixin/nameplate/Nameplate2.java
com.moonsworth.lunar.client.driver.core.gui.mixin.nameplate	Data11	com/moonsworth/lunar/client/driver/core/gui/mixin/nameplate/Nameplate2.java
com.moonsworth.lunar.client.driver.core.gui.mixin.nameplate	Data12	com/moonsworth/lunar/client/driver/core/gui/mixin/nameplate/Nameplate2.java
com.moonsworth.lunar.client.driver.core.gui.mixin.nameplate	Data2	com/moonsworth/lunar/client/driver/core/gui/mixin/nameplate/GuiExtension.java
com.moonsworth.lunar.client.driver.core.gui.mixin.nameplate	Data3	com/moonsworth/lunar/client/driver/core/gui/mixin/nameplate/GuiExtension.java
com.moonsworth.lunar.client.driver.core.gui.mixin.nameplate	Data4	com/moonsworth/lunar/client/driver/core/gui/mixin/nameplate/GuiExtension.java
com.moonsworth.lunar.client.driver.core.gui.mixin.nameplate	Data5	com/moonsworth/lunar/client/driver/core/gui/mixin/nameplate/Nameplate2.java
com.moonsworth.lunar.client.driver.core.gui.mixin.nameplate	Data6	com/moonsworth/lunar/client/driver/core/gui/mixin/nameplate/Nameplate2.java
com.moonsworth.lunar.client.driver.core.gui.mixin.nameplate	Data7	com/moonsworth/lunar/client/driver/core/gui/mixin/nameplate/Nameplate.java
com.moonsworth.lunar.client.driver.core.gui.mixin.nameplate	Data7	com/moonsworth/lunar/client/driver/core/gui/mixin/nameplate/Nameplate2.java
com.moonsworth.lunar.client.driver.core.gui.mixin.nameplate	Data8	com/moonsworth/lunar/client/driver/core/gui/mixin/nameplate/Nameplate2.java
com.moonsworth.lunar.client.driver.core.gui.mixin.nameplate	Data9	com/moonsworth/lunar/client/driver/core/gui/mixin/nameplate/Nameplate2.java
com.moonsworth.lunar.client.driver.core.gui.mixin.nameplate	Nameplate2	com/moonsworth/lunar/client/driver/core/gui/mixin/nameplate/Nameplate2.java
com.moonsworth.lunar.client.driver.core.gui.mixin.rewindhandlers	Data16	com/moonsworth/lunar/client/driver/core/gui/mixin/rewindhandlers/Rewindhandlers.java
com.moonsworth.lunar.client.driver.core.gui.mixin.rewindhandlers	Data17	com/moonsworth/lunar/client/driver/core/gui/mixin/rewindhandlers/Rewindhandlers.java
com.moonsworth.lunar.client.driver.core.gui.mixin.rewindhandlers	Data2	com/moonsworth/lunar/client/driver/core/gui/mixin/rewindhandlers/GuiExtension2.java
com.moonsworth.lunar.client.driver.core.gui.mixin.rewindhandlers	GuiExtension2	com/moonsworth/lunar/client/driver/core/gui/mixin/rewindhandlers/GuiExtension2.java
com.moonsworth.lunar.client.driver.core.gui.mixin.rewindhandlers	GuiExtension4	com/moonsworth/lunar/client/driver/core/gui/mixin/rewindhandlers/GuiExtension4.java
com.moonsworth.lunar.client.driver.core.holograms	Holograms2	com/moonsworth/lunar/client/driver/core/holograms/Holograms2.java
com.moonsworth.lunar.client.driver.holograms	HologramsIterator2	com/moonsworth/lunar/client/driver/holograms/HologramsIterator2.java
com.moonsworth.lunar.client.event.mixin.chat	Data2	com/moonsworth/lunar/client/event/mixin/chat/EventChatMessageLegacy.java
com.moonsworth.lunar.client.event.mixin.chat	Data3	com/moonsworth/lunar/client/event/mixin/chat/EventChatMessageLegacy.java
com.moonsworth.lunar.client.event.mixin.holograms	Data12	com/moonsworth/lunar/client/event/mixin/holograms/OptionsReloadBaseEvent.java
com.moonsworth.lunar.client.event.mixin.nameplate	Data4	com/moonsworth/lunar/client/event/mixin/nameplate/HudBaseRenderEvent.java
com.moonsworth.lunar.client.feature	Module2	com/moonsworth/lunar/client/feature/Module2.java
com.moonsworth.lunar.client.feature	ModuleType2	com/moonsworth/lunar/client/feature/ModuleType2.java
com.moonsworth.lunar.client.fishing	Fishing2	com/moonsworth/lunar/client/fishing/Fishing2.java
com.moonsworth.lunar.client.fishing	Fishing_2	com/moonsworth/lunar/client/fishing/Fishing_2.java
com.moonsworth.lunar.client.framework	Data4	com/moonsworth/lunar/client/framework/StreamerMode.java
com.moonsworth.lunar.client.framework	Data5	com/moonsworth/lunar/client/framework/ApolloModGenerator.java
com.moonsworth.lunar.client.framework.feature	Module2	com/moonsworth/lunar/client/framework/feature/Module2.java
com.moonsworth.lunar.client.framework.feature.armorstatus.armorstatusbarschild	Armorstatusbarschild2	com/moonsworth/lunar/client/framework/feature/armorstatus/armorstatusbarschild/Armorstatusbarschild2.java
com.moonsworth.lunar.client.framework.feature.armorstatus.mixin	Gui2Extension2	com/moonsworth/lunar/client/framework/feature/armorstatus/mixin/Gui2Extension2.java
com.moonsworth.lunar.client.framework.feature.armorstatus.mixin	Gui2Extension3	com/moonsworth/lunar/client/framework/feature/armorstatus/mixin/Gui2Extension3.java
com.moonsworth.lunar.client.framework.feature.armorstatus.mixin	Gui2Extension4	com/moonsworth/lunar/client/framework/feature/armorstatus/mixin/Gui2Extension4.java
com.moonsworth.lunar.client.framework.feature.armorstatus.nameplate	Nameplate2	com/moonsworth/lunar/client/framework/feature/armorstatus/nameplate/Nameplate2.java
com.moonsworth.lunar.client.framework.feature.armorstatus.nameplate	Nameplate3	com/moonsworth/lunar/client/framework/feature/armorstatus/nameplate/Nameplate3.java
com.moonsworth.lunar.client.framework.feature.armorstatus.nameplate	Nameplate4	com/moonsworth/lunar/client/framework/feature/armorstatus/nameplate/Nameplate4.java
com.moonsworth.lunar.client.framework.feature.armorstatus.nameplate	Nameplate5	com/moonsworth/lunar/client/framework/feature/armorstatus/nameplate/Nameplate5.java
com.moonsworth.lunar.client.framework.feature.armorstatus.nameplate.mixin	Framework7Extension2	com/moonsworth/lunar/client/framework/feature/armorstatus/nameplate/mixin/Framework7Extension2.java
com.moonsworth.lunar.client.framework.feature.attackindicator.mixin	Attackindicator2	com/moonsworth/lunar/client/framework/feature/attackindicator/mixin/Attackindicator2.java
com.moonsworth.lunar.client.framework.feature.attackindicator.mixin	Attackindicator3	com/moonsworth/lunar/client/framework/feature/attackindicator/mixin/Attackindicator3.java
com.moonsworth.lunar.client.framework.feature.blockoutline	Gui2Extension2	com/moonsworth/lunar/client/framework/feature/blockoutline/Gui2Extension2.java
com.moonsworth.lunar.client.framework.feature.chat	Chat2	com/moonsworth/lunar/client/framework/feature/chat/Chat2.java
com.moonsworth.lunar.client.framework.feature.chat	Chat3	com/moonsworth/lunar/client/framework/feature/chat/Chat3.java
com.moonsworth.lunar.client.framework.feature.chat	Chat4	com/moonsworth/lunar/client/framework/feature/chat/Chat4.java
com.moonsworth.lunar.client.framework.feature.chat	Chat5	com/moonsworth/lunar/client/framework/feature/chat/Chat5.java
com.moonsworth.lunar.client.framework.feature.cooldowns.mixin	CooldownsImpl2	com/moonsworth/lunar/client/framework/feature/cooldowns/mixin/CooldownsImpl2.java
com.moonsworth.lunar.client.framework.feature.coordinates	CoordinatesChildHudModImpl2	com/moonsworth/lunar/client/framework/feature/coordinates/CoordinatesChildHudModImpl2.java
com.moonsworth.lunar.client.framework.feature.crosshair	Crosshair2	com/moonsworth/lunar/client/framework/feature/crosshair/Crosshair2.java
com.moonsworth.lunar.client.framework.feature.crosshair	Crosshair3	com/moonsworth/lunar/client/framework/feature/crosshair/Crosshair3.java
com.moonsworth.lunar.client.framework.feature.crosshair.crosshairelytra	Crosshairelytra2	com/moonsworth/lunar/client/framework/feature/crosshair/crosshairelytra/Crosshairelytra2.java
com.moonsworth.lunar.client.framework.feature.crosshair.crosshairelytra	Crosshairelytra3	com/moonsworth/lunar/client/framework/feature/crosshair/crosshairelytra/Crosshairelytra3.java
com.moonsworth.lunar.client.framework.feature.crosshair.mixin	Gui2Extension2	com/moonsworth/lunar/client/framework/feature/crosshair/mixin/Gui2Extension2.java
com.moonsworth.lunar.client.framework.feature.crosshair.mixin	Gui2Extension3	com/moonsworth/lunar/client/framework/feature/crosshair/mixin/Gui2Extension3.java
com.moonsworth.lunar.client.framework.feature.crosshair.mixin	Gui2Extension4	com/moonsworth/lunar/client/framework/feature/crosshair/mixin/Gui2Extension4.java
com.moonsworth.lunar.client.framework.feature.debug.fpsdebugmod	Data2	com/moonsworth/lunar/client/framework/feature/debug/fpsdebugmod/Fpsdebugmod.java
com.moonsworth.lunar.client.framework.feature.debug.fpsdebugmod	Fpsdebugmod2	com/moonsworth/lunar/client/framework/feature/debug/fpsdebugmod/Fpsdebugmod2.java
com.moonsworth.lunar.client.framework.feature.debug.fpsdebugmod	Fpsdebugmod3	com/moonsworth/lunar/client/framework/feature/debug/fpsdebugmod/Fpsdebugmod3.java
com.moonsworth.lunar.client.framework.feature.debug.fpsdebugmod.mixin	Fpsdebugmod2	com/moonsworth/lunar/client/framework/feature/debug/fpsdebugmod/mixin/Fpsdebugmod2.java
com.moonsworth.lunar.client.framework.feature.debug.fpsdebugmod.mixin	Fpsdebugmod3	com/moonsworth/lunar/client/framework/feature/debug/fpsdebugmod/mixin/Fpsdebugmod3.java
com.moonsworth.lunar.client.framework.feature.debug.fpsdebugmod.mixin	Fpsdebugmod4	com/moonsworth/lunar/client/framework/feature/debug/fpsdebugmod/mixin/Fpsdebugmod4.java
com.moonsworth.lunar.client.framework.feature.debug.fpsdebugmod.profilerdebugmod	Profilerdebugmod2	com/moonsworth/lunar/client/framework/feature/debug/fpsdebugmod/profilerdebugmod/Profilerdebugmod2.java
com.moonsworth.lunar.client.framework.feature.debug.fpsdebugmod.profilerdebugmod	Profilerdebugmod3	com/moonsworth/lunar/client/framework/feature/debug/fpsdebugmod/profilerdebugmod/Profilerdebugmod3.java
com.moonsworth.lunar.client.framework.feature.debug.fpsdebugmod.profilerdebugmod	Profilerdebugmod4	com/moonsworth/lunar/client/framework/feature/debug/fpsdebugmod/profilerdebugmod/Profilerdebugmod4.java
com.moonsworth.lunar.client.framework.feature.debug.fpsdebugmod.profilerdebugmod	Profilerdebugmod_2	com/moonsworth/lunar/client/framework/feature/debug/fpsdebugmod/profilerdebugmod/Profilerdebugmod_2.java
com.moonsworth.lunar.client.framework.feature.debug.fpsdebugmod.profilerdebugmod	Profilerdebugmod_3	com/moonsworth/lunar/client/framework/feature/debug/fpsdebugmod/profilerdebugmod/Profilerdebugmod_3.java
com.moonsworth.lunar.client.framework.feature.debug.optimizationdebugmod	OptimizationdebugmodType2	com/moonsworth/lunar/client/framework/feature/debug/optimizationdebugmod/OptimizationdebugmodType2.java
com.moonsworth.lunar.client.framework.feature.debug.shaderdebugmod	Data2	com/moonsworth/lunar/client/framework/feature/debug/shaderdebugmod/Shaderdebugmod.java
com.moonsworth.lunar.client.framework.feature.debug.shaderdebugmod	Shaderdebugmod2	com/moonsworth/lunar/client/framework/feature/debug/shaderdebugmod/Shaderdebugmod2.java
com.moonsworth.lunar.client.framework.feature.debug.shaderdebugmod	Shaderdebugmod3	com/moonsworth/lunar/client/framework/feature/debug/shaderdebugmod/Shaderdebugmod3.java
com.moonsworth.lunar.client.framework.feature.debug.shaderdebugmod	Shaderdebugmod4	com/moonsworth/lunar/client/framework/feature/debug/shaderdebugmod/Shaderdebugmod4.java
com.moonsworth.lunar.client.framework.feature.debug.shaderdebugmod	Shaderdebugmod5	com/moonsworth/lunar/client/framework/feature/debug/shaderdebugmod/Shaderdebugmod5.java
com.moonsworth.lunar.client.framework.feature.debug.shaderdebugmod	Type2	com/moonsworth/lunar/client/framework/feature/debug/shaderdebugmod/Shaderdebugmod.java
com.moonsworth.lunar.client.framework.feature.directionhud	Directionhud2	com/moonsworth/lunar/client/framework/feature/directionhud/Directionhud2.java
com.moonsworth.lunar.client.framework.feature.directionhud	Directionhud3	com/moonsworth/lunar/client/framework/feature/directionhud/Directionhud3.java
com.moonsworth.lunar.client.framework.feature.gui	Data4	com/moonsworth/lunar/client/framework/feature/gui/Gui.java
com.moonsworth.lunar.client.framework.feature.gui	Gui2	com/moonsworth/lunar/client/framework/feature/gui/Gui2.java
com.moonsworth.lunar.client.framework.feature.gui	GuiUpdater2	com/moonsworth/lunar/client/framework/feature/gui/GuiUpdater2.java
com.moonsworth.lunar.client.framework.feature.gui	GuiUpdater3	com/moonsworth/lunar/client/framework/feature/gui/GuiUpdater3.java
com.moonsworth.lunar.client.framework.feature.heightlimit	Data2	com/moonsworth/lunar/client/framework/feature/heightlimit/Heightlimit2.java
com.moonsworth.lunar.client.framework.feature.heightlimit	Data3	com/moonsworth/lunar/client/framework/feature/heightlimit/Heightlimit2.java
com.moonsworth.lunar.client.framework.feature.heightlimit	Heightlimit2	com/moonsworth/lunar/client/framework/feature/heightlimit/Heightlimit2.java
com.moonsworth.lunar.client.framework.feature.hypixelbedwars.mixin	Hypixelbedwars2	com/moonsworth/lunar/client/framework/feature/hypixelbedwars/mixin/Hypixelbedwars2.java
com.moonsworth.lunar.client.framework.feature.inventorymod.mixin	GuiRewindhandlersHandler2	com/moonsworth/lunar/client/framework/feature/inventorymod/mixin/GuiRewindhandlersHandler2.java
com.moonsworth.lunar.client.framework.feature.inventorymod.slot.inventorysearch	ModuleBase2	com/moonsworth/lunar/client/framework/feature/inventorymod/slot/inventorysearch/ModuleBase2.java
com.moonsworth.lunar.client.framework.feature.itemcounter	Itemcounter2	com/moonsworth/lunar/client/framework/feature/itemcounter/Itemcounter2.java
com.moonsworth.lunar.client.framework.feature.itemcounter	Itemcounter3	com/moonsworth/lunar/client/framework/feature/itemcounter/Itemcounter3.java
com.moonsworth.lunar.client.framework.feature.itemcounter	Itemcounter_2	com/moonsworth/lunar/client/framework/feature/itemcounter/Itemcounter_2.java
com.moonsworth.lunar.client.framework.feature.itemcounter	Type3	com/moonsworth/lunar/client/framework/feature/itemcounter/Itemcounter.java
com.moonsworth.lunar.client.framework.feature.keystrokes	Data4	com/moonsworth/lunar/client/framework/feature/keystrokes/Framework7Extension2.java
com.moonsworth.lunar.client.framework.feature.keystrokes	Framework7Extension2	com/moonsworth/lunar/client/framework/feature/keystrokes/Framework7Extension2.java
com.moonsworth.lunar.client.framework.feature.keystrokes	Gui2Extension2	com/moonsworth/lunar/client/framework/feature/keystrokes/Gui2Extension2.java
com.moonsworth.lunar.client.framework.feature.keystrokes	Gui2Extension3	com/moonsworth/lunar/client/framework/feature/keystrokes/Gui2Extension3.java
com.moonsworth.lunar.client.framework.feature.keystrokes	Gui2Extension_2	com/moonsworth/lunar/client/framework/feature/keystrokes/Gui2Extension_2.java
com.moonsworth.lunar.client.framework.feature.keystrokes	Keystrokes10	com/moonsworth/lunar/client/framework/feature/keystrokes/Keystrokes10.java
com.moonsworth.lunar.client.framework.feature.keystrokes	Keystrokes11	com/moonsworth/lunar/client/framework/feature/keystrokes/Keystrokes11.java
com.moonsworth.lunar.client.framework.feature.keystrokes	Keystrokes12	com/moonsworth/lunar/client/framework/feature/keystrokes/Keystrokes12.java
com.moonsworth.lunar.client.framework.feature.keystrokes	Keystrokes13	com/moonsworth/lunar/client/framework/feature/keystrokes/Keystrokes13.java
com.moonsworth.lunar.client.framework.feature.keystrokes	Keystrokes14	com/moonsworth/lunar/client/framework/feature/keystrokes/Keystrokes14.java
com.moonsworth.lunar.client.framework.feature.keystrokes	Keystrokes15	com/moonsworth/lunar/client/framework/feature/keystrokes/Keystrokes15.java
com.moonsworth.lunar.client.framework.feature.keystrokes	Keystrokes16	com/moonsworth/lunar/client/framework/feature/keystrokes/Keystrokes16.java
com.moonsworth.lunar.client.framework.feature.keystrokes	Keystrokes17	com/moonsworth/lunar/client/framework/feature/keystrokes/Keystrokes17.java
com.moonsworth.lunar.client.framework.feature.keystrokes	Keystrokes18	com/moonsworth/lunar/client/framework/feature/keystrokes/Keystrokes18.java
com.moonsworth.lunar.client.framework.feature.keystrokes	Keystrokes19	com/moonsworth/lunar/client/framework/feature/keystrokes/Keystrokes19.java
com.moonsworth.lunar.client.framework.feature.keystrokes	Keystrokes2	com/moonsworth/lunar/client/framework/feature/keystrokes/Keystrokes2.java
com.moonsworth.lunar.client.framework.feature.keystrokes	Keystrokes3	com/moonsworth/lunar/client/framework/feature/keystrokes/Keystrokes3.java
com.moonsworth.lunar.client.framework.feature.keystrokes	Keystrokes4	com/moonsworth/lunar/client/framework/feature/keystrokes/Keystrokes4.java
com.moonsworth.lunar.client.framework.feature.keystrokes	Keystrokes5	com/moonsworth/lunar/client/framework/feature/keystrokes/Keystrokes5.java
com.moonsworth.lunar.client.framework.feature.keystrokes	Keystrokes6	com/moonsworth/lunar/client/framework/feature/keystrokes/Keystrokes6.java
com.moonsworth.lunar.client.framework.feature.keystrokes	Keystrokes7	com/moonsworth/lunar/client/framework/feature/keystrokes/Keystrokes7.java
com.moonsworth.lunar.client.framework.feature.keystrokes	Keystrokes8	com/moonsworth/lunar/client/framework/feature/keystrokes/Keystrokes8.java
com.moonsworth.lunar.client.framework.feature.keystrokes	Keystrokes9	com/moonsworth/lunar/client/framework/feature/keystrokes/Keystrokes9.java
com.moonsworth.lunar.client.framework.feature.keystrokes.mixin	Framework7Extension2	com/moonsworth/lunar/client/framework/feature/keystrokes/mixin/Framework7Extension2.java
com.moonsworth.lunar.client.framework.feature.killsounds.mixin	Killsounds2	com/moonsworth/lunar/client/framework/feature/killsounds/mixin/Killsounds2.java
com.moonsworth.lunar.client.framework.feature.killsounds.mixin	Killsounds3	com/moonsworth/lunar/client/framework/feature/killsounds/mixin/Killsounds3.java
com.moonsworth.lunar.client.framework.feature.killsounds.mixin	Killsounds4	com/moonsworth/lunar/client/framework/feature/killsounds/mixin/Killsounds4.java
com.moonsworth.lunar.client.framework.feature.lightoverlay	Data2	com/moonsworth/lunar/client/framework/feature/lightoverlay/Lightoverlay2.java
com.moonsworth.lunar.client.framework.feature.lightoverlay	Lightoverlay2	com/moonsworth/lunar/client/framework/feature/lightoverlay/Lightoverlay2.java
com.moonsworth.lunar.client.framework.feature.lightoverlay	LightoverlayHandler2	com/moonsworth/lunar/client/framework/feature/lightoverlay/LightoverlayHandler2.java
com.moonsworth.lunar.client.framework.feature.lightoverlay	LightoverlayHandler3	com/moonsworth/lunar/client/framework/feature/lightoverlay/LightoverlayHandler3.java
com.moonsworth.lunar.client.framework.feature.markers	Data2	com/moonsworth/lunar/client/framework/feature/markers/MarkerModel.java
com.moonsworth.lunar.client.framework.feature.markers	Data2	com/moonsworth/lunar/client/framework/feature/markers/Markers2.java
com.moonsworth.lunar.client.framework.feature.markers	Data3	com/moonsworth/lunar/client/framework/feature/markers/MarkerModel.java
com.moonsworth.lunar.client.framework.feature.markers	Data4	com/moonsworth/lunar/client/framework/feature/markers/MarkerModel.java
com.moonsworth.lunar.client.framework.feature.markers	Data5	com/moonsworth/lunar/client/framework/feature/markers/MarkerModel.java
com.moonsworth.lunar.client.framework.feature.markers	Data6	com/moonsworth/lunar/client/framework/feature/markers/MarkerModel.java
com.moonsworth.lunar.client.framework.feature.markers	Markers10	com/moonsworth/lunar/client/framework/feature/markers/Markers10.java
com.moonsworth.lunar.client.framework.feature.markers	Markers11	com/moonsworth/lunar/client/framework/feature/markers/Markers11.java
com.moonsworth.lunar.client.framework.feature.markers	Markers12	com/moonsworth/lunar/client/framework/feature/markers/Markers12.java
com.moonsworth.lunar.client.framework.feature.markers	Markers2	com/moonsworth/lunar/client/framework/feature/markers/Markers2.java
com.moonsworth.lunar.client.framework.feature.markers	Markers3	com/moonsworth/lunar/client/framework/feature/markers/Markers3.java
com.moonsworth.lunar.client.framework.feature.markers	Markers4	com/moonsworth/lunar/client/framework/feature/markers/Markers4.java
com.moonsworth.lunar.client.framework.feature.markers	Markers5	com/moonsworth/lunar/client/framework/feature/markers/Markers5.java
com.moonsworth.lunar.client.framework.feature.markers	Markers6	com/moonsworth/lunar/client/framework/feature/markers/Markers6.java
com.moonsworth.lunar.client.framework.feature.markers	Markers7	com/moonsworth/lunar/client/framework/feature/markers/Markers7.java
com.moonsworth.lunar.client.framework.feature.markers	Markers8	com/moonsworth/lunar/client/framework/feature/markers/Markers8.java
com.moonsworth.lunar.client.framework.feature.markers	Markers9	com/moonsworth/lunar/client/framework/feature/markers/Markers9.java
com.moonsworth.lunar.client.framework.feature.markers	Markers_2	com/moonsworth/lunar/client/framework/feature/markers/Markers_2.java
com.moonsworth.lunar.client.framework.feature.markers	Markers_3	com/moonsworth/lunar/client/framework/feature/markers/Markers_3.java
com.moonsworth.lunar.client.framework.feature.markers	SExtension2	com/moonsworth/lunar/client/framework/feature/markers/SExtension2.java
com.moonsworth.lunar.client.framework.feature.markers	SExtension_2	com/moonsworth/lunar/client/framework/feature/markers/SExtension_2.java
com.moonsworth.lunar.client.framework.feature.markers	SIterator2	com/moonsworth/lunar/client/framework/feature/markers/SIterator2.java
com.moonsworth.lunar.client.framework.feature.markers	SIterator_2	com/moonsworth/lunar/client/framework/feature/markers/SIterator_2.java
com.moonsworth.lunar.client.framework.feature.markers	Type2	com/moonsworth/lunar/client/framework/feature/markers/Markers2.java
com.moonsworth.lunar.client.framework.feature.markers.mixin	Markers2	com/moonsworth/lunar/client/framework/feature/markers/mixin/Markers2.java
com.moonsworth.lunar.client.framework.feature.markers.mixin	Markers3	com/moonsworth/lunar/client/framework/feature/markers/mixin/Markers3.java
com.moonsworth.lunar.client.framework.feature.minimap	Minimap2	com/moonsworth/lunar/client/framework/feature/minimap/Minimap2.java
com.moonsworth.lunar.client.framework.feature.minimap	Minimap3	com/moonsworth/lunar/client/framework/feature/minimap/Minimap3.java
com.moonsworth.lunar.client.framework.feature.minimap	Minimap4	com/moonsworth/lunar/client/framework/feature/minimap/Minimap4.java
com.moonsworth.lunar.client.framework.feature.minimap	Minimap5	com/moonsworth/lunar/client/framework/feature/minimap/Minimap5.java
com.moonsworth.lunar.client.framework.feature.minimap	MinimapImpl2	com/moonsworth/lunar/client/framework/feature/minimap/MinimapImpl2.java
com.moonsworth.lunar.client.framework.feature.minimap	MinimapImpl3	com/moonsworth/lunar/client/framework/feature/minimap/MinimapImpl3.java
com.moonsworth.lunar.client.framework.feature.minimap	Minimap_2	com/moonsworth/lunar/client/framework/feature/minimap/Minimap_2.java
com.moonsworth.lunar.client.framework.feature.minimap.mixin	Minimap2	com/moonsworth/lunar/client/framework/feature/minimap/mixin/Minimap2.java
com.moonsworth.lunar.client.framework.feature.minimap.mixin	Minimap3	com/moonsworth/lunar/client/framework/feature/minimap/mixin/Minimap3.java
com.moonsworth.lunar.client.framework.feature.minimap.mixin	Minimap4	com/moonsworth/lunar/client/framework/feature/minimap/mixin/Minimap4.java
com.moonsworth.lunar.client.framework.feature.mod	GuiRewindhandlersHandler2	com/moonsworth/lunar/client/framework/feature/mod/GuiRewindhandlersHandler2.java
com.moonsworth.lunar.client.framework.feature.mod	MixinHelper2	com/moonsworth/lunar/client/framework/feature/mod/MixinHelper2.java
com.moonsworth.lunar.client.framework.feature.mod	MixinHelper210	com/moonsworth/lunar/client/framework/feature/mod/MixinHelper210.java
com.moonsworth.lunar.client.framework.feature.mod	MixinHelper211	com/moonsworth/lunar/client/framework/feature/mod/MixinHelper211.java
com.moonsworth.lunar.client.framework.feature.mod	MixinHelper22	com/moonsworth/lunar/client/framework/feature/mod/MixinHelper22.java
com.moonsworth.lunar.client.framework.feature.mod	MixinHelper22_2	com/moonsworth/lunar/client/framework/feature/mod/MixinHelper22_2.java
com.moonsworth.lunar.client.framework.feature.mod	MixinHelper23	com/moonsworth/lunar/client/framework/feature/mod/MixinHelper23.java
com.moonsworth.lunar.client.framework.feature.mod	MixinHelper24	com/moonsworth/lunar/client/framework/feature/mod/MixinHelper24.java
com.moonsworth.lunar.client.framework.feature.mod	MixinHelper25	com/moonsworth/lunar/client/framework/feature/mod/MixinHelper25.java
com.moonsworth.lunar.client.framework.feature.mod	MixinHelper26	com/moonsworth/lunar/client/framework/feature/mod/MixinHelper26.java
com.moonsworth.lunar.client.framework.feature.mod	MixinHelper27	com/moonsworth/lunar/client/framework/feature/mod/MixinHelper27.java
com.moonsworth.lunar.client.framework.feature.mod	MixinHelper28	com/moonsworth/lunar/client/framework/feature/mod/MixinHelper28.java
com.moonsworth.lunar.client.framework.feature.mod	MixinHelper29	com/moonsworth/lunar/client/framework/feature/mod/MixinHelper29.java
com.moonsworth.lunar.client.framework.feature.mod	MixinHelper2_2	com/moonsworth/lunar/client/framework/feature/mod/MixinHelper2_2.java
com.moonsworth.lunar.client.framework.feature.mod	MixinHelper2_3	com/moonsworth/lunar/client/framework/feature/mod/MixinHelper2_3.java
com.moonsworth.lunar.client.framework.feature.mod	MixinHelper3	com/moonsworth/lunar/client/framework/feature/mod/MixinHelper3.java
com.moonsworth.lunar.client.framework.feature.mod	MixinHelper_2	com/moonsworth/lunar/client/framework/feature/mod/MixinHelper_2.java
com.moonsworth.lunar.client.framework.feature.mod	MixinHelper_3	com/moonsworth/lunar/client/framework/feature/mod/MixinHelper_3.java
com.moonsworth.lunar.client.framework.feature.mod	Module2	com/moonsworth/lunar/client/framework/feature/mod/Module2.java
com.moonsworth.lunar.client.framework.feature.mod	ModuleBase2	com/moonsworth/lunar/client/framework/feature/mod/ModuleBase2.java
com.moonsworth.lunar.client.framework.feature.mod	Module_2	com/moonsworth/lunar/client/framework/feature/mod/Module_2.java
com.moonsworth.lunar.client.framework.feature.mod.debug.testcustomguioverlay	ModuleBase2	com/moonsworth/lunar/client/framework/feature/mod/debug/testcustomguioverlay/ModuleBase2.java
com.moonsworth.lunar.client.framework.feature.mod.fishing	Data2	com/moonsworth/lunar/client/framework/feature/mod/fishing/Fishing2.java
com.moonsworth.lunar.client.framework.feature.mod.fishing	Fishing2	com/moonsworth/lunar/client/framework/feature/mod/fishing/Fishing2.java
com.moonsworth.lunar.client.framework.feature.mod.fishing	Fishing3	com/moonsworth/lunar/client/framework/feature/mod/fishing/Fishing3.java
com.moonsworth.lunar.client.framework.feature.mod.fishing	Fishing4	com/moonsworth/lunar/client/framework/feature/mod/fishing/Fishing4.java
com.moonsworth.lunar.client.framework.feature.mod.fishing	Fishing5	com/moonsworth/lunar/client/framework/feature/mod/fishing/Fishing5.java
com.moonsworth.lunar.client.framework.feature.mod.fishing	Fishing6	com/moonsworth/lunar/client/framework/feature/mod/fishing/Fishing6.java
com.moonsworth.lunar.client.framework.feature.mod.fishing	Fishing_2	com/moonsworth/lunar/client/framework/feature/mod/fishing/Fishing_2.java
com.moonsworth.lunar.client.framework.feature.mod.fishing	Fishing_3	com/moonsworth/lunar/client/framework/feature/mod/fishing/Fishing_3.java
com.moonsworth.lunar.client.framework.feature.mod.fishing	Fishing_4	com/moonsworth/lunar/client/framework/feature/mod/fishing/Fishing_4.java
com.moonsworth.lunar.client.framework.feature.mod.fishing	JsonDeserializerIterator2	com/moonsworth/lunar/client/framework/feature/mod/fishing/JsonDeserializerIterator2.java
com.moonsworth.lunar.client.framework.feature.mod.fishing	JsonDeserializerIterator_2	com/moonsworth/lunar/client/framework/feature/mod/fishing/JsonDeserializerIterator_2.java
com.moonsworth.lunar.client.framework.feature.mod.fishing	JsonDeserializerIterator_3	com/moonsworth/lunar/client/framework/feature/mod/fishing/JsonDeserializerIterator_3.java
com.moonsworth.lunar.client.framework.feature.mod.fishing.click	Click10	com/moonsworth/lunar/client/framework/feature/mod/fishing/click/Click10.java
com.moonsworth.lunar.client.framework.feature.mod.fishing.click	Click11	com/moonsworth/lunar/client/framework/feature/mod/fishing/click/Click11.java
com.moonsworth.lunar.client.framework.feature.mod.fishing.click	Click12	com/moonsworth/lunar/client/framework/feature/mod/fishing/click/Click12.java
com.moonsworth.lunar.client.framework.feature.mod.fishing.click	Click13	com/moonsworth/lunar/client/framework/feature/mod/fishing/click/Click13.java
com.moonsworth.lunar.client.framework.feature.mod.fishing.click	Click14	com/moonsworth/lunar/client/framework/feature/mod/fishing/click/Click14.java
com.moonsworth.lunar.client.framework.feature.mod.fishing.click	Click15	com/moonsworth/lunar/client/framework/feature/mod/fishing/click/Click15.java
com.moonsworth.lunar.client.framework.feature.mod.fishing.click	Click16	com/moonsworth/lunar/client/framework/feature/mod/fishing/click/Click16.java
com.moonsworth.lunar.client.framework.feature.mod.fishing.click	Click17	com/moonsworth/lunar/client/framework/feature/mod/fishing/click/Click17.java
com.moonsworth.lunar.client.framework.feature.mod.fishing.click	Click2	com/moonsworth/lunar/client/framework/feature/mod/fishing/click/Click2.java
com.moonsworth.lunar.client.framework.feature.mod.fishing.click	Click3	com/moonsworth/lunar/client/framework/feature/mod/fishing/click/Click3.java
com.moonsworth.lunar.client.framework.feature.mod.fishing.click	Click4	com/moonsworth/lunar/client/framework/feature/mod/fishing/click/Click4.java
com.moonsworth.lunar.client.framework.feature.mod.fishing.click	Click5	com/moonsworth/lunar/client/framework/feature/mod/fishing/click/Click5.java
com.moonsworth.lunar.client.framework.feature.mod.fishing.click	Click6	com/moonsworth/lunar/client/framework/feature/mod/fishing/click/Click6.java
com.moonsworth.lunar.client.framework.feature.mod.fishing.click	Click7	com/moonsworth/lunar/client/framework/feature/mod/fishing/click/Click7.java
com.moonsworth.lunar.client.framework.feature.mod.fishing.click	Click8	com/moonsworth/lunar/client/framework/feature/mod/fishing/click/Click8.java
com.moonsworth.lunar.client.framework.feature.mod.fishing.click	Click9	com/moonsworth/lunar/client/framework/feature/mod/fishing/click/Click9.java
com.moonsworth.lunar.client.framework.feature.mod.fishing.click	Data2	com/moonsworth/lunar/client/framework/feature/mod/fishing/click/Click16.java
com.moonsworth.lunar.client.framework.feature.mod.fishing.click	Data2	com/moonsworth/lunar/client/framework/feature/mod/fishing/click/Click2.java
com.moonsworth.lunar.client.framework.feature.mod.fishing.click	Data2	com/moonsworth/lunar/client/framework/feature/mod/fishing/click/Click5.java
com.moonsworth.lunar.client.framework.feature.mod.fishing.click	Data3	com/moonsworth/lunar/client/framework/feature/mod/fishing/click/Click16.java
com.moonsworth.lunar.client.framework.feature.mod.fishing.click	Data3	com/moonsworth/lunar/client/framework/feature/mod/fishing/click/Click2.java
com.moonsworth.lunar.client.framework.feature.mod.fishing.click	Data4	com/moonsworth/lunar/client/framework/feature/mod/fishing/click/Click16.java
com.moonsworth.lunar.client.framework.feature.mod.fishing.click	Data4	com/moonsworth/lunar/client/framework/feature/mod/fishing/click/Click2.java
com.moonsworth.lunar.client.framework.feature.mod.fishing.click	Data5	com/moonsworth/lunar/client/framework/feature/mod/fishing/click/Click16.java
com.moonsworth.lunar.client.framework.feature.mod.fishing.click	Data6	com/moonsworth/lunar/client/framework/feature/mod/fishing/click/Click16.java
com.moonsworth.lunar.client.framework.feature.mod.fishing.coordinates.mixin	CoordinatesType2	com/moonsworth/lunar/client/framework/feature/mod/fishing/coordinates/mixin/CoordinatesType2.java
com.moonsworth.lunar.client.framework.feature.mod.fishing.gui	Data2	com/moonsworth/lunar/client/framework/feature/mod/fishing/gui/Gui4.java
com.moonsworth.lunar.client.framework.feature.mod.fishing.gui	Gui2	com/moonsworth/lunar/client/framework/feature/mod/fishing/gui/Gui2.java
com.moonsworth.lunar.client.framework.feature.mod.fishing.gui	Gui2_2	com/moonsworth/lunar/client/framework/feature/mod/fishing/gui/Gui2_2.java
com.moonsworth.lunar.client.framework.feature.mod.fishing.gui	Gui3	com/moonsworth/lunar/client/framework/feature/mod/fishing/gui/Gui3.java
com.moonsworth.lunar.client.framework.feature.mod.fishing.gui	Gui3_2	com/moonsworth/lunar/client/framework/feature/mod/fishing/gui/Gui3_2.java
com.moonsworth.lunar.client.framework.feature.mod.fishing.gui	Gui4	com/moonsworth/lunar/client/framework/feature/mod/fishing/gui/Gui4.java
com.moonsworth.lunar.client.framework.feature.mod.fishing.gui	Gui4_2	com/moonsworth/lunar/client/framework/feature/mod/fishing/gui/Gui4_2.java
com.moonsworth.lunar.client.framework.feature.mod.fishing.gui	Gui5	com/moonsworth/lunar/client/framework/feature/mod/fishing/gui/Gui5.java
com.moonsworth.lunar.client.framework.feature.mod.fishing.gui	GuiHandler10	com/moonsworth/lunar/client/framework/feature/mod/fishing/gui/GuiHandler10.java
com.moonsworth.lunar.client.framework.feature.mod.fishing.gui	GuiHandler11	com/moonsworth/lunar/client/framework/feature/mod/fishing/gui/GuiHandler11.java
com.moonsworth.lunar.client.framework.feature.mod.fishing.gui	GuiHandler2	com/moonsworth/lunar/client/framework/feature/mod/fishing/gui/GuiHandler2.java
com.moonsworth.lunar.client.framework.feature.mod.fishing.gui	GuiHandler3	com/moonsworth/lunar/client/framework/feature/mod/fishing/gui/GuiHandler3.java
com.moonsworth.lunar.client.framework.feature.mod.fishing.gui	GuiHandler4	com/moonsworth/lunar/client/framework/feature/mod/fishing/gui/GuiHandler4.java
com.moonsworth.lunar.client.framework.feature.mod.fishing.gui	GuiHandler5	com/moonsworth/lunar/client/framework/feature/mod/fishing/gui/GuiHandler5.java
com.moonsworth.lunar.client.framework.feature.mod.fishing.gui	GuiHandler6	com/moonsworth/lunar/client/framework/feature/mod/fishing/gui/GuiHandler6.java
com.moonsworth.lunar.client.framework.feature.mod.fishing.gui	GuiHandler7	com/moonsworth/lunar/client/framework/feature/mod/fishing/gui/GuiHandler7.java
com.moonsworth.lunar.client.framework.feature.mod.fishing.gui	GuiHandler8	com/moonsworth/lunar/client/framework/feature/mod/fishing/gui/GuiHandler8.java
com.moonsworth.lunar.client.framework.feature.mod.fishing.gui	GuiHandler9	com/moonsworth/lunar/client/framework/feature/mod/fishing/gui/GuiHandler9.java
com.moonsworth.lunar.client.framework.feature.mod.fishing.gui	Gui_2	com/moonsworth/lunar/client/framework/feature/mod/fishing/gui/Gui_2.java
com.moonsworth.lunar.client.framework.feature.mod.fishing.gui	Gui_3	com/moonsworth/lunar/client/framework/feature/mod/fishing/gui/Gui_3.java
com.moonsworth.lunar.client.framework.feature.mod.fishing.gui	JsonDeserializerIterator2	com/moonsworth/lunar/client/framework/feature/mod/fishing/gui/JsonDeserializerIterator2.java
com.moonsworth.lunar.client.framework.feature.mod.fishing.gui	JsonDeserializerIterator_2	com/moonsworth/lunar/client/framework/feature/mod/fishing/gui/JsonDeserializerIterator_2.java
com.moonsworth.lunar.client.framework.feature.mod.fishing.gui	Type2	com/moonsworth/lunar/client/framework/feature/mod/fishing/gui/Gui3.java
com.moonsworth.lunar.client.framework.feature.mod.fishing.gui.mixin	Gui2	com/moonsworth/lunar/client/framework/feature/mod/fishing/gui/mixin/Gui2.java
com.moonsworth.lunar.client.framework.feature.mod.fishing.gui.mixin	Gui3	com/moonsworth/lunar/client/framework/feature/mod/fishing/gui/mixin/Gui3.java
com.moonsworth.lunar.client.framework.feature.mod.fishing.gui.mixin	Gui4	com/moonsworth/lunar/client/framework/feature/mod/fishing/gui/mixin/Gui4.java
com.moonsworth.lunar.client.framework.feature.mod.fishing.gui.mixin	Gui5	com/moonsworth/lunar/client/framework/feature/mod/fishing/gui/mixin/Gui5.java
com.moonsworth.lunar.client.framework.feature.mod.fishing.gui.mixin	GuiType2	com/moonsworth/lunar/client/framework/feature/mod/fishing/gui/mixin/GuiType2.java
com.moonsworth.lunar.client.framework.feature.mod.fishing.gui.mixin	GuiType3	com/moonsworth/lunar/client/framework/feature/mod/fishing/gui/mixin/GuiType3.java
com.moonsworth.lunar.client.framework.feature.mod.fishing.highlight	Highlight2	com/moonsworth/lunar/client/framework/feature/mod/fishing/highlight/Highlight2.java
com.moonsworth.lunar.client.framework.feature.mod.fishing.highlight	Highlight3	com/moonsworth/lunar/client/framework/feature/mod/fishing/highlight/Highlight3.java
com.moonsworth.lunar.client.framework.feature.mod.fishing.highlight	Highlight4	com/moonsworth/lunar/client/framework/feature/mod/fishing/highlight/Highlight4.java
com.moonsworth.lunar.client.framework.feature.mod.fishing.highlight	Highlight5	com/moonsworth/lunar/client/framework/feature/mod/fishing/highlight/Highlight5.java
com.moonsworth.lunar.client.framework.feature.mod.fishing.highlight.mixin	Gui2Extension2	com/moonsworth/lunar/client/framework/feature/mod/fishing/highlight/mixin/Gui2Extension2.java
com.moonsworth.lunar.client.framework.feature.mod.fishing.holograms	Data2	com/moonsworth/lunar/client/framework/feature/mod/fishing/holograms/Holograms6.java
com.moonsworth.lunar.client.framework.feature.mod.fishing.holograms	Gui2Extension2	com/moonsworth/lunar/client/framework/feature/mod/fishing/holograms/Gui2Extension2.java
com.moonsworth.lunar.client.framework.feature.mod.fishing.holograms	Gui2Extension3	com/moonsworth/lunar/client/framework/feature/mod/fishing/holograms/Gui2Extension3.java
com.moonsworth.lunar.client.framework.feature.mod.fishing.holograms	Gui2Extension4	com/moonsworth/lunar/client/framework/feature/mod/fishing/holograms/Gui2Extension4.java
com.moonsworth.lunar.client.framework.feature.mod.fishing.holograms	Gui2Extension5	com/moonsworth/lunar/client/framework/feature/mod/fishing/holograms/Gui2Extension5.java
com.moonsworth.lunar.client.framework.feature.mod.fishing.holograms	Gui2Extension6	com/moonsworth/lunar/client/framework/feature/mod/fishing/holograms/Gui2Extension6.java
com.moonsworth.lunar.client.framework.feature.mod.fishing.holograms	Gui2Extension7	com/moonsworth/lunar/client/framework/feature/mod/fishing/holograms/Gui2Extension7.java
com.moonsworth.lunar.client.framework.feature.mod.fishing.holograms	Holograms10	com/moonsworth/lunar/client/framework/feature/mod/fishing/holograms/Holograms10.java
com.moonsworth.lunar.client.framework.feature.mod.fishing.holograms	Holograms11	com/moonsworth/lunar/client/framework/feature/mod/fishing/holograms/Holograms11.java
com.moonsworth.lunar.client.framework.feature.mod.fishing.holograms	Holograms12	com/moonsworth/lunar/client/framework/feature/mod/fishing/holograms/Holograms12.java
com.moonsworth.lunar.client.framework.feature.mod.fishing.holograms	Holograms2	com/moonsworth/lunar/client/framework/feature/mod/fishing/holograms/Holograms2.java
com.moonsworth.lunar.client.framework.feature.mod.fishing.holograms	Holograms3	com/moonsworth/lunar/client/framework/feature/mod/fishing/holograms/Holograms3.java
com.moonsworth.lunar.client.framework.feature.mod.fishing.holograms	Holograms4	com/moonsworth/lunar/client/framework/feature/mod/fishing/holograms/Holograms4.java
com.moonsworth.lunar.client.framework.feature.mod.fishing.holograms	Holograms5	com/moonsworth/lunar/client/framework/feature/mod/fishing/holograms/Holograms5.java
com.moonsworth.lunar.client.framework.feature.mod.fishing.holograms	Holograms6	com/moonsworth/lunar/client/framework/feature/mod/fishing/holograms/Holograms6.java
com.moonsworth.lunar.client.framework.feature.mod.fishing.holograms	Holograms7	com/moonsworth/lunar/client/framework/feature/mod/fishing/holograms/Holograms7.java
com.moonsworth.lunar.client.framework.feature.mod.fishing.holograms	Holograms8	com/moonsworth/lunar/client/framework/feature/mod/fishing/holograms/Holograms8.java
com.moonsworth.lunar.client.framework.feature.mod.fishing.holograms	Holograms9	com/moonsworth/lunar/client/framework/feature/mod/fishing/holograms/Holograms9.java
com.moonsworth.lunar.client.framework.feature.mod.fishing.holograms	HologramsType2	com/moonsworth/lunar/client/framework/feature/mod/fishing/holograms/HologramsType2.java
com.moonsworth.lunar.client.framework.feature.mod.fishing.holograms	HologramsType3	com/moonsworth/lunar/client/framework/feature/mod/fishing/holograms/HologramsType3.java
com.moonsworth.lunar.client.framework.feature.mod.fishing.holograms	HologramsType4	com/moonsworth/lunar/client/framework/feature/mod/fishing/holograms/HologramsType4.java
com.moonsworth.lunar.client.framework.feature.mod.fishing.holograms	HologramsType5	com/moonsworth/lunar/client/framework/feature/mod/fishing/holograms/HologramsType5.java
com.moonsworth.lunar.client.framework.feature.mod.fishing.holograms	HologramsType6	com/moonsworth/lunar/client/framework/feature/mod/fishing/holograms/HologramsType6.java
com.moonsworth.lunar.client.framework.feature.mod.fishing.holograms	HologramsType7	com/moonsworth/lunar/client/framework/feature/mod/fishing/holograms/HologramsType7.java
com.moonsworth.lunar.client.framework.feature.mod.fishing.holograms	HologramsType8	com/moonsworth/lunar/client/framework/feature/mod/fishing/holograms/HologramsType8.java
com.moonsworth.lunar.client.framework.feature.mod.fishing.holograms	HologramsType9	com/moonsworth/lunar/client/framework/feature/mod/fishing/holograms/HologramsType9.java
com.moonsworth.lunar.client.framework.feature.mod.fishing.holograms	HologramsType_2	com/moonsworth/lunar/client/framework/feature/mod/fishing/holograms/HologramsType_2.java
com.moonsworth.lunar.client.framework.feature.mod.fishing.holograms	HologramsType_3	com/moonsworth/lunar/client/framework/feature/mod/fishing/holograms/HologramsType_3.java
com.moonsworth.lunar.client.framework.feature.mod.fishing.holograms	Holograms_10	com/moonsworth/lunar/client/framework/feature/mod/fishing/holograms/Holograms_10.java
com.moonsworth.lunar.client.framework.feature.mod.fishing.holograms	Holograms_11	com/moonsworth/lunar/client/framework/feature/mod/fishing/holograms/Holograms_11.java
com.moonsworth.lunar.client.framework.feature.mod.fishing.holograms	Holograms_2	com/moonsworth/lunar/client/framework/feature/mod/fishing/holograms/Holograms_2.java
com.moonsworth.lunar.client.framework.feature.mod.fishing.holograms	Holograms_3	com/moonsworth/lunar/client/framework/feature/mod/fishing/holograms/Holograms_3.java
com.moonsworth.lunar.client.framework.feature.mod.fishing.holograms	Holograms_4	com/moonsworth/lunar/client/framework/feature/mod/fishing/holograms/Holograms_4.java
com.moonsworth.lunar.client.framework.feature.mod.fishing.holograms	Holograms_5	com/moonsworth/lunar/client/framework/feature/mod/fishing/holograms/Holograms_5.java
com.moonsworth.lunar.client.framework.feature.mod.fishing.holograms	Holograms_6	com/moonsworth/lunar/client/framework/feature/mod/fishing/holograms/Holograms_6.java
com.moonsworth.lunar.client.framework.feature.mod.fishing.holograms	Holograms_7	com/moonsworth/lunar/client/framework/feature/mod/fishing/holograms/Holograms_7.java
com.moonsworth.lunar.client.framework.feature.mod.fishing.holograms	Holograms_8	com/moonsworth/lunar/client/framework/feature/mod/fishing/holograms/Holograms_8.java
com.moonsworth.lunar.client.framework.feature.mod.fishing.holograms	Holograms_9	com/moonsworth/lunar/client/framework/feature/mod/fishing/holograms/Holograms_9.java
com.moonsworth.lunar.client.framework.feature.mod.fishing.holograms	JsonDeserializerIterator2	com/moonsworth/lunar/client/framework/feature/mod/fishing/holograms/JsonDeserializerIterator2.java
com.moonsworth.lunar.client.framework.feature.mod.fishing.holograms	Type2	com/moonsworth/lunar/client/framework/feature/mod/fishing/holograms/Holograms6.java
com.moonsworth.lunar.client.framework.feature.mod.fishing.holograms.holograms	Holograms2	com/moonsworth/lunar/client/framework/feature/mod/fishing/holograms/holograms/Holograms2.java
com.moonsworth.lunar.client.framework.feature.mod.fishing.holograms.holograms	Holograms3	com/moonsworth/lunar/client/framework/feature/mod/fishing/holograms/holograms/Holograms3.java
com.moonsworth.lunar.client.framework.feature.mod.fishing.holograms.holograms	HologramsType2	com/moonsworth/lunar/client/framework/feature/mod/fishing/holograms/holograms/HologramsType2.java
com.moonsworth.lunar.client.framework.feature.mod.fishing.holograms.holograms	HologramsType22	com/moonsworth/lunar/client/framework/feature/mod/fishing/holograms/holograms/HologramsType22.java
com.moonsworth.lunar.client.framework.feature.mod.fishing.holograms.holograms	HologramsType23	com/moonsworth/lunar/client/framework/feature/mod/fishing/holograms/holograms/HologramsType23.java
com.moonsworth.lunar.client.framework.feature.mod.fishing.holograms.holograms	HologramsType24	com/moonsworth/lunar/client/framework/feature/mod/fishing/holograms/holograms/HologramsType24.java
com.moonsworth.lunar.client.framework.feature.mod.fishing.holograms.holograms	HologramsType25	com/moonsworth/lunar/client/framework/feature/mod/fishing/holograms/holograms/HologramsType25.java
com.moonsworth.lunar.client.framework.feature.mod.fishing.holograms.holograms	HologramsType26	com/moonsworth/lunar/client/framework/feature/mod/fishing/holograms/holograms/HologramsType26.java
com.moonsworth.lunar.client.framework.feature.mod.fishing.holograms.mixin	Holograms2	com/moonsworth/lunar/client/framework/feature/mod/fishing/holograms/mixin/Holograms2.java
com.moonsworth.lunar.client.framework.feature.mod.fishing.holograms.nameplate	Nameplate2	com/moonsworth/lunar/client/framework/feature/mod/fishing/holograms/nameplate/Nameplate2.java
com.moonsworth.lunar.client.framework.feature.mod.fishing.holograms.nameplate	Nameplate3	com/moonsworth/lunar/client/framework/feature/mod/fishing/holograms/nameplate/Nameplate3.java
com.moonsworth.lunar.client.framework.feature.mod.fishing.holograms.nameplate	Nameplate4	com/moonsworth/lunar/client/framework/feature/mod/fishing/holograms/nameplate/Nameplate4.java
com.moonsworth.lunar.client.framework.feature.mod.fishing.holograms.nameplate	NameplateType2	com/moonsworth/lunar/client/framework/feature/mod/fishing/holograms/nameplate/NameplateType2.java
com.moonsworth.lunar.client.framework.feature.mod.fishing.lotusfish	Lotusfish2	com/moonsworth/lunar/client/framework/feature/mod/fishing/lotusfish/Lotusfish2.java
com.moonsworth.lunar.client.framework.feature.mod.fishing.lotusfish	Lotusfish3	com/moonsworth/lunar/client/framework/feature/mod/fishing/lotusfish/Lotusfish3.java
com.moonsworth.lunar.client.framework.feature.mod.fishing.mixin	Fishing2	com/moonsworth/lunar/client/framework/feature/mod/fishing/mixin/Fishing2.java
com.moonsworth.lunar.client.framework.feature.mod.fishing.mixin	Fishing3	com/moonsworth/lunar/client/framework/feature/mod/fishing/mixin/Fishing3.java
com.moonsworth.lunar.client.framework.feature.mod.fishing.mixin	Fishing4	com/moonsworth/lunar/client/framework/feature/mod/fishing/mixin/Fishing4.java
com.moonsworth.lunar.client.framework.feature.mod.fishing.mixin	Fishing5	com/moonsworth/lunar/client/framework/feature/mod/fishing/mixin/Fishing5.java
com.moonsworth.lunar.client.framework.feature.mod.fishing.mixin	Fishing6	com/moonsworth/lunar/client/framework/feature/mod/fishing/mixin/Fishing6.java
com.moonsworth.lunar.client.framework.feature.mod.fishing.mixin	Fishing7	com/moonsworth/lunar/client/framework/feature/mod/fishing/mixin/Fishing7.java
com.moonsworth.lunar.client.framework.feature.mod.fishing.mixin	FishingType2	com/moonsworth/lunar/client/framework/feature/mod/fishing/mixin/FishingType2.java
com.moonsworth.lunar.client.framework.feature.mod.fishing.rewindhandlers	Rewindhandlers2	com/moonsworth/lunar/client/framework/feature/mod/fishing/rewindhandlers/Rewindhandlers2.java
com.moonsworth.lunar.client.framework.feature.mod.gui	Data3	com/moonsworth/lunar/client/framework/feature/mod/gui/Gui.java
com.moonsworth.lunar.client.framework.feature.mod.gui	Gui2	com/moonsworth/lunar/client/framework/feature/mod/gui/Gui2.java
com.moonsworth.lunar.client.framework.feature.mod.gui	Gui3	com/moonsworth/lunar/client/framework/feature/mod/gui/Gui3.java
com.moonsworth.lunar.client.framework.feature.mod.gui	Gui4	com/moonsworth/lunar/client/framework/feature/mod/gui/Gui4.java
com.moonsworth.lunar.client.framework.feature.mod.gui	Gui_2	com/moonsworth/lunar/client/framework/feature/mod/gui/Gui_2.java
com.moonsworth.lunar.client.framework.feature.mod.gui.mixin	Data2	com/moonsworth/lunar/client/framework/feature/mod/gui/mixin/Gui.java
com.moonsworth.lunar.client.framework.feature.mod.gui.nameplate	Data2	com/moonsworth/lunar/client/framework/feature/mod/gui/nameplate/Nameplate3.java
com.moonsworth.lunar.client.framework.feature.mod.gui.nameplate	Nameplate2	com/moonsworth/lunar/client/framework/feature/mod/gui/nameplate/Nameplate2.java
com.moonsworth.lunar.client.framework.feature.mod.gui.nameplate	Nameplate3	com/moonsworth/lunar/client/framework/feature/mod/gui/nameplate/Nameplate3.java
com.moonsworth.lunar.client.framework.feature.mod.highlight	Gui2Extension2	com/moonsworth/lunar/client/framework/feature/mod/highlight/Gui2Extension2.java
com.moonsworth.lunar.client.framework.feature.mod.highlight	Gui2Extension3	com/moonsworth/lunar/client/framework/feature/mod/highlight/Gui2Extension3.java
com.moonsworth.lunar.client.framework.feature.mod.highlight	HighlightType2	com/moonsworth/lunar/client/framework/feature/mod/highlight/HighlightType2.java
com.moonsworth.lunar.client.framework.feature.mod.highlight	HighlightType3	com/moonsworth/lunar/client/framework/feature/mod/highlight/HighlightType3.java
com.moonsworth.lunar.client.framework.feature.mod.highlight	HighlightType4	com/moonsworth/lunar/client/framework/feature/mod/highlight/HighlightType4.java
com.moonsworth.lunar.client.framework.feature.mod.highlight	HighlightType5	com/moonsworth/lunar/client/framework/feature/mod/highlight/HighlightType5.java
com.moonsworth.lunar.client.framework.feature.mod.highlight	HighlightType6	com/moonsworth/lunar/client/framework/feature/mod/highlight/HighlightType6.java
com.moonsworth.lunar.client.framework.feature.mod.holograms	GuiRewindhandlersHandler2	com/moonsworth/lunar/client/framework/feature/mod/holograms/GuiRewindhandlersHandler2.java
com.moonsworth.lunar.client.framework.feature.mod.holograms	GuiRewindhandlersHandler22	com/moonsworth/lunar/client/framework/feature/mod/holograms/GuiRewindhandlersHandler22.java
com.moonsworth.lunar.client.framework.feature.mod.holograms	GuiRewindhandlersHandler22_2	com/moonsworth/lunar/client/framework/feature/mod/holograms/GuiRewindhandlersHandler22_2.java
com.moonsworth.lunar.client.framework.feature.mod.holograms	GuiRewindhandlersHandler23	com/moonsworth/lunar/client/framework/feature/mod/holograms/GuiRewindhandlersHandler23.java
com.moonsworth.lunar.client.framework.feature.mod.holograms	GuiRewindhandlersHandler23_2	com/moonsworth/lunar/client/framework/feature/mod/holograms/GuiRewindhandlersHandler23_2.java
com.moonsworth.lunar.client.framework.feature.mod.holograms	GuiRewindhandlersHandler24	com/moonsworth/lunar/client/framework/feature/mod/holograms/GuiRewindhandlersHandler24.java
com.moonsworth.lunar.client.framework.feature.mod.holograms	GuiRewindhandlersHandler25	com/moonsworth/lunar/client/framework/feature/mod/holograms/GuiRewindhandlersHandler25.java
com.moonsworth.lunar.client.framework.feature.mod.holograms	GuiRewindhandlersHandler26	com/moonsworth/lunar/client/framework/feature/mod/holograms/GuiRewindhandlersHandler26.java
com.moonsworth.lunar.client.framework.feature.mod.holograms	GuiRewindhandlersHandler2_2	com/moonsworth/lunar/client/framework/feature/mod/holograms/GuiRewindhandlersHandler2_2.java
com.moonsworth.lunar.client.framework.feature.mod.holograms	GuiRewindhandlersHandler2_3	com/moonsworth/lunar/client/framework/feature/mod/holograms/GuiRewindhandlersHandler2_3.java
com.moonsworth.lunar.client.framework.feature.mod.holograms	Holograms2	com/moonsworth/lunar/client/framework/feature/mod/holograms/Holograms2.java
com.moonsworth.lunar.client.framework.feature.mod.holograms	Holograms3	com/moonsworth/lunar/client/framework/feature/mod/holograms/Holograms3.java
com.moonsworth.lunar.client.framework.feature.mod.holograms	LightingExtension443	com/moonsworth/lunar/client/framework/feature/mod/holograms/LightingExtension443.java
com.moonsworth.lunar.client.framework.feature.mod.holograms	ParentTImpl2	com/moonsworth/lunar/client/framework/feature/mod/holograms/ParentTImpl2.java
com.moonsworth.lunar.client.framework.feature.mod.holograms	ParentTImpl3	com/moonsworth/lunar/client/framework/feature/mod/holograms/ParentTImpl3.java
com.moonsworth.lunar.client.framework.feature.mod.holograms.fishing	Data2	com/moonsworth/lunar/client/framework/feature/mod/holograms/fishing/GuiRewindhandlersHandler27.java
com.moonsworth.lunar.client.framework.feature.mod.holograms.fishing	GuiRewindhandlersHandler2	com/moonsworth/lunar/client/framework/feature/mod/holograms/fishing/GuiRewindhandlersHandler2.java
com.moonsworth.lunar.client.framework.feature.mod.holograms.fishing	GuiRewindhandlersHandler210	com/moonsworth/lunar/client/framework/feature/mod/holograms/fishing/GuiRewindhandlersHandler210.java
com.moonsworth.lunar.client.framework.feature.mod.holograms.fishing	GuiRewindhandlersHandler211	com/moonsworth/lunar/client/framework/feature/mod/holograms/fishing/GuiRewindhandlersHandler211.java
com.moonsworth.lunar.client.framework.feature.mod.holograms.fishing	GuiRewindhandlersHandler212	com/moonsworth/lunar/client/framework/feature/mod/holograms/fishing/GuiRewindhandlersHandler212.java
com.moonsworth.lunar.client.framework.feature.mod.holograms.fishing	GuiRewindhandlersHandler213	com/moonsworth/lunar/client/framework/feature/mod/holograms/fishing/GuiRewindhandlersHandler213.java
com.moonsworth.lunar.client.framework.feature.mod.holograms.fishing	GuiRewindhandlersHandler22	com/moonsworth/lunar/client/framework/feature/mod/holograms/fishing/GuiRewindhandlersHandler22.java
com.moonsworth.lunar.client.framework.feature.mod.holograms.fishing	GuiRewindhandlersHandler23	com/moonsworth/lunar/client/framework/feature/mod/holograms/fishing/GuiRewindhandlersHandler23.java
com.moonsworth.lunar.client.framework.feature.mod.holograms.fishing	GuiRewindhandlersHandler24	com/moonsworth/lunar/client/framework/feature/mod/holograms/fishing/GuiRewindhandlersHandler24.java
com.moonsworth.lunar.client.framework.feature.mod.holograms.fishing	GuiRewindhandlersHandler25	com/moonsworth/lunar/client/framework/feature/mod/holograms/fishing/GuiRewindhandlersHandler25.java
com.moonsworth.lunar.client.framework.feature.mod.holograms.fishing	GuiRewindhandlersHandler26	com/moonsworth/lunar/client/framework/feature/mod/holograms/fishing/GuiRewindhandlersHandler26.java
com.moonsworth.lunar.client.framework.feature.mod.holograms.fishing	GuiRewindhandlersHandler27	com/moonsworth/lunar/client/framework/feature/mod/holograms/fishing/GuiRewindhandlersHandler27.java
com.moonsworth.lunar.client.framework.feature.mod.holograms.fishing	GuiRewindhandlersHandler28	com/moonsworth/lunar/client/framework/feature/mod/holograms/fishing/GuiRewindhandlersHandler28.java
com.moonsworth.lunar.client.framework.feature.mod.holograms.fishing	GuiRewindhandlersHandler29	com/moonsworth/lunar/client/framework/feature/mod/holograms/fishing/GuiRewindhandlersHandler29.java
com.moonsworth.lunar.client.framework.feature.mod.holograms.gui	GuiRewindhandlersHandler2	com/moonsworth/lunar/client/framework/feature/mod/holograms/gui/GuiRewindhandlersHandler2.java
com.moonsworth.lunar.client.framework.feature.mod.holograms.highlight	Data2	com/moonsworth/lunar/client/framework/feature/mod/holograms/highlight/GuiRewindhandlersHandler2.java
com.moonsworth.lunar.client.framework.feature.mod.holograms.highlight	Data3	com/moonsworth/lunar/client/framework/feature/mod/holograms/highlight/GuiRewindhandlersHandler2.java
com.moonsworth.lunar.client.framework.feature.mod.holograms.highlight	Data4	com/moonsworth/lunar/client/framework/feature/mod/holograms/highlight/GuiRewindhandlersHandler2.java
com.moonsworth.lunar.client.framework.feature.mod.holograms.highlight	GuiRewindhandlersHandler2	com/moonsworth/lunar/client/framework/feature/mod/holograms/highlight/GuiRewindhandlersHandler2.java
com.moonsworth.lunar.client.framework.feature.mod.holograms.highlight	GuiRewindhandlersHandler22	com/moonsworth/lunar/client/framework/feature/mod/holograms/highlight/GuiRewindhandlersHandler22.java
com.moonsworth.lunar.client.framework.feature.mod.holograms.highlight	GuiRewindhandlersHandler23	com/moonsworth/lunar/client/framework/feature/mod/holograms/highlight/GuiRewindhandlersHandler23.java
com.moonsworth.lunar.client.framework.feature.mod.holograms.mixin	Data3	com/moonsworth/lunar/client/framework/feature/mod/holograms/mixin/Holograms2.java
com.moonsworth.lunar.client.framework.feature.mod.holograms.mixin	GuiRewindhandlersHandler2	com/moonsworth/lunar/client/framework/feature/mod/holograms/mixin/GuiRewindhandlersHandler2.java
com.moonsworth.lunar.client.framework.feature.mod.holograms.mixin	GuiRewindhandlersHandler22	com/moonsworth/lunar/client/framework/feature/mod/holograms/mixin/GuiRewindhandlersHandler22.java
com.moonsworth.lunar.client.framework.feature.mod.holograms.mixin	GuiRewindhandlersHandler23	com/moonsworth/lunar/client/framework/feature/mod/holograms/mixin/GuiRewindhandlersHandler23.java
com.moonsworth.lunar.client.framework.feature.mod.holograms.mixin	GuiRewindhandlersHandler24	com/moonsworth/lunar/client/framework/feature/mod/holograms/mixin/GuiRewindhandlersHandler24.java
com.moonsworth.lunar.client.framework.feature.mod.holograms.mixin	Holograms2	com/moonsworth/lunar/client/framework/feature/mod/holograms/mixin/Holograms2.java
com.moonsworth.lunar.client.framework.feature.mod.holograms.mixin	Holograms3	com/moonsworth/lunar/client/framework/feature/mod/holograms/mixin/Holograms3.java
com.moonsworth.lunar.client.framework.feature.mod.holograms.nameplate	GuiRewindhandlersHandler2	com/moonsworth/lunar/client/framework/feature/mod/holograms/nameplate/GuiRewindhandlersHandler2.java
com.moonsworth.lunar.client.framework.feature.mod.holograms.rewindhandlers	Data2	com/moonsworth/lunar/client/framework/feature/mod/holograms/rewindhandlers/Rewindhandlers.java
com.moonsworth.lunar.client.framework.feature.mod.holograms.rewindhandlers	Data3	com/moonsworth/lunar/client/framework/feature/mod/holograms/rewindhandlers/Rewindhandlers.java
com.moonsworth.lunar.client.framework.feature.mod.holograms.rewindhandlers	Data4	com/moonsworth/lunar/client/framework/feature/mod/holograms/rewindhandlers/Rewindhandlers.java
com.moonsworth.lunar.client.framework.feature.mod.holograms.rewindhandlers	Data5	com/moonsworth/lunar/client/framework/feature/mod/holograms/rewindhandlers/Rewindhandlers.java
com.moonsworth.lunar.client.framework.feature.mod.holograms.rewindhandlers	Data6	com/moonsworth/lunar/client/framework/feature/mod/holograms/rewindhandlers/Rewindhandlers.java
com.moonsworth.lunar.client.framework.feature.mod.holograms.rewindhandlers	Data7	com/moonsworth/lunar/client/framework/feature/mod/holograms/rewindhandlers/Rewindhandlers.java
com.moonsworth.lunar.client.framework.feature.mod.holograms.rewindhandlers	Data8	com/moonsworth/lunar/client/framework/feature/mod/holograms/rewindhandlers/Rewindhandlers.java
com.moonsworth.lunar.client.framework.feature.mod.holograms.rewindhandlers	GuiRewindhandlersHandler2	com/moonsworth/lunar/client/framework/feature/mod/holograms/rewindhandlers/GuiRewindhandlersHandler2.java
com.moonsworth.lunar.client.framework.feature.mod.impl.alert.excavation	Excavation2	com/moonsworth/lunar/client/framework/feature/mod/impl/alert/excavation/Excavation2.java
com.moonsworth.lunar.client.framework.feature.mod.impl.alert.excavation.mixin	ExcavationType2	com/moonsworth/lunar/client/framework/feature/mod/impl/alert/excavation/mixin/ExcavationType2.java
com.moonsworth.lunar.client.framework.feature.mod.impl.alert.excavation.mixin	ExcavationType3	com/moonsworth/lunar/client/framework/feature/mod/impl/alert/excavation/mixin/ExcavationType3.java
com.moonsworth.lunar.client.framework.feature.mod.impl.burrow.mixin	BurrowType2	com/moonsworth/lunar/client/framework/feature/mod/impl/burrow/mixin/BurrowType2.java
com.moonsworth.lunar.client.framework.feature.mod.impl.burrow.mixin	BurrowType3	com/moonsworth/lunar/client/framework/feature/mod/impl/burrow/mixin/BurrowType3.java
com.moonsworth.lunar.client.framework.feature.mod.impl.calculator	Calculator2	com/moonsworth/lunar/client/framework/feature/mod/impl/calculator/Calculator2.java
com.moonsworth.lunar.client.framework.feature.mod.impl.calculator.mixin	CalculatorType2	com/moonsworth/lunar/client/framework/feature/mod/impl/calculator/mixin/CalculatorType2.java
com.moonsworth.lunar.client.framework.feature.mod.impl.chest.dungeon.dungeonwaypoints	Dungeonwaypoints2	com/moonsworth/lunar/client/framework/feature/mod/impl/chest/dungeon/dungeonwaypoints/Dungeonwaypoints2.java
com.moonsworth.lunar.client.framework.feature.mod.impl.chest.dungeon.dungeonwaypoints	Dungeonwaypoints3	com/moonsworth/lunar/client/framework/feature/mod/impl/chest/dungeon/dungeonwaypoints/Dungeonwaypoints3.java
com.moonsworth.lunar.client.framework.feature.mod.impl.chest.dungeon.dungeonwaypoints	Dungeonwaypoints4	com/moonsworth/lunar/client/framework/feature/mod/impl/chest/dungeon/dungeonwaypoints/Dungeonwaypoints4.java
com.moonsworth.lunar.client.framework.feature.mod.impl.chest.dungeon.dungeonwaypoints	Dungeonwaypoints5	com/moonsworth/lunar/client/framework/feature/mod/impl/chest/dungeon/dungeonwaypoints/Dungeonwaypoints5.java
com.moonsworth.lunar.client.framework.feature.mod.impl.chest.dungeon.dungeonwaypoints	Dungeonwaypoints_2	com/moonsworth/lunar/client/framework/feature/mod/impl/chest/dungeon/dungeonwaypoints/Dungeonwaypoints_2.java
com.moonsworth.lunar.client.framework.feature.mod.impl.chest.dungeon.dungeonwaypoints.mixin	Dungeonwaypoints2	com/moonsworth/lunar/client/framework/feature/mod/impl/chest/dungeon/dungeonwaypoints/mixin/Dungeonwaypoints2.java
com.moonsworth.lunar.client.framework.feature.mod.impl.chest.dungeon.dungeonwaypoints.mixin	Dungeonwaypoints3	com/moonsworth/lunar/client/framework/feature/mod/impl/chest/dungeon/dungeonwaypoints/mixin/Dungeonwaypoints3.java
com.moonsworth.lunar.client.framework.feature.mod.impl.chest.dungeon.dungeonwaypoints.mixin	Dungeonwaypoints4	com/moonsworth/lunar/client/framework/feature/mod/impl/chest/dungeon/dungeonwaypoints/mixin/Dungeonwaypoints4.java
com.moonsworth.lunar.client.framework.feature.mod.impl.chest.dungeon.dungeonwaypoints.mixin	Dungeonwaypoints5	com/moonsworth/lunar/client/framework/feature/mod/impl/chest/dungeon/dungeonwaypoints/mixin/Dungeonwaypoints5.java
com.moonsworth.lunar.client.framework.feature.mod.impl.chest.dungeon.dungeonwaypoints.mixin	Gui2Extension2	com/moonsworth/lunar/client/framework/feature/mod/impl/chest/dungeon/dungeonwaypoints/mixin/Gui2Extension2.java
com.moonsworth.lunar.client.framework.feature.mod.impl.chest.dungeon.dungeonwaypoints.mixin	Gui2Extension3	com/moonsworth/lunar/client/framework/feature/mod/impl/chest/dungeon/dungeonwaypoints/mixin/Gui2Extension3.java
com.moonsworth.lunar.client.framework.feature.mod.impl.chest.dungeon.practice	Framework7Extension2	com/moonsworth/lunar/client/framework/feature/mod/impl/chest/dungeon/practice/Framework7Extension2.java
com.moonsworth.lunar.client.framework.feature.mod.impl.click.storageoverlay	Storageoverlay2	com/moonsworth/lunar/client/framework/feature/mod/impl/click/storageoverlay/Storageoverlay2.java
com.moonsworth.lunar.client.framework.feature.mod.impl.click.storageoverlay.mixin	Gui2Extension2	com/moonsworth/lunar/client/framework/feature/mod/impl/click/storageoverlay/mixin/Gui2Extension2.java
com.moonsworth.lunar.client.framework.feature.mod.impl.click.storageoverlay.mixin	Gui2Extension3	com/moonsworth/lunar/client/framework/feature/mod/impl/click/storageoverlay/mixin/Gui2Extension3.java
com.moonsworth.lunar.client.framework.feature.mod.impl.click.storageoverlay.mixin	Gui2Extension4	com/moonsworth/lunar/client/framework/feature/mod/impl/click/storageoverlay/mixin/Gui2Extension4.java
com.moonsworth.lunar.client.framework.feature.mod.impl.click.storageoverlay.mixin	Gui2Extension5	com/moonsworth/lunar/client/framework/feature/mod/impl/click/storageoverlay/mixin/Gui2Extension5.java
com.moonsworth.lunar.client.framework.feature.mod.impl.click.storageoverlay.mixin	Gui2Extension6	com/moonsworth/lunar/client/framework/feature/mod/impl/click/storageoverlay/mixin/Gui2Extension6.java
com.moonsworth.lunar.client.framework.feature.mod.impl.gui	Framework7Extension2	com/moonsworth/lunar/client/framework/feature/mod/impl/gui/Framework7Extension2.java
com.moonsworth.lunar.client.framework.feature.mod.impl.guiCore	Data2	com/moonsworth/lunar/client/framework/feature/mod/impl/guiCore/Framework7Extension2.java
com.moonsworth.lunar.client.framework.feature.mod.impl.guiCore	Framework7Extension2	com/moonsworth/lunar/client/framework/feature/mod/impl/guiCore/Framework7Extension2.java
com.moonsworth.lunar.client.framework.feature.mod.impl.ultrasequencer	Framework7Extension2	com/moonsworth/lunar/client/framework/feature/mod/impl/ultrasequencer/Framework7Extension2.java
com.moonsworth.lunar.client.framework.feature.mod.mixin	MixinHelper10	com/moonsworth/lunar/client/framework/feature/mod/mixin/MixinHelper10.java
com.moonsworth.lunar.client.framework.feature.mod.mixin	MixinHelper1010	com/moonsworth/lunar/client/framework/feature/mod/mixin/MixinHelper1010.java
com.moonsworth.lunar.client.framework.feature.mod.mixin	MixinHelper1011	com/moonsworth/lunar/client/framework/feature/mod/mixin/MixinHelper1011.java
com.moonsworth.lunar.client.framework.feature.mod.mixin	MixinHelper1012	com/moonsworth/lunar/client/framework/feature/mod/mixin/MixinHelper1012.java
com.moonsworth.lunar.client.framework.feature.mod.mixin	MixinHelper1013	com/moonsworth/lunar/client/framework/feature/mod/mixin/MixinHelper1013.java
com.moonsworth.lunar.client.framework.feature.mod.mixin	MixinHelper102	com/moonsworth/lunar/client/framework/feature/mod/mixin/MixinHelper102.java
com.moonsworth.lunar.client.framework.feature.mod.mixin	MixinHelper103	com/moonsworth/lunar/client/framework/feature/mod/mixin/MixinHelper103.java
com.moonsworth.lunar.client.framework.feature.mod.mixin	MixinHelper104	com/moonsworth/lunar/client/framework/feature/mod/mixin/MixinHelper104.java
com.moonsworth.lunar.client.framework.feature.mod.mixin	MixinHelper105	com/moonsworth/lunar/client/framework/feature/mod/mixin/MixinHelper105.java
com.moonsworth.lunar.client.framework.feature.mod.mixin	MixinHelper106	com/moonsworth/lunar/client/framework/feature/mod/mixin/MixinHelper106.java
com.moonsworth.lunar.client.framework.feature.mod.mixin	MixinHelper107	com/moonsworth/lunar/client/framework/feature/mod/mixin/MixinHelper107.java
com.moonsworth.lunar.client.framework.feature.mod.mixin	MixinHelper108	com/moonsworth/lunar/client/framework/feature/mod/mixin/MixinHelper108.java
com.moonsworth.lunar.client.framework.feature.mod.mixin	MixinHelper109	com/moonsworth/lunar/client/framework/feature/mod/mixin/MixinHelper109.java
com.moonsworth.lunar.client.framework.feature.mod.mixin	MixinHelper2	com/moonsworth/lunar/client/framework/feature/mod/mixin/MixinHelper2.java
com.moonsworth.lunar.client.framework.feature.mod.mixin	MixinHelper3	com/moonsworth/lunar/client/framework/feature/mod/mixin/MixinHelper3.java
com.moonsworth.lunar.client.framework.feature.mod.mixin	MixinHelper4	com/moonsworth/lunar/client/framework/feature/mod/mixin/MixinHelper4.java
com.moonsworth.lunar.client.framework.feature.mod.mixin	MixinHelper5	com/moonsworth/lunar/client/framework/feature/mod/mixin/MixinHelper5.java
com.moonsworth.lunar.client.framework.feature.mod.mixin	MixinHelper6	com/moonsworth/lunar/client/framework/feature/mod/mixin/MixinHelper6.java
com.moonsworth.lunar.client.framework.feature.mod.mixin	MixinHelper7	com/moonsworth/lunar/client/framework/feature/mod/mixin/MixinHelper7.java
com.moonsworth.lunar.client.framework.feature.mod.mixin	MixinHelper8	com/moonsworth/lunar/client/framework/feature/mod/mixin/MixinHelper8.java
com.moonsworth.lunar.client.framework.feature.mod.mixin	MixinHelper9	com/moonsworth/lunar/client/framework/feature/mod/mixin/MixinHelper9.java
com.moonsworth.lunar.client.framework.feature.mod.rewindhandlers	Data13	com/moonsworth/lunar/client/framework/feature/mod/rewindhandlers/Rewindhandlers.java
com.moonsworth.lunar.client.framework.feature.mod.rewindhandlers	Data14	com/moonsworth/lunar/client/framework/feature/mod/rewindhandlers/Rewindhandlers.java
com.moonsworth.lunar.client.framework.feature.mod.rewindhandlers	Data15	com/moonsworth/lunar/client/framework/feature/mod/rewindhandlers/Rewindhandlers.java
com.moonsworth.lunar.client.framework.feature.mod.rewindhandlers	Data2	com/moonsworth/lunar/client/framework/feature/mod/rewindhandlers/HighlightBase.java
com.moonsworth.lunar.client.framework.feature.mod.rewindhandlers	Data2	com/moonsworth/lunar/client/framework/feature/mod/rewindhandlers/HighlightBase2.java
com.moonsworth.lunar.client.framework.feature.mod.rewindhandlers	Data2	com/moonsworth/lunar/client/framework/feature/mod/rewindhandlers/HighlightBase3.java
com.moonsworth.lunar.client.framework.feature.mod.rewindhandlers	Data2	com/moonsworth/lunar/client/framework/feature/mod/rewindhandlers/HighlightBase4.java
com.moonsworth.lunar.client.framework.feature.mod.rewindhandlers	Data2	com/moonsworth/lunar/client/framework/feature/mod/rewindhandlers/HighlightBase5.java
com.moonsworth.lunar.client.framework.feature.mod.rewindhandlers	Data2	com/moonsworth/lunar/client/framework/feature/mod/rewindhandlers/Rewindhandlers2.java
com.moonsworth.lunar.client.framework.feature.mod.rewindhandlers	Data2	com/moonsworth/lunar/client/framework/feature/mod/rewindhandlers/Rewindhandlers3.java
com.moonsworth.lunar.client.framework.feature.mod.rewindhandlers	Data3	com/moonsworth/lunar/client/framework/feature/mod/rewindhandlers/HighlightBase2.java
com.moonsworth.lunar.client.framework.feature.mod.rewindhandlers	Data3	com/moonsworth/lunar/client/framework/feature/mod/rewindhandlers/HighlightBase3.java
com.moonsworth.lunar.client.framework.feature.mod.rewindhandlers	Data3	com/moonsworth/lunar/client/framework/feature/mod/rewindhandlers/Rewindhandlers2.java
com.moonsworth.lunar.client.framework.feature.mod.rewindhandlers	HighlightBase2	com/moonsworth/lunar/client/framework/feature/mod/rewindhandlers/HighlightBase2.java
com.moonsworth.lunar.client.framework.feature.mod.rewindhandlers	HighlightBase3	com/moonsworth/lunar/client/framework/feature/mod/rewindhandlers/HighlightBase3.java
com.moonsworth.lunar.client.framework.feature.mod.rewindhandlers	HighlightBase4	com/moonsworth/lunar/client/framework/feature/mod/rewindhandlers/HighlightBase4.java
com.moonsworth.lunar.client.framework.feature.mod.rewindhandlers	HighlightBase5	com/moonsworth/lunar/client/framework/feature/mod/rewindhandlers/HighlightBase5.java
com.moonsworth.lunar.client.framework.feature.mod.rewindhandlers	HighlightBase_2	com/moonsworth/lunar/client/framework/feature/mod/rewindhandlers/HighlightBase_2.java
com.moonsworth.lunar.client.framework.feature.mod.rewindhandlers	HighlightImpl2	com/moonsworth/lunar/client/framework/feature/mod/rewindhandlers/HighlightImpl2.java
com.moonsworth.lunar.client.framework.feature.mod.rewindhandlers	HighlightImpl3	com/moonsworth/lunar/client/framework/feature/mod/rewindhandlers/HighlightImpl3.java
com.moonsworth.lunar.client.framework.feature.mod.rewindhandlers	HighlightImpl4	com/moonsworth/lunar/client/framework/feature/mod/rewindhandlers/HighlightImpl4.java
com.moonsworth.lunar.client.framework.feature.mod.rewindhandlers	Rewindhandlers2	com/moonsworth/lunar/client/framework/feature/mod/rewindhandlers/Rewindhandlers2.java
com.moonsworth.lunar.client.framework.feature.mod.rewindhandlers	Rewindhandlers3	com/moonsworth/lunar/client/framework/feature/mod/rewindhandlers/Rewindhandlers3.java
com.moonsworth.lunar.client.framework.feature.mod.rewindhandlers	Rewindhandlers_2	com/moonsworth/lunar/client/framework/feature/mod/rewindhandlers/Rewindhandlers_2.java
com.moonsworth.lunar.client.framework.feature.nickhider	Nickhider2	com/moonsworth/lunar/client/framework/feature/nickhider/Nickhider2.java
com.moonsworth.lunar.client.framework.feature.nickhider	Nickhider3	com/moonsworth/lunar/client/framework/feature/nickhider/Nickhider3.java
com.moonsworth.lunar.client.framework.feature.pkg	Pkg2	com/moonsworth/lunar/client/framework/feature/pkg/Pkg2.java
com.moonsworth.lunar.client.framework.feature.pkg	Pkg3	com/moonsworth/lunar/client/framework/feature/pkg/Pkg3.java
com.moonsworth.lunar.client.framework.feature.pkg	Pkg4	com/moonsworth/lunar/client/framework/feature/pkg/Pkg4.java
com.moonsworth.lunar.client.framework.feature.pkg	Pkg5	com/moonsworth/lunar/client/framework/feature/pkg/Pkg5.java
com.moonsworth.lunar.client.framework.feature.pkg	Pkg6	com/moonsworth/lunar/client/framework/feature/pkg/Pkg6.java
com.moonsworth.lunar.client.framework.feature.pkg	Pkg_2	com/moonsworth/lunar/client/framework/feature/pkg/Pkg_2.java
com.moonsworth.lunar.client.framework.feature.pkg.mixin	Data2	com/moonsworth/lunar/client/framework/feature/pkg/mixin/Pkg2.java
com.moonsworth.lunar.client.framework.feature.pkg.mixin	Data2	com/moonsworth/lunar/client/framework/feature/pkg/mixin/Pkg4.java
com.moonsworth.lunar.client.framework.feature.pkg.mixin	Data3	com/moonsworth/lunar/client/framework/feature/pkg/mixin/Pkg4.java
com.moonsworth.lunar.client.framework.feature.pkg.mixin	Data4	com/moonsworth/lunar/client/framework/feature/pkg/mixin/Pkg4.java
com.moonsworth.lunar.client.framework.feature.pkg.mixin	Pkg2	com/moonsworth/lunar/client/framework/feature/pkg/mixin/Pkg2.java
com.moonsworth.lunar.client.framework.feature.pkg.mixin	Pkg3	com/moonsworth/lunar/client/framework/feature/pkg/mixin/Pkg3.java
com.moonsworth.lunar.client.framework.feature.pkg.mixin	Pkg4	com/moonsworth/lunar/client/framework/feature/pkg/mixin/Pkg4.java
com.moonsworth.lunar.client.framework.feature.potioneffects	Potioneffects2	com/moonsworth/lunar/client/framework/feature/potioneffects/Potioneffects2.java
com.moonsworth.lunar.client.framework.feature.potioneffects	Potioneffects3	com/moonsworth/lunar/client/framework/feature/potioneffects/Potioneffects3.java
com.moonsworth.lunar.client.framework.feature.potioneffects	Potioneffects4	com/moonsworth/lunar/client/framework/feature/potioneffects/Potioneffects4.java
com.moonsworth.lunar.client.framework.feature.pvpinfo.pvp	Data3	com/moonsworth/lunar/client/framework/feature/pvpinfo/pvp/Framework7Extension2.java
com.moonsworth.lunar.client.framework.feature.pvpinfo.pvp	Framework7Extension2	com/moonsworth/lunar/client/framework/feature/pvpinfo/pvp/Framework7Extension2.java
com.moonsworth.lunar.client.framework.feature.rewind	Rewind2	com/moonsworth/lunar/client/framework/feature/rewind/Rewind2.java
com.moonsworth.lunar.client.framework.feature.rewind	Rewind3	com/moonsworth/lunar/client/framework/feature/rewind/Rewind3.java
com.moonsworth.lunar.client.framework.feature.rewind	Rewind4	com/moonsworth/lunar/client/framework/feature/rewind/Rewind4.java
com.moonsworth.lunar.client.framework.feature.rewind	RewindImpl2	com/moonsworth/lunar/client/framework/feature/rewind/RewindImpl2.java
com.moonsworth.lunar.client.framework.feature.rewind	RewindIterator2	com/moonsworth/lunar/client/framework/feature/rewind/RewindIterator2.java
com.moonsworth.lunar.client.framework.feature.rewind	RewindIterator22	com/moonsworth/lunar/client/framework/feature/rewind/RewindIterator22.java
com.moonsworth.lunar.client.framework.feature.rewind	RewindIterator23	com/moonsworth/lunar/client/framework/feature/rewind/RewindIterator23.java
com.moonsworth.lunar.client.framework.feature.rewind	RewindIterator_2	com/moonsworth/lunar/client/framework/feature/rewind/RewindIterator_2.java
com.moonsworth.lunar.client.framework.feature.rewind	Rewind_2	com/moonsworth/lunar/client/framework/feature/rewind/Rewind_2.java
com.moonsworth.lunar.client.framework.feature.rewind	Rewind_3	com/moonsworth/lunar/client/framework/feature/rewind/Rewind_3.java
com.moonsworth.lunar.client.framework.feature.rewind	Rewind_4	com/moonsworth/lunar/client/framework/feature/rewind/Rewind_4.java
com.moonsworth.lunar.client.framework.feature.rewind	Rewind_5	com/moonsworth/lunar/client/framework/feature/rewind/Rewind_5.java
com.moonsworth.lunar.client.framework.feature.rewind.fishing	Fishing2	com/moonsworth/lunar/client/framework/feature/rewind/fishing/Fishing2.java
com.moonsworth.lunar.client.framework.feature.rewind.fishing	Fishing3	com/moonsworth/lunar/client/framework/feature/rewind/fishing/Fishing3.java
com.moonsworth.lunar.client.framework.feature.rewind.fishing	Fishing4	com/moonsworth/lunar/client/framework/feature/rewind/fishing/Fishing4.java
com.moonsworth.lunar.client.framework.feature.rewind.gui	Gui2	com/moonsworth/lunar/client/framework/feature/rewind/gui/Gui2.java
com.moonsworth.lunar.client.framework.feature.rewind.gui	Gui2_2	com/moonsworth/lunar/client/framework/feature/rewind/gui/Gui2_2.java
com.moonsworth.lunar.client.framework.feature.rewind.gui	Gui3	com/moonsworth/lunar/client/framework/feature/rewind/gui/Gui3.java
com.moonsworth.lunar.client.framework.feature.rewind.gui	Gui4	com/moonsworth/lunar/client/framework/feature/rewind/gui/Gui4.java
com.moonsworth.lunar.client.framework.feature.rewind.gui	Gui5	com/moonsworth/lunar/client/framework/feature/rewind/gui/Gui5.java
com.moonsworth.lunar.client.framework.feature.rewind.gui	Gui6	com/moonsworth/lunar/client/framework/feature/rewind/gui/Gui6.java
com.moonsworth.lunar.client.framework.feature.rewind.gui	Gui7	com/moonsworth/lunar/client/framework/feature/rewind/gui/Gui7.java
com.moonsworth.lunar.client.framework.feature.rewind.gui	GuiImpl2	com/moonsworth/lunar/client/framework/feature/rewind/gui/GuiImpl2.java
com.moonsworth.lunar.client.framework.feature.rewind.gui	GuiImpl3	com/moonsworth/lunar/client/framework/feature/rewind/gui/GuiImpl3.java
com.moonsworth.lunar.client.framework.feature.rewind.gui	GuiType2	com/moonsworth/lunar/client/framework/feature/rewind/gui/GuiType2.java
com.moonsworth.lunar.client.framework.feature.rewind.gui	GuiType3	com/moonsworth/lunar/client/framework/feature/rewind/gui/GuiType3.java
com.moonsworth.lunar.client.framework.feature.rewind.gui	GuiType4	com/moonsworth/lunar/client/framework/feature/rewind/gui/GuiType4.java
com.moonsworth.lunar.client.framework.feature.rewind.gui	Gui_2	com/moonsworth/lunar/client/framework/feature/rewind/gui/Gui_2.java
com.moonsworth.lunar.client.framework.feature.rewind.highlight	Data2	com/moonsworth/lunar/client/framework/feature/rewind/highlight/Highlight.java
com.moonsworth.lunar.client.framework.feature.rewind.highlight	Highlight2	com/moonsworth/lunar/client/framework/feature/rewind/highlight/Highlight2.java
com.moonsworth.lunar.client.framework.feature.rewind.highlight	Highlight3	com/moonsworth/lunar/client/framework/feature/rewind/highlight/Highlight3.java
com.moonsworth.lunar.client.framework.feature.rewind.highlight	Highlight_2	com/moonsworth/lunar/client/framework/feature/rewind/highlight/Highlight_2.java
com.moonsworth.lunar.client.framework.feature.rewind.highlight	Highlight_3	com/moonsworth/lunar/client/framework/feature/rewind/highlight/Highlight_3.java
com.moonsworth.lunar.client.framework.feature.rewind.highlight	Highlight_4	com/moonsworth/lunar/client/framework/feature/rewind/highlight/Highlight_4.java
com.moonsworth.lunar.client.framework.feature.rewind.highlight.nameplate	Data2	com/moonsworth/lunar/client/framework/feature/rewind/highlight/nameplate/Nameplate2.java
com.moonsworth.lunar.client.framework.feature.rewind.highlight.nameplate	Data3	com/moonsworth/lunar/client/framework/feature/rewind/highlight/nameplate/Nameplate2.java
com.moonsworth.lunar.client.framework.feature.rewind.highlight.nameplate	Nameplate2	com/moonsworth/lunar/client/framework/feature/rewind/highlight/nameplate/Nameplate2.java
com.moonsworth.lunar.client.framework.feature.rewind.highlight.nameplate	Nameplate3	com/moonsworth/lunar/client/framework/feature/rewind/highlight/nameplate/Nameplate3.java
com.moonsworth.lunar.client.framework.feature.rewind.highlight.nameplate	TreeMapImpl2	com/moonsworth/lunar/client/framework/feature/rewind/highlight/nameplate/TreeMapImpl2.java
com.moonsworth.lunar.client.framework.feature.rewind.holograms	Holograms2	com/moonsworth/lunar/client/framework/feature/rewind/holograms/Holograms2.java
com.moonsworth.lunar.client.framework.feature.rewind.holograms	Holograms3	com/moonsworth/lunar/client/framework/feature/rewind/holograms/Holograms3.java
com.moonsworth.lunar.client.framework.feature.rewind.holograms	Holograms4	com/moonsworth/lunar/client/framework/feature/rewind/holograms/Holograms4.java
com.moonsworth.lunar.client.framework.feature.rewind.mixin	Rewind2	com/moonsworth/lunar/client/framework/feature/rewind/mixin/Rewind2.java
com.moonsworth.lunar.client.framework.feature.rewind.mixin	Rewind3	com/moonsworth/lunar/client/framework/feature/rewind/mixin/Rewind3.java
com.moonsworth.lunar.client.framework.feature.rewind.mixin.nameplate	Data2	com/moonsworth/lunar/client/framework/feature/rewind/mixin/nameplate/Nameplate.java
com.moonsworth.lunar.client.framework.feature.rewind.mixin.nameplate	Data3	com/moonsworth/lunar/client/framework/feature/rewind/mixin/nameplate/Nameplate.java
com.moonsworth.lunar.client.framework.feature.rewind.mixin.nameplate	Data4	com/moonsworth/lunar/client/framework/feature/rewind/mixin/nameplate/Nameplate.java
com.moonsworth.lunar.client.framework.feature.rewind.mixin.nameplate	Data5	com/moonsworth/lunar/client/framework/feature/rewind/mixin/nameplate/Nameplate.java
com.moonsworth.lunar.client.framework.feature.rewind.nameplate	Nameplate2	com/moonsworth/lunar/client/framework/feature/rewind/nameplate/Nameplate2.java
com.moonsworth.lunar.client.framework.feature.rewind.nameplate	Nameplate3	com/moonsworth/lunar/client/framework/feature/rewind/nameplate/Nameplate3.java
com.moonsworth.lunar.client.framework.feature.rewind.nameplate	Nameplate_2	com/moonsworth/lunar/client/framework/feature/rewind/nameplate/Nameplate_2.java
com.moonsworth.lunar.client.framework.feature.rewind.rewindhandlers	Data4	com/moonsworth/lunar/client/framework/feature/rewind/rewindhandlers/Rewindhandlers2.java
com.moonsworth.lunar.client.framework.feature.rewind.rewindhandlers	Gui2Extension2	com/moonsworth/lunar/client/framework/feature/rewind/rewindhandlers/Gui2Extension2.java
com.moonsworth.lunar.client.framework.feature.rewind.rewindhandlers	Gui2Extension3	com/moonsworth/lunar/client/framework/feature/rewind/rewindhandlers/Gui2Extension3.java
com.moonsworth.lunar.client.framework.feature.rewind.rewindhandlers	Gui2Extension4	com/moonsworth/lunar/client/framework/feature/rewind/rewindhandlers/Gui2Extension4.java
com.moonsworth.lunar.client.framework.feature.rewind.rewindhandlers	Rewindhandlers2	com/moonsworth/lunar/client/framework/feature/rewind/rewindhandlers/Rewindhandlers2.java
com.moonsworth.lunar.client.framework.feature.rewind.rewindhandlers	Rewindhandlers_2	com/moonsworth/lunar/client/framework/feature/rewind/rewindhandlers/Rewindhandlers_2.java
com.moonsworth.lunar.client.framework.feature.rewind.rewindhandlers	Rewindhandlers_3	com/moonsworth/lunar/client/framework/feature/rewind/rewindhandlers/Rewindhandlers_3.java
com.moonsworth.lunar.client.framework.feature.rewind.rewindhandlers	Rewindhandlers_4	com/moonsworth/lunar/client/framework/feature/rewind/rewindhandlers/Rewindhandlers_4.java
com.moonsworth.lunar.client.framework.feature.rewind.rewindhandlers	Rewindhandlers_5	com/moonsworth/lunar/client/framework/feature/rewind/rewindhandlers/Rewindhandlers_5.java
com.moonsworth.lunar.client.framework.feature.rewind.rewindhandlers	Rewindhandlers_6	com/moonsworth/lunar/client/framework/feature/rewind/rewindhandlers/Rewindhandlers_6.java
com.moonsworth.lunar.client.framework.feature.rewind.rewindhandlers.chest	Chest2	com/moonsworth/lunar/client/framework/feature/rewind/rewindhandlers/chest/Chest2.java
com.moonsworth.lunar.client.framework.feature.rewind.rewindhandlers.click	Click2	com/moonsworth/lunar/client/framework/feature/rewind/rewindhandlers/click/Click2.java
com.moonsworth.lunar.client.framework.feature.rewind.rewindhandlers.colorsaturation	Colorsaturation2	com/moonsworth/lunar/client/framework/feature/rewind/rewindhandlers/colorsaturation/Colorsaturation2.java
com.moonsworth.lunar.client.framework.feature.rewind.rewindhandlers.coordinates	Coordinates2	com/moonsworth/lunar/client/framework/feature/rewind/rewindhandlers/coordinates/Coordinates2.java
com.moonsworth.lunar.client.framework.feature.rewind.rewindhandlers.coordinates	Coordinates3	com/moonsworth/lunar/client/framework/feature/rewind/rewindhandlers/coordinates/Coordinates3.java
com.moonsworth.lunar.client.framework.feature.rewind.rewindhandlers.coordinates	Coordinates4	com/moonsworth/lunar/client/framework/feature/rewind/rewindhandlers/coordinates/Coordinates4.java
com.moonsworth.lunar.client.framework.feature.rewind.rewindhandlers.coordinates	Data2	com/moonsworth/lunar/client/framework/feature/rewind/rewindhandlers/coordinates/Coordinates3.java
com.moonsworth.lunar.client.framework.feature.rewind.rewindhandlers.coordinates	Data3	com/moonsworth/lunar/client/framework/feature/rewind/rewindhandlers/coordinates/Coordinates3.java
com.moonsworth.lunar.client.framework.feature.rewind.rewindhandlers.coordinates	Data4	com/moonsworth/lunar/client/framework/feature/rewind/rewindhandlers/coordinates/Coordinates3.java
com.moonsworth.lunar.client.framework.feature.rewind.rewindhandlers.fishing	Gui2Extension2	com/moonsworth/lunar/client/framework/feature/rewind/rewindhandlers/fishing/Gui2Extension2.java
com.moonsworth.lunar.client.framework.feature.rewind.rewindhandlers.highlight	Highlight2	com/moonsworth/lunar/client/framework/feature/rewind/rewindhandlers/highlight/Highlight2.java
com.moonsworth.lunar.client.framework.feature.rewind.rewindhandlers.highlight	Highlight_2	com/moonsworth/lunar/client/framework/feature/rewind/rewindhandlers/highlight/Highlight_2.java
com.moonsworth.lunar.client.framework.feature.rewind.rewindhandlers.holograms	Holograms2	com/moonsworth/lunar/client/framework/feature/rewind/rewindhandlers/holograms/Holograms2.java
com.moonsworth.lunar.client.framework.feature.rewind.rewindhandlers.mixin	Rewindhandlers2	com/moonsworth/lunar/client/framework/feature/rewind/rewindhandlers/mixin/Rewindhandlers2.java
com.moonsworth.lunar.client.framework.feature.rewind.rewindhandlers.mixin	RewindhandlersImpl2	com/moonsworth/lunar/client/framework/feature/rewind/rewindhandlers/mixin/RewindhandlersImpl2.java
com.moonsworth.lunar.client.framework.feature.rewind.rewindhandlers.nameplate	Nameplate2	com/moonsworth/lunar/client/framework/feature/rewind/rewindhandlers/nameplate/Nameplate2.java
com.moonsworth.lunar.client.framework.feature.rewind.rewindhandlers.nameplate	Nameplate3	com/moonsworth/lunar/client/framework/feature/rewind/rewindhandlers/nameplate/Nameplate3.java
com.moonsworth.lunar.client.framework.feature.rewind.rewindhandlers.nameplate	Nameplate4	com/moonsworth/lunar/client/framework/feature/rewind/rewindhandlers/nameplate/Nameplate4.java
com.moonsworth.lunar.client.framework.feature.rewind.rewindhandlers.nameplate	Nameplate5	com/moonsworth/lunar/client/framework/feature/rewind/rewindhandlers/nameplate/Nameplate5.java
com.moonsworth.lunar.client.framework.feature.rewind.rewindhandlers.nameplate	Nameplate_2	com/moonsworth/lunar/client/framework/feature/rewind/rewindhandlers/nameplate/Nameplate_2.java
com.moonsworth.lunar.client.framework.feature.rewind.rewindhandlers.rewindhandlersCore.mixin	Gui2Extension2	com/moonsworth/lunar/client/framework/feature/rewind/rewindhandlers/rewindhandlersCore/mixin/Gui2Extension2.java
com.moonsworth.lunar.client.framework.feature.rewind.rewindhandlersNameplate	Gui2Extension2	com/moonsworth/lunar/client/framework/feature/rewind/rewindhandlersNameplate/Gui2Extension2.java
com.moonsworth.lunar.client.framework.feature.rewind.rewindhandlersNameplate	Gui2Extension3	com/moonsworth/lunar/client/framework/feature/rewind/rewindhandlersNameplate/Gui2Extension3.java
com.moonsworth.lunar.client.framework.feature.rewind.rewindhandlersNameplate	RewindhandlersNameplate2	com/moonsworth/lunar/client/framework/feature/rewind/rewindhandlersNameplate/RewindhandlersNameplate2.java
com.moonsworth.lunar.client.framework.feature.rewind.rewindhandlersNameplate	RewindhandlersNameplate_2	com/moonsworth/lunar/client/framework/feature/rewind/rewindhandlersNameplate/RewindhandlersNameplate_2.java
com.moonsworth.lunar.client.framework.feature.rewind.rewindhandlersNameplate	RewindhandlersNameplate_3	com/moonsworth/lunar/client/framework/feature/rewind/rewindhandlersNameplate/RewindhandlersNameplate_3.java
com.moonsworth.lunar.client.framework.feature.rewind.rewindhandlersNameplate	RewindhandlersNameplate_4	com/moonsworth/lunar/client/framework/feature/rewind/rewindhandlersNameplate/RewindhandlersNameplate_4.java
com.moonsworth.lunar.client.framework.feature.rewind.rewindhandlersNameplate.mixin	RewindhandlersNameplateImpl2	com/moonsworth/lunar/client/framework/feature/rewind/rewindhandlersNameplate/mixin/RewindhandlersNameplateImpl2.java
com.moonsworth.lunar.client.framework.feature.rewind.rewindhandlersNameplateCore	RewindhandlersNameplateCore2	com/moonsworth/lunar/client/framework/feature/rewind/rewindhandlersNameplateCore/RewindhandlersNameplateCore2.java
com.moonsworth.lunar.client.framework.feature.rewind.rewindhandlersNameplateCore	RewindhandlersNameplateCore3	com/moonsworth/lunar/client/framework/feature/rewind/rewindhandlersNameplateCore/RewindhandlersNameplateCore3.java
com.moonsworth.lunar.client.framework.feature.rewind.rewindhandlersNameplateCore	RewindhandlersNameplateCore4	com/moonsworth/lunar/client/framework/feature/rewind/rewindhandlersNameplateCore/RewindhandlersNameplateCore4.java
com.moonsworth.lunar.client.framework.feature.rewind.rewindhandlersNameplateCore	RewindhandlersNameplateCoreHandler2	com/moonsworth/lunar/client/framework/feature/rewind/rewindhandlersNameplateCore/RewindhandlersNameplateCoreHandler2.java
com.moonsworth.lunar.client.framework.feature.rewind.rewindhandlersNameplateCore	RewindhandlersNameplateCoreIterator2	com/moonsworth/lunar/client/framework/feature/rewind/rewindhandlersNameplateCore/RewindhandlersNameplateCoreIterator2.java
com.moonsworth.lunar.client.framework.feature.rewind.rewindhandlersNameplateCore	RewindhandlersNameplateCoreIterator3	com/moonsworth/lunar/client/framework/feature/rewind/rewindhandlersNameplateCore/RewindhandlersNameplateCoreIterator3.java
com.moonsworth.lunar.client.framework.feature.rewind.rewindhandlersNameplateCore	RewindhandlersNameplateCoreIterator4	com/moonsworth/lunar/client/framework/feature/rewind/rewindhandlersNameplateCore/RewindhandlersNameplateCoreIterator4.java
com.moonsworth.lunar.client.framework.feature.rewind.rewindhandlersNameplateCore	RewindhandlersNameplateCoreIterator5	com/moonsworth/lunar/client/framework/feature/rewind/rewindhandlersNameplateCore/RewindhandlersNameplateCoreIterator5.java
com.moonsworth.lunar.client.framework.feature.rewind.rewindhandlersNameplateCore	RewindhandlersNameplateCoreIterator6	com/moonsworth/lunar/client/framework/feature/rewind/rewindhandlersNameplateCore/RewindhandlersNameplateCoreIterator6.java
com.moonsworth.lunar.client.framework.feature.rewind.rewindhandlersNameplateCore	RewindhandlersNameplateCore_2	com/moonsworth/lunar/client/framework/feature/rewind/rewindhandlersNameplateCore/RewindhandlersNameplateCore_2.java
com.moonsworth.lunar.client.framework.feature.rewind.rewindhandlersNameplateCore	RewindhandlersNameplateCore_3	com/moonsworth/lunar/client/framework/feature/rewind/rewindhandlersNameplateCore/RewindhandlersNameplateCore_3.java
com.moonsworth.lunar.client.framework.feature.rewind.rewindhandlersNameplateCore.mixin	RewindhandlersNameplateCoreImpl10	com/moonsworth/lunar/client/framework/feature/rewind/rewindhandlersNameplateCore/mixin/RewindhandlersNameplateCoreImpl10.java
com.moonsworth.lunar.client.framework.feature.rewind.rewindhandlersNameplateCore.mixin	RewindhandlersNameplateCoreImpl11	com/moonsworth/lunar/client/framework/feature/rewind/rewindhandlersNameplateCore/mixin/RewindhandlersNameplateCoreImpl11.java
com.moonsworth.lunar.client.framework.feature.rewind.rewindhandlersNameplateCore.mixin	RewindhandlersNameplateCoreImpl12	com/moonsworth/lunar/client/framework/feature/rewind/rewindhandlersNameplateCore/mixin/RewindhandlersNameplateCoreImpl12.java
com.moonsworth.lunar.client.framework.feature.rewind.rewindhandlersNameplateCore.mixin	RewindhandlersNameplateCoreImpl13	com/moonsworth/lunar/client/framework/feature/rewind/rewindhandlersNameplateCore/mixin/RewindhandlersNameplateCoreImpl13.java
com.moonsworth.lunar.client.framework.feature.rewind.rewindhandlersNameplateCore.mixin	RewindhandlersNameplateCoreImpl2	com/moonsworth/lunar/client/framework/feature/rewind/rewindhandlersNameplateCore/mixin/RewindhandlersNameplateCoreImpl2.java
com.moonsworth.lunar.client.framework.feature.rewind.rewindhandlersNameplateCore.mixin	RewindhandlersNameplateCoreImpl3	com/moonsworth/lunar/client/framework/feature/rewind/rewindhandlersNameplateCore/mixin/RewindhandlersNameplateCoreImpl3.java
com.moonsworth.lunar.client.framework.feature.rewind.rewindhandlersNameplateCore.mixin	RewindhandlersNameplateCoreImpl4	com/moonsworth/lunar/client/framework/feature/rewind/rewindhandlersNameplateCore/mixin/RewindhandlersNameplateCoreImpl4.java
com.moonsworth.lunar.client.framework.feature.rewind.rewindhandlersNameplateCore.mixin	RewindhandlersNameplateCoreImpl5	com/moonsworth/lunar/client/framework/feature/rewind/rewindhandlersNameplateCore/mixin/RewindhandlersNameplateCoreImpl5.java
com.moonsworth.lunar.client.framework.feature.rewind.rewindhandlersNameplateCore.mixin	RewindhandlersNameplateCoreImpl6	com/moonsworth/lunar/client/framework/feature/rewind/rewindhandlersNameplateCore/mixin/RewindhandlersNameplateCoreImpl6.java
com.moonsworth.lunar.client.framework.feature.rewind.rewindhandlersNameplateCore.mixin	RewindhandlersNameplateCoreImpl7	com/moonsworth/lunar/client/framework/feature/rewind/rewindhandlersNameplateCore/mixin/RewindhandlersNameplateCoreImpl7.java
com.moonsworth.lunar.client.framework.feature.rewind.rewindhandlersNameplateCore.mixin	RewindhandlersNameplateCoreImpl8	com/moonsworth/lunar/client/framework/feature/rewind/rewindhandlersNameplateCore/mixin/RewindhandlersNameplateCoreImpl8.java
com.moonsworth.lunar.client.framework.feature.rewind.rewindhandlersNameplateCore.mixin	RewindhandlersNameplateCoreImpl9	com/moonsworth/lunar/client/framework/feature/rewind/rewindhandlersNameplateCore/mixin/RewindhandlersNameplateCoreImpl9.java
com.moonsworth.lunar.client.framework.feature.saturation	Data2	com/moonsworth/lunar/client/framework/feature/saturation/Saturation2.java
com.moonsworth.lunar.client.framework.feature.saturation	Data3	com/moonsworth/lunar/client/framework/feature/saturation/Saturation2.java
com.moonsworth.lunar.client.framework.feature.saturation	Saturation2	com/moonsworth/lunar/client/framework/feature/saturation/Saturation2.java
com.moonsworth.lunar.client.framework.feature.saturation	Saturation3	com/moonsworth/lunar/client/framework/feature/saturation/Saturation3.java
com.moonsworth.lunar.client.framework.feature.screenshot	Screenshot2	com/moonsworth/lunar/client/framework/feature/screenshot/Screenshot2.java
com.moonsworth.lunar.client.framework.feature.screenshot	ScreenshotThread2	com/moonsworth/lunar/client/framework/feature/screenshot/ScreenshotThread2.java
com.moonsworth.lunar.client.framework.feature.scrollabletooltips	Scrollabletooltips2	com/moonsworth/lunar/client/framework/feature/scrollabletooltips/Scrollabletooltips2.java
com.moonsworth.lunar.client.framework.feature.scrollabletooltips.mixin	ScrollabletooltipsHandler2	com/moonsworth/lunar/client/framework/feature/scrollabletooltips/mixin/ScrollabletooltipsHandler2.java
com.moonsworth.lunar.client.framework.feature.scrollabletooltips.mixin	ScrollabletooltipsHandler3	com/moonsworth/lunar/client/framework/feature/scrollabletooltips/mixin/ScrollabletooltipsHandler3.java
com.moonsworth.lunar.client.framework.feature.soundchanger	Soundchanger2	com/moonsworth/lunar/client/framework/feature/soundchanger/Soundchanger2.java
com.moonsworth.lunar.client.framework.feature.tiertagger	Tiertagger2	com/moonsworth/lunar/client/framework/feature/tiertagger/Tiertagger2.java
com.moonsworth.lunar.client.framework.feature.tiertagger	Tiertagger3	com/moonsworth/lunar/client/framework/feature/tiertagger/Tiertagger3.java
com.moonsworth.lunar.client.framework.feature.tiertagger	Tiertagger4	com/moonsworth/lunar/client/framework/feature/tiertagger/Tiertagger4.java
com.moonsworth.lunar.client.framework.feature.tiertagger	Tiertagger5	com/moonsworth/lunar/client/framework/feature/tiertagger/Tiertagger5.java
com.moonsworth.lunar.client.framework.feature.tiertagger	Tiertagger6	com/moonsworth/lunar/client/framework/feature/tiertagger/Tiertagger6.java
com.moonsworth.lunar.client.framework.feature.tiertagger	Tiertagger_2	com/moonsworth/lunar/client/framework/feature/tiertagger/Tiertagger_2.java
com.moonsworth.lunar.client.framework.feature.tiertagger.mixin	Gui2Extension2	com/moonsworth/lunar/client/framework/feature/tiertagger/mixin/Gui2Extension2.java
com.moonsworth.lunar.client.framework.feature.tiertagger.mixin	LightingExtension4952	com/moonsworth/lunar/client/framework/feature/tiertagger/mixin/LightingExtension4952.java
com.moonsworth.lunar.client.framework.feature.tiertagger.mixin	LightingExtension49522	com/moonsworth/lunar/client/framework/feature/tiertagger/mixin/LightingExtension49522.java
com.moonsworth.lunar.client.framework.feature.titles	Titles2	com/moonsworth/lunar/client/framework/feature/titles/Titles2.java
com.moonsworth.lunar.client.framework.feature.tps	Tps2	com/moonsworth/lunar/client/framework/feature/tps/Tps2.java
com.moonsworth.lunar.client.framework.feature.waila	WailaHandler2	com/moonsworth/lunar/client/framework/feature/waila/WailaHandler2.java
com.moonsworth.lunar.client.framework.feature.waila	WailaHandler3	com/moonsworth/lunar/client/framework/feature/waila/WailaHandler3.java
com.moonsworth.lunar.client.framework.feature.waila	WailaHandler4	com/moonsworth/lunar/client/framework/feature/waila/WailaHandler4.java
com.moonsworth.lunar.client.framework.feature.waila	WailaHandler5	com/moonsworth/lunar/client/framework/feature/waila/WailaHandler5.java
com.moonsworth.lunar.client.framework.feature.waila	WailaHandler6	com/moonsworth/lunar/client/framework/feature/waila/WailaHandler6.java
com.moonsworth.lunar.client.framework.feature.waila	WailaHandler7	com/moonsworth/lunar/client/framework/feature/waila/WailaHandler7.java
com.moonsworth.lunar.client.framework.feature.waila	WailaIterator2	com/moonsworth/lunar/client/framework/feature/waila/WailaIterator2.java
com.moonsworth.lunar.client.framework.feature.waila.mixin	Waila2	com/moonsworth/lunar/client/framework/feature/waila/mixin/Waila2.java
com.moonsworth.lunar.client.framework.feature.waypoints	Gui2Loader_2	com/moonsworth/lunar/client/framework/feature/waypoints/Gui2Loader_2.java
com.moonsworth.lunar.client.framework.feature.waypoints	GuiHandler2	com/moonsworth/lunar/client/framework/feature/waypoints/GuiHandler2.java
com.moonsworth.lunar.client.framework.feature.waypoints	Waypoints2	com/moonsworth/lunar/client/framework/feature/waypoints/Waypoints2.java
com.moonsworth.lunar.client.framework.feature.waypoints.mixin	Gui2Loader2	com/moonsworth/lunar/client/framework/feature/waypoints/mixin/Gui2Loader2.java
com.moonsworth.lunar.client.framework.feature.worldeditcui	Worldeditcui2	com/moonsworth/lunar/client/framework/feature/worldeditcui/Worldeditcui2.java
com.moonsworth.lunar.client.framework.feature.worldeditcui	Worldeditcui_2	com/moonsworth/lunar/client/framework/feature/worldeditcui/Worldeditcui_2.java
com.moonsworth.lunar.client.framework.mod	Framework10	com/moonsworth/lunar/client/framework/mod/Framework10.java
com.moonsworth.lunar.client.framework.mod	Framework11	com/moonsworth/lunar/client/framework/mod/Framework11.java
com.moonsworth.lunar.client.framework.mod	Framework12	com/moonsworth/lunar/client/framework/mod/Framework12.java
com.moonsworth.lunar.client.framework.mod	Framework2	com/moonsworth/lunar/client/framework/mod/Framework2.java
com.moonsworth.lunar.client.framework.mod	Framework4	com/moonsworth/lunar/client/framework/mod/Framework4.java
com.moonsworth.lunar.client.framework.mod	Framework5	com/moonsworth/lunar/client/framework/mod/Framework5.java
com.moonsworth.lunar.client.framework.mod	Framework6	com/moonsworth/lunar/client/framework/mod/Framework6.java
com.moonsworth.lunar.client.framework.mod	Framework7	com/moonsworth/lunar/client/framework/mod/Framework7.java
com.moonsworth.lunar.client.framework.mod	Nameplate10	com/moonsworth/lunar/client/framework/mod/Nameplate10.java
com.moonsworth.lunar.client.framework.mod	Nameplate11	com/moonsworth/lunar/client/framework/mod/Nameplate11.java
com.moonsworth.lunar.client.framework.mod	Nameplate2	com/moonsworth/lunar/client/framework/mod/Nameplate2.java
com.moonsworth.lunar.client.framework.mod	Nameplate3	com/moonsworth/lunar/client/framework/mod/Nameplate3.java
com.moonsworth.lunar.client.framework.mod	Nameplate4	com/moonsworth/lunar/client/framework/mod/Nameplate4.java
com.moonsworth.lunar.client.framework.mod	Nameplate5	com/moonsworth/lunar/client/framework/mod/Nameplate5.java
com.moonsworth.lunar.client.framework.mod	Nameplate6	com/moonsworth/lunar/client/framework/mod/Nameplate6.java
com.moonsworth.lunar.client.framework.mod	Nameplate7	com/moonsworth/lunar/client/framework/mod/Nameplate7.java
com.moonsworth.lunar.client.framework.mod	Nameplate8	com/moonsworth/lunar/client/framework/mod/Nameplate8.java
com.moonsworth.lunar.client.framework.mod	Nameplate9	com/moonsworth/lunar/client/framework/mod/Nameplate9.java
com.moonsworth.lunar.client.gui	Type2	com/moonsworth/lunar/client/gui/HostWorldScreen.java
com.moonsworth.lunar.client.gui	Type3	com/moonsworth/lunar/client/gui/HostWorldScreen.java
com.moonsworth.lunar.client.gui	Type4	com/moonsworth/lunar/client/gui/HostWorldScreen.java
com.moonsworth.lunar.client.guiRewindhandlers	Annotation2	com/moonsworth/lunar/client/guiRewindhandlers/Annotation2.java
com.moonsworth.lunar.client.guiRewindhandlers	Annotation3	com/moonsworth/lunar/client/guiRewindhandlers/Annotation3.java
com.moonsworth.lunar.client.guiRewindhandlers	Data2	com/moonsworth/lunar/client/guiRewindhandlers/GuiRewindhandlersHandler26.java
com.moonsworth.lunar.client.guiRewindhandlers	Data3	com/moonsworth/lunar/client/guiRewindhandlers/GuiRewindhandlersHandler27.java
com.moonsworth.lunar.client.guiRewindhandlers	GuiRewindhandlers2	com/moonsworth/lunar/client/guiRewindhandlers/GuiRewindhandlers2.java
com.moonsworth.lunar.client.guiRewindhandlers	GuiRewindhandlers3	com/moonsworth/lunar/client/guiRewindhandlers/GuiRewindhandlers3.java
com.moonsworth.lunar.client.guiRewindhandlers	GuiRewindhandlersHandler22	com/moonsworth/lunar/client/guiRewindhandlers/GuiRewindhandlersHandler22.java
com.moonsworth.lunar.client.guiRewindhandlers	GuiRewindhandlersHandler23	com/moonsworth/lunar/client/guiRewindhandlers/GuiRewindhandlersHandler23.java
com.moonsworth.lunar.client.guiRewindhandlers	GuiRewindhandlersHandler24	com/moonsworth/lunar/client/guiRewindhandlers/GuiRewindhandlersHandler24.java
com.moonsworth.lunar.client.guiRewindhandlers	GuiRewindhandlersHandler25	com/moonsworth/lunar/client/guiRewindhandlers/GuiRewindhandlersHandler25.java
com.moonsworth.lunar.client.guiRewindhandlers	GuiRewindhandlersHandler26	com/moonsworth/lunar/client/guiRewindhandlers/GuiRewindhandlersHandler26.java
com.moonsworth.lunar.client.guiRewindhandlers	GuiRewindhandlersHandler27	com/moonsworth/lunar/client/guiRewindhandlers/GuiRewindhandlersHandler27.java
com.moonsworth.lunar.client.guiRewindhandlers	GuiRewindhandlersHandler28	com/moonsworth/lunar/client/guiRewindhandlers/GuiRewindhandlersHandler28.java
com.moonsworth.lunar.client.guiRewindhandlers	GuiRewindhandlersHandler29	com/moonsworth/lunar/client/guiRewindhandlers/GuiRewindhandlersHandler29.java
com.moonsworth.lunar.client.guiRewindhandlers	GuiRewindhandlersHandler2_2	com/moonsworth/lunar/client/guiRewindhandlers/GuiRewindhandlersHandler2_2.java
com.moonsworth.lunar.client.guiRewindhandlers	GuiRewindhandlersHandler3	com/moonsworth/lunar/client/guiRewindhandlers/GuiRewindhandlersHandler3.java
com.moonsworth.lunar.client.guiRewindhandlers	GuiRewindhandlers_2	com/moonsworth/lunar/client/guiRewindhandlers/GuiRewindhandlers_2.java
com.moonsworth.lunar.client.guiRewindhandlers.mixin	GuiRewindhandlers2	com/moonsworth/lunar/client/guiRewindhandlers/mixin/GuiRewindhandlers2.java
com.moonsworth.lunar.client.guiRewindhandlers.mixin	GuiRewindhandlers3	com/moonsworth/lunar/client/guiRewindhandlers/mixin/GuiRewindhandlers3.java
com.moonsworth.lunar.client.guiRewindhandlers.mixin	GuiRewindhandlers4	com/moonsworth/lunar/client/guiRewindhandlers/mixin/GuiRewindhandlers4.java
com.moonsworth.lunar.client.guiRewindhandlers.mixin	GuiRewindhandlers5	com/moonsworth/lunar/client/guiRewindhandlers/mixin/GuiRewindhandlers5.java
com.moonsworth.lunar.client.guiRewindhandlers.mixin	GuiRewindhandlers6	com/moonsworth/lunar/client/guiRewindhandlers/mixin/GuiRewindhandlers6.java
com.moonsworth.lunar.client.guiRewindhandlers.nameplate	Data9	com/moonsworth/lunar/client/guiRewindhandlers/nameplate/Nameplate.java
com.moonsworth.lunar.client.guiRewindhandlers.nameplate	Nameplate2	com/moonsworth/lunar/client/guiRewindhandlers/nameplate/Nameplate2.java
com.moonsworth.lunar.client.guiRewindhandlers.nameplate	Nameplate3	com/moonsworth/lunar/client/guiRewindhandlers/nameplate/Nameplate3.java
com.moonsworth.lunar.client.guiRewindhandlers.rewindhandlers	GuiRewindhandlersHandler2	com/moonsworth/lunar/client/guiRewindhandlers/rewindhandlers/GuiRewindhandlersHandler2.java
com.moonsworth.lunar.client.guiRewindhandlers.rewindhandlers	GuiRewindhandlersHandler22	com/moonsworth/lunar/client/guiRewindhandlers/rewindhandlers/GuiRewindhandlersHandler22.java
com.moonsworth.lunar.client.guiRewindhandlers.rewindhandlers	Rewindhandlers2	com/moonsworth/lunar/client/guiRewindhandlers/rewindhandlers/Rewindhandlers2.java
com.moonsworth.lunar.client.guiRewindhandlers.rewindhandlers	Rewindhandlers3	com/moonsworth/lunar/client/guiRewindhandlers/rewindhandlers/Rewindhandlers3.java
com.moonsworth.lunar.client.heightlimit	Heightlimit2	com/moonsworth/lunar/client/heightlimit/Heightlimit2.java
com.moonsworth.lunar.client.highlight	HighlightImpl_3	com/moonsworth/lunar/client/highlight/HighlightImpl_3.java
com.moonsworth.lunar.client.inventorymod	Inventorymod2	com/moonsworth/lunar/client/inventorymod/Inventorymod2.java
com.moonsworth.lunar.client.inventorymod	Inventorymod3	com/moonsworth/lunar/client/inventorymod/Inventorymod3.java
com.moonsworth.lunar.client.itemcounter	Data2	com/moonsworth/lunar/client/itemcounter/Itemcounter.java
com.moonsworth.lunar.client.itemcounter	Data3	com/moonsworth/lunar/client/itemcounter/Itemcounter.java
com.moonsworth.lunar.client.itemcounter	Type4	com/moonsworth/lunar/client/itemcounter/Itemcounter.java
com.moonsworth.lunar.client.itemphysics.mixin	Itemphysics2	com/moonsworth/lunar/client/itemphysics/mixin/Itemphysics2.java
com.moonsworth.lunar.client.itemphysics.mixin	Itemphysics3	com/moonsworth/lunar/client/itemphysics/mixin/Itemphysics3.java
com.moonsworth.lunar.client.keystrokes	Keystrokes2	com/moonsworth/lunar/client/keystrokes/Keystrokes2.java
com.moonsworth.lunar.client.keystrokes	Keystrokes3	com/moonsworth/lunar/client/keystrokes/Keystrokes3.java
com.moonsworth.lunar.client.mixin	EntityFXMixin2	com/moonsworth/lunar/client/mixin/EntityFXMixin2.java
com.moonsworth.lunar.client.mixin	EntityRenderer2	com/moonsworth/lunar/client/mixin/EntityRenderer2.java
com.moonsworth.lunar.client.mixin	EntityRenderer3	com/moonsworth/lunar/client/mixin/EntityRenderer3.java
com.moonsworth.lunar.client.mixin	EntityRenderer4	com/moonsworth/lunar/client/mixin/EntityRenderer4.java
com.moonsworth.lunar.client.mixin	EntityRenderer5	com/moonsworth/lunar/client/mixin/EntityRenderer5.java
com.moonsworth.lunar.client.mixin	EntityRenderer6	com/moonsworth/lunar/client/mixin/EntityRenderer6.java
com.moonsworth.lunar.client.mixin	EntityRendererMixin2	com/moonsworth/lunar/client/mixin/EntityRendererMixin2.java
com.moonsworth.lunar.client.mixin	EntityRendererMixin3	com/moonsworth/lunar/client/mixin/EntityRendererMixin3.java
com.moonsworth.lunar.client.mixin	EntityRendererType2	com/moonsworth/lunar/client/mixin/EntityRendererType2.java
com.moonsworth.lunar.client.mixin	TextureMapMixin2	com/moonsworth/lunar/client/mixin/TextureMapMixin2.java
com.moonsworth.lunar.client.mixin	TextureMapMixin3	com/moonsworth/lunar/client/mixin/TextureMapMixin3.java
com.moonsworth.lunar.client.mod.hud.directionhud	Data2	com/moonsworth/lunar/client/mod/hud/directionhud/DirectionHud.java
com.moonsworth.lunar.client.mod.hud.waila	Data2	com/moonsworth/lunar/client/mod/hud/waila/Waila.java
com.moonsworth.lunar.client.mod.misc.itemtracker	Data2	com/moonsworth/lunar/client/mod/misc/itemtracker/ItemTracker.java
com.moonsworth.lunar.client.mod.misc.rewind	RewindHandlers2	com/moonsworth/lunar/client/mod/misc/rewind/RewindHandlers2.java
com.moonsworth.lunar.client.mod.misc.rewind	RewindHandlers3	com/moonsworth/lunar/client/mod/misc/rewind/RewindHandlers3.java
com.moonsworth.lunar.client.mod.misc.rewind	RewindHandlers4	com/moonsworth/lunar/client/mod/misc/rewind/RewindHandlers4.java
com.moonsworth.lunar.client.mod.misc.rewind	RewindHandlers5	com/moonsworth/lunar/client/mod/misc/rewind/RewindHandlers5.java
com.moonsworth.lunar.client.mod.render.heightlimit	Type2	com/moonsworth/lunar/client/mod/render/heightlimit/HeightLimit.java
com.moonsworth.lunar.client.mod.render.heightlimit	Type3	com/moonsworth/lunar/client/mod/render/heightlimit/HeightLimit.java
com.moonsworth.lunar.client.mod.render.markers	Type2	com/moonsworth/lunar/client/mod/render/markers/Markers.java
com.moonsworth.lunar.client.mod.render.markers	Type3	com/moonsworth/lunar/client/mod/render/markers/Markers.java
com.moonsworth.lunar.client.mod.render.minimap	Type2	com/moonsworth/lunar/client/mod/render/minimap/Minimap.java
com.moonsworth.lunar.client.mod.render.minimap	Type3	com/moonsworth/lunar/client/mod/render/minimap/Minimap.java
com.moonsworth.lunar.client.mod.render.potioneffects	Type2	com/moonsworth/lunar/client/mod/render/potioneffects/PotionEffects.java
com.moonsworth.lunar.client.mod.skyblock.dungeonpuzzles	Type2	com/moonsworth/lunar/client/mod/skyblock/dungeonpuzzles/SkyblockTicTacToe.java
com.moonsworth.lunar.client.mod.skyblock.visitorprofit	Data2	com/moonsworth/lunar/client/mod/skyblock/visitorprofit/SkyblockVisitorProfit.java
com.moonsworth.lunar.client.network.apollo	Data23	com/moonsworth/lunar/client/network/apollo/ApolloButtonRenderer.java
com.moonsworth.lunar.client.network.apollo	Type3	com/moonsworth/lunar/client/network/apollo/ApolloButtonRenderer.java
com.moonsworth.lunar.client.network.server	Data2	com/moonsworth/lunar/client/network/server/ServerPinger.java
com.moonsworth.lunar.client.pkg	Data3	com/moonsworth/lunar/client/pkg/Pkg2.java
com.moonsworth.lunar.client.pkg	Pkg2	com/moonsworth/lunar/client/pkg/Pkg2.java
com.moonsworth.lunar.client.pkg	Pkg3	com/moonsworth/lunar/client/pkg/Pkg3.java
com.moonsworth.lunar.client.pkg	Pkg4	com/moonsworth/lunar/client/pkg/Pkg4.java
com.moonsworth.lunar.client.pkg	Pkg5	com/moonsworth/lunar/client/pkg/Pkg5.java
com.moonsworth.lunar.client.pkg	Pkg6	com/moonsworth/lunar/client/pkg/Pkg6.java
com.moonsworth.lunar.client.render	Click7	com/moonsworth/lunar/client/render/Click7.java
com.moonsworth.lunar.client.render	Data2	com/moonsworth/lunar/client/render/MatrixStack.java
com.moonsworth.lunar.client.render	Data2	com/moonsworth/lunar/client/render/OpenGlInfo.java
com.moonsworth.lunar.client.render	Data2	com/moonsworth/lunar/client/render/SvgTextureRenderer.java
com.moonsworth.lunar.client.render	Data3	com/moonsworth/lunar/client/render/OpenGlInfo.java
com.moonsworth.lunar.client.render	Data4	com/moonsworth/lunar/client/render/OpenGlInfo.java
com.moonsworth.lunar.client.render	Type2	com/moonsworth/lunar/client/render/OpenGlInfo.java
com.moonsworth.lunar.client.render.font	Data2	com/moonsworth/lunar/client/render/font/CachedFontImpl.java
com.moonsworth.lunar.client.render.jit	Data6	com/moonsworth/lunar/client/render/jit/JitResource.java
com.moonsworth.lunar.client.render.shader	Data2	com/moonsworth/lunar/client/render/shader/ShaderKey.java
com.moonsworth.lunar.client.render.shader	Data2	com/moonsworth/lunar/client/render/shader/ShaderUniform.java
com.moonsworth.lunar.client.render.shader	Data3	com/moonsworth/lunar/client/render/shader/ShaderKey.java
com.moonsworth.lunar.client.render.texture	Alert4	com/moonsworth/lunar/client/render/texture/Alert4.java
com.moonsworth.lunar.client.render.texture	Data2	com/moonsworth/lunar/client/render/texture/NativeImageBuilder.java
com.moonsworth.lunar.client.render.texture	Data2	com/moonsworth/lunar/client/render/texture/VanillaTextureIndex.java
com.moonsworth.lunar.client.render.texture	Data3	com/moonsworth/lunar/client/render/texture/AnimatedSprite.java
com.moonsworth.lunar.client.render.texture	Data4	com/moonsworth/lunar/client/render/texture/AnimatedSprite.java
com.moonsworth.lunar.client.render.turbo	Type2	com/moonsworth/lunar/client/render/turbo/BoneTransformTable.java
com.moonsworth.lunar.client.rewindhandlers	Rewindhandlers2	com/moonsworth/lunar/client/rewindhandlers/Rewindhandlers2.java
com.moonsworth.lunar.client.rewindhandlers	Rewindhandlers3	com/moonsworth/lunar/client/rewindhandlers/Rewindhandlers3.java
com.moonsworth.lunar.client.ui	Data2	com/moonsworth/lunar/client/ui/Click2Base.java
com.moonsworth.lunar.client.ui.hud	Data2	com/moonsworth/lunar/client/ui/hud/HudEditorOverlay.java
com.moonsworth.lunar.client.ui.hud	Data2	com/moonsworth/lunar/client/ui/hud/MixinCore5Iterator.java
com.moonsworth.lunar.client.ui.hud	Data3	com/moonsworth/lunar/client/ui/hud/HudEditor.java
com.moonsworth.lunar.client.ui.hud	MixinCore2	com/moonsworth/lunar/client/ui/hud/MixinCore2.java
com.moonsworth.lunar.client.ui.hud	MixinCore3	com/moonsworth/lunar/client/ui/hud/MixinCore3.java
com.moonsworth.lunar.client.ui.hud	MixinCore5	com/moonsworth/lunar/client/ui/hud/MixinCore5.java
com.moonsworth.lunar.client.ui.hud	MixinCore5Handler2	com/moonsworth/lunar/client/ui/hud/MixinCore5Handler2.java
com.moonsworth.lunar.client.ui.hud	MixinCore5Handler2_2	com/moonsworth/lunar/client/ui/hud/MixinCore5Handler2_2.java
com.moonsworth.lunar.client.ui.hud	MixinCore5Handler2_3	com/moonsworth/lunar/client/ui/hud/MixinCore5Handler2_3.java
com.moonsworth.lunar.client.ui.hud	MixinCore5Handler4	com/moonsworth/lunar/client/ui/hud/MixinCore5Handler4.java
com.moonsworth.lunar.client.ui.hud	MixinCore5Handler_2	com/moonsworth/lunar/client/ui/hud/MixinCore5Handler_2.java
com.moonsworth.lunar.client.ui.hud	MixinCore5Impl2	com/moonsworth/lunar/client/ui/hud/MixinCore5Impl2.java
com.moonsworth.lunar.client.ui.hud	MixinCore5Impl3	com/moonsworth/lunar/client/ui/hud/MixinCore5Impl3.java
com.moonsworth.lunar.client.ui.hud	MixinCore6	com/moonsworth/lunar/client/ui/hud/MixinCore6.java
com.moonsworth.lunar.client.ui.hud	MixinCore7	com/moonsworth/lunar/client/ui/hud/MixinCore7.java
com.moonsworth.lunar.client.ui.hud.row	Hitbox2	com/moonsworth/lunar/client/ui/hud/row/Hitbox2.java
com.moonsworth.lunar.client.ui.mainmenu	Data2	com/moonsworth/lunar/client/ui/mainmenu/SeasonalThemeHandler.java
com.moonsworth.lunar.client.ui.mainmenu	Data3	com/moonsworth/lunar/client/ui/mainmenu/SeasonalThemeHandler.java
com.moonsworth.lunar.client.ui.mainmenu	Data4	com/moonsworth/lunar/client/ui/mainmenu/SeasonalThemeHandler.java
com.moonsworth.lunar.client.ui.mainmenu	Data5	com/moonsworth/lunar/client/ui/mainmenu/SeasonalThemeHandler.java
com.moonsworth.lunar.client.ui.mainmenu	Data6	com/moonsworth/lunar/client/ui/mainmenu/SeasonalThemeHandler.java
com.moonsworth.lunar.client.util	Annotation2	com/moonsworth/lunar/client/util/Annotation2.java
com.moonsworth.lunar.client.util	Annotation3	com/moonsworth/lunar/client/util/Annotation3.java
com.moonsworth.lunar.client.util	Annotation4	com/moonsworth/lunar/client/util/Annotation4.java
com.moonsworth.lunar.client.util	Annotation5	com/moonsworth/lunar/client/util/Annotation5.java
com.moonsworth.lunar.client.util	Annotation6	com/moonsworth/lunar/client/util/Annotation6.java
com.moonsworth.lunar.client.util	Annotation7	com/moonsworth/lunar/client/util/Annotation7.java
com.moonsworth.lunar.client.util	Data2	com/moonsworth/lunar/client/util/MixinHelper23.java
com.moonsworth.lunar.client.util	Data2	com/moonsworth/lunar/client/util/MixinHelper25.java
com.moonsworth.lunar.client.util	Data2	com/moonsworth/lunar/client/util/ThreadModuleDump17.java
com.moonsworth.lunar.client.util	Data2	com/moonsworth/lunar/client/util/ThreadModuleDump18.java
com.moonsworth.lunar.client.util	Data2	com/moonsworth/lunar/client/util/ThreadModuleDump47.java
com.moonsworth.lunar.client.util	Data2	com/moonsworth/lunar/client/util/ThreadModuleDumpType5.java
com.moonsworth.lunar.client.util	Data3	com/moonsworth/lunar/client/util/MixinHelper23.java
com.moonsworth.lunar.client.util	Data3	com/moonsworth/lunar/client/util/ThreadModuleDump18.java
com.moonsworth.lunar.client.util	Data3	com/moonsworth/lunar/client/util/ThreadModuleDumpType5.java
com.moonsworth.lunar.client.util	Data4	com/moonsworth/lunar/client/util/ThreadModuleDump18.java
com.moonsworth.lunar.client.util	Data4	com/moonsworth/lunar/client/util/ThreadModuleDumpType5.java
com.moonsworth.lunar.client.util	Data5	com/moonsworth/lunar/client/util/ThreadModuleDump18.java
com.moonsworth.lunar.client.util	Data5	com/moonsworth/lunar/client/util/ThreadModuleDumpType5.java
com.moonsworth.lunar.client.util	Data6	com/moonsworth/lunar/client/util/ThreadModuleDump18.java
com.moonsworth.lunar.client.util	Extension2	com/moonsworth/lunar/client/util/ThreadModuleDump77.java
com.moonsworth.lunar.client.util	Extension3	com/moonsworth/lunar/client/util/ThreadModuleDump77.java
com.moonsworth.lunar.client.util	Extension4	com/moonsworth/lunar/client/util/ThreadModuleDump77.java
com.moonsworth.lunar.client.util	InputStreamLoader2	com/moonsworth/lunar/client/util/InputStreamLoader2.java
com.moonsworth.lunar.client.util	MixinHelper2	com/moonsworth/lunar/client/util/MixinHelper2.java
com.moonsworth.lunar.client.util	MixinHelper22	com/moonsworth/lunar/client/util/MixinHelper22.java
com.moonsworth.lunar.client.util	MixinHelper223	com/moonsworth/lunar/client/util/MixinHelper223.java
com.moonsworth.lunar.client.util	MixinHelper224	com/moonsworth/lunar/client/util/MixinHelper224.java
com.moonsworth.lunar.client.util	MixinHelper23	com/moonsworth/lunar/client/util/MixinHelper23.java
com.moonsworth.lunar.client.util	MixinHelper24	com/moonsworth/lunar/client/util/MixinHelper24.java
com.moonsworth.lunar.client.util	MixinHelper25	com/moonsworth/lunar/client/util/MixinHelper25.java
com.moonsworth.lunar.client.util	ThreadModuleDump10	com/moonsworth/lunar/client/util/ThreadModuleDump10.java
com.moonsworth.lunar.client.util	ThreadModuleDump11	com/moonsworth/lunar/client/util/ThreadModuleDump11.java
com.moonsworth.lunar.client.util	ThreadModuleDump12	com/moonsworth/lunar/client/util/ThreadModuleDump12.java
com.moonsworth.lunar.client.util	ThreadModuleDump13	com/moonsworth/lunar/client/util/ThreadModuleDump13.java
com.moonsworth.lunar.client.util	ThreadModuleDump14	com/moonsworth/lunar/client/util/ThreadModuleDump14.java
com.moonsworth.lunar.client.util	ThreadModuleDump15	com/moonsworth/lunar/client/util/ThreadModuleDump15.java
com.moonsworth.lunar.client.util	ThreadModuleDump17	com/moonsworth/lunar/client/util/ThreadModuleDump17.java
com.moonsworth.lunar.client.util	ThreadModuleDump18	com/moonsworth/lunar/client/util/ThreadModuleDump18.java
com.moonsworth.lunar.client.util	ThreadModuleDump19	com/moonsworth/lunar/client/util/ThreadModuleDump19.java
com.moonsworth.lunar.client.util	ThreadModuleDump2	com/moonsworth/lunar/client/util/ThreadModuleDump2.java
com.moonsworth.lunar.client.util	ThreadModuleDump20	com/moonsworth/lunar/client/util/ThreadModuleDump20.java
com.moonsworth.lunar.client.util	ThreadModuleDump21	com/moonsworth/lunar/client/util/ThreadModuleDump21.java
com.moonsworth.lunar.client.util	ThreadModuleDump22	com/moonsworth/lunar/client/util/ThreadModuleDump22.java
com.moonsworth.lunar.client.util	ThreadModuleDump23	com/moonsworth/lunar/client/util/ThreadModuleDump23.java
com.moonsworth.lunar.client.util	ThreadModuleDump24	com/moonsworth/lunar/client/util/ThreadModuleDump24.java
com.moonsworth.lunar.client.util	ThreadModuleDump25	com/moonsworth/lunar/client/util/ThreadModuleDump25.java
com.moonsworth.lunar.client.util	ThreadModuleDump26	com/moonsworth/lunar/client/util/ThreadModuleDump26.java
com.moonsworth.lunar.client.util	ThreadModuleDump27	com/moonsworth/lunar/client/util/ThreadModuleDump27.java
com.moonsworth.lunar.client.util	ThreadModuleDump28	com/moonsworth/lunar/client/util/ThreadModuleDump28.java
com.moonsworth.lunar.client.util	ThreadModuleDump29	com/moonsworth/lunar/client/util/ThreadModuleDump29.java
com.moonsworth.lunar.client.util	ThreadModuleDump3	com/moonsworth/lunar/client/util/ThreadModuleDump3.java
com.moonsworth.lunar.client.util	ThreadModuleDump30	com/moonsworth/lunar/client/util/ThreadModuleDump30.java
com.moonsworth.lunar.client.util	ThreadModuleDump31	com/moonsworth/lunar/client/util/ThreadModuleDump31.java
com.moonsworth.lunar.client.util	ThreadModuleDump32	com/moonsworth/lunar/client/util/ThreadModuleDump32.java
com.moonsworth.lunar.client.util	ThreadModuleDump33	com/moonsworth/lunar/client/util/ThreadModuleDump33.java
com.moonsworth.lunar.client.util	ThreadModuleDump34	com/moonsworth/lunar/client/util/ThreadModuleDump34.java
com.moonsworth.lunar.client.util	ThreadModuleDump36	com/moonsworth/lunar/client/util/ThreadModuleDump36.java
com.moonsworth.lunar.client.util	ThreadModuleDump37	com/moonsworth/lunar/client/util/ThreadModuleDump37.java
com.moonsworth.lunar.client.util	ThreadModuleDump38	com/moonsworth/lunar/client/util/ThreadModuleDump38.java
com.moonsworth.lunar.client.util	ThreadModuleDump4	com/moonsworth/lunar/client/util/ThreadModuleDump4.java
com.moonsworth.lunar.client.util	ThreadModuleDump40	com/moonsworth/lunar/client/util/ThreadModuleDump40.java
com.moonsworth.lunar.client.util	ThreadModuleDump41	com/moonsworth/lunar/client/util/ThreadModuleDump41.java
com.moonsworth.lunar.client.util	ThreadModuleDump42	com/moonsworth/lunar/client/util/ThreadModuleDump42.java
com.moonsworth.lunar.client.util	ThreadModuleDump43	com/moonsworth/lunar/client/util/ThreadModuleDump43.java
com.moonsworth.lunar.client.util	ThreadModuleDump44	com/moonsworth/lunar/client/util/ThreadModuleDump44.java
com.moonsworth.lunar.client.util	ThreadModuleDump45	com/moonsworth/lunar/client/util/ThreadModuleDump45.java
com.moonsworth.lunar.client.util	ThreadModuleDump46	com/moonsworth/lunar/client/util/ThreadModuleDump46.java
com.moonsworth.lunar.client.util	ThreadModuleDump47	com/moonsworth/lunar/client/util/ThreadModuleDump47.java
com.moonsworth.lunar.client.util	ThreadModuleDump48	com/moonsworth/lunar/client/util/ThreadModuleDump48.java
com.moonsworth.lunar.client.util	ThreadModuleDump49	com/moonsworth/lunar/client/util/ThreadModuleDump49.java
com.moonsworth.lunar.client.util	ThreadModuleDump5	com/moonsworth/lunar/client/util/ThreadModuleDump5.java
com.moonsworth.lunar.client.util	ThreadModuleDump50	com/moonsworth/lunar/client/util/ThreadModuleDump50.java
com.moonsworth.lunar.client.util	ThreadModuleDump51	com/moonsworth/lunar/client/util/ThreadModuleDump51.java
com.moonsworth.lunar.client.util	ThreadModuleDump52	com/moonsworth/lunar/client/util/ThreadModuleDump52.java
com.moonsworth.lunar.client.util	ThreadModuleDump53	com/moonsworth/lunar/client/util/ThreadModuleDump53.java
com.moonsworth.lunar.client.util	ThreadModuleDump54	com/moonsworth/lunar/client/util/ThreadModuleDump54.java
com.moonsworth.lunar.client.util	ThreadModuleDump55	com/moonsworth/lunar/client/util/ThreadModuleDump55.java
com.moonsworth.lunar.client.util	ThreadModuleDump56	com/moonsworth/lunar/client/util/ThreadModuleDump56.java
com.moonsworth.lunar.client.util	ThreadModuleDump57	com/moonsworth/lunar/client/util/ThreadModuleDump57.java
com.moonsworth.lunar.client.util	ThreadModuleDump58	com/moonsworth/lunar/client/util/ThreadModuleDump58.java
com.moonsworth.lunar.client.util	ThreadModuleDump59	com/moonsworth/lunar/client/util/ThreadModuleDump59.java
com.moonsworth.lunar.client.util	ThreadModuleDump6	com/moonsworth/lunar/client/util/ThreadModuleDump6.java
com.moonsworth.lunar.client.util	ThreadModuleDump60	com/moonsworth/lunar/client/util/ThreadModuleDump60.java
com.moonsworth.lunar.client.util	ThreadModuleDump61	com/moonsworth/lunar/client/util/ThreadModuleDump61.java
com.moonsworth.lunar.client.util	ThreadModuleDump62	com/moonsworth/lunar/client/util/ThreadModuleDump62.java
com.moonsworth.lunar.client.util	ThreadModuleDump63	com/moonsworth/lunar/client/util/ThreadModuleDump63.java
com.moonsworth.lunar.client.util	ThreadModuleDump64	com/moonsworth/lunar/client/util/ThreadModuleDump64.java
com.moonsworth.lunar.client.util	ThreadModuleDump65	com/moonsworth/lunar/client/util/ThreadModuleDump65.java
com.moonsworth.lunar.client.util	ThreadModuleDump66	com/moonsworth/lunar/client/util/ThreadModuleDump66.java
com.moonsworth.lunar.client.util	ThreadModuleDump67	com/moonsworth/lunar/client/util/ThreadModuleDump67.java
com.moonsworth.lunar.client.util	ThreadModuleDump68	com/moonsworth/lunar/client/util/ThreadModuleDump68.java
com.moonsworth.lunar.client.util	ThreadModuleDump69	com/moonsworth/lunar/client/util/ThreadModuleDump69.java
com.moonsworth.lunar.client.util	ThreadModuleDump7	com/moonsworth/lunar/client/util/ThreadModuleDump7.java
com.moonsworth.lunar.client.util	ThreadModuleDump70	com/moonsworth/lunar/client/util/ThreadModuleDump70.java
com.moonsworth.lunar.client.util	ThreadModuleDump71	com/moonsworth/lunar/client/util/ThreadModuleDump71.java
com.moonsworth.lunar.client.util	ThreadModuleDump72	com/moonsworth/lunar/client/util/ThreadModuleDump72.java
com.moonsworth.lunar.client.util	ThreadModuleDump73	com/moonsworth/lunar/client/util/ThreadModuleDump73.java
com.moonsworth.lunar.client.util	ThreadModuleDump75	com/moonsworth/lunar/client/util/ThreadModuleDump75.java
com.moonsworth.lunar.client.util	ThreadModuleDump76	com/moonsworth/lunar/client/util/ThreadModuleDump76.java
com.moonsworth.lunar.client.util	ThreadModuleDump77	com/moonsworth/lunar/client/util/ThreadModuleDump77.java
com.moonsworth.lunar.client.util	ThreadModuleDump78	com/moonsworth/lunar/client/util/ThreadModuleDump78.java
com.moonsworth.lunar.client.util	ThreadModuleDump79	com/moonsworth/lunar/client/util/ThreadModuleDump79.java
com.moonsworth.lunar.client.util	ThreadModuleDump8	com/moonsworth/lunar/client/util/ThreadModuleDump8.java
com.moonsworth.lunar.client.util	ThreadModuleDump80	com/moonsworth/lunar/client/util/ThreadModuleDump80.java
com.moonsworth.lunar.client.util	ThreadModuleDump81	com/moonsworth/lunar/client/util/ThreadModuleDump81.java
com.moonsworth.lunar.client.util	ThreadModuleDump82	com/moonsworth/lunar/client/util/ThreadModuleDump82.java
com.moonsworth.lunar.client.util	ThreadModuleDump83	com/moonsworth/lunar/client/util/ThreadModuleDump83.java
com.moonsworth.lunar.client.util	ThreadModuleDump84	com/moonsworth/lunar/client/util/ThreadModuleDump84.java
com.moonsworth.lunar.client.util	ThreadModuleDump85	com/moonsworth/lunar/client/util/ThreadModuleDump85.java
com.moonsworth.lunar.client.util	ThreadModuleDump86	com/moonsworth/lunar/client/util/ThreadModuleDump86.java
com.moonsworth.lunar.client.util	ThreadModuleDump87	com/moonsworth/lunar/client/util/ThreadModuleDump87.java
com.moonsworth.lunar.client.util	ThreadModuleDump88	com/moonsworth/lunar/client/util/ThreadModuleDump88.java
com.moonsworth.lunar.client.util	ThreadModuleDump89	com/moonsworth/lunar/client/util/ThreadModuleDump89.java
com.moonsworth.lunar.client.util	ThreadModuleDump90	com/moonsworth/lunar/client/util/ThreadModuleDump90.java
com.moonsworth.lunar.client.util	ThreadModuleDump92	com/moonsworth/lunar/client/util/ThreadModuleDump92.java
com.moonsworth.lunar.client.util	ThreadModuleDump93	com/moonsworth/lunar/client/util/ThreadModuleDump93.java
com.moonsworth.lunar.client.util	ThreadModuleDump94	com/moonsworth/lunar/client/util/ThreadModuleDump94.java
com.moonsworth.lunar.client.util	ThreadModuleDump95	com/moonsworth/lunar/client/util/ThreadModuleDump95.java
com.moonsworth.lunar.client.util	ThreadModuleDumpIterator2	com/moonsworth/lunar/client/util/ThreadModuleDumpIterator2.java
com.moonsworth.lunar.client.util	ThreadModuleDumpType2	com/moonsworth/lunar/client/util/ThreadModuleDumpType2.java
com.moonsworth.lunar.client.util	ThreadModuleDumpType3	com/moonsworth/lunar/client/util/ThreadModuleDumpType3.java
com.moonsworth.lunar.client.util	ThreadModuleDumpType4	com/moonsworth/lunar/client/util/ThreadModuleDumpType4.java
com.moonsworth.lunar.client.util	ThreadModuleDumpType5	com/moonsworth/lunar/client/util/ThreadModuleDumpType5.java
com.moonsworth.lunar.client.util	Type2	com/moonsworth/lunar/client/util/MixinHelper25.java
com.moonsworth.lunar.client.util	Type2	com/moonsworth/lunar/client/util/ThreadModuleDump11.java
com.moonsworth.lunar.client.util	Type3	com/moonsworth/lunar/client/util/MixinHelper25.java
com.moonsworth.lunar.client.util	Util2	com/moonsworth/lunar/client/util/Util2.java
com.moonsworth.lunar.client.util	Util_2	com/moonsworth/lunar/client/util/Util_2.java
com.moonsworth.lunar.client.util.alert	Alert2	com/moonsworth/lunar/client/util/alert/Alert2.java
com.moonsworth.lunar.client.util.alert	Alert3	com/moonsworth/lunar/client/util/alert/Alert3.java
com.moonsworth.lunar.client.util.alert	Alert5	com/moonsworth/lunar/client/util/alert/Alert5.java
com.moonsworth.lunar.client.util.alert	Alert6	com/moonsworth/lunar/client/util/alert/Alert6.java
com.moonsworth.lunar.client.util.alert	Data5	com/moonsworth/lunar/client/util/alert/GuiRewindhandlersHandler2.java
com.moonsworth.lunar.client.util.alert	Data6	com/moonsworth/lunar/client/util/alert/GuiRewindhandlersHandler2.java
com.moonsworth.lunar.client.util.alert	GuiRewindhandlersHandler2	com/moonsworth/lunar/client/util/alert/GuiRewindhandlersHandler2.java
com.moonsworth.lunar.client.util.chest	Data2	com/moonsworth/lunar/client/util/chest/SExtension.java
com.moonsworth.lunar.client.util.chest	SBase2	com/moonsworth/lunar/client/util/chest/SBase2.java
com.moonsworth.lunar.client.util.chest.mixin	ChestHandler2	com/moonsworth/lunar/client/util/chest/mixin/ChestHandler2.java
com.moonsworth.lunar.client.util.chest.mixin	ChestHandler3	com/moonsworth/lunar/client/util/chest/mixin/ChestHandler3.java
com.moonsworth.lunar.client.util.click	BridgeExtension2	com/moonsworth/lunar/client/util/click/BridgeExtension2.java
com.moonsworth.lunar.client.util.click	BridgeExtension3	com/moonsworth/lunar/client/util/click/BridgeExtension3.java
com.moonsworth.lunar.client.util.click	Click10	com/moonsworth/lunar/client/util/click/Click10.java
com.moonsworth.lunar.client.util.click	Click11	com/moonsworth/lunar/client/util/click/Click11.java
com.moonsworth.lunar.client.util.click	Click12	com/moonsworth/lunar/client/util/click/Click12.java
com.moonsworth.lunar.client.util.click	Click2	com/moonsworth/lunar/client/util/click/Click2.java
com.moonsworth.lunar.client.util.click	Click3	com/moonsworth/lunar/client/util/click/Click3.java
com.moonsworth.lunar.client.util.click	Click4	com/moonsworth/lunar/client/util/click/Click4.java
com.moonsworth.lunar.client.util.click	Click5	com/moonsworth/lunar/client/util/click/Click5.java
com.moonsworth.lunar.client.util.click	Click6	com/moonsworth/lunar/client/util/click/Click6.java
com.moonsworth.lunar.client.util.click	Click8	com/moonsworth/lunar/client/util/click/Click8.java
com.moonsworth.lunar.client.util.click	Click9	com/moonsworth/lunar/client/util/click/Click9.java
com.moonsworth.lunar.client.util.colorsaturation	Colorsaturation2	com/moonsworth/lunar/client/util/colorsaturation/Colorsaturation2.java
com.moonsworth.lunar.client.util.gui	ListExtension2	com/moonsworth/lunar/client/util/gui/ListExtension2.java
com.moonsworth.lunar.client.util.gui	ListExtension22	com/moonsworth/lunar/client/util/gui/ListExtension22.java
com.moonsworth.lunar.client.util.gui	ListExtension3	com/moonsworth/lunar/client/util/gui/ListExtension3.java
com.moonsworth.lunar.client.util.io	ThreadModuleDump9	com/moonsworth/lunar/client/util/io/ThreadModuleDump9.java
com.moonsworth.lunar.client.util.lotusfish.mixin	Lotusfish2	com/moonsworth/lunar/client/util/lotusfish/mixin/Lotusfish2.java
com.moonsworth.lunar.client.util.lotusfish.mixin	Lotusfish3	com/moonsworth/lunar/client/util/lotusfish/mixin/Lotusfish3.java
com.moonsworth.lunar.client.util.mixin	Data2	com/moonsworth/lunar/client/util/mixin/MixinHelper22.java
com.moonsworth.lunar.client.util.mixin	MixinHelper2	com/moonsworth/lunar/client/util/mixin/MixinHelper2.java
com.moonsworth.lunar.client.util.mixin	MixinHelper22	com/moonsworth/lunar/client/util/mixin/MixinHelper22.java
com.moonsworth.lunar.client.util.nameplate	Data10	com/moonsworth/lunar/client/util/nameplate/Nameplate.java
com.moonsworth.lunar.client.util.nameplate	Data11	com/moonsworth/lunar/client/util/nameplate/Nameplate.java
com.moonsworth.lunar.client.util.net	ThreadModuleDump74	com/moonsworth/lunar/client/util/net/ThreadModuleDump74.java
com.moonsworth.lunar.client.util.raytrace	Chest2	com/moonsworth/lunar/client/util/raytrace/Chest2.java
com.moonsworth.lunar.client.util.rewindhandlers	RewindhandlersExtension2	com/moonsworth/lunar/client/util/rewindhandlers/RewindhandlersExtension2.java
com.moonsworth.lunar.client.util.rewindhandlers	RewindhandlersExtension3	com/moonsworth/lunar/client/util/rewindhandlers/RewindhandlersExtension3.java
com.moonsworth.lunar.client.util.rewindhandlers	RewindhandlersExtension32	com/moonsworth/lunar/client/util/rewindhandlers/RewindhandlersExtension32.java
com.moonsworth.lunar.client.util.rewindhandlers	RewindhandlersExtension4	com/moonsworth/lunar/client/util/rewindhandlers/RewindhandlersExtension4.java
com.moonsworth.lunar.client.waypoints	Data2	com/moonsworth/lunar/client/waypoints/RpcChannelImpl.java
com.moonsworth.lunar.config	Config2	com/moonsworth/lunar/config/Config2.java
com.moonsworth.lunar.config	Data2	com/moonsworth/lunar/config/Config.java
com.moonsworth.lunar.files	Data2	com/moonsworth/lunar/files/Files.java
com.moonsworth.lunar.files	Data2	com/moonsworth/lunar/files/InheritanceProvider.java
com.moonsworth.lunar.files	Data4	com/moonsworth/lunar/files/Files_2.java
com.moonsworth.lunar.files	Files2	com/moonsworth/lunar/files/Files2.java
com.moonsworth.lunar.files	Files3	com/moonsworth/lunar/files/Files3.java
com.moonsworth.lunar.files	Files4	com/moonsworth/lunar/files/Files4.java
com.moonsworth.lunar.files	Files5	com/moonsworth/lunar/files/Files5.java
com.moonsworth.lunar.files	Files6	com/moonsworth/lunar/files/Files6.java
com.moonsworth.lunar.files	Files7	com/moonsworth/lunar/files/Files7.java
com.moonsworth.lunar.files	Files_2	com/moonsworth/lunar/files/Files_2.java
com.moonsworth.lunar.files	Files_3	com/moonsworth/lunar/files/Files_3.java
com.moonsworth.lunar.files	Files_4	com/moonsworth/lunar/files/Files_4.java
com.moonsworth.lunar.files	Files_5	com/moonsworth/lunar/files/Files_5.java
com.moonsworth.lunar.files.mixin	Files2	com/moonsworth/lunar/files/mixin/Files2.java
com.moonsworth.lunar.files.mixin	Files3	com/moonsworth/lunar/files/mixin/Files3.java
com.moonsworth.lunar.files.mixin	Files4	com/moonsworth/lunar/files/mixin/Files4.java
com.moonsworth.lunar.forge	Data2	com/moonsworth/lunar/forge/Ichor5Iterator.java
com.moonsworth.lunar.forge	Data3	com/moonsworth/lunar/forge/MixinMisc.java
com.moonsworth.lunar.forge	MixinMisc2	com/moonsworth/lunar/forge/MixinMisc2.java
com.moonsworth.lunar.forge	MixinMisc3	com/moonsworth/lunar/forge/MixinMisc3.java
com.moonsworth.lunar.forge.mixin	ASMClassLoaderMixin2	com/moonsworth/lunar/forge/mixin/ASMClassLoaderMixin2.java
com.moonsworth.lunar.forge.mixin	EventBusMixin2	com/moonsworth/lunar/forge/mixin/EventBusMixin2.java
com.moonsworth.lunar.forge.mixin	EventBusMixin22	com/moonsworth/lunar/forge/mixin/EventBusMixin22.java
com.moonsworth.lunar.forge.mixin	EventBusMixin3	com/moonsworth/lunar/forge/mixin/EventBusMixin3.java
com.moonsworth.lunar.forge.mixin	FMLCommonHandlerMixin2	com/moonsworth/lunar/forge/mixin/FMLCommonHandlerMixin2.java
com.moonsworth.lunar.forge.mixin	FMLNetworkHandlerMixin2	com/moonsworth/lunar/forge/mixin/FMLNetworkHandlerMixin2.java
com.moonsworth.lunar.forge.mixin	FMLSanityCheckerMixin2	com/moonsworth/lunar/forge/mixin/FMLSanityCheckerMixin2.java
com.moonsworth.lunar.forge.mixin	ForgeEventFactoryMixin2	com/moonsworth/lunar/forge/mixin/ForgeEventFactoryMixin2.java
com.moonsworth.lunar.forge.mixin	ForgeVersionMixin2	com/moonsworth/lunar/forge/mixin/ForgeVersionMixin2.java
com.moonsworth.lunar.forge.mixin	LoaderMixin2	com/moonsworth/lunar/forge/mixin/LoaderMixin2.java
com.moonsworth.lunar.forge.mixin	ModDiscovererMixin2	com/moonsworth/lunar/forge/mixin/ModDiscovererMixin2.java
com.moonsworth.lunar.forge.mixin	ModelLoaderMixin2	com/moonsworth/lunar/forge/mixin/ModelLoaderMixin2.java
com.moonsworth.lunar.forge.mixin	SplashProgressMixin2	com/moonsworth/lunar/forge/mixin/SplashProgressMixin2.java
com.moonsworth.lunar.framework	Data2	com/moonsworth/lunar/framework/Ichor5Handler.java
com.moonsworth.lunar.ichor	Annotation10	com/moonsworth/lunar/ichor/Annotation10.java
com.moonsworth.lunar.ichor	Annotation11	com/moonsworth/lunar/ichor/Annotation11.java
com.moonsworth.lunar.ichor	Annotation12	com/moonsworth/lunar/ichor/Annotation12.java
com.moonsworth.lunar.ichor	Annotation13	com/moonsworth/lunar/ichor/Annotation13.java
com.moonsworth.lunar.ichor	Annotation2	com/moonsworth/lunar/ichor/Annotation2.java
com.moonsworth.lunar.ichor	Annotation3	com/moonsworth/lunar/ichor/Annotation3.java
com.moonsworth.lunar.ichor	Annotation4	com/moonsworth/lunar/ichor/Annotation4.java
com.moonsworth.lunar.ichor	Annotation5	com/moonsworth/lunar/ichor/Annotation5.java
com.moonsworth.lunar.ichor	Annotation6	com/moonsworth/lunar/ichor/Annotation6.java
com.moonsworth.lunar.ichor	Annotation7	com/moonsworth/lunar/ichor/Annotation7.java
com.moonsworth.lunar.ichor	Annotation8	com/moonsworth/lunar/ichor/Annotation8.java
com.moonsworth.lunar.ichor	Annotation9	com/moonsworth/lunar/ichor/Annotation9.java
com.moonsworth.lunar.ichor	Annotation_2	com/moonsworth/lunar/ichor/Annotation_2.java
com.moonsworth.lunar.ichor	Data2	com/moonsworth/lunar/ichor/ClassNodeRemapper.java
com.moonsworth.lunar.ichor	Data2	com/moonsworth/lunar/ichor/Ichor2Iterator.java
com.moonsworth.lunar.ichor	Data2	com/moonsworth/lunar/ichor/IchorTransformer.java
com.moonsworth.lunar.ichor	Data2	com/moonsworth/lunar/ichor/MixinTargetRemapper.java
com.moonsworth.lunar.ichor	Data3	com/moonsworth/lunar/ichor/ClassNodeRemapper.java
com.moonsworth.lunar.ichor	Data3	com/moonsworth/lunar/ichor/IchorTransformer.java
com.moonsworth.lunar.ichor	Data31	com/moonsworth/lunar/ichor/RemapTransformInvoker.java
com.moonsworth.lunar.ichor	Data4	com/moonsworth/lunar/ichor/ClassNodeRemapper.java
com.moonsworth.lunar.ichor	Data4	com/moonsworth/lunar/ichor/Ichor2Iterator.java
com.moonsworth.lunar.ichor	Data5	com/moonsworth/lunar/ichor/ClassNodeRemapper.java
com.moonsworth.lunar.ichor	Data5	com/moonsworth/lunar/ichor/Ichor2Iterator.java
com.moonsworth.lunar.ichor	Ichor3	com/moonsworth/lunar/ichor/Ichor3.java
com.moonsworth.lunar.ichor	Ichor4	com/moonsworth/lunar/ichor/Ichor4.java
com.moonsworth.lunar.ichor	Ichor5	com/moonsworth/lunar/ichor/Ichor5.java
com.moonsworth.lunar.ichor	InheritanceProvider2	com/moonsworth/lunar/ichor/InheritanceProvider2.java
com.moonsworth.lunar.ichor	MixinExtra2	com/moonsworth/lunar/ichor/MixinExtra2.java
com.moonsworth.lunar.ichor	MixinHelper2_2	com/moonsworth/lunar/ichor/MixinHelper2_2.java
com.moonsworth.lunar.ichor	MixinHelper2_3	com/moonsworth/lunar/ichor/MixinHelper2_3.java
com.moonsworth.lunar.ichor	MixinHelper3_2	com/moonsworth/lunar/ichor/MixinHelper3_2.java
com.moonsworth.lunar.ichor	MixinHelper4_2	com/moonsworth/lunar/ichor/MixinHelper4_2.java
com.moonsworth.lunar.ichor	MixinHelper7	com/moonsworth/lunar/ichor/MixinHelper7.java
com.moonsworth.lunar.ichor	MixinHelper_2	com/moonsworth/lunar/ichor/MixinHelper_2.java
com.moonsworth.lunar.ichor	MixinHelper_3	com/moonsworth/lunar/ichor/MixinHelper_3.java
com.moonsworth.lunar.ichor	MixinInternal2	com/moonsworth/lunar/ichor/MixinInternal2.java
com.moonsworth.lunar.ichor	MixinInternal3	com/moonsworth/lunar/ichor/MixinInternal3.java
com.moonsworth.lunar.ichor	MixinLegacy2	com/moonsworth/lunar/ichor/MixinLegacy2.java
com.moonsworth.lunar.ichor	MixinMisc2	com/moonsworth/lunar/ichor/MixinMisc2.java
com.moonsworth.lunar.ichor	MixinMisc4	com/moonsworth/lunar/ichor/MixinMisc4.java
com.moonsworth.lunar.ichor	MixinMisc5	com/moonsworth/lunar/ichor/MixinMisc5.java
com.moonsworth.lunar.ichor	RemapperIterator2	com/moonsworth/lunar/ichor/RemapperIterator2.java
com.moonsworth.lunar.ichor	Type2	com/moonsworth/lunar/ichor/InnerClassRenameInfo.java
com.moonsworth.lunar.ichor	Type2	com/moonsworth/lunar/ichor/MixinTargetRemapper.java
com.moonsworth.lunar.ichor.api	IchorAPI2	com/moonsworth/lunar/ichor/api/IchorAPI2.java
com.moonsworth.lunar.ichor.api	IchorAPI3	com/moonsworth/lunar/ichor/api/IchorAPI3.java
com.moonsworth.lunar.ichor.mixin	Data2	com/moonsworth/lunar/ichor/mixin/SignatureVisitorImpl.java
com.moonsworth.lunar.ichor.mixin	Data3	com/moonsworth/lunar/ichor/mixin/SignatureVisitorImpl.java
com.moonsworth.lunar.ichor.mixin	MixinHelper2	com/moonsworth/lunar/ichor/mixin/MixinHelper2.java
com.moonsworth.lunar.ichor.mixin	MixinHelper3	com/moonsworth/lunar/ichor/mixin/MixinHelper3.java
com.moonsworth.lunar.ichor.mixin	MixinHelper32	com/moonsworth/lunar/ichor/mixin/MixinHelper32.java
com.moonsworth.lunar.ichor.mixin	MixinHelper33	com/moonsworth/lunar/ichor/mixin/MixinHelper33.java
com.moonsworth.lunar.ichor.mixin	MixinHelper4	com/moonsworth/lunar/ichor/mixin/MixinHelper4.java
com.moonsworth.lunar.ichor.mixin	MixinHelper5	com/moonsworth/lunar/ichor/mixin/MixinHelper5.java
com.moonsworth.lunar.ichor.mixin	MixinHelper6	com/moonsworth/lunar/ichor/mixin/MixinHelper6.java
com.moonsworth.lunar.ichor.mixin	MixinHelper7	com/moonsworth/lunar/ichor/mixin/MixinHelper7.java
com.moonsworth.lunar.ichor.util	Annotation2	com/moonsworth/lunar/ichor/util/Annotation2.java
com.moonsworth.lunar.ichor.util	Annotation3	com/moonsworth/lunar/ichor/util/Annotation3.java
com.moonsworth.lunar.ichor.util	Annotation4	com/moonsworth/lunar/ichor/util/Annotation4.java
com.moonsworth.lunar.ichor.util	FatalIchorError10	com/moonsworth/lunar/ichor/util/FatalIchorError10.java
com.moonsworth.lunar.ichor.util	FatalIchorError11	com/moonsworth/lunar/ichor/util/FatalIchorError11.java
com.moonsworth.lunar.ichor.util	FatalIchorError12	com/moonsworth/lunar/ichor/util/FatalIchorError12.java
com.moonsworth.lunar.ichor.util	FatalIchorError13	com/moonsworth/lunar/ichor/util/FatalIchorError13.java
com.moonsworth.lunar.ichor.util	FatalIchorError14	com/moonsworth/lunar/ichor/util/FatalIchorError14.java
com.moonsworth.lunar.ichor.util	FatalIchorError2	com/moonsworth/lunar/ichor/util/FatalIchorError2.java
com.moonsworth.lunar.ichor.util	FatalIchorError3	com/moonsworth/lunar/ichor/util/FatalIchorError3.java
com.moonsworth.lunar.ichor.util	FatalIchorError4	com/moonsworth/lunar/ichor/util/FatalIchorError4.java
com.moonsworth.lunar.ichor.util	FatalIchorError5	com/moonsworth/lunar/ichor/util/FatalIchorError5.java
com.moonsworth.lunar.ichor.util	FatalIchorError6	com/moonsworth/lunar/ichor/util/FatalIchorError6.java
com.moonsworth.lunar.ichor.util	FatalIchorError7	com/moonsworth/lunar/ichor/util/FatalIchorError7.java
com.moonsworth.lunar.ichor.util	FatalIchorError8	com/moonsworth/lunar/ichor/util/FatalIchorError8.java
com.moonsworth.lunar.ichor.util	FatalIchorError9	com/moonsworth/lunar/ichor/util/FatalIchorError9.java
com.moonsworth.lunar.legacy	GuiListExtendedImpl2	com/moonsworth/lunar/legacy/GuiListExtendedImpl2.java
com.moonsworth.lunar.legacy	Legacy2	com/moonsworth/lunar/legacy/Legacy2.java
com.moonsworth.lunar.legacy	MixinCore2	com/moonsworth/lunar/legacy/MixinCore2.java
com.moonsworth.lunar.legacy	MixinCore3	com/moonsworth/lunar/legacy/MixinCore3.java
com.moonsworth.lunar.legacy	MixinCore4	com/moonsworth/lunar/legacy/MixinCore4.java
com.moonsworth.lunar.legacy	MixinHelper2	com/moonsworth/lunar/legacy/MixinHelper2.java
com.moonsworth.lunar.legacy	MixinHelper3	com/moonsworth/lunar/legacy/MixinHelper3.java
com.moonsworth.lunar.legacy	MixinHelper4	com/moonsworth/lunar/legacy/MixinHelper4.java
com.moonsworth.lunar.legacy	MixinHelper_2	com/moonsworth/lunar/legacy/MixinHelper_2.java
com.moonsworth.lunar.legacy.mixin	AbstractClientPlayerMixin3	com/moonsworth/lunar/legacy/mixin/AbstractClientPlayerMixin3.java
com.moonsworth.lunar.legacy.mixin	AbstractTextureMixin2	com/moonsworth/lunar/legacy/mixin/AbstractTextureMixin2.java
com.moonsworth.lunar.legacy.mixin	AbstractTextureMixin3	com/moonsworth/lunar/legacy/mixin/AbstractTextureMixin3.java
com.moonsworth.lunar.legacy.mixin	AxisAlignedBBMixin2	com/moonsworth/lunar/legacy/mixin/AxisAlignedBBMixin2.java
com.moonsworth.lunar.legacy.mixin	BlockMixin2	com/moonsworth/lunar/legacy/mixin/BlockMixin2.java
com.moonsworth.lunar.legacy.mixin	BlockModelRendererMixin2	com/moonsworth/lunar/legacy/mixin/BlockModelRendererMixin2.java
com.moonsworth.lunar.legacy.mixin	ChunkMixin2	com/moonsworth/lunar/legacy/mixin/ChunkMixin2.java
com.moonsworth.lunar.legacy.mixin	ComponentTransformableExtension2	com/moonsworth/lunar/legacy/mixin/ComponentTransformableExtension2.java
com.moonsworth.lunar.legacy.mixin	CrashReportMixin2	com/moonsworth/lunar/legacy/mixin/CrashReportMixin2.java
com.moonsworth.lunar.legacy.mixin	EffectRendererMixin2	com/moonsworth/lunar/legacy/mixin/EffectRendererMixin2.java
com.moonsworth.lunar.legacy.mixin	EntityArmorStandMixin2	com/moonsworth/lunar/legacy/mixin/EntityArmorStandMixin2.java
com.moonsworth.lunar.legacy.mixin	EntityLivingBaseMixin2	com/moonsworth/lunar/legacy/mixin/EntityLivingBaseMixin2.java
com.moonsworth.lunar.legacy.mixin	EntityPlayerMixin2	com/moonsworth/lunar/legacy/mixin/EntityPlayerMixin2.java
com.moonsworth.lunar.legacy.mixin	EntityPlayerMixin3	com/moonsworth/lunar/legacy/mixin/EntityPlayerMixin3.java
com.moonsworth.lunar.legacy.mixin	EntityPlayerSPMixin2	com/moonsworth/lunar/legacy/mixin/EntityPlayerSPMixin2.java
com.moonsworth.lunar.legacy.mixin	EntityRendererMixin3	com/moonsworth/lunar/legacy/mixin/EntityRendererMixin3.java
com.moonsworth.lunar.legacy.mixin	EnumChatFormattingMixin2	com/moonsworth/lunar/legacy/mixin/EnumChatFormattingMixin2.java
com.moonsworth.lunar.legacy.mixin	FontRendererMixin2	com/moonsworth/lunar/legacy/mixin/FontRendererMixin2.java
com.moonsworth.lunar.legacy.mixin	GameSettingsMixin2	com/moonsworth/lunar/legacy/mixin/GameSettingsMixin2.java
com.moonsworth.lunar.legacy.mixin	GuiButtonMixin2	com/moonsworth/lunar/legacy/mixin/GuiButtonMixin2.java
com.moonsworth.lunar.legacy.mixin	GuiChatMixin3	com/moonsworth/lunar/legacy/mixin/GuiChatMixin3.java
com.moonsworth.lunar.legacy.mixin	GuiConfirmOpenLinkMixin2	com/moonsworth/lunar/legacy/mixin/GuiConfirmOpenLinkMixin2.java
com.moonsworth.lunar.legacy.mixin	GuiConnectingMixin2	com/moonsworth/lunar/legacy/mixin/GuiConnectingMixin2.java
com.moonsworth.lunar.legacy.mixin	GuiEditSignMixin2	com/moonsworth/lunar/legacy/mixin/GuiEditSignMixin2.java
com.moonsworth.lunar.legacy.mixin	GuiErrorScreenMixin2	com/moonsworth/lunar/legacy/mixin/GuiErrorScreenMixin2.java
com.moonsworth.lunar.legacy.mixin	GuiIngameMixin22	com/moonsworth/lunar/legacy/mixin/GuiIngameMixin22.java
com.moonsworth.lunar.legacy.mixin	GuiMainMenuMixin2	com/moonsworth/lunar/legacy/mixin/GuiMainMenuMixin2.java
com.moonsworth.lunar.legacy.mixin	GuiMultiplayerMixin2	com/moonsworth/lunar/legacy/mixin/GuiMultiplayerMixin2.java
com.moonsworth.lunar.legacy.mixin	GuiNewChatMixin2	com/moonsworth/lunar/legacy/mixin/GuiNewChatMixin2.java
com.moonsworth.lunar.legacy.mixin	GuiPlayerTabOverlayMixin2	com/moonsworth/lunar/legacy/mixin/GuiPlayerTabOverlayMixin2.java
com.moonsworth.lunar.legacy.mixin	GuiScreenMixin3	com/moonsworth/lunar/legacy/mixin/GuiScreenMixin3.java
com.moonsworth.lunar.legacy.mixin	GuiSlotMixin2	com/moonsworth/lunar/legacy/mixin/GuiSlotMixin2.java
com.moonsworth.lunar.legacy.mixin	GuiYesNoMixin2	com/moonsworth/lunar/legacy/mixin/GuiYesNoMixin2.java
com.moonsworth.lunar.legacy.mixin	IChatComponentMixin2	com/moonsworth/lunar/legacy/mixin/IChatComponentMixin2.java
com.moonsworth.lunar.legacy.mixin	InventoryPlayerMixin2	com/moonsworth/lunar/legacy/mixin/InventoryPlayerMixin2.java
com.moonsworth.lunar.legacy.mixin	ItemMixin2	com/moonsworth/lunar/legacy/mixin/ItemMixin2.java
com.moonsworth.lunar.legacy.mixin	ItemPotionMixin2	com/moonsworth/lunar/legacy/mixin/ItemPotionMixin2.java
com.moonsworth.lunar.legacy.mixin	ItemStackMixin3	com/moonsworth/lunar/legacy/mixin/ItemStackMixin3.java
com.moonsworth.lunar.legacy.mixin	KeyBindingMixin2	com/moonsworth/lunar/legacy/mixin/KeyBindingMixin2.java
com.moonsworth.lunar.legacy.mixin	LayerArmorBaseMixin2	com/moonsworth/lunar/legacy/mixin/LayerArmorBaseMixin2.java
com.moonsworth.lunar.legacy.mixin	MinecraftMixin3	com/moonsworth/lunar/legacy/mixin/MinecraftMixin3.java
com.moonsworth.lunar.legacy.mixin	MinecraftMixin4	com/moonsworth/lunar/legacy/mixin/MinecraftMixin4.java
com.moonsworth.lunar.legacy.mixin	ModelBakeryMixin2	com/moonsworth/lunar/legacy/mixin/ModelBakeryMixin2.java
com.moonsworth.lunar.legacy.mixin	ModelBipedMixin2	com/moonsworth/lunar/legacy/mixin/ModelBipedMixin2.java
com.moonsworth.lunar.legacy.mixin	ModelPlayerMixin2	com/moonsworth/lunar/legacy/mixin/ModelPlayerMixin2.java
com.moonsworth.lunar.legacy.mixin	ModelRendererMixin2	com/moonsworth/lunar/legacy/mixin/ModelRendererMixin2.java
com.moonsworth.lunar.legacy.mixin	PotionEffectMixin2	com/moonsworth/lunar/legacy/mixin/PotionEffectMixin2.java
com.moonsworth.lunar.legacy.mixin	RenderEntityItemMixin2	com/moonsworth/lunar/legacy/mixin/RenderEntityItemMixin2.java
com.moonsworth.lunar.legacy.mixin	RenderGlobalMixin2	com/moonsworth/lunar/legacy/mixin/RenderGlobalMixin2.java
com.moonsworth.lunar.legacy.mixin	RenderGlobalMixin3	com/moonsworth/lunar/legacy/mixin/RenderGlobalMixin3.java
com.moonsworth.lunar.legacy.mixin	RenderItemMixin3	com/moonsworth/lunar/legacy/mixin/RenderItemMixin3.java
com.moonsworth.lunar.legacy.mixin	RenderPlayerMixin2	com/moonsworth/lunar/legacy/mixin/RenderPlayerMixin2.java
com.moonsworth.lunar.legacy.mixin	RenderPlayerMixin3	com/moonsworth/lunar/legacy/mixin/RenderPlayerMixin3.java
com.moonsworth.lunar.legacy.mixin	RendererLivingEntityMixin2	com/moonsworth/lunar/legacy/mixin/RendererLivingEntityMixin2.java
com.moonsworth.lunar.legacy.mixin	RendererLivingEntityMixin3	com/moonsworth/lunar/legacy/mixin/RendererLivingEntityMixin3.java
com.moonsworth.lunar.legacy.mixin	ResourcePackRepositoryMixin2	com/moonsworth/lunar/legacy/mixin/ResourcePackRepositoryMixin2.java
com.moonsworth.lunar.legacy.mixin	ScoreboardMixin2	com/moonsworth/lunar/legacy/mixin/ScoreboardMixin2.java
com.moonsworth.lunar.legacy.mixin	ScoreboardMixin3	com/moonsworth/lunar/legacy/mixin/ScoreboardMixin3.java
com.moonsworth.lunar.legacy.mixin	ServerListEntryNormalMixin2	com/moonsworth/lunar/legacy/mixin/ServerListEntryNormalMixin2.java
com.moonsworth.lunar.legacy.mixin	ServerListEntryNormalMixin3	com/moonsworth/lunar/legacy/mixin/ServerListEntryNormalMixin3.java
com.moonsworth.lunar.legacy.mixin	ServerPingerMixin2	com/moonsworth/lunar/legacy/mixin/ServerPingerMixin2.java
com.moonsworth.lunar.legacy.mixin	ShaderGroupMixin2	com/moonsworth/lunar/legacy/mixin/ShaderGroupMixin2.java
com.moonsworth.lunar.legacy.mixin	ShaderMixin2	com/moonsworth/lunar/legacy/mixin/ShaderMixin2.java
com.moonsworth.lunar.legacy.mixin	SkinManagerMixin2	com/moonsworth/lunar/legacy/mixin/SkinManagerMixin2.java
com.moonsworth.lunar.legacy.mixin	StatFileWriter2	com/moonsworth/lunar/legacy/mixin/StatFileWriter2.java
com.moonsworth.lunar.legacy.mixin	StatFileWriter3	com/moonsworth/lunar/legacy/mixin/StatFileWriter3.java
com.moonsworth.lunar.legacy.mixin	TextureMapMixin2	com/moonsworth/lunar/legacy/mixin/TextureMapMixin2.java
com.moonsworth.lunar.legacy.mixin	TextureMapMixin3	com/moonsworth/lunar/legacy/mixin/TextureMapMixin3.java
com.moonsworth.lunar.legacy.mixin	ThreadDownloadImageDataMixin2	com/moonsworth/lunar/legacy/mixin/ThreadDownloadImageDataMixin2.java
com.moonsworth.lunar.legacy.mixin	TileEntitySkullRendererMixin2	com/moonsworth/lunar/legacy/mixin/TileEntitySkullRendererMixin2.java
com.moonsworth.lunar.legacy.mixin	TimerMixin2	com/moonsworth/lunar/legacy/mixin/TimerMixin2.java
com.moonsworth.lunar.legacy.mixin	WorldMixin2	com/moonsworth/lunar/legacy/mixin/WorldMixin2.java
com.moonsworth.lunar.legacy.mixin	WorldMixin3	com/moonsworth/lunar/legacy/mixin/WorldMixin3.java
com.moonsworth.lunar.legacy.mixin	WorldMixin4	com/moonsworth/lunar/legacy/mixin/WorldMixin4.java
com.moonsworth.lunar.legacy.wrapper.util	OpenALNative2	com/moonsworth/lunar/legacy/wrapper/util/OpenALNative2.java
com.moonsworth.lunar.legacy.wrapper.util	OpenALNative3	com/moonsworth/lunar/legacy/wrapper/util/OpenALNative3.java
com.moonsworth.lunar.legacy.wrapper.util	OpenALNative4	com/moonsworth/lunar/legacy/wrapper/util/OpenALNative4.java
com.moonsworth.lunar.mixin.mixin	BiomeGenBaseMixin2	com/moonsworth/lunar/mixin/mixin/BiomeGenBaseMixin2.java
com.moonsworth.lunar.mixin.mixin	ChunkMixin2	com/moonsworth/lunar/mixin/mixin/ChunkMixin2.java
com.moonsworth.lunar.mixin.mixin	WorldMixin2	com/moonsworth/lunar/mixin/mixin/WorldMixin2.java
com.moonsworth.lunar.network	MixinHelper10	com/moonsworth/lunar/network/MixinHelper10.java
com.moonsworth.lunar.network	MixinHelper11	com/moonsworth/lunar/network/MixinHelper11.java
com.moonsworth.lunar.network	MixinHelper12	com/moonsworth/lunar/network/MixinHelper12.java
com.moonsworth.lunar.network	MixinHelper13	com/moonsworth/lunar/network/MixinHelper13.java
com.moonsworth.lunar.network	MixinHelper14	com/moonsworth/lunar/network/MixinHelper14.java
com.moonsworth.lunar.network	MixinHelper15	com/moonsworth/lunar/network/MixinHelper15.java
com.moonsworth.lunar.network	MixinHelper16	com/moonsworth/lunar/network/MixinHelper16.java
com.moonsworth.lunar.network	MixinHelper2	com/moonsworth/lunar/network/MixinHelper2.java
com.moonsworth.lunar.network	MixinHelper22	com/moonsworth/lunar/network/MixinHelper22.java
com.moonsworth.lunar.network	MixinHelper23	com/moonsworth/lunar/network/MixinHelper23.java
com.moonsworth.lunar.network	MixinHelper26	com/moonsworth/lunar/network/MixinHelper26.java
com.moonsworth.lunar.network	MixinHelper4	com/moonsworth/lunar/network/MixinHelper4.java
com.moonsworth.lunar.network	MixinHelper6	com/moonsworth/lunar/network/MixinHelper6.java
com.moonsworth.lunar.network	MixinHelper62	com/moonsworth/lunar/network/MixinHelper62.java
com.moonsworth.lunar.network	MixinHelper63	com/moonsworth/lunar/network/MixinHelper63.java
com.moonsworth.lunar.network	MixinHelper7	com/moonsworth/lunar/network/MixinHelper7.java
com.moonsworth.lunar.network	MixinHelper8	com/moonsworth/lunar/network/MixinHelper8.java
com.moonsworth.lunar.network	MixinHelper9	com/moonsworth/lunar/network/MixinHelper9.java
com.moonsworth.lunar.network	MixinHelper_2	com/moonsworth/lunar/network/MixinHelper_2.java
com.moonsworth.lunar.network.mixin	Data2	com/moonsworth/lunar/network/mixin/MixinHelper7.java
com.moonsworth.lunar.network.mixin	Data3	com/moonsworth/lunar/network/mixin/MixinHelper7.java
com.moonsworth.lunar.network.mixin	Data4	com/moonsworth/lunar/network/mixin/MixinHelper7.java
com.moonsworth.lunar.network.mixin	Data5	com/moonsworth/lunar/network/mixin/MixinHelper7.java
com.moonsworth.lunar.network.mixin	Data6	com/moonsworth/lunar/network/mixin/MixinHelper7.java
com.moonsworth.lunar.network.mixin	MixinHelper10	com/moonsworth/lunar/network/mixin/MixinHelper10.java
com.moonsworth.lunar.network.mixin	MixinHelper102	com/moonsworth/lunar/network/mixin/MixinHelper102.java
com.moonsworth.lunar.network.mixin	MixinHelper103	com/moonsworth/lunar/network/mixin/MixinHelper103.java
com.moonsworth.lunar.network.mixin	MixinHelper104	com/moonsworth/lunar/network/mixin/MixinHelper104.java
com.moonsworth.lunar.network.mixin	MixinHelper2	com/moonsworth/lunar/network/mixin/MixinHelper2.java
com.moonsworth.lunar.network.mixin	MixinHelper3	com/moonsworth/lunar/network/mixin/MixinHelper3.java
com.moonsworth.lunar.network.mixin	MixinHelper4	com/moonsworth/lunar/network/mixin/MixinHelper4.java
com.moonsworth.lunar.network.mixin	MixinHelper5	com/moonsworth/lunar/network/mixin/MixinHelper5.java
com.moonsworth.lunar.network.mixin	MixinHelper6	com/moonsworth/lunar/network/mixin/MixinHelper6.java
com.moonsworth.lunar.network.mixin	MixinHelper7	com/moonsworth/lunar/network/mixin/MixinHelper7.java
com.moonsworth.lunar.network.mixin	MixinHelper8	com/moonsworth/lunar/network/mixin/MixinHelper8.java
com.moonsworth.lunar.network.mixin	MixinHelper9	com/moonsworth/lunar/network/mixin/MixinHelper9.java
com.moonsworth.lunar.replaymod.forge.v1_12.mixin	MixinHelper2	com/moonsworth/lunar/replaymod/forge/v1_12/mixin/MixinHelper2.java
com.moonsworth.lunar.replaymod.forge.v1_12.mixin	MixinHelper3	com/moonsworth/lunar/replaymod/forge/v1_12/mixin/MixinHelper3.java
com.moonsworth.lunar.replaymod.forge.v1_8.mixin	MixinHelper2	com/moonsworth/lunar/replaymod/forge/v1_8/mixin/MixinHelper2.java
com.moonsworth.lunar.replaymod.forge.v1_8.mixin	MixinHelper3	com/moonsworth/lunar/replaymod/forge/v1_8/mixin/MixinHelper3.java
com.moonsworth.lunar.replaymod.mixin	GuiBackgroundProcessMixin_Element_v1_8	com/moonsworth/lunar/replaymod/mixin/GuiBackgroundProcessMixin_Element_v1_8.java
com.moonsworth.lunar.replaymod.mixin	GuiBackgroundProcessMixin_v1_8	com/moonsworth/lunar/replaymod/mixin/GuiBackgroundProcessMixin_v1_8.java
com.moonsworth.lunar.replaymod.mixin	GuiHandlerMixin_v1_8	com/moonsworth/lunar/replaymod/mixin/GuiHandlerMixin_v1_8.java
com.moonsworth.lunar.replaymod.mixin	GuiHandlerReplayMixin_v1_12	com/moonsworth/lunar/replaymod/mixin/GuiHandlerReplayMixin_v1_12.java
com.moonsworth.lunar.replaymod.mixin	GuiHandlerReplayMixin_v1_8	com/moonsworth/lunar/replaymod/mixin/GuiHandlerReplayMixin_v1_8.java
com.moonsworth.lunar.replaymod.mixin	GuiPathingMixin_v1_8	com/moonsworth/lunar/replaymod/mixin/GuiPathingMixin_v1_8.java
com.moonsworth.lunar.replaymod.mixin	GuiRecordingControlsMixin_v1_8	com/moonsworth/lunar/replaymod/mixin/GuiRecordingControlsMixin_v1_8.java
com.moonsworth.lunar.replaymod.mixin	GuiRecordingOverlayMixin_v1_8	com/moonsworth/lunar/replaymod/mixin/GuiRecordingOverlayMixin_v1_8.java
com.moonsworth.lunar.replaymod.mixin	GuiReplayViewerMixin_v1_8	com/moonsworth/lunar/replaymod/mixin/GuiReplayViewerMixin_v1_8.java
com.moonsworth.lunar.replaymod.mixin	GuiSavingReplayMixin_v1_8	com/moonsworth/lunar/replaymod/mixin/GuiSavingReplayMixin_v1_8.java
com.moonsworth.lunar.replaymod.mixin	SettingKeysMixin_v1_8	com/moonsworth/lunar/replaymod/mixin/SettingKeysMixin_v1_8.java
com.moonsworth.lunar.replaymod.mixin	SettingsRegistryMixin_v1_8	com/moonsworth/lunar/replaymod/mixin/SettingsRegistryMixin_v1_8.java
com.moonsworth.lunar.v1_8.optifine.wrapper	Wrapper2	com/moonsworth/lunar/v1_8/optifine/wrapper/Wrapper2.java
com.moonsworth.lunar.v1_8.optifine.wrapper	Wrapper22	com/moonsworth/lunar/v1_8/optifine/wrapper/Wrapper22.java
net.minecraft.client.model	ModelSheep1	net/minecraft/client/model/ModelSheep1.java
net.minecraft.client.model	ModelSheep2	net/minecraft/client/model/ModelSheep2.java
net.minecraft.entity.ai	EntityAIWatchClosest2	net/minecraft/entity/ai/EntityAIWatchClosest2.java
net.minecraft.util	MessageDeserializer2	net/minecraft/util/MessageDeserializer2.java
net.minecraft.util	MessageSerializer2	net/minecraft/util/MessageSerializer2.java
net.minecraft.util	Vec3	net/minecraft/util/Vec3.java
net.minecraft.world.gen.feature	WorldGenGlowStone1	net/minecraft/world/gen/feature/WorldGenGlowStone1.java
net.minecraft.world.gen.feature	WorldGenGlowStone2	net/minecraft/world/gen/feature/WorldGenGlowStone2.java
net.minecraft.world.gen.feature	WorldGenTaiga1	net/minecraft/world/gen/feature/WorldGenTaiga1.java
net.minecraft.world.gen.feature	WorldGenTaiga2	net/minecraft/world/gen/feature/WorldGenTaiga2.java
net.minecraft.world.gen.structure	Corridor2	net/minecraft/world/gen/structure/StructureNetherBridgePieces.java
net.minecraft.world.gen.structure	Corridor3	net/minecraft/world/gen/structure/StructureNetherBridgePieces.java
net.minecraft.world.gen.structure	Corridor4	net/minecraft/world/gen/structure/StructureNetherBridgePieces.java
net.minecraft.world.gen.structure	Corridor5	net/minecraft/world/gen/structure/StructureNetherBridgePieces.java
net.minecraft.world.gen.structure	Crossing2	net/minecraft/world/gen/structure/StructureNetherBridgePieces.java
net.minecraft.world.gen.structure	Crossing3	net/minecraft/world/gen/structure/StructureNetherBridgePieces.java
net.minecraft.world.gen.structure	Field1	net/minecraft/world/gen/structure/StructureVillagePieces.java
net.minecraft.world.gen.structure	Field2	net/minecraft/world/gen/structure/StructureVillagePieces.java
net.minecraft.world.gen.structure	House1	net/minecraft/world/gen/structure/StructureVillagePieces.java
net.minecraft.world.gen.structure	House2	net/minecraft/world/gen/structure/StructureVillagePieces.java
net.minecraft.world.gen.structure	House3	net/minecraft/world/gen/structure/StructureVillagePieces.java
net.minecraft.world.gen.structure	Stairs2	net/minecraft/world/gen/structure/StructureStrongholdPieces.java
