count	file	class	tokens
1779	com/moonsworth/lunar/client/framework/feature/mod/fishing/click/Click.java	Click	field,flag,method,number,text,value
1271	com/moonsworth/lunar/forge/lib/MixinHelper77.java	MixinHelper77	arg,field,flag,method,number,obj,text
1236	com/moonsworth/lunar/client/mixin/EntityRenderer4.java	EntityRenderer4	arg,field,flag,method,number,obj,text,value
1037	com/moonsworth/lunar/client/horsestats/Horsestats3.java	Horsestats3	arg,field,flag,method,number,text,value
1015	com/moonsworth/lunar/forge/lib/guava/cache/LocalCache.java	LocalCache	arg,flag,number,obj,value
973	com/moonsworth/lunar/forge/lib/MixinExtra10Loader5.java	MixinExtra10Loader5	field,flag,method,number,text
969	com/moonsworth/lunar/client/mod/misc/Skyblock.java	Skyblock	arg,field,flag,method,text
956	com/moonsworth/lunar/forge/lib/CloseableLoader.java	CloseableLoader	field,flag,method,number,text
882	com/moonsworth/lunar/forge/lib/OutputStreamSerializer_3.java	OutputStreamSerializer_3	field,flag,method,number,obj,text
871	com/moonsworth/lunar/client/mod/render/Minimap.java	Minimap	arg,field,flag,method,number,text,value
859	com/moonsworth/lunar/client/framework/feature/heightlimit/Heightlimit2.java	Heightlimit2	arg,field,flag,method,number,value
781	com/moonsworth/lunar/client/mod/render/Waypoints.java	Waypoints	arg,field,flag,method,number,text,value
734	com/moonsworth/lunar/client/horsestats/mixin/Horsestats4.java	Horsestats4	arg,field,flag,method,number,text,value
730	com/moonsworth/lunar/client/framework/feature/mod/fishing/click/Click16.java	Click16	field,flag,method,number,value
711	com/moonsworth/lunar/client/util/ThreadModuleDump23.java	ThreadModuleDump23	field,flag,method,number,text,value
703	com/moonsworth/lunar/client/framework/feature/mod/fishing/holograms/Holograms3_2.java	Holograms3_2	arg,field,flag,method,number,text,value
694	com/moonsworth/lunar/client/mod/misc/SkyblockPartyFinder.java	SkyblockPartyFinder	field,flag,method,number,text,value
681	com/moonsworth/lunar/forge/lib/InputStreamLoader_2.java	InputStreamLoader_2	field,flag,method,number,text
654	com/moonsworth/lunar/forge/lib/MixinMoreBase3.java	MixinMoreBase3	field,flag,method,number
649	com/moonsworth/lunar/client/mod/misc/RewindHandlers.java	RewindHandlers	arg,field,flag,method,number,text,value
618	com/moonsworth/lunar/client/mod/hud/Coordinates.java	Coordinates	field,flag,method,number,text,value
599	com/moonsworth/lunar/genesis/MixinHelper2_8.java	MixinHelper2_8	flag,number,obj,text,value
599	com/moonsworth/lunar/forge/lib/guava/base/Preconditions.java	Preconditions	flag,number,obj,text,value
590	com/moonsworth/lunar/client/inactive/mixin/highlight/Highlight.java	Highlight	field,flag,method,number,text,value
587	com/moonsworth/lunar/client/framework/feature/crosshair/crosshairelytra/Crosshairelytra2.java	Crosshairelytra2	field,flag,method,number,value
585	com/moonsworth/lunar/legacy/wrapper/TessellatorImpl.java	TessellatorImpl	field,method,number,value
579	com/moonsworth/lunar/client/glintcolorizer/nameplate/mixin/Glintcolorizer2Impl2.java	Glintcolorizer2Impl2	field,flag,method,number,text,value
571	com/moonsworth/lunar/client/framework/feature/mod/MixinHelper.java	MixinHelper	field,flag,method,number,text,value
563	com/moonsworth/lunar/forge/lib/MixinMoreBase.java	MixinMoreBase	field,method,number
563	com/moonsworth/lunar/client/mod/render/ChunkBorders.java	ChunkBorders	arg,field,flag,method,number,value
555	com/moonsworth/lunar/forge/lib/ClassVisitorIterator.java	ClassVisitorIterator	field,flag,method,number,obj,text
554	com/moonsworth/lunar/forge/lib/guava/collect/MapMakerInternalMap.java	MapMakerInternalMap	flag,number,obj,value
554	com/moonsworth/lunar/client/mod/misc/SkyblockChocolateFactory.java	SkyblockChocolateFactory	field,method,number,text,value
548	com/moonsworth/lunar/forge/lib/guava/collect/Maps.java	Maps	arg,flag,number,obj,text,value
546	com/moonsworth/lunar/forge/lib/MixinExtra10Loader7.java	MixinExtra10Loader7	field,flag,method,number,text
545	com/moonsworth/lunar/client/util/Easing.java	Easing	field,method,number,value
545	com/moonsworth/lunar/client/framework/feature/mod/fishing/holograms/Holograms_9.java	Holograms_9	field,flag,method,text,value
540	com/moonsworth/lunar/client/framework/feature/mod/fishing/holograms/Holograms2_5.java	Holograms2_5	arg,field,flag,method,number,text,value
533	com/moonsworth/lunar/forge/lib/guava/math/LongMath.java	LongMath	flag,number
531	com/moonsworth/lunar/client/mod/render/CrosshairChildMod.java	CrosshairChildMod	arg,field,flag,method,number,text,value
517	com/moonsworth/lunar/forge/lib/CloseableLoader_3.java	CloseableLoader_3	arg,field,flag,method,number,text
517	com/moonsworth/lunar/client/mod/misc/HypixelMod.java	HypixelMod	arg,field,flag,method,number,text
515	com/moonsworth/lunar/client/mod/hud/SkyblockVisitorTrackerHud.java	SkyblockVisitorTrackerHud	field,flag,method,number,obj,text
515	com/moonsworth/lunar/client/mod/hud/HypixelBedwarsStatsChild.java	HypixelBedwarsStatsChild	field,flag,method,number,text,value
514	com/moonsworth/lunar/client/mod/misc/Radio.java	Radio	arg,field,flag,method,number,text,value
512	com/moonsworth/lunar/network/mixin/MixinHelper.java	MixinHelper	field,flag,method,number,obj,text
508	com/moonsworth/lunar/client/mod/hud/HypixelBedwarsTeamDisplayChild.java	HypixelBedwarsTeamDisplayChild	arg,field,flag,method,number,text,value
491	com/moonsworth/lunar/client/framework/feature/mod/fishing/holograms/Holograms_4.java	Holograms_4	arg,field,flag,method,number,obj,text,value
488	com/moonsworth/lunar/client/mod/render/BlockOutline.java	BlockOutline	arg,field,flag,method,number,value
480	com/moonsworth/lunar/client/mod/render/NickHider.java	NickHider	arg,field,flag,method,text
470	com/moonsworth/lunar/forge/lib/MixinHelper76.java	MixinHelper76	field,flag,method,number,obj,text
463	com/moonsworth/lunar/network/MixinHelper2.java	MixinHelper2	field,method,obj,text,value
456	com/moonsworth/lunar/client/framework/feature/waypoints/GuiHandler2.java	GuiHandler2	field,flag,method,number,text,value
455	com/moonsworth/lunar/client/mod/misc/SkyblockDragonFeatures.java	SkyblockDragonFeatures	field,flag,method,number,obj,text,value
454	com/moonsworth/lunar/client/mod/misc/RaycastDebug.java	RaycastDebug	arg,field,flag,method,number,value
452	com/moonsworth/lunar/client/framework/feature/rewind/rewindhandlers/mixin/RewindhandlersImpl.java	RewindhandlersImpl	arg,field,flag,method,number,value
450	com/moonsworth/lunar/client/mod/misc/SkyblockEndermanSlayer.java	SkyblockEndermanSlayer	arg,field,flag,method,number,text,value
448	com/moonsworth/lunar/forge/lib/MixinHelper74.java	MixinHelper74	field,method,number,obj,text
445	com/moonsworth/lunar/client/framework/feature/mod/fishing/holograms/nameplate/Holograms4Updater.java	Holograms4Updater	arg,field,flag,method,number,text,value
444	com/moonsworth/lunar/forge/lib/MixinExtra10Loader6.java	MixinExtra10Loader6	field,flag,method,number,text,value
438	com/moonsworth/lunar/client/glintcolorizer/Glintcolorizer_2.java	Glintcolorizer_2	method,number,value
437	com/moonsworth/lunar/client/mod/hud/HypixelBedwarsUpgradeDisplayChild.java	HypixelBedwarsUpgradeDisplayChild	arg,field,flag,method,number,text,value
435	com/moonsworth/lunar/client/framework/feature/minimap/Minimap.java	Minimap	arg,field,flag,method,number,obj,value
433	com/moonsworth/lunar/client/mod/hud/Waila.java	Waila	arg,field,flag,method,number,obj,text,value
430	com/moonsworth/lunar/mixin/mixin/RendererLivingEntityMixin.java	RendererLivingEntityMixin	arg,field,flag,method,number,text,value
428	com/moonsworth/lunar/client/mod/combat/AttackIndicator.java	AttackIndicator	arg,field,flag,method,number,text,value
424	com/moonsworth/lunar/forge/lib/MixinHelper79.java	MixinHelper79	field,method,number,text,value
424	com/moonsworth/lunar/client/framework/feature/rewind/gui/ByteBufLoader.java	ByteBufLoader	field,flag,method,number,obj,text,value
411	com/moonsworth/lunar/client/mod/hud/SkyblockFarmingHud.java	SkyblockFarmingHud	arg,field,flag,method,number,text,value
407	com/moonsworth/lunar/client/framework/feature/rewind/rewindhandlers/rewindhandlersCore/RewindHandlers3Updater.java	RewindHandlers3Updater	arg,field,flag,method,number,obj,text,value
390	com/moonsworth/lunar/client/mod/render/ServerBorders.java	ServerBorders	field,flag,method,number,value
387	com/moonsworth/lunar/forge/lib/MixinShared3Loader.java	MixinShared3Loader	arg,field,flag,method,number,obj,text
383	com/moonsworth/lunar/forge/lib/guava/collect/Synchronized.java	Synchronized	flag,number,obj,value
381	com/moonsworth/lunar/client/framework/feature/armorstatus/nameplate/Nameplate4.java	Nameplate4	arg,field,flag,method,number,text,value
380	com/moonsworth/lunar/client/mod/misc/SkyblockGardenPests.java	SkyblockGardenPests	arg,field,flag,method,number,obj,text
379	com/moonsworth/lunar/forge/lib/MixinHelper710.java	MixinHelper710	field,flag,method,number,obj,text
379	com/moonsworth/lunar/client/framework/feature/rewind/Fishing2Loader.java	Fishing2Loader	field,flag,method,number,obj,value
378	com/moonsworth/lunar/client/markers/holograms/HologramsIterator.java	HologramsIterator	arg,field,flag,method,number,text,value
373	com/moonsworth/lunar/client/framework/feature/keystrokes/Framework7Extension2.java	Framework7Extension2	arg,field,flag,method,number,text,value
369	com/moonsworth/lunar/legacy/mixin/RendererLivingEntityMixin.java	RendererLivingEntityMixin	arg,field,flag,method,number,obj,text,value
369	com/moonsworth/lunar/client/framework/feature/crosshair/crosshairelytra/Crosshairelytra.java	Crosshairelytra	field,flag,method,number,value
368	com/moonsworth/lunar/client/mod/misc/Rewind.java	Rewind	arg,field,flag,method,number,text,value
364	com/moonsworth/lunar/client/mod/misc/SkyblockTerminalSolvers.java	SkyblockTerminalSolvers	field,method,number,text
363	com/moonsworth/lunar/client/mod/misc/SkyblockRenderDebugUtilities.java	SkyblockRenderDebugUtilities	field,method,number,text,value
363	com/moonsworth/lunar/client/mod/hud/HypixelBedwarsTimersChildHud.java	HypixelBedwarsTimersChildHud	arg,field,flag,method,number,text,value
359	com/moonsworth/lunar/client/framework/feature/f3display/F3display2.java	F3display2	field,flag,method,number,text,value
357	com/moonsworth/lunar/forge/lib/OutputStreamBase_2.java	OutputStreamBase_2	field,flag,method,number
357	com/moonsworth/lunar/client/markers/holograms/Holograms.java	Holograms	arg,field,flag,method,number,text,value
355	com/moonsworth/lunar/client/framework/feature/itemcounter/mixin/Itemcounter.java	Itemcounter	arg,field,method,number,text
353	com/moonsworth/lunar/client/util/nameplate/Nameplate.java	Nameplate	arg,field,flag,method,number,obj,text,value
352	com/moonsworth/lunar/legacy/mixin/GuiNewChatMessageMixin.java	GuiNewChatMessageMixin	arg,flag,method,number,text,value
349	com/moonsworth/lunar/client/framework/feature/mod/fishing/holograms/rewindhandlers/Holograms4Iterator.java	Holograms4Iterator	arg,field,flag,method,number,text,value
346	com/moonsworth/lunar/client/framework/feature/mod/holograms/GuiRewindhandlersHandler23_2.java	GuiRewindhandlersHandler23_2	arg,field,flag,method,number,text,value
345	com/moonsworth/lunar/client/framework/feature/rewind/rewindhandlers/chest/Chest2.java	Chest2	field,flag,method,number,obj,text
342	com/moonsworth/lunar/forge/lib/MixinExtra7.java	MixinExtra7	field,flag,method,number,text
342	com/moonsworth/lunar/client/mod/hud/HypixelBedwarsResourceCounterChild.java	HypixelBedwarsResourceCounterChild	field,flag,method,number,text,value
341	com/moonsworth/lunar/forge/lib/MixinShared.java	MixinShared	field,flag,method,number,text
341	com/moonsworth/lunar/forge/lib/MixinHelper7.java	MixinHelper7	field,flag,method,number,text,value
338	com/moonsworth/lunar/forge/lib/InputStreamBase_13.java	InputStreamBase_13	field,flag,method,number,obj,text
338	com/moonsworth/lunar/client/framework/feature/rewind/Rewind2_3.java	Rewind2_3	arg,field,flag,method,number,text
337	com/moonsworth/lunar/forge/lib/MixinExtra5.java	MixinExtra5	field,flag,method,number
337	com/moonsworth/lunar/client/framework/feature/rewind/rewindhandlers/Rewindhandlers_3.java	Rewindhandlers_3	arg,field,flag,method,number,text,value
336	com/moonsworth/lunar/client/mod/hud/SkyblockScathaTrackerHud.java	SkyblockScathaTrackerHud	field,flag,method,number,value
331	com/moonsworth/lunar/client/markers/Markers2Handler2.java	Markers2Handler2	field,flag,method,text
329	com/moonsworth/lunar/client/framework/feature/crosshair/crosshairelytra/Crosshairelytra3.java	Crosshairelytra3	field,flag,method,number,text,value
328	net/minecraft/world/World.java	World	flag,i,j,k,var
324	com/moonsworth/lunar/client/mod/hud/SkyblockHoppityEggHud.java	SkyblockHoppityEggHud	field,flag,method,number,obj,text
323	com/moonsworth/lunar/client/framework/feature/mod/holograms/fishing/GuiRewindhandlersHandler26.java	GuiRewindhandlersHandler26	arg,field,method,number,obj,text,value
322	com/moonsworth/lunar/client/mod/hud/Tab.java	Tab	field,method,number,text,value
321	com/moonsworth/lunar/client/framework/feature/mod/holograms/fishing/GuiRewindhandlersHandler27.java	GuiRewindhandlersHandler27	field,flag,method,number,value
319	com/moonsworth/lunar/client/framework/feature/mod/impl/chest/dungeon/dungeonwaypoints/Dungeonwaypoints3.java	Dungeonwaypoints3	arg,field,flag,method,number,text
316	com/moonsworth/lunar/forge/lib/ZipEntryHandler.java	ZipEntryHandler	field,flag,method,number,obj,text
315	com/moonsworth/lunar/client/mod/hud/Keystrokes.java	Keystrokes	arg,field,flag,method,number,text,value
314	com/moonsworth/lunar/client/mod/misc/RewindHandlers4.java	RewindHandlers4	arg,field,flag,method,number,text
312	com/moonsworth/lunar/client/framework/feature/mod/fishing/highlight/Highlight5.java	Highlight5	field,flag,method,number,text,value
308	com/moonsworth/lunar/forge/lib/MixinLegacy5.java	MixinLegacy5	field,flag,method,number
306	com/moonsworth/lunar/forge/lib/InputStreamBase3.java	InputStreamBase3	field,flag,method,number
305	com/moonsworth/lunar/forge/lib/MixinHelper6_2.java	MixinHelper6_2	field,method,number,text
305	com/moonsworth/lunar/client/framework/feature/potioneffects/Potioneffects3Impl3.java	Potioneffects3Impl3	field,flag,method,number,text,value
301	com/moonsworth/lunar/client/framework/feature/mod/MixinHelper23.java	MixinHelper23	field,flag,method,number,text
301	com/moonsworth/lunar/client/framework/feature/f3display/F3display.java	F3display	arg,field,flag,method,number,text,value
300	com/moonsworth/lunar/client/mod/render/SkyblockVanillaItemModels.java	SkyblockVanillaItemModels	arg,field,flag,method,number,text
298	com/moonsworth/lunar/forge/lib/guava/math/IntMath.java	IntMath	flag,number
298	com/moonsworth/lunar/client/glintcolorizer/nameplate/mixin/Glintcolorizer2Base.java	Glintcolorizer2Base	field,flag,method,number,value
296	com/moonsworth/lunar/client/mod/render/GlintColorizer.java	GlintColorizer	arg,field,flag,method,number,value
295	com/moonsworth/lunar/client/framework/feature/pkg/mixin/Pkg2.java	Pkg2	field,flag,method,number,value
293	com/moonsworth/lunar/client/framework/feature/mod/fishing/holograms/Holograms3.java	Holograms3	field,method,number,obj,text,value
292	com/moonsworth/lunar/client/mod/misc/HypixelBedwars.java	HypixelBedwars	field,flag,method,number,text
291	com/moonsworth/lunar/client/mod/hud/TimerChildMod.java	TimerChildMod	field,flag,method,number,text,value
291	com/moonsworth/lunar/client/mod/hud/PackDisplay.java	PackDisplay	arg,field,flag,method,number,text,value
291	com/moonsworth/lunar/client/markers/mixin/holograms/mixin/Holograms2Iterator.java	Holograms2Iterator	arg,field,flag,method,text
290	com/moonsworth/lunar/forge/lib/guava/collect/AbstractMapBasedMultimap.java	AbstractMapBasedMultimap	arg,flag,number,obj,value
290	com/moonsworth/lunar/client/mod/hud/SkyblockTerminalStatus.java	SkyblockTerminalStatus	field,flag,method,number,text
290	com/moonsworth/lunar/client/framework/feature/pkg/mixin/Pkg4.java	Pkg4	field,flag,method,number,obj,value
288	com/moonsworth/lunar/forge/lib/MixinExtra10.java	MixinExtra10	field,flag,method,number,text
284	com/moonsworth/lunar/client/framework/feature/rewind/Rewind4.java	Rewind4	arg,field,flag,method
283	com/moonsworth/lunar/client/framework/feature/rewind/mixin/nameplate/Nameplate.java	Nameplate	field,flag,method,number,text
282	com/moonsworth/lunar/client/markers/Markers_2.java	Markers_2	field,flag,method,number,value
280	com/moonsworth/lunar/client/mod/hud/SkyblockFishingInfoHud.java	SkyblockFishingInfoHud	field,flag,method,number,text,value
279	com/moonsworth/lunar/client/util/ThreadModuleDump63.java	ThreadModuleDump63	field,flag,method,obj,text
279	com/moonsworth/lunar/client/markers/Markers4.java	Markers4	arg,field,flag,method,obj,text
277	com/moonsworth/lunar/forge/lib/InputStreamLoader_8.java	InputStreamLoader_8	field,flag,method,number,text
276	com/moonsworth/lunar/ichor/util/FatalIchorError6.java	FatalIchorError6	field,flag,method,number,obj,text,value
276	com/moonsworth/lunar/client/mod/hud/ItemCounter.java	ItemCounter	arg,field,flag,method,text,value
273	com/moonsworth/lunar/client/mod/misc/SkyblockForagingBeaconSolver.java	SkyblockForagingBeaconSolver	field,method,number,text,value
268	com/moonsworth/lunar/legacy/mixin/RendererLivingEntityMixin2.java	RendererLivingEntityMixin2	arg,flag,method,number,text,value
268	com/moonsworth/lunar/forge/lib/MixinExtra10Loader4.java	MixinExtra10Loader4	field,flag,method,number
266	com/moonsworth/lunar/client/framework/feature/keystrokes/mixin/Keystrokes.java	Keystrokes	field,flag,method,number,value
265	com/moonsworth/lunar/genesis/MixinHelper5242.java	MixinHelper5242	field,method,number
263	com/moonsworth/lunar/client/mod/misc/GeckolibDebugMod.java	GeckolibDebugMod	arg,field,flag,method,text,value
263	com/moonsworth/lunar/client/framework/feature/mod/gui/mixin/Gui.java	Gui	arg,field,flag,method,obj,text,value
261	com/moonsworth/lunar/client/util/ColorMath.java	ColorMath	field,method,number,value
260	com/moonsworth/lunar/client/util/TimeFormatting.java	TimeFormatting	flag,method,number,text,value
260	com/moonsworth/lunar/client/framework/feature/rewind/rewindhandlers/coordinates/Coordinates.java	Coordinates	field,flag,method,number,text,value
259	com/moonsworth/lunar/forge/lib/guava/hash/FarmHashFingerprint64.java	FarmHashFingerprint64	number
259	com/moonsworth/lunar/client/framework/feature/mod/gui/mixin/Bridge7Iterator.java	Bridge7Iterator	field,method,number,text,value
259	com/moonsworth/lunar/client/fog/Lighting3Loader2.java	Lighting3Loader2	field,flag,method,number,obj,text
258	com/moonsworth/lunar/forge/lib/MixinHelper72.java	MixinHelper72	field,flag,method,number
258	com/moonsworth/lunar/client/mod/misc/SettingsOverrideDebug.java	SettingsOverrideDebug	arg,field,flag,method,number,obj,text,value
258	com/moonsworth/lunar/client/mod/hud/SkyblockInvincibilityHud.java	SkyblockInvincibilityHud	field,flag,method,number,text,value
258	com/moonsworth/lunar/client/markers/mixin/gui/mixin/GuiExtension12.java	GuiExtension12	field,flag,method,text
258	com/moonsworth/lunar/client/framework/feature/rewind/rewindhandlers/rewindhandlersCore/RewindHandlers3Impl8.java	RewindHandlers3Impl8	arg,field,flag,method,number,value
257	com/moonsworth/lunar/client/mod/render/SkyblockStorageHoverPreview.java	SkyblockStorageHoverPreview	arg,field,method,number,text
257	com/moonsworth/lunar/client/mod/combat/KnockbackGroundGraph.java	KnockbackGroundGraph	field,flag,method,number,value
257	com/moonsworth/lunar/client/framework/feature/saturation/Saturation2.java	Saturation2	field,flag,method,number,value
255	com/moonsworth/lunar/client/framework/feature/mod/fishing/holograms/Holograms3_3.java	Holograms3_3	arg,field,flag,method,text
254	com/moonsworth/lunar/client/mod/misc/SkyblockChestProfit.java	SkyblockChestProfit	field,flag,method,number,text
254	com/moonsworth/lunar/client/markers/mixin/gui/mixin/Gui17.java	Gui17	arg,flag,method,text
253	com/moonsworth/lunar/forge/lib/guava/collect/CompactHashMap.java	CompactHashMap	number,obj,value
253	com/moonsworth/lunar/client/framework/feature/hypixelbedwars/bedwars/Bedwars.java	Bedwars	field,flag,method,number,text
252	com/moonsworth/lunar/client/mod/hud/RewindRecordingIndicatorChild.java	RewindRecordingIndicatorChild	field,flag,method,number,text,value
251	com/moonsworth/lunar/client/mod/render/SkyblockGalateaMobHighlight.java	SkyblockGalateaMobHighlight	arg,field,method,number,value
251	com/moonsworth/lunar/client/mod/misc/SkyblockGlaciteCommissions.java	SkyblockGlaciteCommissions	arg,field,flag,method,number,value
251	com/moonsworth/lunar/client/inactive/mixin/FogIterator.java	FogIterator	arg,field,flag,method,obj,text
248	com/moonsworth/lunar/client/mod/misc/RewindHandlers5.java	RewindHandlers5	field,flag,method,number,text
247	com/moonsworth/lunar/forge/lib/guava/collect/ImmutableList.java	ImmutableList	number,obj,value
247	com/moonsworth/lunar/client/mod/misc/SkyblockTrophyFishExchangeRate.java	SkyblockTrophyFishExchangeRate	field,flag,method,number,text
247	com/moonsworth/lunar/client/mod/misc/SkyblockEnhancedMinionMenu.java	SkyblockEnhancedMinionMenu	field,flag,method,number,obj,text,value
245	com/moonsworth/lunar/client/framework/feature/mod/holograms/mixin/Holograms2.java	Holograms2	arg,field,flag,method,number,text,value
245	com/moonsworth/lunar/client/framework/feature/mod/fishing/holograms/Holograms5_2.java	Holograms5_2	field,flag,method,number,obj,text,value
244	com/moonsworth/lunar/forge/lib/guava/base/CharMatcher.java	CharMatcher	flag,number,text
242	com/moonsworth/lunar/forge/lib/MixinShared2.java	MixinShared2	field,method,number
242	com/moonsworth/lunar/client/mod/render/SpiritLeapOverlay.java	SpiritLeapOverlay	field,flag,method,number,text
242	com/moonsworth/lunar/client/framework/feature/rewind/rewindhandlers/Rewindhandlers2.java	Rewindhandlers2	field,flag,method,number,text,value
242	com/moonsworth/lunar/client/framework/feature/gui/GuiUpdater.java	GuiUpdater	field,flag,method,number,text,value
241	com/moonsworth/lunar/client/mod/misc/SkyblockKuudra.java	SkyblockKuudra	field,method,text,value
241	com/moonsworth/lunar/client/mod/misc/SkyblockBlazeSlayer.java	SkyblockBlazeSlayer	arg,field,flag,method,text
240	com/moonsworth/lunar/client/framework/feature/waypoints/GuiHandler.java	GuiHandler	field,flag,method,number,text
239	com/moonsworth/lunar/legacy/mixin/GuiPlayerTabOverlayTabMixin.java	GuiPlayerTabOverlayTabMixin	arg,flag,method,number,text,value
238	com/moonsworth/lunar/client/framework/feature/mod/holograms/rewindhandlers/Rewindhandlers.java	Rewindhandlers	field,method,number,text
237	com/moonsworth/lunar/forge/lib/MixinHelper3_2.java	MixinHelper3_2	field,flag,method,number,text
237	com/moonsworth/lunar/client/mod/player/SlotBinding.java	SlotBinding	arg,field,method,number
237	com/moonsworth/lunar/client/glintcolorizer/Glintcolorizer3.java	Glintcolorizer3	field,flag,method,number,obj,text
237	com/moonsworth/lunar/client/framework/feature/rewind/RewindIterator.java	RewindIterator	field,flag,method,number,text,value
235	com/moonsworth/lunar/forge/lib/guava/io/BaseEncoding.java	BaseEncoding	number,obj,text
234	com/moonsworth/lunar/forge/lib/InputStreamLoader3_2.java	InputStreamLoader3_2	field,method,number
233	com/moonsworth/lunar/client/framework/feature/mod/Module.java	Module	field,method,obj,text
232	com/moonsworth/lunar/client/mod/render/Fov.java	Fov	arg,field,flag,method,number,value
231	com/moonsworth/lunar/client/inactive/mixin/holograms/Holograms2Iterator.java	Holograms2Iterator	arg,field,flag,method,number,text,value
230	com/moonsworth/lunar/forge/lib/guava/collect/MinMaxPriorityQueue.java	MinMaxPriorityQueue	flag,number,obj,value
230	com/moonsworth/lunar/client/framework/feature/mod/gui/Bridge7Iterator.java	Bridge7Iterator	arg,field,flag,method,number,value
229	com/moonsworth/lunar/forge/lib/MixinExtra12.java	MixinExtra12	field,method,number,text
228	com/moonsworth/lunar/client/util/chest/SImpl.java	SImpl	arg,field,method,value
226	com/moonsworth/lunar/forge/lib/MixinHelper92.java	MixinHelper92	field,method,number,obj
226	com/moonsworth/lunar/client/mod/hud/PingHud.java	PingHud	field,flag,method,number,text,value
225	com/moonsworth/lunar/client/mod/hud/SkyblockSkillXpTrackerHud.java	SkyblockSkillXpTrackerHud	field,flag,method,number,text,value
225	com/moonsworth/lunar/client/mod/hud/Bossbar.java	Bossbar	arg,field,flag,method,number,text,value
225	com/moonsworth/lunar/client/guiRewindhandlers/mixin/GuiRewindhandlers6.java	GuiRewindhandlers6	arg,field,flag,method,number,text
224	com/moonsworth/lunar/forge/lib/CloseableIterator_2.java	CloseableIterator_2	field,flag,method,number,text
224	com/moonsworth/lunar/client/memory/Memory.java	Memory	field,flag,method,number,text,value
224	com/moonsworth/lunar/client/highlight/LunarEventBus.java	LunarEventBus	field,flag,method,number,obj,value
223	com/moonsworth/lunar/forge/lib/InputStreamBase_2.java	InputStreamBase_2	field,flag,method,number,text
223	com/moonsworth/lunar/client/mod/misc/SkyblockDebugGraphs.java	SkyblockDebugGraphs	arg,field,flag,method,number,text,value
223	com/moonsworth/lunar/client/killsounds/mixin/Killsounds.java	Killsounds	field,method,number,text
223	com/moonsworth/lunar/client/framework/feature/mod/fishing/Fishing3.java	Fishing3	field,flag,method,number,obj,text
222	com/moonsworth/lunar/client/framework/feature/armorstatus/nameplate/Nameplate.java	Nameplate	arg,field,flag,method,number,text,value
221	com/moonsworth/lunar/forge/lib/OutputStreamSerializer_5.java	OutputStreamSerializer_5	field,flag,method,number,text
221	com/moonsworth/lunar/client/util/ThreadModuleDump47.java	ThreadModuleDump47	field,flag,method,number,value
221	com/moonsworth/lunar/client/mod/misc/ShaderDebugMod.java	ShaderDebugMod	arg,field,flag,method,number
220	com/moonsworth/lunar/client/mod/hud/Ping.java	Ping	arg,field,flag,method,number,text,value
219	com/moonsworth/lunar/client/framework/feature/mod/MixinHelper28.java	MixinHelper28	arg,field,flag,method,number,text,value
217	com/moonsworth/lunar/client/framework/feature/rewind/rewindhandlers/rewindhandlersCore/RewindHandlers3Handler.java	RewindHandlers3Handler	field,flag,method,number,text,value
217	com/moonsworth/lunar/client/framework/feature/mod/fishing/gui/Gui3.java	Gui3	field,method,number,text
216	com/moonsworth/lunar/bridge/BridgeHandler.java	BridgeHandler	field,method,number,value
215	com/moonsworth/lunar/client/framework/feature/f3display/mixin/F3display.java	F3display	field,flag,method,number,text,value
214	com/moonsworth/lunar/client/mod/render/SkyblockEggLocator.java	SkyblockEggLocator	field,flag,method,text,value
214	com/moonsworth/lunar/client/mod/hud/Scoreboard.java	Scoreboard	arg,field,flag,method,number,text,value
214	com/moonsworth/lunar/client/glintcolorizer/Glintcolorizer5_2.java	Glintcolorizer5_2	field,flag,method,text,value
213	com/moonsworth/lunar/genesis/AbstractSetLoader.java	AbstractSetLoader	field,method,number,obj,value
212	com/moonsworth/lunar/client/mod/movement/ToggleSneak.java	ToggleSneak	field,flag,method
212	com/moonsworth/lunar/client/framework/feature/rewind/mixin/Rewind3.java	Rewind3	arg,field,flag,method,number,text
212	com/moonsworth/lunar/client/framework/feature/debug/Debug.java	Debug	arg,field,flag,method,number,text,value
210	com/moonsworth/lunar/client/mod/misc/SkyblockPriceInLore.java	SkyblockPriceInLore	field,flag,method,number,text
210	com/moonsworth/lunar/client/markers/mixin/holograms/Holograms4.java	Holograms4	field,flag,method,number,text,value
210	com/moonsworth/lunar/client/framework/feature/rewind/rewindhandlers/nameplate/Nameplate4.java	Nameplate4	field,flag,method,number,obj
208	com/moonsworth/lunar/forge/lib/guava/math/BigIntegerMath.java	BigIntegerMath	flag,number,value
208	com/moonsworth/lunar/client/mod/misc/ApolloDebugMod.java	ApolloDebugMod	arg,field,flag,method,number,text
208	com/moonsworth/lunar/client/click/chest/Gui2Iterator.java	Gui2Iterator	field,flag,method,number,text,value
207	com/moonsworth/lunar/client/mod/render/Armorstatus.java	Armorstatus	field,flag,method,number
207	com/moonsworth/lunar/client/framework/feature/mod/fishing/click/Click2.java	Click2	field,flag,method,number,text,value
206	com/moonsworth/lunar/client/mod/render/SkyblockChatWaypoints.java	SkyblockChatWaypoints	field,method,number,obj,text,value
206	com/moonsworth/lunar/client/framework/feature/rewind/rewindhandlers/holograms/Holograms2.java	Holograms2	field,flag,method,number,value
206	com/moonsworth/lunar/client/framework/feature/markers/Markers.java	Markers	arg,field,flag,method,number,text,value
205	com/moonsworth/lunar/forge/lib/guava/collect/CompactHashSet.java	CompactHashSet	number,obj,value
205	com/moonsworth/lunar/client/mod/misc/SkyblockBurrowLocating.java	SkyblockBurrowLocating	arg,field,method,number,text,value
204	com/moonsworth/lunar/client/inventorymod/Inventorymod2.java	Inventorymod2	arg,field,flag,method,number,obj,text
202	com/moonsworth/lunar/forge/lib/CloseableSerializer.java	CloseableSerializer	field,flag,method,number,obj,text
202	com/moonsworth/lunar/client/framework/feature/mod/fishing/holograms/Holograms_10.java	Holograms_10	arg,field,method,text,value
200	com/moonsworth/lunar/client/mod/render/SkyblockKuudraWaypoints.java	SkyblockKuudraWaypoints	field,flag,method,number,text,value
200	com/moonsworth/lunar/client/mod/hud/SkyblockStormHud.java	SkyblockStormHud	field,flag,method,number,text,value
199	com/moonsworth/lunar/forge/lib/OutputStreamBase_8.java	OutputStreamBase_8	field,method,number
198	com/moonsworth/lunar/legacy/wrapper/util/Horsestats16Task.java	Horsestats16Task	field,flag,method,number,value
198	com/moonsworth/lunar/forge/lib/MixinShared2Impl.java	MixinShared2Impl	field,method,number
198	com/moonsworth/lunar/forge/lib/InputStreamLoader2_3.java	InputStreamLoader2_3	field,flag,method,number,text
198	com/moonsworth/lunar/client/framework/feature/rewind/rewindhandlers/Rewindhandlers.java	Rewindhandlers	field,flag,method,number
197	com/moonsworth/lunar/network/MixinHelper22.java	MixinHelper22	field,method,obj,text,value
197	com/moonsworth/lunar/client/mod/hud/SkyblockHarvestFeastTrackerHud.java	SkyblockHarvestFeastTrackerHud	field,flag,method,number,obj,text
197	com/moonsworth/lunar/client/framework/feature/rewind/rewindhandlers/colorsaturation/Colorsaturation2.java	Colorsaturation2	flag,method,number,text
196	com/moonsworth/lunar/ichor/mixin/SignatureVisitorImpl.java	SignatureVisitorImpl	field,method,number,obj,text
196	com/moonsworth/lunar/forge/lib/MixinMisc3Loader96.java	MixinMisc3Loader96	field,method,number,text
196	com/moonsworth/lunar/client/markers/mixin/Markers.java	Markers	field,flag,method,number,value
196	com/moonsworth/lunar/client/framework/feature/mod/gui/nameplate/Nameplate3.java	Nameplate3	field,flag,method,number,obj,value
195	net/minecraft/world/Teleporter.java	Teleporter	flag,i,j,k
195	com/moonsworth/lunar/forge/lib/guava/collect/StandardTable.java	StandardTable	arg,flag,number,obj,value
195	com/moonsworth/lunar/forge/lib/OutputStreamBase8.java	OutputStreamBase8	field,method,number
195	com/moonsworth/lunar/client/framework/feature/chat/Chat5.java	Chat5	arg,field,method,text,value
194	net/minecraft/client/gui/GuiIngame.java	GuiIngame	flag,i,j,k
194	com/moonsworth/lunar/client/markers/Markers2Handler.java	Markers2Handler	field,flag,method,text
193	com/moonsworth/lunar/client/mod/hud/Stopwatch.java	Stopwatch	arg,field,flag,method,number,text
193	com/moonsworth/lunar/client/mod/combat/Shields.java	Shields	arg,field,flag,method,number,text,value
192	com/moonsworth/lunar/client/mod/misc/SkyblockChocolateShopHelper.java	SkyblockChocolateShopHelper	field,flag,method,text,value
192	com/moonsworth/lunar/client/mod/combat/TntCountdown.java	TntCountdown	arg,field,flag,method,number,text,value
192	com/moonsworth/lunar/client/framework/feature/chat/Chat2.java	Chat2	arg,field,method,number,text
191	com/moonsworth/lunar/client/mod/render/EtherwarpPreview.java	EtherwarpPreview	field,flag,method,number,value
190	com/moonsworth/lunar/forge/lib/MixinExtra11.java	MixinExtra11	field,method,number,text
190	com/moonsworth/lunar/client/mod/misc/AutoTextHotkey.java	AutoTextHotkey	arg,field,flag,method,number,text
189	com/moonsworth/lunar/forge/lib/guava/util/concurrent/AbstractFuture.java	AbstractFuture	flag,number,obj,text,value,var
187	com/moonsworth/lunar/legacy/wrapper/LegacyWorldBorder.java	LegacyWorldBorder	field,method,number,value
186	com/moonsworth/lunar/client/mod/misc/OptimizationDebugMod.java	OptimizationDebugMod	arg,field,flag,method,number,text
184	com/moonsworth/lunar/forge/lib/guava/primitives/Longs.java	Longs	flag,number,obj,text
184	com/moonsworth/lunar/forge/lib/InputStreamLoader_7.java	InputStreamLoader_7	field,flag,method,number,text
184	com/moonsworth/lunar/client/mod/render/SkyblockRabbitCollectionOverlay.java	SkyblockRabbitCollectionOverlay	field,flag,method,number,text,value
184	com/moonsworth/lunar/client/mod/render/MenuBlur.java	MenuBlur	arg,field,flag,method,number,text,value
184	com/moonsworth/lunar/client/mod/combat/KnockbackTrainer.java	KnockbackTrainer	arg,field,flag,method,number
184	com/moonsworth/lunar/client/framework/MixinCore5Iterator.java	MixinCore5Iterator	field,flag,method,number,value
183	com/moonsworth/lunar/client/framework/feature/mod/fishing/holograms/Holograms9.java	Holograms9	field,flag,method,value
181	com/moonsworth/lunar/legacy/mixin/GuiResourcePackListMixin.java	GuiResourcePackListMixin	flag,method,number,value
181	com/moonsworth/lunar/forge/lib/OutputStreamSerializer_2.java	OutputStreamSerializer_2	field,flag,method,number,text
181	com/moonsworth/lunar/bridge/Bridge.java	Bridge	field,method,text
180	com/moonsworth/lunar/client/framework/feature/rewind/rewindhandlers/holograms/Markers3Iterator.java	Markers3Iterator	field,flag,method,number,value
180	com/moonsworth/lunar/client/framework/feature/mod/impl/chest/dungeon/dungeonwaypoints/Dungeonwaypoints.java	Dungeonwaypoints	arg,field,flag,method,number,text
180	com/moonsworth/lunar/client/framework/feature/mod/holograms/fishing/GuiRewindhandlersHandler25.java	GuiRewindhandlersHandler25	field,flag,method,number,text
180	com/moonsworth/lunar/client/framework/feature/mod/fishing/holograms/holograms/Holograms3.java	Holograms3	field,method,number,text,value
179	com/moonsworth/lunar/client/mod/hud/SkyblockWitherHealthHud.java	SkyblockWitherHealthHud	field,flag,method,number,text
178	com/moonsworth/lunar/client/util/chest/SExtension.java	SExtension	arg,field,flag,method,value
178	com/moonsworth/lunar/client/mod/misc/PathfindingDebug.java	PathfindingDebug	arg,field,method,number
177	com/moonsworth/lunar/forge/lib/OutputStreamBase2.java	OutputStreamBase2	field,flag,method,number
177	com/moonsworth/lunar/forge/lib/InputStreamLoader_9.java	InputStreamLoader_9	arg,field,flag,method,number,text
177	com/moonsworth/lunar/client/util/ThreadModuleDump67.java	ThreadModuleDump67	method,number,value
177	com/moonsworth/lunar/client/mod/hud/SkyblockRaffleTasksHud.java	SkyblockRaffleTasksHud	field,flag,method,number,obj,text
177	com/moonsworth/lunar/client/framework/feature/mod/fishing/holograms/Holograms6_3.java	Holograms6_3	field,method,text,value
176	com/moonsworth/lunar/forge/lib/guava/hash/Murmur3_32HashFunction.java	Murmur3_32HashFunction	number,obj,text
176	com/moonsworth/lunar/forge/lib/OutputStreamBase2_2.java	OutputStreamBase2_2	field,flag,method,number
176	com/moonsworth/lunar/client/framework/feature/cooldowns/Cooldowns.java	Cooldowns	field,method,number,text,value
175	com/moonsworth/lunar/forge/lib/guava/collect/TreeMultiset.java	TreeMultiset	number,obj,value
175	com/moonsworth/lunar/client/mod/misc/SkyblockUnfinishedTerminals.java	SkyblockUnfinishedTerminals	field,method,number,text,value
175	com/moonsworth/lunar/client/lighting/LightingExtension3.java	LightingExtension3	field,flag,method,obj,text,value
174	com/moonsworth/lunar/forge/lib/guava/net/InetAddresses.java	InetAddresses	flag,number,text
174	com/moonsworth/lunar/forge/lib/MixinExtra4Iterator.java	MixinExtra4Iterator	field,flag,method,number,text
174	com/moonsworth/lunar/client/util/ThreadModuleDump24.java	ThreadModuleDump24	field,flag,method,number,obj,value
174	com/moonsworth/lunar/client/mod/hud/SkyblockCropTrackerHud.java	SkyblockCropTrackerHud	field,flag,method,number,obj,text
174	com/moonsworth/lunar/client/glintcolorizer/Glintcolorizer2Base.java	Glintcolorizer2Base	field,method,number,value
174	com/moonsworth/lunar/client/framework/feature/keystrokes/mixin/Framework7Extension2.java	Framework7Extension2	field,flag,method,text
174	com/moonsworth/lunar/client/framework/feature/coordinates/CoordinatesChildHudModImpl2.java	CoordinatesChildHudModImpl2	field,flag,method,number,text,value
173	com/moonsworth/lunar/bridge/horsestats/Horsestats20.java	Horsestats20	field,method,number,value
172	com/moonsworth/lunar/client/mod/render/TiersAsStackSize.java	TiersAsStackSize	field,method,number,text,value,var
172	com/moonsworth/lunar/client/mod/hud/SkyblockLividSolverHud.java	SkyblockLividSolverHud	field,flag,method,text
172	com/moonsworth/lunar/client/mod/combat/TotemCounter.java	TotemCounter	arg,field,flag,method,number,text
172	com/moonsworth/lunar/client/glintcolorizer/Glintcolorizer4_2.java	Glintcolorizer4_2	field,method,value
172	com/moonsworth/lunar/client/framework/feature/rewind/holograms/Holograms.java	Holograms	field,method,number,text
172	com/moonsworth/lunar/client/framework/feature/rewind/highlight/Highlight_3.java	Highlight_3	field,flag,method,number,text,value
172	com/moonsworth/lunar/client/framework/feature/mod/holograms/GuiRewindhandlersHandler24.java	GuiRewindhandlersHandler24	field,flag,method,number,text,value
171	com/moonsworth/lunar/legacy/mixin/EntityMixin.java	EntityMixin	flag,method,number,text,value
171	com/moonsworth/lunar/client/util/ThreadModuleDumpThread.java	ThreadModuleDumpThread	arg,field,flag,method,number,obj,value
171	com/moonsworth/lunar/client/mod/hud/SkyblockPowderTrackerHud.java	SkyblockPowderTrackerHud	field,flag,method,number,text,value
170	com/moonsworth/lunar/legacy/mixin/ImageBufferDownloadMixin.java	ImageBufferDownloadMixin	number
170	com/moonsworth/lunar/client/waypoints/WebSocketClientIterator.java	WebSocketClientIterator	arg,field,flag,method,number,text
170	com/moonsworth/lunar/client/mod/player/HotbarKeyOverlay.java	HotbarKeyOverlay	arg,field,flag,method,number,text,value
170	com/moonsworth/lunar/client/mod/hud/SkyblockWhisperTrackerHud.java	SkyblockWhisperTrackerHud	field,flag,method,number,text,value
170	com/moonsworth/lunar/client/mod/combat/Hitbox.java	Hitbox	arg,field,flag,method,number,text
170	com/moonsworth/lunar/client/mod/combat/Cooldowns.java	Cooldowns	field,flag,method,number,text,value
170	com/moonsworth/lunar/client/framework/feature/mod/holograms/mixin/Holograms.java	Holograms	field,method,number,value
170	com/moonsworth/lunar/client/framework/feature/mod/fishing/holograms/Holograms6Iterator_2.java	Holograms6Iterator_2	field,method,number,value
170	com/moonsworth/lunar/client/framework/feature/mod/fishing/Fishing4.java	Fishing4	field,method,text
169	com/moonsworth/lunar/genesis/MixinHelper4_2.java	MixinHelper4_2	flag,number,obj,text,value
169	com/moonsworth/lunar/forge/lib/guava/base/Verify.java	Verify	flag,number,obj,text,value
169	com/moonsworth/lunar/client/util/ThreadModuleDump94.java	ThreadModuleDump94	field,flag,method,number,text
169	com/moonsworth/lunar/client/markers/mixin/gui/Gui2Task.java	Gui2Task	field,flag,method,text
169	com/moonsworth/lunar/client/guiRewindhandlers/rewindhandlers/GuiRewindhandlersHandler2.java	GuiRewindhandlersHandler2	field,flag,method,text
169	com/moonsworth/lunar/client/framework/feature/mod/MixinHelper25.java	MixinHelper25	field,flag,method,number,obj,text,value
168	com/moonsworth/lunar/legacy/mixin/RenderGlobalEntityOutlineMixin.java	RenderGlobalEntityOutlineMixin	arg,flag,method,number,value
168	com/moonsworth/lunar/client/mod/misc/FragmentDebugChildMod.java	FragmentDebugChildMod	field,flag,method,number,text,value
168	com/moonsworth/lunar/client/coordinates/mixin/Coordinates.java	Coordinates	field,flag,method,number,text,value
167	com/moonsworth/lunar/files/mixin/Files.java	Files	field,method,number,obj,text
167	com/moonsworth/lunar/client/framework/feature/rewind/rewindhandlersNameplate/RewindhandlersNameplate.java	RewindhandlersNameplate	field,flag,method,number,obj,value
167	com/moonsworth/lunar/client/framework/feature/minimap/Minimap2Impl3.java	Minimap2Impl3	field,method,number,text,value
166	com/moonsworth/lunar/genesis/SerializableImpl2.java	SerializableImpl2	field,flag,method,number,obj,value
166	com/moonsworth/lunar/client/mod/player/SkyblockInventoryButtons.java	SkyblockInventoryButtons	field,flag,method,text,value
166	com/moonsworth/lunar/client/mod/hud/StopwatchChildMod.java	StopwatchChildMod	field,flag,method,number,text
166	com/moonsworth/lunar/client/framework/feature/mod/gui/nameplate/Nameplate.java	Nameplate	field,flag,method,value
165	net/minecraft/world/gen/structure/StructureOceanMonumentPieces.java	StructureOceanMonumentPieces	i,j,k
165	com/moonsworth/lunar/forge/lib/guava/collect/Sets.java	Sets	flag,number,obj,value
164	com/moonsworth/lunar/forge/lib/MixinExtra9.java	MixinExtra9	field,method,number,obj,text
164	com/moonsworth/lunar/client/util/InputStreamLoader.java	InputStreamLoader	field,method,number
164	com/moonsworth/lunar/client/mod/render/CrosshairElytra.java	CrosshairElytra	arg,field,flag,method,text,value
164	com/moonsworth/lunar/client/framework/feature/mod/impl/chest/dungeon/dungeonwaypoints/mixin/Dungeonwaypoints4.java	Dungeonwaypoints4	field,flag,method,number,text,value
163	com/moonsworth/lunar/forge/lib/MixinExtraHandler.java	MixinExtraHandler	field,flag,method,number,text
163	com/moonsworth/lunar/client/mod/render/Nametag.java	Nametag	arg,field,method,text
163	com/moonsworth/lunar/client/mod/hud/SkyblockFishingBaitHud.java	SkyblockFishingBaitHud	arg,field,flag,method,number,text
162	com/moonsworth/lunar/network/MixinHelper13.java	MixinHelper13	field,method,obj,text
162	com/moonsworth/lunar/client/fov/Fov8.java	Fov8	field,flag,method,number
161	com/moonsworth/lunar/client/mod/player/SkyblockWardrobeHotkeys.java	SkyblockWardrobeHotkeys	field,method,number
161	com/moonsworth/lunar/client/framework/feature/mod/holograms/fishing/GuiRewindhandlersHandler24.java	GuiRewindhandlersHandler24	field,flag,method,text,value
160	net/minecraft/world/gen/structure/ComponentScatteredFeaturePieces.java	ComponentScatteredFeaturePieces	i,j,k
160	com/moonsworth/lunar/forge/lib/guava/primitives/Ints.java	Ints	number,obj,text
160	com/moonsworth/lunar/client/rewindhandlers/Rewindhandlers2.java	Rewindhandlers2	field,method,text
160	com/moonsworth/lunar/client/mod/misc/SkyblockArrowAlign.java	SkyblockArrowAlign	arg,field,flag,method,number
160	com/moonsworth/lunar/client/mod/hud/ToggleSneakHudChild.java	ToggleSneakHudChild	arg,field,flag,method,text,value
159	com/moonsworth/lunar/forge/lib/guava/graph/Graphs.java	Graphs	number,obj,value
159	com/moonsworth/lunar/client/markers/mixin/gui/mixin/nameplate/Nameplate.java	Nameplate	field,method,number,text
158	com/moonsworth/lunar/client/mod/render/Skins3d.java	Skins3d	arg,field,flag,method,number
158	com/moonsworth/lunar/client/mod/misc/SkyblockChocolateStats.java	SkyblockChocolateStats	field,flag,method,number,text,value
158	com/moonsworth/lunar/client/framework/feature/mod/MixinHelper211.java	MixinHelper211	arg,field,method,number
158	com/moonsworth/lunar/client/framework/feature/inventorymod/slot/inventorysearch/ModuleBase2.java	ModuleBase2	field,method,number,text,value
157	com/moonsworth/lunar/forge/lib/guava/util/concurrent/Monitor.java	Monitor	flag,number
157	com/moonsworth/lunar/forge/lib/guava/primitives/UnsignedLongs.java	UnsignedLongs	number,text
157	com/moonsworth/lunar/forge/lib/InputStreamLoader6.java	InputStreamLoader6	field,method,number
157	com/moonsworth/lunar/forge/lib/CloneableBase2.java	CloneableBase2	field,method,number
157	com/moonsworth/lunar/client/mod/render/SkyblockFishingHotspotLocator.java	SkyblockFishingHotspotLocator	field,flag,method,text,value
157	com/moonsworth/lunar/client/mod/player/SlotLocking.java	SlotLocking	field,flag,method,number
156	com/moonsworth/lunar/genesis/MixinHelper7_5.java	MixinHelper7_5	field,flag,method,number,obj,text
156	com/moonsworth/lunar/client/mod/render/SkyblockMetalDetector.java	SkyblockMetalDetector	field,flag,method,number,text,value
156	com/moonsworth/lunar/client/framework/feature/rewind/rewindhandlers/rewindhandlersCore/RewindHandlers3Impl5.java	RewindHandlers3Impl5	field,flag,method,number,value
155	com/moonsworth/lunar/client/mod/hud/CoordinatesChildHudMod.java	CoordinatesChildHudMod	arg,field,flag,method,text,value
154	com/moonsworth/lunar/genesis/SerializableIterator_2.java	SerializableIterator_2	arg,field,method,number,obj,value
154	com/moonsworth/lunar/client/mod/hud/InventoryHud.java	InventoryHud	arg,field,flag,method,number,value
154	com/moonsworth/lunar/client/mod/hud/AudioSubtitles.java	AudioSubtitles	arg,field,flag,method,number,text,value
154	com/moonsworth/lunar/client/mod/combat/TotemCounterHudChild.java	TotemCounterHudChild	arg,field,flag,method,number,text,value
153	com/moonsworth/lunar/forge/lib/guava/io/ByteStreams.java	ByteStreams	flag,number,text,value
153	com/moonsworth/lunar/client/mod/render/SkyblockDungeonRoutes.java	SkyblockDungeonRoutes	arg,field,method
153	com/moonsworth/lunar/client/mod/misc/SkyblockProtectItem.java	SkyblockProtectItem	arg,field,flag,method,number,text
153	com/moonsworth/lunar/client/mod/misc/SkyblockGemstoneProfit.java	SkyblockGemstoneProfit	arg,field,method,number,text,value
153	com/moonsworth/lunar/client/mod/hud/SkyblockNetherBossHud.java	SkyblockNetherBossHud	field,flag,method,number,text
153	com/moonsworth/lunar/client/mod/hud/HorseStats.java	HorseStats	arg,field,flag,method,number,text,value
153	com/moonsworth/lunar/client/lighting/LightingHandler_2.java	LightingHandler_2	arg,field,flag,method,text,value
153	com/moonsworth/lunar/client/framework/feature/pvpinfo/pvp/Framework7Extension2.java	Framework7Extension2	field,flag,method,number,value
153	com/moonsworth/lunar/client/framework/feature/mod/holograms/GuiRewindhandlersHandler2_2.java	GuiRewindhandlersHandler2_2	field,flag,method,number,text
153	com/moonsworth/lunar/client/framework/feature/debug/shaderdebugmod/Shaderdebugmod2.java	Shaderdebugmod2	field,flag,method,number,text
152	net/minecraft/world/biome/BiomeDecorator.java	BiomeDecorator	i,j,k
152	com/moonsworth/lunar/client/util/click/Click6.java	Click6	field,method,number,value
152	com/moonsworth/lunar/client/framework/feature/mod/fishing/holograms/Holograms6Iterator.java	Holograms6Iterator	field,flag,method,value
151	com/moonsworth/lunar/forge/lib/guava/collect/ImmutableSet.java	ImmutableSet	flag,number,obj,value
151	com/moonsworth/lunar/client/mod/render/Titles.java	Titles	arg,field,flag,method,number,value
151	com/moonsworth/lunar/client/markers/mixin/gui/mixin/nameplate/Nameplate4.java	Nameplate4	arg,field,flag,method,text
151	com/moonsworth/lunar/client/inactive/mixin/highlight/EvaluatorIterator.java	EvaluatorIterator	field,flag,method,text,value
151	com/moonsworth/lunar/client/framework/feature/mod/fishing/holograms/Holograms4_4.java	Holograms4_4	field,method,number,text,value
150	com/moonsworth/lunar/legacy/mixin/WorldMixin3.java	WorldMixin3	field,flag,method,number,obj,text,value
150	com/moonsworth/lunar/client/nameplate/Highlight3Iterator.java	Highlight3Iterator	arg,field,flag,method,number,text
150	com/moonsworth/lunar/client/mod/player/InventorySearch.java	InventorySearch	arg,field,flag,method,number,text
150	com/moonsworth/lunar/client/mod/misc/SkyblockSparklingCritterAlert.java	SkyblockSparklingCritterAlert	arg,field,method,text
150	com/moonsworth/lunar/client/mod/hud/SkyblockReviveHud.java	SkyblockReviveHud	arg,field,flag,method,number,text
149	com/moonsworth/lunar/forge/lib/guava/graph/DirectedGraphConnections.java	DirectedGraphConnections	flag,number,obj,value
149	com/moonsworth/lunar/forge/lib/MixinExtra3.java	MixinExtra3	field,method,number,text
149	com/moonsworth/lunar/client/framework/feature/rewind/rewindhandlersNameplate/mixin/RewindhandlersNameplateImpl2.java	RewindhandlersNameplateImpl2	field,method,number,obj
148	com/moonsworth/lunar/client/mod/hud/SkyblockSpiderDenRainHud.java	SkyblockSpiderDenRainHud	field,flag,method,number,text
148	com/moonsworth/lunar/client/markers/Markers$Data.java	Markers$Data	field,flag,method,number,value
148	com/moonsworth/lunar/client/framework/feature/mod/MixinHelper24.java	MixinHelper24	field,flag,method,number,text,value
147	com/moonsworth/lunar/network/MixinHelper26.java	MixinHelper26	field,flag,method,obj,text,value
147	com/moonsworth/lunar/forge/lib/guava/primitives/Doubles.java	Doubles	number,obj,text,value
147	com/moonsworth/lunar/forge/lib/guava/math/DoubleMath.java	DoubleMath	flag,number,value
147	com/moonsworth/lunar/client/inactive/rewindhandlers/Rewindhandlers_2.java	Rewindhandlers_2	field,flag,method,value
147	com/moonsworth/lunar/client/framework/feature/itemcounter/Itemcounter.java	Itemcounter	arg,field,flag,method,number,text,value
146	com/moonsworth/lunar/client/framework/feature/mod/gui/Gui.java	Gui	arg,field,method,number,value
145	com/moonsworth/lunar/network/MixinHelper7.java	MixinHelper7	field,method,obj,text
145	com/moonsworth/lunar/forge/lib/guava/primitives/Shorts.java	Shorts	number,obj,text
145	com/moonsworth/lunar/client/mod/misc/SkyblockCollectedSecret.java	SkyblockCollectedSecret	field,method
145	com/moonsworth/lunar/client/framework/feature/tiertagger/Tiertagger.java	Tiertagger	arg,field,flag,method,obj,text
144	com/moonsworth/lunar/forge/lib/guava/collect/Multisets.java	Multisets	arg,flag,number,obj,text,value
144	com/moonsworth/lunar/forge/lib/guava/collect/Lists.java	Lists	arg,flag,number,obj,text,value
144	com/moonsworth/lunar/forge/lib/MixinHelper_3.java	MixinHelper_3	field,method,text
144	com/moonsworth/lunar/client/mod/movement/Zoom.java	Zoom	arg,field,flag,method,value
144	com/moonsworth/lunar/client/framework/feature/rewind/rewindhandlers/nameplate/Nameplate2.java	Nameplate2	field,flag,method,number,obj,value
144	com/moonsworth/lunar/client/framework/feature/rewind/rewindhandlers/highlight/Highlight2_2.java	Highlight2_2	field,flag,method,number,text
144	com/moonsworth/lunar/client/framework/feature/mod/mixin/MixinHelper8.java	MixinHelper8	flag,method,number,text
143	com/moonsworth/lunar/client/framework/feature/rewind/rewindhandlers/rewindhandlersCore/RewindHandlers3Iterator.java	RewindHandlers3Iterator	arg,field,method,text
143	com/moonsworth/lunar/client/framework/feature/mod/gui/nameplate/Nameplate2.java	Nameplate2	field,flag,method,text,value
142	com/moonsworth/lunar/forge/lib/guava/collect/ImmutableSortedMap.java	ImmutableSortedMap	flag,obj,value
142	com/moonsworth/lunar/client/mod/render/TimeChanger.java	TimeChanger	field,flag,method,number,text,value
141	com/moonsworth/lunar/forge/lib/guava/collect/HashBiMap.java	HashBiMap	arg,flag,number,obj,value
141	com/moonsworth/lunar/client/mod/misc/AutoTextActions.java	AutoTextActions	arg,field,method,number,text,value
140	com/moonsworth/lunar/forge/lib/InputStreamBase2.java	InputStreamBase2	field,method,number
140	com/moonsworth/lunar/client/mod/hud/SkyblockTickTimerHud.java	SkyblockTickTimerHud	field,flag,method,number,text,value
140	com/moonsworth/lunar/client/markers/mixin/Markers4.java	Markers4	field,flag,method,number,value
140	com/moonsworth/lunar/client/horsestats/Horsestats.java	Horsestats	field,flag,method,number,obj,text
139	com/moonsworth/lunar/forge/lib/MixinHelper5_3.java	MixinHelper5_3	field,flag,method,number
139	com/moonsworth/lunar/client/util/alert/Alert6.java	Alert6	field,flag,method,number,obj,text
139	com/moonsworth/lunar/client/mod/render/TotemAnimationOverlayChild.java	TotemAnimationOverlayChild	arg,field,flag,method,number,text,value
139	com/moonsworth/lunar/client/framework/feature/rewind/rewindhandlers/colorsaturation/Colorsaturation.java	Colorsaturation	field,flag,method,number,obj
139	com/moonsworth/lunar/client/coordinates/Gui2Handler.java	Gui2Handler	arg,field,flag,method,number,obj,text
137	com/moonsworth/lunar/client/util/ThreadModuleDump7.java	ThreadModuleDump7	field,flag,method,number
137	com/moonsworth/lunar/client/mod/player/MumbleLink.java	MumbleLink	arg,field,flag,method,value
137	com/moonsworth/lunar/client/mod/movement/SkyblockSmoothTeleport.java	SkyblockSmoothTeleport	field,flag,method,text,value
137	com/moonsworth/lunar/client/markers/mixin/gui/mixin/Gui14.java	Gui14	field,method,text
137	com/moonsworth/lunar/client/framework/feature/mod/MixinHelper26.java	MixinHelper26	field,method,number
136	com/moonsworth/lunar/forge/lib/MixinShared2Impl2.java	MixinShared2Impl2	field,method,number
136	com/moonsworth/lunar/forge/lib/MixinHelper73.java	MixinHelper73	field,flag,method,number,obj,text
136	com/moonsworth/lunar/client/framework/nameplate/NameplateTask.java	NameplateTask	field,flag,method,number,text
136	com/moonsworth/lunar/client/framework/feature/rewind/highlight/Highlight.java	Highlight	field,flag,method,number,obj,text,value
135	com/moonsworth/lunar/forge/lib/guava/primitives/Floats.java	Floats	number,obj,text,value
135	com/moonsworth/lunar/forge/lib/guava/collect/Multimaps.java	Multimaps	arg,number,obj,value
135	com/moonsworth/lunar/forge/lib/MixinHelper34.java	MixinHelper34	field,method,number,obj
135	com/moonsworth/lunar/forge/lib/MixinCore2Iterator.java	MixinCore2Iterator	field,method,number,text
135	com/moonsworth/lunar/client/mod/misc/SkyblockVampireSlayer.java	SkyblockVampireSlayer	arg,field,method,text,value
135	com/moonsworth/lunar/client/mod/misc/SkyblockFloorFour.java	SkyblockFloorFour	field,flag,method,text,value
135	com/moonsworth/lunar/client/framework/feature/pkg/Pkg3_2.java	Pkg3_2	field,flag,method,number,value
135	com/moonsworth/lunar/bridge/MatrixStackBridge.java	MatrixStackBridge	field,method,value
134	com/moonsworth/lunar/forge/lib/guava/math/Quantiles.java	Quantiles	flag,number,value
134	com/moonsworth/lunar/forge/lib/MixinMisc3Loader3.java	MixinMisc3Loader3	field,method,number,obj
134	com/moonsworth/lunar/client/mod/render/SkyblockWishingCompass.java	SkyblockWishingCompass	field,method,text
133	com/moonsworth/lunar/forge/lib/MixinMoreImpl.java	MixinMoreImpl	field,method,number
133	com/moonsworth/lunar/forge/lib/MixinHelper8.java	MixinHelper8	field,method
133	com/moonsworth/lunar/client/mod/misc/SkyblockLilyPadHelper.java	SkyblockLilyPadHelper	arg,field,method,number,text,value
133	com/moonsworth/lunar/client/glintcolorizer/rewindhandlers/Glintcolorizer2Iterator.java	Glintcolorizer2Iterator	field,flag,method,value
132	net/minecraft/world/gen/feature/WorldGenCanopyTree.java	WorldGenCanopyTree	i,j,k
132	com/moonsworth/lunar/forge/lib/MixinCoreHandler.java	MixinCoreHandler	field,flag,method,number,obj,text
132	com/moonsworth/lunar/client/framework/feature/rewind/rewindhandlers/mixin/Rewindhandlers2.java	Rewindhandlers2	field,method,number,text,value
132	com/moonsworth/lunar/client/framework/feature/mod/gui/Gui4.java	Gui4	field,method,number,text,value
132	com/moonsworth/lunar/bridge/BridgeExtension3_4.java	BridgeExtension3_4	field,flag,method,number,value
131	com/moonsworth/lunar/genesis/AbstractCollectionIterator5624.java	AbstractCollectionIterator5624	field,flag,method,number,obj,value
131	com/moonsworth/lunar/client/mod/misc/ChatCommandAliasesChild.java	ChatCommandAliasesChild	arg,field,method,text
131	com/moonsworth/lunar/client/framework/feature/mod/holograms/GuiRewindhandlersHandler25.java	GuiRewindhandlersHandler25	arg,field,method,number,text
130	com/moonsworth/lunar/forge/lib/guava/collect/ConcurrentHashMultiset.java	ConcurrentHashMultiset	number,obj,value
130	com/moonsworth/lunar/client/mod/render/HeightLimitChildMod.java	HeightLimitChildMod	field,flag,method,number,text,value
130	com/moonsworth/lunar/client/mod/misc/SkyblockChildEnabledDebug.java	SkyblockChildEnabledDebug	arg,field,flag,method,number,text
130	com/moonsworth/lunar/client/mod/hud/ServerAddress.java	ServerAddress	field,flag,method,text,value
130	com/moonsworth/lunar/client/killsounds/Killsounds15Iterator5.java	Killsounds15Iterator5	field,flag,method,obj,text,value
130	com/moonsworth/lunar/client/guiRewindhandlers/mixin/GuiRewindhandlers3.java	GuiRewindhandlers3	arg,field,flag,method
130	com/moonsworth/lunar/client/framework/feature/potioneffects/Potioneffects3Impl.java	Potioneffects3Impl	field,flag,method,number,text,value
130	com/moonsworth/lunar/client/framework/feature/armorstatus/nameplate/Nameplate5.java	Nameplate5	arg,field,flag,method,value
129	com/moonsworth/lunar/forge/lib/InputStreamLoader2.java	InputStreamLoader2	field,flag,method,number
129	com/moonsworth/lunar/forge/lib/InputStreamBase_11.java	InputStreamBase_11	field,flag,method,number
129	com/moonsworth/lunar/client/framework/feature/mod/holograms/mixin/GuiRewindhandlersHandler23.java	GuiRewindhandlersHandler23	arg,field,method,text,value
129	com/moonsworth/lunar/client/framework/feature/gui/GuiUpdater3.java	GuiUpdater3	field,flag,method,number,text
128	com/moonsworth/lunar/forge/lib/MixinHelper3245.java	MixinHelper3245	field,method,number,obj
128	com/moonsworth/lunar/client/mod/misc/Screenshot.java	Screenshot	field,flag,method,text
128	com/moonsworth/lunar/client/framework/feature/rewind/rewindhandlers/nameplate/Nameplate3.java	Nameplate3	field,method,number,obj,value
128	com/moonsworth/lunar/client/framework/feature/rewind/rewindhandlers/fishing/GuiIterator.java	GuiIterator	field,method,number,text
127	com/moonsworth/lunar/client/mod/misc/SkyblockTreasureChestHelper.java	SkyblockTreasureChestHelper	field,flag,method,number,obj,value
127	com/moonsworth/lunar/client/mod/hud/ItemCounterElementChildMod.java	ItemCounterElementChildMod	arg,field,flag,method,text,value
126	com/moonsworth/lunar/client/util/Highlight3Task.java	Highlight3Task	arg,field,flag,method,text
126	com/moonsworth/lunar/client/mod/hud/SkyblockComposterHud.java	SkyblockComposterHud	field,flag,method,text
126	com/moonsworth/lunar/client/guiRewindhandlers/GuiRewindhandlersHandler23.java	GuiRewindhandlersHandler23	arg,field,method,number,text
125	com/moonsworth/lunar/legacy/wrapper/LegacyServerBorder.java	LegacyServerBorder	field,flag,method,number,text,value
125	com/moonsworth/lunar/forge/lib/guava/primitives/ImmutableDoubleArray.java	ImmutableDoubleArray	number,obj,value
125	com/moonsworth/lunar/client/framework/feature/waila/WailaHandler2.java	WailaHandler2	field,flag,method,number,value
124	com/moonsworth/lunar/forge/lib/guava/collect/ImmutableMap.java	ImmutableMap	flag,number,obj,text,value
124	com/moonsworth/lunar/forge/lib/MixinHelper75.java	MixinHelper75	field,flag,method,number,text
124	com/moonsworth/lunar/client/killsounds/Killsounds15Impl5.java	Killsounds15Impl5	flag,method,obj,text
124	com/moonsworth/lunar/client/horsestats/FogIterator.java	FogIterator	arg,field,flag,method,number,text
124	com/moonsworth/lunar/client/framework/feature/mod/fishing/holograms/nameplate/Nameplate2.java	Nameplate2	field,method,number,value
124	com/moonsworth/lunar/client/framework/feature/minimap/mixin/Minimap4.java	Minimap4	field,flag,method,number,value
124	com/moonsworth/lunar/client/fov/mixin/Fov2.java	Fov2	field,flag,method,number,value
123	com/moonsworth/lunar/forge/lib/guava/net/MediaType.java	MediaType	number,obj,text
123	com/moonsworth/lunar/client/framework/feature/mod/Module2.java	Module2	field,method,number,value
122	com/moonsworth/lunar/legacy/Bridge2Handler$1.java	Bridge2Handler$1	field
122	com/moonsworth/lunar/forge/lib/MixinMisc3Loader8.java	MixinMisc3Loader8	field,flag,method,number
122	com/moonsworth/lunar/forge/lib/ChecksumUpdater_2.java	ChecksumUpdater_2	field,method,number
122	com/moonsworth/lunar/bridge/Bridge2_32.java	Bridge2_32	method,number,value
121	com/moonsworth/lunar/genesis/MixinHelper2_11.java	MixinHelper2_11	field
121	com/moonsworth/lunar/forge/lib/MixinMisc5.java	MixinMisc5	field,flag,method,number
121	com/moonsworth/lunar/client/mod/render/Fog.java	Fog	arg,field,method,value
121	com/moonsworth/lunar/client/mod/player/SkyblockLockMouse.java	SkyblockLockMouse	field,flag,method,text,value
121	com/moonsworth/lunar/client/framework/feature/rewind/RewindIterator23.java	RewindIterator23	field,flag,method,number,text
121	com/moonsworth/lunar/client/coordinates/Coordinates5.java	Coordinates5	field,flag,method,number
120	net/minecraft/world/chunk/Chunk.java	Chunk	flag,i,j,k
120	net/minecraft/block/BlockLeaves.java	BlockLeaves	i,j,k
120	com/moonsworth/lunar/genesis/MixinHelper10_5.java	MixinHelper10_5	field,method,number,obj
120	com/moonsworth/lunar/client/mod/render/SkyblockFishingCircleOverlay.java	SkyblockFishingCircleOverlay	field,flag,method,number,text,value
120	com/moonsworth/lunar/client/framework/feature/mod/fishing/holograms/nameplate/Nameplate4.java	Nameplate4	field,method,number,obj,value
120	com/moonsworth/lunar/client/framework/feature/minimap/Minimap2.java	Minimap2	arg,field,flag,method,number,text
119	com/moonsworth/lunar/legacy/wrapper/BlocksBridgeImpl.java	BlocksBridgeImpl	arg,method,number,text
119	com/moonsworth/lunar/forge/lib/guava/collect/ImmutableSortedSet.java	ImmutableSortedSet	flag,number,obj,value
119	com/moonsworth/lunar/forge/lib/MixinExtraHandler_2.java	MixinExtraHandler_2	field,method,number,obj,text
119	com/moonsworth/lunar/client/mod/misc/SkyblockVisitorBazaarHelper.java	SkyblockVisitorBazaarHelper	field,flag,method,number,text
119	com/moonsworth/lunar/client/mod/misc/ProfilerDebugMod.java	ProfilerDebugMod	arg,field,flag,method,text
118	com/moonsworth/lunar/forge/lib/MixinHelper_8.java	MixinHelper_8	field,method,number
118	com/moonsworth/lunar/client/mod/misc/SkyblockSimonSays.java	SkyblockSimonSays	field,flag,method,number
118	com/moonsworth/lunar/client/mod/misc/SkyblockFairySouls.java	SkyblockFairySouls	field,method,obj,text,value
118	com/moonsworth/lunar/client/markers/mixin/gui/mixin/GuiExtension11.java	GuiExtension11	arg,field,method,number,text
118	com/moonsworth/lunar/client/framework/feature/mod/MixinHelper2_2.java	MixinHelper2_2	field,method,number,text
117	com/moonsworth/lunar/genesis/MixinHelper28_2.java	MixinHelper28_2	field,method,number,obj,value
117	com/moonsworth/lunar/forge/lib/MixinMisc5Impl.java	MixinMisc5Impl	field,method,number
117	com/moonsworth/lunar/forge/lib/CloseableLoader_2.java	CloseableLoader_2	field,method,number
117	com/moonsworth/lunar/client/mod/render/Lighting.java	Lighting	arg,field,flag,method,text
117	com/moonsworth/lunar/client/itemcounter/Itemcounter.java	Itemcounter	field,method,text
117	com/moonsworth/lunar/client/holograms/Holograms6.java	Holograms6	arg,field,flag,method,number,value
117	com/moonsworth/lunar/client/framework/feature/waila/WailaHandler4.java	WailaHandler4	field,method,number,value
117	com/moonsworth/lunar/client/framework/feature/scrollabletooltips/Scrollabletooltips2.java	Scrollabletooltips2	arg,field,flag,method,number,value
117	com/moonsworth/lunar/client/framework/feature/mod/impl/guiCore/Framework7Extension2.java	Framework7Extension2	field,flag,method,number,value
117	com/moonsworth/lunar/client/framework/feature/gui/GuiUpdater2.java	GuiUpdater2	field,flag,method,number,text,value
116	com/moonsworth/lunar/forge/lib/guava/collect/ImmutableMultimap.java	ImmutableMultimap	arg,number,obj,value
116	com/moonsworth/lunar/client/util/ThreadModuleDump70.java	ThreadModuleDump70	field,method,number,value
116	com/moonsworth/lunar/client/mod/misc/SkyblockSuperpairs.java	SkyblockSuperpairs	field,flag,method,number,text
116	com/moonsworth/lunar/client/framework/feature/mod/mixin/MixinHelper102.java	MixinHelper102	flag,method,text
116	com/moonsworth/lunar/client/framework/feature/crosshair/Crosshair2.java	Crosshair2	field,flag,method,number,text
115	com/moonsworth/lunar/legacy/wrapper/WorldBorderImpl.java	WorldBorderImpl	field,flag,method,number,text,value
115	com/moonsworth/lunar/genesis/SerializableImpl_4.java	SerializableImpl_4	field,flag,method,number,obj,text
115	com/moonsworth/lunar/forge/lib/guava/primitives/ImmutableLongArray.java	ImmutableLongArray	number,obj
115	com/moonsworth/lunar/forge/lib/guava/primitives/ImmutableIntArray.java	ImmutableIntArray	number,obj
115	com/moonsworth/lunar/forge/lib/MixinAltSerializer.java	MixinAltSerializer	field,method,number
115	com/moonsworth/lunar/client/util/Util_2.java	Util_2	arg,field,flag,method,number
115	com/moonsworth/lunar/client/mod/render/ShulkerPreview.java	ShulkerPreview	arg,field,method,number,value
115	com/moonsworth/lunar/client/markers/Highlight3Iterator.java	Highlight3Iterator	field,flag,method,number,text,value
115	com/moonsworth/lunar/client/framework/feature/markers/SIterator2.java	SIterator2	field,method,text
115	com/moonsworth/lunar/client/framework/feature/gui/Gui2.java	Gui2	field,method,number
115	com/moonsworth/lunar/bridge/BlocksBridge.java	BlocksBridge	method,number,text
114	com/moonsworth/lunar/forge/lib/guava/primitives/Booleans.java	Booleans	flag,number,obj,text
114	com/moonsworth/lunar/client/highlight/EventRenderTooltip.java	EventRenderTooltip	field,method,number,value
113	net/minecraft/client/gui/achievement/GuiAchievements.java	GuiAchievements	flag,i,j,k
113	com/moonsworth/lunar/forge/lib/MixinShared4.java	MixinShared4	field,method,number
113	com/moonsworth/lunar/forge/lib/MixinHelper78.java	MixinHelper78	field,flag,method,number,text
113	com/moonsworth/lunar/forge/lib/MixinHelper328.java	MixinHelper328	field,method,number,obj
113	com/moonsworth/lunar/client/mod/hud/SkyblockCaughtCrittersHud.java	SkyblockCaughtCrittersHud	field,flag,method,number,text
113	com/moonsworth/lunar/client/framework/feature/mod/fishing/click/Click10.java	Click10	field,method,number,text
112	com/moonsworth/lunar/forge/lib/guava/collect/ArrayTable.java	ArrayTable	number,obj,value
112	com/moonsworth/lunar/forge/lib/OutputStreamSerializer2_3.java	OutputStreamSerializer2_3	field,flag,method,number,text
112	com/moonsworth/lunar/client/markers/mixin/holograms/Holograms.java	Holograms	field,flag,method,number,text
112	com/moonsworth/lunar/client/inactive/rewindhandlers/Rewindhandlers6.java	Rewindhandlers6	field,flag,method,text,value
112	com/moonsworth/lunar/client/glintcolorizer/GlintcolorizerType_3.java	GlintcolorizerType_3	text,value
112	com/moonsworth/lunar/client/framework/feature/waypoints/mixin/rewindhandlers/Gui2Loader.java	Gui2Loader	arg,field,flag,method,number,text,value
112	com/moonsworth/lunar/client/framework/feature/rewind/rewindhandlersNameplate/RewindhandlersNameplate_2.java	RewindhandlersNameplate_2	field,method,number,value
112	com/moonsworth/lunar/client/framework/feature/mod/fishing/click/Click12.java	Click12	field,flag,method,number,text,value
111	com/moonsworth/lunar/client/util/ThreadModuleDump45.java	ThreadModuleDump45	field,flag,method,number
111	com/moonsworth/lunar/client/mod/render/Crosshair.java	Crosshair	arg,field,flag,method,number,text,value
111	com/moonsworth/lunar/client/mod/misc/SkyblockTpMaze.java	SkyblockTpMaze	field,flag,method,value
111	com/moonsworth/lunar/client/mod/hud/SkyblockVisitorShoppingListHud.java	SkyblockVisitorShoppingListHud	field,flag,method,number,text
111	com/moonsworth/lunar/client/framework/feature/rewind/nameplate/mixin/gui/Nameplate2Impl3.java	Nameplate2Impl3	field,flag,method,number,value
111	com/moonsworth/lunar/client/framework/feature/rewind/Rewind3.java	Rewind3	field,method,number,obj,text
111	com/moonsworth/lunar/client/framework/feature/mod/impl/click/storageoverlay/Storageoverlay.java	Storageoverlay	field,flag,method,number,text
111	com/moonsworth/lunar/client/framework/feature/mod/holograms/mixin/Holograms3.java	Holograms3	arg,field,method,number,value
111	com/moonsworth/lunar/client/framework/feature/hypixelbedwars/mixin/Hypixelbedwars.java	Hypixelbedwars	field,method,number,text,value
111	com/moonsworth/lunar/client/framework/MixinCore5Handler4.java	MixinCore5Handler4	field,flag,method,text,value
110	net/minecraft/potion/PotionHelper.java	PotionHelper	flag,i,j,k
110	com/moonsworth/lunar/legacy/wrapper/Bridge5Handler.java	Bridge5Handler	field,method,number,obj,text
110	com/moonsworth/lunar/legacy/mixin/EntityFootStepFXMixin.java	EntityFootStepFXMixin	method,value
110	com/moonsworth/lunar/genesis/MixinHelper_15.java	MixinHelper_15	number,obj,text
110	com/moonsworth/lunar/forge/lib/guava/collect/Iterators.java	Iterators	flag,number,obj,value
110	com/moonsworth/lunar/forge/lib/guava/base/Strings.java	Strings	number,obj,text
110	com/moonsworth/lunar/forge/lib/MixinMisc3Loader10.java	MixinMisc3Loader10	field,method,number,obj
110	com/moonsworth/lunar/forge/lib/MixinExtra6$Data.java	MixinExtra6$Data	field,flag,method,number
110	com/moonsworth/lunar/forge/lib/CloseableSerializer_2.java	CloseableSerializer_2	field,method,number
110	com/moonsworth/lunar/client/highlight/fishing/HighlightImpl9.java	HighlightImpl9	field,method,number,value
110	com/moonsworth/lunar/client/framework/feature/rewind/rewindhandlers/nameplate/Nameplate2_2.java	Nameplate2_2	arg,field,method,number,text
110	com/moonsworth/lunar/client/framework/feature/rewind/rewindhandlers/Rewindhandlers2_4.java	Rewindhandlers2_4	field,flag,method,number,text
110	com/moonsworth/lunar/client/framework/feature/mod/fishing/holograms/Holograms5.java	Holograms5	field,flag,method,value
110	com/moonsworth/lunar/client/framework/feature/mod/fishing/click/Click5.java	Click5	field,method,number,value
110	com/moonsworth/lunar/client/fov/FovHandler.java	FovHandler	field,method,number,text
110	com/moonsworth/lunar/bridge/TextBridge.java	TextBridge	method,number,text
109	com/moonsworth/lunar/legacy/wrapper/GuiScreenImpl.java	GuiScreenImpl	field,flag,method,number,value
109	com/moonsworth/lunar/forge/lib/MixinExtra4_2.java	MixinExtra4_2	field,flag,method,number,text
109	com/moonsworth/lunar/client/mod/hud/SkyblockSkillProgressHud.java	SkyblockSkillProgressHud	field,flag,method,number,text,value
109	com/moonsworth/lunar/client/fov/Fov5_2.java	Fov5_2	arg,field,method,number,value
108	com/moonsworth/lunar/legacy/wrapper/Bridge2Iterator.java	Bridge2Iterator	arg,method,number,text
108	com/moonsworth/lunar/client/mod/misc/CompanionDebug.java	CompanionDebug	field,flag,method,text
108	com/moonsworth/lunar/client/mod/hud/SkyblockDianaMobHud.java	SkyblockDianaMobHud	field,flag,method,text,value
108	com/moonsworth/lunar/client/killsounds/Killsounds15Iterator2.java	Killsounds15Iterator2	arg,flag,method,obj,text,value
108	com/moonsworth/lunar/client/framework/feature/titles/Titles2.java	Titles2	field,flag,method,number,obj,value
107	com/moonsworth/lunar/forge/lib/guava/collect/Ordering.java	Ordering	number,obj,value
107	com/moonsworth/lunar/forge/lib/MixinCommon2.java	MixinCommon2	field,flag,method,text
107	com/moonsworth/lunar/client/framework/feature/waypoints/Gui2Loader.java	Gui2Loader	field,flag,method,number,text
107	com/moonsworth/lunar/client/framework/feature/rewind/rewindhandlers/rewindhandlersCore/RewindHandlers3Impl2.java	RewindHandlers3Impl2	arg,field,flag,method,number,value
107	com/moonsworth/lunar/client/framework/feature/mod/holograms/highlight/GuiRewindhandlersHandler23.java	GuiRewindhandlersHandler23	arg,field,method,number,text
107	com/moonsworth/lunar/client/framework/feature/markers/SIterator_2.java	SIterator_2	method,text
107	com/moonsworth/lunar/client/framework/feature/chat/Chat.java	Chat	field,flag,method,number,text
106	net/minecraft/world/biome/BiomeGenMesa.java	BiomeGenMesa	flag,i,j,k
106	com/moonsworth/lunar/forge/lib/guava/primitives/UnsignedBytes.java	UnsignedBytes	field,number,obj,text
106	com/moonsworth/lunar/forge/lib/OutputStreamSerializer2.java	OutputStreamSerializer2	field,method,number,text
106	com/moonsworth/lunar/forge/lib/OutputStreamBase5.java	OutputStreamBase5	field,flag,method,number
106	com/moonsworth/lunar/files/mixin/Files4.java	Files4	field,method,number,obj,text
106	com/moonsworth/lunar/client/util/Coordinates.java	Coordinates	arg,field,method,number,text,value
106	com/moonsworth/lunar/client/framework/feature/mod/fishing/holograms/Holograms2.java	Holograms2	field,method,number,text,value
106	com/moonsworth/lunar/client/framework/feature/debug/shaderdebugmod/Shaderdebugmod5.java	Shaderdebugmod5	arg,flag,method,number,text
105	com/moonsworth/lunar/client/mod/render/ItemPhysics.java	ItemPhysics	field,flag,method,value
105	com/moonsworth/lunar/client/mod/misc/Replaymod.java	Replaymod	arg,field,method
105	com/moonsworth/lunar/client/framework/feature/rewind/highlight/Highlight3.java	Highlight3	arg,field,method,number,text
105	com/moonsworth/lunar/client/framework/feature/mod/MixinHelper27.java	MixinHelper27	field,flag,method,number,text,value
104	net/minecraft/client/gui/GuiPlayerTabOverlay.java	GuiPlayerTabOverlay	flag,i,j,k
104	com/moonsworth/lunar/ichor/MixinMisc3$Data3.java	MixinMisc3$Data3	field,method,text
104	com/moonsworth/lunar/genesis/MixinHelper11_5.java	MixinHelper11_5	field,number,text
104	com/moonsworth/lunar/client/util/AnnotationSpec.java	AnnotationSpec	field,flag,method,number,obj,text
104	com/moonsworth/lunar/client/mod/misc/SkyblockStackingEnchants.java	SkyblockStackingEnchants	arg,field,method,number,text
104	com/moonsworth/lunar/client/mod/hud/SkyblockTerracottaTimer.java	SkyblockTerracottaTimer	arg,field,flag,method,number,obj,text,value
104	com/moonsworth/lunar/client/framework/feature/tiertagger/rewindhandlers/Tiertagger6Iterator.java	Tiertagger6Iterator	arg,field,method,number,text
104	com/moonsworth/lunar/client/framework/feature/onesevenvisuals/legacy/Onesevenvisuals.java	Onesevenvisuals	method,number,value
103	net/minecraft/world/gen/feature/WorldGenLakes.java	WorldGenLakes	flag,i,j,k
103	net/minecraft/client/renderer/RenderGlobal.java	RenderGlobal	flag,i,j,k
103	net/minecraft/client/renderer/EntityRenderer.java	EntityRenderer	i,j,k
103	com/moonsworth/lunar/replaymod/forge/v1_8/mixin/EventRegistrationsHandler.java	EventRegistrationsHandler	arg,field,flag,method,number
103	com/moonsworth/lunar/genesis/IterableIterator.java	IterableIterator	field,method,number,obj,value
103	com/moonsworth/lunar/forge/lib/guava/collect/Tables.java	Tables	arg,obj,value
103	com/moonsworth/lunar/client/mod/misc/SkyblockCriticalDungeonTeammate.java	SkyblockCriticalDungeonTeammate	field,method,text
103	com/moonsworth/lunar/client/mod/combat/KnockbackStats.java	KnockbackStats	field,method,text
103	com/moonsworth/lunar/client/markers/mixin/gui/mixin/GuiExtension10.java	GuiExtension10	field,flag,method,value
103	com/moonsworth/lunar/client/framework/nameplate/Alert2Iterator.java	Alert2Iterator	arg,field,flag,method,text
103	com/moonsworth/lunar/client/framework/feature/rewind/nameplate/Fishing2Iterator.java	Fishing2Iterator	field,flag,method,number,text
103	com/moonsworth/lunar/client/framework/feature/quickplay/mixin/Bridge7Iterator2.java	Bridge7Iterator2	field,method,number,text,value
103	com/moonsworth/lunar/client/framework/feature/mod/fishing/holograms/nameplate/Nameplate.java	Nameplate	method,number,text,value
102	com/moonsworth/lunar/ichor/util/FatalIchorError4.java	FatalIchorError4	field,flag,method,number,obj,text,value
102	com/moonsworth/lunar/files/mixin/Files3.java	Files3	field,method,number,obj,text
102	com/moonsworth/lunar/client/mod/render/SkyblockEnchantDisplay.java	SkyblockEnchantDisplay	field,flag,method,number,text,value
102	com/moonsworth/lunar/client/mod/misc/SkyblockKuudraAlerts.java	SkyblockKuudraAlerts	field,flag,method,number,text,value
102	com/moonsworth/lunar/client/framework/feature/debug/fpsdebugmod/profilerdebugmod/Profilerdebugmod.java	Profilerdebugmod	arg,field,method,number,text
102	com/moonsworth/lunar/bridge/Bridge2_21.java	Bridge2_21	method,number,text
102	com/moonsworth/lunar/bridge/Bridge2Handler_2.java	Bridge2Handler_2	field,flag,method,number,obj,text
101	com/moonsworth/lunar/forge/lib/guava/primitives/Chars.java	Chars	number,obj,text
101	com/moonsworth/lunar/forge/lib/InputStreamLoader.java	InputStreamLoader	field,flag,method,number,text
101	com/moonsworth/lunar/client/framework/feature/mod/MixinHelper2.java	MixinHelper2	arg,field,method,number,text
100	com/moonsworth/lunar/legacy/GuiListExtendedImpl2.java	GuiListExtendedImpl2	field,flag,method,number,value
100	com/moonsworth/lunar/forge/lib/guava/collect/ImmutableSetMultimap.java	ImmutableSetMultimap	arg,number,obj,value
100	com/moonsworth/lunar/forge/Ichor2Iterator.java	Ichor2Iterator	field,flag,method,text
100	com/moonsworth/lunar/client/mod/render/StarredMobHighlight.java	StarredMobHighlight	arg,field,method,number,obj,text
100	com/moonsworth/lunar/client/mod/misc/McDebugRenderer.java	McDebugRenderer	field,flag,method
100	com/moonsworth/lunar/client/inactive/mixin/colorsaturation/mixin/Colorsaturation.java	Colorsaturation	flag,method,obj,text,value
100	com/moonsworth/lunar/client/guiRewindhandlers/mixin/GuiRewindhandlers5.java	GuiRewindhandlers5	arg,field,method,number
100	com/moonsworth/lunar/client/framework/feature/mod/gui/Gui3.java	Gui3	field,method,number,text,value
100	com/moonsworth/lunar/bridge/Bridge8_2.java	Bridge8_2	flag,method,number,obj,text,value
99	com/moonsworth/lunar/forge/lib/MixinMisc2_2.java	MixinMisc2_2	field,method,number,text
99	com/moonsworth/lunar/forge/lib/MixinHelper4_2.java	MixinHelper4_2	field,method,number,text
99	com/moonsworth/lunar/forge/lib/InputStreamBase_10.java	InputStreamBase_10	field,flag,method,number
99	com/moonsworth/lunar/client/mod/misc/SoundChanger.java	SoundChanger	arg,field,method,text
99	com/moonsworth/lunar/client/mod/misc/SkyblockSeaCreatureMessages.java	SkyblockSeaCreatureMessages	field,method,obj,text
99	com/moonsworth/lunar/client/markers/mixin/gui/mixin/Gui19.java	Gui19	arg,method,text
99	com/moonsworth/lunar/client/framework/feature/mod/fishing/holograms/Holograms2_2.java	Holograms2_2	field,flag,method,number,text,value
98	com/moonsworth/lunar/forge/lib/InputStreamBase_7.java	InputStreamBase_7	field,flag,method,number
98	com/moonsworth/lunar/config/Config$Data.java	Config$Data	field,flag,method,number,obj,text
98	com/moonsworth/lunar/client/util/lotusfish/mixin/Lotusfish2.java	Lotusfish2	field,flag,method,number
98	com/moonsworth/lunar/client/util/ThreadModuleDump37.java	ThreadModuleDump37	arg,field,method,number,obj
98	com/moonsworth/lunar/client/mod/misc/Quickplay.java	Quickplay	arg,field,flag,method,text
98	com/moonsworth/lunar/client/mod/hud/SkyblockDungeonBlessingHud.java	SkyblockDungeonBlessingHud	field,flag,method,number,text
98	com/moonsworth/lunar/client/framework/feature/screenshot/ScreenshotThread.java	ScreenshotThread	arg,field,method,number,text
98	com/moonsworth/lunar/client/framework/feature/mod/fishing/coordinates/Coordinates.java	Coordinates	field,method,number,value
97	com/moonsworth/lunar/genesis/MixinHelper6333.java	MixinHelper6333	field,method,obj,value
97	com/moonsworth/lunar/forge/lib/InputStreamLoader2_4.java	InputStreamLoader2_4	field,method,number
97	com/moonsworth/lunar/client/util/alert/GuiRewindhandlersHandler2.java	GuiRewindhandlersHandler2	arg,field,method,number,text
97	com/moonsworth/lunar/client/mod/movement/Freelook.java	Freelook	arg,field,method,value
97	com/moonsworth/lunar/client/mod/misc/SkyblockMetalDetectorDataGen.java	SkyblockMetalDetectorDataGen	field,flag,method,number,text
97	com/moonsworth/lunar/client/markers/mixin/gui/mixin/rewindhandlers/GuiExtension.java	GuiExtension	flag,method,text
97	com/moonsworth/lunar/client/lighting/nameplate/mixin/NameplateImpl2.java	NameplateImpl2	field,flag,method,number,obj,value
97	com/moonsworth/lunar/client/lighting/nameplate/mixin/NameplateImpl.java	NameplateImpl	field,flag,method,number,obj,value
97	com/moonsworth/lunar/client/framework/feature/waypoints/mixin/holograms/Gui2Loader.java	Gui2Loader	field,flag,method,number,text
97	com/moonsworth/lunar/client/framework/feature/rewind/rewindhandlers/rewindhandlersCore/RewindHandlers3Impl6.java	RewindHandlers3Impl6	field,method,number,value
96	com/moonsworth/lunar/replaymod/forge/v1_12/mixin/EventRegistrationsHandler.java	EventRegistrationsHandler	arg,field,flag,method,number
96	com/moonsworth/lunar/forge/lib/OutputStreamSerializer2_2.java	OutputStreamSerializer2_2	field,flag,method,number,text
96	com/moonsworth/lunar/forge/lib/MixinSharedImpl.java	MixinSharedImpl	field,method,number
96	com/moonsworth/lunar/client/mod/misc/SkyblockUltrasequencer.java	SkyblockUltrasequencer	field,flag,method
96	com/moonsworth/lunar/client/mod/hud/Cps.java	Cps	arg,field,flag,method,text,value
96	com/moonsworth/lunar/client/mod/combat/SkyblockDamageSplash.java	SkyblockDamageSplash	field,flag,method,number,obj,text
96	com/moonsworth/lunar/client/framework/feature/rewind/gui/Gui_2.java	Gui_2	field,flag,method,number,value
96	com/moonsworth/lunar/client/framework/feature/potioneffects/Potioneffects3Impl2.java	Potioneffects3Impl2	field,flag,method,text,value
96	com/moonsworth/lunar/client/framework/feature/mod/impl/chest/dungeon/dungeonwaypoints/DungeonwaypointsIterator.java	DungeonwaypointsIterator	flag,method,number,text,value
96	com/moonsworth/lunar/client/framework/feature/autotextactions/Lighting3Loader.java	Lighting3Loader	field,flag,method,text
96	com/moonsworth/lunar/bridge/Bridge6_9.java	Bridge6_9	field,flag,method,number,obj,text
95	com/moonsworth/lunar/legacy/mixin/GuiYesNoChoiceMixin.java	GuiYesNoChoiceMixin	arg,flag,method,number,text
95	com/moonsworth/lunar/forge/lib/guava/collect/Streams.java	Streams	flag,number,value,var
95	com/moonsworth/lunar/forge/lib/guava/collect/ImmutableListMultimap.java	ImmutableListMultimap	arg,number,obj,value
95	com/moonsworth/lunar/forge/lib/MixinMoreBase2.java	MixinMoreBase2	field,method,number
95	com/moonsworth/lunar/client/util/RandomImpl.java	RandomImpl	field,method,number,value
95	com/moonsworth/lunar/client/lightoverlay/Lightoverlay7.java	Lightoverlay7	arg,flag,method,number,obj,text
95	com/moonsworth/lunar/client/framework/feature/rewind/Fishing2Loader4.java	Fishing2Loader4	field,flag,method,number,value
94	com/moonsworth/lunar/legacy/mixin/EffectRendererParticleChangerMixin.java	EffectRendererParticleChangerMixin	method,number,value
94	com/moonsworth/lunar/legacy/mixin/AxisAlignedBBMixin.java	AxisAlignedBBMixin	number,obj,value
94	com/moonsworth/lunar/forge/lib/MixinHelper94.java	MixinHelper94	field,flag,method,number
94	com/moonsworth/lunar/forge/lib/CloseableLoader$Data12.java	CloseableLoader$Data12	field,method,number
94	com/moonsworth/lunar/forge/lib/AttributeLoader.java	AttributeLoader	field,method,number,text
94	com/moonsworth/lunar/client/util/click/Click3.java	Click3	field,method,number,value
94	com/moonsworth/lunar/client/glintcolorizer/Glintcolorizer3_2.java	Glintcolorizer3_2	field,flag,method,text
94	com/moonsworth/lunar/client/framework/feature/mod/fishing/gui/Gui2.java	Gui2	arg,field,method,number,text
93	com/moonsworth/lunar/forge/lib/MixinExtra10Loader.java	MixinExtra10Loader	field,method,number
93	com/moonsworth/lunar/client/inactive/Inactive.java	Inactive	field,flag,method,value
93	com/moonsworth/lunar/client/guiRewindhandlers/GuiRewindhandlersHandler29.java	GuiRewindhandlersHandler29	arg,field,flag,method,number,value
92	com/moonsworth/lunar/genesis/MixinHelper5$Data14.java	MixinHelper5$Data14	field,number,obj
92	com/moonsworth/lunar/genesis/MixinHelper142$Data2.java	MixinHelper142$Data2	field,number,obj,value
92	com/moonsworth/lunar/genesis/MixinHelper122$Data2.java	MixinHelper122$Data2	field,number,obj
92	com/moonsworth/lunar/client/mod/render/SkyblockMageBeam.java	SkyblockMageBeam	field,method,number
92	com/moonsworth/lunar/client/mod/render/SkyblockCroesusChests.java	SkyblockCroesusChests	field,method,text
92	com/moonsworth/lunar/client/mod/misc/SkyblockSeaCreatureAlert.java	SkyblockSeaCreatureAlert	field,flag,method,text
92	com/moonsworth/lunar/client/mod/hud/SkyblockQuiverHud.java	SkyblockQuiverHud	arg,field,flag,method,number,text
92	com/moonsworth/lunar/client/mod/hud/ShaderPackDisplay.java	ShaderPackDisplay	field,flag,method,number,text,value
92	com/moonsworth/lunar/client/framework/feature/rewind/rewindhandlers/rewindhandlersCore/RewindHandlers3Impl4.java	RewindHandlers3Impl4	field,method
91	com/moonsworth/lunar/legacy/mixin/GlStateManagerMixin.java	GlStateManagerMixin	field,method,number,value
91	com/moonsworth/lunar/client/mod/hud/SkyblockVisitorHud.java	SkyblockVisitorHud	field,flag,method,number,text
91	com/moonsworth/lunar/client/horsestats/mixin/Horsestats5.java	Horsestats5	field,method,text,value
91	com/moonsworth/lunar/client/holograms/Holograms8Handler.java	Holograms8Handler	field,flag,method,number,text,value
91	com/moonsworth/lunar/client/highlight/fishing/HighlightImpl16.java	HighlightImpl16	field,flag,method,value
91	com/moonsworth/lunar/client/framework/feature/rewind/Fishing2Loader32.java	Fishing2Loader32	field,flag,method,number,value
91	com/moonsworth/lunar/client/framework/feature/pkg/Pkg6.java	Pkg6	field,method,number,value
91	com/moonsworth/lunar/client/framework/feature/mod/holograms/fishing/GuiRewindhandlersHandler2.java	GuiRewindhandlersHandler2	field,method,text
91	com/moonsworth/lunar/client/framework/feature/mod/fishing/click/Click13.java	Click13	field
91	com/moonsworth/lunar/client/framework/feature/minimap/Minimap2Impl2.java	Minimap2Impl2	field,flag,method,number,text,value
91	com/moonsworth/lunar/client/feature/Module2.java	Module2	field,flag,method,number,obj,value
90	com/moonsworth/lunar/ichor/util/FatalIchorError13.java	FatalIchorError13	field,flag,method,number,text
90	com/moonsworth/lunar/genesis/SerializableUpdater.java	SerializableUpdater	arg,field,method,number,obj,value
90	com/moonsworth/lunar/client/util/ThreadModuleDump64.java	ThreadModuleDump64	field,method,value
90	com/moonsworth/lunar/client/mod/render/SkyblockDungeonColors.java	SkyblockDungeonColors	arg,field,flag,method,number
90	com/moonsworth/lunar/client/framework/feature/rewind/highlight/Highlight_4.java	Highlight_4	field,method,text
90	com/moonsworth/lunar/client/framework/feature/mod/holograms/ParentTHandler.java	ParentTHandler	arg,field,method,value
90	com/moonsworth/lunar/client/framework/feature/f3display/F3display2_2.java	F3display2_2	field,flag,method,text
90	com/moonsworth/lunar/bridge/Bridge_28.java	Bridge_28	method,number,value
89	com/moonsworth/lunar/genesis/MixinHelper6$Data26.java	MixinHelper6$Data26	field,flag,number,obj
89	com/moonsworth/lunar/genesis/MixinHelper4$Data14.java	MixinHelper4$Data14	field,number,obj
89	com/moonsworth/lunar/genesis/MixinHelper132$Data2.java	MixinHelper132$Data2	field,number,obj,value
89	com/moonsworth/lunar/genesis/MixinHelper112$Data.java	MixinHelper112$Data	field,number,obj
89	com/moonsworth/lunar/client/util/colorsaturation/ColorsaturationHandler.java	ColorsaturationHandler	field,method,number,value
89	com/moonsworth/lunar/client/mod/render/ServerHolograms.java	ServerHolograms	arg,field,flag,method,number,value
89	com/moonsworth/lunar/client/lighting/LightingExtension2.java	LightingExtension2	field,flag,method,obj,text,value
89	com/moonsworth/lunar/client/killsounds/Killsounds4.java	Killsounds4	field,method,number,obj,text
89	com/moonsworth/lunar/client/highlight/mixin/highlight/EventRenderGlintTransform.java	EventRenderGlintTransform	field,flag,method,value
89	com/moonsworth/lunar/client/framework/feature/waypoints/Gui2Loader_2.java	Gui2Loader_2	flag,method,number,text,value
89	com/moonsworth/lunar/client/framework/feature/screenshot/Screenshot2.java	Screenshot2	field,flag,method,number,text
88	com/moonsworth/lunar/genesis/MixinHelper41.java	MixinHelper41	field,number,obj
88	com/moonsworth/lunar/forge/lib/MixinCommon3.java	MixinCommon3	field,method,number,text
88	com/moonsworth/lunar/client/util/ThreadModuleDump25.java	ThreadModuleDump25	field,flag,method,text,value
88	com/moonsworth/lunar/client/mod/hud/SkyblockProfessorGuardianHp.java	SkyblockProfessorGuardianHp	field,method,text,value
88	com/moonsworth/lunar/client/mixin/EntityRendererMixin2.java	EntityRendererMixin2	arg,field,flag,method,number,value
88	com/moonsworth/lunar/client/horsestats/Horsestats4.java	Horsestats4	field,method,text
88	com/moonsworth/lunar/client/framework/feature/rewind/rewindhandlersNameplate/RewindhandlersNameplate_4.java	RewindhandlersNameplate_4	field,flag,method,text
88	com/moonsworth/lunar/client/framework/feature/pkg/Pkg3.java	Pkg3	flag,method,number,value
87	com/moonsworth/lunar/genesis/SerializableImpl_2.java	SerializableImpl_2	field,method,obj,value
87	com/moonsworth/lunar/forge/lib/mixin/Bootstrap.java	Bootstrap	field,method,number,text
87	com/moonsworth/lunar/forge/lib/guava/primitives/UnsignedInts.java	UnsignedInts	number,text
87	com/moonsworth/lunar/forge/lib/MixinHelper4.java	MixinHelper4	arg,field,flag,method,number
87	com/moonsworth/lunar/forge/lib/MixinAlt8.java	MixinAlt8	field,method,number
87	com/moonsworth/lunar/client/util/ThreadModuleDump61.java	ThreadModuleDump61	field,flag,method,text
87	com/moonsworth/lunar/client/mod/misc/SkyblockLassoHelper.java	SkyblockLassoHelper	field,method,text,value
87	com/moonsworth/lunar/client/mod/combat/DamageTint.java	DamageTint	field,method,number,value
87	com/moonsworth/lunar/client/mixin/WebSocketClientHandler.java	WebSocketClientHandler	field,flag,method,number,text
87	com/moonsworth/lunar/client/horsestats/Horsestats$Data2.java	Horsestats$Data2	field,flag,method,number,text,value
86	com/moonsworth/lunar/legacy/wrapper/ICodecImpl.java	ICodecImpl	arg,field,flag,method,number,text
86	com/moonsworth/lunar/genesis/NumberImpl2.java	NumberImpl2	field,method,number,obj,text,value
86	com/moonsworth/lunar/forge/lib/guava/hash/BloomFilter.java	BloomFilter	number,obj,text,value
86	com/moonsworth/lunar/forge/lib/guava/cache/CacheBuilderSpec.java	CacheBuilderSpec	number,obj,text
86	com/moonsworth/lunar/forge/lib/OutputStreamBase9.java	OutputStreamBase9	field,method,number
86	com/moonsworth/lunar/forge/lib/MixinHelper93.java	MixinHelper93	field,method,number
86	com/moonsworth/lunar/forge/lib/InputStreamLoader4_2.java	InputStreamLoader4_2	field,flag,method,number
86	com/moonsworth/lunar/client/util/ThreadModuleDump92.java	ThreadModuleDump92	field,method,number,value
86	com/moonsworth/lunar/client/mod/misc/TransformationDebug.java	TransformationDebug	arg,field,method
86	com/moonsworth/lunar/client/mod/misc/SkyblockAutoRequeue.java	SkyblockAutoRequeue	field,method,text
86	com/moonsworth/lunar/client/framework/feature/rewind/rewindhandlers/Rewindhandlers2Impl.java	Rewindhandlers2Impl	field,flag,method,number,text,value
86	com/moonsworth/lunar/client/framework/feature/onesevenvisuals/modern/Modern.java	Modern	field,method,value
85	com/moonsworth/lunar/genesis/MixinHelper8$Type$2.java	MixinHelper8$Type$2	number
85	com/moonsworth/lunar/genesis/MixinHelper7$Data18.java	MixinHelper7$Data18	field,number,obj
85	com/moonsworth/lunar/genesis/MixinHelper22_3.java	MixinHelper22_3	flag,number,value
85	com/moonsworth/lunar/forge/lib/guava/util/concurrent/Uninterruptibles.java	Uninterruptibles	flag,number,value
85	com/moonsworth/lunar/forge/lib/guava/collect/AbstractBiMap.java	AbstractBiMap	flag,obj,value
85	com/moonsworth/lunar/client/mod/render/WorldeditCui.java	WorldeditCui	arg,field,method
85	com/moonsworth/lunar/client/mod/render/SkyblockCreeperBeams.java	SkyblockCreeperBeams	field,flag,method,number,value
85	com/moonsworth/lunar/client/mod/misc/BasicDebugMod.java	BasicDebugMod	arg,field,method
85	com/moonsworth/lunar/client/horsestats/mixin/Horsestats3.java	Horsestats3	arg,field,flag,method,number,text,value
85	com/moonsworth/lunar/client/highlight/mixin/highlight/EventRenderEntityLabel.java	EventRenderEntityLabel	field,method,number,obj,value
85	com/moonsworth/lunar/client/glintcolorizer/mixin/Glintcolorizer3Iterator.java	Glintcolorizer3Iterator	field,method,text,value
85	com/moonsworth/lunar/client/framework/feature/mod/gui/Gui2.java	Gui2	field,method,number,value
85	com/moonsworth/lunar/client/framework/feature/mod/fishing/mixin/Fishing4.java	Fishing4	arg,field,flag,method,number,text
85	com/moonsworth/lunar/client/framework/feature/mod/fishing/mixin/Fishing3.java	Fishing3	field,method,number,obj,text
85	com/moonsworth/lunar/client/framework/feature/killsounds/mixin/Killsounds.java	Killsounds	arg,field,flag,method,text,value
84	net/minecraft/item/ItemMap.java	ItemMap	flag,i,j,k
84	com/moonsworth/lunar/genesis/MixinHelper62333.java	MixinHelper62333	field,method,number,obj,value
84	com/moonsworth/lunar/forge/lib/guava/util/concurrent/SmoothRateLimiter.java	SmoothRateLimiter	number,value
84	com/moonsworth/lunar/client/rewindhandlers/Rewindhandlers3.java	Rewindhandlers3	field,method,number,obj,text
84	com/moonsworth/lunar/client/mod/render/SkyblockRainbowBellWaypoints.java	SkyblockRainbowBellWaypoints	field,method,value
84	com/moonsworth/lunar/client/mod/render/CustomDroppedItems.java	CustomDroppedItems	arg,field,flag,method,text,value
84	com/moonsworth/lunar/client/mod/player/ItemDropProtection.java	ItemDropProtection	field,method,number
84	com/moonsworth/lunar/client/markers/mixin/rewindhandlers/Markers3Handler.java	Markers3Handler	field,method,number,value
84	com/moonsworth/lunar/client/glintcolorizer/JsonDeserializerIterator.java	JsonDeserializerIterator	field,method,text
84	com/moonsworth/lunar/client/glintcolorizer/Glintcolorizer$Data.java	Glintcolorizer$Data	field,method,number,text,value
84	com/moonsworth/lunar/client/framework/feature/rewind/rewindhandlersNameplate/RewindhandlersNameplate2.java	RewindhandlersNameplate2	arg,field,method,number,text,value
84	com/moonsworth/lunar/client/framework/feature/rewind/RewindIterator22.java	RewindIterator22	field,method,number,text,value
84	com/moonsworth/lunar/client/framework/feature/mod/highlight/HighlightType3.java	HighlightType3	arg,method,text
84	com/moonsworth/lunar/client/framework/feature/chat/Chat4.java	Chat4	arg,field,flag,method,text
83	com/moonsworth/lunar/forge/lib/guava/collect/ImmutableMultiset.java	ImmutableMultiset	arg,number,obj,value
83	com/moonsworth/lunar/forge/lib/MixinExtra3_2.java	MixinExtra3_2	field,number,text
83	com/moonsworth/lunar/client/util/ThreadModuleDump71.java	ThreadModuleDump71	field,flag,method,number,value
83	com/moonsworth/lunar/client/mod/misc/SkyblockRarityBackground.java	SkyblockRarityBackground	field,method,number,text
83	com/moonsworth/lunar/client/mod/misc/ModsEnabledDebugMod.java	ModsEnabledDebugMod	arg,field,flag,method,number,text
83	com/moonsworth/lunar/client/mod/hud/ActionBar.java	ActionBar	arg,field,flag,method,number,value
83	com/moonsworth/lunar/client/highlight/mixin/gui/HighlightBase.java	HighlightBase	field,method,number,obj,value
83	com/moonsworth/lunar/client/framework/feature/saturation/Saturation.java	Saturation	field,flag,method,number,value
83	com/moonsworth/lunar/client/framework/feature/rewind/RewindIterator_2.java	RewindIterator_2	field,flag,method,number
83	com/moonsworth/lunar/client/framework/feature/nickhider/NickhiderImpl.java	NickhiderImpl	arg,field,method,number,obj,text,value
83	com/moonsworth/lunar/client/framework/feature/mod/holograms/GuiRewindhandlersHandler26.java	GuiRewindhandlersHandler26	arg,field,method,number,obj,text,value
83	com/moonsworth/lunar/client/framework/feature/lightoverlay/LightoverlayHandler3.java	LightoverlayHandler3	field,method,number,value
82	net/minecraft/world/gen/ChunkProviderHell.java	ChunkProviderHell	flag,i,j,k
82	com/moonsworth/lunar/genesis/MixinHelper32_5.java	MixinHelper32_5	field,method,number,text
82	com/moonsworth/lunar/forge/lib/guava/base/Splitter.java	Splitter	flag,number,text
82	com/moonsworth/lunar/forge/lib/InputStreamBase2_3.java	InputStreamBase2_3	field,method,number
82	com/moonsworth/lunar/client/mod/render/StorageOverlay.java	StorageOverlay	arg,field,method
82	com/moonsworth/lunar/client/mod/hud/SkyblockSkillGlobeHud.java	SkyblockSkillGlobeHud	field,flag,method,value
82	com/moonsworth/lunar/client/markers/mixin/gui/mixin/GuiExtension.java	GuiExtension	flag,method,text
82	com/moonsworth/lunar/client/lighting/nameplate/Nameplate4Task.java	Nameplate4Task	field,flag,method,text
82	com/moonsworth/lunar/client/framework/feature/tiertagger/Tiertagger2.java	Tiertagger2	arg,field,method,text
82	com/moonsworth/lunar/client/framework/feature/mod/holograms/mixin/GuiRewindhandlersHandler24.java	GuiRewindhandlersHandler24	field,method,number,value
82	com/moonsworth/lunar/client/Highlight3Iterator31.java	Highlight3Iterator31	field,flag,method,number,obj,value
81	com/moonsworth/lunar/mixin/mixin/TessellatorMixin.java	TessellatorMixin	method,number,value
81	com/moonsworth/lunar/legacy/wrapper/Wrapper2$Data.java	Wrapper2$Data	field,flag,method,number,value
81	com/moonsworth/lunar/forge/lib/guava/primitives/Bytes.java	Bytes	number,obj
81	com/moonsworth/lunar/forge/lib/CloseableImpl.java	CloseableImpl	field,method,number
81	com/moonsworth/lunar/client/util/click/Click5.java	Click5	field,method,number
81	com/moonsworth/lunar/client/util/click/BridgeExtension3.java	BridgeExtension3	field,flag,method,number,value
81	com/moonsworth/lunar/client/mod/render/SkyblockInactiveEffigyDisplay.java	SkyblockInactiveEffigyDisplay	field,flag,method,text
81	com/moonsworth/lunar/client/mod/render/MobSize.java	MobSize	field,method,text,value
81	com/moonsworth/lunar/client/inactive/rewindhandlers/IBoneSerializer.java	IBoneSerializer	field,flag,text,value
81	com/moonsworth/lunar/client/framework/feature/quickplay/mixin/Calculator2Updater.java	Calculator2Updater	field,flag,method,number,text,value
81	com/moonsworth/lunar/client/framework/feature/quickplay/mixin/Bridge7Iterator.java	Bridge7Iterator	field,method,number,value
81	com/moonsworth/lunar/client/framework/feature/keystrokes/Keystrokes19Impl3.java	Keystrokes19Impl3	flag,method,number,value
81	com/moonsworth/lunar/client/fog/mixin/Gui2Handler.java	Gui2Handler	field,flag,method,number,text
80	net/minecraft/world/gen/MapGenCaves.java	MapGenCaves	flag,i,j,k
80	com/moonsworth/lunar/legacy/wrapper/ShaderBridgeImpl.java	ShaderBridgeImpl	field,flag,method,value
80	com/moonsworth/lunar/ichor/MixinMisc4.java	MixinMisc4	field,flag,method,obj,text
80	com/moonsworth/lunar/forge/lib/guava/collect/LinkedListMultimap.java	LinkedListMultimap	number,obj,value
80	com/moonsworth/lunar/forge/lib/guava/collect/GeneralRange.java	GeneralRange	flag,number,obj,value
80	com/moonsworth/lunar/forge/lib/MixinHelper3246.java	MixinHelper3246	field,method,number
80	com/moonsworth/lunar/forge/lib/MixinHelper3243.java	MixinHelper3243	field,method,number
80	com/moonsworth/lunar/forge/lib/FilterInputStreamLoader_2.java	FilterInputStreamLoader_2	field,flag,method,number
80	com/moonsworth/lunar/client/util/MethodSpec.java	MethodSpec	field,flag,method,number,text
80	com/moonsworth/lunar/client/mod/misc/TurboRenderingDebugMod.java	TurboRenderingDebugMod	arg,field,flag,method,text,value
80	com/moonsworth/lunar/client/mod/combat/HitColor.java	HitColor	field,method,number,value
80	com/moonsworth/lunar/client/inactive/rewindhandlers/Rewindhandlers3.java	Rewindhandlers3	field,flag,method,value
80	com/moonsworth/lunar/client/framework/feature/mod/fishing/holograms/Holograms3_4.java	Holograms3_4	method,value
79	net/minecraft/world/gen/NoiseGeneratorImproved.java	NoiseGeneratorImproved	i,j,k
79	com/moonsworth/lunar/legacy/mixin/ChunkMixin2.java	ChunkMixin2	flag,method,number
79	com/moonsworth/lunar/genesis/MixinHelper6332.java	MixinHelper6332	method,value
79	com/moonsworth/lunar/genesis/MixinHelper4$Data13.java	MixinHelper4$Data13	field,method,number,text
79	com/moonsworth/lunar/forge/lib/guava/util/concurrent/Striped.java	Striped	number,obj
79	com/moonsworth/lunar/forge/lib/guava/util/concurrent/RateLimiter.java	RateLimiter	number,obj,value
79	com/moonsworth/lunar/forge/lib/guava/net/HostAndPort.java	HostAndPort	flag,number,obj,text
79	com/moonsworth/lunar/forge/lib/guava/escape/UnicodeEscaper.java	UnicodeEscaper	number,text
79	com/moonsworth/lunar/forge/lib/MixinExtra10Loader3.java	MixinExtra10Loader3	arg,field,method,number,obj,text
79	com/moonsworth/lunar/client/util/ThreadModuleDump56.java	ThreadModuleDump56	field,flag,method,number,obj,text
79	com/moonsworth/lunar/client/mod/render/SkyblockEggWaypoints.java	SkyblockEggWaypoints	field,flag,method,text
79	com/moonsworth/lunar/client/mod/player/SkyblockHideChumBuckets.java	SkyblockHideChumBuckets	arg,field,method,text,value
79	com/moonsworth/lunar/client/mod/misc/SkyblockDnaAnalyzerSolver.java	SkyblockDnaAnalyzerSolver	field,flag,method,number,text
79	com/moonsworth/lunar/client/markers/Bridge7Handler.java	Bridge7Handler	field,flag,method,number,value
79	com/moonsworth/lunar/client/lighting/nameplate/mixin/NameplateImpl6.java	NameplateImpl6	field,flag,method,number,obj,value
79	com/moonsworth/lunar/client/lighting/nameplate/mixin/NameplateImpl5.java	NameplateImpl5	field,flag,method,number,obj,value
79	com/moonsworth/lunar/client/lighting/nameplate/mixin/NameplateImpl4.java	NameplateImpl4	field,flag,method,number,obj,value
79	com/moonsworth/lunar/client/lighting/nameplate/mixin/NameplateImpl3.java	NameplateImpl3	field,flag,method,number,obj,value
79	com/moonsworth/lunar/client/framework/feature/armorstatus/nameplate/Nameplate3.java	Nameplate3	field,flag,method,number,text,value
79	com/moonsworth/lunar/client/fov/Fov_2.java	Fov_2	arg,field,method,text,value
79	com/moonsworth/lunar/client/Highlight3Iterator3.java	Highlight3Iterator3	arg,field,flag,method,number,obj,text,value
78	net/minecraft/world/gen/structure/StructureStrongholdPieces.java	StructureStrongholdPieces	i,j,k
78	com/moonsworth/lunar/legacy/mixin/EntityLivingBaseEventMixin.java	EntityLivingBaseEventMixin	arg,flag,method,number,obj,value
78	com/moonsworth/lunar/genesis/MixinHelper63332.java	MixinHelper63332	flag,method,obj,value
78	com/moonsworth/lunar/forge/lib/guava/hash/BloomFilterStrategies.java	BloomFilterStrategies	flag,number,obj,value
78	com/moonsworth/lunar/client/mod/render/StaffXray.java	StaffXray	field,flag,method,text
78	com/moonsworth/lunar/client/mod/misc/SkyblockDungeonBatHelper.java	SkyblockDungeonBatHelper	arg,field,method
78	com/moonsworth/lunar/client/mod/misc/DynamiclistenerDebugMod.java	DynamiclistenerDebugMod	arg,field,flag,method,obj,text
78	com/moonsworth/lunar/client/mod/hud/SkyblockKeyGuardianTimer.java	SkyblockKeyGuardianTimer	field,method,number
78	com/moonsworth/lunar/client/mod/hud/SkyblockArrowPoisonHud.java	SkyblockArrowPoisonHud	field,flag,method,number,text
78	com/moonsworth/lunar/client/framework/feature/pkg/Pkg2_2.java	Pkg2_2	field,flag,method,number,value
78	com/moonsworth/lunar/client/framework/feature/mod/fishing/holograms/Holograms7.java	Holograms7	arg,field,method,number,value
78	com/moonsworth/lunar/client/framework/feature/markers/mixin/Markers2.java	Markers2	arg,field,flag,method,text
77	net/minecraft/server/management/PlayerManager.java	PlayerManager	i,j,k
77	com/moonsworth/lunar/legacy/mixin/AbstractTextureMixin.java	AbstractTextureMixin	flag,method,number
77	com/moonsworth/lunar/genesis/MixinHelper623333.java	MixinHelper623333	field,method,obj,value
77	com/moonsworth/lunar/forge/lib/guava/collect/CompactHashing.java	CompactHashing	number,obj
77	com/moonsworth/lunar/forge/lib/CloseableIterator.java	CloseableIterator	field,method,number
77	com/moonsworth/lunar/client/keystrokes/Highlight3Iterator.java	Highlight3Iterator	arg,field,flag,method
77	com/moonsworth/lunar/client/inactive/mixin/colorsaturation/mixin/Colorsaturation2.java	Colorsaturation2	field,flag,method,text,value
77	com/moonsworth/lunar/client/hitbox/Hitbox.java	Hitbox	field,flag,method,number,text,value
77	com/moonsworth/lunar/client/framework/feature/waypoints/mixin/Gui2Loader.java	Gui2Loader	field,flag,method,number,text,value
77	com/moonsworth/lunar/client/framework/feature/tiertagger/mixin/LightingExtension49522.java	LightingExtension49522	field,flag,method,text
77	com/moonsworth/lunar/client/framework/feature/tiertagger/Tiertagger6.java	Tiertagger6	field,method,number,text
76	com/moonsworth/lunar/forge/lib/guava/graph/Traverser.java	Traverser	flag,obj,value
76	com/moonsworth/lunar/forge/lib/guava/collect/DiscreteDomain.java	DiscreteDomain	flag,number,value
76	com/moonsworth/lunar/forge/lib/MixinHelper11.java	MixinHelper11	field,method,obj,text
76	com/moonsworth/lunar/client/mod/misc/SkyblockMatchColors.java	SkyblockMatchColors	field,flag,method,number,text
76	com/moonsworth/lunar/client/mod/misc/SkyblockClickInOrder.java	SkyblockClickInOrder	field,flag,method,number
76	com/moonsworth/lunar/client/inactive/rewindhandlers/Rewindhandlers4_2.java	Rewindhandlers4_2	field,flag,method,number,text,value
76	com/moonsworth/lunar/client/framework/feature/debug/fpsdebugmod/Fpsdebugmod.java	Fpsdebugmod	arg,field,method,number,text
76	com/moonsworth/lunar/bridge/Bridge6_6.java	Bridge6_6	field,flag,method,text
75	com/moonsworth/lunar/genesis/NumberLoader.java	NumberLoader	field,method,number,value
75	com/moonsworth/lunar/forge/lib/guava/collect/RegularImmutableSortedSet.java	RegularImmutableSortedSet	flag,number,obj,value
75	com/moonsworth/lunar/forge/lib/guava/collect/CollectSpliterators.java	CollectSpliterators	arg,number
75	com/moonsworth/lunar/forge/lib/MixinLegacyHandler5.java	MixinLegacyHandler5	field,flag,method,number
75	com/moonsworth/lunar/client/util/ThreadModuleDump65.java	ThreadModuleDump65	method,number,obj,text,value
75	com/moonsworth/lunar/client/mod/movement/Snaplook.java	Snaplook	arg,field,method,number
75	com/moonsworth/lunar/client/mod/misc/SkyblockDungeonBreaker.java	SkyblockDungeonBreaker	field,flag,method,number,text
75	com/moonsworth/lunar/client/mod/hud/SkyblockSkeletonHelmetHud.java	SkyblockSkeletonHelmetHud	field,flag,method,number,text
75	com/moonsworth/lunar/client/highlight/mixin/rewindhandlers/HighlightImpl.java	HighlightImpl	field,flag,method
75	com/moonsworth/lunar/client/framework/feature/mod/holograms/mixin/GuiRewindhandlersHandler22.java	GuiRewindhandlersHandler22	field,method,text,value
75	com/moonsworth/lunar/client/framework/feature/mod/GuiRewindhandlersHandler2.java	GuiRewindhandlersHandler2	field,flag,method
75	com/moonsworth/lunar/client/framework/feature/keystrokes/Keystrokes11.java	Keystrokes11	method,number,value
75	com/moonsworth/lunar/client/framework/MixinCore2.java	MixinCore2	field,method,number,obj
74	com/moonsworth/lunar/legacy/mixin/StatFileWriterMixin.java	StatFileWriterMixin	arg,flag,method,number,text
74	com/moonsworth/lunar/legacy/mixin/RenderEntityItemMixin.java	RenderEntityItemMixin	method,number,value
74	com/moonsworth/lunar/legacy/mixin/MouseMixin.java	MouseMixin	flag,method,number,value
74	com/moonsworth/lunar/genesis/MixinHelper529$1.java	MixinHelper529$1	field,flag,method,number,text,value
74	com/moonsworth/lunar/forge/lib/guava/collect/TreeRangeMap.java	TreeRangeMap	obj,value
74	com/moonsworth/lunar/forge/lib/guava/base/Joiner.java	Joiner	obj,text,value
74	com/moonsworth/lunar/forge/lib/MixinLegacy12.java	MixinLegacy12	field,method,number,obj,text
74	com/moonsworth/lunar/forge/MixinHelper.java	MixinHelper	field,method,text
74	com/moonsworth/lunar/client/mod/player/InventoryMod.java	InventoryMod	arg,field,method,text
74	com/moonsworth/lunar/client/mod/misc/SkyblockDungeonBloodNotification.java	SkyblockDungeonBloodNotification	field,method,number,text
74	com/moonsworth/lunar/client/framework/feature/tiertagger/Tiertagger2Iterator_3.java	Tiertagger2Iterator_3	arg,field,method,text
74	com/moonsworth/lunar/client/framework/feature/rewind/nameplate/Nameplate2Iterator2.java	Nameplate2Iterator2	field,flag,method,number,text
74	com/moonsworth/lunar/client/framework/feature/mod/impl/chest/dungeon/dungeonwaypoints/Dungeonwaypoints4.java	Dungeonwaypoints4	arg,field,method,value
74	com/moonsworth/lunar/client/framework/feature/mod/gui/Calculator2Updater2.java	Calculator2Updater2	field,flag,method,number,text,value
73	com/moonsworth/lunar/forge/lib/OutputStreamBase$Data2.java	OutputStreamBase$Data2	field,method,number
73	com/moonsworth/lunar/client/util/ThreadModuleDump46.java	ThreadModuleDump46	flag,method,text,value
73	com/moonsworth/lunar/client/mod/render/SkyblockGravityWellWaypoints.java	SkyblockGravityWellWaypoints	field,method,value
73	com/moonsworth/lunar/client/mod/render/ScrollableTooltips.java	ScrollableTooltips	field,method
73	com/moonsworth/lunar/client/markers/mixin/gui/mixin/Gui11.java	Gui11	arg,field,method,text
73	com/moonsworth/lunar/client/framework/feature/teamview/Teamview.java	Teamview	field,flag,method,text
73	com/moonsworth/lunar/client/framework/feature/mod/mixin/MixinHelper103.java	MixinHelper103	flag,method,text
73	com/moonsworth/lunar/client/framework/feature/mod/fishing/gui/Gui4.java	Gui4	field,method,text
72	net/minecraft/world/gen/ChunkProviderGenerate.java	ChunkProviderGenerate	i,j,k
72	com/moonsworth/lunar/legacy/mixin/LayerCapeMixin.java	LayerCapeMixin	field,method,value
72	com/moonsworth/lunar/genesis/NumberImpl.java	NumberImpl	field,method,number,obj,text
72	com/moonsworth/lunar/genesis/MixinHelper6_10.java	MixinHelper6_10	field,method,value
72	com/moonsworth/lunar/forge/lib/mixin/Bootstrap2.java	Bootstrap2	method,number
72	com/moonsworth/lunar/forge/lib/MixinAlt6.java	MixinAlt6	field,method,number
72	com/moonsworth/lunar/client/mod/hud/ReplaymodRecordingIndicatorChild.java	ReplaymodRecordingIndicatorChild	field,flag,method,number,text,value
72	com/moonsworth/lunar/client/killsounds/Killsounds10.java	Killsounds10	field,flag,method,obj,text,value
72	com/moonsworth/lunar/client/inactive/Inactive2.java	Inactive2	field,flag,method,number,obj,text
72	com/moonsworth/lunar/client/framework/nameplate/Nameplate6.java	Nameplate6	field,flag,method,obj,text
72	com/moonsworth/lunar/client/framework/nameplate/Nameplate4Impl22.java	Nameplate4Impl22	field,flag,method,number,text,value
72	com/moonsworth/lunar/client/framework/feature/screenshot/ScreenshotThread2.java	ScreenshotThread2	field,flag,method,text
72	com/moonsworth/lunar/client/framework/feature/rewind/rewindhandlers/chest/Chest.java	Chest	field,method,text
72	com/moonsworth/lunar/client/framework/feature/mod/MixinHelper210.java	MixinHelper210	arg,field,method,number
72	com/moonsworth/lunar/client/framework/Framework.java	Framework	field,method
72	com/moonsworth/lunar/bridge/Bridge3_24.java	Bridge3_24	flag,method,number,value
71	net/minecraft/world/gen/feature/WorldGenSavannaTree.java	WorldGenSavannaTree	i,j,k
71	net/minecraft/world/gen/MapGenRavine.java	MapGenRavine	flag,i,j,k
71	com/moonsworth/lunar/legacy/mixin/WorldClientMixin.java	WorldClientMixin	flag,method,number,obj,text,value
71	com/moonsworth/lunar/forge/lib/guava/io/ByteSource.java	ByteSource	number
71	com/moonsworth/lunar/forge/lib/guava/collect/ImmutableBiMap.java	ImmutableBiMap	number,value
71	com/moonsworth/lunar/forge/lib/SerializableImpl2.java	SerializableImpl2	field,number,obj
71	com/moonsworth/lunar/client/mod/render/MotionBlur.java	MotionBlur	arg,field,flag,method,number,text,value
71	com/moonsworth/lunar/client/mod/misc/SkyblockSelectColor.java	SkyblockSelectColor	field,flag,method,number,text
71	com/moonsworth/lunar/client/mod/misc/SkyblockPreviewIsolationDebug.java	SkyblockPreviewIsolationDebug	field,flag,method,text
71	com/moonsworth/lunar/client/killsounds/Killsounds15Iterator6.java	Killsounds15Iterator6	arg,field,method,obj,text
71	com/moonsworth/lunar/client/framework/feature/onesevenvisuals/Onesevenvisuals.java	Onesevenvisuals	field,method,value
71	com/moonsworth/lunar/client/framework/feature/mod/gui/Bridge7Iterator222.java	Bridge7Iterator222	field,flag,method,text,value
71	com/moonsworth/lunar/client/framework/feature/mod/fishing/holograms/Holograms9_2.java	Holograms9_2	field,flag,method,number,text
71	com/moonsworth/lunar/client/framework/feature/debug/shaderdebugmod/Shaderdebugmod4.java	Shaderdebugmod4	field,flag,method,number,value
70	com/moonsworth/lunar/network/MixinHelper23.java	MixinHelper23	field,method,obj,text
70	com/moonsworth/lunar/forge/lib/mixin/Bootstrap3.java	Bootstrap3	field,method,number,text
70	com/moonsworth/lunar/forge/lib/guava/util/concurrent/AtomicLongMap.java	AtomicLongMap	arg,number,obj,value
70	com/moonsworth/lunar/forge/lib/guava/base/MoreObjects.java	MoreObjects	flag,number,obj,text,value
70	com/moonsworth/lunar/forge/lib/MixinHelper3210.java	MixinHelper3210	field,method,number,obj,text
70	com/moonsworth/lunar/client/util/FieldSpec.java	FieldSpec	field,method,number,text
70	com/moonsworth/lunar/client/mod/render/SkyblockFishingMarker.java	SkyblockFishingMarker	field,method,number,text,value
70	com/moonsworth/lunar/client/mod/misc/SkyblockFirstLetter.java	SkyblockFirstLetter	field,flag,method,number,text
70	com/moonsworth/lunar/client/mod/misc/SkyblockExperimentSolvers.java	SkyblockExperimentSolvers	field,method
70	com/moonsworth/lunar/client/mod/misc/SkyblockDebugMod.java	SkyblockDebugMod	field,flag,method
70	com/moonsworth/lunar/client/mod/hud/SkyblockSkillProgressBarHud.java	SkyblockSkillProgressBarHud	field,flag,method,value
70	com/moonsworth/lunar/client/mod/hud/SkyBlockTabWidgetHud.java	SkyBlockTabWidgetHud	field,flag,method,text
70	com/moonsworth/lunar/client/mobsize/mixin/WorldRenderer.java	WorldRenderer	field,method,number,value
70	com/moonsworth/lunar/client/framework/holograms/Serverholograms.java	Serverholograms	field,flag,method,text,value
70	com/moonsworth/lunar/client/framework/feature/onesevenvisuals/ConsumerImpl.java	ConsumerImpl	field,method,number,value
70	com/moonsworth/lunar/client/framework/feature/mod/mixin/MixinHelper1013.java	MixinHelper1013	method,text
69	com/moonsworth/lunar/legacy/mixin/GuiScreenMixin.java	GuiScreenMixin	flag,method,number,value
69	com/moonsworth/lunar/ichor/MixinOther.java	MixinOther	arg,field,method,obj,text
69	com/moonsworth/lunar/genesis/MixinHelper4222.java	MixinHelper4222	field,method,number
69	com/moonsworth/lunar/forge/lib/guava/collect/ImmutableTable.java	ImmutableTable	arg,number,obj,value
69	com/moonsworth/lunar/forge/lib/guava/collect/ImmutableSortedMultiset.java	ImmutableSortedMultiset	arg,number,value
69	com/moonsworth/lunar/forge/lib/guava/base/Predicates.java	Predicates	flag,obj,text,value
69	com/moonsworth/lunar/client/util/ThreadModuleDump82.java	ThreadModuleDump82	field,method,number
69	com/moonsworth/lunar/client/mod/misc/SkyblockMiddleClickGui.java	SkyblockMiddleClickGui	field,method,number,text
69	com/moonsworth/lunar/client/mod/hud/SkyblockFishingReelTimerHud.java	SkyblockFishingReelTimerHud	arg,field,flag,method,text
69	com/moonsworth/lunar/client/glintcolorizer/GlintcolorizerType.java	GlintcolorizerType	number,text,value
69	com/moonsworth/lunar/client/framework/nameplate/Nameplate_2.java	Nameplate_2	field,flag,method,text
69	com/moonsworth/lunar/client/framework/feature/rewind/rewindhandlersNameplate/RewindhandlersNameplate_3.java	RewindhandlersNameplate_3	field,method,text
69	com/moonsworth/lunar/client/framework/feature/mod/fishing/holograms/JsonDeserializerIterator.java	JsonDeserializerIterator	field,method,text
69	com/moonsworth/lunar/client/framework/feature/mod/fishing/holograms/Holograms5_3.java	Holograms5_3	field,method,text
69	com/moonsworth/lunar/client/framework/feature/hypixelbedwars/mixin/Hypixelbedwars2.java	Hypixelbedwars2	field,flag,method,text
69	com/moonsworth/lunar/client/framework/feature/armorstatus/nameplate/Nameplate2.java	Nameplate2	field,flag,method
69	com/moonsworth/lunar/bridge/Bridge2_46.java	Bridge2_46	flag,method,number,value
68	net/minecraft/world/gen/layer/GenLayerEdge.java	GenLayerEdge	flag,i,j,k
68	com/moonsworth/lunar/legacy/wrapper/RenderViewEntityAdapter.java	RenderViewEntityAdapter	field,method,value
68	com/moonsworth/lunar/legacy/mixin/GL11Mixin.java	GL11Mixin	field,flag,method,number,value
68	com/moonsworth/lunar/ichor/util/FatalIchorError9.java	FatalIchorError9	field,flag,method,text
68	com/moonsworth/lunar/ichor/util/FatalIchorError5.java	FatalIchorError5	field,method,text,value
68	com/moonsworth/lunar/forge/lib/MixinMisc4_2.java	MixinMisc4_2	field,method,number
68	com/moonsworth/lunar/client/util/alert/Alert2.java	Alert2	field,flag,method,number,value
68	com/moonsworth/lunar/client/lighting/Lighting2.java	Lighting2	arg,field,flag,method,number,obj
68	com/moonsworth/lunar/client/glintcolorizer/Glintcolorizer$Data2.java	Glintcolorizer$Data2	field,flag,method,number,obj,value
68	com/moonsworth/lunar/client/framework/feature/rewind/rewindhandlersNameplateCore/mixin/RewindhandlersNameplateCoreImpl6.java	RewindhandlersNameplateCoreImpl6	field,method
68	com/moonsworth/lunar/client/framework/feature/mod/fishing/holograms/Holograms2_6.java	Holograms2_6	field,flag,method,value
68	com/moonsworth/lunar/client/framework/feature/mod/debug/override/ModuleBase.java	ModuleBase	field,flag,method,number,text,value
68	com/moonsworth/lunar/client/framework/feature/minimap/Minimap3.java	Minimap3	arg,field,method,number
67	net/minecraft/world/gen/feature/WorldGenBigMushroom.java	WorldGenBigMushroom	i,j,k
67	com/moonsworth/lunar/legacy/mixin/WindowsDisplayMixin.java	WindowsDisplayMixin	flag,number,obj
67	com/moonsworth/lunar/genesis/MixinHelperType$Data2.java	MixinHelperType$Data2	field,flag,method,number,obj
67	com/moonsworth/lunar/genesis/MixinHelper9$Data19.java	MixinHelper9$Data19	field,method,value
67	com/moonsworth/lunar/genesis/MixinHelper1123$Data4.java	MixinHelper1123$Data4	field,flag,method,obj
67	com/moonsworth/lunar/forge/lib/guava/util/concurrent/AtomicDoubleArray.java	AtomicDoubleArray	number,value
67	com/moonsworth/lunar/forge/lib/guava/math/Stats.java	Stats	arg,number,obj,value
67	com/moonsworth/lunar/forge/lib/guava/collect/Range.java	Range	flag,number,obj,value
67	com/moonsworth/lunar/forge/lib/guava/collect/EnumMultiset.java	EnumMultiset	number,obj,value
67	com/moonsworth/lunar/forge/lib/MixinHelper3242.java	MixinHelper3242	field,method,number
67	com/moonsworth/lunar/forge/lib/MixinHelper3.java	MixinHelper3	field,flag,method,number,text
67	com/moonsworth/lunar/forge/lib/ChecksumUpdater.java	ChecksumUpdater	field,number
67	com/moonsworth/lunar/client/mod/render/OneSevenAnimationsModern.java	OneSevenAnimationsModern	field,method
67	com/moonsworth/lunar/client/mod/misc/SkyblockChronomatron.java	SkyblockChronomatron	field,flag,method
67	com/moonsworth/lunar/client/mod/hud/SkyblockGiantHpAtFeet.java	SkyblockGiantHpAtFeet	field,method,text,value
66	com/moonsworth/lunar/legacy/GuiListExtendedImpl.java	GuiListExtendedImpl	flag,method,number,text,value
66	com/moonsworth/lunar/ichor/ClassInfoIterator.java	ClassInfoIterator	field,method,obj,text
66	com/moonsworth/lunar/genesis/MixinHelper33_3.java	MixinHelper33_3	field,method,number,text
66	com/moonsworth/lunar/forge/lib/guava/util/concurrent/MoreExecutors.java	MoreExecutors	flag,number,text
66	com/moonsworth/lunar/forge/lib/MixinShared3_2.java	MixinShared3_2	field
66	com/moonsworth/lunar/forge/lib/MixinMisc8Handler.java	MixinMisc8Handler	field,flag,method,number,text,value
66	com/moonsworth/lunar/client/util/ThreadModuleDump40.java	ThreadModuleDump40	field,method,number,text,value
66	com/moonsworth/lunar/client/mod/render/SkyblockCrystalHollowsMap.java	SkyblockCrystalHollowsMap	arg,field,flag,method,value
66	com/moonsworth/lunar/client/mod/render/ParticleChangerBloodChild.java	ParticleChangerBloodChild	field,method,text,value
66	com/moonsworth/lunar/client/mod/hud/SkyblockDungeonMilestoneHud.java	SkyblockDungeonMilestoneHud	field,flag,method,number,text
66	com/moonsworth/lunar/client/markers/mixin/gui/mixin/Gui9.java	Gui9	field,flag,method,number,text
66	com/moonsworth/lunar/client/markers/mixin/gui/mixin/Gui2.java	Gui2	arg,field,method,number,obj
66	com/moonsworth/lunar/client/glintcolorizer/Glintcolorizer_3.java	Glintcolorizer_3	field,method,number,value
66	com/moonsworth/lunar/client/framework/feature/pkg/Pkg3$Data.java	Pkg3$Data	field,flag,method,number,obj
66	com/moonsworth/lunar/client/framework/feature/mod/fishing/lotusfish/Lotusfish2.java	Lotusfish2	field,method,number,text
65	com/moonsworth/lunar/network/MixinHelper4.java	MixinHelper4	field,flag,method,obj,text
65	com/moonsworth/lunar/genesis/AbstractCollectionIterator5623.java	AbstractCollectionIterator5623	field,flag,method,number,obj,value
65	com/moonsworth/lunar/forge/lib/guava/collect/ComparisonChain.java	ComparisonChain	flag,number,value
65	com/moonsworth/lunar/forge/lib/guava/collect/CompactLinkedHashMap.java	CompactLinkedHashMap	flag,number,value
65	com/moonsworth/lunar/forge/lib/OutputStreamBase3.java	OutputStreamBase3	field,method,number
65	com/moonsworth/lunar/forge/lib/InputStreamLoader7.java	InputStreamLoader7	field,method,number
65	com/moonsworth/lunar/client/mod/render/OneSevenAnimationsLegacy.java	OneSevenAnimationsLegacy	field,method
65	com/moonsworth/lunar/client/mod/misc/PanoramaMaker.java	PanoramaMaker	arg,field,flag,method
65	com/moonsworth/lunar/client/mod/hud/SkyblockFireFreezeTimer.java	SkyblockFireFreezeTimer	field,method,text,value
65	com/moonsworth/lunar/client/markers/holograms/Holograms2Impl.java	Holograms2Impl	field,method,number
65	com/moonsworth/lunar/client/horsestats/mixin/Horsestats.java	Horsestats	field,flag,method,number,text
65	com/moonsworth/lunar/client/glintcolorizer/highlight/Glintcolorizer2Base5.java	Glintcolorizer2Base5	field,method,number,value
65	com/moonsworth/lunar/client/framework/feature/rewind/highlight/Highlight2.java	Highlight2	arg,field,flag,method
65	com/moonsworth/lunar/client/framework/feature/mod/mixin/MixinHelper108.java	MixinHelper108	method,text
65	com/moonsworth/lunar/client/framework/feature/armorstatus/nameplate/mixin/Nameplate.java	Nameplate	field,flag,method,value
65	com/moonsworth/lunar/client/fov/Fov10.java	Fov10	field,method
64	com/moonsworth/lunar/v1_8/mixin/ForgeHooksClientMixin.java	ForgeHooksClientMixin	field,flag,method,number,text,value
64	com/moonsworth/lunar/genesis/MixinHelper10_4.java	MixinHelper10_4	flag,number,text,value
64	com/moonsworth/lunar/forge/lib/guava/math/MathPreconditions.java	MathPreconditions	flag,number,text,value
64	com/moonsworth/lunar/forge/lib/SeekableByteChannelLoader2.java	SeekableByteChannelLoader2	field,method,number
64	com/moonsworth/lunar/files/Files_4.java	Files_4	field,flag,method,number,text
64	com/moonsworth/lunar/client/mod/render/ColorSaturation.java	ColorSaturation	arg,field,flag,method,value
64	com/moonsworth/lunar/client/mod/movement/Momentum.java	Momentum	field,flag,method,value
64	com/moonsworth/lunar/client/mod/hud/SkyblockDeathCounterHud.java	SkyblockDeathCounterHud	field,flag,method,number,text
64	com/moonsworth/lunar/client/framework/nameplate/Nameplate.java	Nameplate	arg,field,flag,method,text
64	com/moonsworth/lunar/client/framework/feature/rewind/rewindhandlersNameplate/mixin/RewindhandlersNameplateImpl.java	RewindhandlersNameplateImpl	field,method,number
64	com/moonsworth/lunar/client/framework/feature/rewind/rewindhandlersNameplate/Gui2Extension3.java	Gui2Extension3	arg,flag,number,text
64	com/moonsworth/lunar/client/framework/feature/mod/holograms/Holograms3Iterator.java	Holograms3Iterator	arg,field,method,value
64	com/moonsworth/lunar/client/framework/feature/mod/holograms/ComparableImpl.java	ComparableImpl	field,method,number,obj,text
64	com/moonsworth/lunar/client/framework/feature/chat/Chat3.java	Chat3	field,method,number,text
63	net/minecraft/world/gen/structure/StructureMineshaftPieces.java	StructureMineshaftPieces	i,j,k
63	net/minecraft/world/gen/feature/WorldGenTrees.java	WorldGenTrees	i,j,k
63	net/minecraft/world/gen/ChunkProviderEnd.java	ChunkProviderEnd	i,j,k
63	com/moonsworth/lunar/legacy/ModelBipedImpl.java	ModelBipedImpl	field,flag,method,value
63	com/moonsworth/lunar/genesis/MixinHelper9_9.java	MixinHelper9_9	method,number,value
63	com/moonsworth/lunar/genesis/MixinHelper5_11.java	MixinHelper5_11	field,flag,number,value
63	com/moonsworth/lunar/genesis/AbstractMapLoader$Data32.java	AbstractMapLoader$Data32	field,method,obj,value
63	com/moonsworth/lunar/forge/lib/guava/escape/CharEscaper.java	CharEscaper	number,text
63	com/moonsworth/lunar/forge/lib/guava/collect/SortedLists.java	SortedLists	number,value
63	com/moonsworth/lunar/forge/lib/guava/base/Ascii.java	Ascii	number,text
63	com/moonsworth/lunar/forge/lib/MixinHelper_5.java	MixinHelper_5	field,method,number,obj,text
63	com/moonsworth/lunar/client/mod/hud/Memory.java	Memory	field,flag,method,number,text,value
63	com/moonsworth/lunar/client/markers/mixin/gui/mixin/GuiExtension9.java	GuiExtension9	field,method,text
63	com/moonsworth/lunar/client/framework/feature/quickplay/mixin/Bridge7Iterator3.java	Bridge7Iterator3	field,method,number,value
63	com/moonsworth/lunar/client/framework/feature/mod/impl/burrow/Burrow.java	Burrow	field,method,number,obj,text,value
63	com/moonsworth/lunar/client/fov/Fov2_3.java	Fov2_3	field,flag,method
63	com/moonsworth/lunar/bridge/itemcounter/Itemcounter8.java	Itemcounter8	field,method,number,obj,text
62	net/minecraft/world/gen/structure/StructureVillagePieces.java	StructureVillagePieces	i,j,k
62	net/minecraft/client/gui/FontRenderer.java	FontRenderer	flag,i,j,k,var
62	com/moonsworth/lunar/genesis/MixinHelper9_2.java	MixinHelper9_2	number,text
62	com/moonsworth/lunar/forge/lib/guava/collect/Collections2.java	Collections2	arg,flag,number,obj,value
62	com/moonsworth/lunar/forge/lib/guava/base/Utf8.java	Utf8	number,text
62	com/moonsworth/lunar/forge/lib/OutputStreamBase7.java	OutputStreamBase7	field,method,number
62	com/moonsworth/lunar/forge/lib/MixinMisc7_2.java	MixinMisc7_2	field,method,number
62	com/moonsworth/lunar/forge/lib/MixinLegacy11Impl3.java	MixinLegacy11Impl3	method,number,obj,text
62	com/moonsworth/lunar/client/mod/render/SkyblockFarmingToolCropIcon.java	SkyblockFarmingToolCropIcon	field,method,text
62	com/moonsworth/lunar/client/mod/render/SkyblockEndNodeHighlight.java	SkyblockEndNodeHighlight	field,method
62	com/moonsworth/lunar/client/mod/combat/ReachDisplay.java	ReachDisplay	arg,field,method,text
62	com/moonsworth/lunar/client/mod/combat/KillSounds.java	KillSounds	arg,field,flag,method,value
62	com/moonsworth/lunar/client/markers/mixin/gui/mixin/rewindhandlers/GuiExtension3.java	GuiExtension3	field,method,number,value
62	com/moonsworth/lunar/client/inactive/mixin/highlight/Highlight2.java	Highlight2	field,method
62	com/moonsworth/lunar/client/framework/feature/soundchanger/Soundchanger.java	Soundchanger	field,flag,method,number,text
62	com/moonsworth/lunar/client/framework/feature/pkg/Pkg2.java	Pkg2	field,method,number,obj
62	com/moonsworth/lunar/client/framework/feature/mod/mixin/MixinHelper9.java	MixinHelper9	method,text
62	com/moonsworth/lunar/client/fov/Fov2$Data2.java	Fov2$Data2	field,method,value
61	com/moonsworth/lunar/network/MixinHelper.java	MixinHelper	field,method,obj,text,value
61	com/moonsworth/lunar/legacy/mixin/EntityPlayerSPEventMixin.java	EntityPlayerSPEventMixin	arg,flag,method,number,text,value
61	com/moonsworth/lunar/forge/lib/guava/graph/AbstractNetwork.java	AbstractNetwork	obj,value
61	com/moonsworth/lunar/forge/lib/guava/collect/LinkedHashMultimap.java	LinkedHashMultimap	number,obj,value
61	com/moonsworth/lunar/forge/lib/guava/collect/FilteredEntryMultimap.java	FilteredEntryMultimap	flag,number,obj,value
61	com/moonsworth/lunar/client/mod/misc/SkyblockVisitorAlert.java	SkyblockVisitorAlert	field,method,text
61	com/moonsworth/lunar/client/glintcolorizer/rewindhandlers/Glintcolorizer2Base3.java	Glintcolorizer2Base3	field,method
60	net/minecraft/world/gen/structure/StructureNetherBridgePieces.java	StructureNetherBridgePieces	i,j,k
60	net/minecraft/world/gen/layer/GenLayerAddIsland.java	GenLayerAddIsland	i,j,k
60	net/minecraft/world/gen/MapGenCavesHell.java	MapGenCavesHell	flag,i,j,k
60	com/moonsworth/lunar/network/MixinHelper10.java	MixinHelper10	field,method,obj,text
60	com/moonsworth/lunar/genesis/MixinHelper19$Data26.java	MixinHelper19$Data26	arg,field,flag,method,obj,value
60	com/moonsworth/lunar/genesis/MixinHelper12$Data2.java	MixinHelper12$Data2	field,method,number
60	com/moonsworth/lunar/forge/lib/MixinAlt2.java	MixinAlt2	field,flag,method,number,text
60	com/moonsworth/lunar/client/mod/render/ShinyPots.java	ShinyPots	field,method,number,text
60	com/moonsworth/lunar/client/mod/misc/SkyblockSphinxHelper.java	SkyblockSphinxHelper	field,method,text
60	com/moonsworth/lunar/client/mod/hud/CustomKeystrokeKey.java	CustomKeystrokeKey	field,method,number,text,value
60	com/moonsworth/lunar/client/markers/gui/GuiExtension.java	GuiExtension	field,flag,method,text
60	com/moonsworth/lunar/client/inactive/mixin/colorsaturation/Colorsaturation.java	Colorsaturation	field,method,value
60	com/moonsworth/lunar/client/glintcolorizer/Glintcolorizer5.java	Glintcolorizer5	number,value
60	com/moonsworth/lunar/client/framework/feature/scrollabletooltips/Scrollabletooltips.java	Scrollabletooltips	field,method,number,value
60	com/moonsworth/lunar/client/framework/feature/rewind/RewindIterator2_2.java	RewindIterator2_2	field,method,number,value
60	com/moonsworth/lunar/client/framework/feature/mod/impl/chest/dungeon/dungeonwaypoints/Dungeonwaypoints5.java	Dungeonwaypoints5	field,method,text
60	com/moonsworth/lunar/client/framework/feature/mod/holograms/fishing/GuiRewindhandlersHandler213.java	GuiRewindhandlersHandler213	arg,field,method,text,value
60	com/moonsworth/lunar/client/framework/feature/mod/gui/Gui_2.java	Gui_2	field,method,number,value
60	com/moonsworth/lunar/client/framework/MixinCore3.java	MixinCore3	field,flag,method,value
60	com/moonsworth/lunar/bridge/Bridge2_35.java	Bridge2_35	field,flag,method,text
59	net/minecraft/inventory/ContainerRepair.java	ContainerRepair	flag,i,j,k
59	com/moonsworth/lunar/legacy/mixin/ResourcePackListEntryMixin.java	ResourcePackListEntryMixin	flag,method,number,obj,value
59	com/moonsworth/lunar/client/util/ThreadModuleDump30.java	ThreadModuleDump30	field,method,number,obj,text
59	com/moonsworth/lunar/client/nameplate/Nameplate_2.java	Nameplate_2	field,method,number,obj,text
59	com/moonsworth/lunar/client/mod/render/SkyblockHighlightTrashDungeonItems.java	SkyblockHighlightTrashDungeonItems	field,method
59	com/moonsworth/lunar/client/mixin/RenderGlobalMixin.java	RenderGlobalMixin	method,number,text,value
59	com/moonsworth/lunar/client/guiRewindhandlers/mixin/GuiRewindhandlers.java	GuiRewindhandlers	field,flag,method,number
59	com/moonsworth/lunar/client/framework/feature/screenshot/Screenshot.java	Screenshot	field,method,number,text
59	com/moonsworth/lunar/client/framework/feature/quickplay/mixin/Calculator2Updater2.java	Calculator2Updater2	arg,field,flag,method,number
59	com/moonsworth/lunar/client/framework/feature/mod/mixin/MixinHelper5.java	MixinHelper5	arg,field,method,number,text
59	com/moonsworth/lunar/client/framework/feature/mod/gui/Calculator2Updater.java	Calculator2Updater	arg,field,flag,method
59	com/moonsworth/lunar/client/framework/feature/minimap/Minimap2Impl.java	Minimap2Impl	arg,method,number,text,value
59	com/moonsworth/lunar/client/framework/feature/markers/mixin/Gui2Extension.java	Gui2Extension	arg,field,method,text
59	com/moonsworth/lunar/client/framework/feature/f3display/mixin/F3displayImpl.java	F3displayImpl	field,method,number,value
59	com/moonsworth/lunar/client/fps/Fps7Extension17.java	Fps7Extension17	field,method,number,value
58	net/minecraft/world/gen/feature/WorldGenTaiga2.java	WorldGenTaiga2	i,j,k
58	net/minecraft/client/gui/GuiSlot.java	GuiSlot	flag,i,j,k
58	net/minecraft/client/Minecraft.java	Minecraft	flag,i,j,k,var
58	com/moonsworth/lunar/network/MixinHelper15.java	MixinHelper15	field,method,obj,text
58	com/moonsworth/lunar/legacy/mixin/RenderPlayerMixin2.java	RenderPlayerMixin2	arg,method,value
58	com/moonsworth/lunar/genesis/MixinHelper32_3.java	MixinHelper32_3	field,flag,method,number,text
58	com/moonsworth/lunar/genesis/MixinHelper322_2.java	MixinHelper322_2	field,method,number,text
58	com/moonsworth/lunar/forge/lib/guava/hash/Striped64.java	Striped64	field,flag,number,obj
58	com/moonsworth/lunar/forge/lib/guava/graph/StandardMutableNetwork.java	StandardMutableNetwork	flag,obj,value
58	com/moonsworth/lunar/forge/lib/guava/collect/TopKSelector.java	TopKSelector	number,obj,value
58	com/moonsworth/lunar/forge/lib/guava/collect/ContiguousSet.java	ContiguousSet	flag,number,value
58	com/moonsworth/lunar/forge/lib/guava/cache/Striped64.java	Striped64	field,flag,number,obj
58	com/moonsworth/lunar/forge/lib/OutputStreamBase10.java	OutputStreamBase10	field,method,number
58	com/moonsworth/lunar/forge/lib/MixinMore_2.java	MixinMore_2	field,method,number
58	com/moonsworth/lunar/client/mod/misc/WaterRoomSolutionGenerator.java	WaterRoomSolutionGenerator	field,method,number
58	com/moonsworth/lunar/client/mixin/EntityRendererMixin3.java	EntityRendererMixin3	field,flag,method,number,value
58	com/moonsworth/lunar/client/lighting/nameplate/ThreadModuleDump43Extension22.java	ThreadModuleDump43Extension22	field,flag,method,text
58	com/moonsworth/lunar/client/inactive/Inactive3_2.java	Inactive3_2	arg,field,method,obj,text,value
58	com/moonsworth/lunar/client/fog/Highlight3Iterator.java	Highlight3Iterator	field,method,number,value
57	net/minecraft/world/gen/feature/WorldGenDungeons.java	WorldGenDungeons	i,j,k
57	com/moonsworth/lunar/network/MixinHelper16.java	MixinHelper16	field,method,obj,text,value
57	com/moonsworth/lunar/genesis/MixinHelper62332.java	MixinHelper62332	method,value
57	com/moonsworth/lunar/genesis/MixinHelper422_2.java	MixinHelper422_2	flag,method,number,text,value
57	com/moonsworth/lunar/genesis/MixinHelper12$Data6.java	MixinHelper12$Data6	field,method,number
57	com/moonsworth/lunar/forge/lib/OutputStreamBase_9.java	OutputStreamBase_9	field,method,number,text
57	com/moonsworth/lunar/forge/lib/OutputStreamBase_10.java	OutputStreamBase_10	field,method,number
57	com/moonsworth/lunar/forge/lib/MixinExtra6_2.java	MixinExtra6_2	field,flag,method,number
57	com/moonsworth/lunar/forge/lib/MixinAltBase.java	MixinAltBase	field,method,number
57	com/moonsworth/lunar/forge/lib/CloseableIterator$Data3.java	CloseableIterator$Data3	field,method,number
57	com/moonsworth/lunar/client/util/lotusfish/mixin/Lotusfish3.java	Lotusfish3	field,method,number,text
57	com/moonsworth/lunar/client/util/MapIterator.java	MapIterator	field,number,obj,value
57	com/moonsworth/lunar/client/mod/misc/SkyblockSpiritLeapDebug.java	SkyblockSpiritLeapDebug	field,method,text
57	com/moonsworth/lunar/client/mod/misc/SkyblockChestLooted.java	SkyblockChestLooted	field,method,text
57	com/moonsworth/lunar/client/markers/GuiExtension.java	GuiExtension	field,flag,method,text
57	com/moonsworth/lunar/client/freelook/Highlight3Handler.java	Highlight3Handler	field,flag,method,text
57	com/moonsworth/lunar/client/framework/feature/rewind/rewindhandlers/GuiIterator.java	GuiIterator	arg,field,flag,method,number,text
57	com/moonsworth/lunar/client/framework/feature/mod/fishing/holograms/Holograms6.java	Holograms6	field,flag,method,number,text
57	com/moonsworth/lunar/client/framework/feature/mod/fishing/holograms/Holograms2_3.java	Holograms2_3	field,method,number,text,value
57	com/moonsworth/lunar/client/framework/feature/mod/fishing/gui/GuiIterator.java	GuiIterator	field,method,number,text
57	com/moonsworth/lunar/bridge/DataComponentTypes.java	DataComponentTypes	field
56	com/moonsworth/lunar/network/MixinHelper_2.java	MixinHelper_2	field,method,number,text
56	com/moonsworth/lunar/legacy/wrapper/util/Bridge2Handler.java	Bridge2Handler	field,method,number
56	com/moonsworth/lunar/legacy/wrapper/ResourcePackListEntryIterator.java	ResourcePackListEntryIterator	field,method,number,text
56	com/moonsworth/lunar/genesis/MixinHelper31232.java	MixinHelper31232	flag,value
56	com/moonsworth/lunar/genesis/MixinHelper10$Data9.java	MixinHelper10$Data9	field,flag,method,value
56	com/moonsworth/lunar/forge/lib/guava/math/DoubleUtils.java	DoubleUtils	flag,number,value
56	com/moonsworth/lunar/forge/lib/guava/collect/ForwardingNavigableMap.java	ForwardingNavigableMap	flag,value
56	com/moonsworth/lunar/forge/lib/MixinMisc2Impl2.java	MixinMisc2Impl2	field,flag,method,number
56	com/moonsworth/lunar/forge/lib/InputStreamLoader_3.java	InputStreamLoader_3	field,flag,method,number
56	com/moonsworth/lunar/client/mod/render/WeatherChanger.java	WeatherChanger	field,method,text,value
56	com/moonsworth/lunar/client/mod/render/GravityStormPreview.java	GravityStormPreview	arg,field,method
56	com/moonsworth/lunar/client/mod/hud/TurboGroupRebuildsChildHudMod.java	TurboGroupRebuildsChildHudMod	field,flag,method,number
56	com/moonsworth/lunar/client/markers/mixin/highlight/Gui2Handler.java	Gui2Handler	field,method,number,text
56	com/moonsworth/lunar/client/inactive/mixin/Gui2Impl.java	Gui2Impl	arg,field,flag,method,number
56	com/moonsworth/lunar/client/highlight/EventRenderHologram.java	EventRenderHologram	arg,field,method,number,text
56	com/moonsworth/lunar/client/glintcolorizer/Glintcolorizer2.java	Glintcolorizer2	field,method,text
56	com/moonsworth/lunar/client/framework/feature/rewind/rewindhandlers/Rewindhandlers_6.java	Rewindhandlers_6	field,flag,method,text
56	com/moonsworth/lunar/client/framework/feature/nickhider/Highlight3Handler.java	Highlight3Handler	field,flag,method,text
56	com/moonsworth/lunar/client/framework/feature/keystrokes/Gui2Extension2.java	Gui2Extension2	method,text,value
56	com/moonsworth/lunar/client/fov/Fov6Impl.java	Fov6Impl	field,method,number
56	com/moonsworth/lunar/client/MixinExtra.java	MixinExtra	field,method,number
55	net/minecraft/world/gen/layer/GenLayerVoronoiZoom.java	GenLayerVoronoiZoom	i,j,k
55	com/moonsworth/lunar/network/MixinHelper12.java	MixinHelper12	field,method,obj,text
55	com/moonsworth/lunar/legacy/mixin/GuiIngameMenuMixin.java	GuiIngameMenuMixin	arg,flag,method,number,text
55	com/moonsworth/lunar/genesis/MixinHelper314.java	MixinHelper314	method,obj,value
55	com/moonsworth/lunar/genesis/AbstractSetLoader2.java	AbstractSetLoader2	field,method,number,value
55	com/moonsworth/lunar/forge/lib/guava/io/Files.java	Files	number,text
55	com/moonsworth/lunar/forge/lib/guava/io/CharStreams.java	CharStreams	number,text
55	com/moonsworth/lunar/forge/lib/guava/collect/TreeRangeSet.java	TreeRangeSet	flag,obj,value
55	com/moonsworth/lunar/forge/lib/MixinShared_2.java	MixinShared_2	field,flag,method,number
55	com/moonsworth/lunar/forge/lib/MixinLegacyHandler3.java	MixinLegacyHandler3	field,flag,method,number
55	com/moonsworth/lunar/forge/lib/MixinBase.java	MixinBase	field,method,number
55	com/moonsworth/lunar/client/util/ThreadModuleDump49.java	ThreadModuleDump49	field,method,number,obj,text
55	com/moonsworth/lunar/client/util/FoodUtils.java	FoodUtils	field,method,number,value
55	com/moonsworth/lunar/client/nameplate/Nameplate2.java	Nameplate2	field,flag,method,number,obj
55	com/moonsworth/lunar/client/horsestats/Horsestats_2.java	Horsestats_2	field,method,text
55	com/moonsworth/lunar/client/framework/feature/rewind/rewindhandlers/Rewindhandlers_2.java	Rewindhandlers_2	field,flag,method,number
55	com/moonsworth/lunar/client/framework/feature/rewind/nameplate/mixin/nameplate/Nameplate2Impl3.java	Nameplate2Impl3	field,method,number,text
55	com/moonsworth/lunar/client/framework/feature/armorstatus/nameplate/mixin/Framework7Extension2.java	Framework7Extension2	field,flag,method,text
55	com/moonsworth/lunar/client/calculator/mixin/Calculator.java	Calculator	field,method,obj,text
55	com/moonsworth/lunar/bridge/Bridge4_6.java	Bridge4_6	method,number,value
54	net/minecraft/world/SpawnerAnimals.java	SpawnerAnimals	i,j,k
54	net/minecraft/block/BlockRailBase.java	BlockRailBase	flag
54	com/moonsworth/lunar/legacy/mixin/RenderMixin.java	RenderMixin	method,number,text,value
54	com/moonsworth/lunar/legacy/MixinHelper4.java	MixinHelper4	field,method,number,text
54	com/moonsworth/lunar/ichor/RemapperIterator.java	RemapperIterator	field,method,text
54	com/moonsworth/lunar/genesis/MixinHelper525$Data.java	MixinHelper525$Data	field,method,number
54	com/moonsworth/lunar/forge/lib/guava/hash/Murmur3_128HashFunction.java	Murmur3_128HashFunction	number,obj
54	com/moonsworth/lunar/forge/lib/guava/collect/RegularImmutableBiMap.java	RegularImmutableBiMap	arg,number,obj
54	com/moonsworth/lunar/forge/lib/MixinMisc3Loader5.java	MixinMisc3Loader5	field,flag,method,number,obj
54	com/moonsworth/lunar/forge/lib/MixinExtra8.java	MixinExtra8	field,method,text
54	com/moonsworth/lunar/files/mixin/Files2.java	Files2	field,method,number,obj,text
54	com/moonsworth/lunar/client/mod/combat/PotionCounter.java	PotionCounter	arg,field,flag,method,number,text
54	com/moonsworth/lunar/client/inactive/Inactive2_2.java	Inactive2_2	method,number
54	com/moonsworth/lunar/client/glintcolorizer/nameplate/Glintcolorizer2Impl.java	Glintcolorizer2Impl	field,method
54	com/moonsworth/lunar/client/framework/feature/rewind/nameplate/Nameplate2Iterator3.java	Nameplate2Iterator3	field,flag,method,number,text,value
54	com/moonsworth/lunar/client/framework/feature/rewind/Fishing2Loader52.java	Fishing2Loader52	field,flag,method,number,value
54	com/moonsworth/lunar/client/framework/feature/mod/impl/alert/excavation/Excavation.java	Excavation	field,flag,method,number,obj
54	com/moonsworth/lunar/client/framework/feature/mod/fishing/click/Click4.java	Click4	field,flag,method,number,value
54	com/moonsworth/lunar/client/framework/feature/mod/fishing/Fishing_2.java	Fishing_2	field,flag,method,text
54	com/moonsworth/lunar/client/framework/feature/markers/SIterator.java	SIterator	field,method,number,text,value
54	com/moonsworth/lunar/bridge/BridgeIterator.java	BridgeIterator	field,flag,method
53	com/moonsworth/lunar/genesis/MixinHelper52.java	MixinHelper52	method,number,text,value
53	com/moonsworth/lunar/genesis/MixinHelper39$Data2.java	MixinHelper39$Data2	arg,field,method,obj,value
53	com/moonsworth/lunar/genesis/Genesis4.java	Genesis4	arg,field,method,obj,text
53	com/moonsworth/lunar/forge/lib/MixinMore2_3.java	MixinMore2_3	field,method,number
53	com/moonsworth/lunar/forge/lib/MixinCoreIterator.java	MixinCoreIterator	field,flag,method,number,obj,text
53	com/moonsworth/lunar/client/util/ThreadModuleDump48.java	ThreadModuleDump48	field,method
53	com/moonsworth/lunar/client/mod/misc/FpsDebugMod.java	FpsDebugMod	field,flag,method
53	com/moonsworth/lunar/client/markers/mixin/gui/mixin/GuiExtension4.java	GuiExtension4	field,method,text
53	com/moonsworth/lunar/client/highlight/EventMarkerInput.java	EventMarkerInput	field,method,number,value
53	com/moonsworth/lunar/client/glintcolorizer/nameplate/Nameplate.java	Nameplate	field,method,value
53	com/moonsworth/lunar/client/framework/feature/rewind/nameplate/Nameplate2Iterator4.java	Nameplate2Iterator4	field,method,number,value
53	com/moonsworth/lunar/client/framework/feature/mod/holograms/fishing/GuiRewindhandlersHandler212.java	GuiRewindhandlersHandler212	field,method,text
53	com/moonsworth/lunar/bridge/horsestats/Horsestats29.java	Horsestats29	field
52	com/moonsworth/lunar/legacy/Bridge3Handler.java	Bridge3Handler	field,method,number,obj
52	com/moonsworth/lunar/genesis/MixinHelper317.java	MixinHelper317	method,obj,value
52	com/moonsworth/lunar/forge/lib/guava/util/concurrent/AtomicDouble.java	AtomicDouble	number,value
52	com/moonsworth/lunar/forge/lib/MixinMisc3Loader6.java	MixinMisc3Loader6	field,flag,method,number
52	com/moonsworth/lunar/client/util/ThreadModuleDump73Type.java	ThreadModuleDump73Type	field,flag,method,text
52	com/moonsworth/lunar/client/util/ThreadModuleDump43.java	ThreadModuleDump43	field,flag,method,number
52	com/moonsworth/lunar/client/mod/hud/SkyblockDebugHideHud.java	SkyblockDebugHideHud	field,method
52	com/moonsworth/lunar/client/mod/hud/SkyblockAngleHud.java	SkyblockAngleHud	field,flag,method,text,value
52	com/moonsworth/lunar/client/highlight/mixin/HighlightImpl.java	HighlightImpl	field,flag,method,number
52	com/moonsworth/lunar/client/glintcolorizer/rewindhandlers/Glintcolorizer2Base2.java	Glintcolorizer2Base2	field,method
52	com/moonsworth/lunar/client/framework/feature/rewind/Rewind4_2.java	Rewind4_2	field,method,number,obj,text
52	com/moonsworth/lunar/client/framework/feature/mod/fishing/holograms/rewindhandlers/Rewindhandlers.java	Rewindhandlers	field,method,number
52	com/moonsworth/lunar/client/framework/feature/mod/fishing/click/Click6.java	Click6	field,method,text
52	com/moonsworth/lunar/client/framework/feature/killsounds/mixin/Killsounds3.java	Killsounds3	arg,field,flag,method,text
52	com/moonsworth/lunar/client/framework/feature/keystrokes/Keystrokes6.java	Keystrokes6	field,flag,method,number,value
51	com/moonsworth/lunar/network/MixinHelper14.java	MixinHelper14	field,method,obj,text
51	com/moonsworth/lunar/mixin/mixin/RenderBipedMixin.java	RenderBipedMixin	flag,method,number,text,value
51	com/moonsworth/lunar/legacy/mixin/NBTTagCompoundMixin.java	NBTTagCompoundMixin	number,text
51	com/moonsworth/lunar/legacy/GuiButtonImpl.java	GuiButtonImpl	field,flag,method,number,text,value
51	com/moonsworth/lunar/genesis/MixinHelper42$1.java	MixinHelper42$1	flag,method,number,value
51	com/moonsworth/lunar/forge/lib/guava/hash/Hashing.java	Hashing	number,obj,text
51	com/moonsworth/lunar/forge/lib/guava/hash/HashCode.java	HashCode	flag,number,obj,text
51	com/moonsworth/lunar/forge/lib/guava/graph/StandardMutableValueGraph.java	StandardMutableValueGraph	obj,value
51	com/moonsworth/lunar/forge/lib/CloseableLoader$Data11.java	CloseableLoader$Data11	field,method,number
51	com/moonsworth/lunar/client/mod/render/SkyblockFossilExcavationSolver.java	SkyblockFossilExcavationSolver	field,flag,method,number,text
51	com/moonsworth/lunar/client/mod/misc/GuiScale.java	GuiScale	field,method,number,text
51	com/moonsworth/lunar/client/framework/feature/mod/fishing/highlight/Highlight4.java	Highlight4	field,method,number
51	com/moonsworth/lunar/client/framework/feature/mod/MixinHelper_3.java	MixinHelper_3	field,method,number,text
51	com/moonsworth/lunar/client/framework/feature/mod/MixinHelper2_3.java	MixinHelper2_3	field,method
51	com/moonsworth/lunar/client/Slayer.java	Slayer	field,method,obj,text
50	net/minecraft/client/renderer/BlockFluidRenderer.java	BlockFluidRenderer	flag,i,j,k
50	com/moonsworth/lunar/genesis/MixinHelper5210$Data.java	MixinHelper5210$Data	field,method,number,text
50	com/moonsworth/lunar/forge/lib/guava/math/LinearTransformation.java	LinearTransformation	value
50	com/moonsworth/lunar/forge/lib/guava/collect/AbstractMapBasedMultiset.java	AbstractMapBasedMultiset	arg,number,obj,value
50	com/moonsworth/lunar/forge/lib/guava/base/Functions.java	Functions	obj,value
50	com/moonsworth/lunar/forge/lib/guava/base/CaseFormat.java	CaseFormat	obj,text
50	com/moonsworth/lunar/forge/lib/MixinLegacy11Impl2.java	MixinLegacy11Impl2	method,number,obj,text
50	com/moonsworth/lunar/forge/lib/InputStreamLoader$Data2.java	InputStreamLoader$Data2	field,method,number
50	com/moonsworth/lunar/client/util/rewindhandlers/RewindhandlersExtension3.java	RewindhandlersExtension3	method,number,value
50	com/moonsworth/lunar/client/mod/render/SkyblockMineshaftCorpseWaypoints.java	SkyblockMineshaftCorpseWaypoints	arg,field,method,text
50	com/moonsworth/lunar/client/mod/render/SkyblockArmorDyeColor.java	SkyblockArmorDyeColor	field,method,number,text
50	com/moonsworth/lunar/client/markers/mixin/gui/mixin/Gui21.java	Gui21	arg,flag,method,text
50	com/moonsworth/lunar/client/inactive/mixin/highlight/mixin/FunctionImpl6.java	FunctionImpl6	field,method,number,text,value
50	com/moonsworth/lunar/client/horsestats/Horsestats2.java	Horsestats2	arg,field,method,text
50	com/moonsworth/lunar/client/framework/feature/mod/fishing/holograms/holograms/HologramsType25.java	HologramsType25	field,method,text
50	com/moonsworth/lunar/client/framework/feature/crosshair/Crosshair.java	Crosshair	field,method,number,text
50	com/moonsworth/lunar/client/framework/MixinNameplateIterator.java	MixinNameplateIterator	arg,field,method,obj,text,value
49	net/minecraft/world/gen/feature/WorldGenTaiga1.java	WorldGenTaiga1	i,j,k
49	net/minecraft/world/gen/feature/WorldGenSwamp.java	WorldGenSwamp	i,j,k
49	net/minecraft/client/renderer/BlockModelRenderer.java	BlockModelRenderer	flag,i,j,k
49	com/moonsworth/lunar/legacy/mixin/TileEntitySkullRendererMixin2.java	TileEntitySkullRendererMixin2	method,number,value
49	com/moonsworth/lunar/forge/lib/guava/reflect/ClassPath.java	ClassPath	obj,text
49	com/moonsworth/lunar/forge/lib/guava/collect/ImmutableRangeSet.java	ImmutableRangeSet	flag,number,obj,value
49	com/moonsworth/lunar/forge/lib/MixinHelper357.java	MixinHelper357	field,method,number,obj
49	com/moonsworth/lunar/forge/lib/MixinHelper354.java	MixinHelper354	field,method,number,obj
49	com/moonsworth/lunar/forge/lib/MixinHelper33.java	MixinHelper33	field,method,number,obj
49	com/moonsworth/lunar/client/mod/misc/SkyblockDebugRarityBackground.java	SkyblockDebugRarityBackground	field,method,number
49	com/moonsworth/lunar/client/mod/misc/CosmeticDebugMod.java	CosmeticDebugMod	field,flag,method,text
49	com/moonsworth/lunar/client/markers/nameplate/Nameplate2.java	Nameplate2	field,method,value
49	com/moonsworth/lunar/client/markers/mixin/gui/mixin/Gui.java	Gui	field,flag,method,number
49	com/moonsworth/lunar/client/glintcolorizer/highlight/Glintcolorizer2Base2.java	Glintcolorizer2Base2	field,method,number,value
49	com/moonsworth/lunar/client/framework/feature/mod/fishing/holograms/Holograms_11.java	Holograms_11	field,method,number,value
49	com/moonsworth/lunar/client/framework/feature/killsounds/Killsounds.java	Killsounds	field,method,number,obj,text
49	com/moonsworth/lunar/client/framework/feature/f3display/mixin/F3displayImpl4.java	F3displayImpl4	field,flag,method,number,value
49	com/moonsworth/lunar/client/fog/Lighting3Extension.java	Lighting3Extension	field,flag,method
48	com/moonsworth/lunar/v1_12/mixin/ForgeHooksClientMixin.java	ForgeHooksClientMixin	field,method,number,value
48	com/moonsworth/lunar/replaymod/mixin/AbstractGuiTimelineV1_8Mixin.java	AbstractGuiTimelineV1_8Mixin	field,flag,method,number
48	com/moonsworth/lunar/replaymod/mixin/AbstractGuiTimelineMixin.java	AbstractGuiTimelineMixin	field,flag,method,number
48	com/moonsworth/lunar/network/MixinHelper8.java	MixinHelper8	field,method,obj,text,value
48	com/moonsworth/lunar/genesis/MixinHelper8$Type.java	MixinHelper8$Type	number
48	com/moonsworth/lunar/genesis/MixinHelper316522.java	MixinHelper316522	flag,value
48	com/moonsworth/lunar/forge/lib/guava/collect/RegularImmutableMap.java	RegularImmutableMap	flag,number,obj,value
48	com/moonsworth/lunar/forge/lib/guava/collect/ForwardingNavigableSet.java	ForwardingNavigableSet	flag,value
48	com/moonsworth/lunar/forge/lib/guava/collect/CompactLinkedHashSet.java	CompactLinkedHashSet	number,value
48	com/moonsworth/lunar/files/Files3_2.java	Files3_2	field,method,number,text
48	com/moonsworth/lunar/client/util/ThreadModuleDump76.java	ThreadModuleDump76	arg,field,flag,method,text
48	com/moonsworth/lunar/client/util/ThreadModuleDump59.java	ThreadModuleDump59	method,number,obj
48	com/moonsworth/lunar/client/util/RewindableInputStream.java	RewindableInputStream	field,number
48	com/moonsworth/lunar/client/mod/render/SkyblockHealingCircleOverlay.java	SkyblockHealingCircleOverlay	field,method
48	com/moonsworth/lunar/client/mod/player/SkyblockHideExCoops.java	SkyblockHideExCoops	arg,field,flag,method,text
48	com/moonsworth/lunar/client/mod/misc/SkyblockTitaniumSpawnAlert.java	SkyblockTitaniumSpawnAlert	field,method
48	com/moonsworth/lunar/client/lighting/nameplate/GuiExtension2.java	GuiExtension2	field,method,obj,text
48	com/moonsworth/lunar/client/framework/feature/rewind/rewindhandlersNameplateCore/mixin/RewindhandlersNameplateCoreImpl.java	RewindhandlersNameplateCoreImpl	field,method,number,obj,value
48	com/moonsworth/lunar/client/framework/feature/rewind/mixin/nameplate/SeekableByteChannelLoader.java	SeekableByteChannelLoader	field,number
47	com/moonsworth/lunar/network/mixin/MixinHelperException.java	MixinHelperException	field,method,number,text
47	com/moonsworth/lunar/legacy/mixin/ModelRendererMixin.java	ModelRendererMixin	flag,method,number,value
47	com/moonsworth/lunar/ichor/util/ClassRemapperImpl.java	ClassRemapperImpl	field,flag,number,text
47	com/moonsworth/lunar/ichor/MixinLegacy2Iterator.java	MixinLegacy2Iterator	field,method,text
47	com/moonsworth/lunar/genesis/MixinHelper9$Data20.java	MixinHelper9$Data20	field,method,value
47	com/moonsworth/lunar/genesis/MixinHelper13$Data5.java	MixinHelper13$Data5	field,flag,number,text,value
47	com/moonsworth/lunar/forge/lib/guava/reflect/TypeToken.java	TypeToken	flag,method,number,obj,value
47	com/moonsworth/lunar/forge/lib/guava/math/StatsAccumulator.java	StatsAccumulator	number,value
47	com/moonsworth/lunar/forge/lib/guava/hash/LittleEndianByteArray.java	LittleEndianByteArray	field,number,obj,text,value
47	com/moonsworth/lunar/forge/lib/guava/base/Converter.java	Converter	flag,obj,value
47	com/moonsworth/lunar/forge/lib/MixinHelper10.java	MixinHelper10	field,flag,method,number,text
47	com/moonsworth/lunar/client/markers/TextureHandler.java	TextureHandler	field,method,number
47	com/moonsworth/lunar/client/framework/nameplate/Nameplate5.java	Nameplate5	field,flag,method,text
47	com/moonsworth/lunar/client/framework/nameplate/Nameplate3.java	Nameplate3	field,flag,method,number,text
47	com/moonsworth/lunar/client/framework/feature/pkg/mixin/Pkg.java	Pkg	field,flag,method,number,value
47	com/moonsworth/lunar/client/framework/feature/mod/fishing/holograms/Holograms6Impl.java	Holograms6Impl	method,number,value
47	com/moonsworth/lunar/client/framework/feature/lightoverlay/LightoverlayHandler.java	LightoverlayHandler	field,method,number,value
47	com/moonsworth/lunar/client/framework/feature/inventorymod/Inventorymod.java	Inventorymod	field,method,number
47	com/moonsworth/lunar/client/framework/feature/cooldowns/mixin/CooldownsImpl.java	CooldownsImpl	arg,field,method,number,text,value
47	com/moonsworth/lunar/bridge/DirectImageBridge.java	DirectImageBridge	field,method,number
47	com/moonsworth/lunar/bridge/AdventureComponentCoercion.java	AdventureComponentCoercion	field,method,text
46	com/moonsworth/lunar/legacy/wrapper/Bridge20Iterator.java	Bridge20Iterator	field,number,obj,text
46	com/moonsworth/lunar/genesis/MixinHelper112_2.java	MixinHelper112_2	field,flag,method,number,obj,value
46	com/moonsworth/lunar/genesis/Comparator2.java	Comparator2	field,method,obj,value
46	com/moonsworth/lunar/forge/lib/guava/util/concurrent/CycleDetectingLockFactory.java	CycleDetectingLockFactory	flag,number,text,value
46	com/moonsworth/lunar/forge/lib/guava/reflect/Types.java	Types	method,obj,text,value
46	com/moonsworth/lunar/forge/lib/guava/net/InternetDomainName.java	InternetDomainName	field,flag,obj,text
46	com/moonsworth/lunar/forge/lib/guava/base/Equivalence.java	Equivalence	obj,value
46	com/moonsworth/lunar/forge/lib/MixinCoreHandler_3.java	MixinCoreHandler_3	field,number,obj,text
46	com/moonsworth/lunar/client/mod/render/ArmorstatusProtectionChild.java	ArmorstatusProtectionChild	field,method,number,value
46	com/moonsworth/lunar/client/mod/player/SkyblockFishingHidePlayers.java	SkyblockFishingHidePlayers	field,method,value
46	com/moonsworth/lunar/client/mod/misc/SkyblockCompletedCommissions.java	SkyblockCompletedCommissions	arg,field,flag,method,text
46	com/moonsworth/lunar/client/mod/combat/PvpInfo.java	PvpInfo	field,method
46	com/moonsworth/lunar/client/mod/combat/KnockbackJumpTiming.java	KnockbackJumpTiming	field,method,number,text
46	com/moonsworth/lunar/client/holograms/Holograms4.java	Holograms4	field,method,number,text,value
46	com/moonsworth/lunar/client/framework/feature/waypoints/mixin/nameplate/Gui2Loader.java	Gui2Loader	field,method,text
46	com/moonsworth/lunar/client/framework/feature/tiertagger/Tiertagger3.java	Tiertagger3	field,method,number,text
46	com/moonsworth/lunar/client/framework/feature/rewind/rewindhandlersNameplateCore/mixin/RewindhandlersNameplateCoreImpl3.java	RewindhandlersNameplateCoreImpl3	field,method,number
46	com/moonsworth/lunar/client/framework/feature/rewind/nameplate/mixin/holograms/Nameplate2Impl16.java	Nameplate2Impl16	field,flag,method,number,value
46	com/moonsworth/lunar/client/framework/feature/mod/holograms/fishing/GuiRewindhandlersHandler22.java	GuiRewindhandlersHandler22	field,method,text
46	com/moonsworth/lunar/client/framework/feature/mod/holograms/GuiRewindhandlersHandler2.java	GuiRewindhandlersHandler2	arg,field,method,number,text
46	com/moonsworth/lunar/client/framework/feature/mod/fishing/holograms/HologramsType4.java	HologramsType4	method,text
46	com/moonsworth/lunar/client/alert/mixin/Alert2Handler.java	Alert2Handler	field,method,text,value
45	net/minecraft/client/gui/GuiScreen.java	GuiScreen	i,j,k,var
45	com/moonsworth/lunar/v1_8/mixin/GuiUtilsMixin.java	GuiUtilsMixin	flag,method,number
45	com/moonsworth/lunar/v1_12/mixin/GuiUtilsMixin.java	GuiUtilsMixin	flag,method,number
45	com/moonsworth/lunar/network/mixin/MixinHelper102.java	MixinHelper102	field,method,text
45	com/moonsworth/lunar/loader/mixin/MixinHelper.java	MixinHelper	flag,method,number,obj,text
45	com/moonsworth/lunar/legacy/mixin/TessellatorMixin.java	TessellatorMixin	method,number,value
45	com/moonsworth/lunar/ichor/MixinMisc3$Data4.java	MixinMisc3$Data4	field
45	com/moonsworth/lunar/ichor/IClassBytecodeProvider.java	IClassBytecodeProvider	arg,field,flag,method,number,text
45	com/moonsworth/lunar/genesis/MixinHelper623.java	MixinHelper623	method,number,obj,value
45	com/moonsworth/lunar/genesis/MixinHelper22$Data13.java	MixinHelper22$Data13	field,number,value
45	com/moonsworth/lunar/genesis/InputStreamLoader2.java	InputStreamLoader2	field,flag,number
45	com/moonsworth/lunar/genesis/AbstractSetBase2.java	AbstractSetBase2	field,method,obj,value
45	com/moonsworth/lunar/forge/lib/guava/graph/EndpointPair.java	EndpointPair	obj,value
45	com/moonsworth/lunar/forge/lib/SeekableByteChannelLoader.java	SeekableByteChannelLoader	field,method,number
45	com/moonsworth/lunar/forge/lib/MixinHelper3284.java	MixinHelper3284	field,method,number
45	com/moonsworth/lunar/forge/lib/MixinHelper326.java	MixinHelper326	field,method,number,obj
45	com/moonsworth/lunar/forge/lib/MixinHelper26.java	MixinHelper26	field,method,number,obj,text
45	com/moonsworth/lunar/forge/lib/MixinExtra10Loader2.java	MixinExtra10Loader2	field,method,number
45	com/moonsworth/lunar/client/util/click/BridgeExtension2.java	BridgeExtension2	flag,method,number,value
45	com/moonsworth/lunar/client/mod/misc/OptionDumpMod.java	OptionDumpMod	field,method,number
45	com/moonsworth/lunar/client/mod/hud/SkyblockDebugHud.java	SkyblockDebugHud	field,method
45	com/moonsworth/lunar/client/lighting/nameplate/Nameplate.java	Nameplate	field,method
45	com/moonsworth/lunar/client/guiRewindhandlers/GuiRewindhandlersHandler22.java	GuiRewindhandlersHandler22	arg,field,flag,method
45	com/moonsworth/lunar/client/framework/feature/rewind/rewindhandlers/rewindhandlersCore/RewindHandlers3Impl.java	RewindHandlers3Impl	field,flag,method
45	com/moonsworth/lunar/client/framework/feature/rewind/nameplate/Nameplate2Iterator6.java	Nameplate2Iterator6	field,flag,method,number,text,value
45	com/moonsworth/lunar/client/framework/feature/rewind/mixin/Rewind.java	Rewind	field,method
45	com/moonsworth/lunar/client/framework/feature/rewind/highlight/nameplate/Nameplate2.java	Nameplate2	field,flag,method
45	com/moonsworth/lunar/client/framework/feature/rewind/highlight/LinkedHashMapImpl.java	LinkedHashMapImpl	field,method
45	com/moonsworth/lunar/client/framework/feature/mod/mixin/MixinHelper104.java	MixinHelper104	flag,method,text
45	com/moonsworth/lunar/client/framework/feature/mod/fishing/holograms/HologramsHandler.java	HologramsHandler	field,method
45	com/moonsworth/lunar/client/framework/feature/Module2.java	Module2	field,method,obj,text,value
45	com/moonsworth/lunar/client/fps/Fps7Extension16.java	Fps7Extension16	method,number,value
45	com/moonsworth/lunar/bridge/PoseStackBridge.java	PoseStackBridge	method,value
44	net/minecraft/client/gui/GuiNewChat.java	GuiNewChat	i,j,k
44	com/moonsworth/lunar/ichor/MixinMisc5.java	MixinMisc5	arg,method,text
44	com/moonsworth/lunar/genesis/MixinHelper13452$Data2.java	MixinHelper13452$Data2	method,obj,value
44	com/moonsworth/lunar/forge/lib/guava/hash/SipHashFunction.java	SipHashFunction	k,number,obj
44	com/moonsworth/lunar/forge/lib/SerializableImpl3.java	SerializableImpl3	field,method,number,obj
44	com/moonsworth/lunar/forge/lib/MixinExtra2.java	MixinExtra2	flag,method,number,text
44	com/moonsworth/lunar/client/util/ThreadModuleDump83.java	ThreadModuleDump83	field,method,number,text
44	com/moonsworth/lunar/client/util/ThreadModuleDump29.java	ThreadModuleDump29	arg,field,flag,method,text
44	com/moonsworth/lunar/client/mod/render/Items2d.java	Items2d	arg,field,method
44	com/moonsworth/lunar/client/mod/misc/SkyblockTerminalSplits.java	SkyblockTerminalSplits	field,method,number
44	com/moonsworth/lunar/client/mod/misc/SkyblockCalculatorInSigns.java	SkyblockCalculatorInSigns	field,method,number,text
44	com/moonsworth/lunar/client/mod/hud/SkyblockSpeedHud.java	SkyblockSpeedHud	field,flag,method,number,text,value
44	com/moonsworth/lunar/client/inactive/mixin/highlight/Highlight3.java	Highlight3	field,flag,method,text,value
44	com/moonsworth/lunar/client/horsestats/Horsestats$Data.java	Horsestats$Data	field,flag,method,text,value
44	com/moonsworth/lunar/client/highlight/mixin/highlight/EventRenderEntityOffset.java	EventRenderEntityOffset	field,flag,method,value
44	com/moonsworth/lunar/client/guiRewindhandlers/mixin/GuiRewindhandlers6Task.java	GuiRewindhandlers6Task	field,flag,method,obj
44	com/moonsworth/lunar/client/guiRewindhandlers/mixin/GuiRewindhandlers6Impl.java	GuiRewindhandlers6Impl	arg,field,method,text
44	com/moonsworth/lunar/client/framework/feature/rewind/nameplate/mixin/holograms/Nameplate2Impl2.java	Nameplate2Impl2	field,method
44	com/moonsworth/lunar/client/framework/feature/mod/mixin/MixinHelper3.java	MixinHelper3	arg,field,method,text
44	com/moonsworth/lunar/client/framework/feature/mod/impl/calculator/Calculator.java	Calculator	flag,method,text
44	com/moonsworth/lunar/client/framework/feature/itemtracker/Itemtracker.java	Itemtracker	arg,field,method,number,text
44	com/moonsworth/lunar/client/framework/feature/hypixelbedwars/bedwars/BedwarsUpdater.java	BedwarsUpdater	field,method,text
44	com/moonsworth/lunar/client/framework/feature/gui/Gui.java	Gui	field,flag,method,number,value
44	com/moonsworth/lunar/client/fov/mixin/rewindhandlers/Rewindhandlers2.java	Rewindhandlers2	field,flag,method
44	com/moonsworth/lunar/client/fog/gui/Gui3.java	Gui3	field,method,obj,text
44	com/moonsworth/lunar/client/Gui2Handler2.java	Gui2Handler2	field,flag,method,number,text
44	com/moonsworth/lunar/bridge/MixinHelper5_4.java	MixinHelper5_4	field,method,text
43	net/minecraft/world/gen/layer/GenLayerZoom.java	GenLayerZoom	i,j,k
43	net/minecraft/client/renderer/texture/TextureUtil.java	TextureUtil	i,j,k
43	net/minecraft/client/renderer/WorldRenderer.java	WorldRenderer	i,j,k
43	com/moonsworth/lunar/legacy/mixin/ServerListEntryNormalMixin2.java	ServerListEntryNormalMixin2	flag,method,number,value
43	com/moonsworth/lunar/genesis/MixinHelper4223.java	MixinHelper4223	field,method,number
43	com/moonsworth/lunar/forge/lib/guava/graph/StandardNetwork.java	StandardNetwork	obj,value
43	com/moonsworth/lunar/forge/lib/guava/collect/RegularContiguousSet.java	RegularContiguousSet	flag,number,obj,value
43	com/moonsworth/lunar/client/util/gui/ListExtension3.java	ListExtension3	field,method,number,obj,value
43	com/moonsworth/lunar/client/mod/render/ItemCustomizer.java	ItemCustomizer	field,flag,method,text
43	com/moonsworth/lunar/client/mod/misc/SkyblockKuudraHealth.java	SkyblockKuudraHealth	field,method,number,value
43	com/moonsworth/lunar/client/mod/misc/SkyblockExtraPurchaseStats.java	SkyblockExtraPurchaseStats	field,flag,method,text
43	com/moonsworth/lunar/client/mod/misc/SkyblockDivanAllToolsAlert.java	SkyblockDivanAllToolsAlert	field,flag,method,text
43	com/moonsworth/lunar/client/mod/misc/SkyblockDebugRandomLore.java	SkyblockDebugRandomLore	field,method,number,text
43	com/moonsworth/lunar/client/mod/misc/SkyblockBurrowSharing.java	SkyblockBurrowSharing	field,method,text
43	com/moonsworth/lunar/client/mod/hud/PingNametag.java	PingNametag	field,flag,method,number,obj,text
43	com/moonsworth/lunar/client/mixin/EntityRenderer5.java	EntityRenderer5	field,method,text
43	com/moonsworth/lunar/client/markers/mixin/gui/mixin/Gui7.java	Gui7	arg,method
43	com/moonsworth/lunar/client/lighting/LightingHandler2.java	LightingHandler2	field,flag,method,obj
43	com/moonsworth/lunar/client/glintcolorizer/highlight/Highlight.java	Highlight	field,method,value
43	com/moonsworth/lunar/client/glintcolorizer/Glintcolorizer2Impl2.java	Glintcolorizer2Impl2	field,method,value
43	com/moonsworth/lunar/client/framework/feature/waila/mixin/Waila.java	Waila	field,method,number,obj,value
43	com/moonsworth/lunar/client/framework/feature/rewind/nameplate/Nameplate2Impl_2.java	Nameplate2Impl_2	field,method,obj,text
43	com/moonsworth/lunar/client/framework/feature/mod/fishing/holograms/HologramsType7.java	HologramsType7	field,method,number
43	com/moonsworth/lunar/client/framework/feature/mod/fishing/Fishing$Data.java	Fishing$Data	field,flag,method,text
42	net/minecraft/crash/CrashReportCategory.java	CrashReportCategory	i,j,k,var
42	com/moonsworth/lunar/legacy/wrapper/Bridge4Handler.java	Bridge4Handler	field,method,value
42	com/moonsworth/lunar/legacy/mixin/InventoryEffectRendererMixin.java	InventoryEffectRendererMixin	arg,method,number
42	com/moonsworth/lunar/genesis/SerializableIterator522.java	SerializableIterator522	field,method,obj,value
42	com/moonsworth/lunar/forge/lib/guava/graph/StandardValueGraph.java	StandardValueGraph	number,obj,value
42	com/moonsworth/lunar/forge/lib/guava/collect/TreeBasedTable.java	TreeBasedTable	obj,value
42	com/moonsworth/lunar/forge/lib/OutputStreamBase2_3.java	OutputStreamBase2_3	field,method,number
42	com/moonsworth/lunar/forge/lib/MixinLegacy8.java	MixinLegacy8	field,flag,method,number
42	com/moonsworth/lunar/forge/lib/MixinHelper353.java	MixinHelper353	field,method,number,obj,text
42	com/moonsworth/lunar/forge/lib/MixinHelper23.java	MixinHelper23	field,method,number
42	com/moonsworth/lunar/files/Files4Impl.java	Files4Impl	field,flag,method,number,text
42	com/moonsworth/lunar/files/Files4Base2.java	Files4Base2	arg,field,method,text
42	com/moonsworth/lunar/client/util/rewindhandlers/Rewindhandlers.java	Rewindhandlers	method,number,value
42	com/moonsworth/lunar/client/util/ThreadModuleDump4.java	ThreadModuleDump4	field,method,number,value
42	com/moonsworth/lunar/client/mod/player/SkyblockHideFarEntities.java	SkyblockHideFarEntities	field,method
42	com/moonsworth/lunar/client/mod/misc/SkyblockSpiritLeapAnnounce.java	SkyblockSpiritLeapAnnounce	field,method,text
42	com/moonsworth/lunar/client/mod/misc/SkyblockGoldenRabbit.java	SkyblockGoldenRabbit	field,flag,method,text
42	com/moonsworth/lunar/client/mod/misc/SkyblockDungeonFeedback.java	SkyblockDungeonFeedback	field,flag,method,obj,text
42	com/moonsworth/lunar/client/mod/hud/SkyblockDebugHudInteractable.java	SkyblockDebugHudInteractable	field,method
42	com/moonsworth/lunar/client/mod/hud/Clock.java	Clock	arg,field,method
42	com/moonsworth/lunar/client/mod/combat/KillSoundChildMod.java	KillSoundChildMod	field,method,text
42	com/moonsworth/lunar/client/markers/rewindhandlers/MarkersImpl2.java	MarkersImpl2	field,method,text,value
42	com/moonsworth/lunar/client/highlight/mixin/fishing/HighlightImpl13.java	HighlightImpl13	field,flag,method,text,value
42	com/moonsworth/lunar/client/glintcolorizer/nameplate/mixin/Glintcolorizer2Impl.java	Glintcolorizer2Impl	field,method,number,value
42	com/moonsworth/lunar/client/framework/feature/waila/mixin/Waila2.java	Waila2	field,method,number,obj
42	com/moonsworth/lunar/client/framework/feature/rewind/nameplate/Fishing2Iterator3.java	Fishing2Iterator3	field,flag,method,number,text
42	com/moonsworth/lunar/client/framework/feature/rewind/gui/Gui2_2.java	Gui2_2	field,method
42	com/moonsworth/lunar/client/framework/feature/mod/fishing/mixin/Fishing5.java	Fishing5	field,flag,method,number,text
42	com/moonsworth/lunar/client/framework/feature/mod/fishing/holograms/Holograms7_2.java	Holograms7_2	field,method
42	com/moonsworth/lunar/client/framework/feature/mod/debug/testcustomguioverlay/ModuleBase2.java	ModuleBase2	field,method,number,text,value
42	com/moonsworth/lunar/client/framework/feature/debug/optimizationdebugmod/OptimizationdebugmodType.java	OptimizationdebugmodType	field,flag,method,obj,text
42	com/moonsworth/lunar/client/feature/ModuleType.java	ModuleType	arg,method
41	net/minecraft/world/gen/feature/WorldGenIceSpike.java	WorldGenIceSpike	i,j,k
41	com/moonsworth/lunar/network/MixinHelper11.java	MixinHelper11	field,method,obj,text
41	com/moonsworth/lunar/legacy/mixin/TileEntityBeaconRendererMixin.java	TileEntityBeaconRendererMixin	method,number,value
41	com/moonsworth/lunar/genesis/AccessibleObjectImpl.java	AccessibleObjectImpl	field,flag,method,obj
41	com/moonsworth/lunar/forge/lib/guava/collect/Serialization.java	Serialization	field,number,obj,text,value
41	com/moonsworth/lunar/forge/lib/MixinMore3.java	MixinMore3	method,number,obj,text
41	com/moonsworth/lunar/forge/lib/MixinMisc2Impl.java	MixinMisc2Impl	field,flag,method,obj,value
41	com/moonsworth/lunar/forge/lib/InputStreamLoader2_5.java	InputStreamLoader2_5	field,method,number
41	com/moonsworth/lunar/client/util/rewindhandlers/RewindhandlersExtension4.java	RewindhandlersExtension4	method,number,value
41	com/moonsworth/lunar/client/util/JavadocSpec.java	JavadocSpec	field,flag,method,number,text
41	com/moonsworth/lunar/client/mod/render/HurtCam.java	HurtCam	field,method,value
41	com/moonsworth/lunar/client/mod/render/HeldItemAnimations.java	HeldItemAnimations	field,method
41	com/moonsworth/lunar/client/mod/hud/DebugTimerHud.java	DebugTimerHud	field,flag,method,text
41	com/moonsworth/lunar/client/inactive/rewindhandlers/Rewindhandlers2.java	Rewindhandlers2	field,method,text
41	com/moonsworth/lunar/client/holograms/Holograms8.java	Holograms8	field,flag,method,text,value
41	com/moonsworth/lunar/client/highlight/mixin/fishing/HighlightImpl15.java	HighlightImpl15	field,method,value
41	com/moonsworth/lunar/client/highlight/mixin/HighlightImpl4.java	HighlightImpl4	field,method,text
41	com/moonsworth/lunar/client/guiRewindhandlers/rewindhandlers/GuiRewindhandlersHandler22.java	GuiRewindhandlersHandler22	field,method,number,value
41	com/moonsworth/lunar/client/framework/feature/rewind/rewindhandlersNameplateCore/mixin/RewindhandlersNameplateCoreImpl13.java	RewindhandlersNameplateCoreImpl13	field,method,number
41	com/moonsworth/lunar/client/framework/feature/rewind/rewindhandlers/rewindhandlersCore/RewindHandlers3Impl3.java	RewindHandlers3Impl3	field,method,text
41	com/moonsworth/lunar/client/framework/feature/rewind/rewindhandlers/highlight/Highlight_2.java	Highlight_2	method,text
41	com/moonsworth/lunar/client/framework/feature/rewind/gui/AlertImpl.java	AlertImpl	method,value
41	com/moonsworth/lunar/client/framework/feature/mod/mixin/MixinHelper107.java	MixinHelper107	method,text
41	com/moonsworth/lunar/client/framework/feature/f3display/F3display$Data3.java	F3display$Data3	field,flag,method,text
41	com/moonsworth/lunar/client/framework/feature/debug/fpsdebugmod/profilerdebugmod/Profilerdebugmod2$Data.java	Profilerdebugmod2$Data	field,number
41	com/moonsworth/lunar/client/framework/MixinCore5Impl2.java	MixinCore5Impl2	field,flag,method,number,value
41	com/moonsworth/lunar/client/fov/Fov4.java	Fov4	arg,flag,method,number,text
41	com/moonsworth/lunar/client/Highlight3Iterator12.java	Highlight3Iterator12	field,flag,method,number
41	com/moonsworth/lunar/bridge/MixinHelper8_2.java	MixinHelper8_2	field,method,text
40	net/minecraft/world/chunk/storage/RegionFile.java	RegionFile	i,j,k,var
40	net/minecraft/world/chunk/storage/ChunkLoader.java	ChunkLoader	i,j,k,var
40	net/minecraft/client/renderer/ViewFrustum.java	ViewFrustum	i,j,k
40	com/moonsworth/lunar/network/MixinHelper9.java	MixinHelper9	field,method,obj,text
40	com/moonsworth/lunar/legacy/mixin/ShaderMixin.java	ShaderMixin	flag,method,number,obj
40	com/moonsworth/lunar/legacy/mixin/MainMixin.java	MainMixin	field,method,number,text
40	com/moonsworth/lunar/genesis/SerializableImpl3$Data2.java	SerializableImpl3$Data2	method,number,value
40	com/moonsworth/lunar/genesis/MixinHelper62322.java	MixinHelper62322	method,value
40	com/moonsworth/lunar/genesis/MixinHelper23$Data17.java	MixinHelper23$Data17	field,method,number,obj,value
40	com/moonsworth/lunar/genesis/AbstractCollectionIterator55.java	AbstractCollectionIterator55	field,method,number,obj
40	com/moonsworth/lunar/forge/lib/guava/graph/AbstractBaseGraph.java	AbstractBaseGraph	number,obj,value
40	com/moonsworth/lunar/forge/lib/MixinHelper5.java	MixinHelper5	field,method,number
40	com/moonsworth/lunar/config/Config2.java	Config2	field
40	com/moonsworth/lunar/client/util/colorsaturation/Colorsaturation2.java	Colorsaturation2	field,method,number,obj
40	com/moonsworth/lunar/client/util/ThreadModuleDump41.java	ThreadModuleDump41	field,flag,method,number
40	com/moonsworth/lunar/client/mod/render/SkyblockHighlightFilledBzOrders.java	SkyblockHighlightFilledBzOrders	field,method,text
40	com/moonsworth/lunar/client/mod/misc/SkyblockProfileViewer.java	SkyblockProfileViewer	field,method,text
40	com/moonsworth/lunar/client/mod/combat/Combo.java	Combo	arg,field,method,number
40	com/moonsworth/lunar/client/mixin/RpcChannelImpl.java	RpcChannelImpl	arg,field,method,number,text
40	com/moonsworth/lunar/client/highlight/fishing/HighlightImpl10_2.java	HighlightImpl10_2	field,method,value
40	com/moonsworth/lunar/client/glintcolorizer/Glintcolorizer_7.java	Glintcolorizer_7	field,flag,method,number,text,value
40	com/moonsworth/lunar/client/framework/feature/soundchanger/Soundchanger2.java	Soundchanger2	field,method,number,text
40	com/moonsworth/lunar/client/framework/feature/screenshot/Gui2Iterator.java	Gui2Iterator	field,method,number,text,value
40	com/moonsworth/lunar/client/framework/feature/rewind/rewindhandlers/rewindhandlersCore/RewindHandlers3Impl7.java	RewindHandlers3Impl7	flag,method
40	com/moonsworth/lunar/client/framework/feature/rewind/highlight/nameplate/Nameplate.java	Nameplate	method,obj,value
40	com/moonsworth/lunar/client/framework/feature/mod/fishing/gui/GuiHandler11.java	GuiHandler11	field,method,text
40	com/moonsworth/lunar/client/framework/feature/keystrokes/Keystrokes7.java	Keystrokes7	method,number,value
40	com/moonsworth/lunar/client/framework/feature/debug/fpsdebugmod/profilerdebugmod/Profilerdebugmod4.java	Profilerdebugmod4	field,method,number,text
40	com/moonsworth/lunar/client/framework/feature/debug/fpsdebugmod/profilerdebugmod/Profilerdebugmod2.java	Profilerdebugmod2	field,flag,method,number,text
40	com/moonsworth/lunar/client/framework/feature/debug/fpsdebugmod/Fpsdebugmod3.java	Fpsdebugmod3	arg,field,method
40	com/moonsworth/lunar/client/framework/feature/coordinates/CoordinatesChildHudModImpl.java	CoordinatesChildHudModImpl	field,method,text,value
40	com/moonsworth/lunar/client/framework/feature/attackindicator/mixin/Attackindicator2Handler26.java	Attackindicator2Handler26	field,flag,method
40	com/moonsworth/lunar/client/framework/MixinCore6.java	MixinCore6	field,flag,method,obj,value
40	com/moonsworth/lunar/client/fov/FovIterator.java	FovIterator	arg,field,method
40	com/moonsworth/lunar/bridge/SpriteAnimationBridge.java	SpriteAnimationBridge	field,method,number
40	com/moonsworth/lunar/bridge/BridgeExtension2_4.java	BridgeExtension2_4	flag,method,number,value
40	com/moonsworth/lunar/bridge/Bridge5_3.java	Bridge5_3	method,number,obj,text
39	net/minecraft/world/gen/layer/GenLayerSmooth.java	GenLayerSmooth	i,j,k
39	net/minecraft/command/PlayerSelector.java	PlayerSelector	flag,i,j
39	com/moonsworth/lunar/network/MixinHelper62.java	MixinHelper62	field,method,obj,text
39	com/moonsworth/lunar/network/MixinHelper6.java	MixinHelper6	field,flag,method,obj,text
39	com/moonsworth/lunar/legacy/wrapper/Bridge19Handler.java	Bridge19Handler	field,flag,method,number
39	com/moonsworth/lunar/legacy/mixin/RendererLivingEntityMixin3.java	RendererLivingEntityMixin3	method,value
39	com/moonsworth/lunar/genesis/Comparator$Data2.java	Comparator$Data2	field,method,number,obj
39	com/moonsworth/lunar/genesis/AnnotatedElementIterator.java	AnnotatedElementIterator	field,method,number,obj
39	com/moonsworth/lunar/genesis/AbstractCollectionIterator3$Data.java	AbstractCollectionIterator3$Data	field,method,number,obj
39	com/moonsworth/lunar/forge/lib/guava/primitives/SignedBytes.java	SignedBytes	number,text
39	com/moonsworth/lunar/forge/lib/guava/collect/ForwardingMultiset.java	ForwardingMultiset	number,obj,value
39	com/moonsworth/lunar/forge/MixinMisc3.java	MixinMisc3	field,flag,method,text
39	com/moonsworth/lunar/client/util/ThreadModuleDump86.java	ThreadModuleDump86	number,text
39	com/moonsworth/lunar/client/pkg/Pkg2.java	Pkg2	field,method,obj,text
39	com/moonsworth/lunar/client/mod/hud/HypixelTps.java	HypixelTps	field,flag,method,value
39	com/moonsworth/lunar/client/inactive/rewindhandlers/Rewindhandlers5.java	Rewindhandlers5	field,flag,method,value
39	com/moonsworth/lunar/client/inactive/rewindhandlers/Rewindhandlers2_2.java	Rewindhandlers2_2	field,method,text
39	com/moonsworth/lunar/client/holograms/Gui2Handler.java	Gui2Handler	field,method,number
39	com/moonsworth/lunar/client/guiRewindhandlers/GuiRewindhandlersHandler26.java	GuiRewindhandlersHandler26	arg,field,method,number,text
39	com/moonsworth/lunar/client/glintcolorizer/holograms/Glintcolorizer2Base2.java	Glintcolorizer2Base2	field,method,value
39	com/moonsworth/lunar/client/framework/feature/tiertagger/mixin/LightingExtension4952.java	LightingExtension4952	field,flag,method,text
39	com/moonsworth/lunar/client/framework/feature/mod/mixin/MixinHelper1012.java	MixinHelper1012	method,text
39	com/moonsworth/lunar/client/framework/feature/mod/holograms/fishing/mixin/Fishing.java	Fishing	field,flag,method,text
39	com/moonsworth/lunar/client/framework/feature/mod/holograms/GuiRewindhandlersHandler2_3.java	GuiRewindhandlersHandler2_3	field,method
39	com/moonsworth/lunar/client/framework/feature/mod/fishing/nameplate/JsonDeserializerImpl.java	JsonDeserializerImpl	method,text
39	com/moonsworth/lunar/client/framework/feature/markers/Markers5.java	Markers5	arg,field,method,number,text
39	com/moonsworth/lunar/client/framework/feature/markers/Markers12Impl4.java	Markers12Impl4	arg,flag,method,text
39	com/moonsworth/lunar/client/fps/Fps7Extension15.java	Fps7Extension15	method,number,value
39	com/moonsworth/lunar/client/fov/Fov7_2.java	Fov7_2	field,method,value
39	com/moonsworth/lunar/client/Highlight3Iterator18.java	Highlight3Iterator18	method,number,text
39	com/moonsworth/lunar/bridge/FieldSetEmitter.java	FieldSetEmitter	field,flag,method
38	net/minecraft/world/gen/layer/GenLayerHills.java	GenLayerHills	i,j,k
38	com/moonsworth/lunar/legacy/wrapper/ModelBase.java	ModelBase	field,method,number,value
38	com/moonsworth/lunar/legacy/wrapper/GlStateSnapshot.java	GlStateSnapshot	field,flag,method
38	com/moonsworth/lunar/legacy/mixin/EntityDiggingFXMixin.java	EntityDiggingFXMixin	method,value
38	com/moonsworth/lunar/legacy/ModelSkeletonHeadImpl.java	ModelSkeletonHeadImpl	field,flag,number,value
38	com/moonsworth/lunar/genesis/SerializableImpl3$Data3.java	SerializableImpl3$Data3	field,method,number,obj
38	com/moonsworth/lunar/genesis/SerializableImpl2$Data2.java	SerializableImpl2$Data2	field,method,number,obj
38	com/moonsworth/lunar/genesis/SerializableImpl$Data13.java	SerializableImpl$Data13	field,method,number,obj
38	com/moonsworth/lunar/genesis/FilterInputStreamLoader.java	FilterInputStreamLoader	number
38	com/moonsworth/lunar/forge/lib/mixin/MixinHelper3.java	MixinHelper3	field,number,text
38	com/moonsworth/lunar/forge/lib/mixin/CloseableExtension43.java	CloseableExtension43	field,number
38	com/moonsworth/lunar/forge/lib/guava/io/LittleEndianDataInputStream.java	LittleEndianDataInputStream	number
38	com/moonsworth/lunar/forge/lib/guava/graph/ForwardingNetwork.java	ForwardingNetwork	value
38	com/moonsworth/lunar/forge/lib/guava/base/Suppliers.java	Suppliers	number,obj,value
38	com/moonsworth/lunar/forge/lib/MixinMiscLoader.java	MixinMiscLoader	field,flag,method,number,text
38	com/moonsworth/lunar/forge/lib/MixinHelper24.java	MixinHelper24	field,method,number,obj
38	com/moonsworth/lunar/forge/lib/InputStreamBase_9.java	InputStreamBase_9	field,flag,method,number
38	com/moonsworth/lunar/forge/lib/InputStreamBase_4.java	InputStreamBase_4	field,method,number
38	com/moonsworth/lunar/forge/Ichor2Iterator_2.java	Ichor2Iterator_2	field,method,obj,text
38	com/moonsworth/lunar/client/util/ThreadModuleDump75.java	ThreadModuleDump75	field,method,number,text
38	com/moonsworth/lunar/client/util/ThreadModuleDump3.java	ThreadModuleDump3	field,method,number,text
38	com/moonsworth/lunar/client/mod/misc/SkyblockCreationDate.java	SkyblockCreationDate	field,method,number,text
38	com/moonsworth/lunar/client/inactive/rewindhandlers/RewindhandlersIterator.java	RewindhandlersIterator	field,method,text
38	com/moonsworth/lunar/client/inactive/mixin/Gui2Impl2.java	Gui2Impl2	field,flag,method
38	com/moonsworth/lunar/client/highlight/EventRenderSlot.java	EventRenderSlot	field,method,number
38	com/moonsworth/lunar/client/guiRewindhandlers/mixin/GuiRewindhandlers2.java	GuiRewindhandlers2	arg,field,method,value
38	com/moonsworth/lunar/client/framework/feature/mod/rewindhandlers/HighlightImpl4.java	HighlightImpl4	field,method,number,value
38	com/moonsworth/lunar/client/framework/feature/mod/impl/calculator/mixin/Calculator.java	Calculator	field,flag,method,text
38	com/moonsworth/lunar/client/framework/feature/mod/impl/calculator/Calculator2.java	Calculator2	field,method,number,value
38	com/moonsworth/lunar/client/framework/feature/mod/holograms/highlight/GuiRewindhandlersHandler22.java	GuiRewindhandlersHandler22	field,method,text
38	com/moonsworth/lunar/client/framework/feature/mod/fishing/holograms/nameplate/NameplateType.java	NameplateType	arg,flag,method,number,text
38	com/moonsworth/lunar/client/framework/feature/markers/Markers12Impl5.java	Markers12Impl5	field,method,number,text
38	com/moonsworth/lunar/bridge/Bridge_16.java	Bridge_16	method,number
37	net/minecraft/client/gui/GuiEnchantment.java	GuiEnchantment	i,j,k
37	com/moonsworth/lunar/replaymod/mixin/AbstractGuiButtonV1_8Mixin.java	AbstractGuiButtonV1_8Mixin	field,flag,method,number,value
37	com/moonsworth/lunar/replaymod/mixin/AbstractGuiButtonMixin.java	AbstractGuiButtonMixin	field,flag,method,number,value
37	com/moonsworth/lunar/ichor/util/PrintStreamImpl.java	PrintStreamImpl	field,flag,method,obj,text
37	com/moonsworth/lunar/forge/lib/guava/graph/AbstractDirectedNetworkConnections.java	AbstractDirectedNetworkConnections	flag,number,obj,value
37	com/moonsworth/lunar/forge/lib/guava/collect/TreeTraverser.java	TreeTraverser	obj,value
37	com/moonsworth/lunar/forge/lib/guava/collect/Iterables.java	Iterables	arg,number,obj,value
37	com/moonsworth/lunar/files/Files$Data2.java	Files$Data2	field,method
37	com/moonsworth/lunar/client/pkg/Pkg3.java	Pkg3	field,method,number,obj,text
37	com/moonsworth/lunar/client/mod/render/TeamCakeHighlight.java	TeamCakeHighlight	arg,field,method
37	com/moonsworth/lunar/client/lighting/LightingHandler.java	LightingHandler	field,flag,method,text
37	com/moonsworth/lunar/client/glintcolorizer/highlight/Glintcolorizer2Base32.java	Glintcolorizer2Base32	field,method,value
37	com/moonsworth/lunar/client/glintcolorizer/highlight/Glintcolorizer2Base.java	Glintcolorizer2Base	field,method,text
37	com/moonsworth/lunar/client/framework/feature/screenshot/ScreenshotCallable.java	ScreenshotCallable	field,method,text
37	com/moonsworth/lunar/client/framework/feature/rewind/rewindhandlers/nameplate/Nameplate.java	Nameplate	field,method,number,obj
37	com/moonsworth/lunar/client/framework/feature/mod/fishing/gui/Gui3_2.java	Gui3_2	field,method,text,value
37	com/moonsworth/lunar/client/framework/feature/minimap/Minimap2_2.java	Minimap2_2	field,method,value
37	com/moonsworth/lunar/client/framework/feature/inventorymod/mixin/GuiRewindhandlersHandler2.java	GuiRewindhandlersHandler2	field,method,number
37	com/moonsworth/lunar/client/fog/Lighting3Loader3.java	Lighting3Loader3	method,number,obj,text
36	net/minecraft/world/gen/NoiseGeneratorSimplex.java	NoiseGeneratorSimplex	i,j,k
36	net/minecraft/entity/EntityTrackerEntry.java	EntityTrackerEntry	flag,i,j,k
36	com/moonsworth/lunar/legacy/wrapper/FramebufferImpl.java	FramebufferImpl	field,method,number
36	com/moonsworth/lunar/legacy/wrapper/AudioStreamCache.java	AudioStreamCache	field,method,number,text
36	com/moonsworth/lunar/legacy/mixin/WindowsMouseMixin.java	WindowsMouseMixin	number
36	com/moonsworth/lunar/legacy/mixin/GuiErrorScreenLayoutMixin.java	GuiErrorScreenLayoutMixin	method,number,text
36	com/moonsworth/lunar/ichor/util/FatalIchorError12.java	FatalIchorError12	arg,field,method,number,text
36	com/moonsworth/lunar/ichor/MixinMisc3$Data2.java	MixinMisc3$Data2	field,flag,obj,text
36	com/moonsworth/lunar/genesis/Writer.java	Writer	field,number,text
36	com/moonsworth/lunar/genesis/SerializableImpl2$Data.java	SerializableImpl2$Data	method,number
36	com/moonsworth/lunar/genesis/SerializableImpl$Data12.java	SerializableImpl$Data12	method,number
36	com/moonsworth/lunar/genesis/MixinHelperTask.java	MixinHelperTask	field,flag,method,number,text
36	com/moonsworth/lunar/genesis/MixinHelper6_3.java	MixinHelper6_3	flag,number,obj
36	com/moonsworth/lunar/forge/lib/guava/collect/RegularImmutableMultiset.java	RegularImmutableMultiset	flag,number,obj,value
36	com/moonsworth/lunar/forge/lib/guava/collect/Queues.java	Queues	flag,number,obj
36	com/moonsworth/lunar/forge/lib/guava/base/SmallCharMatcher.java	SmallCharMatcher	flag,number,text
36	com/moonsworth/lunar/forge/lib/MixinMisc5_2.java	MixinMisc5_2	field,method,number
36	com/moonsworth/lunar/forge/lib/MixinHelper_6.java	MixinHelper_6	field,flag,method,text
36	com/moonsworth/lunar/forge/lib/MixinHelper2_4.java	MixinHelper2_4	field,method,number,text
36	com/moonsworth/lunar/forge/lib/CloseableLoader$Data13.java	CloseableLoader$Data13	field,method,number
36	com/moonsworth/lunar/client/waypoints/RpcChannelImpl.java	RpcChannelImpl	arg,field,method,text
36	com/moonsworth/lunar/client/util/ThreadModuleDump66.java	ThreadModuleDump66	field,method,number,text
36	com/moonsworth/lunar/client/mod/misc/SkyblockStrayRabbit.java	SkyblockStrayRabbit	field,flag,method
36	com/moonsworth/lunar/client/mod/hud/HypixelBedwarsUpgradeDisplayChild$HRICOROOOCCOCOROCRHHCRRIRCOICO$Data.java	HypixelBedwarsUpgradeDisplayChild$HRICOROOOCCOCOROCRHHCRRIRCOICO$Data	field,method,number,obj,text
36	com/moonsworth/lunar/client/lightoverlay/Lightoverlay4.java	Lightoverlay4	field,flag,method,obj,value
36	com/moonsworth/lunar/client/highlight/mixin/highlight/EventFovModifier.java	EventFovModifier	field,method,value
36	com/moonsworth/lunar/client/guiRewindhandlers/nameplate/Nameplate.java	Nameplate	field,method,number
36	com/moonsworth/lunar/client/framework/feature/rewind/rewindhandlersNameplateCore/RewindhandlersNameplateCore2.java	RewindhandlersNameplateCore2	flag,method,number,value
36	com/moonsworth/lunar/client/framework/feature/quickplay/Quickplay.java	Quickplay	field,flag,method,text
36	com/moonsworth/lunar/client/framework/feature/mod/mixin/MixinHelper10.java	MixinHelper10	method,text
36	com/moonsworth/lunar/client/framework/feature/mod/holograms/fishing/GuiRewindhandlersHandler29.java	GuiRewindhandlersHandler29	field,method,text
36	com/moonsworth/lunar/client/framework/feature/mod/fishing/gui/Gui.java	Gui	field,flag,method,number
36	com/moonsworth/lunar/client/framework/feature/markers/Markers9.java	Markers9	field,method,number,text
36	com/moonsworth/lunar/client/framework/feature/itemcounter/Itemcounter_2.java	Itemcounter_2	field,method,text
36	com/moonsworth/lunar/client/framework/feature/f3display/mixin/F3displayImpl2.java	F3displayImpl2	field,method,number,value
36	com/moonsworth/lunar/client/framework/Calculator2Handler.java	Calculator2Handler	field,flag,method,text
36	com/moonsworth/lunar/client/fov/Fov2_4.java	Fov2_4	field,method,number,obj
36	com/moonsworth/lunar/client/animations/mixin/AnimationsImpl3.java	AnimationsImpl3	field,flag,method,text
36	com/moonsworth/lunar/client/animations/mixin/AnimationsImpl.java	AnimationsImpl	field,flag,method,text
35	net/minecraft/client/gui/inventory/GuiContainer.java	GuiContainer	flag,i,j,k
35	com/moonsworth/lunar/legacy/mixin/LayerCustomHeadMixin.java	LayerCustomHeadMixin	flag,method,value
35	com/moonsworth/lunar/ichor/LoggerAdapterAbstractIterator.java	LoggerAdapterAbstractIterator	field,method,text,value
35	com/moonsworth/lunar/forge/lib/guava/primitives/UnsignedLong.java	UnsignedLong	number,obj,text,value
35	com/moonsworth/lunar/forge/lib/MixinMisc.java	MixinMisc	field,flag,method,number,text
35	com/moonsworth/lunar/forge/lib/MixinExtra6.java	MixinExtra6	field,method,text
35	com/moonsworth/lunar/client/util/Util.java	Util	field,method,number,text
35	com/moonsworth/lunar/client/util/ThreadModuleDump34.java	ThreadModuleDump34	field,method,number,text
35	com/moonsworth/lunar/client/util/ThreadModuleDump33.java	ThreadModuleDump33	field,method,number
35	com/moonsworth/lunar/client/mod/render/SkyblockHideLotusfishNametag.java	SkyblockHideLotusfishNametag	field,method,number,text,value
35	com/moonsworth/lunar/client/mixin/EntityRenderer3.java	EntityRenderer3	field,method,number,text
35	com/moonsworth/lunar/client/killsounds/Killsounds12.java	Killsounds12	field,method,obj,text
35	com/moonsworth/lunar/client/highlight/DebuggingEventBus.java	DebuggingEventBus	field,method,number,text
35	com/moonsworth/lunar/client/framework/nameplate/Nameplate9.java	Nameplate9	field,method,text
35	com/moonsworth/lunar/client/framework/feature/waypoints/mixin/Gui2Loader2.java	Gui2Loader2	field,method,text,value
35	com/moonsworth/lunar/client/framework/feature/rewind/rewindhandlersNameplateCore/mixin/RewindhandlersNameplateCoreImpl7.java	RewindhandlersNameplateCoreImpl7	field,flag,method
35	com/moonsworth/lunar/client/framework/feature/rewind/nameplate/Nameplate3Iterator.java	Nameplate3Iterator	field,method,number,text
35	com/moonsworth/lunar/client/framework/feature/mod/holograms/gui/GuiRewindhandlersHandler2.java	GuiRewindhandlersHandler2	field,method,text
35	com/moonsworth/lunar/client/framework/feature/mod/fishing/holograms/Holograms3_6.java	Holograms3_6	field
35	com/moonsworth/lunar/client/framework/feature/mod/MixinHelper22_2.java	MixinHelper22_2	arg,field,method,value
35	com/moonsworth/lunar/client/framework/feature/markers/Markers11.java	Markers11	arg,field,method,number,text
35	com/moonsworth/lunar/client/framework/feature/ModuleHandler.java	ModuleHandler	field,method,value
35	com/moonsworth/lunar/client/framework/MixinCore$Data.java	MixinCore$Data	field,flag,method
35	com/moonsworth/lunar/client/fps/Fps11.java	Fps11	field,method,text
35	com/moonsworth/lunar/bridge/Bridge5_5.java	Bridge5_5	field,method,number
35	com/moonsworth/lunar/bridge/Bridge4_11.java	Bridge4_11	method,number,value
35	com/moonsworth/lunar/bridge/Bridge2$Data.java	Bridge2$Data	field,method,value
34	net/minecraft/block/BlockTripWireHook.java	BlockTripWireHook	flag
34	com/moonsworth/lunar/replaymod/mixin/AbstractGuiSliderV1_8Mixin.java	AbstractGuiSliderV1_8Mixin	flag,method,number,value
34	com/moonsworth/lunar/replaymod/mixin/AbstractGuiSliderMixin.java	AbstractGuiSliderMixin	flag,method,number,value
34	com/moonsworth/lunar/legacy/wrapper/RewindPacketBuilder.java	RewindPacketBuilder	field,method,number,obj
34	com/moonsworth/lunar/legacy/mixin/GuiMultiplayerMixin.java	GuiMultiplayerMixin	field,flag,method,number,text
34	com/moonsworth/lunar/ichor/AutoCloseableIterator2$Data3.java	AutoCloseableIterator2$Data3	field,method,text
34	com/moonsworth/lunar/genesis/MixinHelper40$Data3.java	MixinHelper40$Data3	field,number
34	com/moonsworth/lunar/genesis/MixinHelper163.java	MixinHelper163	field,flag,method,number,obj,value
34	com/moonsworth/lunar/genesis/MixinHelper16$Data6.java	MixinHelper16$Data6	field,method,text,value
34	com/moonsworth/lunar/genesis/MixinHelper1132.java	MixinHelper1132	flag,method,obj,value
34	com/moonsworth/lunar/genesis/CIterator3$Data2.java	CIterator3$Data2	field,method,number,obj,value
34	com/moonsworth/lunar/forge/lib/guava/io/ReaderInputStream.java	ReaderInputStream	flag,number
34	com/moonsworth/lunar/forge/lib/guava/collect/AbstractTable.java	AbstractTable	obj,value
34	com/moonsworth/lunar/forge/lib/guava/cache/CacheBuilder.java	CacheBuilder	flag,number,obj,text
34	com/moonsworth/lunar/forge/lib/MixinHelper692.java	MixinHelper692	method,number,text
34	com/moonsworth/lunar/forge/lib/MixinHelper327.java	MixinHelper327	field,method
34	com/moonsworth/lunar/client/util/rewindhandlers/Gui2Extension.java	Gui2Extension	arg,method,text,value
34	com/moonsworth/lunar/client/util/ThreadModuleDump95.java	ThreadModuleDump95	method,value
34	com/moonsworth/lunar/client/markers/mixin/gui/mixin/Gui3.java	Gui3	flag,method,text,value
34	com/moonsworth/lunar/client/hitbox/Hitbox2Handler3.java	Hitbox2Handler3	field,method,number,value
34	com/moonsworth/lunar/client/framework/feature/rewind/rewindhandlers/holograms/Holograms.java	Holograms	method
34	com/moonsworth/lunar/client/framework/feature/rewind/nameplate/Nameplate2Task.java	Nameplate2Task	field,flag,method,text
34	com/moonsworth/lunar/client/framework/feature/rewind/highlight/nameplate/LinkedHashMapImpl.java	LinkedHashMapImpl	field,method,obj,value
34	com/moonsworth/lunar/client/framework/feature/pkg/Pkg4.java	Pkg4	field,flag,method
34	com/moonsworth/lunar/client/framework/feature/mod/mixin/MixinHelper4.java	MixinHelper4	arg,field,method,text
34	com/moonsworth/lunar/client/framework/feature/mod/impl/alert/excavation/ExcavationIterator.java	ExcavationIterator	field,method,number
34	com/moonsworth/lunar/client/framework/feature/mod/holograms/GuiRewindhandlersHandler22_2.java	GuiRewindhandlersHandler22_2	field,method,text
34	com/moonsworth/lunar/client/framework/feature/mod/fishing/Fishing3Iterator_2.java	Fishing3Iterator_2	method,text
34	com/moonsworth/lunar/client/framework/feature/f3display/F3display$Data2.java	F3display$Data2	field,flag,method,text
34	com/moonsworth/lunar/client/framework/MixinCore5Handler2_3.java	MixinCore5Handler2_3	field,flag,method
34	com/moonsworth/lunar/client/fps/Fps4.java	Fps4	field,method,number,obj,value
34	com/moonsworth/lunar/client/fog/rewindhandlers/RewindhandlersType2.java	RewindhandlersType2	arg,flag,method,text
34	com/moonsworth/lunar/bridge/Bridge_13.java	Bridge_13	field,flag,method
34	com/moonsworth/lunar/bridge/Bridge5Extension6.java	Bridge5Extension6	flag,method,number,value
34	com/moonsworth/lunar/bridge/Bridge12$Extension2.java	Bridge12$Extension2	flag,method,number,value
33	net/minecraft/world/chunk/storage/AnvilChunkLoader.java	AnvilChunkLoader	i,j,k
33	com/moonsworth/lunar/ichor/Ichor7$Data.java	Ichor7$Data	field,method
33	com/moonsworth/lunar/ichor/Ichor3.java	Ichor3	field,method
33	com/moonsworth/lunar/genesis/MixinHelper134.java	MixinHelper134	field,flag,method,obj,value
33	com/moonsworth/lunar/genesis/MixinHelper12$Data7.java	MixinHelper12$Data7	field,method,number,text
33	com/moonsworth/lunar/genesis/MixinHelper$Data51.java	MixinHelper$Data51	field,number
33	com/moonsworth/lunar/genesis/Comparator6.java	Comparator6	field,method,value
33	com/moonsworth/lunar/genesis/AbstractCollectionIterator42$Data2.java	AbstractCollectionIterator42$Data2	field,method,number,value
33	com/moonsworth/lunar/forge/lib/guava/cache/CacheStats.java	CacheStats	number,obj
33	com/moonsworth/lunar/forge/lib/MixinLegacyHandler6.java	MixinLegacyHandler6	field,flag,method,number
33	com/moonsworth/lunar/forge/lib/MixinHelper9.java	MixinHelper9	field,method,number
33	com/moonsworth/lunar/forge/lib/MixinHelper329.java	MixinHelper329	field,method,number,obj
33	com/moonsworth/lunar/forge/lib/MixinHelper32.java	MixinHelper32	field,method,number,obj
33	com/moonsworth/lunar/forge/lib/MixinExtra.java	MixinExtra	field
33	com/moonsworth/lunar/forge/lib/CloneableImpl.java	CloneableImpl	field,flag,method,number,obj
33	com/moonsworth/lunar/client/util/ThreadModuleDump42.java	ThreadModuleDump42	method,text
33	com/moonsworth/lunar/client/tps/FogIterator.java	FogIterator	field,method
33	com/moonsworth/lunar/client/mod/misc/FeatureFlagDebug.java	FeatureFlagDebug	arg,field,flag,method,text
33	com/moonsworth/lunar/client/markers/holograms/Holograms2.java	Holograms2	field,flag,method,value
33	com/moonsworth/lunar/client/lighting/Lighting_5.java	Lighting_5	method,text
33	com/moonsworth/lunar/client/guiRewindhandlers/GuiRewindhandlersHandler27.java	GuiRewindhandlersHandler27	arg,field,method,text
33	com/moonsworth/lunar/client/glintcolorizer/Glintcolorizer2Handler5.java	Glintcolorizer2Handler5	field,method,text,value
33	com/moonsworth/lunar/client/framework/feature/rewind/nameplate/Nameplate3.java	Nameplate3	field,flag,method,text
33	com/moonsworth/lunar/client/framework/feature/rewind/highlight/Highlight$Data.java	Highlight$Data	field,method,text
33	com/moonsworth/lunar/client/framework/feature/mod/mixin/MixinHelper106.java	MixinHelper106	method,text
33	com/moonsworth/lunar/client/framework/feature/mod/impl/chest/dungeon/dungeonwaypoints/mixin/Dungeonwaypoints.java	Dungeonwaypoints	field,method
33	com/moonsworth/lunar/client/framework/feature/mod/MixinHelper3.java	MixinHelper3	field
33	com/moonsworth/lunar/client/framework/feature/itemcounter/Itemcounter3.java	Itemcounter3	field,method,text
33	com/moonsworth/lunar/client/framework/feature/debug/fpsdebugmod/profilerdebugmod/mixin/Profilerdebugmod.java	Profilerdebugmod	field,method,number
33	com/moonsworth/lunar/client/framework/feature/debug/fpsdebugmod/mixin/Fpsdebugmod4Iterator.java	Fpsdebugmod4Iterator	field,method,text
33	com/moonsworth/lunar/client/fps/Fps10.java	Fps10	field,flag,method
33	com/moonsworth/lunar/client/alert/mixin/Alert.java	Alert	field,method,text,value
33	com/moonsworth/lunar/client/Highlight3Iterator25.java	Highlight3Iterator25	arg,method,number,text
33	com/moonsworth/lunar/bridge/FramebufferBuilder.java	FramebufferBuilder	field,flag,method,number
33	com/moonsworth/lunar/bridge/Bridge2_41.java	Bridge2_41	flag,method,number,value
32	net/minecraft/client/gui/inventory/GuiBeacon.java	GuiBeacon	i,j,k
32	com/moonsworth/lunar/replaymod/mixin/DropdownEntryMixin.java	DropdownEntryMixin	flag,method,number,text
32	com/moonsworth/lunar/replaymod/mixin/AbstractGuiDropdownMenuEntryV1_8Mixin.java	AbstractGuiDropdownMenuEntryV1_8Mixin	flag,method,number,text
32	com/moonsworth/lunar/legacy/mixin/GuiMultiplayerBlocklistMixin.java	GuiMultiplayerBlocklistMixin	field,flag,method,number
32	com/moonsworth/lunar/ichor/util/FatalIchorError10.java	FatalIchorError10	field,method,obj
32	com/moonsworth/lunar/genesis/MixinHelper8$Data29.java	MixinHelper8$Data29	field,flag,method,number
32	com/moonsworth/lunar/forge/lib/guava/hash/MessageDigestHashFunction.java	MessageDigestHashFunction	number,text
32	com/moonsworth/lunar/forge/lib/guava/graph/ImmutableNetwork.java	ImmutableNetwork	number,obj,value
32	com/moonsworth/lunar/forge/lib/guava/eventbus/Subscriber.java	Subscriber	method,obj
32	com/moonsworth/lunar/forge/lib/guava/collect/SortedMultisets.java	SortedMultisets	flag,value
32	com/moonsworth/lunar/forge/lib/guava/collect/DescendingImmutableSortedSet.java	DescendingImmutableSortedSet	flag,number,obj,value
32	com/moonsworth/lunar/forge/lib/guava/collect/DenseImmutableTable.java	DenseImmutableTable	number,obj
32	com/moonsworth/lunar/forge/lib/MixinMore4.java	MixinMore4	method,number
32	com/moonsworth/lunar/forge/lib/MixinHelper325.java	MixinHelper325	field,method,number,obj
32	com/moonsworth/lunar/forge/lib/MixinHelper2_5.java	MixinHelper2_5	field,flag,method,number,text
32	com/moonsworth/lunar/client/util/ThreadModuleDump38.java	ThreadModuleDump38	field,method,value
32	com/moonsworth/lunar/client/mod/render/SkyblockReplaceLavaTexture.java	SkyblockReplaceLavaTexture	field,flag,method
32	com/moonsworth/lunar/client/mod/misc/SkyblockWormScathaAlert.java	SkyblockWormScathaAlert	field,method
32	com/moonsworth/lunar/client/mod/misc/SkyblockBestRabbit.java	SkyblockBestRabbit	field,flag,method,number
32	com/moonsworth/lunar/client/markers/Markers5.java	Markers5	field,method,text
32	com/moonsworth/lunar/client/keystrokes/Keystrokes2.java	Keystrokes2	field,flag,method,number,text
32	com/moonsworth/lunar/client/inactive/rewindhandlers/Rewindhandlers4.java	Rewindhandlers4	field,method,value
32	com/moonsworth/lunar/client/hitcolor/FogHandler.java	FogHandler	arg,field,method,number
32	com/moonsworth/lunar/client/highlight/mixin/highlight/EventGroundItemTransform.java	EventGroundItemTransform	field,flag,method,value
32	com/moonsworth/lunar/client/highlight/mixin/fishing/mixin/HighlightImpl.java	HighlightImpl	field,flag,method,number
32	com/moonsworth/lunar/client/glintcolorizer/highlight/Glintcolorizer2Base3.java	Glintcolorizer2Base3	field,method,value
32	com/moonsworth/lunar/client/framework/feature/waila/WailaHandler6.java	WailaHandler6	arg,field,method,number
32	com/moonsworth/lunar/client/framework/feature/rewind/nameplate/Nameplate2Impl3.java	Nameplate2Impl3	field,method,text,value
32	com/moonsworth/lunar/client/framework/feature/rewind/nameplate/Fishing2Iterator2.java	Fishing2Iterator2	field,method,number
32	com/moonsworth/lunar/client/framework/feature/rewind/fishing/Fishing4.java	Fishing4	field,method
32	com/moonsworth/lunar/client/framework/feature/mod/holograms/mixin/GuiRewindhandlersHandler2.java	GuiRewindhandlersHandler2	field,method,text
32	com/moonsworth/lunar/client/framework/feature/minimap/Minimap5.java	Minimap5	field,method,number
32	com/moonsworth/lunar/client/fog/fishing/Gui2Handler.java	Gui2Handler	field,method,obj,text
32	com/moonsworth/lunar/client/MixinHelper$Data23.java	MixinHelper$Data23	field,method,value
32	com/moonsworth/lunar/bridge/PathEmitter.java	PathEmitter	field,flag,method,obj
31	net/minecraft/world/gen/layer/GenLayerRiver.java	GenLayerRiver	i,j,k
31	net/minecraft/world/gen/layer/GenLayerRemoveTooMuchOcean.java	GenLayerRemoveTooMuchOcean	i,j,k
31	net/minecraft/world/gen/layer/GenLayerAddMushroomIsland.java	GenLayerAddMushroomIsland	i,j,k
31	net/minecraft/world/gen/feature/WorldGenDesertWells.java	WorldGenDesertWells	i,j,k
31	net/minecraft/item/crafting/RecipeFireworks.java	RecipeFireworks	i,j,k
31	net/minecraft/client/renderer/texture/TextureAtlasSprite.java	TextureAtlasSprite	i,j,k
31	net/minecraft/client/renderer/texture/Stitcher.java	Stitcher	flag,i,j
31	net/minecraft/client/gui/inventory/GuiContainerCreative.java	GuiContainerCreative	flag,i,j,k
31	com/moonsworth/lunar/ichor/util/ClassWriter.java	ClassWriter	arg,field,method,number,text
31	com/moonsworth/lunar/ichor/MixinMisc3$Data.java	MixinMisc3$Data	field,method
31	com/moonsworth/lunar/genesis/MixinHelper3164.java	MixinHelper3164	number,obj,value
31	com/moonsworth/lunar/genesis/MixinHelper15_2.java	MixinHelper15_2	field,method,number,text
31	com/moonsworth/lunar/genesis/FilterOutputStreamSerializer2.java	FilterOutputStreamSerializer2	flag,number,text,value
31	com/moonsworth/lunar/genesis/ExecutorServiceTask.java	ExecutorServiceTask	field,method,number,value
31	com/moonsworth/lunar/genesis/AbstractCollectionIterator2.java	AbstractCollectionIterator2	field,method,obj
31	com/moonsworth/lunar/forge/lib/guava/io/LittleEndianDataOutputStream.java	LittleEndianDataOutputStream	flag,number,text,value
31	com/moonsworth/lunar/forge/lib/guava/graph/DirectedMultiNetworkConnections.java	DirectedMultiNetworkConnections	flag,number,obj,value
31	com/moonsworth/lunar/forge/lib/guava/collect/ImmutableSortedMapFauxverideShim.java	ImmutableSortedMapFauxverideShim	number,value
31	com/moonsworth/lunar/forge/lib/guava/collect/ForwardingTable.java	ForwardingTable	obj,value
31	com/moonsworth/lunar/forge/lib/guava/collect/ForwardingList.java	ForwardingList	number,obj,value
31	com/moonsworth/lunar/forge/lib/guava/collect/FilteredKeyMultimap.java	FilteredKeyMultimap	number,obj,value
31	com/moonsworth/lunar/forge/lib/OutputStreamBase_4.java	OutputStreamBase_4	field,flag,number
31	com/moonsworth/lunar/forge/lib/MixinHelper68.java	MixinHelper68	field,flag,method,number,text
31	com/moonsworth/lunar/forge/Ichor5Loader.java	Ichor5Loader	field,method,text
31	com/moonsworth/lunar/client/util/ThreadModuleDump73.java	ThreadModuleDump73	method,number
31	com/moonsworth/lunar/client/mod/render/SkyblockDungeonNametags.java	SkyblockDungeonNametags	arg,field,method,text
31	com/moonsworth/lunar/client/mod/misc/SkyblockRabbitLevels.java	SkyblockRabbitLevels	field,flag,method,value
31	com/moonsworth/lunar/client/markers/mixin/gui/mixin/Gui16.java	Gui16	field,method
31	com/moonsworth/lunar/client/framework/nameplate/Nameplate3Handler.java	Nameplate3Handler	field,method,number,text
31	com/moonsworth/lunar/client/framework/feature/rewind/rewindhandlers/mixin/RewindhandlersImpl2.java	RewindhandlersImpl2	method,obj,value
31	com/moonsworth/lunar/client/framework/feature/rewind/mixin/RewindThread.java	RewindThread	field,method
31	com/moonsworth/lunar/client/framework/feature/rewind/highlight/nameplate/TreeMapImpl.java	TreeMapImpl	field,method,obj,value
31	com/moonsworth/lunar/client/framework/feature/rewind/fishing/Fishing3.java	Fishing3	method,value
31	com/moonsworth/lunar/client/framework/feature/rewind/Rewind_4.java	Rewind_4	flag,method,number
31	com/moonsworth/lunar/client/framework/feature/mod/rewindhandlers/Rewindhandlers2.java	Rewindhandlers2	field,flag,method,number,text
31	com/moonsworth/lunar/client/framework/feature/mod/holograms/fishing/GuiRewindhandlersHandler210.java	GuiRewindhandlersHandler210	field,method,text
31	com/moonsworth/lunar/client/framework/feature/mod/fishing/gui/mixin/Gui4.java	Gui4	field,method,number,text
31	com/moonsworth/lunar/client/framework/feature/mod/fishing/coordinates/mixin/CoordinatesType.java	CoordinatesType	flag,method,text
31	com/moonsworth/lunar/client/framework/feature/mod/fishing/JsonDeserializerIterator_3.java	JsonDeserializerIterator_3	flag,method,text
31	com/moonsworth/lunar/client/framework/feature/mod/fishing/Fishing3Iterator2.java	Fishing3Iterator2	method,text
31	com/moonsworth/lunar/client/framework/feature/mod/fishing/Fishing3Iterator.java	Fishing3Iterator	method,text
31	com/moonsworth/lunar/client/framework/feature/mod/MixinHelper_2.java	MixinHelper_2	field,method,number
31	com/moonsworth/lunar/client/framework/feature/markers/Markers12Base3.java	Markers12Base3	field,method,number,text
31	com/moonsworth/lunar/client/framework/feature/markers/Markers12Base2.java	Markers12Base2	field,method,number,text
31	com/moonsworth/lunar/client/framework/feature/markers/Markers10.java	Markers10	field,method,text
31	com/moonsworth/lunar/client/framework/feature/keystrokes/Keystrokes3.java	Keystrokes3	method,number,value
31	com/moonsworth/lunar/client/fps/Fps7Extension.java	Fps7Extension	arg,method,number
31	com/moonsworth/lunar/bridge/InvocationEmitter.java	InvocationEmitter	arg,field,method,number
31	com/moonsworth/lunar/bridge/FieldGetEmitter.java	FieldGetEmitter	field,flag,method
30	net/minecraft/world/gen/layer/GenLayerShore.java	GenLayerShore	i,j,k
30	net/minecraft/block/BlockPane.java	BlockPane	flag
30	com/moonsworth/lunar/network/mixin/MixinHelper5.java	MixinHelper5	field,method,text
30	com/moonsworth/lunar/legacy/mixin/TileEntityRendererDispatcherMixin.java	TileEntityRendererDispatcherMixin	method,number,value
30	com/moonsworth/lunar/legacy/mixin/StatListMixin.java	StatListMixin	text
30	com/moonsworth/lunar/legacy/mixin/PacketBufferMixin.java	PacketBufferMixin	flag,number,text,value
30	com/moonsworth/lunar/genesis/MixinHelper31632.java	MixinHelper31632	field,method,number,obj,value
30	com/moonsworth/lunar/genesis/MixinHelper19_2.java	MixinHelper19_2	flag,method,number,text
30	com/moonsworth/lunar/framework/FrameworkType.java	FrameworkType	arg,flag,method,text
30	com/moonsworth/lunar/forge/lib/SerializableImpl.java	SerializableImpl	field,method,number,obj
30	com/moonsworth/lunar/forge/lib/MixinLegacyHandler.java	MixinLegacyHandler	field,flag,method,number
30	com/moonsworth/lunar/forge/lib/MixinHelper6933.java	MixinHelper6933	method,number,text
30	com/moonsworth/lunar/forge/lib/MixinAlt_3.java	MixinAlt_3	field,flag,method,number
30	com/moonsworth/lunar/forge/lib/InputStreamBase_15.java	InputStreamBase_15	field,method,number
30	com/moonsworth/lunar/forge/lib/IOException2_3.java	IOException2_3	field,method,number
30	com/moonsworth/lunar/files/InheritanceProvider$Data.java	InheritanceProvider$Data	field,flag,text
30	com/moonsworth/lunar/client/mod/misc/SkyblockDungeonQuality.java	SkyblockDungeonQuality	field,method,number,text
30	com/moonsworth/lunar/client/mod/misc/SkyblockAffordableRabbit.java	SkyblockAffordableRabbit	field,flag,method,number
30	com/moonsworth/lunar/client/killsounds/Killsounds2_2.java	Killsounds2_2	field,flag,method,obj,text
30	com/moonsworth/lunar/client/inactive/rewindhandlers/Rewindhandlers8.java	Rewindhandlers8	field,method
30	com/moonsworth/lunar/client/highlight/mixin/highlight/EventRenderItemGlint.java	EventRenderItemGlint	arg,field,method
30	com/moonsworth/lunar/client/highlight/mixin/fishing/mixin/HighlightImpl4.java	HighlightImpl4	field,flag,method,value
30	com/moonsworth/lunar/client/highlight/EventRenderContainerSlot.java	EventRenderContainerSlot	field,method,value
30	com/moonsworth/lunar/client/framework/nameplate/Nameplate10.java	Nameplate10	field,flag,method,number,value
30	com/moonsworth/lunar/client/framework/feature/waila/WailaHandler.java	WailaHandler	field,method,number,text
30	com/moonsworth/lunar/client/framework/feature/rewind/rewindhandlersNameplateCore/RewindhandlersNameplateCoreIterator5.java	RewindhandlersNameplateCoreIterator5	method
30	com/moonsworth/lunar/client/framework/feature/rewind/rewindhandlers/highlight/Highlight.java	Highlight	field,method,text
30	com/moonsworth/lunar/client/framework/feature/rewind/nameplate/mixin/holograms/Nameplate2Impl17.java	Nameplate2Impl17	field,flag,method,value
30	com/moonsworth/lunar/client/framework/feature/rewind/nameplate/Nameplate2Impl6.java	Nameplate2Impl6	field,flag,method,text
30	com/moonsworth/lunar/client/framework/feature/mod/fishing/holograms/holograms/HologramsType23.java	HologramsType23	field,method,number
30	com/moonsworth/lunar/client/framework/feature/mod/fishing/holograms/holograms/HologramsType22.java	HologramsType22	field,method
30	com/moonsworth/lunar/client/framework/feature/mod/fishing/holograms/Holograms8.java	Holograms8	arg,field,method,text
30	com/moonsworth/lunar/client/framework/feature/mod/fishing/holograms/Holograms3Impl.java	Holograms3Impl	field,method,number
30	com/moonsworth/lunar/client/framework/feature/mod/fishing/holograms/Holograms10.java	Holograms10	field,method,text
30	com/moonsworth/lunar/client/framework/feature/mod/fishing/click/Click7.java	Click7	method,number,value
30	com/moonsworth/lunar/client/framework/feature/markers/Markers4.java	Markers4	field,method,text
30	com/moonsworth/lunar/client/framework/feature/keystrokes/Keystrokes8.java	Keystrokes8	method,number,value
30	com/moonsworth/lunar/client/framework/MixinHelper22.java	MixinHelper22	field,method,obj,text
30	com/moonsworth/lunar/client/fog/Fog_2.java	Fog_2	field,method,number
30	com/moonsworth/lunar/client/Highlight3Iterator29.java	Highlight3Iterator29	field,flag,method
30	com/moonsworth/lunar/bridge/horsestats/HorsestatsType$Type.java	HorsestatsType$Type	arg,number,text,value
30	com/moonsworth/lunar/bridge/MixinHelper7$Data7.java	MixinHelper7$Data7	field,flag,method
30	com/moonsworth/lunar/bridge/Bridge3_11.java	Bridge3_11	flag,method,number,obj,text,value
29	net/minecraft/world/gen/layer/GenLayerDeepOcean.java	GenLayerDeepOcean	i,j,k
29	net/minecraft/world/gen/feature/WorldGenForest.java	WorldGenForest	i,j,k
29	com/moonsworth/lunar/replaymod/mixin/AbstractGuiScreenV1_8Mixin.java	AbstractGuiScreenV1_8Mixin	arg,method,number,text
29	com/moonsworth/lunar/replaymod/mixin/AbstractGuiScreenMixin.java	AbstractGuiScreenMixin	arg,method,number,text
29	com/moonsworth/lunar/legacy/wrapper/ToolMaterialBridgeImpl.java	ToolMaterialBridgeImpl	field,method,obj
29	com/moonsworth/lunar/legacy/wrapper/AbstractTextureImpl.java	AbstractTextureImpl	field,method,number,value
29	com/moonsworth/lunar/ichor/RemapperIterator2.java	RemapperIterator2	arg,field,flag,method,text
29	com/moonsworth/lunar/ichor/MixinSupport$Data.java	MixinSupport$Data	field,obj,text
29	com/moonsworth/lunar/genesis/MixinHelper.java	MixinHelper	field,method,obj,text
29	com/moonsworth/lunar/forge/lib/guava/escape/ArrayBasedUnicodeEscaper.java	ArrayBasedUnicodeEscaper	number,text
29	com/moonsworth/lunar/forge/lib/guava/collect/AbstractMultimap.java	AbstractMultimap	flag,obj,value
29	com/moonsworth/lunar/forge/lib/MixinMisc5Impl2.java	MixinMisc5Impl2	field,method,number
29	com/moonsworth/lunar/forge/lib/MixinLegacyHandler2.java	MixinLegacyHandler2	field,flag,method,number
29	com/moonsworth/lunar/forge/lib/MixinHelper4$Data23.java	MixinHelper4$Data23	field,method,number,text
29	com/moonsworth/lunar/forge/lib/MixinCore_2.java	MixinCore_2	field,flag,method,number,text
29	com/moonsworth/lunar/forge/lib/InputStreamLoader_5.java	InputStreamLoader_5	field,number
29	com/moonsworth/lunar/forge/lib/InputStreamLoader4.java	InputStreamLoader4	field,number
29	com/moonsworth/lunar/forge/lib/Bootstrap_2.java	Bootstrap_2	field,method,text
29	com/moonsworth/lunar/client/util/highlight/CloseableImpl.java	CloseableImpl	field,method
29	com/moonsworth/lunar/client/util/alert/Alert.java	Alert	field,method,number,value
29	com/moonsworth/lunar/client/util/ThreadModuleDump72.java	ThreadModuleDump72	field,method,text
29	com/moonsworth/lunar/client/markers/mixin/gui/mixin/rewindhandlers/GuiExtension6.java	GuiExtension6	field,method,text
29	com/moonsworth/lunar/client/killsounds/mixin/Killsounds5.java	Killsounds5	field,method,text,value
29	com/moonsworth/lunar/client/inventorymod/Inventorymod3.java	Inventorymod3	flag,method,text
29	com/moonsworth/lunar/client/horsestats/Horsestats2_2.java	Horsestats2_2	field,flag,method,number,text
29	com/moonsworth/lunar/client/guiRewindhandlers/GuiRewindhandlersHandler.java	GuiRewindhandlersHandler	field,flag,method
29	com/moonsworth/lunar/client/glintcolorizer/rewindhandlers/Glintcolorizer2Impl2.java	Glintcolorizer2Impl2	field,method,value
29	com/moonsworth/lunar/client/framework/feature/worldeditcui/Worldeditcui2Handler.java	Worldeditcui2Handler	field,method,value
29	com/moonsworth/lunar/client/framework/feature/waypoints/Waypoints2.java	Waypoints2	field,flag,method,number
29	com/moonsworth/lunar/client/framework/feature/tiertagger/Tiertagger_2.java	Tiertagger_2	field,method,number,obj,text
29	com/moonsworth/lunar/client/framework/feature/rewind/rewindhandlersNameplateCore/RewindhandlersNameplateCore3.java	RewindhandlersNameplateCore3	number,obj
29	com/moonsworth/lunar/client/framework/feature/rewind/rewindhandlers/holograms/Bridge7Iterator.java	Bridge7Iterator	arg,field,method,number
29	com/moonsworth/lunar/client/framework/feature/rewind/rewindhandlers/click/Click2.java	Click2	method,text
29	com/moonsworth/lunar/client/framework/feature/rewind/rewindhandlers/Gui.java	Gui	field,method,text
29	com/moonsworth/lunar/client/framework/feature/rewind/highlight/nameplate/Nameplate3.java	Nameplate3	method,obj,value
29	com/moonsworth/lunar/client/framework/feature/mod/gui/Bridge7Iterator22.java	Bridge7Iterator22	arg,field,method,text
29	com/moonsworth/lunar/client/framework/feature/mod/fishing/holograms/Holograms_7.java	Holograms_7	field,flag,method
29	com/moonsworth/lunar/client/framework/feature/mod/fishing/highlight/HighlightHandler.java	HighlightHandler	method,value
29	com/moonsworth/lunar/client/framework/feature/markers/Markers12Base.java	Markers12Base	method,number,text
29	com/moonsworth/lunar/client/framework/feature/keystrokes/Keystrokes2Handler3.java	Keystrokes2Handler3	field,method,number,value
29	com/moonsworth/lunar/client/fov/Fov4$Data.java	Fov4$Data	field,method,number
29	com/moonsworth/lunar/client/calculator/Calculator.java	Calculator	field,method,text
28	net/minecraft/world/gen/structure/StructureComponent.java	StructureComponent	i,j,k
28	net/minecraft/block/BlockFire.java	BlockFire	flag,i,j,k
28	com/moonsworth/lunar/legacy/wrapper/PrintStreamImpl.java	PrintStreamImpl	method,obj,text
28	com/moonsworth/lunar/legacy/mixin/ModelBakeryOptifineMixin.java	ModelBakeryOptifineMixin	text
28	com/moonsworth/lunar/legacy/mixin/EntityRendererMixin.java	EntityRendererMixin	method,number,value
28	com/moonsworth/lunar/genesis/MixinHelper63.java	MixinHelper63	method,obj,value
28	com/moonsworth/lunar/genesis/MixinHelper623222.java	MixinHelper623222	field,method,value
28	com/moonsworth/lunar/genesis/MixinHelper36_2.java	MixinHelper36_2	field,number,obj,value
28	com/moonsworth/lunar/genesis/MixinHelper31652.java	MixinHelper31652	obj,value
28	com/moonsworth/lunar/genesis/MixinHelper113.java	MixinHelper113	field,flag,obj,value
28	com/moonsworth/lunar/genesis/Comparator8.java	Comparator8	field,method,obj,value
28	com/moonsworth/lunar/genesis/Comparator10.java	Comparator10	field,method,obj,value
28	com/moonsworth/lunar/forge/lib/mixin/MixinHelper.java	MixinHelper	field,number
28	com/moonsworth/lunar/forge/lib/guava/util/concurrent/AbstractTransformFuture.java	AbstractTransformFuture	flag,obj,text,value
28	com/moonsworth/lunar/forge/lib/guava/graph/ForwardingValueGraph.java	ForwardingValueGraph	value
28	com/moonsworth/lunar/forge/lib/guava/collect/ReverseOrdering.java	ReverseOrdering	obj,value
28	com/moonsworth/lunar/forge/lib/guava/collect/RegularImmutableSortedMultiset.java	RegularImmutableSortedMultiset	number,obj,value
28	com/moonsworth/lunar/forge/lib/guava/collect/ForwardingSortedSet.java	ForwardingSortedSet	obj,value
28	com/moonsworth/lunar/forge/lib/MixinMisc3Loader9.java	MixinMisc3Loader9	field,method,number
28	com/moonsworth/lunar/forge/lib/MixinLegacyHandler4.java	MixinLegacyHandler4	field,flag,method,number
28	com/moonsworth/lunar/forge/lib/MixinHelper4$Data22.java	MixinHelper4$Data22	field,method,number
28	com/moonsworth/lunar/forge/lib/MixinHelper35.java	MixinHelper35	field,method,number,obj
28	com/moonsworth/lunar/forge/lib/MixinExtra5_2.java	MixinExtra5_2	field,method,number
28	com/moonsworth/lunar/forge/lib/InputStreamBase.java	InputStreamBase	field,method,number
28	com/moonsworth/lunar/config/ConfigType.java	ConfigType	method,text
28	com/moonsworth/lunar/client/util/FriendStatusUtils.java	FriendStatusUtils	flag,method,number,text
28	com/moonsworth/lunar/client/nameplate/Nameplate.java	Nameplate	field,text
28	com/moonsworth/lunar/client/mod/render/SkyblockGlowingMushroomHighlight.java	SkyblockGlowingMushroomHighlight	field,method
28	com/moonsworth/lunar/client/mod/misc/EventDebugMod.java	EventDebugMod	arg,field,method,value
28	com/moonsworth/lunar/client/mod/hud/SkyblockDebugHudScrollable.java	SkyblockDebugHudScrollable	field,method
28	com/moonsworth/lunar/client/markers/mixin/gui/mixin/GuiExtension8.java	GuiExtension8	arg,field,method,obj,text
28	com/moonsworth/lunar/client/holograms/Holograms3.java	Holograms3	field,flag,method,number,text
28	com/moonsworth/lunar/client/glintcolorizer/nameplate/Bridge8Extension3.java	Bridge8Extension3	flag,method,number,value
28	com/moonsworth/lunar/client/framework/feature/worldeditcui/mixin/WorldeditcuiHandler.java	WorldeditcuiHandler	method,number
28	com/moonsworth/lunar/client/framework/feature/rewind/rewindhandlersNameplateCore/RewindhandlersNameplateCoreIterator4.java	RewindhandlersNameplateCoreIterator4	method
28	com/moonsworth/lunar/client/framework/feature/rewind/nameplate/Nameplate2Iterator5.java	Nameplate2Iterator5	field,method,text
28	com/moonsworth/lunar/client/framework/feature/rewind/nameplate/Nameplate2Iterator.java	Nameplate2Iterator	field,method,number,text
28	com/moonsworth/lunar/client/framework/feature/mod/fishing/gui/Gui2_2.java	Gui2_2	field,method
28	com/moonsworth/lunar/client/framework/feature/mod/fishing/Fishing5.java	Fishing5	field,method,text
28	com/moonsworth/lunar/client/framework/feature/markers/Markers7.java	Markers7	field,flag,method,number,text
28	com/moonsworth/lunar/client/framework/feature/keystrokes/Keystrokes19Impl.java	Keystrokes19Impl	method,number,value
28	com/moonsworth/lunar/client/framework/feature/f3display/F3display$Data4.java	F3display$Data4	field,flag,method,text,value
28	com/moonsworth/lunar/client/framework/feature/debug/fpsdebugmod/mixin/Fpsdebugmod4Iterator2.java	Fpsdebugmod4Iterator2	arg,field,method,number
28	com/moonsworth/lunar/client/framework/feature/crosshair/Crosshair3.java	Crosshair3	field,method
28	com/moonsworth/lunar/client/Highlight3Iterator27.java	Highlight3Iterator27	arg,field,method,number
27	net/minecraft/inventory/Container.java	Container	i,j,k
27	net/minecraft/client/gui/GuiTextField.java	GuiTextField	flag,i,j,k
27	com/moonsworth/lunar/replaymod/mixin/AbstractGuiDropdownMenuV1_8Mixin.java	AbstractGuiDropdownMenuV1_8Mixin	flag,method,text,value
27	com/moonsworth/lunar/replaymod/mixin/AbstractGuiDropdownMenuMixin.java	AbstractGuiDropdownMenuMixin	flag,method,text,value
27	com/moonsworth/lunar/legacy/wrapper/EntityListBridgeImpl.java	EntityListBridgeImpl	method,number,text
27	com/moonsworth/lunar/legacy/mixin/NetworkPlayerInfoMixin.java	NetworkPlayerInfoMixin	method,obj,text
27	com/moonsworth/lunar/legacy/mixin/GuiVideoSettingsMixin.java	GuiVideoSettingsMixin	arg,field,flag,method,text
27	com/moonsworth/lunar/genesis/MixinHelper9$Data18.java	MixinHelper9$Data18	field,method,value
27	com/moonsworth/lunar/genesis/MixinHelper6$Data20.java	MixinHelper6$Data20	field,obj,value
27	com/moonsworth/lunar/genesis/MixinHelper42_2.java	MixinHelper42_2	flag,method,number,text,value
27	com/moonsworth/lunar/genesis/MixinHelper42$Data2.java	MixinHelper42$Data2	field,flag,method,number,value
27	com/moonsworth/lunar/genesis/MixinHelper31.java	MixinHelper31	method,obj,value
27	com/moonsworth/lunar/genesis/MixinHelper29.java	MixinHelper29	number,obj,value
27	com/moonsworth/lunar/genesis/AbstractCollectionIterator$Data2.java	AbstractCollectionIterator$Data2	field,method,number,obj,value
27	com/moonsworth/lunar/forge/lib/mixin/MixinHelper2.java	MixinHelper2	field,number
27	com/moonsworth/lunar/forge/lib/guava/collect/ObjectArrays.java	ObjectArrays	number,obj,value
27	com/moonsworth/lunar/forge/lib/guava/collect/HashBasedTable.java	HashBasedTable	number,obj
27	com/moonsworth/lunar/forge/lib/guava/collect/ForwardingMultimap.java	ForwardingMultimap	obj,value
27	com/moonsworth/lunar/client/util/ThreadModuleDumpType5.java	ThreadModuleDumpType5	field,flag,method,value
27	com/moonsworth/lunar/client/markers/mixin/holograms/Holograms5.java	Holograms5	field,method,value
27	com/moonsworth/lunar/client/markers/mixin/gui/mixin/Gui5.java	Gui5	method,text
27	com/moonsworth/lunar/client/killsounds/Killsounds2.java	Killsounds2	field,method,text
27	com/moonsworth/lunar/client/inactive/rewindhandlers/Rewindhandlers_3.java	Rewindhandlers_3	field,flag,method
27	com/moonsworth/lunar/client/highlight/mixin/highlight/EventRenderItemColor.java	EventRenderItemColor	field,method,value
27	com/moonsworth/lunar/client/highlight/mixin/highlight/EventRenderInventoryScreen.java	EventRenderInventoryScreen	field,method,number
27	com/moonsworth/lunar/client/framework/feature/tiertagger/Tiertagger2$Data.java	Tiertagger2$Data	arg,field,flag,method,text
27	com/moonsworth/lunar/client/framework/feature/scrollabletooltips/mixin/Scrollabletooltips.java	Scrollabletooltips	method,value
27	com/moonsworth/lunar/client/framework/feature/rewind/rewindhandlersNameplateCore/mixin/RewindhandlersNameplateCoreImpl8.java	RewindhandlersNameplateCoreImpl8	field,method
27	com/moonsworth/lunar/client/framework/feature/rewind/rewindhandlers/Rewindhandlers_4.java	Rewindhandlers_4	arg,field,method,text
27	com/moonsworth/lunar/client/framework/feature/mod/mixin/MixinHelper109.java	MixinHelper109	method,text
27	com/moonsworth/lunar/client/framework/feature/mod/mixin/MixinHelper1010.java	MixinHelper1010	flag,method,text
27	com/moonsworth/lunar/client/framework/feature/mod/gui/Bridge7Iterator2.java	Bridge7Iterator2	field,method,text
27	com/moonsworth/lunar/client/framework/feature/mod/fishing/holograms/Holograms_3.java	Holograms_3	field,method
27	com/moonsworth/lunar/client/framework/feature/mod/fishing/holograms/Holograms2_4.java	Holograms2_4	field,flag,method,text
27	com/moonsworth/lunar/client/framework/feature/mod/fishing/click/Click14.java	Click14	method,value
27	com/moonsworth/lunar/client/framework/feature/mod/Module_2.java	Module_2	field,method,number,value
27	com/moonsworth/lunar/client/framework/feature/keystrokes/Keystrokes12.java	Keystrokes12	method,number,value
27	com/moonsworth/lunar/client/framework/feature/keystrokes/Keystrokes10.java	Keystrokes10	method,number,value
27	com/moonsworth/lunar/client/framework/feature/f3display/F3display_3.java	F3display_3	flag,method,text
27	com/moonsworth/lunar/client/framework/feature/attackindicator/mixin/Attackindicator2Handler262.java	Attackindicator2Handler262	method,number
27	com/moonsworth/lunar/client/fov/Fov4$Data2.java	Fov4$Data2	field,method,text
27	com/moonsworth/lunar/client/coordinates/Coordinates3.java	Coordinates3	field,method,number,obj,text
27	com/moonsworth/lunar/client/click/rewindhandlers/Object2ObjectOpenHashMapImpl.java	Object2ObjectOpenHashMapImpl	field,flag,method,number,obj,text
27	com/moonsworth/lunar/bridge/Itemcounter4Extension.java	Itemcounter4Extension	flag,method,number,value
27	com/moonsworth/lunar/bridge/Bridge2_15.java	Bridge2_15	field,method
26	net/minecraft/entity/boss/EntityWither.java	EntityWither	i,j,k
26	com/moonsworth/lunar/mixin/mixin/EntityPlayerSPMixin.java	EntityPlayerSPMixin	arg,flag,method
26	com/moonsworth/lunar/legacy/wrapper/EntityDiggingFXImpl.java	EntityDiggingFXImpl	number,value
26	com/moonsworth/lunar/legacy/mixin/ModelBipedMixin.java	ModelBipedMixin	flag,method,value
26	com/moonsworth/lunar/legacy/mixin/MessageDeserializer2Mixin.java	MessageDeserializer2Mixin	field,method,number
26	com/moonsworth/lunar/legacy/mixin/ChunkMixin.java	ChunkMixin	flag,number
26	com/moonsworth/lunar/legacy/Bridge2Handler.java	Bridge2Handler	field,flag,method,number
26	com/moonsworth/lunar/ichor/MixinMisc3$Data5.java	MixinMisc3$Data5	field,method
26	com/moonsworth/lunar/ichor/MixinHelper2_2.java	MixinHelper2_2	field,flag,method,text
26	com/moonsworth/lunar/genesis/MixinHelper623332$Data.java	MixinHelper623332$Data	field,method,value
26	com/moonsworth/lunar/genesis/MixinHelper31633_2.java	MixinHelper31633_2	number,value
26	com/moonsworth/lunar/genesis/MixinHelper316332.java	MixinHelper316332	number,value
26	com/moonsworth/lunar/genesis/MixinHelper25$Data4.java	MixinHelper25$Data4	field,number,obj
26	com/moonsworth/lunar/genesis/MixinHelper242$Data2.java	MixinHelper242$Data2	field,obj,value
26	com/moonsworth/lunar/genesis/MixinHelper$Data54.java	MixinHelper$Data54	field,method,obj,value
26	com/moonsworth/lunar/genesis/MixinHelper$Data53.java	MixinHelper$Data53	field,method,obj,value
26	com/moonsworth/lunar/forge/lib/guava/util/concurrent/ThreadFactoryBuilder.java	ThreadFactoryBuilder	flag,number,text
26	com/moonsworth/lunar/forge/lib/guava/util/concurrent/SimpleTimeLimiter.java	SimpleTimeLimiter	flag,method,number,obj,value
26	com/moonsworth/lunar/forge/lib/guava/util/concurrent/ForwardingBlockingDeque.java	ForwardingBlockingDeque	number,value
26	com/moonsworth/lunar/forge/lib/guava/primitives/UnsignedInteger.java	UnsignedInteger	number,obj,text
26	com/moonsworth/lunar/forge/lib/guava/primitives/ParseRequest.java	ParseRequest	number,text
26	com/moonsworth/lunar/forge/lib/guava/math/PairedStats.java	PairedStats	obj,value
26	com/moonsworth/lunar/forge/lib/guava/io/CharSource.java	CharSource	number,text
26	com/moonsworth/lunar/forge/lib/guava/hash/AbstractNonStreamingHashFunction.java	AbstractNonStreamingHashFunction	number,text
26	com/moonsworth/lunar/forge/lib/guava/hash/AbstractHasher.java	AbstractHasher	flag,number,text,value
26	com/moonsworth/lunar/forge/lib/guava/graph/MapRetrievalCache.java	MapRetrievalCache	obj,value
26	com/moonsworth/lunar/forge/lib/guava/eventbus/SubscriberRegistry.java	SubscriberRegistry	method,obj
26	com/moonsworth/lunar/forge/lib/guava/collect/ForwardingBlockingDeque.java	ForwardingBlockingDeque	number,value
26	com/moonsworth/lunar/forge/lib/MixinShared2_2.java	MixinShared2_2	field,method,number,obj
26	com/moonsworth/lunar/forge/lib/MixinMiscHandler23.java	MixinMiscHandler23	field,method,number
26	com/moonsworth/lunar/forge/lib/MixinMisc10.java	MixinMisc10	field,number
26	com/moonsworth/lunar/forge/lib/MixinLegacy5_2.java	MixinLegacy5_2	field
26	com/moonsworth/lunar/forge/lib/InputStreamBase_6.java	InputStreamBase_6	field,flag,number
26	com/moonsworth/lunar/forge/lib/ClassReader.java	ClassReader	field,method,number,text
26	com/moonsworth/lunar/client/util/rewindhandlers/RewindhandlersExtension32.java	RewindhandlersExtension32	field,method,number,value
26	com/moonsworth/lunar/client/util/holograms/MapImpl.java	MapImpl	field,obj,value
26	com/moonsworth/lunar/client/util/gui/ListExtension22.java	ListExtension22	field,method,obj,value
26	com/moonsworth/lunar/client/util/NamedValue.java	NamedValue	field,method,number,text,value
26	com/moonsworth/lunar/client/tps/Tps.java	Tps	arg,field,method
26	com/moonsworth/lunar/client/mod/misc/SkyblockDebugDisplayAlert.java	SkyblockDebugDisplayAlert	field,method
26	com/moonsworth/lunar/client/mod/misc/RewindHandlers2.java	RewindHandlers2	arg,field,method,number
26	com/moonsworth/lunar/client/mod/hud/DayCounter.java	DayCounter	field,flag,method,number
26	com/moonsworth/lunar/client/markers/MarkersType_3.java	MarkersType_3	arg,flag,method
26	com/moonsworth/lunar/client/lotusfish/Ichor2Handler22.java	Ichor2Handler22	method,number,text
26	com/moonsworth/lunar/client/killsounds/mixin/Killsounds2.java	Killsounds2	flag,method,number,text,value
26	com/moonsworth/lunar/client/inactive/mixin/nameplate/Nameplate3.java	Nameplate3	field,method,number,text
26	com/moonsworth/lunar/client/inactive/mixin/fishing/FishingHandler5.java	FishingHandler5	field,method,number
26	com/moonsworth/lunar/client/holograms/Holograms.java	Holograms	field,method,value
26	com/moonsworth/lunar/client/highlight/mixin/highlight/EventRenderItemStackSize.java	EventRenderItemStackSize	field,method,number,text
26	com/moonsworth/lunar/client/guiRewindhandlers/rewindhandlers/Rewindhandlers2.java	Rewindhandlers2	field,method
26	com/moonsworth/lunar/client/glintcolorizer/nameplate/Glintcolorizer2Impl2.java	Glintcolorizer2Impl2	field,method
26	com/moonsworth/lunar/client/glintcolorizer/Glintcolorizer2Handler.java	Glintcolorizer2Handler	field,method,number,text,value
26	com/moonsworth/lunar/client/framework/feature/waila/WailaHandler3.java	WailaHandler3	field,method,number,text
26	com/moonsworth/lunar/client/framework/feature/rewind/rewindhandlers/Rewindhandlers2_5.java	Rewindhandlers2_5	field,method,obj
26	com/moonsworth/lunar/client/framework/feature/nickhider/Nickhider.java	Nickhider	field,flag,method,text
26	com/moonsworth/lunar/client/framework/feature/mod/mixin/MixinHelper105.java	MixinHelper105	method,text
26	com/moonsworth/lunar/client/framework/feature/mod/impl/chest/dungeon/dungeonwaypoints/mixin/Dungeonwaypoints3.java	Dungeonwaypoints3	field,method,text
26	com/moonsworth/lunar/client/framework/feature/mod/holograms/fishing/GuiRewindhandlersHandler23.java	GuiRewindhandlersHandler23	field,method,text
26	com/moonsworth/lunar/client/framework/feature/mod/fishing/click/Click3.java	Click3	field,flag,method
26	com/moonsworth/lunar/client/framework/feature/killsounds/mixin/Killsounds4Loader.java	Killsounds4Loader	field,flag,method,text
26	com/moonsworth/lunar/client/framework/feature/keystrokes/Keystrokes15.java	Keystrokes15	method,number,value
26	com/moonsworth/lunar/bridge/fog/Fog3.java	Fog3	method,number,text
26	com/moonsworth/lunar/bridge/Bridge$Type.java	Bridge$Type	flag,number
25	net/minecraft/world/gen/feature/WorldGenMegaJungle.java	WorldGenMegaJungle	i,j,k
25	net/minecraft/world/biome/WorldChunkManager.java	WorldChunkManager	i,j,k
25	net/minecraft/client/gui/GuiOverlayDebug.java	GuiOverlayDebug	i,j,k
25	com/moonsworth/lunar/legacy/mixin/GuiMainMenuMixin.java	GuiMainMenuMixin	method,number,value
25	com/moonsworth/lunar/legacy/mixin/BlockModelRendererMixin.java	BlockModelRendererMixin	flag,method,number
25	com/moonsworth/lunar/ichor/mixin/MixinHelper4.java	MixinHelper4	field,flag,method
25	com/moonsworth/lunar/genesis/MixinHelper8_2.java	MixinHelper8_2	field,method,number,text
25	com/moonsworth/lunar/genesis/MixinHelper3_8.java	MixinHelper3_8	flag,number,text
25	com/moonsworth/lunar/genesis/MixinHelper332.java	MixinHelper332	field,method,text
25	com/moonsworth/lunar/genesis/MixinHelper3123.java	MixinHelper3123	obj,value
25	com/moonsworth/lunar/genesis/MixinHelper312.java	MixinHelper312	obj,value
25	com/moonsworth/lunar/genesis/MixinHelper18_3.java	MixinHelper18_3	flag,number,obj,text
25	com/moonsworth/lunar/genesis/InvocationHandler.java	InvocationHandler	field,method,obj
25	com/moonsworth/lunar/genesis/AbstractCollectionIterator52.java	AbstractCollectionIterator52	field,method,number,obj,value
25	com/moonsworth/lunar/forge/lib/guava/net/PercentEscaper.java	PercentEscaper	flag,number,text
25	com/moonsworth/lunar/forge/lib/guava/io/LineBuffer.java	LineBuffer	flag,number,text
25	com/moonsworth/lunar/forge/lib/guava/collect/Hashing.java	Hashing	number,obj,value
25	com/moonsworth/lunar/forge/lib/guava/collect/ForwardingSortedMap.java	ForwardingSortedMap	obj,value
25	com/moonsworth/lunar/forge/lib/guava/collect/ForwardingMap.java	ForwardingMap	obj,value
25	com/moonsworth/lunar/forge/lib/guava/collect/CollectPreconditions.java	CollectPreconditions	flag,number,obj,text
25	com/moonsworth/lunar/forge/lib/guava/collect/AbstractNavigableMap.java	AbstractNavigableMap	obj,value
25	com/moonsworth/lunar/forge/lib/ZipException2.java	ZipException2	field,method,text
25	com/moonsworth/lunar/forge/lib/MixinLegacy.java	MixinLegacy	field,method,number
25	com/moonsworth/lunar/forge/lib/MixinHelper69.java	MixinHelper69	method,number,text
25	com/moonsworth/lunar/forge/lib/MixinHelper622.java	MixinHelper622	field,flag,method,number,text
25	com/moonsworth/lunar/forge/lib/MixinHelper3283.java	MixinHelper3283	field,method,number
25	com/moonsworth/lunar/forge/lib/MixinHelper3244.java	MixinHelper3244	field,method,number,obj
25	com/moonsworth/lunar/forge/lib/MixinCoreUpdater.java	MixinCoreUpdater	field,method,number
25	com/moonsworth/lunar/forge/lib/MixinCoreHandler_2.java	MixinCoreHandler_2	field,number,obj,text
25	com/moonsworth/lunar/forge/lib/InputStreamBase_8.java	InputStreamBase_8	field,method,number
25	com/moonsworth/lunar/forge/lib/InputStreamBase_5.java	InputStreamBase_5	field,method,number
25	com/moonsworth/lunar/forge/lib/CloseableLoader$Data10.java	CloseableLoader$Data10	field,method,number
25	com/moonsworth/lunar/client/util/mixin/MixinHelper22.java	MixinHelper22	field,method
25	com/moonsworth/lunar/client/util/ThreadModuleDump55.java	ThreadModuleDump55	method,text
25	com/moonsworth/lunar/client/util/ThreadModuleDump31.java	ThreadModuleDump31	field,method
25	com/moonsworth/lunar/client/mod/misc/SkyblockSkyMallBuffAlert.java	SkyblockSkyMallBuffAlert	field,method
25	com/moonsworth/lunar/client/mod/misc/SkyblockSendCoords.java	SkyblockSendCoords	field,method
25	com/moonsworth/lunar/client/mod/misc/SkyblockMiningSpeedBoostAlert.java	SkyblockMiningSpeedBoostAlert	field,method
25	com/moonsworth/lunar/client/mod/misc/SkyblockMiniBossAlert.java	SkyblockMiniBossAlert	field,method,text
25	com/moonsworth/lunar/client/mod/misc/SkyblockAutoCopyRareDrops.java	SkyblockAutoCopyRareDrops	field,method,text
25	com/moonsworth/lunar/client/holograms/Holograms7.java	Holograms7	field,method
25	com/moonsworth/lunar/client/holograms/Holograms5.java	Holograms5	field,method,text
25	com/moonsworth/lunar/client/hitbox/Hitbox2Handler.java	Hitbox2Handler	field,flag,method,text,value
25	com/moonsworth/lunar/client/highlight/mixin/highlight/EventCameraOffset.java	EventCameraOffset	field,method,value
25	com/moonsworth/lunar/client/highlight/mixin/fishing/HighlightImpl16.java	HighlightImpl16	field,method,value
25	com/moonsworth/lunar/client/guiRewindhandlers/GuiRewindhandlersHandler25.java	GuiRewindhandlersHandler25	field,method,text
25	com/moonsworth/lunar/client/glintcolorizer/rewindhandlers/Glintcolorizer2Impl.java	Glintcolorizer2Impl	field,method
25	com/moonsworth/lunar/client/glintcolorizer/Glintcolorizer2Handler3.java	Glintcolorizer2Handler3	field,method,text,value
25	com/moonsworth/lunar/client/glintcolorizer/Glintcolorizer2Base2_2.java	Glintcolorizer2Base2_2	field,method,value
25	com/moonsworth/lunar/client/framework/nameplate/Nameplate4Impl.java	Nameplate4Impl	field,flag,method
25	com/moonsworth/lunar/client/framework/feature/tiertagger/Tiertagger6Impl.java	Tiertagger6Impl	field,method
25	com/moonsworth/lunar/client/framework/feature/tiertagger/Tiertagger5.java	Tiertagger5	field,method,number
25	com/moonsworth/lunar/client/framework/feature/rewind/rewindhandlers/coordinates/Coordinates3.java	Coordinates3	field,method,number
25	com/moonsworth/lunar/client/framework/feature/rewind/gui/Gui.java	Gui	field,method
25	com/moonsworth/lunar/client/framework/feature/mod/fishing/holograms/holograms/HologramsType24.java	HologramsType24	field,method
25	com/moonsworth/lunar/client/framework/feature/mod/fishing/holograms/Holograms12.java	Holograms12	field,method,number,text
25	com/moonsworth/lunar/client/framework/feature/markers/Markers8.java	Markers8	method,text
25	com/moonsworth/lunar/client/framework/feature/keystrokes/Keystrokes5.java	Keystrokes5	method,number,value
25	com/moonsworth/lunar/client/framework/feature/itemcounter/Itemcounter2.java	Itemcounter2	method,number,text
25	com/moonsworth/lunar/client/framework/feature/debug/fpsdebugmod/profilerdebugmod/Profilerdebugmod2_3.java	Profilerdebugmod2_3	field,method,number,text
25	com/moonsworth/lunar/client/fov/Fov3$Data3.java	Fov3$Data3	field,method,value
25	com/moonsworth/lunar/client/click/chest/Gui2Iterator22.java	Gui2Iterator22	field,flag,method,text,value
25	com/moonsworth/lunar/bridge/itemcounter/ItemcounterType_2.java	ItemcounterType_2	flag,number,text
24	net/minecraft/world/biome/BiomeGenBase.java	BiomeGenBase	i,j
24	com/moonsworth/lunar/replaymod/mixin/AbstractGuiTimelineTimeV1_8Mixin.java	AbstractGuiTimelineTimeV1_8Mixin	flag,method,number,text,value
24	com/moonsworth/lunar/replaymod/mixin/AbstractGuiTimelineTimeMixin.java	AbstractGuiTimelineTimeMixin	flag,method,number,text,value
24	com/moonsworth/lunar/network/mixin/ResponseBodyImpl.java	ResponseBodyImpl	field,method,number
24	com/moonsworth/lunar/legacy/wrapper/LegacyHoverEventSerializer.java	LegacyHoverEventSerializer	field,flag,method,text
24	com/moonsworth/lunar/legacy/mixin/ActiveRenderInfoMixin.java	ActiveRenderInfoMixin	flag,method
24	com/moonsworth/lunar/ichor/MixinHelper_3.java	MixinHelper_3	field,flag,method,text
24	com/moonsworth/lunar/ichor/MixinExtra.java	MixinExtra	field,method,text
24	com/moonsworth/lunar/genesis/URLClassLoader.java	URLClassLoader	field,method,obj,text
24	com/moonsworth/lunar/genesis/MixinHelperType$Data.java	MixinHelperType$Data	field,obj,text
24	com/moonsworth/lunar/genesis/MixinHelper526$Data.java	MixinHelper526$Data	field,method,number
24	com/moonsworth/lunar/genesis/MixinHelper4_3.java	MixinHelper4_3	flag,method,number,text,value
24	com/moonsworth/lunar/genesis/MixinHelper39$Data6.java	MixinHelper39$Data6	field,method,number
24	com/moonsworth/lunar/genesis/MixinHelper20$Data6.java	MixinHelper20$Data6	field,method,obj,text
24	com/moonsworth/lunar/genesis/MixinHelper19$1.java	MixinHelper19$1	field,flag,number,text
24	com/moonsworth/lunar/genesis/MixinHelper18$Data.java	MixinHelper18$Data	field,method
24	com/moonsworth/lunar/genesis/MixinHelper11$Data3.java	MixinHelper11$Data3	field,number,text
24	com/moonsworth/lunar/genesis/BiPredicateLoader3.java	BiPredicateLoader3	field,method,obj
24	com/moonsworth/lunar/genesis/BiPredicateLoader$Data.java	BiPredicateLoader$Data	field,method,obj,value
24	com/moonsworth/lunar/forge/lib/guava/math/PairedStatsAccumulator.java	PairedStatsAccumulator	value
24	com/moonsworth/lunar/forge/lib/guava/hash/AbstractStreamingHasher.java	AbstractStreamingHasher	number
24	com/moonsworth/lunar/forge/lib/guava/hash/AbstractHashFunction.java	AbstractHashFunction	number,text,value
24	com/moonsworth/lunar/forge/lib/OutputStreamBase_6.java	OutputStreamBase_6	field,method,number
24	com/moonsworth/lunar/forge/lib/MixinMore$Data.java	MixinMore$Data	field,method,number
24	com/moonsworth/lunar/forge/lib/MixinLegacy9.java	MixinLegacy9	field,method,obj
24	com/moonsworth/lunar/forge/lib/MixinHelper3563.java	MixinHelper3563	field,method,number
24	com/moonsworth/lunar/forge/lib/MixinHelper356.java	MixinHelper356	field,number,obj
24	com/moonsworth/lunar/forge/lib/InputStreamBase_14.java	InputStreamBase_14	field,method,number
24	com/moonsworth/lunar/files/BinaryMappingsReader.java	BinaryMappingsReader	method,number,text
24	com/moonsworth/lunar/client/util/ThreadModuleDump69.java	ThreadModuleDump69	field,method
24	com/moonsworth/lunar/client/util/ThreadModuleDump50.java	ThreadModuleDump50	field,method,number,text
24	com/moonsworth/lunar/client/util/ThreadModuleDump5.java	ThreadModuleDump5	field,method,obj,value
24	com/moonsworth/lunar/client/util/MixinHelper.java	MixinHelper	field,method
24	com/moonsworth/lunar/client/util/ArrayUtils.java	ArrayUtils	method,number,obj
24	com/moonsworth/lunar/client/mod/hud/HudDebug.java	HudDebug	arg,field,method
24	com/moonsworth/lunar/client/markers/holograms/ColorsaturationExtension.java	ColorsaturationExtension	field,flag,method,text
24	com/moonsworth/lunar/client/inactive/mixin/fishing/FishingHandler.java	FishingHandler	field,method
24	com/moonsworth/lunar/client/horsestats/mixin/Horsestats2.java	Horsestats2	field,method
24	com/moonsworth/lunar/client/horsestats/Horsestats5.java	Horsestats5	field,method
24	com/moonsworth/lunar/client/highlight/mixin/highlight/EventRenderNameTag.java	EventRenderNameTag	field,method,value
24	com/moonsworth/lunar/client/highlight/mixin/highlight/EventRenderModel.java	EventRenderModel	field,method,value
24	com/moonsworth/lunar/client/highlight/mixin/highlight/EventRenderItemClump.java	EventRenderItemClump	field,method,number,value
24	com/moonsworth/lunar/client/glintcolorizer/nameplate/Glintcolorizer2Base44.java	Glintcolorizer2Base44	method,text,value
24	com/moonsworth/lunar/client/framework/feature/worldeditcui/Worldeditcui2Base4.java	Worldeditcui2Base4	field,method,number,value
24	com/moonsworth/lunar/client/framework/feature/scrollabletooltips/mixin/ScrollabletooltipsHandler2.java	ScrollabletooltipsHandler2	flag,method,number,value
24	com/moonsworth/lunar/client/framework/feature/rewind/nameplate/Nameplate2.java	Nameplate2	field,method,obj
24	com/moonsworth/lunar/client/framework/feature/rewind/highlight/nameplate/TreeMapImpl2.java	TreeMapImpl2	field,method,obj,value
24	com/moonsworth/lunar/client/framework/feature/rewind/highlight/Highlight_2.java	Highlight_2	field,method,number,text
24	com/moonsworth/lunar/client/framework/feature/mod/fishing/rewindhandlers/Rewindhandlers.java	Rewindhandlers	field,method,text
24	com/moonsworth/lunar/client/framework/feature/mod/fishing/mixin/Fishing7.java	Fishing7	field,method,number,value
24	com/moonsworth/lunar/client/framework/feature/mod/fishing/holograms/nameplate/Nameplate3.java	Nameplate3	method,value
24	com/moonsworth/lunar/client/framework/feature/mod/fishing/click/Click11.java	Click11	field,method,number,value
24	com/moonsworth/lunar/client/framework/feature/mod/fishing/Fishing2_2.java	Fishing2_2	field,flag,method,text
24	com/moonsworth/lunar/client/framework/feature/minimap/mixin/Minimap2.java	Minimap2	method,number
24	com/moonsworth/lunar/client/framework/feature/markers/Markers12Impl.java	Markers12Impl	arg,field,method,text
24	com/moonsworth/lunar/client/framework/feature/keystrokes/Keystrokes18.java	Keystrokes18	method,number,value
24	com/moonsworth/lunar/client/framework/feature/debug/fpsdebugmod/profilerdebugmod/Profilerdebugmod_3.java	Profilerdebugmod_3	field,method,number,text
24	com/moonsworth/lunar/client/fov/mixin/Fov4.java	Fov4	field,method,value
24	com/moonsworth/lunar/client/fog/nameplate/Gui2Handler.java	Gui2Handler	field,method,text
24	com/moonsworth/lunar/client/fishing/highlight/Fishing2Extension.java	Fishing2Extension	field,method
24	com/moonsworth/lunar/bridge/horsestats/mixin/HorsestatsType.java	HorsestatsType	flag,number,text
24	com/moonsworth/lunar/bridge/MixinHelper5_5.java	MixinHelper5_5	field,method,number
24	com/moonsworth/lunar/bridge/MExtension.java	MExtension	method,number,value
24	com/moonsworth/lunar/bridge/Bridge5$Data.java	Bridge5$Data	field,method,value
23	net/minecraft/client/renderer/entity/RenderLightningBolt.java	RenderLightningBolt	i,j,k
23	com/moonsworth/lunar/network/mixin/MixinHelper104.java	MixinHelper104	field,method,text
23	com/moonsworth/lunar/network/MixinHelper63.java	MixinHelper63	field,method,obj,text
23	com/moonsworth/lunar/legacy/mixin/TimerMixin2.java	TimerMixin2	method,number
23	com/moonsworth/lunar/legacy/MixinHelper2.java	MixinHelper2	flag,method
23	com/moonsworth/lunar/ichor/MixinServiceAbstractImpl.java	MixinServiceAbstractImpl	field,method,text
23	com/moonsworth/lunar/ichor/MixinHelper_2.java	MixinHelper_2	field,flag,method
23	com/moonsworth/lunar/genesis/SerializableBase2_2.java	SerializableBase2_2	field,method,obj,value
23	com/moonsworth/lunar/genesis/MixinHelper63333$Data.java	MixinHelper63333$Data	field,method,value
23	com/moonsworth/lunar/genesis/MixinHelper523$Data2.java	MixinHelper523$Data2	field,method,number
23	com/moonsworth/lunar/genesis/MixinHelper19$Data35.java	MixinHelper19$Data35	arg,field,method,obj
23	com/moonsworth/lunar/genesis/MixinHelper19$Data23.java	MixinHelper19$Data23	field,method,obj,value
23	com/moonsworth/lunar/genesis/MixinHelper13$Data6.java	MixinHelper13$Data6	field,number
23	com/moonsworth/lunar/genesis/BiPredicateLoader$Data4.java	BiPredicateLoader$Data4	field,method,obj,value
23	com/moonsworth/lunar/forge/lib/guava/reflect/AbstractInvocationHandler.java	AbstractInvocationHandler	method,obj
23	com/moonsworth/lunar/forge/lib/guava/io/AppendableWriter.java	AppendableWriter	number,text
23	com/moonsworth/lunar/forge/lib/guava/hash/AbstractByteHasher.java	AbstractByteHasher	number
23	com/moonsworth/lunar/forge/lib/guava/graph/UndirectedMultiNetworkConnections.java	UndirectedMultiNetworkConnections	flag,obj,value
23	com/moonsworth/lunar/forge/lib/guava/collect/ImmutableCollection.java	ImmutableCollection	number,obj,value
23	com/moonsworth/lunar/forge/lib/guava/collect/Cut.java	Cut	number,obj,value
23	com/moonsworth/lunar/forge/lib/MixinHelper355.java	MixinHelper355	field,method,number,obj
23	com/moonsworth/lunar/forge/lib/MixinHelper2.java	MixinHelper2	field,method
23	com/moonsworth/lunar/forge/lib/MixinExtra2_2.java	MixinExtra2_2	flag,number
23	com/moonsworth/lunar/client/util/ThreadModuleDump68.java	ThreadModuleDump68	field,method,text
23	com/moonsworth/lunar/client/util/ThreadModuleDump36.java	ThreadModuleDump36	method,number,text
23	com/moonsworth/lunar/client/util/LineMath.java	LineMath	method,value
23	com/moonsworth/lunar/client/util/IterableImpl.java	IterableImpl	field,obj
23	com/moonsworth/lunar/client/rewindhandlers/Rewindhandlers.java	Rewindhandlers	field,method,text
23	com/moonsworth/lunar/client/pkg/Pkg6.java	Pkg6	field,method
23	com/moonsworth/lunar/client/mod/player/SkyblockHidePlayersNearNpc.java	SkyblockHidePlayersNearNpc	field,method
23	com/moonsworth/lunar/client/mod/misc/SkyblockDebugHotbarStackSize.java	SkyblockDebugHotbarStackSize	field,method,number
23	com/moonsworth/lunar/client/mod/hud/SkyblockBossTimer.java	SkyblockBossTimer	field,method,text
23	com/moonsworth/lunar/client/killsounds/KillsoundsHandler.java	KillsoundsHandler	arg,field,method,number,text
23	com/moonsworth/lunar/client/inactive/mixin/highlight/mixin/FunctionImpl7.java	FunctionImpl7	field,flag,method,number,text
23	com/moonsworth/lunar/client/guiRewindhandlers/GuiRewindhandlersHandler28.java	GuiRewindhandlersHandler28	field,method,text
23	com/moonsworth/lunar/client/guiRewindhandlers/GuiRewindhandlers3.java	GuiRewindhandlers3	field,method,obj
23	com/moonsworth/lunar/client/framework/feature/rewind/rewindhandlersNameplateCore/RewindhandlersNameplateCore_3.java	RewindhandlersNameplateCore_3	field,flag,method,text
23	com/moonsworth/lunar/client/framework/feature/rewind/nameplate/mixin/rewindhandlers/Nameplate2Iterator.java	Nameplate2Iterator	field,method
23	com/moonsworth/lunar/client/framework/feature/rewind/nameplate/Nameplate3Iterator3.java	Nameplate3Iterator3	field,method,text
23	com/moonsworth/lunar/client/framework/feature/mod/rewindhandlers/HighlightBase3.java	HighlightBase3	field,method,number,text
23	com/moonsworth/lunar/client/framework/feature/mod/fishing/lotusfish/Lotusfish.java	Lotusfish	field,method,text
23	com/moonsworth/lunar/client/framework/feature/mod/fishing/holograms/Holograms_8.java	Holograms_8	field,flag,method
23	com/moonsworth/lunar/client/framework/feature/mod/fishing/click/Click17.java	Click17	field,method,number,text
23	com/moonsworth/lunar/client/framework/feature/mod/fishing/Fishing3_3.java	Fishing3_3	method,text
23	com/moonsworth/lunar/client/framework/feature/attackindicator/mixin/Attackindicator3.java	Attackindicator3	field,method
23	com/moonsworth/lunar/client/click/rewindhandlers/Rewindhandlers2.java	Rewindhandlers2	field,method,number
23	com/moonsworth/lunar/client/click/rewindhandlers/Rewindhandlers.java	Rewindhandlers	field,flag,method,number,value
23	com/moonsworth/lunar/client/Highlight3Iterator23.java	Highlight3Iterator23	field,method,text
23	com/moonsworth/lunar/bridge/horsestats/Horsestats10.java	Horsestats10	field,flag,method,text
23	com/moonsworth/lunar/bridge/Bridge5_12.java	Bridge5_12	flag,method,number,text
23	com/moonsworth/lunar/bridge/Bridge3_35.java	Bridge3_35	flag,method,value
23	com/moonsworth/lunar/bridge/Bridge2_43.java	Bridge2_43	flag,number,value
23	com/moonsworth/lunar/bridge/Bridge10$Data.java	Bridge10$Data	field,flag,method,number,value
22	net/minecraft/world/gen/feature/WorldGenSpikes.java	WorldGenSpikes	i,j,k
22	net/minecraft/client/gui/ServerListEntryNormal.java	ServerListEntryNormal	flag,i,j,k,var
22	com/moonsworth/lunar/legacy/wrapper/StaticMp3Codec.java	StaticMp3Codec	field,flag,method,number
22	com/moonsworth/lunar/legacy/wrapper/Bridge19Task.java	Bridge19Task	field,number,obj
22	com/moonsworth/lunar/legacy/mixin/LayerSheepWoolMixin.java	LayerSheepWoolMixin	arg,method,obj,text
22	com/moonsworth/lunar/ichor/Ichor2Iterator2.java	Ichor2Iterator2	method,text
22	com/moonsworth/lunar/genesis/MixinHelper8$Data22$Type.java	MixinHelper8$Data22$Type	number
22	com/moonsworth/lunar/genesis/MixinHelper624.java	MixinHelper624	method,obj,value
22	com/moonsworth/lunar/genesis/MixinHelper623223$Data.java	MixinHelper623223$Data	field,method,value
22	com/moonsworth/lunar/genesis/MixinHelper40$Data.java	MixinHelper40$Data	field,number
22	com/moonsworth/lunar/genesis/MixinHelper4$Data20.java	MixinHelper4$Data20	field,number
22	com/moonsworth/lunar/genesis/MixinHelper12$Data4.java	MixinHelper12$Data4	field,method,number
22	com/moonsworth/lunar/genesis/AbstractCollectionIterator332.java	AbstractCollectionIterator332	field,method,number
22	com/moonsworth/lunar/forge/lib/guava/util/concurrent/AggregateFuture.java	AggregateFuture	flag,number,text
22	com/moonsworth/lunar/forge/lib/guava/util/concurrent/AbstractCatchingFuture.java	AbstractCatchingFuture	obj,text,value
22	com/moonsworth/lunar/forge/lib/guava/hash/Funnels.java	Funnels	number,obj,text
22	com/moonsworth/lunar/forge/lib/guava/graph/AbstractUndirectedNetworkConnections.java	AbstractUndirectedNetworkConnections	flag,obj,value
22	com/moonsworth/lunar/forge/lib/guava/collect/ImmutableSortedSetFauxverideShim.java	ImmutableSortedSetFauxverideShim	number,value
22	com/moonsworth/lunar/forge/lib/guava/collect/AbstractMultiset.java	AbstractMultiset	number,obj,value
22	com/moonsworth/lunar/forge/lib/guava/cache/AbstractCache.java	AbstractCache	number,obj,value
22	com/moonsworth/lunar/forge/lib/OutputStreamBase$Data.java	OutputStreamBase$Data	field,number
22	com/moonsworth/lunar/forge/lib/MixinMore$Data2.java	MixinMore$Data2	field,method
22	com/moonsworth/lunar/forge/lib/MixinHelper6292.java	MixinHelper6292	flag,method,number,text
22	com/moonsworth/lunar/forge/lib/MixinHelper352.java	MixinHelper352	field,method,number,obj,text
22	com/moonsworth/lunar/forge/lib/MixinHelper22.java	MixinHelper22	field,method,number,obj
22	com/moonsworth/lunar/forge/lib/MixinHelper$Extension7.java	MixinHelper$Extension7	field,method
22	com/moonsworth/lunar/client/util/ThreadModuleDump27.java	ThreadModuleDump27	field,method,number,text
22	com/moonsworth/lunar/client/mod/misc/SkyblockItemIdLore.java	SkyblockItemIdLore	field,method,text
22	com/moonsworth/lunar/client/mod/hud/SkyblockPickonimbusDurability.java	SkyblockPickonimbusDurability	field,method,text
22	com/moonsworth/lunar/client/mod/hud/Playtime.java	Playtime	arg,field,method
22	com/moonsworth/lunar/client/markers/mixin/gui/mixin/Gui8.java	Gui8	method,number
22	com/moonsworth/lunar/client/lightoverlay/Lightoverlay8.java	Lightoverlay8	field,method,number,obj,value
22	com/moonsworth/lunar/client/killsounds/Killsounds3_2.java	Killsounds3_2	method,obj,text
22	com/moonsworth/lunar/client/killsounds/Killsounds11.java	Killsounds11	arg,field,method,obj,text
22	com/moonsworth/lunar/client/inactive/rewindhandlers/Rewindhandlers14.java	Rewindhandlers14	field,method,text
22	com/moonsworth/lunar/client/inactive/mixin/gui/mixin/Gui2.java	Gui2	field,method,number
22	com/moonsworth/lunar/client/guiRewindhandlers/GuiRewindhandlersHandler2_2.java	GuiRewindhandlersHandler2_2	field,method
22	com/moonsworth/lunar/client/framework/feature/worldeditcui/Worldeditcui.java	Worldeditcui	field,method,text
22	com/moonsworth/lunar/client/framework/feature/rewind/rewindhandlersNameplateCore/RewindhandlersNameplateCoreIterator.java	RewindhandlersNameplateCoreIterator	flag,method
22	com/moonsworth/lunar/client/framework/feature/rewind/nameplate/mixin/holograms/Nameplate2Impl11.java	Nameplate2Impl11	field,flag,method,value
22	com/moonsworth/lunar/client/framework/feature/rewind/Rewind2.java	Rewind2	field,flag,method
22	com/moonsworth/lunar/client/framework/feature/mod/highlight/HighlightType.java	HighlightType	method,number,text,value
22	com/moonsworth/lunar/client/framework/feature/mod/fishing/holograms/Holograms8_2.java	Holograms8_2	field,method,number
22	com/moonsworth/lunar/client/framework/feature/mod/fishing/holograms/Holograms4.java	Holograms4	field,method,text
22	com/moonsworth/lunar/client/framework/feature/mod/fishing/gui/GuiHandler2.java	GuiHandler2	field,method,number,text
22	com/moonsworth/lunar/client/framework/feature/mod/MixinHelper22.java	MixinHelper22	field,method,text
22	com/moonsworth/lunar/client/framework/feature/markers/Markers12Impl6.java	Markers12Impl6	method,text
22	com/moonsworth/lunar/client/framework/feature/attackindicator/mixin/Attackindicator2Handler24.java	Attackindicator2Handler24	flag,method,number,value
22	com/moonsworth/lunar/client/framework/Framework10.java	Framework10	flag,method,number,value
22	com/moonsworth/lunar/client/fps/Fps8.java	Fps8	field,method,obj
22	com/moonsworth/lunar/client/fps/Fps.java	Fps	method,text,value
22	com/moonsworth/lunar/client/Highlight3Iterator14.java	Highlight3Iterator14	arg,method
22	com/moonsworth/lunar/bridge/TypeCoercionPipeline.java	TypeCoercionPipeline	field,method
22	com/moonsworth/lunar/bridge/MixinHelper.java	MixinHelper	field,method,value
22	com/moonsworth/lunar/bridge/LegacyFormattingSerializer.java	LegacyFormattingSerializer	field,method,number
22	com/moonsworth/lunar/bridge/Bridge8Extension3.java	Bridge8Extension3	flag,method,number
21	net/minecraft/world/gen/layer/GenLayerBiomeEdge.java	GenLayerBiomeEdge	i,j,k
21	net/minecraft/item/crafting/RecipesArmorDyes.java	RecipesArmorDyes	i,j,k
21	net/minecraft/entity/item/EntityBoat.java	EntityBoat	i,j,k
21	net/minecraft/client/entity/EntityPlayerSP.java	EntityPlayerSP	flag
21	net/minecraft/block/BlockStairs.java	BlockStairs	flag
21	net/minecraft/block/BlockDynamicLiquid.java	BlockDynamicLiquid	i,j,k
21	com/moonsworth/lunar/legacy/mixin/SourceLWJGLOpenALMixin.java	SourceLWJGLOpenALMixin	flag,method,number,text,value
21	com/moonsworth/lunar/legacy/mixin/GuiDisconnectedMixin.java	GuiDisconnectedMixin	flag,method,number,text,value
21	com/moonsworth/lunar/legacy/mixin/C01PacketChatMessageMixin2.java	C01PacketChatMessageMixin2	arg,method,number,text
21	com/moonsworth/lunar/ichor/MixinLegacy.java	MixinLegacy	field,method,text
21	com/moonsworth/lunar/ichor/Ichor2Iterator_2.java	Ichor2Iterator_2	field,method
21	com/moonsworth/lunar/genesis/Reader.java	Reader	number,text
21	com/moonsworth/lunar/genesis/MixinHelper8$Data30.java	MixinHelper8$Data30	field,method,number
21	com/moonsworth/lunar/genesis/MixinHelper5$Data27.java	MixinHelper5$Data27	field,method,number,text
21	com/moonsworth/lunar/genesis/MixinHelper242$Data.java	MixinHelper242$Data	field,obj,value
21	com/moonsworth/lunar/genesis/MixinHelper12$Data8.java	MixinHelper12$Data8	field,method,text
21	com/moonsworth/lunar/genesis/Comparator5.java	Comparator5	field,number,obj,value
21	com/moonsworth/lunar/genesis/ComparableIterator2$Data.java	ComparableIterator2$Data	field,method,value
21	com/moonsworth/lunar/forge/lib/guava/io/CharSequenceReader.java	CharSequenceReader	number,text
21	com/moonsworth/lunar/forge/lib/guava/hash/LongAdder.java	LongAdder	flag,number
21	com/moonsworth/lunar/forge/lib/guava/graph/MapIteratorCache.java	MapIteratorCache	obj,value
21	com/moonsworth/lunar/forge/lib/guava/collect/Platform.java	Platform	number,text
21	com/moonsworth/lunar/forge/lib/guava/collect/MultimapBuilder.java	MultimapBuilder	number
21	com/moonsworth/lunar/forge/lib/guava/collect/ImmutableSortedMultisetFauxverideShim.java	ImmutableSortedMultisetFauxverideShim	value
21	com/moonsworth/lunar/forge/lib/guava/collect/ImmutableRangeMap.java	ImmutableRangeMap	number,obj,value
21	com/moonsworth/lunar/forge/lib/guava/cache/LongAdder.java	LongAdder	flag,number
21	com/moonsworth/lunar/forge/lib/guava/base/Platform.java	Platform	text,value
21	com/moonsworth/lunar/forge/lib/SeekableByteChannelLoader2_2.java	SeekableByteChannelLoader2_2	field,method,text
21	com/moonsworth/lunar/forge/lib/MixinMiscHandler22.java	MixinMiscHandler22	field,method,number
21	com/moonsworth/lunar/forge/lib/MixinAltBase2.java	MixinAltBase2	field,method,number
21	com/moonsworth/lunar/forge/MixinMisc2.java	MixinMisc2	field,method,number
21	com/moonsworth/lunar/client/util/click/Click.java	Click	field,flag,method
21	com/moonsworth/lunar/client/util/chest/mixin/ChestHandler3.java	ChestHandler3	field,flag,method,value
21	com/moonsworth/lunar/client/util/NpcUtils.java	NpcUtils	flag,method,text
21	com/moonsworth/lunar/client/mixin/KeyBindingMixin.java	KeyBindingMixin	field,flag,method,number,value
21	com/moonsworth/lunar/client/memory/MemoryTask.java	MemoryTask	field,method,text
21	com/moonsworth/lunar/client/killsounds/Killsounds5.java	Killsounds5	flag,method,obj,text
21	com/moonsworth/lunar/client/guiRewindhandlers/GuiRewindhandlers_2.java	GuiRewindhandlers_2	method,obj
21	com/moonsworth/lunar/client/glintcolorizer/Glintcolorizer3_3.java	Glintcolorizer3_3	number,value
21	com/moonsworth/lunar/client/glintcolorizer/Glintcolorizer2Impl.java	Glintcolorizer2Impl	field,method
21	com/moonsworth/lunar/client/glintcolorizer/Glintcolorizer2Base2.java	Glintcolorizer2Base2	field,method,value
21	com/moonsworth/lunar/client/framework/nameplate/Nameplate11.java	Nameplate11	field,flag,method
21	com/moonsworth/lunar/client/framework/feature/tps/Gui2Extension.java	Gui2Extension	method,number,text
21	com/moonsworth/lunar/client/framework/feature/scrollabletooltips/mixin/ScrollabletooltipsHandler.java	ScrollabletooltipsHandler	method,value
21	com/moonsworth/lunar/client/framework/feature/rewind/rewindhandlers/Rewindhandlers_5.java	Rewindhandlers_5	field,method,number
21	com/moonsworth/lunar/client/framework/feature/mod/holograms/nameplate/GuiRewindhandlersHandler2.java	GuiRewindhandlersHandler2	field,method
21	com/moonsworth/lunar/client/framework/feature/mod/fishing/holograms/Holograms2$Data.java	Holograms2$Data	field,method,number,text
21	com/moonsworth/lunar/client/framework/feature/mod/fishing/gui/GuiHandler.java	GuiHandler	field,method,number,text
21	com/moonsworth/lunar/client/framework/feature/markers/Markers12.java	Markers12	field,method,text
21	com/moonsworth/lunar/client/framework/feature/keystrokes/Keystrokes2Handler.java	Keystrokes2Handler	field,method,number,value
21	com/moonsworth/lunar/client/framework/feature/keystrokes/Keystrokes16.java	Keystrokes16	method,number,value
21	com/moonsworth/lunar/client/framework/feature/keystrokes/Keystrokes14.java	Keystrokes14	method,number,value
21	com/moonsworth/lunar/client/framework/feature/hypixelbedwars/TitlesHandler.java	TitlesHandler	field,method,text
21	com/moonsworth/lunar/client/fov/mixin/Gui2Handler2.java	Gui2Handler2	field,flag,text
21	com/moonsworth/lunar/client/fog/chest/Chest.java	Chest	field,method
21	com/moonsworth/lunar/client/coordinates/mixin/CoordinatesThread.java	CoordinatesThread	arg,method
21	com/moonsworth/lunar/bridge/MixinHelper7_3.java	MixinHelper7_3	field,method
20	net/minecraft/world/WorldServer.java	WorldServer	i,j,k,var
20	net/minecraft/entity/ai/RandomPositionGenerator.java	RandomPositionGenerator	flag,i,j,k
20	com/moonsworth/lunar/legacy/wrapper/FaceEdgeMasks.java	FaceEdgeMasks	field
20	com/moonsworth/lunar/legacy/mixin/ResourcePackRepositoryMixin.java	ResourcePackRepositoryMixin	flag,method,number,text
20	com/moonsworth/lunar/ichor/ClassWriter.java	ClassWriter	field,method,number,text
20	com/moonsworth/lunar/genesis/MixinHelper6$Data22.java	MixinHelper6$Data22	field,obj,value
20	com/moonsworth/lunar/genesis/MixinHelper522$Data.java	MixinHelper522$Data	field,method,number
20	com/moonsworth/lunar/genesis/MixinHelper40$Data2.java	MixinHelper40$Data2	field,number
20	com/moonsworth/lunar/genesis/MixinHelper39$Data5.java	MixinHelper39$Data5	arg,field,method
20	com/moonsworth/lunar/genesis/MixinHelper242$Data4.java	MixinHelper242$Data4	field,method,obj,value
20	com/moonsworth/lunar/genesis/MixinHelper20$Data3.java	MixinHelper20$Data3	field,obj,value
20	com/moonsworth/lunar/genesis/MixinHelper2$Data17.java	MixinHelper2$Data17	field,number
20	com/moonsworth/lunar/genesis/MixinHelper$Data49.java	MixinHelper$Data49	field,number
20	com/moonsworth/lunar/genesis/IterableBase$Data.java	IterableBase$Data	method,obj,value
20	com/moonsworth/lunar/genesis/Comparator7.java	Comparator7	field,obj
20	com/moonsworth/lunar/genesis/BiPredicateLoader2.java	BiPredicateLoader2	field,method,number,obj
20	com/moonsworth/lunar/genesis/AbstractSetImpl.java	AbstractSetImpl	field,method,obj
20	com/moonsworth/lunar/genesis/AbstractCollectionIterator34.java	AbstractCollectionIterator34	field,method,number
20	com/moonsworth/lunar/genesis/AbstractCollectionIterator32.java	AbstractCollectionIterator32	field,method,number,value
20	com/moonsworth/lunar/genesis/AbstractCollectionBase2$Data.java	AbstractCollectionBase2$Data	field,method,number,obj
20	com/moonsworth/lunar/forge/lib/guava/util/concurrent/TimeoutFuture.java	TimeoutFuture	number,text
20	com/moonsworth/lunar/forge/lib/guava/util/concurrent/AbstractScheduledService.java	AbstractScheduledService	flag,number
20	com/moonsworth/lunar/forge/lib/guava/io/FileBackedOutputStream.java	FileBackedOutputStream	flag,number
20	com/moonsworth/lunar/forge/lib/guava/graph/Network.java	Network	obj,value
20	com/moonsworth/lunar/forge/lib/guava/graph/AbstractValueGraph.java	AbstractValueGraph	obj,value
20	com/moonsworth/lunar/forge/lib/guava/collect/ReverseNaturalOrdering.java	ReverseNaturalOrdering	value
20	com/moonsworth/lunar/forge/lib/MixinMore3_2.java	MixinMore3_2	field,method
20	com/moonsworth/lunar/forge/lib/MixinMisc3Loader7.java	MixinMisc3Loader7	field,method,number
20	com/moonsworth/lunar/forge/lib/MixinMisc3Loader4.java	MixinMisc3Loader4	method,number,text
20	com/moonsworth/lunar/forge/lib/MixinHelper6932.java	MixinHelper6932	method,number,text
20	com/moonsworth/lunar/forge/lib/MixinHelper62.java	MixinHelper62	method,number,text
20	com/moonsworth/lunar/forge/lib/MixinHelper4_3.java	MixinHelper4_3	field,text
20	com/moonsworth/lunar/forge/lib/MixinHelper3282.java	MixinHelper3282	field,method,obj
20	com/moonsworth/lunar/forge/lib/CloneableBase.java	CloneableBase	method,number
20	com/moonsworth/lunar/client/util/chest/SBase.java	SBase	field,method
20	com/moonsworth/lunar/client/mod/misc/SkyblockWebsiteAdblock.java	SkyblockWebsiteAdblock	field,method,text
20	com/moonsworth/lunar/client/markers/mixin/gui/mixin/Gui15.java	Gui15	flag,method,text
20	com/moonsworth/lunar/client/killsounds/Killsounds13.java	Killsounds13	method,obj,text
20	com/moonsworth/lunar/client/highlight/mixin/nameplate/HighlightImpl.java	HighlightImpl	field,flag,method
20	com/moonsworth/lunar/client/highlight/fishing/HighlightImpl5_2.java	HighlightImpl5_2	field,method,value
20	com/moonsworth/lunar/client/highlight/fishing/HighlightImpl14.java	HighlightImpl14	field,method,value
20	com/moonsworth/lunar/client/highlight/fishing/HighlightImpl13$Data3.java	HighlightImpl13$Data3	method,value
20	com/moonsworth/lunar/client/framework/feature/screenshot/ByteArrayInputStreamLoader.java	ByteArrayInputStreamLoader	field,method,number
20	com/moonsworth/lunar/client/framework/feature/rewind/rewindhandlersNameplateCore/mixin/RewindhandlersNameplateCoreImpl9.java	RewindhandlersNameplateCoreImpl9	method
20	com/moonsworth/lunar/client/framework/feature/rewind/nameplate/mixin/gui/Nameplate2Impl4.java	Nameplate2Impl4	field,method
20	com/moonsworth/lunar/client/framework/feature/rewind/Rewind3_3.java	Rewind3_3	field,method
20	com/moonsworth/lunar/client/framework/feature/mod/impl/chest/dungeon/practice/Framework7Extension2.java	Framework7Extension2	field,method,number
20	com/moonsworth/lunar/client/framework/feature/mod/impl/chest/dungeon/dungeonwaypoints/JsonDeserializerImpl.java	JsonDeserializerImpl	method,number,text
20	com/moonsworth/lunar/client/framework/feature/mod/impl/alert/excavation/mixin/ExcavationType.java	ExcavationType	flag,number
20	com/moonsworth/lunar/client/framework/feature/mod/holograms/fishing/GuiRewindhandlersHandler211.java	GuiRewindhandlersHandler211	field,method,number,text
20	com/moonsworth/lunar/client/framework/feature/mod/fishing/holograms/Holograms6_2.java	Holograms6_2	flag,obj
20	com/moonsworth/lunar/client/framework/feature/debug/fpsdebugmod/mixin/Fpsdebugmod2.java	Fpsdebugmod2	arg,method,number
20	com/moonsworth/lunar/client/framework/feature/cooldowns/mixin/CooldownsImpl2.java	CooldownsImpl2	field,method,number,text,value
20	com/moonsworth/lunar/client/framework/feature/attackindicator/mixin/Attackindicator2Handler2.java	Attackindicator2Handler2	field,method
20	com/moonsworth/lunar/client/framework/MixinCore5Impl.java	MixinCore5Impl	field,flag,method,value
19	net/minecraft/tileentity/TileEntityBeacon.java	TileEntityBeacon	flag,i,j,k
19	net/minecraft/item/ItemEnderEye.java	ItemEnderEye	flag,i,j,k
19	net/minecraft/entity/monster/EntityZombie.java	EntityZombie	i,j,k
19	net/minecraft/client/LoadingScreenRenderer.java	LoadingScreenRenderer	i,j,k,var
19	com/moonsworth/lunar/legacy/wrapper/ExternalTextureFramebuffer.java	ExternalTextureFramebuffer	field,method,number
19	com/moonsworth/lunar/legacy/mixin/ScoreboardMixin2.java	ScoreboardMixin2	obj,text
19	com/moonsworth/lunar/legacy/mixin/BridgeHandler.java	BridgeHandler	field,flag,method,number
19	com/moonsworth/lunar/ichor/util/FatalIchorError8.java	FatalIchorError8	field,method,number,text
19	com/moonsworth/lunar/genesis/SerializableBase_2.java	SerializableBase_2	field,method,obj,value
19	com/moonsworth/lunar/genesis/MixinHelper7_6.java	MixinHelper7_6	field,method,obj
19	com/moonsworth/lunar/genesis/MixinHelper6$Data23.java	MixinHelper6$Data23	field,obj,value
19	com/moonsworth/lunar/genesis/MixinHelper2_12.java	MixinHelper2_12	method,number,obj
19	com/moonsworth/lunar/genesis/MixinHelper234$Data3.java	MixinHelper234$Data3	method,number
19	com/moonsworth/lunar/genesis/MixinHelper22$Data3.java	MixinHelper22$Data3	arg,field,number
19	com/moonsworth/lunar/genesis/MixinHelper1342322.java	MixinHelper1342322	field,method,number
19	com/moonsworth/lunar/genesis/MixinHelper1342232.java	MixinHelper1342232	field,method,number
19	com/moonsworth/lunar/genesis/MixinHelper10$Data15.java	MixinHelper10$Data15	field,method,obj
19	com/moonsworth/lunar/genesis/FilterOutputStreamSerializer.java	FilterOutputStreamSerializer	field,method,number
19	com/moonsworth/lunar/genesis/FilterInputStreamLoader_2.java	FilterInputStreamLoader_2	field,method,number
19	com/moonsworth/lunar/genesis/AbstractQueueIterator$Data2.java	AbstractQueueIterator$Data2	field,method,number,obj
19	com/moonsworth/lunar/forge/lib/guava/util/concurrent/InterruptibleTask.java	InterruptibleTask	flag,number,obj,text,value
19	com/moonsworth/lunar/forge/lib/guava/collect/SparseImmutableTable.java	SparseImmutableTable	obj
19	com/moonsworth/lunar/forge/lib/guava/collect/RegularImmutableTable.java	RegularImmutableTable	number,obj,value
19	com/moonsworth/lunar/forge/lib/guava/collect/MoreCollectors.java	MoreCollectors	arg,flag,obj
19	com/moonsworth/lunar/forge/lib/OutputStreamSerializer.java	OutputStreamSerializer	field,method,number,text
19	com/moonsworth/lunar/forge/lib/MixinMisc5Iterator.java	MixinMisc5Iterator	field,method,number
19	com/moonsworth/lunar/forge/lib/MixinMisc12.java	MixinMisc12	field,flag,method,number,text
19	com/moonsworth/lunar/forge/lib/MixinAltSerializer2.java	MixinAltSerializer2	field,method,number
19	com/moonsworth/lunar/forge/lib/InputStreamLoader3.java	InputStreamLoader3	field,number
19	com/moonsworth/lunar/forge/lib/InflaterInputStreamLoader.java	InflaterInputStreamLoader	field,method,number
19	com/moonsworth/lunar/client/lighting/nameplate/mixin/NameplateHandler.java	NameplateHandler	field,flag,method,number
19	com/moonsworth/lunar/client/lighting/nameplate/mixin/Nameplate.java	Nameplate	method,value
19	com/moonsworth/lunar/client/lighting/LightingIterator.java	LightingIterator	method
19	com/moonsworth/lunar/client/killsounds/mixin/Killsounds6Impl.java	Killsounds6Impl	method,number,text,value
19	com/moonsworth/lunar/client/keystrokes/Keystrokes3.java	Keystrokes3	field,method,text
19	com/moonsworth/lunar/client/inactive/mixin/nameplate/Nameplate.java	Nameplate	method,text
19	com/moonsworth/lunar/client/inactive/mixin/highlight/mixin/FunctionImpl2.java	FunctionImpl2	method,number,value
19	com/moonsworth/lunar/client/inactive/Inactive4.java	Inactive4	field,method,text
19	com/moonsworth/lunar/client/inactive/Inactive3$Data2.java	Inactive3$Data2	flag,method,text
19	com/moonsworth/lunar/client/highlight/mixin/highlight/EventRenderEntities.java	EventRenderEntities	field,method,value
19	com/moonsworth/lunar/client/highlight/mixin/fishing/mixin/HighlightImpl6.java	HighlightImpl6	field,flag,method,number
19	com/moonsworth/lunar/client/glintcolorizer/Glintcolorizer2Handler4.java	Glintcolorizer2Handler4	field,method,text,value
19	com/moonsworth/lunar/client/glintcolorizer/Glintcolorizer2Handler2.java	Glintcolorizer2Handler2	field,method,text,value
19	com/moonsworth/lunar/client/framework/nameplate/Nameplate4Impl2.java	Nameplate4Impl2	field,flag,method
19	com/moonsworth/lunar/client/framework/nameplate/Nameplate4.java	Nameplate4	field,flag,method
19	com/moonsworth/lunar/client/framework/feature/waila/WailaHandler7.java	WailaHandler7	field,method,number
19	com/moonsworth/lunar/client/framework/feature/waila/WailaHandler5.java	WailaHandler5	field,method,number
19	com/moonsworth/lunar/client/framework/feature/rewind/rewindhandlersNameplateCore/mixin/RewindhandlersNameplateCore.java	RewindhandlersNameplateCore	method
19	com/moonsworth/lunar/client/framework/feature/rewind/nameplate/mixin/rewindhandlers/Nameplate2Iterator2.java	Nameplate2Iterator2	method,number,text
19	com/moonsworth/lunar/client/framework/feature/rewind/holograms/Holograms2.java	Holograms2	field,method,text
19	com/moonsworth/lunar/client/framework/feature/mod/mixin/MixinHelper1011.java	MixinHelper1011	method,text
19	com/moonsworth/lunar/client/framework/feature/mod/impl/chest/dungeon/dungeonwaypoints/mixin/Dungeonwaypoints5.java	Dungeonwaypoints5	field,method,text
19	com/moonsworth/lunar/client/framework/feature/mod/holograms/fishing/GuiRewindhandlersHandler28.java	GuiRewindhandlersHandler28	field,method,text
19	com/moonsworth/lunar/client/framework/feature/mod/fishing/holograms/holograms/HologramsType26.java	HologramsType26	field,method
19	com/moonsworth/lunar/client/framework/feature/markers/Markers12Impl2.java	Markers12Impl2	method,text
19	com/moonsworth/lunar/client/framework/feature/keystrokes/Keystrokes.java	Keystrokes	field,method,number,value
19	com/moonsworth/lunar/client/framework/MixinHelper3.java	MixinHelper3	method,number,text
19	com/moonsworth/lunar/client/framework/MixinCore5Handler_2.java	MixinCore5Handler_2	field,method,value
19	com/moonsworth/lunar/client/framework/MixinCore5Handler2_2.java	MixinCore5Handler2_2	field,method,value
19	com/moonsworth/lunar/client/fps/Fps3.java	Fps3	field,flag,method,number
19	com/moonsworth/lunar/client/fov/Fov4_2.java	Fov4_2	field,method,text
18	net/minecraft/command/CommandFill.java	CommandFill	i,j,k
18	net/minecraft/client/particle/EntityFirework.java	EntityFirework	flag
18	com/moonsworth/webosr/TextureHandler.java	TextureHandler	number
18	com/moonsworth/lunar/legacy/mixin/SkinManagerMixin2.java	SkinManagerMixin2	flag,method
18	com/moonsworth/lunar/legacy/mixin/ShaderUniformMixin.java	ShaderUniformMixin	value
18	com/moonsworth/lunar/legacy/mixin/KeyBindingModMixin.java	KeyBindingModMixin	field,flag,method,number,value
18	com/moonsworth/lunar/ichor/util/InheritanceProvider.java	InheritanceProvider	field,method,obj,text
18	com/moonsworth/lunar/ichor/InheritanceProvider.java	InheritanceProvider	field,method,text
18	com/moonsworth/lunar/genesis/SerializableLoader$Data3.java	SerializableLoader$Data3	field,method,value
18	com/moonsworth/lunar/genesis/MixinHelper5_8.java	MixinHelper5_8	method,number,text,value
18	com/moonsworth/lunar/genesis/MixinHelper529.java	MixinHelper529	field,method,number
18	com/moonsworth/lunar/genesis/MixinHelper5$Data23.java	MixinHelper5$Data23	field,method,number,text
18	com/moonsworth/lunar/genesis/MixinHelper42_4.java	MixinHelper42_4	method,obj,value
18	com/moonsworth/lunar/genesis/MixinHelper3126.java	MixinHelper3126	obj,value
18	com/moonsworth/lunar/genesis/MixinHelper262$Data2.java	MixinHelper262$Data2	field,method,obj
18	com/moonsworth/lunar/genesis/MixinHelper25$Data6.java	MixinHelper25$Data6	field,obj
18	com/moonsworth/lunar/genesis/MixinHelper23$Data13.java	MixinHelper23$Data13	field,flag,method
18	com/moonsworth/lunar/genesis/MixinHelper18$Data3.java	MixinHelper18$Data3	field,method
18	com/moonsworth/lunar/genesis/MixinHelper13452$Data5.java	MixinHelper13452$Data5	field,method,number,obj
18	com/moonsworth/lunar/genesis/MixinHelper13422222.java	MixinHelper13422222	field,method,value
18	com/moonsworth/lunar/genesis/MixinHelper112_3.java	MixinHelper112_3	method,obj,value
18	com/moonsworth/lunar/genesis/ExecutorServiceTask2.java	ExecutorServiceTask2	field,number
18	com/moonsworth/lunar/genesis/ExecutorServiceExtension2.java	ExecutorServiceExtension2	method,number
18	com/moonsworth/lunar/genesis/AbstractCollectionIterator3322.java	AbstractCollectionIterator3322	method,number,obj
18	com/moonsworth/lunar/forge/mixin/EventBus.java	EventBus	field,method,text
18	com/moonsworth/lunar/forge/lib/guava/graph/UndirectedGraphConnections.java	UndirectedGraphConnections	obj,value
18	com/moonsworth/lunar/forge/lib/guava/graph/IncidentEdgeSet.java	IncidentEdgeSet	obj,value
18	com/moonsworth/lunar/forge/lib/guava/graph/ImmutableValueGraph.java	ImmutableValueGraph	obj,value
18	com/moonsworth/lunar/forge/lib/guava/graph/ForwardingGraph.java	ForwardingGraph	value
18	com/moonsworth/lunar/forge/lib/guava/collect/Multiset.java	Multiset	number,obj,value
18	com/moonsworth/lunar/forge/lib/guava/collect/ForwardingConcurrentMap.java	ForwardingConcurrentMap	obj,value
18	com/moonsworth/lunar/forge/lib/guava/collect/CollectCollectors.java	CollectCollectors	arg
18	com/moonsworth/lunar/forge/lib/MixinMore2_2.java	MixinMore2_2	field,number,text
18	com/moonsworth/lunar/forge/lib/MixinMisc6.java	MixinMisc6	field,method
18	com/moonsworth/lunar/forge/lib/MixinMisc3Loader2.java	MixinMisc3Loader2	field,method,number
18	com/moonsworth/lunar/forge/lib/MixinMisc3Loader.java	MixinMisc3Loader	field,method,number
18	com/moonsworth/lunar/forge/lib/MixinLegacy11.java	MixinLegacy11	field,method,number,obj,text
18	com/moonsworth/lunar/forge/lib/MixinHelper322.java	MixinHelper322	field,method
18	com/moonsworth/lunar/forge/lib/MixinHelper257.java	MixinHelper257	field,method,obj
18	com/moonsworth/lunar/forge/lib/MixinCommon_2.java	MixinCommon_2	field,flag,method
18	com/moonsworth/lunar/forge/lib/InputStreamLoader_4.java	InputStreamLoader_4	field,number
18	com/moonsworth/lunar/files/Files_5.java	Files_5	field,method,number,text
18	com/moonsworth/lunar/client/util/ThreadModuleDump80.java	ThreadModuleDump80	field
18	com/moonsworth/lunar/client/markers/Markers3.java	Markers3	method,number,value
18	com/moonsworth/lunar/client/lightoverlay/LightoverlayHandler.java	LightoverlayHandler	field,method,number
18	com/moonsworth/lunar/client/killsounds/Killsounds8.java	Killsounds8	flag,method,obj,text
18	com/moonsworth/lunar/client/killsounds/Killsounds15Iterator.java	Killsounds15Iterator	arg,method,obj,text
18	com/moonsworth/lunar/client/killsounds/Killsounds15Impl.java	Killsounds15Impl	method,obj,text
18	com/moonsworth/lunar/client/inactive/mixin/rewindhandlers/mixin/Rewindhandlers2.java	Rewindhandlers2	field,method,text
18	com/moonsworth/lunar/client/inactive/mixin/gui/mixin/Gui2Impl3.java	Gui2Impl3	field,method,value
18	com/moonsworth/lunar/client/inactive/gui/GuiHandler.java	GuiHandler	field,method
18	com/moonsworth/lunar/client/highlight/mixin/rewindhandlers/HighlightImpl3.java	HighlightImpl3	field,method,number
18	com/moonsworth/lunar/client/highlight/mixin/gui/HighlightImpl11.java	HighlightImpl11	field,flag,method
18	com/moonsworth/lunar/client/highlight/mixin/fishing/HighlightImpl19.java	HighlightImpl19	field,method,number
18	com/moonsworth/lunar/client/highlight/fishing/HighlightImpl13.java	HighlightImpl13	field,method,value
18	com/moonsworth/lunar/client/highlight/fishing/HighlightImpl13$Data2.java	HighlightImpl13$Data2	method,value
18	com/moonsworth/lunar/client/glintcolorizer/Glintcolorizer2Handler_2.java	Glintcolorizer2Handler_2	field,method,text,value
18	com/moonsworth/lunar/client/glintcolorizer/Glintcolorizer2Base_3.java	Glintcolorizer2Base_3	field,method
18	com/moonsworth/lunar/client/framework/feature/toggle/Calculator2Type.java	Calculator2Type	field,flag,text
18	com/moonsworth/lunar/client/framework/feature/tiertagger/nameplate/Tiertagger6Impl.java	Tiertagger6Impl	field,method
18	com/moonsworth/lunar/client/framework/feature/tiertagger/Tiertagger6Impl_2.java	Tiertagger6Impl_2	field,method
18	com/moonsworth/lunar/client/framework/feature/rewind/rewindhandlersNameplateCore/mixin/RewindhandlersNameplateCoreImpl10.java	RewindhandlersNameplateCoreImpl10	method
18	com/moonsworth/lunar/client/framework/feature/rewind/rewindhandlersNameplateCore/RewindhandlersNameplateCoreHandler2.java	RewindhandlersNameplateCoreHandler2	method
18	com/moonsworth/lunar/client/framework/feature/rewind/rewindhandlers/nameplate/Nameplate2$Data4.java	Nameplate2$Data4	field,method,text
18	com/moonsworth/lunar/client/framework/feature/rewind/nameplate/mixin/holograms/Nameplate2Impl12.java	Nameplate2Impl12	method,value
18	com/moonsworth/lunar/client/framework/feature/rewind/nameplate/Nameplate_2.java	Nameplate_2	field,method,text
18	com/moonsworth/lunar/client/framework/feature/rewind/mixin/InputStreamLoader.java	InputStreamLoader	field,number
18	com/moonsworth/lunar/client/framework/feature/rewind/highlight/nameplate/LinkedHashSetImpl.java	LinkedHashSetImpl	field,method,obj,value
18	com/moonsworth/lunar/client/framework/feature/rewind/highlight/Highlight2_2.java	Highlight2_2	field,method,number
18	com/moonsworth/lunar/client/framework/feature/mod/rewindhandlers/Rewindhandlers.java	Rewindhandlers	field,method,text
18	com/moonsworth/lunar/client/framework/feature/mod/fishing/gui/mixin/GuiType2.java	GuiType2	number,text
18	com/moonsworth/lunar/client/framework/feature/markers/Markers3_3.java	Markers3_3	method,text
18	com/moonsworth/lunar/client/framework/feature/markers/Markers12Impl3.java	Markers12Impl3	method,text
18	com/moonsworth/lunar/client/framework/feature/f3display/mixin/F3displayImpl3.java	F3displayImpl3	field,method,number
18	com/moonsworth/lunar/client/framework/feature/attackindicator/mixin/Attackindicator2Handler5.java	Attackindicator2Handler5	field,method
18	com/moonsworth/lunar/client/framework/feature/Staffxray.java	Staffxray	field,flag,method,number,text
18	com/moonsworth/lunar/client/framework/MixinNameplate2.java	MixinNameplate2	field,method,text
18	com/moonsworth/lunar/client/Highlight3Iterator7.java	Highlight3Iterator7	arg,method
18	com/moonsworth/lunar/client/Highlight3Iterator20.java	Highlight3Iterator20	field,method
18	com/moonsworth/lunar/bridge/MixinHelper6_4.java	MixinHelper6_4	field,method,text
18	com/moonsworth/lunar/bridge/Bridge7_2.java	Bridge7_2	field,number,text
18	com/moonsworth/lunar/bridge/Bridge2_39.java	Bridge2_39	flag,method,text
17	net/minecraft/world/biome/BiomeGenForest.java	BiomeGenForest	i,j,k
17	net/minecraft/client/renderer/texture/TextureMap.java	TextureMap	i,j,k
17	net/minecraft/block/BlockFence.java	BlockFence	flag
17	com/moonsworth/lunar/replaymod/mixin/GuiBackgroundProcessesElementV1_8Mixin.java	GuiBackgroundProcessesElementV1_8Mixin	field,flag,method
17	com/moonsworth/lunar/replaymod/mixin/ElementMixin.java	ElementMixin	field,flag,method
17	com/moonsworth/lunar/replaymod/mixin/AbstractGuiPopupV1_8Mixin.java	AbstractGuiPopupV1_8Mixin	field,flag,method
17	com/moonsworth/lunar/replaymod/mixin/AbstractGuiPopupMixin.java	AbstractGuiPopupMixin	field,flag,method
17	com/moonsworth/lunar/legacy/wrapper/util/Bridge3Extension2.java	Bridge3Extension2	field,flag,method,text
17	com/moonsworth/lunar/legacy/wrapper/ResourcePackListEntryImpl.java	ResourcePackListEntryImpl	field,method,number,text
17	com/moonsworth/lunar/legacy/mixin/PositionedSoundMixin.java	PositionedSoundMixin	method,value
17	com/moonsworth/lunar/ichor/mixin/MixinHelper3.java	MixinHelper3	field,method,obj
17	com/moonsworth/lunar/ichor/MixinMisc2Handler.java	MixinMisc2Handler	field,method,text
17	com/moonsworth/lunar/genesis/PredicateExtension2$Data4.java	PredicateExtension2$Data4	field,method,text
17	com/moonsworth/lunar/genesis/MixinHelper9$Data7.java	MixinHelper9$Data7	field,method,number
17	com/moonsworth/lunar/genesis/MixinHelper9$Data5.java	MixinHelper9$Data5	field,method,text
17	com/moonsworth/lunar/genesis/MixinHelper6233.java	MixinHelper6233	method,obj,value
17	com/moonsworth/lunar/genesis/MixinHelper22$Data7.java	MixinHelper22$Data7	field,method,obj,text
17	com/moonsworth/lunar/genesis/MixinHelper22$Data5.java	MixinHelper22$Data5	field,number,obj,value
17	com/moonsworth/lunar/genesis/MixinHelper11_3.java	MixinHelper11_3	method,obj,value
17	com/moonsworth/lunar/genesis/MixinHelper$Data24.java	MixinHelper$Data24	field,number
17	com/moonsworth/lunar/genesis/AccessibleObjectImpl2$Data2.java	AccessibleObjectImpl2$Data2	field,method,obj
17	com/moonsworth/lunar/genesis/AbstractCollectionIterator57$Data.java	AbstractCollectionIterator57$Data	field,method,number
17	com/moonsworth/lunar/forge/lib/guava/net/HostSpecifier.java	HostSpecifier	obj,text
17	com/moonsworth/lunar/forge/lib/guava/collect/Comparators.java	Comparators	number,obj
17	com/moonsworth/lunar/forge/lib/OutputStreamBase.java	OutputStreamBase	field,number
17	com/moonsworth/lunar/forge/lib/MixinMore.java	MixinMore	number,text
17	com/moonsworth/lunar/forge/lib/MixinMiscImpl.java	MixinMiscImpl	field,method,number
17	com/moonsworth/lunar/forge/lib/MixinHelper6224.java	MixinHelper6224	method,number,text
17	com/moonsworth/lunar/forge/lib/CloseableExtension2.java	CloseableExtension2	field,method,number
17	com/moonsworth/lunar/forge/lib/CloneableBase4.java	CloneableBase4	field,method,number
17	com/moonsworth/lunar/files/Files5.java	Files5	field,method,text
17	com/moonsworth/lunar/client/mod/player/SkyblockHideOthersGifts.java	SkyblockHideOthersGifts	field,method
17	com/moonsworth/lunar/client/mod/hud/SaturationHudChild.java	SaturationHudChild	field,flag,method
17	com/moonsworth/lunar/client/markers/mixin/holograms/Holograms3.java	Holograms3	field,method,text,value
17	com/moonsworth/lunar/client/markers/mixin/highlight/Highlight.java	Highlight	field,method,number,value
17	com/moonsworth/lunar/client/lighting/LightingIterator22.java	LightingIterator22	field,method,text
17	com/moonsworth/lunar/client/inactive/rewindhandlers/Rewindhandlers7.java	Rewindhandlers7	field,method,text
17	com/moonsworth/lunar/client/inactive/rewindhandlers/Rewindhandlers10.java	Rewindhandlers10	field,flag,method
17	com/moonsworth/lunar/client/inactive/mixin/highlight/mixin/FunctionImpl5.java	FunctionImpl5	flag,method,number,value
17	com/moonsworth/lunar/client/inactive/mixin/highlight/mixin/FunctionImpl3.java	FunctionImpl3	field,method,number
17	com/moonsworth/lunar/client/highlight/mixin/gui/HighlightImpl5.java	HighlightImpl5	field,method,number,text
17	com/moonsworth/lunar/client/highlight/mixin/HighlightImpl6.java	HighlightImpl6	field,method,text
17	com/moonsworth/lunar/client/highlight/fishing/HighlightImpl13_2.java	HighlightImpl13_2	field,method,value
17	com/moonsworth/lunar/client/glintcolorizer/Glintcolorizer2Base4_4.java	Glintcolorizer2Base4_4	field,method
17	com/moonsworth/lunar/client/framework/feature/rewind/rewindhandlers/highlight/Highlight2.java	Highlight2	field,method,text
17	com/moonsworth/lunar/client/framework/feature/mod/mixin/MixinHelper7.java	MixinHelper7	method,text
17	com/moonsworth/lunar/client/framework/feature/mod/impl/chest/dungeon/dungeonwaypoints/mixin/Dungeonwaypoints2.java	Dungeonwaypoints2	field,method,number
17	com/moonsworth/lunar/client/framework/feature/mod/holograms/GuiRewindhandlersHandler23.java	GuiRewindhandlersHandler23	field,method,text
17	com/moonsworth/lunar/client/framework/feature/mod/fishing/mixin/JsonDeserializerIterator.java	JsonDeserializerIterator	method,number,text
17	com/moonsworth/lunar/client/framework/feature/mod/fishing/lotusfish/Lotusfish3.java	Lotusfish3	field,method,text
17	com/moonsworth/lunar/client/framework/feature/mod/fishing/holograms/holograms/Holograms.java	Holograms	arg,method,number,text
17	com/moonsworth/lunar/client/framework/feature/mod/fishing/holograms/HologramsType2_2.java	HologramsType2_2	method,text
17	com/moonsworth/lunar/client/framework/feature/mod/fishing/gui/GuiHandler9.java	GuiHandler9	field,method,text
17	com/moonsworth/lunar/client/framework/feature/mod/fishing/gui/GuiHandler10.java	GuiHandler10	field,method,number,text
17	com/moonsworth/lunar/client/framework/feature/mod/fishing/click/Click8.java	Click8	field,method,number,value
17	com/moonsworth/lunar/client/framework/feature/mod/fishing/Fishing6.java	Fishing6	field,method
17	com/moonsworth/lunar/client/framework/feature/mod/fishing/Fishing.java	Fishing	field,method
17	com/moonsworth/lunar/client/framework/feature/mod/debug/HologramsHandler.java	HologramsHandler	field,method
17	com/moonsworth/lunar/client/framework/feature/minimap/mixin/Minimap.java	Minimap	field,flag,method,value
17	com/moonsworth/lunar/client/framework/feature/markers/SExtension2.java	SExtension2	method,text
17	com/moonsworth/lunar/client/framework/feature/keystrokes/Keystrokes17.java	Keystrokes17	method,number,value
17	com/moonsworth/lunar/client/framework/feature/f3display/Gui2Extension.java	Gui2Extension	field,flag,text
17	com/moonsworth/lunar/client/framework/feature/f3display/F3display3.java	F3display3	field,method,text,value
17	com/moonsworth/lunar/client/framework/MixinNameplateImpl.java	MixinNameplateImpl	field,method,text
17	com/moonsworth/lunar/client/fog/Lighting3Loader.java	Lighting3Loader	field,method
17	com/moonsworth/lunar/client/fog/FogHandler.java	FogHandler	arg,field,method
17	com/moonsworth/lunar/client/animations/mixin/AnimationsImpl6.java	AnimationsImpl6	field,flag,method,text
17	com/moonsworth/lunar/client/animations/mixin/AnimationsImpl5.java	AnimationsImpl5	field,flag,method,text
17	com/moonsworth/lunar/client/Highlight3Iterator.java	Highlight3Iterator	method,number
17	com/moonsworth/lunar/bridge/horsestats/Horsestats_2.java	Horsestats_2	arg,value
17	com/moonsworth/lunar/bridge/horsestats/Horsestats7.java	Horsestats7	flag,method,number,text
17	com/moonsworth/lunar/bridge/CompoundTagBridge.java	CompoundTagBridge	number,text
17	com/moonsworth/lunar/bridge/Bridge5_19.java	Bridge5_19	flag,number,obj,value
17	com/moonsworth/lunar/bridge/Bridge4_9.java	Bridge4_9	method,value
17	com/moonsworth/lunar/bridge/ArmorRenderState.java	ArmorRenderState	field,flag,method,number,text
16	net/minecraft/world/gen/layer/GenLayerAddSnow.java	GenLayerAddSnow	i,j,k
16	net/minecraft/world/gen/feature/WorldGenMinable.java	WorldGenMinable	i,j,k
16	net/minecraft/util/MathHelper.java	MathHelper	flag,i,j,k,var
16	net/minecraft/server/MinecraftServer.java	MinecraftServer	i,j,k
16	net/minecraft/item/ItemStack.java	ItemStack	i,j,k
16	net/minecraft/inventory/ContainerEnchantment.java	ContainerEnchantment	i,j
16	net/minecraft/entity/boss/EntityDragon.java	EntityDragon	flag,i,j,k
16	net/minecraft/entity/ai/EntityAIMoveToBlock.java	EntityAIMoveToBlock	i,j
16	net/minecraft/block/BlockDoor.java	BlockDoor	flag,i
16	net/minecraft/block/BlockBed.java	BlockBed	i,j,k
16	com/moonsworth/lunar/replaymod/mixin/SettingKeysV1_8Mixin.java	SettingKeysV1_8Mixin	field,flag,method
16	com/moonsworth/lunar/replaymod/mixin/SettingKeysMixin.java	SettingKeysMixin	field,flag,method
16	com/moonsworth/lunar/network/mixin/MixinHelper2.java	MixinHelper2	method,number,text
16	com/moonsworth/lunar/loader/mixin/Ichor5Loader.java	Ichor5Loader	field,method
16	com/moonsworth/lunar/legacy/mixin/ServerDataMixin.java	ServerDataMixin	flag,method,number,text
16	com/moonsworth/lunar/legacy/mixin/NBTUtilMixin.java	NBTUtilMixin	number,text
16	com/moonsworth/lunar/legacy/mixin/GuiIngameVignetteMixin.java	GuiIngameVignetteMixin	method,number,text,value
16	com/moonsworth/lunar/legacy/mixin/AbstractResourcePackMixin.java	AbstractResourcePackMixin	method,number,text
16	com/moonsworth/lunar/ichor/mixin/MixinHelper6.java	MixinHelper6	field,method,number,obj
16	com/moonsworth/lunar/genesis/MixinHelper8$Data28.java	MixinHelper8$Data28	field,method,number
16	com/moonsworth/lunar/genesis/MixinHelper6$Data29.java	MixinHelper6$Data29	field,method,number,text
16	com/moonsworth/lunar/genesis/MixinHelper523$Data.java	MixinHelper523$Data	field,number,text
16	com/moonsworth/lunar/genesis/MixinHelper5$Data16.java	MixinHelper5$Data16	field,value
16	com/moonsworth/lunar/genesis/MixinHelper4$4.java	MixinHelper4$4	field,number,text
16	com/moonsworth/lunar/genesis/MixinHelper312_3.java	MixinHelper312_3	method,value
16	com/moonsworth/lunar/genesis/MixinHelper19$Data31.java	MixinHelper19$Data31	field,method,value
16	com/moonsworth/lunar/genesis/MixinHelper$Data52.java	MixinHelper$Data52	field,method,obj
16	com/moonsworth/lunar/genesis/Comparator9.java	Comparator9	field,obj,value
16	com/moonsworth/lunar/genesis/AccessibleObjectImpl2$Data.java	AccessibleObjectImpl2$Data	field,method,obj
16	com/moonsworth/lunar/genesis/AbstractMapLoader$Data51.java	AbstractMapLoader$Data51	field,method,number,value
16	com/moonsworth/lunar/forge/lib/guava/util/concurrent/ListenerCallQueue.java	ListenerCallQueue	flag,obj,text
16	com/moonsworth/lunar/forge/lib/guava/io/MoreFiles.java	MoreFiles	flag,number,text
16	com/moonsworth/lunar/forge/lib/guava/hash/ChecksumHashFunction.java	ChecksumHashFunction	number,text
16	com/moonsworth/lunar/forge/lib/guava/graph/ValueGraph.java	ValueGraph	obj,value
16	com/moonsworth/lunar/forge/lib/guava/eventbus/EventBus.java	EventBus	method,obj,text
16	com/moonsworth/lunar/forge/lib/guava/collect/Table.java	Table	obj,value
16	com/moonsworth/lunar/forge/lib/guava/collect/SingletonImmutableBiMap.java	SingletonImmutableBiMap	obj,value
16	com/moonsworth/lunar/forge/lib/guava/collect/FluentIterable.java	FluentIterable	number,obj,value
16	com/moonsworth/lunar/forge/lib/guava/collect/EvictingQueue.java	EvictingQueue	number,obj,value
16	com/moonsworth/lunar/forge/lib/guava/collect/CartesianList.java	CartesianList	number,obj
16	com/moonsworth/lunar/forge/lib/guava/base/Enums.java	Enums	obj,text,value
16	com/moonsworth/lunar/forge/lib/OutputStreamBase_11.java	OutputStreamBase_11	field,number
16	com/moonsworth/lunar/forge/lib/MixinLegacy3.java	MixinLegacy3	field,method,number
16	com/moonsworth/lunar/forge/lib/MixinHelper629.java	MixinHelper629	field,method,number,text
16	com/moonsworth/lunar/forge/lib/MixinHelper626.java	MixinHelper626	method,number,text
16	com/moonsworth/lunar/forge/lib/MixinHelper6234.java	MixinHelper6234	method,number,text
16	com/moonsworth/lunar/forge/lib/MixinHelper623.java	MixinHelper623	method,number,text
16	com/moonsworth/lunar/forge/lib/MixinHelper6222.java	MixinHelper6222	flag,method,number,text
16	com/moonsworth/lunar/forge/lib/MixinHelper3533.java	MixinHelper3533	field,method,number
16	com/moonsworth/lunar/forge/lib/InputStreamLoader5_2.java	InputStreamLoader5_2	field,method,number
16	com/moonsworth/lunar/forge/lib/InputStreamBase_12.java	InputStreamBase_12	number
16	com/moonsworth/lunar/client/util/Util$Data.java	Util$Data	field,method,number
16	com/moonsworth/lunar/client/util/ThreadModuleDumpIterator2.java	ThreadModuleDumpIterator2	field,method,obj
16	com/moonsworth/lunar/client/util/AbstractSpec.java	AbstractSpec	field,method,number
16	com/moonsworth/lunar/client/util/AbstractQueueImpl.java	AbstractQueueImpl	field,number,obj,value
16	com/moonsworth/lunar/client/mod/misc/TestCustomGuiOverride.java	TestCustomGuiOverride	arg,field,method
16	com/moonsworth/lunar/client/mod/misc/TestCustomGuiOverlay.java	TestCustomGuiOverlay	arg,field,method
16	com/moonsworth/lunar/client/mod/misc/SkyblockRenderDebugLavaWater.java	SkyblockRenderDebugLavaWater	field,flag,method
16	com/moonsworth/lunar/client/mod/misc/SkyblockRenderDebugBlockColors.java	SkyblockRenderDebugBlockColors	field,flag,method
16	com/moonsworth/lunar/client/mod/misc/SkyblockCustomMenuClick.java	SkyblockCustomMenuClick	field,method
16	com/moonsworth/lunar/client/markers/mixin/gui/Gui3.java	Gui3	field,method,obj
16	com/moonsworth/lunar/client/markers/GuiExtension_2.java	GuiExtension_2	method,number,text,value
16	com/moonsworth/lunar/client/lotusfish/Ichor2Impl.java	Ichor2Impl	field,method
16	com/moonsworth/lunar/client/lighting/LightingException.java	LightingException	method,number,obj,text
16	com/moonsworth/lunar/client/killsounds/Killsounds9.java	Killsounds9	method,obj,text
16	com/moonsworth/lunar/client/killsounds/Killsounds15Impl8.java	Killsounds15Impl8	field,method,number,obj,text
16	com/moonsworth/lunar/client/killsounds/Killsounds15Impl7.java	Killsounds15Impl7	method,obj,text
16	com/moonsworth/lunar/client/inactive/rewindhandlers/Rewindhandlers13.java	Rewindhandlers13	field,method,text
16	com/moonsworth/lunar/client/inactive/mixin/holograms/Holograms.java	Holograms	field,method
16	com/moonsworth/lunar/client/inactive/mixin/highlight/mixin/FunctionImpl4.java	FunctionImpl4	method,number
16	com/moonsworth/lunar/client/highlight/mixin/gui/HighlightImpl13.java	HighlightImpl13	field,method
16	com/moonsworth/lunar/client/highlight/mixin/fishing/HighlightImpl17.java	HighlightImpl17	field,method
16	com/moonsworth/lunar/client/highlight/fishing/HighlightImpl3.java	HighlightImpl3	field,method,value
16	com/moonsworth/lunar/client/framework/nameplate/NameplateImpl.java	NameplateImpl	field,method,text
16	com/moonsworth/lunar/client/framework/feature/waila/WailaIterator.java	WailaIterator	field,method,number
16	com/moonsworth/lunar/client/framework/feature/tiertagger/Tiertagger4.java	Tiertagger4	field,method
16	com/moonsworth/lunar/client/framework/feature/tiertagger/Tiertagger3_2.java	Tiertagger3_2	field,method
16	com/moonsworth/lunar/client/framework/feature/rewind/rewindhandlersNameplateCore/RewindhandlersNameplateCoreHandler.java	RewindhandlersNameplateCoreHandler	method
16	com/moonsworth/lunar/client/framework/feature/rewind/rewindhandlers/Rewindhandlers2_2.java	Rewindhandlers2_2	method,number
16	com/moonsworth/lunar/client/framework/feature/rewind/nameplate/mixin/fishing/Nameplate2Impl3.java	Nameplate2Impl3	field,flag,method
16	com/moonsworth/lunar/client/framework/feature/rewind/nameplate/Nameplate2Impl5.java	Nameplate2Impl5	field,method,value
16	com/moonsworth/lunar/client/framework/feature/rewind/gui/Gui2$Data.java	Gui2$Data	field,method,text
16	com/moonsworth/lunar/client/framework/feature/rewind/RewindImpl.java	RewindImpl	field,method
16	com/moonsworth/lunar/client/framework/feature/mod/holograms/ParentTImpl.java	ParentTImpl	field,method,value
16	com/moonsworth/lunar/client/framework/feature/mod/fishing/holograms/mixin/JsonDeserializerIterator.java	JsonDeserializerIterator	method,number,text
16	com/moonsworth/lunar/client/framework/feature/mod/fishing/highlight/Highlight3.java	Highlight3	field,method,value
16	com/moonsworth/lunar/client/framework/feature/mod/fishing/gui/mixin/GuiType3.java	GuiType3	text
16	com/moonsworth/lunar/client/framework/feature/mod/fishing/gui/Gui_3.java	Gui_3	field,method,text
16	com/moonsworth/lunar/client/framework/feature/mod/fishing/gui/GuiHandler7.java	GuiHandler7	field,method,text
16	com/moonsworth/lunar/client/framework/feature/mod/fishing/gui/Gui4_2.java	Gui4_2	field,method,text
16	com/moonsworth/lunar/client/framework/feature/mod/fishing/click/Click9.java	Click9	field,method,number,value
16	com/moonsworth/lunar/client/framework/feature/minimap/mixin/Minimap3.java	Minimap3	field,method,number
16	com/moonsworth/lunar/client/framework/feature/markers/SExtension_2.java	SExtension_2	method,value
16	com/moonsworth/lunar/client/framework/feature/markers/Markers6.java	Markers6	method,text
16	com/moonsworth/lunar/client/framework/feature/markers/Markers2_2.java	Markers2_2	field,method,number,text
16	com/moonsworth/lunar/client/framework/feature/debug/fpsdebugmod/mixin/Fpsdebugmod4.java	Fpsdebugmod4	field,method
16	com/moonsworth/lunar/client/framework/MixinCore5Handler2.java	MixinCore5Handler2	field,method,value
16	com/moonsworth/lunar/client/fps/Fps7Extension33.java	Fps7Extension33	method,number,value
16	com/moonsworth/lunar/client/fps/Fps7Extension3.java	Fps7Extension3	method,number,value
16	com/moonsworth/lunar/client/fov/Fov2_5.java	Fov2_5	flag,method
16	com/moonsworth/lunar/client/calculator/mixin/CalculatorHandler.java	CalculatorHandler	field,method,obj
16	com/moonsworth/lunar/bridge/ParameterConversionEmitter.java	ParameterConversionEmitter	field,method
16	com/moonsworth/lunar/bridge/Bridge4$Data.java	Bridge4$Data	field,method,number
16	com/moonsworth/lunar/bridge/Bridge2_11.java	Bridge2_11	method,number,value
15	net/minecraft/network/PingResponseHandler.java	PingResponseHandler	flag,var
15	net/minecraft/inventory/ContainerHorseInventory.java	ContainerHorseInventory	i,j,k
15	com/moonsworth/lunar/v1_7/mixin/EntityRendererMixin.java	EntityRendererMixin	method,number
15	com/moonsworth/lunar/replaymod/forge/ichor/Ichor2Handler2.java	Ichor2Handler2	arg,flag,method,number
15	com/moonsworth/lunar/network/mixin/MixinHelper8.java	MixinHelper8	method,text
15	com/moonsworth/lunar/legacy/wrapper/BridgeHandler.java	BridgeHandler	method,number,obj
15	com/moonsworth/lunar/legacy/mixin/ServerListMixin.java	ServerListMixin	method,number,text
15	com/moonsworth/lunar/legacy/mixin/LibraryLWJGLOpenALMixin.java	LibraryLWJGLOpenALMixin	method
15	com/moonsworth/lunar/legacy/mixin/GuiMainMenuLinkMixin.java	GuiMainMenuLinkMixin	flag,method,number,text
15	com/moonsworth/lunar/legacy/mixin/GuiControlsMixin.java	GuiControlsMixin	flag,method,number,value
15	com/moonsworth/lunar/legacy/mixin/EntityFishHookMixin.java	EntityFishHookMixin	arg,method
15	com/moonsworth/lunar/genesis/SerializableImpl.java	SerializableImpl	number,obj
15	com/moonsworth/lunar/genesis/MixinHelper6$Data21.java	MixinHelper6$Data21	field,obj,value
15	com/moonsworth/lunar/genesis/MixinHelper528$Data.java	MixinHelper528$Data	field,method,number
15	com/moonsworth/lunar/genesis/MixinHelper35$Type$3.java	MixinHelper35$Type$3	number,value
15	com/moonsworth/lunar/genesis/MixinHelper35$Type$2.java	MixinHelper35$Type$2	number,value
15	com/moonsworth/lunar/genesis/MixinHelper3023$Data3.java	MixinHelper3023$Data3	field,method,value
15	com/moonsworth/lunar/genesis/MixinHelper302$1.java	MixinHelper302$1	field,method,number
15	com/moonsworth/lunar/genesis/MixinHelper3$Data39.java	MixinHelper3$Data39	field,method,number
15	com/moonsworth/lunar/genesis/MixinHelper2_9.java	MixinHelper2_9	field,method,obj
15	com/moonsworth/lunar/genesis/MixinHelper292$Data8.java	MixinHelper292$Data8	field,method,obj
15	com/moonsworth/lunar/genesis/MixinHelper22$Data11.java	MixinHelper22$Data11	field,value
15	com/moonsworth/lunar/genesis/MixinHelper20$Data9.java	MixinHelper20$Data9	field,obj,value
15	com/moonsworth/lunar/genesis/MixinHelper2$Data18.java	MixinHelper2$Data18	method,number
15	com/moonsworth/lunar/genesis/MixinHelper17$Data3.java	MixinHelper17$Data3	field,obj,text,value
15	com/moonsworth/lunar/genesis/MixinHelper13423.java	MixinHelper13423	field,obj,value
15	com/moonsworth/lunar/genesis/MixinHelper13422.java	MixinHelper13422	field,obj,value
15	com/moonsworth/lunar/genesis/MixinHelper13.java	MixinHelper13	method,obj,value
15	com/moonsworth/lunar/genesis/MixinHelper13$Data7.java	MixinHelper13$Data7	number
15	com/moonsworth/lunar/genesis/Comparator3.java	Comparator3	field,number,obj
15	com/moonsworth/lunar/genesis/Comparator11.java	Comparator11	field,method
15	com/moonsworth/lunar/genesis/CIterator4$Data3.java	CIterator4$Data3	field,value
15	com/moonsworth/lunar/genesis/AbstractMapImpl.java	AbstractMapImpl	field,method,value
15	com/moonsworth/lunar/forge/lib/guava/collect/Count.java	Count	number,obj
15	com/moonsworth/lunar/forge/lib/guava/base/FinalizableReferenceQueue.java	FinalizableReferenceQueue	flag,text
15	com/moonsworth/lunar/forge/lib/MixinMisc3Loader93.java	MixinMisc3Loader93	field,method,number
15	com/moonsworth/lunar/forge/lib/MixinMisc2.java	MixinMisc2	field,flag,method
15	com/moonsworth/lunar/forge/lib/MixinLegacy11Impl.java	MixinLegacy11Impl	method,number,obj,text
15	com/moonsworth/lunar/forge/lib/MixinHelper3532.java	MixinHelper3532	field,method,number
15	com/moonsworth/lunar/forge/lib/MixinAltIterator.java	MixinAltIterator	field,obj
15	com/moonsworth/lunar/forge/lib/InputStreamLoader_6.java	InputStreamLoader_6	field,method,number
15	com/moonsworth/lunar/forge/lib/InputStreamLoader22.java	InputStreamLoader22	field,method,number
15	com/moonsworth/lunar/forge/lib/InputStreamBase2_2.java	InputStreamBase2_2	field,number,text
15	com/moonsworth/lunar/forge/lib/IOException3.java	IOException3	field,method,number
15	com/moonsworth/lunar/forge/Ichor2Handler_2.java	Ichor2Handler_2	field,method,text
15	com/moonsworth/lunar/client/util/lotusfish/mixin/Lotusfish.java	Lotusfish	field,method,number
15	com/moonsworth/lunar/client/util/alert/Alert3.java	Alert3	flag,method
15	com/moonsworth/lunar/client/util/Util2.java	Util2	field,flag,method,number
15	com/moonsworth/lunar/client/util/ThreadModuleDump60.java	ThreadModuleDump60	method,value
15	com/moonsworth/lunar/client/mod/player/SkyblockHideMidasBlocks.java	SkyblockHideMidasBlocks	field,method
15	com/moonsworth/lunar/client/mod/player/SkyblockHideMagicSoupMessages.java	SkyblockHideMagicSoupMessages	field,method
15	com/moonsworth/lunar/client/mod/misc/SkyblockDebugChime.java	SkyblockDebugChime	field,method
15	com/moonsworth/lunar/client/markers/rewindhandlers/MarkersImpl.java	MarkersImpl	field,method
15	com/moonsworth/lunar/client/markers/mixin/nameplate/MarkersImpl.java	MarkersImpl	field,flag,method,text
15	com/moonsworth/lunar/client/inactive/mixin/gui/mixin/Gui3.java	Gui3	arg,field,method
15	com/moonsworth/lunar/client/highlight/mixin/fishing/HighlightImpl5.java	HighlightImpl5	field,method,number
15	com/moonsworth/lunar/client/highlight/EventKeyInput.java	EventKeyInput	field,method,number
15	com/moonsworth/lunar/client/guiRewindhandlers/GuiRewindhandlersHandler24.java	GuiRewindhandlersHandler24	field,method
15	com/moonsworth/lunar/client/glintcolorizer/holograms/Glintcolorizer2Base3.java	Glintcolorizer2Base3	field,method,value
15	com/moonsworth/lunar/client/glintcolorizer/Glintcolorizer_5.java	Glintcolorizer_5	field,method,value
15	com/moonsworth/lunar/client/framework/feature/rewind/rewindhandlersNameplate/Nameplate.java	Nameplate	field,method,number
15	com/moonsworth/lunar/client/framework/feature/rewind/nameplate/Nameplate2Impl.java	Nameplate2Impl	field,flag,method
15	com/moonsworth/lunar/client/framework/feature/rewind/gui/GuiType.java	GuiType	arg,number
15	com/moonsworth/lunar/client/framework/feature/nickhider/Nickhider3.java	Nickhider3	field,method
15	com/moonsworth/lunar/client/framework/feature/mod/rewindhandlers/HighlightImpl.java	HighlightImpl	field,method,text
15	com/moonsworth/lunar/client/framework/feature/mod/fishing/gui/JsonDeserializerIterator_2.java	JsonDeserializerIterator_2	method,text
15	com/moonsworth/lunar/client/framework/feature/keystrokes/Keystrokes2Handler2.java	Keystrokes2Handler2	field,method,value
15	com/moonsworth/lunar/client/framework/feature/keystrokes/Keystrokes19.java	Keystrokes19	method,number,value
15	com/moonsworth/lunar/client/framework/feature/f3display/F3display_2.java	F3display_2	field,method
15	com/moonsworth/lunar/client/framework/MixinCore7.java	MixinCore7	method,value
15	com/moonsworth/lunar/client/framework/Framework10Extension.java	Framework10Extension	flag,method
15	com/moonsworth/lunar/client/fov/Fov3$Data4.java	Fov3$Data4	field,text
15	com/moonsworth/lunar/client/fog/FogHandler2.java	FogHandler2	arg,field,method
15	com/moonsworth/lunar/client/fishing/Nameplate.java	Nameplate	field,method,obj
15	com/moonsworth/lunar/bridge/horsestats/Horsestats18.java	Horsestats18	field,method,obj,text
14	net/minecraft/world/storage/MapData.java	MapData	i,j,k
14	net/minecraft/world/Explosion.java	Explosion	i,j,k
14	net/minecraft/client/multiplayer/WorldClient.java	WorldClient	i,j,k
14	com/moonsworth/webosr/wrappers/PromiseJS.java	PromiseJS	number,text,value
14	com/moonsworth/webosr/javascript/FunctionBus$MethodInstancePair.java	FunctionBus$MethodInstancePair	flag,number,obj
14	com/moonsworth/lunar/network/mixin/RequestBodyImpl.java	RequestBodyImpl	field,method,number
14	com/moonsworth/lunar/legacy/wrapper/RendererLivingEntityImpl.java	RendererLivingEntityImpl	method,value
14	com/moonsworth/lunar/legacy/wrapper/Bridge7Handler.java	Bridge7Handler	method,number
14	com/moonsworth/lunar/legacy/mixin/KeyBindingMixin.java	KeyBindingMixin	field,flag,method,number,text
14	com/moonsworth/lunar/icon/Icon.java	Icon	field,method,value
14	com/moonsworth/lunar/ichor/util/ClassVisitorImpl.java	ClassVisitorImpl	number,text
14	com/moonsworth/lunar/genesis/NumberBase$Data2.java	NumberBase$Data2	field,method,number
14	com/moonsworth/lunar/genesis/NumberBase$Data.java	NumberBase$Data	field,method,number
14	com/moonsworth/lunar/genesis/MixinHelper_11.java	MixinHelper_11	method,number,text
14	com/moonsworth/lunar/genesis/MixinHelper31633.java	MixinHelper31633	obj,value
14	com/moonsworth/lunar/genesis/MixinHelper31243.java	MixinHelper31243	field,method,value
14	com/moonsworth/lunar/genesis/MixinHelper2_14.java	MixinHelper2_14	field
14	com/moonsworth/lunar/genesis/MixinHelper262$Data.java	MixinHelper262$Data	field,flag,method
14	com/moonsworth/lunar/genesis/MixinHelper22$Data9.java	MixinHelper22$Data9	arg,field,number
14	com/moonsworth/lunar/genesis/MixinHelper20$Data4.java	MixinHelper20$Data4	field,obj,value
14	com/moonsworth/lunar/genesis/MixinHelper20$Data2.java	MixinHelper20$Data2	field,obj,value
14	com/moonsworth/lunar/genesis/MixinHelper10$Data6.java	MixinHelper10$Data6	field,number,obj
14	com/moonsworth/lunar/genesis/MixinHelper$Data35.java	MixinHelper$Data35	field,obj
14	com/moonsworth/lunar/genesis/MixinHelper$Data32.java	MixinHelper$Data32	field,method,obj,value
14	com/moonsworth/lunar/genesis/DataOutputExtension.java	DataOutputExtension	flag,number,text,value
14	com/moonsworth/lunar/genesis/AbstractMapLoader$Data44.java	AbstractMapLoader$Data44	field,method,number,value
14	com/moonsworth/lunar/forge/lib/guava/util/concurrent/Callables.java	Callables	flag,text,value
14	com/moonsworth/lunar/forge/lib/guava/reflect/Invokable.java	Invokable	method,obj,value
14	com/moonsworth/lunar/forge/lib/guava/io/ByteArrayDataOutput.java	ByteArrayDataOutput	flag,number,text,value
14	com/moonsworth/lunar/forge/lib/guava/eventbus/Dispatcher.java	Dispatcher	obj
14	com/moonsworth/lunar/forge/lib/guava/collect/RegularImmutableSet.java	RegularImmutableSet	number,obj
14	com/moonsworth/lunar/forge/lib/guava/collect/JdkBackedImmutableMultiset.java	JdkBackedImmutableMultiset	number,obj
14	com/moonsworth/lunar/forge/lib/guava/collect/Interners.java	Interners	number,obj,value
14	com/moonsworth/lunar/forge/lib/guava/collect/ImmutableMapEntry.java	ImmutableMapEntry	value
14	com/moonsworth/lunar/forge/lib/guava/collect/ForwardingDeque.java	ForwardingDeque	obj,value
14	com/moonsworth/lunar/forge/lib/guava/collect/AbstractSetMultimap.java	AbstractSetMultimap	obj,value
14	com/moonsworth/lunar/forge/lib/guava/collect/AbstractListMultimap.java	AbstractListMultimap	obj,value
14	com/moonsworth/lunar/forge/lib/guava/cache/CacheLoader.java	CacheLoader	obj,text,value
14	com/moonsworth/lunar/forge/lib/guava/base/Stopwatch.java	Stopwatch	number,value
14	com/moonsworth/lunar/forge/lib/SeekableByteChannelLoader2$Data.java	SeekableByteChannelLoader2$Data	field,method,number,text
14	com/moonsworth/lunar/forge/lib/MixinMisc15.java	MixinMisc15	field,method,number
14	com/moonsworth/lunar/forge/lib/MixinHelper693.java	MixinHelper693	field,method,number,text
14	com/moonsworth/lunar/forge/lib/MixinHelper62342.java	MixinHelper62342	method,number,text
14	com/moonsworth/lunar/forge/lib/MixinHelper332.java	MixinHelper332	field,method,number
14	com/moonsworth/lunar/forge/lib/MixinCoreUpdater2.java	MixinCoreUpdater2	field,method,number
14	com/moonsworth/lunar/forge/lib/MixinAlt5.java	MixinAlt5	method,text
14	com/moonsworth/lunar/forge/lib/CloneableBase3.java	CloneableBase3	field,method,number
14	com/moonsworth/lunar/files/Files5$Extension.java	Files5$Extension	method,text
14	com/moonsworth/lunar/files/BinaryMappingsWriter.java	BinaryMappingsWriter	arg,method,obj
14	com/moonsworth/lunar/client/util/ThreadModuleDump89.java	ThreadModuleDump89	method,number,text
14	com/moonsworth/lunar/client/util/ThreadModuleDump84.java	ThreadModuleDump84	field,method,value
14	com/moonsworth/lunar/client/util/KImpl.java	KImpl	method,value
14	com/moonsworth/lunar/client/mod/player/SkyblockHideFallingBlocks.java	SkyblockHideFallingBlocks	field,method
14	com/moonsworth/lunar/client/mod/misc/SkyblockMuteBeeheemothSounds.java	SkyblockMuteBeeheemothSounds	field,method
14	com/moonsworth/lunar/client/mod/misc/GraphDebugMod.java	GraphDebugMod	field,method
14	com/moonsworth/lunar/client/mixin/EntityRenderer.java	EntityRenderer	field,method,text
14	com/moonsworth/lunar/client/markers/mixin/gui/mixin/GuiExtension5.java	GuiExtension5	field,method
14	com/moonsworth/lunar/client/markers/MarkersType_2.java	MarkersType_2	method,text
14	com/moonsworth/lunar/client/lightoverlay/Lightoverlay2.java	Lightoverlay2	method,obj,value
14	com/moonsworth/lunar/client/lightoverlay/Lightoverlay.java	Lightoverlay	method,number
14	com/moonsworth/lunar/client/killsounds/Killsounds15Iterator4.java	Killsounds15Iterator4	method,obj,text
14	com/moonsworth/lunar/client/highlight/mixin/highlight/EventRenderPlayer.java	EventRenderPlayer	field,flag,method
14	com/moonsworth/lunar/client/highlight/mixin/highlight/EventRenderItemRotation.java	EventRenderItemRotation	field,method,value
14	com/moonsworth/lunar/client/highlight/mixin/highlight/EventRenderDroppedItem.java	EventRenderDroppedItem	field,method,value
14	com/moonsworth/lunar/client/highlight/fishing/HighlightImpl5.java	HighlightImpl5	field,method,value
14	com/moonsworth/lunar/client/highlight/fishing/HighlightImpl15_2.java	HighlightImpl15_2	field,method,value
14	com/moonsworth/lunar/client/glintcolorizer/GlintcolorizerImpl2.java	GlintcolorizerImpl2	field,method
14	com/moonsworth/lunar/client/framework/nameplate/Nameplate2.java	Nameplate2	field,flag,text
14	com/moonsworth/lunar/client/framework/feature/rewind/rewindhandlers/coordinates/Coordinates4.java	Coordinates4	field,method,number
14	com/moonsworth/lunar/client/framework/feature/rewind/nameplate/mixin/gui/Nameplate2Impl6.java	Nameplate2Impl6	field,method,number
14	com/moonsworth/lunar/client/framework/feature/rewind/nameplate/mixin/gui/Nameplate2Impl2.java	Nameplate2Impl2	method
14	com/moonsworth/lunar/client/framework/feature/rewind/nameplate/mixin/fishing/Nameplate2Impl2.java	Nameplate2Impl2	field,flag,method
14	com/moonsworth/lunar/client/framework/feature/rewind/nameplate/mixin/Nameplate2Impl.java	Nameplate2Impl	field,method,text
14	com/moonsworth/lunar/client/framework/feature/rewind/nameplate/Nameplate3Iterator2.java	Nameplate3Iterator2	method,text
14	com/moonsworth/lunar/client/framework/feature/rewind/gui/Gui6.java	Gui6	flag,method,value
14	com/moonsworth/lunar/client/framework/feature/rewind/gui/Gui2.java	Gui2	method,value
14	com/moonsworth/lunar/client/framework/feature/rewind/Fishing2Loader3.java	Fishing2Loader3	method,value
14	com/moonsworth/lunar/client/framework/feature/pkg/mixin/PkgType.java	PkgType	number,value
14	com/moonsworth/lunar/client/framework/feature/pkg/Pkg5.java	Pkg5	flag,method
14	com/moonsworth/lunar/client/framework/feature/mod/impl/burrow/mixin/BurrowType3.java	BurrowType3	flag,text,value
14	com/moonsworth/lunar/client/framework/feature/mod/holograms/rewindhandlers/GuiRewindhandlersHandler2.java	GuiRewindhandlersHandler2	arg,field,method
14	com/moonsworth/lunar/client/framework/feature/mod/fishing/holograms/Holograms_6.java	Holograms_6	method
14	com/moonsworth/lunar/client/framework/feature/mod/fishing/holograms/HologramsType9.java	HologramsType9	flag,number,text
14	com/moonsworth/lunar/client/framework/feature/mod/fishing/highlight/Highlight2.java	Highlight2	field,method,number,value
14	com/moonsworth/lunar/client/framework/feature/f3display/mixin/F3displayImpl5.java	F3displayImpl5	method,number
14	com/moonsworth/lunar/client/Highlight3Iterator6.java	Highlight3Iterator6	field,method,text
14	com/moonsworth/lunar/client/Highlight3Iterator30.java	Highlight3Iterator30	arg,method
14	com/moonsworth/lunar/bridge/horsestats/mixin/HorsestatsHandler.java	HorsestatsHandler	field,method,number,text
14	com/moonsworth/lunar/bridge/MethodParameter.java	MethodParameter	field,method,number
14	com/moonsworth/lunar/bridge/BridgeType2_6.java	BridgeType2_6	flag,number,obj
14	com/moonsworth/lunar/bridge/Bridge4_18.java	Bridge4_18	field
13	net/minecraft/network/NetHandlerPlayServer.java	NetHandlerPlayServer	flag
13	net/minecraft/item/ItemFireworkCharge.java	ItemFireworkCharge	flag
13	net/minecraft/block/BlockChest.java	BlockChest	flag
13	com/moonsworth/lunar/network/mixin/MixinHelper3.java	MixinHelper3	flag,method,number,value
13	com/moonsworth/lunar/legacy/wrapper/util/OpenALNative.java	OpenALNative	method,number,text
13	com/moonsworth/lunar/legacy/mixin/TextureMapMixin3.java	TextureMapMixin3	method,number
13	com/moonsworth/lunar/legacy/mixin/GL14Mixin.java	GL14Mixin	field,number
13	com/moonsworth/lunar/ichor/api/IchorAPI.java	IchorAPI	method,obj,text
13	com/moonsworth/lunar/ichor/MixinExtra2.java	MixinExtra2	field,method,text
13	com/moonsworth/lunar/genesis/SerializableBase3.java	SerializableBase3	field,method,obj,value
13	com/moonsworth/lunar/genesis/MixinHelper622.java	MixinHelper622	method,obj,value
13	com/moonsworth/lunar/genesis/MixinHelper6$Data24.java	MixinHelper6$Data24	field,obj,value
13	com/moonsworth/lunar/genesis/MixinHelper315.java	MixinHelper315	obj,value
13	com/moonsworth/lunar/genesis/MixinHelper3$Data37.java	MixinHelper3$Data37	field,method,obj
13	com/moonsworth/lunar/genesis/MixinHelper27$Data16.java	MixinHelper27$Data16	field,number,obj
13	com/moonsworth/lunar/genesis/MixinHelper25$Data7.java	MixinHelper25$Data7	field,obj,value
13	com/moonsworth/lunar/genesis/MixinHelper25$Data10.java	MixinHelper25$Data10	field,number
13	com/moonsworth/lunar/genesis/MixinHelper20$Data8.java	MixinHelper20$Data8	field,obj
13	com/moonsworth/lunar/genesis/MixinHelper20$Data11.java	MixinHelper20$Data11	field,obj,value
13	com/moonsworth/lunar/genesis/MixinHelper20$Data10.java	MixinHelper20$Data10	field,obj,value
13	com/moonsworth/lunar/genesis/MixinHelper16$Data4.java	MixinHelper16$Data4	field,method
13	com/moonsworth/lunar/genesis/MixinHelper1346$Data2.java	MixinHelper1346$Data2	field,number,value
13	com/moonsworth/lunar/genesis/MixinHelper12$Data3.java	MixinHelper12$Data3	field,method
13	com/moonsworth/lunar/genesis/MixinHelper1122_2.java	MixinHelper1122_2	method,number,value
13	com/moonsworth/lunar/genesis/ComparableExtension.java	ComparableExtension	method,obj,value
13	com/moonsworth/lunar/genesis/AbstractMapLoader2$Data.java	AbstractMapLoader2$Data	field,method,number,obj
13	com/moonsworth/lunar/genesis/AbstractCollectionBase33.java	AbstractCollectionBase33	field,method,number
13	com/moonsworth/lunar/genesis/AbstractCollectionBase32.java	AbstractCollectionBase32	field,method,number
13	com/moonsworth/lunar/forge/lib/guava/util/concurrent/SequentialExecutor.java	SequentialExecutor	flag,number
13	com/moonsworth/lunar/forge/lib/guava/graph/ImmutableGraph.java	ImmutableGraph	obj,value
13	com/moonsworth/lunar/forge/lib/guava/escape/Escapers.java	Escapers	number,text
13	com/moonsworth/lunar/forge/lib/guava/collect/Multimap.java	Multimap	obj,value
13	com/moonsworth/lunar/forge/lib/guava/collect/JdkBackedImmutableBiMap.java	JdkBackedImmutableBiMap	number,obj
13	com/moonsworth/lunar/forge/lib/guava/collect/ForwardingMapEntry.java	ForwardingMapEntry	obj,value
13	com/moonsworth/lunar/forge/lib/guava/collect/ExplicitOrdering.java	ExplicitOrdering	number,obj,value
13	com/moonsworth/lunar/forge/lib/guava/collect/EmptyContiguousSet.java	EmptyContiguousSet	flag,obj,value
13	com/moonsworth/lunar/forge/lib/guava/base/internal/Finalizer.java	Finalizer	field,flag,method,number,text
13	com/moonsworth/lunar/forge/lib/OutputStreamSerializer2$Data.java	OutputStreamSerializer2$Data	field,number
13	com/moonsworth/lunar/forge/lib/OutputStreamBase6.java	OutputStreamBase6	field,number
13	com/moonsworth/lunar/forge/lib/MixinMiscHandler2.java	MixinMiscHandler2	field,method,number
13	com/moonsworth/lunar/forge/lib/MixinMisc6_2.java	MixinMisc6_2	field,method
13	com/moonsworth/lunar/forge/lib/MixinMisc3Loader92.java	MixinMisc3Loader92	field,method,number
13	com/moonsworth/lunar/forge/lib/MixinHelper6294.java	MixinHelper6294	flag,method,number,text
13	com/moonsworth/lunar/forge/lib/MixinHelper6293.java	MixinHelper6293	flag,method,number,text
13	com/moonsworth/lunar/forge/lib/MixinHelper6.java	MixinHelper6	field,method,obj,text,value
13	com/moonsworth/lunar/forge/lib/MixinHelper256.java	MixinHelper256	field,number,obj
13	com/moonsworth/lunar/forge/lib/MixinHelper253.java	MixinHelper253	field,method,number,obj
13	com/moonsworth/lunar/forge/lib/InputStreamBase$Data.java	InputStreamBase$Data	field
13	com/moonsworth/lunar/forge/lib/FilterInputStreamLoader.java	FilterInputStreamLoader	method,number
13	com/moonsworth/lunar/forge/MixinCore.java	MixinCore	field,method,text
13	com/moonsworth/lunar/files/Files6_2.java	Files6_2	field,method,value
13	com/moonsworth/lunar/client/util/click/Click2.java	Click2	field,method,number
13	com/moonsworth/lunar/client/mod/render/ServerCustomNameplate.java	ServerCustomNameplate	field,flag,method
13	com/moonsworth/lunar/client/mod/misc/TickDebug.java	TickDebug	arg,field,method
13	com/moonsworth/lunar/client/mod/hud/Fps.java	Fps	arg,field,method
13	com/moonsworth/lunar/client/mixin/EntityFXMixin2.java	EntityFXMixin2	method,value
13	com/moonsworth/lunar/client/mixin/EntityFXMixin.java	EntityFXMixin	method,value
13	com/moonsworth/lunar/client/lighting/nameplate/Nameplate4.java	Nameplate4	flag,method
13	com/moonsworth/lunar/client/lighting/nameplate/Nameplate2Task.java	Nameplate2Task	field,method
13	com/moonsworth/lunar/client/lighting/mixin/LightingExtension44.java	LightingExtension44	field,method
13	com/moonsworth/lunar/client/killsounds/Killsounds_2.java	Killsounds_2	method,obj,text
13	com/moonsworth/lunar/client/killsounds/Killsounds15Impl9.java	Killsounds15Impl9	field,method,obj,text
13	com/moonsworth/lunar/client/inventorymod/Inventorymod.java	Inventorymod	flag,method,text
13	com/moonsworth/lunar/client/inactive/mixin/gui/mixin/Gui2Impl.java	Gui2Impl	arg,field,method
13	com/moonsworth/lunar/client/highlight/fishing/HighlightImpl142.java	HighlightImpl142	field,method
13	com/moonsworth/lunar/client/highlight/fishing/HighlightBase2.java	HighlightBase2	field,method,value
13	com/moonsworth/lunar/client/highlight/EventRenderScreenItem.java	EventRenderScreenItem	field,method
13	com/moonsworth/lunar/client/highlight/EventRenderItemDurability.java	EventRenderItemDurability	field,method,value
13	com/moonsworth/lunar/client/framework/feature/worldeditcui/Worldeditcui2Base.java	Worldeditcui2Base	field,method,number
13	com/moonsworth/lunar/client/framework/feature/worldeditcui/Worldeditcui2.java	Worldeditcui2	method,number,value
13	com/moonsworth/lunar/client/framework/feature/rewind/rewindhandlersNameplateCore/mixin/RewindhandlersNameplateCoreIterator.java	RewindhandlersNameplateCoreIterator	field,method
13	com/moonsworth/lunar/client/framework/feature/rewind/rewindhandlersNameplateCore/mixin/RewindhandlersNameplateCoreImpl2.java	RewindhandlersNameplateCoreImpl2	field,method
13	com/moonsworth/lunar/client/framework/feature/rewind/rewindhandlersNameplateCore/RewindhandlersNameplateCoreIterator3.java	RewindhandlersNameplateCoreIterator3	method
13	com/moonsworth/lunar/client/framework/feature/rewind/nameplate/mixin/holograms/Nameplate2Impl15.java	Nameplate2Impl15	field,method,number
13	com/moonsworth/lunar/client/framework/feature/rewind/nameplate/mixin/holograms/Nameplate2Impl10.java	Nameplate2Impl10	method,number
13	com/moonsworth/lunar/client/framework/feature/rewind/nameplate/Nameplate2Impl4.java	Nameplate2Impl4	field,method
13	com/moonsworth/lunar/client/framework/feature/pkg/Pkg_2.java	Pkg_2	field,method,value
13	com/moonsworth/lunar/client/framework/feature/mod/fishing/holograms/Holograms_5.java	Holograms_5	field,method
13	com/moonsworth/lunar/client/framework/feature/mod/fishing/gui/GuiHandler8.java	GuiHandler8	field,method,text
13	com/moonsworth/lunar/client/framework/feature/mod/fishing/gui/GuiHandler6.java	GuiHandler6	field,method,text
13	com/moonsworth/lunar/client/framework/feature/mod/fishing/Fishing_4.java	Fishing_4	field,method
13	com/moonsworth/lunar/client/framework/feature/mod/fishing/Fishing3Impl10.java	Fishing3Impl10	method,text
13	com/moonsworth/lunar/client/framework/feature/minimap/MinimapImpl3.java	MinimapImpl3	method,value
13	com/moonsworth/lunar/client/framework/feature/debug/fpsdebugmod/profilerdebugmod/Profilerdebugmod3.java	Profilerdebugmod3	field,method,text
13	com/moonsworth/lunar/client/framework/feature/debug/fpsdebugmod/mixin/Fpsdebugmod4Impl3.java	Fpsdebugmod4Impl3	field,method,text
13	com/moonsworth/lunar/client/framework/feature/attackindicator/mixin/Attackindicator2.java	Attackindicator2	field,method
13	com/moonsworth/lunar/bridge/Bridge7_8.java	Bridge7_8	method,number,value
13	com/moonsworth/lunar/bridge/Bridge5_10.java	Bridge5_10	method,number,value
13	com/moonsworth/lunar/bridge/Bridge3_27.java	Bridge3_27	method,number,obj
12	net/minecraft/entity/ai/EntityAIControlledByPlayer.java	EntityAIControlledByPlayer	i,j,k
12	net/minecraft/client/renderer/chunk/VisGraph.java	VisGraph	i,j
12	net/minecraft/client/model/ModelHorse.java	ModelHorse	flag
12	net/minecraft/client/gui/GuiWinGame.java	GuiWinGame	i,j,k
12	net/minecraft/client/gui/GuiSimpleScrolledSelectionListProxy.java	GuiSimpleScrolledSelectionListProxy	i,j,k
12	net/minecraft/block/BlockWall.java	BlockWall	flag
12	net/minecraft/block/BlockPortal.java	BlockPortal	flag
12	net/minecraft/block/BlockDispenser.java	BlockDispenser	flag
12	com/moonsworth/lunar/v1_8/mixin/RenderEntityItemMixin.java	RenderEntityItemMixin	flag,method,value
12	com/moonsworth/lunar/replaymod/mixin/SettingsRegistryV1_8Mixin.java	SettingsRegistryV1_8Mixin	method,obj,value
12	com/moonsworth/lunar/replaymod/mixin/SettingsRegistryMixin.java	SettingsRegistryMixin	method,obj,value
12	com/moonsworth/lunar/legacy/wrapper/Wrapper$Data3.java	Wrapper$Data3	field,method,number
12	com/moonsworth/lunar/legacy/mixin/GuiOverlayDebugMixin.java	GuiOverlayDebugMixin	field,method
12	com/moonsworth/lunar/legacy/mixin/GuiChatMixin.java	GuiChatMixin	method,text
12	com/moonsworth/lunar/legacy/mixin/GuiButtonOverlayMixin.java	GuiButtonOverlayMixin	method,number,value
12	com/moonsworth/lunar/legacy/mixin/EntityCreeperMixin.java	EntityCreeperMixin	flag,number
12	com/moonsworth/lunar/legacy/mixin/ChunkRenderDispatcherMixin.java	ChunkRenderDispatcherMixin	arg,flag,method,number
12	com/moonsworth/lunar/legacy/mixin/BlockPaneMixin.java	BlockPaneMixin	method
12	com/moonsworth/lunar/legacy/mixin/BlockGlassMixin.java	BlockGlassMixin	method
12	com/moonsworth/lunar/ichor/util/FatalIchorError11.java	FatalIchorError11	field,method,text
12	com/moonsworth/lunar/ichor/mixin/MixinHelper33.java	MixinHelper33	field,method,obj
12	com/moonsworth/lunar/ichor/mixin/MixinHelper2.java	MixinHelper2	field,method
12	com/moonsworth/lunar/ichor/FieldTypeProvider.java	FieldTypeProvider	field,method,text
12	com/moonsworth/lunar/genesis/SerializableLoader$Data5.java	SerializableLoader$Data5	field,method
12	com/moonsworth/lunar/genesis/MixinHelperIterator342.java	MixinHelperIterator342	field,number
12	com/moonsworth/lunar/genesis/MixinHelper9$Data21.java	MixinHelper9$Data21	method,number,obj
12	com/moonsworth/lunar/genesis/MixinHelper62.java	MixinHelper62	method,value
12	com/moonsworth/lunar/genesis/MixinHelper6$Type3.java	MixinHelper6$Type3	flag,number,text
12	com/moonsworth/lunar/genesis/MixinHelper6$Data25.java	MixinHelper6$Data25	field,obj
12	com/moonsworth/lunar/genesis/MixinHelper6$1_2.java	MixinHelper6$1_2	field,method,obj
12	com/moonsworth/lunar/genesis/MixinHelper5$Data26.java	MixinHelper5$Data26	field,method,obj
12	com/moonsworth/lunar/genesis/MixinHelper4$Data21.java	MixinHelper4$Data21	field,method,text
12	com/moonsworth/lunar/genesis/MixinHelper322.java	MixinHelper322	field,value
12	com/moonsworth/lunar/genesis/MixinHelper313.java	MixinHelper313	method,value
12	com/moonsworth/lunar/genesis/MixinHelper292$Data2.java	MixinHelper292$Data2	field,flag
12	com/moonsworth/lunar/genesis/MixinHelper262$Data4.java	MixinHelper262$Data4	field,flag,method
12	com/moonsworth/lunar/genesis/MixinHelper222$Data2.java	MixinHelper222$Data2	field,number,text
12	com/moonsworth/lunar/genesis/MixinHelper19$Data14.java	MixinHelper19$Data14	field,method,value
12	com/moonsworth/lunar/genesis/MixinHelper16$1.java	MixinHelper16$1	field,method,obj,text
12	com/moonsworth/lunar/genesis/MixinHelper13452$Data.java	MixinHelper13452$Data	field,method,obj
12	com/moonsworth/lunar/genesis/FilterInputStreamLoader2.java	FilterInputStreamLoader2	number
12	com/moonsworth/lunar/genesis/AbstractSetBase.java	AbstractSetBase	field,method,obj
12	com/moonsworth/lunar/forge/lib/mixin/CloseableExtension52.java	CloseableExtension52	field,number
12	com/moonsworth/lunar/forge/lib/guava/util/concurrent/WrappingScheduledExecutorService.java	WrappingScheduledExecutorService	number
12	com/moonsworth/lunar/forge/lib/guava/io/CountingInputStream.java	CountingInputStream	number
12	com/moonsworth/lunar/forge/lib/guava/io/CharSink.java	CharSink	number,text
12	com/moonsworth/lunar/forge/lib/guava/hash/MacHashFunction.java	MacHashFunction	number,text
12	com/moonsworth/lunar/forge/lib/guava/hash/Hasher.java	Hasher	flag,number,text,value
12	com/moonsworth/lunar/forge/lib/guava/graph/StandardMutableGraph.java	StandardMutableGraph	value
12	com/moonsworth/lunar/forge/lib/guava/escape/CharEscaperBuilder.java	CharEscaperBuilder	number,text
12	com/moonsworth/lunar/forge/lib/guava/collect/StandardRowSortedTable.java	StandardRowSortedTable	value
12	com/moonsworth/lunar/forge/lib/guava/collect/SingletonImmutableSet.java	SingletonImmutableSet	number,obj,value
12	com/moonsworth/lunar/forge/lib/guava/collect/NullsLastOrdering.java	NullsLastOrdering	obj,value
12	com/moonsworth/lunar/forge/lib/guava/collect/NullsFirstOrdering.java	NullsFirstOrdering	obj,value
12	com/moonsworth/lunar/forge/lib/guava/collect/ForwardingSortedMultiset.java	ForwardingSortedMultiset	value
12	com/moonsworth/lunar/forge/lib/OutputStreamBase_3.java	OutputStreamBase_3	field,number
12	com/moonsworth/lunar/forge/lib/MixinHelper_4.java	MixinHelper_4	field,method,text
12	com/moonsworth/lunar/forge/lib/MixinHelper66.java	MixinHelper66	method,number,text
12	com/moonsworth/lunar/forge/lib/MixinHelper6$Data32.java	MixinHelper6$Data32	field
12	com/moonsworth/lunar/forge/lib/MixinHelper255.java	MixinHelper255	field,method,obj
12	com/moonsworth/lunar/forge/lib/MixinCoreHandler$Data.java	MixinCoreHandler$Data	field
12	com/moonsworth/lunar/forge/lib/CloseableLoader$Data5.java	CloseableLoader$Data5	field,method,number
12	com/moonsworth/lunar/files/Files4Base3.java	Files4Base3	field,method
12	com/moonsworth/lunar/files/Files4$Data.java	Files4$Data	field,method
12	com/moonsworth/lunar/client/util/chest/SBase2.java	SBase2	field,method
12	com/moonsworth/lunar/client/util/ThreadModuleDump90.java	ThreadModuleDump90	field,method,number,value
12	com/moonsworth/lunar/client/util/ThreadModuleDump77.java	ThreadModuleDump77	arg,method,value
12	com/moonsworth/lunar/client/util/EarlyOptions.java	EarlyOptions	field,method
12	com/moonsworth/lunar/client/mod/player/SkyblockHideFood.java	SkyblockHideFood	field,method
12	com/moonsworth/lunar/client/mod/player/SkyblockHideArmor.java	SkyblockHideArmor	field,method
12	com/moonsworth/lunar/client/markers/mixin/gui/mixin/Gui6.java	Gui6	method
12	com/moonsworth/lunar/client/markers/mixin/gui/GuiExtension.java	GuiExtension	field,method,text
12	com/moonsworth/lunar/client/markers/gui/GuiExtension_2.java	GuiExtension_2	field,method,text
12	com/moonsworth/lunar/client/markers/gui/GuiExtension3.java	GuiExtension3	field,method,text
12	com/moonsworth/lunar/client/lightoverlay/Lightoverlay2Extension.java	Lightoverlay2Extension	arg,method,value
12	com/moonsworth/lunar/client/lighting/nameplate/GuiExtension.java	GuiExtension	method,text
12	com/moonsworth/lunar/client/killsounds/Killsounds6.java	Killsounds6	method,number,obj,text
12	com/moonsworth/lunar/client/killsounds/Killsounds3.java	Killsounds3	arg,method,obj
12	com/moonsworth/lunar/client/inactive/mixin/gui/Gui3.java	Gui3	field,method
12	com/moonsworth/lunar/client/inactive/mixin/gui/AnimationEventImpl.java	AnimationEventImpl	field,flag,method,value
12	com/moonsworth/lunar/client/inactive/mixin/fishing/FishingHandler62.java	FishingHandler62	field,method
12	com/moonsworth/lunar/client/hitbox/Hitbox2Handler4.java	Hitbox2Handler4	field,method,value
12	com/moonsworth/lunar/client/highlight/mixin/rewindhandlers/HighlightImpl5.java	HighlightImpl5	field,method,number
12	com/moonsworth/lunar/client/highlight/mixin/highlight/EventPostProcess.java	EventPostProcess	field,method
12	com/moonsworth/lunar/client/highlight/mixin/fishing/HighlightImpl9.java	HighlightImpl9	field,method
12	com/moonsworth/lunar/client/highlight/mixin/fishing/HighlightBase.java	HighlightBase	field,method
12	com/moonsworth/lunar/client/highlight/fishing/HighlightImpl7.java	HighlightImpl7	field,method
12	com/moonsworth/lunar/client/highlight/fishing/HighlightImpl13$Data4.java	HighlightImpl13$Data4	field,method,value
12	com/moonsworth/lunar/client/highlight/fishing/HighlightImpl13$Data.java	HighlightImpl13$Data	field,method,value
12	com/moonsworth/lunar/client/highlight/fishing/HighlightBase.java	HighlightBase	field,method
12	com/moonsworth/lunar/client/highlight/EventScreenOpen.java	EventScreenOpen	field,method
12	com/moonsworth/lunar/client/highlight/EventBusAccess.java	EventBusAccess	method,number
12	com/moonsworth/lunar/client/glintcolorizer/nameplate/mixin/Glintcolorizer2Base2.java	Glintcolorizer2Base2	field,method,number,value
12	com/moonsworth/lunar/client/glintcolorizer/GlintcolorizerImpl.java	GlintcolorizerImpl	field,method,value
12	com/moonsworth/lunar/client/framework/feature/worldeditcui/mixin/WorldeditcuiIterator.java	WorldeditcuiIterator	method
12	com/moonsworth/lunar/client/framework/feature/scrollabletooltips/mixin/ScrollabletooltipsHandler3.java	ScrollabletooltipsHandler3	method,value
12	com/moonsworth/lunar/client/framework/feature/rewind/nameplate/mixin/holograms/Nameplate2Impl8.java	Nameplate2Impl8	field,method,number
12	com/moonsworth/lunar/client/framework/feature/rewind/nameplate/mixin/holograms/Nameplate2Impl5.java	Nameplate2Impl5	field,method
12	com/moonsworth/lunar/client/framework/feature/rewind/nameplate/mixin/holograms/Nameplate2Impl14.java	Nameplate2Impl14	field,method,number
12	com/moonsworth/lunar/client/framework/feature/rewind/nameplate/Nameplate2_2.java	Nameplate2_2	arg,method,text
12	com/moonsworth/lunar/client/framework/feature/rewind/nameplate/Nameplate2Impl2.java	Nameplate2Impl2	method
12	com/moonsworth/lunar/client/framework/feature/rewind/highlight/HighlightImpl.java	HighlightImpl	field,method,text
12	com/moonsworth/lunar/client/framework/feature/rewind/gui/GuiType2.java	GuiType2	number
12	com/moonsworth/lunar/client/framework/feature/mod/rewindhandlers/Rewindhandlers3.java	Rewindhandlers3	field,method
12	com/moonsworth/lunar/client/framework/feature/mod/fishing/holograms/mixin/Holograms.java	Holograms	field,method
12	com/moonsworth/lunar/client/framework/feature/mod/fishing/holograms/HologramsType_2.java	HologramsType_2	number,value
12	com/moonsworth/lunar/client/framework/feature/mod/fishing/holograms/Holograms3Impl3.java	Holograms3Impl3	field,method
12	com/moonsworth/lunar/client/framework/feature/mod/fishing/holograms/Holograms3Impl2.java	Holograms3Impl2	field,method
12	com/moonsworth/lunar/client/framework/feature/mod/fishing/gui/mixin/Gui2.java	Gui2	field,method
12	com/moonsworth/lunar/client/framework/feature/mod/fishing/gui/GuiHandler4.java	GuiHandler4	field,method,text
12	com/moonsworth/lunar/client/framework/feature/mod/fishing/Fishing3Impl13.java	Fishing3Impl13	method,text
12	com/moonsworth/lunar/client/framework/feature/markers/SExtension.java	SExtension	method,text
12	com/moonsworth/lunar/client/framework/feature/keystrokes/Keystrokes9.java	Keystrokes9	method,number,value
12	com/moonsworth/lunar/client/framework/feature/keystrokes/Keystrokes19Impl2.java	Keystrokes19Impl2	method,number,value
12	com/moonsworth/lunar/client/framework/feature/debug/shaderdebugmod/Shaderdebugmod3.java	Shaderdebugmod3	field
12	com/moonsworth/lunar/client/framework/feature/debug/fpsdebugmod/mixin/Fpsdebugmod4Impl4.java	Fpsdebugmod4Impl4	method
12	com/moonsworth/lunar/client/fov/Fov5_3.java	Fov5_3	method
12	com/moonsworth/lunar/client/calculator/CalculatorType2.java	CalculatorType2	flag,text
12	com/moonsworth/lunar/client/alert/mixin/Alert2.java	Alert2	method,text,value
12	com/moonsworth/lunar/bridge/horsestats/HorsestatsType8.java	HorsestatsType8	number,text
12	com/moonsworth/lunar/bridge/ReturnEmitter.java	ReturnEmitter	field,method
12	com/moonsworth/lunar/bridge/CompositeEmitter.java	CompositeEmitter	field,method,number
12	com/moonsworth/lunar/bridge/Bridge_27.java	Bridge_27	field
12	com/moonsworth/lunar/bridge/Bridge4_21.java	Bridge4_21	flag,method,number,value
12	com/moonsworth/lunar/bridge/Bridge3_34.java	Bridge3_34	value
12	com/moonsworth/lunar/bridge/Bridge2_45.java	Bridge2_45	field,number
12	com/moonsworth/lunar/bridge/Bridge2_10.java	Bridge2_10	value
11	net/minecraft/network/play/server/S27PacketExplosion.java	S27PacketExplosion	i,j,k
11	net/minecraft/client/renderer/block/model/FaceBakery.java	FaceBakery	i,j
11	net/minecraft/client/gui/GuiScreenBook.java	GuiScreenBook	i,j,k,var
11	net/minecraft/block/BlockTripWire.java	BlockTripWire	flag
11	net/minecraft/block/BlockPumpkin.java	BlockPumpkin	i,j,k
11	net/minecraft/block/Block.java	Block	flag,var
11	com/moonsworth/lunar/replaymod/forge/Ichor6Impl.java	Ichor6Impl	field,method
11	com/moonsworth/lunar/legacy/wrapper/RendererLivingEntityBrightnessImpl.java	RendererLivingEntityBrightnessImpl	method,value
11	com/moonsworth/lunar/legacy/optifine/wrapper/IImageBufferLoader.java	IImageBufferLoader	field,method
11	com/moonsworth/lunar/legacy/mixin/RenderEntityItemPhysicsMixin.java	RenderEntityItemPhysicsMixin	method,value
11	com/moonsworth/lunar/legacy/mixin/LayerArrowMixin.java	LayerArrowMixin	method,value
11	com/moonsworth/lunar/legacy/mixin/EntityEndermanMixin.java	EntityEndermanMixin	method,value
11	com/moonsworth/lunar/legacy/mixin/CapeUtilsMixin.java	CapeUtilsMixin	method,text
11	com/moonsworth/lunar/legacy/mixin/BlockRendererDispatcherMixin.java	BlockRendererDispatcherMixin	field,method
11	com/moonsworth/lunar/ichor/util/FatalIchorError7.java	FatalIchorError7	flag,method,number
11	com/moonsworth/lunar/ichor/InheritanceProvider2.java	InheritanceProvider2	field,text
11	com/moonsworth/lunar/genesis/PredicateExtension2$Data21.java	PredicateExtension2$Data21	field,text
11	com/moonsworth/lunar/genesis/MixinHelper9$Data6.java	MixinHelper9$Data6	field,method
11	com/moonsworth/lunar/genesis/MixinHelper8$Type$1.java	MixinHelper8$Type$1	number
11	com/moonsworth/lunar/genesis/MixinHelper6_12.java	MixinHelper6_12	field,method
11	com/moonsworth/lunar/genesis/MixinHelper422.java	MixinHelper422	method,obj,value
11	com/moonsworth/lunar/genesis/MixinHelper37$Data9.java	MixinHelper37$Data9	method,obj
11	com/moonsworth/lunar/genesis/MixinHelper31732.java	MixinHelper31732	method,obj,value
11	com/moonsworth/lunar/genesis/MixinHelper3173.java	MixinHelper3173	method,obj,value
11	com/moonsworth/lunar/genesis/MixinHelper292222.java	MixinHelper292222	field,flag
11	com/moonsworth/lunar/genesis/MixinHelper27$Data5.java	MixinHelper27$Data5	field,obj,value
11	com/moonsworth/lunar/genesis/MixinHelper25$Data5.java	MixinHelper25$Data5	field,obj
11	com/moonsworth/lunar/genesis/MixinHelper23$Data4.java	MixinHelper23$Data4	field,method,number
11	com/moonsworth/lunar/genesis/MixinHelper21$Data.java	MixinHelper21$Data	field,flag,method,obj
11	com/moonsworth/lunar/genesis/MixinHelper20$Data7.java	MixinHelper20$Data7	field,obj
11	com/moonsworth/lunar/genesis/MixinHelper16$3.java	MixinHelper16$3	field,obj
11	com/moonsworth/lunar/genesis/FutureExtension2.java	FutureExtension2	field,flag,number,value
11	com/moonsworth/lunar/forge/lib/guava/util/concurrent/ServiceManager.java	ServiceManager	flag,number
11	com/moonsworth/lunar/forge/lib/guava/util/concurrent/CombinedFuture.java	CombinedFuture	flag,number,obj,value
11	com/moonsworth/lunar/forge/lib/guava/hash/PrimitiveSink.java	PrimitiveSink	flag,number,text,value
11	com/moonsworth/lunar/forge/lib/guava/collect/ImmutableSortedAsList.java	ImmutableSortedAsList	number,obj
11	com/moonsworth/lunar/forge/lib/guava/collect/ImmutableEnumSet.java	ImmutableEnumSet	number,obj
11	com/moonsworth/lunar/forge/lib/guava/collect/HashMultimap.java	HashMultimap	number
11	com/moonsworth/lunar/forge/lib/guava/collect/CompoundOrdering.java	CompoundOrdering	number,obj,value
11	com/moonsworth/lunar/forge/lib/guava/collect/ArrayListMultimap.java	ArrayListMultimap	number
11	com/moonsworth/lunar/forge/lib/MixinShared3Handler.java	MixinShared3Handler	field,method,number
11	com/moonsworth/lunar/forge/lib/MixinMore2.java	MixinMore2	field,text
11	com/moonsworth/lunar/forge/lib/MixinMiscHandler33.java	MixinMiscHandler33	field,method
11	com/moonsworth/lunar/forge/lib/MixinMisc3Loader43.java	MixinMisc3Loader43	field,method,number,text
11	com/moonsworth/lunar/forge/lib/MixinMisc3Loader42.java	MixinMisc3Loader42	field,method,number,text
11	com/moonsworth/lunar/forge/lib/MixinLegacy2_2.java	MixinLegacy2_2	field,text
11	com/moonsworth/lunar/forge/lib/MixinLegacy11Loader.java	MixinLegacy11Loader	method,number,text
11	com/moonsworth/lunar/forge/lib/MixinHelper6223.java	MixinHelper6223	method,number,text
11	com/moonsworth/lunar/forge/lib/MixinHelper23_2.java	MixinHelper23_2	field,method,obj,text
11	com/moonsworth/lunar/forge/lib/CloseableImpl_3.java	CloseableImpl_3	field,method,value
11	com/moonsworth/lunar/files/Files$Data4.java	Files$Data4	field,method,text
11	com/moonsworth/lunar/client/util/click/Click4.java	Click4	field,method,value
11	com/moonsworth/lunar/client/util/ThreadModuleDumpType2.java	ThreadModuleDumpType2	field,text
11	com/moonsworth/lunar/client/markers/mixin/holograms/mixin/Holograms.java	Holograms	field,method,number
11	com/moonsworth/lunar/client/markers/mixin/Markers3Impl.java	Markers3Impl	field,flag,method,number,text
11	com/moonsworth/lunar/client/markers/gui/GuiExtension2.java	GuiExtension2	field,method,text
11	com/moonsworth/lunar/client/lotusfish/Ichor2Iterator2.java	Ichor2Iterator2	field,method
11	com/moonsworth/lunar/client/lighting/nameplate/AlertExtension2.java	AlertExtension2	field,method
11	com/moonsworth/lunar/client/inactive/mixin/nameplate/Nameplate2.java	Nameplate2	field,method,text
11	com/moonsworth/lunar/client/highlight/mixin/gui/HighlightImpl4.java	HighlightImpl4	field,flag,method
11	com/moonsworth/lunar/client/highlight/mixin/fishing/mixin/HighlightImpl5.java	HighlightImpl5	field,method
11	com/moonsworth/lunar/client/highlight/mixin/fishing/HighlightImpl8.java	HighlightImpl8	field,method
11	com/moonsworth/lunar/client/highlight/mixin/fishing/HighlightImpl10.java	HighlightImpl10	field,method,number
11	com/moonsworth/lunar/client/highlight/fishing/HighlightImpl13$Data5.java	HighlightImpl13$Data5	field,method,number,value
11	com/moonsworth/lunar/client/highlight/ApolloOptionUpdateEvent.java	ApolloOptionUpdateEvent	field,obj
11	com/moonsworth/lunar/client/framework/feature/rewind/rewindhandlers/nameplate/Nameplate_2.java	Nameplate_2	method
11	com/moonsworth/lunar/client/framework/feature/rewind/nameplate/mixin/holograms/Nameplate2Impl13.java	Nameplate2Impl13	field,flag,method
11	com/moonsworth/lunar/client/framework/feature/rewind/nameplate/mixin/gui/Nameplate2Impl7.java	Nameplate2Impl7	method,number
11	com/moonsworth/lunar/client/framework/feature/rewind/holograms/Holograms3.java	Holograms3	field,method,text
11	com/moonsworth/lunar/client/framework/feature/rewind/RewindType.java	RewindType	arg,field,flag,text
11	com/moonsworth/lunar/client/framework/feature/rewind/Fishing2Loader2.java	Fishing2Loader2	method,value
11	com/moonsworth/lunar/client/framework/feature/mod/rewindhandlers/HighlightImpl3.java	HighlightImpl3	field,flag,method
11	com/moonsworth/lunar/client/framework/feature/mod/impl/chest/dungeon/ice/Ice.java	Ice	field,method
11	com/moonsworth/lunar/client/framework/feature/mod/impl/alert/excavation/Excavation2.java	Excavation2	arg,field,method
11	com/moonsworth/lunar/client/framework/feature/mod/gui/mixin/Markers3Handler.java	Markers3Handler	method
11	com/moonsworth/lunar/client/framework/feature/mod/fishing/holograms/Holograms3Impl6.java	Holograms3Impl6	field,method,text
11	com/moonsworth/lunar/client/framework/feature/mod/fishing/gui/GuiHandler3.java	GuiHandler3	field,method,text
11	com/moonsworth/lunar/client/framework/feature/mod/fishing/click/Click15.java	Click15	method,value
11	com/moonsworth/lunar/client/framework/feature/mod/fishing/chest/JsonDeserializerIterator.java	JsonDeserializerIterator	method,text,value
11	com/moonsworth/lunar/client/framework/feature/mod/fishing/JsonDeserializerIterator.java	JsonDeserializerIterator	method,text
11	com/moonsworth/lunar/client/framework/feature/mod/fishing/Fishing_3.java	Fishing_3	field,method,text
11	com/moonsworth/lunar/client/framework/feature/minimap/MinimapImpl2.java	MinimapImpl2	flag,method,value
11	com/moonsworth/lunar/client/framework/feature/minimap/MinimapImpl.java	MinimapImpl	method,value
11	com/moonsworth/lunar/client/framework/feature/markers/Markers_2.java	Markers_2	arg,method
11	com/moonsworth/lunar/client/framework/feature/keystrokes/Keystrokes4.java	Keystrokes4	method,number,value
11	com/moonsworth/lunar/client/framework/feature/keystrokes/Keystrokes13.java	Keystrokes13	method,number,value
11	com/moonsworth/lunar/client/framework/feature/itemcounter/ItemcounterImpl.java	ItemcounterImpl	field,method,number,text
11	com/moonsworth/lunar/client/framework/Framework12.java	Framework12	flag,method,number,value
11	com/moonsworth/lunar/client/fps/Fps7Extension6.java	Fps7Extension6	method,number,value
11	com/moonsworth/lunar/client/fps/Fps7Extension30.java	Fps7Extension30	method,number,value
11	com/moonsworth/lunar/client/fps/Fps7Extension29.java	Fps7Extension29	method,number,value
11	com/moonsworth/lunar/client/fps/Fps7Extension26.java	Fps7Extension26	method,number,value
11	com/moonsworth/lunar/client/fov/mixin/rewindhandlers/Rewindhandlers.java	Rewindhandlers	field,method,value
11	com/moonsworth/lunar/client/fov/Fov5$Data4.java	Fov5$Data4	field,method,text
11	com/moonsworth/lunar/client/fov/Fov5$Data2.java	Fov5$Data2	field,method,text
11	com/moonsworth/lunar/client/fog/nameplate/NameplateTask.java	NameplateTask	field,method
11	com/moonsworth/lunar/bridge/SExtension.java	SExtension	field,flag,method,value
11	com/moonsworth/lunar/bridge/LightTextureBridge.java	LightTextureBridge	field,method,number
11	com/moonsworth/lunar/bridge/Bridge_29.java	Bridge_29	method,number,text
11	com/moonsworth/lunar/bridge/BridgeType3_2.java	BridgeType3_2	arg,number,text
10	net/minecraft/world/gen/feature/WorldGenSand.java	WorldGenSand	i,j,k
10	net/minecraft/world/gen/feature/WorldGenIcePath.java	WorldGenIcePath	i,j,k
10	net/minecraft/world/gen/feature/WorldGenClay.java	WorldGenClay	i,j,k
10	net/minecraft/util/LongHashMap.java	LongHashMap	object
10	net/minecraft/util/IntHashMap.java	IntHashMap	object
10	net/minecraft/pathfinding/PathNavigate.java	PathNavigate	i,j,k
10	net/minecraft/nbt/JsonToNBT.java	JsonToNBT	flag,var
10	net/minecraft/item/crafting/RecipesBanners.java	RecipesBanners	flag,i
10	net/minecraft/inventory/ContainerPlayer.java	ContainerPlayer	i,j
10	net/minecraft/inventory/ContainerChest.java	ContainerChest	i,j
10	net/minecraft/entity/passive/EntityHorse.java	EntityHorse	i,j
10	net/minecraft/entity/item/EntityArmorStand.java	EntityArmorStand	flag
10	net/minecraft/command/CommandReplaceItem.java	CommandReplaceItem	i,j
10	net/minecraft/command/CommandBase.java	CommandBase	flag,var
10	net/minecraft/block/BlockVine.java	BlockVine	flag,i
10	com/moonsworth/lunar/replaymod/mixin/EntityRendererHandlerV1_8Mixin.java	EntityRendererHandlerV1_8Mixin	method,number,value
10	com/moonsworth/lunar/replaymod/mixin/EntityRendererHandlerMixin.java	EntityRendererHandlerMixin	method,number,value
10	com/moonsworth/lunar/replaymod/mixin/ConnectionEventHandlerV1_8Mixin.java	ConnectionEventHandlerV1_8Mixin	field,method
10	com/moonsworth/lunar/replaymod/mixin/ConnectionEventHandlerMixin.java	ConnectionEventHandlerMixin	field,method
10	com/moonsworth/lunar/network/mixin/MixinHelper4.java	MixinHelper4	field,method,number,value
10	com/moonsworth/lunar/loader/mixin/MixinInternal3Handler.java	MixinInternal3Handler	field,method,text
10	com/moonsworth/lunar/legacy/wrapper/IBorderImpl.java	IBorderImpl	number,value
10	com/moonsworth/lunar/legacy/wrapper/Bridge2Handler.java	Bridge2Handler	field,number
10	com/moonsworth/lunar/legacy/mixin/TileEntityMobSpawnerRendererMixin.java	TileEntityMobSpawnerRendererMixin	method,value
10	com/moonsworth/lunar/legacy/mixin/ShaderMixin2.java	ShaderMixin2	field,method,text
10	com/moonsworth/lunar/legacy/mixin/RenderPlayerMixin3.java	RenderPlayerMixin3	method
10	com/moonsworth/lunar/legacy/mixin/RenderGlobalFlawlessMixin.java	RenderGlobalFlawlessMixin	method,number,value
10	com/moonsworth/lunar/legacy/mixin/ModelBakeryMixin.java	ModelBakeryMixin	arg,field,method,text
10	com/moonsworth/lunar/legacy/mixin/GuiIngameMixin.java	GuiIngameMixin	text,value
10	com/moonsworth/lunar/legacy/mixin/AnimationMetadataSectionMixin.java	AnimationMetadataSectionMixin	number
10	com/moonsworth/lunar/ichor/MixinShared.java	MixinShared	field,method,text
10	com/moonsworth/lunar/ichor/MixinInternalTask$1.java	MixinInternalTask$1	field,method,text
10	com/moonsworth/lunar/ichor/MixinHelper7.java	MixinHelper7	method,text
10	com/moonsworth/lunar/ichor/Ichor5Handler2.java	Ichor5Handler2	field,text
10	com/moonsworth/lunar/ichor/Ichor5Handler$Data.java	Ichor5Handler$Data	field,method
10	com/moonsworth/lunar/genesis/URLClassLoader2$Data.java	URLClassLoader2$Data	field,flag,method
10	com/moonsworth/lunar/genesis/SerializableLoader$Data4.java	SerializableLoader$Data4	field,method
10	com/moonsworth/lunar/genesis/SerializableBase2$Data3.java	SerializableBase2$Data3	field,method
10	com/moonsworth/lunar/genesis/Reader2.java	Reader2	field,number
10	com/moonsworth/lunar/genesis/PredicateExtension2$Data9.java	PredicateExtension2$Data9	field
10	com/moonsworth/lunar/genesis/PredicateExtension2$Data3.java	PredicateExtension2$Data3	field
10	com/moonsworth/lunar/genesis/MixinHelper8.java	MixinHelper8	field,flag,method
10	com/moonsworth/lunar/genesis/MixinHelper7$Data19.java	MixinHelper7$Data19	field,obj,value
10	com/moonsworth/lunar/genesis/MixinHelper6242.java	MixinHelper6242	method,value
10	com/moonsworth/lunar/genesis/MixinHelper39$Data3.java	MixinHelper39$Data3	field,method,number,obj
10	com/moonsworth/lunar/genesis/MixinHelper32.java	MixinHelper32	obj,value
10	com/moonsworth/lunar/genesis/MixinHelper3172.java	MixinHelper3172	method,obj,value
10	com/moonsworth/lunar/genesis/MixinHelper3163_2.java	MixinHelper3163_2	number,value
10	com/moonsworth/lunar/genesis/MixinHelper316.java	MixinHelper316	obj,value
10	com/moonsworth/lunar/genesis/MixinHelper2_4.java	MixinHelper2_4	field,method
10	com/moonsworth/lunar/genesis/MixinHelper233$Data2.java	MixinHelper233$Data2	field,method
10	com/moonsworth/lunar/genesis/MixinHelper22_4.java	MixinHelper22_4	field,method,obj
10	com/moonsworth/lunar/genesis/MixinHelper22$Data6.java	MixinHelper22$Data6	field,value
10	com/moonsworth/lunar/genesis/MixinHelper2$Data19.java	MixinHelper2$Data19	field,number
10	com/moonsworth/lunar/genesis/MixinHelper162.java	MixinHelper162	number,value
10	com/moonsworth/lunar/genesis/MixinHelper11_2.java	MixinHelper11_2	flag,value
10	com/moonsworth/lunar/genesis/MixinHelper10$Data8.java	MixinHelper10$Data8	field,method,value
10	com/moonsworth/lunar/genesis/IterableBase$Data2.java	IterableBase$Data2	method,obj,value
10	com/moonsworth/lunar/genesis/ComparableIterator2$1.java	ComparableIterator2$1	method,obj
10	com/moonsworth/lunar/genesis/AbstractCollectionIterator53.java	AbstractCollectionIterator53	method,number
10	com/moonsworth/lunar/genesis/AbstractCollectionIterator5$Data.java	AbstractCollectionIterator5$Data	method,number
10	com/moonsworth/lunar/forge/mixin/LoaderMixin.java	LoaderMixin	field,method
10	com/moonsworth/lunar/forge/lib/guava/util/concurrent/ForwardingBlockingQueue.java	ForwardingBlockingQueue	number,value
10	com/moonsworth/lunar/forge/lib/guava/util/concurrent/FakeTimeLimiter.java	FakeTimeLimiter	number,value
10	com/moonsworth/lunar/forge/lib/guava/reflect/TypeResolver.java	TypeResolver	number,obj,text
10	com/moonsworth/lunar/forge/lib/guava/graph/NetworkConnections.java	NetworkConnections	flag,value
10	com/moonsworth/lunar/forge/lib/guava/graph/NetworkBuilder.java	NetworkBuilder	flag,number
10	com/moonsworth/lunar/forge/lib/guava/graph/Graph.java	Graph	obj,value
10	com/moonsworth/lunar/forge/lib/guava/graph/EdgesConnecting.java	EdgesConnecting	obj
10	com/moonsworth/lunar/forge/lib/guava/collect/SingletonImmutableList.java	SingletonImmutableList	number,value
10	com/moonsworth/lunar/forge/lib/guava/collect/MutableClassToInstanceMap.java	MutableClassToInstanceMap	arg,value
10	com/moonsworth/lunar/forge/lib/guava/collect/ImmutableEnumMap.java	ImmutableEnumMap	obj
10	com/moonsworth/lunar/forge/lib/guava/collect/ForwardingCollection.java	ForwardingCollection	obj,value
10	com/moonsworth/lunar/forge/lib/guava/collect/EnumHashBiMap.java	EnumHashBiMap	value
10	com/moonsworth/lunar/forge/lib/guava/collect/AbstractMapEntry.java	AbstractMapEntry	obj,value
10	com/moonsworth/lunar/forge/lib/guava/cache/ForwardingCache.java	ForwardingCache	obj,value
10	com/moonsworth/lunar/forge/lib/ZipException.java	ZipException	field,method,text
10	com/moonsworth/lunar/forge/lib/MixinMisc13.java	MixinMisc13	field
10	com/moonsworth/lunar/forge/lib/MixinLegacy_2.java	MixinLegacy_2	field
10	com/moonsworth/lunar/forge/lib/MixinHelper254.java	MixinHelper254	field,method,obj,value
10	com/moonsworth/lunar/forge/lib/MixinExtra_3.java	MixinExtra_3	field,number
10	com/moonsworth/lunar/forge/lib/MixinExtraImpl.java	MixinExtraImpl	method,number
10	com/moonsworth/lunar/forge/lib/MixinExtra13.java	MixinExtra13	method,number
10	com/moonsworth/lunar/forge/lib/MixinCoreUpdater4.java	MixinCoreUpdater4	field,method,number
10	com/moonsworth/lunar/forge/lib/FilterOutputStreamSerializer.java	FilterOutputStreamSerializer	number
10	com/moonsworth/lunar/files/FilesImpl.java	FilesImpl	field,method,text
10	com/moonsworth/lunar/files/Files4Base.java	Files4Base	field,method
10	com/moonsworth/lunar/client/util/ThreadModuleDump85.java	ThreadModuleDump85	method,number
10	com/moonsworth/lunar/client/util/ThreadModuleDump81.java	ThreadModuleDump81	field,method,value
10	com/moonsworth/lunar/client/util/PacketUtil.java	PacketUtil	method,value
10	com/moonsworth/lunar/client/mod/misc/RewindHandlers3.java	RewindHandlers3	arg,field,method
10	com/moonsworth/lunar/client/markers/mixin/holograms/mixin/HologramsType.java	HologramsType	text,value
10	com/moonsworth/lunar/client/markers/mixin/gui/mixin/Gui18.java	Gui18	method,number
10	com/moonsworth/lunar/client/markers/Markers_3.java	Markers_3	method
10	com/moonsworth/lunar/client/markers/FunctionBusImpl.java	FunctionBusImpl	field,obj,text
10	com/moonsworth/lunar/client/lightoverlay/LightoverlayException.java	LightoverlayException	text
10	com/moonsworth/lunar/client/lighting/nameplate/ThreadModuleDump43Extension.java	ThreadModuleDump43Extension	flag,method
10	com/moonsworth/lunar/client/knockbacktrainer/KnockbacktrainerThread.java	KnockbacktrainerThread	arg,field,method
10	com/moonsworth/lunar/client/killsounds/Killsounds15Impl3.java	Killsounds15Impl3	method,number,obj,text
10	com/moonsworth/lunar/client/itemphysics/mixin/Itemphysics3.java	Itemphysics3	field,method
10	com/moonsworth/lunar/client/itemphysics/mixin/Itemphysics2.java	Itemphysics2	field,method
10	com/moonsworth/lunar/client/itemphysics/mixin/Itemphysics.java	Itemphysics	field,method
10	com/moonsworth/lunar/client/inactive/rewindhandlers/Rewindhandlers3_2.java	Rewindhandlers3_2	field,method
10	com/moonsworth/lunar/client/inactive/mixin/holograms/mixin/Holograms2.java	Holograms2	field,method,value
10	com/moonsworth/lunar/client/hitbox/Hitbox2Handler2.java	Hitbox2Handler2	field,method,number,value
10	com/moonsworth/lunar/client/highlight/mixin/holograms/HighlightImpl4.java	HighlightImpl4	field,flag,method
10	com/moonsworth/lunar/client/highlight/mixin/highlight/EventFovRender.java	EventFovRender	field,method,value
10	com/moonsworth/lunar/client/highlight/mixin/gui/HighlightImpl.java	HighlightImpl	field,method,number
10	com/moonsworth/lunar/client/highlight/mixin/fishing/HighlightImpl22.java	HighlightImpl22	field,method,text
10	com/moonsworth/lunar/client/highlight/mixin/fishing/HighlightImpl14.java	HighlightImpl14	field,method,value
10	com/moonsworth/lunar/client/highlight/mixin/fishing/HighlightBase3.java	HighlightBase3	field,method,value
10	com/moonsworth/lunar/client/highlight/mixin/HighlightImpl2.java	HighlightImpl2	field,method,text
10	com/moonsworth/lunar/client/highlight/fishing/HighlightImpl21.java	HighlightImpl21	field,flag,method
10	com/moonsworth/lunar/client/highlight/fishing/HighlightImpl11.java	HighlightImpl11	field,method,number
10	com/moonsworth/lunar/client/highlight/fishing/HighlightBase3.java	HighlightBase3	field,number
10	com/moonsworth/lunar/client/highlight/EventResolutionChange.java	EventResolutionChange	field,number
10	com/moonsworth/lunar/client/framework/nameplate/Nameplate4Loader.java	Nameplate4Loader	flag,method
10	com/moonsworth/lunar/client/framework/feature/worldeditcui/Worldeditcui2Impl.java	Worldeditcui2Impl	field,method
10	com/moonsworth/lunar/client/framework/feature/rewind/rewindhandlersNameplateCore/mixin/RewindhandlersNameplateCoreImpl12.java	RewindhandlersNameplateCoreImpl12	field,method
10	com/moonsworth/lunar/client/framework/feature/mod/highlight/Gui2Extension3.java	Gui2Extension3	text
10	com/moonsworth/lunar/client/framework/feature/mod/gui/mixin/Bridge7Impl.java	Bridge7Impl	field,method
10	com/moonsworth/lunar/client/framework/feature/mod/fishing/mixin/Fishing2.java	Fishing2	field,method,text
10	com/moonsworth/lunar/client/framework/feature/mod/fishing/holograms/holograms/Holograms2.java	Holograms2	field,method,number
10	com/moonsworth/lunar/client/framework/feature/mod/fishing/holograms/Holograms4_3.java	Holograms4_3	method,text
10	com/moonsworth/lunar/client/framework/feature/mod/fishing/holograms/Holograms3Impl5.java	Holograms3Impl5	field,method
10	com/moonsworth/lunar/client/framework/feature/mod/fishing/gui/Gui5.java	Gui5	field,number,text
10	com/moonsworth/lunar/client/framework/feature/mod/ModuleBase.java	ModuleBase	method
10	com/moonsworth/lunar/client/framework/feature/knockbacktrainer/mixin/Knockbacktrainer.java	Knockbacktrainer	field,flag,method
10	com/moonsworth/lunar/client/framework/feature/heightlimit/Heightlimit.java	Heightlimit	field,number,text
10	com/moonsworth/lunar/client/framework/feature/debug/fpsdebugmod/mixin/Fpsdebugmod4Impl.java	Fpsdebugmod4Impl	method
10	com/moonsworth/lunar/client/framework/feature/attackindicator/mixin/Attackindicator2Handler25.java	Attackindicator2Handler25	method,value
10	com/moonsworth/lunar/client/framework/feature/attackindicator/mixin/Attackindicator2Handler22.java	Attackindicator2Handler22	method
10	com/moonsworth/lunar/client/framework/feature/attackindicator/mixin/Attackindicator2Handler.java	Attackindicator2Handler	field,method
10	com/moonsworth/lunar/client/framework/MixinNameplate.java	MixinNameplate	field,method
10	com/moonsworth/lunar/client/fov/Fov_6.java	Fov_6	field,flag,method
10	com/moonsworth/lunar/client/fov/Fov4$Data3.java	Fov4$Data3	field,method,text
10	com/moonsworth/lunar/client/fov/Fov2$Extension.java	Fov2$Extension	method,value
10	com/moonsworth/lunar/client/fog/click/Click.java	Click	method,number
10	com/moonsworth/lunar/client/calculator/mixin/CalculatorHandler2.java	CalculatorHandler2	field,method
10	com/moonsworth/lunar/client/Highlight3Iterator$Data2.java	Highlight3Iterator$Data2	field,method,number
10	com/moonsworth/lunar/bridge/horsestats/Horsestats20Extension2.java	Horsestats20Extension2	method,number
10	com/moonsworth/lunar/bridge/MatrixTransformProvider.java	MatrixTransformProvider	method,value
10	com/moonsworth/lunar/bridge/BufferedImageBridge.java	BufferedImageBridge	method,number
10	com/moonsworth/lunar/bridge/Bridge8_5.java	Bridge8_5	method
9	net/minecraft/world/gen/feature/WorldGenShrub.java	WorldGenShrub	i,j,k
9	net/minecraft/world/gen/feature/WorldGenBlockBlob.java	WorldGenBlockBlob	i
9	net/minecraft/world/gen/MapGenBase.java	MapGenBase	i,j,k
9	net/minecraft/world/biome/BiomeGenTaiga.java	BiomeGenTaiga	i,j,k
9	net/minecraft/world/biome/BiomeGenPlains.java	BiomeGenPlains	i,j,k
9	net/minecraft/pathfinding/PathNavigateGround.java	PathNavigateGround	i,j,k
9	net/minecraft/entity/ai/EntityAIFollowOwner.java	EntityAIFollowOwner	i
9	net/minecraft/entity/EntityLivingBase.java	EntityLivingBase	flag,i
9	net/minecraft/command/server/CommandAchievement.java	CommandAchievement	flag
9	net/minecraft/client/renderer/entity/RendererLivingEntity.java	RendererLivingEntity	flag
9	com/moonsworth/webosr/wrappers/image/TexturedImageSource.java	TexturedImageSource	number,text
9	com/moonsworth/lunar/replaymod/mixin/GuiRecordingControlsV1_8Mixin.java	GuiRecordingControlsV1_8Mixin	field,flag,method
9	com/moonsworth/lunar/replaymod/mixin/GuiRecordingControlsMixin.java	GuiRecordingControlsMixin	field,flag,method
9	com/moonsworth/lunar/legacy/wrapper/SkinManager.java	SkinManager	field
9	com/moonsworth/lunar/legacy/mixin/StatisticsFileMixin.java	StatisticsFileMixin	arg,method,number
9	com/moonsworth/lunar/legacy/mixin/ModelPlayerMixin.java	ModelPlayerMixin	method,value
9	com/moonsworth/lunar/legacy/mixin/IntegratedPlayerListMixin.java	IntegratedPlayerListMixin	flag,method
9	com/moonsworth/lunar/legacy/mixin/I18nMixin.java	I18nMixin	method,text
9	com/moonsworth/lunar/legacy/mixin/GuiEditSignFinishMixin.java	GuiEditSignFinishMixin	arg,method
9	com/moonsworth/lunar/legacy/mixin/ChunkProviderClientMixin.java	ChunkProviderClientMixin	flag,method
9	com/moonsworth/lunar/legacy/mixin/C01PacketChatMessageMixin.java	C01PacketChatMessageMixin	arg,method,number
9	com/moonsworth/lunar/ichor/util/FatalIchorError14.java	FatalIchorError14	field,method,text
9	com/moonsworth/lunar/ichor/MixinMisc$Data.java	MixinMisc$Data	field,method,text
9	com/moonsworth/lunar/ichor/MixinHelper3_2.java	MixinHelper3_2	field,method
9	com/moonsworth/lunar/ichor/MixinHelper2_3.java	MixinHelper2_3	method
9	com/moonsworth/lunar/ichor/IClassProvider.java	IClassProvider	flag,text
9	com/moonsworth/lunar/ichor/AutoCloseableIterator2$Data2.java	AutoCloseableIterator2$Data2	field,method,text
9	com/moonsworth/lunar/genesis/mixin/MixinHelper.java	MixinHelper	field,k,method,n
9	com/moonsworth/lunar/genesis/MixinHelper4$3.java	MixinHelper4$3	field,number,text
9	com/moonsworth/lunar/genesis/MixinHelper3222.java	MixinHelper3222	method,value
9	com/moonsworth/lunar/genesis/MixinHelper25$Data11.java	MixinHelper25$Data11	field,method,obj
9	com/moonsworth/lunar/genesis/MixinHelper242$Data3.java	MixinHelper242$Data3	field,method,value
9	com/moonsworth/lunar/genesis/MixinHelper24$4.java	MixinHelper24$4	field,flag,text
9	com/moonsworth/lunar/genesis/MixinHelper16$Data5.java	MixinHelper16$Data5	field,method
9	com/moonsworth/lunar/genesis/MixinHelper134522$Data.java	MixinHelper134522$Data	field,method,obj
9	com/moonsworth/lunar/genesis/MixinHelper13442.java	MixinHelper13442	method,obj,value
9	com/moonsworth/lunar/genesis/MixinHelper12$5.java	MixinHelper12$5	field,method,text
9	com/moonsworth/lunar/genesis/MixinHelper1122$Data5.java	MixinHelper1122$Data5	field,method
9	com/moonsworth/lunar/genesis/MixinHelper10.java	MixinHelper10	field
9	com/moonsworth/lunar/genesis/InputStreamLoader.java	InputStreamLoader	number
9	com/moonsworth/lunar/genesis/FutureTask.java	FutureTask	field,method,value
9	com/moonsworth/lunar/genesis/BiPredicateLoader$Data2.java	BiPredicateLoader$Data2	field,obj
9	com/moonsworth/lunar/genesis/AbstractExecutorServiceBase.java	AbstractExecutorServiceBase	method,value
9	com/moonsworth/lunar/genesis/AbstractCollectionIterator532.java	AbstractCollectionIterator532	field,obj
9	com/moonsworth/lunar/forge/lib/guava/io/MultiInputStream.java	MultiInputStream	number
9	com/moonsworth/lunar/forge/lib/guava/hash/HashingOutputStream.java	HashingOutputStream	number
9	com/moonsworth/lunar/forge/lib/guava/hash/HashingInputStream.java	HashingInputStream	number
9	com/moonsworth/lunar/forge/lib/guava/hash/AbstractCompositeHashFunction.java	AbstractCompositeHashFunction	number
9	com/moonsworth/lunar/forge/lib/guava/graph/BaseGraph.java	BaseGraph	value
9	com/moonsworth/lunar/forge/lib/guava/collect/SingletonImmutableTable.java	SingletonImmutableTable	value
9	com/moonsworth/lunar/forge/lib/guava/collect/JdkBackedImmutableMap.java	JdkBackedImmutableMap	number,obj
9	com/moonsworth/lunar/forge/lib/guava/collect/ImmutableClassToInstanceMap.java	ImmutableClassToInstanceMap	obj,value
9	com/moonsworth/lunar/forge/lib/guava/collect/AbstractSortedSetMultimap.java	AbstractSortedSetMultimap	obj,value
9	com/moonsworth/lunar/forge/lib/guava/collect/AbstractIndexedListIterator.java	AbstractIndexedListIterator	number
9	com/moonsworth/lunar/forge/lib/guava/cache/AbstractLoadingCache.java	AbstractLoadingCache	obj,value
9	com/moonsworth/lunar/forge/lib/guava/base/PairwiseEquivalence.java	PairwiseEquivalence	number,obj
9	com/moonsworth/lunar/forge/lib/MixinMore_3.java	MixinMore_3	field
9	com/moonsworth/lunar/forge/lib/MixinMiscImpl2.java	MixinMiscImpl2	field,method
9	com/moonsworth/lunar/forge/lib/MixinLegacy3_2.java	MixinLegacy3_2	field
9	com/moonsworth/lunar/forge/lib/MixinHelper6236.java	MixinHelper6236	method,number,text
9	com/moonsworth/lunar/forge/lib/MixinHelper6233.java	MixinHelper6233	method,number,text
9	com/moonsworth/lunar/forge/lib/MixinHelper3_3.java	MixinHelper3_3	field,method,obj
9	com/moonsworth/lunar/forge/lib/MixinHelper2_3.java	MixinHelper2_3	field,method,number
9	com/moonsworth/lunar/forge/lib/MixinHelper252.java	MixinHelper252	field,obj,value
9	com/moonsworth/lunar/forge/lib/MixinHelper22_2.java	MixinHelper22_2	method,number
9	com/moonsworth/lunar/forge/lib/MixinHelper.java	MixinHelper	field,k,method,n
9	com/moonsworth/lunar/forge/lib/MixinAlt3.java	MixinAlt3	field,text
9	com/moonsworth/lunar/forge/lib/CloseableSerializer$Data3.java	CloseableSerializer$Data3	field,method,number
9	com/moonsworth/lunar/forge/lib/Bootstrap.java	Bootstrap	flag,method,text
9	com/moonsworth/lunar/client/util/gui/ListExtension2.java	ListExtension2	method,number,obj,value
9	com/moonsworth/lunar/client/util/chest/Chest.java	Chest	field,method
9	com/moonsworth/lunar/client/util/ThreadModuleDump52.java	ThreadModuleDump52	method,text
9	com/moonsworth/lunar/client/util/ThreadModuleDump28.java	ThreadModuleDump28	method,text
9	com/moonsworth/lunar/client/mod/misc/ServerCommandConfig.java	ServerCommandConfig	arg,field,flag,method
9	com/moonsworth/lunar/client/markers/MarkersImpl.java	MarkersImpl	field,flag,method
9	com/moonsworth/lunar/client/lighting/LightingIterator2.java	LightingIterator2	field,method,text
9	com/moonsworth/lunar/client/keystrokes/Keystrokes.java	Keystrokes	arg,field
9	com/moonsworth/lunar/client/inventorymod/InventorymodError.java	InventorymodError	field,text
9	com/moonsworth/lunar/client/inactive/mixin/highlight/mixin/FunctionImpl.java	FunctionImpl	field,text,value
9	com/moonsworth/lunar/client/highlight/EventRenderTabListEntry.java	EventRenderTabListEntry	field,method
9	com/moonsworth/lunar/client/highlight/EventListener.java	EventListener	field,method,number
9	com/moonsworth/lunar/client/heightlimit/Heightlimit.java	Heightlimit	field,flag,method
9	com/moonsworth/lunar/client/guiRewindhandlers/rewindhandlers/Rewindhandlers.java	Rewindhandlers	field,text
9	com/moonsworth/lunar/client/glintcolorizer/nameplate/Glintcolorizer2Base42.java	Glintcolorizer2Base42	method,text,value
9	com/moonsworth/lunar/client/framework/nameplate/Framework4Handler.java	Framework4Handler	field,method
9	com/moonsworth/lunar/client/framework/mixin/Highlight3Handler.java	Highlight3Handler	arg,field
9	com/moonsworth/lunar/client/framework/feature/worldeditcui/mixin/Worldeditcui.java	Worldeditcui	method,value
9	com/moonsworth/lunar/client/framework/feature/waila/WailaIterator2.java	WailaIterator2	field,method,number
9	com/moonsworth/lunar/client/framework/feature/rewind/rewindhandlers/nameplate/Nameplate5.java	Nameplate5	field,flag,method
9	com/moonsworth/lunar/client/framework/feature/rewind/nameplate/mixin/Nameplate2Impl2.java	Nameplate2Impl2	field,method,text
9	com/moonsworth/lunar/client/framework/feature/rewind/gui/Gui7.java	Gui7	field,method,text
9	com/moonsworth/lunar/client/framework/feature/rewind/Fishing2Loader5.java	Fishing2Loader5	method,value
9	com/moonsworth/lunar/client/framework/feature/mod/mixin/MixinHelper6.java	MixinHelper6	method,text
9	com/moonsworth/lunar/client/framework/feature/mod/fishing/rewindhandlers/Rewindhandlers2.java	Rewindhandlers2	field,method
9	com/moonsworth/lunar/client/framework/feature/mod/fishing/holograms/JsonDeserializerIterator2.java	JsonDeserializerIterator2	method,number,text
9	com/moonsworth/lunar/client/framework/feature/mod/fishing/gui/mixin/GuiType.java	GuiType	method,number,text
9	com/moonsworth/lunar/client/framework/feature/mod/fishing/click/JsonDeserializerImpl.java	JsonDeserializerImpl	method,number
9	com/moonsworth/lunar/client/framework/feature/mod/fishing/Fishing3Impl6.java	Fishing3Impl6	method,number,text
9	com/moonsworth/lunar/client/framework/feature/mod/fishing/Fishing3Impl12.java	Fishing3Impl12	field,method,text
9	com/moonsworth/lunar/client/framework/feature/mod/fishing/Fishing2_3.java	Fishing2_3	field,method,number
9	com/moonsworth/lunar/client/framework/feature/debug/fpsdebugmod/mixin/Fpsdebugmod3.java	Fpsdebugmod3	method,text
9	com/moonsworth/lunar/client/framework/feature/attackindicator/mixin/Attackindicator2Handler3.java	Attackindicator2Handler3	method
9	com/moonsworth/lunar/client/fps/Fps7Extension7.java	Fps7Extension7	method,number,value
9	com/moonsworth/lunar/client/fps/Fps7Extension32.java	Fps7Extension32	method,number,value
9	com/moonsworth/lunar/client/fps/Fps7Extension31.java	Fps7Extension31	method,number,value
9	com/moonsworth/lunar/client/fps/Fps7Extension22.java	Fps7Extension22	method,number,value
9	com/moonsworth/lunar/client/fps/Fps7Extension19.java	Fps7Extension19	method,number,value
9	com/moonsworth/lunar/client/fps/Fps7Extension11.java	Fps7Extension11	method,number,value
9	com/moonsworth/lunar/client/fov/Fov5$Data5.java	Fov5$Data5	field,method
9	com/moonsworth/lunar/client/fov/Fov5$Data3.java	Fov5$Data3	field,method
9	com/moonsworth/lunar/client/fov/Fov5$Data.java	Fov5$Data	field,method
9	com/moonsworth/lunar/client/fov/Fov3$Data7.java	Fov3$Data7	field,method
9	com/moonsworth/lunar/client/fog/gui/Gui2.java	Gui2	field,method,text
9	com/moonsworth/lunar/client/calculator/mixin/CalculatorHandler3.java	CalculatorHandler3	field,method,text
9	com/moonsworth/lunar/client/Highlight3Iterator19$Data.java	Highlight3Iterator19$Data	field,method,text
9	com/moonsworth/lunar/bridge/NewInstanceEmitter.java	NewInstanceEmitter	field,method
9	com/moonsworth/lunar/bridge/MixinHelper7$Data8.java	MixinHelper7$Data8	flag,method,value
9	com/moonsworth/lunar/bridge/ItemEntityRendererBridge.java	ItemEntityRendererBridge	method,value
9	com/moonsworth/lunar/bridge/GlStateQueryBridge.java	GlStateQueryBridge	method
9	com/moonsworth/lunar/bridge/CharacterCoercion.java	CharacterCoercion	method
9	com/moonsworth/lunar/bridge/Bridge_11.java	Bridge_11	method,number,obj
9	com/moonsworth/lunar/bridge/BridgeIterator5$Data.java	BridgeIterator5$Data	field,method,text
9	com/moonsworth/lunar/bridge/Bridge5_14.java	Bridge5_14	field,method,number
9	com/moonsworth/lunar/bridge/Bridge5Extension4.java	Bridge5Extension4	flag,method,number
9	com/moonsworth/lunar/bridge/Bridge3_7.java	Bridge3_7	field,method,text
9	com/moonsworth/lunar/bridge/Bridge3_5.java	Bridge3_5	field,method
9	com/moonsworth/lunar/bridge/Bridge14_3.java	Bridge14_3	flag,number
8	net/minecraft/world/gen/feature/WorldGenBigTree.java	WorldGenBigTree	i,j,k
8	net/minecraft/world/ChunkCache.java	ChunkCache	i,j
8	net/minecraft/village/VillageCollection.java	VillageCollection	i,j
8	net/minecraft/entity/item/EntityMinecart.java	EntityMinecart	flag,i
8	net/minecraft/client/util/JsonBlendingMode.java	JsonBlendingMode	flag,i
8	net/minecraft/client/renderer/chunk/ChunkRenderDispatcher.java	ChunkRenderDispatcher	flag,var
8	net/minecraft/client/renderer/block/model/ModelBlock.java	ModelBlock	flag,var
8	net/minecraft/client/renderer/block/model/ItemModelGenerator.java	ItemModelGenerator	i
8	net/minecraft/client/renderer/WorldVertexBufferUploader.java	WorldVertexBufferUploader	i,j,k
8	net/minecraft/client/gui/achievement/GuiStats.java	GuiStats	i
8	net/minecraft/block/state/BlockPistonStructureHelper.java	BlockPistonStructureHelper	i,j
8	net/minecraft/block/BlockSkull.java	BlockSkull	i,j
8	com/moonsworth/lunar/replaymod/mixin/VanillaGuiScreenEventHandlerV1_8Mixin.java	VanillaGuiScreenEventHandlerV1_8Mixin	flag,method
8	com/moonsworth/lunar/replaymod/mixin/ReplayModV1_8Mixin.java	ReplayModV1_8Mixin	flag,method,text
8	com/moonsworth/lunar/replaymod/mixin/ReplayModMixin.java	ReplayModMixin	flag,method,text
8	com/moonsworth/lunar/replaymod/mixin/PacketListenerV1_8Mixin.java	PacketListenerV1_8Mixin	field,method,number,text
8	com/moonsworth/lunar/replaymod/mixin/PacketListenerMixin.java	PacketListenerMixin	field,method,number,text
8	com/moonsworth/lunar/replaymod/mixin/GuiSavingReplayV1_8Mixin.java	GuiSavingReplayV1_8Mixin	field,method
8	com/moonsworth/lunar/replaymod/mixin/GuiSavingReplayMixin.java	GuiSavingReplayMixin	field,method
8	com/moonsworth/lunar/replaymod/mixin/EventHandlerMixin.java	EventHandlerMixin	flag,method
8	com/moonsworth/lunar/network/mixin/MixinHelper6.java	MixinHelper6	field,text
8	com/moonsworth/lunar/mixin/mixin/OpenGlHelperMixin.java	OpenGlHelperMixin	method,number
8	com/moonsworth/lunar/loader/Ichor4Type2.java	Ichor4Type2	text
8	com/moonsworth/lunar/legacy/wrapper/util/OpenALNative4.java	OpenALNative4	field,obj,value
8	com/moonsworth/lunar/legacy/mixin/ResourcePackRepositoryMixin2.java	ResourcePackRepositoryMixin2	method
8	com/moonsworth/lunar/legacy/mixin/MovementInputMixin.java	MovementInputMixin	flag,value
8	com/moonsworth/lunar/legacy/mixin/ModelPlayerLayerMixin.java	ModelPlayerLayerMixin	flag,value
8	com/moonsworth/lunar/legacy/mixin/GuiSlotMixin.java	GuiSlotMixin	flag,number
8	com/moonsworth/lunar/legacy/mixin/GuiConfirmOpenLinkLayoutMixin.java	GuiConfirmOpenLinkLayoutMixin	number
8	com/moonsworth/lunar/legacy/mixin/GuiChatPacketEnrichmentMixin.java	GuiChatPacketEnrichmentMixin	flag,method
8	com/moonsworth/lunar/legacy/mixin/GuiAchievementMixin.java	GuiAchievementMixin	method
8	com/moonsworth/lunar/legacy/mixin/EntityArmorStandRewindMixin.java	EntityArmorStandRewindMixin	arg,method
8	com/moonsworth/lunar/legacy/mixin/BlockXrayMixin.java	BlockXrayMixin	method
8	com/moonsworth/lunar/legacy/MixinMisc$Type.java	MixinMisc$Type	text
8	com/moonsworth/lunar/ichor/util/Ichor2Handler2.java	Ichor2Handler2	field,method,text
8	com/moonsworth/lunar/ichor/util/Ichor2Handler.java	Ichor2Handler	field,method,text
8	com/moonsworth/lunar/ichor/MixinHelper6$Data31.java	MixinHelper6$Data31	field,method
8	com/moonsworth/lunar/ichor/Ichor2Handler.java	Ichor2Handler	arg,method
8	com/moonsworth/lunar/ichor/AutoCloseableIterator2$Data.java	AutoCloseableIterator2$Data	field,method
8	com/moonsworth/lunar/genesis/PredicateExtension2$Data10.java	PredicateExtension2$Data10	field,text
8	com/moonsworth/lunar/genesis/MixinHelper8$Data27.java	MixinHelper8$Data27	field,method
8	com/moonsworth/lunar/genesis/MixinHelper8$1.java	MixinHelper8$1	field
8	com/moonsworth/lunar/genesis/MixinHelper7$1_2.java	MixinHelper7$1_2	field
8	com/moonsworth/lunar/genesis/MixinHelper632.java	MixinHelper632	method,value
8	com/moonsworth/lunar/genesis/MixinHelper6222.java	MixinHelper6222	method,value
8	com/moonsworth/lunar/genesis/MixinHelper52$Data4.java	MixinHelper52$Data4	field,value
8	com/moonsworth/lunar/genesis/MixinHelper4$2.java	MixinHelper4$2	field,number
8	com/moonsworth/lunar/genesis/MixinHelper4$1_3.java	MixinHelper4$1_3	field
8	com/moonsworth/lunar/genesis/MixinHelper3_13.java	MixinHelper3_13	value
8	com/moonsworth/lunar/genesis/MixinHelper3222$Data.java	MixinHelper3222$Data	field,method,value
8	com/moonsworth/lunar/genesis/MixinHelper31_2.java	MixinHelper31_2	number,value
8	com/moonsworth/lunar/genesis/MixinHelper31242.java	MixinHelper31242	field,method,value
8	com/moonsworth/lunar/genesis/MixinHelper25$Data3.java	MixinHelper25$Data3	field,obj
8	com/moonsworth/lunar/genesis/MixinHelper25$Data12.java	MixinHelper25$Data12	field,obj
8	com/moonsworth/lunar/genesis/MixinHelper23$Data9.java	MixinHelper23$Data9	field,value
8	com/moonsworth/lunar/genesis/MixinHelper23$3.java	MixinHelper23$3	field,method
8	com/moonsworth/lunar/genesis/MixinHelper2$Data21.java	MixinHelper2$Data21	field
8	com/moonsworth/lunar/genesis/MixinHelper2$1_2.java	MixinHelper2$1_2	field
8	com/moonsworth/lunar/genesis/MixinHelper18$Data2.java	MixinHelper18$Data2	field
8	com/moonsworth/lunar/genesis/MixinHelper16_4.java	MixinHelper16_4	number,value
8	com/moonsworth/lunar/genesis/MixinHelper13462.java	MixinHelper13462	method,obj,value
8	com/moonsworth/lunar/genesis/MixinHelper10$Data10.java	MixinHelper10$Data10	method,obj,value
8	com/moonsworth/lunar/genesis/Comparator12.java	Comparator12	field,method,obj
8	com/moonsworth/lunar/genesis/AbstractQueueIterator$Data3.java	AbstractQueueIterator$Data3	field,value
8	com/moonsworth/lunar/genesis/AbstractCollectionIterator424$Data.java	AbstractCollectionIterator424$Data	field,method,number,value
8	com/moonsworth/lunar/forge/mixin/ChunkProviderServerMixin.java	ChunkProviderServerMixin	number
8	com/moonsworth/lunar/forge/lib/guava/util/concurrent/WrappingExecutorService.java	WrappingExecutorService	number,value
8	com/moonsworth/lunar/forge/lib/guava/util/concurrent/TimeLimiter.java	TimeLimiter	number,value
8	com/moonsworth/lunar/forge/lib/guava/util/concurrent/ForwardingExecutorService.java	ForwardingExecutorService	number,value
8	com/moonsworth/lunar/forge/lib/guava/util/concurrent/CollectionFuture.java	CollectionFuture	flag,value
8	com/moonsworth/lunar/forge/lib/guava/reflect/MutableTypeToInstanceMap.java	MutableTypeToInstanceMap	value
8	com/moonsworth/lunar/forge/lib/guava/io/Resources.java	Resources	text
8	com/moonsworth/lunar/forge/lib/guava/hash/HashFunction.java	HashFunction	number,text,value
8	com/moonsworth/lunar/forge/lib/guava/graph/MutableValueGraph.java	MutableValueGraph	value
8	com/moonsworth/lunar/forge/lib/guava/graph/GraphConnections.java	GraphConnections	value
8	com/moonsworth/lunar/forge/lib/guava/collect/UnmodifiableSortedMultiset.java	UnmodifiableSortedMultiset	value
8	com/moonsworth/lunar/forge/lib/guava/collect/ImmutableMapEntrySet.java	ImmutableMapEntrySet	number,obj
8	com/moonsworth/lunar/forge/lib/guava/collect/FilteredKeySetMultimap.java	FilteredKeySetMultimap	obj,value
8	com/moonsworth/lunar/forge/lib/guava/collect/DescendingMultiset.java	DescendingMultiset	value
8	com/moonsworth/lunar/forge/lib/guava/collect/ComparatorOrdering.java	ComparatorOrdering	obj,value
8	com/moonsworth/lunar/forge/lib/guava/cache/RemovalNotification.java	RemovalNotification	value
8	com/moonsworth/lunar/forge/lib/guava/cache/ForwardingLoadingCache.java	ForwardingLoadingCache	value
8	com/moonsworth/lunar/forge/lib/ZipEntryImpl.java	ZipEntryImpl	field,text
8	com/moonsworth/lunar/forge/lib/OutputStreamSerializer$Data4.java	OutputStreamSerializer$Data4	field,text
8	com/moonsworth/lunar/forge/lib/OutputStreamSerializer$Data2.java	OutputStreamSerializer$Data2	field,flag,number
8	com/moonsworth/lunar/forge/lib/MixinMisc_3.java	MixinMisc_3	field
8	com/moonsworth/lunar/forge/lib/MixinMisc7.java	MixinMisc7	field,number
8	com/moonsworth/lunar/forge/lib/MixinMisc3_2.java	MixinMisc3_2	field,method,number
8	com/moonsworth/lunar/forge/lib/MixinHelper67.java	MixinHelper67	method,number,text
8	com/moonsworth/lunar/forge/lib/MixinHelper65.java	MixinHelper65	method,number,text
8	com/moonsworth/lunar/forge/lib/MixinHelper6235.java	MixinHelper6235	method,number,text
8	com/moonsworth/lunar/forge/lib/MixinHelper6232.java	MixinHelper6232	method,number,text
8	com/moonsworth/lunar/forge/lib/MixinHelper6$Data33.java	MixinHelper6$Data33	field
8	com/moonsworth/lunar/forge/lib/MixinHelper324.java	MixinHelper324	field,method
8	com/moonsworth/lunar/forge/lib/MixinHelper$Extension6.java	MixinHelper$Extension6	field,method
8	com/moonsworth/lunar/forge/lib/MixinCore2.java	MixinCore2	method,text
8	com/moonsworth/lunar/forge/lib/InputStreamLoader42.java	InputStreamLoader42	number
8	com/moonsworth/lunar/forge/lib/InputStreamBase_3.java	InputStreamBase_3	method,number
8	com/moonsworth/lunar/forge/lib/CloseableSerializer$Data4.java	CloseableSerializer$Data4	field,method,number
8	com/moonsworth/lunar/forge/lib/CloseableSerializer$Data2.java	CloseableSerializer$Data2	field,method,number
8	com/moonsworth/lunar/forge/lib/CloseableSerializer$Data.java	CloseableSerializer$Data	field,method,number
8	com/moonsworth/lunar/files/Files2_2.java	Files2_2	field,method
8	com/moonsworth/lunar/client/util/rewindhandlers/RewindhandlersExtension2.java	RewindhandlersExtension2	field,method,number,value
8	com/moonsworth/lunar/client/util/NotNullSerialized.java	NotNullSerialized	arg,field,method
8	com/moonsworth/lunar/client/util/Fishing.java	Fishing	field,method
8	com/moonsworth/lunar/client/mumble/LinkData.java	LinkData	text
8	com/moonsworth/lunar/client/mod/misc/PackOrganizer.java	PackOrganizer	field,method
8	com/moonsworth/lunar/client/lighting/nameplate/Nameplate2.java	Nameplate2	method,value
8	com/moonsworth/lunar/client/killsounds/mixin/Killsounds4.java	Killsounds4	method,text
8	com/moonsworth/lunar/client/killsounds/Killsounds15Impl10.java	Killsounds15Impl10	arg,method,obj
8	com/moonsworth/lunar/client/inactive/mixin/holograms/EvaluatorImpl.java	EvaluatorImpl	field,method
8	com/moonsworth/lunar/client/inactive/mixin/gui/Gui2.java	Gui2	field,flag,method
8	com/moonsworth/lunar/client/inactive/mixin/fishing/FishingHandler45.java	FishingHandler45	field,method
8	com/moonsworth/lunar/client/inactive/gui/GuiHandler2.java	GuiHandler2	field,method
8	com/moonsworth/lunar/client/highlight/mixin/gui/HighlightImpl21.java	HighlightImpl21	field,method
8	com/moonsworth/lunar/client/highlight/mixin/gui/HighlightImpl20.java	HighlightImpl20	field,method
8	com/moonsworth/lunar/client/highlight/fishing/HighlightImpl23.java	HighlightImpl23	field,method
8	com/moonsworth/lunar/client/highlight/fishing/HighlightImpl18.java	HighlightImpl18	field,method
8	com/moonsworth/lunar/client/highlight/fishing/HighlightImpl14$Data2.java	HighlightImpl14$Data2	field,method
8	com/moonsworth/lunar/client/highlight/fishing/HighlightImpl14$Data.java	HighlightImpl14$Data	field,method
8	com/moonsworth/lunar/client/highlight/fishing/HighlightImpl10.java	HighlightImpl10	field,method
8	com/moonsworth/lunar/client/highlight/fishing/HighlightImpl.java	HighlightImpl	field,method
8	com/moonsworth/lunar/client/highlight/EventRenderButton.java	EventRenderButton	field,method
8	com/moonsworth/lunar/client/highlight/ApolloPacketEvent.java	ApolloPacketEvent	field,method
8	com/moonsworth/lunar/client/heightlimit/Heightlimit2.java	Heightlimit2	field,flag,method
8	com/moonsworth/lunar/client/glintcolorizer/highlight/Glintcolorizer2Base4.java	Glintcolorizer2Base4	field,method
8	com/moonsworth/lunar/client/glintcolorizer/Glintcolorizer2Handler22.java	Glintcolorizer2Handler22	text,value
8	com/moonsworth/lunar/client/framework/feature/rewind/rewindhandlersNameplateCore/mixin/RewindhandlersNameplateCoreImpl5.java	RewindhandlersNameplateCoreImpl5	field,method,text
8	com/moonsworth/lunar/client/framework/feature/rewind/rewindhandlersNameplateCore/mixin/RewindhandlersNameplateCoreImpl11.java	RewindhandlersNameplateCoreImpl11	field,method
8	com/moonsworth/lunar/client/framework/feature/rewind/rewindhandlers/coordinates/Coordinates2.java	Coordinates2	field,text
8	com/moonsworth/lunar/client/framework/feature/rewind/nameplate/mixin/holograms/Nameplate2Impl.java	Nameplate2Impl	method,number
8	com/moonsworth/lunar/client/framework/feature/rewind/nameplate/mixin/gui/Nameplate2Impl5.java	Nameplate2Impl5	method,text
8	com/moonsworth/lunar/client/framework/feature/rewind/gui/Gui3.java	Gui3	method,number,text,value
8	com/moonsworth/lunar/client/framework/feature/rewind/Rewind2_2.java	Rewind2_2	field,method,number
8	com/moonsworth/lunar/client/framework/feature/mod/rewindhandlers/Rewindhandlers$Data12.java	Rewindhandlers$Data12	field,method
8	com/moonsworth/lunar/client/framework/feature/mod/impl/burrow/mixin/BurrowType2.java	BurrowType2	method
8	com/moonsworth/lunar/client/framework/feature/mod/impl/burrow/mixin/BurrowType.java	BurrowType	arg,flag,text
8	com/moonsworth/lunar/client/framework/feature/mod/holograms/ParentTImpl3.java	ParentTImpl3	method
8	com/moonsworth/lunar/client/framework/feature/mod/holograms/ParentTImpl2.java	ParentTImpl2	field,method
8	com/moonsworth/lunar/client/framework/feature/mod/fishing/holograms/mixin/Holograms2.java	Holograms2	field,method
8	com/moonsworth/lunar/client/framework/feature/mod/fishing/holograms/HologramsType8.java	HologramsType8	number
8	com/moonsworth/lunar/client/framework/feature/mod/fishing/holograms/Holograms3Impl7.java	Holograms3Impl7	field,method
8	com/moonsworth/lunar/client/framework/feature/mod/fishing/holograms/Holograms3Impl4.java	Holograms3Impl4	field,method
8	com/moonsworth/lunar/client/framework/feature/mod/fishing/holograms/Holograms11.java	Holograms11	field,method
8	com/moonsworth/lunar/client/framework/feature/mod/fishing/holograms/Holograms$Data2.java	Holograms$Data2	field,method
8	com/moonsworth/lunar/client/framework/feature/mod/fishing/gui/mixin/Gui5.java	Gui5	field,method
8	com/moonsworth/lunar/client/framework/feature/mod/fishing/gui/JsonDeserializerIterator.java	JsonDeserializerIterator	method
8	com/moonsworth/lunar/client/framework/feature/mod/fishing/coordinates/mixin/Coordinates.java	Coordinates	field,method
8	com/moonsworth/lunar/client/framework/feature/mod/fishing/colorsaturation/Colorsaturation.java	Colorsaturation	field,method
8	com/moonsworth/lunar/client/framework/feature/mod/fishing/Fishing3Impl5.java	Fishing3Impl5	method,text
8	com/moonsworth/lunar/client/framework/feature/mod/fishing/Fishing3Impl2.java	Fishing3Impl2	field,method,text
8	com/moonsworth/lunar/client/framework/feature/minimap/Minimap_2.java	Minimap_2	field,method,value
8	com/moonsworth/lunar/client/framework/feature/markers/Markers_3.java	Markers_3	method,value
8	com/moonsworth/lunar/client/framework/feature/killsounds/mixin/Killsounds4Loader2.java	Killsounds4Loader2	text
8	com/moonsworth/lunar/client/framework/feature/killsounds/mixin/Killsounds2.java	Killsounds2	field,method
8	com/moonsworth/lunar/client/framework/feature/crosshair/mixin/Gui2Extension2.java	Gui2Extension2	number,text
8	com/moonsworth/lunar/client/framework/Framework5.java	Framework5	flag,method
8	com/moonsworth/lunar/client/fps/Fps7Extension24.java	Fps7Extension24	method,number,value
8	com/moonsworth/lunar/client/fps/Fps7Extension18.java	Fps7Extension18	method,number,value
8	com/moonsworth/lunar/client/fov/Fov3_3.java	Fov3_3	field,method
8	com/moonsworth/lunar/client/fov/Fov3$Data6.java	Fov3$Data6	field,method
8	com/moonsworth/lunar/client/fov/Fov3$Data5.java	Fov3$Data5	field,method,text
8	com/moonsworth/lunar/client/fishing/Fishing.java	Fishing	field,method
8	com/moonsworth/lunar/client/coordinates/Coordinates.java	Coordinates	field,text
8	com/moonsworth/lunar/bridge/slayer/Slayer3.java	Slayer3	field,flag,method,text
8	com/moonsworth/lunar/bridge/itemcounter/ItemcounterType2.java	ItemcounterType2	number,text
8	com/moonsworth/lunar/bridge/itemcounter/Itemcounter4_3.java	Itemcounter4_3	method,value
8	com/moonsworth/lunar/bridge/horsestats/HorsestatsType3.java	HorsestatsType3	number,text
8	com/moonsworth/lunar/bridge/fog/Fog.java	Fog	method,number,value
8	com/moonsworth/lunar/bridge/Bridge7_9.java	Bridge7_9	flag,number,text,value
8	com/moonsworth/lunar/bridge/Bridge5Extension_3.java	Bridge5Extension_3	method,number
8	com/moonsworth/lunar/bridge/Bridge4_17.java	Bridge4_17	method,value
7	net/minecraft/nbt/NBTTagCompound.java	NBTTagCompound	var
7	net/minecraft/item/ItemPotion.java	ItemPotion	i,j
7	net/minecraft/entity/player/EntityPlayer.java	EntityPlayer	flag
7	net/minecraft/command/ServerCommandManager.java	ServerCommandManager	flag
7	net/minecraft/command/CommandClone.java	CommandClone	flag,i
7	net/minecraft/client/renderer/texture/LayeredColorMaskTexture.java	LayeredColorMaskTexture	i,j,k
7	net/minecraft/block/BlockPistonBase.java	BlockPistonBase	flag,i
7	com/moonsworth/lunar/v1_8/mixin/ServerListEntryNormalMixin.java	ServerListEntryNormalMixin	number,text
7	com/moonsworth/lunar/v1_8/mixin/ServerConfigurationManagerMixin.java	ServerConfigurationManagerMixin	text
7	com/moonsworth/lunar/v1_12/mixin/ServerListEntryNormalMixin.java	ServerListEntryNormalMixin	number,text
7	com/moonsworth/lunar/replaymod/mixin/ReplayModRecordingV1_8Mixin.java	ReplayModRecordingV1_8Mixin	flag,method,number,text
7	com/moonsworth/lunar/replaymod/mixin/ReplayModRecordingMixin.java	ReplayModRecordingMixin	flag,method,number,text
7	com/moonsworth/lunar/replaymod/mixin/DisableFastRenderV1_8Mixin.java	DisableFastRenderV1_8Mixin	arg,method
7	com/moonsworth/lunar/replaymod/mixin/DisableFastRenderMixin.java	DisableFastRenderMixin	arg,method
7	com/moonsworth/lunar/replaymod/forge/Ichor5Loader.java	Ichor5Loader	method
7	com/moonsworth/lunar/network/mixin/MixinHelper103.java	MixinHelper103	method,text
7	com/moonsworth/lunar/legacy/wrapper/EffectPacketBuilder.java	EffectPacketBuilder	method,number
7	com/moonsworth/lunar/legacy/wrapper/Bridge5Handler_2.java	Bridge5Handler_2	method,number
7	com/moonsworth/lunar/legacy/wrapper/Bridge4Handler_2.java	Bridge4Handler_2	method
7	com/moonsworth/lunar/legacy/wrapper/BlockBreakAnimPacketBuilder.java	BlockBreakAnimPacketBuilder	method,number
7	com/moonsworth/lunar/legacy/mixin/TileEntitySkullRendererMixin.java	TileEntitySkullRendererMixin	number,value
7	com/moonsworth/lunar/legacy/mixin/ShaderManagerMixin.java	ShaderManagerMixin	obj,text
7	com/moonsworth/lunar/legacy/mixin/ScoreMixin.java	ScoreMixin	number,text
7	com/moonsworth/lunar/legacy/mixin/RenderGuardianMixin.java	RenderGuardianMixin	method,value
7	com/moonsworth/lunar/legacy/mixin/EntityOtherPlayerMPMixin.java	EntityOtherPlayerMPMixin	method,value
7	com/moonsworth/lunar/legacy/mixin/EntityHorseMixin.java	EntityHorseMixin	value
7	com/moonsworth/lunar/legacy/mixin/CustomColorsMixin.java	CustomColorsMixin	flag,method,value
7	com/moonsworth/lunar/legacy/Legacy2$1.java	Legacy2$1	field,text
7	com/moonsworth/lunar/ichor/api/IchorAPI2.java	IchorAPI2	flag,method,text
7	com/moonsworth/lunar/ichor/MixinMisc$Data2.java	MixinMisc$Data2	field,method,text
7	com/moonsworth/lunar/ichor/MixinHelper4_2.java	MixinHelper4_2	field,method
7	com/moonsworth/lunar/genesis/MixinHelperType$5_2.java	MixinHelperType$5_2	text
7	com/moonsworth/lunar/genesis/MixinHelperType$2_2.java	MixinHelperType$2_2	text
7	com/moonsworth/lunar/genesis/MixinHelperType$1_2.java	MixinHelperType$1_2	text
7	com/moonsworth/lunar/genesis/MixinHelperIterator322.java	MixinHelperIterator322	field,method
7	com/moonsworth/lunar/genesis/MixinHelperIterator32$Data.java	MixinHelperIterator32$Data	method,obj
7	com/moonsworth/lunar/genesis/MixinHelper7_2.java	MixinHelper7_2	field,flag,method
7	com/moonsworth/lunar/genesis/MixinHelper72.java	MixinHelper72	obj
7	com/moonsworth/lunar/genesis/MixinHelper5$Data15.java	MixinHelper5$Data15	field,number,text
7	com/moonsworth/lunar/genesis/MixinHelper5$2_2.java	MixinHelper5$2_2	field,method,text
7	com/moonsworth/lunar/genesis/MixinHelper4_10.java	MixinHelper4_10	method,obj,value
7	com/moonsworth/lunar/genesis/MixinHelper4$Data15.java	MixinHelper4$Data15	field,method
7	com/moonsworth/lunar/genesis/MixinHelper37$Data13.java	MixinHelper37$Data13	field
7	com/moonsworth/lunar/genesis/MixinHelper24.java	MixinHelper24	method,text,value
7	com/moonsworth/lunar/genesis/MixinHelper142$Data.java	MixinHelper142$Data	field,text,value
7	com/moonsworth/lunar/genesis/MixinHelper1346$Data.java	MixinHelper1346$Data	field,value
7	com/moonsworth/lunar/genesis/MixinHelper132$Data.java	MixinHelper132$Data	field,text,value
7	com/moonsworth/lunar/genesis/MixinHelper122$Data.java	MixinHelper122$Data	field,number,text
7	com/moonsworth/lunar/genesis/MixinHelper1133.java	MixinHelper1133	method,value
7	com/moonsworth/lunar/genesis/MixinHelper1122$Data.java	MixinHelper1122$Data	field,method
7	com/moonsworth/lunar/genesis/MixinHelper112$Data2.java	MixinHelper112$Data2	field,number,text
7	com/moonsworth/lunar/genesis/MixinHelper10$Data5.java	MixinHelper10$Data5	field
7	com/moonsworth/lunar/genesis/MixinHelper10$1_3.java	MixinHelper10$1_3	field
7	com/moonsworth/lunar/genesis/MixinHelper$Data42.java	MixinHelper$Data42	field,obj,value
7	com/moonsworth/lunar/genesis/FilterOutputStreamSerializer_2.java	FilterOutputStreamSerializer_2	number
7	com/moonsworth/lunar/genesis/FilenameFilter.java	FilenameFilter	field,text
7	com/moonsworth/lunar/genesis/Comparator13.java	Comparator13	field,obj
7	com/moonsworth/lunar/genesis/BiPredicateLoader$Data3.java	BiPredicateLoader$Data3	field,obj
7	com/moonsworth/lunar/framework/mixin/Ichor2Handler.java	Ichor2Handler	method,text
7	com/moonsworth/lunar/forge/lib/guava/util/concurrent/AbstractService.java	AbstractService	flag,number
7	com/moonsworth/lunar/forge/lib/guava/reflect/ImmutableTypeToInstanceMap.java	ImmutableTypeToInstanceMap	value
7	com/moonsworth/lunar/forge/lib/guava/io/CountingOutputStream.java	CountingOutputStream	number
7	com/moonsworth/lunar/forge/lib/guava/graph/MutableNetwork.java	MutableNetwork	value
7	com/moonsworth/lunar/forge/lib/guava/graph/ElementOrder.java	ElementOrder	number,obj
7	com/moonsworth/lunar/forge/lib/guava/collect/TreeMultimap.java	TreeMultimap	value
7	com/moonsworth/lunar/forge/lib/guava/collect/LexicographicalOrdering.java	LexicographicalOrdering	number,obj
7	com/moonsworth/lunar/forge/lib/guava/collect/AbstractRangeSet.java	AbstractRangeSet	obj,value
7	com/moonsworth/lunar/forge/lib/guava/base/Present.java	Present	obj,value
7	com/moonsworth/lunar/forge/lib/guava/base/Optional.java	Optional	obj,value
7	com/moonsworth/lunar/forge/lib/guava/base/Objects.java	Objects	obj
7	com/moonsworth/lunar/forge/lib/MixinSupport.java	MixinSupport	flag,number
7	com/moonsworth/lunar/forge/lib/MixinShared_3.java	MixinShared_3	field,number
7	com/moonsworth/lunar/forge/lib/MixinHelper63.java	MixinHelper63	method,number,text
7	com/moonsworth/lunar/forge/lib/MixinHelper628.java	MixinHelper628	method,number,text
7	com/moonsworth/lunar/forge/lib/MixinHelper627.java	MixinHelper627	method,number,text
7	com/moonsworth/lunar/forge/lib/MixinHelper625.java	MixinHelper625	method,number,text
7	com/moonsworth/lunar/forge/lib/MixinHelper624.java	MixinHelper624	method,number,text
7	com/moonsworth/lunar/forge/lib/MixinHelper5$Data30.java	MixinHelper5$Data30	field
7	com/moonsworth/lunar/forge/lib/MixinHelper3562.java	MixinHelper3562	method,number,obj
7	com/moonsworth/lunar/forge/lib/MixinExtraImpl2.java	MixinExtraImpl2	method,number
7	com/moonsworth/lunar/forge/lib/MixinExtra4.java	MixinExtra4	flag,method,text
7	com/moonsworth/lunar/forge/lib/MixinCoreException2.java	MixinCoreException2	field,text
7	com/moonsworth/lunar/forge/lib/MixinCore.java	MixinCore	method,number
7	com/moonsworth/lunar/forge/lib/MixinAlt7.java	MixinAlt7	field,method
7	com/moonsworth/lunar/forge/lib/InputStreamLoader5.java	InputStreamLoader5	method,number,text
7	com/moonsworth/lunar/forge/lib/FilterInputStreamImpl2_2.java	FilterInputStreamImpl2_2	number
7	com/moonsworth/lunar/client/util/colorsaturation/Colorsaturation.java	Colorsaturation	method,number
7	com/moonsworth/lunar/client/util/click/Click10.java	Click10	field,method,number
7	com/moonsworth/lunar/client/util/ThreadModuleDump93.java	ThreadModuleDump93	arg,method
7	com/moonsworth/lunar/client/util/DisconnectUtils.java	DisconnectUtils	method
7	com/moonsworth/lunar/client/pkg/Pkg.java	Pkg	method
7	com/moonsworth/lunar/client/mixin/TextureMapMixin3.java	TextureMapMixin3	method,number
7	com/moonsworth/lunar/client/mixin/TextureMapMixin2.java	TextureMapMixin2	method,number
7	com/moonsworth/lunar/client/markers/mixin/gui/mixin/rewindhandlers/GuiExtension5.java	GuiExtension5	field,method
7	com/moonsworth/lunar/client/markers/mixin/gui/mixin/GuiExtension7.java	GuiExtension7	method
7	com/moonsworth/lunar/client/markers/MarkersImpl_2.java	MarkersImpl_2	field,flag,method
7	com/moonsworth/lunar/client/lighting/nameplate/ThreadModuleDump43Extension2.java	ThreadModuleDump43Extension2	method,number
7	com/moonsworth/lunar/client/lighting/Lighting_2.java	Lighting_2	method
7	com/moonsworth/lunar/client/lighting/LightingBase.java	LightingBase	method,text,value
7	com/moonsworth/lunar/client/killsounds/mixin/Killsounds6.java	Killsounds6	method,text
7	com/moonsworth/lunar/client/killsounds/Killsounds14.java	Killsounds14	method,obj,text
7	com/moonsworth/lunar/client/inactive/mixin/gui/mixin/Gui.java	Gui	field,method
7	com/moonsworth/lunar/client/highlight/mixin/fishing/mixin/HighlightImpl3.java	HighlightImpl3	field,method
7	com/moonsworth/lunar/client/highlight/mixin/fishing/HighlightImpl21.java	HighlightImpl21	field,method
7	com/moonsworth/lunar/client/guiRewindhandlers/GuiRewindhandlersHandler3.java	GuiRewindhandlersHandler3	field,method
7	com/moonsworth/lunar/client/glintcolorizer/Glintcolorizer_6.java	Glintcolorizer_6	field,flag,method
7	com/moonsworth/lunar/client/glintcolorizer/Glintcolorizer4.java	Glintcolorizer4	flag,number
7	com/moonsworth/lunar/client/glintcolorizer/Glintcolorizer2Base_2.java	Glintcolorizer2Base_2	method,number,text
7	com/moonsworth/lunar/client/glintcolorizer/Glintcolorizer2Base44_2.java	Glintcolorizer2Base44_2	method,text,value
7	com/moonsworth/lunar/client/framework/nameplate/Nameplate7.java	Nameplate7	field,flag,method
7	com/moonsworth/lunar/client/framework/feature/worldeditcui/Worldeditcui2Base3.java	Worldeditcui2Base3	field,method,number
7	com/moonsworth/lunar/client/framework/feature/worldeditcui/Worldeditcui2Base2.java	Worldeditcui2Base2	field,method,number
7	com/moonsworth/lunar/client/framework/feature/waypoints/Waypoints.java	Waypoints	field,method,number
7	com/moonsworth/lunar/client/framework/feature/tps/Tps.java	Tps	field,method
7	com/moonsworth/lunar/client/framework/feature/rewind/rewindhandlers/mixin/Rewindhandlers.java	Rewindhandlers	field,method,value
7	com/moonsworth/lunar/client/framework/feature/rewind/nameplate/mixin/nameplate/Nameplate2Impl2.java	Nameplate2Impl2	flag,method
7	com/moonsworth/lunar/client/framework/feature/rewind/nameplate/mixin/holograms/Nameplate2Impl9.java	Nameplate2Impl9	method,number
7	com/moonsworth/lunar/client/framework/feature/rewind/holograms/Holograms4.java	Holograms4	field,method,text
7	com/moonsworth/lunar/client/framework/feature/pkg/Pkg.java	Pkg	field,method
7	com/moonsworth/lunar/client/framework/feature/mod/impl/ultrasequencer/Framework7Extension2.java	Framework7Extension2	field,method
7	com/moonsworth/lunar/client/framework/feature/mod/impl/beeheemoth/mixin/BeeheemothType.java	BeeheemothType	method,text
7	com/moonsworth/lunar/client/framework/feature/mod/holograms/GuiRewindhandlersHandler22.java	GuiRewindhandlersHandler22	field,method
7	com/moonsworth/lunar/client/framework/feature/mod/fishing/Fishing3Impl4.java	Fishing3Impl4	method,text
7	com/moonsworth/lunar/client/framework/feature/mod/fishing/Fishing3Impl3.java	Fishing3Impl3	method,text
7	com/moonsworth/lunar/client/framework/feature/blockoutline/Gui2Extension2.java	Gui2Extension2	field,text
7	com/moonsworth/lunar/client/framework/Framework4.java	Framework4	flag,method
7	com/moonsworth/lunar/client/fps/Fps7Extension9.java	Fps7Extension9	method,number,value
7	com/moonsworth/lunar/client/fps/Fps7Extension8.java	Fps7Extension8	method,number,value
7	com/moonsworth/lunar/client/fps/Fps7Extension5.java	Fps7Extension5	method,number,value
7	com/moonsworth/lunar/client/fps/Fps7Extension4.java	Fps7Extension4	method,number,value
7	com/moonsworth/lunar/client/fps/Fps7Extension28.java	Fps7Extension28	method,number,value
7	com/moonsworth/lunar/client/fps/Fps7Extension27.java	Fps7Extension27	method,number,value
7	com/moonsworth/lunar/client/fps/Fps7Extension25.java	Fps7Extension25	method,number,value
7	com/moonsworth/lunar/client/fps/Fps7Extension23.java	Fps7Extension23	method,number,value
7	com/moonsworth/lunar/client/fps/Fps7Extension21.java	Fps7Extension21	method,number,value
7	com/moonsworth/lunar/client/fps/Fps7Extension20.java	Fps7Extension20	method,number,value
7	com/moonsworth/lunar/client/fps/Fps7Extension2.java	Fps7Extension2	method,number,value
7	com/moonsworth/lunar/client/fps/Fps7Extension14.java	Fps7Extension14	method,number,value
7	com/moonsworth/lunar/client/fps/Fps7Extension13.java	Fps7Extension13	method,number,value
7	com/moonsworth/lunar/client/fps/Fps7Extension12.java	Fps7Extension12	method,number,value
7	com/moonsworth/lunar/client/fps/Fps7Extension10.java	Fps7Extension10	method,number,value
7	com/moonsworth/lunar/client/fps/Fps2.java	Fps2	method,text
7	com/moonsworth/lunar/client/fog/click/ClickImpl.java	ClickImpl	field,method,text
7	com/moonsworth/lunar/client/fog/Fog2.java	Fog2	field,method,text
7	com/moonsworth/lunar/client/click/Bridge7Iterator.java	Bridge7Iterator	method,number
7	com/moonsworth/lunar/client/animations/Animations.java	Animations	field,method
7	com/moonsworth/lunar/bridge/TiersBridge.java	TiersBridge	method
7	com/moonsworth/lunar/bridge/MixinHelper_19.java	MixinHelper_19	method,number
7	com/moonsworth/lunar/bridge/EntityListBridge.java	EntityListBridge	method,text
7	com/moonsworth/lunar/bridge/DisplayListBridge.java	DisplayListBridge	field,flag,number
7	com/moonsworth/lunar/bridge/BridgeType2_4.java	BridgeType2_4	text
7	com/moonsworth/lunar/bridge/BridgeExtension2_5.java	BridgeExtension2_5	value
7	com/moonsworth/lunar/bridge/Bridge8Handler2.java	Bridge8Handler2	method,text
7	com/moonsworth/lunar/bridge/Bridge4_24.java	Bridge4_24	method
7	com/moonsworth/lunar/bridge/Bridge12$Extension.java	Bridge12$Extension	method,number
7	com/moonsworth/lunar/bridge/Bridge$Type2.java	Bridge$Type2	field,method,number
6	net/minecraft/world/biome/BiomeGenHills.java	BiomeGenHills	i,j,k
6	net/minecraft/village/Village.java	Village	flag,i
6	net/minecraft/util/AxisAlignedBB.java	AxisAlignedBB	var
6	net/minecraft/server/management/PlayerProfileCache.java	PlayerProfileCache	var
6	net/minecraft/item/crafting/CraftingManager.java	CraftingManager	i
6	net/minecraft/item/ItemBed.java	ItemBed	flag
6	net/minecraft/entity/player/InventoryPlayer.java	InventoryPlayer	i,j
6	net/minecraft/entity/monster/EntitySkeleton.java	EntitySkeleton	i,j
6	net/minecraft/client/renderer/entity/RenderXPOrb.java	RenderXPOrb	i,j
6	net/minecraft/client/gui/GuiStreamIndicator.java	GuiStreamIndicator	i,j
6	net/minecraft/block/BlockLiquid.java	BlockLiquid	i,j
6	com/moonsworth/webosr/wrappers/image/ChildImageSource.java	ChildImageSource	number
6	com/moonsworth/webosr/wrappers/WebEngine.java	WebEngine	flag,number,text
6	com/moonsworth/webosr/wrappers/NativeFuture.java	NativeFuture	flag,number
6	com/moonsworth/webosr/handler/FileSystem$Payload.java	FileSystem$Payload	number,text
6	com/moonsworth/lunar/v1_8/optifine/wrapper/Slayer3Impl.java	Slayer3Impl	number
6	com/moonsworth/lunar/v1_8/mixin/GuiSlotMixin.java	GuiSlotMixin	flag,number
6	com/moonsworth/lunar/replaymod/mixin/GuiHandlerRecordingV1_8Mixin.java	GuiHandlerRecordingV1_8Mixin	method
6	com/moonsworth/lunar/replaymod/mixin/GuiHandlerMixin.java	GuiHandlerMixin	method
6	com/moonsworth/lunar/network/mixin/MixinHelper9.java	MixinHelper9	field,method
6	com/moonsworth/lunar/mixin/mixin/WorldMixin2.java	WorldMixin2	number
6	com/moonsworth/lunar/mixin/ChannelInitializerImpl.java	ChannelInitializerImpl	method,number
6	com/moonsworth/lunar/legacy/wrapper/Horsestats23Handler.java	Horsestats23Handler	method,text
6	com/moonsworth/lunar/legacy/optifine/wrapper/Slayer3Renderer222.java	Slayer3Renderer222	number
6	com/moonsworth/lunar/legacy/mixin/SimpleTextureMixin.java	SimpleTextureMixin	method
6	com/moonsworth/lunar/legacy/mixin/OldServerPingerMixin.java	OldServerPingerMixin	field,method,text
6	com/moonsworth/lunar/legacy/mixin/NBTTagListMixin.java	NBTTagListMixin	number
6	com/moonsworth/lunar/legacy/mixin/GuiSlotBackgroundMixin.java	GuiSlotBackgroundMixin	flag,number
6	com/moonsworth/lunar/legacy/mixin/GuiScreenMenuBlurMixin.java	GuiScreenMenuBlurMixin	method
6	com/moonsworth/lunar/legacy/mixin/GuiKeyBindingListMixin.java	GuiKeyBindingListMixin	field,method,text
6	com/moonsworth/lunar/legacy/mixin/FontRendererOverlayMixin.java	FontRendererOverlayMixin	method,number
6	com/moonsworth/lunar/legacy/mixin/EntityPlayerNameplateMixin.java	EntityPlayerNameplateMixin	flag,method,number
6	com/moonsworth/lunar/ichor/util/LinkedHashMapImpl.java	LinkedHashMapImpl	field,number
6	com/moonsworth/lunar/ichor/mixin/MixinHelper7.java	MixinHelper7	field,text
6	com/moonsworth/lunar/ichor/mixin/MixinHelper5.java	MixinHelper5	field,method
6	com/moonsworth/lunar/ichor/InheritanceProvider$1.java	InheritanceProvider$1	flag,text
6	com/moonsworth/lunar/ichor/Ichor2Handler23.java	Ichor2Handler23	field,method
6	com/moonsworth/lunar/ichor/Annotation8.java	Annotation8	method
6	com/moonsworth/lunar/genesis/NumberBase$1_2.java	NumberBase$1_2	field,obj
6	com/moonsworth/lunar/genesis/NumberBase$1.java	NumberBase$1	field,obj
6	com/moonsworth/lunar/genesis/MixinHelper8$Data25.java	MixinHelper8$Data25	field,obj
6	com/moonsworth/lunar/genesis/MixinHelper8$Data24.java	MixinHelper8$Data24	field,value
6	com/moonsworth/lunar/genesis/MixinHelper8$Data22$Type$1.java	MixinHelper8$Data22$Type$1	field,obj
6	com/moonsworth/lunar/genesis/MixinHelper6$Data27.java	MixinHelper6$Data27	method,obj
6	com/moonsworth/lunar/genesis/MixinHelper527$Data.java	MixinHelper527$Data	field,method,number
6	com/moonsworth/lunar/genesis/MixinHelper5$1_5.java	MixinHelper5$1_5	field,method,number
6	com/moonsworth/lunar/genesis/MixinHelper4$Data19$Data.java	MixinHelper4$Data19$Data	field,obj
6	com/moonsworth/lunar/genesis/MixinHelper4$Data17$Data.java	MixinHelper4$Data17$Data	field,obj
6	com/moonsworth/lunar/genesis/MixinHelper37$Data2.java	MixinHelper37$Data2	field
6	com/moonsworth/lunar/genesis/MixinHelper3124$Data3.java	MixinHelper3124$Data3	field,method,value
6	com/moonsworth/lunar/genesis/MixinHelper2_3.java	MixinHelper2_3	field,method
6	com/moonsworth/lunar/genesis/MixinHelper292$Data$1.java	MixinHelper292$Data$1	field,obj
6	com/moonsworth/lunar/genesis/MixinHelper25$Data8.java	MixinHelper25$Data8	field
6	com/moonsworth/lunar/genesis/MixinHelper234$Data$Data.java	MixinHelper234$Data$Data	field,number
6	com/moonsworth/lunar/genesis/MixinHelper22_2.java	MixinHelper22_2	method,text
6	com/moonsworth/lunar/genesis/MixinHelper22$Data4.java	MixinHelper22$Data4	field,text
6	com/moonsworth/lunar/genesis/MixinHelper2$Type8$3.java	MixinHelper2$Type8$3	field,obj
6	com/moonsworth/lunar/genesis/MixinHelper2$1_4.java	MixinHelper2$1_4	field,method,text
6	com/moonsworth/lunar/genesis/MixinHelper18_2.java	MixinHelper18_2	field
6	com/moonsworth/lunar/genesis/MixinHelper17$Data6.java	MixinHelper17$Data6	field,value
6	com/moonsworth/lunar/genesis/MixinHelper$Data37.java	MixinHelper$Data37	field,obj
6	com/moonsworth/lunar/genesis/Comparator$Data3.java	Comparator$Data3	field,obj
6	com/moonsworth/lunar/genesis/CIterator23$Data.java	CIterator23$Data	field,number
6	com/moonsworth/lunar/genesis/AbstractMapLoader$Data24.java	AbstractMapLoader$Data24	field
6	com/moonsworth/lunar/genesis/AbstractCollectionIterator56222$Data.java	AbstractCollectionIterator56222$Data	field
6	com/moonsworth/lunar/forge/lib/mixin/CloseableExtension62.java	CloseableExtension62	number,text
6	com/moonsworth/lunar/forge/lib/mixin/CloseableExtension42.java	CloseableExtension42	number
6	com/moonsworth/lunar/forge/lib/mixin/CloseableExtension3.java	CloseableExtension3	number
6	com/moonsworth/lunar/forge/lib/guava/util/concurrent/ListeningScheduledExecutorService.java	ListeningScheduledExecutorService	number
6	com/moonsworth/lunar/forge/lib/guava/io/MultiReader.java	MultiReader	number
6	com/moonsworth/lunar/forge/lib/guava/graph/ValueGraphBuilder.java	ValueGraphBuilder	flag,number
6	com/moonsworth/lunar/forge/lib/guava/graph/MutableGraph.java	MutableGraph	value
6	com/moonsworth/lunar/forge/lib/guava/graph/GraphBuilder.java	GraphBuilder	flag,number
6	com/moonsworth/lunar/forge/lib/guava/graph/DirectedNetworkConnections.java	DirectedNetworkConnections	number,value
6	com/moonsworth/lunar/forge/lib/guava/eventbus/SubscriberExceptionContext.java	SubscriberExceptionContext	method,obj
6	com/moonsworth/lunar/forge/lib/guava/escape/ArrayBasedCharEscaper.java	ArrayBasedCharEscaper	text
6	com/moonsworth/lunar/forge/lib/guava/collect/RangeMap.java	RangeMap	obj,value
6	com/moonsworth/lunar/forge/lib/guava/collect/MapMaker.java	MapMaker	number
6	com/moonsworth/lunar/forge/lib/guava/collect/LinkedHashMultiset.java	LinkedHashMultiset	number
6	com/moonsworth/lunar/forge/lib/guava/collect/HashMultiset.java	HashMultiset	number
6	com/moonsworth/lunar/forge/lib/guava/collect/ForwardingSortedSetMultimap.java	ForwardingSortedSetMultimap	obj,value
6	com/moonsworth/lunar/forge/lib/guava/collect/ForwardingSetMultimap.java	ForwardingSetMultimap	obj,value
6	com/moonsworth/lunar/forge/lib/guava/collect/ForwardingListMultimap.java	ForwardingListMultimap	obj,value
6	com/moonsworth/lunar/forge/lib/guava/collect/FilteredKeyListMultimap.java	FilteredKeyListMultimap	obj,value
6	com/moonsworth/lunar/forge/lib/guava/collect/FilteredEntrySetMultimap.java	FilteredEntrySetMultimap	obj,value
6	com/moonsworth/lunar/forge/lib/guava/collect/DescendingImmutableSortedMultiset.java	DescendingImmutableSortedMultiset	obj,value
6	com/moonsworth/lunar/forge/lib/guava/base/JdkPattern.java	JdkPattern	number,text
6	com/moonsworth/lunar/forge/lib/OutputStreamSerializer_4.java	OutputStreamSerializer_4	method,text
6	com/moonsworth/lunar/forge/lib/OutputStreamBase4.java	OutputStreamBase4	number
6	com/moonsworth/lunar/forge/lib/MixinMisc3.java	MixinMisc3	field
6	com/moonsworth/lunar/forge/lib/MixinHelper64.java	MixinHelper64	method,number,text
6	com/moonsworth/lunar/forge/lib/MixinHelper62343.java	MixinHelper62343	method,number,text
6	com/moonsworth/lunar/forge/lib/MixinHelper5$Data29.java	MixinHelper5$Data29	field
6	com/moonsworth/lunar/forge/lib/MixinAlt_2.java	MixinAlt_2	field,method
6	com/moonsworth/lunar/forge/lib/MixinAltBase3.java	MixinAltBase3	field,method
6	com/moonsworth/lunar/forge/lib/MixinAlt10.java	MixinAlt10	field
6	com/moonsworth/lunar/forge/lib/FilterInputStreamImpl2.java	FilterInputStreamImpl2	field,number
6	com/moonsworth/lunar/forge/lib/CloseableImpl_2.java	CloseableImpl_2	method,number
6	com/moonsworth/lunar/files/Files2.java	Files2	field,method,number
6	com/moonsworth/lunar/client/util/highlight/FilenameFilter.java	FilenameFilter	field,method,text
6	com/moonsworth/lunar/client/util/chest/mixin/ChestHandler2.java	ChestHandler2	field,flag,method
6	com/moonsworth/lunar/client/util/chest/mixin/ChestHandler.java	ChestHandler	field,flag,method
6	com/moonsworth/lunar/client/util/ThreadModuleDump62.java	ThreadModuleDump62	field
6	com/moonsworth/lunar/client/util/ThreadModuleDump58.java	ThreadModuleDump58	field,method,text
6	com/moonsworth/lunar/client/util/ThreadModuleDump57.java	ThreadModuleDump57	field,method
6	com/moonsworth/lunar/client/pkg/Pkg4.java	Pkg4	arg,method
6	com/moonsworth/lunar/client/mumble/MumbleVec.java	MumbleVec	value
6	com/moonsworth/lunar/client/markers/mixin/gui/mixin/nameplate/Nameplate3.java	Nameplate3	method
6	com/moonsworth/lunar/client/lightoverlay/Lightoverlay9Impl.java	Lightoverlay9Impl	field,method,number
6	com/moonsworth/lunar/client/lightoverlay/Lightoverlay5.java	Lightoverlay5	obj,value
6	com/moonsworth/lunar/client/lighting/LightingExtension23.java	LightingExtension23	flag,method,text
6	com/moonsworth/lunar/client/lighting/LightingExtension22.java	LightingExtension22	flag,method,text
6	com/moonsworth/lunar/client/lighting/Lighting$Extension.java	Lighting$Extension	flag,method,value
6	com/moonsworth/lunar/client/killsounds/Killsounds.java	Killsounds	method,text
6	com/moonsworth/lunar/client/inactive/mixin/gui/mixin/Gui2Impl2.java	Gui2Impl2	field,method
6	com/moonsworth/lunar/client/inactive/mixin/gui/GuiImpl.java	GuiImpl	field,method
6	com/moonsworth/lunar/client/inactive/mixin/gui/Gui.java	Gui	field,method
6	com/moonsworth/lunar/client/inactive/mixin/fishing/FishingHandler44.java	FishingHandler44	field,method
6	com/moonsworth/lunar/client/inactive/mixin/fishing/FishingHandler4.java	FishingHandler4	field,method
6	com/moonsworth/lunar/client/inactive/mixin/fishing/FishingHandler3.java	FishingHandler3	field,method
6	com/moonsworth/lunar/client/inactive/mixin/colorsaturation/Colorsaturation2.java	Colorsaturation2	method,value
6	com/moonsworth/lunar/client/inactive/MixinHelper102.java	MixinHelper102	field,method,text
6	com/moonsworth/lunar/client/highlight/mixin/rewindhandlers/HighlightImpl6.java	HighlightImpl6	field,method,value
6	com/moonsworth/lunar/client/highlight/mixin/rewindhandlers/HighlightImpl4.java	HighlightImpl4	field,method,value
6	com/moonsworth/lunar/client/highlight/mixin/highlight/HighlightImpl23.java	HighlightImpl23	field,method,value
6	com/moonsworth/lunar/client/highlight/mixin/gui/HighlightImpl8.java	HighlightImpl8	method,text
6	com/moonsworth/lunar/client/highlight/mixin/gui/HighlightImpl12.java	HighlightImpl12	field,method,text
6	com/moonsworth/lunar/client/highlight/mixin/gui/HighlightImpl10.java	HighlightImpl10	field,flag,method
6	com/moonsworth/lunar/client/highlight/mixin/fishing/mixin/HighlightImpl2.java	HighlightImpl2	field,method,number
6	com/moonsworth/lunar/client/highlight/mixin/fishing/HighlightImpl11.java	HighlightImpl11	field,method,value
6	com/moonsworth/lunar/client/highlight/mixin/fishing/HighlightImpl.java	HighlightImpl	field,flag,method
6	com/moonsworth/lunar/client/highlight/fishing/HighlightImpl17.java	HighlightImpl17	field,method,value
6	com/moonsworth/lunar/client/highlight/HighlightImpl19.java	HighlightImpl19	field,flag,method
6	com/moonsworth/lunar/client/highlight/EventScreenUpdate.java	EventScreenUpdate	field,method
6	com/moonsworth/lunar/client/guiRewindhandlers/rewindhandlers/Rewindhandlers3.java	Rewindhandlers3	field,method
6	com/moonsworth/lunar/client/glintcolorizer/nameplate/mixin/GlintcolorizerExtension3.java	GlintcolorizerExtension3	method,number,value
6	com/moonsworth/lunar/client/glintcolorizer/Glintcolorizer2Base4_2.java	Glintcolorizer2Base4_2	method,number,text
6	com/moonsworth/lunar/client/glintcolorizer/Glintcolorizer2Base3.java	Glintcolorizer2Base3	method,number,text
6	com/moonsworth/lunar/client/glintcolorizer/Glintcolorizer2Base2_3.java	Glintcolorizer2Base2_3	method,number,text
6	com/moonsworth/lunar/client/framework/feature/tiertagger/TiertaggerType.java	TiertaggerType	number,text
6	com/moonsworth/lunar/client/framework/feature/rewind/rewindhandlersNameplateCore/RewindhandlersNameplateCoreIterator6.java	RewindhandlersNameplateCoreIterator6	method
6	com/moonsworth/lunar/client/framework/feature/rewind/rewindhandlersNameplateCore/RewindhandlersNameplateCoreIterator2.java	RewindhandlersNameplateCoreIterator2	method
6	com/moonsworth/lunar/client/framework/feature/rewind/rewindhandlers/fishing/Gui2Extension.java	Gui2Extension	number,text
6	com/moonsworth/lunar/client/framework/feature/rewind/rewindhandlers/Rewindhandlers2_3.java	Rewindhandlers2_3	method
6	com/moonsworth/lunar/client/framework/feature/rewind/nameplate/mixin/holograms/Nameplate2Impl3.java	Nameplate2Impl3	flag,method
6	com/moonsworth/lunar/client/framework/feature/rewind/nameplate/mixin/colorsaturation/Nameplate2Impl.java	Nameplate2Impl	method,number
6	com/moonsworth/lunar/client/framework/feature/rewind/nameplate/Nameplate.java	Nameplate	field,method
6	com/moonsworth/lunar/client/framework/feature/mod/rewindhandlers/Rewindhandlers$Data11.java	Rewindhandlers$Data11	field,method,number
6	com/moonsworth/lunar/client/framework/feature/mod/rewindhandlers/HighlightBase.java	HighlightBase	field,flag,method
6	com/moonsworth/lunar/client/framework/feature/mod/impl/calculator/mixin/CalculatorType.java	CalculatorType	method,text
6	com/moonsworth/lunar/client/framework/feature/mod/impl/alert/mixin/AlertType.java	AlertType	method,text
6	com/moonsworth/lunar/client/framework/feature/mod/holograms/Holograms2.java	Holograms2	method
6	com/moonsworth/lunar/client/framework/feature/mod/holograms/Holograms.java	Holograms	method,value
6	com/moonsworth/lunar/client/framework/feature/mod/fishing/mixin/FishingType.java	FishingType	number,text
6	com/moonsworth/lunar/client/framework/feature/mod/fishing/holograms/Holograms2$Data2.java	Holograms2$Data2	field,flag,method
6	com/moonsworth/lunar/client/framework/feature/mod/fishing/gui/GuiHandler5.java	GuiHandler5	method,text
6	com/moonsworth/lunar/client/framework/feature/mod/fishing/chest/Chest.java	Chest	field,method,text
6	com/moonsworth/lunar/client/framework/feature/mod/fishing/Fishing3Impl.java	Fishing3Impl	method,text
6	com/moonsworth/lunar/client/framework/feature/lightoverlay/Lightoverlay.java	Lightoverlay	method,number,value
6	com/moonsworth/lunar/client/framework/feature/debug/shaderdebugmod/Markers3Handler.java	Markers3Handler	method
6	com/moonsworth/lunar/client/framework/feature/attackindicator/mixin/Attackindicator2Handler23.java	Attackindicator2Handler23	method
6	com/moonsworth/lunar/client/fps/mixin/EvaluatableImpl.java	EvaluatableImpl	field,value
6	com/moonsworth/lunar/client/fog/fishing/Gui2Type.java	Gui2Type	text
6	com/moonsworth/lunar/client/feature/Module.java	Module	method
6	com/moonsworth/lunar/client/click/chest/Gui2Iterator23.java	Gui2Iterator23	text
6	com/moonsworth/lunar/client/calculator/CalculatorType.java	CalculatorType	text
6	com/moonsworth/lunar/client/calculator/Calculator2.java	Calculator2	method,text
6	com/moonsworth/lunar/client/animations/mixin/Animations.java	Animations	flag,method
6	com/moonsworth/lunar/client/Highlight3Iterator9.java	Highlight3Iterator9	arg,method
6	com/moonsworth/lunar/bridge/itemcounter/mixin/Itemcounter2.java	Itemcounter2	flag,number
6	com/moonsworth/lunar/bridge/itemcounter/ItemcounterType2_2.java	ItemcounterType2_2	arg,text
6	com/moonsworth/lunar/bridge/itemcounter/ItemcounterType.java	ItemcounterType	number,text
6	com/moonsworth/lunar/bridge/itemcounter/Itemcounter$Extension.java	Itemcounter$Extension	value
6	com/moonsworth/lunar/bridge/TextColorFunctionHolder.java	TextColorFunctionHolder	field,method
6	com/moonsworth/lunar/bridge/ShaderStageType.java	ShaderStageType	flag,number,text
6	com/moonsworth/lunar/bridge/BridgeType_14.java	BridgeType_14	flag,number
6	com/moonsworth/lunar/bridge/Bridge2_28.java	Bridge2_28	number
5	net/minecraft/world/gen/feature/WorldGenHugeTrees.java	WorldGenHugeTrees	i
5	net/minecraft/world/gen/ChunkProviderFlat.java	ChunkProviderFlat	flag,i
5	net/minecraft/world/gen/ChunkProviderDebug.java	ChunkProviderDebug	i
5	net/minecraft/tileentity/TileEntityFurnace.java	TileEntityFurnace	flag
5	net/minecraft/item/ItemDoor.java	ItemDoor	flag
5	net/minecraft/inventory/ContainerWorkbench.java	ContainerWorkbench	i
5	net/minecraft/inventory/ContainerHopper.java	ContainerHopper	i
5	net/minecraft/inventory/ContainerDispenser.java	ContainerDispenser	i
5	net/minecraft/inventory/ContainerBeacon.java	ContainerBeacon	i
5	net/minecraft/entity/Entity.java	Entity	flag
5	net/minecraft/crash/CrashReport.java	CrashReport	i,j,var
5	net/minecraft/command/CommandWorldBorder.java	CommandWorldBorder	i
5	net/minecraft/command/CommandCompare.java	CommandCompare	flag
5	net/minecraft/client/main/Main.java	Main	flag,var
5	net/minecraft/client/gui/GuiUtilRenderComponents.java	GuiUtilRenderComponents	i
5	net/minecraft/client/gui/GuiPageButtonList.java	GuiPageButtonList	flag,i
5	net/minecraft/block/BlockRailDetector.java	BlockRailDetector	flag
5	com/moonsworth/webosr/input/Modifiers.java	Modifiers	number
5	com/moonsworth/lunar/replaymod/mixin/MessageDeserializerV1_8Mixin.java	MessageDeserializerV1_8Mixin	method,number
5	com/moonsworth/lunar/replaymod/mixin/MessageDeserializerMixin.java	MessageDeserializerMixin	method,number
5	com/moonsworth/lunar/replaymod/mixin/CameraEntityV1_8Mixin.java	CameraEntityV1_8Mixin	number
5	com/moonsworth/lunar/replaymod/mixin/CameraEntityMixin.java	CameraEntityMixin	number
5	com/moonsworth/lunar/replaymod/mixin/AbstractGuiHorizontalScrollbarV1_8Mixin.java	AbstractGuiHorizontalScrollbarV1_8Mixin	field,method
5	com/moonsworth/lunar/replaymod/mixin/AbstractGuiHorizontalScrollbarMixin.java	AbstractGuiHorizontalScrollbarMixin	field,method
5	com/moonsworth/lunar/legacy/mixin/StyleImplMixin.java	StyleImplMixin	method
5	com/moonsworth/lunar/legacy/mixin/ShadersMixin.java	ShadersMixin	method
5	com/moonsworth/lunar/legacy/mixin/ShaderGroupMixin.java	ShaderGroupMixin	value
5	com/moonsworth/lunar/legacy/mixin/NodeProcessorMixin.java	NodeProcessorMixin	method,text
5	com/moonsworth/lunar/legacy/mixin/ModelBipedBridgeMixin.java	ModelBipedBridgeMixin	number,value
5	com/moonsworth/lunar/legacy/mixin/ItemMapMixin.java	ItemMapMixin	number,text
5	com/moonsworth/lunar/legacy/mixin/EntityPlayerMPMixin.java	EntityPlayerMPMixin	method,text
5	com/moonsworth/lunar/legacy/mixin/CustomItemPropertiesMixin.java	CustomItemPropertiesMixin	field,flag,method,text
5	com/moonsworth/lunar/legacy/MixinHelper3.java	MixinHelper3	flag,method,value
5	com/moonsworth/lunar/ichor/MixinSupport$2.java	MixinSupport$2	field,method,text
5	com/moonsworth/lunar/ichor/MixinSupport$1.java	MixinSupport$1	field,text
5	com/moonsworth/lunar/ichor/Ichor2Iterator3.java	Ichor2Iterator3	field,method
5	com/moonsworth/lunar/ichor/Ichor2Handler3.java	Ichor2Handler3	method,text
5	com/moonsworth/lunar/ichor/IMixinErrorImpl.java	IMixinErrorImpl	method,text
5	com/moonsworth/lunar/ichor/IGlobalPropertyServiceImpl$Data.java	IGlobalPropertyServiceImpl$Data	field,text
5	com/moonsworth/lunar/genesis/SerializableIterator524$Data.java	SerializableIterator524$Data	field,method
5	com/moonsworth/lunar/genesis/SerializableIterator2$Data2$Data.java	SerializableIterator2$Data2$Data	field,method
5	com/moonsworth/lunar/genesis/SerializableIterator2$Data$Data.java	SerializableIterator2$Data$Data	field,method
5	com/moonsworth/lunar/genesis/MixinHelperType$3.java	MixinHelperType$3	text
5	com/moonsworth/lunar/genesis/MixinHelperIterator2.java	MixinHelperIterator2	field
5	com/moonsworth/lunar/genesis/MixinHelperException_2.java	MixinHelperException_2	field,text
5	com/moonsworth/lunar/genesis/MixinHelperException2.java	MixinHelperException2	field,text
5	com/moonsworth/lunar/genesis/MixinHelperError.java	MixinHelperError	field,text
5	com/moonsworth/lunar/genesis/MixinHelper9_7.java	MixinHelper9_7	field,text
5	com/moonsworth/lunar/genesis/MixinHelper9_6.java	MixinHelper9_6	method,obj
5	com/moonsworth/lunar/genesis/MixinHelper8$Data22$Type2.java	MixinHelper8$Data22$Type2	number
5	com/moonsworth/lunar/genesis/MixinHelper7_12.java	MixinHelper7_12	field,flag
5	com/moonsworth/lunar/genesis/MixinHelper7$Type9.java	MixinHelper7$Type9	number
5	com/moonsworth/lunar/genesis/MixinHelper6_2.java	MixinHelper6_2	obj,text
5	com/moonsworth/lunar/genesis/MixinHelper6$Type4.java	MixinHelper6$Type4	number
5	com/moonsworth/lunar/genesis/MixinHelper6$1.java	MixinHelper6$1	field,text
5	com/moonsworth/lunar/genesis/MixinHelper5$Type2.java	MixinHelper5$Type2	number
5	com/moonsworth/lunar/genesis/MixinHelper43$Data6.java	MixinHelper43$Data6	field,number
5	com/moonsworth/lunar/genesis/MixinHelper43$Data4.java	MixinHelper43$Data4	field,number
5	com/moonsworth/lunar/genesis/MixinHelper43$Data3.java	MixinHelper43$Data3	field,number
5	com/moonsworth/lunar/genesis/MixinHelper42$Extension.java	MixinHelper42$Extension	method,number
5	com/moonsworth/lunar/genesis/MixinHelper4$Data18.java	MixinHelper4$Data18	field,method,obj
5	com/moonsworth/lunar/genesis/MixinHelper36$Data.java	MixinHelper36$Data	method,value
5	com/moonsworth/lunar/genesis/MixinHelper3165.java	MixinHelper3165	obj
5	com/moonsworth/lunar/genesis/MixinHelper3122$Data5.java	MixinHelper3122$Data5	field,method,value
5	com/moonsworth/lunar/genesis/MixinHelper3122$Data3.java	MixinHelper3122$Data3	field,method
5	com/moonsworth/lunar/genesis/MixinHelper302$2.java	MixinHelper302$2	field,method
5	com/moonsworth/lunar/genesis/MixinHelper3$Data38$Data.java	MixinHelper3$Data38$Data	field,method
5	com/moonsworth/lunar/genesis/MixinHelper3$3.java	MixinHelper3$3	field
5	com/moonsworth/lunar/genesis/MixinHelper3$2_2.java	MixinHelper3$2_2	field
5	com/moonsworth/lunar/genesis/MixinHelper24_4.java	MixinHelper24_4	method,value
5	com/moonsworth/lunar/genesis/MixinHelper2$Type7$1.java	MixinHelper2$Type7$1	number
5	com/moonsworth/lunar/genesis/MixinHelper2$4.java	MixinHelper2$4	field,method
5	com/moonsworth/lunar/genesis/MixinHelper2$3.java	MixinHelper2$3	field,method
5	com/moonsworth/lunar/genesis/MixinHelper2$2.java	MixinHelper2$2	field,method
5	com/moonsworth/lunar/genesis/MixinHelper19$Data38.java	MixinHelper19$Data38	field,method
5	com/moonsworth/lunar/genesis/MixinHelper16$Type2.java	MixinHelper16$Type2	number
5	com/moonsworth/lunar/genesis/MixinHelper16$1_2.java	MixinHelper16$1_2	field,text
5	com/moonsworth/lunar/genesis/MixinHelper142$Type.java	MixinHelper142$Type	number
5	com/moonsworth/lunar/genesis/MixinHelper14$Data5.java	MixinHelper14$Data5	field
5	com/moonsworth/lunar/genesis/MixinHelper132$Type.java	MixinHelper132$Type	number
5	com/moonsworth/lunar/genesis/MixinHelper13$1_2.java	MixinHelper13$1_2	field,number
5	com/moonsworth/lunar/genesis/MixinHelper122$Type.java	MixinHelper122$Type	number
5	com/moonsworth/lunar/genesis/MixinHelper112$Type.java	MixinHelper112$Type	number
5	com/moonsworth/lunar/genesis/MapExtension.java	MapExtension	method,value
5	com/moonsworth/lunar/genesis/ExecutorServiceExtension.java	ExecutorServiceExtension	method,number,value
5	com/moonsworth/lunar/genesis/AbstractCollectionIterator6$Data.java	AbstractCollectionIterator6$Data	field,method
5	com/moonsworth/lunar/genesis/AbstractCollectionIterator57$Data2.java	AbstractCollectionIterator57$Data2	field,method
5	com/moonsworth/lunar/genesis/AbstractCollectionIterator533$Data.java	AbstractCollectionIterator533$Data	field,method
5	com/moonsworth/lunar/genesis/AbstractCollectionIterator5$Data6.java	AbstractCollectionIterator5$Data6	field,method
5	com/moonsworth/lunar/genesis/AbstractCollectionIterator33$Data.java	AbstractCollectionIterator33$Data	field,method
5	com/moonsworth/lunar/genesis/AbstractCollectionIterator3$Data3.java	AbstractCollectionIterator3$Data3	field,method
5	com/moonsworth/lunar/forge/mixin/LoaderMixin2.java	LoaderMixin2	method
5	com/moonsworth/lunar/forge/lib/guava/reflect/Reflection.java	Reflection	obj,text
5	com/moonsworth/lunar/forge/lib/guava/reflect/Parameter.java	Parameter	number,obj
5	com/moonsworth/lunar/forge/lib/guava/reflect/Element.java	Element	flag,obj
5	com/moonsworth/lunar/forge/lib/guava/collect/RegularImmutableList.java	RegularImmutableList	number
5	com/moonsworth/lunar/forge/lib/guava/collect/ImmutableMapValues.java	ImmutableMapValues	arg,obj
5	com/moonsworth/lunar/forge/lib/guava/collect/ImmutableEntry.java	ImmutableEntry	value
5	com/moonsworth/lunar/forge/lib/guava/collect/ForwardingSet.java	ForwardingSet	obj
5	com/moonsworth/lunar/forge/lib/guava/cache/Cache.java	Cache	obj,value
5	com/moonsworth/lunar/forge/lib/MixinMiscHandler32.java	MixinMiscHandler32	field,method
5	com/moonsworth/lunar/forge/lib/MixinHelper_7.java	MixinHelper_7	method
5	com/moonsworth/lunar/forge/lib/MixinHelper62344.java	MixinHelper62344	method,number,text
5	com/moonsworth/lunar/forge/lib/MixinHelper5_2.java	MixinHelper5_2	obj
5	com/moonsworth/lunar/forge/lib/MixinHelper5$Data28.java	MixinHelper5$Data28	field
5	com/moonsworth/lunar/forge/lib/MixinHelper35625.java	MixinHelper35625	method,number,value
5	com/moonsworth/lunar/forge/lib/MixinHelper35624.java	MixinHelper35624	method,number
5	com/moonsworth/lunar/forge/lib/MixinHelper35623.java	MixinHelper35623	method,number,value
5	com/moonsworth/lunar/forge/lib/MixinHelper35622.java	MixinHelper35622	method,number
5	com/moonsworth/lunar/forge/lib/MixinHelper323.java	MixinHelper323	field,method
5	com/moonsworth/lunar/forge/lib/MixinExtraException.java	MixinExtraException	field,text
5	com/moonsworth/lunar/forge/lib/MixinCoreException.java	MixinCoreException	field,text
5	com/moonsworth/lunar/forge/lib/MixinAltSerializer3.java	MixinAltSerializer3	field,number
5	com/moonsworth/lunar/forge/lib/IOException_3.java	IOException_3	field,text
5	com/moonsworth/lunar/forge/lib/FilterOutputStreamBase2.java	FilterOutputStreamBase2	field
5	com/moonsworth/lunar/forge/lib/CloseableLoader$Data14.java	CloseableLoader$Data14	method,number
5	com/moonsworth/lunar/files/FilesImpl$1.java	FilesImpl$1	field,method,text
5	com/moonsworth/lunar/client/util/click/Click12.java	Click12	field,method
5	com/moonsworth/lunar/client/util/ThreadModuleDump87.java	ThreadModuleDump87	method
5	com/moonsworth/lunar/client/nameplate/FogHandler2.java	FogHandler2	method
5	com/moonsworth/lunar/client/markers/nameplate/mixin/Nameplate4.java	Nameplate4	number,value
5	com/moonsworth/lunar/client/markers/mixin/holograms/mixin/HologramsType2.java	HologramsType2	method,text
5	com/moonsworth/lunar/client/markers/mixin/gui/mixin/GuiExtension6.java	GuiExtension6	method
5	com/moonsworth/lunar/client/markers/mixin/gui/mixin/Gui4.java	Gui4	method
5	com/moonsworth/lunar/client/markers/gui/GuiExtension_3.java	GuiExtension_3	method,text
5	com/moonsworth/lunar/client/markers/ClipboardHandler.java	ClipboardHandler	method,text
5	com/moonsworth/lunar/client/lightoverlay/Lightoverlay9.java	Lightoverlay9	field,number
5	com/moonsworth/lunar/client/lightoverlay/Lightoverlay3Extension.java	Lightoverlay3Extension	method,number,value
5	com/moonsworth/lunar/client/killsounds/Killsounds7.java	Killsounds7	method,obj
5	com/moonsworth/lunar/client/killsounds/Killsounds4_2.java	Killsounds4_2	field,method,obj
5	com/moonsworth/lunar/client/killsounds/Killsounds15Impl6.java	Killsounds15Impl6	method,obj,value
5	com/moonsworth/lunar/client/killsounds/Killsounds15Impl4.java	Killsounds15Impl4	method,obj,value
5	com/moonsworth/lunar/client/inactive/mixin/fishing/Fishing.java	Fishing	method
5	com/moonsworth/lunar/client/inactive/MixinHelper1022.java	MixinHelper1022	method
5	com/moonsworth/lunar/client/hitbox/Hitbox2.java	Hitbox2	method,value
5	com/moonsworth/lunar/client/highlight/ResultEvent.java	ResultEvent	field,method
5	com/moonsworth/lunar/client/guiRewindhandlers/mixin/GuiRewindhandlers4.java	GuiRewindhandlers4	field,method
5	com/moonsworth/lunar/client/glintcolorizer/nameplate/Nameplate2.java	Nameplate2	field,method
5	com/moonsworth/lunar/client/glintcolorizer/nameplate/Glintcolorizer2Base43.java	Glintcolorizer2Base43	method,text
5	com/moonsworth/lunar/client/glintcolorizer/nameplate/Glintcolorizer2Base4.java	Glintcolorizer2Base4	method,text
5	com/moonsworth/lunar/client/glintcolorizer/Glintcolorizer2Base43_2.java	Glintcolorizer2Base43_2	method,text
5	com/moonsworth/lunar/client/framework/nameplate/Nameplate3_2.java	Nameplate3_2	method,number,text
5	com/moonsworth/lunar/client/framework/nameplate/Alert2Iterator2.java	Alert2Iterator2	field,method
5	com/moonsworth/lunar/client/framework/feature/worldeditcui/Worldeditcui2Base23.java	Worldeditcui2Base23	field,method
5	com/moonsworth/lunar/client/framework/feature/rewind/rewindhandlersNameplateCore/mixin/RewindhandlersNameplateCoreImpl4.java	RewindhandlersNameplateCoreImpl4	method
5	com/moonsworth/lunar/client/framework/feature/rewind/rewindhandlersNameplateCore/RewindhandlersNameplateCore.java	RewindhandlersNameplateCore	field
5	com/moonsworth/lunar/client/framework/feature/rewind/nameplate/mixin/nameplate/Nameplate2Impl.java	Nameplate2Impl	method
5	com/moonsworth/lunar/client/framework/feature/rewind/nameplate/mixin/fishing/Nameplate2Impl4.java	Nameplate2Impl4	method
5	com/moonsworth/lunar/client/framework/feature/rewind/RewindImpl2.java	RewindImpl2	method
5	com/moonsworth/lunar/client/framework/feature/mod/holograms/Holograms3.java	Holograms3	method
5	com/moonsworth/lunar/client/framework/feature/mod/fishing/holograms/Holograms3_5.java	Holograms3_5	field,method
5	com/moonsworth/lunar/client/framework/feature/mod/fishing/Fishing3Impl9.java	Fishing3Impl9	method,text
5	com/moonsworth/lunar/client/framework/feature/mod/fishing/Fishing3Impl8.java	Fishing3Impl8	method,text
5	com/moonsworth/lunar/client/framework/feature/mod/fishing/Fishing3Impl7.java	Fishing3Impl7	method,text
5	com/moonsworth/lunar/client/framework/feature/mod/fishing/Fishing3Impl11.java	Fishing3Impl11	method,text
5	com/moonsworth/lunar/client/framework/feature/keystrokes/Keystrokes2.java	Keystrokes2	method
5	com/moonsworth/lunar/client/framework/feature/debug/optimizationdebugmod/OptimizationdebugmodType2.java	OptimizationdebugmodType2	arg,method,number
5	com/moonsworth/lunar/client/framework/feature/debug/fpsdebugmod/mixin/Fpsdebugmod4Impl2.java	Fpsdebugmod4Impl2	method
5	com/moonsworth/lunar/client/framework/feature/debug/fpsdebugmod/mixin/Fpsdebugmod.java	Fpsdebugmod	method
5	com/moonsworth/lunar/client/framework/AlertExtension.java	AlertExtension	field,method
5	com/moonsworth/lunar/client/fps/Fps6Handler.java	Fps6Handler	field,value
5	com/moonsworth/lunar/client/fishing/Fishing_2.java	Fishing_2	field,method
5	com/moonsworth/lunar/client/Highlight3Iterator13.java	Highlight3Iterator13	arg,method
5	com/moonsworth/lunar/bridge/horsestats/Horsestats11.java	Horsestats11	method,number
5	com/moonsworth/lunar/bridge/glintcolorizer/Glintcolorizer.java	Glintcolorizer	flag,number
5	com/moonsworth/lunar/bridge/RendererLivingEntityBridge.java	RendererLivingEntityBridge	method,value
5	com/moonsworth/lunar/bridge/ProtectionEnchantmentsBridge.java	ProtectionEnchantmentsBridge	method
5	com/moonsworth/lunar/bridge/NameTagRendererBridge.java	NameTagRendererBridge	flag,method,value
5	com/moonsworth/lunar/bridge/MarkerPositionBridge.java	MarkerPositionBridge	method
5	com/moonsworth/lunar/bridge/Bridge_21.java	Bridge_21	flag,method,value
5	com/moonsworth/lunar/bridge/Bridge7_3.java	Bridge7_3	method,number
5	com/moonsworth/lunar/bridge/Bridge5_7.java	Bridge5_7	method,number
5	com/moonsworth/lunar/bridge/Bridge3_19.java	Bridge3_19	flag,number,text
5	com/moonsworth/lunar/bridge/Bridge2_25.java	Bridge2_25	flag,number
5	com/moonsworth/lunar/bridge/Bridge2_23.java	Bridge2_23	method,number
4	net/minecraft/world/gen/structure/StructureOceanMonument.java	StructureOceanMonument	i,j
4	net/minecraft/world/gen/feature/WorldGenMegaPineTree.java	WorldGenMegaPineTree	i
4	net/minecraft/world/biome/BiomeGenSnow.java	BiomeGenSnow	i,j
4	net/minecraft/util/ChatComponentTranslation.java	ChatComponentTranslation	i,var
4	net/minecraft/item/crafting/RecipeRepairItem.java	RecipeRepairItem	i
4	net/minecraft/item/ItemArmorStand.java	ItemArmorStand	flag
4	net/minecraft/entity/monster/EntityEnderman.java	EntityEnderman	flag
4	net/minecraft/entity/DataWatcher.java	DataWatcher	i,j
4	net/minecraft/command/CommandXP.java	CommandXP	flag
4	net/minecraft/command/CommandParticle.java	CommandParticle	flag,var
4	net/minecraft/command/CommandHelp.java	CommandHelp	i
4	net/minecraft/client/stream/TwitchStream.java	TwitchStream	flag,var
4	net/minecraft/client/stream/ChatController.java	ChatController	i,var
4	net/minecraft/client/resources/ResourcePackRepository.java	ResourcePackRepository	flag,var
4	net/minecraft/client/renderer/entity/RenderPainting.java	RenderPainting	i,j
4	net/minecraft/client/renderer/entity/Render.java	Render	i,j
4	net/minecraft/client/gui/GuiListExtended.java	GuiListExtended	i
4	net/minecraft/block/BlockCrops.java	BlockCrops	flag
4	net/minecraft/block/BlockBasePressurePlate.java	BlockBasePressurePlate	flag
4	com/moonsworth/webosr/wrappers/image/ImageSource.java	ImageSource	number
4	com/moonsworth/lunar/replaymod/mixin/ReplayHandlerV1_8Mixin.java	ReplayHandlerV1_8Mixin	flag,number
4	com/moonsworth/lunar/replaymod/mixin/ReplayHandlerMixin.java	ReplayHandlerMixin	flag,number
4	com/moonsworth/lunar/replaymod/mixin/AbstractGuiLabelV1_8Mixin.java	AbstractGuiLabelV1_8Mixin	method
4	com/moonsworth/lunar/replaymod/mixin/AbstractGuiLabelMixin.java	AbstractGuiLabelMixin	method
4	com/moonsworth/lunar/replaymod/forge/v1_8/mixin/PacketLoader.java	PacketLoader	field,method
4	com/moonsworth/lunar/replaymod/forge/v1_12/mixin/PacketLoader.java	PacketLoader	field,method
4	com/moonsworth/lunar/network/mixin/InterceptorImpl.java	InterceptorImpl	method
4	com/moonsworth/lunar/loader/Ichor4Type.java	Ichor4Type	flag
4	com/moonsworth/lunar/legacy/wrapper/util/Horsestats13Handler.java	Horsestats13Handler	method,text
4	com/moonsworth/lunar/legacy/wrapper/mixin/Bridge2Handler.java	Bridge2Handler	method,text
4	com/moonsworth/lunar/legacy/wrapper/ShaderRenderState.java	ShaderRenderState	method,number
4	com/moonsworth/lunar/legacy/wrapper/NoopFramebuffer.java	NoopFramebuffer	number
4	com/moonsworth/lunar/legacy/wrapper/AncientDummyPlayer.java	AncientDummyPlayer	field,method
4	com/moonsworth/lunar/legacy/mixin/VisGraphMixin.java	VisGraphMixin	method
4	com/moonsworth/lunar/legacy/mixin/StatFileWriter.java	StatFileWriter	text
4	com/moonsworth/lunar/legacy/mixin/SimpleReloadableResourceManagerMixin.java	SimpleReloadableResourceManagerMixin	flag,method,text
4	com/moonsworth/lunar/legacy/mixin/PotionEffectNullFixMixin.java	PotionEffectNullFixMixin	number
4	com/moonsworth/lunar/legacy/mixin/PlayerCapabilitiesMixin.java	PlayerCapabilitiesMixin	flag,value
4	com/moonsworth/lunar/legacy/mixin/MovementInputFromOptionsMixin.java	MovementInputFromOptionsMixin	method
4	com/moonsworth/lunar/legacy/mixin/MouseHelperMixin.java	MouseHelperMixin	method
4	com/moonsworth/lunar/legacy/mixin/LoadingScreenRendererMixin.java	LoadingScreenRendererMixin	method
4	com/moonsworth/lunar/legacy/mixin/LayerArmorBaseHitColorMixin.java	LayerArmorBaseHitColorMixin	method
4	com/moonsworth/lunar/legacy/mixin/ItemGlintMixin.java	ItemGlintMixin	flag,method
4	com/moonsworth/lunar/legacy/mixin/GuiYesNoMixin.java	GuiYesNoMixin	arg
4	com/moonsworth/lunar/legacy/mixin/GameSettingsDefaultsMixin.java	GameSettingsDefaultsMixin	method
4	com/moonsworth/lunar/legacy/mixin/GL13Mixin.java	GL13Mixin	field,number
4	com/moonsworth/lunar/legacy/mixin/ExplosionMixin.java	ExplosionMixin	flag,method
4	com/moonsworth/lunar/legacy/mixin/ContainerRepairMixin.java	ContainerRepairMixin	number
4	com/moonsworth/lunar/legacy/mixin/ChatLineMixin.java	ChatLineMixin	flag,number
4	com/moonsworth/lunar/legacy/Legacy.java	Legacy	field,method
4	com/moonsworth/lunar/ichor/util/FlawlessFrames.java	FlawlessFrames	flag
4	com/moonsworth/lunar/ichor/util/FatalIchorError.java	FatalIchorError	text
4	com/moonsworth/lunar/ichor/MixinInternalError.java	MixinInternalError	text
4	com/moonsworth/lunar/ichor/Ichor.java	Ichor	field,value
4	com/moonsworth/lunar/genesis/PredicateExtension.java	PredicateExtension	obj,value
4	com/moonsworth/lunar/genesis/OutputStreamSerializer$1.java	OutputStreamSerializer$1	field,method
4	com/moonsworth/lunar/genesis/MixinHelperType_3.java	MixinHelperType_3	flag
4	com/moonsworth/lunar/genesis/MixinHelperIterator32$Data2.java	MixinHelperIterator32$Data2	method
4	com/moonsworth/lunar/genesis/MixinHelperException.java	MixinHelperException	text
4	com/moonsworth/lunar/genesis/MixinHelper6232.java	MixinHelper6232	obj
4	com/moonsworth/lunar/genesis/MixinHelper6$Data19.java	MixinHelper6$Data19	field
4	com/moonsworth/lunar/genesis/MixinHelper5_3.java	MixinHelper5_3	field,flag
4	com/moonsworth/lunar/genesis/MixinHelper46$Data.java	MixinHelper46$Data	field
4	com/moonsworth/lunar/genesis/MixinHelper45$Data3.java	MixinHelper45$Data3	field,method
4	com/moonsworth/lunar/genesis/MixinHelper4$2_3.java	MixinHelper4$2_3	field
4	com/moonsworth/lunar/genesis/MixinHelper4$1_2.java	MixinHelper4$1_2	field
4	com/moonsworth/lunar/genesis/MixinHelper3_7.java	MixinHelper3_7	field,method,text
4	com/moonsworth/lunar/genesis/MixinHelper36$Data2.java	MixinHelper36$Data2	method,value
4	com/moonsworth/lunar/genesis/MixinHelper35$Type$5.java	MixinHelper35$Type$5	number,value
4	com/moonsworth/lunar/genesis/MixinHelper35$Type$4.java	MixinHelper35$Type$4	number,value
4	com/moonsworth/lunar/genesis/MixinHelper32$Data5.java	MixinHelper32$Data5	field,value
4	com/moonsworth/lunar/genesis/MixinHelper32$Data4.java	MixinHelper32$Data4	field,obj
4	com/moonsworth/lunar/genesis/MixinHelper3163.java	MixinHelper3163	value
4	com/moonsworth/lunar/genesis/MixinHelper3132.java	MixinHelper3132	value
4	com/moonsworth/lunar/genesis/MixinHelper3122$Data4.java	MixinHelper3122$Data4	field,method
4	com/moonsworth/lunar/genesis/MixinHelper312$Data.java	MixinHelper312$Data	field,method
4	com/moonsworth/lunar/genesis/MixinHelper31$Data.java	MixinHelper31$Data	field,method
4	com/moonsworth/lunar/genesis/MixinHelper3.java	MixinHelper3	field
4	com/moonsworth/lunar/genesis/MixinHelper3$1.java	MixinHelper3$1	field,text
4	com/moonsworth/lunar/genesis/MixinHelper27$Data13$Data.java	MixinHelper27$Data13$Data	field,number
4	com/moonsworth/lunar/genesis/MixinHelper27$4.java	MixinHelper27$4	field,number
4	com/moonsworth/lunar/genesis/MixinHelper233$Data.java	MixinHelper233$Data	field,method
4	com/moonsworth/lunar/genesis/MixinHelper2$1.java	MixinHelper2$1	field
4	com/moonsworth/lunar/genesis/MixinHelper1345232.java	MixinHelper1345232	field,method
4	com/moonsworth/lunar/genesis/MixinHelper1345222.java	MixinHelper1345222	field,method
4	com/moonsworth/lunar/genesis/MixinHelper13452$Data6.java	MixinHelper13452$Data6	field,method
4	com/moonsworth/lunar/genesis/MixinHelper13452$Data3.java	MixinHelper13452$Data3	field,method
4	com/moonsworth/lunar/genesis/MixinHelper1342242$Extension.java	MixinHelper1342242$Extension	method
4	com/moonsworth/lunar/genesis/MixinHelper133.java	MixinHelper133	obj,value
4	com/moonsworth/lunar/genesis/MixinHelper132_2.java	MixinHelper132_2	obj,value
4	com/moonsworth/lunar/genesis/MixinHelper11_7.java	MixinHelper11_7	number,value
4	com/moonsworth/lunar/genesis/MixinHelper11$Data4.java	MixinHelper11$Data4	method,text
4	com/moonsworth/lunar/genesis/MixinHelper$2.java	MixinHelper$2	method
4	com/moonsworth/lunar/genesis/MapExtension_2.java	MapExtension_2	method,value
4	com/moonsworth/lunar/genesis/ConditionBase.java	ConditionBase	number
4	com/moonsworth/lunar/genesis/ClientGameBootstrap$Data.java	ClientGameBootstrap$Data	flag,text
4	com/moonsworth/lunar/genesis/CIterator222$Data2.java	CIterator222$Data2	field
4	com/moonsworth/lunar/genesis/AbstractMapLoader$Extension.java	AbstractMapLoader$Extension	method,value
4	com/moonsworth/lunar/genesis/AbstractCollectionIterator56223$Data.java	AbstractCollectionIterator56223$Data	field
4	com/moonsworth/lunar/genesis/AbstractCollectionIterator54$Data.java	AbstractCollectionIterator54$Data	field
4	com/moonsworth/lunar/genesis/AbstractCollectionIterator42$Data4.java	AbstractCollectionIterator42$Data4	field,method
4	com/moonsworth/lunar/genesis/AbstractCollectionBase52$Data2.java	AbstractCollectionBase52$Data2	value
4	com/moonsworth/lunar/framework/Ichor5Handler$Data2.java	Ichor5Handler$Data2	method
4	com/moonsworth/lunar/forge/mixin/ForgeHooksMixin.java	ForgeHooksMixin	number,text
4	com/moonsworth/lunar/forge/mixin/FMLCommonHandlerMixin2.java	FMLCommonHandlerMixin2	obj,text
4	com/moonsworth/lunar/forge/lib/mixin/CloseableExtension2.java	CloseableExtension2	number
4	com/moonsworth/lunar/forge/lib/guava/util/concurrent/UncheckedTimeoutException.java	UncheckedTimeoutException	text
4	com/moonsworth/lunar/forge/lib/guava/util/concurrent/UncheckedExecutionException.java	UncheckedExecutionException	text
4	com/moonsworth/lunar/forge/lib/guava/util/concurrent/TrustedListenableFutureTask.java	TrustedListenableFutureTask	value
4	com/moonsworth/lunar/forge/lib/guava/util/concurrent/ListenableFutureTask.java	ListenableFutureTask	value
4	com/moonsworth/lunar/forge/lib/guava/util/concurrent/ImmediateFuture.java	ImmediateFuture	flag,number,value
4	com/moonsworth/lunar/forge/lib/guava/util/concurrent/ForwardingCondition.java	ForwardingCondition	number
4	com/moonsworth/lunar/forge/lib/guava/util/concurrent/FluentFuture.java	FluentFuture	flag,number
4	com/moonsworth/lunar/forge/lib/guava/util/concurrent/ExecutionError.java	ExecutionError	text
4	com/moonsworth/lunar/forge/lib/guava/util/concurrent/Atomics.java	Atomics	number,value
4	com/moonsworth/lunar/forge/lib/guava/util/concurrent/AbstractListeningExecutorService.java	AbstractListeningExecutorService	value
4	com/moonsworth/lunar/forge/lib/guava/util/concurrent/AbstractIdleService.java	AbstractIdleService	number
4	com/moonsworth/lunar/forge/lib/guava/util/concurrent/AbstractExecutionThreadService.java	AbstractExecutionThreadService	number
4	com/moonsworth/lunar/forge/lib/guava/io/PatternFilenameFilter.java	PatternFilenameFilter	text
4	com/moonsworth/lunar/forge/lib/guava/graph/MultiEdgesConnecting.java	MultiEdgesConnecting	obj
4	com/moonsworth/lunar/forge/lib/guava/graph/AbstractGraph.java	AbstractGraph	obj
4	com/moonsworth/lunar/forge/lib/guava/eventbus/DeadEvent.java	DeadEvent	obj
4	com/moonsworth/lunar/forge/lib/guava/collect/UsingToStringOrdering.java	UsingToStringOrdering	obj
4	com/moonsworth/lunar/forge/lib/guava/collect/SortedMultiset.java	SortedMultiset	value
4	com/moonsworth/lunar/forge/lib/guava/collect/SetMultimap.java	SetMultimap	obj,value
4	com/moonsworth/lunar/forge/lib/guava/collect/RegularImmutableAsList.java	RegularImmutableAsList	number
4	com/moonsworth/lunar/forge/lib/guava/collect/ListMultimap.java	ListMultimap	obj,value
4	com/moonsworth/lunar/forge/lib/guava/collect/IndexedImmutableSet.java	IndexedImmutableSet	number
4	com/moonsworth/lunar/forge/lib/guava/collect/ForwardingQueue.java	ForwardingQueue	value
4	com/moonsworth/lunar/forge/lib/guava/collect/ForwardingListIterator.java	ForwardingListIterator	value
4	com/moonsworth/lunar/forge/lib/guava/collect/FilteredMultimapValues.java	FilteredMultimapValues	obj
4	com/moonsworth/lunar/forge/lib/guava/collect/EnumBiMap.java	EnumBiMap	value
4	com/moonsworth/lunar/forge/lib/guava/collect/ByFunctionOrdering.java	ByFunctionOrdering	obj
4	com/moonsworth/lunar/forge/lib/guava/collect/BoundType.java	BoundType	flag
4	com/moonsworth/lunar/forge/lib/guava/collect/BiMap.java	BiMap	value
4	com/moonsworth/lunar/forge/lib/guava/collect/AbstractSortedMultiset.java	AbstractSortedMultiset	value
4	com/moonsworth/lunar/forge/lib/guava/cache/LoadingCache.java	LoadingCache	value
4	com/moonsworth/lunar/forge/lib/guava/base/VerifyException.java	VerifyException	text
4	com/moonsworth/lunar/forge/lib/guava/base/Predicate.java	Predicate	obj,value
4	com/moonsworth/lunar/forge/lib/guava/base/FunctionalEquivalence.java	FunctionalEquivalence	obj
4	com/moonsworth/lunar/forge/lib/guava/base/Absent.java	Absent	obj,value
4	com/moonsworth/lunar/forge/lib/MixinMore$Type2.java	MixinMore$Type2	number
4	com/moonsworth/lunar/forge/lib/MixinMore$Type.java	MixinMore$Type	number
4	com/moonsworth/lunar/forge/lib/MixinMiscHandler3.java	MixinMiscHandler3	field,method
4	com/moonsworth/lunar/forge/lib/MixinMiscHandler.java	MixinMiscHandler	field,method
4	com/moonsworth/lunar/forge/lib/MixinMiscExtension2.java	MixinMiscExtension2	method
4	com/moonsworth/lunar/forge/lib/MixinMisc9.java	MixinMisc9	flag,number
4	com/moonsworth/lunar/forge/lib/MixinMisc4.java	MixinMisc4	method
4	com/moonsworth/lunar/forge/lib/MixinGeneralType.java	MixinGeneralType	flag
4	com/moonsworth/lunar/forge/lib/IOException4.java	IOException4	field,number
4	com/moonsworth/lunar/forge/lib/CloseableLoader$Data9.java	CloseableLoader$Data9	method,number
4	com/moonsworth/lunar/forge/lib/CloseableLoader$Data6.java	CloseableLoader$Data6	field
4	com/moonsworth/lunar/forge/lib/CloseableLoader$Data4.java	CloseableLoader$Data4	method,obj
4	com/moonsworth/lunar/forge/lib/CloseableExtension.java	CloseableExtension	method,number
4	com/moonsworth/lunar/forge/lib/CloneableBase37.java	CloneableBase37	field,method
4	com/moonsworth/lunar/forge/lib/CloneableBase36.java	CloneableBase36	field,method
4	com/moonsworth/lunar/forge/lib/CloneableBase35.java	CloneableBase35	field,method
4	com/moonsworth/lunar/forge/lib/CloneableBase34.java	CloneableBase34	field,method
4	com/moonsworth/lunar/forge/lib/CloneableBase33.java	CloneableBase33	field,method
4	com/moonsworth/lunar/forge/lib/CloneableBase32.java	CloneableBase32	field,method
4	com/moonsworth/lunar/client/util/ThreadModuleDump79.java	ThreadModuleDump79	method,number
4	com/moonsworth/lunar/client/util/ThreadModuleDump78.java	ThreadModuleDump78	method
4	com/moonsworth/lunar/client/util/ThreadModuleDump6.java	ThreadModuleDump6	value
4	com/moonsworth/lunar/client/util/SupplierExtension.java	SupplierExtension	method,obj
4	com/moonsworth/lunar/client/mixin/EntityRendererType.java	EntityRendererType	flag,text
4	com/moonsworth/lunar/client/mixin/EntityRenderer2.java	EntityRenderer2	field,method
4	com/moonsworth/lunar/client/markers/nameplate/mixin/Nameplate8.java	Nameplate8	number,value
4	com/moonsworth/lunar/client/markers/mixin/gui/Gui2.java	Gui2	field,method
4	com/moonsworth/lunar/client/markers/holograms/Holograms_2.java	Holograms_2	method,value
4	com/moonsworth/lunar/client/markers/gui/Gui.java	Gui	method
4	com/moonsworth/lunar/client/lighting/nameplate/AlertExtension.java	AlertExtension	field,method
4	com/moonsworth/lunar/client/lighting/Gui2Extension3.java	Gui2Extension3	flag,text
4	com/moonsworth/lunar/client/killsounds/Killsounds15Impl2.java	Killsounds15Impl2	method,obj
4	com/moonsworth/lunar/client/inactive/rewindhandlers/RewindhandlersType2.java	RewindhandlersType2	text
4	com/moonsworth/lunar/client/inactive/rewindhandlers/RewindhandlersException.java	RewindhandlersException	text
4	com/moonsworth/lunar/client/inactive/mixin/holograms/mixin/Holograms3.java	Holograms3	field
4	com/moonsworth/lunar/client/inactive/mixin/gui/AnimationControllerImpl.java	AnimationControllerImpl	text,value
4	com/moonsworth/lunar/client/inactive/mixin/fishing/FishingType.java	FishingType	text
4	com/moonsworth/lunar/client/inactive/mixin/fishing/FishingHandler43.java	FishingHandler43	method
4	com/moonsworth/lunar/client/inactive/mixin/InactiveException.java	InactiveException	text
4	com/moonsworth/lunar/client/inactive/InactiveType.java	InactiveType	arg
4	com/moonsworth/lunar/client/highlight/mixin/holograms/mixin/HighlightImpl.java	HighlightImpl	field,method
4	com/moonsworth/lunar/client/highlight/mixin/holograms/HighlightImpl3.java	HighlightImpl3	field,method
4	com/moonsworth/lunar/client/highlight/mixin/highlight/EventRenderParticle.java	EventRenderParticle	field,method
4	com/moonsworth/lunar/client/highlight/mixin/highlight/EventRenderGuardian.java	EventRenderGuardian	field,method
4	com/moonsworth/lunar/client/highlight/mixin/highlight/EventRenderEntityBase.java	EventRenderEntityBase	field,method
4	com/moonsworth/lunar/client/highlight/mixin/highlight/EventHologramUpdate.java	EventHologramUpdate	field,method
4	com/moonsworth/lunar/client/highlight/mixin/gui/HighlightImpl2.java	HighlightImpl2	field,method
4	com/moonsworth/lunar/client/highlight/mixin/gui/HighlightImpl19.java	HighlightImpl19	field,method
4	com/moonsworth/lunar/client/highlight/mixin/gui/HighlightImpl17.java	HighlightImpl17	field,method
4	com/moonsworth/lunar/client/highlight/mixin/gui/HighlightImpl14.java	HighlightImpl14	field,method
4	com/moonsworth/lunar/client/highlight/mixin/gui/Gui.java	Gui	field,method
4	com/moonsworth/lunar/client/highlight/mixin/fishing/HighlightImpl7.java	HighlightImpl7	field,method
4	com/moonsworth/lunar/client/highlight/mixin/fishing/HighlightImpl20.java	HighlightImpl20	field
4	com/moonsworth/lunar/client/highlight/mixin/fishing/HighlightBase4.java	HighlightBase4	field,method
4	com/moonsworth/lunar/client/highlight/mixin/fishing/HighlightBase2.java	HighlightBase2	field,method
4	com/moonsworth/lunar/client/highlight/mixin/HighlightImpl7.java	HighlightImpl7	field,method
4	com/moonsworth/lunar/client/highlight/mixin/HighlightImpl5.java	HighlightImpl5	field,method
4	com/moonsworth/lunar/client/highlight/mixin/HighlightImpl3.java	HighlightImpl3	text
4	com/moonsworth/lunar/client/highlight/fishing/HighlightImpl_2.java	HighlightImpl_2	field,method
4	com/moonsworth/lunar/client/highlight/fishing/HighlightImpl8_2.java	HighlightImpl8_2	field,method
4	com/moonsworth/lunar/client/highlight/fishing/HighlightImpl8.java	HighlightImpl8	field,method
4	com/moonsworth/lunar/client/highlight/fishing/HighlightImpl7_2.java	HighlightImpl7_2	field,method
4	com/moonsworth/lunar/client/highlight/fishing/HighlightImpl6_2.java	HighlightImpl6_2	field
4	com/moonsworth/lunar/client/highlight/fishing/HighlightImpl4_2.java	HighlightImpl4_2	field,method
4	com/moonsworth/lunar/client/highlight/fishing/HighlightImpl4.java	HighlightImpl4	field,method
4	com/moonsworth/lunar/client/highlight/fishing/HighlightImpl2_2.java	HighlightImpl2_2	field,method
4	com/moonsworth/lunar/client/highlight/fishing/HighlightImpl22.java	HighlightImpl22	field,method
4	com/moonsworth/lunar/client/highlight/fishing/HighlightImpl20.java	HighlightImpl20	field
4	com/moonsworth/lunar/client/highlight/fishing/HighlightImpl2.java	HighlightImpl2	field,method
4	com/moonsworth/lunar/client/highlight/fishing/HighlightImpl19.java	HighlightImpl19	field,method
4	com/moonsworth/lunar/client/highlight/fishing/HighlightImpl15.java	HighlightImpl15	field,method
4	com/moonsworth/lunar/client/highlight/fishing/HighlightImpl12.java	HighlightImpl12	field,method
4	com/moonsworth/lunar/client/highlight/fishing/HighlightImpl11_2.java	HighlightImpl11_2	field,method
4	com/moonsworth/lunar/client/highlight/EventScreenClose.java	EventScreenClose	field,method
4	com/moonsworth/lunar/client/highlight/EventScreenChange.java	EventScreenChange	field,method
4	com/moonsworth/lunar/client/highlight/EventResourcePackUpdate.java	EventResourcePackUpdate	field,method
4	com/moonsworth/lunar/client/highlight/EventRenderScreenOverlay.java	EventRenderScreenOverlay	field,method
4	com/moonsworth/lunar/client/glintcolorizer/GlintcolorizerType_4.java	GlintcolorizerType_4	text
4	com/moonsworth/lunar/client/glintcolorizer/GlintcolorizerType_2.java	GlintcolorizerType_2	text
4	com/moonsworth/lunar/client/glintcolorizer/GlintcolorizerType2.java	GlintcolorizerType2	text
4	com/moonsworth/lunar/client/glintcolorizer/GlintcolorizerExtension3.java	GlintcolorizerExtension3	method,value
4	com/moonsworth/lunar/client/glintcolorizer/Glintcolorizer2_4.java	Glintcolorizer2_4	method,text,value
4	com/moonsworth/lunar/client/glintcolorizer/Glintcolorizer2Handler43.java	Glintcolorizer2Handler43	method
4	com/moonsworth/lunar/client/glintcolorizer/Glintcolorizer2Base48.java	Glintcolorizer2Base48	method,text
4	com/moonsworth/lunar/client/glintcolorizer/Glintcolorizer2Base45.java	Glintcolorizer2Base45	method,text
4	com/moonsworth/lunar/client/glintcolorizer/Glintcolorizer2Base44.java	Glintcolorizer2Base44	method,text
4	com/moonsworth/lunar/client/glintcolorizer/Glintcolorizer2Base42_2.java	Glintcolorizer2Base42_2	method,text
4	com/moonsworth/lunar/client/framework/feature/tps/Tps2.java	Tps2	field,method
4	com/moonsworth/lunar/client/framework/feature/snaplook/Gui2Extension.java	Gui2Extension	number,text
4	com/moonsworth/lunar/client/framework/feature/rewind/rewindhandlersNameplate/Gui2Extension.java	Gui2Extension	flag,text
4	com/moonsworth/lunar/client/framework/feature/rewind/rewindhandlers/click/Click.java	Click	method
4	com/moonsworth/lunar/client/framework/feature/rewind/rewindhandlers/Gui2Extension3.java	Gui2Extension3	number
4	com/moonsworth/lunar/client/framework/feature/rewind/nameplate/mixin/holograms/Nameplate2Impl7.java	Nameplate2Impl7	method
4	com/moonsworth/lunar/client/framework/feature/rewind/nameplate/mixin/holograms/Nameplate2Impl6.java	Nameplate2Impl6	method
4	com/moonsworth/lunar/client/framework/feature/rewind/nameplate/mixin/holograms/Nameplate2Impl4.java	Nameplate2Impl4	method
4	com/moonsworth/lunar/client/framework/feature/rewind/nameplate/mixin/fishing/Nameplate2Impl.java	Nameplate2Impl	method
4	com/moonsworth/lunar/client/framework/feature/rewind/Gui2Extension.java	Gui2Extension	number,text
4	com/moonsworth/lunar/client/framework/feature/momentum/Gui2Extension.java	Gui2Extension	text,value
4	com/moonsworth/lunar/client/framework/feature/mod/rewindhandlers/Rewindhandlers$Data10.java	Rewindhandlers$Data10	field,method
4	com/moonsworth/lunar/client/framework/feature/mod/rewindhandlers/HighlightBase2.java	HighlightBase2	field,method
4	com/moonsworth/lunar/client/framework/feature/mod/impl/chest/mixin/ChestType.java	ChestType	text
4	com/moonsworth/lunar/client/framework/feature/mod/impl/calculator/mixin/CalculatorType2.java	CalculatorType2	text
4	com/moonsworth/lunar/client/framework/feature/mod/highlight/HighlightType6.java	HighlightType6	text
4	com/moonsworth/lunar/client/framework/feature/mod/highlight/HighlightType5.java	HighlightType5	text
4	com/moonsworth/lunar/client/framework/feature/mod/fishing/mixin/FishingType2.java	FishingType2	text
4	com/moonsworth/lunar/client/framework/feature/mod/fishing/mixin/Fishing.java	Fishing	field,method
4	com/moonsworth/lunar/client/framework/feature/mod/fishing/lotusfish/mixin/Lotusfish.java	Lotusfish	text
4	com/moonsworth/lunar/client/framework/feature/mod/fishing/holograms/HologramsType_3.java	HologramsType_3	number
4	com/moonsworth/lunar/client/framework/feature/mod/fishing/holograms/HologramsType2.java	HologramsType2	number
4	com/moonsworth/lunar/client/framework/feature/mod/fishing/holograms/HologramsType.java	HologramsType	number,text
4	com/moonsworth/lunar/client/framework/feature/mod/fishing/holograms/Holograms$Type.java	Holograms$Type	number
4	com/moonsworth/lunar/client/framework/feature/mod/fishing/highlight/mixin/Gui2Extension2.java	Gui2Extension2	text
4	com/moonsworth/lunar/client/framework/feature/mod/fishing/JsonDeserializerIterator$Data.java	JsonDeserializerIterator$Data	field,method
4	com/moonsworth/lunar/client/framework/feature/mod/fishing/Gui2Extension.java	Gui2Extension	text
4	com/moonsworth/lunar/client/framework/feature/minimap/Minimap4.java	Minimap4	field
4	com/moonsworth/lunar/client/framework/feature/keystrokes/Gui2Extension_2.java	Gui2Extension_2	text,value
4	com/moonsworth/lunar/client/framework/feature/freelook/Gui2Extension.java	Gui2Extension	number,text
4	com/moonsworth/lunar/client/framework/feature/debug/fpsdebugmod/profilerdebugmod/Profilerdebugmod2_2.java	Profilerdebugmod2_2	method
4	com/moonsworth/lunar/client/framework/feature/debug/fpsdebugmod/Fpsdebugmod2.java	Fpsdebugmod2	method
4	com/moonsworth/lunar/client/framework/feature/crosshair/mixin/Gui2Extension3.java	Gui2Extension3	number,text
4	com/moonsworth/lunar/client/framework/feature/animations/customhelditems/CustomhelditemsType.java	CustomhelditemsType	flag,text
4	com/moonsworth/lunar/client/framework/MixinHelper2.java	MixinHelper2	text
4	com/moonsworth/lunar/client/framework/Framework7.java	Framework7	method
4	com/moonsworth/lunar/client/framework/Framework6.java	Framework6	flag,method
4	com/moonsworth/lunar/client/framework/Framework11.java	Framework11	flag,method
4	com/moonsworth/lunar/client/fov/mixin/FovType2.java	FovType2	number
4	com/moonsworth/lunar/client/fov/FovType.java	FovType	flag
4	com/moonsworth/lunar/client/fog/fishing/FishingException.java	FishingException	text
4	com/moonsworth/lunar/client/feature/ModuleType3_2.java	ModuleType3_2	flag,text
4	com/moonsworth/lunar/client/coordinates/Coordinates2.java	Coordinates2	field,method
4	com/moonsworth/lunar/client/click/chest/Chest.java	Chest	value
4	com/moonsworth/lunar/client/alert/Alert.java	Alert	method,obj
4	com/moonsworth/lunar/client/MixinExtraType.java	MixinExtraType	text
4	com/moonsworth/lunar/bridge/slayer/Slayer4.java	Slayer4	flag,number
4	com/moonsworth/lunar/bridge/itemcounter/Itemcounter$Type.java	Itemcounter$Type	number
4	com/moonsworth/lunar/bridge/horsestats/HorsestatsType$Type2.java	HorsestatsType$Type2	number,text
4	com/moonsworth/lunar/bridge/horsestats/Horsestats26.java	Horsestats26	method
4	com/moonsworth/lunar/bridge/ShadeModel.java	ShadeModel	number
4	com/moonsworth/lunar/bridge/RenderPipelineBridge.java	RenderPipelineBridge	method,text
4	com/moonsworth/lunar/bridge/PolygonMode.java	PolygonMode	flag,number
4	com/moonsworth/lunar/bridge/MixinHelper_3.java	MixinHelper_3	method,number,value
4	com/moonsworth/lunar/bridge/LineSink.java	LineSink	value
4	com/moonsworth/lunar/bridge/Itemcounter6Extension.java	Itemcounter6Extension	flag,number,obj
4	com/moonsworth/lunar/bridge/DepthFunction.java	DepthFunction	number
4	com/moonsworth/lunar/bridge/Bridge_49.java	Bridge_49	field
4	com/moonsworth/lunar/bridge/BridgeType_5.java	BridgeType_5	number,text
4	com/moonsworth/lunar/bridge/BridgeType_12.java	BridgeType_12	flag,number
4	com/moonsworth/lunar/bridge/BridgeType3_3.java	BridgeType3_3	number
4	com/moonsworth/lunar/bridge/BridgeType2_9.java	BridgeType2_9	number
4	com/moonsworth/lunar/bridge/BridgeType2_8.java	BridgeType2_8	flag,number
4	com/moonsworth/lunar/bridge/BridgeType2_3.java	BridgeType2_3	flag,number
4	com/moonsworth/lunar/bridge/Bridge8Extension33.java	Bridge8Extension33	method,text
4	com/moonsworth/lunar/bridge/Bridge7_10.java	Bridge7_10	method,value
4	com/moonsworth/lunar/bridge/Bridge6_2.java	Bridge6_2	method,number
4	com/moonsworth/lunar/bridge/Bridge6Extension3$Type.java	Bridge6Extension3$Type	text
4	com/moonsworth/lunar/bridge/Bridge5Extension9.java	Bridge5Extension9	value
4	com/moonsworth/lunar/bridge/Bridge4_14.java	Bridge4_14	flag,number,value
4	com/moonsworth/lunar/bridge/Bridge3_17.java	Bridge3_17	number
4	com/moonsworth/lunar/bridge/Bridge3Extension_7.java	Bridge3Extension_7	flag,method
4	com/moonsworth/lunar/bridge/Bridge2_4.java	Bridge2_4	flag,number
3	net/minecraft/world/storage/SaveHandler.java	SaveHandler	var
3	net/minecraft/server/management/ItemInWorldManager.java	ItemInWorldManager	flag
3	net/minecraft/potion/PotionEffect.java	PotionEffect	flag
3	net/minecraft/network/play/server/S38PacketPlayerListItem.java	S38PacketPlayerListItem	i
3	net/minecraft/item/ItemArmor.java	ItemArmor	i
3	net/minecraft/entity/projectile/EntitySmallFireball.java	EntitySmallFireball	flag
3	net/minecraft/entity/projectile/EntityArrow.java	EntityArrow	i
3	net/minecraft/client/renderer/texture/SimpleTexture.java	SimpleTexture	flag
3	net/minecraft/client/renderer/InventoryEffectRenderer.java	InventoryEffectRenderer	i
3	net/minecraft/client/network/NetHandlerLoginClient.java	NetHandlerLoginClient	var
3	net/minecraft/client/gui/GuiKeyBindingList.java	GuiKeyBindingList	flag
3	net/minecraft/block/BlockRedstoneComparator.java	BlockRedstoneComparator	flag
3	net/minecraft/block/BlockRailPowered.java	BlockRailPowered	flag
3	net/minecraft/block/BlockCommandBlock.java	BlockCommandBlock	flag
3	net/minecraft/block/BlockButton.java	BlockButton	flag
3	com/moonsworth/lunar/v1_8/optifine/wrapper/Slayer3Handler.java	Slayer3Handler	text
3	com/moonsworth/lunar/v1_8/mixin/GuiScreenMixin.java	GuiScreenMixin	text
3	com/moonsworth/lunar/v1_7/mixin/ConnectedPropertiesMixin.java	ConnectedPropertiesMixin	arg,method
3	com/moonsworth/lunar/v1_12/mixin/GuiScreenMixin.java	GuiScreenMixin	text
3	com/moonsworth/lunar/replaymod/mixin/PboOpenGlFrameCapturerV1_8Mixin.java	PboOpenGlFrameCapturerV1_8Mixin	method,number
3	com/moonsworth/lunar/replaymod/mixin/PboOpenGlFrameCapturerMixin.java	PboOpenGlFrameCapturerMixin	method,number
3	com/moonsworth/lunar/replaymod/mixin/GuiPathingRealtimeTickV1_8Mixin.java	GuiPathingRealtimeTickV1_8Mixin	field
3	com/moonsworth/lunar/replaymod/mixin/GuiPathingRealtimeTickMixin.java	GuiPathingRealtimeTickMixin	field
3	com/moonsworth/lunar/replaymod/mixin/GuiHandlerReplayV1_8Mixin.java	GuiHandlerReplayV1_8Mixin	method,text
3	com/moonsworth/lunar/replaymod/mixin/GuiHandlerReplayMixin.java	GuiHandlerReplayMixin	method,text
3	com/moonsworth/lunar/replaymod/mixin/ClassicCameraControllerV1_8Mixin.java	ClassicCameraControllerV1_8Mixin	method,value
3	com/moonsworth/lunar/replaymod/mixin/ClassicCameraControllerMixin.java	ClassicCameraControllerMixin	method,value
3	com/moonsworth/lunar/network/mixin/MixinHelper10.java	MixinHelper10	method,text
3	com/moonsworth/lunar/network/Network2$Data.java	Network2$Data	field
3	com/moonsworth/lunar/mixin/mixin/BiomeGenBaseMixin.java	BiomeGenBaseMixin	number
3	com/moonsworth/lunar/loader/Ichor4Type2$1.java	Ichor4Type2$1	method,text
3	com/moonsworth/lunar/legacy/wrapper/WindowItemsPacketBuilder.java	WindowItemsPacketBuilder	method
3	com/moonsworth/lunar/legacy/wrapper/NetworkPlayerInfoImpl.java	NetworkPlayerInfoImpl	field
3	com/moonsworth/lunar/legacy/wrapper/GameSettingsBridge.java	GameSettingsBridge	method,number
3	com/moonsworth/lunar/legacy/wrapper/Bridge8Handler.java	Bridge8Handler	field
3	com/moonsworth/lunar/legacy/optifine/wrapper/Slayer3Handler.java	Slayer3Handler	text
3	com/moonsworth/lunar/legacy/mixin/WorldRendererMixin.java	WorldRendererMixin	method
3	com/moonsworth/lunar/legacy/mixin/Vec3Mixin.java	Vec3Mixin	value
3	com/moonsworth/lunar/legacy/mixin/TimerMixin.java	TimerMixin	number
3	com/moonsworth/lunar/legacy/mixin/ThreadDownloadImageDataMixin.java	ThreadDownloadImageDataMixin	field,method
3	com/moonsworth/lunar/legacy/mixin/TextureMapMixin.java	TextureMapMixin	text
3	com/moonsworth/lunar/legacy/mixin/TextureManagerMixin.java	TextureManagerMixin	text
3	com/moonsworth/lunar/legacy/mixin/StatFileWriter3.java	StatFileWriter3	method
3	com/moonsworth/lunar/legacy/mixin/SimpleResourceMixin.java	SimpleResourceMixin	text
3	com/moonsworth/lunar/legacy/mixin/ServerPingerMixin.java	ServerPingerMixin	number
3	com/moonsworth/lunar/legacy/mixin/ScorePlayerTeamMixin.java	ScorePlayerTeamMixin	text
3	com/moonsworth/lunar/legacy/mixin/ScoreObjectiveMixin.java	ScoreObjectiveMixin	text
3	com/moonsworth/lunar/legacy/mixin/PlayerProfileCacheMixin.java	PlayerProfileCacheMixin	obj
3	com/moonsworth/lunar/legacy/mixin/NBTTagStringMixin.java	NBTTagStringMixin	text
3	com/moonsworth/lunar/legacy/mixin/LagometerMixin.java	LagometerMixin	method
3	com/moonsworth/lunar/legacy/mixin/GuiConnectingDisconnectMixin.java	GuiConnectingDisconnectMixin	field,number,text
3	com/moonsworth/lunar/legacy/mixin/FolderResourcePackMixin.java	FolderResourcePackMixin	method,text
3	com/moonsworth/lunar/legacy/mixin/CreativeCraftingMixin.java	CreativeCraftingMixin	method,number
3	com/moonsworth/lunar/legacy/mixin/ChatStyleMixin.java	ChatStyleMixin	method
3	com/moonsworth/lunar/legacy/mixin/BossStatusMixin.java	BossStatusMixin	flag,method
3	com/moonsworth/lunar/legacy/mixin/BiomeGenBaseMixin.java	BiomeGenBaseMixin	number
3	com/moonsworth/lunar/legacy/MixinHelper.java	MixinHelper	number
3	com/moonsworth/lunar/ichor/util/FatalIchorError2.java	FatalIchorError2	value
3	com/moonsworth/lunar/ichor/mixin/MixinHelper32.java	MixinHelper32	method,obj
3	com/moonsworth/lunar/ichor/Ichor2Iterator2$1.java	Ichor2Iterator2$1	field
3	com/moonsworth/lunar/genesis/WeakReferenceBase.java	WeakReferenceBase	field,value
3	com/moonsworth/lunar/genesis/SoftReferenceBase.java	SoftReferenceBase	field,value
3	com/moonsworth/lunar/genesis/SerializableBase2$Data5.java	SerializableBase2$Data5	field,method
3	com/moonsworth/lunar/genesis/SerializableBase2$Data4.java	SerializableBase2$Data4	field,method
3	com/moonsworth/lunar/genesis/PhantomReferenceBase.java	PhantomReferenceBase	field,value
3	com/moonsworth/lunar/genesis/OutputStreamSerializer$2.java	OutputStreamSerializer$2	field,method
3	com/moonsworth/lunar/genesis/MixinHelperType$4.java	MixinHelperType$4	text
3	com/moonsworth/lunar/genesis/MixinHelperIterator33.java	MixinHelperIterator33	value
3	com/moonsworth/lunar/genesis/MixinHelper8$Data22.java	MixinHelper8$Data22	field
3	com/moonsworth/lunar/genesis/MixinHelper6$Type.java	MixinHelper6$Type	obj
3	com/moonsworth/lunar/genesis/MixinHelper5$Data13.java	MixinHelper5$Data13	field
3	com/moonsworth/lunar/genesis/MixinHelper5$1_7.java	MixinHelper5$1_7	field,method
3	com/moonsworth/lunar/genesis/MixinHelper43$Data9.java	MixinHelper43$Data9	method
3	com/moonsworth/lunar/genesis/MixinHelper43$Data7.java	MixinHelper43$Data7	method
3	com/moonsworth/lunar/genesis/MixinHelper43$Data2.java	MixinHelper43$Data2	field
3	com/moonsworth/lunar/genesis/MixinHelper43$Data.java	MixinHelper43$Data	field
3	com/moonsworth/lunar/genesis/MixinHelper35$Type$1.java	MixinHelper35$Type$1	number,value
3	com/moonsworth/lunar/genesis/MixinHelper34$Data2.java	MixinHelper34$Data2	method,value
3	com/moonsworth/lunar/genesis/MixinHelper312$Data5.java	MixinHelper312$Data5	field
3	com/moonsworth/lunar/genesis/MixinHelper3$Type8.java	MixinHelper3$Type8	method,text
3	com/moonsworth/lunar/genesis/MixinHelper3$Type7.java	MixinHelper3$Type7	method,number
3	com/moonsworth/lunar/genesis/MixinHelper3$Type5.java	MixinHelper3$Type5	method,number
3	com/moonsworth/lunar/genesis/MixinHelper292$Data4.java	MixinHelper292$Data4	field
3	com/moonsworth/lunar/genesis/MixinHelper233$1.java	MixinHelper233$1	field,method
3	com/moonsworth/lunar/genesis/MixinHelper232$1$1.java	MixinHelper232$1$1	field
3	com/moonsworth/lunar/genesis/MixinHelper2$Extension.java	MixinHelper2$Extension	number
3	com/moonsworth/lunar/genesis/MixinHelper18$3.java	MixinHelper18$3	field
3	com/moonsworth/lunar/genesis/MixinHelper18$2.java	MixinHelper18$2	field
3	com/moonsworth/lunar/genesis/MixinHelper14$Data4.java	MixinHelper14$Data4	method,text
3	com/moonsworth/lunar/genesis/MixinHelper1322.java	MixinHelper1322	obj,value
3	com/moonsworth/lunar/genesis/MixinHelper13$1.java	MixinHelper13$1	number
3	com/moonsworth/lunar/genesis/MixinHelper11$Extension.java	MixinHelper11$Extension	method,text
3	com/moonsworth/lunar/genesis/MixinHelper11$Data17.java	MixinHelper11$Data17	field,method,value
3	com/moonsworth/lunar/genesis/MixinHelper11$Data16.java	MixinHelper11$Data16	method,number
3	com/moonsworth/lunar/genesis/ExecutorTask$1.java	ExecutorTask$1	field
3	com/moonsworth/lunar/genesis/ExecutorServiceTask$1.java	ExecutorServiceTask$1	field
3	com/moonsworth/lunar/genesis/DataInputExtension.java	DataInputExtension	number
3	com/moonsworth/lunar/genesis/AbstractMapLoader$2.java	AbstractMapLoader$2	method,obj
3	com/moonsworth/lunar/forge/mixin/ModelLoaderMixin.java	ModelLoaderMixin	method,text
3	com/moonsworth/lunar/forge/mixin/ForgeEventFactoryMixin2.java	ForgeEventFactoryMixin2	obj,text
3	com/moonsworth/lunar/forge/mixin/FMLCommonHandlerMixin.java	FMLCommonHandlerMixin	obj
3	com/moonsworth/lunar/forge/mixin/EventBusMixin3.java	EventBusMixin3	obj,text
3	com/moonsworth/lunar/forge/lib/mixin/IOException.java	IOException	field,text
3	com/moonsworth/lunar/forge/lib/mixin/CloseableExtension4.java	CloseableExtension4	number
3	com/moonsworth/lunar/forge/lib/guava/reflect/TypeVisitor.java	TypeVisitor	flag
3	com/moonsworth/lunar/forge/lib/guava/reflect/TypeParameter.java	TypeParameter	obj
3	com/moonsworth/lunar/forge/lib/guava/primitives/Platform.java	Platform	text
3	com/moonsworth/lunar/forge/lib/guava/io/LineReader.java	LineReader	text
3	com/moonsworth/lunar/forge/lib/guava/io/ByteArrayDataInput.java	ByteArrayDataInput	number
3	com/moonsworth/lunar/forge/lib/guava/graph/EndpointPairIterator.java	EndpointPairIterator	obj
3	com/moonsworth/lunar/forge/lib/guava/escape/Escaper.java	Escaper	text
3	com/moonsworth/lunar/forge/lib/guava/collect/SortedSetMultimap.java	SortedSetMultimap	obj,value
3	com/moonsworth/lunar/forge/lib/guava/collect/RangeSet.java	RangeSet	obj,value
3	com/moonsworth/lunar/forge/lib/guava/collect/ImmutableMapKeySet.java	ImmutableMapKeySet	arg,obj
3	com/moonsworth/lunar/forge/lib/guava/collect/AbstractSequentialIterator.java	AbstractSequentialIterator	value
3	com/moonsworth/lunar/forge/lib/guava/base/CommonPattern.java	CommonPattern	text
3	com/moonsworth/lunar/forge/lib/MixinMisc_2.java	MixinMisc_2	method
3	com/moonsworth/lunar/forge/lib/MixinMisc9Extension.java	MixinMisc9Extension	flag,number
3	com/moonsworth/lunar/forge/lib/MixinMisc7$Data.java	MixinMisc7$Data	field,method
3	com/moonsworth/lunar/forge/lib/MixinLegacy_3.java	MixinLegacy_3	method,number
3	com/moonsworth/lunar/forge/lib/MixinHelperException.java	MixinHelperException	field,text
3	com/moonsworth/lunar/forge/lib/MixinCoreUpdater3.java	MixinCoreUpdater3	method,number
3	com/moonsworth/lunar/forge/lib/MixinCommon.java	MixinCommon	arg,field
3	com/moonsworth/lunar/forge/lib/MixinAlt4.java	MixinAlt4	flag
3	com/moonsworth/lunar/forge/lib/IOException_2.java	IOException_2	field,text
3	com/moonsworth/lunar/forge/lib/IOException4_2.java	IOException4_2	field,text
3	com/moonsworth/lunar/forge/lib/IOException3_2.java	IOException3_2	field,text
3	com/moonsworth/lunar/forge/lib/IOException2_2.java	IOException2_2	field,text
3	com/moonsworth/lunar/forge/lib/IOException.java	IOException	field,text
3	com/moonsworth/lunar/forge/lib/FilterOutputStreamBase.java	FilterOutputStreamBase	field
3	com/moonsworth/lunar/forge/lib/CloseableLoader$Data7.java	CloseableLoader$Data7	method
3	com/moonsworth/lunar/forge/Ichor5Loader_2.java	Ichor5Loader_2	method
3	com/moonsworth/lunar/files/Files4Base4.java	Files4Base4	method
3	com/moonsworth/lunar/files/Files$Extension.java	Files$Extension	method
3	com/moonsworth/lunar/client/util/mixin/MixinHelper2.java	MixinHelper2	method
3	com/moonsworth/lunar/client/util/mixin/MixinHelper.java	MixinHelper	method
3	com/moonsworth/lunar/client/util/highlight/Highlight.java	Highlight	method,text
3	com/moonsworth/lunar/client/util/gui/Gui.java	Gui	obj
3	com/moonsworth/lunar/client/util/click/Click9.java	Click9	field,method
3	com/moonsworth/lunar/client/util/TranslationEntry.java	TranslationEntry	method
3	com/moonsworth/lunar/client/util/ThreadModuleDump8.java	ThreadModuleDump8	method
3	com/moonsworth/lunar/client/util/ThreadModuleDump53.java	ThreadModuleDump53	method,obj
3	com/moonsworth/lunar/client/util/ThreadModuleDump32.java	ThreadModuleDump32	field,method
3	com/moonsworth/lunar/client/util/RegexPatterns.java	RegexPatterns	field
3	com/moonsworth/lunar/client/util/ConsumerExtension.java	ConsumerExtension	value
3	com/moonsworth/lunar/client/util/Annotation.java	Annotation	method,text
3	com/moonsworth/lunar/client/tps/TpsException.java	TpsException	field,method
3	com/moonsworth/lunar/client/mobsize/mixin/TessellatorRenderer.java	TessellatorRenderer	field
3	com/moonsworth/lunar/client/mixin/RegionRenderCacheMixin.java	RegionRenderCacheMixin	number
3	com/moonsworth/lunar/client/markers/nameplate/mixin/Nameplate7.java	Nameplate7	number,value
3	com/moonsworth/lunar/client/markers/nameplate/mixin/Nameplate6.java	Nameplate6	value
3	com/moonsworth/lunar/client/markers/mixin/gui/mixin/GuiExtension3.java	GuiExtension3	method
3	com/moonsworth/lunar/client/lotusfish/Ichor2Handler.java	Ichor2Handler	method
3	com/moonsworth/lunar/client/lighting/nameplate/Nameplate3Handler.java	Nameplate3Handler	field
3	com/moonsworth/lunar/client/lighting/Lighting_7.java	Lighting_7	method
3	com/moonsworth/lunar/client/lighting/Lighting2_2.java	Lighting2_2	flag,method,text
3	com/moonsworth/lunar/client/killsounds/mixin/Killsounds3.java	Killsounds3	method,text
3	com/moonsworth/lunar/client/killsounds/Killsounds15.java	Killsounds15	method,obj
3	com/moonsworth/lunar/client/inactive/rewindhandlers/RewindhandlersType.java	RewindhandlersType	text
3	com/moonsworth/lunar/client/inactive/mixin/rewindhandlers/mixin/Rewindhandlers.java	Rewindhandlers	field
3	com/moonsworth/lunar/client/inactive/mixin/fishing/FishingHandler6.java	FishingHandler6	method
3	com/moonsworth/lunar/client/inactive/mixin/fishing/FishingHandler42.java	FishingHandler42	method
3	com/moonsworth/lunar/client/inactive/mixin/colorsaturation/Colorsaturation3.java	Colorsaturation3	method
3	com/moonsworth/lunar/client/inactive/Inactive_2.java	Inactive_2	field,method
3	com/moonsworth/lunar/client/glintcolorizer/mixin/Glintcolorizer2Base42.java	Glintcolorizer2Base42	method,text
3	com/moonsworth/lunar/client/glintcolorizer/mixin/Glintcolorizer2Base4.java	Glintcolorizer2Base4	method,text
3	com/moonsworth/lunar/client/glintcolorizer/GlintcolorizerIterator.java	GlintcolorizerIterator	value
3	com/moonsworth/lunar/client/glintcolorizer/Glintcolorizer2_3.java	Glintcolorizer2_3	method
3	com/moonsworth/lunar/client/glintcolorizer/Glintcolorizer2Impl_2.java	Glintcolorizer2Impl_2	field,method
3	com/moonsworth/lunar/client/glintcolorizer/Glintcolorizer2Base4_3.java	Glintcolorizer2Base4_3	method,text
3	com/moonsworth/lunar/client/glintcolorizer/Glintcolorizer2Base47.java	Glintcolorizer2Base47	method,text
3	com/moonsworth/lunar/client/glintcolorizer/Glintcolorizer2Base46.java	Glintcolorizer2Base46	method,text
3	com/moonsworth/lunar/client/glintcolorizer/Glintcolorizer2Base44_3.java	Glintcolorizer2Base44_3	method,text
3	com/moonsworth/lunar/client/glintcolorizer/Glintcolorizer2Base43_3.java	Glintcolorizer2Base43_3	method,text
3	com/moonsworth/lunar/client/glintcolorizer/Glintcolorizer2Base43.java	Glintcolorizer2Base43	method,text
3	com/moonsworth/lunar/client/glintcolorizer/Glintcolorizer2Base42_3.java	Glintcolorizer2Base42_3	method,text
3	com/moonsworth/lunar/client/glintcolorizer/Glintcolorizer2Base42.java	Glintcolorizer2Base42	method,text
3	com/moonsworth/lunar/client/glintcolorizer/Glintcolorizer2Base4.java	Glintcolorizer2Base4	method,text
3	com/moonsworth/lunar/client/framework/feature/worldeditcui/Worldeditcui_2.java	Worldeditcui_2	method,number
3	com/moonsworth/lunar/client/framework/feature/waila/Waila.java	Waila	method,number
3	com/moonsworth/lunar/client/framework/feature/tps/JsonDeserializerIterator.java	JsonDeserializerIterator	method,text
3	com/moonsworth/lunar/client/framework/feature/tiertagger/Gui2Extension.java	Gui2Extension	method,text
3	com/moonsworth/lunar/client/framework/feature/rewind/rewindhandlersNameplate/mixin/RewindhandlersNameplate.java	RewindhandlersNameplate	method
3	com/moonsworth/lunar/client/framework/feature/rewind/nameplate/mixin/highlight/Nameplate2Impl.java	Nameplate2Impl	method
3	com/moonsworth/lunar/client/framework/feature/rewind/gui/Gui5.java	Gui5	method
3	com/moonsworth/lunar/client/framework/feature/nickhider/Nickhider2.java	Nickhider2	method,value
3	com/moonsworth/lunar/client/framework/feature/motionblur/ColorsaturationExtension.java	ColorsaturationExtension	method
3	com/moonsworth/lunar/client/framework/feature/mod/rewindhandlers/mixin/Rewindhandlers.java	Rewindhandlers	field
3	com/moonsworth/lunar/client/framework/feature/mod/impl/alert/excavation/mixin/ExcavationType3.java	ExcavationType3	text
3	com/moonsworth/lunar/client/framework/feature/mod/fishing/gui/Gui_2.java	Gui_2	method,text
3	com/moonsworth/lunar/client/framework/feature/mod/MixinHelperType.java	MixinHelperType	number
3	com/moonsworth/lunar/client/framework/feature/menublur/ColorsaturationExtension.java	ColorsaturationExtension	method
3	com/moonsworth/lunar/client/framework/feature/f3display/F3display$Data.java	F3display$Data	field,method
3	com/moonsworth/lunar/client/framework/feature/colorsaturation/ColorsaturationExtension.java	ColorsaturationExtension	method
3	com/moonsworth/lunar/client/framework/feature/attackindicator/mixin/Attackindicator2Handler4.java	Attackindicator2Handler4	method
3	com/moonsworth/lunar/client/framework/MixinCore5Handler.java	MixinCore5Handler	method,value
3	com/moonsworth/lunar/client/framework/MixinCore5.java	MixinCore5	method,value
3	com/moonsworth/lunar/client/framework/MixinCore.java	MixinCore	method
3	com/moonsworth/lunar/client/framework/Framework2.java	Framework2	method
3	com/moonsworth/lunar/client/fov/Fov_4.java	Fov_4	method
3	com/moonsworth/lunar/client/click/fishing/Fishing2.java	Fishing2	method
3	com/moonsworth/lunar/client/animations/mixin/AnimationsImpl2.java	AnimationsImpl2	flag,method
3	com/moonsworth/lunar/bridge/slayer/Slayer5.java	Slayer5	number
3	com/moonsworth/lunar/bridge/slayer/Slayer2.java	Slayer2	flag,number
3	com/moonsworth/lunar/bridge/lighting/Lighting4.java	Lighting4	number,text
3	com/moonsworth/lunar/bridge/itemcounter/Itemcounter_2.java	Itemcounter_2	number
3	com/moonsworth/lunar/bridge/horsestats/HorsestatsType$Extension.java	HorsestatsType$Extension	value
3	com/moonsworth/lunar/bridge/horsestats/Horsestats23.java	Horsestats23	method,text
3	com/moonsworth/lunar/bridge/horsestats/Horsestats16.java	Horsestats16	method,value
3	com/moonsworth/lunar/bridge/horsestats/Horsestats13.java	Horsestats13	method,text
3	com/moonsworth/lunar/bridge/hitbox/Hitbox.java	Hitbox	number
3	com/moonsworth/lunar/bridge/TurboBlockBridge.java	TurboBlockBridge	field,flag,method
3	com/moonsworth/lunar/bridge/StyledCharSink.java	StyledCharSink	method,number
3	com/moonsworth/lunar/bridge/ParticleEngineBridge.java	ParticleEngineBridge	value
3	com/moonsworth/lunar/bridge/MixinHelper_15.java	MixinHelper_15	flag,text
3	com/moonsworth/lunar/bridge/KeyEventBridge.java	KeyEventBridge	method
3	com/moonsworth/lunar/bridge/EffectPacketBridge.java	EffectPacketBridge	method,number
3	com/moonsworth/lunar/bridge/Bridge_19.java	Bridge_19	number
3	com/moonsworth/lunar/bridge/Bridge5Extension66.java	Bridge5Extension66	arg,method
3	com/moonsworth/lunar/bridge/Bridge4_4.java	Bridge4_4	number,text
3	com/moonsworth/lunar/bridge/Bridge3Extension.java	Bridge3Extension	number
3	com/moonsworth/lunar/bridge/Bridge2_17.java	Bridge2_17	number
3	com/moonsworth/lunar/bridge/Bridge2Handler2.java	Bridge2Handler2	field
3	com/moonsworth/lunar/bridge/Bridge2$Extension2.java	Bridge2$Extension2	text
3	com/moonsworth/lunar/bridge/BlockBreakAnimationPacketBridge.java	BlockBreakAnimationPacketBridge	method,number
2	net/minecraft/world/gen/FlatGeneratorInfo.java	FlatGeneratorInfo	var
2	net/minecraft/world/gen/ChunkProviderSettings.java	ChunkProviderSettings	var
2	net/minecraft/world/biome/BiomeGenJungle.java	BiomeGenJungle	i
2	net/minecraft/world/biome/BiomeCache.java	BiomeCache	i
2	net/minecraft/world/GameRules.java	GameRules	var
2	net/minecraft/util/StringTranslate.java	StringTranslate	var
2	net/minecraft/util/CryptManager.java	CryptManager	var
2	net/minecraft/tileentity/TileEntitySign.java	TileEntitySign	var
2	net/minecraft/server/management/BanEntry.java	BanEntry	var
2	net/minecraft/server/integrated/IntegratedServer.java	IntegratedServer	var
2	net/minecraft/network/NetworkSystem.java	NetworkSystem	var
2	net/minecraft/network/NetworkManager.java	NetworkManager	var
2	net/minecraft/command/server/CommandSaveAll.java	CommandSaveAll	flag
2	net/minecraft/client/resources/data/TextureMetadataSectionSerializer.java	TextureMetadataSectionSerializer	flag
2	net/minecraft/client/resources/ResourcePackListEntry.java	ResourcePackListEntry	i
2	net/minecraft/client/resources/ResourceIndex.java	ResourceIndex	var
2	net/minecraft/client/resources/Locale.java	Locale	var
2	net/minecraft/client/resources/FileResourcePack.java	FileResourcePack	var
2	net/minecraft/client/resources/DefaultResourcePack.java	DefaultResourcePack	var
2	net/minecraft/client/renderer/tileentity/TileEntityBannerRenderer.java	TileEntityBannerRenderer	flag
2	net/minecraft/client/network/NetHandlerPlayClient.java	NetHandlerPlayClient	var
2	net/minecraft/client/network/LanServerDetector.java	LanServerDetector	var
2	net/minecraft/client/multiplayer/ServerAddress.java	ServerAddress	var
2	net/minecraft/client/multiplayer/PlayerControllerMP.java	PlayerControllerMP	flag
2	net/minecraft/client/gui/inventory/GuiBrewingStand.java	GuiBrewingStand	i
2	net/minecraft/client/gui/GuiMainMenu.java	GuiMainMenu	var
2	net/minecraft/client/gui/GuiIngameMenu.java	GuiIngameMenu	flag
2	net/minecraft/client/audio/SoundManager.java	SoundManager	var
2	net/minecraft/client/audio/SoundHandler.java	SoundHandler	var
2	net/minecraft/block/BlockTrapDoor.java	BlockTrapDoor	flag
2	net/minecraft/block/BlockSlab.java	BlockSlab	flag
2	net/minecraft/block/BlockRedstoneWire.java	BlockRedstoneWire	flag
2	com/moonsworth/webosr/wrappers/WebOSR.java	WebOSR	number
2	com/moonsworth/webosr/wrappers/Session.java	Session	number
2	com/moonsworth/webosr/NativeHandle.java	NativeHandle	number
2	com/moonsworth/lunar/v1_8/optifine/wrapper/Wrapper2.java	Wrapper2	flag
2	com/moonsworth/lunar/v1_8/mixin/TextureMapMixin.java	TextureMapMixin	flag,text
2	com/moonsworth/lunar/v1_7/optifine/wrapper/Slayer7Handler.java	Slayer7Handler	number
2	com/moonsworth/lunar/replaymod/mixin/ReplayModMixinConfigPluginV1_8Mixin.java	ReplayModMixinConfigPluginV1_8Mixin	text
2	com/moonsworth/lunar/replaymod/mixin/ReplayModMixinConfigPluginMixin.java	ReplayModMixinConfigPluginMixin	text
2	com/moonsworth/lunar/replaymod/mixin/MCVerV1_8Mixin.java	MCVerV1_8Mixin	method
2	com/moonsworth/lunar/replaymod/mixin/MCVerMixin.java	MCVerMixin	method
2	com/moonsworth/lunar/replaymod/mixin/GuiBackgroundProcessesV1_8Mixin.java	GuiBackgroundProcessesV1_8Mixin	method
2	com/moonsworth/lunar/replaymod/mixin/GuiBackgroundProcessesMixin.java	GuiBackgroundProcessesMixin	method
2	com/moonsworth/lunar/replaymod/forge/v1_8/mixin/MixinHelper.java	MixinHelper	flag
2	com/moonsworth/lunar/replaymod/forge/v1_12/mixin/MixinHelper.java	MixinHelper	flag
2	com/moonsworth/lunar/replaymod/forge/Ichor5Loader2.java	Ichor5Loader2	field,method
2	com/moonsworth/lunar/network/Network2$Type.java	Network2$Type	number
2	com/moonsworth/lunar/loader/Ichor6Impl.java	Ichor6Impl	method
2	com/moonsworth/lunar/loader/Ichor4Type2$2.java	Ichor4Type2$2	text
2	com/moonsworth/lunar/legacy/wrapper/util/IMetadataSectionSerializer.java	IMetadataSectionSerializer	field,method
2	com/moonsworth/lunar/legacy/wrapper/Wrapper$Type.java	Wrapper$Type	number
2	com/moonsworth/lunar/legacy/wrapper/SpawnPlayerPacketBuilder.java	SpawnPlayerPacketBuilder	method
2	com/moonsworth/lunar/legacy/optifine/wrapper/Slayer3Renderer.java	Slayer3Renderer	flag
2	com/moonsworth/lunar/legacy/mixin/TranslatableComponentTransformMixin.java	TranslatableComponentTransformMixin	value
2	com/moonsworth/lunar/legacy/mixin/ThreadDownloadImageDataMixin2.java	ThreadDownloadImageDataMixin2	flag
2	com/moonsworth/lunar/legacy/mixin/TextureUtilMixin.java	TextureUtilMixin	method
2	com/moonsworth/lunar/legacy/mixin/SlotMixin.java	SlotMixin	method
2	com/moonsworth/lunar/legacy/mixin/ServerStatusResponseMixin.java	ServerStatusResponseMixin	text
2	com/moonsworth/lunar/legacy/mixin/RenderItemMixin3.java	RenderItemMixin3	obj
2	com/moonsworth/lunar/legacy/mixin/ReflectorMethodMixin.java	ReflectorMethodMixin	text
2	com/moonsworth/lunar/legacy/mixin/ReflectorClassMixin.java	ReflectorClassMixin	text
2	com/moonsworth/lunar/legacy/mixin/PlayerItemsLayerMixin.java	PlayerItemsLayerMixin	value
2	com/moonsworth/lunar/legacy/mixin/NetworkManagerMixin.java	NetworkManagerMixin	text
2	com/moonsworth/lunar/legacy/mixin/MpegAudioFileReaderMixin.java	MpegAudioFileReaderMixin	number
2	com/moonsworth/lunar/legacy/mixin/ModelRendererAttachMixin.java	ModelRendererAttachMixin	value
2	com/moonsworth/lunar/legacy/mixin/ModelHumanoidHeadMixin.java	ModelHumanoidHeadMixin	flag
2	com/moonsworth/lunar/legacy/mixin/ItemStackUpdateMixin.java	ItemStackUpdateMixin	flag,number
2	com/moonsworth/lunar/legacy/mixin/ItemPotionThrowMixin.java	ItemPotionThrowMixin	method
2	com/moonsworth/lunar/legacy/mixin/ItemFoodMixin.java	ItemFoodMixin	method
2	com/moonsworth/lunar/legacy/mixin/InventoryPlayerEventMixin.java	InventoryPlayerEventMixin	method
2	com/moonsworth/lunar/legacy/mixin/ICommandSenderMixin.java	ICommandSenderMixin	text
2	com/moonsworth/lunar/legacy/mixin/GuiTextFieldMixin.java	GuiTextFieldMixin	number
2	com/moonsworth/lunar/legacy/mixin/GuiScreenBookMixin.java	GuiScreenBookMixin	number
2	com/moonsworth/lunar/legacy/mixin/GuiMixin.java	GuiMixin	method
2	com/moonsworth/lunar/legacy/mixin/FieldLocatorTypesMixin.java	FieldLocatorTypesMixin	text
2	com/moonsworth/lunar/legacy/mixin/FieldLocatorTypeMixin.java	FieldLocatorTypeMixin	text
2	com/moonsworth/lunar/legacy/mixin/FieldLocatorNameMixin.java	FieldLocatorNameMixin	text
2	com/moonsworth/lunar/legacy/mixin/FaceBakeryMixin.java	FaceBakeryMixin	flag
2	com/moonsworth/lunar/legacy/mixin/EnumChatFormattingOptimizationMixin.java	EnumChatFormattingOptimizationMixin	text
2	com/moonsworth/lunar/legacy/mixin/EntityTNTPrimedMixin.java	EntityTNTPrimedMixin	number
2	com/moonsworth/lunar/legacy/mixin/EntityLightningBoltMixin.java	EntityLightningBoltMixin	flag
2	com/moonsworth/lunar/legacy/mixin/EnchantmentMixin.java	EnchantmentMixin	method
2	com/moonsworth/lunar/legacy/mixin/DefaultResourcePackMixin.java	DefaultResourcePackMixin	text
2	com/moonsworth/lunar/legacy/mixin/ComponentTransformableExtension.java	ComponentTransformableExtension	value
2	com/moonsworth/lunar/legacy/mixin/BootstrapMixin.java	BootstrapMixin	method
2	com/moonsworth/lunar/legacy/mixin/BlockPosMixin.java	BlockPosMixin	number
2	com/moonsworth/lunar/legacy/mixin/BlockModelShapesMixin.java	BlockModelShapesMixin	method
2	com/moonsworth/lunar/legacy/mixin/AxisAlignedBBBoundsMixin.java	AxisAlignedBBBoundsMixin	value
2	com/moonsworth/lunar/legacy/mixin/AbstractTextureMultiTexMixin.java	AbstractTextureMultiTexMixin	number
2	com/moonsworth/lunar/legacy/mixin/ALMixin.java	ALMixin	text
2	com/moonsworth/lunar/ichor/util/FatalIchorError3.java	FatalIchorError3	method,text
2	com/moonsworth/lunar/ichor/util/Annotation3.java	Annotation3	method
2	com/moonsworth/lunar/ichor/mixin/MixinHelper.java	MixinHelper	number
2	com/moonsworth/lunar/ichor/api/IchorAPI3.java	IchorAPI3	method,text
2	com/moonsworth/lunar/ichor/MixinMore.java	MixinMore	text
2	com/moonsworth/lunar/ichor/MixinMisc2.java	MixinMisc2	text
2	com/moonsworth/lunar/ichor/MixinInternal2.java	MixinInternal2	text
2	com/moonsworth/lunar/ichor/MixinInternal.java	MixinInternal	method
2	com/moonsworth/lunar/ichor/Ichor2Iterator$Data5.java	Ichor2Iterator$Data5	field
2	com/moonsworth/lunar/ichor/Ichor2Iterator$Data2.java	Ichor2Iterator$Data2	field
2	com/moonsworth/lunar/genesis/mixin/MixinHelperType.java	MixinHelperType	flag
2	com/moonsworth/lunar/genesis/SerializableLoader$1.java	SerializableLoader$1	field
2	com/moonsworth/lunar/genesis/SerializableBase2$1.java	SerializableBase2$1	field
2	com/moonsworth/lunar/genesis/PreLaunchLibraryBootstrap$Data.java	PreLaunchLibraryBootstrap$Data	text
2	com/moonsworth/lunar/genesis/MixinHelperType2.java	MixinHelperType2	text
2	com/moonsworth/lunar/genesis/MixinHelperIterator34.java	MixinHelperIterator34	value
2	com/moonsworth/lunar/genesis/MixinHelperIterator22.java	MixinHelperIterator22	value
2	com/moonsworth/lunar/genesis/MixinHelper9$Type3.java	MixinHelper9$Type3	text
2	com/moonsworth/lunar/genesis/MixinHelper9$Data22.java	MixinHelper9$Data22	number
2	com/moonsworth/lunar/genesis/MixinHelper8_10.java	MixinHelper8_10	method,text
2	com/moonsworth/lunar/genesis/MixinHelper8$Data23.java	MixinHelper8$Data23	text
2	com/moonsworth/lunar/genesis/MixinHelper6$Type2.java	MixinHelper6$Type2	obj
2	com/moonsworth/lunar/genesis/MixinHelper6$Data28.java	MixinHelper6$Data28	number
2	com/moonsworth/lunar/genesis/MixinHelper524$Data.java	MixinHelper524$Data	number
2	com/moonsworth/lunar/genesis/MixinHelper5$Type3.java	MixinHelper5$Type3	obj
2	com/moonsworth/lunar/genesis/MixinHelper4$Data16.java	MixinHelper4$Data16	method,number
2	com/moonsworth/lunar/genesis/MixinHelper4$Data11.java	MixinHelper4$Data11	text
2	com/moonsworth/lunar/genesis/MixinHelper4$1_5.java	MixinHelper4$1_5	text
2	com/moonsworth/lunar/genesis/MixinHelper35$Type2$3.java	MixinHelper35$Type2$3	number
2	com/moonsworth/lunar/genesis/MixinHelper35$Type2$2.java	MixinHelper35$Type2$2	number
2	com/moonsworth/lunar/genesis/MixinHelper35$Type2$1.java	MixinHelper35$Type2$1	number
2	com/moonsworth/lunar/genesis/MixinHelper35$Type.java	MixinHelper35$Type	number,value
2	com/moonsworth/lunar/genesis/MixinHelper34$Data3.java	MixinHelper34$Data3	method
2	com/moonsworth/lunar/genesis/MixinHelper33$Data5.java	MixinHelper33$Data5	method
2	com/moonsworth/lunar/genesis/MixinHelper32$Data2.java	MixinHelper32$Data2	text
2	com/moonsworth/lunar/genesis/MixinHelper312_2.java	MixinHelper312_2	flag
2	com/moonsworth/lunar/genesis/MixinHelper3122_3.java	MixinHelper3122_3	method
2	com/moonsworth/lunar/genesis/MixinHelper3022$Data.java	MixinHelper3022$Data	value
2	com/moonsworth/lunar/genesis/MixinHelper30$Data5.java	MixinHelper30$Data5	method
2	com/moonsworth/lunar/genesis/MixinHelper3$Type3.java	MixinHelper3$Type3	number
2	com/moonsworth/lunar/genesis/MixinHelper3$Type10$3.java	MixinHelper3$Type10$3	method
2	com/moonsworth/lunar/genesis/MixinHelper3$Data31$Extension.java	MixinHelper3$Data31$Extension	number
2	com/moonsworth/lunar/genesis/MixinHelper3$Data28.java	MixinHelper3$Data28	number
2	com/moonsworth/lunar/genesis/MixinHelper2_5.java	MixinHelper2_5	value
2	com/moonsworth/lunar/genesis/MixinHelper292$Data4$1.java	MixinHelper292$Data4$1	text
2	com/moonsworth/lunar/genesis/MixinHelper27$Data12.java	MixinHelper27$Data12	number
2	com/moonsworth/lunar/genesis/MixinHelper232$2.java	MixinHelper232$2	field
2	com/moonsworth/lunar/genesis/MixinHelper23$Type2$1.java	MixinHelper23$Type2$1	method
2	com/moonsworth/lunar/genesis/MixinHelper23$Extension4.java	MixinHelper23$Extension4	number
2	com/moonsworth/lunar/genesis/MixinHelper23$Extension3.java	MixinHelper23$Extension3	number,value
2	com/moonsworth/lunar/genesis/MixinHelper23$Extension2.java	MixinHelper23$Extension2	number,value
2	com/moonsworth/lunar/genesis/MixinHelper23$Extension.java	MixinHelper23$Extension	number
2	com/moonsworth/lunar/genesis/MixinHelper21_2.java	MixinHelper21_2	number,text
2	com/moonsworth/lunar/genesis/MixinHelper20$Type$4.java	MixinHelper20$Type$4	obj
2	com/moonsworth/lunar/genesis/MixinHelper20$Type$3.java	MixinHelper20$Type$3	obj
2	com/moonsworth/lunar/genesis/MixinHelper14_4.java	MixinHelper14_4	number
2	com/moonsworth/lunar/genesis/MixinHelper135.java	MixinHelper135	method
2	com/moonsworth/lunar/genesis/MixinHelper122$Data6.java	MixinHelper122$Data6	method
2	com/moonsworth/lunar/genesis/MixinHelper12$Extension2.java	MixinHelper12$Extension2	method,text
2	com/moonsworth/lunar/genesis/MixinHelper10_3.java	MixinHelper10_3	field
2	com/moonsworth/lunar/genesis/MixinHelper$Type4.java	MixinHelper$Type4	number
2	com/moonsworth/lunar/genesis/MixinHelper$1_3.java	MixinHelper$1_3	method
2	com/moonsworth/lunar/genesis/LockBase.java	LockBase	number
2	com/moonsworth/lunar/genesis/IterableIterator$Data.java	IterableIterator$Data	method
2	com/moonsworth/lunar/genesis/Genesis3$Type.java	Genesis3$Type	text
2	com/moonsworth/lunar/genesis/FileSystemException.java	FileSystemException	text
2	com/moonsworth/lunar/genesis/AbstractMapLoader$Type3.java	AbstractMapLoader$Type3	number
2	com/moonsworth/lunar/genesis/AbstractCollectionBase52$4.java	AbstractCollectionBase52$4	field
2	com/moonsworth/lunar/genesis/AbstractCollectionBase4$Data.java	AbstractCollectionBase4$Data	field,method
2	com/moonsworth/lunar/forge/mixin/ForgeEventFactoryMixin.java	ForgeEventFactoryMixin	obj
2	com/moonsworth/lunar/forge/mixin/FMLClientHandlerMixin.java	FMLClientHandlerMixin	field
2	com/moonsworth/lunar/forge/mixin/EventBusMixin22.java	EventBusMixin22	obj
2	com/moonsworth/lunar/forge/mixin/EventBusMixin2.java	EventBusMixin2	obj
2	com/moonsworth/lunar/forge/mixin/EnumHelperMixin.java	EnumHelperMixin	flag,text
2	com/moonsworth/lunar/forge/lib/mixin/CloseableExtension5.java	CloseableExtension5	number
2	com/moonsworth/lunar/forge/lib/guava/util/concurrent/SettableFuture.java	SettableFuture	value
2	com/moonsworth/lunar/forge/lib/guava/util/concurrent/Service.java	Service	number
2	com/moonsworth/lunar/forge/lib/guava/util/concurrent/ListeningExecutorService.java	ListeningExecutorService	number,value
2	com/moonsworth/lunar/forge/lib/guava/util/concurrent/ForwardingLock.java	ForwardingLock	number
2	com/moonsworth/lunar/forge/lib/guava/util/concurrent/ForwardingListeningExecutorService.java	ForwardingListeningExecutorService	value
2	com/moonsworth/lunar/forge/lib/guava/util/concurrent/ForwardingFuture.java	ForwardingFuture	flag
2	com/moonsworth/lunar/forge/lib/guava/util/concurrent/ForwardingFluentFuture.java	ForwardingFluentFuture	flag
2	com/moonsworth/lunar/forge/lib/guava/util/concurrent/AggregateFutureState.java	AggregateFutureState	number
2	com/moonsworth/lunar/forge/lib/guava/reflect/TypeToInstanceMap.java	TypeToInstanceMap	value
2	com/moonsworth/lunar/forge/lib/guava/io/InsecureRecursiveDeleteException.java	InsecureRecursiveDeleteException	text
2	com/moonsworth/lunar/forge/lib/guava/io/Flushables.java	Flushables	flag
2	com/moonsworth/lunar/forge/lib/guava/io/Closeables.java	Closeables	flag
2	com/moonsworth/lunar/forge/lib/guava/io/ByteSink.java	ByteSink	number
2	com/moonsworth/lunar/forge/lib/guava/io/ByteProcessor.java	ByteProcessor	number
2	com/moonsworth/lunar/forge/lib/guava/hash/LongAddables.java	LongAddables	number
2	com/moonsworth/lunar/forge/lib/guava/hash/Crc32cHashFunction.java	Crc32cHashFunction	number
2	com/moonsworth/lunar/forge/lib/guava/graph/UndirectedNetworkConnections.java	UndirectedNetworkConnections	value
2	com/moonsworth/lunar/forge/lib/guava/graph/AbstractGraphBuilder.java	AbstractGraphBuilder	flag
2	com/moonsworth/lunar/forge/lib/guava/eventbus/AsyncEventBus.java	AsyncEventBus	text
2	com/moonsworth/lunar/forge/lib/guava/collect/UnmodifiableListIterator.java	UnmodifiableListIterator	value
2	com/moonsworth/lunar/forge/lib/guava/collect/TransformedListIterator.java	TransformedListIterator	value
2	com/moonsworth/lunar/forge/lib/guava/collect/MapDifference.java	MapDifference	obj
2	com/moonsworth/lunar/forge/lib/guava/collect/JdkBackedImmutableSet.java	JdkBackedImmutableSet	obj
2	com/moonsworth/lunar/forge/lib/guava/collect/ImmutableAsList.java	ImmutableAsList	obj
2	com/moonsworth/lunar/forge/lib/guava/collect/AllEqualOrdering.java	AllEqualOrdering	obj
2	com/moonsworth/lunar/forge/lib/guava/collect/AbstractIterator.java	AbstractIterator	obj
2	com/moonsworth/lunar/forge/lib/guava/cache/Weigher.java	Weigher	value
2	com/moonsworth/lunar/forge/lib/guava/cache/ReferenceEntry.java	ReferenceEntry	number
2	com/moonsworth/lunar/forge/lib/guava/cache/LongAddables.java	LongAddables	number
2	com/moonsworth/lunar/forge/lib/guava/base/StandardSystemProperty.java	StandardSystemProperty	text
2	com/moonsworth/lunar/forge/lib/guava/base/FinalizableWeakReference.java	FinalizableWeakReference	value
2	com/moonsworth/lunar/forge/lib/guava/base/FinalizableSoftReference.java	FinalizableSoftReference	value
2	com/moonsworth/lunar/forge/lib/guava/base/FinalizablePhantomReference.java	FinalizablePhantomReference	value
2	com/moonsworth/lunar/forge/lib/guava/base/CommonMatcher.java	CommonMatcher	number,text
2	com/moonsworth/lunar/forge/lib/guava/base/AbstractIterator.java	AbstractIterator	obj
2	com/moonsworth/lunar/forge/lib/OutputStreamSerializer$Data3.java	OutputStreamSerializer$Data3	field
2	com/moonsworth/lunar/forge/lib/MixinMiscType2.java	MixinMiscType2	number
2	com/moonsworth/lunar/forge/lib/MixinMiscExtension.java	MixinMiscExtension	method
2	com/moonsworth/lunar/forge/lib/MixinMisc8.java	MixinMisc8	text
2	com/moonsworth/lunar/forge/lib/MixinLegacy4.java	MixinLegacy4	field
2	com/moonsworth/lunar/forge/lib/MixinHelper_2.java	MixinHelper_2	field
2	com/moonsworth/lunar/forge/lib/MixinHelperType_2.java	MixinHelperType_2	flag
2	com/moonsworth/lunar/forge/lib/MixinHelper333.java	MixinHelper333	number
2	com/moonsworth/lunar/forge/lib/MixinHelper2_2.java	MixinHelper2_2	number
2	com/moonsworth/lunar/forge/lib/MixinExtra_2.java	MixinExtra_2	method,number
2	com/moonsworth/lunar/forge/lib/MixinCore3.java	MixinCore3	field,method
2	com/moonsworth/lunar/forge/lib/MixinAlt11.java	MixinAlt11	method
2	com/moonsworth/lunar/forge/lib/InputStreamLoader2_2.java	InputStreamLoader2_2	number
2	com/moonsworth/lunar/forge/lib/InputStreamLoader$Data.java	InputStreamLoader$Data	field
2	com/moonsworth/lunar/forge/Ichor5Iterator$Data2.java	Ichor5Iterator$Data2	method
2	com/moonsworth/lunar/files/FilesException.java	FilesException	text
2	com/moonsworth/lunar/client/util/lotusfish/mixin/LotusfishException.java	LotusfishException	text
2	com/moonsworth/lunar/client/util/alert/Alert5Handler.java	Alert5Handler	method
2	com/moonsworth/lunar/client/util/alert/Alert5.java	Alert5	method
2	com/moonsworth/lunar/client/util/ThreadModuleDumpType.java	ThreadModuleDumpType	flag
2	com/moonsworth/lunar/client/util/ThreadModuleDump26.java	ThreadModuleDump26	value
2	com/moonsworth/lunar/client/util/SourceEmitter.java	SourceEmitter	method,number
2	com/moonsworth/lunar/client/util/RunnableHolder.java	RunnableHolder	field
2	com/moonsworth/lunar/client/pkg/Pkg5.java	Pkg5	arg,method
2	com/moonsworth/lunar/client/mixin/ResourcePackRepositoryMixin.java	ResourcePackRepositoryMixin	method
2	com/moonsworth/lunar/client/mixin/OldServerPingerMixin.java	OldServerPingerMixin	obj
2	com/moonsworth/lunar/client/mixin/EntityRendererType2.java	EntityRendererType2	text
2	com/moonsworth/lunar/client/markers/nameplate/mixin/Nameplate2.java	Nameplate2	flag,value
2	com/moonsworth/lunar/client/markers/nameplate/mixin/Nameplate.java	Nameplate	number,value
2	com/moonsworth/lunar/client/markers/mixin/nameplate/NameplateType.java	NameplateType	text
2	com/moonsworth/lunar/client/markers/mixin/holograms/HologramsType.java	HologramsType	text
2	com/moonsworth/lunar/client/markers/mixin/MarkersType.java	MarkersType	text
2	com/moonsworth/lunar/client/markers/Markers2.java	Markers2	method
2	com/moonsworth/lunar/client/lighting/LightingType.java	LightingType	text
2	com/moonsworth/lunar/client/lighting/Lighting$Extension2.java	Lighting$Extension2	method,number
2	com/moonsworth/lunar/client/lighting/Gui2Extension2.java	Gui2Extension2	text
2	com/moonsworth/lunar/client/itemtracker/TypeAdapter.java	TypeAdapter	method
2	com/moonsworth/lunar/client/inactive/rewindhandlers/Rewindhandlers.java	Rewindhandlers	method
2	com/moonsworth/lunar/client/inactive/mixin/holograms/mixin/Holograms.java	Holograms	method,value
2	com/moonsworth/lunar/client/inactive/InactiveType4.java	InactiveType4	text
2	com/moonsworth/lunar/client/inactive/Inactive3$Data5.java	Inactive3$Data5	field,method
2	com/moonsworth/lunar/client/hitbox/Gui2Extension.java	Gui2Extension	text
2	com/moonsworth/lunar/client/highlight/mixin/nameplate/HighlightImpl5.java	HighlightImpl5	flag
2	com/moonsworth/lunar/client/highlight/mixin/gui/HighlightIterator.java	HighlightIterator	method
2	com/moonsworth/lunar/client/highlight/mixin/gui/HighlightImpl6.java	HighlightImpl6	text
2	com/moonsworth/lunar/client/highlight/mixin/fishing/HighlightImpl18.java	HighlightImpl18	value
2	com/moonsworth/lunar/client/highlight/HighlightImpl.java	HighlightImpl	flag
2	com/moonsworth/lunar/client/highlight/EventRenderScale.java	EventRenderScale	value
2	com/moonsworth/lunar/client/guiRewindhandlers/GuiRewindhandlers2.java	GuiRewindhandlers2	method
2	com/moonsworth/lunar/client/guiRewindhandlers/GuiRewindhandlers.java	GuiRewindhandlers	method
2	com/moonsworth/lunar/client/glintcolorizer/mixin/GlintcolorizerException.java	GlintcolorizerException	text
2	com/moonsworth/lunar/client/glintcolorizer/Glintcolorizer2Handler42.java	Glintcolorizer2Handler42	method
2	com/moonsworth/lunar/client/glintcolorizer/Glintcolorizer2Base3_2.java	Glintcolorizer2Base3_2	method
2	com/moonsworth/lunar/client/framework/feature/tiertagger/mixin/Gui2Extension2.java	Gui2Extension2	text
2	com/moonsworth/lunar/client/framework/feature/tiertagger/mixin/Gui2Extension.java	Gui2Extension	text
2	com/moonsworth/lunar/client/framework/feature/rewind/rewindhandlersNameplateCore/Nameplate.java	Nameplate	method
2	com/moonsworth/lunar/client/framework/feature/rewind/rewindhandlersNameplate/Gui2Extension2.java	Gui2Extension2	text
2	com/moonsworth/lunar/client/framework/feature/rewind/rewindhandlers/rewindhandlersCore/mixin/Gui2Extension2.java	Gui2Extension2	text
2	com/moonsworth/lunar/client/framework/feature/rewind/rewindhandlers/rewindhandlersCore/mixin/Gui2Extension.java	Gui2Extension	text
2	com/moonsworth/lunar/client/framework/feature/rewind/rewindhandlers/fishing/Gui2Extension2.java	Gui2Extension2	text
2	com/moonsworth/lunar/client/framework/feature/rewind/rewindhandlers/Gui2Extension4.java	Gui2Extension4	text
2	com/moonsworth/lunar/client/framework/feature/rewind/rewindhandlers/Gui2Extension2.java	Gui2Extension2	text
2	com/moonsworth/lunar/client/framework/feature/rewind/rewindhandlers/Gui2Extension.java	Gui2Extension	text
2	com/moonsworth/lunar/client/framework/feature/rewind/gui/GuiType4.java	GuiType4	text
2	com/moonsworth/lunar/client/framework/feature/rewind/Rewind_2.java	Rewind_2	method
2	com/moonsworth/lunar/client/framework/feature/render/Gui2Extension.java	Gui2Extension	text
2	com/moonsworth/lunar/client/framework/feature/pvpinfo/Gui2Extension.java	Gui2Extension	text
2	com/moonsworth/lunar/client/framework/feature/potioneffects/Potioneffects.java	Potioneffects	field
2	com/moonsworth/lunar/client/framework/feature/potioncounter/Gui2Extension.java	Gui2Extension	text
2	com/moonsworth/lunar/client/framework/feature/pkg/Pkg3$Type2.java	Pkg3$Type2	value
2	com/moonsworth/lunar/client/framework/feature/mod/mixin/MixinHelper2.java	MixinHelper2	method
2	com/moonsworth/lunar/client/framework/feature/mod/impl/fishing/mixin/FishingType.java	FishingType	text
2	com/moonsworth/lunar/client/framework/feature/mod/impl/click/storageoverlay/mixin/Gui2Extension2.java	Gui2Extension2	number
2	com/moonsworth/lunar/client/framework/feature/mod/impl/chest/dungeon/dungeonwaypoints/mixin/Gui2Extension3.java	Gui2Extension3	text
2	com/moonsworth/lunar/client/framework/feature/mod/impl/chest/dungeon/dungeonwaypoints/mixin/Gui2Extension2.java	Gui2Extension2	text
2	com/moonsworth/lunar/client/framework/feature/mod/impl/chest/dungeon/dungeonwaypoints/mixin/Gui2Extension.java	Gui2Extension	text
2	com/moonsworth/lunar/client/framework/feature/mod/impl/calculator/mixin/Gui2Extension.java	Gui2Extension	text
2	com/moonsworth/lunar/client/framework/feature/mod/holograms/highlight/mixin/HighlightType.java	HighlightType	text
2	com/moonsworth/lunar/client/framework/feature/mod/highlight/HighlightType2.java	HighlightType2	text
2	com/moonsworth/lunar/client/framework/feature/mod/highlight/Gui2Extension2.java	Gui2Extension2	text
2	com/moonsworth/lunar/client/framework/feature/mod/highlight/Gui2Extension.java	Gui2Extension	text
2	com/moonsworth/lunar/client/framework/feature/mod/fishing/holograms/nameplate/Gui2Extension.java	Gui2Extension	text
2	com/moonsworth/lunar/client/framework/feature/mod/fishing/holograms/holograms/HologramsType.java	HologramsType	text
2	com/moonsworth/lunar/client/framework/feature/mod/fishing/holograms/Holograms_2.java	Holograms_2	method
2	com/moonsworth/lunar/client/framework/feature/mod/fishing/holograms/HologramsType6.java	HologramsType6	flag
2	com/moonsworth/lunar/client/framework/feature/mod/fishing/holograms/HologramsType5.java	HologramsType5	flag
2	com/moonsworth/lunar/client/framework/feature/mod/fishing/holograms/Holograms6$Extension.java	Holograms6$Extension	value
2	com/moonsworth/lunar/client/framework/feature/mod/fishing/holograms/Holograms10$Data.java	Holograms10$Data	text
2	com/moonsworth/lunar/client/framework/feature/mod/fishing/holograms/Gui2Extension7.java	Gui2Extension7	text
2	com/moonsworth/lunar/client/framework/feature/mod/fishing/holograms/Gui2Extension6.java	Gui2Extension6	text
2	com/moonsworth/lunar/client/framework/feature/mod/fishing/holograms/Gui2Extension5.java	Gui2Extension5	text
2	com/moonsworth/lunar/client/framework/feature/mod/fishing/holograms/Gui2Extension4.java	Gui2Extension4	text
2	com/moonsworth/lunar/client/framework/feature/mod/fishing/holograms/Gui2Extension3.java	Gui2Extension3	text
2	com/moonsworth/lunar/client/framework/feature/mod/fishing/holograms/Gui2Extension2.java	Gui2Extension2	text
2	com/moonsworth/lunar/client/framework/feature/mod/fishing/holograms/Gui2Extension.java	Gui2Extension	text
2	com/moonsworth/lunar/client/framework/feature/mod/fishing/highlight/mixin/Gui2Extension.java	Gui2Extension	text
2	com/moonsworth/lunar/client/framework/feature/mod/fishing/JsonDeserializerIterator2.java	JsonDeserializerIterator2	method
2	com/moonsworth/lunar/client/framework/feature/keystrokes/Gui2Extension3.java	Gui2Extension3	text
2	com/moonsworth/lunar/client/framework/feature/keystrokes/Gui2Extension.java	Gui2Extension	text
2	com/moonsworth/lunar/client/framework/feature/heightlimit/HeightlimitType.java	HeightlimitType	text
2	com/moonsworth/lunar/client/framework/feature/debug/fpsdebugmod/profilerdebugmod/mixin/ProfilerdebugmodIterator.java	ProfilerdebugmodIterator	method
2	com/moonsworth/lunar/client/framework/feature/debug/fpsdebugmod/profilerdebugmod/Profilerdebugmod_2.java	Profilerdebugmod_2	flag
2	com/moonsworth/lunar/client/framework/feature/crosshair/mixin/Gui2Extension4.java	Gui2Extension4	text
2	com/moonsworth/lunar/client/framework/feature/crosshair/mixin/Gui2Extension.java	Gui2Extension	text
2	com/moonsworth/lunar/client/framework/feature/crosshair/mixin/CrosshairType.java	CrosshairType	text
2	com/moonsworth/lunar/client/framework/feature/cooldowns/Gui2Extension.java	Gui2Extension	text
2	com/moonsworth/lunar/client/framework/feature/chat/Gui2Extension.java	Gui2Extension	text
2	com/moonsworth/lunar/client/framework/feature/blockoutline/Gui2Extension.java	Gui2Extension	text
2	com/moonsworth/lunar/client/framework/feature/attackindicator/Gui2Extension.java	Gui2Extension	text
2	com/moonsworth/lunar/client/framework/feature/armorstatus/mixin/Gui2Extension4.java	Gui2Extension4	text
2	com/moonsworth/lunar/client/framework/feature/armorstatus/mixin/ArmorstatusType.java	ArmorstatusType	number
2	com/moonsworth/lunar/client/framework/feature/Module.java	Module	method
2	com/moonsworth/lunar/client/framework/Gui2Extension.java	Gui2Extension	text
2	com/moonsworth/lunar/client/fps/Fps5.java	Fps5	method
2	com/moonsworth/lunar/client/fov/Fov_5.java	Fov_5	method,value
2	com/moonsworth/lunar/client/fov/Fov2.java	Fov2	method,value
2	com/moonsworth/lunar/client/fog/FogType.java	FogType	text
2	com/moonsworth/lunar/client/fishing/rewindhandlers/Fishing2Extension.java	Fishing2Extension	flag
2	com/moonsworth/lunar/client/click/fishing/Fishing.java	Fishing	method
2	com/moonsworth/lunar/client/click/chest/Gui2Iterator222.java	Gui2Iterator222	text
2	com/moonsworth/lunar/client/click/chest/ChestType.java	ChestType	text
2	com/moonsworth/lunar/client/click/Bridge7Iterator$Type2.java	Bridge7Iterator$Type2	text
2	com/moonsworth/lunar/client/alert/mixin/AlertType.java	AlertType	flag
2	com/moonsworth/lunar/client/Highlight3Iterator21.java	Highlight3Iterator21	method
2	com/moonsworth/lunar/client/Highlight3Iterator10.java	Highlight3Iterator10	method
2	com/moonsworth/lunar/bridge/itemcounter/ItemcounterType2_3.java	ItemcounterType2_3	value
2	com/moonsworth/lunar/bridge/horsestats/mixin/HorsestatsType2.java	HorsestatsType2	text
2	com/moonsworth/lunar/bridge/WindowItemsPacketBridge.java	WindowItemsPacketBridge	method
2	com/moonsworth/lunar/bridge/MixinHelper_16.java	MixinHelper_16	method
2	com/moonsworth/lunar/bridge/MixinHelper7$Type8.java	MixinHelper7$Type8	text
2	com/moonsworth/lunar/bridge/MixinHelper2$Type4.java	MixinHelper2$Type4	number
2	com/moonsworth/lunar/bridge/MixinHelper2$Type3.java	MixinHelper2$Type3	number
2	com/moonsworth/lunar/bridge/MixinHelper2$Type2.java	MixinHelper2$Type2	number
2	com/moonsworth/lunar/bridge/MixinHelper2$Type.java	MixinHelper2$Type	number
2	com/moonsworth/lunar/bridge/GlHandleBridge.java	GlHandleBridge	number
2	com/moonsworth/lunar/bridge/EntityRenderStateBridge.java	EntityRenderStateBridge	method
2	com/moonsworth/lunar/bridge/BridgeType_2.java	BridgeType_2	number
2	com/moonsworth/lunar/bridge/BridgeType_13.java	BridgeType_13	value
2	com/moonsworth/lunar/bridge/BridgeType_11.java	BridgeType_11	number
2	com/moonsworth/lunar/bridge/BridgeType2_7.java	BridgeType2_7	text
2	com/moonsworth/lunar/bridge/BridgeExtension2_8.java	BridgeExtension2_8	number
2	com/moonsworth/lunar/bridge/Bridge8Extension34.java	Bridge8Extension34	method
2	com/moonsworth/lunar/bridge/Bridge8Extension2.java	Bridge8Extension2	number
2	com/moonsworth/lunar/bridge/Bridge6_8.java	Bridge6_8	text
2	com/moonsworth/lunar/bridge/Bridge6_7.java	Bridge6_7	number
2	com/moonsworth/lunar/bridge/Bridge6_4.java	Bridge6_4	method,number
2	com/moonsworth/lunar/bridge/Bridge5Extension8.java	Bridge5Extension8	method,number
2	com/moonsworth/lunar/bridge/Bridge5Extension3_2.java	Bridge5Extension3_2	method,number
2	com/moonsworth/lunar/bridge/Bridge4_5.java	Bridge4_5	method,obj
2	com/moonsworth/lunar/bridge/Bridge3_6.java	Bridge3_6	number
2	com/moonsworth/lunar/bridge/Bridge3_4.java	Bridge3_4	method
2	com/moonsworth/lunar/bridge/Bridge3_32.java	Bridge3_32	flag,value
2	com/moonsworth/lunar/bridge/Bridge3_13.java	Bridge3_13	flag,number
2	com/moonsworth/lunar/bridge/Bridge3Extension2_2.java	Bridge3Extension2_2	method
2	com/moonsworth/lunar/bridge/Bridge2_7.java	Bridge2_7	number,obj
2	com/moonsworth/lunar/bridge/Bridge2_47.java	Bridge2_47	flag,value
2	com/moonsworth/lunar/bridge/Bridge2_40.java	Bridge2_40	number
2	com/moonsworth/lunar/bridge/Bridge2_34.java	Bridge2_34	method,text
2	com/moonsworth/lunar/bridge/Bridge15_2.java	Bridge15_2	flag,number
2	com/moonsworth/lunar/bridge/Bridge12$Type.java	Bridge12$Type	number
2	com/moonsworth/lunar/bridge/Bridge11_4.java	Bridge11_4	flag,text
2	com/moonsworth/lunar/bridge/AbstractMethodErrorImpl.java	AbstractMethodErrorImpl	text
1	net/minecraft/world/storage/WorldInfo.java	WorldInfo	var
1	net/minecraft/world/storage/SaveFormatOld.java	SaveFormatOld	var
1	net/minecraft/util/Session.java	Session	var
1	net/minecraft/util/HttpUtil.java	HttpUtil	var
1	net/minecraft/tileentity/TileEntity.java	TileEntity	var
1	net/minecraft/server/network/NetHandlerLoginServer.java	NetHandlerLoginServer	var
1	net/minecraft/server/management/UserListWhitelistEntry.java	UserListWhitelistEntry	var
1	net/minecraft/server/management/UserListOpsEntry.java	UserListOpsEntry	var
1	net/minecraft/server/management/UserListBansEntry.java	UserListBansEntry	var
1	net/minecraft/profiler/PlayerUsageSnooper.java	PlayerUsageSnooper	var
1	net/minecraft/network/EnumConnectionState.java	EnumConnectionState	var
1	net/minecraft/nbt/NBTUtil.java	NBTUtil	var
1	net/minecraft/item/ItemEditableBook.java	ItemEditableBook	var
1	net/minecraft/item/Item.java	Item	var
1	net/minecraft/entity/projectile/EntityThrowable.java	EntityThrowable	var
1	net/minecraft/entity/passive/EntityTameable.java	EntityTameable	var
1	net/minecraft/entity/EntityMinecartCommandBlock.java	EntityMinecartCommandBlock	var
1	net/minecraft/command/server/CommandSummon.java	CommandSummon	var
1	net/minecraft/command/CommandResultStats.java	CommandResultStats	var
1	net/minecraft/command/CommandHandler.java	CommandHandler	var
1	net/minecraft/command/CommandExecuteAt.java	CommandExecuteAt	var
1	net/minecraft/command/CommandDebug.java	CommandDebug	var
1	net/minecraft/client/shader/ShaderGroup.java	ShaderGroup	var
1	net/minecraft/client/settings/GameSettings.java	GameSettings	var
1	net/minecraft/client/resources/model/ModelBakery.java	ModelBakery	var
1	net/minecraft/client/resources/SkinManager.java	SkinManager	var
1	net/minecraft/client/resources/ResourcePackListEntryDefault.java	ResourcePackListEntryDefault	var
1	net/minecraft/client/resources/GrassColorReloadListener.java	GrassColorReloadListener	var
1	net/minecraft/client/resources/FoliageColorReloadListener.java	FoliageColorReloadListener	var
1	net/minecraft/client/renderer/entity/layers/LayerSheepWool.java	LayerSheepWool	i
1	net/minecraft/client/renderer/chunk/ChunkRenderWorker.java	ChunkRenderWorker	var
1	net/minecraft/client/renderer/OpenGlHelper.java	OpenGlHelper	var
1	net/minecraft/client/renderer/BlockRendererDispatcher.java	BlockRendererDispatcher	var
1	net/minecraft/client/network/OldServerPinger.java	OldServerPinger	var
1	net/minecraft/client/multiplayer/ThreadLanServerPing.java	ThreadLanServerPing	var
1	net/minecraft/client/gui/GuiScreenAddServer.java	GuiScreenAddServer	var
1	net/minecraft/client/gui/GuiCustomizeWorldScreen.java	GuiCustomizeWorldScreen	var
1	net/minecraft/client/gui/GuiCreateWorld.java	GuiCreateWorld	var
1	com/moonsworth/webosr/handler/FunctionJS.java	FunctionJS	text
1	com/moonsworth/webosr/handler/Clipboard.java	Clipboard	text
1	com/moonsworth/webosr/BridgeValueCodec.java	BridgeValueCodec	obj
1	com/moonsworth/lunar/v1_8/mixin/MinecraftMixin.java	MinecraftMixin	method
1	com/moonsworth/lunar/v1_8/mixin/ClientCommandHandlerMixin.java	ClientCommandHandlerMixin	method
1	com/moonsworth/lunar/v1_7/mixin/MinecraftMixin.java	MinecraftMixin	method
1	com/moonsworth/lunar/v1_12/mixin/FMLClientHandlerMixin.java	FMLClientHandlerMixin	method
1	com/moonsworth/lunar/replaymod/mixin/ReplayModBackendV1_8Mixin.java	ReplayModBackendV1_8Mixin	method
1	com/moonsworth/lunar/replaymod/mixin/ReplayModBackendMixin.java	ReplayModBackendMixin	method
1	com/moonsworth/lunar/replaymod/mixin/GuiReplayListV1_8Mixin.java	GuiReplayListV1_8Mixin	field
1	com/moonsworth/lunar/replaymod/mixin/GuiReplayListMixin.java	GuiReplayListMixin	field
1	com/moonsworth/lunar/replaymod/mixin/GuiPathingMixin.java	GuiPathingMixin	flag
1	com/moonsworth/lunar/replaymod/mixin/GuiPathingKeyframeWarningV1_8Mixin.java	GuiPathingKeyframeWarningV1_8Mixin	flag
1	com/moonsworth/lunar/replaymod/mixin/AbstractGuiOverlayV1_8Mixin.java	AbstractGuiOverlayV1_8Mixin	field
1	com/moonsworth/lunar/replaymod/mixin/AbstractGuiOverlayMixin.java	AbstractGuiOverlayMixin	field
1	com/moonsworth/lunar/network/Network.java	Network	method
1	com/moonsworth/lunar/mixin/Wrapper.java	Wrapper	field
1	com/moonsworth/lunar/mixin/LegacyImpl.java	LegacyImpl	field
1	com/moonsworth/lunar/loader/Loader.java	Loader	method
1	com/moonsworth/lunar/legacy/wrapper/util/OpenALNative3.java	OpenALNative3	method
1	com/moonsworth/lunar/legacy/wrapper/util/OpenALNative2.java	OpenALNative2	field
1	com/moonsworth/lunar/legacy/wrapper/mixin/Bridge5Handler.java	Bridge5Handler	method
1	com/moonsworth/lunar/legacy/wrapper/UnsupportedWorldPacketBuilder.java	UnsupportedWorldPacketBuilder	method
1	com/moonsworth/lunar/legacy/wrapper/UnsupportedStatePacketBuilder.java	UnsupportedStatePacketBuilder	method
1	com/moonsworth/lunar/legacy/wrapper/UnsupportedSnapshotPacketBuilder.java	UnsupportedSnapshotPacketBuilder	method
1	com/moonsworth/lunar/legacy/wrapper/UnsupportedPacketListBuilder.java	UnsupportedPacketListBuilder	method
1	com/moonsworth/lunar/legacy/wrapper/UnsupportedPacketBuilder.java	UnsupportedPacketBuilder	method
1	com/moonsworth/lunar/legacy/wrapper/UnsupportedNetPacketBuilder.java	UnsupportedNetPacketBuilder	method
1	com/moonsworth/lunar/legacy/wrapper/TimeUpdatePacketBuilder.java	TimeUpdatePacketBuilder	method
1	com/moonsworth/lunar/legacy/wrapper/TabListHeaderFooterPacketBuilder.java	TabListHeaderFooterPacketBuilder	method
1	com/moonsworth/lunar/legacy/wrapper/SpawnPaintingPacketBuilder.java	SpawnPaintingPacketBuilder	method
1	com/moonsworth/lunar/legacy/wrapper/SpawnObjectPacketBuilder.java	SpawnObjectPacketBuilder	method
1	com/moonsworth/lunar/legacy/wrapper/SpawnMobPacketBuilder.java	SpawnMobPacketBuilder	method
1	com/moonsworth/lunar/legacy/wrapper/SpawnExperienceOrbPacketBuilder.java	SpawnExperienceOrbPacketBuilder	method
1	com/moonsworth/lunar/legacy/wrapper/SetExperiencePacketBuilder.java	SetExperiencePacketBuilder	method
1	com/moonsworth/lunar/legacy/wrapper/ServerDifficultyPacketBuilder.java	ServerDifficultyPacketBuilder	method
1	com/moonsworth/lunar/legacy/wrapper/RenderBackgroundExtension.java	RenderBackgroundExtension	flag
1	com/moonsworth/lunar/legacy/wrapper/PlayerAbilitiesPacketBuilder.java	PlayerAbilitiesPacketBuilder	method
1	com/moonsworth/lunar/legacy/wrapper/OpenWindowPacketBuilder.java	OpenWindowPacketBuilder	method
1	com/moonsworth/lunar/legacy/wrapper/ModelBakeryHolder.java	ModelBakeryHolder	field
1	com/moonsworth/lunar/legacy/wrapper/JoinGamePacketBuilder.java	JoinGamePacketBuilder	method
1	com/moonsworth/lunar/legacy/wrapper/HeldItemChangePacketBuilder.java	HeldItemChangePacketBuilder	method
1	com/moonsworth/lunar/legacy/wrapper/EntityHeadLookPacketBuilder.java	EntityHeadLookPacketBuilder	method
1	com/moonsworth/lunar/legacy/wrapper/DummyNetworkManagerFactory.java	DummyNetworkManagerFactory	method
1	com/moonsworth/lunar/legacy/wrapper/ChunkDataPacketBuilder.java	ChunkDataPacketBuilder	method
1	com/moonsworth/lunar/legacy/mixin/WorldMixin4.java	WorldMixin4	flag
1	com/moonsworth/lunar/legacy/mixin/ServerConfigurationManagerMixin.java	ServerConfigurationManagerMixin	number
1	com/moonsworth/lunar/legacy/mixin/RenderPlayerMixin.java	RenderPlayerMixin	value
1	com/moonsworth/lunar/legacy/mixin/PacketMixin.java	PacketMixin	value
1	com/moonsworth/lunar/legacy/mixin/MinecraftOptifineWrapperMixin.java	MinecraftOptifineWrapperMixin	method
1	com/moonsworth/lunar/legacy/mixin/MinecraftIntegrationTestMixin.java	MinecraftIntegrationTestMixin	method
1	com/moonsworth/lunar/legacy/mixin/LimitedInputStreamMixin.java	LimitedInputStreamMixin	number
1	com/moonsworth/lunar/legacy/mixin/EntityRendererMixin3.java	EntityRendererMixin3	number
1	com/moonsworth/lunar/legacy/mixin/CrashReportStackTraceMixin.java	CrashReportStackTraceMixin	method
1	com/moonsworth/lunar/legacy/mixin/ConnectedPropertiesMixin.java	ConnectedPropertiesMixin	method
1	com/moonsworth/lunar/legacy/mixin/C00HandshakeMixin.java	C00HandshakeMixin	number
1	com/moonsworth/lunar/legacy/mixin/AbstractClientPlayerCapeMixin.java	AbstractClientPlayerCapeMixin	method
1	com/moonsworth/lunar/legacy/MixinMisc$Type$2.java	MixinMisc$Type$2	text
1	com/moonsworth/lunar/legacy/MixinMisc$Type$1.java	MixinMisc$Type$1	text
1	com/moonsworth/lunar/legacy/MixinCore2.java	MixinCore2	field
1	com/moonsworth/lunar/legacy/MixinCore.java	MixinCore	field
1	com/moonsworth/lunar/legacy/Legacy2$2.java	Legacy2$2	field
1	com/moonsworth/lunar/ichor/MixinLegacy2.java	MixinLegacy2	text
1	com/moonsworth/lunar/ichor/MixinInternal3.java	MixinInternal3	method
1	com/moonsworth/lunar/ichor/MixinHelper6$Extension.java	MixinHelper6$Extension	text
1	com/moonsworth/lunar/ichor/Ichor2Iterator$Data4.java	Ichor2Iterator$Data4	field
1	com/moonsworth/lunar/ichor/Ichor2Impl.java	Ichor2Impl	method
1	com/moonsworth/lunar/ichor/Ichor2Handler6.java	Ichor2Handler6	method
1	com/moonsworth/lunar/ichor/Ichor2Handler5.java	Ichor2Handler5	method
1	com/moonsworth/lunar/ichor/Ichor2Handler24.java	Ichor2Handler24	method
1	com/moonsworth/lunar/ichor/Ichor2Handler22.java	Ichor2Handler22	method
1	com/moonsworth/lunar/genesis/SerializableExtension.java	SerializableExtension	value
1	com/moonsworth/lunar/genesis/PredicateExtension2$Data27.java	PredicateExtension2$Data27	field
1	com/moonsworth/lunar/genesis/PredicateExtension2$Data26.java	PredicateExtension2$Data26	field
1	com/moonsworth/lunar/genesis/PredicateExtension2$Data19.java	PredicateExtension2$Data19	field
1	com/moonsworth/lunar/genesis/PredicateExtension2$Data16.java	PredicateExtension2$Data16	field
1	com/moonsworth/lunar/genesis/PredicateExtension2$Data14.java	PredicateExtension2$Data14	field
1	com/moonsworth/lunar/genesis/PredicateExtension2$Data12.java	PredicateExtension2$Data12	field
1	com/moonsworth/lunar/genesis/MixinHelper_12.java	MixinHelper_12	number
1	com/moonsworth/lunar/genesis/MixinHelperException_3.java	MixinHelperException_3	field
1	com/moonsworth/lunar/genesis/MixinHelper9_4.java	MixinHelper9_4	number
1	com/moonsworth/lunar/genesis/MixinHelper9$Type3$2.java	MixinHelper9$Type3$2	text
1	com/moonsworth/lunar/genesis/MixinHelper9$Type3$1.java	MixinHelper9$Type3$1	text
1	com/moonsworth/lunar/genesis/MixinHelper9$Data27.java	MixinHelper9$Data27	field
1	com/moonsworth/lunar/genesis/MixinHelper9$Data26.java	MixinHelper9$Data26	field
1	com/moonsworth/lunar/genesis/MixinHelper9$Data25.java	MixinHelper9$Data25	field
1	com/moonsworth/lunar/genesis/MixinHelper9$Data24.java	MixinHelper9$Data24	field
1	com/moonsworth/lunar/genesis/MixinHelper9$Data23.java	MixinHelper9$Data23	field
1	com/moonsworth/lunar/genesis/MixinHelper8_6.java	MixinHelper8_6	text
1	com/moonsworth/lunar/genesis/MixinHelper7_9.java	MixinHelper7_9	value
1	com/moonsworth/lunar/genesis/MixinHelper7_11.java	MixinHelper7_11	method
1	com/moonsworth/lunar/genesis/MixinHelper6_7.java	MixinHelper6_7	value
1	com/moonsworth/lunar/genesis/MixinHelper6$1_3.java	MixinHelper6$1_3	method
1	com/moonsworth/lunar/genesis/MixinHelper44$Extension.java	MixinHelper44$Extension	obj
1	com/moonsworth/lunar/genesis/MixinHelper3_4.java	MixinHelper3_4	method
1	com/moonsworth/lunar/genesis/MixinHelper35$Type2.java	MixinHelper35$Type2	number
1	com/moonsworth/lunar/genesis/MixinHelper3$Type6.java	MixinHelper3$Type6	method
1	com/moonsworth/lunar/genesis/MixinHelper3$Data41.java	MixinHelper3$Data41	field
1	com/moonsworth/lunar/genesis/MixinHelper3$1_3.java	MixinHelper3$1_3	method
1	com/moonsworth/lunar/genesis/MixinHelper28.java	MixinHelper28	method
1	com/moonsworth/lunar/genesis/MixinHelper25$Data9.java	MixinHelper25$Data9	method
1	com/moonsworth/lunar/genesis/MixinHelper24_2.java	MixinHelper24_2	obj
1	com/moonsworth/lunar/genesis/MixinHelper24$Extension.java	MixinHelper24$Extension	obj
1	com/moonsworth/lunar/genesis/MixinHelper23$Type2$2.java	MixinHelper23$Type2$2	method
1	com/moonsworth/lunar/genesis/MixinHelper23$Data15.java	MixinHelper23$Data15	field
1	com/moonsworth/lunar/genesis/MixinHelper20_3.java	MixinHelper20_3	value
1	com/moonsworth/lunar/genesis/MixinHelper20_2.java	MixinHelper20_2	value
1	com/moonsworth/lunar/genesis/MixinHelper20$Type$2.java	MixinHelper20$Type$2	obj
1	com/moonsworth/lunar/genesis/MixinHelper20$Type$1.java	MixinHelper20$Type$1	obj
1	com/moonsworth/lunar/genesis/MixinHelper2.java	MixinHelper2	method
1	com/moonsworth/lunar/genesis/MixinHelper19$Extension.java	MixinHelper19$Extension	value
1	com/moonsworth/lunar/genesis/MixinHelper17_2.java	MixinHelper17_2	value
1	com/moonsworth/lunar/genesis/MixinHelper1323.java	MixinHelper1323	method
1	com/moonsworth/lunar/genesis/MixinHelper122$Data5.java	MixinHelper122$Data5	method
1	com/moonsworth/lunar/genesis/MapExtension2.java	MapExtension2	value
1	com/moonsworth/lunar/genesis/CollectionExtension$Extension.java	CollectionExtension$Extension	obj
1	com/moonsworth/lunar/genesis/AbstractMapLoader$Type5$2.java	AbstractMapLoader$Type5$2	method
1	com/moonsworth/lunar/genesis/AbstractMapLoader$Type5$1.java	AbstractMapLoader$Type5$1	method
1	com/moonsworth/lunar/genesis/AbstractMapLoader$Extension4.java	AbstractMapLoader$Extension4	method
1	com/moonsworth/lunar/forge/mixin/FMLSanityCheckerMixin2.java	FMLSanityCheckerMixin2	method
1	com/moonsworth/lunar/forge/mixin/FMLSanityCheckerMixin.java	FMLSanityCheckerMixin	method
1	com/moonsworth/lunar/forge/mixin/EventBusMixin.java	EventBusMixin	text
1	com/moonsworth/lunar/forge/lib/mixin/CloseableExtension6.java	CloseableExtension6	number
1	com/moonsworth/lunar/forge/lib/guava/util/concurrent/FutureCallback.java	FutureCallback	value
1	com/moonsworth/lunar/forge/lib/guava/util/concurrent/AsyncFunction.java	AsyncFunction	value
1	com/moonsworth/lunar/forge/lib/guava/io/LineProcessor.java	LineProcessor	text
1	com/moonsworth/lunar/forge/lib/guava/hash/LongAddable.java	LongAddable	number
1	com/moonsworth/lunar/forge/lib/guava/hash/Funnel.java	Funnel	value
1	com/moonsworth/lunar/forge/lib/guava/graph/SuccessorsFunction.java	SuccessorsFunction	value
1	com/moonsworth/lunar/forge/lib/guava/graph/PredecessorsFunction.java	PredecessorsFunction	value
1	com/moonsworth/lunar/forge/lib/guava/collect/Interner.java	Interner	value
1	com/moonsworth/lunar/forge/lib/guava/collect/ClassToInstanceMap.java	ClassToInstanceMap	value
1	com/moonsworth/lunar/forge/lib/guava/cache/LongAddable.java	LongAddable	number
1	com/moonsworth/lunar/forge/lib/guava/base/PatternCompiler.java	PatternCompiler	text
1	com/moonsworth/lunar/forge/lib/guava/base/Function.java	Function	obj
1	com/moonsworth/lunar/forge/lib/MixinMore6.java	MixinMore6	method
1	com/moonsworth/lunar/forge/lib/MixinMore5.java	MixinMore5	method
1	com/moonsworth/lunar/forge/lib/MixinMiscException.java	MixinMiscException	field
1	com/moonsworth/lunar/forge/lib/MixinMisc16.java	MixinMisc16	method
1	com/moonsworth/lunar/forge/lib/MixinMisc14.java	MixinMisc14	method
1	com/moonsworth/lunar/forge/lib/MixinMisc11.java	MixinMisc11	method
1	com/moonsworth/lunar/forge/lib/MixinCore_3.java	MixinCore_3	field
1	com/moonsworth/lunar/forge/lib/IOException5_2.java	IOException5_2	field
1	com/moonsworth/lunar/forge/lib/IOException5.java	IOException5	field
1	com/moonsworth/lunar/forge/lib/IOException2.java	IOException2	field
1	com/moonsworth/lunar/files/Files5_2.java	Files5_2	field
1	com/moonsworth/lunar/files/Files.java	Files	field
1	com/moonsworth/lunar/client/util/gui/ListExtension.java	ListExtension	method
1	com/moonsworth/lunar/client/util/click/Click8.java	Click8	method
1	com/moonsworth/lunar/client/util/ThreadModuleDump54.java	ThreadModuleDump54	flag
1	com/moonsworth/lunar/client/util/ThreadModuleDump51.java	ThreadModuleDump51	number
1	com/moonsworth/lunar/client/util/ParameterPosition.java	ParameterPosition	method
1	com/moonsworth/lunar/client/mixin/EffectRendererMixin.java	EffectRendererMixin	method
1	com/moonsworth/lunar/client/mixin/BlockDoublePlantMixin.java	BlockDoublePlantMixin	method
1	com/moonsworth/lunar/client/markers/nameplate/mixin/Nameplate5.java	Nameplate5	value
1	com/moonsworth/lunar/client/markers/nameplate/mixin/Nameplate3.java	Nameplate3	value
1	com/moonsworth/lunar/client/markers/mixin/gui/Gui.java	Gui	method
1	com/moonsworth/lunar/client/lotusfish/Ichor6Impl.java	Ichor6Impl	method
1	com/moonsworth/lunar/client/lighting/nameplate/Nameplate3.java	Nameplate3	method
1	com/moonsworth/lunar/client/lighting/Lighting_4.java	Lighting_4	method
1	com/moonsworth/lunar/client/lighting/Lighting_3.java	Lighting_3	method
1	com/moonsworth/lunar/client/lighting/Lighting3.java	Lighting3	method
1	com/moonsworth/lunar/client/inventorymod/JsonSerializer.java	JsonSerializer	method
1	com/moonsworth/lunar/client/inactive/gui/Gui.java	Gui	method
1	com/moonsworth/lunar/client/inactive/InactiveType3.java	InactiveType3	arg
1	com/moonsworth/lunar/client/holograms/Holograms2.java	Holograms2	text
1	com/moonsworth/lunar/client/highlight/mixin/fishing/HighlightImpl3.java	HighlightImpl3	field
1	com/moonsworth/lunar/client/highlight/mixin/fishing/HighlightImpl2.java	HighlightImpl2	field
1	com/moonsworth/lunar/client/guiRewindhandlers/Annotation2.java	Annotation2	method
1	com/moonsworth/lunar/client/guiRewindhandlers/Annotation.java	Annotation	method
1	com/moonsworth/lunar/client/glintcolorizer/nameplate/Nameplate_2.java	Nameplate_2	method
1	com/moonsworth/lunar/client/glintcolorizer/holograms/Glintcolorizer2Base.java	Glintcolorizer2Base	field
1	com/moonsworth/lunar/client/glintcolorizer/Glintcolorizer_4.java	Glintcolorizer_4	method
1	com/moonsworth/lunar/client/glintcolorizer/GlintcolorizerExtension5.java	GlintcolorizerExtension5	method
1	com/moonsworth/lunar/client/glintcolorizer/GlintcolorizerExtension4.java	GlintcolorizerExtension4	method
1	com/moonsworth/lunar/client/glintcolorizer/GlintcolorizerExtension2.java	GlintcolorizerExtension2	method
1	com/moonsworth/lunar/client/glintcolorizer/GlintcolorizerExtension.java	GlintcolorizerExtension	method
1	com/moonsworth/lunar/client/glintcolorizer/Glintcolorizer.java	Glintcolorizer	method
1	com/moonsworth/lunar/client/framework/feature/titles/Titles.java	Titles	method
1	com/moonsworth/lunar/client/framework/feature/rewind/rewindhandlersNameplateCore/RewindhandlersNameplateCore_2.java	RewindhandlersNameplateCore_2	method
1	com/moonsworth/lunar/client/framework/feature/rewind/rewindhandlers/coordinates/GuiIterator.java	GuiIterator	method
1	com/moonsworth/lunar/client/framework/feature/rewind/fishing/Fishing2.java	Fishing2	method
1	com/moonsworth/lunar/client/framework/feature/rewind/fishing/Fishing.java	Fishing	method
1	com/moonsworth/lunar/client/framework/feature/mod/impl/chest/dungeon/dungeonwaypoints/Dungeonwaypoints_2.java	Dungeonwaypoints_2	text
1	com/moonsworth/lunar/client/framework/feature/mod/fishing/rewindhandlers/JsonDeserializerIterator.java	JsonDeserializerIterator	method
1	com/moonsworth/lunar/client/framework/feature/mod/fishing/holograms/nameplate/NameplateType2.java	NameplateType2	method
1	com/moonsworth/lunar/client/framework/feature/mod/fishing/holograms/Holograms4_2.java	Holograms4_2	method
1	com/moonsworth/lunar/client/framework/feature/mod/fishing/holograms/Holograms11_2.java	Holograms11_2	method
1	com/moonsworth/lunar/client/framework/feature/mod/fishing/holograms/Holograms10_2.java	Holograms10_2	method
1	com/moonsworth/lunar/client/framework/feature/mod/fishing/highlight/Highlight.java	Highlight	method
1	com/moonsworth/lunar/client/framework/feature/mod/fishing/coordinates/JsonDeserializerIterator.java	JsonDeserializerIterator	method
1	com/moonsworth/lunar/client/framework/feature/mod/fishing/colorsaturation/JsonDeserializerIterator.java	JsonDeserializerIterator	method
1	com/moonsworth/lunar/client/framework/feature/mod/fishing/JsonDeserializerIterator_2.java	JsonDeserializerIterator_2	method
1	com/moonsworth/lunar/client/framework/feature/mod/fishing/Fishing3_2.java	Fishing3_2	method
1	com/moonsworth/lunar/client/framework/feature/markers/Markers9Impl.java	Markers9Impl	method
1	com/moonsworth/lunar/client/framework/feature/killsounds/mixin/Killsounds4.java	Killsounds4	text
1	com/moonsworth/lunar/client/framework/feature/debug/Gui2Extension.java	Gui2Extension	method
1	com/moonsworth/lunar/client/fishing/gui/mixin/Fishing2Extension.java	Fishing2Extension	method
1	com/moonsworth/lunar/client/click/mixin/Bridge7Iterator.java	Bridge7Iterator	method
1	com/moonsworth/lunar/client/MixinRewindhandlers.java	MixinRewindhandlers	method
1	com/moonsworth/lunar/client/Highlight3Iterator5.java	Highlight3Iterator5	method
1	com/moonsworth/lunar/bridge/slayer/Slayer6.java	Slayer6	flag
1	com/moonsworth/lunar/bridge/lighting/Lighting2.java	Lighting2	number
1	com/moonsworth/lunar/bridge/lighting/Lighting.java	Lighting	text
1	com/moonsworth/lunar/bridge/itemcounter/Itemcounter_5.java	Itemcounter_5	flag
1	com/moonsworth/lunar/bridge/itemcounter/Itemcounter2_3.java	Itemcounter2_3	obj
1	com/moonsworth/lunar/bridge/horsestats/Horsestats9.java	Horsestats9	method
1	com/moonsworth/lunar/bridge/hitcolor/HitcolorExtension.java	HitcolorExtension	flag
1	com/moonsworth/lunar/bridge/WorldBorderPacketBridge.java	WorldBorderPacketBridge	method
1	com/moonsworth/lunar/bridge/VertexFormatBridge.java	VertexFormatBridge	method
1	com/moonsworth/lunar/bridge/TimeUpdatePacketBridge.java	TimeUpdatePacketBridge	method
1	com/moonsworth/lunar/bridge/ThisEmitter.java	ThisEmitter	method
1	com/moonsworth/lunar/bridge/TextureOverrideBridge.java	TextureOverrideBridge	number
1	com/moonsworth/lunar/bridge/SetExperiencePacketBridge.java	SetExperiencePacketBridge	method
1	com/moonsworth/lunar/bridge/ServerDifficultyPacketBridge.java	ServerDifficultyPacketBridge	method
1	com/moonsworth/lunar/bridge/ResourcePackBridge.java	ResourcePackBridge	text
1	com/moonsworth/lunar/bridge/ResourceBridge.java	ResourceBridge	text
1	com/moonsworth/lunar/bridge/RenderTypeProvider.java	RenderTypeProvider	value
1	com/moonsworth/lunar/bridge/RenderTypeBridge.java	RenderTypeBridge	number
1	com/moonsworth/lunar/bridge/PlayerListItemPacketBridge.java	PlayerListItemPacketBridge	method
1	com/moonsworth/lunar/bridge/PlayerListHeaderFooterPacketBridge.java	PlayerListHeaderFooterPacketBridge	method
1	com/moonsworth/lunar/bridge/PlayerAbilitiesPacketBridge.java	PlayerAbilitiesPacketBridge	method
1	com/moonsworth/lunar/bridge/OpenWindowPacketBridge.java	OpenWindowPacketBridge	method
1	com/moonsworth/lunar/bridge/NoOpPacketListBridge.java	NoOpPacketListBridge	method
1	com/moonsworth/lunar/bridge/NoOpPacketBridge.java	NoOpPacketBridge	method
1	com/moonsworth/lunar/bridge/NoOpNetHandlerPacketBridge.java	NoOpNetHandlerPacketBridge	method
1	com/moonsworth/lunar/bridge/NoOpLegacyPacketBridge.java	NoOpLegacyPacketBridge	method
1	com/moonsworth/lunar/bridge/NoOpBatchPacketBridge.java	NoOpBatchPacketBridge	method
1	com/moonsworth/lunar/bridge/NetHandlerPlayClientBridge.java	NetHandlerPlayClientBridge	flag
1	com/moonsworth/lunar/bridge/ModelBipedBridge.java	ModelBipedBridge	flag
1	com/moonsworth/lunar/bridge/MixinHelper_6.java	MixinHelper_6	value
1	com/moonsworth/lunar/bridge/MixinHelper9.java	MixinHelper9	method
1	com/moonsworth/lunar/bridge/MixinHelper8.java	MixinHelper8	method
1	com/moonsworth/lunar/bridge/MixinHelper7.java	MixinHelper7	method
1	com/moonsworth/lunar/bridge/MixinHelper6_2.java	MixinHelper6_2	method
1	com/moonsworth/lunar/bridge/MixinHelper4$Extension.java	MixinHelper4$Extension	number
1	com/moonsworth/lunar/bridge/InterpolatedValueProvider.java	InterpolatedValueProvider	value
1	com/moonsworth/lunar/bridge/HeldItemChangePacketBridge.java	HeldItemChangePacketBridge	method
1	com/moonsworth/lunar/bridge/EntityRendererBridge.java	EntityRendererBridge	value
1	com/moonsworth/lunar/bridge/EntityHeadLookPacketBridge.java	EntityHeadLookPacketBridge	method
1	com/moonsworth/lunar/bridge/ChunkDataPacketBridge.java	ChunkDataPacketBridge	method
1	com/moonsworth/lunar/bridge/Bridge_48.java	Bridge_48	number
1	com/moonsworth/lunar/bridge/Bridge_32.java	Bridge_32	text
1	com/moonsworth/lunar/bridge/Bridge_3.java	Bridge_3	number
1	com/moonsworth/lunar/bridge/Bridge_22.java	Bridge_22	text
1	com/moonsworth/lunar/bridge/Bridge_20.java	Bridge_20	text
1	com/moonsworth/lunar/bridge/Bridge_15.java	Bridge_15	method
1	com/moonsworth/lunar/bridge/BridgeExtension_8.java	BridgeExtension_8	value
1	com/moonsworth/lunar/bridge/BridgeExtension2_2.java	BridgeExtension2_2	value
1	com/moonsworth/lunar/bridge/Bridge9_6.java	Bridge9_6	flag
1	com/moonsworth/lunar/bridge/Bridge9_2.java	Bridge9_2	number
1	com/moonsworth/lunar/bridge/Bridge8Extension32.java	Bridge8Extension32	text
1	com/moonsworth/lunar/bridge/Bridge7_6.java	Bridge7_6	text
1	com/moonsworth/lunar/bridge/Bridge6_5.java	Bridge6_5	text
1	com/moonsworth/lunar/bridge/Bridge6_3.java	Bridge6_3	flag
1	com/moonsworth/lunar/bridge/Bridge5_2.java	Bridge5_2	method
1	com/moonsworth/lunar/bridge/Bridge5_15.java	Bridge5_15	method
1	com/moonsworth/lunar/bridge/Bridge5Extension_2.java	Bridge5Extension_2	method
1	com/moonsworth/lunar/bridge/Bridge5Extension7.java	Bridge5Extension7	method
1	com/moonsworth/lunar/bridge/Bridge5Extension68.java	Bridge5Extension68	method
1	com/moonsworth/lunar/bridge/Bridge5Extension67.java	Bridge5Extension67	method
1	com/moonsworth/lunar/bridge/Bridge5Extension662.java	Bridge5Extension662	method
1	com/moonsworth/lunar/bridge/Bridge5Extension65.java	Bridge5Extension65	method
1	com/moonsworth/lunar/bridge/Bridge5Extension64.java	Bridge5Extension64	method
1	com/moonsworth/lunar/bridge/Bridge5Extension63.java	Bridge5Extension63	method
1	com/moonsworth/lunar/bridge/Bridge5Extension62.java	Bridge5Extension62	method
1	com/moonsworth/lunar/bridge/Bridge5Extension611.java	Bridge5Extension611	method
1	com/moonsworth/lunar/bridge/Bridge5Extension610.java	Bridge5Extension610	method
1	com/moonsworth/lunar/bridge/Bridge5Extension5.java	Bridge5Extension5	method
1	com/moonsworth/lunar/bridge/Bridge5Extension2_3.java	Bridge5Extension2_3	method
1	com/moonsworth/lunar/bridge/Bridge5Extension10.java	Bridge5Extension10	method
1	com/moonsworth/lunar/bridge/Bridge4_16.java	Bridge4_16	flag
1	com/moonsworth/lunar/bridge/Bridge3_33.java	Bridge3_33	flag
1	com/moonsworth/lunar/bridge/Bridge3Extension_3.java	Bridge3Extension_3	flag
1	com/moonsworth/lunar/bridge/Bridge2_31.java	Bridge2_31	value
1	com/moonsworth/lunar/bridge/Bridge2_19.java	Bridge2_19	value
1	com/moonsworth/lunar/bridge/Bridge20Extension.java	Bridge20Extension	flag
1	com/moonsworth/lunar/bridge/Bridge13_3.java	Bridge13_3	method
1	com/moonsworth/lunar/bridge/Bridge11_2.java	Bridge11_2	flag
1	com/moonsworth/lunar/bridge/Bridge11Extension.java	Bridge11Extension	text
1	com/moonsworth/lunar/bridge/BossInfoPacketBridge.java	BossInfoPacketBridge	method
1	com/moonsworth/lunar/bridge/Annotation3.java	Annotation3	method
1	com/moonsworth/lunar/bridge/Annotation2.java	Annotation2	method
1	com/moonsworth/lunar/bridge/Annotation.java	Annotation	method
1	com/moonsworth/lunar/bridge/AbstractTextureMultiTexBridge.java	AbstractTextureMultiTexBridge	number
1	com/moonsworth/lunar/annotations/Annotation.java	Annotation	method
