com/moonsworth/lunar/client/framework/feature/actionbar/ActionBar	com/moonsworth/lunar/client/mod/hud/ActionBar
com/moonsworth/lunar/client/framework/feature/actionbar/ActionBar$HORHROIOIOICIRHIOCOICHHHIHCIIO	com/moonsworth/lunar/client/mod/hud/ActionBar$HORHROIOIOICIRHIOCOICHHHIHCIIO
com/moonsworth/lunar/client/framework/feature/animations/CustomDroppedItems	com/moonsworth/lunar/client/mod/render/CustomDroppedItems
com/moonsworth/lunar/client/framework/feature/animations/HeldItemAnimations	com/moonsworth/lunar/client/mod/render/HeldItemAnimations
com/moonsworth/lunar/client/framework/feature/animations/ItemCustomizer	com/moonsworth/lunar/client/mod/render/ItemCustomizer
com/moonsworth/lunar/client/framework/feature/animations/customhelditems/CustomHeldItems	com/moonsworth/lunar/client/mod/render/CustomHeldItems
com/moonsworth/lunar/client/framework/feature/armorstatus/Armorstatus	com/moonsworth/lunar/client/mod/render/Armorstatus
com/moonsworth/lunar/client/framework/feature/armorstatus/armorstatus/ArmorstatusProtectionChild	com/moonsworth/lunar/client/mod/render/ArmorstatusProtectionChild
com/moonsworth/lunar/client/framework/feature/armorstatus/armorstatusbarschild/ArmorstatusBarsChild	com/moonsworth/lunar/client/mod/render/ArmorstatusBarsChild
com/moonsworth/lunar/client/framework/feature/armorstatus/armorstatusbarschild/ArmorstatusBarsChild$HORHROIOIOICIRHIOCOICHHHIHCIIO	com/moonsworth/lunar/client/mod/render/ArmorstatusBarsChild$HORHROIOIOICIRHIOCOICHHHIHCIIO
com/moonsworth/lunar/client/framework/feature/attackindicator/AttackIndicator	com/moonsworth/lunar/client/mod/combat/AttackIndicator
com/moonsworth/lunar/client/framework/feature/attackindicator/AttackIndicator$HORHROIOIOICIRHIOCOICHHHIHCIIO	com/moonsworth/lunar/client/mod/combat/AttackIndicator$HORHROIOIOICIRHIOCOICHHHIHCIIO
com/moonsworth/lunar/client/framework/feature/audiosubtitles/AudioSubtitles	com/moonsworth/lunar/client/mod/hud/AudioSubtitles
com/moonsworth/lunar/client/framework/feature/audiosubtitles/AudioSubtitles$HHRROIIHRRICIIHIIHICRHHRHOHHOO	com/moonsworth/lunar/client/mod/hud/AudioSubtitles$HHRROIIHRRICIIHIIHICRHHRHOHHOO
com/moonsworth/lunar/client/framework/feature/audiosubtitles/AudioSubtitles$HORHROIOIOICIRHIOCOICHHHIHCIIO	com/moonsworth/lunar/client/mod/hud/AudioSubtitles$HORHROIOIOICIRHIOCOICHHHIHCIIO
com/moonsworth/lunar/client/framework/feature/autotextactions/AutoTextActions	com/moonsworth/lunar/client/mod/misc/AutoTextActions
com/moonsworth/lunar/client/framework/feature/autotexthotkey/AutoTextHotkey	com/moonsworth/lunar/client/mod/misc/AutoTextHotkey
com/moonsworth/lunar/client/framework/feature/blockoutline/BlockOutline	com/moonsworth/lunar/client/mod/render/BlockOutline
com/moonsworth/lunar/client/framework/feature/blockoutline/BlockOutline$1	com/moonsworth/lunar/client/mod/render/BlockOutline$1
com/moonsworth/lunar/client/framework/feature/blockoutline/BlockOutline$HORHROIOIOICIRHIOCOICHHHIHCIIO	com/moonsworth/lunar/client/mod/render/BlockOutline$HORHROIOIOICIRHIOCOICHHHIHCIIO
com/moonsworth/lunar/client/framework/feature/bossbar/Bossbar	com/moonsworth/lunar/client/mod/hud/Bossbar
com/moonsworth/lunar/client/framework/feature/bossbar/Bossbar$HORHROIOIOICIRHIOCOICHHHIHCIIO	com/moonsworth/lunar/client/mod/hud/Bossbar$HORHROIOIOICIRHIOCOICHHHIHCIIO
com/moonsworth/lunar/client/framework/feature/chat/Chat	com/moonsworth/lunar/client/mod/misc/Chat
com/moonsworth/lunar/client/framework/feature/chat/ChatCommandAliasesChild	com/moonsworth/lunar/client/mod/misc/ChatCommandAliasesChild
com/moonsworth/lunar/client/framework/feature/chat/ChatCommandAliasesChild$HORHROIOIOICIRHIOCOICHHHIHCIIO	com/moonsworth/lunar/client/mod/misc/ChatCommandAliasesChild$HORHROIOIOICIRHIOCOICHHHIHCIIO
com/moonsworth/lunar/client/framework/feature/chunkborders/ChunkBorders	com/moonsworth/lunar/client/mod/render/ChunkBorders
com/moonsworth/lunar/client/framework/feature/clock/Clock	com/moonsworth/lunar/client/mod/hud/Clock
com/moonsworth/lunar/client/framework/feature/colorsaturation/ColorSaturation	com/moonsworth/lunar/client/mod/render/ColorSaturation
com/moonsworth/lunar/client/framework/feature/combo/Combo	com/moonsworth/lunar/client/mod/combat/Combo
com/moonsworth/lunar/client/framework/feature/cooldowns/Cooldowns	com/moonsworth/lunar/client/mod/combat/Cooldowns
com/moonsworth/lunar/client/framework/feature/cooldowns/Cooldowns$HORHROIOIOICIRHIOCOICHHHIHCIIO	com/moonsworth/lunar/client/mod/combat/Cooldowns$HORHROIOIOICIRHIOCOICHHHIHCIIO
com/moonsworth/lunar/client/framework/feature/coordinates/Coordinates	com/moonsworth/lunar/client/mod/hud/Coordinates
com/moonsworth/lunar/client/framework/feature/coordinates/Coordinates$HORHROIOIOICIRHIOCOICHHHIHCIIO	com/moonsworth/lunar/client/mod/hud/Coordinates$HORHROIOIOICIRHIOCOICHHHIHCIIO
com/moonsworth/lunar/client/framework/feature/coordinates/HHRROIIHRRICIIHIIHICRHHRHOHHOO	com/moonsworth/lunar/client/mod/hud/CoordinatesChildHudMod
com/moonsworth/lunar/client/framework/feature/coordinates/HHRROIIHRRICIIHIIHICRHHRHOHHOO$1	com/moonsworth/lunar/client/mod/hud/CoordinatesChildHudMod$1
com/moonsworth/lunar/client/framework/feature/coordinates/HHRROIIHRRICIIHIIHICRHHRHOHHOO$2	com/moonsworth/lunar/client/mod/hud/CoordinatesChildHudMod$2
com/moonsworth/lunar/client/framework/feature/coordinates/HHRROIIHRRICIIHIIHICRHHRHOHHOO$HORHROIOIOICIRHIOCOICHHHIHCIIO	com/moonsworth/lunar/client/mod/hud/CoordinatesChildHudMod$HORHROIOIOICIRHIOCOICHHHIHCIIO
com/moonsworth/lunar/client/framework/feature/counter/TotemCounter	com/moonsworth/lunar/client/mod/combat/TotemCounter
com/moonsworth/lunar/client/framework/feature/counter/TotemCounterHudChild	com/moonsworth/lunar/client/mod/combat/TotemCounterHudChild
com/moonsworth/lunar/client/framework/feature/counter/TotemCounterHudChild$HHRROIIHRRICIIHIIHICRHHRHOHHOO	com/moonsworth/lunar/client/mod/combat/TotemCounterHudChild$HHRROIIHRRICIIHIIHICRHHRHOHHOO
com/moonsworth/lunar/client/framework/feature/counter/TotemCounterHudChild$HORHROIOIOICIRHIOCOICHHHIHCIIO	com/moonsworth/lunar/client/mod/combat/TotemCounterHudChild$HORHROIOIOICIRHIOCOICHHHIHCIIO
com/moonsworth/lunar/client/framework/feature/cps/Cps	com/moonsworth/lunar/client/mod/hud/Cps
com/moonsworth/lunar/client/framework/feature/cps/Cps$HORHROIOIOICIRHIOCOICHHHIHCIIO	com/moonsworth/lunar/client/mod/hud/Cps$HORHROIOIOICIRHIOCOICHHHIHCIIO
com/moonsworth/lunar/client/framework/feature/crosshair/Crosshair	com/moonsworth/lunar/client/mod/render/Crosshair
com/moonsworth/lunar/client/framework/feature/crosshair/crosshairelytra/CrosshairElytra	com/moonsworth/lunar/client/mod/render/CrosshairElytra
com/moonsworth/lunar/client/framework/feature/crosshair/crosshairelytra/CrosshairElytra$1	com/moonsworth/lunar/client/mod/render/CrosshairElytra$1
com/moonsworth/lunar/client/framework/feature/crosshair/crosshairelytra/CrosshairElytra$2	com/moonsworth/lunar/client/mod/render/CrosshairElytra$2
com/moonsworth/lunar/client/framework/feature/crosshair/crosshairelytra/CrosshairElytra$HORHROIOIOICIRHIOCOICHHHIHCIIO	com/moonsworth/lunar/client/mod/render/CrosshairElytra$HORHROIOIOICIRHIOCOICHHHIHCIIO
com/moonsworth/lunar/client/framework/feature/crosshair/crosshairelytra/HORHROIOIOICIRHIOCOICHHHIHCIIO	com/moonsworth/lunar/client/mod/render/CrosshairChildMod
com/moonsworth/lunar/client/framework/feature/crosshair/crosshairelytra/HORHROIOIOICIRHIOCOICHHHIHCIIO$1	com/moonsworth/lunar/client/mod/render/CrosshairChildMod$1
com/moonsworth/lunar/client/framework/feature/damagetint/DamageTint	com/moonsworth/lunar/client/mod/combat/DamageTint
com/moonsworth/lunar/client/framework/feature/daycounter/DayCounter	com/moonsworth/lunar/client/mod/hud/DayCounter
com/moonsworth/lunar/client/framework/feature/daycounter/DayCounter$HORHROIOIOICIRHIOCOICHHHIHCIIO	com/moonsworth/lunar/client/mod/hud/DayCounter$HORHROIOIOICIRHIOCOICHHHIHCIIO
com/moonsworth/lunar/client/framework/feature/debug/ApolloDebugMod	com/moonsworth/lunar/client/mod/misc/ApolloDebugMod
com/moonsworth/lunar/client/framework/feature/debug/BasicDebugMod	com/moonsworth/lunar/client/mod/misc/BasicDebugMod
com/moonsworth/lunar/client/framework/feature/debug/CosmeticDebugMod	com/moonsworth/lunar/client/mod/misc/CosmeticDebugMod
com/moonsworth/lunar/client/framework/feature/debug/CosmeticDebugMod$HORHROIOIOICIRHIOCOICHHHIHCIIO	com/moonsworth/lunar/client/mod/misc/CosmeticDebugMod$HORHROIOIOICIRHIOCOICHHHIHCIIO
com/moonsworth/lunar/client/framework/feature/debug/DynamiclistenerDebugMod	com/moonsworth/lunar/client/mod/misc/DynamiclistenerDebugMod
com/moonsworth/lunar/client/framework/feature/debug/EventDebugMod	com/moonsworth/lunar/client/mod/misc/EventDebugMod
com/moonsworth/lunar/client/framework/feature/debug/FeatureFlagDebug	com/moonsworth/lunar/client/mod/misc/FeatureFlagDebug
com/moonsworth/lunar/client/framework/feature/debug/HudDebug	com/moonsworth/lunar/client/mod/hud/HudDebug
com/moonsworth/lunar/client/framework/feature/debug/McDebugRenderer	com/moonsworth/lunar/client/mod/misc/McDebugRenderer
com/moonsworth/lunar/client/framework/feature/debug/ModsEnabledDebugMod	com/moonsworth/lunar/client/mod/misc/ModsEnabledDebugMod
com/moonsworth/lunar/client/framework/feature/debug/OptionDumpMod	com/moonsworth/lunar/client/mod/misc/OptionDumpMod
com/moonsworth/lunar/client/framework/feature/debug/PathfindingDebug	com/moonsworth/lunar/client/mod/misc/PathfindingDebug
com/moonsworth/lunar/client/framework/feature/debug/PathfindingDebug$1	com/moonsworth/lunar/client/mod/misc/PathfindingDebug$1
com/moonsworth/lunar/client/framework/feature/debug/PathfindingDebug$HORHROIOIOICIRHIOCOICHHHIHCIIO	com/moonsworth/lunar/client/mod/misc/PathfindingDebug$HORHROIOIOICIRHIOCOICHHHIHCIIO
com/moonsworth/lunar/client/framework/feature/debug/RaycastDebug	com/moonsworth/lunar/client/mod/misc/RaycastDebug
com/moonsworth/lunar/client/framework/feature/debug/RaycastDebug$1	com/moonsworth/lunar/client/mod/misc/RaycastDebug$1
com/moonsworth/lunar/client/framework/feature/debug/RaycastDebug$HORHROIOIOICIRHIOCOICHHHIHCIIO	com/moonsworth/lunar/client/mod/misc/RaycastDebug$HORHROIOIOICIRHIOCOICHHHIHCIIO
com/moonsworth/lunar/client/framework/feature/debug/SettingsOverrideDebug	com/moonsworth/lunar/client/mod/misc/SettingsOverrideDebug
com/moonsworth/lunar/client/framework/feature/debug/SettingsOverrideDebug$1	com/moonsworth/lunar/client/mod/misc/SettingsOverrideDebug$1
com/moonsworth/lunar/client/framework/feature/debug/SettingsOverrideDebug$HHRROIIHRRICIIHIIHICRHHRHOHHOO	com/moonsworth/lunar/client/mod/misc/SettingsOverrideDebug$HHRROIIHRRICIIHIIHICRHHRHOHHOO
com/moonsworth/lunar/client/framework/feature/debug/SettingsOverrideDebug$HORHROIOIOICIRHIOCOICHHHIHCIIO	com/moonsworth/lunar/client/mod/misc/SettingsOverrideDebug$HORHROIOIOICIRHIOCOICHHHIHCIIO
com/moonsworth/lunar/client/framework/feature/debug/SettingsOverrideDebug$HORHROIOIOICIRHIOCOICHHHIHCIIO$1	com/moonsworth/lunar/client/mod/misc/SettingsOverrideDebug$HORHROIOIOICIRHIOCOICHHHIHCIIO$1
com/moonsworth/lunar/client/framework/feature/debug/SettingsOverrideDebug$HORHROIOIOICIRHIOCOICHHHIHCIIO$2	com/moonsworth/lunar/client/mod/misc/SettingsOverrideDebug$HORHROIOIOICIRHIOCOICHHHIHCIIO$2
com/moonsworth/lunar/client/framework/feature/debug/SettingsOverrideDebug$HORHROIOIOICIRHIOCOICHHHIHCIIO$3	com/moonsworth/lunar/client/mod/misc/SettingsOverrideDebug$HORHROIOIOICIRHIOCOICHHHIHCIIO$3
com/moonsworth/lunar/client/framework/feature/debug/TransformationDebug	com/moonsworth/lunar/client/mod/misc/TransformationDebug
com/moonsworth/lunar/client/framework/feature/debug/debug/CompanionDebug	com/moonsworth/lunar/client/mod/misc/CompanionDebug
com/moonsworth/lunar/client/framework/feature/debug/debug/CompanionDebug$HORHROIOIOICIRHIOCOICHHHIHCIIO	com/moonsworth/lunar/client/mod/misc/CompanionDebug$HORHROIOIOICIRHIOCOICHHHIHCIIO
com/moonsworth/lunar/client/framework/feature/debug/debug/GeckolibDebugMod	com/moonsworth/lunar/client/mod/misc/GeckolibDebugMod
com/moonsworth/lunar/client/framework/feature/debug/debug/GeckolibDebugMod$HORHROIOIOICIRHIOCOICHHHIHCIIO	com/moonsworth/lunar/client/mod/misc/GeckolibDebugMod$HORHROIOIOICIRHIOCOICHHHIHCIIO
com/moonsworth/lunar/client/framework/feature/debug/fpsdebugmod/FpsDebugMod	com/moonsworth/lunar/client/mod/misc/FpsDebugMod
com/moonsworth/lunar/client/framework/feature/debug/fpsdebugmod/FpsDebugMod$HORHROIOIOICIRHIOCOICHHHIHCIIO	com/moonsworth/lunar/client/mod/misc/FpsDebugMod$HORHROIOIOICIRHIOCOICHHHIHCIIO
com/moonsworth/lunar/client/framework/feature/debug/fpsdebugmod/profilerdebugmod/ProfilerDebugMod	com/moonsworth/lunar/client/mod/misc/ProfilerDebugMod
com/moonsworth/lunar/client/framework/feature/debug/fpsdebugmod/profilerdebugmod/ProfilerDebugMod$HORHROIOIOICIRHIOCOICHHHIHCIIO	com/moonsworth/lunar/client/mod/misc/ProfilerDebugMod$HORHROIOIOICIRHIOCOICHHHIHCIIO
com/moonsworth/lunar/client/framework/feature/debug/graphdebugmod/GraphDebugMod	com/moonsworth/lunar/client/mod/misc/GraphDebugMod
com/moonsworth/lunar/client/framework/feature/debug/graphdebugmod/memory/DirectMemoryDebugChildMod	com/moonsworth/lunar/client/mod/misc/DirectMemoryDebugChildMod
com/moonsworth/lunar/client/framework/feature/debug/graphdebugmod/memory/MemoryDebugChildMod	com/moonsworth/lunar/client/mod/misc/MemoryDebugChildMod
com/moonsworth/lunar/client/framework/feature/debug/graphdebugmod/memory/MemoryDebugChildMod$1	com/moonsworth/lunar/client/mod/misc/MemoryDebugChildMod$1
com/moonsworth/lunar/client/framework/feature/debug/graphdebugmod/memory/MemoryDebugChildMod$2	com/moonsworth/lunar/client/mod/misc/MemoryDebugChildMod$2
com/moonsworth/lunar/client/framework/feature/debug/graphdebugmod/memory/MemoryDebugChildMod$HORHROIOIOICIRHIOCOICHHHIHCIIO	com/moonsworth/lunar/client/mod/misc/MemoryDebugChildMod$HORHROIOIOICIRHIOCOICHHHIHCIIO
com/moonsworth/lunar/client/framework/feature/debug/graphdebugmod/memory/OffHeapMemoryDebugChildMod	com/moonsworth/lunar/client/mod/misc/OffHeapMemoryDebugChildMod
com/moonsworth/lunar/client/framework/feature/debug/optimizationdebugmod/OptimizationDebugMod	com/moonsworth/lunar/client/mod/misc/OptimizationDebugMod
com/moonsworth/lunar/client/framework/feature/debug/optimizationdebugmod/OptimizationDebugMod$1	com/moonsworth/lunar/client/mod/misc/OptimizationDebugMod$1
com/moonsworth/lunar/client/framework/feature/debug/optimizationdebugmod/OptimizationDebugMod$HORHROIOIOICIRHIOCOICHHHIHCIIO	com/moonsworth/lunar/client/mod/misc/OptimizationDebugMod$HORHROIOIOICIRHIOCOICHHHIHCIIO
com/moonsworth/lunar/client/framework/feature/debug/shaderdebugmod/ShaderDebugMod	com/moonsworth/lunar/client/mod/misc/ShaderDebugMod
com/moonsworth/lunar/client/framework/feature/debug/turbo/HHRROIIHRRICIIHIIHICRHHRHOHHOO	com/moonsworth/lunar/client/mod/misc/FragmentDebugChildMod
com/moonsworth/lunar/client/framework/feature/debug/turbo/HHRROIIHRRICIIHIIHICRHHRHOHHOO$1	com/moonsworth/lunar/client/mod/misc/FragmentDebugChildMod$1
com/moonsworth/lunar/client/framework/feature/debug/turbo/TurboGroupRebuildsChildHudMod	com/moonsworth/lunar/client/mod/hud/TurboGroupRebuildsChildHudMod
com/moonsworth/lunar/client/framework/feature/debug/turbo/TurboRenderingDebugMod	com/moonsworth/lunar/client/mod/misc/TurboRenderingDebugMod
com/moonsworth/lunar/client/framework/feature/debug/turbo/TurboRenderingDebugMod$HORHROIOIOICIRHIOCOICHHHIHCIIO	com/moonsworth/lunar/client/mod/misc/TurboRenderingDebugMod$HORHROIOIOICIRHIOCOICHHHIHCIIO
com/moonsworth/lunar/client/framework/feature/directionhud/DirectionHud	com/moonsworth/lunar/client/mod/hud/DirectionHud
com/moonsworth/lunar/client/framework/feature/directionhud/DirectionHud$1	com/moonsworth/lunar/client/mod/hud/DirectionHud$1
com/moonsworth/lunar/client/framework/feature/directionhud/DirectionHud$HHRROIIHRRICIIHIIHICRHHRHOHHOO	com/moonsworth/lunar/client/mod/hud/DirectionHud$HHRROIIHRRICIIHIIHICRHHRHOHHOO
com/moonsworth/lunar/client/framework/feature/directionhud/DirectionHud$HORHROIOIOICIRHIOCOICHHHIHCIIO	com/moonsworth/lunar/client/mod/hud/DirectionHud$HORHROIOIOICIRHIOCOICHHHIHCIIO
com/moonsworth/lunar/client/framework/feature/directionhud/DirectionHud$HRICOROOOCCOCOROCRHHCRRIRCOICO	com/moonsworth/lunar/client/mod/hud/DirectionHud$HRICOROOOCCOCOROCRHHCRRIRCOICO
com/moonsworth/lunar/client/framework/feature/directionhud/DirectionHud$ICRHORIIHOHROHOHOCOOHOOCOORRHO	com/moonsworth/lunar/client/mod/hud/DirectionHud$ICRHORIIHOHROHOHOCOOHOOCOORRHO
com/moonsworth/lunar/client/framework/feature/f3display/F3Display	com/moonsworth/lunar/client/mod/hud/F3Display
com/moonsworth/lunar/client/framework/feature/f3display/F3Display$HORHROIOIOICIRHIOCOICHHHIHCIIO	com/moonsworth/lunar/client/mod/hud/F3Display$HORHROIOIOICIRHIOCOICHHHIHCIIO
com/moonsworth/lunar/client/framework/feature/f3display/HRICOROOOCCOCOROCRHHCRRIRCOICO_	com/moonsworth/lunar/client/mod/hud/F3ModuleChildMod
com/moonsworth/lunar/client/framework/feature/f3display/HRICOROOOCCOCOROCRHHCRRIRCOICO_$1	com/moonsworth/lunar/client/mod/hud/F3ModuleChildMod$1
com/moonsworth/lunar/client/framework/feature/f3display/HRICOROOOCCOCOROCRHHCRRIRCOICO_$HORHROIOIOICIRHIOCOICHHHIHCIIO	com/moonsworth/lunar/client/mod/hud/F3ModuleChildMod$HORHROIOIOICIRHIOCOICHHHIHCIIO
com/moonsworth/lunar/client/framework/feature/fog/Fog	com/moonsworth/lunar/client/mod/render/Fog
com/moonsworth/lunar/client/framework/feature/fog/Fog$1	com/moonsworth/lunar/client/mod/render/Fog$1
com/moonsworth/lunar/client/framework/feature/fov/Fov	com/moonsworth/lunar/client/mod/render/Fov
com/moonsworth/lunar/client/framework/feature/fps/Fps	com/moonsworth/lunar/client/mod/hud/Fps
com/moonsworth/lunar/client/framework/feature/freelook/Freelook	com/moonsworth/lunar/client/mod/movement/Freelook
com/moonsworth/lunar/client/framework/feature/glintcolorizer/GlintColorizer	com/moonsworth/lunar/client/mod/render/GlintColorizer
com/moonsworth/lunar/client/framework/feature/gui/PackDisplay	com/moonsworth/lunar/client/mod/hud/PackDisplay
com/moonsworth/lunar/client/framework/feature/gui/PackDisplay$HHRROIIHRRICIIHIIHICRHHRHOHHOO	com/moonsworth/lunar/client/mod/hud/PackDisplay$HHRROIIHRRICIIHIIHICRHHRHOHHOO
com/moonsworth/lunar/client/framework/feature/gui/PackDisplay$HORHROIOIOICIRHIOCOICHHHIHCIIO	com/moonsworth/lunar/client/mod/hud/PackDisplay$HORHROIOIOICIRHIOCOICHHHIHCIIO
com/moonsworth/lunar/client/framework/feature/gui/PackDisplay$HRICOROOOCCOCOROCRHHCRRIRCOICO	com/moonsworth/lunar/client/mod/hud/PackDisplay$HRICOROOOCCOCOROCRHHCRRIRCOICO
com/moonsworth/lunar/client/framework/feature/gui/ShaderPackDisplay	com/moonsworth/lunar/client/mod/hud/ShaderPackDisplay
com/moonsworth/lunar/client/framework/feature/gui/ShaderPackDisplay$HORHROIOIOICIRHIOCOICHHHIHCIIO	com/moonsworth/lunar/client/mod/hud/ShaderPackDisplay$HORHROIOIOICIRHIOCOICHHHIHCIIO
com/moonsworth/lunar/client/framework/feature/gui2/OverlayMod	com/moonsworth/lunar/client/mod/render/OverlayMod
com/moonsworth/lunar/client/framework/feature/gui2/OverlayMod$1	com/moonsworth/lunar/client/mod/render/OverlayMod$1
com/moonsworth/lunar/client/framework/feature/gui2/OverlayMod$HORHROIOIOICIRHIOCOICHHHIHCIIO	com/moonsworth/lunar/client/mod/render/OverlayMod$HORHROIOIOICIRHIOCOICHHHIHCIIO
com/moonsworth/lunar/client/framework/feature/gui2/TotemAnimationOverlayChild	com/moonsworth/lunar/client/mod/render/TotemAnimationOverlayChild
com/moonsworth/lunar/client/framework/feature/gui2/TotemAnimationOverlayChild$HORHROIOIOICIRHIOCOICHHHIHCIIO	com/moonsworth/lunar/client/mod/render/TotemAnimationOverlayChild$HORHROIOIOICIRHIOCOICHHHIHCIIO
com/moonsworth/lunar/client/framework/feature/guiscale/GuiScale	com/moonsworth/lunar/client/mod/misc/GuiScale
com/moonsworth/lunar/client/framework/feature/heightlimit/HORHROIOIOICIRHIOCOICHHHIHCIIO	com/moonsworth/lunar/client/mod/render/HeightLimitChildMod
com/moonsworth/lunar/client/framework/feature/heightlimit/HORHROIOIOICIRHIOCOICHHHIHCIIO$1	com/moonsworth/lunar/client/mod/render/HeightLimitChildMod$1
com/moonsworth/lunar/client/framework/feature/heightlimit/HeightLimit	com/moonsworth/lunar/client/mod/render/HeightLimit
com/moonsworth/lunar/client/framework/feature/heightlimit/HeightLimit$1	com/moonsworth/lunar/client/mod/render/HeightLimit$1
com/moonsworth/lunar/client/framework/feature/heightlimit/HeightLimit$2	com/moonsworth/lunar/client/mod/render/HeightLimit$2
com/moonsworth/lunar/client/framework/feature/heightlimit/HeightLimit$HHRROIIHRRICIIHIIHICRHHRHOHHOO	com/moonsworth/lunar/client/mod/render/HeightLimit$HHRROIIHRRICIIHIIHICRHHRHOHHOO
com/moonsworth/lunar/client/framework/feature/heightlimit/HeightLimit$HORHROIOIOICIRHIOCOICHHHIHCIIO	com/moonsworth/lunar/client/mod/render/HeightLimit$HORHROIOIOICIRHIOCOICHHHIHCIIO
com/moonsworth/lunar/client/framework/feature/heightlimit/HeightLimit$HRICOROOOCCOCOROCRHHCRRIRCOICO	com/moonsworth/lunar/client/mod/render/HeightLimit$HRICOROOOCCOCOROCRHHCRRIRCOICO
com/moonsworth/lunar/client/framework/feature/heightlimit/HeightLimit$ICRHORIIHOHROHOHOCOOHOOCOORRHO	com/moonsworth/lunar/client/mod/render/HeightLimit$ICRHORIIHOHROHOHOCOOHOOCOORRHO
com/moonsworth/lunar/client/framework/feature/hitbox/Hitbox	com/moonsworth/lunar/client/mod/combat/Hitbox
com/moonsworth/lunar/client/framework/feature/hitbox/Hitbox$HHRROIIHRRICIIHIIHICRHHRHOHHOO	com/moonsworth/lunar/client/mod/combat/Hitbox$HHRROIIHRRICIIHIIHICRHHRHOHHOO
com/moonsworth/lunar/client/framework/feature/hitbox/Hitbox$HORHROIOIOICIRHIOCOICHHHIHCIIO	com/moonsworth/lunar/client/mod/combat/Hitbox$HORHROIOIOICIRHIOCOICHHHIHCIIO
com/moonsworth/lunar/client/framework/feature/hitcolor/HitColor	com/moonsworth/lunar/client/mod/combat/HitColor
com/moonsworth/lunar/client/framework/feature/horsestats/HorseStats	com/moonsworth/lunar/client/mod/hud/HorseStats
com/moonsworth/lunar/client/framework/feature/hurtcam/HurtCam	com/moonsworth/lunar/client/mod/render/HurtCam
com/moonsworth/lunar/client/framework/feature/hypixelbedwars/HypixelBedwars	com/moonsworth/lunar/client/mod/misc/HypixelBedwars
com/moonsworth/lunar/client/framework/feature/hypixelbedwars/HypixelBedwars$HORHROIOIOICIRHIOCOICHHHIHCIIO	com/moonsworth/lunar/client/mod/misc/HypixelBedwars$HORHROIOIOICIRHIOCOICHHHIHCIIO
com/moonsworth/lunar/client/framework/feature/hypixelbedwars/bedwars/HypixelBedwarsStatsChild	com/moonsworth/lunar/client/mod/hud/HypixelBedwarsStatsChild
com/moonsworth/lunar/client/framework/feature/hypixelbedwars/bedwars/HypixelBedwarsStatsChild$1	com/moonsworth/lunar/client/mod/hud/HypixelBedwarsStatsChild$1
com/moonsworth/lunar/client/framework/feature/hypixelbedwars/bedwars/HypixelBedwarsStatsChild$2	com/moonsworth/lunar/client/mod/hud/HypixelBedwarsStatsChild$2
com/moonsworth/lunar/client/framework/feature/hypixelbedwars/bedwars2/HypixelBedwarsTeamDisplayChild	com/moonsworth/lunar/client/mod/hud/HypixelBedwarsTeamDisplayChild
com/moonsworth/lunar/client/framework/feature/hypixelbedwars/bedwars2/HypixelBedwarsTeamDisplayChild$HHRROIIHRRICIIHIIHICRHHRHOHHOO	com/moonsworth/lunar/client/mod/hud/HypixelBedwarsTeamDisplayChild$HHRROIIHRRICIIHIIHICRHHRHOHHOO
com/moonsworth/lunar/client/framework/feature/hypixelbedwars/bedwars2/HypixelBedwarsTeamDisplayChild$HORHROIOIOICIRHIOCOICHHHIHCIIO	com/moonsworth/lunar/client/mod/hud/HypixelBedwarsTeamDisplayChild$HORHROIOIOICIRHIOCOICHHHIHCIIO
com/moonsworth/lunar/client/framework/feature/hypixelbedwars/bedwars2/HypixelBedwarsTeamDisplayChild$HRICOROOOCCOCOROCRHHCRRIRCOICO	com/moonsworth/lunar/client/mod/hud/HypixelBedwarsTeamDisplayChild$HRICOROOOCCOCOROCRHHCRRIRCOICO
com/moonsworth/lunar/client/framework/feature/hypixelbedwars/bedwars3/HypixelBedwarsUpgradeDisplayChild	com/moonsworth/lunar/client/mod/hud/HypixelBedwarsUpgradeDisplayChild
com/moonsworth/lunar/client/framework/feature/hypixelbedwars/bedwars3/HypixelBedwarsUpgradeDisplayChild$HHRROIIHRRICIIHIIHICRHHRHOHHOO	com/moonsworth/lunar/client/mod/hud/HypixelBedwarsUpgradeDisplayChild$HHRROIIHRRICIIHIIHICRHHRHOHHOO
com/moonsworth/lunar/client/framework/feature/hypixelbedwars/bedwars3/HypixelBedwarsUpgradeDisplayChild$HORHROIOIOICIRHIOCOICHHHIHCIIO	com/moonsworth/lunar/client/mod/hud/HypixelBedwarsUpgradeDisplayChild$HORHROIOIOICIRHIOCOICHHHIHCIIO
com/moonsworth/lunar/client/framework/feature/hypixelbedwars/bedwars3/HypixelBedwarsUpgradeDisplayChild$HRICOROOOCCOCOROCRHHCRRIRCOICO	com/moonsworth/lunar/client/mod/hud/HypixelBedwarsUpgradeDisplayChild$HRICOROOOCCOCOROCRHHCRRIRCOICO
com/moonsworth/lunar/client/framework/feature/hypixelbedwars/bedwars3/HypixelBedwarsUpgradeDisplayChild$HRICOROOOCCOCOROCRHHCRRIRCOICO$HORHROIOIOICIRHIOCOICHHHIHCIIO	com/moonsworth/lunar/client/mod/hud/HypixelBedwarsUpgradeDisplayChild$HRICOROOOCCOCOROCRHHCRRIRCOICO$HORHROIOIOICIRHIOCOICHHHIHCIIO
com/moonsworth/lunar/client/framework/feature/hypixelbedwars/bedwars4/HypixelBedwarsTimersChildHud	com/moonsworth/lunar/client/mod/hud/HypixelBedwarsTimersChildHud
com/moonsworth/lunar/client/framework/feature/hypixelbedwars/bedwars4/HypixelBedwarsTimersChildHud$HHRROIIHRRICIIHIIHICRHHRHOHHOO	com/moonsworth/lunar/client/mod/hud/HypixelBedwarsTimersChildHud$HHRROIIHRRICIIHIIHICRHHRHOHHOO
com/moonsworth/lunar/client/framework/feature/hypixelbedwars/bedwars4/HypixelBedwarsTimersChildHud$HORHROIOIOICIRHIOCOICHHHIHCIIO	com/moonsworth/lunar/client/mod/hud/HypixelBedwarsTimersChildHud$HORHROIOIOICIRHIOCOICHHHIHCIIO
com/moonsworth/lunar/client/framework/feature/hypixelbedwars/resource/HypixelBedwarsResourceCounterChild	com/moonsworth/lunar/client/mod/hud/HypixelBedwarsResourceCounterChild
com/moonsworth/lunar/client/framework/feature/hypixelbedwars/resource/HypixelBedwarsResourceCounterChild$1	com/moonsworth/lunar/client/mod/hud/HypixelBedwarsResourceCounterChild$1
com/moonsworth/lunar/client/framework/feature/hypixelbedwars/resource/HypixelBedwarsResourceCounterChild$2	com/moonsworth/lunar/client/mod/hud/HypixelBedwarsResourceCounterChild$2
com/moonsworth/lunar/client/framework/feature/hypixelbedwars/resource/HypixelBedwarsResourceCounterChild$3	com/moonsworth/lunar/client/mod/hud/HypixelBedwarsResourceCounterChild$3
com/moonsworth/lunar/client/framework/feature/inventorymod/InventoryMod	com/moonsworth/lunar/client/mod/player/InventoryMod
com/moonsworth/lunar/client/framework/feature/inventorymod/slot/EnchantmentSpriteTextDecoration	com/moonsworth/lunar/client/mod/player/EnchantmentSpriteTextDecoration
com/moonsworth/lunar/client/framework/feature/inventorymod/slot/EnchantmentSpriteTextDecoration$HHRROIIHRRICIIHIIHICRHHRHOHHOO	com/moonsworth/lunar/client/mod/player/EnchantmentSpriteTextDecoration$HHRROIIHRRICIIHIIHICRHHRHOHHOO
com/moonsworth/lunar/client/framework/feature/inventorymod/slot/EnchantmentSpriteTextDecoration$HORHROIOIOICIRHIOCOICHHHIHCIIO	com/moonsworth/lunar/client/mod/player/EnchantmentSpriteTextDecoration$HORHROIOIOICIRHIOCOICHHHIHCIIO
com/moonsworth/lunar/client/framework/feature/inventorymod/slot/HotbarKeyOverlay	com/moonsworth/lunar/client/mod/player/HotbarKeyOverlay
com/moonsworth/lunar/client/framework/feature/inventorymod/slot/HotbarKeyOverlay$HORHROIOIOICIRHIOCOICHHHIHCIIO	com/moonsworth/lunar/client/mod/player/HotbarKeyOverlay$HORHROIOIOICIRHIOCOICHHHIHCIIO
com/moonsworth/lunar/client/framework/feature/inventorymod/slot/InventoryHud	com/moonsworth/lunar/client/mod/hud/InventoryHud
com/moonsworth/lunar/client/framework/feature/inventorymod/slot/InventoryHud$HORHROIOIOICIRHIOCOICHHHIHCIIO	com/moonsworth/lunar/client/mod/hud/InventoryHud$HORHROIOIOICIRHIOCOICHHHIHCIIO
com/moonsworth/lunar/client/framework/feature/inventorymod/slot/ItemDropProtection	com/moonsworth/lunar/client/mod/player/ItemDropProtection
com/moonsworth/lunar/client/framework/feature/inventorymod/slot/SlotBinding	com/moonsworth/lunar/client/mod/player/SlotBinding
com/moonsworth/lunar/client/framework/feature/inventorymod/slot/SlotBinding$1	com/moonsworth/lunar/client/mod/player/SlotBinding$1
com/moonsworth/lunar/client/framework/feature/inventorymod/slot/SlotLocking	com/moonsworth/lunar/client/mod/player/SlotLocking
com/moonsworth/lunar/client/framework/feature/inventorymod/slot/SlotLocking$1	com/moonsworth/lunar/client/mod/player/SlotLocking$1
com/moonsworth/lunar/client/framework/feature/inventorymod/slot/inventorysearch/InventorySearch	com/moonsworth/lunar/client/mod/player/InventorySearch
com/moonsworth/lunar/client/framework/feature/itemcounter/HORHROIOIOICIRHIOCOICHHHIHCIIO_	com/moonsworth/lunar/client/mod/hud/ItemCounterElementChildMod
com/moonsworth/lunar/client/framework/feature/itemcounter/HORHROIOIOICIRHIOCOICHHHIHCIIO_$1	com/moonsworth/lunar/client/mod/hud/ItemCounterElementChildMod$1
com/moonsworth/lunar/client/framework/feature/itemcounter/HORHROIOIOICIRHIOCOICHHHIHCIIO_$HORHROIOIOICIRHIOCOICHHHIHCIIO	com/moonsworth/lunar/client/mod/hud/ItemCounterElementChildMod$HORHROIOIOICIRHIOCOICHHHIHCIIO
com/moonsworth/lunar/client/framework/feature/itemcounter/ItemCounter	com/moonsworth/lunar/client/mod/hud/ItemCounter
com/moonsworth/lunar/client/framework/feature/itemcounter/ItemCounter$HHRROIIHRRICIIHIIHICRHHRHOHHOO	com/moonsworth/lunar/client/mod/hud/ItemCounter$HHRROIIHRRICIIHIIHICRHHRHOHHOO
com/moonsworth/lunar/client/framework/feature/itemcounter/ItemCounter$HORHROIOIOICIRHIOCOICHHHIHCIIO	com/moonsworth/lunar/client/mod/hud/ItemCounter$HORHROIOIOICIRHIOCOICHHHIHCIIO
com/moonsworth/lunar/client/framework/feature/itemphysics/ItemPhysics	com/moonsworth/lunar/client/mod/render/ItemPhysics
com/moonsworth/lunar/client/framework/feature/itemphysics/ItemPhysics$HORHROIOIOICIRHIOCOICHHHIHCIIO	com/moonsworth/lunar/client/mod/render/ItemPhysics$HORHROIOIOICIRHIOCOICHHHIHCIIO
com/moonsworth/lunar/client/framework/feature/itemtracker/ItemTracker	com/moonsworth/lunar/client/mod/misc/ItemTracker
com/moonsworth/lunar/client/framework/feature/itemtracker/ItemTracker$1	com/moonsworth/lunar/client/mod/misc/ItemTracker$1
com/moonsworth/lunar/client/framework/feature/itemtracker/ItemTracker$HHRROIIHRRICIIHIIHICRHHRHOHHOO	com/moonsworth/lunar/client/mod/misc/ItemTracker$HHRROIIHRRICIIHIIHICRHHRHOHHOO
com/moonsworth/lunar/client/framework/feature/itemtracker/ItemTracker$HORHROIOIOICIRHIOCOICHHHIHCIIO	com/moonsworth/lunar/client/mod/misc/ItemTracker$HORHROIOIOICIRHIOCOICHHHIHCIIO
com/moonsworth/lunar/client/framework/feature/keystrokes/HORHROIOIOICIRHIOCOICHHHIHCIIO_	com/moonsworth/lunar/client/mod/hud/CustomKeystrokeKey
com/moonsworth/lunar/client/framework/feature/keystrokes/Keystrokes	com/moonsworth/lunar/client/mod/hud/Keystrokes
com/moonsworth/lunar/client/framework/feature/keystrokes/Keystrokes$HHRROIIHRRICIIHIIHICRHHRHOHHOO	com/moonsworth/lunar/client/mod/hud/Keystrokes$HHRROIIHRRICIIHIIHICRHHRHOHHOO
com/moonsworth/lunar/client/framework/feature/keystrokes/Keystrokes$HORHROIOIOICIRHIOCOICHHHIHCIIO	com/moonsworth/lunar/client/mod/hud/Keystrokes$HORHROIOIOICIRHIOCOICHHHIHCIIO
com/moonsworth/lunar/client/framework/feature/killsounds/HORHROIOIOICIRHIOCOICHHHIHCIIO_	com/moonsworth/lunar/client/mod/combat/KillSoundChildMod
com/moonsworth/lunar/client/framework/feature/killsounds/HORHROIOIOICIRHIOCOICHHHIHCIIO_$1	com/moonsworth/lunar/client/mod/combat/KillSoundChildMod$1
com/moonsworth/lunar/client/framework/feature/killsounds/KillSounds	com/moonsworth/lunar/client/mod/combat/KillSounds
com/moonsworth/lunar/client/framework/feature/knockbacktrainer/KnockbackTrainer	com/moonsworth/lunar/client/mod/combat/KnockbackTrainer
com/moonsworth/lunar/client/framework/feature/knockbacktrainer/KnockbackTrainer$HORHROIOIOICIRHIOCOICHHHIHCIIO	com/moonsworth/lunar/client/mod/combat/KnockbackTrainer$HORHROIOIOICIRHIOCOICHHHIHCIIO
com/moonsworth/lunar/client/framework/feature/knockbacktrainer/knockback/KnockbackGroundGraph	com/moonsworth/lunar/client/mod/combat/KnockbackGroundGraph
com/moonsworth/lunar/client/framework/feature/knockbacktrainer/knockback/KnockbackGroundGraph$HHRROIIHRRICIIHIIHICRHHRHOHHOO	com/moonsworth/lunar/client/mod/combat/KnockbackGroundGraph$HHRROIIHRRICIIHIIHICRHHRHOHHOO
com/moonsworth/lunar/client/framework/feature/knockbacktrainer/knockback/KnockbackGroundGraph$HORHROIOIOICIRHIOCOICHHHIHCIIO	com/moonsworth/lunar/client/mod/combat/KnockbackGroundGraph$HORHROIOIOICIRHIOCOICHHHIHCIIO
com/moonsworth/lunar/client/framework/feature/knockbacktrainer/knockback/KnockbackJumpTiming	com/moonsworth/lunar/client/mod/combat/KnockbackJumpTiming
com/moonsworth/lunar/client/framework/feature/knockbacktrainer/knockback/KnockbackStats	com/moonsworth/lunar/client/mod/combat/KnockbackStats
com/moonsworth/lunar/client/framework/feature/knockbacktrainer/knockback/KnockbackStats$HORHROIOIOICIRHIOCOICHHHIHCIIO	com/moonsworth/lunar/client/mod/combat/KnockbackStats$HORHROIOIOICIRHIOCOICHHHIHCIIO
com/moonsworth/lunar/client/framework/feature/lighting/Lighting	com/moonsworth/lunar/client/mod/render/Lighting
com/moonsworth/lunar/client/framework/feature/lighting/Lighting$1	com/moonsworth/lunar/client/mod/render/Lighting$1
com/moonsworth/lunar/client/framework/feature/lightoverlay/LightOverlay	com/moonsworth/lunar/client/mod/render/LightOverlay
com/moonsworth/lunar/client/framework/feature/lightoverlay/LightOverlay$HORHROIOIOICIRHIOCOICHHHIHCIIO	com/moonsworth/lunar/client/mod/render/LightOverlay$HORHROIOIOICIRHIOCOICHHHIHCIIO
com/moonsworth/lunar/client/framework/feature/markers/Markers	com/moonsworth/lunar/client/mod/render/Markers
com/moonsworth/lunar/client/framework/feature/markers/Markers$1	com/moonsworth/lunar/client/mod/render/Markers$1
com/moonsworth/lunar/client/framework/feature/markers/Markers$HHRROIIHRRICIIHIIHICRHHRHOHHOO	com/moonsworth/lunar/client/mod/render/Markers$HHRROIIHRRICIIHIIHICRHHRHOHHOO
com/moonsworth/lunar/client/framework/feature/markers/Markers$HORHROIOIOICIRHIOCOICHHHIHCIIO	com/moonsworth/lunar/client/mod/render/Markers$HORHROIOIOICIRHIOCOICHHHIHCIIO
com/moonsworth/lunar/client/framework/feature/markers/Markers$HRICOROOOCCOCOROCRHHCRRIRCOICO	com/moonsworth/lunar/client/mod/render/Markers$HRICOROOOCCOCOROCRHHCRRIRCOICO
com/moonsworth/lunar/client/framework/feature/memory/Memory	com/moonsworth/lunar/client/mod/hud/Memory
com/moonsworth/lunar/client/framework/feature/memory/Memory$1	com/moonsworth/lunar/client/mod/hud/Memory$1
com/moonsworth/lunar/client/framework/feature/memory/Memory$HHRROIIHRRICIIHIIHICRHHRHOHHOO	com/moonsworth/lunar/client/mod/hud/Memory$HHRROIIHRRICIIHIIHICRHHRHOHHOO
com/moonsworth/lunar/client/framework/feature/memory/Memory$HORHROIOIOICIRHIOCOICHHHIHCIIO	com/moonsworth/lunar/client/mod/hud/Memory$HORHROIOIOICIRHIOCOICHHHIHCIIO
com/moonsworth/lunar/client/framework/feature/menublur/MenuBlur	com/moonsworth/lunar/client/mod/render/MenuBlur
com/moonsworth/lunar/client/framework/feature/menublur/MenuBlur$HORHROIOIOICIRHIOCOICHHHIHCIIO	com/moonsworth/lunar/client/mod/render/MenuBlur$HORHROIOIOICIRHIOCOICHHHIHCIIO
com/moonsworth/lunar/client/framework/feature/minimap/Minimap	com/moonsworth/lunar/client/mod/render/Minimap
com/moonsworth/lunar/client/framework/feature/minimap/Minimap$HHRROIIHRRICIIHIIHICRHHRHOHHOO	com/moonsworth/lunar/client/mod/render/Minimap$HHRROIIHRRICIIHIIHICRHHRHOHHOO
com/moonsworth/lunar/client/framework/feature/minimap/Minimap$HORHROIOIOICIRHIOCOICHHHIHCIIO	com/moonsworth/lunar/client/mod/render/Minimap$HORHROIOIOICIRHIOCOICHHHIHCIIO
com/moonsworth/lunar/client/framework/feature/minimap/Minimap$HRICOROOOCCOCOROCRHHCRRIRCOICO	com/moonsworth/lunar/client/mod/render/Minimap$HRICOROOOCCOCOROCRHHCRRIRCOICO
com/moonsworth/lunar/client/framework/feature/minimap/Minimap$ICRHORIIHOHROHOHOCOOHOOCOORRHO	com/moonsworth/lunar/client/mod/render/Minimap$ICRHORIIHOHROHOHOCOOHOOCOORRHO
com/moonsworth/lunar/client/framework/feature/mobsize/MobSize	com/moonsworth/lunar/client/mod/render/MobSize
com/moonsworth/lunar/client/framework/feature/mod/Skyblock	com/moonsworth/lunar/client/mod/misc/Skyblock
com/moonsworth/lunar/client/framework/feature/mod/SkyblockDebugMod	com/moonsworth/lunar/client/mod/misc/SkyblockDebugMod
com/moonsworth/lunar/client/framework/feature/mod/debug/DebugTimerHud	com/moonsworth/lunar/client/mod/hud/DebugTimerHud
com/moonsworth/lunar/client/framework/feature/mod/debug/DebugTimerHud$HORHROIOIOICIRHIOCOICHHHIHCIIO	com/moonsworth/lunar/client/mod/hud/DebugTimerHud$HORHROIOIOICIRHIOCOICHHHIHCIIO
com/moonsworth/lunar/client/framework/feature/mod/debug/SkyblockChildEnabledDebug	com/moonsworth/lunar/client/mod/misc/SkyblockChildEnabledDebug
com/moonsworth/lunar/client/framework/feature/mod/debug/SkyblockChildEnabledDebug$1	com/moonsworth/lunar/client/mod/misc/SkyblockChildEnabledDebug$1
com/moonsworth/lunar/client/framework/feature/mod/debug/SkyblockDebugChime	com/moonsworth/lunar/client/mod/misc/SkyblockDebugChime
com/moonsworth/lunar/client/framework/feature/mod/debug/SkyblockDebugDisplayAlert	com/moonsworth/lunar/client/mod/misc/SkyblockDebugDisplayAlert
com/moonsworth/lunar/client/framework/feature/mod/debug/SkyblockDebugHideHud	com/moonsworth/lunar/client/mod/hud/SkyblockDebugHideHud
com/moonsworth/lunar/client/framework/feature/mod/debug/SkyblockDebugHotbarStackSize	com/moonsworth/lunar/client/mod/misc/SkyblockDebugHotbarStackSize
com/moonsworth/lunar/client/framework/feature/mod/debug/SkyblockDebugHud	com/moonsworth/lunar/client/mod/hud/SkyblockDebugHud
com/moonsworth/lunar/client/framework/feature/mod/debug/SkyblockDebugHudInteractable	com/moonsworth/lunar/client/mod/hud/SkyblockDebugHudInteractable
com/moonsworth/lunar/client/framework/feature/mod/debug/SkyblockDebugHudScrollable	com/moonsworth/lunar/client/mod/hud/SkyblockDebugHudScrollable
com/moonsworth/lunar/client/framework/feature/mod/debug/SkyblockDebugRandomLore	com/moonsworth/lunar/client/mod/misc/SkyblockDebugRandomLore
com/moonsworth/lunar/client/framework/feature/mod/debug/SkyblockDebugRarityBackground	com/moonsworth/lunar/client/mod/misc/SkyblockDebugRarityBackground
com/moonsworth/lunar/client/framework/feature/mod/debug/SkyblockPreviewIsolationDebug	com/moonsworth/lunar/client/mod/misc/SkyblockPreviewIsolationDebug
com/moonsworth/lunar/client/framework/feature/mod/debug/SkyblockPreviewIsolationDebug$HORHROIOIOICIRHIOCOICHHHIHCIIO	com/moonsworth/lunar/client/mod/misc/SkyblockPreviewIsolationDebug$HORHROIOIOICIRHIOCOICHHHIHCIIO
com/moonsworth/lunar/client/framework/feature/mod/debug/SkyblockRenderDebugBlockColors	com/moonsworth/lunar/client/mod/misc/SkyblockRenderDebugBlockColors
com/moonsworth/lunar/client/framework/feature/mod/debug/SkyblockRenderDebugLavaWater	com/moonsworth/lunar/client/mod/misc/SkyblockRenderDebugLavaWater
com/moonsworth/lunar/client/framework/feature/mod/debug/SkyblockRenderDebugUtilities	com/moonsworth/lunar/client/mod/misc/SkyblockRenderDebugUtilities
com/moonsworth/lunar/client/framework/feature/mod/debug/SkyblockSpiritLeapDebug	com/moonsworth/lunar/client/mod/misc/SkyblockSpiritLeapDebug
com/moonsworth/lunar/client/framework/feature/mod/debug/WaterRoomSolutionGenerator	com/moonsworth/lunar/client/mod/misc/WaterRoomSolutionGenerator
com/moonsworth/lunar/client/framework/feature/mod/debug/detector/SkyblockDebugGraphs	com/moonsworth/lunar/client/mod/misc/SkyblockDebugGraphs
com/moonsworth/lunar/client/framework/feature/mod/debug/detector/SkyblockDebugGraphs$1	com/moonsworth/lunar/client/mod/misc/SkyblockDebugGraphs$1
com/moonsworth/lunar/client/framework/feature/mod/debug/detector/SkyblockMetalDetectorDataGen	com/moonsworth/lunar/client/mod/misc/SkyblockMetalDetectorDataGen
com/moonsworth/lunar/client/framework/feature/mod/debug/override/TestCustomGuiOverride	com/moonsworth/lunar/client/mod/misc/TestCustomGuiOverride
com/moonsworth/lunar/client/framework/feature/mod/debug/testcustomguioverlay/testcustomguioverlay/TestCustomGuiOverlay	com/moonsworth/lunar/client/mod/misc/TestCustomGuiOverlay
com/moonsworth/lunar/client/framework/feature/mod/impl/alert/SkyblockCompletedCommissions	com/moonsworth/lunar/client/mod/misc/SkyblockCompletedCommissions
com/moonsworth/lunar/client/framework/feature/mod/impl/alert/SkyblockCrystalHollowsMap	com/moonsworth/lunar/client/mod/render/SkyblockCrystalHollowsMap
com/moonsworth/lunar/client/framework/feature/mod/impl/alert/SkyblockCrystalHollowsMap$HORHROIOIOICIRHIOCOICHHHIHCIIO	com/moonsworth/lunar/client/mod/render/SkyblockCrystalHollowsMap$HORHROIOIOICIRHIOCOICHHHIHCIIO
com/moonsworth/lunar/client/framework/feature/mod/impl/alert/SkyblockDivanAllToolsAlert	com/moonsworth/lunar/client/mod/misc/SkyblockDivanAllToolsAlert
com/moonsworth/lunar/client/framework/feature/mod/impl/alert/SkyblockGemstoneProfit	com/moonsworth/lunar/client/mod/misc/SkyblockGemstoneProfit
com/moonsworth/lunar/client/framework/feature/mod/impl/alert/SkyblockGemstoneProfit$HORHROIOIOICIRHIOCOICHHHIHCIIO	com/moonsworth/lunar/client/mod/misc/SkyblockGemstoneProfit$HORHROIOIOICIRHIOCOICHHHIHCIIO
com/moonsworth/lunar/client/framework/feature/mod/impl/alert/SkyblockGlaciteCommissions	com/moonsworth/lunar/client/mod/misc/SkyblockGlaciteCommissions
com/moonsworth/lunar/client/framework/feature/mod/impl/alert/SkyblockKeyGuardianTimer	com/moonsworth/lunar/client/mod/hud/SkyblockKeyGuardianTimer
com/moonsworth/lunar/client/framework/feature/mod/impl/alert/SkyblockKeyGuardianTimer$HORHROIOIOICIRHIOCOICHHHIHCIIO	com/moonsworth/lunar/client/mod/hud/SkyblockKeyGuardianTimer$HORHROIOIOICIRHIOCOICHHHIHCIIO
com/moonsworth/lunar/client/framework/feature/mod/impl/alert/SkyblockMetalDetector	com/moonsworth/lunar/client/mod/render/SkyblockMetalDetector
com/moonsworth/lunar/client/framework/feature/mod/impl/alert/SkyblockMetalDetector$HORHROIOIOICIRHIOCOICHHHIHCIIO	com/moonsworth/lunar/client/mod/render/SkyblockMetalDetector$HORHROIOIOICIRHIOCOICHHHIHCIIO
com/moonsworth/lunar/client/framework/feature/mod/impl/alert/SkyblockMineshaftCorpseWaypoints	com/moonsworth/lunar/client/mod/render/SkyblockMineshaftCorpseWaypoints
com/moonsworth/lunar/client/framework/feature/mod/impl/alert/SkyblockMiningSpeedBoostAlert	com/moonsworth/lunar/client/mod/misc/SkyblockMiningSpeedBoostAlert
com/moonsworth/lunar/client/framework/feature/mod/impl/alert/SkyblockPickonimbusDurability	com/moonsworth/lunar/client/mod/hud/SkyblockPickonimbusDurability
com/moonsworth/lunar/client/framework/feature/mod/impl/alert/SkyblockPowderTrackerHud	com/moonsworth/lunar/client/mod/hud/SkyblockPowderTrackerHud
com/moonsworth/lunar/client/framework/feature/mod/impl/alert/SkyblockPowderTrackerHud$HORHROIOIOICIRHIOCOICHHHIHCIIO	com/moonsworth/lunar/client/mod/hud/SkyblockPowderTrackerHud$HORHROIOIOICIRHIOCOICHHHIHCIIO
com/moonsworth/lunar/client/framework/feature/mod/impl/alert/SkyblockScathaTrackerHud	com/moonsworth/lunar/client/mod/hud/SkyblockScathaTrackerHud
com/moonsworth/lunar/client/framework/feature/mod/impl/alert/SkyblockScathaTrackerHud$HHRROIIHRRICIIHIIHICRHHRHOHHOO	com/moonsworth/lunar/client/mod/hud/SkyblockScathaTrackerHud$HHRROIIHRRICIIHIIHICRHHRHOHHOO
com/moonsworth/lunar/client/framework/feature/mod/impl/alert/SkyblockScathaTrackerHud$HORHROIOIOICIRHIOCOICHHHIHCIIO	com/moonsworth/lunar/client/mod/hud/SkyblockScathaTrackerHud$HORHROIOIOICIRHIOCOICHHHIHCIIO
com/moonsworth/lunar/client/framework/feature/mod/impl/alert/SkyblockScathaTrackerHud$HRICOROOOCCOCOROCRHHCRRIRCOICO	com/moonsworth/lunar/client/mod/hud/SkyblockScathaTrackerHud$HRICOROOOCCOCOROCRHHCRRIRCOICO
com/moonsworth/lunar/client/framework/feature/mod/impl/alert/SkyblockSkyMallBuffAlert	com/moonsworth/lunar/client/mod/misc/SkyblockSkyMallBuffAlert
com/moonsworth/lunar/client/framework/feature/mod/impl/alert/SkyblockTitaniumSpawnAlert	com/moonsworth/lunar/client/mod/misc/SkyblockTitaniumSpawnAlert
com/moonsworth/lunar/client/framework/feature/mod/impl/alert/SkyblockTreasureChestHelper	com/moonsworth/lunar/client/mod/misc/SkyblockTreasureChestHelper
com/moonsworth/lunar/client/framework/feature/mod/impl/alert/SkyblockTreasureChestHelper$HORHROIOIOICIRHIOCOICHHHIHCIIO	com/moonsworth/lunar/client/mod/misc/SkyblockTreasureChestHelper$HORHROIOIOICIRHIOCOICHHHIHCIIO
com/moonsworth/lunar/client/framework/feature/mod/impl/alert/SkyblockWishingCompass	com/moonsworth/lunar/client/mod/render/SkyblockWishingCompass
com/moonsworth/lunar/client/framework/feature/mod/impl/alert/SkyblockWishingCompass$1	com/moonsworth/lunar/client/mod/render/SkyblockWishingCompass$1
com/moonsworth/lunar/client/framework/feature/mod/impl/alert/SkyblockWishingCompass$HHRROIIHRRICIIHIIHICRHHRHOHHOO	com/moonsworth/lunar/client/mod/render/SkyblockWishingCompass$HHRROIIHRRICIIHIIHICRHHRHOHHOO
com/moonsworth/lunar/client/framework/feature/mod/impl/alert/SkyblockWishingCompass$HORHROIOIOICIRHIOCOICHHHIHCIIO	com/moonsworth/lunar/client/mod/render/SkyblockWishingCompass$HORHROIOIOICIRHIOCOICHHHIHCIIO
com/moonsworth/lunar/client/framework/feature/mod/impl/alert/SkyblockWormScathaAlert	com/moonsworth/lunar/client/mod/misc/SkyblockWormScathaAlert
com/moonsworth/lunar/client/framework/feature/mod/impl/alert/excavation/SkyblockFossilExcavationSolver	com/moonsworth/lunar/client/mod/render/SkyblockFossilExcavationSolver
com/moonsworth/lunar/client/framework/feature/mod/impl/beeheemoth/SkyblockCaughtCrittersHud	com/moonsworth/lunar/client/mod/hud/SkyblockCaughtCrittersHud
com/moonsworth/lunar/client/framework/feature/mod/impl/beeheemoth/SkyblockCaughtCrittersHud$HORHROIOIOICIRHIOCOICHHHIHCIIO	com/moonsworth/lunar/client/mod/hud/SkyblockCaughtCrittersHud$HORHROIOIOICIRHIOCOICHHHIHCIIO
com/moonsworth/lunar/client/framework/feature/mod/impl/beeheemoth/SkyblockForagingBeaconSolver	com/moonsworth/lunar/client/mod/misc/SkyblockForagingBeaconSolver
com/moonsworth/lunar/client/framework/feature/mod/impl/beeheemoth/SkyblockForagingBeaconSolver$HHRROIIHRRICIIHIIHICRHHRHOHHOO	com/moonsworth/lunar/client/mod/misc/SkyblockForagingBeaconSolver$HHRROIIHRRICIIHIIHICRHHRHOHHOO
com/moonsworth/lunar/client/framework/feature/mod/impl/beeheemoth/SkyblockForagingBeaconSolver$HORHROIOIOICIRHIOCOICHHHIHCIIO	com/moonsworth/lunar/client/mod/misc/SkyblockForagingBeaconSolver$HORHROIOIOICIRHIOCOICHHHIHCIIO
com/moonsworth/lunar/client/framework/feature/mod/impl/beeheemoth/SkyblockForagingBeaconSolver$HRICOROOOCCOCOROCRHHCRRIRCOICO	com/moonsworth/lunar/client/mod/misc/SkyblockForagingBeaconSolver$HRICOROOOCCOCOROCRHHCRRIRCOICO
com/moonsworth/lunar/client/framework/feature/mod/impl/beeheemoth/SkyblockForagingBeaconSolver$ICRHORIIHOHROHOHOCOOHOOCOORRHO	com/moonsworth/lunar/client/mod/misc/SkyblockForagingBeaconSolver$ICRHORIIHOHROHOHOCOOHOOCOORRHO
com/moonsworth/lunar/client/framework/feature/mod/impl/beeheemoth/SkyblockGalateaMobHighlight	com/moonsworth/lunar/client/mod/render/SkyblockGalateaMobHighlight
com/moonsworth/lunar/client/framework/feature/mod/impl/beeheemoth/SkyblockLassoHelper	com/moonsworth/lunar/client/mod/misc/SkyblockLassoHelper
com/moonsworth/lunar/client/framework/feature/mod/impl/beeheemoth/SkyblockMuteBeeheemothSounds	com/moonsworth/lunar/client/mod/misc/SkyblockMuteBeeheemothSounds
com/moonsworth/lunar/client/framework/feature/mod/impl/beeheemoth/SkyblockRainbowBellWaypoints	com/moonsworth/lunar/client/mod/render/SkyblockRainbowBellWaypoints
com/moonsworth/lunar/client/framework/feature/mod/impl/beeheemoth/SkyblockRainbowBellWaypoints$1	com/moonsworth/lunar/client/mod/render/SkyblockRainbowBellWaypoints$1
com/moonsworth/lunar/client/framework/feature/mod/impl/beeheemoth/SkyblockSparklingCritterAlert	com/moonsworth/lunar/client/mod/misc/SkyblockSparklingCritterAlert
com/moonsworth/lunar/client/framework/feature/mod/impl/beeheemoth/SkyblockWhisperTrackerHud	com/moonsworth/lunar/client/mod/hud/SkyblockWhisperTrackerHud
com/moonsworth/lunar/client/framework/feature/mod/impl/beeheemoth/SkyblockWhisperTrackerHud$HORHROIOIOICIRHIOCOICHHHIHCIIO	com/moonsworth/lunar/client/mod/hud/SkyblockWhisperTrackerHud$HORHROIOIOICIRHIOCOICHHHIHCIIO
com/moonsworth/lunar/client/framework/feature/mod/impl/burrow/SkyblockBurrowLocating	com/moonsworth/lunar/client/mod/misc/SkyblockBurrowLocating
com/moonsworth/lunar/client/framework/feature/mod/impl/burrow/SkyblockBurrowSharing	com/moonsworth/lunar/client/mod/misc/SkyblockBurrowSharing
com/moonsworth/lunar/client/framework/feature/mod/impl/burrow/SkyblockDianaMobHud	com/moonsworth/lunar/client/mod/hud/SkyblockDianaMobHud
com/moonsworth/lunar/client/framework/feature/mod/impl/burrow/SkyblockDianaMobHud$HORHROIOIOICIRHIOCOICHHHIHCIIO	com/moonsworth/lunar/client/mod/hud/SkyblockDianaMobHud$HORHROIOIOICIRHIOCOICHHHIHCIIO
com/moonsworth/lunar/client/framework/feature/mod/impl/burrow/SkyblockSphinxHelper	com/moonsworth/lunar/client/mod/misc/SkyblockSphinxHelper
com/moonsworth/lunar/client/framework/feature/mod/impl/calculator/ORICHRORRORHORHOIHCRHOORCRRHOI	com/moonsworth/lunar/client/mod/hud/SkyBlockTabWidgetHud
com/moonsworth/lunar/client/framework/feature/mod/impl/calculator/ORICHRORRORHORHOIHCRHOORCRRHOI$1	com/moonsworth/lunar/client/mod/hud/SkyBlockTabWidgetHud$1
com/moonsworth/lunar/client/framework/feature/mod/impl/calculator/ORICHRORRORHORHOIHCRHOORCRRHOI$HORHROIOIOICIRHIOCOICHHHIHCIIO	com/moonsworth/lunar/client/mod/hud/SkyBlockTabWidgetHud$HORHROIOIOICIRHIOCOICHHHIHCIIO
com/moonsworth/lunar/client/framework/feature/mod/impl/calculator/SkyblockCalculatorInSigns	com/moonsworth/lunar/client/mod/misc/SkyblockCalculatorInSigns
com/moonsworth/lunar/client/framework/feature/mod/impl/calculator/SkyblockDamageSplash	com/moonsworth/lunar/client/mod/combat/SkyblockDamageSplash
com/moonsworth/lunar/client/framework/feature/mod/impl/calculator/SkyblockFairySouls	com/moonsworth/lunar/client/mod/misc/SkyblockFairySouls
com/moonsworth/lunar/client/framework/feature/mod/impl/calculator/SkyblockProfileViewer	com/moonsworth/lunar/client/mod/misc/SkyblockProfileViewer
com/moonsworth/lunar/client/framework/feature/mod/impl/calculator/SkyblockProfileViewer$1	com/moonsworth/lunar/client/mod/misc/SkyblockProfileViewer$1
com/moonsworth/lunar/client/framework/feature/mod/impl/calculator/SkyblockProfileViewer$2	com/moonsworth/lunar/client/mod/misc/SkyblockProfileViewer$2
com/moonsworth/lunar/client/framework/feature/mod/impl/calculator/SkyblockProfileViewer$HORHROIOIOICIRHIOCOICHHHIHCIIO	com/moonsworth/lunar/client/mod/misc/SkyblockProfileViewer$HORHROIOIOICIRHIOCOICHHHIHCIIO
com/moonsworth/lunar/client/framework/feature/mod/impl/calculator/SkyblockRaffleTasksHud	com/moonsworth/lunar/client/mod/hud/SkyblockRaffleTasksHud
com/moonsworth/lunar/client/framework/feature/mod/impl/calculator/SkyblockRaffleTasksHud$HORHROIOIOICIRHIOCOICHHHIHCIIO	com/moonsworth/lunar/client/mod/hud/SkyblockRaffleTasksHud$HORHROIOIOICIRHIOCOICHHHIHCIIO
com/moonsworth/lunar/client/framework/feature/mod/impl/calculator/TeamCakeHighlight	com/moonsworth/lunar/client/mod/render/TeamCakeHighlight
com/moonsworth/lunar/client/framework/feature/mod/impl/chat/SkyblockAutoCopyRareDrops	com/moonsworth/lunar/client/mod/misc/SkyblockAutoCopyRareDrops
com/moonsworth/lunar/client/framework/feature/mod/impl/chat/SkyblockChatCommands	com/moonsworth/lunar/client/mod/misc/SkyblockChatCommands
com/moonsworth/lunar/client/framework/feature/mod/impl/chat/SkyblockChatCommands$1	com/moonsworth/lunar/client/mod/misc/SkyblockChatCommands$1
com/moonsworth/lunar/client/framework/feature/mod/impl/chat/SkyblockChatWaypoints	com/moonsworth/lunar/client/mod/render/SkyblockChatWaypoints
com/moonsworth/lunar/client/framework/feature/mod/impl/chat/SkyblockChatWaypoints$HORHROIOIOICIRHIOCOICHHHIHCIIO	com/moonsworth/lunar/client/mod/render/SkyblockChatWaypoints$HORHROIOIOICIRHIOCOICHHHIHCIIO
com/moonsworth/lunar/client/framework/feature/mod/impl/chat/SkyblockSendCoords	com/moonsworth/lunar/client/mod/misc/SkyblockSendCoords
com/moonsworth/lunar/client/framework/feature/mod/impl/chat/SkyblockWebsiteAdblock	com/moonsworth/lunar/client/mod/misc/SkyblockWebsiteAdblock
com/moonsworth/lunar/client/framework/feature/mod/impl/chest/SkyblockAutoRequeue	com/moonsworth/lunar/client/mod/misc/SkyblockAutoRequeue
com/moonsworth/lunar/client/framework/feature/mod/impl/chest/SkyblockChestLooted	com/moonsworth/lunar/client/mod/misc/SkyblockChestLooted
com/moonsworth/lunar/client/framework/feature/mod/impl/chest/SkyblockChestProfit	com/moonsworth/lunar/client/mod/misc/SkyblockChestProfit
com/moonsworth/lunar/client/framework/feature/mod/impl/chest/SkyblockChestProfit$HHRROIIHRRICIIHIIHICRHHRHOHHOO	com/moonsworth/lunar/client/mod/misc/SkyblockChestProfit$HHRROIIHRRICIIHIIHICRHHRHOHHOO
com/moonsworth/lunar/client/framework/feature/mod/impl/chest/SkyblockChestProfit$HORHROIOIOICIRHIOCOICHHHIHCIIO	com/moonsworth/lunar/client/mod/misc/SkyblockChestProfit$HORHROIOIOICIRHIOCOICHHHIHCIIO
com/moonsworth/lunar/client/framework/feature/mod/impl/chest/SkyblockCroesusChests	com/moonsworth/lunar/client/mod/render/SkyblockCroesusChests
com/moonsworth/lunar/client/framework/feature/mod/impl/chest/SkyblockPartyFinder	com/moonsworth/lunar/client/mod/misc/SkyblockPartyFinder
com/moonsworth/lunar/client/framework/feature/mod/impl/chest/SkyblockPartyFinder$HORHROIOIOICIRHIOCOICHHHIHCIIO	com/moonsworth/lunar/client/mod/misc/SkyblockPartyFinder$HORHROIOIOICIRHIOCOICHHHIHCIIO
com/moonsworth/lunar/client/framework/feature/mod/impl/chest/dungeon/DungeonSecretWaypoints	com/moonsworth/lunar/client/mod/render/DungeonSecretWaypoints
com/moonsworth/lunar/client/framework/feature/mod/impl/chest/dungeon/DungeonSecretWaypoints$1	com/moonsworth/lunar/client/mod/render/DungeonSecretWaypoints$1
com/moonsworth/lunar/client/framework/feature/mod/impl/chest/dungeon/DungeonSecretWaypoints$HORHROIOIOICIRHIOCOICHHHIHCIIO	com/moonsworth/lunar/client/mod/render/DungeonSecretWaypoints$HORHROIOIOICIRHIOCOICHHHIHCIIO
com/moonsworth/lunar/client/framework/feature/mod/impl/chest/dungeon/SkyblockCollectedSecret	com/moonsworth/lunar/client/mod/misc/SkyblockCollectedSecret
com/moonsworth/lunar/client/framework/feature/mod/impl/chest/dungeon/SkyblockCriticalDungeonTeammate	com/moonsworth/lunar/client/mod/misc/SkyblockCriticalDungeonTeammate
com/moonsworth/lunar/client/framework/feature/mod/impl/chest/dungeon/SkyblockCriticalDungeonTeammate$HORHROIOIOICIRHIOCOICHHHIHCIIO	com/moonsworth/lunar/client/mod/misc/SkyblockCriticalDungeonTeammate$HORHROIOIOICIRHIOCOICHHHIHCIIO
com/moonsworth/lunar/client/framework/feature/mod/impl/chest/dungeon/SkyblockDungeonBatHelper	com/moonsworth/lunar/client/mod/misc/SkyblockDungeonBatHelper
com/moonsworth/lunar/client/framework/feature/mod/impl/chest/dungeon/SkyblockDungeonBloodCampHelper	com/moonsworth/lunar/client/mod/misc/SkyblockDungeonBloodCampHelper
com/moonsworth/lunar/client/framework/feature/mod/impl/chest/dungeon/SkyblockDungeonBloodCampHelper$HORHROIOIOICIRHIOCOICHHHIHCIIO	com/moonsworth/lunar/client/mod/misc/SkyblockDungeonBloodCampHelper$HORHROIOIOICIRHIOCOICHHHIHCIIO
com/moonsworth/lunar/client/framework/feature/mod/impl/chest/dungeon/SkyblockDungeonBloodNotification	com/moonsworth/lunar/client/mod/misc/SkyblockDungeonBloodNotification
com/moonsworth/lunar/client/framework/feature/mod/impl/chest/dungeon/SkyblockDungeonColors	com/moonsworth/lunar/client/mod/render/SkyblockDungeonColors
com/moonsworth/lunar/client/framework/feature/mod/impl/chest/dungeon/SkyblockDungeonFeedback	com/moonsworth/lunar/client/mod/misc/SkyblockDungeonFeedback
com/moonsworth/lunar/client/framework/feature/mod/impl/chest/dungeon/SkyblockDungeonHighlightDoors	com/moonsworth/lunar/client/mod/render/SkyblockDungeonHighlightDoors
com/moonsworth/lunar/client/framework/feature/mod/impl/chest/dungeon/SkyblockDungeonHighlightDoors$1	com/moonsworth/lunar/client/mod/render/SkyblockDungeonHighlightDoors$1
com/moonsworth/lunar/client/framework/feature/mod/impl/chest/dungeon/SkyblockDungeonHighlightDoors$HORHROIOIOICIRHIOCOICHHHIHCIIO	com/moonsworth/lunar/client/mod/render/SkyblockDungeonHighlightDoors$HORHROIOIOICIRHIOCOICHHHIHCIIO
com/moonsworth/lunar/client/framework/feature/mod/impl/chest/dungeon/SkyblockDungeonNametags	com/moonsworth/lunar/client/mod/render/SkyblockDungeonNametags
com/moonsworth/lunar/client/framework/feature/mod/impl/chest/dungeon/SkyblockDungeonPuzzles	com/moonsworth/lunar/client/mod/misc/SkyblockDungeonPuzzles
com/moonsworth/lunar/client/framework/feature/mod/impl/chest/dungeon/SkyblockDungeonQuality	com/moonsworth/lunar/client/mod/misc/SkyblockDungeonQuality
com/moonsworth/lunar/client/framework/feature/mod/impl/chest/dungeon/SkyblockDungeonRoomNotifications	com/moonsworth/lunar/client/mod/misc/SkyblockDungeonRoomNotifications
com/moonsworth/lunar/client/framework/feature/mod/impl/chest/dungeon/SkyblockDungeonRoutes	com/moonsworth/lunar/client/mod/render/SkyblockDungeonRoutes
com/moonsworth/lunar/client/framework/feature/mod/impl/chest/dungeon/SkyblockDungeonRoutes$1	com/moonsworth/lunar/client/mod/render/SkyblockDungeonRoutes$1
com/moonsworth/lunar/client/framework/feature/mod/impl/chest/dungeon/SkyblockDungeonRoutes$2	com/moonsworth/lunar/client/mod/render/SkyblockDungeonRoutes$2
com/moonsworth/lunar/client/framework/feature/mod/impl/chest/dungeon/SkyblockDungeonScoreAlert	com/moonsworth/lunar/client/mod/misc/SkyblockDungeonScoreAlert
com/moonsworth/lunar/client/framework/feature/mod/impl/chest/dungeon/SkyblockDungeonTeammateHighlight	com/moonsworth/lunar/client/mod/render/SkyblockDungeonTeammateHighlight
com/moonsworth/lunar/client/framework/feature/mod/impl/chest/dungeon/SkyblockDungeonTeammateHighlight$1	com/moonsworth/lunar/client/mod/render/SkyblockDungeonTeammateHighlight$1
com/moonsworth/lunar/client/framework/feature/mod/impl/chest/dungeon/SkyblockFireFreezeTimer	com/moonsworth/lunar/client/mod/hud/SkyblockFireFreezeTimer
com/moonsworth/lunar/client/framework/feature/mod/impl/chest/dungeon/SkyblockGiantHpAtFeet	com/moonsworth/lunar/client/mod/hud/SkyblockGiantHpAtFeet
com/moonsworth/lunar/client/framework/feature/mod/impl/chest/dungeon/SkyblockHealingCircleOverlay	com/moonsworth/lunar/client/mod/render/SkyblockHealingCircleOverlay
com/moonsworth/lunar/client/framework/feature/mod/impl/chest/dungeon/SkyblockHighlightTrashDungeonItems	com/moonsworth/lunar/client/mod/render/SkyblockHighlightTrashDungeonItems
com/moonsworth/lunar/client/framework/feature/mod/impl/chest/dungeon/SkyblockMageBeam	com/moonsworth/lunar/client/mod/render/SkyblockMageBeam
com/moonsworth/lunar/client/framework/feature/mod/impl/chest/dungeon/SkyblockMageBeam$HORHROIOIOICIRHIOCOICHHHIHCIIO	com/moonsworth/lunar/client/mod/render/SkyblockMageBeam$HORHROIOIOICIRHIOCOICHHHIHCIIO
com/moonsworth/lunar/client/framework/feature/mod/impl/chest/dungeon/SkyblockProfessorGuardianHp	com/moonsworth/lunar/client/mod/hud/SkyblockProfessorGuardianHp
com/moonsworth/lunar/client/framework/feature/mod/impl/chest/dungeon/SkyblockSpiritLeapAnnounce	com/moonsworth/lunar/client/mod/misc/SkyblockSpiritLeapAnnounce
com/moonsworth/lunar/client/framework/feature/mod/impl/chest/dungeon/SkyblockTerminalSolvers	com/moonsworth/lunar/client/mod/misc/SkyblockTerminalSolvers
com/moonsworth/lunar/client/framework/feature/mod/impl/chest/dungeon/SkyblockTerminalSolvers$1	com/moonsworth/lunar/client/mod/misc/SkyblockTerminalSolvers$1
com/moonsworth/lunar/client/framework/feature/mod/impl/chest/dungeon/SkyblockTerracottaTimer	com/moonsworth/lunar/client/mod/hud/SkyblockTerracottaTimer
com/moonsworth/lunar/client/framework/feature/mod/impl/chest/dungeon/SkyblockTerracottaTimer$HORHROIOIOICIRHIOCOICHHHIHCIIO	com/moonsworth/lunar/client/mod/hud/SkyblockTerracottaTimer$HORHROIOIOICIRHIOCOICHHHIHCIIO
com/moonsworth/lunar/client/framework/feature/mod/impl/chest/dungeon/SkyblockUnfinishedTerminals	com/moonsworth/lunar/client/mod/misc/SkyblockUnfinishedTerminals
com/moonsworth/lunar/client/framework/feature/mod/impl/chest/dungeon/SkyblockUnfinishedTerminals$HHRROIIHRRICIIHIIHICRHHRHOHHOO	com/moonsworth/lunar/client/mod/misc/SkyblockUnfinishedTerminals$HHRROIIHRRICIIHIIHICRHHRHOHHOO
com/moonsworth/lunar/client/framework/feature/mod/impl/chest/dungeon/SkyblockUnfinishedTerminals$HORHROIOIOICIRHIOCOICHHHIHCIIO	com/moonsworth/lunar/client/mod/misc/SkyblockUnfinishedTerminals$HORHROIOIOICIRHIOCOICHHHIHCIIO
com/moonsworth/lunar/client/framework/feature/mod/impl/chest/dungeon/SpiritLeapOverlay	com/moonsworth/lunar/client/mod/render/SpiritLeapOverlay
com/moonsworth/lunar/client/framework/feature/mod/impl/chest/dungeon/SpiritLeapOverlay$HHRROIIHRRICIIHIIHICRHHRHOHHOO	com/moonsworth/lunar/client/mod/render/SpiritLeapOverlay$HHRROIIHRRICIIHIIHICRHHRHOHHOO
com/moonsworth/lunar/client/framework/feature/mod/impl/chest/dungeon/SpiritLeapOverlay$HORHROIOIOICIRHIOCOICHHHIHCIIO	com/moonsworth/lunar/client/mod/render/SpiritLeapOverlay$HORHROIOIOICIRHIOCOICHHHIHCIIO
com/moonsworth/lunar/client/framework/feature/mod/impl/chest/dungeon/SpiritLeapOverlay$HRICOROOOCCOCOROCRHHCRRIRCOICO	com/moonsworth/lunar/client/mod/render/SpiritLeapOverlay$HRICOROOOCCOCOROCRHHCRRIRCOICO
com/moonsworth/lunar/client/framework/feature/mod/impl/chest/dungeon/StarredMobHighlight	com/moonsworth/lunar/client/mod/render/StarredMobHighlight
com/moonsworth/lunar/client/framework/feature/mod/impl/chest/dungeon/StarredMobHighlight$HORHROIOIOICIRHIOCOICHHHIHCIIO	com/moonsworth/lunar/client/mod/render/StarredMobHighlight$HORHROIOIOICIRHIOCOICHHHIHCIIO
com/moonsworth/lunar/client/framework/feature/mod/impl/chest/dungeon/dungeonwaypoints/DungeonWaypoints	com/moonsworth/lunar/client/mod/render/DungeonWaypoints
com/moonsworth/lunar/client/framework/feature/mod/impl/chest/dungeon/dungeonwaypoints/DungeonWaypoints$HORHROIOIOICIRHIOCOICHHHIHCIIO	com/moonsworth/lunar/client/mod/render/DungeonWaypoints$HORHROIOIOICIRHIOCOICHHHIHCIIO
com/moonsworth/lunar/client/framework/feature/mod/impl/chest/dungeon/ice/SkyblockBoulder	com/moonsworth/lunar/client/mod/misc/SkyblockBoulder
com/moonsworth/lunar/client/framework/feature/mod/impl/chest/dungeon/ice/SkyblockCreeperBeams	com/moonsworth/lunar/client/mod/render/SkyblockCreeperBeams
com/moonsworth/lunar/client/framework/feature/mod/impl/chest/dungeon/ice/SkyblockCreeperBeams$HORHROIOIOICIRHIOCOICHHHIHCIIO	com/moonsworth/lunar/client/mod/render/SkyblockCreeperBeams$HORHROIOIOICIRHIOCOICHHHIHCIIO
com/moonsworth/lunar/client/framework/feature/mod/impl/chest/dungeon/ice/SkyblockHigherLower	com/moonsworth/lunar/client/mod/misc/SkyblockHigherLower
com/moonsworth/lunar/client/framework/feature/mod/impl/chest/dungeon/ice/SkyblockHigherLower$HORHROIOIOICIRHIOCOICHHHIHCIIO	com/moonsworth/lunar/client/mod/misc/SkyblockHigherLower$HORHROIOIOICIRHIOCOICHHHIHCIIO
com/moonsworth/lunar/client/framework/feature/mod/impl/chest/dungeon/ice/SkyblockIceFill	com/moonsworth/lunar/client/mod/misc/SkyblockIceFill
com/moonsworth/lunar/client/framework/feature/mod/impl/chest/dungeon/ice/SkyblockIcePath	com/moonsworth/lunar/client/mod/misc/SkyblockIcePath
com/moonsworth/lunar/client/framework/feature/mod/impl/chest/dungeon/ice/SkyblockIcePath$HORHROIOIOICIRHIOCOICHHHIHCIIO	com/moonsworth/lunar/client/mod/misc/SkyblockIcePath$HORHROIOIOICIRHIOCOICHHHIHCIIO
com/moonsworth/lunar/client/framework/feature/mod/impl/chest/dungeon/ice/SkyblockQuiz	com/moonsworth/lunar/client/mod/misc/SkyblockQuiz
com/moonsworth/lunar/client/framework/feature/mod/impl/chest/dungeon/ice/SkyblockThreeWeirdos	com/moonsworth/lunar/client/mod/misc/SkyblockThreeWeirdos
com/moonsworth/lunar/client/framework/feature/mod/impl/chest/dungeon/ice/SkyblockTicTacToe	com/moonsworth/lunar/client/mod/misc/SkyblockTicTacToe
com/moonsworth/lunar/client/framework/feature/mod/impl/chest/dungeon/ice/SkyblockTicTacToe$1	com/moonsworth/lunar/client/mod/misc/SkyblockTicTacToe$1
com/moonsworth/lunar/client/framework/feature/mod/impl/chest/dungeon/ice/SkyblockTicTacToe$HHRROIIHRRICIIHIIHICRHHRHOHHOO	com/moonsworth/lunar/client/mod/misc/SkyblockTicTacToe$HHRROIIHRRICIIHIIHICRHHRHOHHOO
com/moonsworth/lunar/client/framework/feature/mod/impl/chest/dungeon/ice/SkyblockTicTacToe$HORHROIOIOICIRHIOCOICHHHIHCIIO	com/moonsworth/lunar/client/mod/misc/SkyblockTicTacToe$HORHROIOIOICIRHIOCOICHHHIHCIIO
com/moonsworth/lunar/client/framework/feature/mod/impl/chest/dungeon/ice/SkyblockTicTacToe$HRICOROOOCCOCOROCRHHCRRIRCOICO	com/moonsworth/lunar/client/mod/misc/SkyblockTicTacToe$HRICOROOOCCOCOROCRHHCRRIRCOICO
com/moonsworth/lunar/client/framework/feature/mod/impl/chest/dungeon/ice/SkyblockTpMaze	com/moonsworth/lunar/client/mod/misc/SkyblockTpMaze
com/moonsworth/lunar/client/framework/feature/mod/impl/chest/dungeon/ice/SkyblockWaterRoom	com/moonsworth/lunar/client/mod/misc/SkyblockWaterRoom
com/moonsworth/lunar/client/framework/feature/mod/impl/chest/dungeon/ice/SkyblockWaterRoom$HORHROIOIOICIRHIOCOICHHHIHCIIO	com/moonsworth/lunar/client/mod/misc/SkyblockWaterRoom$HORHROIOIOICIRHIOCOICHHHIHCIIO
com/moonsworth/lunar/client/framework/feature/mod/impl/chest/dungeon/practice/SkyblockArrowAlign	com/moonsworth/lunar/client/mod/misc/SkyblockArrowAlign
com/moonsworth/lunar/client/framework/feature/mod/impl/chest/dungeon/practice/SkyblockArrowAlign$1	com/moonsworth/lunar/client/mod/misc/SkyblockArrowAlign$1
com/moonsworth/lunar/client/framework/feature/mod/impl/chest/dungeon/practice/SkyblockArrowAlign$HHRROIIHRRICIIHIIHICRHHRHOHHOO	com/moonsworth/lunar/client/mod/misc/SkyblockArrowAlign$HHRROIIHRRICIIHIIHICRHHRHOHHOO
com/moonsworth/lunar/client/framework/feature/mod/impl/chest/dungeon/practice/SkyblockArrowAlign$HORHROIOIOICIRHIOCOICHHHIHCIIO	com/moonsworth/lunar/client/mod/misc/SkyblockArrowAlign$HORHROIOIOICIRHIOCOICHHHIHCIIO
com/moonsworth/lunar/client/framework/feature/mod/impl/chest/dungeon/practice/SkyblockClickInOrder	com/moonsworth/lunar/client/mod/misc/SkyblockClickInOrder
com/moonsworth/lunar/client/framework/feature/mod/impl/chest/dungeon/practice/SkyblockFirstLetter	com/moonsworth/lunar/client/mod/misc/SkyblockFirstLetter
com/moonsworth/lunar/client/framework/feature/mod/impl/chest/dungeon/practice/SkyblockMatchColors	com/moonsworth/lunar/client/mod/misc/SkyblockMatchColors
com/moonsworth/lunar/client/framework/feature/mod/impl/chest/dungeon/practice/SkyblockMatchColors$1	com/moonsworth/lunar/client/mod/misc/SkyblockMatchColors$1
com/moonsworth/lunar/client/framework/feature/mod/impl/chest/dungeon/practice/SkyblockMatchColors$HORHROIOIOICIRHIOCOICHHHIHCIIO	com/moonsworth/lunar/client/mod/misc/SkyblockMatchColors$HORHROIOIOICIRHIOCOICHHHIHCIIO
com/moonsworth/lunar/client/framework/feature/mod/impl/chest/dungeon/practice/SkyblockSelectColor	com/moonsworth/lunar/client/mod/misc/SkyblockSelectColor
com/moonsworth/lunar/client/framework/feature/mod/impl/chest/dungeon/practice/SkyblockSimonSays	com/moonsworth/lunar/client/mod/misc/SkyblockSimonSays
com/moonsworth/lunar/client/framework/feature/mod/impl/chest/dungeon/practice/SkyblockTargetPractice	com/moonsworth/lunar/client/mod/misc/SkyblockTargetPractice
com/moonsworth/lunar/client/framework/feature/mod/impl/chest/dungeon/practice/SkyblockTerminalSplits	com/moonsworth/lunar/client/mod/misc/SkyblockTerminalSplits
com/moonsworth/lunar/client/framework/feature/mod/impl/chest/kuudra/SkyblockKuudra	com/moonsworth/lunar/client/mod/misc/SkyblockKuudra
com/moonsworth/lunar/client/framework/feature/mod/impl/chest/kuudra/SkyblockKuudra$HORHROIOIOICIRHIOCOICHHHIHCIIO	com/moonsworth/lunar/client/mod/misc/SkyblockKuudra$HORHROIOIOICIRHIOCOICHHHIHCIIO
com/moonsworth/lunar/client/framework/feature/mod/impl/chest/kuudra/SkyblockKuudraAlerts	com/moonsworth/lunar/client/mod/misc/SkyblockKuudraAlerts
com/moonsworth/lunar/client/framework/feature/mod/impl/chest/kuudra/SkyblockKuudraHealth	com/moonsworth/lunar/client/mod/misc/SkyblockKuudraHealth
com/moonsworth/lunar/client/framework/feature/mod/impl/chest/kuudra/SkyblockKuudraWaypoints	com/moonsworth/lunar/client/mod/render/SkyblockKuudraWaypoints
com/moonsworth/lunar/client/framework/feature/mod/impl/chest/kuudra/SkyblockKuudraWaypoints$1	com/moonsworth/lunar/client/mod/render/SkyblockKuudraWaypoints$1
com/moonsworth/lunar/client/framework/feature/mod/impl/chest/kuudra/SkyblockKuudraWaypoints$HORHROIOIOICIRHIOCOICHHHIHCIIO	com/moonsworth/lunar/client/mod/render/SkyblockKuudraWaypoints$HORHROIOIOICIRHIOCOICHHHIHCIIO
com/moonsworth/lunar/client/framework/feature/mod/impl/click/SkyblockArmorDyeColor	com/moonsworth/lunar/client/mod/render/SkyblockArmorDyeColor
com/moonsworth/lunar/client/framework/feature/mod/impl/click/SkyblockArrowPoisonHud	com/moonsworth/lunar/client/mod/hud/SkyblockArrowPoisonHud
com/moonsworth/lunar/client/framework/feature/mod/impl/click/SkyblockArrowPoisonHud$HORHROIOIOICIRHIOCOICHHHIHCIIO	com/moonsworth/lunar/client/mod/hud/SkyblockArrowPoisonHud$HORHROIOIOICIRHIOCOICHHHIHCIIO
com/moonsworth/lunar/client/framework/feature/mod/impl/click/SkyblockBitsShopHelper	com/moonsworth/lunar/client/mod/misc/SkyblockBitsShopHelper
com/moonsworth/lunar/client/framework/feature/mod/impl/click/SkyblockBitsShopHelper$1	com/moonsworth/lunar/client/mod/misc/SkyblockBitsShopHelper$1
com/moonsworth/lunar/client/framework/feature/mod/impl/click/SkyblockBitsShopHelper$HORHROIOIOICIRHIOCOICHHHIHCIIO	com/moonsworth/lunar/client/mod/misc/SkyblockBitsShopHelper$HORHROIOIOICIRHIOCOICHHHIHCIIO
com/moonsworth/lunar/client/framework/feature/mod/impl/click/SkyblockCreationDate	com/moonsworth/lunar/client/mod/misc/SkyblockCreationDate
com/moonsworth/lunar/client/framework/feature/mod/impl/click/SkyblockCustomMenuClick	com/moonsworth/lunar/client/mod/misc/SkyblockCustomMenuClick
com/moonsworth/lunar/client/framework/feature/mod/impl/click/SkyblockEnchantDisplay	com/moonsworth/lunar/client/mod/render/SkyblockEnchantDisplay
com/moonsworth/lunar/client/framework/feature/mod/impl/click/SkyblockEnhancedMinionMenu	com/moonsworth/lunar/client/mod/misc/SkyblockEnhancedMinionMenu
com/moonsworth/lunar/client/framework/feature/mod/impl/click/SkyblockHideExCoops	com/moonsworth/lunar/client/mod/player/SkyblockHideExCoops
com/moonsworth/lunar/client/framework/feature/mod/impl/click/SkyblockHighlightFilledBzOrders	com/moonsworth/lunar/client/mod/render/SkyblockHighlightFilledBzOrders
com/moonsworth/lunar/client/framework/feature/mod/impl/click/SkyblockInventoryButtons	com/moonsworth/lunar/client/mod/player/SkyblockInventoryButtons
com/moonsworth/lunar/client/framework/feature/mod/impl/click/SkyblockItemIdLore	com/moonsworth/lunar/client/mod/misc/SkyblockItemIdLore
com/moonsworth/lunar/client/framework/feature/mod/impl/click/SkyblockMiddleClickGui	com/moonsworth/lunar/client/mod/misc/SkyblockMiddleClickGui
com/moonsworth/lunar/client/framework/feature/mod/impl/click/SkyblockPriceInLore	com/moonsworth/lunar/client/mod/misc/SkyblockPriceInLore
com/moonsworth/lunar/client/framework/feature/mod/impl/click/SkyblockProtectItem	com/moonsworth/lunar/client/mod/misc/SkyblockProtectItem
com/moonsworth/lunar/client/framework/feature/mod/impl/click/SkyblockProtectItem$HORHROIOIOICIRHIOCOICHHHIHCIIO	com/moonsworth/lunar/client/mod/misc/SkyblockProtectItem$HORHROIOIOICIRHIOCOICHHHIHCIIO
com/moonsworth/lunar/client/framework/feature/mod/impl/click/SkyblockQuiverHud	com/moonsworth/lunar/client/mod/hud/SkyblockQuiverHud
com/moonsworth/lunar/client/framework/feature/mod/impl/click/SkyblockQuiverHud$HORHROIOIOICIRHIOCOICHHHIHCIIO	com/moonsworth/lunar/client/mod/hud/SkyblockQuiverHud$HORHROIOIOICIRHIOCOICHHHIHCIIO
com/moonsworth/lunar/client/framework/feature/mod/impl/click/SkyblockRarityBackground	com/moonsworth/lunar/client/mod/misc/SkyblockRarityBackground
com/moonsworth/lunar/client/framework/feature/mod/impl/click/SkyblockRarityBackground$1	com/moonsworth/lunar/client/mod/misc/SkyblockRarityBackground$1
com/moonsworth/lunar/client/framework/feature/mod/impl/click/SkyblockSkymartHelper	com/moonsworth/lunar/client/mod/misc/SkyblockSkymartHelper
com/moonsworth/lunar/client/framework/feature/mod/impl/click/SkyblockSkymartHelper$1	com/moonsworth/lunar/client/mod/misc/SkyblockSkymartHelper$1
com/moonsworth/lunar/client/framework/feature/mod/impl/click/SkyblockSkymartHelper$HORHROIOIOICIRHIOCOICHHHIHCIIO	com/moonsworth/lunar/client/mod/misc/SkyblockSkymartHelper$HORHROIOIOICIRHIOCOICHHHIHCIIO
com/moonsworth/lunar/client/framework/feature/mod/impl/click/SkyblockStackingEnchants	com/moonsworth/lunar/client/mod/misc/SkyblockStackingEnchants
com/moonsworth/lunar/client/framework/feature/mod/impl/click/SkyblockStackingEnchants$1	com/moonsworth/lunar/client/mod/misc/SkyblockStackingEnchants$1
com/moonsworth/lunar/client/framework/feature/mod/impl/click/SkyblockStackingEnchants$HHRROIIHRRICIIHIIHICRHHRHOHHOO	com/moonsworth/lunar/client/mod/misc/SkyblockStackingEnchants$HHRROIIHRRICIIHIIHICRHHRHOHHOO
com/moonsworth/lunar/client/framework/feature/mod/impl/click/SkyblockStackingEnchants$HORHROIOIOICIRHIOCOICHHHIHCIIO	com/moonsworth/lunar/client/mod/misc/SkyblockStackingEnchants$HORHROIOIOICIRHIOCOICHHHIHCIIO
com/moonsworth/lunar/client/framework/feature/mod/impl/click/SkyblockStorageHoverPreview	com/moonsworth/lunar/client/mod/render/SkyblockStorageHoverPreview
com/moonsworth/lunar/client/framework/feature/mod/impl/click/SkyblockStorageHoverPreview$1	com/moonsworth/lunar/client/mod/render/SkyblockStorageHoverPreview$1
com/moonsworth/lunar/client/framework/feature/mod/impl/click/SkyblockStorageHoverPreview$HHRROIIHRRICIIHIIHICRHHRHOHHOO	com/moonsworth/lunar/client/mod/render/SkyblockStorageHoverPreview$HHRROIIHRRICIIHIIHICRHHRHOHHOO
com/moonsworth/lunar/client/framework/feature/mod/impl/click/SkyblockStorageHoverPreview$HORHROIOIOICIRHIOCOICHHHIHCIIO	com/moonsworth/lunar/client/mod/render/SkyblockStorageHoverPreview$HORHROIOIOICIRHIOCOICHHHIHCIIO
com/moonsworth/lunar/client/framework/feature/mod/impl/click/SkyblockWardrobeHotkeys	com/moonsworth/lunar/client/mod/player/SkyblockWardrobeHotkeys
com/moonsworth/lunar/client/framework/feature/mod/impl/click/SkyblockWardrobeHotkeys$1	com/moonsworth/lunar/client/mod/player/SkyblockWardrobeHotkeys$1
com/moonsworth/lunar/client/framework/feature/mod/impl/click/SkyblockWardrobeHotkeys$HORHROIOIOICIRHIOCOICHHHIHCIIO	com/moonsworth/lunar/client/mod/player/SkyblockWardrobeHotkeys$HORHROIOIOICIRHIOCOICHHHIHCIIO
com/moonsworth/lunar/client/framework/feature/mod/impl/click/TiersAsStackSize	com/moonsworth/lunar/client/mod/render/TiersAsStackSize
com/moonsworth/lunar/client/framework/feature/mod/impl/click/TiersAsStackSize$1	com/moonsworth/lunar/client/mod/render/TiersAsStackSize$1
com/moonsworth/lunar/client/framework/feature/mod/impl/click/TiersAsStackSize$HORHROIOIOICIRHIOCOICHHHIHCIIO	com/moonsworth/lunar/client/mod/render/TiersAsStackSize$HORHROIOIOICIRHIOCOICHHHIHCIIO
com/moonsworth/lunar/client/framework/feature/mod/impl/click/storageoverlay/StorageOverlay	com/moonsworth/lunar/client/mod/render/StorageOverlay
com/moonsworth/lunar/client/framework/feature/mod/impl/fishing/SkyblockFishingBaitHud	com/moonsworth/lunar/client/mod/hud/SkyblockFishingBaitHud
com/moonsworth/lunar/client/framework/feature/mod/impl/fishing/SkyblockFishingBaitHud$HHRROIIHRRICIIHIIHICRHHRHOHHOO	com/moonsworth/lunar/client/mod/hud/SkyblockFishingBaitHud$HHRROIIHRRICIIHIIHICRHHRHOHHOO
com/moonsworth/lunar/client/framework/feature/mod/impl/fishing/SkyblockFishingBaitHud$HORHROIOIOICIRHIOCOICHHHIHCIIO	com/moonsworth/lunar/client/mod/hud/SkyblockFishingBaitHud$HORHROIOIOICIRHIOCOICHHHIHCIIO
com/moonsworth/lunar/client/framework/feature/mod/impl/fishing/SkyblockFishingCircleOverlay	com/moonsworth/lunar/client/mod/render/SkyblockFishingCircleOverlay
com/moonsworth/lunar/client/framework/feature/mod/impl/fishing/SkyblockFishingCircleOverlay$1	com/moonsworth/lunar/client/mod/render/SkyblockFishingCircleOverlay$1
com/moonsworth/lunar/client/framework/feature/mod/impl/fishing/SkyblockFishingCircleOverlay$HORHROIOIOICIRHIOCOICHHHIHCIIO	com/moonsworth/lunar/client/mod/render/SkyblockFishingCircleOverlay$HORHROIOIOICIRHIOCOICHHHIHCIIO
com/moonsworth/lunar/client/framework/feature/mod/impl/fishing/SkyblockFishingHidePlayers	com/moonsworth/lunar/client/mod/player/SkyblockFishingHidePlayers
com/moonsworth/lunar/client/framework/feature/mod/impl/fishing/SkyblockFishingHotspotLocator	com/moonsworth/lunar/client/mod/render/SkyblockFishingHotspotLocator
com/moonsworth/lunar/client/framework/feature/mod/impl/fishing/SkyblockFishingHotspotLocator$HORHROIOIOICIRHIOCOICHHHIHCIIO	com/moonsworth/lunar/client/mod/render/SkyblockFishingHotspotLocator$HORHROIOIOICIRHIOCOICHHHIHCIIO
com/moonsworth/lunar/client/framework/feature/mod/impl/fishing/SkyblockFishingInfoHud	com/moonsworth/lunar/client/mod/hud/SkyblockFishingInfoHud
com/moonsworth/lunar/client/framework/feature/mod/impl/fishing/SkyblockFishingInfoHud$1	com/moonsworth/lunar/client/mod/hud/SkyblockFishingInfoHud$1
com/moonsworth/lunar/client/framework/feature/mod/impl/fishing/SkyblockFishingInfoHud$HORHROIOIOICIRHIOCOICHHHIHCIIO	com/moonsworth/lunar/client/mod/hud/SkyblockFishingInfoHud$HORHROIOIOICIRHIOCOICHHHIHCIIO
com/moonsworth/lunar/client/framework/feature/mod/impl/fishing/SkyblockFishingMarker	com/moonsworth/lunar/client/mod/render/SkyblockFishingMarker
com/moonsworth/lunar/client/framework/feature/mod/impl/fishing/SkyblockFishingMarker$1	com/moonsworth/lunar/client/mod/render/SkyblockFishingMarker$1
com/moonsworth/lunar/client/framework/feature/mod/impl/fishing/SkyblockFishingMarker$HORHROIOIOICIRHIOCOICHHHIHCIIO	com/moonsworth/lunar/client/mod/render/SkyblockFishingMarker$HORHROIOIOICIRHIOCOICHHHIHCIIO
com/moonsworth/lunar/client/framework/feature/mod/impl/fishing/SkyblockFishingReelTimerHud	com/moonsworth/lunar/client/mod/hud/SkyblockFishingReelTimerHud
com/moonsworth/lunar/client/framework/feature/mod/impl/fishing/SkyblockFishingReelTimerHud$HORHROIOIOICIRHIOCOICHHHIHCIIO	com/moonsworth/lunar/client/mod/hud/SkyblockFishingReelTimerHud$HORHROIOIOICIRHIOCOICHHHIHCIIO
com/moonsworth/lunar/client/framework/feature/mod/impl/fishing/SkyblockHideChumBuckets	com/moonsworth/lunar/client/mod/player/SkyblockHideChumBuckets
com/moonsworth/lunar/client/framework/feature/mod/impl/fishing/SkyblockHideChumBuckets$HORHROIOIOICIRHIOCOICHHHIHCIIO	com/moonsworth/lunar/client/mod/player/SkyblockHideChumBuckets$HORHROIOIOICIRHIOCOICHHHIHCIIO
com/moonsworth/lunar/client/framework/feature/mod/impl/fishing/SkyblockReplaceLavaTexture	com/moonsworth/lunar/client/mod/render/SkyblockReplaceLavaTexture
com/moonsworth/lunar/client/framework/feature/mod/impl/fishing/SkyblockSeaCreatureAlert	com/moonsworth/lunar/client/mod/misc/SkyblockSeaCreatureAlert
com/moonsworth/lunar/client/framework/feature/mod/impl/fishing/SkyblockSeaCreatureAlert$HORHROIOIOICIRHIOCOICHHHIHCIIO	com/moonsworth/lunar/client/mod/misc/SkyblockSeaCreatureAlert$HORHROIOIOICIRHIOCOICHHHIHCIIO
com/moonsworth/lunar/client/framework/feature/mod/impl/fishing/SkyblockSeaCreatureMessages	com/moonsworth/lunar/client/mod/misc/SkyblockSeaCreatureMessages
com/moonsworth/lunar/client/framework/feature/mod/impl/fishing/SkyblockSpiderDenRainHud	com/moonsworth/lunar/client/mod/hud/SkyblockSpiderDenRainHud
com/moonsworth/lunar/client/framework/feature/mod/impl/fishing/SkyblockSpiderDenRainHud$1	com/moonsworth/lunar/client/mod/hud/SkyblockSpiderDenRainHud$1
com/moonsworth/lunar/client/framework/feature/mod/impl/fishing/SkyblockSpiderDenRainHud$HHRROIIHRRICIIHIIHICRHHRHOHHOO	com/moonsworth/lunar/client/mod/hud/SkyblockSpiderDenRainHud$HHRROIIHRRICIIHIIHICRHHRHOHHOO
com/moonsworth/lunar/client/framework/feature/mod/impl/fishing/SkyblockSpiderDenRainHud$HORHROIOIOICIRHIOCOICHHHIHCIIO	com/moonsworth/lunar/client/mod/hud/SkyblockSpiderDenRainHud$HORHROIOIOICIRHIOCOICHHHIHCIIO
com/moonsworth/lunar/client/framework/feature/mod/impl/fishing/SkyblockTrophyFishExchangeRate	com/moonsworth/lunar/client/mod/misc/SkyblockTrophyFishExchangeRate
com/moonsworth/lunar/client/framework/feature/mod/impl/fishing/SkyblockTrophyFishExchangeRate$1	com/moonsworth/lunar/client/mod/misc/SkyblockTrophyFishExchangeRate$1
com/moonsworth/lunar/client/framework/feature/mod/impl/fishing/SkyblockTrophyFishExchangeRate$HHRROIIHRRICIIHIIHICRHHRHOHHOO	com/moonsworth/lunar/client/mod/misc/SkyblockTrophyFishExchangeRate$HHRROIIHRRICIIHIIHICRHHRHOHHOO
com/moonsworth/lunar/client/framework/feature/mod/impl/fishing/SkyblockTrophyFishExchangeRate$HORHROIOIOICIRHIOCOICHHHIHCIIO	com/moonsworth/lunar/client/mod/misc/SkyblockTrophyFishExchangeRate$HORHROIOIOICIRHIOCOICHHHIHCIIO
com/moonsworth/lunar/client/framework/feature/mod/impl/fishing/SkyblockTrophyFishExchangeRate$HRICOROOOCCOCOROCRHHCRRIRCOICO	com/moonsworth/lunar/client/mod/misc/SkyblockTrophyFishExchangeRate$HRICOROOOCCOCOROCRHHCRRIRCOICO
com/moonsworth/lunar/client/framework/feature/mod/impl/gui/SkyblockDefHud	com/moonsworth/lunar/client/mod/hud/SkyblockDefHud
com/moonsworth/lunar/client/framework/feature/mod/impl/gui/SkyblockHealthHud	com/moonsworth/lunar/client/mod/hud/SkyblockHealthHud
com/moonsworth/lunar/client/framework/feature/mod/impl/gui/SkyblockKuudraArmorStacksHud	com/moonsworth/lunar/client/mod/hud/SkyblockKuudraArmorStacksHud
com/moonsworth/lunar/client/framework/feature/mod/impl/gui/SkyblockManaHud	com/moonsworth/lunar/client/mod/hud/SkyblockManaHud
com/moonsworth/lunar/client/framework/feature/mod/impl/gui/SkyblockSpeedHud	com/moonsworth/lunar/client/mod/hud/SkyblockSpeedHud
com/moonsworth/lunar/client/framework/feature/mod/impl/gui/SkyblockSpeedHud$HORHROIOIOICIRHIOCOICHHHIHCIIO	com/moonsworth/lunar/client/mod/hud/SkyblockSpeedHud$HORHROIOIOICIRHIOCOICHHHIHCIIO
com/moonsworth/lunar/client/framework/feature/mod/impl/gui/SkyblockVitalityHud	com/moonsworth/lunar/client/mod/hud/SkyblockVitalityHud
com/moonsworth/lunar/client/framework/feature/mod/impl/gui2/SkyblockAngleHud	com/moonsworth/lunar/client/mod/hud/SkyblockAngleHud
com/moonsworth/lunar/client/framework/feature/mod/impl/gui2/SkyblockAngleHud$HORHROIOIOICIRHIOCOICHHHIHCIIO	com/moonsworth/lunar/client/mod/hud/SkyblockAngleHud$HORHROIOIOICIRHIOCOICHHHIHCIIO
com/moonsworth/lunar/client/framework/feature/mod/impl/gui2/SkyblockComposterHud	com/moonsworth/lunar/client/mod/hud/SkyblockComposterHud
com/moonsworth/lunar/client/framework/feature/mod/impl/gui2/SkyblockComposterHud$HORHROIOIOICIRHIOCOICHHHIHCIIO	com/moonsworth/lunar/client/mod/hud/SkyblockComposterHud$HORHROIOIOICIRHIOCOICHHHIHCIIO
com/moonsworth/lunar/client/framework/feature/mod/impl/gui2/SkyblockCropTrackerHud	com/moonsworth/lunar/client/mod/hud/SkyblockCropTrackerHud
com/moonsworth/lunar/client/framework/feature/mod/impl/gui2/SkyblockCropTrackerHud$HHRROIIHRRICIIHIIHICRHHRHOHHOO	com/moonsworth/lunar/client/mod/hud/SkyblockCropTrackerHud$HHRROIIHRRICIIHIIHICRHHRHOHHOO
com/moonsworth/lunar/client/framework/feature/mod/impl/gui2/SkyblockCropTrackerHud$HORHROIOIOICIRHIOCOICHHHIHCIIO	com/moonsworth/lunar/client/mod/hud/SkyblockCropTrackerHud$HORHROIOIOICIRHIOCOICHHHIHCIIO
com/moonsworth/lunar/client/framework/feature/mod/impl/gui2/SkyblockDnaAnalyzerSolver	com/moonsworth/lunar/client/mod/misc/SkyblockDnaAnalyzerSolver
com/moonsworth/lunar/client/framework/feature/mod/impl/gui2/SkyblockFarmingHud	com/moonsworth/lunar/client/mod/hud/SkyblockFarmingHud
com/moonsworth/lunar/client/framework/feature/mod/impl/gui2/SkyblockFarmingHud$HHRROIIHRRICIIHIIHICRHHRHOHHOO	com/moonsworth/lunar/client/mod/hud/SkyblockFarmingHud$HHRROIIHRRICIIHIIHICRHHRHOHHOO
com/moonsworth/lunar/client/framework/feature/mod/impl/gui2/SkyblockFarmingHud$HORHROIOIOICIRHIOCOICHHHIHCIIO	com/moonsworth/lunar/client/mod/hud/SkyblockFarmingHud$HORHROIOIOICIRHIOCOICHHHIHCIIO
com/moonsworth/lunar/client/framework/feature/mod/impl/gui2/SkyblockFarmingHud$HRICOROOOCCOCOROCRHHCRRIRCOICO	com/moonsworth/lunar/client/mod/hud/SkyblockFarmingHud$HRICOROOOCCOCOROCRHHCRRIRCOICO
com/moonsworth/lunar/client/framework/feature/mod/impl/gui2/SkyblockFarmingToolCropIcon	com/moonsworth/lunar/client/mod/render/SkyblockFarmingToolCropIcon
com/moonsworth/lunar/client/framework/feature/mod/impl/gui2/SkyblockFarmingToolCropIcon$1	com/moonsworth/lunar/client/mod/render/SkyblockFarmingToolCropIcon$1
com/moonsworth/lunar/client/framework/feature/mod/impl/gui2/SkyblockGardenPests	com/moonsworth/lunar/client/mod/misc/SkyblockGardenPests
com/moonsworth/lunar/client/framework/feature/mod/impl/gui2/SkyblockGardenPests$1	com/moonsworth/lunar/client/mod/misc/SkyblockGardenPests$1
com/moonsworth/lunar/client/framework/feature/mod/impl/gui2/SkyblockGardenPests$HORHROIOIOICIRHIOCOICHHHIHCIIO	com/moonsworth/lunar/client/mod/misc/SkyblockGardenPests$HORHROIOIOICIRHIOCOICHHHIHCIIO
com/moonsworth/lunar/client/framework/feature/mod/impl/gui2/SkyblockGlowingMushroomHighlight	com/moonsworth/lunar/client/mod/render/SkyblockGlowingMushroomHighlight
com/moonsworth/lunar/client/framework/feature/mod/impl/gui2/SkyblockHarvestFeastTrackerHud	com/moonsworth/lunar/client/mod/hud/SkyblockHarvestFeastTrackerHud
com/moonsworth/lunar/client/framework/feature/mod/impl/gui2/SkyblockHarvestFeastTrackerHud$HHRROIIHRRICIIHIIHICRHHRHOHHOO	com/moonsworth/lunar/client/mod/hud/SkyblockHarvestFeastTrackerHud$HHRROIIHRRICIIHIIHICRHHRHOHHOO
com/moonsworth/lunar/client/framework/feature/mod/impl/gui2/SkyblockHarvestFeastTrackerHud$HORHROIOIOICIRHIOCOICHHHIHCIIO	com/moonsworth/lunar/client/mod/hud/SkyblockHarvestFeastTrackerHud$HORHROIOIOICIRHIOCOICHHHIHCIIO
com/moonsworth/lunar/client/framework/feature/mod/impl/gui2/SkyblockHarvestFeastTrackerHud$HRICOROOOCCOCOROCRHHCRRIRCOICO	com/moonsworth/lunar/client/mod/hud/SkyblockHarvestFeastTrackerHud$HRICOROOOCCOCOROCRHHCRRIRCOICO
com/moonsworth/lunar/client/framework/feature/mod/impl/gui2/SkyblockLockMouse	com/moonsworth/lunar/client/mod/player/SkyblockLockMouse
com/moonsworth/lunar/client/framework/feature/mod/impl/gui2/SkyblockLockMouse$HORHROIOIOICIRHIOCOICHHHIHCIIO	com/moonsworth/lunar/client/mod/player/SkyblockLockMouse$HORHROIOIOICIRHIOCOICHHHIHCIIO
com/moonsworth/lunar/client/framework/feature/mod/impl/gui2/SkyblockVisitorAlert	com/moonsworth/lunar/client/mod/misc/SkyblockVisitorAlert
com/moonsworth/lunar/client/framework/feature/mod/impl/gui2/SkyblockVisitorBazaarHelper	com/moonsworth/lunar/client/mod/misc/SkyblockVisitorBazaarHelper
com/moonsworth/lunar/client/framework/feature/mod/impl/gui2/SkyblockVisitorHud	com/moonsworth/lunar/client/mod/hud/SkyblockVisitorHud
com/moonsworth/lunar/client/framework/feature/mod/impl/gui2/SkyblockVisitorHud$HORHROIOIOICIRHIOCOICHHHIHCIIO	com/moonsworth/lunar/client/mod/hud/SkyblockVisitorHud$HORHROIOIOICIRHIOCOICHHHIHCIIO
com/moonsworth/lunar/client/framework/feature/mod/impl/gui2/SkyblockVisitorProfit	com/moonsworth/lunar/client/mod/misc/SkyblockVisitorProfit
com/moonsworth/lunar/client/framework/feature/mod/impl/gui2/SkyblockVisitorProfit$HHRROIIHRRICIIHIIHICRHHRHOHHOO	com/moonsworth/lunar/client/mod/misc/SkyblockVisitorProfit$HHRROIIHRRICIIHIIHICRHHRHOHHOO
com/moonsworth/lunar/client/framework/feature/mod/impl/gui2/SkyblockVisitorProfit$HORHROIOIOICIRHIOCOICHHHIHCIIO	com/moonsworth/lunar/client/mod/misc/SkyblockVisitorProfit$HORHROIOIOICIRHIOCOICHHHIHCIIO
com/moonsworth/lunar/client/framework/feature/mod/impl/gui2/SkyblockVisitorShoppingListHud	com/moonsworth/lunar/client/mod/hud/SkyblockVisitorShoppingListHud
com/moonsworth/lunar/client/framework/feature/mod/impl/gui2/SkyblockVisitorShoppingListHud$1	com/moonsworth/lunar/client/mod/hud/SkyblockVisitorShoppingListHud$1
com/moonsworth/lunar/client/framework/feature/mod/impl/gui2/SkyblockVisitorShoppingListHud$HHRROIIHRRICIIHIIHICRHHRHOHHOO	com/moonsworth/lunar/client/mod/hud/SkyblockVisitorShoppingListHud$HHRROIIHRRICIIHIIHICRHHRHOHHOO
com/moonsworth/lunar/client/framework/feature/mod/impl/gui2/SkyblockVisitorShoppingListHud$HORHROIOIOICIRHIOCOICHHHIHCIIO	com/moonsworth/lunar/client/mod/hud/SkyblockVisitorShoppingListHud$HORHROIOIOICIRHIOCOICHHHIHCIIO
com/moonsworth/lunar/client/framework/feature/mod/impl/gui2/SkyblockVisitorTrackerHud	com/moonsworth/lunar/client/mod/hud/SkyblockVisitorTrackerHud
com/moonsworth/lunar/client/framework/feature/mod/impl/gui2/SkyblockVisitorTrackerHud$HHRROIIHRRICIIHIIHICRHHRHOHHOO	com/moonsworth/lunar/client/mod/hud/SkyblockVisitorTrackerHud$HHRROIIHRRICIIHIIHICRHHRHOHHOO
com/moonsworth/lunar/client/framework/feature/mod/impl/gui2/SkyblockVisitorTrackerHud$HORHROIOIOICIRHIOCOICHHHIHCIIO	com/moonsworth/lunar/client/mod/hud/SkyblockVisitorTrackerHud$HORHROIOIOICIRHIOCOICHHHIHCIIO
com/moonsworth/lunar/client/framework/feature/mod/impl/gui3/BettermapPrimary	com/moonsworth/lunar/client/mod/render/BettermapPrimary
com/moonsworth/lunar/client/framework/feature/mod/impl/gui3/BettermapSecondary	com/moonsworth/lunar/client/mod/render/BettermapSecondary
com/moonsworth/lunar/client/framework/feature/mod/impl/gui3/SkyblockDeathCounterHud	com/moonsworth/lunar/client/mod/hud/SkyblockDeathCounterHud
com/moonsworth/lunar/client/framework/feature/mod/impl/gui3/SkyblockDeathCounterHud$HORHROIOIOICIRHIOCOICHHHIHCIIO	com/moonsworth/lunar/client/mod/hud/SkyblockDeathCounterHud$HORHROIOIOICIRHIOCOICHHHIHCIIO
com/moonsworth/lunar/client/framework/feature/mod/impl/gui3/SkyblockDragonFeatures	com/moonsworth/lunar/client/mod/misc/SkyblockDragonFeatures
com/moonsworth/lunar/client/framework/feature/mod/impl/gui3/SkyblockDragonFeatures$HORHROIOIOICIRHIOCOICHHHIHCIIO	com/moonsworth/lunar/client/mod/misc/SkyblockDragonFeatures$HORHROIOIOICIRHIOCOICHHHIHCIIO
com/moonsworth/lunar/client/framework/feature/mod/impl/gui3/SkyblockDungeonBlessingHud	com/moonsworth/lunar/client/mod/hud/SkyblockDungeonBlessingHud
com/moonsworth/lunar/client/framework/feature/mod/impl/gui3/SkyblockDungeonBlessingHud$HORHROIOIOICIRHIOCOICHHHIHCIIO	com/moonsworth/lunar/client/mod/hud/SkyblockDungeonBlessingHud$HORHROIOIOICIRHIOCOICHHHIHCIIO
com/moonsworth/lunar/client/framework/feature/mod/impl/gui3/SkyblockDungeonBreaker	com/moonsworth/lunar/client/mod/misc/SkyblockDungeonBreaker
com/moonsworth/lunar/client/framework/feature/mod/impl/gui3/SkyblockDungeonBreaker$HORHROIOIOICIRHIOCOICHHHIHCIIO	com/moonsworth/lunar/client/mod/misc/SkyblockDungeonBreaker$HORHROIOIOICIRHIOCOICHHHIHCIIO
com/moonsworth/lunar/client/framework/feature/mod/impl/gui3/SkyblockDungeonMilestoneHud	com/moonsworth/lunar/client/mod/hud/SkyblockDungeonMilestoneHud
com/moonsworth/lunar/client/framework/feature/mod/impl/gui3/SkyblockDungeonMilestoneHud$HORHROIOIOICIRHIOCOICHHHIHCIIO	com/moonsworth/lunar/client/mod/hud/SkyblockDungeonMilestoneHud$HORHROIOIOICIRHIOCOICHHHIHCIIO
com/moonsworth/lunar/client/framework/feature/mod/impl/gui3/SkyblockDungeonTimer	com/moonsworth/lunar/client/mod/hud/SkyblockDungeonTimer
com/moonsworth/lunar/client/framework/feature/mod/impl/gui3/SkyblockDungeonTimer$HORHROIOIOICIRHIOCOICHHHIHCIIO	com/moonsworth/lunar/client/mod/hud/SkyblockDungeonTimer$HORHROIOIOICIRHIOCOICHHHIHCIIO
com/moonsworth/lunar/client/framework/feature/mod/impl/gui3/SkyblockFloorFour	com/moonsworth/lunar/client/mod/misc/SkyblockFloorFour
com/moonsworth/lunar/client/framework/feature/mod/impl/gui3/SkyblockFloorFour$HORHROIOIOICIRHIOCOICHHHIHCIIO	com/moonsworth/lunar/client/mod/misc/SkyblockFloorFour$HORHROIOIOICIRHIOCOICHHHIHCIIO
com/moonsworth/lunar/client/framework/feature/mod/impl/gui3/SkyblockInvincibilityHud	com/moonsworth/lunar/client/mod/hud/SkyblockInvincibilityHud
com/moonsworth/lunar/client/framework/feature/mod/impl/gui3/SkyblockInvincibilityHud$1	com/moonsworth/lunar/client/mod/hud/SkyblockInvincibilityHud$1
com/moonsworth/lunar/client/framework/feature/mod/impl/gui3/SkyblockInvincibilityHud$HHRROIIHRRICIIHIIHICRHHRHOHHOO	com/moonsworth/lunar/client/mod/hud/SkyblockInvincibilityHud$HHRROIIHRRICIIHIIHICRHHRHOHHOO
com/moonsworth/lunar/client/framework/feature/mod/impl/gui3/SkyblockInvincibilityHud$HORHROIOIOICIRHIOCOICHHHIHCIIO	com/moonsworth/lunar/client/mod/hud/SkyblockInvincibilityHud$HORHROIOIOICIRHIOCOICHHHIHCIIO
com/moonsworth/lunar/client/framework/feature/mod/impl/gui3/SkyblockInvincibilityHud$HRICOROOOCCOCOROCRHHCRRIRCOICO	com/moonsworth/lunar/client/mod/hud/SkyblockInvincibilityHud$HRICOROOOCCOCOROCRHHCRRIRCOICO
com/moonsworth/lunar/client/framework/feature/mod/impl/gui3/SkyblockLividSolverHud	com/moonsworth/lunar/client/mod/hud/SkyblockLividSolverHud
com/moonsworth/lunar/client/framework/feature/mod/impl/gui3/SkyblockLividSolverHud$1	com/moonsworth/lunar/client/mod/hud/SkyblockLividSolverHud$1
com/moonsworth/lunar/client/framework/feature/mod/impl/gui3/SkyblockLividSolverHud$HORHROIOIOICIRHIOCOICHHHIHCIIO	com/moonsworth/lunar/client/mod/hud/SkyblockLividSolverHud$HORHROIOIOICIRHIOCOICHHHIHCIIO
com/moonsworth/lunar/client/framework/feature/mod/impl/gui3/SkyblockReviveHud	com/moonsworth/lunar/client/mod/hud/SkyblockReviveHud
com/moonsworth/lunar/client/framework/feature/mod/impl/gui3/SkyblockReviveHud$HORHROIOIOICIRHIOCOICHHHIHCIIO	com/moonsworth/lunar/client/mod/hud/SkyblockReviveHud$HORHROIOIOICIRHIOCOICHHHIHCIIO
com/moonsworth/lunar/client/framework/feature/mod/impl/gui3/SkyblockSkeletonHelmetHud	com/moonsworth/lunar/client/mod/hud/SkyblockSkeletonHelmetHud
com/moonsworth/lunar/client/framework/feature/mod/impl/gui3/SkyblockSkeletonHelmetHud$HORHROIOIOICIRHIOCOICHHHIHCIIO	com/moonsworth/lunar/client/mod/hud/SkyblockSkeletonHelmetHud$HORHROIOIOICIRHIOCOICHHHIHCIIO
com/moonsworth/lunar/client/framework/feature/mod/impl/gui3/SkyblockStormHud	com/moonsworth/lunar/client/mod/hud/SkyblockStormHud
com/moonsworth/lunar/client/framework/feature/mod/impl/gui3/SkyblockStormHud$HORHROIOIOICIRHIOCOICHHHIHCIIO	com/moonsworth/lunar/client/mod/hud/SkyblockStormHud$HORHROIOIOICIRHIOCOICHHHIHCIIO
com/moonsworth/lunar/client/framework/feature/mod/impl/gui3/SkyblockTerminalStatus	com/moonsworth/lunar/client/mod/hud/SkyblockTerminalStatus
com/moonsworth/lunar/client/framework/feature/mod/impl/gui3/SkyblockTerminalStatus$1	com/moonsworth/lunar/client/mod/hud/SkyblockTerminalStatus$1
com/moonsworth/lunar/client/framework/feature/mod/impl/gui3/SkyblockTerminalStatus$HHRROIIHRRICIIHIIHICRHHRHOHHOO	com/moonsworth/lunar/client/mod/hud/SkyblockTerminalStatus$HHRROIIHRRICIIHIIHICRHHRHOHHOO
com/moonsworth/lunar/client/framework/feature/mod/impl/gui3/SkyblockTerminalStatus$HORHROIOIOICIRHIOCOICHHHIHCIIO	com/moonsworth/lunar/client/mod/hud/SkyblockTerminalStatus$HORHROIOIOICIRHIOCOICHHHIHCIIO
com/moonsworth/lunar/client/framework/feature/mod/impl/gui3/SkyblockTickTimerHud	com/moonsworth/lunar/client/mod/hud/SkyblockTickTimerHud
com/moonsworth/lunar/client/framework/feature/mod/impl/gui3/SkyblockTickTimerHud$1	com/moonsworth/lunar/client/mod/hud/SkyblockTickTimerHud$1
com/moonsworth/lunar/client/framework/feature/mod/impl/gui3/SkyblockTickTimerHud$HHRROIIHRRICIIHIIHICRHHRHOHHOO	com/moonsworth/lunar/client/mod/hud/SkyblockTickTimerHud$HHRROIIHRRICIIHIIHICRHHRHOHHOO
com/moonsworth/lunar/client/framework/feature/mod/impl/gui3/SkyblockTickTimerHud$HORHROIOIOICIRHIOCOICHHHIHCIIO	com/moonsworth/lunar/client/mod/hud/SkyblockTickTimerHud$HORHROIOIOICIRHIOCOICHHHIHCIIO
com/moonsworth/lunar/client/framework/feature/mod/impl/gui3/SkyblockTickTimerHud$HRICOROOOCCOCOROCRHHCRRIRCOICO	com/moonsworth/lunar/client/mod/hud/SkyblockTickTimerHud$HRICOROOOCCOCOROCRHHCRRIRCOICO
com/moonsworth/lunar/client/framework/feature/mod/impl/gui3/SkyblockWitherHealthHud	com/moonsworth/lunar/client/mod/hud/SkyblockWitherHealthHud
com/moonsworth/lunar/client/framework/feature/mod/impl/gui3/SkyblockWitherHealthHud$HHRROIIHRRICIIHIIHICRHHRHOHHOO	com/moonsworth/lunar/client/mod/hud/SkyblockWitherHealthHud$HHRROIIHRRICIIHIIHICRHHRHOHHOO
com/moonsworth/lunar/client/framework/feature/mod/impl/gui3/SkyblockWitherHealthHud$HORHROIOIOICIRHIOCOICHHHIHCIIO	com/moonsworth/lunar/client/mod/hud/SkyblockWitherHealthHud$HORHROIOIOICIRHIOCOICHHHIHCIIO
com/moonsworth/lunar/client/framework/feature/mod/impl/gui4/SkyblockSkillGlobeHud	com/moonsworth/lunar/client/mod/hud/SkyblockSkillGlobeHud
com/moonsworth/lunar/client/framework/feature/mod/impl/gui4/SkyblockSkillGlobeHud$HORHROIOIOICIRHIOCOICHHHIHCIIO	com/moonsworth/lunar/client/mod/hud/SkyblockSkillGlobeHud$HORHROIOIOICIRHIOCOICHHHIHCIIO
com/moonsworth/lunar/client/framework/feature/mod/impl/gui4/SkyblockSkillProgressBarHud	com/moonsworth/lunar/client/mod/hud/SkyblockSkillProgressBarHud
com/moonsworth/lunar/client/framework/feature/mod/impl/gui4/SkyblockSkillProgressBarHud$HORHROIOIOICIRHIOCOICHHHIHCIIO	com/moonsworth/lunar/client/mod/hud/SkyblockSkillProgressBarHud$HORHROIOIOICIRHIOCOICHHHIHCIIO
com/moonsworth/lunar/client/framework/feature/mod/impl/gui4/SkyblockSkillProgressHud	com/moonsworth/lunar/client/mod/hud/SkyblockSkillProgressHud
com/moonsworth/lunar/client/framework/feature/mod/impl/gui4/SkyblockSkillProgressHud$HORHROIOIOICIRHIOCOICHHHIHCIIO	com/moonsworth/lunar/client/mod/hud/SkyblockSkillProgressHud$HORHROIOIOICIRHIOCOICHHHIHCIIO
com/moonsworth/lunar/client/framework/feature/mod/impl/gui4/SkyblockSkillXpTrackerHud	com/moonsworth/lunar/client/mod/hud/SkyblockSkillXpTrackerHud
com/moonsworth/lunar/client/framework/feature/mod/impl/gui4/SkyblockSkillXpTrackerHud$HORHROIOIOICIRHIOCOICHHHIHCIIO	com/moonsworth/lunar/client/mod/hud/SkyblockSkillXpTrackerHud$HORHROIOIOICIRHIOCOICHHHIHCIIO
com/moonsworth/lunar/client/framework/feature/mod/impl/hide/SkyblockHideArmor	com/moonsworth/lunar/client/mod/player/SkyblockHideArmor
com/moonsworth/lunar/client/framework/feature/mod/impl/hide/SkyblockHideFallingBlocks	com/moonsworth/lunar/client/mod/player/SkyblockHideFallingBlocks
com/moonsworth/lunar/client/framework/feature/mod/impl/hide/SkyblockHideFarEntities	com/moonsworth/lunar/client/mod/player/SkyblockHideFarEntities
com/moonsworth/lunar/client/framework/feature/mod/impl/hide/SkyblockHideFood	com/moonsworth/lunar/client/mod/player/SkyblockHideFood
com/moonsworth/lunar/client/framework/feature/mod/impl/hide/SkyblockHideMagicSoupMessages	com/moonsworth/lunar/client/mod/player/SkyblockHideMagicSoupMessages
com/moonsworth/lunar/client/framework/feature/mod/impl/hide/SkyblockHideMidasBlocks	com/moonsworth/lunar/client/mod/player/SkyblockHideMidasBlocks
com/moonsworth/lunar/client/framework/feature/mod/impl/hide/SkyblockHideOthersGifts	com/moonsworth/lunar/client/mod/player/SkyblockHideOthersGifts
com/moonsworth/lunar/client/framework/feature/mod/impl/hide/SkyblockHidePlayersNearNpc	com/moonsworth/lunar/client/mod/player/SkyblockHidePlayersNearNpc
com/moonsworth/lunar/client/framework/feature/mod/impl/highlight/SkyblockEndNodeHighlight	com/moonsworth/lunar/client/mod/render/SkyblockEndNodeHighlight
com/moonsworth/lunar/client/framework/feature/mod/impl/inactive/SkyblockInactiveEffigyDisplay	com/moonsworth/lunar/client/mod/render/SkyblockInactiveEffigyDisplay
com/moonsworth/lunar/client/framework/feature/mod/impl/lotusfish/SkyblockHideLotusfishNametag	com/moonsworth/lunar/client/mod/render/SkyblockHideLotusfishNametag
com/moonsworth/lunar/client/framework/feature/mod/impl/lotusfish/SkyblockLilyPadHelper	com/moonsworth/lunar/client/mod/misc/SkyblockLilyPadHelper
com/moonsworth/lunar/client/framework/feature/mod/impl/preview/EtherwarpPreview	com/moonsworth/lunar/client/mod/render/EtherwarpPreview
com/moonsworth/lunar/client/framework/feature/mod/impl/preview/EtherwarpPreview$1	com/moonsworth/lunar/client/mod/render/EtherwarpPreview$1
com/moonsworth/lunar/client/framework/feature/mod/impl/preview/EtherwarpPreview$HHRROIIHRRICIIHIIHICRHHRHOHHOO	com/moonsworth/lunar/client/mod/render/EtherwarpPreview$HHRROIIHRRICIIHIIHICRHHRHOHHOO
com/moonsworth/lunar/client/framework/feature/mod/impl/preview/EtherwarpPreview$HORHROIOIOICIRHIOCOICHHHIHCIIO	com/moonsworth/lunar/client/mod/render/EtherwarpPreview$HORHROIOIOICIRHIOCOICHHHIHCIIO
com/moonsworth/lunar/client/framework/feature/mod/impl/preview/GravityStormPreview	com/moonsworth/lunar/client/mod/render/GravityStormPreview
com/moonsworth/lunar/client/framework/feature/mod/impl/preview/SkyblockSmoothTeleport	com/moonsworth/lunar/client/mod/movement/SkyblockSmoothTeleport
com/moonsworth/lunar/client/framework/feature/mod/impl/preview/SkyblockVanillaItemModels	com/moonsworth/lunar/client/mod/render/SkyblockVanillaItemModels
com/moonsworth/lunar/client/framework/feature/mod/impl/preview/SkyblockVanillaItemModels$1	com/moonsworth/lunar/client/mod/render/SkyblockVanillaItemModels$1
com/moonsworth/lunar/client/framework/feature/mod/impl/preview/SkyblockVanillaItemModels$HHRROIIHRRICIIHIIHICRHHRHOHHOO	com/moonsworth/lunar/client/mod/render/SkyblockVanillaItemModels$HHRROIIHRRICIIHIIHICRHHRHOHHOO
com/moonsworth/lunar/client/framework/feature/mod/impl/preview/SkyblockVanillaItemModels$HHRROIIHRRICIIHIIHICRHHRHOHHOO$HHRROIIHRRICIIHIIHICRHHRHOHHOO	com/moonsworth/lunar/client/mod/render/SkyblockVanillaItemModels$HHRROIIHRRICIIHIIHICRHHRHOHHOO$HHRROIIHRRICIIHIIHICRHHRHOHHOO
com/moonsworth/lunar/client/framework/feature/mod/impl/preview/SkyblockVanillaItemModels$HHRROIIHRRICIIHIIHICRHHRHOHHOO$HORHROIOIOICIRHIOCOICHHHIHCIIO	com/moonsworth/lunar/client/mod/render/SkyblockVanillaItemModels$HHRROIIHRRICIIHIIHICRHHRHOHHOO$HORHROIOIOICIRHIOCOICHHHIHCIIO
com/moonsworth/lunar/client/framework/feature/mod/impl/preview/SkyblockVanillaItemModels$HORHROIOIOICIRHIOCOICHHHIHCIIO	com/moonsworth/lunar/client/mod/render/SkyblockVanillaItemModels$HORHROIOIOICIRHIOCOICHHHIHCIIO
com/moonsworth/lunar/client/framework/feature/mod/impl/preview/SkyblockVanillaItemModels$HRICOROOOCCOCOROCRHHCRRIRCOICO	com/moonsworth/lunar/client/mod/render/SkyblockVanillaItemModels$HRICOROOOCCOCOROCRHHCRRIRCOICO
com/moonsworth/lunar/client/framework/feature/mod/impl/rabbit/SkyblockAffordableRabbit	com/moonsworth/lunar/client/mod/misc/SkyblockAffordableRabbit
com/moonsworth/lunar/client/framework/feature/mod/impl/rabbit/SkyblockBestRabbit	com/moonsworth/lunar/client/mod/misc/SkyblockBestRabbit
com/moonsworth/lunar/client/framework/feature/mod/impl/rabbit/SkyblockChocolateFactory	com/moonsworth/lunar/client/mod/misc/SkyblockChocolateFactory
com/moonsworth/lunar/client/framework/feature/mod/impl/rabbit/SkyblockChocolateShopHelper	com/moonsworth/lunar/client/mod/misc/SkyblockChocolateShopHelper
com/moonsworth/lunar/client/framework/feature/mod/impl/rabbit/SkyblockChocolateStats	com/moonsworth/lunar/client/mod/misc/SkyblockChocolateStats
com/moonsworth/lunar/client/framework/feature/mod/impl/rabbit/SkyblockEggLocator	com/moonsworth/lunar/client/mod/render/SkyblockEggLocator
com/moonsworth/lunar/client/framework/feature/mod/impl/rabbit/SkyblockEggLocator$HORHROIOIOICIRHIOCOICHHHIHCIIO	com/moonsworth/lunar/client/mod/render/SkyblockEggLocator$HORHROIOIOICIRHIOCOICHHHIHCIIO
com/moonsworth/lunar/client/framework/feature/mod/impl/rabbit/SkyblockEggWaypoints	com/moonsworth/lunar/client/mod/render/SkyblockEggWaypoints
com/moonsworth/lunar/client/framework/feature/mod/impl/rabbit/SkyblockExtraPurchaseStats	com/moonsworth/lunar/client/mod/misc/SkyblockExtraPurchaseStats
com/moonsworth/lunar/client/framework/feature/mod/impl/rabbit/SkyblockGoldenRabbit	com/moonsworth/lunar/client/mod/misc/SkyblockGoldenRabbit
com/moonsworth/lunar/client/framework/feature/mod/impl/rabbit/SkyblockHoppityEggHud	com/moonsworth/lunar/client/mod/hud/SkyblockHoppityEggHud
com/moonsworth/lunar/client/framework/feature/mod/impl/rabbit/SkyblockHoppityEggHud$1	com/moonsworth/lunar/client/mod/hud/SkyblockHoppityEggHud$1
com/moonsworth/lunar/client/framework/feature/mod/impl/rabbit/SkyblockHoppityEggHud$HHRROIIHRRICIIHIIHICRHHRHOHHOO	com/moonsworth/lunar/client/mod/hud/SkyblockHoppityEggHud$HHRROIIHRRICIIHIIHICRHHRHOHHOO
com/moonsworth/lunar/client/framework/feature/mod/impl/rabbit/SkyblockHoppityEggHud$HORHROIOIOICIRHIOCOICHHHIHCIIO	com/moonsworth/lunar/client/mod/hud/SkyblockHoppityEggHud$HORHROIOIOICIRHIOCOICHHHIHCIIO
com/moonsworth/lunar/client/framework/feature/mod/impl/rabbit/SkyblockRabbitCollectionOverlay	com/moonsworth/lunar/client/mod/render/SkyblockRabbitCollectionOverlay
com/moonsworth/lunar/client/framework/feature/mod/impl/rabbit/SkyblockRabbitLevels	com/moonsworth/lunar/client/mod/misc/SkyblockRabbitLevels
com/moonsworth/lunar/client/framework/feature/mod/impl/rabbit/SkyblockRabbitLevels$1	com/moonsworth/lunar/client/mod/misc/SkyblockRabbitLevels$1
com/moonsworth/lunar/client/framework/feature/mod/impl/rabbit/SkyblockStrayRabbit	com/moonsworth/lunar/client/mod/misc/SkyblockStrayRabbit
com/moonsworth/lunar/client/framework/feature/mod/impl/slayer/SkyblockBlazeSlayer	com/moonsworth/lunar/client/mod/misc/SkyblockBlazeSlayer
com/moonsworth/lunar/client/framework/feature/mod/impl/slayer/SkyblockBlazeSlayer$1	com/moonsworth/lunar/client/mod/misc/SkyblockBlazeSlayer$1
com/moonsworth/lunar/client/framework/feature/mod/impl/slayer/SkyblockBlazeSlayer$HHRROIIHRRICIIHIIHICRHHRHOHHOO	com/moonsworth/lunar/client/mod/misc/SkyblockBlazeSlayer$HHRROIIHRRICIIHIIHICRHHRHOHHOO
com/moonsworth/lunar/client/framework/feature/mod/impl/slayer/SkyblockBlazeSlayer$HORHROIOIOICIRHIOCOICHHHIHCIIO	com/moonsworth/lunar/client/mod/misc/SkyblockBlazeSlayer$HORHROIOIOICIRHIOCOICHHHIHCIIO
com/moonsworth/lunar/client/framework/feature/mod/impl/slayer/SkyblockBossTimer	com/moonsworth/lunar/client/mod/hud/SkyblockBossTimer
com/moonsworth/lunar/client/framework/feature/mod/impl/slayer/SkyblockEndermanSlayer	com/moonsworth/lunar/client/mod/misc/SkyblockEndermanSlayer
com/moonsworth/lunar/client/framework/feature/mod/impl/slayer/SkyblockEndermanSlayer$1	com/moonsworth/lunar/client/mod/misc/SkyblockEndermanSlayer$1
com/moonsworth/lunar/client/framework/feature/mod/impl/slayer/SkyblockEndermanSlayer$HORHROIOIOICIRHIOCOICHHHIHCIIO	com/moonsworth/lunar/client/mod/misc/SkyblockEndermanSlayer$HORHROIOIOICIRHIOCOICHHHIHCIIO
com/moonsworth/lunar/client/framework/feature/mod/impl/slayer/SkyblockMiniBossAlert	com/moonsworth/lunar/client/mod/misc/SkyblockMiniBossAlert
com/moonsworth/lunar/client/framework/feature/mod/impl/slayer/SkyblockVampireSlayer	com/moonsworth/lunar/client/mod/misc/SkyblockVampireSlayer
com/moonsworth/lunar/client/framework/feature/mod/impl/ultrasequencer/SkyblockChronomatron	com/moonsworth/lunar/client/mod/misc/SkyblockChronomatron
com/moonsworth/lunar/client/framework/feature/mod/impl/ultrasequencer/SkyblockEnchants	com/moonsworth/lunar/client/mod/misc/SkyblockEnchants
com/moonsworth/lunar/client/framework/feature/mod/impl/ultrasequencer/SkyblockExperimentSolvers	com/moonsworth/lunar/client/mod/misc/SkyblockExperimentSolvers
com/moonsworth/lunar/client/framework/feature/mod/impl/ultrasequencer/SkyblockSuperpairs	com/moonsworth/lunar/client/mod/misc/SkyblockSuperpairs
com/moonsworth/lunar/client/framework/feature/mod/impl/ultrasequencer/SkyblockSuperpairs$HHRROIIHRRICIIHIIHICRHHRHOHHOO	com/moonsworth/lunar/client/mod/misc/SkyblockSuperpairs$HHRROIIHRRICIIHIIHICRHHRHOHHOO
com/moonsworth/lunar/client/framework/feature/mod/impl/ultrasequencer/SkyblockSuperpairs$HORHROIOIOICIRHIOCOICHHHIHCIIO	com/moonsworth/lunar/client/mod/misc/SkyblockSuperpairs$HORHROIOIOICIRHIOCOICHHHIHCIIO
com/moonsworth/lunar/client/framework/feature/mod/impl/ultrasequencer/SkyblockUltrasequencer	com/moonsworth/lunar/client/mod/misc/SkyblockUltrasequencer
com/moonsworth/lunar/client/framework/feature/mod/impl/ultrasequencer/SkyblockUltrasequencer$HORHROIOIOICIRHIOCOICHHHIHCIIO	com/moonsworth/lunar/client/mod/misc/SkyblockUltrasequencer$HORHROIOIOICIRHIOCOICHHHIHCIIO
com/moonsworth/lunar/client/framework/feature/mod/impl/waypoints/SkyblockGravityWellWaypoints	com/moonsworth/lunar/client/mod/render/SkyblockGravityWellWaypoints
com/moonsworth/lunar/client/framework/feature/mod/impl/waypoints/SkyblockGravityWellWaypoints$HORHROIOIOICIRHIOCOICHHHIHCIIO	com/moonsworth/lunar/client/mod/render/SkyblockGravityWellWaypoints$HORHROIOIOICIRHIOCOICHHHIHCIIO
com/moonsworth/lunar/client/framework/feature/mod/impl/waypoints/SkyblockNetherBossHud	com/moonsworth/lunar/client/mod/hud/SkyblockNetherBossHud
com/moonsworth/lunar/client/framework/feature/mod/impl/waypoints/SkyblockNetherBossHud$HORHROIOIOICIRHIOCOICHHHIHCIIO	com/moonsworth/lunar/client/mod/hud/SkyblockNetherBossHud$HORHROIOIOICIRHIOCOICHHHIHCIIO
com/moonsworth/lunar/client/framework/feature/momentum/Momentum	com/moonsworth/lunar/client/mod/movement/Momentum
com/moonsworth/lunar/client/framework/feature/motionblur/MotionBlur	com/moonsworth/lunar/client/mod/render/MotionBlur
com/moonsworth/lunar/client/framework/feature/motionblur/MotionBlur$HORHROIOIOICIRHIOCOICHHHIHCIIO	com/moonsworth/lunar/client/mod/render/MotionBlur$HORHROIOIOICIRHIOCOICHHHIHCIIO
com/moonsworth/lunar/client/framework/feature/mumblelink/MumbleLink	com/moonsworth/lunar/client/mod/player/MumbleLink
com/moonsworth/lunar/client/framework/feature/nametag/Nametag	com/moonsworth/lunar/client/mod/render/Nametag
com/moonsworth/lunar/client/framework/feature/nickhider/NickHider	com/moonsworth/lunar/client/mod/render/NickHider
com/moonsworth/lunar/client/framework/feature/nickhider/NickHider$1	com/moonsworth/lunar/client/mod/render/NickHider$1
com/moonsworth/lunar/client/framework/feature/nickhider/NickHider$2	com/moonsworth/lunar/client/mod/render/NickHider$2
com/moonsworth/lunar/client/framework/feature/onesevenvisuals/OneSevenVisuals	com/moonsworth/lunar/client/mod/render/OneSevenVisuals
com/moonsworth/lunar/client/framework/feature/onesevenvisuals/legacy/OneSevenAnimationsLegacy	com/moonsworth/lunar/client/mod/render/OneSevenAnimationsLegacy
com/moonsworth/lunar/client/framework/feature/onesevenvisuals/legacy/OneSevenItemsLegacy	com/moonsworth/lunar/client/mod/render/OneSevenItemsLegacy
com/moonsworth/lunar/client/framework/feature/onesevenvisuals/legacy/OneSevenItemsLegacy$1	com/moonsworth/lunar/client/mod/render/OneSevenItemsLegacy$1
com/moonsworth/lunar/client/framework/feature/onesevenvisuals/modern/OneSevenAnimationsModern	com/moonsworth/lunar/client/mod/render/OneSevenAnimationsModern
com/moonsworth/lunar/client/framework/feature/onesevenvisuals/modern/OneSevenItemsModern	com/moonsworth/lunar/client/mod/render/OneSevenItemsModern
com/moonsworth/lunar/client/framework/feature/packorganizer/PackOrganizer	com/moonsworth/lunar/client/mod/misc/PackOrganizer
com/moonsworth/lunar/client/framework/feature/panoramamaker/PanoramaMaker	com/moonsworth/lunar/client/mod/misc/PanoramaMaker
com/moonsworth/lunar/client/framework/feature/ping/Ping	com/moonsworth/lunar/client/mod/hud/Ping
com/moonsworth/lunar/client/framework/feature/ping/Ping$HORHROIOIOICIRHIOCOICHHHIHCIIO	com/moonsworth/lunar/client/mod/hud/Ping$HORHROIOIOICIRHIOCOICHHHIHCIIO
com/moonsworth/lunar/client/framework/feature/ping/PingHud	com/moonsworth/lunar/client/mod/hud/PingHud
com/moonsworth/lunar/client/framework/feature/ping/PingHud$HORHROIOIOICIRHIOCOICHHHIHCIIO	com/moonsworth/lunar/client/mod/hud/PingHud$HORHROIOIOICIRHIOCOICHHHIHCIIO
com/moonsworth/lunar/client/framework/feature/ping/PingNametag	com/moonsworth/lunar/client/mod/hud/PingNametag
com/moonsworth/lunar/client/framework/feature/pkg39/OHROCHICOIOICHOCRROORRCIIICIHO	com/moonsworth/lunar/client/mod/render/Skins3d
com/moonsworth/lunar/client/framework/feature/pkg46/HORHROIOIOICIRHIOCOICHHHIHCIIO	com/moonsworth/lunar/client/mod/render/Items2d
com/moonsworth/lunar/client/framework/feature/pkg46/HORHROIOIOICIRHIOCOICHHHIHCIIO$HORHROIOIOICIRHIOCOICHHHIHCIIO	com/moonsworth/lunar/client/mod/render/Items2d$HORHROIOIOICIRHIOCOICHHHIHCIIO
com/moonsworth/lunar/client/framework/feature/playtime/Playtime	com/moonsworth/lunar/client/mod/hud/Playtime
com/moonsworth/lunar/client/framework/feature/potioncounter/PotionCounter	com/moonsworth/lunar/client/mod/combat/PotionCounter
com/moonsworth/lunar/client/framework/feature/potioncounter/PotionCounter$HORHROIOIOICIRHIOCOICHHHIHCIIO	com/moonsworth/lunar/client/mod/combat/PotionCounter$HORHROIOIOICIRHIOCOICHHHIHCIIO
com/moonsworth/lunar/client/framework/feature/potioneffects/PotionEffects	com/moonsworth/lunar/client/mod/render/PotionEffects
com/moonsworth/lunar/client/framework/feature/potioneffects/PotionEffects$HHRROIIHRRICIIHIIHICRHHRHOHHOO	com/moonsworth/lunar/client/mod/render/PotionEffects$HHRROIIHRRICIIHIIHICRHHRHOHHOO
com/moonsworth/lunar/client/framework/feature/potioneffects/PotionEffects$HORHROIOIOICIRHIOCOICHHHIHCIIO	com/moonsworth/lunar/client/mod/render/PotionEffects$HORHROIOIOICIRHIOCOICHHHIHCIIO
com/moonsworth/lunar/client/framework/feature/pvpinfo/PvpInfo	com/moonsworth/lunar/client/mod/combat/PvpInfo
com/moonsworth/lunar/client/framework/feature/pvpinfo/PvpInfo$1	com/moonsworth/lunar/client/mod/combat/PvpInfo$1
com/moonsworth/lunar/client/framework/feature/pvpinfo/pvp/PvpInfoHealthChild	com/moonsworth/lunar/client/mod/combat/PvpInfoHealthChild
com/moonsworth/lunar/client/framework/feature/pvpinfo/pvp/PvpInfoHealthChild$HORHROIOIOICIRHIOCOICHHHIHCIIO	com/moonsworth/lunar/client/mod/combat/PvpInfoHealthChild$HORHROIOIOICIRHIOCOICHHHIHCIIO
com/moonsworth/lunar/client/framework/feature/pvpinfo/pvp/PvpInfoMeleeChild	com/moonsworth/lunar/client/mod/combat/PvpInfoMeleeChild
com/moonsworth/lunar/client/framework/feature/pvpinfo/pvp/PvpInfoMeleeChild$HORHROIOIOICIRHIOCOICHHHIHCIIO	com/moonsworth/lunar/client/mod/combat/PvpInfoMeleeChild$HORHROIOIOICIRHIOCOICHHHIHCIIO
com/moonsworth/lunar/client/framework/feature/pvpinfo/pvp/PvpInfoProjectileChild	com/moonsworth/lunar/client/mod/combat/PvpInfoProjectileChild
com/moonsworth/lunar/client/framework/feature/pvpinfo/pvp/PvpInfoProjectileChild$HORHROIOIOICIRHIOCOICHHHIHCIIO	com/moonsworth/lunar/client/mod/combat/PvpInfoProjectileChild$HORHROIOIOICIRHIOCOICHHHIHCIIO
com/moonsworth/lunar/client/framework/feature/quickplay/Quickplay	com/moonsworth/lunar/client/mod/misc/Quickplay
com/moonsworth/lunar/client/framework/feature/radio/Radio	com/moonsworth/lunar/client/mod/misc/Radio
com/moonsworth/lunar/client/framework/feature/radio/Radio$HORHROIOIOICIRHIOCOICHHHIHCIIO	com/moonsworth/lunar/client/mod/misc/Radio$HORHROIOIOICIRHIOCOICHHHIHCIIO
com/moonsworth/lunar/client/framework/feature/reachdisplay/ReachDisplay	com/moonsworth/lunar/client/mod/combat/ReachDisplay
com/moonsworth/lunar/client/framework/feature/render/HRICOROOOCCOCOROCRHHCRRIRCOICO	com/moonsworth/lunar/client/mod/render/ParticleChildMod
com/moonsworth/lunar/client/framework/feature/render/HRICOROOOCCOCOROCRHHCRRIRCOICO$1	com/moonsworth/lunar/client/mod/render/ParticleChildMod$1
com/moonsworth/lunar/client/framework/feature/render/ParticleChanger	com/moonsworth/lunar/client/mod/render/ParticleChanger
com/moonsworth/lunar/client/framework/feature/render/ParticleChangerBloodChild	com/moonsworth/lunar/client/mod/render/ParticleChangerBloodChild
com/moonsworth/lunar/client/framework/feature/render/ParticleChangerBloodChild$1	com/moonsworth/lunar/client/mod/render/ParticleChangerBloodChild$1
com/moonsworth/lunar/client/framework/feature/replaymod/Replaymod	com/moonsworth/lunar/client/mod/misc/Replaymod
com/moonsworth/lunar/client/framework/feature/replaymod/indicator/ReplaymodRecordingIndicatorChild	com/moonsworth/lunar/client/mod/hud/ReplaymodRecordingIndicatorChild
com/moonsworth/lunar/client/framework/feature/replaymod/indicator/ReplaymodRecordingIndicatorChild$HORHROIOIOICIRHIOCOICHHHIHCIIO	com/moonsworth/lunar/client/mod/hud/ReplaymodRecordingIndicatorChild$HORHROIOIOICIRHIOCOICHHHIHCIIO
com/moonsworth/lunar/client/framework/feature/rewind/rewind/Rewind	com/moonsworth/lunar/client/mod/misc/Rewind
com/moonsworth/lunar/client/framework/feature/rewind/rewind/RewindRecordingIndicatorChild	com/moonsworth/lunar/client/mod/hud/RewindRecordingIndicatorChild
com/moonsworth/lunar/client/framework/feature/rewind/rewind/RewindRecordingIndicatorChild$1	com/moonsworth/lunar/client/mod/hud/RewindRecordingIndicatorChild$1
com/moonsworth/lunar/client/framework/feature/rewind/rewind/TickDebug	com/moonsworth/lunar/client/mod/misc/TickDebug
com/moonsworth/lunar/client/framework/feature/rewind/rewindhandlers/RewindHandlers	com/moonsworth/lunar/client/mod/misc/RewindHandlers
com/moonsworth/lunar/client/framework/feature/rewind/rewindhandlers/rewindhandlers/RewindHandlers	com/moonsworth/lunar/client/mod/misc/RewindHandlers2
com/moonsworth/lunar/client/framework/feature/rewind/rewindhandlers/rewindhandlers2/RewindHandlers	com/moonsworth/lunar/client/mod/misc/RewindHandlers3
com/moonsworth/lunar/client/framework/feature/rewind/rewindhandlers2/RewindHandlers	com/moonsworth/lunar/client/mod/misc/RewindHandlers4
com/moonsworth/lunar/client/framework/feature/rewind/rewindhandlers3/RewindHandlers	com/moonsworth/lunar/client/mod/misc/RewindHandlers5
com/moonsworth/lunar/client/framework/feature/saturation/Saturation	com/moonsworth/lunar/client/mod/render/Saturation
com/moonsworth/lunar/client/framework/feature/saturation/SaturationHudChild	com/moonsworth/lunar/client/mod/hud/SaturationHudChild
com/moonsworth/lunar/client/framework/feature/scoreboard/Scoreboard	com/moonsworth/lunar/client/mod/hud/Scoreboard
com/moonsworth/lunar/client/framework/feature/scoreboard/Scoreboard$HORHROIOIOICIRHIOCOICHHHIHCIIO	com/moonsworth/lunar/client/mod/hud/Scoreboard$HORHROIOIOICIRHIOCOICHHHIHCIIO
com/moonsworth/lunar/client/framework/feature/screenshot/Screenshot	com/moonsworth/lunar/client/mod/misc/Screenshot
com/moonsworth/lunar/client/framework/feature/screenshot/Screenshot$HORHROIOIOICIRHIOCOICHHHIHCIIO	com/moonsworth/lunar/client/mod/misc/Screenshot$HORHROIOIOICIRHIOCOICHHHIHCIIO
com/moonsworth/lunar/client/framework/feature/scrollabletooltips/ScrollableTooltips	com/moonsworth/lunar/client/mod/render/ScrollableTooltips
com/moonsworth/lunar/client/framework/feature/serveraddress/ServerAddress	com/moonsworth/lunar/client/mod/hud/ServerAddress
com/moonsworth/lunar/client/framework/feature/serveraddress/ServerAddress$HORHROIOIOICIRHIOCOICHHHIHCIIO	com/moonsworth/lunar/client/mod/hud/ServerAddress$HORHROIOIOICIRHIOCOICHHHIHCIIO
com/moonsworth/lunar/client/framework/feature/shields/Shields	com/moonsworth/lunar/client/mod/combat/Shields
com/moonsworth/lunar/client/framework/feature/shinypots/ShinyPots	com/moonsworth/lunar/client/mod/render/ShinyPots
com/moonsworth/lunar/client/framework/feature/shinypots/ShinyPots$HORHROIOIOICIRHIOCOICHHHIHCIIO	com/moonsworth/lunar/client/mod/render/ShinyPots$HORHROIOIOICIRHIOCOICHHHIHCIIO
com/moonsworth/lunar/client/framework/feature/shulkerpreview/ShulkerPreview	com/moonsworth/lunar/client/mod/render/ShulkerPreview
com/moonsworth/lunar/client/framework/feature/snaplook/Snaplook	com/moonsworth/lunar/client/mod/movement/Snaplook
com/moonsworth/lunar/client/framework/feature/soundchanger/SoundChanger	com/moonsworth/lunar/client/mod/misc/SoundChanger
com/moonsworth/lunar/client/framework/feature/staffxray/staffxray/StaffXray	com/moonsworth/lunar/client/mod/render/StaffXray
com/moonsworth/lunar/client/framework/feature/stopwatch/HHRROIIHRRICIIHIIHICRHHRHOHHOO	com/moonsworth/lunar/client/mod/hud/StopwatchChildMod
com/moonsworth/lunar/client/framework/feature/stopwatch/HHRROIIHRRICIIHIIHICRHHRHOHHOO$1	com/moonsworth/lunar/client/mod/hud/StopwatchChildMod$1
com/moonsworth/lunar/client/framework/feature/stopwatch/HHRROIIHRRICIIHIIHICRHHRHOHHOO$2	com/moonsworth/lunar/client/mod/hud/StopwatchChildMod$2
com/moonsworth/lunar/client/framework/feature/stopwatch/HRICOROOOCCOCOROCRHHCRRIRCOICO	com/moonsworth/lunar/client/mod/hud/TimerChildMod
com/moonsworth/lunar/client/framework/feature/stopwatch/HRICOROOOCCOCOROCRHHCRRIRCOICO$1	com/moonsworth/lunar/client/mod/hud/TimerChildMod$1
com/moonsworth/lunar/client/framework/feature/stopwatch/HRICOROOOCCOCOROCRHHCRRIRCOICO$2	com/moonsworth/lunar/client/mod/hud/TimerChildMod$2
com/moonsworth/lunar/client/framework/feature/stopwatch/Stopwatch	com/moonsworth/lunar/client/mod/hud/Stopwatch
com/moonsworth/lunar/client/framework/feature/tab/Tab	com/moonsworth/lunar/client/mod/hud/Tab
com/moonsworth/lunar/client/framework/feature/teamview/TeamView	com/moonsworth/lunar/client/mod/player/TeamView
com/moonsworth/lunar/client/framework/feature/tiertagger/TierTagger	com/moonsworth/lunar/client/mod/render/TierTagger
com/moonsworth/lunar/client/framework/feature/timechanger/TimeChanger	com/moonsworth/lunar/client/mod/render/TimeChanger
com/moonsworth/lunar/client/framework/feature/timechanger/TimeChanger$HORHROIOIOICIRHIOCOICHHHIHCIIO	com/moonsworth/lunar/client/mod/render/TimeChanger$HORHROIOIOICIRHIOCOICHHHIHCIIO
com/moonsworth/lunar/client/framework/feature/titles/Titles	com/moonsworth/lunar/client/mod/render/Titles
com/moonsworth/lunar/client/framework/feature/titles/Titles$1	com/moonsworth/lunar/client/mod/render/Titles$1
com/moonsworth/lunar/client/framework/feature/titles/Titles$HORHROIOIOICIRHIOCOICHHHIHCIIO	com/moonsworth/lunar/client/mod/render/Titles$HORHROIOIOICIRHIOCOICHHHIHCIIO
com/moonsworth/lunar/client/framework/feature/tntcountdown/TntCountdown	com/moonsworth/lunar/client/mod/combat/TntCountdown
com/moonsworth/lunar/client/framework/feature/tntcountdown/TntCountdown$HORHROIOIOICIRHIOCOICHHHIHCIIO	com/moonsworth/lunar/client/mod/combat/TntCountdown$HORHROIOIOICIRHIOCOICHHHIHCIIO
com/moonsworth/lunar/client/framework/feature/toggle/ToggleSneak	com/moonsworth/lunar/client/mod/movement/ToggleSneak
com/moonsworth/lunar/client/framework/feature/toggle/ToggleSneakHudChild	com/moonsworth/lunar/client/mod/hud/ToggleSneakHudChild
com/moonsworth/lunar/client/framework/feature/toggle/ToggleSneakHudChild$1	com/moonsworth/lunar/client/mod/hud/ToggleSneakHudChild$1
com/moonsworth/lunar/client/framework/feature/toggle/ToggleSneakHudChild$HORHROIOIOICIRHIOCOICHHHIHCIIO	com/moonsworth/lunar/client/mod/hud/ToggleSneakHudChild$HORHROIOIOICIRHIOCOICHHHIHCIIO
com/moonsworth/lunar/client/framework/feature/tps/HypixelMod	com/moonsworth/lunar/client/mod/misc/HypixelMod
com/moonsworth/lunar/client/framework/feature/tps/HypixelTps	com/moonsworth/lunar/client/mod/hud/HypixelTps
com/moonsworth/lunar/client/framework/feature/tps/HypixelTps$HORHROIOIOICIRHIOCOICHHHIHCIIO	com/moonsworth/lunar/client/mod/hud/HypixelTps$HORHROIOIOICIRHIOCOICHHHIHCIIO
com/moonsworth/lunar/client/framework/feature/waila/Waila	com/moonsworth/lunar/client/mod/hud/Waila
com/moonsworth/lunar/client/framework/feature/waila/Waila$HHRROIIHRRICIIHIIHICRHHRHOHHOO	com/moonsworth/lunar/client/mod/hud/Waila$HHRROIIHRRICIIHIIHICRHHRHOHHOO
com/moonsworth/lunar/client/framework/feature/waila/Waila$HORHROIOIOICIRHIOCOICHHHIHCIIO	com/moonsworth/lunar/client/mod/hud/Waila$HORHROIOIOICIRHIOCOICHHHIHCIIO
com/moonsworth/lunar/client/framework/feature/waypoints/Waypoints	com/moonsworth/lunar/client/mod/render/Waypoints
com/moonsworth/lunar/client/framework/feature/weatherchanger/WeatherChanger	com/moonsworth/lunar/client/mod/render/WeatherChanger
com/moonsworth/lunar/client/framework/feature/weatherchanger/WeatherChanger$1	com/moonsworth/lunar/client/mod/render/WeatherChanger$1
com/moonsworth/lunar/client/framework/feature/weatherchanger/WeatherChanger$HORHROIOIOICIRHIOCOICHHHIHCIIO	com/moonsworth/lunar/client/mod/render/WeatherChanger$HORHROIOIOICIRHIOCOICHHHIHCIIO
com/moonsworth/lunar/client/framework/feature/worldeditcui/WorldeditCui	com/moonsworth/lunar/client/mod/render/WorldeditCui
com/moonsworth/lunar/client/framework/feature/zoom/Zoom	com/moonsworth/lunar/client/mod/movement/Zoom
com/moonsworth/lunar/client/framework/holograms/nameplate/ServerCustomNameplate	com/moonsworth/lunar/client/mod/render/ServerCustomNameplate
com/moonsworth/lunar/client/framework/holograms/serverborders/ServerBorders	com/moonsworth/lunar/client/mod/render/ServerBorders
com/moonsworth/lunar/client/framework/holograms/servercommandconfig/ServerCommandConfig	com/moonsworth/lunar/client/mod/misc/ServerCommandConfig
com/moonsworth/lunar/client/framework/holograms/serverholograms/ServerHolograms	com/moonsworth/lunar/client/mod/render/ServerHolograms
