src	src_class	ref_fqn	score	margin	strings	members	sample
src/main/java/com/moonsworth/lunar/genesis/Absent.java	Absent	com.google.common.base.Absent	83.00	38.30	1	37	Optional.absent(); Absent; Collections; Function
src/main/java/com/moonsworth/lunar/genesis/AbstractBaseGraph.java	AbstractBaseGraph	com.google.common.graph.AbstractBaseGraph	101.50	29.79	0	39	AbstractBaseGraph; BaseGraph; Node
src/main/java/com/moonsworth/lunar/genesis/AbstractBiMap$Inverse.java	AbstractBiMap$Inverse	com.google.common.collect.AbstractBiMap$Inverse	40.22	12.09	0	16	AbstractBiMap$Inverse; GwtIncompatible; Map
src/main/java/com/moonsworth/lunar/genesis/AbstractByteHasher.java	AbstractByteHasher	com.google.common.hash.AbstractByteHasher	80.36	24.27	0	32	AbstractByteHasher; AbstractHasher; Buffer
src/main/java/com/moonsworth/lunar/genesis/AbstractCache.java	AbstractCache	com.google.common.cache.AbstractCache	65.72	21.71	0	30	AbstractCache; Cache; CacheStats
src/main/java/com/moonsworth/lunar/genesis/AbstractCatchingFuture$AsyncCatchingFuture.java	AbstractCatchingFuture$AsyncCatchingFuture	com.google.common.util.concurrent.AbstractCatchingFuture$AsyncCatchingFuture	46.19	11.74	0	16	AbstractCatchingFuture$AsyncCatchingFuture; AsyncFunction; Class
src/main/java/com/moonsworth/lunar/genesis/AbstractCollectionBase2.java	AbstractCollectionBase2	com.google.common.collect.EnumMultiset	168.94	77.02	2	69	Expected an ; too many occurrences: %s; Arrays; CanIgnoreReturnValue; Class
src/main/java/com/moonsworth/lunar/genesis/AbstractCollectionBase3.java	AbstractCollectionBase3	com.google.common.collect.AbstractMapBasedMultiset	135.46	51.03	2	60	Stream data required; too many occurrences: %s; CanIgnoreReturnValue; Entry; InvalidObjectException
src/main/java/com/moonsworth/lunar/genesis/AbstractCollectionBase4.java	AbstractCollectionBase4	com.google.common.collect.ConcurrentHashMultiset	227.66	133.22	3	93	 occurrences to a count of ; Overflow adding ; ArithmeticException; ArrayList; AssertionError
src/main/java/com/moonsworth/lunar/genesis/AbstractCollectionBase52.java	AbstractCollectionBase52	com.google.common.collect.TreeMultiset	172.34	75.59	0	74	AssertionError; CanIgnoreReturnValue; ClassCastException
src/main/java/com/moonsworth/lunar/genesis/AbstractCollectionIterator.java	AbstractCollectionIterator	com.google.common.collect.ImmutableCollection	98.95	37.62	0	51	AbstractCollection; CanIgnoreReturnValue; Collection
src/main/java/com/moonsworth/lunar/genesis/AbstractCollectionIterator3.java	AbstractCollectionIterator3	com.google.common.collect.ImmutableList	174.33	73.69	1	82	Use SerializedForm; Arrays; CanIgnoreReturnValue; Collection
src/main/java/com/moonsworth/lunar/genesis/AbstractCollectionIterator32.java	AbstractCollectionIterator32	com.google.common.collect.SingletonImmutableList	30.02	8.00	0	17	Collections; Spliterator; String
src/main/java/com/moonsworth/lunar/genesis/AbstractCollectionIterator42.java	AbstractCollectionIterator42	com.google.common.collect.ImmutableMultiset	100.68	30.33	0	57	Arrays; CanIgnoreReturnValue; Collection
src/main/java/com/moonsworth/lunar/genesis/AbstractCollectionIterator4222.java	AbstractCollectionIterator4222	com.google.common.collect.ImmutableSortedMultiset	97.99	35.72	0	50	ArrayList; Arrays; CanIgnoreReturnValue
src/main/java/com/moonsworth/lunar/genesis/AbstractCollectionIterator42222.java	AbstractCollectionIterator42222	com.google.common.collect.RegularImmutableSortedMultiset	56.68	20.59	0	30	CLOSED; Comparable; Comparator
src/main/java/com/moonsworth/lunar/genesis/AbstractCollectionIterator423.java	AbstractCollectionIterator423	com.google.common.collect.JdkBackedImmutableMultiset	39.53	11.81	0	25	Collection; HashMap; Integer
src/main/java/com/moonsworth/lunar/genesis/AbstractCollectionIterator424.java	AbstractCollectionIterator424	com.google.common.collect.RegularImmutableMultiset	57.17	17.48	0	31	Arrays; Collection; LazyInit
src/main/java/com/moonsworth/lunar/genesis/AbstractCollectionIterator5.java	AbstractCollectionIterator5	com.google.common.collect.ImmutableSet	178.31	73.70	1	74	collection too large; CEILING; Collection; Collector
src/main/java/com/moonsworth/lunar/genesis/AbstractCollectionIterator55.java	AbstractCollectionIterator55	com.google.common.collect.RegularImmutableSet	54.40	14.65	0	27	Nullable; Object; Spliterator
src/main/java/com/moonsworth/lunar/genesis/AbstractCollectionIterator562.java	AbstractCollectionIterator562	com.google.common.collect.ImmutableSortedSet	159.62	52.81	1	71	Use SerializedForm; Arrays; CanIgnoreReturnValue; Collection
src/main/java/com/moonsworth/lunar/genesis/AbstractCollectionIterator5622.java	AbstractCollectionIterator5622	com.google.common.collect.ContiguousSet	47.82	19.44	0	24	Comparable; Comparator; Deprecated
src/main/java/com/moonsworth/lunar/genesis/AbstractCollectionIterator56222.java	AbstractCollectionIterator56222	com.google.common.collect.RegularContiguousSet	74.00	33.61	0	37	CLOSED; ClassCastException; Collection
src/main/java/com/moonsworth/lunar/genesis/AbstractCollectionIterator5624.java	AbstractCollectionIterator5624	com.google.common.collect.RegularImmutableSortedSet	125.61	51.99	0	57	ClassCastException; Collection; Collections
src/main/java/com/moonsworth/lunar/genesis/AbstractCompositeHashFunction$1.java	AbstractCompositeHashFunction$1	com.google.common.hash.AbstractCompositeHashFunction$1	36.60	13.81	0	13	AbstractCompositeHashFunction; AbstractCompositeHashFunction$1; Buffer
src/main/java/com/moonsworth/lunar/genesis/AbstractCompositeHashFunction.java	AbstractCompositeHashFunction	com.google.common.hash.AbstractCompositeHashFunction	36.85	13.77	0	13	AbstractCompositeHashFunction; AbstractCompositeHashFunction$1; AbstractHashFunction
src/main/java/com/moonsworth/lunar/genesis/AbstractDirectedNetworkConnections.java	AbstractDirectedNetworkConnections	com.google.common.graph.AbstractDirectedNetworkConnections	83.79	21.28	0	32	AbstractDirectedNetworkConnections; Collections; Map
src/main/java/com/moonsworth/lunar/genesis/AbstractExecutionThreadService$1$1.java	AbstractExecutionThreadService$1$1	com.google.common.util.concurrent.AbstractExecutionThreadService$1$1	17.51	7.43	0	6	AbstractExecutionThreadService$1$1; String; Supplier
src/main/java/com/moonsworth/lunar/genesis/AbstractExecutionThreadService$2.java	AbstractExecutionThreadService$2	com.google.common.util.concurrent.AbstractExecutionThreadService$2	28.76	13.32	0	11	AbstractExecutionThreadService$2; Executor; Runnable
src/main/java/com/moonsworth/lunar/genesis/AbstractExecutorServiceBase.java	AbstractExecutorServiceBase	com.google.common.util.concurrent.AbstractListeningExecutorService	37.28	14.21	0	19	AbstractExecutorService; Callable; CanIgnoreReturnValue
src/main/java/com/moonsworth/lunar/genesis/AbstractFuture$Cancellation.java	AbstractFuture$Cancellation	com.google.common.util.concurrent.AbstractFuture$Cancellation	19.59	5.00	0	9	AbstractFuture$Cancellation; Nullable; Throwable
src/main/java/com/moonsworth/lunar/genesis/AbstractFuture$Failure$1.java	AbstractFuture$Failure$1	com.google.common.util.concurrent.AbstractFuture$Failure$1	16.04	7.66	0	5	AbstractFuture$Failure$1; String; Throwable
src/main/java/com/moonsworth/lunar/genesis/AbstractFuture$Failure.java	AbstractFuture$Failure	com.google.common.util.concurrent.AbstractFuture$Failure	31.40	14.85	0	10	AbstractFuture$Failure; Failure; Preconditions
src/main/java/com/moonsworth/lunar/genesis/AbstractFuture$SetFuture.java	AbstractFuture$SetFuture	com.google.common.util.concurrent.AbstractFuture$SetFuture	17.82	6.41	0	6	AbstractFuture$SetFuture; ListenableFuture; Object
src/main/java/com/moonsworth/lunar/genesis/AbstractFuture$Trusted.java	AbstractFuture$Trusted	com.google.common.util.concurrent.AbstractFuture$Trusted	11.96	4.29	0	2	AbstractFuture$Trusted; ListenableFuture
src/main/java/com/moonsworth/lunar/genesis/AbstractGraphBuilder.java	AbstractGraphBuilder	com.google.common.graph.AbstractGraphBuilder	16.23	5.00	0	5	AbstractGraphBuilder; Integer; Optional
src/main/java/com/moonsworth/lunar/genesis/AbstractHashFunction.java	AbstractHashFunction	com.google.common.hash.AbstractHashFunction	57.95	20.77	0	24	AbstractHashFunction; ByteBuffer; CharSequence
src/main/java/com/moonsworth/lunar/genesis/AbstractHasher.java	AbstractHasher	com.google.common.hash.AbstractHasher	77.12	35.78	0	33	AbstractHasher; Buffer; ByteBuffer
src/main/java/com/moonsworth/lunar/genesis/AbstractIdleService$1.java	AbstractIdleService$1	com.google.common.util.concurrent.AbstractIdleService$1	26.06	10.12	0	12	AbstractIdleService$1; Executor; Runnable
src/main/java/com/moonsworth/lunar/genesis/AbstractIdleService$DelegateService.java	AbstractIdleService$DelegateService	com.google.common.util.concurrent.AbstractIdleService$DelegateService	23.27	9.16	0	8	AbstractIdleService$DelegateService; String; com
src/main/java/com/moonsworth/lunar/genesis/AbstractIdleService$ThreadNameSupplier.java	AbstractIdleService$ThreadNameSupplier	com.google.common.util.concurrent.AbstractIdleService$ThreadNameSupplier	17.51	5.96	0	6	AbstractIdleService$ThreadNameSupplier; String; Supplier
src/main/java/com/moonsworth/lunar/genesis/AbstractInvocationHandler.java	AbstractInvocationHandler	com.google.common.reflect.AbstractInvocationHandler	65.77	39.66	0	31	AbstractInvocationHandler; Arrays; Beta
src/main/java/com/moonsworth/lunar/genesis/AbstractListIterator.java	AbstractListIterator	com.google.common.collect.CartesianList	71.36	41.27	0	36	AbstractList; ArithmeticException; IllegalArgumentException
src/main/java/com/moonsworth/lunar/genesis/AbstractListMultimap.java	AbstractListMultimap	com.google.common.collect.AbstractListMultimap	64.58	17.78	0	33	AbstractListMultimap; CanIgnoreReturnValue; Collection
src/main/java/com/moonsworth/lunar/genesis/AbstractListeningExecutorService.java	AbstractListeningExecutorService	com.google.common.util.concurrent.AbstractListeningExecutorService	57.33	27.22	0	24	AbstractExecutorService; AbstractListeningExecutorService; Beta
src/main/java/com/moonsworth/lunar/genesis/AbstractLoadingCache.java	AbstractLoadingCache	com.google.common.cache.AbstractLoadingCache	53.99	21.52	0	22	AbstractCache; AbstractLoadingCache; ExecutionException
src/main/java/com/moonsworth/lunar/genesis/AbstractMapLoader$Data16.java	AbstractMapLoader$Data16	com.google.common.cache.LocalCache$LoadingSerializationProxy	31.24	11.24	0	18	Iterable; Nullable; Object
src/main/java/com/moonsworth/lunar/genesis/AbstractMapLoader$Data24.java	AbstractMapLoader$Data24	com.google.common.cache.LocalCache$AbstractCacheSet	23.30	8.32	0	16	AbstractSet; ConcurrentMap; Object
src/main/java/com/moonsworth/lunar/genesis/AbstractMapLoader$Data30.java	AbstractMapLoader$Data30	com.google.common.cache.LocalCache$Segment	452.21	262.91	2	143	Recursive load of: %s; Weights must be non-negative; AssertionError; AtomicInteger; AtomicReferenceArray
src/main/java/com/moonsworth/lunar/genesis/AbstractMapLoader$Data32.java	AbstractMapLoader$Data32	com.google.common.cache.LocalCache$LoadingValueReference	84.31	23.06	0	38	BiFunction; ExecutionException; InterruptedException
src/main/java/com/moonsworth/lunar/genesis/AbstractMapLoader$Data35.java	AbstractMapLoader$Data35	com.google.common.cache.LocalCache$LocalLoadingCache	29.25	8.61	0	15	ExecutionException; Iterable; Object
src/main/java/com/moonsworth/lunar/genesis/AbstractMapLoader$Data41.java	AbstractMapLoader$Data41	com.google.common.cache.LocalCache$ManualSerializationProxy	33.10	11.08	0	19	INSTANCE; NANOSECONDS; Nullable
src/main/java/com/moonsworth/lunar/genesis/AbstractMapLoader$Type2.java	AbstractMapLoader$Type2	com.google.common.cache.LocalCache$EntryFactory	112.35	73.19	0	33	ACCESS_MASK; Nullable; STRONG
src/main/java/com/moonsworth/lunar/genesis/AbstractMapLoader_2.java	AbstractMapLoader_2	com.google.common.cache.LocalCache	408.98	212.74	1	152	 returned null map from loadAll; AbstractMap; ArrayList; AtomicReferenceArray
src/main/java/com/moonsworth/lunar/genesis/AbstractNonStreamingHashFunction$ExposedByteArrayOutputStream.java	AbstractNonStreamingHashFunction$ExposedByteArrayOutputStream	com.google.common.hash.AbstractNonStreamingHashFunction$ExposedByteArrayOutputStream	36.61	17.23	0	15	AbstractNonStreamingHashFunction$ExposedByteArrayOutputStream; Arrays; ByteArrayOutputStream
src/main/java/com/moonsworth/lunar/genesis/AbstractQueueIterator.java	AbstractQueueIterator	com.google.common.collect.MinMaxPriorityQueue	178.62	69.11	1	66	negative index; AbstractQueue; CanIgnoreReturnValue; Collection
src/main/java/com/moonsworth/lunar/genesis/AbstractScheduledService$CustomScheduler$Schedule.java	AbstractScheduledService$CustomScheduler$Schedule	com.google.common.util.concurrent.AbstractScheduledService$CustomScheduler$Schedule	18.06	8.19	0	8	AbstractScheduledService$CustomScheduler$Schedule; Preconditions; TimeUnit
src/main/java/com/moonsworth/lunar/genesis/AbstractScheduledService$Scheduler.java	AbstractScheduledService$Scheduler	com.google.common.util.concurrent.AbstractScheduledService$Scheduler	72.23	38.44	2	21	delay must be > 0, found %s; period must be > 0, found %s; AbstractScheduledService$Scheduler; Duration; Future
src/main/java/com/moonsworth/lunar/genesis/AbstractSequentialIterator.java	AbstractSequentialIterator	com.google.common.collect.AbstractSequentialIterator	31.36	12.38	0	16	AbstractSequentialIterator; GwtCompatible; NoSuchElementException
src/main/java/com/moonsworth/lunar/genesis/AbstractSetBase2.java	AbstractSetBase2	com.google.common.graph.IncidentEdgeSet	44.73	15.50	0	25	AbstractSet; Nullable; Object
src/main/java/com/moonsworth/lunar/genesis/AbstractSetImpl.java	AbstractSetImpl	com.google.common.graph.EdgesConnecting	21.99	5.51	0	17	AbstractSet; Map; Nullable
src/main/java/com/moonsworth/lunar/genesis/AbstractSetMultimap.java	AbstractSetMultimap	com.google.common.collect.AbstractSetMultimap	68.98	19.45	0	35	AbstractSetMultimap; CanIgnoreReturnValue; Collection
src/main/java/com/moonsworth/lunar/genesis/AbstractSortedKeySortedSetMultimap.java	AbstractSortedKeySortedSetMultimap	com.google.common.collect.AbstractSortedKeySortedSetMultimap	31.46	11.10	0	13	AbstractSortedKeySortedSetMultimap; Collection; GwtCompatible
src/main/java/com/moonsworth/lunar/genesis/AbstractStreamingHasher.java	AbstractStreamingHasher	com.google.common.hash.AbstractStreamingHasher	92.87	38.19	0	34	AbstractHasher; AbstractStreamingHasher; Buffer
src/main/java/com/moonsworth/lunar/genesis/AbstractTransformFuture$AsyncTransformFuture.java	AbstractTransformFuture$AsyncTransformFuture	com.google.common.util.concurrent.AbstractTransformFuture$AsyncTransformFuture	50.14	15.68	0	19	AbstractTransformFuture$AsyncTransformFuture; AsyncFunction; Did
src/main/java/com/moonsworth/lunar/genesis/AbstractTransformFuture$TransformFuture.java	AbstractTransformFuture$TransformFuture	com.google.common.util.concurrent.AbstractTransformFuture$TransformFuture	27.59	8.11	0	12	AbstractTransformFuture$TransformFuture; Function; ListenableFuture
src/main/java/com/moonsworth/lunar/genesis/AbstractValueGraph.java	AbstractValueGraph	com.google.common.graph.AbstractValueGraph	75.11	23.97	2	27	, allowsSelfLoops: ; isDirected: ; AbstractBaseGraph; AbstractValueGraph; Beta
src/main/java/com/moonsworth/lunar/genesis/AccessibleObjectImpl.java	AccessibleObjectImpl	com.google.common.reflect.Element	92.39	41.94	0	41	AccessibleObject; Annotation; Class
src/main/java/com/moonsworth/lunar/genesis/AllEqualOrdering.java	AllEqualOrdering	com.google.common.collect.AllEqualOrdering	56.86	17.92	1	23	Ordering.allEqual(); AllEqualOrdering; GwtCompatible; Iterable
src/main/java/com/moonsworth/lunar/genesis/AllowConcurrentEvents.java	AllowConcurrentEvents	com.google.common.eventbus.AllowConcurrentEvents	24.26	8.80	0	11	AllowConcurrentEvents; Beta; ElementType
src/main/java/com/moonsworth/lunar/genesis/AnnotatedElementIterator.java	AnnotatedElementIterator	com.google.common.reflect.Parameter	72.72	42.09	0	35	AnnotatedElement; AnnotatedType; Annotation
src/main/java/com/moonsworth/lunar/genesis/AppendableWriter.java	AppendableWriter	com.google.common.io.AppendableWriter	56.04	26.96	0	26	Appendable; AppendableWriter; Cannot
src/main/java/com/moonsworth/lunar/genesis/ArrayBasedCharEscaper.java	ArrayBasedCharEscaper	com.google.common.escape.ArrayBasedCharEscaper	45.26	13.46	0	18	ArrayBasedCharEscaper; ArrayBasedEscaperMap; Beta
src/main/java/com/moonsworth/lunar/genesis/ArrayBasedEscaperMap.java	ArrayBasedEscaperMap	com.google.common.escape.ArrayBasedEscaperMap	41.16	20.19	0	19	ArrayBasedEscaperMap; Beta; Character
src/main/java/com/moonsworth/lunar/genesis/ArrayBasedUnicodeEscaper.java	ArrayBasedUnicodeEscaper	com.google.common.escape.ArrayBasedUnicodeEscaper	61.96	30.16	0	28	ArrayBasedEscaperMap; ArrayBasedUnicodeEscaper; Beta
src/main/java/com/moonsworth/lunar/genesis/ArrayListMultimap.java	ArrayListMultimap	com.google.common.collect.ArrayListMultimap	78.93	27.67	0	32	ArrayList; ArrayListMultimap; CollectPreconditions
src/main/java/com/moonsworth/lunar/genesis/ArrayListMultimapGwtSerializationDependencies.java	ArrayListMultimapGwtSerializationDependencies	com.google.common.collect.ArrayListMultimapGwtSerializationDependencies	17.72	5.00	0	8	ArrayListMultimapGwtSerializationDependencies; Collection; GwtCompatible
src/main/java/com/moonsworth/lunar/genesis/ArrayTable$ArrayMap.java	ArrayTable$ArrayMap	com.google.common.collect.ArrayTable$ArrayMap	69.84	27.76	0	39	ArrayTable$ArrayMap; Entry; IllegalArgumentException
src/main/java/com/moonsworth/lunar/genesis/Ascii.java	Ascii	com.google.common.base.Ascii	70.38	42.24	0	27	Ascii; CharSequence; GwtCompatible
src/main/java/com/moonsworth/lunar/genesis/AsyncCallable.java	AsyncCallable	com.google.common.util.concurrent.AsyncCallable	21.27	7.82	0	7	AsyncCallable; Beta; FunctionalInterface
src/main/java/com/moonsworth/lunar/genesis/AsyncFunction.java	AsyncFunction	com.google.common.util.concurrent.AsyncFunction	25.06	9.54	0	11	AsyncFunction; FunctionalInterface; GwtCompatible
src/main/java/com/moonsworth/lunar/genesis/AtomicDouble.java	AtomicDouble	com.google.common.util.concurrent.AtomicDouble	99.63	40.60	0	41	AtomicDouble; AtomicLongFieldUpdater; CanIgnoreReturnValue
src/main/java/com/moonsworth/lunar/genesis/AtomicLongMap.java	AtomicLongMap	com.google.common.util.concurrent.AtomicLongMap	165.13	99.45	0	68	AtomicBoolean; AtomicLong; AtomicLongMap
src/main/java/com/moonsworth/lunar/genesis/AtomicReferenceTask.java	AtomicReferenceTask	com.google.common.util.concurrent.InterruptibleTask	141.91	74.56	2	48	running=[NOT STARTED YET]; running=[RUNNING ON ; AtomicReference; DONE; FULL
src/main/java/com/moonsworth/lunar/genesis/Atomics.java	Atomics	com.google.common.util.concurrent.Atomics	39.84	22.86	0	16	AtomicReference; AtomicReferenceArray; Atomics
src/main/java/com/moonsworth/lunar/genesis/BaseEncoding$1.java	BaseEncoding$1	com.google.common.io.BaseEncoding$1	23.02	7.88	0	7	BaseEncoding$1; CharSink; OutputStream
src/main/java/com/moonsworth/lunar/genesis/BaseEncoding$2.java	BaseEncoding$2	com.google.common.io.BaseEncoding$2	19.19	7.37	0	6	BaseEncoding$2; InputStream; com
src/main/java/com/moonsworth/lunar/genesis/BaseEncoding$3.java	BaseEncoding$3	com.google.common.io.BaseEncoding$3	20.55	7.19	0	9	BaseEncoding$3; Reader; String
src/main/java/com/moonsworth/lunar/genesis/BaseEncoding$4.java	BaseEncoding$4	com.google.common.io.BaseEncoding$4	28.91	15.90	0	13	Appendable; BaseEncoding$4; CharSequence
src/main/java/com/moonsworth/lunar/genesis/BaseEncoding$SeparatedBaseEncoding.java	BaseEncoding$SeparatedBaseEncoding	com.google.common.io.BaseEncoding$SeparatedBaseEncoding	149.45	60.91	2	47	.withSeparator("; Already have a separator; Already; Appendable; BaseEncoding$SeparatedBaseEncoding
src/main/java/com/moonsworth/lunar/genesis/BaseImmutableMultimap.java	BaseImmutableMultimap	com.google.common.collect.BaseImmutableMultimap	15.54	8.57	0	4	AbstractMultimap; BaseImmutableMultimap; GwtCompatible
src/main/java/com/moonsworth/lunar/genesis/BiPredicateLoader.java	BiPredicateLoader	com.google.common.base.Equivalence	45.54	11.66	0	24	BiPredicate; Deprecated; ForOverride
src/main/java/com/moonsworth/lunar/genesis/BiPredicateLoader2.java	BiPredicateLoader2	com.google.common.base.PairwiseEquivalence	45.59	19.47	1	24	.pairwise(); Iterable; Iterator; Nullable
src/main/java/com/moonsworth/lunar/genesis/BloomFilterStrategies$LockFreeBitArray.java	BloomFilterStrategies$LockFreeBitArray	com.google.common.hash.BloomFilterStrategies$LockFreeBitArray	98.87	47.16	1	39	data length is zero!; Arrays; AtomicLongArray; BitArrays
src/main/java/com/moonsworth/lunar/genesis/BoundType.java	BoundType	com.google.common.collect.BoundType	27.30	10.02	0	8	BoundType; CLOSED; GwtCompatible
src/main/java/com/moonsworth/lunar/genesis/ByteProcessor.java	ByteProcessor	com.google.common.io.ByteProcessor	48.58	26.46	1	13	Implement it normally; Beta; ByteProcessor; CanIgnoreReturnValue
src/main/java/com/moonsworth/lunar/genesis/ByteSource$ByteArrayByteSource.java	ByteSource$ByteArrayByteSource	com.google.common.io.ByteSource$ByteArrayByteSource	116.92	58.81	3	37	ByteSource.wrap(; length (%s) may not be negative; Arrays; Ascii; ByteArrayInputStream
src/main/java/com/moonsworth/lunar/genesis/ByteSource$ConcatenatedByteSource.java	ByteSource$ConcatenatedByteSource	com.google.common.io.ByteSource$ConcatenatedByteSource	53.90	22.65	1	22	ByteSource.concat(; ByteSource; ByteSource$ConcatenatedByteSource; Collection
src/main/java/com/moonsworth/lunar/genesis/ByteSource$SlicedByteSource.java	ByteSource$SlicedByteSource	com.google.common.io.ByteSource$SlicedByteSource	92.28	34.27	2	31	length (%s) may not be negative; offset (%s) may not be negative; ByteArrayInputStream; ByteSource$SlicedByteSource; InputStream
src/main/java/com/moonsworth/lunar/genesis/ByteStreams$ByteArrayDataInputStream.java	ByteStreams$ByteArrayDataInputStream	com.google.common.io.ByteStreams$ByteArrayDataInputStream	72.96	19.95	0	26	AssertionError; ByteArrayDataInput; ByteArrayInputStream
src/main/java/com/moonsworth/lunar/genesis/ByteStreams$ByteArrayDataOutputStream.java	ByteStreams$ByteArrayDataOutputStream	com.google.common.io.ByteStreams$ByteArrayDataOutputStream	63.59	17.27	0	23	AssertionError; ByteArrayDataOutput; ByteArrayOutputStream
src/main/java/com/moonsworth/lunar/genesis/ByteStreams$LimitedInputStream.java	ByteStreams$LimitedInputStream	com.google.common.io.ByteStreams$LimitedInputStream	87.18	38.38	3	26	Mark not set; Mark not supported; ByteStreams$LimitedInputStream; FilterInputStream; IOException
src/main/java/com/moonsworth/lunar/genesis/CIterator.java	CIterator	com.google.common.collect.AbstractTable	113.88	28.50	0	56	CanIgnoreReturnValue; Collection; Iterator
src/main/java/com/moonsworth/lunar/genesis/CIterator2.java	CIterator2	com.google.common.collect.StandardTable	134.87	43.51	0	63	CanIgnoreReturnValue; Collection; Entry
src/main/java/com/moonsworth/lunar/genesis/CIterator23.java	CIterator23	com.google.common.collect.HashBasedTable	44.93	12.74	0	26	CanIgnoreReturnValue; LinkedHashMap; Map
src/main/java/com/moonsworth/lunar/genesis/CIterator3.java	CIterator3	com.google.common.collect.ArrayTable	159.67	72.75	2	71	Column %s not in %s; Row %s not in %s; Array; Arrays; CanIgnoreReturnValue
src/main/java/com/moonsworth/lunar/genesis/CIterator4.java	CIterator4	com.google.common.collect.ImmutableTable	113.50	39.59	1	52	should never be called; AssertionError; BinaryOperator; CanIgnoreReturnValue
src/main/java/com/moonsworth/lunar/genesis/CIterator43.java	CIterator43	com.google.common.collect.RegularImmutableTable	43.11	12.17	0	27	Collections; Comparator; Iterable
src/main/java/com/moonsworth/lunar/genesis/CIterator433.java	CIterator433	com.google.common.collect.SparseImmutableTable	39.06	13.69	0	24	Entry; Immutable; Integer
src/main/java/com/moonsworth/lunar/genesis/Cache.java	Cache	com.google.common.cache.Cache	73.83	23.44	0	35	Cache; CacheBuilder; CacheStats
src/main/java/com/moonsworth/lunar/genesis/CacheBuilder$1.java	CacheBuilder$1	com.google.common.cache.CacheBuilder$1	35.67	9.51	0	9	AbstractCache$StatsCounter; CacheBuilder$1; CacheStats
src/main/java/com/moonsworth/lunar/genesis/CacheBuilder$3.java	CacheBuilder$3	com.google.common.cache.CacheBuilder$3	11.93	3.62	0	3	CacheBuilder$3; com; read
src/main/java/com/moonsworth/lunar/genesis/CacheBuilderSpec$RecordStatsParser.java	CacheBuilderSpec$RecordStatsParser	com.google.common.cache.CacheBuilderSpec$RecordStatsParser	50.38	23.17	1	18	recordStats already set; CacheBuilderSpec$RecordStatsParser; CacheBuilderSpec$ValueParser; Nullable
src/main/java/com/moonsworth/lunar/genesis/CacheBuilderSpec$ValueParser.java	CacheBuilderSpec$ValueParser	com.google.common.cache.CacheBuilderSpec$ValueParser	16.20	5.00	0	8	CacheBuilderSpec$ValueParser; Nullable; String
src/main/java/com/moonsworth/lunar/genesis/CacheBuilderSpec$WriteDurationParser.java	CacheBuilderSpec$WriteDurationParser	com.google.common.cache.CacheBuilderSpec$WriteDurationParser	45.25	18.58	1	13	expireAfterWrite already set; CacheBuilderSpec$WriteDurationParser; Preconditions; TimeUnit
src/main/java/com/moonsworth/lunar/genesis/CacheLoader$FunctionToCacheLoader.java	CacheLoader$FunctionToCacheLoader	com.google.common.cache.CacheLoader$FunctionToCacheLoader	20.52	8.33	0	9	CacheLoader$FunctionToCacheLoader; Function; Preconditions
src/main/java/com/moonsworth/lunar/genesis/CacheLoader$InvalidCacheLoadException.java	CacheLoader$InvalidCacheLoadException	com.google.common.cache.CacheLoader$InvalidCacheLoadException	12.16	5.00	0	4	CacheLoader$InvalidCacheLoadException; RuntimeException; String
src/main/java/com/moonsworth/lunar/genesis/CacheLoader$SupplierToCacheLoader.java	CacheLoader$SupplierToCacheLoader	com.google.common.cache.CacheLoader$SupplierToCacheLoader	20.48	7.58	0	10	CacheLoader$SupplierToCacheLoader; Object; Preconditions
src/main/java/com/moonsworth/lunar/genesis/CacheLoader$UnsupportedLoadingOperationException.java	CacheLoader$UnsupportedLoadingOperationException	com.google.common.cache.CacheLoader$UnsupportedLoadingOperationException	11.55	3.41	0	3	CacheLoader$UnsupportedLoadingOperationException; UnsupportedOperationException; com
src/main/java/com/moonsworth/lunar/genesis/Callables$4.java	Callables$4	com.google.common.util.concurrent.Callables$4	29.94	9.55	0	12	Callables; Callables$4; Runnable
src/main/java/com/moonsworth/lunar/genesis/Callables.java	Callables	com.google.common.util.concurrent.Callables	65.90	31.55	0	28	AsyncCallable; Beta; Callable
src/main/java/com/moonsworth/lunar/genesis/CaseFormat$4.java	CaseFormat$4	com.google.common.base.CaseFormat$4	16.38	5.00	0	5	CaseFormat$4; String; access$100
src/main/java/com/moonsworth/lunar/genesis/CaseFormat$StringConverter.java	CaseFormat$StringConverter	com.google.common.base.CaseFormat$StringConverter	46.72	23.72	1	19	.converterTo(; CaseFormat$StringConverter; Nullable; Object
src/main/java/com/moonsworth/lunar/genesis/CharEscaperBuilder$CharArrayDecorator.java	CharEscaperBuilder$CharArrayDecorator	com.google.common.escape.CharEscaperBuilder$CharArrayDecorator	21.20	9.51	0	7	CharEscaper; CharEscaperBuilder$CharArrayDecorator; String
src/main/java/com/moonsworth/lunar/genesis/CharMatcher$And.java	CharMatcher$And	com.google.common.base.CharMatcher$And	41.28	16.25	1	14	CharMatcher.and(; BitSet; CharMatcher; CharMatcher$And
src/main/java/com/moonsworth/lunar/genesis/CharMatcher$AnyOf.java	CharMatcher$AnyOf	com.google.common.base.CharMatcher$AnyOf	55.07	19.93	1	21	CharMatcher.anyOf("; Arrays; BitSet; CharMatcher
src/main/java/com/moonsworth/lunar/genesis/CharMatcher$JavaDigit.java	CharMatcher$JavaDigit	com.google.common.base.CharMatcher$JavaDigit	36.09	17.99	1	9	CharMatcher.javaDigit(); CharMatcher; CharMatcher$JavaDigit; Character
src/main/java/com/moonsworth/lunar/genesis/CharMatcher$JavaLetter.java	CharMatcher$JavaLetter	com.google.common.base.CharMatcher$JavaLetter	36.68	18.58	1	9	CharMatcher.javaLetter(); CharMatcher; CharMatcher$JavaLetter; Character
src/main/java/com/moonsworth/lunar/genesis/CharMatcher$JavaLetterOrDigit.java	CharMatcher$JavaLetterOrDigit	com.google.common.base.CharMatcher$JavaLetterOrDigit	36.61	18.52	1	9	CharMatcher.javaLetterOrDigit(); CharMatcher; CharMatcher$JavaLetterOrDigit; Character
src/main/java/com/moonsworth/lunar/genesis/CharMatcher$JavaLowerCase.java	CharMatcher$JavaLowerCase	com.google.common.base.CharMatcher$JavaLowerCase	36.61	18.52	1	9	CharMatcher.javaLowerCase(); CharMatcher; CharMatcher$JavaLowerCase; Character
src/main/java/com/moonsworth/lunar/genesis/CharMatcher$JavaUpperCase.java	CharMatcher$JavaUpperCase	com.google.common.base.CharMatcher$JavaUpperCase	36.41	18.32	1	9	CharMatcher.javaUpperCase(); CharMatcher; CharMatcher$JavaUpperCase; Character
src/main/java/com/moonsworth/lunar/genesis/CharMatcher$Or.java	CharMatcher$Or	com.google.common.base.CharMatcher$Or	39.09	16.25	1	13	CharMatcher.or(; BitSet; CharMatcher; CharMatcher$Or
src/main/java/com/moonsworth/lunar/genesis/CharMatcher$RangesMatcher.java	CharMatcher$RangesMatcher	com.google.common.base.CharMatcher$RangesMatcher	21.98	9.31	0	11	Arrays; CharMatcher$RangesMatcher; Preconditions
src/main/java/com/moonsworth/lunar/genesis/CharSequenceReader.java	CharSequenceReader	com.google.common.io.CharSequenceReader	110.96	76.34	2	36	n (%s) may not be negative; reader closed; CharBuffer; CharSequence; CharSequenceReader
src/main/java/com/moonsworth/lunar/genesis/CharSink.java	CharSink	com.google.common.io.CharSink	93.20	39.69	1	40	line.separator; Beta; BufferedWriter; CanIgnoreReturnValue
src/main/java/com/moonsworth/lunar/genesis/CharSource$AsByteSource.java	CharSource$AsByteSource	com.google.common.io.CharSource$AsByteSource	44.84	21.94	1	15	.asByteSource(; CharSource$AsByteSource; Charset; InputStream
src/main/java/com/moonsworth/lunar/genesis/CharSource$CharSequenceCharSource.java	CharSource$CharSequenceCharSource	com.google.common.io.CharSource$CharSequenceCharSource	88.15	40.39	1	32	CharSource.wrap(; Ascii; CharSequence; CharSequenceReader
src/main/java/com/moonsworth/lunar/genesis/CharSource$ConcatenatedCharSource.java	CharSource$ConcatenatedCharSource	com.google.common.io.CharSource$ConcatenatedCharSource	53.61	20.13	1	20	CharSource.concat(; CharSource; CharSource$ConcatenatedCharSource; Iterable
src/main/java/com/moonsworth/lunar/genesis/CharStreams$NullWriter.java	CharStreams$NullWriter	com.google.common.io.CharStreams$NullWriter	54.64	29.33	1	22	CharStreams.nullWriter(); CharSequence; CharStreams; CharStreams$NullWriter
src/main/java/com/moonsworth/lunar/genesis/ChecksumHashFunction$ChecksumHasher.java	ChecksumHashFunction$ChecksumHasher	com.google.common.hash.ChecksumHashFunction$ChecksumHasher	28.08	12.88	0	11	AbstractByteHasher; Checksum; ChecksumHashFunction$ChecksumHasher
src/main/java/com/moonsworth/lunar/genesis/ClassToInstanceMap.java	ClassToInstanceMap	com.google.common.collect.ClassToInstanceMap	46.94	16.82	0	22	CanIgnoreReturnValue; Class; ClassToInstanceMap
src/main/java/com/moonsworth/lunar/genesis/ClientGameBootstrap.java	ClientGameBootstrap	org.spongepowered.asm.mixin.transformer.MixinProxyImpl	104.61	32.28	0	52	Boolean; Class; ClassLoader
src/main/java/com/moonsworth/lunar/genesis/CollectSpliterators$FlatMapSpliterator$Factory.java	CollectSpliterators$FlatMapSpliterator$Factory	com.google.common.collect.CollectSpliterators$FlatMapSpliterator$Factory	30.83	7.82	0	11	CollectSpliterators$FlatMapSpliterator$Factory; Function; FunctionalInterface
src/main/java/com/moonsworth/lunar/genesis/CollectionFuture$Present.java	CollectionFuture$Present	com.google.common.util.concurrent.CollectionFuture$Present	10.98	4.12	0	3	CollectionFuture$Present; com; value
src/main/java/com/moonsworth/lunar/genesis/Collections2$FilteredCollection.java	Collections2$FilteredCollection	com.google.common.collect.Collections2$FilteredCollection	80.03	33.91	0	42	AbstractCollection; Collection; Collections2$FilteredCollection
src/main/java/com/moonsworth/lunar/genesis/Collections2$OrderedPermutationIterator.java	Collections2$OrderedPermutationIterator	com.google.common.collect.Collections2$OrderedPermutationIterator	71.02	43.31	0	29	AssertionError; Collections; Collections2$OrderedPermutationIterator
src/main/java/com/moonsworth/lunar/genesis/Collections2$PermutationIterator.java	Collections2$PermutationIterator	com.google.common.collect.Collections2$PermutationIterator	36.14	19.10	0	15	ArrayList; Arrays; Collections
src/main/java/com/moonsworth/lunar/genesis/Collections2$TransformedCollection.java	Collections2$TransformedCollection	com.google.common.collect.Collections2$TransformedCollection	47.99	12.43	0	25	AbstractCollection; Collection; Collections2$TransformedCollection
src/main/java/com/moonsworth/lunar/genesis/CombinedFuture$CombinedFutureInterruptibleTask.java	CombinedFuture$CombinedFutureInterruptibleTask	com.google.common.util.concurrent.CombinedFuture$CombinedFutureInterruptibleTask	53.59	23.08	0	20	CancellationException; CombinedFuture$CombinedFutureInterruptibleTask; ExecutionException
src/main/java/com/moonsworth/lunar/genesis/CommonMatcher.java	CommonMatcher	com.google.common.base.CommonMatcher	23.63	6.96	0	9	CommonMatcher; GwtCompatible; String
src/main/java/com/moonsworth/lunar/genesis/CommonPattern.java	CommonPattern	com.google.common.base.CommonPattern	32.93	14.39	0	11	CharSequence; CommonMatcher; CommonPattern
src/main/java/com/moonsworth/lunar/genesis/CompactLinkedHashSet.java	CompactLinkedHashSet	com.google.common.collect.CompactLinkedHashSet	131.24	40.99	0	50	Arrays; CanIgnoreReturnValue; Collection
src/main/java/com/moonsworth/lunar/genesis/Comparator.java	Comparator	com.google.common.collect.Ordering	113.72	54.35	0	57	ArrayList; Arrays; CanIgnoreReturnValue
src/main/java/com/moonsworth/lunar/genesis/Comparator10.java	Comparator10	com.google.common.collect.NullsLastOrdering	31.38	9.70	1	16	.nullsLast(); Nullable; Object; Serializable
src/main/java/com/moonsworth/lunar/genesis/Comparator11.java	Comparator11	com.google.common.collect.NaturalOrdering	39.47	12.67	1	19	Ordering.natural(); Comparable; Nullable; Object
src/main/java/com/moonsworth/lunar/genesis/Comparator12.java	Comparator12	com.google.common.collect.AllEqualOrdering	45.39	12.92	1	21	Ordering.allEqual(); Iterable; List; Nullable
src/main/java/com/moonsworth/lunar/genesis/Comparator13.java	Comparator13	com.google.common.collect.UsingToStringOrdering	31.07	14.21	1	12	Ordering.usingToString(); Object; Ordering; Serializable
src/main/java/com/moonsworth/lunar/genesis/Comparator2.java	Comparator2	com.google.common.collect.ReverseOrdering	37.00	11.54	1	22	.reverse(); Iterable; Iterator; Nullable
src/main/java/com/moonsworth/lunar/genesis/Comparator3.java	Comparator3	com.google.common.collect.LexicographicalOrdering	39.68	14.51	1	23	.lexicographical(); Comparator; Iterable; Iterator
src/main/java/com/moonsworth/lunar/genesis/Comparator4.java	Comparator4	com.google.common.collect.ExplicitOrdering	41.61	17.07	1	22	Ordering.explicit(; Integer; List; Nullable
src/main/java/com/moonsworth/lunar/genesis/Comparator5.java	Comparator5	com.google.common.collect.CompoundOrdering	35.22	14.51	1	17	Ordering.compound(; Arrays; Comparator; Iterable
src/main/java/com/moonsworth/lunar/genesis/Comparator6.java	Comparator6	com.google.common.collect.ReverseNaturalOrdering	42.35	15.13	1	20	Ordering.natural().reverse(); Comparable; Iterable; Iterator
src/main/java/com/moonsworth/lunar/genesis/Comparator8.java	Comparator8	com.google.common.collect.NullsFirstOrdering	31.46	9.70	1	16	.nullsFirst(); Nullable; Object; Serializable
src/main/java/com/moonsworth/lunar/genesis/ComparatorOrdering.java	ComparatorOrdering	com.google.common.collect.ComparatorOrdering	34.53	9.09	0	21	Comparator; ComparatorOrdering; GwtCompatible
src/main/java/com/moonsworth/lunar/genesis/Comparators.java	Comparators	com.google.common.collect.Comparators	113.32	62.13	0	40	Beta; Characteristics; CollectPreconditions
src/main/java/com/moonsworth/lunar/genesis/ComparisonChain$1.java	ComparisonChain$1	com.google.common.collect.ComparisonChain$1	31.02	10.78	0	16	Comparable; Comparator; ComparisonChain$1
src/main/java/com/moonsworth/lunar/genesis/CompoundOrdering.java	CompoundOrdering	com.google.common.collect.CompoundOrdering	46.69	19.51	1	19	Ordering.compound(; Arrays; Comparator; CompoundOrdering
src/main/java/com/moonsworth/lunar/genesis/ComputationException.java	ComputationException	com.google.common.collect.ComputationException	23.59	9.85	0	11	ComputationException; Deprecated; GwtCompatible
src/main/java/com/moonsworth/lunar/genesis/ConcurrentHashMultiset$FieldSettersHolder.java	ConcurrentHashMultiset$FieldSettersHolder	com.google.common.collect.ConcurrentHashMultiset$FieldSettersHolder	18.47	5.00	0	4	ConcurrentHashMultiset$FieldSettersHolder; Serialization$FieldSetter; com
src/main/java/com/moonsworth/lunar/genesis/ConcurrentUninterruptibles.java	ConcurrentUninterruptibles	com.google.common.util.concurrent.Uninterruptibles	132.69	67.38	0	48	Beta; BlockingQueue; CanIgnoreReturnValue
src/main/java/com/moonsworth/lunar/genesis/ConsumingQueueIterator.java	ConsumingQueueIterator	com.google.common.collect.ConsumingQueueIterator	29.91	14.84	0	14	ArrayDeque; Collections; ConsumingQueueIterator
src/main/java/com/moonsworth/lunar/genesis/Converter$ConverterComposition.java	Converter$ConverterComposition	com.google.common.base.Converter$ConverterComposition	44.27	11.10	0	20	AssertionError; Converter$ConverterComposition; Nullable
src/main/java/com/moonsworth/lunar/genesis/Converter$FunctionBasedConverter.java	Converter$FunctionBasedConverter	com.google.common.base.Converter$FunctionBasedConverter	50.56	18.96	1	22	Converter.from(; Converter; Converter$FunctionBasedConverter; Function
src/main/java/com/moonsworth/lunar/genesis/Converter$IdentityConverter.java	Converter$IdentityConverter	com.google.common.base.Converter$IdentityConverter	47.14	25.14	1	15	Converter.identity(); Converter; Converter$IdentityConverter; Object
src/main/java/com/moonsworth/lunar/genesis/Converter$ReverseConverter.java	Converter$ReverseConverter	com.google.common.base.Converter$ReverseConverter	50.80	19.70	1	20	.reverse(); AssertionError; Converter$ReverseConverter; Nullable
src/main/java/com/moonsworth/lunar/genesis/Count.java	Count	com.google.common.collect.Count	36.36	12.86	0	22	Count; GwtCompatible; Integer
src/main/java/com/moonsworth/lunar/genesis/CountingInputStream.java	CountingInputStream	com.google.common.io.CountingInputStream	67.40	18.60	2	21	Mark not set; Mark not supported; Beta; CountingInputStream; FilterInputStream
src/main/java/com/moonsworth/lunar/genesis/CountingOutputStream.java	CountingOutputStream	com.google.common.io.CountingOutputStream	33.32	12.50	0	14	Beta; CountingOutputStream; FilterOutputStream
src/main/java/com/moonsworth/lunar/genesis/Crc32cHashFunction$Crc32cHasher.java	Crc32cHashFunction$Crc32cHasher	com.google.common.hash.Crc32cHashFunction$Crc32cHasher	19.94	10.85	0	5	AbstractByteHasher; Crc32cHashFunction$Crc32cHasher; com
src/main/java/com/moonsworth/lunar/genesis/CycleDetectingLockFactory$1.java	CycleDetectingLockFactory$1	com.google.common.util.concurrent.CycleDetectingLockFactory$1	21.75	8.36	0	8	ArrayList; CycleDetectingLockFactory$1; ThreadLocal
src/main/java/com/moonsworth/lunar/genesis/CycleDetectingLockFactory$Policies$3.java	CycleDetectingLockFactory$Policies$3	com.google.common.util.concurrent.CycleDetectingLockFactory$Policies$3	14.26	7.66	0	3	CycleDetectingLockFactory$Policies$3; com; handlePotentialDeadlock
src/main/java/com/moonsworth/lunar/genesis/DeadEvent.java	DeadEvent	com.google.common.eventbus.DeadEvent	28.19	13.67	0	12	Beta; DeadEvent; Object
src/main/java/com/moonsworth/lunar/genesis/Defaults.java	Defaults	com.google.common.base.Defaults	33.15	17.21	0	16	Boolean; Class; Defaults
src/main/java/com/moonsworth/lunar/genesis/DirectedGraphConnections$NodeConnection.java	DirectedGraphConnections$NodeConnection	com.google.common.graph.DirectedGraphConnections$NodeConnection	12.55	5.00	0	4	DirectedGraphConnections$NodeConnection; Preconditions; checkNotNull
src/main/java/com/moonsworth/lunar/genesis/DirectedGraphConnections$PredAndSucc.java	DirectedGraphConnections$PredAndSucc	com.google.common.graph.DirectedGraphConnections$PredAndSucc	10.59	3.62	0	3	DirectedGraphConnections$PredAndSucc; Object; com
src/main/java/com/moonsworth/lunar/genesis/DirectedNetworkConnections.java	DirectedNetworkConnections	com.google.common.graph.DirectedNetworkConnections	39.59	16.67	0	15	AbstractDirectedNetworkConnections; BiMap; Collections
src/main/java/com/moonsworth/lunar/genesis/DiscreteDomain$BigIntegerDomain.java	DiscreteDomain$BigIntegerDomain	com.google.common.collect.DiscreteDomain$BigIntegerDomain	70.53	34.85	1	26	DiscreteDomain.bigIntegers(); BigInteger; CollectPreconditions; DiscreteDomain
src/main/java/com/moonsworth/lunar/genesis/DiscreteDomain$IntegerDomain.java	DiscreteDomain$IntegerDomain	com.google.common.collect.DiscreteDomain$IntegerDomain	65.54	27.60	1	22	DiscreteDomain.integers(); CollectPreconditions; DiscreteDomain; DiscreteDomain$IntegerDomain
src/main/java/com/moonsworth/lunar/genesis/DiscreteDomain$LongDomain.java	DiscreteDomain$LongDomain	com.google.common.collect.DiscreteDomain$LongDomain	65.05	26.85	1	22	DiscreteDomain.longs(); CollectPreconditions; DiscreteDomain; DiscreteDomain$LongDomain
src/main/java/com/moonsworth/lunar/genesis/Dispatcher$ImmediateDispatcher.java	Dispatcher$ImmediateDispatcher	com.google.common.eventbus.Dispatcher$ImmediateDispatcher	21.36	8.96	0	11	Dispatcher$ImmediateDispatcher; Iterator; Object
src/main/java/com/moonsworth/lunar/genesis/Dispatcher$LegacyAsyncDispatcher$EventWithSubscriber.java	Dispatcher$LegacyAsyncDispatcher$EventWithSubscriber	com.google.common.eventbus.Dispatcher$LegacyAsyncDispatcher$EventWithSubscriber	10.59	3.62	0	3	Dispatcher$LegacyAsyncDispatcher$EventWithSubscriber; Object; com
src/main/java/com/moonsworth/lunar/genesis/Dispatcher$PerThreadQueuedDispatcher$Event.java	Dispatcher$PerThreadQueuedDispatcher$Event	com.google.common.eventbus.Dispatcher$PerThreadQueuedDispatcher$Event	12.28	3.41	0	6	Dispatcher$PerThreadQueuedDispatcher$Event; Iterator; Object
src/main/java/com/moonsworth/lunar/genesis/DoubleUtils.java	DoubleUtils	com.google.common.math.DoubleUtils	111.20	63.67	1	33	not a normal value; BigInteger; Double; DoubleUtils
src/main/java/com/moonsworth/lunar/genesis/Doubles$DoubleConverter.java	Doubles$DoubleConverter	com.google.common.primitives.Doubles$DoubleConverter	42.99	24.35	1	14	Doubles.stringConverter(); Double; Doubles; Doubles$DoubleConverter
src/main/java/com/moonsworth/lunar/genesis/DoublesMethodsForWeb.java	DoublesMethodsForWeb	com.google.common.primitives.DoublesMethodsForWeb	13.92	4.29	0	3	DoublesMethodsForWeb; GwtCompatible; emulated
src/main/java/com/moonsworth/lunar/genesis/EdgesConnecting.java	EdgesConnecting	com.google.common.graph.EdgesConnecting	35.24	14.81	0	20	AbstractSet; EdgesConnecting; Map
src/main/java/com/moonsworth/lunar/genesis/Element.java	Element	com.google.common.reflect.Element	101.47	51.02	0	43	AccessibleObject; Annotation; Class
src/main/java/com/moonsworth/lunar/genesis/EmptyContiguousSet$SerializedForm.java	EmptyContiguousSet$SerializedForm	com.google.common.collect.EmptyContiguousSet$SerializedForm	19.38	9.21	0	8	Comparable; EmptyContiguousSet$SerializedForm; GwtIncompatible
src/main/java/com/moonsworth/lunar/genesis/EmptyImmutableListMultimap.java	EmptyImmutableListMultimap	com.google.common.collect.EmptyImmutableListMultimap	17.93	7.59	0	6	EmptyImmutableListMultimap; GwtCompatible; Object
src/main/java/com/moonsworth/lunar/genesis/EmptyImmutableSetMultimap.java	EmptyImmutableSetMultimap	com.google.common.collect.EmptyImmutableSetMultimap	17.93	7.59	0	6	EmptyImmutableSetMultimap; GwtCompatible; Object
src/main/java/com/moonsworth/lunar/genesis/EndpointPair$Unordered.java	EndpointPair$Unordered	com.google.common.graph.EndpointPair$Unordered	83.05	21.77	1	31	Cannot call source()/target() on a EndpointPair from an undirected graph. Consider calling adjacentNode(node) if you already have a node, or nodeU()/nodeV() if you don't.; Consider; EndpointPair; Endp
src/main/java/com/moonsworth/lunar/genesis/EndpointPairIterator$Undirected.java	EndpointPairIterator$Undirected	com.google.common.graph.EndpointPairIterator$Undirected	38.36	16.25	0	17	BaseGraph; EndpointPairIterator$Undirected; Object
src/main/java/com/moonsworth/lunar/genesis/EnumBiMap.java	EnumBiMap	com.google.common.collect.EnumBiMap	96.42	24.63	0	37	Class; Enum; EnumBiMap
src/main/java/com/moonsworth/lunar/genesis/EnumMultiset$Itr.java	EnumMultiset$Itr	com.google.common.collect.EnumMultiset$Itr	31.05	10.80	0	15	CollectPreconditions; EnumMultiset$Itr; Iterator
src/main/java/com/moonsworth/lunar/genesis/Enums$StringConverter.java	Enums$StringConverter	com.google.common.base.Enums$StringConverter	56.39	33.39	1	25	Enums.stringConverter(; Class; Enum; Enums
src/main/java/com/moonsworth/lunar/genesis/Equivalence$Equals.java	Equivalence$Equals	com.google.common.base.Equivalence$Equals	25.58	10.47	0	10	Equivalence$Equals; Object; Serializable
src/main/java/com/moonsworth/lunar/genesis/Equivalence$EquivalentToPredicate.java	Equivalence$EquivalentToPredicate	com.google.common.base.Equivalence$EquivalentToPredicate	47.95	23.72	1	21	.equivalentTo(; Equivalence$EquivalentToPredicate; Nullable; Object
src/main/java/com/moonsworth/lunar/genesis/Equivalence$Identity.java	Equivalence$Identity	com.google.common.base.Equivalence$Identity	27.90	13.85	0	10	Equivalence$Identity; Object; Serializable
src/main/java/com/moonsworth/lunar/genesis/Equivalence$Wrapper.java	Equivalence$Wrapper	com.google.common.base.Equivalence$Wrapper	29.13	9.51	0	18	Equivalence$Wrapper; Nullable; Object
src/main/java/com/moonsworth/lunar/genesis/Escaper$1.java	Escaper$1	com.google.common.escape.Escaper$1	20.55	6.71	0	7	Escaper; Escaper$1; Function
src/main/java/com/moonsworth/lunar/genesis/Escaper.java	Escaper	com.google.common.escape.Escaper	49.02	27.40	0	18	DoNotMock; Escaper; Escaper$1
src/main/java/com/moonsworth/lunar/genesis/Escapers$2.java	Escapers$2	com.google.common.escape.Escapers$2	26.76	10.93	0	7	CharEscaper; Character; Escapers$2
src/main/java/com/moonsworth/lunar/genesis/Escapers$Builder.java	Escapers$Builder	com.google.common.escape.Escapers$Builder	50.60	19.51	0	25	Beta; CanIgnoreReturnValue; Character
src/main/java/com/moonsworth/lunar/genesis/EventBus$LoggingHandler.java	EventBus$LoggingHandler	com.google.common.eventbus.EventBus$LoggingHandler	96.74	61.57	2	30	 on subscriber ;  when dispatching event: ; EventBus$LoggingHandler; Exception; Level
src/main/java/com/moonsworth/lunar/genesis/EvictingQueue.java	EvictingQueue	com.google.common.collect.EvictingQueue	77.43	48.08	1	32	maxSize (%s) must >= 0; ArrayDeque; Beta; CanIgnoreReturnValue
src/main/java/com/moonsworth/lunar/genesis/ExecutorServiceExtension.java	ExecutorServiceExtension	com.google.common.util.concurrent.ListeningExecutorService	75.58	39.93	1	27	Use TestingExecutors.sameThreadScheduledExecutor, or wrap a real Executor from java.util.concurrent.Executors with MoreExecutors.listeningDecorator; Callable; Collection; DoNotMock
src/main/java/com/moonsworth/lunar/genesis/ExecutorType.java	ExecutorType	com.google.common.util.concurrent.DirectExecutor	32.45	13.58	1	13	MoreExecutors.directExecutor(); Executor; GwtCompatible; INSTANCE
src/main/java/com/moonsworth/lunar/genesis/ExtraObjectsMethodsForWeb.java	ExtraObjectsMethodsForWeb	com.google.common.base.ExtraObjectsMethodsForWeb	13.57	3.70	0	3	ExtraObjectsMethodsForWeb; GwtCompatible; emulated
src/main/java/com/moonsworth/lunar/genesis/FarmHashFingerprint64.java	FarmHashFingerprint64	com.google.common.hash.FarmHashFingerprint64	93.11	70.83	1	23	Hashing.farmHashFingerprint64(); FarmHashFingerprint64; HashFunction; Hashing
src/main/java/com/moonsworth/lunar/genesis/FileBackedOutputStream$1.java	FileBackedOutputStream$1	com.google.common.io.FileBackedOutputStream$1	28.83	13.44	0	11	FileBackedOutputStream$1; InputStream; System
src/main/java/com/moonsworth/lunar/genesis/FileBackedOutputStream$2.java	FileBackedOutputStream$2	com.google.common.io.FileBackedOutputStream$2	15.14	6.49	0	5	FileBackedOutputStream$2; InputStream; com
src/main/java/com/moonsworth/lunar/genesis/FileBackedOutputStream$MemoryOutput.java	FileBackedOutputStream$MemoryOutput	com.google.common.io.FileBackedOutputStream$MemoryOutput	24.53	13.03	0	8	ByteArrayOutputStream; FileBackedOutputStream$MemoryOutput; buf
src/main/java/com/moonsworth/lunar/genesis/FileSystemException.java	FileSystemException	com.google.common.io.InsecureRecursiveDeleteException	28.38	10.43	0	14	FileSystemException; Nullable; String
src/main/java/com/moonsworth/lunar/genesis/Files$FilePredicate$1.java	Files$FilePredicate$1	com.google.common.io.Files$FilePredicate$1	31.20	16.62	1	9	Files.isDirectory(); File; Files; Files$FilePredicate$1
src/main/java/com/moonsworth/lunar/genesis/Files$FilePredicate$2.java	Files$FilePredicate$2	com.google.common.io.Files$FilePredicate$2	31.57	16.62	1	9	Files.isFile(); File; Files; Files$FilePredicate$2
src/main/java/com/moonsworth/lunar/genesis/FilterInputStreamLoader.java	FilterInputStreamLoader	com.google.common.io.LittleEndianDataInputStream	101.51	34.30	1	38	readLine is not supported; CanIgnoreReturnValue; DataInput; DataInputStream
src/main/java/com/moonsworth/lunar/genesis/FilterInputStreamLoader_2.java	FilterInputStreamLoader_2	com.google.common.hash.HashingInputStream	37.80	13.60	1	16	reset not supported; CanIgnoreReturnValue; FilterInputStream; IOException
src/main/java/com/moonsworth/lunar/genesis/FilterOutputStreamSerializer2.java	FilterOutputStreamSerializer2	com.google.common.io.LittleEndianDataOutputStream	75.44	23.47	0	32	DataOutput; DataOutputStream; Deprecated
src/main/java/com/moonsworth/lunar/genesis/FilteredKeyListMultimap.java	FilteredKeyListMultimap	com.google.common.collect.FilteredKeyListMultimap	33.70	10.02	0	18	FilteredKeyListMultimap; GwtCompatible; Iterable
src/main/java/com/moonsworth/lunar/genesis/FilteredKeyMultimap$AddRejectingList.java	FilteredKeyMultimap$AddRejectingList	com.google.common.collect.FilteredKeyMultimap$AddRejectingList	53.02	25.07	0	25	CanIgnoreReturnValue; Collection; Collections
src/main/java/com/moonsworth/lunar/genesis/FilteredKeyMultimap$AddRejectingSet.java	FilteredKeyMultimap$AddRejectingSet	com.google.common.collect.FilteredKeyMultimap$AddRejectingSet	43.94	16.85	0	20	Collection; Collections; FilteredKeyMultimap$AddRejectingSet
src/main/java/com/moonsworth/lunar/genesis/FilteredMultimapValues.java	FilteredMultimapValues	com.google.common.collect.FilteredMultimapValues	66.92	17.61	0	39	AbstractCollection; Collection; Entry
src/main/java/com/moonsworth/lunar/genesis/FilteredSetMultimap.java	FilteredSetMultimap	com.google.common.collect.FilteredSetMultimap	14.93	5.00	0	4	FilteredSetMultimap; GwtCompatible; SetMultimap
src/main/java/com/moonsworth/lunar/genesis/FinalizablePhantomReference.java	FinalizablePhantomReference	com.google.common.base.FinalizablePhantomReference	27.06	9.85	0	9	FinalizablePhantomReference; FinalizableReference; GwtIncompatible
src/main/java/com/moonsworth/lunar/genesis/FinalizableReference.java	FinalizableReference	com.google.common.base.FinalizableReference	43.47	27.63	0	15	DoNotMock; Finalizable; FinalizableReference
src/main/java/com/moonsworth/lunar/genesis/FinalizableSoftReference.java	FinalizableSoftReference	com.google.common.base.FinalizableSoftReference	26.41	13.51	0	9	FinalizableReference; FinalizableSoftReference; GwtIncompatible
src/main/java/com/moonsworth/lunar/genesis/FinalizableWeakReference.java	FinalizableWeakReference	com.google.common.base.FinalizableWeakReference	25.85	11.93	0	9	FinalizableReference; FinalizableWeakReference; GwtIncompatible
src/main/java/com/moonsworth/lunar/genesis/Finalizer.java	Finalizer	com.google.common.base.internal.Finalizer	195.77	99.44	0	80	AssertionError; Class; Constructor
src/main/java/com/moonsworth/lunar/genesis/Floats$FloatConverter.java	Floats$FloatConverter	com.google.common.primitives.Floats$FloatConverter	43.74	25.09	1	14	Floats.stringConverter(); Float; Floats; Floats$FloatConverter
src/main/java/com/moonsworth/lunar/genesis/FloatsMethodsForWeb.java	FloatsMethodsForWeb	com.google.common.primitives.FloatsMethodsForWeb	13.92	4.29	0	3	FloatsMethodsForWeb; GwtCompatible; emulated
src/main/java/com/moonsworth/lunar/genesis/FluentIterable$FromIterableFunction.java	FluentIterable$FromIterableFunction	com.google.common.collect.FluentIterable$FromIterableFunction	16.53	5.00	0	5	FluentIterable; FluentIterable$FromIterableFunction; Function
src/main/java/com/moonsworth/lunar/genesis/FluentIterable.java	FluentIterable	com.google.common.collect.FluentIterable	109.82	32.72	0	59	Arrays; Beta; CanIgnoreReturnValue
src/main/java/com/moonsworth/lunar/genesis/Flushables.java	Flushables	com.google.common.io.Flushables	60.39	36.74	0	24	Beta; Flushable; Flushables
src/main/java/com/moonsworth/lunar/genesis/ForwardingBlockingQueue.java	ForwardingBlockingQueue	com.google.common.util.concurrent.ForwardingBlockingQueue	50.92	21.34	0	21	BlockingQueue; CanIgnoreReturnValue; Collection
src/main/java/com/moonsworth/lunar/genesis/ForwardingCache$SimpleForwardingCache.java	ForwardingCache$SimpleForwardingCache	com.google.common.cache.ForwardingCache$SimpleForwardingCache	20.46	8.19	0	6	Cache; ForwardingCache; ForwardingCache$SimpleForwardingCache
src/main/java/com/moonsworth/lunar/genesis/ForwardingCollection.java	ForwardingCollection	com.google.common.collect.ForwardingCollection	112.95	49.10	0	50	CanIgnoreReturnValue; Collection; ForwardingCollection
src/main/java/com/moonsworth/lunar/genesis/ForwardingConcurrentMap.java	ForwardingConcurrentMap	com.google.common.collect.ForwardingConcurrentMap	34.19	15.04	0	17	CanIgnoreReturnValue; ConcurrentMap; ForwardingConcurrentMap
src/main/java/com/moonsworth/lunar/genesis/ForwardingCondition.java	ForwardingCondition	com.google.common.util.concurrent.ForwardingCondition	51.49	18.20	0	15	Condition; Date; ForwardingCondition
src/main/java/com/moonsworth/lunar/genesis/ForwardingFuture$SimpleForwardingFuture.java	ForwardingFuture$SimpleForwardingFuture	com.google.common.util.concurrent.ForwardingFuture$SimpleForwardingFuture	24.73	8.19	0	10	ForwardingFuture; ForwardingFuture$SimpleForwardingFuture; Future
src/main/java/com/moonsworth/lunar/genesis/ForwardingFuture.java	ForwardingFuture	com.google.common.util.concurrent.ForwardingFuture	40.73	14.74	0	18	CanIgnoreReturnValue; ForwardingFuture; ForwardingObject
src/main/java/com/moonsworth/lunar/genesis/ForwardingIterator.java	ForwardingIterator	com.google.common.collect.ForwardingIterator	28.10	9.05	0	15	CanIgnoreReturnValue; ForwardingIterator; ForwardingObject
src/main/java/com/moonsworth/lunar/genesis/ForwardingList.java	ForwardingList	com.google.common.collect.ForwardingList	127.13	66.54	0	51	Beta; CanIgnoreReturnValue; Collection
src/main/java/com/moonsworth/lunar/genesis/ForwardingListIterator.java	ForwardingListIterator	com.google.common.collect.ForwardingListIterator	41.71	17.94	0	18	CanIgnoreReturnValue; ForwardingIterator; ForwardingListIterator
src/main/java/com/moonsworth/lunar/genesis/ForwardingListMultimap.java	ForwardingListMultimap	com.google.common.collect.ForwardingListMultimap	41.67	14.01	0	22	CanIgnoreReturnValue; ForwardingListMultimap; ForwardingMultimap
src/main/java/com/moonsworth/lunar/genesis/ForwardingListenableFuture$SimpleForwardingListenableFuture.java	ForwardingListenableFuture$SimpleForwardingListenableFuture	com.google.common.util.concurrent.ForwardingListenableFuture$SimpleForwardingListenableFuture	20.30	8.19	0	6	ForwardingListenableFuture; ForwardingListenableFuture$SimpleForwardingListenableFuture; ListenableFuture
src/main/java/com/moonsworth/lunar/genesis/ForwardingListenableFuture.java	ForwardingListenableFuture	com.google.common.util.concurrent.ForwardingListenableFuture	34.55	13.35	0	15	CanIgnoreReturnValue; Executor; ForwardingFuture
src/main/java/com/moonsworth/lunar/genesis/ForwardingListeningExecutorService.java	ForwardingListeningExecutorService	com.google.common.util.concurrent.ForwardingListeningExecutorService	36.70	14.36	0	15	Callable; CanIgnoreReturnValue; ForwardingExecutorService
src/main/java/com/moonsworth/lunar/genesis/ForwardingLoadingCache$SimpleForwardingLoadingCache.java	ForwardingLoadingCache$SimpleForwardingLoadingCache	com.google.common.cache.ForwardingLoadingCache$SimpleForwardingLoadingCache	21.41	8.19	0	6	ForwardingLoadingCache; ForwardingLoadingCache$SimpleForwardingLoadingCache; LoadingCache
src/main/java/com/moonsworth/lunar/genesis/ForwardingLoadingCache.java	ForwardingLoadingCache	com.google.common.cache.ForwardingLoadingCache	31.27	13.67	0	10	ForwardingCache; ForwardingLoadingCache; GwtIncompatible
src/main/java/com/moonsworth/lunar/genesis/ForwardingLock.java	ForwardingLock	com.google.common.util.concurrent.ForwardingLock	44.59	18.75	0	14	Condition; ForwardingLock; Lock
src/main/java/com/moonsworth/lunar/genesis/ForwardingMap.java	ForwardingMap	com.google.common.collect.ForwardingMap	130.61	68.19	0	60	Beta; CanIgnoreReturnValue; Collection
src/main/java/com/moonsworth/lunar/genesis/ForwardingNavigableMap.java	ForwardingNavigableMap	com.google.common.collect.ForwardingNavigableMap	196.03	108.23	0	56	Beta; Entry; ForwardingNavigableMap
src/main/java/com/moonsworth/lunar/genesis/ForwardingNavigableSet.java	ForwardingNavigableSet	com.google.common.collect.ForwardingNavigableSet	122.82	57.32	0	37	Beta; ForwardingNavigableSet; ForwardingSortedSet
src/main/java/com/moonsworth/lunar/genesis/ForwardingQueue.java	ForwardingQueue	com.google.common.collect.ForwardingQueue	56.37	33.35	0	23	CanIgnoreReturnValue; ForwardingCollection; ForwardingQueue
src/main/java/com/moonsworth/lunar/genesis/ForwardingSet.java	ForwardingSet	com.google.common.collect.ForwardingSet	54.35	15.16	0	25	Collection; ForwardingCollection; ForwardingSet
src/main/java/com/moonsworth/lunar/genesis/ForwardingSetMultimap.java	ForwardingSetMultimap	com.google.common.collect.ForwardingSetMultimap	46.11	12.61	0	25	CanIgnoreReturnValue; Entry; ForwardingMultimap
src/main/java/com/moonsworth/lunar/genesis/ForwardingSortedMap.java	ForwardingSortedMap	com.google.common.collect.ForwardingSortedMap	98.44	48.24	1	36	fromKey must be <= toKey; Beta; ClassCastException; Comparable
src/main/java/com/moonsworth/lunar/genesis/ForwardingSortedSet.java	ForwardingSortedSet	com.google.common.collect.ForwardingSortedSet	82.49	40.33	0	37	Beta; ClassCastException; Comparable
src/main/java/com/moonsworth/lunar/genesis/ForwardingSortedSetMultimap.java	ForwardingSortedSetMultimap	com.google.common.collect.ForwardingSortedSetMultimap	43.61	14.36	0	20	Comparator; ForwardingSetMultimap; ForwardingSortedSetMultimap
src/main/java/com/moonsworth/lunar/genesis/FunctionalEquivalence.java	FunctionalEquivalence	com.google.common.base.FunctionalEquivalence	55.18	19.77	1	24	.onResultOf(; Beta; Function; FunctionalEquivalence
src/main/java/com/moonsworth/lunar/genesis/Functions$ConstantFunction.java	Functions$ConstantFunction	com.google.common.base.Functions$ConstantFunction	46.56	22.42	1	20	Functions.constant(; Function; Functions; Functions$ConstantFunction
src/main/java/com/moonsworth/lunar/genesis/Functions$ForMapWithDefault.java	Functions$ForMapWithDefault	com.google.common.base.Functions$ForMapWithDefault	66.64	26.32	2	27	, defaultValue=; Functions.forMap(; Function; Functions; Functions$ForMapWithDefault
src/main/java/com/moonsworth/lunar/genesis/Functions$FunctionComposition.java	Functions$FunctionComposition	com.google.common.base.Functions$FunctionComposition	29.03	9.51	0	18	Function; Functions$FunctionComposition; Nullable
src/main/java/com/moonsworth/lunar/genesis/Functions$FunctionForMapNoDefault.java	Functions$FunctionForMapNoDefault	com.google.common.base.Functions$FunctionForMapNoDefault	69.97	28.41	2	29	Functions.forMap(; Key '%s' not present in map; Function; Functions; Functions$FunctionForMapNoDefault
src/main/java/com/moonsworth/lunar/genesis/Functions$PredicateFunction.java	Functions$PredicateFunction	com.google.common.base.Functions$PredicateFunction	50.22	24.42	1	22	Functions.forPredicate(; Boolean; Function; Functions
src/main/java/com/moonsworth/lunar/genesis/Functions$SupplierFunction.java	Functions$SupplierFunction	com.google.common.base.Functions$SupplierFunction	49.75	25.37	1	22	Functions.forSupplier(; Function; Functions; Functions$SupplierFunction
src/main/java/com/moonsworth/lunar/genesis/Funnel.java	Funnel	com.google.common.hash.Funnel	46.84	29.41	1	14	Implement with a lambda; Beta; DoNotMock; Funnel
src/main/java/com/moonsworth/lunar/genesis/Funnels$SequentialFunnel.java	Funnels$SequentialFunnel	com.google.common.hash.Funnels$SequentialFunnel	55.36	25.21	1	22	Funnels.sequentialFunnel(; Funnel; Funnels; Funnels$SequentialFunnel
src/main/java/com/moonsworth/lunar/genesis/Funnels$SinkAsStream.java	Funnels$SinkAsStream	com.google.common.hash.Funnels$SinkAsStream	39.94	21.00	1	12	Funnels.asOutputStream(; Funnels; Funnels$SinkAsStream; OutputStream
src/main/java/com/moonsworth/lunar/genesis/Funnels$StringCharsetFunnel$SerializedForm.java	Funnels$StringCharsetFunnel$SerializedForm	com.google.common.hash.Funnels$StringCharsetFunnel$SerializedForm	25.72	9.92	0	12	Charset; Funnels$StringCharsetFunnel$SerializedForm; Object
src/main/java/com/moonsworth/lunar/genesis/FutureCallback.java	FutureCallback	com.google.common.util.concurrent.FutureCallback	26.68	12.41	0	10	FutureCallback; GwtCompatible; Nullable
src/main/java/com/moonsworth/lunar/genesis/FutureExtension.java	FutureExtension	com.google.common.util.concurrent.ListenableFuture	38.89	14.79	0	17	DoNotMock; Executor; Future
src/main/java/com/moonsworth/lunar/genesis/Futures$CallbackListener.java	Futures$CallbackListener	com.google.common.util.concurrent.Futures$CallbackListener	57.76	26.00	0	22	Error; ExecutionException; Future
src/main/java/com/moonsworth/lunar/genesis/Futures$InCompletionOrderState.java	Futures$InCompletionOrderState	com.google.common.util.concurrent.Futures$InCompletionOrderState	53.50	33.97	0	17	AtomicInteger; Futures$InCompletionOrderState; ListenableFuture
src/main/java/com/moonsworth/lunar/genesis/FuturesGetChecked$1.java	FuturesGetChecked$1	com.google.common.util.concurrent.FuturesGetChecked$1	28.32	9.77	0	15	Arrays; Boolean; Constructor
src/main/java/com/moonsworth/lunar/genesis/FuturesGetChecked$GetCheckedTypeValidator.java	FuturesGetChecked$GetCheckedTypeValidator	com.google.common.util.concurrent.FuturesGetChecked$GetCheckedTypeValidator	15.99	4.29	0	4	Class; Exception; FuturesGetChecked$GetCheckedTypeValidator
src/main/java/com/moonsworth/lunar/genesis/FuturesGetChecked$GetCheckedTypeValidatorHolder$ClassValueValidator$1.java	FuturesGetChecked$GetCheckedTypeValidatorHolder$ClassValueValidator$1	com.google.common.util.concurrent.FuturesGetChecked$GetCheckedTypeValidatorHolder$ClassValueValidator$1	31.44	18.32	0	8	Boolean; Class; ClassValue
src/main/java/com/moonsworth/lunar/genesis/GeneralRange.java	GeneralRange	com.google.common.collect.GeneralRange	90.50	30.81	0	39	BoundType; CLOSED; Comparable
src/main/java/com/moonsworth/lunar/genesis/Genesis2.java	Genesis2	org.spongepowered.asm.mixin.transformer.MixinProxyImpl	115.47	30.83	0	52	Boolean; ClassNotFoundException; Config
src/main/java/com/moonsworth/lunar/genesis/GraphConstants.java	GraphConstants	com.google.common.graph.GraphConstants	211.14	79.46	3	63	Cannot add self-loop edge on node %s, as self-loops are not allowed. To construct a graph that allows self-loops, call allowsSelfLoops(true) on the Builder.; Cannot call source()/target() on a Endpoin
src/main/java/com/moonsworth/lunar/genesis/GraphNetwork.java	GraphNetwork	com.google.common.graph.Network	111.49	33.79	0	45	Beta; DoNotMock; Graph
src/main/java/com/moonsworth/lunar/genesis/GwtCompatible.java	GwtCompatible	com.google.common.annotations.GwtCompatible	29.81	10.25	0	15	CLASS; Documented; ElementType
src/main/java/com/moonsworth/lunar/genesis/GwtFluentFutureCatchingSpecialization.java	GwtFluentFutureCatchingSpecialization	com.google.common.util.concurrent.GwtFluentFutureCatchingSpecialization	13.92	4.29	0	3	GwtCompatible; GwtFluentFutureCatchingSpecialization; emulated
src/main/java/com/moonsworth/lunar/genesis/GwtFuturesCatchingSpecialization.java	GwtFuturesCatchingSpecialization	com.google.common.util.concurrent.GwtFuturesCatchingSpecialization	13.92	4.29	0	3	GwtCompatible; GwtFuturesCatchingSpecialization; emulated
src/main/java/com/moonsworth/lunar/genesis/GwtTransient.java	GwtTransient	com.google.common.collect.GwtTransient	26.76	11.13	0	13	Documented; ElementType; FIELD
src/main/java/com/moonsworth/lunar/genesis/HashBasedTable$Factory.java	HashBasedTable$Factory	com.google.common.collect.HashBasedTable$Factory	20.46	6.62	0	9	HashBasedTable$Factory; Map; Serializable
src/main/java/com/moonsworth/lunar/genesis/HashCode$BytesHashCode.java	HashCode$BytesHashCode	com.google.common.hash.HashCode$BytesHashCode	66.75	22.14	0	24	HashCode; HashCode$BytesHashCode; Math
src/main/java/com/moonsworth/lunar/genesis/HashCode$IntHashCode.java	HashCode$IntHashCode	com.google.common.hash.HashCode$IntHashCode	51.46	18.39	0	17	HashCode; HashCode$IntHashCode; IllegalStateException
src/main/java/com/moonsworth/lunar/genesis/HashFunction.java	HashFunction	com.google.common.hash.HashFunction	37.79	9.82	0	16	Beta; ByteBuffer; CharSequence
src/main/java/com/moonsworth/lunar/genesis/HashMultimapGwtSerializationDependencies.java	HashMultimapGwtSerializationDependencies	com.google.common.collect.HashMultimapGwtSerializationDependencies	21.60	8.88	0	9	AbstractSetMultimap; Collection; GwtCompatible
src/main/java/com/moonsworth/lunar/genesis/HashMultiset.java	HashMultiset	com.google.common.collect.HashMultiset	59.07	17.40	0	22	GwtCompatible; GwtIncompatible; HashMap
src/main/java/com/moonsworth/lunar/genesis/Hasher.java	Hasher	com.google.common.hash.Hasher	37.27	10.26	0	17	Beta; ByteBuffer; CanIgnoreReturnValue
src/main/java/com/moonsworth/lunar/genesis/Hashing$ChecksumType$1.java	Hashing$ChecksumType$1	com.google.common.hash.Hashing$ChecksumType$1	21.88	9.37	0	9	CRC32; Checksum; Hashing$ChecksumType$1
src/main/java/com/moonsworth/lunar/genesis/Hashing$ChecksumType$2.java	Hashing$ChecksumType$2	com.google.common.hash.Hashing$ChecksumType$2	22.97	10.46	0	9	Adler32; Checksum; Hashing$ChecksumType$2
src/main/java/com/moonsworth/lunar/genesis/Hashing$ConcatenatedHashFunction.java	Hashing$ConcatenatedHashFunction	com.google.common.hash.Hashing$ConcatenatedHashFunction	56.25	27.24	0	24	AbstractCompositeHashFunction; Arrays; HashFunction
src/main/java/com/moonsworth/lunar/genesis/Hashing$LinearCongruentialGenerator.java	Hashing$LinearCongruentialGenerator	com.google.common.hash.Hashing$LinearCongruentialGenerator	15.59	7.45	0	4	Hashing$LinearCongruentialGenerator; com; nextDouble
src/main/java/com/moonsworth/lunar/genesis/Hashing$Md5Holder.java	Hashing$Md5Holder	com.google.common.hash.Hashing$Md5Holder	33.72	14.70	1	6	Hashing.md5(); HashFunction; Hashing; Hashing$Md5Holder
src/main/java/com/moonsworth/lunar/genesis/Hashing$Sha1Holder.java	Hashing$Sha1Holder	com.google.common.hash.Hashing$Sha1Holder	33.28	18.24	1	6	Hashing.sha1(); HashFunction; Hashing; Hashing$Sha1Holder
src/main/java/com/moonsworth/lunar/genesis/Hashing$Sha256Holder.java	Hashing$Sha256Holder	com.google.common.hash.Hashing$Sha256Holder	33.38	18.24	1	6	Hashing.sha256(); HashFunction; Hashing; Hashing$Sha256Holder
src/main/java/com/moonsworth/lunar/genesis/Hashing$Sha384Holder.java	Hashing$Sha384Holder	com.google.common.hash.Hashing$Sha384Holder	34.13	18.24	1	6	Hashing.sha384(); HashFunction; Hashing; Hashing$Sha384Holder
src/main/java/com/moonsworth/lunar/genesis/Hashing$Sha512Holder.java	Hashing$Sha512Holder	com.google.common.hash.Hashing$Sha512Holder	33.67	18.24	1	6	Hashing.sha512(); HashFunction; Hashing; Hashing$Sha512Holder
src/main/java/com/moonsworth/lunar/genesis/HashingInputStream.java	HashingInputStream	com.google.common.hash.HashingInputStream	58.00	29.98	1	21	reset not supported; Beta; CanIgnoreReturnValue; FilterInputStream
src/main/java/com/moonsworth/lunar/genesis/HashingOutputStream.java	HashingOutputStream	com.google.common.hash.HashingOutputStream	33.83	14.94	0	13	Beta; FilterOutputStream; HashFunction
src/main/java/com/moonsworth/lunar/genesis/HostAndPort.java	HostAndPort	com.google.common.net.HostAndPort	261.53	203.83	7	74	Host has a port: %s; Invalid bracketed host/port: %s; Beta; Character; GwtCompatible
src/main/java/com/moonsworth/lunar/genesis/HostSpecifier.java	HostSpecifier	com.google.common.net.HostSpecifier	111.50	69.64	1	40	Invalid host specifier: ; Beta; GwtIncompatible; HostAndPort
src/main/java/com/moonsworth/lunar/genesis/HtmlEscapers.java	HtmlEscapers	com.google.common.html.HtmlEscapers	23.46	9.85	0	6	Escaper; GwtCompatible; HtmlEscapers
src/main/java/com/moonsworth/lunar/genesis/HttpHeaders$ReferrerPolicyValues.java	HttpHeaders$ReferrerPolicyValues	com.google.common.net.HttpHeaders$ReferrerPolicyValues	110.14	100.27	7	12	no-referrer; no-referrer-when-downgrade; HttpHeaders$ReferrerPolicyValues; String; com
src/main/java/com/moonsworth/lunar/genesis/HttpHeaders.java	HttpHeaders	com.google.common.net.HttpHeaders	1258.99	1159.09	77	135	Accept-Charset; Accept-Encoding; Accept; Access; After
src/main/java/com/moonsworth/lunar/genesis/IgnoreJRERequirement.java	IgnoreJRERequirement	com.google.common.util.concurrent.IgnoreJRERequirement	8.81	2.22	0	1	IgnoreJRERequirement
src/main/java/com/moonsworth/lunar/genesis/ImmediateFuture$ImmediateCancelledFuture.java	ImmediateFuture$ImmediateCancelledFuture	com.google.common.util.concurrent.ImmediateFuture$ImmediateCancelledFuture	10.01	3.41	0	2	ImmediateFuture$ImmediateCancelledFuture; com
src/main/java/com/moonsworth/lunar/genesis/ImmutableAsList$SerializedForm.java	ImmutableAsList$SerializedForm	com.google.common.collect.ImmutableAsList$SerializedForm	17.24	9.21	0	7	GwtIncompatible; ImmutableAsList$SerializedForm; Object
src/main/java/com/moonsworth/lunar/genesis/ImmutableBiMapFauxverideShim.java	ImmutableBiMapFauxverideShim	com.google.common.collect.ImmutableBiMapFauxverideShim	30.60	9.16	0	13	BinaryOperator; Collector; Deprecated
src/main/java/com/moonsworth/lunar/genesis/ImmutableEntry.java	ImmutableEntry	com.google.common.collect.ImmutableEntry	31.84	9.92	0	16	AbstractMapEntry; GwtCompatible; ImmutableEntry
src/main/java/com/moonsworth/lunar/genesis/ImmutableEnumMap$EnumSerializedForm.java	ImmutableEnumMap$EnumSerializedForm	com.google.common.collect.ImmutableEnumMap$EnumSerializedForm	20.73	9.21	0	9	Enum; EnumMap; ImmutableEnumMap$EnumSerializedForm
src/main/java/com/moonsworth/lunar/genesis/ImmutableEnumSet$EnumSerializedForm.java	ImmutableEnumSet$EnumSerializedForm	com.google.common.collect.ImmutableEnumSet$EnumSerializedForm	22.11	10.75	0	10	Enum; EnumSet; ImmutableEnumSet$EnumSerializedForm
src/main/java/com/moonsworth/lunar/genesis/ImmutableGraph$Builder.java	ImmutableGraph$Builder	com.google.common.graph.ImmutableGraph$Builder	27.40	9.30	0	9	CanIgnoreReturnValue; ImmutableGraph$Builder; MutableGraph
src/main/java/com/moonsworth/lunar/genesis/ImmutableList$ReverseImmutableList.java	ImmutableList$ReverseImmutableList	com.google.common.collect.ImmutableList$ReverseImmutableList	43.69	17.07	0	19	ImmutableList$ReverseImmutableList; Nullable; Object
src/main/java/com/moonsworth/lunar/genesis/ImmutableList$SerializedForm.java	ImmutableList$SerializedForm	com.google.common.collect.ImmutableList$SerializedForm	14.96	7.59	0	6	ImmutableList$SerializedForm; Object; Serializable
src/main/java/com/moonsworth/lunar/genesis/ImmutableMapEntry.java	ImmutableMapEntry	com.google.common.collect.ImmutableMapEntry	34.08	10.13	0	14	CollectPreconditions; GwtIncompatible; ImmutableEntry
src/main/java/com/moonsworth/lunar/genesis/ImmutableMapEntrySet$EntrySetSerializedForm.java	ImmutableMapEntrySet$EntrySetSerializedForm	com.google.common.collect.ImmutableMapEntrySet$EntrySetSerializedForm	17.24	9.21	0	7	GwtIncompatible; ImmutableMapEntrySet$EntrySetSerializedForm; Object
src/main/java/com/moonsworth/lunar/genesis/ImmutableMapEntrySet$RegularEntrySet.java	ImmutableMapEntrySet$RegularEntrySet	com.google.common.collect.ImmutableMapEntrySet$RegularEntrySet	52.32	23.17	1	19	not used in GWT; Consumer; Entry; GWT
src/main/java/com/moonsworth/lunar/genesis/ImmutableMapKeySet$KeySetSerializedForm.java	ImmutableMapKeySet$KeySetSerializedForm	com.google.common.collect.ImmutableMapKeySet$KeySetSerializedForm	17.24	9.21	0	7	GwtIncompatible; ImmutableMapKeySet$KeySetSerializedForm; Object
src/main/java/com/moonsworth/lunar/genesis/ImmutableMapValues$SerializedForm.java	ImmutableMapValues$SerializedForm	com.google.common.collect.ImmutableMapValues$SerializedForm	17.24	9.21	0	7	GwtIncompatible; ImmutableMapValues$SerializedForm; Object
src/main/java/com/moonsworth/lunar/genesis/ImmutableMultimap$Builder.java	ImmutableMultimap$Builder	com.google.common.collect.ImmutableMultimap$Builder	102.60	42.97	1	49	null key in entry: null=; ArrayList; Arrays; Beta
src/main/java/com/moonsworth/lunar/genesis/ImmutableMultimap$EntryCollection.java	ImmutableMultimap$EntryCollection	com.google.common.collect.ImmutableMultimap$EntryCollection	35.32	9.51	0	18	Entry; ImmutableMultimap$EntryCollection; Map
src/main/java/com/moonsworth/lunar/genesis/ImmutableMultimap$FieldSettersHolder.java	ImmutableMultimap$FieldSettersHolder	com.google.common.collect.ImmutableMultimap$FieldSettersHolder	17.94	5.00	0	6	GwtIncompatible; ImmutableMultimap$FieldSettersHolder; Serialization$FieldSetter
src/main/java/com/moonsworth/lunar/genesis/ImmutableMultimap$KeysSerializedForm.java	ImmutableMultimap$KeysSerializedForm	com.google.common.collect.ImmutableMultimap$KeysSerializedForm	17.04	9.21	0	7	GwtIncompatible; ImmutableMultimap$KeysSerializedForm; Object
src/main/java/com/moonsworth/lunar/genesis/ImmutableMultimap$Values.java	ImmutableMultimap$Values	com.google.common.collect.ImmutableMultimap$Values	41.13	17.24	0	21	GwtIncompatible; ImmutableMultimap$Values; Nullable
src/main/java/com/moonsworth/lunar/genesis/ImmutableMultiset$Builder.java	ImmutableMultiset$Builder	com.google.common.collect.ImmutableMultiset$Builder	39.16	10.52	0	19	CanIgnoreReturnValue; ImmutableCollection$Builder; ImmutableMultiset$Builder
src/main/java/com/moonsworth/lunar/genesis/ImmutableMultiset$EntrySetSerializedForm.java	ImmutableMultiset$EntrySetSerializedForm	com.google.common.collect.ImmutableMultiset$EntrySetSerializedForm	17.04	9.21	0	7	GwtIncompatible; ImmutableMultiset$EntrySetSerializedForm; Object
src/main/java/com/moonsworth/lunar/genesis/ImmutableMultisetGwtSerializationDependencies.java	ImmutableMultisetGwtSerializationDependencies	com.google.common.collect.ImmutableMultisetGwtSerializationDependencies	14.62	5.00	0	4	GwtCompatible; ImmutableMultisetGwtSerializationDependencies; com
src/main/java/com/moonsworth/lunar/genesis/ImmutableRangeMap$SerializedForm.java	ImmutableRangeMap$SerializedForm	com.google.common.collect.ImmutableRangeMap$SerializedForm	18.50	6.54	0	8	Comparable; ImmutableRangeMap$SerializedForm; Object
src/main/java/com/moonsworth/lunar/genesis/ImmutableRangeSet$AsSetSerializedForm.java	ImmutableRangeSet$AsSetSerializedForm	com.google.common.collect.ImmutableRangeSet$AsSetSerializedForm	17.10	7.59	0	7	Comparable; ImmutableRangeSet$AsSetSerializedForm; Object
src/main/java/com/moonsworth/lunar/genesis/ImmutableRangeSet$SerializedForm.java	ImmutableRangeSet$SerializedForm	com.google.common.collect.ImmutableRangeSet$SerializedForm	15.17	7.59	0	6	ImmutableRangeSet$SerializedForm; Object; Serializable
src/main/java/com/moonsworth/lunar/genesis/ImmutableSet$SerializedForm.java	ImmutableSet$SerializedForm	com.google.common.collect.ImmutableSet$SerializedForm	15.17	7.82	0	6	ImmutableSet$SerializedForm; Object; Serializable
src/main/java/com/moonsworth/lunar/genesis/ImmutableSetMultimap$EntrySet.java	ImmutableSetMultimap$EntrySet	com.google.common.collect.ImmutableSetMultimap$EntrySet	41.49	11.91	0	23	Entry; ImmutableSetMultimap$EntrySet; Map
src/main/java/com/moonsworth/lunar/genesis/ImmutableSortedAsList.java	ImmutableSortedAsList	com.google.common.collect.ImmutableSortedAsList	56.42	18.25	0	27	Comparator; GwtCompatible; GwtIncompatible
src/main/java/com/moonsworth/lunar/genesis/ImmutableSupplier.java	ImmutableSupplier	com.google.common.hash.ImmutableSupplier	18.71	7.02	0	7	Immutable; ImmutableSupplier; Supplier
src/main/java/com/moonsworth/lunar/genesis/ImmutableTable$MutableCell.java	ImmutableTable$MutableCell	com.google.common.collect.ImmutableTable$MutableCell	51.75	19.01	1	17	mergeFunction.apply; BinaryOperator; ImmutableTable$MutableCell; Preconditions
src/main/java/com/moonsworth/lunar/genesis/IncidentEdgeSet.java	IncidentEdgeSet	com.google.common.graph.IncidentEdgeSet	57.24	24.66	0	27	AbstractSet; BaseGraph; IncidentEdgeSet
src/main/java/com/moonsworth/lunar/genesis/IndexedImmutableSet.java	IndexedImmutableSet	com.google.common.collect.IndexedImmutableSet	43.55	10.96	0	21	Consumer; GwtCompatible; GwtIncompatible
src/main/java/com/moonsworth/lunar/genesis/InetAddresses$TeredoInfo.java	InetAddresses$TeredoInfo	com.google.common.net.InetAddresses$TeredoInfo	60.19	24.40	0	23	Beta; Inet4Address; InetAddresses$TeredoInfo
src/main/java/com/moonsworth/lunar/genesis/InputStreamLoader.java	InputStreamLoader	com.google.common.io.MultiInputStream	30.42	8.52	0	20	InputStream; Iterator; Nullable
src/main/java/com/moonsworth/lunar/genesis/InputStreamLoader2.java	InputStreamLoader2	com.google.common.io.ReaderInputStream	183.65	115.20	1	60	bufferSize must be positive: %s; Arrays; Buffer; ByteBuffer
src/main/java/com/moonsworth/lunar/genesis/InsecureRecursiveDeleteException.java	InsecureRecursiveDeleteException	com.google.common.io.InsecureRecursiveDeleteException	42.14	15.43	0	17	Beta; FileSystemException; GwtIncompatible
src/main/java/com/moonsworth/lunar/genesis/Interner.java	Interner	com.google.common.collect.Interner	42.61	26.18	1	12	Use Interners.new*Interner; Beta; CanIgnoreReturnValue; DoNotMock
src/main/java/com/moonsworth/lunar/genesis/Interners$InternerFunction.java	Interners$InternerFunction	com.google.common.collect.Interners$InternerFunction	23.81	12.39	0	9	Function; Interner; Interners$InternerFunction
src/main/java/com/moonsworth/lunar/genesis/InternetDomainName.java	InternetDomainName	com.google.common.net.InternetDomainName	245.36	194.43	6	69	Domain '%s' has no parent; Domain has too many parts: '%s'; Ascii; Beta; Domain
src/main/java/com/moonsworth/lunar/genesis/Ints$IntConverter.java	Ints$IntConverter	com.google.common.primitives.Ints$IntConverter	43.43	23.43	1	14	Ints.stringConverter(); Integer; Ints; Ints$IntConverter
src/main/java/com/moonsworth/lunar/genesis/IntsMethodsForWeb.java	IntsMethodsForWeb	com.google.common.primitives.IntsMethodsForWeb	14.62	5.00	0	4	GwtCompatible; IntsMethodsForWeb; com
src/main/java/com/moonsworth/lunar/genesis/InvocationHandler.java	InvocationHandler	com.google.common.reflect.AbstractInvocationHandler	53.75	27.64	0	29	Arrays; Class; InvocationHandler
src/main/java/com/moonsworth/lunar/genesis/Invokable$ConstructorInvokable.java	Invokable$ConstructorInvokable	com.google.common.reflect.Invokable$ConstructorInvokable	125.23	53.68	0	48	AnnotatedType; Annotation; Arrays
src/main/java/com/moonsworth/lunar/genesis/IterableIterator.java	IterableIterator	com.google.common.collect.FluentIterable	93.34	35.37	0	53	Arrays; CanIgnoreReturnValue; Class
src/main/java/com/moonsworth/lunar/genesis/Iterables$UnmodifiableIterable.java	Iterables$UnmodifiableIterable	com.google.common.collect.Iterables$UnmodifiableIterable	29.09	10.38	0	15	Consumer; FluentIterable; Iterable
src/main/java/com/moonsworth/lunar/genesis/Iterators$ArrayItr.java	Iterators$ArrayItr	com.google.common.collect.Iterators$ArrayItr	18.55	8.65	0	6	AbstractIndexedListIterator; Iterators$ArrayItr; Object
src/main/java/com/moonsworth/lunar/genesis/Iterators$ConcatenatedIterator.java	Iterators$ConcatenatedIterator	com.google.common.collect.Iterators$ConcatenatedIterator	66.91	40.69	0	29	ArrayDeque; CollectPreconditions; Deque
src/main/java/com/moonsworth/lunar/genesis/Iterators$MergingIterator.java	Iterators$MergingIterator	com.google.common.collect.Iterators$MergingIterator	33.48	12.89	0	17	Comparator; Iterable; Iterator
src/main/java/com/moonsworth/lunar/genesis/Iterators$PeekingImpl.java	Iterators$PeekingImpl	com.google.common.collect.Iterators$PeekingImpl	55.79	28.46	0	25	Can; Iterator; Iterators$PeekingImpl
src/main/java/com/moonsworth/lunar/genesis/JdkBackedImmutableSet.java	JdkBackedImmutableSet	com.google.common.collect.JdkBackedImmutableSet	33.59	13.39	0	18	GwtCompatible; IndexedImmutableSet; JdkBackedImmutableSet
src/main/java/com/moonsworth/lunar/genesis/JdkFutureAdapters$ListenableFutureAdapter.java	JdkFutureAdapters$ListenableFutureAdapter	com.google.common.util.concurrent.JdkFutureAdapters$ListenableFutureAdapter	73.76	38.38	0	27	AtomicBoolean; Executor; Executors
src/main/java/com/moonsworth/lunar/genesis/JdkPattern$JdkMatcher.java	JdkPattern$JdkMatcher	com.google.common.base.JdkPattern$JdkMatcher	35.50	15.68	0	15	CommonMatcher; JdkPattern$JdkMatcher; Matcher
src/main/java/com/moonsworth/lunar/genesis/Joiner$3.java	Joiner$3	com.google.common.base.Joiner$3	16.13	5.69	0	8	AbstractList; Joiner$3; Object
src/main/java/com/moonsworth/lunar/genesis/LexicographicalOrdering.java	LexicographicalOrdering	com.google.common.collect.LexicographicalOrdering	50.94	19.51	1	25	.lexicographical(); Comparator; GwtCompatible; Iterable
src/main/java/com/moonsworth/lunar/genesis/LinearTransformation$NaNLinearTransformation.java	LinearTransformation$NaNLinearTransformation	com.google.common.math.LinearTransformation$NaNLinearTransformation	30.71	11.21	0	10	Double; LinearTransformation$NaNLinearTransformation; NaN
src/main/java/com/moonsworth/lunar/genesis/LinkedHashMultimap$ValueSetLink.java	LinkedHashMultimap$ValueSetLink	com.google.common.collect.LinkedHashMultimap$ValueSetLink	9.76	3.16	0	2	LinkedHashMultimap$ValueSetLink; com
src/main/java/com/moonsworth/lunar/genesis/LinkedHashMultimapGwtSerializationDependencies.java	LinkedHashMultimapGwtSerializationDependencies	com.google.common.collect.LinkedHashMultimapGwtSerializationDependencies	17.72	5.00	0	8	Collection; GwtCompatible; LinkedHashMultimapGwtSerializationDependencies
src/main/java/com/moonsworth/lunar/genesis/LinkedHashMultiset.java	LinkedHashMultiset	com.google.common.collect.LinkedHashMultiset	56.85	15.19	0	21	GwtCompatible; GwtIncompatible; Iterable
src/main/java/com/moonsworth/lunar/genesis/ListenableFuture.java	ListenableFuture	com.google.common.util.concurrent.ListenableFuture	46.69	19.79	0	18	DoNotMock; Executor; Future
src/main/java/com/moonsworth/lunar/genesis/ListenableFutureTask.java	ListenableFutureTask	com.google.common.util.concurrent.ListenableFutureTask	44.79	14.01	0	20	Callable; Executor; FutureTask
src/main/java/com/moonsworth/lunar/genesis/ListenerCallQueue$Event.java	ListenerCallQueue$Event	com.google.common.util.concurrent.ListenerCallQueue$Event	10.84	4.25	0	2	ListenerCallQueue$Event; call
src/main/java/com/moonsworth/lunar/genesis/ListeningExecutorService.java	ListeningExecutorService	com.google.common.util.concurrent.ListeningExecutorService	89.16	44.93	1	30	Use TestingExecutors.sameThreadScheduledExecutor, or wrap a real Executor from java.util.concurrent.Executors with MoreExecutors.listeningDecorator; Callable; Collection; DoNotMock
src/main/java/com/moonsworth/lunar/genesis/Lists$AbstractListWrapper.java	Lists$AbstractListWrapper	com.google.common.collect.Lists$AbstractListWrapper	27.82	11.27	0	17	AbstractList; Collection; List
src/main/java/com/moonsworth/lunar/genesis/Lists$CharSequenceAsList.java	Lists$CharSequenceAsList	com.google.common.collect.Lists$CharSequenceAsList	27.77	13.96	0	13	AbstractList; CharSequence; Character
src/main/java/com/moonsworth/lunar/genesis/Lists$OnePlusArrayList.java	Lists$OnePlusArrayList	com.google.common.collect.Lists$OnePlusArrayList	36.32	9.51	0	19	AbstractList; Lists$OnePlusArrayList; Nullable
src/main/java/com/moonsworth/lunar/genesis/Lists$ReverseList.java	Lists$ReverseList	com.google.common.collect.Lists$ReverseList	69.24	29.99	0	32	AbstractList; Iterator; List
src/main/java/com/moonsworth/lunar/genesis/Lists$StringAsImmutableList.java	Lists$StringAsImmutableList	com.google.common.collect.Lists$StringAsImmutableList	41.34	16.46	0	21	Character; Lists$StringAsImmutableList; Nullable
src/main/java/com/moonsworth/lunar/genesis/Lists$TwoPlusArrayList.java	Lists$TwoPlusArrayList	com.google.common.collect.Lists$TwoPlusArrayList	36.32	9.51	0	19	AbstractList; Lists$TwoPlusArrayList; Nullable
src/main/java/com/moonsworth/lunar/genesis/LittleEndianByteArray$JavaLittleEndianBytes$1.java	LittleEndianByteArray$JavaLittleEndianBytes$1	com.google.common.hash.LittleEndianByteArray$JavaLittleEndianBytes$1	22.01	10.56	0	5	LittleEndianByteArray$JavaLittleEndianBytes$1; com; fromBytes
src/main/java/com/moonsworth/lunar/genesis/LittleEndianByteArray$LittleEndianBytes.java	LittleEndianByteArray$LittleEndianBytes	com.google.common.hash.LittleEndianByteArray$LittleEndianBytes	17.96	5.00	0	4	LittleEndianByteArray$LittleEndianBytes; com; getLongLittleEndian
src/main/java/com/moonsworth/lunar/genesis/LittleEndianDataInputStream.java	LittleEndianDataInputStream	com.google.common.io.LittleEndianDataInputStream	116.01	40.19	1	42	readLine is not supported; Beta; CanIgnoreReturnValue; DataInput
src/main/java/com/moonsworth/lunar/genesis/LittleEndianDataOutputStream.java	LittleEndianDataOutputStream	com.google.common.io.LittleEndianDataOutputStream	90.49	29.36	0	36	Beta; DataOutput; DataOutputStream
src/main/java/com/moonsworth/lunar/genesis/LoadingCache.java	LoadingCache	com.google.common.cache.LoadingCache	36.80	15.89	0	16	Cache; ConcurrentMap; Deprecated
src/main/java/com/moonsworth/lunar/genesis/LocalCache$2.java	LocalCache$2	com.google.common.cache.LocalCache$2	24.76	9.51	0	12	AbstractQueue; Iterator; LocalCache$2
src/main/java/com/moonsworth/lunar/genesis/LocalCache$AbstractCacheSet.java	LocalCache$AbstractCacheSet	com.google.common.cache.LocalCache$AbstractCacheSet	32.46	15.03	0	17	AbstractSet; ConcurrentMap; LocalCache$AbstractCacheSet
src/main/java/com/moonsworth/lunar/genesis/LocalCache$LoadingValueReference.java	LocalCache$LoadingValueReference	com.google.common.cache.LocalCache$LoadingValueReference	99.54	28.06	0	41	BiFunction; ExecutionException; InterruptedException
src/main/java/com/moonsworth/lunar/genesis/LockBase.java	LockBase	com.google.common.util.concurrent.ForwardingLock	35.09	9.25	0	13	Condition; Lock; TimeUnit
src/main/java/com/moonsworth/lunar/genesis/LongMath$MillerRabinTester$1.java	LongMath$MillerRabinTester$1	com.google.common.math.LongMath$MillerRabinTester$1	18.82	5.00	0	4	LongMath$MillerRabinTester$1; com; mulMod
src/main/java/com/moonsworth/lunar/genesis/LongMath$MillerRabinTester$2.java	LongMath$MillerRabinTester$2	com.google.common.math.LongMath$MillerRabinTester$2	40.14	24.65	0	11	Long; LongMath$MillerRabinTester$2; Math
src/main/java/com/moonsworth/lunar/genesis/Longs$AsciiDigits.java	Longs$AsciiDigits	com.google.common.primitives.Longs$AsciiDigits	18.27	7.03	0	7	Arrays; Longs$AsciiDigits; com
src/main/java/com/moonsworth/lunar/genesis/Longs$LongConverter.java	Longs$LongConverter	com.google.common.primitives.Longs$LongConverter	44.23	24.23	1	14	Longs.stringConverter(); Long; Longs; Longs$LongConverter
src/main/java/com/moonsworth/lunar/genesis/MacHashFunction$MacHasher.java	MacHashFunction$MacHasher	com.google.common.hash.MacHashFunction$MacHasher	62.22	24.55	0	21	AbstractByteHasher; ByteBuffer; Hasher
src/main/java/com/moonsworth/lunar/genesis/MapDifference$ValueDifference.java	MapDifference$ValueDifference	com.google.common.collect.MapDifference$ValueDifference	51.34	13.61	1	19	Use Maps.difference; DoNotMock; MapDifference$ValueDifference; Maps
src/main/java/com/moonsworth/lunar/genesis/MapMakerInternalMap$InternalEntry.java	MapMakerInternalMap$InternalEntry	com.google.common.collect.MapMakerInternalMap$InternalEntry	15.25	5.00	0	5	MapMakerInternalMap$InternalEntry; com; getHash
src/main/java/com/moonsworth/lunar/genesis/MapMakerInternalMap$SafeToArraySet.java	MapMakerInternalMap$SafeToArraySet	com.google.common.collect.MapMakerInternalMap$SafeToArraySet	18.02	8.41	0	8	AbstractSet; MapMakerInternalMap$SafeToArraySet; Object
src/main/java/com/moonsworth/lunar/genesis/MapMakerInternalMap$Strength$1.java	MapMakerInternalMap$Strength$1	com.google.common.collect.MapMakerInternalMap$Strength$1	14.29	5.00	0	4	MapMakerInternalMap$Strength$1; Object; com
src/main/java/com/moonsworth/lunar/genesis/MapMakerInternalMap$Strength$2.java	MapMakerInternalMap$Strength$2	com.google.common.collect.MapMakerInternalMap$Strength$2	14.29	5.00	0	4	MapMakerInternalMap$Strength$2; Object; com
src/main/java/com/moonsworth/lunar/genesis/MapRetrievalCache$CacheEntry.java	MapRetrievalCache$CacheEntry	com.google.common.graph.MapRetrievalCache$CacheEntry	10.21	3.62	0	2	MapRetrievalCache$CacheEntry; com
src/main/java/com/moonsworth/lunar/genesis/Maps$Accumulator.java	Maps$Accumulator	com.google.common.collect.Maps$Accumulator	30.15	9.23	0	13	BinaryOperator; Enum; EnumMap
src/main/java/com/moonsworth/lunar/genesis/Maps$BiMapConverter.java	Maps$BiMapConverter	com.google.common.collect.Maps$BiMapConverter	65.86	32.84	1	27	Maps.asConverter(; BiMap; Maps; Maps$BiMapConverter
src/main/java/com/moonsworth/lunar/genesis/Maps$EntryTransformer.java	Maps$EntryTransformer	com.google.common.collect.Maps$EntryTransformer	21.94	7.82	0	9	FunctionalInterface; Maps$EntryTransformer; Nullable
src/main/java/com/moonsworth/lunar/genesis/Maps$NavigableAsMapView.java	Maps$NavigableAsMapView	com.google.common.collect.Maps$NavigableAsMapView	109.22	46.23	0	50	BiConsumer; Comparator; Entry
src/main/java/com/moonsworth/lunar/genesis/Maps$UnmodifiableBiMap.java	Maps$UnmodifiableBiMap	com.google.common.collect.Maps$UnmodifiableBiMap	50.81	17.77	0	25	BiMap; Collections; ForwardingMap
src/main/java/com/moonsworth/lunar/genesis/Maps$UnmodifiableEntries.java	Maps$UnmodifiableEntries	com.google.common.collect.Maps$UnmodifiableEntries	27.91	11.61	0	14	Collection; Entry; ForwardingCollection
src/main/java/com/moonsworth/lunar/genesis/MathPreconditions.java	MathPreconditions	com.google.common.math.MathPreconditions	138.25	91.66	4	39	 and rounding mode ; ) must be > 0; ArithmeticException; BigInteger; CanIgnoreReturnValue
src/main/java/com/moonsworth/lunar/genesis/MathStats.java	MathStats	com.google.common.math.Stats	195.56	91.74	0	81	BYTES; Beta; ByteBuffer
src/main/java/com/moonsworth/lunar/genesis/MediaType$2.java	MediaType$2	com.google.common.net.MediaType$2	20.89	6.71	0	8	Function; MediaType$2; String
src/main/java/com/moonsworth/lunar/genesis/MediaType$Tokenizer.java	MediaType$Tokenizer	com.google.common.net.MediaType$Tokenizer	42.10	18.40	0	14	MediaType$Tokenizer; Preconditions; String
src/main/java/com/moonsworth/lunar/genesis/MessageDigestHashFunction$MessageDigestHasher.java	MessageDigestHashFunction$MessageDigestHasher	com.google.common.hash.MessageDigestHashFunction$MessageDigestHasher	65.63	27.97	0	23	AbstractByteHasher; Arrays; ByteBuffer
src/main/java/com/moonsworth/lunar/genesis/MessageDigestHashFunction$SerializedForm.java	MessageDigestHashFunction$SerializedForm	com.google.common.hash.MessageDigestHashFunction$SerializedForm	15.67	7.59	0	7	MessageDigestHashFunction$SerializedForm; Object; Serializable
src/main/java/com/moonsworth/lunar/genesis/MinMaxPriorityQueue$Builder.java	MinMaxPriorityQueue$Builder	com.google.common.collect.MinMaxPriorityQueue$Builder	47.67	12.84	0	22	Beta; CanIgnoreReturnValue; Collections
src/main/java/com/moonsworth/lunar/genesis/MinMaxPriorityQueue$MoveDesc.java	MinMaxPriorityQueue$MoveDesc	com.google.common.collect.MinMaxPriorityQueue$MoveDesc	9.87	3.27	0	2	MinMaxPriorityQueue$MoveDesc; com
src/main/java/com/moonsworth/lunar/genesis/MixinHelper$Data24.java	MixinHelper$Data24	com.google.common.primitives.UnsignedLongs$ParseOverflowDetection	19.57	4.94	0	9	BigInteger; com; divide
src/main/java/com/moonsworth/lunar/genesis/MixinHelper$Data27.java	MixinHelper$Data27	com.google.common.collect.Synchronized$SynchronizedAsMapEntries	48.02	14.28	0	28	Collection; Entry; Iterator
src/main/java/com/moonsworth/lunar/genesis/MixinHelper$Data30.java	MixinHelper$Data30	com.google.common.collect.Synchronized$SynchronizedAsMap	33.84	11.78	0	22	Collection; Entry; Map
src/main/java/com/moonsworth/lunar/genesis/MixinHelper$Data50.java	MixinHelper$Data50	com.google.common.math.Quantiles$Scale	31.04	14.73	1	12	Quantile scale must be positive; Collection; Integer; Quantile
src/main/java/com/moonsworth/lunar/genesis/MixinHelper$Data51.java	MixinHelper$Data51	com.google.common.math.Quantiles$ScaleAndIndexes	87.65	27.73	0	38	Arrays; Cannot; Collection
src/main/java/com/moonsworth/lunar/genesis/MixinHelper$Data53.java	MixinHelper$Data53	com.google.common.graph.Traverser$GraphTraverser$DepthFirstIterator	40.25	10.23	0	22	ArrayDeque; Deque; HashSet
src/main/java/com/moonsworth/lunar/genesis/MixinHelper$Data55.java	MixinHelper$Data55	com.google.common.reflect.ClassPath$DefaultScanner	103.13	53.01	2	37	Cannot read directory ; META-INF/MANIFEST.MF; Cannot; ClassLoader; Entry
src/main/java/com/moonsworth/lunar/genesis/MixinHelper$Data56.java	MixinHelper$Data56	com.google.common.reflect.ClassPath$ClassInfo	35.64	14.67	0	18	Class; ClassLoader; ClassNotFoundException
src/main/java/com/moonsworth/lunar/genesis/MixinHelper$Data57.java	MixinHelper$Data57	com.google.common.reflect.ClassPath$ResourceInfo	28.15	8.64	0	18	Charset; ClassLoader; NoSuchElementException
src/main/java/com/moonsworth/lunar/genesis/MixinHelper$Data58.java	MixinHelper$Data58	com.google.common.reflect.ClassPath$Scanner	224.81	168.53	3	77	Cannot access ; Invalid Class-Path entry: ; Attributes; CLASS_PATH; Cannot
src/main/java/com/moonsworth/lunar/genesis/MixinHelper.java	MixinHelper	com.google.common.net.HostSpecifier	86.74	53.20	1	34	Invalid host specifier: ; IllegalArgumentException; InetAddress; Invalid
src/main/java/com/moonsworth/lunar/genesis/MixinHelper10$Data12.java	MixinHelper10$Data12	com.google.common.collect.Sets$UnmodifiableNavigableSet	82.72	23.04	0	37	Collections; Consumer; Iterator
src/main/java/com/moonsworth/lunar/genesis/MixinHelper10$Data15.java	MixinHelper10$Data15	com.google.common.collect.Sets$PowerSet	47.50	16.54	0	30	AbstractSet; Integer; Iterator
src/main/java/com/moonsworth/lunar/genesis/MixinHelper10.java	MixinHelper10	com.google.common.primitives.Primitives	55.78	22.13	0	29	Boolean; Byte; Character
src/main/java/com/moonsworth/lunar/genesis/MixinHelper10_2.java	MixinHelper10_2	com.google.common.collect.Sets	302.72	171.77	0	117	Arrays; Boolean; CLOSED
src/main/java/com/moonsworth/lunar/genesis/MixinHelper10_3.java	MixinHelper10_3	mchorse.emoticons.skin_n_bones.api.animation.AnimationMesh	15.08	4.05	0	6	Annotation2; Runnable; com
src/main/java/com/moonsworth/lunar/genesis/MixinHelper10_4.java	MixinHelper10_4	com.google.common.math.MathPreconditions	127.24	86.66	4	37	 and rounding mode ; ) must be > 0; ArithmeticException; BigInteger; CanIgnoreReturnValue
src/main/java/com/moonsworth/lunar/genesis/MixinHelper10_6.java	MixinHelper10_6	com.google.common.base.Stopwatch	107.92	64.59	0	41	AssertionError; CanIgnoreReturnValue; DAYS
src/main/java/com/moonsworth/lunar/genesis/MixinHelper11$Data11.java	MixinHelper11$Data11	com.google.common.cache.CacheBuilderSpec$RefreshDurationParser	32.59	13.58	1	11	refreshAfterWrite already set; TimeUnit; already; checkArgument
src/main/java/com/moonsworth/lunar/genesis/MixinHelper11$Data16.java	MixinHelper11$Data16	com.google.common.cache.CacheBuilderSpec$WriteDurationParser	34.09	13.58	1	11	expireAfterWrite already set; TimeUnit; already; checkArgument
src/main/java/com/moonsworth/lunar/genesis/MixinHelper11$Data19.java	MixinHelper11$Data19	com.google.common.math.LinearTransformation$RegularLinearTransformation	35.97	9.70	1	13	y = %g * x + %g; LazyInit; String; annotations
src/main/java/com/moonsworth/lunar/genesis/MixinHelper11$Data3.java	MixinHelper11$Data3	com.google.common.io.CharStreams$NullWriter	43.49	22.02	1	20	CharStreams.nullWriter(); CharSequence; CharStreams; Nullable
src/main/java/com/moonsworth/lunar/genesis/MixinHelper11$Data4.java	MixinHelper11$Data4	com.google.common.cache.CacheBuilderSpec$RecordStatsParser	35.41	13.21	1	15	recordStats already set; Nullable; String; already
src/main/java/com/moonsworth/lunar/genesis/MixinHelper11$Data7.java	MixinHelper11$Data7	com.google.common.cache.CacheBuilderSpec$AccessDurationParser	34.09	13.58	1	11	expireAfterAccess already set; TimeUnit; accessExpirationDuration; accessExpirationTimeUnit
src/main/java/com/moonsworth/lunar/genesis/MixinHelper1122.java	MixinHelper1122	com.google.common.collect.ImmutableRangeSet	129.48	55.91	0	58	ANY_PRESENT; Collector; Comparable
src/main/java/com/moonsworth/lunar/genesis/MixinHelper1123_2.java	MixinHelper1123_2	com.google.common.collect.TreeRangeSet	73.44	18.94	0	37	Comparable; Entry; Iterable
src/main/java/com/moonsworth/lunar/genesis/MixinHelper11_5.java	MixinHelper11_5	com.google.common.base.Ascii	58.27	30.13	0	24	CharSequence; String; StringBuilder
src/main/java/com/moonsworth/lunar/genesis/MixinHelper11_6.java	MixinHelper11_6	com.google.common.io.CharStreams	104.91	53.41	0	43	Appendable; ArrayList; Buffer
src/main/java/com/moonsworth/lunar/genesis/MixinHelper11_7.java	MixinHelper11_7	com.google.common.util.concurrent.Atomics	27.91	12.55	0	14	AtomicReference; AtomicReferenceArray; Nullable
src/main/java/com/moonsworth/lunar/genesis/MixinHelper11_8.java	MixinHelper11_8	com.google.common.cache.CacheBuilderSpec	175.65	76.97	2	61	blank key-value pair; unknown key %s; AssertionError; Boolean; Integer
src/main/java/com/moonsworth/lunar/genesis/MixinHelper12$Data2.java	MixinHelper12$Data2	com.google.common.io.ByteSource$ByteArrayByteSource	92.79	38.69	3	31	ByteSource.wrap(; length (%s) may not be negative; Arrays; ByteArrayInputStream; ByteSource
src/main/java/com/moonsworth/lunar/genesis/MixinHelper12$Data4.java	MixinHelper12$Data4	com.google.common.io.ByteSource$ConcatenatedByteSource	35.87	13.14	1	18	ByteSource.concat(; ByteSource; Collection; InputStream
src/main/java/com/moonsworth/lunar/genesis/MixinHelper12$Data5.java	MixinHelper12$Data5	com.google.common.io.ByteSource$EmptyByteSource	27.28	9.70	1	11	ByteSource.empty(); ByteSource; Charset; String
src/main/java/com/moonsworth/lunar/genesis/MixinHelper12$Data6.java	MixinHelper12$Data6	com.google.common.io.ByteSource$SlicedByteSource	78.76	24.77	2	28	length (%s) may not be negative; offset (%s) may not be negative; ByteArrayInputStream; InputStream; Long
src/main/java/com/moonsworth/lunar/genesis/MixinHelper12$Data7.java	MixinHelper12$Data7	com.google.common.base.Splitter$SplittingIterator	28.62	13.13	0	13	CharSequence; String; charAt
src/main/java/com/moonsworth/lunar/genesis/MixinHelper12$Data8.java	MixinHelper12$Data8	com.google.common.base.Splitter$MapSplitter	59.85	36.76	2	24	Chunk [%s] is not a valid entry; Duplicate key [%s] found.; CharSequence; Chunk; Collections
src/main/java/com/moonsworth/lunar/genesis/MixinHelper122$Data7.java	MixinHelper122$Data7	com.google.common.util.concurrent.ServiceManager$ServiceManagerState	315.05	211.79	1	111	Started {0} in {1}.; ArrayList; Collections; Comparator
src/main/java/com/moonsworth/lunar/genesis/MixinHelper122$Data8.java	MixinHelper122$Data8	com.google.common.util.concurrent.ServiceManager$ServiceListener	99.39	49.37	2	32	 has failed in the ; Starting {0}.; FAILED; FINE; Level
src/main/java/com/moonsworth/lunar/genesis/MixinHelper122_2.java	MixinHelper122_2	com.google.common.util.concurrent.ServiceManager	141.60	68.09	1	56	Unable to start Service ; Can; CanIgnoreReturnValue; Deprecated
src/main/java/com/moonsworth/lunar/genesis/MixinHelper12_2.java	MixinHelper12_2	com.google.common.io.ByteSource	80.34	25.04	0	39	Arrays; BufferedInputStream; CanIgnoreReturnValue
src/main/java/com/moonsworth/lunar/genesis/MixinHelper12_3.java	MixinHelper12_3	com.google.common.base.Splitter	106.71	59.90	1	46	must be greater than zero: %s; ArrayList; CharSequence; Collections
src/main/java/com/moonsworth/lunar/genesis/MixinHelper13$Data7.java	MixinHelper13$Data7	com.google.common.io.ByteStreams$LimitedInputStream	76.02	28.87	3	24	Mark not set; Mark not supported; FilterInputStream; IOException; InputStream
src/main/java/com/moonsworth/lunar/genesis/MixinHelper1342222.java	MixinHelper1342222	com.google.common.collect.AbstractSortedKeySortedSetMultimap	19.99	5.91	0	11	Collection; Set; SortedMap
src/main/java/com/moonsworth/lunar/genesis/MixinHelper13422222.java	MixinHelper13422222	com.google.common.collect.TreeMultimap	74.51	31.30	0	36	Collection; Comparable; Comparator
src/main/java/com/moonsworth/lunar/genesis/MixinHelper1342242.java	MixinHelper1342242	com.google.common.collect.LinkedHashMultimap	118.20	29.66	0	62	CanIgnoreReturnValue; Collection; Entry
src/main/java/com/moonsworth/lunar/genesis/MixinHelper1342322.java	MixinHelper1342322	com.google.common.collect.ArrayListMultimap	60.59	19.11	0	28	ArrayList; Collection; Deprecated
src/main/java/com/moonsworth/lunar/genesis/MixinHelper1343.java	MixinHelper1343	com.google.common.collect.LinkedListMultimap	158.21	65.77	1	76	should never be called; AssertionError; CanIgnoreReturnValue; Collection
src/main/java/com/moonsworth/lunar/genesis/MixinHelper13_5.java	MixinHelper13_5	com.google.common.io.ByteStreams	247.89	193.60	3	86	 bytes expected; Invalid size: %s; ArrayDeque; Arrays; Buffer
src/main/java/com/moonsworth/lunar/genesis/MixinHelper14$Data5.java	MixinHelper14$Data5	com.google.common.util.concurrent.UncaughtExceptionHandlers$Exiter	64.29	35.34	0	29	Caught; Level; Locale
src/main/java/com/moonsworth/lunar/genesis/MixinHelper14.java	MixinHelper14	com.google.common.base.Platform	303.83	92.27	2	103	Later in 2020, we will remove GWT-RPC support for Guava types. You are seeing this warning because you are sending a Guava type over GWT-RPC, which will break. You can identify which type by looking a
src/main/java/com/moonsworth/lunar/genesis/MixinHelper14_4.java	MixinHelper14_4	com.google.common.io.ByteProcessor	35.29	21.46	1	10	Implement it normally; CanIgnoreReturnValue; DoNotMock; Implement
src/main/java/com/moonsworth/lunar/genesis/MixinHelper14_5.java	MixinHelper14_5	com.google.common.util.concurrent.UncaughtExceptionHandlers	19.32	8.35	0	8	Runtime; Thread; UncaughtExceptionHandler
src/main/java/com/moonsworth/lunar/genesis/MixinHelper15_5.java	MixinHelper15_5	com.google.common.base.FinalizableReference	32.44	19.77	0	13	DoNotMock; Finalizable; Reference
src/main/java/com/moonsworth/lunar/genesis/MixinHelper16.java	MixinHelper16	com.google.common.io.Files	352.19	261.11	3	120	Unable to delete ; java.io.tmpdir; APPEND; Appendable; ArrayList
src/main/java/com/moonsworth/lunar/genesis/MixinHelper163.java	MixinHelper163	com.google.common.util.concurrent.SimpleTimeLimiter	181.29	121.57	1	65	timeout must be positive: %s; AssertionError; Callable; CanIgnoreReturnValue
src/main/java/com/moonsworth/lunar/genesis/MixinHelper16_4.java	MixinHelper16_4	com.google.common.util.concurrent.TimeLimiter	70.01	27.23	1	24	Use FakeTimeLimiter; Callable; CanIgnoreReturnValue; Class
src/main/java/com/moonsworth/lunar/genesis/MixinHelper16_5.java	MixinHelper16_5	com.google.common.collect.CollectCollectors	58.60	31.19	0	22	Characteristics; Collector; Comparable
src/main/java/com/moonsworth/lunar/genesis/MixinHelper17$Data3.java	MixinHelper17$Data3	com.google.common.base.Enums$StringConverter	45.24	23.89	1	23	Enums.stringConverter(; Class; Enum; Enums
src/main/java/com/moonsworth/lunar/genesis/MixinHelper17_4.java	MixinHelper17_4	com.google.common.base.Enums	56.04	28.74	0	28	AssertionError; Class; Enum
src/main/java/com/moonsworth/lunar/genesis/MixinHelper18$Data3.java	MixinHelper18$Data3	com.google.common.util.concurrent.JdkFutureAdapters$ListenableFutureAdapter	51.80	21.35	0	22	AtomicBoolean; Executor; Executors
src/main/java/com/moonsworth/lunar/genesis/MixinHelper18.java	MixinHelper18	com.google.common.io.MoreFiles	316.18	178.43	1	100	can't delete recursively; ALLOW_INSECURE; ArrayList; Arrays
src/main/java/com/moonsworth/lunar/genesis/MixinHelper18_4.java	MixinHelper18_4	mchorse.emoticons.skin_n_bones.api.animation.AnimationMesh	16.42	4.63	0	7	Annotation2; MixinHelper2_8; com
src/main/java/com/moonsworth/lunar/genesis/MixinHelper19$Data23.java	MixinHelper19$Data23	com.google.common.collect.Maps$BiMapConverter	51.64	27.84	1	24	Maps.asConverter(; Maps; Nullable; Object
src/main/java/com/moonsworth/lunar/genesis/MixinHelper19$Data26.java	MixinHelper19$Data26	com.google.common.collect.Maps$NavigableAsMapView	94.30	38.51	0	46	BiConsumer; Comparator; Entry
src/main/java/com/moonsworth/lunar/genesis/MixinHelper19$Data36.java	MixinHelper19$Data36	com.google.common.collect.Maps$MapDifferenceImpl	76.32	51.19	3	25	: only on left=; : only on right=; Map; Object; String
src/main/java/com/moonsworth/lunar/genesis/MixinHelper19_2.java	MixinHelper19_2	com.google.common.util.concurrent.ThreadFactoryBuilder	86.12	39.32	0	36	AtomicLong; Boolean; CanIgnoreReturnValue
src/main/java/com/moonsworth/lunar/genesis/MixinHelper19_3.java	MixinHelper19_3	com.google.common.collect.Maps	432.55	289.08	3	154	Multiple values for key: ; Null key for input %s; BinaryOperator; CLOSED; CanIgnoreReturnValue
src/main/java/com/moonsworth/lunar/genesis/MixinHelper2$Data17.java	MixinHelper2$Data17	com.google.common.util.concurrent.MoreExecutors$DirectExecutorService	96.92	56.13	1	34	Executor already shutdown; Collections; Executor; GuardedBy
src/main/java/com/moonsworth/lunar/genesis/MixinHelper2$Data18.java	MixinHelper2$Data18	com.google.common.util.concurrent.MoreExecutors$Application	72.88	28.97	1	22	DelayedShutdownHook-for-; DelayedShutdownHook; ExecutorService; Executors
src/main/java/com/moonsworth/lunar/genesis/MixinHelper2$Data21.java	MixinHelper2$Data21	com.google.common.net.HttpHeaders$ReferrerPolicyValues	100.63	90.77	7	11	no-referrer; no-referrer-when-downgrade; String; com; cross
src/main/java/com/moonsworth/lunar/genesis/MixinHelper2.java	MixinHelper2	com.google.common.reflect.TypeCapture	35.90	14.56	1	12	%s isn't parameterized; ParameterizedType; Type; checkArgument
src/main/java/com/moonsworth/lunar/genesis/MixinHelper20.java	MixinHelper20	com.google.common.base.Predicates	129.40	70.22	2	48	Predicates.; java.util.regex.Pattern; ALWAYS_FALSE; ALWAYS_TRUE; ArrayList
src/main/java/com/moonsworth/lunar/genesis/MixinHelper20_2.java	MixinHelper20_2	com.google.common.collect.Interner	33.36	19.51	1	10	Use Interners.new*Interner; CanIgnoreReturnValue; DoNotMock; Interner
src/main/java/com/moonsworth/lunar/genesis/MixinHelper20_3.java	MixinHelper20_3	com.google.common.util.concurrent.FutureCallback	15.56	5.47	0	8	Nullable; Throwable; checker
src/main/java/com/moonsworth/lunar/genesis/MixinHelper21$Data2.java	MixinHelper21$Data2	com.google.common.util.concurrent.Monitor$Guard	58.85	26.14	1	23	monitor.lock; Condition; GuardedBy; Nullable
src/main/java/com/moonsworth/lunar/genesis/MixinHelper21.java	MixinHelper21	com.google.common.collect.MoreCollectors$ToOptionalState	69.14	22.45	1	33	expected one element but was: <; ArrayList; IllegalArgumentException; List
src/main/java/com/moonsworth/lunar/genesis/MixinHelper21_3.java	MixinHelper21_3	com.google.common.util.concurrent.Monitor	200.35	139.26	0	59	BooleanSupplier; Duration; GuardedBy
src/main/java/com/moonsworth/lunar/genesis/MixinHelper22.java	MixinHelper22	com.google.common.collect.Lists	187.60	102.10	0	75	ArrayList; Arrays; CharSequence
src/main/java/com/moonsworth/lunar/genesis/MixinHelper222.java	MixinHelper222	kotlin.text.Regex	35.26	10.94	0	18	CharSequence; Matcher; Pattern
src/main/java/com/moonsworth/lunar/genesis/MixinHelper22_2.java	MixinHelper22_2	com.google.common.base.CommonPattern	18.45	5.58	0	8	CharSequence; String; com
src/main/java/com/moonsworth/lunar/genesis/MixinHelper22_3.java	MixinHelper22_3	com.google.common.util.concurrent.Uninterruptibles	123.01	67.38	0	43	BlockingQueue; CanIgnoreReturnValue; Condition
src/main/java/com/moonsworth/lunar/genesis/MixinHelper22_4.java	MixinHelper22_4	com.google.common.reflect.TypeParameter	36.13	12.10	1	20	%s should be a type variable.; Nullable; Object; String
src/main/java/com/moonsworth/lunar/genesis/MixinHelper23$Data17.java	MixinHelper23$Data17	com.google.common.reflect.TypeToken$TypeCollector	48.27	18.27	0	30	CanIgnoreReturnValue; Class; Comparator
src/main/java/com/moonsworth/lunar/genesis/MixinHelper23$Type2.java	MixinHelper23$Type2	com.google.common.reflect.TypeToken$TypeFilter	11.63	4.30	0	4	IGNORE_TYPE_VARIABLE_OR_WILDCARD; INTERFACE_ONLY; Predicate
src/main/java/com/moonsworth/lunar/genesis/MixinHelper23.java	MixinHelper23	com.google.common.collect.Streams	218.43	155.17	0	78	ArrayDeque; BaseStream; BiConsumer
src/main/java/com/moonsworth/lunar/genesis/MixinHelper235.java	MixinHelper235	com.google.common.util.concurrent.AbstractService	288.93	181.09	7	75	 has already been started;  to reach the RUNNING state.; AssertionError; CanIgnoreReturnValue; Cannot
src/main/java/com/moonsworth/lunar/genesis/MixinHelper23_2.java	MixinHelper23_2	com.google.common.reflect.TypeToken	351.26	238.81	6	109	 isn't a subclass of ;  isn't a super type of ; ArrayList; CanIgnoreReturnValue; Cannot
src/main/java/com/moonsworth/lunar/genesis/MixinHelper23_4.java	MixinHelper23_4	com.google.common.util.concurrent.Service	62.93	23.59	1	22	Create an AbstractIdleService; AbstractIdleService; CanIgnoreReturnValue; Create
src/main/java/com/moonsworth/lunar/genesis/MixinHelper24.java	MixinHelper24	com.google.common.util.concurrent.Callables	38.18	11.60	0	20	Callable; Nullable; Runnable
src/main/java/com/moonsworth/lunar/genesis/MixinHelper242.java	MixinHelper242	com.google.common.base.Converter	68.55	23.45	0	31	CanIgnoreReturnValue; Converter; Deprecated
src/main/java/com/moonsworth/lunar/genesis/MixinHelper24_4.java	MixinHelper24_4	com.google.common.cache.LoadingCache	21.77	7.25	0	12	ConcurrentMap; Deprecated; Iterable
src/main/java/com/moonsworth/lunar/genesis/MixinHelper25$Data4.java	MixinHelper25$Data4	com.google.common.base.Suppliers$ExpiringMemoizingSupplier	59.79	30.45	1	26	duration (%s %s) must be > 0; NANOS; Nullable; Object
src/main/java/com/moonsworth/lunar/genesis/MixinHelper25$Data6.java	MixinHelper25$Data6	com.google.common.base.Suppliers$SupplierComposition	34.09	16.12	1	18	Suppliers.compose(; Nullable; Object; Serializable
src/main/java/com/moonsworth/lunar/genesis/MixinHelper25$Data7.java	MixinHelper25$Data7	com.google.common.base.Suppliers$SupplierOfInstance	34.05	16.62	1	17	Suppliers.ofInstance(; Nullable; Object; Serializable
src/main/java/com/moonsworth/lunar/genesis/MixinHelper25$Data8.java	MixinHelper25$Data8	com.google.common.base.Suppliers$ThreadSafeSupplier	24.32	11.03	1	9	Suppliers.synchronizedSupplier(; Serializable; String; Suppliers
src/main/java/com/moonsworth/lunar/genesis/MixinHelper25$Type4.java	MixinHelper25$Type4	com.google.common.base.Suppliers$SupplierFunctionImpl	24.35	13.33	1	9	Suppliers.supplierFunction(); INSTANCE; Object; String
src/main/java/com/moonsworth/lunar/genesis/MixinHelper25.java	MixinHelper25	com.google.common.collect.Iterators	252.73	129.54	4	100	) must not be negative; expected one element but was: <; ArrayList; Arrays; CanIgnoreReturnValue
src/main/java/com/moonsworth/lunar/genesis/MixinHelper26_2.java	MixinHelper26_2	com.google.common.base.SmallCharMatcher	41.61	20.18	0	17	BitSet; Integer; String
src/main/java/com/moonsworth/lunar/genesis/MixinHelper27.java	MixinHelper27	com.google.common.util.concurrent.Striped	69.68	29.82	0	30	Arrays; CEILING; Collections
src/main/java/com/moonsworth/lunar/genesis/MixinHelper28_2.java	MixinHelper28_2	com.google.common.collect.TopKSelector	104.22	55.68	1	46	k (%s) must be >= 0; Arrays; CEILING; Collections
src/main/java/com/moonsworth/lunar/genesis/MixinHelper29.java	MixinHelper29	com.google.common.collect.ObjectArrays	71.53	30.75	0	38	Array; Arrays; CanIgnoreReturnValue
src/main/java/com/moonsworth/lunar/genesis/MixinHelper292.java	MixinHelper292	com.google.common.util.concurrent.AbstractFuture	551.61	439.14	15	145	 nanoseconds ;  thrown from get()]; AtomicReferenceFieldUpdater; Boolean; CANCELLED
src/main/java/com/moonsworth/lunar/genesis/MixinHelper2_10.java	MixinHelper2_10	com.google.common.math.DoubleMath	215.11	146.92	3	66	Cannot take mean of 0 values; input is infinite or NaN; ArithmeticException; AssertionError; BigInteger
src/main/java/com/moonsworth/lunar/genesis/MixinHelper2_11.java	MixinHelper2_11	com.google.common.net.HttpHeaders	1246.33	1149.97	77	132	Accept-Charset; Accept-Encoding; Accept; Access; After
src/main/java/com/moonsworth/lunar/genesis/MixinHelper2_12.java	MixinHelper2_12	com.google.common.collect.Comparators	86.40	50.11	0	33	Characteristics; Collector; Comparator
src/main/java/com/moonsworth/lunar/genesis/MixinHelper2_13.java	MixinHelper2_13	com.google.common.hash.LittleEndianByteArray	74.18	48.05	0	26	ByteOrder; INSTANCE; LITTLE_ENDIAN
src/main/java/com/moonsworth/lunar/genesis/MixinHelper2_14.java	MixinHelper2_14	com.google.common.graph.GraphConstants	202.74	74.46	3	62	Cannot add self-loop edge on node %s, as self-loops are not allowed. To construct a graph that allows self-loops, call allowsSelfLoops(true) on the Builder.; Cannot call source()/target() on a Endpoin
src/main/java/com/moonsworth/lunar/genesis/MixinHelper2_6.java	MixinHelper2_6	com.google.common.util.concurrent.MoreExecutors	274.20	196.77	0	98	ApiProxy; ArrayList; BlockingQueue
src/main/java/com/moonsworth/lunar/genesis/MixinHelper3$Data31.java	MixinHelper3$Data31	com.google.common.collect.CollectSpliterators$FlatMapSpliterator	68.88	23.83	0	31	Consumer; Function; InElementT
src/main/java/com/moonsworth/lunar/genesis/MixinHelper3$Data32.java	MixinHelper3$Data32	com.google.common.collect.CollectSpliterators$FlatMapSpliteratorOfDouble	20.33	5.49	0	10	Double; DoubleConsumer; Function
src/main/java/com/moonsworth/lunar/genesis/MixinHelper3$Data33.java	MixinHelper3$Data33	com.google.common.collect.CollectSpliterators$FlatMapSpliteratorOfLong	20.39	5.49	0	10	Function; InElementT; Long
src/main/java/com/moonsworth/lunar/genesis/MixinHelper3$Data36.java	MixinHelper3$Data36	com.google.common.collect.CollectSpliterators$FlatMapSpliteratorOfInt	19.72	5.20	0	10	Function; InElementT; IntConsumer
src/main/java/com/moonsworth/lunar/genesis/MixinHelper3$Data37.java	MixinHelper3$Data37	com.google.common.hash.Funnels$SequentialFunnel	37.41	15.70	1	18	Funnels.sequentialFunnel(; Funnels; Iterable; Nullable
src/main/java/com/moonsworth/lunar/genesis/MixinHelper3$Data38.java	MixinHelper3$Data38	com.google.common.hash.Funnels$StringCharsetFunnel	47.80	23.09	1	23	Funnels.stringFunnel(; CharSequence; Charset; Funnels
src/main/java/com/moonsworth/lunar/genesis/MixinHelper3$Data39.java	MixinHelper3$Data39	com.google.common.hash.Funnels$SinkAsStream	25.37	12.81	1	9	Funnels.asOutputStream(; Funnels; OutputStream; String
src/main/java/com/moonsworth/lunar/genesis/MixinHelper3$Data40.java	MixinHelper3$Data40	com.google.common.reflect.Types$GenericArrayTypeImpl	26.31	6.64	0	16	CURRENT; GenericArrayType; Object
src/main/java/com/moonsworth/lunar/genesis/MixinHelper3$Data42.java	MixinHelper3$Data42	com.google.common.reflect.Types$TypeVariableImpl	60.95	30.71	1	26	bound for type variable; GenericDeclaration; Object; Proxy
src/main/java/com/moonsworth/lunar/genesis/MixinHelper3$Data43.java	MixinHelper3$Data43	com.google.common.reflect.Types$TypeVariableInvocationHandler	35.51	15.57	0	20	AccessControlException; InvocationHandler; InvocationTargetException
src/main/java/com/moonsworth/lunar/genesis/MixinHelper3$Data44.java	MixinHelper3$Data44	com.google.common.reflect.Types$WildcardTypeImpl	77.26	38.60	2	31	lower bound for wildcard; upper bound for wildcard; Arrays; CURRENT; Object
src/main/java/com/moonsworth/lunar/genesis/MixinHelper3$Data45.java	MixinHelper3$Data45	com.google.common.reflect.Types$ParameterizedTypeImpl	75.43	33.91	1	38	type parameter; Arrays; CURRENT; Class
src/main/java/com/moonsworth/lunar/genesis/MixinHelper3$Type10.java	MixinHelper3$Type10	com.google.common.reflect.Types$JavaVersion	65.66	16.75	1	23	java.util.Map.java.util.Map; AnnotatedElement; CURRENT; Class
src/main/java/com/moonsworth/lunar/genesis/MixinHelper3$Type4.java	MixinHelper3$Type4	com.google.common.util.concurrent.ExecutionSequencer$RunningState	12.37	3.45	0	3	CANCELLED; NOT_RUN; STARTED
src/main/java/com/moonsworth/lunar/genesis/MixinHelper3$Type5.java	MixinHelper3$Type5	com.google.common.hash.Funnels$IntegerFunnel	33.11	14.61	1	10	Funnels.integerFunnel(); Funnel; Funnels; INSTANCE
src/main/java/com/moonsworth/lunar/genesis/MixinHelper3$Type6.java	MixinHelper3$Type6	com.google.common.hash.Funnels$ByteArrayFunnel	31.80	14.21	1	9	Funnels.byteArrayFunnel(); Funnel; Funnels; INSTANCE
src/main/java/com/moonsworth/lunar/genesis/MixinHelper3$Type7.java	MixinHelper3$Type7	com.google.common.hash.Funnels$LongFunnel	33.46	14.61	1	10	Funnels.longFunnel(); Funnel; Funnels; INSTANCE
src/main/java/com/moonsworth/lunar/genesis/MixinHelper3$Type8.java	MixinHelper3$Type8	com.google.common.hash.Funnels$UnencodedCharsFunnel	33.59	14.61	1	10	Funnels.unencodedCharsFunnel(); CharSequence; Funnel; Funnels
src/main/java/com/moonsworth/lunar/genesis/MixinHelper3$Type9.java	MixinHelper3$Type9	com.google.common.reflect.Types$ClassOwnership	43.04	17.08	0	21	AssertionError; Class; JVM_BEHAVIOR
src/main/java/com/moonsworth/lunar/genesis/MixinHelper3.java	MixinHelper3	com.google.common.base.Defaults	20.38	6.96	0	13	Boolean; Class; Double
src/main/java/com/moonsworth/lunar/genesis/MixinHelper30$Data4.java	MixinHelper30$Data4	com.google.common.util.concurrent.AggregateFutureState$SafeAtomicHelper	22.04	6.01	0	10	AtomicIntegerFieldUpdater; AtomicReferenceFieldUpdater; Set
src/main/java/com/moonsworth/lunar/genesis/MixinHelper302.java	MixinHelper302	com.google.common.util.concurrent.AggregateFuture	204.68	127.04	2	71	Input Future failed with Error; Less than 0 remaining futures; ALL_INPUT_FUTURES_PROCESSED; Error; ExecutionException
src/main/java/com/moonsworth/lunar/genesis/MixinHelper3022.java	MixinHelper3022	com.google.common.util.concurrent.CollectionFuture	34.00	10.36	0	20	ArrayList; List; Nullable
src/main/java/com/moonsworth/lunar/genesis/MixinHelper30_2.java	MixinHelper30_2	com.google.common.util.concurrent.AggregateFutureState	85.21	24.06	1	30	SafeAtomicHelper is broken!; AtomicIntegerFieldUpdater; AtomicReferenceFieldUpdater; FULL
src/main/java/com/moonsworth/lunar/genesis/MixinHelper312$Data.java	MixinHelper312$Data	mchorse.emoticons.skin_n_bones.api.animation.AnimationMesh	11.45	4.85	0	4	MixinHelper2_8; com; lunar
src/main/java/com/moonsworth/lunar/genesis/MixinHelper312.java	MixinHelper312	com.google.common.collect.ForwardingMap	113.88	54.46	0	56	CanIgnoreReturnValue; Collection; Entry
src/main/java/com/moonsworth/lunar/genesis/MixinHelper3122$Data4.java	MixinHelper3122$Data4	mchorse.emoticons.skin_n_bones.api.animation.AnimationMesh	11.45	4.85	0	4	MixinHelper2_8; com; lunar
src/main/java/com/moonsworth/lunar/genesis/MixinHelper3122.java	MixinHelper3122	com.google.common.collect.MutableClassToInstanceMap	51.88	14.29	0	32	CanIgnoreReturnValue; Class; Entry
src/main/java/com/moonsworth/lunar/genesis/MixinHelper3122_2.java	MixinHelper3122_2	com.google.common.reflect.MutableTypeToInstanceMap	51.34	17.60	0	30	CanIgnoreReturnValue; Class; Deprecated
src/main/java/com/moonsworth/lunar/genesis/MixinHelper3123.java	MixinHelper3123	com.google.common.collect.ForwardingSortedMap	79.93	35.51	1	31	fromKey must be <= toKey; ClassCastException; Comparable; Comparator
src/main/java/com/moonsworth/lunar/genesis/MixinHelper31232.java	MixinHelper31232	com.google.common.collect.ForwardingNavigableMap	179.44	90.20	0	53	Entry; Iterator; Map
src/main/java/com/moonsworth/lunar/genesis/MixinHelper3124.java	MixinHelper3124	com.google.common.collect.AbstractBiMap	142.77	48.64	2	64	value already present: ; value already present: %s; BiFunction; CanIgnoreReturnValue; Collection
src/main/java/com/moonsworth/lunar/genesis/MixinHelper31242.java	MixinHelper31242	com.google.common.collect.EnumBiMap	76.72	19.63	0	32	Class; Enum; EnumMap
src/main/java/com/moonsworth/lunar/genesis/MixinHelper3125.java	MixinHelper3125	com.google.common.collect.ImmutableClassToInstanceMap	44.99	11.66	0	28	CanIgnoreReturnValue; Class; Deprecated
src/main/java/com/moonsworth/lunar/genesis/MixinHelper316.java	MixinHelper316	com.google.common.collect.ForwardingCollection	93.83	37.26	0	45	CanIgnoreReturnValue; Collection; Iterator
src/main/java/com/moonsworth/lunar/genesis/MixinHelper3162.java	MixinHelper3162	com.google.common.collect.ForwardingMultiset	103.94	51.51	0	45	CanIgnoreReturnValue; Collection; Iterator
src/main/java/com/moonsworth/lunar/genesis/MixinHelper3163.java	MixinHelper3163	com.google.common.collect.ForwardingQueue	41.60	20.99	0	20	CanIgnoreReturnValue; IllegalStateException; NoSuchElementException
src/main/java/com/moonsworth/lunar/genesis/MixinHelper31632.java	MixinHelper31632	com.google.common.collect.EvictingQueue	57.64	32.11	1	27	maxSize (%s) must >= 0; ArrayDeque; CanIgnoreReturnValue; Collection
src/main/java/com/moonsworth/lunar/genesis/MixinHelper3164.java	MixinHelper3164	com.google.common.collect.ForwardingList	109.85	53.38	0	47	CanIgnoreReturnValue; Collection; Iterable
src/main/java/com/moonsworth/lunar/genesis/MixinHelper31652.java	MixinHelper31652	com.google.common.collect.ForwardingSortedSet	65.87	25.88	0	33	ClassCastException; Comparable; Comparator
src/main/java/com/moonsworth/lunar/genesis/MixinHelper316522.java	MixinHelper316522	com.google.common.collect.ForwardingNavigableSet	105.46	46.19	0	33	Iterator; NavigableSet; SortedSet
src/main/java/com/moonsworth/lunar/genesis/MixinHelper32$Data3.java	MixinHelper32$Data3	com.google.common.util.concurrent.TimeoutFuture$Fire	82.37	45.55	2	28	 (timeout delayed by ;  ms after scheduled time); MILLISECONDS; Math; Nullable
src/main/java/com/moonsworth/lunar/genesis/MixinHelper322_2.java	MixinHelper322_2	com.google.common.escape.ArrayBasedUnicodeEscaper	38.27	14.05	0	22	CharSequence; Character; Integer
src/main/java/com/moonsworth/lunar/genesis/MixinHelper32_2.java	MixinHelper32_2	com.google.common.graph.DirectedGraphConnections	109.44	58.39	0	52	ArrayList; AssertionError; AtomicBoolean
src/main/java/com/moonsworth/lunar/genesis/MixinHelper32_4.java	MixinHelper32_4	com.google.common.util.concurrent.TimeoutFuture	71.11	27.28	1	26	, remaining delay=[; MILLISECONDS; Nullable; ScheduledExecutorService
src/main/java/com/moonsworth/lunar/genesis/MixinHelper33$Data8.java	MixinHelper33$Data8	com.google.common.collect.Multisets$MultisetIteratorImpl	35.89	14.64	0	19	Iterator; NoSuchElementException; Nullable
src/main/java/com/moonsworth/lunar/genesis/MixinHelper34_2.java	MixinHelper34_2	com.google.common.util.concurrent.AbstractCatchingFuture	127.24	62.41	3	43	 without a cause; Future type ; Class; ExecutionException; Executor
src/main/java/com/moonsworth/lunar/genesis/MixinHelper35$Type.java	MixinHelper35$Type	com.google.common.collect.SortedLists$KeyPresentBehavior	30.46	13.01	0	11	ANY_PRESENT; Comparator; FIRST_AFTER
src/main/java/com/moonsworth/lunar/genesis/MixinHelper35$Type2.java	MixinHelper35$Type2	com.google.common.collect.SortedLists$KeyAbsentBehavior	17.82	8.51	0	5	INVERTED_INSERTION_INDEX; NEXT_HIGHER; NEXT_LOWER
src/main/java/com/moonsworth/lunar/genesis/MixinHelper3_10.java	MixinHelper3_10	com.google.common.primitives.UnsignedInts	121.97	37.24	2	48	Error parsing value: ; out of range: %s; Arrays; CanIgnoreReturnValue; Comparator
src/main/java/com/moonsworth/lunar/genesis/MixinHelper3_2.java	MixinHelper3_2	com.google.common.reflect.Types	198.19	124.10	2	69	Owner type for unenclosed %s; Primitive type '%s' used as %s; Array; AtomicReference; CURRENT
src/main/java/com/moonsworth/lunar/genesis/MixinHelper3_5.java	MixinHelper3_5	com.google.common.collect.CollectSpliterators	90.89	23.56	0	34	Comparator; Function; InElementT
src/main/java/com/moonsworth/lunar/genesis/MixinHelper3_7.java	MixinHelper3_7	com.google.common.escape.Escaper	32.34	16.21	0	14	DoNotMock; Escapers; String
src/main/java/com/moonsworth/lunar/genesis/MixinHelper4$Data12.java	MixinHelper4$Data12	com.google.common.io.BaseEncoding$StandardBaseEncoding	213.25	101.37	4	70	.omitPadding(); .withPadChar('; Appendable; BaseEncoding; CEILING
src/main/java/com/moonsworth/lunar/genesis/MixinHelper4$Data13.java	MixinHelper4$Data13	com.google.common.io.BaseEncoding$SeparatedBaseEncoding	136.42	55.91	2	44	.withSeparator("; Already have a separator; Already; Appendable; Cannot
src/main/java/com/moonsworth/lunar/genesis/MixinHelper4$Data17.java	MixinHelper4$Data17	com.google.common.eventbus.Dispatcher$LegacyAsyncDispatcher	23.86	6.65	0	14	ConcurrentLinkedQueue; Iterator; Object
src/main/java/com/moonsworth/lunar/genesis/MixinHelper4$Data18.java	MixinHelper4$Data18	mchorse.emoticons.skin_n_bones.api.animation.AnimationMesh	15.79	4.85	0	10	Iterator; MixinHelper2_8; Object
src/main/java/com/moonsworth/lunar/genesis/MixinHelper4$Data20.java	MixinHelper4$Data20	com.google.common.net.InetAddresses$TeredoInfo	46.87	19.40	0	20	Inet4Address; Nullable; access$000
src/main/java/com/moonsworth/lunar/genesis/MixinHelper4$Data9.java	MixinHelper4$Data9	com.google.common.io.BaseEncoding$Alphabet	214.18	151.53	8	54	.lowerCase(); .upperCase(); ASCII; ArithmeticException; Arrays
src/main/java/com/moonsworth/lunar/genesis/MixinHelper4.java	MixinHelper4	com.google.common.util.concurrent.RateLimiter	153.51	112.44	1	55	rate must be positive; CanIgnoreReturnValue; Double; Duration
src/main/java/com/moonsworth/lunar/genesis/MixinHelper42$Data3.java	MixinHelper42$Data3	com.google.common.util.concurrent.SmoothRateLimiter$SmoothWarmingUp	58.36	19.78	0	19	Double; Math; TimeUnit
src/main/java/com/moonsworth/lunar/genesis/MixinHelper422.java	MixinHelper422	com.google.common.cache.AbstractLoadingCache	31.16	8.17	0	17	ExecutionException; Iterable; LinkedHashMap
src/main/java/com/moonsworth/lunar/genesis/MixinHelper4222.java	MixinHelper4222	com.google.common.hash.AbstractStreamingHasher	74.61	28.88	0	30	Buffer; ByteBuffer; ByteOrder
src/main/java/com/moonsworth/lunar/genesis/MixinHelper422_2.java	MixinHelper422_2	com.google.common.hash.AbstractHasher	59.77	25.88	0	29	Buffer; ByteBuffer; CanIgnoreReturnValue
src/main/java/com/moonsworth/lunar/genesis/MixinHelper42_3.java	MixinHelper42_3	com.google.common.util.concurrent.SmoothRateLimiter	68.52	29.94	0	21	Math; SECONDS; TimeUnit
src/main/java/com/moonsworth/lunar/genesis/MixinHelper45.java	MixinHelper45	com.google.common.collect.HashBiMap	172.27	51.45	2	73	key already present: ; value already present: ; Arrays; BiConsumer; BiFunction
src/main/java/com/moonsworth/lunar/genesis/MixinHelper4_10.java	MixinHelper4_10	com.google.common.cache.Cache	60.54	16.48	0	32	CacheBuilder; Callable; CompatibleWith
src/main/java/com/moonsworth/lunar/genesis/MixinHelper4_11.java	MixinHelper4_11	com.google.common.io.BaseEncoding	119.63	45.55	0	41	ABCDEFGHIJKLMNOPQRSTUVWXYZ234567; ABCDEFGHIJKLMNOPQRSTUVWXYZabcdefghijklmnopqrstuvwxyz0123456789; Appendable
src/main/java/com/moonsworth/lunar/genesis/MixinHelper4_13.java	MixinHelper4_13	com.google.common.net.InetAddresses	453.07	381.03	2	138	Decrementing %s would wrap.; Incrementing %s would wrap.; Address; Arrays; AssertionError
src/main/java/com/moonsworth/lunar/genesis/MixinHelper4_2.java	MixinHelper4_2	com.google.common.base.Verify	43.48	23.23	1	18	expected a non-null reference; CanIgnoreReturnValue; Nullable; Object
src/main/java/com/moonsworth/lunar/genesis/MixinHelper4_4.java	MixinHelper4_4	com.google.common.escape.Escapers	24.82	7.24	0	12	Cannot; IllegalArgumentException; String
src/main/java/com/moonsworth/lunar/genesis/MixinHelper4_7.java	MixinHelper4_7	com.google.common.graph.ElementOrder	81.29	38.86	0	40	AssertionError; Comparable; Comparator
src/main/java/com/moonsworth/lunar/genesis/MixinHelper4_8.java	MixinHelper4_8	com.google.common.math.BigIntegerMath	180.85	85.16	1	58	k (%s) > n (%s); ArrayList; AssertionError; BigDecimal
src/main/java/com/moonsworth/lunar/genesis/MixinHelper5$1_3.java	MixinHelper5$1_3	org.spongepowered.asm.mixin.transformer.MixinProxyImpl	9.56	2.53	0	4	ThreadLocal; com; lunar
src/main/java/com/moonsworth/lunar/genesis/MixinHelper5$Data12.java	MixinHelper5$Data12	com.google.common.base.MoreObjects$ToStringHelper	38.78	15.71	0	27	Arrays; CanIgnoreReturnValue; Nullable
src/main/java/com/moonsworth/lunar/genesis/MixinHelper5$Data15.java	MixinHelper5$Data15	com.google.common.primitives.Longs$LongConverter	34.73	14.73	1	13	Longs.stringConverter(); Long; Longs; Object
src/main/java/com/moonsworth/lunar/genesis/MixinHelper5$Data22.java	MixinHelper5$Data22	com.google.common.util.concurrent.ListenerCallQueue$PerListenerQueue	73.62	39.79	0	33	Exception; Executor; GuardedBy
src/main/java/com/moonsworth/lunar/genesis/MixinHelper5$Data23.java	MixinHelper5$Data23	com.google.common.net.MediaType$Tokenizer	30.94	13.40	0	12	String; charAt; checkState
src/main/java/com/moonsworth/lunar/genesis/MixinHelper5$Data24.java	MixinHelper5$Data24	com.google.common.reflect.TypeResolver$TypeTable	51.32	25.24	0	25	Arrays; Entry; Map
src/main/java/com/moonsworth/lunar/genesis/MixinHelper5$Data25.java	MixinHelper5$Data25	com.google.common.reflect.TypeResolver$TypeMappingIntrospector	72.59	24.80	0	31	Class; Map; ParameterizedType
src/main/java/com/moonsworth/lunar/genesis/MixinHelper5$Data26.java	MixinHelper5$Data26	com.google.common.reflect.TypeResolver$TypeVariableKey	26.64	8.53	0	16	Object; String; Type
src/main/java/com/moonsworth/lunar/genesis/MixinHelper5$Data27.java	MixinHelper5$Data27	com.google.common.reflect.TypeResolver$WildcardCapturer	111.12	45.85	1	44	-of ? extends ; AssertionError; AtomicInteger; Class
src/main/java/com/moonsworth/lunar/genesis/MixinHelper5210.java	MixinHelper5210	com.google.common.hash.Murmur3_32HashFunction	109.62	39.70	1	43	Hashing.murmur3_32(; CharSequence; Character; Charset
src/main/java/com/moonsworth/lunar/genesis/MixinHelper522.java	MixinHelper522	com.google.common.hash.ChecksumHashFunction	29.95	10.05	0	18	Checksum; Immutable; Serializable
src/main/java/com/moonsworth/lunar/genesis/MixinHelper5242.java	MixinHelper5242	com.google.common.hash.FarmHashFingerprint64	78.69	65.16	1	20	Hashing.farmHashFingerprint64(); Hashing; Long; String
src/main/java/com/moonsworth/lunar/genesis/MixinHelper525.java	MixinHelper525	com.google.common.hash.Murmur3_128HashFunction$Murmur3_128Hasher	86.69	42.21	1	29	Should never get here.; AssertionError; ByteBuffer; ByteOrder
src/main/java/com/moonsworth/lunar/genesis/MixinHelper526.java	MixinHelper526	com.google.common.hash.SipHashFunction	72.04	26.12	1	30	Hashing.sipHash; Compression; Finalization; Hashing
src/main/java/com/moonsworth/lunar/genesis/MixinHelper527.java	MixinHelper527	com.google.common.hash.Crc32cHashFunction	28.53	14.21	1	10	Hashing.crc32c(); Hashing; Immutable; String
src/main/java/com/moonsworth/lunar/genesis/MixinHelper528.java	MixinHelper528	com.google.common.hash.MacHashFunction	68.20	19.93	0	29	CloneNotSupportedException; Hasher; IllegalArgumentException
src/main/java/com/moonsworth/lunar/genesis/MixinHelper5_11.java	MixinHelper5_11	com.google.common.math.DoubleUtils	98.60	58.67	1	30	not a normal value; BigInteger; Double; Long
src/main/java/com/moonsworth/lunar/genesis/MixinHelper5_12.java	MixinHelper5_12	com.google.common.net.MediaType	883.85	832.36	23	191	Could not parse '; cache-manifest; ASCII; Charset; Collection
src/main/java/com/moonsworth/lunar/genesis/MixinHelper5_5.java	MixinHelper5_5	com.google.common.cache.CacheBuilder	283.41	93.72	2	99	maximumWeight requires weigher; weigher requires maximumWeight; ArithmeticException; CheckReturnValue; Duration
src/main/java/com/moonsworth/lunar/genesis/MixinHelper5_7.java	MixinHelper5_7	com.google.common.base.MoreObjects	37.14	23.06	1	16	Both parameters are null; Both; Class; NullPointerException
src/main/java/com/moonsworth/lunar/genesis/MixinHelper5_9.java	MixinHelper5_9	com.google.common.util.concurrent.ListenerCallQueue	44.13	12.72	0	25	ArrayList; Collections; Executor
src/main/java/com/moonsworth/lunar/genesis/MixinHelper6$Data20.java	MixinHelper6$Data20	com.google.common.base.Functions$ForMapWithDefault	52.13	15.15	2	23	, defaultValue=; Functions.forMap(; Functions; Map; Nullable
src/main/java/com/moonsworth/lunar/genesis/MixinHelper6$Data21.java	MixinHelper6$Data21	com.google.common.base.Functions$ConstantFunction	33.71	12.91	1	17	Functions.constant(; Functions; Nullable; Object
src/main/java/com/moonsworth/lunar/genesis/MixinHelper6$Data23.java	MixinHelper6$Data23	com.google.common.base.Functions$FunctionForMapNoDefault	57.13	18.91	2	26	Functions.forMap(; Key '%s' not present in map; Functions; Key; Map
src/main/java/com/moonsworth/lunar/genesis/MixinHelper6$Data24.java	MixinHelper6$Data24	com.google.common.base.Functions$PredicateFunction	35.28	15.55	1	18	Functions.forPredicate(; Boolean; Functions; Nullable
src/main/java/com/moonsworth/lunar/genesis/MixinHelper6$Data25.java	MixinHelper6$Data25	com.google.common.base.Functions$SupplierFunction	34.90	14.21	1	18	Functions.forSupplier(; Functions; Nullable; Object
src/main/java/com/moonsworth/lunar/genesis/MixinHelper6$Type2.java	MixinHelper6$Type2	com.google.common.base.Functions$IdentityFunction	29.78	12.29	1	14	Functions.identity(); Function; Functions; INSTANCE
src/main/java/com/moonsworth/lunar/genesis/MixinHelper623222.java	MixinHelper623222	com.google.common.graph.StandardMutableGraph	23.36	8.35	0	7	EDGE_EXISTS; addNode; com
src/main/java/com/moonsworth/lunar/genesis/MixinHelper62333.java	MixinHelper62333	com.google.common.graph.StandardValueGraph	65.33	16.86	0	33	IllegalArgumentException; Map; Node
src/main/java/com/moonsworth/lunar/genesis/MixinHelper623333.java	MixinHelper623333	com.google.common.graph.StandardMutableValueGraph	127.17	35.60	1	46	Cannot add self-loop edge on node %s, as self-loops are not allowed. To construct a graph that allows self-loops, call allowsSelfLoops(true) on the Builder.; Builder; CanIgnoreReturnValue; Cannot
src/main/java/com/moonsworth/lunar/genesis/MixinHelper63.java	MixinHelper63	com.google.common.graph.Network	99.64	26.02	0	41	DoNotMock; NetworkBuilder; Nullable
src/main/java/com/moonsworth/lunar/genesis/MixinHelper633.java	MixinHelper633	com.google.common.graph.AbstractNetwork	177.13	98.85	3	63	, allowsParallelEdges: ; , allowsSelfLoops: ; Collections; Consider; IllegalArgumentException
src/main/java/com/moonsworth/lunar/genesis/MixinHelper6333.java	MixinHelper6333	com.google.common.graph.StandardNetwork	77.27	25.99	0	37	Edge; IllegalArgumentException; Map
src/main/java/com/moonsworth/lunar/genesis/MixinHelper63332.java	MixinHelper63332	com.google.common.graph.StandardMutableNetwork	176.97	50.62	2	61	Cannot add self-loop edge on node %s, as self-loops are not allowed. To construct a graph that allows self-loops, call allowsSelfLoops(true) on the Builder.; Nodes %s and %s are already connected by a
src/main/java/com/moonsworth/lunar/genesis/MixinHelper6_12.java	MixinHelper6_12	com.google.common.net.UrlEscapers	30.33	22.44	3	2	-._~!$'()*,;&=@:; -._~!$'()*,;&=@:+; String; com
src/main/java/com/moonsworth/lunar/genesis/MixinHelper6_2.java	MixinHelper6_2	com.google.common.reflect.Reflection	59.93	27.59	1	25	%s is not an interface; AssertionError; Class; ClassNotFoundException
src/main/java/com/moonsworth/lunar/genesis/MixinHelper6_3.java	MixinHelper6_3	com.google.common.collect.Queues	161.36	100.00	0	55	ArrayBlockingQueue; ArrayDeque; BlockingQueue
src/main/java/com/moonsworth/lunar/genesis/MixinHelper6_6.java	MixinHelper6_6	com.google.common.eventbus.Subscriber	91.30	62.07	1	40	Method became inaccessible: ; Error; Executor; IllegalAccessException
src/main/java/com/moonsworth/lunar/genesis/MixinHelper6_8.java	MixinHelper6_8	com.google.common.io.Resources	79.99	43.02	1	35	resource %s not found.; CanIgnoreReturnValue; Charset; Class
src/main/java/com/moonsworth/lunar/genesis/MixinHelper7_10.java	MixinHelper7_10	com.google.common.collect.Serialization	61.48	28.76	0	34	AssertionError; Class; Collection
src/main/java/com/moonsworth/lunar/genesis/MixinHelper7_12.java	MixinHelper7_12	com.google.common.io.Flushables	46.29	23.28	0	21	Flushable; IOException; Level
src/main/java/com/moonsworth/lunar/genesis/MixinHelper7_2.java	MixinHelper7_2	com.google.common.reflect.TypeVisitor	60.02	21.73	1	23	Unknown type: ; AssertionError; Class; GenericArrayType
src/main/java/com/moonsworth/lunar/genesis/MixinHelper7_5.java	MixinHelper7_5	com.google.common.net.InternetDomainName	224.21	177.10	6	63	Domain '%s' has no parent; Domain has too many parts: '%s'; Domain; IllegalArgumentException; Immutable
src/main/java/com/moonsworth/lunar/genesis/MixinHelper8$Data22.java	MixinHelper8$Data22	com.google.common.primitives.UnsignedBytes$LexicographicalComparatorHolder$UnsafeComparator	140.53	71.29	2	52	Could not initialize intrinsics; sun.arch.data.model; AccessController; BIG_ENDIAN; BYTE_ARRAY_BASE_OFFSET
src/main/java/com/moonsworth/lunar/genesis/MixinHelper8$Data27.java	MixinHelper8$Data27	com.google.common.eventbus.EventBus$LoggingHandler	79.32	51.96	2	27	 on subscriber ;  when dispatching event: ; Exception; Level; Logger
src/main/java/com/moonsworth/lunar/genesis/MixinHelper8$Data29.java	MixinHelper8$Data29	com.google.common.hash.HashCode$BytesHashCode	55.60	17.14	0	22	HashCode; Math; Serializable
src/main/java/com/moonsworth/lunar/genesis/MixinHelper8$Type.java	MixinHelper8$Type	com.google.common.math.LongMath$MillerRabinTester	35.92	24.93	0	10	LARGE; Long; SMALL
src/main/java/com/moonsworth/lunar/genesis/MixinHelper8_3.java	MixinHelper8_3	com.google.common.eventbus.EventBus	65.53	29.05	0	31	Executor; Iterator; Level
src/main/java/com/moonsworth/lunar/genesis/MixinHelper8_7.java	MixinHelper8_7	com.google.common.primitives.UnsignedBytes	114.65	44.03	2	43	out of range: ; out of range: %s; Arrays; CanIgnoreReturnValue; Character
src/main/java/com/moonsworth/lunar/genesis/MixinHelper8_9.java	MixinHelper8_9	com.google.common.hash.HashCode	114.07	69.96	1	46	Illegal hexadecimal character: ; CanIgnoreReturnValue; HashCode; Illegal
src/main/java/com/moonsworth/lunar/genesis/MixinHelper9$Data13.java	MixinHelper9$Data13	com.google.common.util.concurrent.CycleDetectingLockFactory$CycleDetectingReentrantReadWriteLock	41.50	11.26	0	14	ReadLock; ReentrantReadWriteLock; WriteLock
src/main/java/com/moonsworth/lunar/genesis/MixinHelper9$Data16.java	MixinHelper9$Data16	com.google.common.util.concurrent.CycleDetectingLockFactory$LockGraphNode	75.44	45.42	0	37	Entry; List; Map
src/main/java/com/moonsworth/lunar/genesis/MixinHelper9$Data21.java	MixinHelper9$Data21	com.google.common.hash.Hashing$ConcatenatedHashFunction	34.26	10.81	0	19	Arrays; Nullable; Object
src/main/java/com/moonsworth/lunar/genesis/MixinHelper9$Data23.java	MixinHelper9$Data23	com.google.common.hash.Hashing$Md5Holder	20.95	9.70	1	4	Hashing.md5(); Hashing; MD5; com
src/main/java/com/moonsworth/lunar/genesis/MixinHelper9$Data24.java	MixinHelper9$Data24	com.google.common.hash.Hashing$Sha256Holder	20.61	13.24	1	4	Hashing.sha256(); Hashing; SHA; com
src/main/java/com/moonsworth/lunar/genesis/MixinHelper9$Data25.java	MixinHelper9$Data25	com.google.common.hash.Hashing$Sha384Holder	21.36	13.24	1	4	Hashing.sha384(); Hashing; SHA; com
src/main/java/com/moonsworth/lunar/genesis/MixinHelper9$Data26.java	MixinHelper9$Data26	com.google.common.hash.Hashing$Sha512Holder	20.90	13.24	1	4	Hashing.sha512(); Hashing; SHA; com
src/main/java/com/moonsworth/lunar/genesis/MixinHelper9$Data27.java	MixinHelper9$Data27	com.google.common.hash.Hashing$Sha1Holder	20.51	13.24	1	4	Hashing.sha1(); Hashing; SHA; com
src/main/java/com/moonsworth/lunar/genesis/MixinHelper9$Type.java	MixinHelper9$Type	com.google.common.util.concurrent.CycleDetectingLockFactory$Policies$2	39.26	25.74	1	12	Detected potential deadlock; Detected; Level; SEVERE
src/main/java/com/moonsworth/lunar/genesis/MixinHelper9$Type3.java	MixinHelper9$Type3	com.google.common.hash.Hashing$ChecksumType	66.20	34.58	2	18	Hashing.adler32(); Hashing.crc32(); ADLER_32; CRC_32; Checksum
src/main/java/com/moonsworth/lunar/genesis/MixinHelper9.java	MixinHelper9	com.google.common.io.CharSource	139.54	62.90	0	63	Appendable; ArrayList; BufferedReader
src/main/java/com/moonsworth/lunar/genesis/MixinHelper9_2.java	MixinHelper9_2	com.google.common.base.Utf8	70.66	38.96	1	22	Unpaired surrogate at index ; CharSequence; Character; IllegalArgumentException
src/main/java/com/moonsworth/lunar/genesis/MixinHelper9_3.java	MixinHelper9_3	com.google.common.hash.Hashing	203.43	146.29	2	68	Number of bits must be positive; buckets must be positive: %s; ADLER_32; All; ArrayList
src/main/java/com/moonsworth/lunar/genesis/MixinHelper9_5.java	MixinHelper9_5	com.google.common.graph.Graphs	132.06	89.92	1	56	Not true that %s is positive.; COMPLETE; CanIgnoreReturnValue; Collection
src/main/java/com/moonsworth/lunar/genesis/MixinHelper9_8.java	MixinHelper9_8	com.google.common.util.concurrent.CycleDetectingLockFactory	116.72	78.82	0	49	ArrayList; CanIgnoreReturnValue; Class
src/main/java/com/moonsworth/lunar/genesis/MixinHelperIterator2.java	MixinHelperIterator2	mchorse.emoticons.skin_n_bones.api.animation.AnimationMesh	17.72	4.85	0	10	Iterator; MixinHelper2_8; com
src/main/java/com/moonsworth/lunar/genesis/MixinHelperIterator_2.java	MixinHelperIterator_2	com.google.common.collect.PeekingIterator	34.29	16.76	1	15	Use Iterators.peekingIterator; CanIgnoreReturnValue; DoNotMock; Iterator
src/main/java/com/moonsworth/lunar/genesis/MixinHelperTask.java	MixinHelperTask	com.google.common.base.internal.Finalizer	186.73	94.44	0	79	AssertionError; Class; Constructor
src/main/java/com/moonsworth/lunar/genesis/MixinHelperType$Data.java	MixinHelperType$Data	com.google.common.base.CaseFormat$StringConverter	35.56	14.21	1	17	.converterTo(; Nullable; Object; Serializable
src/main/java/com/moonsworth/lunar/genesis/MixinHelperType$Data2.java	MixinHelperType$Data2	com.google.common.hash.BloomFilterStrategies$LockFreeBitArray	88.34	42.16	1	37	data length is zero!; Arrays; AtomicLongArray; BitArrays
src/main/java/com/moonsworth/lunar/genesis/MixinHelperType2.java	MixinHelperType2	com.google.common.base.StandardSystemProperty	404.24	350.90	22	59	file.separator; java.class.path; FILE_SEPARATOR; JAVA_CLASS_PATH; JAVA_CLASS_VERSION
src/main/java/com/moonsworth/lunar/genesis/MixinHelperType_4.java	MixinHelperType_4	com.google.common.hash.BloomFilterStrategies$2	32.04	15.50	0	11	Long; bitSize; com
src/main/java/com/moonsworth/lunar/genesis/MixinHelperType_5.java	MixinHelperType_5	com.google.common.base.CaseFormat	72.22	40.49	0	25	LOWER_CAMEL; LOWER_HYPHEN; LOWER_UNDERSCORE
src/main/java/com/moonsworth/lunar/genesis/MixinHelper_10.java	MixinHelper_10	com.google.common.math.Quantiles	77.18	61.03	0	23	Double; IllegalArgumentException; Quantile
src/main/java/com/moonsworth/lunar/genesis/MixinHelper_11.java	MixinHelper_11	com.google.common.io.CharSink	78.74	34.69	1	36	line.separator; BufferedWriter; CanIgnoreReturnValue; CharSequence
src/main/java/com/moonsworth/lunar/genesis/MixinHelper_14.java	MixinHelper_14	com.google.common.graph.Traverser	42.72	26.93	0	14	Iterable; Undirected; breadthFirst
src/main/java/com/moonsworth/lunar/genesis/MixinHelper_15.java	MixinHelper_15	com.google.common.base.Strings	172.11	86.32	2	67	Required array size too large: ; invalid count: %s; ArrayIndexOutOfBoundsException; CharSequence; Character
src/main/java/com/moonsworth/lunar/genesis/MixinHelper_4.java	MixinHelper_4	com.google.common.reflect.ClassPath	58.49	17.91	0	29	ClassLoader; File; Logger
src/main/java/com/moonsworth/lunar/genesis/MixinHelper_7.java	MixinHelper_7	com.google.common.eventbus.SubscriberRegistry	177.57	129.28	1	75	 registered?; ArrayList; Class; Collection
src/main/java/com/moonsworth/lunar/genesis/MixinHelper_8.java	MixinHelper_8	com.google.common.collect.Synchronized	80.73	41.35	0	35	Collection; Deque; Entry
src/main/java/com/moonsworth/lunar/genesis/MixinHelper_9.java	MixinHelper_9	com.google.common.primitives.UnsignedLongs	169.57	84.84	4	56	Error parsing value: ; Too large for unsigned long: ; Arrays; CanIgnoreReturnValue; Character
src/main/java/com/moonsworth/lunar/genesis/MoreCollectors$ToOptionalState.java	MoreCollectors$ToOptionalState	com.google.common.collect.MoreCollectors$ToOptionalState	80.29	31.96	1	35	expected one element but was: <; ArrayList; IllegalArgumentException; List
src/main/java/com/moonsworth/lunar/genesis/MoreExecutors$1.java	MoreExecutors$1	com.google.common.util.concurrent.MoreExecutors$1	24.28	7.23	0	10	BlockingQueue; ListenableFuture; MoreExecutors$1
src/main/java/com/moonsworth/lunar/genesis/MoreExecutors$3.java	MoreExecutors$3	com.google.common.util.concurrent.MoreExecutors$3	34.85	15.34	0	12	Callable; Callables; ExecutorService
src/main/java/com/moonsworth/lunar/genesis/MoreExecutors$4.java	MoreExecutors$4	com.google.common.util.concurrent.MoreExecutors$4	35.19	16.05	0	12	Callable; Callables; MoreExecutors$4
src/main/java/com/moonsworth/lunar/genesis/MoreExecutors$Application.java	MoreExecutors$Application	com.google.common.util.concurrent.MoreExecutors$Application	83.71	43.81	1	24	DelayedShutdownHook-for-; DelayedShutdownHook; ExecutorService; Executors
src/main/java/com/moonsworth/lunar/genesis/MoreExecutors$DirectExecutorService.java	MoreExecutors$DirectExecutorService	com.google.common.util.concurrent.MoreExecutors$DirectExecutorService	112.81	65.43	1	37	Executor already shutdown; AbstractListeningExecutorService; Collections; Executor
src/main/java/com/moonsworth/lunar/genesis/MoreExecutors$ListeningDecorator.java	MoreExecutors$ListeningDecorator	com.google.common.util.concurrent.MoreExecutors$ListeningDecorator	51.13	13.61	0	19	AbstractListeningExecutorService; ExecutorService; GwtIncompatible
src/main/java/com/moonsworth/lunar/genesis/MoreFiles$2.java	MoreFiles$2	com.google.common.io.MoreFiles$2	46.87	11.91	1	16	MoreFiles.isDirectory(; Arrays; Files; LinkOption
src/main/java/com/moonsworth/lunar/genesis/MoreFiles$PathByteSink.java	MoreFiles$PathByteSink	com.google.common.io.MoreFiles$PathByteSink	56.83	18.59	1	20	MoreFiles.asByteSink(; Arrays; Files; MoreFiles
src/main/java/com/moonsworth/lunar/genesis/MoreFiles$PathByteSource.java	MoreFiles$PathByteSource	com.google.common.io.MoreFiles$PathByteSource	148.50	77.11	3	44	MoreFiles.asByteSource(; can't read: is a directory; Arrays; BasicFileAttributes; Channels
src/main/java/com/moonsworth/lunar/genesis/MultiEdgesConnecting.java	MultiEdgesConnecting	com.google.common.graph.MultiEdgesConnecting	33.18	10.28	0	21	AbstractSet; Iterator; Map
src/main/java/com/moonsworth/lunar/genesis/MultiInputStream.java	MultiInputStream	com.google.common.io.MultiInputStream	43.65	18.03	0	23	GwtIncompatible; InputStream; Iterator
src/main/java/com/moonsworth/lunar/genesis/MultiReader.java	MultiReader	com.google.common.io.MultiReader	58.39	30.71	1	24	n is negative; GwtIncompatible; Iterator; MultiReader
src/main/java/com/moonsworth/lunar/genesis/Multimap.java	Multimap	com.google.common.collect.Multimap	98.42	25.69	0	53	BiConsumer; CanIgnoreReturnValue; Collection
src/main/java/com/moonsworth/lunar/genesis/MultimapBuilder$ArrayListSupplier.java	MultimapBuilder$ArrayListSupplier	com.google.common.collect.MultimapBuilder$ArrayListSupplier	27.41	11.74	0	12	ArrayList; CollectPreconditions; List
src/main/java/com/moonsworth/lunar/genesis/MultimapBuilder$EnumSetSupplier.java	MultimapBuilder$EnumSetSupplier	com.google.common.collect.MultimapBuilder$EnumSetSupplier	29.33	13.90	0	14	Class; Enum; EnumSet
src/main/java/com/moonsworth/lunar/genesis/MultimapBuilder$HashSetSupplier.java	MultimapBuilder$HashSetSupplier	com.google.common.collect.MultimapBuilder$HashSetSupplier	29.40	12.55	0	12	CollectPreconditions; MultimapBuilder$HashSetSupplier; Serializable
src/main/java/com/moonsworth/lunar/genesis/MultimapBuilder$LinkedHashSetSupplier.java	MultimapBuilder$LinkedHashSetSupplier	com.google.common.collect.MultimapBuilder$LinkedHashSetSupplier	29.81	12.94	0	12	CollectPreconditions; MultimapBuilder$LinkedHashSetSupplier; Serializable
src/main/java/com/moonsworth/lunar/genesis/MultimapBuilder$SortedSetMultimapBuilder.java	MultimapBuilder$SortedSetMultimapBuilder	com.google.common.collect.MultimapBuilder$SortedSetMultimapBuilder	15.69	4.24	0	4	Multimap; MultimapBuilder$SortedSetMultimapBuilder; SetMultimap
src/main/java/com/moonsworth/lunar/genesis/MultimapBuilder$TreeSetSupplier.java	MultimapBuilder$TreeSetSupplier	com.google.common.collect.MultimapBuilder$TreeSetSupplier	26.42	12.94	0	12	Comparator; MultimapBuilder$TreeSetSupplier; Preconditions
src/main/java/com/moonsworth/lunar/genesis/Multimaps$CustomSortedSetMultimap.java	Multimaps$CustomSortedSetMultimap	com.google.common.collect.Multimaps$CustomSortedSetMultimap	61.02	17.07	0	26	Collection; Comparator; GwtIncompatible
src/main/java/com/moonsworth/lunar/genesis/Multimaps$Entries.java	Multimaps$Entries	com.google.common.collect.Multimaps$Entries	36.88	12.39	0	21	AbstractCollection; Entry; Map
src/main/java/com/moonsworth/lunar/genesis/Multisets$ViewMultiset.java	Multisets$ViewMultiset	com.google.common.collect.Multisets$ViewMultiset	21.31	8.01	0	10	Iterator; Multisets$ViewMultiset; clear
src/main/java/com/moonsworth/lunar/genesis/Murmur3_128HashFunction$Murmur3_128Hasher.java	Murmur3_128HashFunction$Murmur3_128Hasher	com.google.common.hash.Murmur3_128HashFunction$Murmur3_128Hasher	99.26	65.48	1	29	Should never get here.; AbstractStreamingHasher; AssertionError; ByteBuffer
src/main/java/com/moonsworth/lunar/genesis/Murmur3_32HashFunction$Murmur3_32Hasher.java	Murmur3_32HashFunction$Murmur3_32Hasher	com.google.common.hash.Murmur3_32HashFunction$Murmur3_32Hasher	102.07	43.40	0	43	AbstractHasher; ByteBuffer; ByteOrder
src/main/java/com/moonsworth/lunar/genesis/MutableClassToInstanceMap$SerializedForm.java	MutableClassToInstanceMap$SerializedForm	com.google.common.collect.MutableClassToInstanceMap$SerializedForm	17.00	6.88	0	8	Class; Map; MutableClassToInstanceMap$SerializedForm
src/main/java/com/moonsworth/lunar/genesis/MutableGraph.java	MutableGraph	com.google.common.graph.MutableGraph	33.72	11.53	0	12	Beta; CanIgnoreReturnValue; Graph
src/main/java/com/moonsworth/lunar/genesis/MutableTypeToInstanceMap$UnmodifiableEntry.java	MutableTypeToInstanceMap$UnmodifiableEntry	com.google.common.reflect.MutableTypeToInstanceMap$UnmodifiableEntry	31.64	14.65	0	15	Entry; ForwardingMapEntry; Iterator
src/main/java/com/moonsworth/lunar/genesis/MutableValueGraph.java	MutableValueGraph	com.google.common.graph.MutableValueGraph	35.25	10.82	0	12	Beta; CanIgnoreReturnValue; MutableValueGraph
src/main/java/com/moonsworth/lunar/genesis/NaturalOrdering.java	NaturalOrdering	com.google.common.collect.NaturalOrdering	56.89	20.88	1	23	Ordering.natural(); Comparable; GwtCompatible; NaturalOrdering
src/main/java/com/moonsworth/lunar/genesis/NullsFirstOrdering.java	NullsFirstOrdering	com.google.common.collect.NullsFirstOrdering	42.92	17.64	1	18	.nullsFirst(); GwtCompatible; Nullable; NullsFirstOrdering
src/main/java/com/moonsworth/lunar/genesis/NullsLastOrdering.java	NullsLastOrdering	com.google.common.collect.NullsLastOrdering	42.85	17.64	1	18	.nullsLast(); GwtCompatible; Nullable; NullsLastOrdering
src/main/java/com/moonsworth/lunar/genesis/NumberBase2$Data.java	NumberBase2$Data	com.google.common.hash.BloomFilter$SerialForm	10.17	2.82	0	6	Object; Serializable; com
src/main/java/com/moonsworth/lunar/genesis/NumberBase2_2.java	NumberBase2_2	com.google.common.hash.BloomFilter	281.12	232.82	2	102	 dataLength: ;  numHashFunctions: ; BloomFilter; BloomFilters; CONCURRENT
src/main/java/com/moonsworth/lunar/genesis/NumberLoader.java	NumberLoader	com.google.common.util.concurrent.AtomicDouble	87.70	30.75	0	39	AtomicLongFieldUpdater; CanIgnoreReturnValue; Double
src/main/java/com/moonsworth/lunar/genesis/ObjectArrays.java	ObjectArrays	com.google.common.collect.ObjectArrays	85.44	36.43	0	42	Array; Arrays; CanIgnoreReturnValue
src/main/java/com/moonsworth/lunar/genesis/Optional.java	Optional	com.google.common.base.Optional	87.03	40.66	0	41	Absent; Beta; DoNotMock
src/main/java/com/moonsworth/lunar/genesis/Ordering$ArbitraryOrdering.java	Ordering$ArbitraryOrdering	com.google.common.collect.Ordering$ArbitraryOrdering	66.99	47.69	1	24	Ordering.arbitrary(); AssertionError; AtomicInteger; ConcurrentMap
src/main/java/com/moonsworth/lunar/genesis/Ordering$IncomparableValueException.java	Ordering$IncomparableValueException	com.google.common.collect.Ordering$IncomparableValueException	28.24	19.82	1	7	Cannot compare value: ; Cannot; ClassCastException; Object
src/main/java/com/moonsworth/lunar/genesis/OutputStreamSerializer.java	OutputStreamSerializer	com.google.common.io.FileBackedOutputStream	89.66	43.99	1	37	Could not delete: ; ByteArrayInputStream; Could; File
src/main/java/com/moonsworth/lunar/genesis/PairedStats.java	PairedStats	com.google.common.math.PairedStats	135.64	45.55	0	53	BYTES; Beta; ByteBuffer
src/main/java/com/moonsworth/lunar/genesis/PairedStatsAccumulator.java	PairedStatsAccumulator	com.google.common.math.PairedStatsAccumulator	72.83	21.26	0	22	Beta; Double; GwtIncompatible
src/main/java/com/moonsworth/lunar/genesis/PairwiseEquivalence.java	PairwiseEquivalence	com.google.common.base.PairwiseEquivalence	58.71	26.12	1	27	.pairwise(); GwtCompatible; Iterable; Iterator
src/main/java/com/moonsworth/lunar/genesis/Parameter.java	Parameter	com.google.common.reflect.Parameter	90.60	58.32	0	40	AnnotatedElement; AnnotatedType; Annotation
src/main/java/com/moonsworth/lunar/genesis/ParseRequest.java	ParseRequest	com.google.common.primitives.ParseRequest	36.65	9.33	1	11	empty string; GwtCompatible; NumberFormatException; ParseRequest
src/main/java/com/moonsworth/lunar/genesis/Partially$GwtIncompatible.java	Partially$GwtIncompatible	com.google.common.util.concurrent.Partially$GwtIncompatible	33.09	9.16	0	17	CLASS; CONSTRUCTOR; Documented
src/main/java/com/moonsworth/lunar/genesis/PatternCompiler.java	PatternCompiler	com.google.common.base.PatternCompiler	20.11	7.08	0	6	CommonPattern; GwtIncompatible; PatternCompiler
src/main/java/com/moonsworth/lunar/genesis/PatternFilenameFilter.java	PatternFilenameFilter	com.google.common.io.PatternFilenameFilter	45.76	17.52	0	22	Beta; File; FilenameFilter
src/main/java/com/moonsworth/lunar/genesis/PeekingIterator.java	PeekingIterator	com.google.common.collect.PeekingIterator	44.55	22.62	1	17	Use Iterators.peekingIterator; CanIgnoreReturnValue; DoNotMock; GwtCompatible
src/main/java/com/moonsworth/lunar/genesis/PreLaunchLibraryBootstrap.java	PreLaunchLibraryBootstrap	org.spongepowered.asm.mixin.transformer.MixinProxyImpl	72.70	19.81	0	36	Config; Data; Exception
src/main/java/com/moonsworth/lunar/genesis/PredicateExtension2.java	PredicateExtension2	com.google.common.base.CharMatcher	215.26	131.97	0	65	BitSet; CharMatcher; CharSequence
src/main/java/com/moonsworth/lunar/genesis/Predicates$AndPredicate.java	Predicates$AndPredicate	com.google.common.base.Predicates$AndPredicate	34.69	11.69	0	22	List; Nullable; Object
src/main/java/com/moonsworth/lunar/genesis/Predicates$CompositionPredicate.java	Predicates$CompositionPredicate	com.google.common.base.Predicates$CompositionPredicate	31.14	9.51	0	19	Function; Nullable; Object
src/main/java/com/moonsworth/lunar/genesis/Predicates$ContainsPatternPredicate.java	Predicates$ContainsPatternPredicate	com.google.common.base.Predicates$ContainsPatternPredicate	73.01	39.54	2	28	Predicates.contains(; pattern.flags; CharSequence; CommonPattern; GwtIncompatible
src/main/java/com/moonsworth/lunar/genesis/Predicates$InstanceOfPredicate.java	Predicates$InstanceOfPredicate	com.google.common.base.Predicates$InstanceOfPredicate	53.22	24.58	1	24	Predicates.instanceOf(; Class; GwtIncompatible; Nullable
src/main/java/com/moonsworth/lunar/genesis/Predicates$NotPredicate.java	Predicates$NotPredicate	com.google.common.base.Predicates$NotPredicate	43.49	20.35	1	20	Predicates.not(; Nullable; Object; Preconditions
src/main/java/com/moonsworth/lunar/genesis/Predicates$OrPredicate.java	Predicates$OrPredicate	com.google.common.base.Predicates$OrPredicate	32.50	9.51	0	21	List; Nullable; Object
src/main/java/com/moonsworth/lunar/genesis/Predicates$SubtypeOfPredicate.java	Predicates$SubtypeOfPredicate	com.google.common.base.Predicates$SubtypeOfPredicate	52.60	24.31	1	24	Predicates.subtypeOf(; Class; GwtIncompatible; Nullable
src/main/java/com/moonsworth/lunar/genesis/Present.java	Present	com.google.common.base.Present	72.99	27.25	1	33	Optional.of(; Collections; Function; GwtCompatible
src/main/java/com/moonsworth/lunar/genesis/Primitives.java	Primitives	com.google.common.primitives.Primitives	68.08	25.86	0	32	Boolean; Byte; Character
src/main/java/com/moonsworth/lunar/genesis/Quantiles$ScaleAndIndexes.java	Quantiles$ScaleAndIndexes	com.google.common.math.Quantiles$ScaleAndIndexes	98.60	37.04	0	40	Arrays; Cannot; Collection
src/main/java/com/moonsworth/lunar/genesis/Queues.java	Queues	com.google.common.collect.Queues	178.26	105.00	0	60	ArrayBlockingQueue; ArrayDeque; Beta
src/main/java/com/moonsworth/lunar/genesis/Range$RangeLexOrdering.java	Range$RangeLexOrdering	com.google.common.collect.Range$RangeLexOrdering	14.26	5.19	0	5	Range$RangeLexOrdering; Serializable; com
src/main/java/com/moonsworth/lunar/genesis/RangeGwtSerializationDependencies.java	RangeGwtSerializationDependencies	com.google.common.collect.RangeGwtSerializationDependencies	18.75	7.45	0	7	Comparable; GwtCompatible; RangeGwtSerializationDependencies
src/main/java/com/moonsworth/lunar/genesis/RangeMap.java	RangeMap	com.google.common.collect.RangeMap	63.69	16.35	0	33	Beta; BiFunction; Comparable
src/main/java/com/moonsworth/lunar/genesis/RateLimiter$SleepingStopwatch.java	RateLimiter$SleepingStopwatch	com.google.common.util.concurrent.RateLimiter$SleepingStopwatch	18.27	5.00	0	4	RateLimiter$SleepingStopwatch; com; readMicros
src/main/java/com/moonsworth/lunar/genesis/Reader.java	Reader	com.google.common.io.CharSequenceReader	97.72	66.84	2	33	n (%s) may not be negative; reader closed; CharBuffer; CharSequence; IOException
src/main/java/com/moonsworth/lunar/genesis/Reader2.java	Reader2	com.google.common.io.MultiReader	45.16	23.26	1	21	n is negative; Iterator; Nullable; Reader
src/main/java/com/moonsworth/lunar/genesis/ReaderInputStream.java	ReaderInputStream	com.google.common.io.ReaderInputStream	196.88	128.43	1	63	bufferSize must be positive: %s; Arrays; Buffer; ByteBuffer
src/main/java/com/moonsworth/lunar/genesis/RecursiveDeleteOption.java	RecursiveDeleteOption	com.google.common.io.RecursiveDeleteOption	18.96	5.00	0	5	ALLOW_INSECURE; Beta; GwtIncompatible
src/main/java/com/moonsworth/lunar/genesis/Reflection.java	Reflection	com.google.common.reflect.Reflection	71.34	35.18	1	28	%s is not an interface; AssertionError; Beta; Class
src/main/java/com/moonsworth/lunar/genesis/RegularContiguousSet$SerializedForm.java	RegularContiguousSet$SerializedForm	com.google.common.collect.RegularContiguousSet$SerializedForm	19.38	9.21	0	8	Comparable; GwtIncompatible; Object
src/main/java/com/moonsworth/lunar/genesis/RegularImmutableAsList.java	RegularImmutableAsList	com.google.common.collect.RegularImmutableAsList	41.95	12.01	0	17	Consumer; GwtCompatible; GwtIncompatible
src/main/java/com/moonsworth/lunar/genesis/RegularImmutableBiMap$InverseSerializedForm.java	RegularImmutableBiMap$InverseSerializedForm	com.google.common.collect.RegularImmutableBiMap$InverseSerializedForm	14.96	7.62	0	6	Object; RegularImmutableBiMap$InverseSerializedForm; Serializable
src/main/java/com/moonsworth/lunar/genesis/RegularImmutableList.java	RegularImmutableList	com.google.common.collect.RegularImmutableList	53.09	13.36	0	21	GwtCompatible; Object; RegularImmutableList
src/main/java/com/moonsworth/lunar/genesis/RegularImmutableMap$KeySet$SerializedForm.java	RegularImmutableMap$KeySet$SerializedForm	com.google.common.collect.RegularImmutableMap$KeySet$SerializedForm	17.24	9.21	0	7	GwtIncompatible; Object; RegularImmutableMap$KeySet$SerializedForm
src/main/java/com/moonsworth/lunar/genesis/RegularImmutableMap$Values$SerializedForm.java	RegularImmutableMap$Values$SerializedForm	com.google.common.collect.RegularImmutableMap$Values$SerializedForm	17.24	9.21	0	7	GwtIncompatible; Object; RegularImmutableMap$Values$SerializedForm
src/main/java/com/moonsworth/lunar/genesis/RegularImmutableMultiset$NonTerminalEntry.java	RegularImmutableMultiset$NonTerminalEntry	com.google.common.collect.RegularImmutableMultiset$NonTerminalEntry	10.21	3.62	0	2	RegularImmutableMultiset$NonTerminalEntry; com
src/main/java/com/moonsworth/lunar/genesis/RegularImmutableSet.java	RegularImmutableSet	com.google.common.collect.RegularImmutableSet	74.26	27.44	0	32	GwtCompatible; Hashing; Nullable
src/main/java/com/moonsworth/lunar/genesis/RegularImmutableSortedSet.java	RegularImmutableSortedSet	com.google.common.collect.RegularImmutableSortedSet	151.01	61.50	0	64	ClassCastException; Collection; Collections
src/main/java/com/moonsworth/lunar/genesis/RemovalListener.java	RemovalListener	com.google.common.cache.RemovalListener	21.36	6.55	0	6	FunctionalInterface; GwtCompatible; RemovalListener
src/main/java/com/moonsworth/lunar/genesis/RemovalListeners.java	RemovalListeners	com.google.common.cache.RemovalListeners	23.63	10.27	0	10	Executor; GwtIncompatible; Preconditions
src/main/java/com/moonsworth/lunar/genesis/RemovalNotification.java	RemovalNotification	com.google.common.cache.RemovalNotification	31.58	12.20	0	15	AbstractMap; GwtCompatible; Nullable
src/main/java/com/moonsworth/lunar/genesis/ReverseNaturalOrdering.java	ReverseNaturalOrdering	com.google.common.collect.ReverseNaturalOrdering	59.77	21.32	1	24	Ordering.natural().reverse(); Comparable; GwtCompatible; Iterable
src/main/java/com/moonsworth/lunar/genesis/ReverseOrdering.java	ReverseOrdering	com.google.common.collect.ReverseOrdering	49.77	15.71	1	25	.reverse(); GwtCompatible; Iterable; Iterator
src/main/java/com/moonsworth/lunar/genesis/Runnables.java	Runnables	com.google.common.util.concurrent.Runnables	25.90	13.98	0	7	Beta; GwtCompatible; Runnable
src/main/java/com/moonsworth/lunar/genesis/SerializableBase2.java	SerializableBase2	com.google.common.collect.Range	110.16	52.24	1	52	Invalid range: ; AssertionError; Comparable; Comparator
src/main/java/com/moonsworth/lunar/genesis/SerializableBase2_2.java	SerializableBase2_2	com.google.common.base.Present	58.48	18.37	1	29	Optional.of(; Collections; Function; Nullable
src/main/java/com/moonsworth/lunar/genesis/SerializableBase3.java	SerializableBase3	com.google.common.base.Absent	68.55	33.14	1	33	Optional.absent(); Collections; IllegalStateException; Nullable
src/main/java/com/moonsworth/lunar/genesis/SerializableBase_2.java	SerializableBase_2	com.google.common.base.Optional	64.51	28.66	0	34	DoNotMock; Iterable; Nullable
src/main/java/com/moonsworth/lunar/genesis/SerializableExtension.java	SerializableExtension	com.google.common.hash.Funnel	32.88	19.36	1	11	Implement with a lambda; DoNotMock; Implement; Serializable
src/main/java/com/moonsworth/lunar/genesis/SerializableImpl.java	SerializableImpl	com.google.common.collect.Count	25.91	7.86	0	20	Integer; Nullable; Object
src/main/java/com/moonsworth/lunar/genesis/SerializableImpl2.java	SerializableImpl2	com.google.common.collect.GeneralRange	72.93	24.15	0	34	CLOSED; Comparable; Comparator
src/main/java/com/moonsworth/lunar/genesis/SerializableImpl_2.java	SerializableImpl_2	com.google.common.math.PairedStats	123.08	40.55	0	49	BYTES; ByteBuffer; ByteOrder
src/main/java/com/moonsworth/lunar/genesis/SerializableImpl_4.java	SerializableImpl_4	com.google.common.net.HostAndPort	241.70	187.82	7	68	Host has a port: %s; Invalid bracketed host/port: %s; Character; Host; IPv6
src/main/java/com/moonsworth/lunar/genesis/SerializableIterator.java	SerializableIterator	com.google.common.collect.ImmutableMap	226.61	97.92	1	100	Multiple entries with same ; AbstractMap; BiFunction; BinaryOperator
src/main/java/com/moonsworth/lunar/genesis/SerializableIterator32.java	SerializableIterator32	com.google.common.collect.ImmutableSortedMap	214.09	117.18	1	88	should never be called; Arrays; AssertionError; BiConsumer
src/main/java/com/moonsworth/lunar/genesis/SerializableIterator_2.java	SerializableIterator_2	com.google.common.math.Stats	179.82	90.07	0	75	BYTES; ByteBuffer; ByteOrder
src/main/java/com/moonsworth/lunar/genesis/SerializableUpdater.java	SerializableUpdater	com.google.common.util.concurrent.AtomicLongMap	149.50	83.82	0	64	AtomicBoolean; AtomicLong; CanIgnoreReturnValue
src/main/java/com/moonsworth/lunar/genesis/Serialization$FieldSetter.java	Serialization$FieldSetter	com.google.common.collect.Serialization$FieldSetter	22.43	7.39	0	11	AssertionError; Field; IllegalAccessException
src/main/java/com/moonsworth/lunar/genesis/Service$State$1.java	Service$State$1	com.google.common.util.concurrent.Service$State$1	13.91	5.00	0	3	Service$State$1; com; isTerminal
src/main/java/com/moonsworth/lunar/genesis/Service$State$2.java	Service$State$2	com.google.common.util.concurrent.Service$State$2	10.21	3.62	0	2	Service$State$2; com
src/main/java/com/moonsworth/lunar/genesis/Service$State$3.java	Service$State$3	com.google.common.util.concurrent.Service$State$3	10.21	3.62	0	2	Service$State$3; com
src/main/java/com/moonsworth/lunar/genesis/Service$State$4.java	Service$State$4	com.google.common.util.concurrent.Service$State$4	10.21	3.62	0	2	Service$State$4; com
src/main/java/com/moonsworth/lunar/genesis/Service$State$5.java	Service$State$5	com.google.common.util.concurrent.Service$State$5	10.21	3.62	0	2	Service$State$5; com
src/main/java/com/moonsworth/lunar/genesis/Service$State$6.java	Service$State$6	com.google.common.util.concurrent.Service$State$6	10.21	3.62	0	2	Service$State$6; com
src/main/java/com/moonsworth/lunar/genesis/ServiceManager$EmptyServiceManagerWarning.java	ServiceManager$EmptyServiceManagerWarning	com.google.common.util.concurrent.ServiceManager$EmptyServiceManagerWarning	10.78	2.91	0	2	ServiceManager$EmptyServiceManagerWarning; Throwable
src/main/java/com/moonsworth/lunar/genesis/ServiceManager$FailedService.java	ServiceManager$FailedService	com.google.common.util.concurrent.ServiceManager$FailedService	16.03	7.29	0	5	ServiceManager$FailedService; Throwable; com
src/main/java/com/moonsworth/lunar/genesis/ServiceManager$NoOpService.java	ServiceManager$NoOpService	com.google.common.util.concurrent.ServiceManager$NoOpService	17.45	9.16	0	4	ServiceManager$NoOpService; com; doStart
src/main/java/com/moonsworth/lunar/genesis/Sets$Accumulator.java	Sets$Accumulator	com.google.common.collect.Sets$Accumulator	37.44	13.06	0	18	Characteristics; Collector; Enum
src/main/java/com/moonsworth/lunar/genesis/Sets$DescendingSet.java	Sets$DescendingSet	com.google.common.collect.Sets$DescendingSet	94.58	28.71	0	35	Comparator; ForwardingNavigableSet; GwtIncompatible
src/main/java/com/moonsworth/lunar/genesis/Sets$SubSet.java	Sets$SubSet	com.google.common.collect.Sets$SubSet	29.70	12.63	0	18	AbstractSet; Integer; Iterator
src/main/java/com/moonsworth/lunar/genesis/Shorts$ShortConverter.java	Shorts$ShortConverter	com.google.common.primitives.Shorts$ShortConverter	45.37	25.37	1	14	Shorts.stringConverter(); Object; Serializable; Short
src/main/java/com/moonsworth/lunar/genesis/ShortsMethodsForWeb.java	ShortsMethodsForWeb	com.google.common.primitives.ShortsMethodsForWeb	13.92	4.29	0	3	GwtCompatible; ShortsMethodsForWeb; emulated
src/main/java/com/moonsworth/lunar/genesis/SimpleTimeLimiter.java	SimpleTimeLimiter	com.google.common.util.concurrent.SimpleTimeLimiter	216.10	143.51	1	74	timeout must be positive: %s; AssertionError; Beta; Callable
src/main/java/com/moonsworth/lunar/genesis/SipHashFunction$SipHasher.java	SipHashFunction$SipHasher	com.google.common.hash.SipHashFunction$SipHasher	55.22	27.53	0	17	AbstractStreamingHasher; ByteBuffer; Long
src/main/java/com/moonsworth/lunar/genesis/SoftReferenceBase.java	SoftReferenceBase	com.google.common.base.FinalizableSoftReference	10.53	3.20	0	6	SoftReference; cleanUp; com
src/main/java/com/moonsworth/lunar/genesis/SortedIterable.java	SortedIterable	com.google.common.collect.SortedIterable	19.91	5.00	0	10	Comparator; GwtCompatible; Iterable
src/main/java/com/moonsworth/lunar/genesis/SortedLists$KeyAbsentBehavior$1.java	SortedLists$KeyAbsentBehavior$1	com.google.common.collect.SortedLists$KeyAbsentBehavior$1	13.87	5.00	0	3	SortedLists$KeyAbsentBehavior$1; com; resultIndex
src/main/java/com/moonsworth/lunar/genesis/SortedLists$KeyAbsentBehavior$2.java	SortedLists$KeyAbsentBehavior$2	com.google.common.collect.SortedLists$KeyAbsentBehavior$2	13.87	5.00	0	3	SortedLists$KeyAbsentBehavior$2; com; resultIndex
src/main/java/com/moonsworth/lunar/genesis/SortedLists$KeyAbsentBehavior$3.java	SortedLists$KeyAbsentBehavior$3	com.google.common.collect.SortedLists$KeyAbsentBehavior$3	13.87	5.00	0	3	SortedLists$KeyAbsentBehavior$3; com; resultIndex
src/main/java/com/moonsworth/lunar/genesis/SortedLists$KeyPresentBehavior$1.java	SortedLists$KeyPresentBehavior$1	com.google.common.collect.SortedLists$KeyPresentBehavior$1	17.70	5.00	0	7	Comparator; List; SortedLists$KeyPresentBehavior$1
src/main/java/com/moonsworth/lunar/genesis/SortedLists$KeyPresentBehavior$2.java	SortedLists$KeyPresentBehavior$2	com.google.common.collect.SortedLists$KeyPresentBehavior$2	21.72	9.02	0	10	Comparator; List; SortedLists$KeyPresentBehavior$2
src/main/java/com/moonsworth/lunar/genesis/SortedLists$KeyPresentBehavior$3.java	SortedLists$KeyPresentBehavior$3	com.google.common.collect.SortedLists$KeyPresentBehavior$3	20.72	8.02	0	9	Comparator; List; SortedLists$KeyPresentBehavior$3
src/main/java/com/moonsworth/lunar/genesis/SortedMultisets.java	SortedMultisets	com.google.common.collect.SortedMultisets	14.07	5.00	0	4	GwtCompatible; SortedMultisets; com
src/main/java/com/moonsworth/lunar/genesis/Splitter$MapSplitter.java	Splitter$MapSplitter	com.google.common.base.Splitter$MapSplitter	73.18	46.27	2	27	Chunk [%s] is not a valid entry; Duplicate key [%s] found.; Beta; CharSequence; Chunk
src/main/java/com/moonsworth/lunar/genesis/Splitter$SplittingIterator.java	Splitter$SplittingIterator	com.google.common.base.Splitter$SplittingIterator	37.32	18.90	0	14	CharSequence; Splitter$SplittingIterator; String
src/main/java/com/moonsworth/lunar/genesis/StandardMutableGraph.java	StandardMutableGraph	com.google.common.graph.StandardMutableGraph	56.30	29.53	0	14	AbstractGraphBuilder; BaseGraph; EDGE_EXISTS
src/main/java/com/moonsworth/lunar/genesis/StandardMutableNetwork.java	StandardMutableNetwork	com.google.common.graph.StandardMutableNetwork	215.49	89.14	2	70	Cannot add self-loop edge on node %s, as self-loops are not allowed. To construct a graph that allows self-loops, call allowsSelfLoops(true) on the Builder.; Nodes %s and %s are already connected by a
src/main/java/com/moonsworth/lunar/genesis/StandardMutableValueGraph.java	StandardMutableValueGraph	com.google.common.graph.StandardMutableValueGraph	153.49	60.28	1	52	Cannot add self-loop edge on node %s, as self-loops are not allowed. To construct a graph that allows self-loops, call allowsSelfLoops(true) on the Builder.; AbstractGraphBuilder; Builder; CanIgnoreRe
src/main/java/com/moonsworth/lunar/genesis/StandardNetwork.java	StandardNetwork	com.google.common.graph.StandardNetwork	93.50	37.89	0	41	Edge; IllegalArgumentException; Integer
src/main/java/com/moonsworth/lunar/genesis/StandardSystemProperty.java	StandardSystemProperty	com.google.common.base.StandardSystemProperty	415.82	362.48	22	61	file.separator; java.class.path; FILE_SEPARATOR; GwtIncompatible; JAVA_CLASS_PATH
src/main/java/com/moonsworth/lunar/genesis/StandardValueGraph.java	StandardValueGraph	com.google.common.graph.StandardValueGraph	87.45	32.59	0	38	AbstractGraphBuilder; AbstractValueGraph; GraphConnections
src/main/java/com/moonsworth/lunar/genesis/Streams$DoubleFunctionWithIndex.java	Streams$DoubleFunctionWithIndex	com.google.common.collect.Streams$DoubleFunctionWithIndex	13.75	5.00	0	4	Beta; Streams$DoubleFunctionWithIndex; apply
src/main/java/com/moonsworth/lunar/genesis/Streams$FunctionWithIndex.java	Streams$FunctionWithIndex	com.google.common.collect.Streams$FunctionWithIndex	13.75	5.00	0	4	Beta; Streams$FunctionWithIndex; apply
src/main/java/com/moonsworth/lunar/genesis/Streams$IntFunctionWithIndex.java	Streams$IntFunctionWithIndex	com.google.common.collect.Streams$IntFunctionWithIndex	13.75	5.00	0	4	Beta; Streams$IntFunctionWithIndex; apply
src/main/java/com/moonsworth/lunar/genesis/Streams$LongFunctionWithIndex.java	Streams$LongFunctionWithIndex	com.google.common.collect.Streams$LongFunctionWithIndex	13.75	5.00	0	4	Beta; Streams$LongFunctionWithIndex; apply
src/main/java/com/moonsworth/lunar/genesis/Streams$TemporaryPair.java	Streams$TemporaryPair	com.google.common.collect.Streams$TemporaryPair	10.21	3.62	0	2	Streams$TemporaryPair; com
src/main/java/com/moonsworth/lunar/genesis/Strings.java	Strings	com.google.common.base.Strings	180.72	88.28	2	69	Required array size too large: ; invalid count: %s; ArrayIndexOutOfBoundsException; CharSequence; Character
src/main/java/com/moonsworth/lunar/genesis/Striped$2.java	Striped$2	com.google.common.util.concurrent.Striped$2	25.62	8.41	0	10	Lock; ReentrantLock; Striped$2
src/main/java/com/moonsworth/lunar/genesis/Striped$4.java	Striped$4	com.google.common.util.concurrent.Striped$4	19.55	5.00	0	8	Semaphore; Striped$4; Supplier
src/main/java/com/moonsworth/lunar/genesis/Striped$5.java	Striped$5	com.google.common.util.concurrent.Striped$5	26.36	8.75	0	10	ReadWriteLock; ReentrantReadWriteLock; Striped$5
src/main/java/com/moonsworth/lunar/genesis/Striped$6.java	Striped$6	com.google.common.util.concurrent.Striped$6	10.21	3.62	0	2	Striped$6; com
src/main/java/com/moonsworth/lunar/genesis/Striped$PaddedLock.java	Striped$PaddedLock	com.google.common.util.concurrent.Striped$PaddedLock	32.39	15.68	0	10	ReentrantLock; Striped$PaddedLock; com
src/main/java/com/moonsworth/lunar/genesis/Striped$PaddedSemaphore.java	Striped$PaddedSemaphore	com.google.common.util.concurrent.Striped$PaddedSemaphore	29.89	13.18	0	9	Semaphore; Striped$PaddedSemaphore; com
src/main/java/com/moonsworth/lunar/genesis/Striped$PowerOfTwoStriped.java	Striped$PowerOfTwoStriped	com.google.common.util.concurrent.Striped$PowerOfTwoStriped	47.08	27.11	1	14	Stripes must be positive; Object; Preconditions; Striped$PowerOfTwoStriped
src/main/java/com/moonsworth/lunar/genesis/Striped$SmallLazyStriped$ArrayReference.java	Striped$SmallLazyStriped$ArrayReference	com.google.common.util.concurrent.Striped$SmallLazyStriped$ArrayReference	18.31	8.09	0	7	ReferenceQueue; Striped$SmallLazyStriped$ArrayReference; WeakReference
src/main/java/com/moonsworth/lunar/genesis/Subscribe.java	Subscribe	com.google.common.eventbus.Subscribe	10.21	3.62	0	2	Subscribe; com
src/main/java/com/moonsworth/lunar/genesis/Subscriber$1.java	Subscriber$1	com.google.common.eventbus.Subscriber$1	26.37	7.23	0	11	InvocationTargetException; Object; Runnable
src/main/java/com/moonsworth/lunar/genesis/Subscriber$SynchronizedSubscriber.java	Subscriber$SynchronizedSubscriber	com.google.common.eventbus.Subscriber$SynchronizedSubscriber	18.61	5.00	0	8	Method; Object; Subscriber$SynchronizedSubscriber
src/main/java/com/moonsworth/lunar/genesis/SubscriberExceptionContext.java	SubscriberExceptionContext	com.google.common.eventbus.SubscriberExceptionContext	29.71	8.19	0	12	Method; Object; Preconditions
src/main/java/com/moonsworth/lunar/genesis/SubscriberExceptionHandler.java	SubscriberExceptionHandler	com.google.common.eventbus.SubscriberExceptionHandler	14.39	4.29	0	3	SubscriberExceptionContext; SubscriberExceptionHandler; Throwable
src/main/java/com/moonsworth/lunar/genesis/SubscriberRegistry$2.java	SubscriberRegistry$2	com.google.common.eventbus.SubscriberRegistry$2	15.13	5.00	0	4	Class; SubscriberRegistry$2; com
src/main/java/com/moonsworth/lunar/genesis/SubscriberRegistry$MethodIdentifier.java	SubscriberRegistry$MethodIdentifier	com.google.common.eventbus.SubscriberRegistry$MethodIdentifier	35.39	15.07	0	23	Arrays; Class; List
src/main/java/com/moonsworth/lunar/genesis/Suppliers$ExpiringMemoizingSupplier.java	Suppliers$ExpiringMemoizingSupplier	com.google.common.base.Suppliers$ExpiringMemoizingSupplier	72.97	39.96	1	29	duration (%s %s) must be > 0; NANOS; Nullable; Object
src/main/java/com/moonsworth/lunar/genesis/Suppliers$SupplierComposition.java	Suppliers$SupplierComposition	com.google.common.base.Suppliers$SupplierComposition	50.62	25.93	1	23	Suppliers.compose(; Function; Nullable; Object
src/main/java/com/moonsworth/lunar/genesis/Suppliers$SupplierOfInstance.java	Suppliers$SupplierOfInstance	com.google.common.base.Suppliers$SupplierOfInstance	47.24	23.63	1	20	Suppliers.ofInstance(; Nullable; Object; Objects
src/main/java/com/moonsworth/lunar/genesis/Suppliers$ThreadSafeSupplier.java	Suppliers$ThreadSafeSupplier	com.google.common.base.Suppliers$ThreadSafeSupplier	37.49	20.23	1	12	Suppliers.synchronizedSupplier(; Preconditions; Serializable; String
src/main/java/com/moonsworth/lunar/genesis/Synchronized$SynchronizedEntry.java	Synchronized$SynchronizedEntry	com.google.common.collect.Synchronized$SynchronizedEntry	35.18	14.09	0	20	Entry; GwtIncompatible; Map
src/main/java/com/moonsworth/lunar/genesis/Synchronized$SynchronizedListMultimap.java	Synchronized$SynchronizedListMultimap	com.google.common.collect.Synchronized$SynchronizedListMultimap	31.45	9.51	0	17	Iterable; List; ListMultimap
src/main/java/com/moonsworth/lunar/genesis/Synchronized$SynchronizedObject.java	Synchronized$SynchronizedObject	com.google.common.collect.Synchronized$SynchronizedObject	33.99	8.88	0	19	GwtIncompatible; Nullable; Object
src/main/java/com/moonsworth/lunar/genesis/Synchronized$SynchronizedSet.java	Synchronized$SynchronizedSet	com.google.common.collect.Synchronized$SynchronizedSet	22.92	6.26	0	14	Nullable; Object; Set
src/main/java/com/moonsworth/lunar/genesis/Synchronized.java	Synchronized	com.google.common.collect.Synchronized	13.18	5.00	0	4	GwtCompatible; Synchronized; com
src/main/java/com/moonsworth/lunar/genesis/Tables$1.java	Tables$1	com.google.common.collect.Tables$1	20.23	7.91	0	10	Collections; Function; Map
src/main/java/com/moonsworth/lunar/genesis/Tables$ImmutableCell.java	Tables$ImmutableCell	com.google.common.collect.Tables$ImmutableCell	26.33	6.62	0	12	Nullable; Serializable; Tables$ImmutableCell
src/main/java/com/moonsworth/lunar/genesis/ThreadFactoryBuilder$1.java	ThreadFactoryBuilder$1	com.google.common.util.concurrent.ThreadFactoryBuilder$1	61.16	16.42	0	23	AtomicLong; Boolean; Integer
src/main/java/com/moonsworth/lunar/genesis/ThreadFactoryBuilder.java	ThreadFactoryBuilder	com.google.common.util.concurrent.ThreadFactoryBuilder	91.90	55.09	0	37	AtomicLong; Boolean; CanIgnoreReturnValue
src/main/java/com/moonsworth/lunar/genesis/Throwables$1.java	Throwables$1	com.google.common.base.Throwables$1	28.94	9.62	0	15	AbstractList; Integer; Object
src/main/java/com/moonsworth/lunar/genesis/Ticker$1.java	Ticker$1	com.google.common.base.Ticker$1	16.24	7.92	0	4	Ticker$1; com; read
src/main/java/com/moonsworth/lunar/genesis/TimeLimiter.java	TimeLimiter	com.google.common.util.concurrent.TimeLimiter	85.38	34.06	1	28	Use FakeTimeLimiter; Beta; Callable; CanIgnoreReturnValue
src/main/java/com/moonsworth/lunar/genesis/TimeoutFuture$TimeoutFutureException.java	TimeoutFuture$TimeoutFutureException	com.google.common.util.concurrent.TimeoutFuture$TimeoutFutureException	28.44	13.35	0	11	StackTraceElement; String; Throwable
src/main/java/com/moonsworth/lunar/genesis/TopKSelector.java	TopKSelector	com.google.common.collect.TopKSelector	117.13	60.68	1	49	k (%s) must be >= 0; Arrays; CEILING; Collections
src/main/java/com/moonsworth/lunar/genesis/Traverser$GraphTraverser.java	Traverser$GraphTraverser	com.google.common.graph.Traverser$GraphTraverser	35.59	13.67	0	12	Iterable; Object; Preconditions
src/main/java/com/moonsworth/lunar/genesis/Traverser$TreeTraverser.java	Traverser$TreeTraverser	com.google.common.graph.Traverser$TreeTraverser	35.53	13.61	0	12	Iterable; Object; Preconditions
src/main/java/com/moonsworth/lunar/genesis/TreeBasedTable$Factory.java	TreeBasedTable$Factory	com.google.common.collect.TreeBasedTable$Factory	20.52	6.62	0	9	Comparator; Serializable; Supplier
src/main/java/com/moonsworth/lunar/genesis/TreeMultimap.java	TreeMultimap	com.google.common.collect.TreeMultimap	96.88	45.66	0	41	AbstractSortedKeySortedSetMultimap; Collection; Comparable
src/main/java/com/moonsworth/lunar/genesis/TreeMultiset$Reference.java	TreeMultiset$Reference	com.google.common.collect.TreeMultiset$Reference	27.09	8.19	0	14	ConcurrentModificationException; Nullable; TreeMultiset$Reference
src/main/java/com/moonsworth/lunar/genesis/TreeRangeMap$1.java	TreeRangeMap$1	com.google.common.collect.TreeRangeMap$1	110.73	54.02	3	37	 into an empty subRangeMap; Cannot insert range ; BiFunction; Cannot; Collections
src/main/java/com/moonsworth/lunar/genesis/TreeRangeMap$RangeMapEntry.java	TreeRangeMap$RangeMapEntry	com.google.common.collect.TreeRangeMap$RangeMapEntry	17.81	6.36	0	6	AbstractMapEntry; Comparable; TreeRangeMap$RangeMapEntry
src/main/java/com/moonsworth/lunar/genesis/TreeTraverser$PostOrderNode.java	TreeTraverser$PostOrderNode	com.google.common.collect.TreeTraverser$PostOrderNode	15.10	5.14	0	7	Iterator; Preconditions; TreeTraverser$PostOrderNode
src/main/java/com/moonsworth/lunar/genesis/TypeCapture.java	TypeCapture	com.google.common.reflect.TypeCapture	46.60	19.56	1	14	%s isn't parameterized; ParameterizedType; Preconditions; Type
src/main/java/com/moonsworth/lunar/genesis/TypeParameter.java	TypeParameter	com.google.common.reflect.TypeParameter	52.07	17.10	1	24	%s should be a type variable.; Beta; Nullable; Object
src/main/java/com/moonsworth/lunar/genesis/TypeResolver$TypeVariableKey.java	TypeResolver$TypeVariableKey	com.google.common.reflect.TypeResolver$TypeVariableKey	38.91	15.20	0	19	Object; Objects; Preconditions
src/main/java/com/moonsworth/lunar/genesis/TypeResolver$WildcardCapturer.java	TypeResolver$WildcardCapturer	com.google.common.reflect.TypeResolver$WildcardCapturer	121.70	60.01	1	45	-of ? extends ; AssertionError; AtomicInteger; Class
src/main/java/com/moonsworth/lunar/genesis/TypeToInstanceMap.java	TypeToInstanceMap	com.google.common.reflect.TypeToInstanceMap	47.15	15.07	0	22	Beta; CanIgnoreReturnValue; Class
src/main/java/com/moonsworth/lunar/genesis/TypeToken$3.java	TypeToken$3	com.google.common.reflect.TypeToken$3	80.33	25.02	0	29	GenericArrayType; IllegalArgumentException; ParameterizedType
src/main/java/com/moonsworth/lunar/genesis/TypeToken$SimpleTypeToken.java	TypeToken$SimpleTypeToken	com.google.common.reflect.TypeToken$SimpleTypeToken	13.49	3.62	0	6	Type; TypeToken$SimpleTypeToken; com
src/main/java/com/moonsworth/lunar/genesis/TypeToken$TypeCollector.java	TypeToken$TypeCollector	com.google.common.reflect.TypeToken$TypeCollector	56.97	29.03	0	31	CanIgnoreReturnValue; Class; Comparator
src/main/java/com/moonsworth/lunar/genesis/TypeToken$TypeFilter$1.java	TypeToken$TypeFilter$1	com.google.common.reflect.TypeToken$TypeFilter$1	19.59	9.58	0	8	TypeToken$TypeFilter$1; TypeVariable; WildcardType
src/main/java/com/moonsworth/lunar/genesis/TypeToken$TypeFilter$2.java	TypeToken$TypeFilter$2	com.google.common.reflect.TypeToken$TypeFilter$2	14.73	6.42	0	4	TypeToken$TypeFilter$2; apply; com
src/main/java/com/moonsworth/lunar/genesis/TypeVisitor.java	TypeVisitor	com.google.common.reflect.TypeVisitor	68.67	26.73	1	24	Unknown type: ; AssertionError; Class; GenericArrayType
src/main/java/com/moonsworth/lunar/genesis/Types$2.java	Types$2	com.google.common.reflect.Types$2	64.05	21.60	0	24	AtomicReference; Class; GenericArrayType
src/main/java/com/moonsworth/lunar/genesis/Types$ClassOwnership$1.java	Types$ClassOwnership$1	com.google.common.reflect.Types$ClassOwnership$1	24.12	8.57	0	10	Class; Nullable; Types$ClassOwnership$1
src/main/java/com/moonsworth/lunar/genesis/Types$ClassOwnership$2.java	Types$ClassOwnership$2	com.google.common.reflect.Types$ClassOwnership$2	28.28	12.73	0	11	Class; Nullable; Types$ClassOwnership$2
src/main/java/com/moonsworth/lunar/genesis/Types$JavaVersion$3.java	Types$JavaVersion$3	com.google.common.reflect.Types$JavaVersion$3	57.45	32.97	0	23	AssertionError; IllegalAccessException; InvocationTargetException
src/main/java/com/moonsworth/lunar/genesis/Types$NativeTypeVariableEquals.java	Types$NativeTypeVariableEquals	com.google.common.reflect.Types$NativeTypeVariableEquals	21.22	7.86	0	9	Type; Types$NativeTypeVariableEquals; com
src/main/java/com/moonsworth/lunar/genesis/URLClassLoader2.java	URLClassLoader2	org.spongepowered.asm.mixin.transformer.MixinProxyImpl	106.97	31.26	0	50	Boolean; Class; ClassNotFoundException
src/main/java/com/moonsworth/lunar/genesis/UncaughtExceptionHandlers$Exiter.java	UncaughtExceptionHandlers$Exiter	com.google.common.util.concurrent.UncaughtExceptionHandlers$Exiter	73.79	44.85	0	30	Caught; Level; Locale
src/main/java/com/moonsworth/lunar/genesis/UncaughtExceptionHandlers.java	UncaughtExceptionHandlers	com.google.common.util.concurrent.UncaughtExceptionHandlers	10.21	3.62	0	2	UncaughtExceptionHandlers; com
src/main/java/com/moonsworth/lunar/genesis/UncheckedTimeoutException.java	UncheckedTimeoutException	com.google.common.util.concurrent.UncheckedTimeoutException	22.03	9.51	0	11	GwtIncompatible; Nullable; RuntimeException
src/main/java/com/moonsworth/lunar/genesis/UndirectedNetworkConnections.java	UndirectedNetworkConnections	com.google.common.graph.UndirectedNetworkConnections	36.92	16.67	0	14	AbstractUndirectedNetworkConnections; BiMap; Collections
src/main/java/com/moonsworth/lunar/genesis/Uninterruptibles.java	Uninterruptibles	com.google.common.util.concurrent.Uninterruptibles	14.00	5.00	0	4	GwtCompatible; Uninterruptibles; com
src/main/java/com/moonsworth/lunar/genesis/UnsignedBytes$LexicographicalComparatorHolder$UnsafeComparator.java	UnsignedBytes$LexicographicalComparatorHolder$UnsafeComparator	com.google.common.primitives.UnsignedBytes$LexicographicalComparatorHolder$UnsafeComparator	139.22	76.29	2	47	Could not initialize intrinsics; sun.arch.data.model; AccessController; BIG_ENDIAN; BYTE_ARRAY_BASE_OFFSET
src/main/java/com/moonsworth/lunar/genesis/UnsignedBytes$LexicographicalComparatorHolder.java	UnsignedBytes$LexicographicalComparatorHolder	com.google.common.primitives.UnsignedBytes$LexicographicalComparatorHolder	36.05	21.46	0	14	Class; Comparator; String
src/main/java/com/moonsworth/lunar/genesis/UnsignedInteger.java	UnsignedInteger	com.google.common.primitives.UnsignedInteger	95.79	25.68	0	42	BigInteger; Comparable; GwtCompatible
src/main/java/com/moonsworth/lunar/genesis/UnsignedLong.java	UnsignedLong	com.google.common.primitives.UnsignedLong	103.03	28.22	0	47	BigInteger; CanIgnoreReturnValue; Comparable
src/main/java/com/moonsworth/lunar/genesis/UnsignedLongs$ParseOverflowDetection.java	UnsignedLongs$ParseOverflowDetection	com.google.common.primitives.UnsignedLongs$ParseOverflowDetection	29.08	9.94	0	10	BigInteger; UnsignedLongs$ParseOverflowDetection; com
src/main/java/com/moonsworth/lunar/genesis/UrlEscapers.java	UrlEscapers	com.google.common.net.UrlEscapers	49.83	40.93	3	6	-._~!$'()*,;&=@:; -._~!$'()*,;&=@:+; Escaper; GwtCompatible; PercentEscaper
src/main/java/com/moonsworth/lunar/genesis/UsingToStringOrdering.java	UsingToStringOrdering	com.google.common.collect.UsingToStringOrdering	42.54	20.16	1	14	Ordering.usingToString(); GwtCompatible; Object; Ordering
src/main/java/com/moonsworth/lunar/genesis/Utf8.java	Utf8	com.google.common.base.Utf8	84.56	44.74	1	26	Unpaired surrogate at index ; Beta; CharSequence; Character
src/main/java/com/moonsworth/lunar/genesis/Verify.java	Verify	com.google.common.base.Verify	62.68	37.59	1	22	expected a non-null reference; CanIgnoreReturnValue; GwtCompatible; Nullable
src/main/java/com/moonsworth/lunar/genesis/VerifyException.java	VerifyException	com.google.common.base.VerifyException	21.92	8.06	0	11	GwtCompatible; Nullable; RuntimeException
src/main/java/com/moonsworth/lunar/genesis/WrappingExecutorService$1.java	WrappingExecutorService$1	com.google.common.util.concurrent.WrappingExecutorService$1	34.16	17.31	0	13	Callable; Exception; Runnable
src/main/java/com/moonsworth/lunar/genesis/WrappingExecutorService.java	WrappingExecutorService	com.google.common.util.concurrent.WrappingExecutorService	85.71	27.35	0	32	Callable; CanIgnoreReturnValue; Collection
src/main/java/com/moonsworth/lunar/genesis/WrappingScheduledExecutorService.java	WrappingScheduledExecutorService	com.google.common.util.concurrent.WrappingScheduledExecutorService	52.48	19.08	0	19	Callable; CanIgnoreReturnValue; GwtIncompatible
src/main/java/com/moonsworth/lunar/genesis/Writer.java	Writer	com.google.common.io.AppendableWriter	43.50	18.15	0	23	Appendable; Cannot; CharSequence
src/main/java/com/moonsworth/lunar/genesis/mixin/MixinHelper.java	MixinHelper	com.google.thirdparty.publicsuffix.PublicSuffixPatterns	19830.74	19784.49	1	4108	ac.vedwa,d&b?uolc.&etiso&isnes,tnegam,?rehcnar-no,scitats,??e&b.lrusnart,d.ecapsrebu,noz.notirt,t&atse.etupmoc,is.hsmroftalp,?y??gp?h&k?s.mroftalp,trae.sppad:.zzb,,?k&c?f?nil.bewd,rowten.secla,u.hcs??
src/main/java/com/moonsworth/lunar/genesis/mixin/MixinHelper2.java	MixinHelper2	com.google.thirdparty.publicsuffix.TrieParser	26.73	10.87	0	15	CharSequence; List; String
src/main/java/com/moonsworth/lunar/genesis/mixin/MixinHelperType.java	MixinHelperType	com.google.thirdparty.publicsuffix.PublicSuffixType	52.58	41.62	0	15	Beta; GwtCompatible; IllegalArgumentException
