cluster	owner	file	n_lazy
001	Annotation4	com/moonsworth/lunar/annotations/ThreadRequirement.java	4
001	Annotation2	com/moonsworth/lunar/annotations/ThreadRestriction.java	1
001	Annotation	com/moonsworth/lunar/annotations/ThreadRestrictions.java	1
001	AbstractRenderContext	com/moonsworth/lunar/bridge/AbstractRenderContext.java	163
001	AdventureComponentCoercion	com/moonsworth/lunar/bridge/AdventureComponentCoercion.java	12
001	AdventureTextBridge	com/moonsworth/lunar/bridge/AdventureTextBridge.java	90
001	AdventureTextCoercion	com/moonsworth/lunar/bridge/AdventureTextCoercion.java	22
001	AlcBridge	com/moonsworth/lunar/bridge/AlcBridge.java	40
001	AnimationMetadataSectionBridge	com/moonsworth/lunar/bridge/AnimationMetadataSectionBridge.java	3
001	ArmorColorState	com/moonsworth/lunar/bridge/ArmorColorState.java	5
001	ArmorRenderState	com/moonsworth/lunar/bridge/ArmorRenderState.java	5
001	AsyncTextureBridge	com/moonsworth/lunar/bridge/AsyncTextureBridge.java	4
001	AutoCloseableExtension	com/moonsworth/lunar/bridge/AutoCloseableExtension.java	14
001	AutoCloseableImpl	com/moonsworth/lunar/bridge/AutoCloseableImpl.java	8
001	AwtImageBridge	com/moonsworth/lunar/bridge/AwtImageBridge.java	9
001	BatchingBufferSourceBridge	com/moonsworth/lunar/bridge/BatchingBufferSourceBridge.java	6
001	BipedModelBridge	com/moonsworth/lunar/bridge/BipedModelBridge.java	1
001	BlendFunctionBridge	com/moonsworth/lunar/bridge/BlendFunctionBridge.java	17
001	BlockBreakAnimationPacketBridge	com/moonsworth/lunar/bridge/BlockBreakAnimationPacketBridge.java	3
001	BlockStateBridge	com/moonsworth/lunar/bridge/BlockStateBridge.java	3
001	BlocksBridge	com/moonsworth/lunar/bridge/BlocksBridge.java	115
001	BossInfoBridge	com/moonsworth/lunar/bridge/BossInfoBridge.java	16
001	BossInfoPacketBridge	com/moonsworth/lunar/bridge/BossInfoPacketBridge.java	1
001	Bridge	com/moonsworth/lunar/bridge/Bridge.java	171
001	Bridge10$Data	com/moonsworth/lunar/bridge/Bridge10$Data.java	9
002	Bridge10_2	com/moonsworth/lunar/bridge/Bridge10_2.java	206
002	Bridge11Extension	com/moonsworth/lunar/bridge/Bridge11Extension.java	1
002	Bridge11_2	com/moonsworth/lunar/bridge/Bridge11_2.java	1
002	Bridge11_4	com/moonsworth/lunar/bridge/Bridge11_4.java	2
002	Bridge12_4	com/moonsworth/lunar/bridge/Bridge12_4.java	2
002	Bridge13_3	com/moonsworth/lunar/bridge/Bridge13_3.java	1
002	Bridge14_3	com/moonsworth/lunar/bridge/Bridge14_3.java	9
002	Bridge15_2	com/moonsworth/lunar/bridge/Bridge15_2.java	2
002	Bridge17Extension_2	com/moonsworth/lunar/bridge/Bridge17Extension_2.java	1
002	Bridge2$Data	com/moonsworth/lunar/bridge/Bridge2$Data.java	8
002	Bridge2$Extension2	com/moonsworth/lunar/bridge/Bridge2$Extension2.java	5
002	Bridge20Extension	com/moonsworth/lunar/bridge/Bridge20Extension.java	2
002	Bridge2Factory	com/moonsworth/lunar/bridge/Bridge2Factory.java	19
002	Bridge2Handler	com/moonsworth/lunar/bridge/Bridge2Handler.java	64
002	Bridge2Handler2	com/moonsworth/lunar/bridge/Bridge2Handler2.java	4
002	Bridge2Handler2_2	com/moonsworth/lunar/bridge/Bridge2Handler2_2.java	61
002	Bridge2Handler_2	com/moonsworth/lunar/bridge/Bridge2Handler_2.java	85
002	Bridge2_10	com/moonsworth/lunar/bridge/Bridge2_10.java	15
002	Bridge2_11	com/moonsworth/lunar/bridge/Bridge2_11.java	18
002	Bridge2_12	com/moonsworth/lunar/bridge/Bridge2_12.java	6
002	Bridge2_15	com/moonsworth/lunar/bridge/Bridge2_15.java	23
002	Bridge2_17	com/moonsworth/lunar/bridge/Bridge2_17.java	31
002	Bridge2_19	com/moonsworth/lunar/bridge/Bridge2_19.java	1
002	Bridge2_21	com/moonsworth/lunar/bridge/Bridge2_21.java	102
002	Bridge2_22	com/moonsworth/lunar/bridge/Bridge2_22.java	1
003	Bridge2_23	com/moonsworth/lunar/bridge/Bridge2_23.java	4
003	Bridge2_24	com/moonsworth/lunar/bridge/Bridge2_24.java	36
003	Bridge2_25	com/moonsworth/lunar/bridge/Bridge2_25.java	7
003	Bridge2_26	com/moonsworth/lunar/bridge/Bridge2_26.java	10
003	Bridge2_28	com/moonsworth/lunar/bridge/Bridge2_28.java	6
003	Bridge2_29	com/moonsworth/lunar/bridge/Bridge2_29.java	1
003	Bridge2_31	com/moonsworth/lunar/bridge/Bridge2_31.java	2
003	Bridge2_32	com/moonsworth/lunar/bridge/Bridge2_32.java	78
003	Bridge2_34	com/moonsworth/lunar/bridge/Bridge2_34.java	2
003	Bridge2_35	com/moonsworth/lunar/bridge/Bridge2_35.java	17
003	Bridge2_38	com/moonsworth/lunar/bridge/Bridge2_38.java	2
003	Bridge2_39	com/moonsworth/lunar/bridge/Bridge2_39.java	14
003	Bridge2_4	com/moonsworth/lunar/bridge/Bridge2_4.java	4
003	Bridge2_40	com/moonsworth/lunar/bridge/Bridge2_40.java	3
003	Bridge2_41	com/moonsworth/lunar/bridge/Bridge2_41.java	43
003	Bridge2_43	com/moonsworth/lunar/bridge/Bridge2_43.java	29
003	Bridge2_44	com/moonsworth/lunar/bridge/Bridge2_44.java	2
003	Bridge2_45	com/moonsworth/lunar/bridge/Bridge2_45.java	7
003	Bridge2_46	com/moonsworth/lunar/bridge/Bridge2_46.java	34
003	Bridge2_47	com/moonsworth/lunar/bridge/Bridge2_47.java	3
003	Bridge2_5	com/moonsworth/lunar/bridge/Bridge2_5.java	8
003	Bridge2_7	com/moonsworth/lunar/bridge/Bridge2_7.java	2
003	Bridge2_8	com/moonsworth/lunar/bridge/Bridge2_8.java	1
003	Bridge3Extension	com/moonsworth/lunar/bridge/Bridge3Extension.java	3
003	Bridge3Extension2_2	com/moonsworth/lunar/bridge/Bridge3Extension2_2.java	2
004	Bridge3Extension_3	com/moonsworth/lunar/bridge/Bridge3Extension_3.java	1
004	Bridge3Extension_5	com/moonsworth/lunar/bridge/Bridge3Extension_5.java	1
004	Bridge3Extension_7	com/moonsworth/lunar/bridge/Bridge3Extension_7.java	4
004	Bridge3_11	com/moonsworth/lunar/bridge/Bridge3_11.java	23
004	Bridge3_13	com/moonsworth/lunar/bridge/Bridge3_13.java	2
004	Bridge3_17	com/moonsworth/lunar/bridge/Bridge3_17.java	8
004	Bridge3_19	com/moonsworth/lunar/bridge/Bridge3_19.java	6
004	Bridge3_21	com/moonsworth/lunar/bridge/Bridge3_21.java	4
004	Bridge3_23	com/moonsworth/lunar/bridge/Bridge3_23.java	25
004	Bridge3_24	com/moonsworth/lunar/bridge/Bridge3_24.java	45
004	Bridge3_27	com/moonsworth/lunar/bridge/Bridge3_27.java	14
004	Bridge3_28	com/moonsworth/lunar/bridge/Bridge3_28.java	3
004	Bridge3_30	com/moonsworth/lunar/bridge/Bridge3_30.java	1
004	Bridge3_31	com/moonsworth/lunar/bridge/Bridge3_31.java	9
004	Bridge3_32	com/moonsworth/lunar/bridge/Bridge3_32.java	2
004	Bridge3_34	com/moonsworth/lunar/bridge/Bridge3_34.java	16
004	Bridge3_35	com/moonsworth/lunar/bridge/Bridge3_35.java	32
004	Bridge3_4	com/moonsworth/lunar/bridge/Bridge3_4.java	4
004	Bridge3_5	com/moonsworth/lunar/bridge/Bridge3_5.java	4
004	Bridge3_6	com/moonsworth/lunar/bridge/Bridge3_6.java	2
004	Bridge3_7	com/moonsworth/lunar/bridge/Bridge3_7.java	3
004	Bridge4$Data	com/moonsworth/lunar/bridge/Bridge4$Data.java	7
004	Bridge4Extension	com/moonsworth/lunar/bridge/Bridge4Extension.java	2
004	Bridge4_10	com/moonsworth/lunar/bridge/Bridge4_10.java	2
004	Bridge4_11	com/moonsworth/lunar/bridge/Bridge4_11.java	34
005	Bridge4_12	com/moonsworth/lunar/bridge/Bridge4_12.java	1
005	Bridge4_14	com/moonsworth/lunar/bridge/Bridge4_14.java	8
005	Bridge4_16	com/moonsworth/lunar/bridge/Bridge4_16.java	1
005	Bridge4_17	com/moonsworth/lunar/bridge/Bridge4_17.java	3
005	Bridge4_18	com/moonsworth/lunar/bridge/Bridge4_18.java	14
005	Bridge4_2	com/moonsworth/lunar/bridge/Bridge4_2.java	46
005	Bridge4_21	com/moonsworth/lunar/bridge/Bridge4_21.java	17
005	Bridge4_24	com/moonsworth/lunar/bridge/Bridge4_24.java	7
005	Bridge4_4	com/moonsworth/lunar/bridge/Bridge4_4.java	4
005	Bridge4_5	com/moonsworth/lunar/bridge/Bridge4_5.java	2
005	Bridge4_6	com/moonsworth/lunar/bridge/Bridge4_6.java	33
005	Bridge4_8	com/moonsworth/lunar/bridge/Bridge4_8.java	3
005	Bridge4_9	com/moonsworth/lunar/bridge/Bridge4_9.java	10
005	Bridge5$Data	com/moonsworth/lunar/bridge/Bridge5$Data.java	11
005	Bridge5Extension10	com/moonsworth/lunar/bridge/Bridge5Extension10.java	1
005	Bridge5Extension2_3	com/moonsworth/lunar/bridge/Bridge5Extension2_3.java	1
005	Bridge5Extension3_2	com/moonsworth/lunar/bridge/Bridge5Extension3_2.java	2
005	Bridge5Extension4	com/moonsworth/lunar/bridge/Bridge5Extension4.java	11
005	Bridge5Extension5	com/moonsworth/lunar/bridge/Bridge5Extension5.java	1
005	Bridge5Extension6	com/moonsworth/lunar/bridge/Bridge5Extension6.java	37
005	Bridge5Extension610	com/moonsworth/lunar/bridge/Bridge5Extension610.java	1
005	Bridge5Extension611	com/moonsworth/lunar/bridge/Bridge5Extension611.java	1
005	Bridge5Extension612	com/moonsworth/lunar/bridge/Bridge5Extension612.java	1
005	Bridge5Extension62	com/moonsworth/lunar/bridge/Bridge5Extension62.java	1
005	Bridge5Extension63	com/moonsworth/lunar/bridge/Bridge5Extension63.java	1
006	Bridge5Extension64	com/moonsworth/lunar/bridge/Bridge5Extension64.java	1
006	Bridge5Extension65	com/moonsworth/lunar/bridge/Bridge5Extension65.java	1
006	Bridge5Extension66	com/moonsworth/lunar/bridge/Bridge5Extension66.java	2
006	Bridge5Extension662	com/moonsworth/lunar/bridge/Bridge5Extension662.java	1
006	Bridge5Extension67	com/moonsworth/lunar/bridge/Bridge5Extension67.java	1
006	Bridge5Extension68	com/moonsworth/lunar/bridge/Bridge5Extension68.java	1
006	Bridge5Extension7	com/moonsworth/lunar/bridge/Bridge5Extension7.java	1
006	Bridge5Extension8	com/moonsworth/lunar/bridge/Bridge5Extension8.java	2
006	Bridge5Extension9	com/moonsworth/lunar/bridge/Bridge5Extension9.java	7
006	Bridge5Extension_2	com/moonsworth/lunar/bridge/Bridge5Extension_2.java	1
006	Bridge5Extension_3	com/moonsworth/lunar/bridge/Bridge5Extension_3.java	14
006	Bridge5Extension_5	com/moonsworth/lunar/bridge/Bridge5Extension_5.java	34
006	Bridge5_10	com/moonsworth/lunar/bridge/Bridge5_10.java	15
006	Bridge5_11	com/moonsworth/lunar/bridge/Bridge5_11.java	7
006	Bridge5_12	com/moonsworth/lunar/bridge/Bridge5_12.java	42
006	Bridge5_13	com/moonsworth/lunar/bridge/Bridge5_13.java	17
006	Bridge5_14	com/moonsworth/lunar/bridge/Bridge5_14.java	3
006	Bridge5_15	com/moonsworth/lunar/bridge/Bridge5_15.java	1
006	Bridge5_16	com/moonsworth/lunar/bridge/Bridge5_16.java	17
006	Bridge5_19	com/moonsworth/lunar/bridge/Bridge5_19.java	30
006	Bridge5_2	com/moonsworth/lunar/bridge/Bridge5_2.java	2
006	Bridge5_3	com/moonsworth/lunar/bridge/Bridge5_3.java	43
006	Bridge5_4	com/moonsworth/lunar/bridge/Bridge5_4.java	4
006	Bridge5_5	com/moonsworth/lunar/bridge/Bridge5_5.java	20
006	Bridge5_7	com/moonsworth/lunar/bridge/Bridge5_7.java	6
007	Bridge6Extension	com/moonsworth/lunar/bridge/Bridge6Extension.java	1
007	Bridge6Extension2	com/moonsworth/lunar/bridge/Bridge6Extension2.java	1
007	Bridge6Extension3	com/moonsworth/lunar/bridge/Bridge6Extension3.java	5
007	Bridge6_10	com/moonsworth/lunar/bridge/Bridge6_10.java	10
007	Bridge6_2	com/moonsworth/lunar/bridge/Bridge6_2.java	6
007	Bridge6_3	com/moonsworth/lunar/bridge/Bridge6_3.java	1
007	Bridge6_4	com/moonsworth/lunar/bridge/Bridge6_4.java	6
007	Bridge6_5	com/moonsworth/lunar/bridge/Bridge6_5.java	1
007	Bridge6_6	com/moonsworth/lunar/bridge/Bridge6_6.java	13
007	Bridge6_7	com/moonsworth/lunar/bridge/Bridge6_7.java	5
007	Bridge6_8	com/moonsworth/lunar/bridge/Bridge6_8.java	3
007	Bridge6_9	com/moonsworth/lunar/bridge/Bridge6_9.java	39
007	Bridge7_10	com/moonsworth/lunar/bridge/Bridge7_10.java	2
007	Bridge7_2	com/moonsworth/lunar/bridge/Bridge7_2.java	7
007	Bridge7_3	com/moonsworth/lunar/bridge/Bridge7_3.java	5
007	Bridge7_6	com/moonsworth/lunar/bridge/Bridge7_6.java	1
007	Bridge7_8	com/moonsworth/lunar/bridge/Bridge7_8.java	13
007	Bridge7_9	com/moonsworth/lunar/bridge/Bridge7_9.java	8
007	Bridge8Extension3	com/moonsworth/lunar/bridge/Bridge8Extension3.java	19
007	Bridge8Extension32	com/moonsworth/lunar/bridge/Bridge8Extension32.java	1
007	Bridge8Extension33	com/moonsworth/lunar/bridge/Bridge8Extension33.java	1
007	Bridge8Extension34	com/moonsworth/lunar/bridge/Bridge8Extension34.java	2
007	Bridge8Handler	com/moonsworth/lunar/bridge/Bridge8Handler.java	2
007	Bridge8Handler2	com/moonsworth/lunar/bridge/Bridge8Handler2.java	17
007	Bridge8_2	com/moonsworth/lunar/bridge/Bridge8_2.java	84
008	Bridge8_5	com/moonsworth/lunar/bridge/Bridge8_5.java	3
008	Bridge9_2	com/moonsworth/lunar/bridge/Bridge9_2.java	1
008	BridgeExtension	com/moonsworth/lunar/bridge/BridgeExtension.java	97
008	BridgeExtension2$Data	com/moonsworth/lunar/bridge/BridgeExtension2$Data.java	23
008	BridgeExtension2_11	com/moonsworth/lunar/bridge/BridgeExtension2_11.java	91
008	BridgeExtension2_2	com/moonsworth/lunar/bridge/BridgeExtension2_2.java	2
008	BridgeExtension2_4	com/moonsworth/lunar/bridge/BridgeExtension2_4.java	48
008	BridgeExtension2_5	com/moonsworth/lunar/bridge/BridgeExtension2_5.java	10
008	BridgeExtension2_6	com/moonsworth/lunar/bridge/BridgeExtension2_6.java	1
008	BridgeExtension2_8	com/moonsworth/lunar/bridge/BridgeExtension2_8.java	2
008	BridgeExtension3_4	com/moonsworth/lunar/bridge/BridgeExtension3_4.java	54
008	BridgeExtension3_5	com/moonsworth/lunar/bridge/BridgeExtension3_5.java	55
008	BridgeHandler	com/moonsworth/lunar/bridge/BridgeHandler.java	75
008	BridgeImplementation	com/moonsworth/lunar/bridge/BridgeImplementation.java	234
008	BridgeIterator	com/moonsworth/lunar/bridge/BridgeIterator.java	12
008	BridgeMemberTarget	com/moonsworth/lunar/bridge/BridgeMemberTarget.java	1
008	BridgeMethodGenerator	com/moonsworth/lunar/bridge/BridgeMethodGenerator.java	23
008	BridgeParameterMapping	com/moonsworth/lunar/bridge/BridgeParameterMapping.java	1
008	BridgeParameterTarget	com/moonsworth/lunar/bridge/BridgeParameterTarget.java	1
008	BridgeType2_2	com/moonsworth/lunar/bridge/BridgeType2_2.java	0
008	BridgeType2_6	com/moonsworth/lunar/bridge/BridgeType2_6.java	7
008	BridgeType2_9	com/moonsworth/lunar/bridge/BridgeType2_9.java	1
008	BridgeType3_2	com/moonsworth/lunar/bridge/BridgeType3_2.java	2
008	BridgeType3_3	com/moonsworth/lunar/bridge/BridgeType3_3.java	1
008	Bridge_22	com/moonsworth/lunar/bridge/Bridge_22.java	2
009	Bridge_24	com/moonsworth/lunar/bridge/Bridge_24.java	1
009	Bridge_27	com/moonsworth/lunar/bridge/Bridge_27.java	12
009	Bridge_28	com/moonsworth/lunar/bridge/Bridge_28.java	63
009	Bridge_29	com/moonsworth/lunar/bridge/Bridge_29.java	17
009	Bridge_3	com/moonsworth/lunar/bridge/Bridge_3.java	1
009	Bridge_30	com/moonsworth/lunar/bridge/Bridge_30.java	1
009	Bridge_32	com/moonsworth/lunar/bridge/Bridge_32.java	1
009	Bridge_34	com/moonsworth/lunar/bridge/Bridge_34.java	6
009	Bridge_37	com/moonsworth/lunar/bridge/Bridge_37.java	12
009	Bridge_39	com/moonsworth/lunar/bridge/Bridge_39.java	1
009	Bridge_4	com/moonsworth/lunar/bridge/Bridge_4.java	5
009	Bridge_40	com/moonsworth/lunar/bridge/Bridge_40.java	7
009	Bridge_45	com/moonsworth/lunar/bridge/Bridge_45.java	6
009	Bridge_46	com/moonsworth/lunar/bridge/Bridge_46.java	7
009	Bridge_48	com/moonsworth/lunar/bridge/Bridge_48.java	1
009	Bridge_49	com/moonsworth/lunar/bridge/Bridge_49.java	4
009	Bridge_5	com/moonsworth/lunar/bridge/Bridge_5.java	2
009	Bridge_50	com/moonsworth/lunar/bridge/Bridge_50.java	7
009	Bridge_52	com/moonsworth/lunar/bridge/Bridge_52.java	18
009	Bridge_53	com/moonsworth/lunar/bridge/Bridge_53.java	35
009	Bridge_56	com/moonsworth/lunar/bridge/Bridge_56.java	116
009	Bridge_57	com/moonsworth/lunar/bridge/Bridge_57.java	18
009	Bridge_58	com/moonsworth/lunar/bridge/Bridge_58.java	13
009	Bridge_61	com/moonsworth/lunar/bridge/Bridge_61.java	4
009	Bridge_63	com/moonsworth/lunar/bridge/Bridge_63.java	1
010	Bridge_64	com/moonsworth/lunar/bridge/Bridge_64.java	2
010	Bridge_65	com/moonsworth/lunar/bridge/Bridge_65.java	5
010	Bridge_66	com/moonsworth/lunar/bridge/Bridge_66.java	3
010	Bridge_68	com/moonsworth/lunar/bridge/Bridge_68.java	9
010	Bridge_69	com/moonsworth/lunar/bridge/Bridge_69.java	7
010	Bridge_7	com/moonsworth/lunar/bridge/Bridge_7.java	3
010	Bridge_8	com/moonsworth/lunar/bridge/Bridge_8.java	27
010	Bridge_9	com/moonsworth/lunar/bridge/Bridge_9.java	2
010	BufferBuilderBridge	com/moonsworth/lunar/bridge/BufferBuilderBridge.java	61
010	BufferUsage	com/moonsworth/lunar/bridge/BufferUsage.java	1
010	BufferUsageHint	com/moonsworth/lunar/bridge/BufferUsageHint.java	1
010	BufferedImageBridge	com/moonsworth/lunar/bridge/BufferedImageBridge.java	8
010	BytecodeEmitter	com/moonsworth/lunar/bridge/BytecodeEmitter.java	1
010	CameraBridge	com/moonsworth/lunar/bridge/CameraBridge.java	1
010	ChainEmitter	com/moonsworth/lunar/bridge/ChainEmitter.java	14
010	CharacterBoxingCoercion	com/moonsworth/lunar/bridge/CharacterBoxingCoercion.java	9
010	CharacterCoercion	com/moonsworth/lunar/bridge/CharacterCoercion.java	2
010	ChatLineBridge	com/moonsworth/lunar/bridge/ChatLineBridge.java	2
010	ChunkDataPacketBridge	com/moonsworth/lunar/bridge/ChunkDataPacketBridge.java	1
010	ClickableTextExtension	com/moonsworth/lunar/bridge/ClickableTextExtension.java	2
010	ClientPacketListenerBridge	com/moonsworth/lunar/bridge/ClientPacketListenerBridge.java	4
010	ClothCloakState	com/moonsworth/lunar/bridge/ClothCloakState.java	10
010	ComponentAdapterBridge	com/moonsworth/lunar/bridge/ComponentAdapterBridge.java	1
010	CompositeEmitter	com/moonsworth/lunar/bridge/CompositeEmitter.java	5
010	CompoundTagBridge	com/moonsworth/lunar/bridge/CompoundTagBridge.java	17
011	ComputeProgramBridge	com/moonsworth/lunar/bridge/ComputeProgramBridge.java	11
011	ConnectionProtocol	com/moonsworth/lunar/bridge/ConnectionProtocol.java	0
011	ContainerClickType	com/moonsworth/lunar/bridge/ContainerClickType.java	2
011	ContainerRepairBridge	com/moonsworth/lunar/bridge/ContainerRepairBridge.java	2
011	CullingFrustumBridge	com/moonsworth/lunar/bridge/CullingFrustumBridge.java	1
011	CustomBufferSourceProvider	com/moonsworth/lunar/bridge/CustomBufferSourceProvider.java	1
011	DataComponentContainerBridge	com/moonsworth/lunar/bridge/DataComponentContainerBridge.java	1
011	DataComponentTypes	com/moonsworth/lunar/bridge/DataComponentTypes.java	57
011	DataWatcherBridge	com/moonsworth/lunar/bridge/DataWatcherBridge.java	2
011	DecodedTextureDataBridge	com/moonsworth/lunar/bridge/DecodedTextureDataBridge.java	30
011	DelegatingComponentBridge	com/moonsworth/lunar/bridge/DelegatingComponentBridge.java	13
011	DelegatingGlStateManagerBridge	com/moonsworth/lunar/bridge/DelegatingGlStateManagerBridge.java	43
011	DepthComparison	com/moonsworth/lunar/bridge/DepthComparison.java	1
011	DirectBufferImageBridge	com/moonsworth/lunar/bridge/DirectBufferImageBridge.java	19
011	DirectImageBridge	com/moonsworth/lunar/bridge/DirectImageBridge.java	16
011	DisplayListBridge	com/moonsworth/lunar/bridge/DisplayListBridge.java	1
011	DrawBufferBridge	com/moonsworth/lunar/bridge/DrawBufferBridge.java	73
011	DrawMode	com/moonsworth/lunar/bridge/DrawMode.java	5
011	EffectPacketBridge	com/moonsworth/lunar/bridge/EffectPacketBridge.java	3
011	EmissiveMetadataSectionBridge	com/moonsworth/lunar/bridge/EmissiveMetadataSectionBridge.java	2
011	EntityCreeperBridge	com/moonsworth/lunar/bridge/EntityCreeperBridge.java	4
011	EntityHeadLookPacketBridge	com/moonsworth/lunar/bridge/EntityHeadLookPacketBridge.java	1
011	EntityHeadLookPacketTranslator	com/moonsworth/lunar/bridge/EntityHeadLookPacketTranslator.java	2
011	EntityLightningBoltBridge	com/moonsworth/lunar/bridge/EntityLightningBoltBridge.java	1
011	EntityListBridge	com/moonsworth/lunar/bridge/EntityListBridge.java	7
012	EntityLivingBridge	com/moonsworth/lunar/bridge/EntityLivingBridge.java	7
012	EntityLivingStateBridge	com/moonsworth/lunar/bridge/EntityLivingStateBridge.java	1
012	EntityModelBridge	com/moonsworth/lunar/bridge/EntityModelBridge.java	10
012	EntityPlayerBridge	com/moonsworth/lunar/bridge/EntityPlayerBridge.java	5
012	EntityPlayerPacketBuilder	com/moonsworth/lunar/bridge/EntityPlayerPacketBuilder.java	1
012	EntityPlayerPacketFactory	com/moonsworth/lunar/bridge/EntityPlayerPacketFactory.java	2
012	EntityRegistryBridge	com/moonsworth/lunar/bridge/EntityRegistryBridge.java	1
012	EntityRenderDispatcherBridge	com/moonsworth/lunar/bridge/EntityRenderDispatcherBridge.java	16
012	EntityRenderStateBridge	com/moonsworth/lunar/bridge/EntityRenderStateBridge.java	1
012	EntityTNTPrimedBridge	com/moonsworth/lunar/bridge/EntityTNTPrimedBridge.java	3
012	FakeTickBridge	com/moonsworth/lunar/bridge/FakeTickBridge.java	1
012	FieldGetEmitter	com/moonsworth/lunar/bridge/FieldGetEmitter.java	10
012	FieldReadEmitter	com/moonsworth/lunar/bridge/FieldReadEmitter.java	18
012	FieldSetEmitter	com/moonsworth/lunar/bridge/FieldSetEmitter.java	12
012	FieldWriteEmitter	com/moonsworth/lunar/bridge/FieldWriteEmitter.java	16
012	FluentTessellatorBridge	com/moonsworth/lunar/bridge/FluentTessellatorBridge.java	30
012	GLSyncBridge	com/moonsworth/lunar/bridge/GLSyncBridge.java	9
012	GameOptionsBridge	com/moonsworth/lunar/bridge/GameOptionsBridge.java	21
012	GameRendererBridge	com/moonsworth/lunar/bridge/GameRendererBridge.java	3
012	GlFenceSyncBridge	com/moonsworth/lunar/bridge/GlFenceSyncBridge.java	9
012	GlStateMutatorBridge	com/moonsworth/lunar/bridge/GlStateMutatorBridge.java	33
012	GlStateQueryBridge	com/moonsworth/lunar/bridge/GlStateQueryBridge.java	9
012	GlyphAtlasEntry	com/moonsworth/lunar/bridge/GlyphAtlasEntry.java	9
012	GroupingEmitter	com/moonsworth/lunar/bridge/GroupingEmitter.java	32
012	GuiAchievementBridge	com/moonsworth/lunar/bridge/GuiAchievementBridge.java	1
013	GuiAchievementsBridge	com/moonsworth/lunar/bridge/GuiAchievementsBridge.java	1
013	GuiBridge	com/moonsworth/lunar/bridge/GuiBridge.java	1
013	GuiConfirmOpenLinkBridge	com/moonsworth/lunar/bridge/GuiConfirmOpenLinkBridge.java	1
013	GuiContainerBridge	com/moonsworth/lunar/bridge/GuiContainerBridge.java	8
013	GuiControlsBridge	com/moonsworth/lunar/bridge/GuiControlsBridge.java	1
013	GuiEditSignBridge	com/moonsworth/lunar/bridge/GuiEditSignBridge.java	2
013	GuiErrorScreenBridge	com/moonsworth/lunar/bridge/GuiErrorScreenBridge.java	1
013	GuiIngameBridge	com/moonsworth/lunar/bridge/GuiIngameBridge.java	4
013	GuiIngameMenuBridge	com/moonsworth/lunar/bridge/GuiIngameMenuBridge.java	1
013	GuiLanguageBridge	com/moonsworth/lunar/bridge/GuiLanguageBridge.java	1
013	GuiMainMenuBridge	com/moonsworth/lunar/bridge/GuiMainMenuBridge.java	1
013	GuiMultiplayerBridge	com/moonsworth/lunar/bridge/GuiMultiplayerBridge.java	1
013	GuiNewChatBridge	com/moonsworth/lunar/bridge/GuiNewChatBridge.java	8
013	GuiOptionsBridge	com/moonsworth/lunar/bridge/GuiOptionsBridge.java	1
013	GuiScreenBookBridge	com/moonsworth/lunar/bridge/GuiScreenBookBridge.java	2
013	GuiScreenBridge	com/moonsworth/lunar/bridge/GuiScreenBridge.java	31
013	GuiScreenResourcePacksBridge	com/moonsworth/lunar/bridge/GuiScreenResourcePacksBridge.java	1
013	GuiSelectWorldBridge	com/moonsworth/lunar/bridge/GuiSelectWorldBridge.java	1
013	GuiYesNoBridge	com/moonsworth/lunar/bridge/GuiYesNoBridge.java	2
013	HeldItemChangePacketBridge	com/moonsworth/lunar/bridge/HeldItemChangePacketBridge.java	1
013	IResourceBridge	com/moonsworth/lunar/bridge/IResourceBridge.java	1
013	IResourcePackBridge	com/moonsworth/lunar/bridge/IResourcePackBridge.java	2
013	InputConstants	com/moonsworth/lunar/bridge/InputConstants.java	4
013	InterpolatedCameraBridge	com/moonsworth/lunar/bridge/InterpolatedCameraBridge.java	7
013	InterpolatedValueProvider	com/moonsworth/lunar/bridge/InterpolatedValueProvider.java	1
014	InventoryBridge	com/moonsworth/lunar/bridge/InventoryBridge.java	2
014	InvocationEmitter	com/moonsworth/lunar/bridge/InvocationEmitter.java	4
014	ItemBridge	com/moonsworth/lunar/bridge/ItemBridge.java	2
014	ItemCameraTransformsBridge	com/moonsworth/lunar/bridge/ItemCameraTransformsBridge.java	1
014	ItemDataComponentTypes	com/moonsworth/lunar/bridge/ItemDataComponentTypes.java	57
014	ItemEntityRendererBridge	com/moonsworth/lunar/bridge/ItemEntityRendererBridge.java	8
014	ItemFrameEntityBridge	com/moonsworth/lunar/bridge/ItemFrameEntityBridge.java	2
014	ItemStackBridge	com/moonsworth/lunar/bridge/ItemStackBridge.java	30
014	Itemcounter4Extension	com/moonsworth/lunar/bridge/Itemcounter4Extension.java	28
014	Itemcounter6Extension	com/moonsworth/lunar/bridge/Itemcounter6Extension.java	8
014	ItemsBridge	com/moonsworth/lunar/bridge/ItemsBridge.java	101
014	JsonToNBTBridge	com/moonsworth/lunar/bridge/JsonToNBTBridge.java	2
014	KeyBindingBridge	com/moonsworth/lunar/bridge/KeyBindingBridge.java	3
014	KeyCode	com/moonsworth/lunar/bridge/KeyCode.java	9
014	KeyEventBridge	com/moonsworth/lunar/bridge/KeyEventBridge.java	3
014	KeyboardBridge	com/moonsworth/lunar/bridge/KeyboardBridge.java	11
014	KineticWeaponPhases	com/moonsworth/lunar/bridge/KineticWeaponPhases.java	11
014	KineticWeaponTiming	com/moonsworth/lunar/bridge/KineticWeaponTiming.java	11
014	LayerCapeBridge	com/moonsworth/lunar/bridge/LayerCapeBridge.java	12
014	LayerRendererBridge	com/moonsworth/lunar/bridge/LayerRendererBridge.java	11
014	LegacyFormattingSerializer	com/moonsworth/lunar/bridge/LegacyFormattingSerializer.java	6
014	LegacyGuiGraphicsBridge	com/moonsworth/lunar/bridge/LegacyGuiGraphicsBridge.java	180
014	LegacyLayerRendererBridge	com/moonsworth/lunar/bridge/LegacyLayerRendererBridge.java	9
014	LegacyRenderSystemBridge	com/moonsworth/lunar/bridge/LegacyRenderSystemBridge.java	7
014	LegacyVertexFormat	com/moonsworth/lunar/bridge/LegacyVertexFormat.java	6
015	LevelRendererBridge	com/moonsworth/lunar/bridge/LevelRendererBridge.java	4
015	LevelRendererVisibilityBridge	com/moonsworth/lunar/bridge/LevelRendererVisibilityBridge.java	3
015	LightOverlayTrackerBridge	com/moonsworth/lunar/bridge/LightOverlayTrackerBridge.java	11
015	LightTextureBridge	com/moonsworth/lunar/bridge/LightTextureBridge.java	6
015	LineBufferBuilder	com/moonsworth/lunar/bridge/LineBufferBuilder.java	69
015	LineSegmentSink	com/moonsworth/lunar/bridge/LineSegmentSink.java	4
015	LineSink	com/moonsworth/lunar/bridge/LineSink.java	4
015	LineState	com/moonsworth/lunar/bridge/LineState.java	3
015	LivingEntityRendererBridge	com/moonsworth/lunar/bridge/LivingEntityRendererBridge.java	7
015	LunarItemMaterial	com/moonsworth/lunar/bridge/LunarItemMaterial.java	2
015	LunarRenderTypes	com/moonsworth/lunar/bridge/LunarRenderTypes.java	199
015	MExtension	com/moonsworth/lunar/bridge/MExtension.java	26
015	MapItemRendererBridge	com/moonsworth/lunar/bridge/MapItemRendererBridge.java	2
015	MappedTypeCoercion	com/moonsworth/lunar/bridge/MappedTypeCoercion.java	24
015	MarkerPositionBridge	com/moonsworth/lunar/bridge/MarkerPositionBridge.java	5
015	Matrix3fBridge	com/moonsworth/lunar/bridge/Matrix3fBridge.java	30
015	MatrixStackBridge	com/moonsworth/lunar/bridge/MatrixStackBridge.java	31
015	MatrixTransformFactory	com/moonsworth/lunar/bridge/MatrixTransformFactory.java	10
015	MatrixTransformProvider	com/moonsworth/lunar/bridge/MatrixTransformProvider.java	10
015	MethodParameter	com/moonsworth/lunar/bridge/MethodParameter.java	6
015	MethodReturnEmitter	com/moonsworth/lunar/bridge/MethodReturnEmitter.java	5
015	MinecraftBridge	com/moonsworth/lunar/bridge/MinecraftBridge.java	22
015	MixinHelper$Extension	com/moonsworth/lunar/bridge/MixinHelper$Extension.java	2
015	MixinHelper$Extension2	com/moonsworth/lunar/bridge/MixinHelper$Extension2.java	1
015	MixinHelper	com/moonsworth/lunar/bridge/MixinHelper.java	10
016	MixinHelper10	com/moonsworth/lunar/bridge/MixinHelper10.java	2
016	MixinHelper12	com/moonsworth/lunar/bridge/MixinHelper12.java	4
016	MixinHelper14	com/moonsworth/lunar/bridge/MixinHelper14.java	2
016	MixinHelper15	com/moonsworth/lunar/bridge/MixinHelper15.java	1
016	MixinHelper16	com/moonsworth/lunar/bridge/MixinHelper16.java	1
016	MixinHelper17	com/moonsworth/lunar/bridge/MixinHelper17.java	2
016	MixinHelper18	com/moonsworth/lunar/bridge/MixinHelper18.java	2
016	MixinHelper19	com/moonsworth/lunar/bridge/MixinHelper19.java	1
016	MixinHelper20	com/moonsworth/lunar/bridge/MixinHelper20.java	2
016	MixinHelper21	com/moonsworth/lunar/bridge/MixinHelper21.java	2
016	MixinHelper22	com/moonsworth/lunar/bridge/MixinHelper22.java	2
016	MixinHelper22_2	com/moonsworth/lunar/bridge/MixinHelper22_2.java	15
016	MixinHelper23	com/moonsworth/lunar/bridge/MixinHelper23.java	4
016	MixinHelper25	com/moonsworth/lunar/bridge/MixinHelper25.java	4
016	MixinHelper26	com/moonsworth/lunar/bridge/MixinHelper26.java	1
016	MixinHelper27	com/moonsworth/lunar/bridge/MixinHelper27.java	2
016	MixinHelper29	com/moonsworth/lunar/bridge/MixinHelper29.java	3
016	MixinHelper2_11	com/moonsworth/lunar/bridge/MixinHelper2_11.java	4
016	MixinHelper2_12	com/moonsworth/lunar/bridge/MixinHelper2_12.java	6
016	MixinHelper2_2	com/moonsworth/lunar/bridge/MixinHelper2_2.java	41
016	MixinHelper2_3	com/moonsworth/lunar/bridge/MixinHelper2_3.java	1
016	MixinHelper2_4	com/moonsworth/lunar/bridge/MixinHelper2_4.java	1
016	MixinHelper2_7	com/moonsworth/lunar/bridge/MixinHelper2_7.java	1
016	MixinHelper4$Extension	com/moonsworth/lunar/bridge/MixinHelper4$Extension.java	1
016	MixinHelper7$Data7	com/moonsworth/lunar/bridge/MixinHelper7$Data7.java	22
017	MixinHelper7$Data8	com/moonsworth/lunar/bridge/MixinHelper7$Data8.java	3
017	MixinHelper7$Data9	com/moonsworth/lunar/bridge/MixinHelper7$Data9.java	12
017	MixinHelper_15	com/moonsworth/lunar/bridge/MixinHelper_15.java	5
017	MixinHelper_19	com/moonsworth/lunar/bridge/MixinHelper_19.java	14
017	MixinHelper_2	com/moonsworth/lunar/bridge/MixinHelper_2.java	109
017	MixinHelper_21	com/moonsworth/lunar/bridge/MixinHelper_21.java	39
017	MixinHelper_3	com/moonsworth/lunar/bridge/MixinHelper_3.java	8
017	MixinHelper_4	com/moonsworth/lunar/bridge/MixinHelper_4.java	273
017	MixinHelper_6	com/moonsworth/lunar/bridge/MixinHelper_6.java	2
017	MixinHelper_7	com/moonsworth/lunar/bridge/MixinHelper_7.java	3
017	MixinHelper_8	com/moonsworth/lunar/bridge/MixinHelper_8.java	6
017	MixinHelper_9	com/moonsworth/lunar/bridge/MixinHelper_9.java	1
017	MixinTargetMember	com/moonsworth/lunar/bridge/MixinTargetMember.java	12
017	MixinTargetVersionBridge	com/moonsworth/lunar/bridge/MixinTargetVersionBridge.java	3
017	ModelBipedBridge	com/moonsworth/lunar/bridge/ModelBipedBridge.java	1
017	ModelBuilderExtension	com/moonsworth/lunar/bridge/ModelBuilderExtension.java	6
017	ModelHumanoidHeadBridge	com/moonsworth/lunar/bridge/ModelHumanoidHeadBridge.java	1
017	ModelRendererBridge	com/moonsworth/lunar/bridge/ModelRendererBridge.java	28
017	ModernGuiGraphicsBridge	com/moonsworth/lunar/bridge/ModernGuiGraphicsBridge.java	169
017	ModernRenderSystemBridge	com/moonsworth/lunar/bridge/ModernRenderSystemBridge.java	34
017	MouseHelperBridge	com/moonsworth/lunar/bridge/MouseHelperBridge.java	12
017	MovementInputBridge	com/moonsworth/lunar/bridge/MovementInputBridge.java	4
017	MovementStateBridge	com/moonsworth/lunar/bridge/MovementStateBridge.java	5
017	NBTTagListBridge	com/moonsworth/lunar/bridge/NBTTagListBridge.java	2
017	NameTagRendererBridge	com/moonsworth/lunar/bridge/NameTagRendererBridge.java	5
018	NamedMethodSignature	com/moonsworth/lunar/bridge/NamedMethodSignature.java	3
018	NativeImageBridge	com/moonsworth/lunar/bridge/NativeImageBridge.java	1
018	NbtIoBridge	com/moonsworth/lunar/bridge/NbtIoBridge.java	2
018	NetworkConnectionBridge	com/moonsworth/lunar/bridge/NetworkConnectionBridge.java	1
018	NetworkManagerBridge	com/moonsworth/lunar/bridge/NetworkManagerBridge.java	1
018	NewInstanceEmitter	com/moonsworth/lunar/bridge/NewInstanceEmitter.java	3
018	NoOpBatchPacketBridge	com/moonsworth/lunar/bridge/NoOpBatchPacketBridge.java	1
018	NoOpGlStateManagerBridge	com/moonsworth/lunar/bridge/NoOpGlStateManagerBridge.java	38
018	NoOpLegacyPacketBridge	com/moonsworth/lunar/bridge/NoOpLegacyPacketBridge.java	1
018	NoOpNetHandlerPacketBridge	com/moonsworth/lunar/bridge/NoOpNetHandlerPacketBridge.java	1
018	NoOpPacketBridge	com/moonsworth/lunar/bridge/NoOpPacketBridge.java	1
018	NoOpPacketListBridge	com/moonsworth/lunar/bridge/NoOpPacketListBridge.java	1
018	NoOpWorldPacketBuilder	com/moonsworth/lunar/bridge/NoOpWorldPacketBuilder.java	1
018	NoOpWorldPacketFactory	com/moonsworth/lunar/bridge/NoOpWorldPacketFactory.java	2
018	ObjectAllocationEmitter	com/moonsworth/lunar/bridge/ObjectAllocationEmitter.java	5
018	OpenGlHelperBridge	com/moonsworth/lunar/bridge/OpenGlHelperBridge.java	41
018	OpenWindowPacketBridge	com/moonsworth/lunar/bridge/OpenWindowPacketBridge.java	1
018	OptionalCoercion	com/moonsworth/lunar/bridge/OptionalCoercion.java	5
018	OptionalUnwrapCoercion	com/moonsworth/lunar/bridge/OptionalUnwrapCoercion.java	15
018	OutlineState	com/moonsworth/lunar/bridge/OutlineState.java	17
018	PacketBuilder	com/moonsworth/lunar/bridge/PacketBuilder.java	7
018	PacketFactory	com/moonsworth/lunar/bridge/PacketFactory.java	37
018	PacketFactoryBridge	com/moonsworth/lunar/bridge/PacketFactoryBridge.java	53
018	ParameterConversionEmitter	com/moonsworth/lunar/bridge/ParameterConversionEmitter.java	2
018	ParameterDefaultEmitter	com/moonsworth/lunar/bridge/ParameterDefaultEmitter.java	9
019	ParticleEngineBridge	com/moonsworth/lunar/bridge/ParticleEngineBridge.java	3
019	ParticleSpawner	com/moonsworth/lunar/bridge/ParticleSpawner.java	4
019	PathEmitter	com/moonsworth/lunar/bridge/PathEmitter.java	6
019	PlayerAbilitiesPacketBridge	com/moonsworth/lunar/bridge/PlayerAbilitiesPacketBridge.java	1
019	PlayerCapabilitiesBridge	com/moonsworth/lunar/bridge/PlayerCapabilitiesBridge.java	2
019	PlayerControllerBridge	com/moonsworth/lunar/bridge/PlayerControllerBridge.java	5
019	PlayerListHeaderFooterPacketBridge	com/moonsworth/lunar/bridge/PlayerListHeaderFooterPacketBridge.java	1
019	PlayerListItemPacketBridge	com/moonsworth/lunar/bridge/PlayerListItemPacketBridge.java	1
019	PlayerModelPartsBridge	com/moonsworth/lunar/bridge/PlayerModelPartsBridge.java	7
019	PoseStackBridge	com/moonsworth/lunar/bridge/PoseStackBridge.java	27
019	PoseStackDataBridge	com/moonsworth/lunar/bridge/PoseStackDataBridge.java	10
019	ProfilerResultBridge	com/moonsworth/lunar/bridge/ProfilerResultBridge.java	2
019	PropertyMapBridge	com/moonsworth/lunar/bridge/PropertyMapBridge.java	1
019	ProtectionEnchantmentsBridge	com/moonsworth/lunar/bridge/ProtectionEnchantmentsBridge.java	5
019	QuadFactoryExtension	com/moonsworth/lunar/bridge/QuadFactoryExtension.java	6
019	ReceiverEmitter	com/moonsworth/lunar/bridge/ReceiverEmitter.java	5
019	RemappedTypeCoercion	com/moonsworth/lunar/bridge/RemappedTypeCoercion.java	12
019	RenderBlocksBridge	com/moonsworth/lunar/bridge/RenderBlocksBridge.java	4
019	RenderHelperBridge	com/moonsworth/lunar/bridge/RenderHelperBridge.java	22
019	RenderItemBridge	com/moonsworth/lunar/bridge/RenderItemBridge.java	13
019	RenderLayerBridge	com/moonsworth/lunar/bridge/RenderLayerBridge.java	2
019	RenderPipelineBridge	com/moonsworth/lunar/bridge/RenderPipelineBridge.java	3
019	RenderPipelineBuilder	com/moonsworth/lunar/bridge/RenderPipelineBuilder.java	125
019	RenderSystemBridge	com/moonsworth/lunar/bridge/RenderSystemBridge.java	236
019	RenderTypeBuilder	com/moonsworth/lunar/bridge/RenderTypeBuilder.java	48
020	RenderTypeProvider	com/moonsworth/lunar/bridge/RenderTypeProvider.java	1
020	RenderTypeResolver	com/moonsworth/lunar/bridge/RenderTypeResolver.java	1
020	RendererLivingEntityBridge	com/moonsworth/lunar/bridge/RendererLivingEntityBridge.java	5
020	RendererLivingEntityLayerBridge	com/moonsworth/lunar/bridge/RendererLivingEntityLayerBridge.java	5
020	ResourceBridge	com/moonsworth/lunar/bridge/ResourceBridge.java	1
020	ReturnEmitter	com/moonsworth/lunar/bridge/ReturnEmitter.java	3
020	SExtension	com/moonsworth/lunar/bridge/SExtension.java	10
020	ScalableRenderStateBridge	com/moonsworth/lunar/bridge/ScalableRenderStateBridge.java	1
020	ScaledEntityRenderStateBridge	com/moonsworth/lunar/bridge/ScaledEntityRenderStateBridge.java	1
020	SequenceEmitter	com/moonsworth/lunar/bridge/SequenceEmitter.java	7
020	ServerDataBridge	com/moonsworth/lunar/bridge/ServerDataBridge.java	5
020	ServerDifficultyPacketBridge	com/moonsworth/lunar/bridge/ServerDifficultyPacketBridge.java	1
020	ServerLinksScreenBridge	com/moonsworth/lunar/bridge/ServerLinksScreenBridge.java	1
020	ServerListBridge	com/moonsworth/lunar/bridge/ServerListBridge.java	3
020	ServerStatusResponseBridge	com/moonsworth/lunar/bridge/ServerStatusResponseBridge.java	1
020	SetExperiencePacketBridge	com/moonsworth/lunar/bridge/SetExperiencePacketBridge.java	1
020	ShaderDefinesBuilderBridge	com/moonsworth/lunar/bridge/ShaderDefinesBuilderBridge.java	3
020	ShaderManagerBridge	com/moonsworth/lunar/bridge/ShaderManagerBridge.java	2
020	ShaderUniformBinder	com/moonsworth/lunar/bridge/ShaderUniformBinder.java	1
020	ShaderUniformDeclaration	com/moonsworth/lunar/bridge/ShaderUniformDeclaration.java	3
020	ShadingModel	com/moonsworth/lunar/bridge/ShadingModel.java	1
020	SignatureEmitter	com/moonsworth/lunar/bridge/SignatureEmitter.java	12
020	SizeExtendableBridge	com/moonsworth/lunar/bridge/SizeExtendableBridge.java	1
020	SoundHandlerBridge	com/moonsworth/lunar/bridge/SoundHandlerBridge.java	20
020	SoundManagerBridge	com/moonsworth/lunar/bridge/SoundManagerBridge.java	2
021	SourceImage	com/moonsworth/lunar/bridge/SourceImage.java	7
021	SpawnPositionPacketBuilder	com/moonsworth/lunar/bridge/SpawnPositionPacketBuilder.java	1
021	SpawnPositionPacketFactory	com/moonsworth/lunar/bridge/SpawnPositionPacketFactory.java	2
021	SpecialModelRendererBridge	com/moonsworth/lunar/bridge/SpecialModelRendererBridge.java	4
021	SpriteAnimationBridge	com/moonsworth/lunar/bridge/SpriteAnimationBridge.java	12
021	StyledCharSink	com/moonsworth/lunar/bridge/StyledCharSink.java	3
021	SubtypeCoercion	com/moonsworth/lunar/bridge/SubtypeCoercion.java	6
021	SupertypeCoercion	com/moonsworth/lunar/bridge/SupertypeCoercion.java	17
021	TargetPathMember	com/moonsworth/lunar/bridge/TargetPathMember.java	12
021	TessellatorBridge	com/moonsworth/lunar/bridge/TessellatorBridge.java	4
021	TextBridge	com/moonsworth/lunar/bridge/TextBridge.java	35
021	TextColorFunctionHolder	com/moonsworth/lunar/bridge/TextColorFunctionHolder.java	6
021	TextColorSource	com/moonsworth/lunar/bridge/TextColorSource.java	8
021	TextColorTransform	com/moonsworth/lunar/bridge/TextColorTransform.java	1
021	TextFieldStateBridge	com/moonsworth/lunar/bridge/TextFieldStateBridge.java	7
021	assignable	com/moonsworth/lunar/bridge/TextureBridge.java	2
021	TextureManagerBridge	com/moonsworth/lunar/bridge/TextureManagerBridge.java	4
021	TextureOverrideBridge	com/moonsworth/lunar/bridge/TextureOverrideBridge.java	1
021	TextureUtilBridge	com/moonsworth/lunar/bridge/TextureUtilBridge.java	5
021	ThisEmitter	com/moonsworth/lunar/bridge/ThisEmitter.java	1
021	TiersBridge	com/moonsworth/lunar/bridge/TiersBridge.java	7
021	TileEntityBeaconRendererBridge	com/moonsworth/lunar/bridge/TileEntityBeaconRendererBridge.java	12
021	TileEntityRendererBridge	com/moonsworth/lunar/bridge/TileEntityRendererBridge.java	3
021	TimeUpdatePacketBridge	com/moonsworth/lunar/bridge/TimeUpdatePacketBridge.java	1
021	TimeUpdatePacketTranslator	com/moonsworth/lunar/bridge/TimeUpdatePacketTranslator.java	2
022	ToolMaterialBridge	com/moonsworth/lunar/bridge/ToolMaterialBridge.java	2
022	TypeCoercion	com/moonsworth/lunar/bridge/TypeCoercion.java	2
022	TypeCoercionPipeline	com/moonsworth/lunar/bridge/TypeCoercionPipeline.java	7
022	TypeConversionAdapter	com/moonsworth/lunar/bridge/TypeConversionAdapter.java	17
022	TypeConversionCoercion	com/moonsworth/lunar/bridge/TypeConversionCoercion.java	7
022	TypeConversionUtilBridge	com/moonsworth/lunar/bridge/TypeConversionUtilBridge.java	12
022	Vec3Factory	com/moonsworth/lunar/bridge/Vec3Factory.java	3
022	VertexConsumerBridge	com/moonsworth/lunar/bridge/VertexConsumerBridge.java	31
022	VertexFormatBridge	com/moonsworth/lunar/bridge/VertexFormatBridge.java	1
022	VertexFormats	com/moonsworth/lunar/bridge/VertexFormats.java	12
022	WindowItemsPacketBridge	com/moonsworth/lunar/bridge/WindowItemsPacketBridge.java	2
022	WindowsMouseBridge	com/moonsworth/lunar/bridge/WindowsMouseBridge.java	6
022	WorldBorderExtensionBridge	com/moonsworth/lunar/bridge/WorldBorderExtensionBridge.java	26
022	WorldBorderPacketBridge	com/moonsworth/lunar/bridge/WorldBorderPacketBridge.java	1
022	WorldBorderPacketTranslator	com/moonsworth/lunar/bridge/WorldBorderPacketTranslator.java	2
022	WorldBridgeExtension	com/moonsworth/lunar/bridge/WorldBridgeExtension.java	3
022	WorldJoinPacketBuilder	com/moonsworth/lunar/bridge/WorldJoinPacketBuilder.java	1
022	WorldJoinPacketFactory	com/moonsworth/lunar/bridge/WorldJoinPacketFactory.java	3
022	WorldPlayerLookupBridge	com/moonsworth/lunar/bridge/WorldPlayerLookupBridge.java	1
022	Fog	com/moonsworth/lunar/bridge/fog/Fog.java	8
022	Fog3	com/moonsworth/lunar/bridge/fog/Fog3.java	32
022	Glintcolorizer	com/moonsworth/lunar/bridge/glintcolorizer/Glintcolorizer.java	8
022	Glintcolorizer	com/moonsworth/lunar/bridge/glintcolorizer/mixin/Glintcolorizer.java	1
022	Glintcolorizer2	com/moonsworth/lunar/bridge/glintcolorizer/mixin/Glintcolorizer2.java	1
022	Hitbox	com/moonsworth/lunar/bridge/hitbox/Hitbox.java	8
023	AdventureChatFormatting	com/moonsworth/lunar/bridge/horsestats/AdventureChatFormatting.java	16
023	AxisAlignedBBBridge	com/moonsworth/lunar/bridge/horsestats/AxisAlignedBBBridge.java	77
023	BiomeHitResult	com/moonsworth/lunar/bridge/horsestats/BiomeHitResult.java	14
023	BlockModelRotationBridge	com/moonsworth/lunar/bridge/horsestats/BlockModelRotationBridge.java	1
023	BufferedImageConverterBridge	com/moonsworth/lunar/bridge/horsestats/BufferedImageConverterBridge.java	9
023	ChatComponentFactory	com/moonsworth/lunar/bridge/horsestats/ChatComponentFactory.java	4
023	ChunkHitResult	com/moonsworth/lunar/bridge/horsestats/ChunkHitResult.java	10
023	ClientEntityHitResult	com/moonsworth/lunar/bridge/horsestats/ClientEntityHitResult.java	11
023	CosmeticHitResult	com/moonsworth/lunar/bridge/horsestats/CosmeticHitResult.java	22
023	CryptManagerBridge	com/moonsworth/lunar/bridge/horsestats/CryptManagerBridge.java	10
023	EntityHitResult	com/moonsworth/lunar/bridge/horsestats/EntityHitResult.java	11
023	GameProfilePropertyCopier	com/moonsworth/lunar/bridge/horsestats/GameProfilePropertyCopier.java	8
023	Horsestats	com/moonsworth/lunar/bridge/horsestats/Horsestats.java	1
023	Horsestats20Extension	com/moonsworth/lunar/bridge/horsestats/Horsestats20Extension.java	61
023	Horsestats20Extension2	com/moonsworth/lunar/bridge/horsestats/Horsestats20Extension2.java	2
023	Horsestats9	com/moonsworth/lunar/bridge/horsestats/Horsestats9.java	3
023	HorsestatsType$Extension	com/moonsworth/lunar/bridge/horsestats/HorsestatsType$Extension.java	3
023	HorsestatsType$Type	com/moonsworth/lunar/bridge/horsestats/HorsestatsType$Type.java	7
023	HorsestatsType_2	com/moonsworth/lunar/bridge/horsestats/HorsestatsType_2.java	45
023	Horsestats_2	com/moonsworth/lunar/bridge/horsestats/Horsestats_2.java	3
023	Horsestats_3	com/moonsworth/lunar/bridge/horsestats/Horsestats_3.java	9
023	Horsestats_4	com/moonsworth/lunar/bridge/horsestats/Horsestats_4.java	2
023	ItemTransformVec3fBridge	com/moonsworth/lunar/bridge/horsestats/ItemTransformVec3fBridge.java	84
023	ItemTransformsBridge	com/moonsworth/lunar/bridge/horsestats/ItemTransformsBridge.java	41
023	KeyBindingClashEntry	com/moonsworth/lunar/bridge/horsestats/KeyBindingClashEntry.java	5
024	LanguageEntry	com/moonsworth/lunar/bridge/horsestats/LanguageEntry.java	9
024	LegacyFacingValue	com/moonsworth/lunar/bridge/horsestats/LegacyFacingValue.java	2
024	LightHitResult	com/moonsworth/lunar/bridge/horsestats/LightHitResult.java	18
024	LunarGlyphs	com/moonsworth/lunar/bridge/horsestats/LunarGlyphs.java	53
024	MathHelperBridge	com/moonsworth/lunar/bridge/horsestats/MathHelperBridge.java	29
024	MissResult	com/moonsworth/lunar/bridge/horsestats/MissResult.java	46
024	ModelFaceBakeryBridge	com/moonsworth/lunar/bridge/horsestats/ModelFaceBakeryBridge.java	20
024	MovingObjectPositionHitResult	com/moonsworth/lunar/bridge/horsestats/MovingObjectPositionHitResult.java	1
024	ResourceLocationBridge	com/moonsworth/lunar/bridge/horsestats/ResourceLocationBridge.java	27
024	ResourcePackListBridge	com/moonsworth/lunar/bridge/horsestats/ResourcePackListBridge.java	1
024	SprayHitResult	com/moonsworth/lunar/bridge/horsestats/SprayHitResult.java	14
024	SystemClipboardBridge	com/moonsworth/lunar/bridge/horsestats/SystemClipboardBridge.java	3
024	TexturedBoxRenderer	com/moonsworth/lunar/bridge/horsestats/TexturedBoxRenderer.java	6
024	TimerBridge	com/moonsworth/lunar/bridge/horsestats/TimerBridge.java	7
024	Vec3Bridge	com/moonsworth/lunar/bridge/horsestats/Vec3Bridge.java	62
024	Vec3iBridge	com/moonsworth/lunar/bridge/horsestats/Vec3iBridge.java	72
024	Vector3iBridge	com/moonsworth/lunar/bridge/horsestats/Vector3iBridge.java	87
024	HorsestatsHandler	com/moonsworth/lunar/bridge/horsestats/mixin/HorsestatsHandler.java	4
024	HorsestatsType	com/moonsworth/lunar/bridge/horsestats/mixin/HorsestatsType.java	10
024	HorsestatsType2	com/moonsworth/lunar/bridge/horsestats/mixin/HorsestatsType2.java	3
024	Itemcounter$Extension	com/moonsworth/lunar/bridge/itemcounter/Itemcounter$Extension.java	6
024	Itemcounter$Type	com/moonsworth/lunar/bridge/itemcounter/Itemcounter$Type.java	1
024	Itemcounter2_3	com/moonsworth/lunar/bridge/itemcounter/Itemcounter2_3.java	2
024	Itemcounter4_3	com/moonsworth/lunar/bridge/itemcounter/Itemcounter4_3.java	9
024	Itemcounter6	com/moonsworth/lunar/bridge/itemcounter/Itemcounter6.java	74
025	Itemcounter8	com/moonsworth/lunar/bridge/itemcounter/Itemcounter8.java	31
025	ItemcounterType	com/moonsworth/lunar/bridge/itemcounter/ItemcounterType.java	4
025	ItemcounterType2	com/moonsworth/lunar/bridge/itemcounter/ItemcounterType2.java	5
025	ItemcounterType2_2	com/moonsworth/lunar/bridge/itemcounter/ItemcounterType2_2.java	1
025	ItemcounterType_2	com/moonsworth/lunar/bridge/itemcounter/ItemcounterType_2.java	28
025	Itemcounter_2	com/moonsworth/lunar/bridge/itemcounter/Itemcounter_2.java	3
025	Itemcounter_3	com/moonsworth/lunar/bridge/itemcounter/Itemcounter_3.java	1
025	Itemcounter_4	com/moonsworth/lunar/bridge/itemcounter/Itemcounter_4.java	15
025	Itemcounter_5	com/moonsworth/lunar/bridge/itemcounter/Itemcounter_5.java	2
025	Itemcounter2	com/moonsworth/lunar/bridge/itemcounter/mixin/Itemcounter2.java	13
025	Lighting	com/moonsworth/lunar/bridge/lighting/Lighting.java	1
025	Lighting2	com/moonsworth/lunar/bridge/lighting/Lighting2.java	3
025	Lighting3	com/moonsworth/lunar/bridge/lighting/Lighting3.java	2
025	Lighting4	com/moonsworth/lunar/bridge/lighting/Lighting4.java	5
025	AxisCoordinateChooser	com/moonsworth/lunar/bridge/minecraft/AxisCoordinateChooser.java	3
025	ChatComponentFactoryBridge	com/moonsworth/lunar/bridge/minecraft/ChatComponentFactoryBridge.java	3
025	ChatFormatting	com/moonsworth/lunar/bridge/minecraft/ChatFormatting.java	4
025	ClipboardBridge	com/moonsworth/lunar/bridge/minecraft/ClipboardBridge.java	3
025	EnumFacingValue	com/moonsworth/lunar/bridge/minecraft/EnumFacingValue.java	2
025	FaceBakeryBridge	com/moonsworth/lunar/bridge/minecraft/FaceBakeryBridge.java	17
025	GameProfilePropertyMerger	com/moonsworth/lunar/bridge/minecraft/GameProfilePropertyMerger.java	3
025	Horsestats9	com/moonsworth/lunar/bridge/minecraft/Horsestats9.java	1
025	ImageConverterBridge	com/moonsworth/lunar/bridge/minecraft/ImageConverterBridge.java	5
025	KeyBindingEntry	com/moonsworth/lunar/bridge/minecraft/KeyBindingEntry.java	5
025	LanguageBridge	com/moonsworth/lunar/bridge/minecraft/LanguageBridge.java	9
026	LunarSymbols	com/moonsworth/lunar/bridge/minecraft/LunarSymbols.java	53
026	RotationOperator	com/moonsworth/lunar/bridge/minecraft/RotationOperator.java	2
026	TexturedBoxBridge	com/moonsworth/lunar/bridge/minecraft/TexturedBoxBridge.java	3
026	CustomColorsBridge	com/moonsworth/lunar/bridge/optifine/CustomColorsBridge.java	3
026	OptifineBridge	com/moonsworth/lunar/bridge/optifine/OptifineBridge.java	1
026	OptifineConfigBridge	com/moonsworth/lunar/bridge/optifine/OptifineConfigBridge.java	4
026	ShadersBridge	com/moonsworth/lunar/bridge/optifine/ShadersBridge.java	6
026	LegacyParticleType	com/moonsworth/lunar/bridge/particle/LegacyParticleType.java	7
026	SimpleParticleData	com/moonsworth/lunar/bridge/particle/SimpleParticleData.java	4
026	PotionEffectBridge	com/moonsworth/lunar/bridge/potion/PotionEffectBridge.java	5
026	PotionRegistryBridge	com/moonsworth/lunar/bridge/potion/PotionRegistryBridge.java	26
026	ScoreBridge	com/moonsworth/lunar/bridge/scoreboard/ScoreBridge.java	1
026	ScoreboardBridge	com/moonsworth/lunar/bridge/scoreboard/ScoreboardBridge.java	3
026	ScoreboardObjectiveBridge	com/moonsworth/lunar/bridge/scoreboard/ScoreboardObjectiveBridge.java	1
026	IntegratedServerBridge	com/moonsworth/lunar/bridge/server/IntegratedServerBridge.java	5
026	Slayer2	com/moonsworth/lunar/bridge/slayer/Slayer2.java	6
026	Slayer3	com/moonsworth/lunar/bridge/slayer/Slayer3.java	9
026	Slayer4	com/moonsworth/lunar/bridge/slayer/Slayer4.java	4
026	Slayer5	com/moonsworth/lunar/bridge/slayer/Slayer5.java	3
026	Slayer6	com/moonsworth/lunar/bridge/slayer/Slayer6.java	6
026	StatisticsFileBridge	com/moonsworth/lunar/bridge/stats/StatisticsFileBridge.java	3
026	Biome	com/moonsworth/lunar/bridge/world/Biome.java	9
026	BoxEdgeConsumer	com/moonsworth/lunar/bridge/world/BoxEdgeConsumer.java	6
026	EquippableComponentBridge	com/moonsworth/lunar/bridge/world/EquippableComponentBridge.java	1
026	LevelData	com/moonsworth/lunar/bridge/world/LevelData.java	24
027	MapDataBridge	com/moonsworth/lunar/bridge/world/MapDataBridge.java	1
027	MapDecorationBridge	com/moonsworth/lunar/bridge/world/MapDecorationBridge.java	3
027	WorldBorderBridge	com/moonsworth/lunar/bridge/world/WorldBorderBridge.java	8
027	ChunkBridge	com/moonsworth/lunar/bridge/world/mixin/ChunkBridge.java	6
027	MixinHelper	com/moonsworth/lunar/bridgeimpl/mixin/MixinHelper.java	6
027	Gui2Handler2	com/moonsworth/lunar/client/Gui2Handler2.java	18
027	Highlight3Iterator	com/moonsworth/lunar/client/Highlight3Iterator.java	9
027	Highlight3Iterator10	com/moonsworth/lunar/client/Highlight3Iterator10.java	2
027	Highlight3Iterator12	com/moonsworth/lunar/client/Highlight3Iterator12.java	23
027	Highlight3Iterator13	com/moonsworth/lunar/client/Highlight3Iterator13.java	2
027	Highlight3Iterator14	com/moonsworth/lunar/client/Highlight3Iterator14.java	8
027	Highlight3Iterator18	com/moonsworth/lunar/client/Highlight3Iterator18.java	14
027	Highlight3Iterator20	com/moonsworth/lunar/client/Highlight3Iterator20.java	14
027	Highlight3Iterator21	com/moonsworth/lunar/client/Highlight3Iterator21.java	2
027	Highlight3Iterator23	com/moonsworth/lunar/client/Highlight3Iterator23.java	10
027	Highlight3Iterator25	com/moonsworth/lunar/client/Highlight3Iterator25.java	19
027	Highlight3Iterator27	com/moonsworth/lunar/client/Highlight3Iterator27.java	17
027	Highlight3Iterator29	com/moonsworth/lunar/client/Highlight3Iterator29.java	16
027	Highlight3Iterator3	com/moonsworth/lunar/client/Highlight3Iterator3.java	47
027	Highlight3Iterator30	com/moonsworth/lunar/client/Highlight3Iterator30.java	3
027	Highlight3Iterator31	com/moonsworth/lunar/client/Highlight3Iterator31.java	50
027	Highlight3Iterator5	com/moonsworth/lunar/client/Highlight3Iterator5.java	1
027	Highlight3Iterator6	com/moonsworth/lunar/client/Highlight3Iterator6.java	6
027	Highlight3Iterator7	com/moonsworth/lunar/client/Highlight3Iterator7.java	2
027	Highlight3Iterator9	com/moonsworth/lunar/client/Highlight3Iterator9.java	2
028	MixinExtraType	com/moonsworth/lunar/client/MixinExtraType.java	1
028	MixinRewindhandlers	com/moonsworth/lunar/client/MixinRewindhandlers.java	1
028	AccountManager	com/moonsworth/lunar/client/account/AccountManager.java	126
028	AccountProfile	com/moonsworth/lunar/client/account/AccountProfile.java	6
028	AccountSession	com/moonsworth/lunar/client/account/AccountSession.java	79
028	AuthUtil	com/moonsworth/lunar/client/account/AuthUtil.java	34
028	Badge	com/moonsworth/lunar/client/account/Badge.java	13
028	BadgeManager	com/moonsworth/lunar/client/account/BadgeManager.java	64
028	GameProfileLookupCallback	com/moonsworth/lunar/client/account/GameProfileLookupCallback.java	12
028	GuiProfile	com/moonsworth/lunar/client/account/GuiProfile.java	27
028	LinkedAccount	com/moonsworth/lunar/client/account/LinkedAccount.java	28
028	LunarPlusManager	com/moonsworth/lunar/client/account/LunarPlusManager.java	30
028	MinecraftProfile	com/moonsworth/lunar/client/account/MinecraftProfile.java	16
028	OwnedBadge	com/moonsworth/lunar/client/account/OwnedBadge.java	30
028	SocialLinksManager	com/moonsworth/lunar/client/account/SocialLinksManager.java	15
028	TabLogoManager	com/moonsworth/lunar/client/account/TabLogoManager.java	49
028	TeamMemberManager	com/moonsworth/lunar/client/account/TeamMemberManager.java	13
028	XboxAccountSession	com/moonsworth/lunar/client/account/XboxAccountSession.java	8
028	YggdrasilAuthServiceFactory	com/moonsworth/lunar/client/account/YggdrasilAuthServiceFactory.java	3
028	SavedSkin	com/moonsworth/lunar/client/account/skin/SavedSkin.java	7
028	SavedSkinManager	com/moonsworth/lunar/client/account/skin/SavedSkinManager.java	95
028	SkinLoadException	com/moonsworth/lunar/client/account/skin/SkinLoadException.java	2
028	SkinType	com/moonsworth/lunar/client/account/skin/SkinType.java	2
028	SkinUploadService	com/moonsworth/lunar/client/account/skin/SkinUploadService.java	60
028	Alert	com/moonsworth/lunar/client/alert/Alert.java	7
029	DismissedAlertStore	com/moonsworth/lunar/client/alert/DismissedAlertStore.java	21
029	Alert	com/moonsworth/lunar/client/alert/mixin/Alert.java	15
029	Alert2	com/moonsworth/lunar/client/alert/mixin/Alert2.java	14
029	Alert2Handler	com/moonsworth/lunar/client/alert/mixin/Alert2Handler.java	18
029	LunarSoundPlayer	com/moonsworth/lunar/client/audio/LunarSoundPlayer.java	44
029	Wasapi	com/moonsworth/lunar/client/audio/Wasapi.java	37
029	JamManager	com/moonsworth/lunar/client/audio/music/JamManager.java	54
029	StyngrSong	com/moonsworth/lunar/client/audio/music/StyngrSong.java	14
029	AudioFileReader	com/moonsworth/lunar/client/audio/ogg/AudioFileReader.java	54
029	Crc32	com/moonsworth/lunar/client/audio/ogg/Crc32.java	7
029	OggPage	com/moonsworth/lunar/client/audio/ogg/OggPage.java	41
029	OggPageReader	com/moonsworth/lunar/client/audio/ogg/OggPageReader.java	17
029	Calculator	com/moonsworth/lunar/client/calculator/Calculator.java	17
029	Calculator2	com/moonsworth/lunar/client/calculator/Calculator2.java	1
029	CalculatorType	com/moonsworth/lunar/client/calculator/CalculatorType.java	1
029	CalculatorType2	com/moonsworth/lunar/client/calculator/CalculatorType2.java	7
029	Calculator	com/moonsworth/lunar/client/calculator/mixin/Calculator.java	20
029	CalculatorHandler	com/moonsworth/lunar/client/calculator/mixin/CalculatorHandler.java	14
029	CalculatorHandler2	com/moonsworth/lunar/client/calculator/mixin/CalculatorHandler2.java	10
029	CalculatorHandler3	com/moonsworth/lunar/client/calculator/mixin/CalculatorHandler3.java	7
029	ChatActionHandler	com/moonsworth/lunar/client/chat/ChatActionHandler.java	30
029	ChatMessage	com/moonsworth/lunar/client/chat/ChatMessage.java	21
029	Conversation	com/moonsworth/lunar/client/chat/Conversation.java	104
029	ConversationManager	com/moonsworth/lunar/client/chat/ConversationManager.java	230
029	FriendChatMessage	com/moonsworth/lunar/client/chat/FriendChatMessage.java	14
030	IconChangeEvent	com/moonsworth/lunar/client/chat/IconChangeEvent.java	5
030	ImageEmbed	com/moonsworth/lunar/client/chat/ImageEmbed.java	5
030	InviteEvent	com/moonsworth/lunar/client/chat/InviteEvent.java	5
030	LeaveEvent	com/moonsworth/lunar/client/chat/LeaveEvent.java	5
030	LinkPreviewEmbed	com/moonsworth/lunar/client/chat/LinkPreviewEmbed.java	11
030	MessageContents	com/moonsworth/lunar/client/chat/MessageContents.java	15
030	MessageEmbed	com/moonsworth/lunar/client/chat/MessageEmbed.java	7
030	NameChangeEvent	com/moonsworth/lunar/client/chat/NameChangeEvent.java	5
030	PinnedEvent	com/moonsworth/lunar/client/chat/PinnedEvent.java	5
030	PlainTextContents	com/moonsworth/lunar/client/chat/PlainTextContents.java	4
030	ProfanityFilter	com/moonsworth/lunar/client/chat/ProfanityFilter.java	17
030	ProfanityFilterConfig	com/moonsworth/lunar/client/chat/ProfanityFilterConfig.java	6
030	ProfanityWordLists	com/moonsworth/lunar/client/chat/ProfanityWordLists.java	6
030	Sticker	com/moonsworth/lunar/client/chat/Sticker.java	5
030	StickerContents	com/moonsworth/lunar/client/chat/StickerContents.java	3
030	StickerStore	com/moonsworth/lunar/client/chat/StickerStore.java	20
030	SystemEvent	com/moonsworth/lunar/client/chat/SystemEvent.java	4
030	SystemEventContents	com/moonsworth/lunar/client/chat/SystemEventContents.java	4
030	CachedReplacement	com/moonsworth/lunar/client/chat/translation/CachedReplacement.java	14
030	ClientLanguage	com/moonsworth/lunar/client/chat/translation/ClientLanguage.java	1
030	ConstantReplacement	com/moonsworth/lunar/client/chat/translation/ConstantReplacement.java	4
030	SharedTranslations	com/moonsworth/lunar/client/chat/translation/SharedTranslations.java	17
030	StringArrayReplacement	com/moonsworth/lunar/client/chat/translation/StringArrayReplacement.java	4
030	SupplierReplacement	com/moonsworth/lunar/client/chat/translation/SupplierReplacement.java	6
030	Translatable	com/moonsworth/lunar/client/chat/translation/Translatable.java	2
031	TranslationVariable	com/moonsworth/lunar/client/chat/translation/TranslationVariable.java	6
031	ArgumentCommandNode	com/moonsworth/lunar/client/command/ArgumentCommandNode.java	15
031	BoundArguments	com/moonsworth/lunar/client/command/BoundArguments.java	10
031	ClientCommand	com/moonsworth/lunar/client/command/ClientCommand.java	8
031	CommandArgumentParser	com/moonsworth/lunar/client/command/CommandArgumentParser.java	3
031	CommandArguments	com/moonsworth/lunar/client/command/CommandArguments.java	4
031	CommandCompleter	com/moonsworth/lunar/client/command/CommandCompleter.java	22
031	CommandNode	com/moonsworth/lunar/client/command/CommandNode.java	6
031	CommandParser	com/moonsworth/lunar/client/command/CommandParser.java	6
031	CommandSuggestionBuilder	com/moonsworth/lunar/client/command/CommandSuggestionBuilder.java	5
031	CommandSuggestionCollector	com/moonsworth/lunar/client/command/CommandSuggestionCollector.java	10
031	DurationArgumentParser	com/moonsworth/lunar/client/command/DurationArgumentParser.java	26
031	GreedyStringArgumentParser	com/moonsworth/lunar/client/command/GreedyStringArgumentParser.java	6
031	IntegerArgumentParser	com/moonsworth/lunar/client/command/IntegerArgumentParser.java	4
031	LiteralCommandNode	com/moonsworth/lunar/client/command/LiteralCommandNode.java	8
031	MixinCore	com/moonsworth/lunar/client/command/MixinCore.java	4
031	MixinCoreImpl	com/moonsworth/lunar/client/command/MixinCoreImpl.java	7
031	MixinHelper	com/moonsworth/lunar/client/command/MixinHelper.java	1
031	MixinHelper2	com/moonsworth/lunar/client/command/MixinHelper2.java	4
031	MixinHelper22	com/moonsworth/lunar/client/command/MixinHelper22.java	12
031	MixinHelper3	com/moonsworth/lunar/client/command/MixinHelper3.java	16
031	MixinNameplate	com/moonsworth/lunar/client/command/MixinNameplate.java	10
031	MixinNameplate2	com/moonsworth/lunar/client/command/MixinNameplate2.java	9
031	MixinNameplateImpl	com/moonsworth/lunar/client/command/MixinNameplateImpl.java	10
031	MixinNameplateIterator	com/moonsworth/lunar/client/command/MixinNameplateIterator.java	28
032	Nameplate2_2	com/moonsworth/lunar/client/command/Nameplate2_2.java	2
032	Nameplate3Handler	com/moonsworth/lunar/client/command/Nameplate3Handler.java	12
032	Nameplate3_2	com/moonsworth/lunar/client/command/Nameplate3_2.java	5
032	NameplateImpl	com/moonsworth/lunar/client/command/NameplateImpl.java	10
032	Nameplate_2	com/moonsworth/lunar/client/command/Nameplate_2.java	41
032	PlayerArgumentParser	com/moonsworth/lunar/client/command/PlayerArgumentParser.java	7
032	StringArgumentParser	com/moonsworth/lunar/client/command/StringArgumentParser.java	4
032	SuggestionCommandArguments	com/moonsworth/lunar/client/command/SuggestionCommandArguments.java	10
032	ControlsSettings	com/moonsworth/lunar/client/config/ControlsSettings.java	46
032	DynamicFeatureFlag	com/moonsworth/lunar/client/config/DynamicFeatureFlag.java	7
032	FavoriteColorsConfig	com/moonsworth/lunar/client/config/FavoriteColorsConfig.java	31
032	FavoriteColorsConfigRescued	com/moonsworth/lunar/client/config/FavoriteColorsConfigRescued.java	17
032	FeatureFlag	com/moonsworth/lunar/client/config/FeatureFlag.java	5
032	GeneralSettings	com/moonsworth/lunar/client/config/GeneralSettings.java	135
032	GlobalOptionsSettings	com/moonsworth/lunar/client/config/GlobalOptionsSettings.java	18
032	InternalSettings	com/moonsworth/lunar/client/config/InternalSettings.java	31
032	JsonFileConfig	com/moonsworth/lunar/client/config/JsonFileConfig.java	9
032	KeyBindingOrder	com/moonsworth/lunar/client/config/KeyBindingOrder.java	3
032	ModsSettings	com/moonsworth/lunar/client/config/ModsSettings.java	204
032	PerformanceSettings	com/moonsworth/lunar/client/config/PerformanceSettings.java	61
032	ServerFeaturesSettings	com/moonsworth/lunar/client/config/ServerFeaturesSettings.java	6
032	SettingsContainer	com/moonsworth/lunar/client/config/SettingsContainer.java	27
032	SettingsManager	com/moonsworth/lunar/client/config/SettingsManager.java	22
032	AutoTextActionsMigration	com/moonsworth/lunar/client/config/migration/AutoTextActionsMigration.java	2
032	BedWarsHeightLimitMigration	com/moonsworth/lunar/client/config/migration/BedWarsHeightLimitMigration.java	10
033	BlockOutlineMigration	com/moonsworth/lunar/client/config/migration/BlockOutlineMigration.java	4
033	BossbarColorMigration	com/moonsworth/lunar/client/config/migration/BossbarColorMigration.java	1
033	BossbarOffsetMigration	com/moonsworth/lunar/client/config/migration/BossbarOffsetMigration.java	2
033	BossbarPositionMigration	com/moonsworth/lunar/client/config/migration/BossbarPositionMigration.java	2
033	ConfigEntryMigration	com/moonsworth/lunar/client/config/migration/ConfigEntryMigration.java	8
033	ConfigIdResolver	com/moonsworth/lunar/client/config/migration/ConfigIdResolver.java	6
033	ConfigMigration	com/moonsworth/lunar/client/config/migration/ConfigMigration.java	20
033	ConfigMigrator	com/moonsworth/lunar/client/config/migration/ConfigMigrator.java	44
033	CoordinatesColorMigration	com/moonsworth/lunar/client/config/migration/CoordinatesColorMigration.java	4
033	CosmeticIdMigration	com/moonsworth/lunar/client/config/migration/CosmeticIdMigration.java	4
033	CrosshairF5Migration	com/moonsworth/lunar/client/config/migration/CrosshairF5Migration.java	3
033	CrosshairOutlineMigration	com/moonsworth/lunar/client/config/migration/CrosshairOutlineMigration.java	2
033	FogScaleMigration	com/moonsworth/lunar/client/config/migration/FogScaleMigration.java	1
033	FovOptionMigration	com/moonsworth/lunar/client/config/migration/FovOptionMigration.java	8
033	FullBrightMigration	com/moonsworth/lunar/client/config/migration/FullBrightMigration.java	4
033	HeightLimitMigration	com/moonsworth/lunar/client/config/migration/HeightLimitMigration.java	7
033	HeldItemScaleMigration	com/moonsworth/lunar/client/config/migration/HeldItemScaleMigration.java	19
033	HudOptionMigration	com/moonsworth/lunar/client/config/migration/HudOptionMigration.java	19
033	KeyCodeOptionMigration	com/moonsworth/lunar/client/config/migration/KeyCodeOptionMigration.java	2
033	KeyNameOptionMigration	com/moonsworth/lunar/client/config/migration/KeyNameOptionMigration.java	2
033	MigratedOptionReader	com/moonsworth/lunar/client/config/migration/MigratedOptionReader.java	8
033	MultiFeatureMigration	com/moonsworth/lunar/client/config/migration/MultiFeatureMigration.java	27
033	OptionMigration	com/moonsworth/lunar/client/config/migration/OptionMigration.java	3
033	OverlayCleanupMigration	com/moonsworth/lunar/client/config/migration/OverlayCleanupMigration.java	11
033	OverlayEnabledMigration	com/moonsworth/lunar/client/config/migration/OverlayEnabledMigration.java	2
034	ParticleChangerMigration	com/moonsworth/lunar/client/config/migration/ParticleChangerMigration.java	7
034	ParticleQualityMigration	com/moonsworth/lunar/client/config/migration/ParticleQualityMigration.java	5
034	PingEntryMigration	com/moonsworth/lunar/client/config/migration/PingEntryMigration.java	1
034	PingMigration	com/moonsworth/lunar/client/config/migration/PingMigration.java	5
034	PotionEffectsMigration	com/moonsworth/lunar/client/config/migration/PotionEffectsMigration.java	1
034	SettingsMigratorV0toV1	com/moonsworth/lunar/client/config/migration/SettingsMigratorV0toV1.java	163
034	SkyblockBossMigration	com/moonsworth/lunar/client/config/migration/SkyblockBossMigration.java	19
034	SkyblockFloorFourMigration	com/moonsworth/lunar/client/config/migration/SkyblockFloorFourMigration.java	6
034	SnaplookMigration	com/moonsworth/lunar/client/config/migration/SnaplookMigration.java	6
034	StopwatchMigration	com/moonsworth/lunar/client/config/migration/StopwatchMigration.java	3
034	TimeChangerMigration	com/moonsworth/lunar/client/config/migration/TimeChangerMigration.java	3
034	TypeCoercionMigration	com/moonsworth/lunar/client/config/migration/TypeCoercionMigration.java	6
034	UhcOverlayMigration	com/moonsworth/lunar/client/config/migration/UhcOverlayMigration.java	3
034	VanillaOptionsFile	com/moonsworth/lunar/client/config/migration/VanillaOptionsFile.java	150
034	VersionedIdResolver	com/moonsworth/lunar/client/config/migration/VersionedIdResolver.java	9
034	WaypointRenderMigration	com/moonsworth/lunar/client/config/migration/WaypointRenderMigration.java	3
034	AbstractBooleanOption	com/moonsworth/lunar/client/config/option/AbstractBooleanOption.java	10
034	AbstractByteOption	com/moonsworth/lunar/client/config/option/AbstractByteOption.java	10
034	AbstractDoubleOption	com/moonsworth/lunar/client/config/option/AbstractDoubleOption.java	10
034	AbstractFloatOption	com/moonsworth/lunar/client/config/option/AbstractFloatOption.java	10
034	AbstractIntegerOption	com/moonsworth/lunar/client/config/option/AbstractIntegerOption.java	10
034	AbstractKeybindOption	com/moonsworth/lunar/client/config/option/AbstractKeybindOption.java	41
034	AbstractLongOption	com/moonsworth/lunar/client/config/option/AbstractLongOption.java	10
034	AbstractNumberRule	com/moonsworth/lunar/client/config/option/AbstractNumberRule.java	8
034	AbstractOption	com/moonsworth/lunar/client/config/option/AbstractOption.java	125
035	AbstractOptionBuilder	com/moonsworth/lunar/client/config/option/AbstractOptionBuilder.java	39
035	AbstractShortOption	com/moonsworth/lunar/client/config/option/AbstractShortOption.java	10
035	AbstractValueOption	com/moonsworth/lunar/client/config/option/AbstractValueOption.java	5
035	AdvancedOptionFlag	com/moonsworth/lunar/client/config/option/AdvancedOptionFlag.java	1
035	AlertExtension	com/moonsworth/lunar/client/config/option/AlertExtension.java	3
035	AutoTextHotkeyOption	com/moonsworth/lunar/client/config/option/AutoTextHotkeyOption.java	30
035	BakedOptionNode	com/moonsworth/lunar/client/config/option/BakedOptionNode.java	12
035	BooleanOption	com/moonsworth/lunar/client/config/option/BooleanOption.java	2
035	BooleanOptionBuilder	com/moonsworth/lunar/client/config/option/BooleanOptionBuilder.java	6
035	ButtonOption	com/moonsworth/lunar/client/config/option/ButtonOption.java	18
035	ByteNumberRange	com/moonsworth/lunar/client/config/option/ByteNumberRange.java	34
035	ByteOption	com/moonsworth/lunar/client/config/option/ByteOption.java	12
035	ByteRangeOptionBuilder	com/moonsworth/lunar/client/config/option/ByteRangeOptionBuilder.java	21
035	CategorizedSettingsBuilder	com/moonsworth/lunar/client/config/option/CategorizedSettingsBuilder.java	35
035	CategoryOption	com/moonsworth/lunar/client/config/option/CategoryOption.java	18
035	CharacterOptionBuilder	com/moonsworth/lunar/client/config/option/CharacterOptionBuilder.java	4
035	ClientOption	com/moonsworth/lunar/client/config/option/ClientOption.java	48
035	ColorOption	com/moonsworth/lunar/client/config/option/ColorOption.java	103
035	CompositeOption	com/moonsworth/lunar/client/config/option/CompositeOption.java	37
035	CompoundBooleanOption	com/moonsworth/lunar/client/config/option/CompoundBooleanOption.java	12
035	ConditionState	com/moonsworth/lunar/client/config/option/ConditionState.java	14
035	ConditionalOption	com/moonsworth/lunar/client/config/option/ConditionalOption.java	67
035	ConfigRangeBuilder	com/moonsworth/lunar/client/config/option/ConfigRangeBuilder.java	23
035	CrosshairDrawOption	com/moonsworth/lunar/client/config/option/CrosshairDrawOption.java	6
035	CyclingDropdownOption	com/moonsworth/lunar/client/config/option/CyclingDropdownOption.java	5
036	DefaultValueBuilder	com/moonsworth/lunar/client/config/option/DefaultValueBuilder.java	3
036	DefaultedBooleanOption	com/moonsworth/lunar/client/config/option/DefaultedBooleanOption.java	3
036	DefaultedOptionBuilder	com/moonsworth/lunar/client/config/option/DefaultedOptionBuilder.java	2
036	DevOptionBaker	com/moonsworth/lunar/client/config/option/DevOptionBaker.java	6
036	DevelopmentOptionBaker	com/moonsworth/lunar/client/config/option/DevelopmentOptionBaker.java	10
036	DirtyFlag	com/moonsworth/lunar/client/config/option/DirtyFlag.java	2
036	DisplaySpec	com/moonsworth/lunar/client/config/option/DisplaySpec.java	14
036	DoubleNumberRule	com/moonsworth/lunar/client/config/option/DoubleNumberRule.java	41
036	DoubleOption	com/moonsworth/lunar/client/config/option/DoubleOption.java	15
036	DoubleRangeOptionBuilder	com/moonsworth/lunar/client/config/option/DoubleRangeOptionBuilder.java	22
036	DropdownOption	com/moonsworth/lunar/client/config/option/DropdownOption.java	12
036	DynamicDropdownOption	com/moonsworth/lunar/client/config/option/DynamicDropdownOption.java	14
036	EnabledOption	com/moonsworth/lunar/client/config/option/EnabledOption.java	8
036	EnumOption	com/moonsworth/lunar/client/config/option/EnumOption.java	16
036	FeatureLinkRef	com/moonsworth/lunar/client/config/option/FeatureLinkRef.java	1
036	FeatureOptionBaker	com/moonsworth/lunar/client/config/option/FeatureOptionBaker.java	8
036	FixedBooleanOption	com/moonsworth/lunar/client/config/option/FixedBooleanOption.java	10
036	FloatNumberRange	com/moonsworth/lunar/client/config/option/FloatNumberRange.java	40
036	FloatOption	com/moonsworth/lunar/client/config/option/FloatOption.java	15
036	FloatSliderOptionBuilder	com/moonsworth/lunar/client/config/option/FloatSliderOptionBuilder.java	22
036	GuardedOption	com/moonsworth/lunar/client/config/option/GuardedOption.java	104
036	IntegerNumberRange	com/moonsworth/lunar/client/config/option/IntegerNumberRange.java	34
036	IntegerOption	com/moonsworth/lunar/client/config/option/IntegerOption.java	12
036	IntegerRangeOptionBuilder	com/moonsworth/lunar/client/config/option/IntegerRangeOptionBuilder.java	19
036	InterpolationMode	com/moonsworth/lunar/client/config/option/InterpolationMode.java	9
037	ItemSelectOption	com/moonsworth/lunar/client/config/option/ItemSelectOption.java	34
037	JsonConfigurable	com/moonsworth/lunar/client/config/option/JsonConfigurable.java	1
037	JsonPersistable	com/moonsworth/lunar/client/config/option/JsonPersistable.java	3
037	KeyBind	com/moonsworth/lunar/client/config/option/KeyBind.java	21
037	KeyCombo	com/moonsworth/lunar/client/config/option/KeyCombo.java	35
037	KeyVersionPair	com/moonsworth/lunar/client/config/option/KeyVersionPair.java	21
037	LabelOption	com/moonsworth/lunar/client/config/option/LabelOption.java	17
037	ListOption	com/moonsworth/lunar/client/config/option/ListOption.java	46
037	ListenerSet	com/moonsworth/lunar/client/config/option/ListenerSet.java	6
037	LongNumberRange	com/moonsworth/lunar/client/config/option/LongNumberRange.java	34
037	LongOption	com/moonsworth/lunar/client/config/option/LongOption.java	12
037	LongSliderOptionBuilder	com/moonsworth/lunar/client/config/option/LongSliderOptionBuilder.java	20
037	MapOption	com/moonsworth/lunar/client/config/option/MapOption.java	10
037	ModifierKeybindOption	com/moonsworth/lunar/client/config/option/ModifierKeybindOption.java	41
037	MultiNumberOption	com/moonsworth/lunar/client/config/option/MultiNumberOption.java	29
037	MultiSelectOption	com/moonsworth/lunar/client/config/option/MultiSelectOption.java	30
037	NamedDropdownOption	com/moonsworth/lunar/client/config/option/NamedDropdownOption.java	16
037	NumberRangeBuilder	com/moonsworth/lunar/client/config/option/NumberRangeBuilder.java	6
037	NumberRangeConfigurator	com/moonsworth/lunar/client/config/option/NumberRangeConfigurator.java	6
037	NumberRule	com/moonsworth/lunar/client/config/option/NumberRule.java	10
037	OptionAlertHandler	com/moonsworth/lunar/client/config/option/OptionAlertHandler.java	26
037	OptionBaker	com/moonsworth/lunar/client/config/option/OptionBaker.java	4
037	OptionBakerFactory	com/moonsworth/lunar/client/config/option/OptionBakerFactory.java	3
037	OptionBakerProvider	com/moonsworth/lunar/client/config/option/OptionBakerProvider.java	3
037	OptionBuilderBase	com/moonsworth/lunar/client/config/option/OptionBuilderBase.java	51
038	OptionChildren	com/moonsworth/lunar/client/config/option/OptionChildren.java	4
038	OptionCombiner	com/moonsworth/lunar/client/config/option/OptionCombiner.java	24
038	OptionConfigException	com/moonsworth/lunar/client/config/option/OptionConfigException.java	8
038	OptionDataProvider	com/moonsworth/lunar/client/config/option/OptionDataProvider.java	8
038	OptionDisplay	com/moonsworth/lunar/client/config/option/OptionDisplay.java	10
038	OptionEnumValue	com/moonsworth/lunar/client/config/option/OptionEnumValue.java	32
038	OptionException	com/moonsworth/lunar/client/config/option/OptionException.java	5
038	OptionFactory	com/moonsworth/lunar/client/config/option/OptionFactory.java	47
038	OptionFeatureLink	com/moonsworth/lunar/client/config/option/OptionFeatureLink.java	1
038	OptionGraphNode	com/moonsworth/lunar/client/config/option/OptionGraphNode.java	18
038	OptionGroup	com/moonsworth/lunar/client/config/option/OptionGroup.java	3
038	OptionHierarchyNode	com/moonsworth/lunar/client/config/option/OptionHierarchyNode.java	1
038	OptionJsonProvider	com/moonsworth/lunar/client/config/option/OptionJsonProvider.java	11
038	OptionProvider	com/moonsworth/lunar/client/config/option/OptionProvider.java	2
038	OptionRegistrant	com/moonsworth/lunar/client/config/option/OptionRegistrant.java	2
038	OptionSupplier	com/moonsworth/lunar/client/config/option/OptionSupplier.java	4
038	OptionTraits	com/moonsworth/lunar/client/config/option/OptionTraits.java	30
038	OptionTreeMapper	com/moonsworth/lunar/client/config/option/OptionTreeMapper.java	14
038	OptionTreeNode	com/moonsworth/lunar/client/config/option/OptionTreeNode.java	1
038	OptionTreePruner	com/moonsworth/lunar/client/config/option/OptionTreePruner.java	24
038	OptionUpdateListeners	com/moonsworth/lunar/client/config/option/OptionUpdateListeners.java	6
038	ParameterPosition	com/moonsworth/lunar/client/config/option/ParameterPosition.java	1
038	PruningOptionBaker	com/moonsworth/lunar/client/config/option/PruningOptionBaker.java	7
038	ResolvedOptionNode	com/moonsworth/lunar/client/config/option/ResolvedOptionNode.java	17
038	RootSettingsAssembler	com/moonsworth/lunar/client/config/option/RootSettingsAssembler.java	7
039	RootSettingsBuilder	com/moonsworth/lunar/client/config/option/RootSettingsBuilder.java	3
039	SetOption	com/moonsworth/lunar/client/config/option/SetOption.java	7
039	SettingsBuilder	com/moonsworth/lunar/client/config/option/SettingsBuilder.java	19
039	SettingsComposer	com/moonsworth/lunar/client/config/option/SettingsComposer.java	44
039	SettingsGroupCreator	com/moonsworth/lunar/client/config/option/SettingsGroupCreator.java	1
039	SettingsNode	com/moonsworth/lunar/client/config/option/SettingsNode.java	16
039	SettingsParent	com/moonsworth/lunar/client/config/option/SettingsParent.java	46
039	SettingsParentCreator	com/moonsworth/lunar/client/config/option/SettingsParentCreator.java	2
039	SettingsRegistrant	com/moonsworth/lunar/client/config/option/SettingsRegistrant.java	1
039	SettingsSection	com/moonsworth/lunar/client/config/option/SettingsSection.java	7
039	SettingsSectionBuilder	com/moonsworth/lunar/client/config/option/SettingsSectionBuilder.java	8
039	SettingsSectionImpl	com/moonsworth/lunar/client/config/option/SettingsSectionImpl.java	23
039	SettingsTreeAssembler	com/moonsworth/lunar/client/config/option/SettingsTreeAssembler.java	7
039	SettingsTreeBuilder	com/moonsworth/lunar/client/config/option/SettingsTreeBuilder.java	3
039	SettingsTreeContainer	com/moonsworth/lunar/client/config/option/SettingsTreeContainer.java	118
039	SettingsTreeMapper	com/moonsworth/lunar/client/config/option/SettingsTreeMapper.java	5
039	ShortNumberRange	com/moonsworth/lunar/client/config/option/ShortNumberRange.java	34
039	ShortOption	com/moonsworth/lunar/client/config/option/ShortOption.java	12
039	ShortSliderOptionBuilder	com/moonsworth/lunar/client/config/option/ShortSliderOptionBuilder.java	21
039	SimpleKeybindOption	com/moonsworth/lunar/client/config/option/SimpleKeybindOption.java	40
039	SoundOption	com/moonsworth/lunar/client/config/option/SoundOption.java	14
039	SteppedNumberRangeBuilder	com/moonsworth/lunar/client/config/option/SteppedNumberRangeBuilder.java	2
039	SteppedNumberRangeConfigurator	com/moonsworth/lunar/client/config/option/SteppedNumberRangeConfigurator.java	2
039	TextOption	com/moonsworth/lunar/client/config/option/TextOption.java	35
039	ToggleOption	com/moonsworth/lunar/client/config/option/ToggleOption.java	21
040	TriStateOption	com/moonsworth/lunar/client/config/option/TriStateOption.java	20
040	BuilderTraitType	com/moonsworth/lunar/client/config/option/trait/BuilderTraitType.java	2
040	DebugTraitContainer	com/moonsworth/lunar/client/config/option/trait/DebugTraitContainer.java	63
040	Lightoverlay	com/moonsworth/lunar/client/config/option/trait/Lightoverlay.java	10
040	LightoverlayException	com/moonsworth/lunar/client/config/option/trait/LightoverlayException.java	5
040	LightoverlayHandler	com/moonsworth/lunar/client/config/option/trait/LightoverlayHandler.java	8
040	MutableTraitContainer	com/moonsworth/lunar/client/config/option/trait/MutableTraitContainer.java	91
040	MutableTraitHost	com/moonsworth/lunar/client/config/option/trait/MutableTraitHost.java	5
040	Trait	com/moonsworth/lunar/client/config/option/trait/Trait.java	6
040	TraitContainer	com/moonsworth/lunar/client/config/option/trait/TraitContainer.java	86
040	TraitDebugFormatter	com/moonsworth/lunar/client/config/option/trait/TraitDebugFormatter.java	28
040	TraitHost	com/moonsworth/lunar/client/config/option/trait/TraitHost.java	5
040	TraitListener	com/moonsworth/lunar/client/config/option/trait/TraitListener.java	6
040	TraitMutator	com/moonsworth/lunar/client/config/option/trait/TraitMutator.java	27
040	TraitReader	com/moonsworth/lunar/client/config/option/trait/TraitReader.java	6
040	TraitRegistry	com/moonsworth/lunar/client/config/option/trait/TraitRegistry.java	37
040	TraitSnapshot	com/moonsworth/lunar/client/config/option/trait/TraitSnapshot.java	15
040	TraitType	com/moonsworth/lunar/client/config/option/trait/TraitType.java	1
040	AlertCard	com/moonsworth/lunar/client/config/override/AlertCard.java	30
040	AlertExtension	com/moonsworth/lunar/client/config/override/AlertExtension.java	22
040	ChildContainer	com/moonsworth/lunar/client/config/override/ChildContainer.java	4
040	InterceptHandler	com/moonsworth/lunar/client/config/override/InterceptHandler.java	13
040	OptionOverrideLoader	com/moonsworth/lunar/client/config/override/OptionOverrideLoader.java	31
040	SettingIntercept	com/moonsworth/lunar/client/config/override/SettingIntercept.java	12
040	SettingOverride	com/moonsworth/lunar/client/config/override/SettingOverride.java	13
041	SettingOverrideInterceptor	com/moonsworth/lunar/client/config/override/SettingOverrideInterceptor.java	18
041	HudPosition	com/moonsworth/lunar/client/config/profile/HudPosition.java	9
041	ModProfile	com/moonsworth/lunar/client/config/profile/ModProfile.java	49
041	ModProfileManager	com/moonsworth/lunar/client/config/profile/ModProfileManager.java	12
041	ProfileColor	com/moonsworth/lunar/client/config/profile/ProfileColor.java	6
041	ProfileData	com/moonsworth/lunar/client/config/profile/ProfileData.java	8
041	BadlionProfileConfig	com/moonsworth/lunar/client/config/profile/importer/BadlionProfileConfig.java	10
041	BadlionProfileConverter	com/moonsworth/lunar/client/config/profile/importer/BadlionProfileConverter.java	93
041	BadlionProfileImporter	com/moonsworth/lunar/client/config/profile/importer/BadlionProfileImporter.java	17
041	ExternalProfileLocator	com/moonsworth/lunar/client/config/profile/importer/ExternalProfileLocator.java	7
041	FeatherProfileConfig	com/moonsworth/lunar/client/config/profile/importer/FeatherProfileConfig.java	29
041	FeatherProfileConverter	com/moonsworth/lunar/client/config/profile/importer/FeatherProfileConverter.java	150
041	FeatherProfileImporter	com/moonsworth/lunar/client/config/profile/importer/FeatherProfileImporter.java	14
041	ParsedProfileColor	com/moonsworth/lunar/client/config/profile/importer/ParsedProfileColor.java	14
041	Coordinates	com/moonsworth/lunar/client/coordinates/Coordinates.java	2
041	Coordinates2	com/moonsworth/lunar/client/coordinates/Coordinates2.java	2
041	Coordinates3	com/moonsworth/lunar/client/coordinates/Coordinates3.java	17
041	Coordinates4	com/moonsworth/lunar/client/coordinates/Coordinates4.java	23
041	Coordinates5	com/moonsworth/lunar/client/coordinates/Coordinates5.java	61
041	FogIterator	com/moonsworth/lunar/client/coordinates/FogIterator.java	164
041	Gui2Handler	com/moonsworth/lunar/client/coordinates/Gui2Handler.java	57
041	Coordinates	com/moonsworth/lunar/client/coordinates/mixin/Coordinates.java	35
041	CoordinatesThread	com/moonsworth/lunar/client/coordinates/mixin/CoordinatesThread.java	3
041	AbstractCosmetic	com/moonsworth/lunar/client/cosmetics/AbstractCosmetic.java	39
041	BodywearCosmetic	com/moonsworth/lunar/client/cosmetics/BodywearCosmetic.java	3
042	CloakTextureSlicer	com/moonsworth/lunar/client/cosmetics/CloakTextureSlicer.java	30
042	ClothCloakSolver	com/moonsworth/lunar/client/cosmetics/ClothCloakSolver.java	80
042	ClothCloakUpdater	com/moonsworth/lunar/client/cosmetics/ClothCloakUpdater.java	284
042	CompiledCompatibilityPreset	com/moonsworth/lunar/client/cosmetics/CompiledCompatibilityPreset.java	3
042	Cosmetic	com/moonsworth/lunar/client/cosmetics/Cosmetic.java	6
042	CosmeticCategoryType	com/moonsworth/lunar/client/cosmetics/CosmeticCategoryType.java	16
042	CosmeticCompatibility	com/moonsworth/lunar/client/cosmetics/CosmeticCompatibility.java	28
042	CosmeticCompatibilityPreset	com/moonsworth/lunar/client/cosmetics/CosmeticCompatibilityPreset.java	7
042	CosmeticIndexEntry	com/moonsworth/lunar/client/cosmetics/CosmeticIndexEntry.java	38
042	CosmeticLayerExtension	com/moonsworth/lunar/client/cosmetics/CosmeticLayerExtension.java	60
042	CosmeticLayerRenderer	com/moonsworth/lunar/client/cosmetics/CosmeticLayerRenderer.java	39
042	CosmeticLayerRendererImpl	com/moonsworth/lunar/client/cosmetics/CosmeticLayerRendererImpl.java	103
042	CosmeticManager	com/moonsworth/lunar/client/cosmetics/CosmeticManager.java	453
042	CosmeticMatcher	com/moonsworth/lunar/client/cosmetics/CosmeticMatcher.java	5
042	CosmeticMetadata	com/moonsworth/lunar/client/cosmetics/CosmeticMetadata.java	18
042	CosmeticModelRenderer	com/moonsworth/lunar/client/cosmetics/CosmeticModelRenderer.java	64
042	CosmeticPreviewManager	com/moonsworth/lunar/client/cosmetics/CosmeticPreviewManager.java	82
042	CosmeticRenderFilter	com/moonsworth/lunar/client/cosmetics/CosmeticRenderFilter.java	17
042	CosmeticSettings	com/moonsworth/lunar/client/cosmetics/CosmeticSettings.java	34
042	CosmeticSlot	com/moonsworth/lunar/client/cosmetics/CosmeticSlot.java	6
042	CosmeticTextureLoader	com/moonsworth/lunar/client/cosmetics/CosmeticTextureLoader.java	3
042	DummyPlayer	com/moonsworth/lunar/client/cosmetics/DummyPlayer.java	2
042	ElytraTextureLoader	com/moonsworth/lunar/client/cosmetics/ElytraTextureLoader.java	91
042	ElytraTextureLoaderLegacy	com/moonsworth/lunar/client/cosmetics/ElytraTextureLoaderLegacy.java	16
042	ElytraTextureMetadata	com/moonsworth/lunar/client/cosmetics/ElytraTextureMetadata.java	23
043	EntityRenderLayer	com/moonsworth/lunar/client/cosmetics/EntityRenderLayer.java	18
043	IdCosmeticMatcher	com/moonsworth/lunar/client/cosmetics/IdCosmeticMatcher.java	5
043	JsonGraphEdge	com/moonsworth/lunar/client/cosmetics/JsonGraphEdge.java	2
043	Outfit	com/moonsworth/lunar/client/cosmetics/Outfit.java	43
043	OutfitManager	com/moonsworth/lunar/client/cosmetics/OutfitManager.java	53
043	OwnedCosmetic	com/moonsworth/lunar/client/cosmetics/OwnedCosmetic.java	89
043	PlayerModelPartMap	com/moonsworth/lunar/client/cosmetics/PlayerModelPartMap.java	300
043	PlayerModelPartVisibility	com/moonsworth/lunar/client/cosmetics/PlayerModelPartVisibility.java	44
043	RegexCosmeticMatcher	com/moonsworth/lunar/client/cosmetics/RegexCosmeticMatcher.java	5
043	ShaderCloakRenderer	com/moonsworth/lunar/client/cosmetics/ShaderCloakRenderer.java	137
043	SprayEntry	com/moonsworth/lunar/client/cosmetics/SprayEntry.java	26
043	SprayManager	com/moonsworth/lunar/client/cosmetics/SprayManager.java	317
043	SprayPlacement	com/moonsworth/lunar/client/cosmetics/SprayPlacement.java	5
043	SprayPlacementImpl	com/moonsworth/lunar/client/cosmetics/SprayPlacementImpl.java	27
043	SprayPlacementTracker	com/moonsworth/lunar/client/cosmetics/SprayPlacementTracker.java	18
043	ThreadModuleDump91	com/moonsworth/lunar/client/cosmetics/ThreadModuleDump91.java	200
043	TypeCosmeticMatcher	com/moonsworth/lunar/client/cosmetics/TypeCosmeticMatcher.java	5
043	VanillaCapeManager	com/moonsworth/lunar/client/cosmetics/VanillaCapeManager.java	20
043	BOBJMesh	com/moonsworth/lunar/client/cosmetics/emote/BOBJMesh.java	6
043	BOBJModel	com/moonsworth/lunar/client/cosmetics/emote/BOBJModel.java	11
043	BipedModelRenderer	com/moonsworth/lunar/client/cosmetics/emote/BipedModelRenderer.java	2
043	BlockMorphRenderer	com/moonsworth/lunar/client/cosmetics/emote/BlockMorphRenderer.java	33
043	BooleanEquipCondition	com/moonsworth/lunar/client/cosmetics/emote/BooleanEquipCondition.java	10
043	ConditionEquipCondition	com/moonsworth/lunar/client/cosmetics/emote/ConditionEquipCondition.java	21
043	ConditionalOutfitTree	com/moonsworth/lunar/client/cosmetics/emote/ConditionalOutfitTree.java	13
044	CosmeticMeshBuilder	com/moonsworth/lunar/client/cosmetics/emote/CosmeticMeshBuilder.java	60
044	DistanceConstraint	com/moonsworth/lunar/client/cosmetics/emote/DistanceConstraint.java	7
044	Emote	com/moonsworth/lunar/client/cosmetics/emote/Emote.java	27
044	EmoteAnimator	com/moonsworth/lunar/client/cosmetics/emote/EmoteAnimator.java	18
044	EmoteDefinition	com/moonsworth/lunar/client/cosmetics/emote/EmoteDefinition.java	14
044	EmoteGift	com/moonsworth/lunar/client/cosmetics/emote/EmoteGift.java	12
044	EmoteGiftInfo	com/moonsworth/lunar/client/cosmetics/emote/EmoteGiftInfo.java	5
044	EmoteGiftProvider	com/moonsworth/lunar/client/cosmetics/emote/EmoteGiftProvider.java	12
044	EmoteImpl	com/moonsworth/lunar/client/cosmetics/emote/EmoteImpl.java	17
044	EmoteManager	com/moonsworth/lunar/client/cosmetics/emote/EmoteManager.java	111
044	EmoteModel	com/moonsworth/lunar/client/cosmetics/emote/EmoteModel.java	79
044	EmoteModelRenderer	com/moonsworth/lunar/client/cosmetics/emote/EmoteModelRenderer.java	2
044	EmoteMorphAnimator	com/moonsworth/lunar/client/cosmetics/emote/EmoteMorphAnimator.java	6
044	EmoteRenderLayer	com/moonsworth/lunar/client/cosmetics/emote/EmoteRenderLayer.java	30
044	EquipConditionPredicate	com/moonsworth/lunar/client/cosmetics/emote/EquipConditionPredicate.java	7
044	GeckoComputePipeline	com/moonsworth/lunar/client/cosmetics/emote/GeckoComputePipeline.java	165
044	IBoneRenderer	com/moonsworth/lunar/client/cosmetics/emote/IBoneRenderer.java	1
044	LegacyBOBJMesh	com/moonsworth/lunar/client/cosmetics/emote/LegacyBOBJMesh.java	33
044	LiquidEquipCondition	com/moonsworth/lunar/client/cosmetics/emote/LiquidEquipCondition.java	10
044	LiteralEquipCondition	com/moonsworth/lunar/client/cosmetics/emote/LiteralEquipCondition.java	7
044	MeshBatch	com/moonsworth/lunar/client/cosmetics/emote/MeshBatch.java	29
044	MolangResourceModel	com/moonsworth/lunar/client/cosmetics/emote/MolangResourceModel.java	6
044	MorphRenderer	com/moonsworth/lunar/client/cosmetics/emote/MorphRenderer.java	20
044	MorphTimeline	com/moonsworth/lunar/client/cosmetics/emote/MorphTimeline.java	6
044	MorphTracker	com/moonsworth/lunar/client/cosmetics/emote/MorphTracker.java	12
045	MorphTransform	com/moonsworth/lunar/client/cosmetics/emote/MorphTransform.java	4
045	NamedEquipCondition	com/moonsworth/lunar/client/cosmetics/emote/NamedEquipCondition.java	12
045	PatternEquipCondition	com/moonsworth/lunar/client/cosmetics/emote/PatternEquipCondition.java	11
045	PhysicsPoint	com/moonsworth/lunar/client/cosmetics/emote/PhysicsPoint.java	44
045	PositionHistory	com/moonsworth/lunar/client/cosmetics/emote/PositionHistory.java	9
045	RenderContext	com/moonsworth/lunar/client/cosmetics/emote/RenderContext.java	19
045	RenderContextKind	com/moonsworth/lunar/client/cosmetics/emote/RenderContextKind.java	1
045	RenderEntityHandle	com/moonsworth/lunar/client/cosmetics/emote/RenderEntityHandle.java	4
045	StateEquipCondition	com/moonsworth/lunar/client/cosmetics/emote/StateEquipCondition.java	11
045	StringEquipCondition	com/moonsworth/lunar/client/cosmetics/emote/StringEquipCondition.java	16
045	TemperatureEquipCondition	com/moonsworth/lunar/client/cosmetics/emote/TemperatureEquipCondition.java	23
045	TimeEquipCondition	com/moonsworth/lunar/client/cosmetics/emote/TimeEquipCondition.java	9
045	AbstractTask	com/moonsworth/lunar/client/cosmetics/gecko/AbstractTask.java	10
045	AbstractTimedTask	com/moonsworth/lunar/client/cosmetics/gecko/AbstractTimedTask.java	9
045	AnimatedBone	com/moonsworth/lunar/client/cosmetics/gecko/AnimatedBone.java	11
045	AnimatedModelController	com/moonsworth/lunar/client/cosmetics/gecko/AnimatedModelController.java	8
045	AnimationCache	com/moonsworth/lunar/client/cosmetics/gecko/AnimationCache.java	6
045	AnimationEventImpl	com/moonsworth/lunar/client/cosmetics/gecko/AnimationEventImpl.java	5
045	AnimationFileLoader	com/moonsworth/lunar/client/cosmetics/gecko/AnimationFileLoader.java	5
045	AnimationJsonParser	com/moonsworth/lunar/client/cosmetics/gecko/AnimationJsonParser.java	33
045	AnimationKeyframeParser	com/moonsworth/lunar/client/cosmetics/gecko/AnimationKeyframeParser.java	27
045	AnimationKeyframeParserLegacy	com/moonsworth/lunar/client/cosmetics/gecko/AnimationKeyframeParserLegacy.java	59
045	AnimationSelector	com/moonsworth/lunar/client/cosmetics/gecko/AnimationSelector.java	1
045	AnimationStateMachine	com/moonsworth/lunar/client/cosmetics/gecko/AnimationStateMachine.java	4
045	AnimationTaskEntry	com/moonsworth/lunar/client/cosmetics/gecko/AnimationTaskEntry.java	4
046	AnimationTicker	com/moonsworth/lunar/client/cosmetics/gecko/AnimationTicker.java	2
046	AttachToOwnerTask	com/moonsworth/lunar/client/cosmetics/gecko/AttachToOwnerTask.java	13
046	BedrockAnimatedModel	com/moonsworth/lunar/client/cosmetics/gecko/BedrockAnimatedModel.java	7
046	BedrockBone	com/moonsworth/lunar/client/cosmetics/gecko/BedrockBone.java	44
046	BedrockBoneLegacy	com/moonsworth/lunar/client/cosmetics/gecko/BedrockBoneLegacy.java	51
046	BedrockGeometry	com/moonsworth/lunar/client/cosmetics/gecko/BedrockGeometry.java	11
046	BedrockGeometryFile	com/moonsworth/lunar/client/cosmetics/gecko/BedrockGeometryFile.java	6
046	BedrockGeometryFileLegacy	com/moonsworth/lunar/client/cosmetics/gecko/BedrockGeometryFileLegacy.java	8
046	BedrockModel	com/moonsworth/lunar/client/cosmetics/gecko/BedrockModel.java	9
046	BoneHierarchyBuilder	com/moonsworth/lunar/client/cosmetics/gecko/BoneHierarchyBuilder.java	5
046	BoneHierarchyNode	com/moonsworth/lunar/client/cosmetics/gecko/BoneHierarchyNode.java	2
046	BoneHierarchySchema	com/moonsworth/lunar/client/cosmetics/gecko/BoneHierarchySchema.java	2
046	BoneHierarchySerializer	com/moonsworth/lunar/client/cosmetics/gecko/BoneHierarchySerializer.java	2
046	BoneList	com/moonsworth/lunar/client/cosmetics/gecko/BoneList.java	37
046	CombinedTask	com/moonsworth/lunar/client/cosmetics/gecko/CombinedTask.java	36
046	CubeMesh	com/moonsworth/lunar/client/cosmetics/gecko/CubeMesh.java	12
046	EmoteDefinition	com/moonsworth/lunar/client/cosmetics/gecko/EmoteDefinition.java	177
046	FishingHandler	com/moonsworth/lunar/client/cosmetics/gecko/FishingHandler.java	19
046	FishingType	com/moonsworth/lunar/client/cosmetics/gecko/FishingType.java	2
046	FormatVersion	com/moonsworth/lunar/client/cosmetics/gecko/FormatVersion.java	1
046	GeoModelSerializer	com/moonsworth/lunar/client/cosmetics/gecko/GeoModelSerializer.java	21
046	GlResources	com/moonsworth/lunar/client/cosmetics/gecko/GlResources.java	10
046	GuiHandler	com/moonsworth/lunar/client/cosmetics/gecko/GuiHandler.java	4
046	IBoneSerializer	com/moonsworth/lunar/client/cosmetics/gecko/IBoneSerializer.java	29
046	InactiveException	com/moonsworth/lunar/client/cosmetics/gecko/InactiveException.java	2
047	InactiveTask	com/moonsworth/lunar/client/cosmetics/gecko/InactiveTask.java	13
047	LookAtBlockTask	com/moonsworth/lunar/client/cosmetics/gecko/LookAtBlockTask.java	6
047	LookAtOwnerTask	com/moonsworth/lunar/client/cosmetics/gecko/LookAtOwnerTask.java	2
047	LookAtTargetTask	com/moonsworth/lunar/client/cosmetics/gecko/LookAtTargetTask.java	1
047	MaterialInstance	com/moonsworth/lunar/client/cosmetics/gecko/MaterialInstance.java	12
047	MeshPassRunner	com/moonsworth/lunar/client/cosmetics/gecko/MeshPassRunner.java	2
047	ModelCube	com/moonsworth/lunar/client/cosmetics/gecko/ModelCube.java	23
047	ModelDescription	com/moonsworth/lunar/client/cosmetics/gecko/ModelDescription.java	64
047	ModelGeometryLoader	com/moonsworth/lunar/client/cosmetics/gecko/ModelGeometryLoader.java	6
047	ModelMatrixStack	com/moonsworth/lunar/client/cosmetics/gecko/ModelMatrixStack.java	20
047	ModelQuad	com/moonsworth/lunar/client/cosmetics/gecko/ModelQuad.java	16
047	ModelRenderConfig	com/moonsworth/lunar/client/cosmetics/gecko/ModelRenderConfig.java	71
047	ModelRenderState	com/moonsworth/lunar/client/cosmetics/gecko/ModelRenderState.java	4
047	ModelTextureProvider	com/moonsworth/lunar/client/cosmetics/gecko/ModelTextureProvider.java	2
047	ModelVertex	com/moonsworth/lunar/client/cosmetics/gecko/ModelVertex.java	15
047	ModelVertexShader	com/moonsworth/lunar/client/cosmetics/gecko/ModelVertexShader.java	3
047	MolangFunctionRegistry	com/moonsworth/lunar/client/cosmetics/gecko/MolangFunctionRegistry.java	144
047	MoveToOwnerTask	com/moonsworth/lunar/client/cosmetics/gecko/MoveToOwnerTask.java	15
047	PolyMesh	com/moonsworth/lunar/client/cosmetics/gecko/PolyMesh.java	16
047	RewindhandlersException	com/moonsworth/lunar/client/cosmetics/gecko/RewindhandlersException.java	2
047	RewindhandlersIterator	com/moonsworth/lunar/client/cosmetics/gecko/RewindhandlersIterator.java	7
047	TeleportToOwnerTask	com/moonsworth/lunar/client/cosmetics/gecko/TeleportToOwnerTask.java	8
047	TextureMesh	com/moonsworth/lunar/client/cosmetics/gecko/TextureMesh.java	13
047	TickConverter	com/moonsworth/lunar/client/cosmetics/gecko/TickConverter.java	4
047	Transform	com/moonsworth/lunar/client/cosmetics/gecko/Transform.java	8
048	TransformStack	com/moonsworth/lunar/client/cosmetics/gecko/TransformStack.java	2
048	VectorConverter	com/moonsworth/lunar/client/cosmetics/gecko/VectorConverter.java	3
048	VertexBuilder	com/moonsworth/lunar/client/cosmetics/gecko/VertexBuilder.java	29
048	VertexSink	com/moonsworth/lunar/client/cosmetics/gecko/VertexSink.java	10
048	WanderPositionResolver	com/moonsworth/lunar/client/cosmetics/gecko/WanderPositionResolver.java	39
048	MorphManager	com/moonsworth/lunar/client/cosmetics/holograms/MorphManager.java	62
048	WanderPositionResolver	com/moonsworth/lunar/client/cosmetics/inactive/WanderPositionResolver.java	20
048	InactiveException	com/moonsworth/lunar/client/cosmetics/inactive/mixin/InactiveException.java	2
048	AbstractTask	com/moonsworth/lunar/client/cosmetics/inactive/mixin/fishing/AbstractTask.java	4
048	AbstractTimedTask	com/moonsworth/lunar/client/cosmetics/inactive/mixin/fishing/AbstractTimedTask.java	3
048	AttachToOwnerTask	com/moonsworth/lunar/client/cosmetics/inactive/mixin/fishing/AttachToOwnerTask.java	5
048	FishingHandler	com/moonsworth/lunar/client/cosmetics/inactive/mixin/fishing/FishingHandler.java	8
048	InactiveTask	com/moonsworth/lunar/client/cosmetics/inactive/mixin/fishing/InactiveTask.java	5
048	LookAtBlockTask	com/moonsworth/lunar/client/cosmetics/inactive/mixin/fishing/LookAtBlockTask.java	3
048	LookAtOwnerTask	com/moonsworth/lunar/client/cosmetics/inactive/mixin/fishing/LookAtOwnerTask.java	1
048	LookAtTargetTask	com/moonsworth/lunar/client/cosmetics/inactive/mixin/fishing/LookAtTargetTask.java	1
048	LookAtTask	com/moonsworth/lunar/client/cosmetics/inactive/mixin/fishing/LookAtTask.java	2
048	MoveToOwnerTask	com/moonsworth/lunar/client/cosmetics/inactive/mixin/fishing/MoveToOwnerTask.java	6
048	TeleportToOwnerTask	com/moonsworth/lunar/client/cosmetics/inactive/mixin/fishing/TeleportToOwnerTask.java	3
048	ConstantExpression	com/moonsworth/lunar/client/cosmetics/molang/ConstantExpression.java	1
048	EvaluatorImpl	com/moonsworth/lunar/client/cosmetics/molang/EvaluatorImpl.java	2
048	EvaluatorIterator	com/moonsworth/lunar/client/cosmetics/molang/EvaluatorIterator.java	48
048	FunctionImpl	com/moonsworth/lunar/client/cosmetics/molang/FunctionImpl.java	4
048	MolangAnimationState	com/moonsworth/lunar/client/cosmetics/molang/MolangAnimationState.java	11
048	MolangBuiltin	com/moonsworth/lunar/client/cosmetics/molang/MolangBuiltin.java	10
049	MolangBuiltinFunctions	com/moonsworth/lunar/client/cosmetics/molang/MolangBuiltinFunctions.java	1
049	MolangCheckBiome	com/moonsworth/lunar/client/cosmetics/molang/MolangCheckBiome.java	9
049	MolangCheckBiomeCategory	com/moonsworth/lunar/client/cosmetics/molang/MolangCheckBiomeCategory.java	9
049	MolangCheckSnowyBiome	com/moonsworth/lunar/client/cosmetics/molang/MolangCheckSnowyBiome.java	8
049	MolangClassBuilder	com/moonsworth/lunar/client/cosmetics/molang/MolangClassBuilder.java	9
049	MolangClassDefiner	com/moonsworth/lunar/client/cosmetics/molang/MolangClassDefiner.java	2
049	MolangCompileOptions	com/moonsworth/lunar/client/cosmetics/molang/MolangCompileOptions.java	19
049	MolangCustomFunction	com/moonsworth/lunar/client/cosmetics/molang/MolangCustomFunction.java	22
049	MolangExprCompiler	com/moonsworth/lunar/client/cosmetics/molang/MolangExprCompiler.java	160
049	MolangJitSignature	com/moonsworth/lunar/client/cosmetics/molang/MolangJitSignature.java	12
049	MolangLightLevel	com/moonsworth/lunar/client/cosmetics/molang/MolangLightLevel.java	9
049	MolangMathAbs	com/moonsworth/lunar/client/cosmetics/molang/MolangMathAbs.java	5
049	MolangMathAcos	com/moonsworth/lunar/client/cosmetics/molang/MolangMathAcos.java	5
049	MolangMathAsin	com/moonsworth/lunar/client/cosmetics/molang/MolangMathAsin.java	5
049	MolangMathAtan	com/moonsworth/lunar/client/cosmetics/molang/MolangMathAtan.java	5
049	MolangMathAtan2	com/moonsworth/lunar/client/cosmetics/molang/MolangMathAtan2.java	6
049	MolangMathCeil	com/moonsworth/lunar/client/cosmetics/molang/MolangMathCeil.java	5
049	MolangMathClamp	com/moonsworth/lunar/client/cosmetics/molang/MolangMathClamp.java	7
049	MolangMathCos	com/moonsworth/lunar/client/cosmetics/molang/MolangMathCos.java	5
049	MolangMathCosRadians	com/moonsworth/lunar/client/cosmetics/molang/MolangMathCosRadians.java	5
049	MolangMathDiceRoll	com/moonsworth/lunar/client/cosmetics/molang/MolangMathDiceRoll.java	9
049	MolangMathDiceRollInteger	com/moonsworth/lunar/client/cosmetics/molang/MolangMathDiceRollInteger.java	9
049	MolangMathExp	com/moonsworth/lunar/client/cosmetics/molang/MolangMathExp.java	5
049	MolangMathFloor	com/moonsworth/lunar/client/cosmetics/molang/MolangMathFloor.java	5
049	MolangMathLerp	com/moonsworth/lunar/client/cosmetics/molang/MolangMathLerp.java	7
050	MolangMathLerpRotate	com/moonsworth/lunar/client/cosmetics/molang/MolangMathLerpRotate.java	7
050	MolangMathLn	com/moonsworth/lunar/client/cosmetics/molang/MolangMathLn.java	5
050	MolangMathMax	com/moonsworth/lunar/client/cosmetics/molang/MolangMathMax.java	6
050	MolangMathMin	com/moonsworth/lunar/client/cosmetics/molang/MolangMathMin.java	6
050	MolangMathMinAngle	com/moonsworth/lunar/client/cosmetics/molang/MolangMathMinAngle.java	5
050	MolangMathMod	com/moonsworth/lunar/client/cosmetics/molang/MolangMathMod.java	6
050	MolangMathPow	com/moonsworth/lunar/client/cosmetics/molang/MolangMathPow.java	6
050	MolangMathRandom	com/moonsworth/lunar/client/cosmetics/molang/MolangMathRandom.java	16
050	MolangMathRandomInteger	com/moonsworth/lunar/client/cosmetics/molang/MolangMathRandomInteger.java	20
050	MolangMathRound	com/moonsworth/lunar/client/cosmetics/molang/MolangMathRound.java	5
050	MolangMathSign	com/moonsworth/lunar/client/cosmetics/molang/MolangMathSign.java	5
050	MolangMathSin	com/moonsworth/lunar/client/cosmetics/molang/MolangMathSin.java	5
050	MolangMathSinRadians	com/moonsworth/lunar/client/cosmetics/molang/MolangMathSinRadians.java	5
050	MolangMathSqrt	com/moonsworth/lunar/client/cosmetics/molang/MolangMathSqrt.java	5
050	MolangMathTan	com/moonsworth/lunar/client/cosmetics/molang/MolangMathTan.java	5
050	MolangMathTanRadians	com/moonsworth/lunar/client/cosmetics/molang/MolangMathTanRadians.java	5
050	MolangMathTrunc	com/moonsworth/lunar/client/cosmetics/molang/MolangMathTrunc.java	5
050	MolangRuntime	com/moonsworth/lunar/client/cosmetics/molang/MolangRuntime.java	125
050	MolangScope	com/moonsworth/lunar/client/cosmetics/molang/MolangScope.java	16
050	MolangSmoothQuery	com/moonsworth/lunar/client/cosmetics/molang/MolangSmoothQuery.java	13
050	MolangStmtCompiler	com/moonsworth/lunar/client/cosmetics/molang/MolangStmtCompiler.java	64
050	MolangVariablePath	com/moonsworth/lunar/client/cosmetics/molang/MolangVariablePath.java	14
050	QueryDefaults	com/moonsworth/lunar/client/cosmetics/molang/QueryDefaults.java	4
050	QueryTransition	com/moonsworth/lunar/client/cosmetics/molang/QueryTransition.java	8
050	VariablesMap	com/moonsworth/lunar/client/cosmetics/molang/VariablesMap.java	7
051	ConstantEvaluatable	com/moonsworth/lunar/client/cosmetics/molang/ast/ConstantEvaluatable.java	1
051	BodyOverlayLayerRenderer	com/moonsworth/lunar/client/cosmetics/skin/BodyOverlayLayerRenderer.java	34
051	CubeDirection	com/moonsworth/lunar/client/cosmetics/skin/CubeDirection.java	4
051	CubeListBuilder	com/moonsworth/lunar/client/cosmetics/skin/CubeListBuilder.java	20
051	CustomizableCube	com/moonsworth/lunar/client/cosmetics/skin/CustomizableCube.java	84
051	HatLayerRenderer	com/moonsworth/lunar/client/cosmetics/skin/HatLayerRenderer.java	17
051	LegacySkinLayerRenderer	com/moonsworth/lunar/client/cosmetics/skin/LegacySkinLayerRenderer.java	5
051	SkinDataCache	com/moonsworth/lunar/client/cosmetics/skin/SkinDataCache.java	16
051	SkinLayerCache	com/moonsworth/lunar/client/cosmetics/skin/SkinLayerCache.java	11
051	SkinLayerFactory	com/moonsworth/lunar/client/cosmetics/skin/SkinLayerFactory.java	3
051	SkinLayerRenderer	com/moonsworth/lunar/client/cosmetics/skin/SkinLayerRenderer.java	17
051	SkinOverlayDetector	com/moonsworth/lunar/client/cosmetics/skin/SkinOverlayDetector.java	3
051	SkinPartEntry	com/moonsworth/lunar/client/cosmetics/skin/SkinPartEntry.java	19
051	SkullSkinLayerRenderer	com/moonsworth/lunar/client/cosmetics/skin/SkullSkinLayerRenderer.java	31
051	SolidPixelWrapper	com/moonsworth/lunar/client/cosmetics/skin/SolidPixelWrapper.java	105
051	BrowserHandler	com/moonsworth/lunar/client/driver/BrowserHandler.java	55
051	ComponentStyleData	com/moonsworth/lunar/client/driver/ComponentStyleData.java	71
051	ComponentStyleDataLegacy	com/moonsworth/lunar/client/driver/ComponentStyleDataLegacy.java	88
051	DriverBridge	com/moonsworth/lunar/client/driver/DriverBridge.java	40
051	DriverBridgeLegacy	com/moonsworth/lunar/client/driver/DriverBridgeLegacy.java	56
051	DriverComponent	com/moonsworth/lunar/client/driver/DriverComponent.java	91
051	DriverComponentLegacy	com/moonsworth/lunar/client/driver/DriverComponentLegacy.java	96
051	DriverContext	com/moonsworth/lunar/client/driver/DriverContext.java	2
051	DriverContextLegacy	com/moonsworth/lunar/client/driver/DriverContextLegacy.java	6
051	DriverElement	com/moonsworth/lunar/client/driver/DriverElement.java	2
052	DriverElementLegacy	com/moonsworth/lunar/client/driver/DriverElementLegacy.java	2
052	DriverGuiExtension	com/moonsworth/lunar/client/driver/DriverGuiExtension.java	13
052	DriverGuiExtensionLegacy	com/moonsworth/lunar/client/driver/DriverGuiExtensionLegacy.java	20
052	DriverOverlayRegistry	com/moonsworth/lunar/client/driver/DriverOverlayRegistry.java	81
052	DriverOverlayRegistryLegacy	com/moonsworth/lunar/client/driver/DriverOverlayRegistryLegacy.java	91
052	DriverRouteRegistry	com/moonsworth/lunar/client/driver/DriverRouteRegistry.java	114
052	DriverRouteRegistryLegacy	com/moonsworth/lunar/client/driver/DriverRouteRegistryLegacy.java	132
052	DriverScreen	com/moonsworth/lunar/client/driver/DriverScreen.java	1
052	DriverScreenLegacy	com/moonsworth/lunar/client/driver/DriverScreenLegacy.java	2
052	DriverSettingExtension	com/moonsworth/lunar/client/driver/DriverSettingExtension.java	9
052	DriverSettingExtensionLegacy	com/moonsworth/lunar/client/driver/DriverSettingExtensionLegacy.java	17
052	DriverView	com/moonsworth/lunar/client/driver/DriverView.java	60
052	DriverViewContext	com/moonsworth/lunar/client/driver/DriverViewContext.java	16
052	DriverViewContextLegacy	com/moonsworth/lunar/client/driver/DriverViewContextLegacy.java	21
052	DriverViewport	com/moonsworth/lunar/client/driver/DriverViewport.java	44
052	DriverViewportLegacy	com/moonsworth/lunar/client/driver/DriverViewportLegacy.java	55
052	DualMarkerScreen	com/moonsworth/lunar/client/driver/DualMarkerScreen.java	18
052	DualMarkerScreenLegacy	com/moonsworth/lunar/client/driver/DualMarkerScreenLegacy.java	29
052	FileSystemIterator	com/moonsworth/lunar/client/driver/FileSystemIterator.java	53
052	FunctionBusImplLegacy	com/moonsworth/lunar/client/driver/FunctionBusImplLegacy.java	4
052	LockerContext	com/moonsworth/lunar/client/driver/LockerContext.java	5
052	LoggerHandler	com/moonsworth/lunar/client/driver/LoggerHandler.java	11
052	MarkerIconRenderer	com/moonsworth/lunar/client/driver/MarkerIconRenderer.java	20
052	MarkerPredicate	com/moonsworth/lunar/client/driver/MarkerPredicate.java	2
052	MigrationContext	com/moonsworth/lunar/client/driver/MigrationContext.java	2
053	MigrationContextLegacy	com/moonsworth/lunar/client/driver/MigrationContextLegacy.java	4
053	PhosphorIcon	com/moonsworth/lunar/client/driver/PhosphorIcon.java	1
053	PhosphorIconLegacy	com/moonsworth/lunar/client/driver/PhosphorIconLegacy.java	1
053	ProfileImportProvider	com/moonsworth/lunar/client/driver/ProfileImportProvider.java	15
053	ProfileImportProviderLegacy	com/moonsworth/lunar/client/driver/ProfileImportProviderLegacy.java	27
053	TextureHandlerLegacy	com/moonsworth/lunar/client/driver/TextureHandler.java	22
053	TextureHandlerLegacy	com/moonsworth/lunar/client/driver/TextureHandlerLegacy.java	34
053	UltralightConfigFactory	com/moonsworth/lunar/client/driver/UltralightConfigFactory.java	5
053	VanillaHomeContext	com/moonsworth/lunar/client/driver/VanillaHomeContext.java	2
053	VanillaHomeContextLegacy	com/moonsworth/lunar/client/driver/VanillaHomeContextLegacy.java	4
053	WebOsrNative	com/moonsworth/lunar/client/driver/WebOsrNative.java	2
053	WebOsrNativeLegacy	com/moonsworth/lunar/client/driver/WebOsrNativeLegacy.java	3
053	AbstractDataProvider	com/moonsworth/lunar/client/driver/bridge/AbstractDataProvider.java	2
053	AccountBridge	com/moonsworth/lunar/client/driver/bridge/AccountBridge.java	9
053	AlertBridge	com/moonsworth/lunar/client/driver/bridge/AlertBridge.java	2
053	AnalyticsDataProvider	com/moonsworth/lunar/client/driver/bridge/AnalyticsDataProvider.java	3
053	BadgeBridge	com/moonsworth/lunar/client/driver/bridge/BadgeBridge.java	1
053	ButtonProvider	com/moonsworth/lunar/client/driver/bridge/ButtonProvider.java	73
053	ButtonProviderGui	com/moonsworth/lunar/client/driver/bridge/ButtonProviderGui.java	3
053	ColorBridge	com/moonsworth/lunar/client/driver/bridge/ColorBridge.java	3
053	ConversationImageUploader	com/moonsworth/lunar/client/driver/bridge/ConversationImageUploader.java	84
053	CosmeticPreviewBridge	com/moonsworth/lunar/client/driver/bridge/CosmeticPreviewBridge.java	5
053	DriverDataProvider	com/moonsworth/lunar/client/driver/bridge/DriverDataProvider.java	1
053	FeatureDataProvider	com/moonsworth/lunar/client/driver/bridge/FeatureDataProvider.java	3
053	FriendApi	com/moonsworth/lunar/client/driver/bridge/FriendApi.java	20
054	HomeButtonBridge	com/moonsworth/lunar/client/driver/bridge/HomeButtonBridge.java	3
054	HomeNavigationBridge	com/moonsworth/lunar/client/driver/bridge/HomeNavigationBridge.java	19
054	HomeRadioBridge	com/moonsworth/lunar/client/driver/bridge/HomeRadioBridge.java	41
054	HomeThemeBridge	com/moonsworth/lunar/client/driver/bridge/HomeThemeBridge.java	23
054	HostedWorldBridge	com/moonsworth/lunar/client/driver/bridge/HostedWorldBridge.java	29
054	JsonProvider	com/moonsworth/lunar/client/driver/bridge/JsonProvider.java	2
054	JsonSetSerializer	com/moonsworth/lunar/client/driver/bridge/JsonSetSerializer.java	7
054	LanguagePageBridge	com/moonsworth/lunar/client/driver/bridge/LanguagePageBridge.java	4
054	LunarPlusBridge	com/moonsworth/lunar/client/driver/bridge/LunarPlusBridge.java	2
054	MarkersBridge	com/moonsworth/lunar/client/driver/bridge/MarkersBridge.java	19
054	MarkersDataProvider	com/moonsworth/lunar/client/driver/bridge/MarkersDataProvider.java	3
054	MetadataBridge	com/moonsworth/lunar/client/driver/bridge/MetadataBridge.java	2
054	NotificationBridge	com/moonsworth/lunar/client/driver/bridge/NotificationBridge.java	2
054	OutfitBridge	com/moonsworth/lunar/client/driver/bridge/OutfitBridge.java	6
054	PlayerBridge	com/moonsworth/lunar/client/driver/bridge/PlayerBridge.java	1
054	ProfileBridge	com/moonsworth/lunar/client/driver/bridge/ProfileBridge.java	1
054	PromotionBridge	com/moonsworth/lunar/client/driver/bridge/PromotionBridge.java	7
054	SavedSkinBridge	com/moonsworth/lunar/client/driver/bridge/SavedSkinBridge.java	25
054	ScreenshotUploadBridge	com/moonsworth/lunar/client/driver/bridge/ScreenshotUploadBridge.java	18
054	ServerDiscoveryBridge	com/moonsworth/lunar/client/driver/bridge/ServerDiscoveryBridge.java	19
054	ServerPingBridge	com/moonsworth/lunar/client/driver/bridge/ServerPingBridge.java	8
054	SettingsBridge	com/moonsworth/lunar/client/driver/bridge/SettingsBridge.java	36
054	SocialMediaBridge	com/moonsworth/lunar/client/driver/bridge/SocialMediaBridge.java	8
054	SpiritLeapMapBridge	com/moonsworth/lunar/client/driver/bridge/SpiritLeapMapBridge.java	17
054	StorePrice	com/moonsworth/lunar/client/driver/bridge/StorePrice.java	4
055	StorePriceEntry	com/moonsworth/lunar/client/driver/bridge/StorePriceEntry.java	16
055	StyngrBridge	com/moonsworth/lunar/client/driver/bridge/StyngrBridge.java	12
055	UiStateBridge	com/moonsworth/lunar/client/driver/bridge/UiStateBridge.java	12
055	ComponentCharCallback	com/moonsworth/lunar/client/driver/component/ComponentCharCallback.java	2
055	ComponentCursorCallback	com/moonsworth/lunar/client/driver/component/ComponentCursorCallback.java	2
055	ComponentDropCallback	com/moonsworth/lunar/client/driver/component/ComponentDropCallback.java	1
055	ComponentFocusCallback	com/moonsworth/lunar/client/driver/component/ComponentFocusCallback.java	2
055	ComponentKeyCallback	com/moonsworth/lunar/client/driver/component/ComponentKeyCallback.java	5
055	ComponentMouseButtonCallback	com/moonsworth/lunar/client/driver/component/ComponentMouseButtonCallback.java	5
055	ComponentResizeCallback	com/moonsworth/lunar/client/driver/component/ComponentResizeCallback.java	3
055	ComponentScrollCallback	com/moonsworth/lunar/client/driver/component/ComponentScrollCallback.java	3
055	PositionQuad	com/moonsworth/lunar/client/driver/component/PositionQuad.java	20
055	DriverElementLegacy	com/moonsworth/lunar/client/driver/core/DriverElementLegacy.java	9
055	DriverViewContextLegacy	com/moonsworth/lunar/client/driver/core/DriverViewContextLegacy.java	16
055	DriverViewLegacy	com/moonsworth/lunar/client/driver/core/DriverViewLegacy.java	69
055	DriverViewportLegacy	com/moonsworth/lunar/client/driver/core/DriverViewportLegacy.java	234
055	DualMarkerScreenLegacy	com/moonsworth/lunar/client/driver/core/DualMarkerScreenLegacy.java	61
055	Fishing	com/moonsworth/lunar/client/driver/core/Fishing.java	94
055	MarkerIconRendererLegacy	com/moonsworth/lunar/client/driver/core/MarkerIconRendererLegacy.java	24
055	MigrationContextLegacy	com/moonsworth/lunar/client/driver/core/MigrationContextLegacy.java	79
055	UltralightConfigFactoryLegacy	com/moonsworth/lunar/client/driver/core/UltralightConfigFactoryLegacy.java	8
055	Gui	com/moonsworth/lunar/client/driver/core/gui/Gui.java	1
055	Gui2Task	com/moonsworth/lunar/client/driver/core/gui/Gui2Task.java	83
055	GuiExtension	com/moonsworth/lunar/client/driver/core/gui/GuiExtension.java	5
055	GuiIterator	com/moonsworth/lunar/client/driver/core/gui/GuiIterator.java	77
056	JsonProviderLegacy	com/moonsworth/lunar/client/driver/core/gui/JsonProviderLegacy.java	2
056	JsonSetSerializerLegacy	com/moonsworth/lunar/client/driver/core/gui/JsonSetSerializerLegacy.java	12
056	AccountBridgeLegacy	com/moonsworth/lunar/client/driver/core/gui/mixin/AccountBridgeLegacy.java	11
056	AlertBridgeLegacy	com/moonsworth/lunar/client/driver/core/gui/mixin/AlertBridgeLegacy.java	1
056	BadgeBridgeLegacy	com/moonsworth/lunar/client/driver/core/gui/mixin/BadgeBridgeLegacy.java	3
056	BlogPostsBridge	com/moonsworth/lunar/client/driver/core/gui/mixin/BlogPostsBridge.java	2
056	BugReportBridge	com/moonsworth/lunar/client/driver/core/gui/mixin/BugReportBridge.java	4
056	ColorBridgeLegacy	com/moonsworth/lunar/client/driver/core/gui/mixin/ColorBridgeLegacy.java	9
056	CosmeticPreviewBridgeLegacy	com/moonsworth/lunar/client/driver/core/gui/mixin/CosmeticPreviewBridgeLegacy.java	12
056	CosmeticsBridge	com/moonsworth/lunar/client/driver/core/gui/mixin/CosmeticsBridge.java	152
056	EmotesBridge	com/moonsworth/lunar/client/driver/core/gui/mixin/EmotesBridge.java	34
056	Gui	com/moonsworth/lunar/client/driver/core/gui/mixin/Gui.java	21
056	GuiExtension	com/moonsworth/lunar/client/driver/core/gui/mixin/GuiExtension.java	32
056	HomeButtonBridgeLegacy	com/moonsworth/lunar/client/driver/core/gui/mixin/HomeButtonBridgeLegacy.java	10
056	HomeNavigationBridgeLegacy	com/moonsworth/lunar/client/driver/core/gui/mixin/HomeNavigationBridgeLegacy.java	27
056	HomeRadioBridgeLegacy	com/moonsworth/lunar/client/driver/core/gui/mixin/HomeRadioBridgeLegacy.java	47
056	HomeThemeBridgeLegacy	com/moonsworth/lunar/client/driver/core/gui/mixin/HomeThemeBridgeLegacy.java	31
056	HostedWorldBridgeLegacy	com/moonsworth/lunar/client/driver/core/gui/mixin/HostedWorldBridgeLegacy.java	49
056	LanguagePageBridgeLegacy	com/moonsworth/lunar/client/driver/core/gui/mixin/LanguagePageBridgeLegacy.java	4
056	LunarPlusBridgeLegacy	com/moonsworth/lunar/client/driver/core/gui/mixin/LunarPlusBridgeLegacy.java	3
056	MetadataBridgeLegacy	com/moonsworth/lunar/client/driver/core/gui/mixin/MetadataBridgeLegacy.java	5
056	NotificationBridgeLegacy	com/moonsworth/lunar/client/driver/core/gui/mixin/NotificationBridgeLegacy.java	2
056	OutfitBridgeLegacy	com/moonsworth/lunar/client/driver/core/gui/mixin/OutfitBridgeLegacy.java	9
056	PlayerBridgeLegacy	com/moonsworth/lunar/client/driver/core/gui/mixin/PlayerBridgeLegacy.java	6
056	ProfileBridgeLegacy	com/moonsworth/lunar/client/driver/core/gui/mixin/ProfileBridgeLegacy.java	1
057	PromotionBridgeLegacy	com/moonsworth/lunar/client/driver/core/gui/mixin/PromotionBridgeLegacy.java	14
057	SavedSkinBridgeLegacy	com/moonsworth/lunar/client/driver/core/gui/mixin/SavedSkinBridgeLegacy.java	45
057	ServerDiscoveryBridgeLegacy	com/moonsworth/lunar/client/driver/core/gui/mixin/ServerDiscoveryBridgeLegacy.java	23
057	ServerPingBridgeLegacy	com/moonsworth/lunar/client/driver/core/gui/mixin/ServerPingBridgeLegacy.java	11
057	SettingsBridgeLegacy	com/moonsworth/lunar/client/driver/core/gui/mixin/SettingsBridgeLegacy.java	43
057	SocialMediaBridgeLegacy	com/moonsworth/lunar/client/driver/core/gui/mixin/SocialMediaBridgeLegacy.java	12
057	SpraysBridge	com/moonsworth/lunar/client/driver/core/gui/mixin/SpraysBridge.java	32
057	StyngrBridgeLegacy	com/moonsworth/lunar/client/driver/core/gui/mixin/StyngrBridgeLegacy.java	15
057	UiStateBridgeLegacy	com/moonsworth/lunar/client/driver/core/gui/mixin/UiStateBridgeLegacy.java	8
057	FriendApiLegacy	com/moonsworth/lunar/client/driver/core/gui/mixin/nameplate/FriendApiLegacy.java	33
057	GuiExtension	com/moonsworth/lunar/client/driver/core/gui/mixin/nameplate/GuiExtension.java	166
057	Nameplate	com/moonsworth/lunar/client/driver/core/gui/mixin/nameplate/Nameplate.java	137
057	Nameplate2	com/moonsworth/lunar/client/driver/core/gui/mixin/nameplate/Nameplate2.java	80
057	GuiExtension	com/moonsworth/lunar/client/driver/core/gui/mixin/rewindhandlers/GuiExtension.java	37
057	GuiExtension2	com/moonsworth/lunar/client/driver/core/gui/mixin/rewindhandlers/GuiExtension2.java	66
057	GuiExtension4	com/moonsworth/lunar/client/driver/core/gui/mixin/rewindhandlers/GuiExtension4.java	21
057	MinimapJsApiLegacy	com/moonsworth/lunar/client/driver/core/gui/mixin/rewindhandlers/MinimapJsApiLegacy.java	38
057	Rewindhandlers	com/moonsworth/lunar/client/driver/core/gui/mixin/rewindhandlers/Rewindhandlers.java	47
057	WaypointImportJsApiLegacy	com/moonsworth/lunar/client/driver/core/gui/mixin/rewindhandlers/WaypointImportJsApiLegacy.java	15
057	WaypointJsApiLegacy	com/moonsworth/lunar/client/driver/core/gui/mixin/rewindhandlers/WaypointJsApiLegacy.java	4
057	StorePriceEntryLegacy	com/moonsworth/lunar/client/driver/core/highlight/StorePriceEntryLegacy.java	27
057	StorePriceLegacy	com/moonsworth/lunar/client/driver/core/highlight/StorePriceLegacy.java	4
057	HologramBoundsLegacy	com/moonsworth/lunar/client/driver/core/holograms/HologramBoundsLegacy.java	15
057	HologramElementLegacy	com/moonsworth/lunar/client/driver/core/holograms/HologramElementLegacy.java	10
057	HologramRendererLegacy	com/moonsworth/lunar/client/driver/core/holograms/HologramRendererLegacy.java	78
058	Holograms	com/moonsworth/lunar/client/driver/core/holograms/Holograms.java	41
058	Holograms2	com/moonsworth/lunar/client/driver/core/holograms/Holograms2.java	109
058	EmoteHologramLegacy	com/moonsworth/lunar/client/driver/core/holograms/mixin/EmoteHologramLegacy.java	64
058	HologramCameraPresetLegacy	com/moonsworth/lunar/client/driver/core/holograms/mixin/HologramCameraPresetLegacy.java	3
058	HologramSkinLegacy	com/moonsworth/lunar/client/driver/core/holograms/mixin/HologramSkinLegacy.java	1
058	Holograms	com/moonsworth/lunar/client/driver/core/holograms/mixin/Holograms.java	6
058	LockerContextLegacy	com/moonsworth/lunar/client/driver/core/nameplate/LockerContextLegacy.java	7
058	MinimapViewContextLegacy	com/moonsworth/lunar/client/driver/core/rewindhandlers/MinimapViewContextLegacy.java	21
058	AbstractDataProviderLegacy	com/moonsworth/lunar/client/driver/gui/AbstractDataProviderLegacy.java	2
058	AnalyticsDataProviderLegacy	com/moonsworth/lunar/client/driver/gui/AnalyticsDataProviderLegacy.java	4
058	FeatureDataProviderLegacy	com/moonsworth/lunar/client/driver/gui/FeatureDataProviderLegacy.java	2
058	GuiExtension	com/moonsworth/lunar/client/driver/gui/GuiExtension.java	24
058	MarkersDataProviderLegacy	com/moonsworth/lunar/client/driver/gui/MarkersDataProviderLegacy.java	3
058	CosmeticHighlightRenderer	com/moonsworth/lunar/client/driver/hologram/CosmeticHighlightRenderer.java	81
058	CosmeticHighlightShader	com/moonsworth/lunar/client/driver/hologram/CosmeticHighlightShader.java	11
058	CosmeticHologram	com/moonsworth/lunar/client/driver/hologram/CosmeticHologram.java	26
058	EmoteHologram	com/moonsworth/lunar/client/driver/hologram/EmoteHologram.java	49
058	HologramBounds	com/moonsworth/lunar/client/driver/hologram/HologramBounds.java	15
058	HologramCameraPreset	com/moonsworth/lunar/client/driver/hologram/HologramCameraPreset.java	3
058	HologramElement	com/moonsworth/lunar/client/driver/hologram/HologramElement.java	7
058	HologramEntry	com/moonsworth/lunar/client/driver/hologram/HologramEntry.java	4
058	HologramModelBridge	com/moonsworth/lunar/client/driver/hologram/HologramModelBridge.java	25
058	HologramRenderer	com/moonsworth/lunar/client/driver/hologram/HologramRenderer.java	63
058	HologramSkin	com/moonsworth/lunar/client/driver/hologram/HologramSkin.java	1
058	HoverModel	com/moonsworth/lunar/client/driver/hologram/HoverModel.java	9
059	MarkerModelRenderer	com/moonsworth/lunar/client/driver/hologram/MarkerModelRenderer.java	5
059	ColorsaturationExtension	com/moonsworth/lunar/client/driver/holograms/ColorsaturationExtension.java	14
059	CosmeticHologramLegacy	com/moonsworth/lunar/client/driver/holograms/CosmeticHologramLegacy.java	29
059	Holograms	com/moonsworth/lunar/client/driver/holograms/Holograms.java	111
059	HologramsIteratorLegacy	com/moonsworth/lunar/client/driver/holograms/HologramsIterator.java	60
059	HologramsIterator2	com/moonsworth/lunar/client/driver/holograms/HologramsIterator2.java	134
059	HologramsIteratorLegacy	com/moonsworth/lunar/client/driver/holograms/HologramsIteratorLegacy.java	110
059	HoverModelLegacy	com/moonsworth/lunar/client/driver/holograms/HoverModelLegacy.java	14
059	MarkerModelRendererLegacy	com/moonsworth/lunar/client/driver/holograms/MarkerModelRendererLegacy.java	6
059	Nameplate	com/moonsworth/lunar/client/driver/nameplate/Nameplate.java	10
059	PositionQuadLegacy	com/moonsworth/lunar/client/driver/nameplate/PositionQuadLegacy.java	20
059	ComponentCursorCallbackLegacy	com/moonsworth/lunar/client/driver/nameplate/mixin/ComponentCursorCallbackLegacy.java	2
059	ComponentDropCallbackLegacy	com/moonsworth/lunar/client/driver/nameplate/mixin/ComponentDropCallbackLegacy.java	2
059	ComponentFocusCallbackLegacy	com/moonsworth/lunar/client/driver/nameplate/mixin/ComponentFocusCallbackLegacy.java	2
059	ComponentKeyCallbackLegacy	com/moonsworth/lunar/client/driver/nameplate/mixin/ComponentKeyCallbackLegacy.java	6
059	ComponentMouseButtonCallbackLegacy	com/moonsworth/lunar/client/driver/nameplate/mixin/ComponentMouseButtonCallbackLegacy.java	5
059	ComponentResizeCallbackLegacy	com/moonsworth/lunar/client/driver/nameplate/mixin/ComponentResizeCallbackLegacy.java	3
059	ComponentScrollCallbackLegacy	com/moonsworth/lunar/client/driver/nameplate/mixin/ComponentScrollCallbackLegacy.java	3
059	Nameplate	com/moonsworth/lunar/client/driver/nameplate/mixin/Nameplate.java	2
059	ConfigureWaypointPropsLegacy	com/moonsworth/lunar/client/driver/rewindhandlers/ConfigureWaypointPropsLegacy.java	23
059	WaypointContextLegacy	com/moonsworth/lunar/client/driver/rewindhandlers/WaypointContextLegacy.java	6
059	ConfigureWaypointProps	com/moonsworth/lunar/client/driver/waypoint/ConfigureWaypointProps.java	19
059	MinimapJsApi	com/moonsworth/lunar/client/driver/waypoint/MinimapJsApi.java	37
059	MinimapViewContext	com/moonsworth/lunar/client/driver/waypoint/MinimapViewContext.java	18
059	WaypointContext	com/moonsworth/lunar/client/driver/waypoint/WaypointContext.java	3
060	WaypointGroupBridge	com/moonsworth/lunar/client/driver/waypoint/WaypointGroupBridge.java	31
060	WaypointImportJsApi	com/moonsworth/lunar/client/driver/waypoint/WaypointImportJsApi.java	6
060	WaypointJsApi	com/moonsworth/lunar/client/driver/waypoint/WaypointJsApi.java	3
060	ClientEventBus	com/moonsworth/lunar/client/event/ClientEventBus.java	120
060	ClientEventBusDebug	com/moonsworth/lunar/client/event/ClientEventBusDebug.java	21
060	DebuggingEventBus	com/moonsworth/lunar/client/event/DebuggingEventBus.java	16
060	EventBusAccess	com/moonsworth/lunar/client/event/EventBusAccess.java	5
060	EventHandlerEntry	com/moonsworth/lunar/client/event/EventHandlerEntry.java	4
060	EventListener	com/moonsworth/lunar/client/event/EventListener.java	3
060	EventRegistrar	com/moonsworth/lunar/client/event/EventRegistrar.java	13
060	ListenerRegistration	com/moonsworth/lunar/client/event/ListenerRegistration.java	3
060	LunarEventBus	com/moonsworth/lunar/client/event/LunarEventBus.java	61
060	OutcomeEvent	com/moonsworth/lunar/client/event/OutcomeEvent.java	3
060	ResultEvent	com/moonsworth/lunar/client/event/ResultEvent.java	3
060	EndermanTeleportEvent	com/moonsworth/lunar/client/event/combat/EndermanTeleportEvent.java	19
060	EventAttack	com/moonsworth/lunar/client/event/combat/EventAttack.java	2
060	EventCriticalHit	com/moonsworth/lunar/client/event/combat/EventCriticalHit.java	2
060	EventEnchantCriticalHit	com/moonsworth/lunar/client/event/combat/EventEnchantCriticalHit.java	2
060	EventEnchantmentCriticalHit	com/moonsworth/lunar/client/event/combat/EventEnchantmentCriticalHit.java	2
060	EventEndermanTeleport	com/moonsworth/lunar/client/event/combat/EventEndermanTeleport.java	19
060	EventMeleeCriticalHit	com/moonsworth/lunar/client/event/combat/EventMeleeCriticalHit.java	2
060	EventMouseOverAttack	com/moonsworth/lunar/client/event/combat/EventMouseOverAttack.java	2
060	EventOtherPlayerDamage	com/moonsworth/lunar/client/event/combat/EventOtherPlayerDamage.java	6
060	EventPlayerDamaged	com/moonsworth/lunar/client/event/combat/EventPlayerDamaged.java	4
060	EventPlayerKnockback	com/moonsworth/lunar/client/event/combat/EventPlayerKnockback.java	2
061	EventPlayerReceiveDamage	com/moonsworth/lunar/client/event/combat/EventPlayerReceiveDamage.java	4
061	EventPotionThrow	com/moonsworth/lunar/client/event/combat/EventPotionThrow.java	4
061	EventPreAttackEntity	com/moonsworth/lunar/client/event/combat/EventPreAttackEntity.java	7
061	EventProjectileBase	com/moonsworth/lunar/client/event/combat/EventProjectileBase.java	6
061	EventTotemActivation	com/moonsworth/lunar/client/event/combat/EventTotemActivation.java	2
061	EventTotemPop	com/moonsworth/lunar/client/event/combat/EventTotemPop.java	2
061	OtherPlayerDamageEvent	com/moonsworth/lunar/client/event/combat/OtherPlayerDamageEvent.java	6
061	PlayerKnockbackEvent	com/moonsworth/lunar/client/event/combat/PlayerKnockbackEvent.java	2
061	PotionThrowEvent	com/moonsworth/lunar/client/event/combat/PotionThrowEvent.java	4
061	PreAttackEntityEvent	com/moonsworth/lunar/client/event/combat/PreAttackEntityEvent.java	7
061	ProjectileBaseEvent	com/moonsworth/lunar/client/event/combat/ProjectileBaseEvent.java	12
061	EntitySpawnEvent	com/moonsworth/lunar/client/event/entity/EntitySpawnEvent.java	2
061	EventChunkBase	com/moonsworth/lunar/client/event/entity/EventChunkBase.java	6
061	EventCollisionBoxes	com/moonsworth/lunar/client/event/entity/EventCollisionBoxes.java	6
061	EventEntityChunkBase	com/moonsworth/lunar/client/event/entity/EventEntityChunkBase.java	4
061	EventEntityCollisionBoxes	com/moonsworth/lunar/client/event/entity/EventEntityCollisionBoxes.java	6
061	EventEntityHealthChange	com/moonsworth/lunar/client/event/entity/EventEntityHealthChange.java	7
061	EventEntityHealthUpdate	com/moonsworth/lunar/client/event/entity/EventEntityHealthUpdate.java	7
061	EventEntityHurtAnimation	com/moonsworth/lunar/client/event/entity/EventEntityHurtAnimation.java	2
061	EventEntityInteract	com/moonsworth/lunar/client/event/entity/EventEntityInteract.java	2
061	EventEntityJoinWorld	com/moonsworth/lunar/client/event/entity/EventEntityJoinWorld.java	2
061	EventEntityMove	com/moonsworth/lunar/client/event/entity/EventEntityMove.java	4
061	EventEntityMovement	com/moonsworth/lunar/client/event/entity/EventEntityMovement.java	4
061	EventEntityRemoval	com/moonsworth/lunar/client/event/entity/EventEntityRemoval.java	2
061	EventEntityRemove	com/moonsworth/lunar/client/event/entity/EventEntityRemove.java	2
062	EventEntitySpawn	com/moonsworth/lunar/client/event/entity/EventEntitySpawn.java	2
062	EventEntityStatus	com/moonsworth/lunar/client/event/entity/EventEntityStatus.java	4
062	EventEntityStatusUpdate	com/moonsworth/lunar/client/event/entity/EventEntityStatusUpdate.java	4
062	EventEntityWorldJoin	com/moonsworth/lunar/client/event/entity/EventEntityWorldJoin.java	2
062	EventHurtAnimation	com/moonsworth/lunar/client/event/entity/EventHurtAnimation.java	2
062	EventInteractEntity	com/moonsworth/lunar/client/event/entity/EventInteractEntity.java	4
062	EventLivingBase	com/moonsworth/lunar/client/event/entity/EventLivingBase.java	8
062	EventLivingEntityBase	com/moonsworth/lunar/client/event/entity/EventLivingEntityBase.java	6
062	EventPlayerDeath	com/moonsworth/lunar/client/event/entity/EventPlayerDeath.java	2
062	EventPlayerDied	com/moonsworth/lunar/client/event/entity/EventPlayerDied.java	2
062	EventBlockHighlightAlpha	com/moonsworth/lunar/client/event/fishing/EventBlockHighlightAlpha.java	4
062	EventBlockHighlightColor	com/moonsworth/lunar/client/event/fishing/EventBlockHighlightColor.java	12
062	EventBlockHighlightLayer	com/moonsworth/lunar/client/event/fishing/EventBlockHighlightLayer.java	5
062	EventBlockHighlightRotation	com/moonsworth/lunar/client/event/fishing/EventBlockHighlightRotation.java	10
062	EventBlockHighlightWidth	com/moonsworth/lunar/client/event/fishing/EventBlockHighlightWidth.java	4
062	EventKeyInput	com/moonsworth/lunar/client/event/input/EventKeyInput.java	6
062	EventMarkerInput	com/moonsworth/lunar/client/event/input/EventMarkerInput.java	27
062	EventMouseDelta	com/moonsworth/lunar/client/event/input/EventMouseDelta.java	9
062	EventMouseMove	com/moonsworth/lunar/client/event/input/EventMouseMove.java	9
062	KeyInputEvent	com/moonsworth/lunar/client/event/input/KeyInputEvent.java	6
062	MarkerInputEvent	com/moonsworth/lunar/client/event/input/MarkerInputEvent.java	29
062	EventChatMessage	com/moonsworth/lunar/client/event/mixin/EventChatMessage.java	24
062	EventChatSend	com/moonsworth/lunar/client/event/mixin/EventChatSend.java	2
062	EventCommand	com/moonsworth/lunar/client/event/mixin/EventCommand.java	15
062	EventCommandRegister	com/moonsworth/lunar/client/event/mixin/EventCommandRegister.java	2
063	EventComponentMessage	com/moonsworth/lunar/client/event/mixin/EventComponentMessage.java	4
063	EventNameplateExtension	com/moonsworth/lunar/client/event/mixin/EventNameplateExtension.java	2
063	EventNameplateExtensionLegacy	com/moonsworth/lunar/client/event/mixin/EventNameplateExtensionLegacy.java	2
063	EventTabComplete	com/moonsworth/lunar/client/event/mixin/EventTabComplete.java	8
063	EventChatMessageLegacy	com/moonsworth/lunar/client/event/mixin/chat/EventChatMessageLegacy.java	30
063	EventChatSendLegacy	com/moonsworth/lunar/client/event/mixin/chat/EventChatSendLegacy.java	2
063	EventComponentMessageLegacy	com/moonsworth/lunar/client/event/mixin/chat/EventComponentMessageLegacy.java	4
063	EventTabCompleteLegacy	com/moonsworth/lunar/client/event/mixin/chat/EventTabCompleteLegacy.java	9
063	EventCommandLegacy	com/moonsworth/lunar/client/event/mixin/command/EventCommandLegacy.java	20
063	EventCommandRegisterLegacy	com/moonsworth/lunar/client/event/mixin/command/EventCommandRegisterLegacy.java	4
063	EventBlockBreakProgress	com/moonsworth/lunar/client/event/mixin/fishing/EventBlockBreakProgress.java	6
063	EventBlockBreakingProgress	com/moonsworth/lunar/client/event/mixin/fishing/EventBlockBreakingProgress.java	6
063	EventBlockChange	com/moonsworth/lunar/client/event/mixin/fishing/EventBlockChange.java	6
063	EventBlockModified	com/moonsworth/lunar/client/event/mixin/fishing/EventBlockModified.java	6
063	EventBlockOutlineRender	com/moonsworth/lunar/client/event/mixin/fishing/EventBlockOutlineRender.java	13
063	EventBlockPlace	com/moonsworth/lunar/client/event/mixin/fishing/EventBlockPlace.java	5
063	EventBlockPlacement	com/moonsworth/lunar/client/event/mixin/fishing/EventBlockPlacement.java	5
063	EventBlockUpdate	com/moonsworth/lunar/client/event/mixin/fishing/EventBlockUpdate.java	3
063	EventBlockUpdateNotify	com/moonsworth/lunar/client/event/mixin/fishing/EventBlockUpdateNotify.java	8
063	EventChunk	com/moonsworth/lunar/client/event/mixin/fishing/EventChunk.java	2
063	EventChunkLifecycle	com/moonsworth/lunar/client/event/mixin/fishing/EventChunkLifecycle.java	5
063	EventClientTick	com/moonsworth/lunar/client/event/mixin/fishing/EventClientTick.java	1
063	EventDropItem	com/moonsworth/lunar/client/event/mixin/fishing/EventDropItem.java	2
063	EventEntityItem	com/moonsworth/lunar/client/event/mixin/fishing/EventEntityItem.java	2
063	EventEntityPos	com/moonsworth/lunar/client/event/mixin/fishing/EventEntityPos.java	2
064	EventEntityPosition	com/moonsworth/lunar/client/event/mixin/fishing/EventEntityPosition.java	2
064	EventExplosion	com/moonsworth/lunar/client/event/mixin/fishing/EventExplosion.java	10
064	EventExplosionSpawn	com/moonsworth/lunar/client/event/mixin/fishing/EventExplosionSpawn.java	10
064	EventGameDirectory	com/moonsworth/lunar/client/event/mixin/fishing/EventGameDirectory.java	4
064	EventGetHorizon	com/moonsworth/lunar/client/event/mixin/fishing/EventGetHorizon.java	1
064	EventHorizonQuery	com/moonsworth/lunar/client/event/mixin/fishing/EventHorizonQuery.java	1
064	EventItemEntity	com/moonsworth/lunar/client/event/mixin/fishing/EventItemEntity.java	2
064	EventParticleSpawn	com/moonsworth/lunar/client/event/mixin/fishing/EventParticleSpawn.java	11
064	EventPlaySound	com/moonsworth/lunar/client/event/mixin/fishing/EventPlaySound.java	16
064	EventPlayerBlockInteractBase	com/moonsworth/lunar/client/event/mixin/fishing/EventPlayerBlockInteractBase.java	6
064	EventRenderBlockOutline	com/moonsworth/lunar/client/event/mixin/fishing/EventRenderBlockOutline.java	8
064	EventRenderTick	com/moonsworth/lunar/client/event/mixin/fishing/EventRenderTick.java	5
064	EventRenderTickPhase	com/moonsworth/lunar/client/event/mixin/fishing/EventRenderTickPhase.java	5
064	EventRenderWorld	com/moonsworth/lunar/client/event/mixin/fishing/EventRenderWorld.java	4
064	EventReplayFrame	com/moonsworth/lunar/client/event/mixin/fishing/EventReplayFrame.java	2
064	EventRewindFrame	com/moonsworth/lunar/client/event/mixin/fishing/EventRewindFrame.java	2
064	EventRewindTick	com/moonsworth/lunar/client/event/mixin/fishing/EventRewindTick.java	1
064	EventRunDirectory	com/moonsworth/lunar/client/event/mixin/fishing/EventRunDirectory.java	4
064	EventSoundPlay	com/moonsworth/lunar/client/event/mixin/fishing/EventSoundPlay.java	18
064	EventSpawnParticle	com/moonsworth/lunar/client/event/mixin/fishing/EventSpawnParticle.java	11
064	EventTick	com/moonsworth/lunar/client/event/mixin/fishing/EventTick.java	1
064	EventTickEnd	com/moonsworth/lunar/client/event/mixin/fishing/EventTickEnd.java	1
064	EventWorld	com/moonsworth/lunar/client/event/mixin/fishing/EventWorld.java	2
064	EventWorldEffect	com/moonsworth/lunar/client/event/mixin/fishing/EventWorldEffect.java	7
064	EventWorldEffectRecord	com/moonsworth/lunar/client/event/mixin/fishing/EventWorldEffectRecord.java	7
065	EventWorldLifecycle	com/moonsworth/lunar/client/event/mixin/fishing/EventWorldLifecycle.java	5
065	EventWorldRender	com/moonsworth/lunar/client/event/mixin/fishing/EventWorldRender.java	4
065	EventWorldTime	com/moonsworth/lunar/client/event/mixin/fishing/EventWorldTime.java	4
065	EventWorldTimeUpdate	com/moonsworth/lunar/client/event/mixin/fishing/EventWorldTimeUpdate.java	4
065	PlayerBlockInteractBaseEvent	com/moonsworth/lunar/client/event/mixin/fishing/PlayerBlockInteractBaseEvent.java	14
065	RewindFrameEvent	com/moonsworth/lunar/client/event/mixin/fishing/RewindFrameEvent.java	2
065	EventEntityItemSpawn	com/moonsworth/lunar/client/event/mixin/fishing/mixin/EventEntityItemSpawn.java	3
065	EventEntityItemSpawnLegacy	com/moonsworth/lunar/client/event/mixin/fishing/mixin/EventEntityItemSpawnLegacy.java	3
065	EventMapUpdate	com/moonsworth/lunar/client/event/mixin/fishing/mixin/EventMapUpdate.java	7
065	EventMapUpdateLegacy	com/moonsworth/lunar/client/event/mixin/fishing/mixin/EventMapUpdateLegacy.java	8
065	EventRenderEntityItem	com/moonsworth/lunar/client/event/mixin/fishing/mixin/EventRenderEntityItem.java	10
065	EventRenderEntityItemLegacy	com/moonsworth/lunar/client/event/mixin/fishing/mixin/EventRenderEntityItemLegacy.java	5
065	EventUseItem	com/moonsworth/lunar/client/event/mixin/fishing/mixin/EventUseItem.java	2
065	EventUseItemLegacy	com/moonsworth/lunar/client/event/mixin/fishing/mixin/EventUseItemLegacy.java	2
065	EventUseItemOnBlock	com/moonsworth/lunar/client/event/mixin/fishing/mixin/EventUseItemOnBlock.java	14
065	EventUseItemOnBlockLegacy	com/moonsworth/lunar/client/event/mixin/fishing/mixin/EventUseItemOnBlockLegacy.java	14
065	RenderEntityItemEvent	com/moonsworth/lunar/client/event/mixin/fishing/mixin/RenderEntityItemEvent.java	10
065	RenderEntityItemLegacyEvent	com/moonsworth/lunar/client/event/mixin/fishing/mixin/RenderEntityItemLegacyEvent.java	5
065	BridgePayload	com/moonsworth/lunar/client/event/mixin/gui/BridgePayload.java	2
065	DisconnectEvent	com/moonsworth/lunar/client/event/mixin/gui/DisconnectEvent.java	7
065	EventBridgePayload	com/moonsworth/lunar/client/event/mixin/gui/EventBridgePayload.java	2
065	EventDisconnect	com/moonsworth/lunar/client/event/mixin/gui/EventDisconnect.java	7
065	EventLocationChange	com/moonsworth/lunar/client/event/mixin/gui/EventLocationChange.java	4
065	EventNetworkEncryption	com/moonsworth/lunar/client/event/mixin/gui/EventNetworkEncryption.java	4
065	EventPacket	com/moonsworth/lunar/client/event/mixin/gui/EventPacket.java	8
066	EventPluginMessage	com/moonsworth/lunar/client/event/mixin/gui/EventPluginMessage.java	3
066	EventScoreboardUpdate	com/moonsworth/lunar/client/event/mixin/gui/EventScoreboardUpdate.java	2
066	EventScreenAction	com/moonsworth/lunar/client/event/mixin/gui/EventScreenAction.java	2
066	EventServerBrand	com/moonsworth/lunar/client/event/mixin/gui/EventServerBrand.java	2
066	EventServerChange	com/moonsworth/lunar/client/event/mixin/gui/EventServerChange.java	2
066	EventServerPing	com/moonsworth/lunar/client/event/mixin/gui/EventServerPing.java	6
066	EventSignUpdate	com/moonsworth/lunar/client/event/mixin/gui/EventSignUpdate.java	2
066	EventSlotUpdate	com/moonsworth/lunar/client/event/mixin/gui/EventSlotUpdate.java	4
066	EventTeleportBase	com/moonsworth/lunar/client/event/mixin/gui/EventTeleportBase.java	37
066	EventTitle	com/moonsworth/lunar/client/event/mixin/gui/EventTitle.java	6
066	EventWorldEditSelection	com/moonsworth/lunar/client/event/mixin/gui/EventWorldEditSelection.java	2
066	HighlightIterator	com/moonsworth/lunar/client/event/mixin/gui/HighlightIterator.java	1
066	LocationChangeEvent	com/moonsworth/lunar/client/event/mixin/gui/LocationChangeEvent.java	4
066	NetworkEncryptionEvent	com/moonsworth/lunar/client/event/mixin/gui/NetworkEncryptionEvent.java	4
066	PacketEvent	com/moonsworth/lunar/client/event/mixin/gui/PacketEvent.java	10
066	PlayerListEntryEvent	com/moonsworth/lunar/client/event/mixin/gui/PlayerListEntryEvent.java	3
066	PluginMessageEvent	com/moonsworth/lunar/client/event/mixin/gui/PluginMessageEvent.java	9
066	ScoreboardUpdateEvent	com/moonsworth/lunar/client/event/mixin/gui/ScoreboardUpdateEvent.java	2
066	ScreenActionEvent	com/moonsworth/lunar/client/event/mixin/gui/ScreenActionEvent.java	2
066	ServerBrandEvent	com/moonsworth/lunar/client/event/mixin/gui/ServerBrandEvent.java	2
066	ServerChangeEvent	com/moonsworth/lunar/client/event/mixin/gui/ServerChangeEvent.java	2
066	ServerPingEvent	com/moonsworth/lunar/client/event/mixin/gui/ServerPingEvent.java	8
066	SignUpdateEvent	com/moonsworth/lunar/client/event/mixin/gui/SignUpdateEvent.java	2
066	SkinLoadedEvent	com/moonsworth/lunar/client/event/mixin/gui/SkinLoadedEvent.java	4
066	SlotUpdateEvent	com/moonsworth/lunar/client/event/mixin/gui/SlotUpdateEvent.java	4
067	TeleportEvent	com/moonsworth/lunar/client/event/mixin/gui/TeleportEvent.java	37
067	TitleEvent	com/moonsworth/lunar/client/event/mixin/gui/TitleEvent.java	8
067	WorldEditSelectionEvent	com/moonsworth/lunar/client/event/mixin/gui/WorldEditSelectionEvent.java	2
067	CameraOffsetEvent	com/moonsworth/lunar/client/event/mixin/highlight/CameraOffsetEvent.java	12
067	ChatRenderEvent	com/moonsworth/lunar/client/event/mixin/highlight/ChatRenderEvent.java	2
067	DroppedItemRenderEvent	com/moonsworth/lunar/client/event/mixin/highlight/DroppedItemRenderEvent.java	7
067	EntitiesRenderEvent	com/moonsworth/lunar/client/event/mixin/highlight/EntitiesRenderEvent.java	7
067	EntityLabelRenderEvent	com/moonsworth/lunar/client/event/mixin/highlight/EntityLabelRenderEvent.java	71
067	EntityOffsetRenderEvent	com/moonsworth/lunar/client/event/mixin/highlight/EntityOffsetRenderEvent.java	22
067	EntityRenderBaseEvent	com/moonsworth/lunar/client/event/mixin/highlight/EntityRenderBaseEvent.java	2
067	EventCameraOffset	com/moonsworth/lunar/client/event/mixin/highlight/EventCameraOffset.java	12
067	EventFovModifier	com/moonsworth/lunar/client/event/mixin/highlight/EventFovModifier.java	22
067	EventFovRender	com/moonsworth/lunar/client/event/mixin/highlight/EventFovRender.java	5
067	EventGroundItemTransform	com/moonsworth/lunar/client/event/mixin/highlight/EventGroundItemTransform.java	10
067	EventHologramUpdate	com/moonsworth/lunar/client/event/mixin/highlight/EventHologramUpdate.java	2
067	EventPostProcess	com/moonsworth/lunar/client/event/mixin/highlight/EventPostProcess.java	6
067	EventRenderChat	com/moonsworth/lunar/client/event/mixin/highlight/EventRenderChat.java	2
067	EventRenderDroppedItem	com/moonsworth/lunar/client/event/mixin/highlight/EventRenderDroppedItem.java	5
067	EventRenderEntities	com/moonsworth/lunar/client/event/mixin/highlight/EventRenderEntities.java	7
067	EventRenderEntityBase	com/moonsworth/lunar/client/event/mixin/highlight/EventRenderEntityBase.java	2
067	EventRenderEntityLabel	com/moonsworth/lunar/client/event/mixin/highlight/EventRenderEntityLabel.java	35
067	EventRenderEntityOffset	com/moonsworth/lunar/client/event/mixin/highlight/EventRenderEntityOffset.java	21
067	EventRenderGlintTransform	com/moonsworth/lunar/client/event/mixin/highlight/EventRenderGlintTransform.java	34
067	EventRenderGuardian	com/moonsworth/lunar/client/event/mixin/highlight/EventRenderGuardian.java	2
067	EventRenderInventoryScreen	com/moonsworth/lunar/client/event/mixin/highlight/EventRenderInventoryScreen.java	16
068	EventRenderItemClump	com/moonsworth/lunar/client/event/mixin/highlight/EventRenderItemClump.java	9
068	EventRenderItemColor	com/moonsworth/lunar/client/event/mixin/highlight/EventRenderItemColor.java	12
068	EventRenderItemGlint	com/moonsworth/lunar/client/event/mixin/highlight/EventRenderItemGlint.java	13
068	EventRenderItemRotation	com/moonsworth/lunar/client/event/mixin/highlight/EventRenderItemRotation.java	6
068	EventRenderItemStackSize	com/moonsworth/lunar/client/event/mixin/highlight/EventRenderItemStackSize.java	9
068	EventRenderModel	com/moonsworth/lunar/client/event/mixin/highlight/EventRenderModel.java	13
068	EventRenderNameTag	com/moonsworth/lunar/client/event/mixin/highlight/EventRenderNameTag.java	8
068	EventRenderParticle	com/moonsworth/lunar/client/event/mixin/highlight/EventRenderParticle.java	2
068	EventRenderPlayer	com/moonsworth/lunar/client/event/mixin/highlight/EventRenderPlayer.java	6
068	FovModifierEvent	com/moonsworth/lunar/client/event/mixin/highlight/FovModifierEvent.java	22
068	FovRenderEvent	com/moonsworth/lunar/client/event/mixin/highlight/FovRenderEvent.java	5
068	GlintTransformEvent	com/moonsworth/lunar/client/event/mixin/highlight/GlintTransformEvent.java	38
068	GroundItemTransformEvent	com/moonsworth/lunar/client/event/mixin/highlight/GroundItemTransformEvent.java	17
068	GuardianRenderEvent	com/moonsworth/lunar/client/event/mixin/highlight/GuardianRenderEvent.java	2
068	HologramUpdateEvent	com/moonsworth/lunar/client/event/mixin/highlight/HologramUpdateEvent.java	2
068	InventoryScreenRenderEvent	com/moonsworth/lunar/client/event/mixin/highlight/InventoryScreenRenderEvent.java	20
068	ItemClumpEvent	com/moonsworth/lunar/client/event/mixin/highlight/ItemClumpEvent.java	12
068	ItemColorRenderEvent	com/moonsworth/lunar/client/event/mixin/highlight/ItemColorRenderEvent.java	12
068	ItemGlintRenderEvent	com/moonsworth/lunar/client/event/mixin/highlight/ItemGlintRenderEvent.java	13
068	ItemRotationRenderEvent	com/moonsworth/lunar/client/event/mixin/highlight/ItemRotationRenderEvent.java	6
068	ItemStackSizeRenderEvent	com/moonsworth/lunar/client/event/mixin/highlight/ItemStackSizeRenderEvent.java	12
068	ModelRenderEvent	com/moonsworth/lunar/client/event/mixin/highlight/ModelRenderEvent.java	21
068	NameTagRenderEvent	com/moonsworth/lunar/client/event/mixin/highlight/NameTagRenderEvent.java	13
068	ParticleRenderEvent	com/moonsworth/lunar/client/event/mixin/highlight/ParticleRenderEvent.java	2
068	PlayerRenderEvent	com/moonsworth/lunar/client/event/mixin/highlight/PlayerRenderEvent.java	6
069	PostProcessEvent	com/moonsworth/lunar/client/event/mixin/highlight/PostProcessEvent.java	6
069	EventFeatureToggle	com/moonsworth/lunar/client/event/mixin/holograms/EventFeatureToggle.java	4
069	EventFeatureToggleLegacy	com/moonsworth/lunar/client/event/mixin/holograms/EventFeatureToggleLegacy.java	4
069	EventWebSocketReady	com/moonsworth/lunar/client/event/mixin/holograms/EventWebSocketReady.java	2
069	EventWebSocketReadyLegacy	com/moonsworth/lunar/client/event/mixin/holograms/EventWebSocketReadyLegacy.java	2
069	EventIchorHandlersLoaded	com/moonsworth/lunar/client/event/mixin/holograms/mixin/EventIchorHandlersLoaded.java	2
069	IchorHandlersLoadedEvent	com/moonsworth/lunar/client/event/mixin/holograms/mixin/IchorHandlersLoadedEvent.java	2
069	EventRenderHud	com/moonsworth/lunar/client/event/mixin/nameplate/EventRenderHud.java	3
069	EventRenderHudBase	com/moonsworth/lunar/client/event/mixin/nameplate/EventRenderHudBase.java	11
069	EventRenderHudLegacy	com/moonsworth/lunar/client/event/mixin/nameplate/EventRenderHudLegacy.java	12
069	HudBaseRenderEvent	com/moonsworth/lunar/client/event/mixin/nameplate/HudBaseRenderEvent.java	22
069	HudRenderLegacyEvent	com/moonsworth/lunar/client/event/mixin/nameplate/HudRenderLegacyEvent.java	16
069	HudRenderLegacyEventAlt	com/moonsworth/lunar/client/event/mixin/nameplate/HudRenderLegacyEventAlt.java	16
069	EventKeybind	com/moonsworth/lunar/client/event/mixin/rewindhandlers/EventKeybind.java	20
069	EventMouseButton	com/moonsworth/lunar/client/event/mixin/rewindhandlers/EventMouseButton.java	8
069	EventMouseButtonLegacy	com/moonsworth/lunar/client/event/mixin/rewindhandlers/EventMouseButtonLegacy.java	8
069	EventMouseScroll	com/moonsworth/lunar/client/event/mixin/rewindhandlers/EventMouseScroll.java	2
069	EventMouseScrollLegacy	com/moonsworth/lunar/client/event/mixin/rewindhandlers/EventMouseScrollLegacy.java	2
069	EventMouseWheel	com/moonsworth/lunar/client/event/mixin/rewindhandlers/EventMouseWheel.java	2
069	EventMouseWheelLegacy	com/moonsworth/lunar/client/event/mixin/rewindhandlers/EventMouseWheelLegacy.java	2
069	EventPerspectiveChange	com/moonsworth/lunar/client/event/mixin/rewindhandlers/EventPerspectiveChange.java	7
069	EventPerspectiveChangeLegacy	com/moonsworth/lunar/client/event/mixin/rewindhandlers/EventPerspectiveChangeLegacy.java	7
069	KeybindEvent	com/moonsworth/lunar/client/event/mixin/rewindhandlers/KeybindEvent.java	36
069	ApolloOptionUpdateEvent	com/moonsworth/lunar/client/event/options/ApolloOptionUpdateEvent.java	3
069	OptionUpdateEvent	com/moonsworth/lunar/client/event/options/OptionUpdateEvent.java	3
070	EventGameModeChange	com/moonsworth/lunar/client/event/player/EventGameModeChange.java	4
070	EventItemDrop	com/moonsworth/lunar/client/event/player/EventItemDrop.java	2
070	EventItemPickup	com/moonsworth/lunar/client/event/player/EventItemPickup.java	4
070	EventItemRightClick	com/moonsworth/lunar/client/event/player/EventItemRightClick.java	4
070	EventItemUse	com/moonsworth/lunar/client/event/player/EventItemUse.java	4
070	EventItemUseFinish	com/moonsworth/lunar/client/event/player/EventItemUseFinish.java	4
070	EventPlayerJoinWorld	com/moonsworth/lunar/client/event/player/EventPlayerJoinWorld.java	2
070	EventPlayerRemoval	com/moonsworth/lunar/client/event/player/EventPlayerRemoval.java	2
070	EventPlayerRemove	com/moonsworth/lunar/client/event/player/EventPlayerRemove.java	2
070	EventPlayerSleep	com/moonsworth/lunar/client/event/player/EventPlayerSleep.java	7
070	EventSleepAttempt	com/moonsworth/lunar/client/event/player/EventSleepAttempt.java	9
070	EventUseItemFinish	com/moonsworth/lunar/client/event/player/EventUseItemFinish.java	4
070	GameModeChangeEvent	com/moonsworth/lunar/client/event/player/GameModeChangeEvent.java	4
070	ItemDropEvent	com/moonsworth/lunar/client/event/player/ItemDropEvent.java	2
070	ItemPickupEvent	com/moonsworth/lunar/client/event/player/ItemPickupEvent.java	4
070	PlayerJoinWorldEvent	com/moonsworth/lunar/client/event/player/PlayerJoinWorldEvent.java	2
070	PlayerJoinWorldEventLegacy	com/moonsworth/lunar/client/event/player/PlayerJoinWorldEventLegacy.java	2
070	PlayerJoinWorldLegacyEvent	com/moonsworth/lunar/client/event/player/PlayerJoinWorldLegacyEvent.java	2
070	BlockHighlightAlphaEvent	com/moonsworth/lunar/client/event/render/BlockHighlightAlphaEvent.java	6
070	BlockHighlightColorEvent	com/moonsworth/lunar/client/event/render/BlockHighlightColorEvent.java	13
070	BlockHighlightLayerEvent	com/moonsworth/lunar/client/event/render/BlockHighlightLayerEvent.java	5
070	BlockHighlightRenderEvent	com/moonsworth/lunar/client/event/render/BlockHighlightRenderEvent.java	7
070	BlockHighlightRotationEvent	com/moonsworth/lunar/client/event/render/BlockHighlightRotationEvent.java	11
070	BlockHighlightWidthEvent	com/moonsworth/lunar/client/event/render/BlockHighlightWidthEvent.java	6
070	ButtonRenderEvent	com/moonsworth/lunar/client/event/render/ButtonRenderEvent.java	4
071	ContainerSlotRenderEvent	com/moonsworth/lunar/client/event/render/ContainerSlotRenderEvent.java	43
071	EventBlockHighlight	com/moonsworth/lunar/client/event/render/EventBlockHighlight.java	7
071	EventCameraEyeHeight	com/moonsworth/lunar/client/event/render/EventCameraEyeHeight.java	6
071	EventEyeHeight	com/moonsworth/lunar/client/event/render/EventEyeHeight.java	6
071	EventFog	com/moonsworth/lunar/client/event/render/EventFog.java	45
071	EventFogSetup	com/moonsworth/lunar/client/event/render/EventFogSetup.java	47
071	EventPlayerModelRender	com/moonsworth/lunar/client/event/render/EventPlayerModelRender.java	11
071	EventPlayerPreRender	com/moonsworth/lunar/client/event/render/EventPlayerPreRender.java	37
071	EventPreRenderPlayer	com/moonsworth/lunar/client/event/render/EventPreRenderPlayer.java	30
071	EventRenderButton	com/moonsworth/lunar/client/event/render/EventRenderButton.java	4
071	EventRenderContainerSlot	com/moonsworth/lunar/client/event/render/EventRenderContainerSlot.java	22
071	EventRenderEntityModel	com/moonsworth/lunar/client/event/render/EventRenderEntityModel.java	2
071	EventRenderHologram	com/moonsworth/lunar/client/event/render/EventRenderHologram.java	24
071	EventRenderItemDurability	com/moonsworth/lunar/client/event/render/EventRenderItemDurability.java	4
071	EventRenderPlayerModel	com/moonsworth/lunar/client/event/render/EventRenderPlayerModel.java	8
071	EventRenderPlayerStats	com/moonsworth/lunar/client/event/render/EventRenderPlayerStats.java	2
071	EventRenderScreenItem	com/moonsworth/lunar/client/event/render/EventRenderScreenItem.java	7
071	EventRenderScreenOverlay	com/moonsworth/lunar/client/event/render/EventRenderScreenOverlay.java	2
071	EventRenderSlot	com/moonsworth/lunar/client/event/render/EventRenderSlot.java	16
071	EventRenderTabListEntry	com/moonsworth/lunar/client/event/render/EventRenderTabListEntry.java	5
071	EventRenderTooltip	com/moonsworth/lunar/client/event/render/EventRenderTooltip.java	47
071	HologramRenderEvent	com/moonsworth/lunar/client/event/render/HologramRenderEvent.java	35
071	ItemDurabilityRenderEvent	com/moonsworth/lunar/client/event/render/ItemDurabilityRenderEvent.java	6
071	PlayerStatsRenderEvent	com/moonsworth/lunar/client/event/render/PlayerStatsRenderEvent.java	2
071	RenderEntityModelEvent	com/moonsworth/lunar/client/event/render/RenderEntityModelEvent.java	2
072	ScreenInitEvent	com/moonsworth/lunar/client/event/render/ScreenInitEvent.java	5
072	ScreenItemRenderEvent	com/moonsworth/lunar/client/event/render/ScreenItemRenderEvent.java	9
072	SlotRenderEvent	com/moonsworth/lunar/client/event/render/SlotRenderEvent.java	18
072	TabListEntryRenderEvent	com/moonsworth/lunar/client/event/render/TabListEntryRenderEvent.java	7
072	TooltipRenderEvent	com/moonsworth/lunar/client/event/render/TooltipRenderEvent.java	59
072	EventResourcePackUpdate	com/moonsworth/lunar/client/event/resourcepack/EventResourcePackUpdate.java	2
072	ResourcePackUpdateEvent	com/moonsworth/lunar/client/event/resourcepack/ResourcePackUpdateEvent.java	2
072	EventResolutionChange	com/moonsworth/lunar/client/event/screen/EventResolutionChange.java	3
072	EventScreenChange	com/moonsworth/lunar/client/event/screen/EventScreenChange.java	2
072	EventScreenClose	com/moonsworth/lunar/client/event/screen/EventScreenClose.java	2
072	EventScreenOpen	com/moonsworth/lunar/client/event/screen/EventScreenOpen.java	6
072	EventScreenUpdate	com/moonsworth/lunar/client/event/screen/EventScreenUpdate.java	3
072	ResolutionChangeEvent	com/moonsworth/lunar/client/event/screen/ResolutionChangeEvent.java	3
072	ScreenChangeEvent	com/moonsworth/lunar/client/event/screen/ScreenChangeEvent.java	2
072	ScreenCloseEvent	com/moonsworth/lunar/client/event/screen/ScreenCloseEvent.java	2
072	ScreenOpenEvent	com/moonsworth/lunar/client/event/screen/ScreenOpenEvent.java	9
072	ScreenUpdateEvent	com/moonsworth/lunar/client/event/screen/ScreenUpdateEvent.java	5
072	HeightOffsetModuleType	com/moonsworth/lunar/client/feature/HeightOffsetModuleType.java	13
072	Module	com/moonsworth/lunar/client/feature/Module.java	7
072	Module2	com/moonsworth/lunar/client/feature/Module2.java	37
072	ModuleType	com/moonsworth/lunar/client/feature/ModuleType.java	21
072	ModuleType3_2	com/moonsworth/lunar/client/feature/ModuleType3_2.java	2
072	Fishing	com/moonsworth/lunar/client/fishing/Fishing.java	10
072	Fishing2Extension	com/moonsworth/lunar/client/fishing/Fishing2Extension.java	24
072	Fishing_2	com/moonsworth/lunar/client/fishing/Fishing_2.java	4
073	Nameplate	com/moonsworth/lunar/client/fishing/Nameplate.java	11
073	Fishing2Extension	com/moonsworth/lunar/client/fishing/gui/mixin/Fishing2Extension.java	1
073	Fishing2Extension	com/moonsworth/lunar/client/fishing/highlight/Fishing2Extension.java	23
073	Fishing2Extension	com/moonsworth/lunar/client/fishing/rewindhandlers/Fishing2Extension.java	2
073	ApolloModGenerator	com/moonsworth/lunar/client/framework/ApolloModGenerator.java	112
073	Client	com/moonsworth/lunar/client/framework/Client.java	260
073	DevFeatureList	com/moonsworth/lunar/client/framework/DevFeatureList.java	2
073	EarlyOptions	com/moonsworth/lunar/client/framework/EarlyOptions.java	8
073	Initializable	com/moonsworth/lunar/client/framework/Initializable.java	3
073	ItemSetRegistry	com/moonsworth/lunar/client/framework/ItemSetRegistry.java	12
073	LaunchOptions	com/moonsworth/lunar/client/framework/LaunchOptions.java	18
073	LiveExperienceManager	com/moonsworth/lunar/client/framework/LiveExperienceManager.java	12
073	LunarConstants	com/moonsworth/lunar/client/framework/LunarConstants.java	33
073	OperatingSystem	com/moonsworth/lunar/client/framework/OperatingSystem.java	2
073	PacketUtil	com/moonsworth/lunar/client/framework/PacketUtil.java	4
073	ReducedDebugInfoNotifier	com/moonsworth/lunar/client/framework/ReducedDebugInfoNotifier.java	10
073	Ref	com/moonsworth/lunar/client/framework/Ref.java	107
073	StreamerMode	com/moonsworth/lunar/client/framework/StreamerMode.java	19
073	UnfocusedFpsLimiter	com/moonsworth/lunar/client/framework/UnfocusedFpsLimiter.java	21
073	Highlight3Handler	com/moonsworth/lunar/client/framework/bootstrap/Highlight3Handler.java	1
073	InitialScreenGuard	com/moonsworth/lunar/client/framework/bootstrap/InitialScreenGuard.java	1
073	LunarBuildData	com/moonsworth/lunar/client/framework/build/LunarBuildData.java	20
073	AbstractSpec	com/moonsworth/lunar/client/framework/codegen/AbstractSpec.java	6
073	AnnotationSpec	com/moonsworth/lunar/client/framework/codegen/AnnotationSpec.java	31
073	FieldSpec	com/moonsworth/lunar/client/framework/codegen/FieldSpec.java	29
074	JavaFileWriter	com/moonsworth/lunar/client/framework/codegen/JavaFileWriter.java	18
074	JavadocSpec	com/moonsworth/lunar/client/framework/codegen/JavadocSpec.java	12
074	MethodSpec	com/moonsworth/lunar/client/framework/codegen/MethodSpec.java	31
074	NamedValue	com/moonsworth/lunar/client/framework/codegen/NamedValue.java	6
074	SourceEmitter	com/moonsworth/lunar/client/framework/codegen/SourceEmitter.java	2
074	TypeSpec	com/moonsworth/lunar/client/framework/codegen/TypeSpec.java	87
074	CrashReportError	com/moonsworth/lunar/client/framework/crash/CrashReportError.java	2
074	CrashReporter	com/moonsworth/lunar/client/framework/crash/CrashReporter.java	42
074	ExceptionSanitizer	com/moonsworth/lunar/client/framework/crash/ExceptionSanitizer.java	13
074	IchorStackTraceFilter	com/moonsworth/lunar/client/framework/crash/IchorStackTraceFilter.java	7
074	IgnoredExceptionPatterns	com/moonsworth/lunar/client/framework/crash/IgnoredExceptionPatterns.java	3
074	ThreadModuleDump	com/moonsworth/lunar/client/framework/crash/ThreadModuleDump.java	218
074	ThrowableJsonSerializer	com/moonsworth/lunar/client/framework/crash/ThrowableJsonSerializer.java	2
074	HudElement	com/moonsworth/lunar/client/framework/feature/HudElement.java	2
074	HudElementBounds	com/moonsworth/lunar/client/framework/feature/HudElementBounds.java	17
074	ModOptionOverrides	com/moonsworth/lunar/client/framework/feature/ModOptionOverrides.java	13
074	Module	com/moonsworth/lunar/client/framework/feature/Module.java	2
074	Module2	com/moonsworth/lunar/client/framework/feature/Module2.java	17
074	ModuleHandler	com/moonsworth/lunar/client/framework/feature/ModuleHandler.java	17
074	StaffXrayState	com/moonsworth/lunar/client/framework/feature/StaffXrayState.java	6
074	Staffxray	com/moonsworth/lunar/client/framework/feature/Staffxray.java	8
074	Lighting3Loader	com/moonsworth/lunar/client/framework/feature/animations/customhelditems/Lighting3Loader.java	18
074	Lighting3Loader2	com/moonsworth/lunar/client/framework/feature/animations/customhelditems/Lighting3Loader2.java	22
074	ArmorStatusListMode	com/moonsworth/lunar/client/framework/feature/armorstatus/ArmorStatusListMode.java	1
074	DurabilityDisplayMode	com/moonsworth/lunar/client/framework/feature/armorstatus/DurabilityDisplayMode.java	1
075	DurabilityPosition	com/moonsworth/lunar/client/framework/feature/armorstatus/DurabilityPosition.java	1
075	HotbarPosition	com/moonsworth/lunar/client/framework/feature/armorstatus/HotbarPosition.java	1
075	Armorstatusbarschild	com/moonsworth/lunar/client/framework/feature/armorstatus/armorstatusbarschild/Armorstatusbarschild.java	45
075	Armorstatusbarschild2	com/moonsworth/lunar/client/framework/feature/armorstatus/armorstatusbarschild/Armorstatusbarschild2.java	120
075	ArmorStatusDurabilityRenderer	com/moonsworth/lunar/client/framework/feature/armorstatus/hud/ArmorStatusDurabilityRenderer.java	32
075	ArmorStatusElement	com/moonsworth/lunar/client/framework/feature/armorstatus/hud/ArmorStatusElement.java	51
075	ArmorStatusElementChildMod	com/moonsworth/lunar/client/framework/feature/armorstatus/hud/ArmorStatusElementChildMod.java	8
075	ArmorStatusElementHud	com/moonsworth/lunar/client/framework/feature/armorstatus/hud/ArmorStatusElementHud.java	14
075	ArmorStatusElementProvider	com/moonsworth/lunar/client/framework/feature/armorstatus/hud/ArmorStatusElementProvider.java	15
075	ArmorStatusHud	com/moonsworth/lunar/client/framework/feature/armorstatus/hud/ArmorStatusHud.java	25
075	ArmorStatusPanelRenderer	com/moonsworth/lunar/client/framework/feature/armorstatus/hud/ArmorStatusPanelRenderer.java	103
075	Nameplate	com/moonsworth/lunar/client/framework/feature/armorstatus/nameplate/Nameplate.java	63
075	Nameplate2	com/moonsworth/lunar/client/framework/feature/armorstatus/nameplate/Nameplate2.java	34
075	Nameplate3	com/moonsworth/lunar/client/framework/feature/armorstatus/nameplate/Nameplate3.java	53
075	Nameplate4	com/moonsworth/lunar/client/framework/feature/armorstatus/nameplate/Nameplate4.java	135
075	Nameplate5	com/moonsworth/lunar/client/framework/feature/armorstatus/nameplate/Nameplate5.java	36
075	Framework7Extension2	com/moonsworth/lunar/client/framework/feature/armorstatus/nameplate/mixin/Framework7Extension2.java	14
075	Nameplate	com/moonsworth/lunar/client/framework/feature/armorstatus/nameplate/mixin/Nameplate.java	23
075	AbstractItemAttackIndicator	com/moonsworth/lunar/client/framework/feature/attackindicator/AbstractItemAttackIndicator.java	8
075	AttackIndicatorMode	com/moonsworth/lunar/client/framework/feature/attackindicator/AttackIndicatorMode.java	1
075	AttackIndicatorProvider	com/moonsworth/lunar/client/framework/feature/attackindicator/AttackIndicatorProvider.java	11
075	AttackIndicatorState	com/moonsworth/lunar/client/framework/feature/attackindicator/AttackIndicatorState.java	8
075	BlockBreakAttackIndicator	com/moonsworth/lunar/client/framework/feature/attackindicator/BlockBreakAttackIndicator.java	4
075	BowAttackIndicator	com/moonsworth/lunar/client/framework/feature/attackindicator/BowAttackIndicator.java	5
075	ConsumableAttackIndicator	com/moonsworth/lunar/client/framework/feature/attackindicator/ConsumableAttackIndicator.java	4
076	ContainerAttackIndicator	com/moonsworth/lunar/client/framework/feature/attackindicator/ContainerAttackIndicator.java	10
076	CooldownAttackIndicator	com/moonsworth/lunar/client/framework/feature/attackindicator/CooldownAttackIndicator.java	6
076	MeleeAttackIndicator	com/moonsworth/lunar/client/framework/feature/attackindicator/MeleeAttackIndicator.java	9
076	NonWeaponAttackIndicator	com/moonsworth/lunar/client/framework/feature/attackindicator/NonWeaponAttackIndicator.java	3
076	SleepAttackIndicator	com/moonsworth/lunar/client/framework/feature/attackindicator/SleepAttackIndicator.java	6
076	SpearAttackIndicator	com/moonsworth/lunar/client/framework/feature/attackindicator/SpearAttackIndicator.java	6
076	TridentAttackIndicator	com/moonsworth/lunar/client/framework/feature/attackindicator/TridentAttackIndicator.java	14
076	Attackindicator	com/moonsworth/lunar/client/framework/feature/attackindicator/mixin/Attackindicator.java	35
076	Attackindicator2	com/moonsworth/lunar/client/framework/feature/attackindicator/mixin/Attackindicator2.java	18
076	Attackindicator2Handler	com/moonsworth/lunar/client/framework/feature/attackindicator/mixin/Attackindicator2Handler.java	9
076	Attackindicator2Handler2	com/moonsworth/lunar/client/framework/feature/attackindicator/mixin/Attackindicator2Handler2.java	15
076	Attackindicator2Handler22	com/moonsworth/lunar/client/framework/feature/attackindicator/mixin/Attackindicator2Handler22.java	10
076	Attackindicator2Handler23	com/moonsworth/lunar/client/framework/feature/attackindicator/mixin/Attackindicator2Handler23.java	8
076	Attackindicator2Handler24	com/moonsworth/lunar/client/framework/feature/attackindicator/mixin/Attackindicator2Handler24.java	16
076	Attackindicator2Handler25	com/moonsworth/lunar/client/framework/feature/attackindicator/mixin/Attackindicator2Handler25.java	11
076	Attackindicator2Handler26	com/moonsworth/lunar/client/framework/feature/attackindicator/mixin/Attackindicator2Handler26.java	22
076	Attackindicator2Handler262	com/moonsworth/lunar/client/framework/feature/attackindicator/mixin/Attackindicator2Handler262.java	12
076	Attackindicator2Handler3	com/moonsworth/lunar/client/framework/feature/attackindicator/mixin/Attackindicator2Handler3.java	11
076	Attackindicator2Handler4	com/moonsworth/lunar/client/framework/feature/attackindicator/mixin/Attackindicator2Handler4.java	7
076	Attackindicator2Handler5	com/moonsworth/lunar/client/framework/feature/attackindicator/mixin/Attackindicator2Handler5.java	19
076	Attackindicator3	com/moonsworth/lunar/client/framework/feature/attackindicator/mixin/Attackindicator3.java	8
076	AutoTextAction	com/moonsworth/lunar/client/framework/feature/autotextactions/AutoTextAction.java	18
076	Lighting3Loader	com/moonsworth/lunar/client/framework/feature/autotextactions/Lighting3Loader.java	26
076	BlockOutlineMode	com/moonsworth/lunar/client/framework/feature/blockoutline/BlockOutlineMode.java	1
076	BlockOverlayMode	com/moonsworth/lunar/client/framework/feature/blockoutline/BlockOverlayMode.java	1
077	Blockoutline	com/moonsworth/lunar/client/framework/feature/blockoutline/Blockoutline.java	310
077	Chat	com/moonsworth/lunar/client/framework/feature/chat/Chat.java	66
077	Chat2	com/moonsworth/lunar/client/framework/feature/chat/Chat2.java	98
077	Chat3	com/moonsworth/lunar/client/framework/feature/chat/Chat3.java	26
077	Chat4	com/moonsworth/lunar/client/framework/feature/chat/Chat4.java	46
077	Chat5	com/moonsworth/lunar/client/framework/feature/chat/Chat5.java	64
077	ChatEmojiTransformer	com/moonsworth/lunar/client/framework/feature/chat/ChatEmojiTransformer.java	62
077	ChatFilter	com/moonsworth/lunar/client/framework/feature/chat/ChatFilter.java	18
077	ChatImagePreview	com/moonsworth/lunar/client/framework/feature/chat/ChatImagePreview.java	48
077	ChatMessageStacker	com/moonsworth/lunar/client/framework/feature/chat/ChatMessageStacker.java	20
077	ChatPlayerTracker	com/moonsworth/lunar/client/framework/feature/chat/ChatPlayerTracker.java	33
077	ProfanityFilterMode	com/moonsworth/lunar/client/framework/feature/chat/ProfanityFilterMode.java	1
077	ColorSaturationShader	com/moonsworth/lunar/client/framework/feature/colorsaturation/ColorSaturationShader.java	3
077	ColorsaturationExtension	com/moonsworth/lunar/client/framework/feature/colorsaturation/ColorsaturationExtension.java	5
077	Cooldown	com/moonsworth/lunar/client/framework/feature/cooldowns/Cooldown.java	57
077	CooldownTextPosition	com/moonsworth/lunar/client/framework/feature/cooldowns/CooldownTextPosition.java	1
077	Cooldowns	com/moonsworth/lunar/client/framework/feature/cooldowns/Cooldowns.java	68
077	IconCooldown	com/moonsworth/lunar/client/framework/feature/cooldowns/IconCooldown.java	10
077	ItemCooldown	com/moonsworth/lunar/client/framework/feature/cooldowns/ItemCooldown.java	14
077	CooldownsImpl	com/moonsworth/lunar/client/framework/feature/cooldowns/mixin/CooldownsImpl.java	19
077	CooldownsImpl2	com/moonsworth/lunar/client/framework/feature/cooldowns/mixin/CooldownsImpl2.java	16
077	CoordinatesBiomeChildMod	com/moonsworth/lunar/client/framework/feature/coordinates/CoordinatesBiomeChildMod.java	19
077	CoordinatesChildHudModImpl	com/moonsworth/lunar/client/framework/feature/coordinates/CoordinatesChildHudModImpl.java	23
077	CoordinatesChildHudModImpl2	com/moonsworth/lunar/client/framework/feature/coordinates/CoordinatesChildHudModImpl2.java	52
077	CoordinatesDirectionChildMod	com/moonsworth/lunar/client/framework/feature/coordinates/CoordinatesDirectionChildMod.java	45
078	Crosshair	com/moonsworth/lunar/client/framework/feature/crosshair/Crosshair.java	20
078	Crosshair2	com/moonsworth/lunar/client/framework/feature/crosshair/Crosshair2.java	61
078	Crosshair3	com/moonsworth/lunar/client/framework/feature/crosshair/Crosshair3.java	19
078	CrosshairGridSize	com/moonsworth/lunar/client/framework/feature/crosshair/CrosshairGridSize.java	4
078	CrosshairMode	com/moonsworth/lunar/client/framework/feature/crosshair/CrosshairMode.java	1
078	CrosshairPattern	com/moonsworth/lunar/client/framework/feature/crosshair/CrosshairPattern.java	35
078	CrosshairPresets	com/moonsworth/lunar/client/framework/feature/crosshair/CrosshairPresets.java	16
078	CrosshairScale	com/moonsworth/lunar/client/framework/feature/crosshair/CrosshairScale.java	2
078	CrosshairShape	com/moonsworth/lunar/client/framework/feature/crosshair/CrosshairShape.java	1
078	CrosshairShapeDrawer	com/moonsworth/lunar/client/framework/feature/crosshair/crosshairelytra/CrosshairShapeDrawer.java	66
078	CrosshairShapeRenderer	com/moonsworth/lunar/client/framework/feature/crosshair/crosshairelytra/CrosshairShapeRenderer.java	96
078	CrosshairTextureRenderer	com/moonsworth/lunar/client/framework/feature/crosshair/crosshairelytra/CrosshairTextureRenderer.java	40
078	Crosshairelytra	com/moonsworth/lunar/client/framework/feature/crosshair/crosshairelytra/Crosshairelytra.java	78
078	Crosshairelytra2	com/moonsworth/lunar/client/framework/feature/crosshair/crosshairelytra/Crosshairelytra2.java	135
078	Crosshairelytra3	com/moonsworth/lunar/client/framework/feature/crosshair/crosshairelytra/Crosshairelytra3.java	59
078	Gui2Extension2	com/moonsworth/lunar/client/framework/feature/crosshair/mixin/Gui2Extension2.java	6
078	Debug	com/moonsworth/lunar/client/framework/feature/debug/Debug.java	64
078	DebugArchive	com/moonsworth/lunar/client/framework/feature/debug/fpsdebugmod/DebugArchive.java	31
078	DynamicListenerDebugTask	com/moonsworth/lunar/client/framework/feature/debug/fpsdebugmod/DynamicListenerDebugTask.java	4
078	EventBusDebugTask	com/moonsworth/lunar/client/framework/feature/debug/fpsdebugmod/EventBusDebugTask.java	6
078	F3DataTask	com/moonsworth/lunar/client/framework/feature/debug/fpsdebugmod/F3DataTask.java	9
078	FeatureFlagsTask	com/moonsworth/lunar/client/framework/feature/debug/fpsdebugmod/FeatureFlagsTask.java	4
078	FpsDebugCollector	com/moonsworth/lunar/client/framework/feature/debug/fpsdebugmod/FpsDebugCollector.java	10
078	FpsDebugTask	com/moonsworth/lunar/client/framework/feature/debug/fpsdebugmod/FpsDebugTask.java	4
078	Fpsdebugmod	com/moonsworth/lunar/client/framework/feature/debug/fpsdebugmod/Fpsdebugmod.java	40
079	Fpsdebugmod2	com/moonsworth/lunar/client/framework/feature/debug/fpsdebugmod/Fpsdebugmod2.java	4
079	Fpsdebugmod3	com/moonsworth/lunar/client/framework/feature/debug/fpsdebugmod/Fpsdebugmod3.java	21
079	GpuObjectsTask	com/moonsworth/lunar/client/framework/feature/debug/fpsdebugmod/GpuObjectsTask.java	4
079	McSettingsTask	com/moonsworth/lunar/client/framework/feature/debug/fpsdebugmod/McSettingsTask.java	5
079	MiscDataTask	com/moonsworth/lunar/client/framework/feature/debug/fpsdebugmod/MiscDataTask.java	5
079	ModsEnabledTask	com/moonsworth/lunar/client/framework/feature/debug/fpsdebugmod/ModsEnabledTask.java	9
079	ProfileDataTask	com/moonsworth/lunar/client/framework/feature/debug/fpsdebugmod/ProfileDataTask.java	4
079	ThreadDumpTask	com/moonsworth/lunar/client/framework/feature/debug/fpsdebugmod/ThreadDumpTask.java	4
079	Fpsdebugmod	com/moonsworth/lunar/client/framework/feature/debug/fpsdebugmod/mixin/Fpsdebugmod.java	4
079	Fpsdebugmod2	com/moonsworth/lunar/client/framework/feature/debug/fpsdebugmod/mixin/Fpsdebugmod2.java	11
079	Fpsdebugmod3	com/moonsworth/lunar/client/framework/feature/debug/fpsdebugmod/mixin/Fpsdebugmod3.java	5
079	Fpsdebugmod4	com/moonsworth/lunar/client/framework/feature/debug/fpsdebugmod/mixin/Fpsdebugmod4.java	10
079	Fpsdebugmod4Impl	com/moonsworth/lunar/client/framework/feature/debug/fpsdebugmod/mixin/Fpsdebugmod4Impl.java	10
079	Fpsdebugmod4Impl2	com/moonsworth/lunar/client/framework/feature/debug/fpsdebugmod/mixin/Fpsdebugmod4Impl2.java	5
079	Fpsdebugmod4Impl3	com/moonsworth/lunar/client/framework/feature/debug/fpsdebugmod/mixin/Fpsdebugmod4Impl3.java	10
079	Fpsdebugmod4Impl4	com/moonsworth/lunar/client/framework/feature/debug/fpsdebugmod/mixin/Fpsdebugmod4Impl4.java	4
079	Fpsdebugmod4Iterator	com/moonsworth/lunar/client/framework/feature/debug/fpsdebugmod/mixin/Fpsdebugmod4Iterator.java	8
079	Fpsdebugmod4Iterator2	com/moonsworth/lunar/client/framework/feature/debug/fpsdebugmod/mixin/Fpsdebugmod4Iterator2.java	14
079	AllThreadsProfiler	com/moonsworth/lunar/client/framework/feature/debug/fpsdebugmod/profilerdebugmod/AllThreadsProfiler.java	1
079	Profile	com/moonsworth/lunar/client/framework/feature/debug/fpsdebugmod/profilerdebugmod/Profile.java	17
079	ProfileCallNode	com/moonsworth/lunar/client/framework/feature/debug/fpsdebugmod/profilerdebugmod/ProfileCallNode.java	17
079	ProfileEncoder	com/moonsworth/lunar/client/framework/feature/debug/fpsdebugmod/profilerdebugmod/ProfileEncoder.java	2
079	ProfileMetadata	com/moonsworth/lunar/client/framework/feature/debug/fpsdebugmod/profilerdebugmod/ProfileMetadata.java	3
079	ProfileUploadThrottle	com/moonsworth/lunar/client/framework/feature/debug/fpsdebugmod/profilerdebugmod/ProfileUploadThrottle.java	13
079	ProfileUploader	com/moonsworth/lunar/client/framework/feature/debug/fpsdebugmod/profilerdebugmod/ProfileUploader.java	11
080	ProfilerEngine	com/moonsworth/lunar/client/framework/feature/debug/fpsdebugmod/profilerdebugmod/ProfilerEngine.java	44
080	Profilerdebugmod	com/moonsworth/lunar/client/framework/feature/debug/fpsdebugmod/profilerdebugmod/Profilerdebugmod.java	53
080	Profilerdebugmod2$Data	com/moonsworth/lunar/client/framework/feature/debug/fpsdebugmod/profilerdebugmod/Profilerdebugmod2$Data.java	16
080	Profilerdebugmod2	com/moonsworth/lunar/client/framework/feature/debug/fpsdebugmod/profilerdebugmod/Profilerdebugmod2.java	22
080	Profilerdebugmod2_2	com/moonsworth/lunar/client/framework/feature/debug/fpsdebugmod/profilerdebugmod/Profilerdebugmod2_2.java	7
080	Profilerdebugmod2_3	com/moonsworth/lunar/client/framework/feature/debug/fpsdebugmod/profilerdebugmod/Profilerdebugmod2_3.java	15
080	Profilerdebugmod3	com/moonsworth/lunar/client/framework/feature/debug/fpsdebugmod/profilerdebugmod/Profilerdebugmod3.java	3
080	Profilerdebugmod4	com/moonsworth/lunar/client/framework/feature/debug/fpsdebugmod/profilerdebugmod/Profilerdebugmod4.java	27
080	Profilerdebugmod_3	com/moonsworth/lunar/client/framework/feature/debug/fpsdebugmod/profilerdebugmod/Profilerdebugmod_3.java	10
080	StringPool	com/moonsworth/lunar/client/framework/feature/debug/fpsdebugmod/profilerdebugmod/StringPool.java	10
080	ThreadProfiler	com/moonsworth/lunar/client/framework/feature/debug/fpsdebugmod/profilerdebugmod/ThreadProfiler.java	10
080	Profilerdebugmod	com/moonsworth/lunar/client/framework/feature/debug/fpsdebugmod/profilerdebugmod/mixin/Profilerdebugmod.java	16
080	ProfilerdebugmodIterator	com/moonsworth/lunar/client/framework/feature/debug/fpsdebugmod/profilerdebugmod/mixin/ProfilerdebugmodIterator.java	3
080	OptimizationDebugOption	com/moonsworth/lunar/client/framework/feature/debug/optimizationdebugmod/OptimizationDebugOption.java	15
080	OptimizationdebugmodType	com/moonsworth/lunar/client/framework/feature/debug/optimizationdebugmod/OptimizationdebugmodType.java	18
080	OptimizationdebugmodType2	com/moonsworth/lunar/client/framework/feature/debug/optimizationdebugmod/OptimizationdebugmodType2.java	1
080	Markers3Handler	com/moonsworth/lunar/client/framework/feature/debug/shaderdebugmod/Markers3Handler.java	5
080	ShaderCloakEditorContext	com/moonsworth/lunar/client/framework/feature/debug/shaderdebugmod/ShaderCloakEditorContext.java	2
080	ShaderCloakExporter	com/moonsworth/lunar/client/framework/feature/debug/shaderdebugmod/ShaderCloakExporter.java	44
080	ShaderDebugJsBridge	com/moonsworth/lunar/client/framework/feature/debug/shaderdebugmod/ShaderDebugJsBridge.java	38
080	ShaderDirectoryWatcher	com/moonsworth/lunar/client/framework/feature/debug/shaderdebugmod/ShaderDirectoryWatcher.java	2
080	ShaderPreviewRenderer	com/moonsworth/lunar/client/framework/feature/debug/shaderdebugmod/ShaderPreviewRenderer.java	24
080	Shaderdebugmod	com/moonsworth/lunar/client/framework/feature/debug/shaderdebugmod/Shaderdebugmod.java	263
080	Shaderdebugmod2	com/moonsworth/lunar/client/framework/feature/debug/shaderdebugmod/Shaderdebugmod2.java	87
080	Shaderdebugmod3	com/moonsworth/lunar/client/framework/feature/debug/shaderdebugmod/Shaderdebugmod3.java	5
081	Shaderdebugmod4	com/moonsworth/lunar/client/framework/feature/debug/shaderdebugmod/Shaderdebugmod4.java	27
081	Shaderdebugmod5	com/moonsworth/lunar/client/framework/feature/debug/shaderdebugmod/Shaderdebugmod5.java	44
081	Directionhud	com/moonsworth/lunar/client/framework/feature/directionhud/Directionhud.java	9
081	Directionhud2	com/moonsworth/lunar/client/framework/feature/directionhud/Directionhud2.java	57
081	Directionhud3	com/moonsworth/lunar/client/framework/feature/directionhud/Directionhud3.java	77
081	Directionhud3Impl	com/moonsworth/lunar/client/framework/feature/directionhud/Directionhud3Impl.java	8
081	F3DebugConditionalWriter	com/moonsworth/lunar/client/framework/feature/f3display/F3DebugConditionalWriter.java	9
081	F3DebugEntry	com/moonsworth/lunar/client/framework/feature/f3display/F3DebugEntry.java	3
081	F3DebugInfo	com/moonsworth/lunar/client/framework/feature/f3display/F3DebugInfo.java	104
081	F3DebugLine	com/moonsworth/lunar/client/framework/feature/f3display/F3DebugLine.java	9
081	F3DebugMeasurer	com/moonsworth/lunar/client/framework/feature/f3display/F3DebugMeasurer.java	13
081	F3DebugRenderer	com/moonsworth/lunar/client/framework/feature/f3display/F3DebugRenderer.java	91
081	F3DebugRendererWriter	com/moonsworth/lunar/client/framework/feature/f3display/F3DebugRendererWriter.java	10
081	F3DebugWriter	com/moonsworth/lunar/client/framework/feature/f3display/F3DebugWriter.java	18
081	F3PieSlice	com/moonsworth/lunar/client/framework/feature/f3display/F3PieSlice.java	6
081	F3display$Data	com/moonsworth/lunar/client/framework/feature/f3display/F3display$Data.java	7
081	F3display$Data2	com/moonsworth/lunar/client/framework/feature/f3display/F3display$Data2.java	14
081	F3display$Data3	com/moonsworth/lunar/client/framework/feature/f3display/F3display$Data3.java	14
081	F3display$Data4	com/moonsworth/lunar/client/framework/feature/f3display/F3display$Data4.java	19
081	F3display	com/moonsworth/lunar/client/framework/feature/f3display/F3display.java	149
081	F3display2	com/moonsworth/lunar/client/framework/feature/f3display/F3display2.java	110
081	F3display2_2	com/moonsworth/lunar/client/framework/feature/f3display/F3display2_2.java	28
081	F3display3	com/moonsworth/lunar/client/framework/feature/f3display/F3display3.java	6
081	F3display_2	com/moonsworth/lunar/client/framework/feature/f3display/F3display_2.java	12
081	F3display_3	com/moonsworth/lunar/client/framework/feature/f3display/F3display_3.java	25
082	Gui2Extension	com/moonsworth/lunar/client/framework/feature/f3display/Gui2Extension.java	9
082	TargetInfoProvider	com/moonsworth/lunar/client/framework/feature/f3display/TargetInfoProvider.java	16
082	TargetInfoRegistry	com/moonsworth/lunar/client/framework/feature/f3display/TargetInfoRegistry.java	4
082	BandwidthChart	com/moonsworth/lunar/client/framework/feature/f3display/chart/BandwidthChart.java	24
082	F3Chart	com/moonsworth/lunar/client/framework/feature/f3display/chart/F3Chart.java	57
082	FpsChart	com/moonsworth/lunar/client/framework/feature/f3display/chart/FpsChart.java	12
082	GpuChart	com/moonsworth/lunar/client/framework/feature/f3display/chart/GpuChart.java	8
082	PingChart	com/moonsworth/lunar/client/framework/feature/f3display/chart/PingChart.java	5
082	RamChart	com/moonsworth/lunar/client/framework/feature/f3display/chart/RamChart.java	22
082	F3display	com/moonsworth/lunar/client/framework/feature/f3display/mixin/F3display.java	71
082	F3displayImpl	com/moonsworth/lunar/client/framework/feature/f3display/mixin/F3displayImpl.java	25
082	F3displayImpl2	com/moonsworth/lunar/client/framework/feature/f3display/mixin/F3displayImpl2.java	12
082	F3displayImpl3	com/moonsworth/lunar/client/framework/feature/f3display/mixin/F3displayImpl3.java	8
082	F3displayImpl4	com/moonsworth/lunar/client/framework/feature/f3display/mixin/F3displayImpl4.java	23
082	F3displayImpl5	com/moonsworth/lunar/client/framework/feature/f3display/mixin/F3displayImpl5.java	5
082	FreelookMode	com/moonsworth/lunar/client/framework/feature/freelook/FreelookMode.java	2
082	Gui	com/moonsworth/lunar/client/framework/feature/gui/Gui.java	23
082	Gui2	com/moonsworth/lunar/client/framework/feature/gui/Gui2.java	55
082	GuiUpdater	com/moonsworth/lunar/client/framework/feature/gui/GuiUpdater.java	137
082	GuiUpdater2	com/moonsworth/lunar/client/framework/feature/gui/GuiUpdater2.java	36
082	GuiUpdater3	com/moonsworth/lunar/client/framework/feature/gui/GuiUpdater3.java	39
082	HeightLimitRenderer	com/moonsworth/lunar/client/framework/feature/heightlimit/HeightLimitRenderer.java	153
082	HeightLimitState	com/moonsworth/lunar/client/framework/feature/heightlimit/HeightLimitState.java	7
082	Heightlimit	com/moonsworth/lunar/client/framework/feature/heightlimit/Heightlimit.java	3
082	Heightlimit2	com/moonsworth/lunar/client/framework/feature/heightlimit/Heightlimit2.java	188
083	TitlesHandler	com/moonsworth/lunar/client/framework/feature/hypixelbedwars/TitlesHandler.java	4
083	Bedwars	com/moonsworth/lunar/client/framework/feature/hypixelbedwars/bedwars/Bedwars.java	74
083	BedwarsUpdater	com/moonsworth/lunar/client/framework/feature/hypixelbedwars/bedwars/BedwarsUpdater.java	11
083	BedwarsBedModelFactory	com/moonsworth/lunar/client/framework/feature/hypixelbedwars/mixin/BedwarsBedModelFactory.java	17
083	BedwarsTeamColorMapper	com/moonsworth/lunar/client/framework/feature/hypixelbedwars/mixin/BedwarsTeamColorMapper.java	14
083	Hypixelbedwars	com/moonsworth/lunar/client/framework/feature/hypixelbedwars/mixin/Hypixelbedwars.java	42
083	Hypixelbedwars2	com/moonsworth/lunar/client/framework/feature/hypixelbedwars/mixin/Hypixelbedwars2.java	27
083	InventorySlotUtils	com/moonsworth/lunar/client/framework/feature/inventorymod/InventorySlotUtils.java	24
083	Inventorymod	com/moonsworth/lunar/client/framework/feature/inventorymod/Inventorymod.java	50
083	GuiRewindhandlersHandler2	com/moonsworth/lunar/client/framework/feature/inventorymod/mixin/GuiRewindhandlersHandler2.java	21
083	InventoryScreenPreserver	com/moonsworth/lunar/client/framework/feature/inventorymod/mixin/InventoryScreenPreserver.java	14
083	InventorySearchOverlay	com/moonsworth/lunar/client/framework/feature/inventorymod/slot/inventorysearch/InventorySearchOverlay.java	38
083	ModuleBase2	com/moonsworth/lunar/client/framework/feature/inventorymod/slot/inventorysearch/ModuleBase2.java	50
083	DamagedItemEntry	com/moonsworth/lunar/client/framework/feature/itemcounter/DamagedItemEntry.java	6
083	ItemCounterEntry	com/moonsworth/lunar/client/framework/feature/itemcounter/ItemCounterEntry.java	12
083	ItemCounterRenderer	com/moonsworth/lunar/client/framework/feature/itemcounter/ItemCounterRenderer.java	46
083	Itemcounter	com/moonsworth/lunar/client/framework/feature/itemcounter/Itemcounter.java	55
083	Itemcounter2	com/moonsworth/lunar/client/framework/feature/itemcounter/Itemcounter2.java	12
083	Itemcounter3	com/moonsworth/lunar/client/framework/feature/itemcounter/Itemcounter3.java	15
083	ItemcounterImpl	com/moonsworth/lunar/client/framework/feature/itemcounter/ItemcounterImpl.java	6
083	Itemcounter_2	com/moonsworth/lunar/client/framework/feature/itemcounter/Itemcounter_2.java	18
083	PotionItemCounterEntry	com/moonsworth/lunar/client/framework/feature/itemcounter/PotionItemCounterEntry.java	11
083	PotionVariantItemCounterEntry	com/moonsworth/lunar/client/framework/feature/itemcounter/PotionVariantItemCounterEntry.java	13
083	BlockVariantAliases	com/moonsworth/lunar/client/framework/feature/itemcounter/mixin/BlockVariantAliases.java	12
083	Itemcounter	com/moonsworth/lunar/client/framework/feature/itemcounter/mixin/Itemcounter.java	14
084	Itemphysics	com/moonsworth/lunar/client/framework/feature/itemphysics/mixin/Itemphysics.java	6
084	ItemTrackerData	com/moonsworth/lunar/client/framework/feature/itemtracker/ItemTrackerData.java	19
084	Itemtracker	com/moonsworth/lunar/client/framework/feature/itemtracker/Itemtracker.java	23
084	CircularFillKeystrokeRenderer	com/moonsworth/lunar/client/framework/feature/keystrokes/CircularFillKeystrokeRenderer.java	9
084	CollapseKeystrokeRenderer	com/moonsworth/lunar/client/framework/feature/keystrokes/CollapseKeystrokeRenderer.java	5
084	CrossCollapseKeystrokeRenderer	com/moonsworth/lunar/client/framework/feature/keystrokes/CrossCollapseKeystrokeRenderer.java	5
084	CrossGrowKeystrokeRenderer	com/moonsworth/lunar/client/framework/feature/keystrokes/CrossGrowKeystrokeRenderer.java	7
084	DefaultKeystrokeKey	com/moonsworth/lunar/client/framework/feature/keystrokes/DefaultKeystrokeKey.java	33
084	DiagonalCollapseKeystrokeRenderer	com/moonsworth/lunar/client/framework/feature/keystrokes/DiagonalCollapseKeystrokeRenderer.java	5
084	DiagonalGrowKeystrokeRenderer	com/moonsworth/lunar/client/framework/feature/keystrokes/DiagonalGrowKeystrokeRenderer.java	5
084	EasingFunction	com/moonsworth/lunar/client/framework/feature/keystrokes/EasingFunction.java	8
084	FillKeystrokeRenderer	com/moonsworth/lunar/client/framework/feature/keystrokes/FillKeystrokeRenderer.java	7
084	Framework7Extension2	com/moonsworth/lunar/client/framework/feature/keystrokes/Framework7Extension2.java	81
084	FullKeystrokeTimer	com/moonsworth/lunar/client/framework/feature/keystrokes/FullKeystrokeTimer.java	11
084	Gui2Extension2	com/moonsworth/lunar/client/framework/feature/keystrokes/Gui2Extension2.java	10
084	HalfKeystrokeTimer	com/moonsworth/lunar/client/framework/feature/keystrokes/HalfKeystrokeTimer.java	6
084	HeadFillKeystrokeRenderer	com/moonsworth/lunar/client/framework/feature/keystrokes/HeadFillKeystrokeRenderer.java	6
084	HorizontalCollapseKeystrokeRenderer	com/moonsworth/lunar/client/framework/feature/keystrokes/HorizontalCollapseKeystrokeRenderer.java	4
084	HorizontalGrowKeystrokeRenderer	com/moonsworth/lunar/client/framework/feature/keystrokes/HorizontalGrowKeystrokeRenderer.java	5
084	KeystrokeAnimation	com/moonsworth/lunar/client/framework/feature/keystrokes/KeystrokeAnimation.java	6
084	KeystrokeAnimationStyle	com/moonsworth/lunar/client/framework/feature/keystrokes/KeystrokeAnimationStyle.java	1
084	KeystrokeAnimationType	com/moonsworth/lunar/client/framework/feature/keystrokes/KeystrokeAnimationType.java	1
084	KeystrokeKey	com/moonsworth/lunar/client/framework/feature/keystrokes/KeystrokeKey.java	67
084	KeystrokeLayout	com/moonsworth/lunar/client/framework/feature/keystrokes/KeystrokeLayout.java	43
084	KeystrokeRenderer	com/moonsworth/lunar/client/framework/feature/keystrokes/KeystrokeRenderer.java	15
085	KeystrokeTimer	com/moonsworth/lunar/client/framework/feature/keystrokes/KeystrokeTimer.java	4
085	KeystrokeTimerType	com/moonsworth/lunar/client/framework/feature/keystrokes/KeystrokeTimerType.java	2
085	Keystrokes	com/moonsworth/lunar/client/framework/feature/keystrokes/Keystrokes.java	12
085	Keystrokes10	com/moonsworth/lunar/client/framework/feature/keystrokes/Keystrokes10.java	9
085	Keystrokes11	com/moonsworth/lunar/client/framework/feature/keystrokes/Keystrokes11.java	27
085	Keystrokes12	com/moonsworth/lunar/client/framework/feature/keystrokes/Keystrokes12.java	5
085	Keystrokes13	com/moonsworth/lunar/client/framework/feature/keystrokes/Keystrokes13.java	7
085	Keystrokes14	com/moonsworth/lunar/client/framework/feature/keystrokes/Keystrokes14.java	7
085	Keystrokes15	com/moonsworth/lunar/client/framework/feature/keystrokes/Keystrokes15.java	7
085	Keystrokes16	com/moonsworth/lunar/client/framework/feature/keystrokes/Keystrokes16.java	7
085	Keystrokes17	com/moonsworth/lunar/client/framework/feature/keystrokes/Keystrokes17.java	9
085	Keystrokes18	com/moonsworth/lunar/client/framework/feature/keystrokes/Keystrokes18.java	7
085	Keystrokes19	com/moonsworth/lunar/client/framework/feature/keystrokes/Keystrokes19.java	7
085	Keystrokes19Impl	com/moonsworth/lunar/client/framework/feature/keystrokes/Keystrokes19Impl.java	10
085	Keystrokes19Impl2	com/moonsworth/lunar/client/framework/feature/keystrokes/Keystrokes19Impl2.java	6
085	Keystrokes19Impl3	com/moonsworth/lunar/client/framework/feature/keystrokes/Keystrokes19Impl3.java	20
085	Keystrokes2	com/moonsworth/lunar/client/framework/feature/keystrokes/Keystrokes2.java	4
085	Keystrokes2Handler	com/moonsworth/lunar/client/framework/feature/keystrokes/Keystrokes2Handler.java	11
085	Keystrokes2Handler2	com/moonsworth/lunar/client/framework/feature/keystrokes/Keystrokes2Handler2.java	6
085	Keystrokes2Handler3	com/moonsworth/lunar/client/framework/feature/keystrokes/Keystrokes2Handler3.java	12
085	Keystrokes3	com/moonsworth/lunar/client/framework/feature/keystrokes/Keystrokes3.java	20
085	Keystrokes4	com/moonsworth/lunar/client/framework/feature/keystrokes/Keystrokes4.java	7
085	Keystrokes5	com/moonsworth/lunar/client/framework/feature/keystrokes/Keystrokes5.java	7
085	Keystrokes6	com/moonsworth/lunar/client/framework/feature/keystrokes/Keystrokes6.java	21
085	Keystrokes7	com/moonsworth/lunar/client/framework/feature/keystrokes/Keystrokes7.java	11
086	Keystrokes8	com/moonsworth/lunar/client/framework/feature/keystrokes/Keystrokes8.java	7
086	Keystrokes9	com/moonsworth/lunar/client/framework/feature/keystrokes/Keystrokes9.java	6
086	MultiSquareFillKeystrokeRenderer	com/moonsworth/lunar/client/framework/feature/keystrokes/MultiSquareFillKeystrokeRenderer.java	5
086	RippleKeystrokeRenderer	com/moonsworth/lunar/client/framework/feature/keystrokes/RippleKeystrokeRenderer.java	7
086	SandKeystrokeRenderer	com/moonsworth/lunar/client/framework/feature/keystrokes/SandKeystrokeRenderer.java	15
086	SmoothFillKeystrokeRenderer	com/moonsworth/lunar/client/framework/feature/keystrokes/SmoothFillKeystrokeRenderer.java	10
086	SpiralKeystrokeRenderer	com/moonsworth/lunar/client/framework/feature/keystrokes/SpiralKeystrokeRenderer.java	21
086	SyncedKeystrokeTimer	com/moonsworth/lunar/client/framework/feature/keystrokes/SyncedKeystrokeTimer.java	12
086	TriangulateKeystrokeRenderer	com/moonsworth/lunar/client/framework/feature/keystrokes/TriangulateKeystrokeRenderer.java	3
086	VerticalCollapseKeystrokeRenderer	com/moonsworth/lunar/client/framework/feature/keystrokes/VerticalCollapseKeystrokeRenderer.java	4
086	VerticalGrowKeystrokeRenderer	com/moonsworth/lunar/client/framework/feature/keystrokes/VerticalGrowKeystrokeRenderer.java	5
086	ZipperKeystrokeRenderer	com/moonsworth/lunar/client/framework/feature/keystrokes/ZipperKeystrokeRenderer.java	18
086	Framework7Extension2	com/moonsworth/lunar/client/framework/feature/keystrokes/mixin/Framework7Extension2.java	44
086	Keystrokes	com/moonsworth/lunar/client/framework/feature/keystrokes/mixin/Keystrokes.java	76
086	ChatPatternKillMessageParser	com/moonsworth/lunar/client/framework/feature/killsounds/ChatPatternKillMessageParser.java	8
086	DeathMessageKillParser	com/moonsworth/lunar/client/framework/feature/killsounds/DeathMessageKillParser.java	5
086	KillEvent	com/moonsworth/lunar/client/framework/feature/killsounds/KillEvent.java	6
086	KillMessageParser	com/moonsworth/lunar/client/framework/feature/killsounds/KillMessageParser.java	2
086	KillSoundFilter	com/moonsworth/lunar/client/framework/feature/killsounds/KillSoundFilter.java	23
086	KillSoundSettings	com/moonsworth/lunar/client/framework/feature/killsounds/KillSoundSettings.java	18
086	KillSoundTracker	com/moonsworth/lunar/client/framework/feature/killsounds/KillSoundTracker.java	37
086	Killsounds	com/moonsworth/lunar/client/framework/feature/killsounds/Killsounds.java	29
086	Killsounds	com/moonsworth/lunar/client/framework/feature/killsounds/mixin/Killsounds.java	63
086	Killsounds2	com/moonsworth/lunar/client/framework/feature/killsounds/mixin/Killsounds2.java	6
086	Killsounds3	com/moonsworth/lunar/client/framework/feature/killsounds/mixin/Killsounds3.java	26
087	Killsounds4	com/moonsworth/lunar/client/framework/feature/killsounds/mixin/Killsounds4.java	2
087	Killsounds4Loader	com/moonsworth/lunar/client/framework/feature/killsounds/mixin/Killsounds4Loader.java	10
087	Killsounds4Loader2	com/moonsworth/lunar/client/framework/feature/killsounds/mixin/Killsounds4Loader2.java	6
087	KnockbackEvent	com/moonsworth/lunar/client/framework/feature/knockbacktrainer/KnockbackEvent.java	4
087	KnockbackTrainerThread	com/moonsworth/lunar/client/framework/feature/knockbacktrainer/KnockbackTrainerThread.java	4
087	Knockbacktrainer	com/moonsworth/lunar/client/framework/feature/knockbacktrainer/mixin/Knockbacktrainer.java	5
087	LightOverlayBoxRenderer	com/moonsworth/lunar/client/framework/feature/lightoverlay/LightOverlayBoxRenderer.java	14
087	LightOverlayCrossRenderer	com/moonsworth/lunar/client/framework/feature/lightoverlay/LightOverlayCrossRenderer.java	10
087	LightOverlayRenderer	com/moonsworth/lunar/client/framework/feature/lightoverlay/LightOverlayRenderer.java	6
087	Lightoverlay	com/moonsworth/lunar/client/framework/feature/lightoverlay/Lightoverlay.java	6
087	Lightoverlay2	com/moonsworth/lunar/client/framework/feature/lightoverlay/Lightoverlay2.java	190
087	LightoverlayHandler	com/moonsworth/lunar/client/framework/feature/lightoverlay/LightoverlayHandler.java	12
087	LightoverlayHandler2	com/moonsworth/lunar/client/framework/feature/lightoverlay/LightoverlayHandler2.java	44
087	LightoverlayHandler3	com/moonsworth/lunar/client/framework/feature/lightoverlay/LightoverlayHandler3.java	16
087	BannerIconMapping	com/moonsworth/lunar/client/framework/feature/markers/BannerIconMapping.java	5
087	BlockVariantIconMapping	com/moonsworth/lunar/client/framework/feature/markers/BlockVariantIconMapping.java	10
087	BoatIconMapping	com/moonsworth/lunar/client/framework/feature/markers/BoatIconMapping.java	6
087	DyeColorIconMapping	com/moonsworth/lunar/client/framework/feature/markers/DyeColorIconMapping.java	12
087	DynamicMapping	com/moonsworth/lunar/client/framework/feature/markers/DynamicMapping.java	8
087	EntityIconRegistry	com/moonsworth/lunar/client/framework/feature/markers/EntityIconRegistry.java	15
087	FenceIconMapping	com/moonsworth/lunar/client/framework/feature/markers/FenceIconMapping.java	7
087	GrassIconMapping	com/moonsworth/lunar/client/framework/feature/markers/GrassIconMapping.java	8
087	HorseIconMapping	com/moonsworth/lunar/client/framework/feature/markers/HorseIconMapping.java	6
087	IconMapping	com/moonsworth/lunar/client/framework/feature/markers/IconMapping.java	10
087	IconRegistry	com/moonsworth/lunar/client/framework/feature/markers/IconRegistry.java	22
088	ItemBoatIconMapping	com/moonsworth/lunar/client/framework/feature/markers/ItemBoatIconMapping.java	6
088	ItemIconRegistry	com/moonsworth/lunar/client/framework/feature/markers/ItemIconRegistry.java	16
088	LeavesIconMapping	com/moonsworth/lunar/client/framework/feature/markers/LeavesIconMapping.java	13
088	LegacyItemAliasMapping	com/moonsworth/lunar/client/framework/feature/markers/LegacyItemAliasMapping.java	9
088	LogIconMapping	com/moonsworth/lunar/client/framework/feature/markers/LogIconMapping.java	13
088	MarkerManager	com/moonsworth/lunar/client/framework/feature/markers/MarkerManager.java	47
088	MarkerModel	com/moonsworth/lunar/client/framework/feature/markers/MarkerModel.java	94
088	MarkerSource	com/moonsworth/lunar/client/framework/feature/markers/MarkerSource.java	9
088	MarkerTeam	com/moonsworth/lunar/client/framework/feature/markers/MarkerTeam.java	6
088	MarkerModel	com/moonsworth/lunar/client/framework/feature/markers/Markers.java	91
088	Markers10	com/moonsworth/lunar/client/framework/feature/markers/Markers10.java	13
088	Markers11	com/moonsworth/lunar/client/framework/feature/markers/Markers11.java	17
088	Markers12	com/moonsworth/lunar/client/framework/feature/markers/Markers12.java	12
088	Markers12Base	com/moonsworth/lunar/client/framework/feature/markers/Markers12Base.java	17
088	Markers12Base2	com/moonsworth/lunar/client/framework/feature/markers/Markers12Base2.java	17
088	Markers12Base3	com/moonsworth/lunar/client/framework/feature/markers/Markers12Base3.java	17
088	Markers12Impl	com/moonsworth/lunar/client/framework/feature/markers/Markers12Impl.java	12
088	Markers12Impl2	com/moonsworth/lunar/client/framework/feature/markers/Markers12Impl2.java	12
088	Markers12Impl3	com/moonsworth/lunar/client/framework/feature/markers/Markers12Impl3.java	11
088	Markers12Impl4	com/moonsworth/lunar/client/framework/feature/markers/Markers12Impl4.java	19
088	Markers12Impl5	com/moonsworth/lunar/client/framework/feature/markers/Markers12Impl5.java	17
088	Markers12Impl6	com/moonsworth/lunar/client/framework/feature/markers/Markers12Impl6.java	11
088	Markers2	com/moonsworth/lunar/client/framework/feature/markers/Markers2.java	109
088	Markers2_2	com/moonsworth/lunar/client/framework/feature/markers/Markers2_2.java	9
088	Markers2_3	com/moonsworth/lunar/client/framework/feature/markers/Markers2_3.java	9
089	Markers3	com/moonsworth/lunar/client/framework/feature/markers/Markers3.java	175
089	Markers3_2	com/moonsworth/lunar/client/framework/feature/markers/Markers3_2.java	8
089	Markers3_3	com/moonsworth/lunar/client/framework/feature/markers/Markers3_3.java	10
089	Markers4	com/moonsworth/lunar/client/framework/feature/markers/Markers4.java	14
089	Markers5	com/moonsworth/lunar/client/framework/feature/markers/Markers5.java	14
089	Markers6	com/moonsworth/lunar/client/framework/feature/markers/Markers6.java	10
089	Markers7	com/moonsworth/lunar/client/framework/feature/markers/Markers7.java	13
089	Markers8	com/moonsworth/lunar/client/framework/feature/markers/Markers8.java	9
089	Markers9	com/moonsworth/lunar/client/framework/feature/markers/Markers9.java	16
089	Markers9Impl	com/moonsworth/lunar/client/framework/feature/markers/Markers9Impl.java	1
089	Markers_2	com/moonsworth/lunar/client/framework/feature/markers/Markers_2.java	7
089	Markers_3	com/moonsworth/lunar/client/framework/feature/markers/Markers_3.java	8
089	NetherBrickIconMapping	com/moonsworth/lunar/client/framework/feature/markers/NetherBrickIconMapping.java	6
089	RedstoneComponentIconMapping	com/moonsworth/lunar/client/framework/feature/markers/RedstoneComponentIconMapping.java	4
089	SExtension	com/moonsworth/lunar/client/framework/feature/markers/SExtension.java	9
089	SExtension2	com/moonsworth/lunar/client/framework/feature/markers/SExtension2.java	9
089	SExtension_2	com/moonsworth/lunar/client/framework/feature/markers/SExtension_2.java	13
089	SIterator	com/moonsworth/lunar/client/framework/feature/markers/SIterator.java	24
089	SIterator2	com/moonsworth/lunar/client/framework/feature/markers/SIterator2.java	26
089	SIterator_2	com/moonsworth/lunar/client/framework/feature/markers/SIterator_2.java	23
089	ScuteIconMapping	com/moonsworth/lunar/client/framework/feature/markers/ScuteIconMapping.java	9
089	SignIconMapping	com/moonsworth/lunar/client/framework/feature/markers/SignIconMapping.java	15
089	SkullIconMapping	com/moonsworth/lunar/client/framework/feature/markers/SkullIconMapping.java	9
089	SlabIconMapping	com/moonsworth/lunar/client/framework/feature/markers/SlabIconMapping.java	10
089	SpawnEggIconMapping	com/moonsworth/lunar/client/framework/feature/markers/SpawnEggIconMapping.java	7
090	StoneBrickIconMapping	com/moonsworth/lunar/client/framework/feature/markers/StoneBrickIconMapping.java	1
090	SuffixIconMapping	com/moonsworth/lunar/client/framework/feature/markers/SuffixIconMapping.java	11
090	TerracottaIconMapping	com/moonsworth/lunar/client/framework/feature/markers/TerracottaIconMapping.java	7
090	TrapdoorIconMapping	com/moonsworth/lunar/client/framework/feature/markers/TrapdoorIconMapping.java	7
090	WoodTypeIconMapping	com/moonsworth/lunar/client/framework/feature/markers/WoodTypeIconMapping.java	8
090	WoodenBlockIconMapping	com/moonsworth/lunar/client/framework/feature/markers/WoodenBlockIconMapping.java	9
090	Gui2Extension	com/moonsworth/lunar/client/framework/feature/markers/mixin/Gui2Extension.java	17
090	Markers	com/moonsworth/lunar/client/framework/feature/markers/mixin/Markers.java	13
090	Markers2	com/moonsworth/lunar/client/framework/feature/markers/mixin/Markers2.java	24
090	Markers3	com/moonsworth/lunar/client/framework/feature/markers/mixin/Markers3.java	3
090	ColorsaturationExtension	com/moonsworth/lunar/client/framework/feature/menublur/ColorsaturationExtension.java	5
090	MenuBlurShader	com/moonsworth/lunar/client/framework/feature/menublur/MenuBlurShader.java	3
090	EntityMinimapLayer	com/moonsworth/lunar/client/framework/feature/minimap/EntityMinimapLayer.java	26
090	Minimap	com/moonsworth/lunar/client/framework/feature/minimap/Minimap.java	128
090	Minimap2	com/moonsworth/lunar/client/framework/feature/minimap/Minimap2.java	58
090	Minimap2Impl	com/moonsworth/lunar/client/framework/feature/minimap/Minimap2Impl.java	27
090	Minimap2Impl2	com/moonsworth/lunar/client/framework/feature/minimap/Minimap2Impl2.java	39
090	Minimap2Impl3	com/moonsworth/lunar/client/framework/feature/minimap/Minimap2Impl3.java	59
090	Minimap2_2	com/moonsworth/lunar/client/framework/feature/minimap/Minimap2_2.java	28
090	Minimap3	com/moonsworth/lunar/client/framework/feature/minimap/Minimap3.java	55
090	Minimap4	com/moonsworth/lunar/client/framework/feature/minimap/Minimap4.java	4
090	Minimap5	com/moonsworth/lunar/client/framework/feature/minimap/Minimap5.java	18
090	MinimapConstants	com/moonsworth/lunar/client/framework/feature/minimap/MinimapConstants.java	4
090	MinimapImageCache	com/moonsworth/lunar/client/framework/feature/minimap/MinimapImageCache.java	30
090	MinimapImpl	com/moonsworth/lunar/client/framework/feature/minimap/MinimapImpl.java	2
091	MinimapImpl2	com/moonsworth/lunar/client/framework/feature/minimap/MinimapImpl2.java	10
091	MinimapImpl3	com/moonsworth/lunar/client/framework/feature/minimap/MinimapImpl3.java	8
091	MinimapLayer	com/moonsworth/lunar/client/framework/feature/minimap/MinimapLayer.java	21
091	MinimapMap	com/moonsworth/lunar/client/framework/feature/minimap/MinimapMap.java	103
091	MinimapMarkerProvider	com/moonsworth/lunar/client/framework/feature/minimap/MinimapMarkerProvider.java	5
091	MinimapPlayerProvider	com/moonsworth/lunar/client/framework/feature/minimap/MinimapPlayerProvider.java	4
091	MinimapRegionFile	com/moonsworth/lunar/client/framework/feature/minimap/MinimapRegionFile.java	30
091	MinimapUpdateTask	com/moonsworth/lunar/client/framework/feature/minimap/MinimapUpdateTask.java	15
091	MinimapWaypointProvider	com/moonsworth/lunar/client/framework/feature/minimap/MinimapWaypointProvider.java	2
091	Minimap_2	com/moonsworth/lunar/client/framework/feature/minimap/Minimap_2.java	10
091	PlayerMinimapLayer	com/moonsworth/lunar/client/framework/feature/minimap/PlayerMinimapLayer.java	18
091	WaypointMinimapLayer	com/moonsworth/lunar/client/framework/feature/minimap/WaypointMinimapLayer.java	44
091	BoneTransform	com/moonsworth/lunar/client/framework/feature/minimap/mixin/BoneTransform.java	8
091	ChunkColorMap	com/moonsworth/lunar/client/framework/feature/minimap/mixin/ChunkColorMap.java	47
091	MapCoord	com/moonsworth/lunar/client/framework/feature/minimap/mixin/MapCoord.java	15
091	Minimap	com/moonsworth/lunar/client/framework/feature/minimap/mixin/Minimap.java	10
091	Minimap2	com/moonsworth/lunar/client/framework/feature/minimap/mixin/Minimap2.java	16
091	Minimap3	com/moonsworth/lunar/client/framework/feature/minimap/mixin/Minimap3.java	2
091	Minimap4	com/moonsworth/lunar/client/framework/feature/minimap/mixin/Minimap4.java	65
091	TerrainColumn	com/moonsworth/lunar/client/framework/feature/minimap/mixin/TerrainColumn.java	2
091	WorldRenderer	com/moonsworth/lunar/client/framework/feature/mobsize/mixin/WorldRenderer.java	19
091	BoxRenderer	com/moonsworth/lunar/client/framework/feature/mod/BoxRenderer.java	16
091	GuiComponent	com/moonsworth/lunar/client/framework/feature/mod/GuiComponent.java	16
091	GuiEventDispatcher	com/moonsworth/lunar/client/framework/feature/mod/GuiEventDispatcher.java	28
091	GuiModule	com/moonsworth/lunar/client/framework/feature/mod/GuiModule.java	22
092	GuiModuleManager	com/moonsworth/lunar/client/framework/feature/mod/GuiModuleManager.java	7
092	GuiRenderState	com/moonsworth/lunar/client/framework/feature/mod/GuiRenderState.java	11
092	GuiRenderer	com/moonsworth/lunar/client/framework/feature/mod/GuiRenderer.java	183
092	GuiRewindhandlersHandler2	com/moonsworth/lunar/client/framework/feature/mod/GuiRewindhandlersHandler2.java	20
092	ItemStackRenderer	com/moonsworth/lunar/client/framework/feature/mod/ItemStackRenderer.java	27
092	MixinHelper	com/moonsworth/lunar/client/framework/feature/mod/MixinHelper.java	210
092	MixinHelper2	com/moonsworth/lunar/client/framework/feature/mod/MixinHelper2.java	35
092	MixinHelper210	com/moonsworth/lunar/client/framework/feature/mod/MixinHelper210.java	8
092	MixinHelper211	com/moonsworth/lunar/client/framework/feature/mod/MixinHelper211.java	32
092	MixinHelper22	com/moonsworth/lunar/client/framework/feature/mod/MixinHelper22.java	4
092	MixinHelper22_2	com/moonsworth/lunar/client/framework/feature/mod/MixinHelper22_2.java	9
092	MixinHelper23	com/moonsworth/lunar/client/framework/feature/mod/MixinHelper23.java	84
092	MixinHelper24	com/moonsworth/lunar/client/framework/feature/mod/MixinHelper24.java	22
092	MixinHelper25	com/moonsworth/lunar/client/framework/feature/mod/MixinHelper25.java	40
092	MixinHelper26	com/moonsworth/lunar/client/framework/feature/mod/MixinHelper26.java	20
092	MixinHelper27	com/moonsworth/lunar/client/framework/feature/mod/MixinHelper27.java	26
092	MixinHelper28	com/moonsworth/lunar/client/framework/feature/mod/MixinHelper28.java	72
092	MixinHelper29	com/moonsworth/lunar/client/framework/feature/mod/MixinHelper29.java	48
092	MixinHelper2_2	com/moonsworth/lunar/client/framework/feature/mod/MixinHelper2_2.java	44
092	MixinHelper2_3	com/moonsworth/lunar/client/framework/feature/mod/MixinHelper2_3.java	17
092	MixinHelper3	com/moonsworth/lunar/client/framework/feature/mod/MixinHelper3.java	11
092	MixinHelperType	com/moonsworth/lunar/client/framework/feature/mod/MixinHelperType.java	1
092	MixinHelper_2	com/moonsworth/lunar/client/framework/feature/mod/MixinHelper_2.java	11
092	MixinHelper_3	com/moonsworth/lunar/client/framework/feature/mod/MixinHelper_3.java	21
092	Module	com/moonsworth/lunar/client/framework/feature/mod/Module.java	90
093	Module2	com/moonsworth/lunar/client/framework/feature/mod/Module2.java	44
093	ModuleBase	com/moonsworth/lunar/client/framework/feature/mod/ModuleBase.java	6
093	Module_2	com/moonsworth/lunar/client/framework/feature/mod/Module_2.java	36
093	MouseClick	com/moonsworth/lunar/client/framework/feature/mod/MouseClick.java	11
093	MouseInput	com/moonsworth/lunar/client/framework/feature/mod/MouseInput.java	38
093	PanelRenderer	com/moonsworth/lunar/client/framework/feature/mod/PanelRenderer.java	22
093	RectRenderer	com/moonsworth/lunar/client/framework/feature/mod/RectRenderer.java	8
093	ScaledTextRenderer	com/moonsworth/lunar/client/framework/feature/mod/ScaledTextRenderer.java	25
093	ScissorStack	com/moonsworth/lunar/client/framework/feature/mod/ScissorStack.java	30
093	ScrollAnimator	com/moonsworth/lunar/client/framework/feature/mod/ScrollAnimator.java	5
093	SlotRenderer	com/moonsworth/lunar/client/framework/feature/mod/SlotRenderer.java	67
093	TextFieldRenderer	com/moonsworth/lunar/client/framework/feature/mod/TextFieldRenderer.java	60
093	WidgetState	com/moonsworth/lunar/client/framework/feature/mod/WidgetState.java	18
093	WidgetStateCache	com/moonsworth/lunar/client/framework/feature/mod/WidgetStateCache.java	30
093	HologramsHandler	com/moonsworth/lunar/client/framework/feature/mod/debug/HologramsHandler.java	15
093	ModuleBase	com/moonsworth/lunar/client/framework/feature/mod/debug/override/ModuleBase.java	18
093	ModuleBase2	com/moonsworth/lunar/client/framework/feature/mod/debug/testcustomguioverlay/ModuleBase2.java	22
093	TestOverlayModule	com/moonsworth/lunar/client/framework/feature/mod/debug/testcustomguioverlay/TestOverlayModule.java	14
093	AllInviteCommand	com/moonsworth/lunar/client/framework/feature/mod/fishing/AllInviteCommand.java	3
093	BoopCommand	com/moonsworth/lunar/client/framework/feature/mod/fishing/BoopCommand.java	3
093	ChatCommandSettings	com/moonsworth/lunar/client/framework/feature/mod/fishing/ChatCommandSettings.java	8
093	ChatMessageQueue	com/moonsworth/lunar/client/framework/feature/mod/fishing/ChatMessageQueue.java	3
093	CoinflipCommand	com/moonsworth/lunar/client/framework/feature/mod/fishing/CoinflipCommand.java	4
093	CommandPathMigrationStep	com/moonsworth/lunar/client/framework/feature/mod/fishing/CommandPathMigrationStep.java	4
093	CoordsCommand	com/moonsworth/lunar/client/framework/feature/mod/fishing/CoordsCommand.java	3
094	DiceCommand	com/moonsworth/lunar/client/framework/feature/mod/fishing/DiceCommand.java	6
094	EightBallCommand	com/moonsworth/lunar/client/framework/feature/mod/fishing/EightBallCommand.java	4
094	FairySoulLocations	com/moonsworth/lunar/client/framework/feature/mod/fishing/FairySoulLocations.java	5
094	FairySoulLocationsDeserializer	com/moonsworth/lunar/client/framework/feature/mod/fishing/FairySoulLocationsDeserializer.java	2
094	Fishing$Data	com/moonsworth/lunar/client/framework/feature/mod/fishing/Fishing$Data.java	23
094	Fishing	com/moonsworth/lunar/client/framework/feature/mod/fishing/Fishing.java	12
094	Fishing2	com/moonsworth/lunar/client/framework/feature/mod/fishing/Fishing2.java	39
094	Fishing2_2	com/moonsworth/lunar/client/framework/feature/mod/fishing/Fishing2_2.java	14
094	Fishing2_3	com/moonsworth/lunar/client/framework/feature/mod/fishing/Fishing2_3.java	3
094	Fishing3	com/moonsworth/lunar/client/framework/feature/mod/fishing/Fishing3.java	83
094	Fishing3Impl	com/moonsworth/lunar/client/framework/feature/mod/fishing/Fishing3Impl.java	6
094	Fishing3Impl10	com/moonsworth/lunar/client/framework/feature/mod/fishing/Fishing3Impl10.java	5
094	Fishing3Impl11	com/moonsworth/lunar/client/framework/feature/mod/fishing/Fishing3Impl11.java	3
094	Fishing3Impl12	com/moonsworth/lunar/client/framework/feature/mod/fishing/Fishing3Impl12.java	6
094	Fishing3Impl13	com/moonsworth/lunar/client/framework/feature/mod/fishing/Fishing3Impl13.java	6
094	Fishing3Impl2	com/moonsworth/lunar/client/framework/feature/mod/fishing/Fishing3Impl2.java	7
094	Fishing3Impl3	com/moonsworth/lunar/client/framework/feature/mod/fishing/Fishing3Impl3.java	3
094	Fishing3Impl4	com/moonsworth/lunar/client/framework/feature/mod/fishing/Fishing3Impl4.java	5
094	Fishing3Impl5	com/moonsworth/lunar/client/framework/feature/mod/fishing/Fishing3Impl5.java	4
094	Fishing3Impl6	com/moonsworth/lunar/client/framework/feature/mod/fishing/Fishing3Impl6.java	8
094	Fishing3Impl7	com/moonsworth/lunar/client/framework/feature/mod/fishing/Fishing3Impl7.java	3
094	Fishing3Impl8	com/moonsworth/lunar/client/framework/feature/mod/fishing/Fishing3Impl8.java	6
094	Fishing3Impl9	com/moonsworth/lunar/client/framework/feature/mod/fishing/Fishing3Impl9.java	5
094	Fishing3Iterator	com/moonsworth/lunar/client/framework/feature/mod/fishing/Fishing3Iterator.java	8
094	Fishing3Iterator2	com/moonsworth/lunar/client/framework/feature/mod/fishing/Fishing3Iterator2.java	9
095	Fishing3Iterator_2	com/moonsworth/lunar/client/framework/feature/mod/fishing/Fishing3Iterator_2.java	11
095	Fishing3_2	com/moonsworth/lunar/client/framework/feature/mod/fishing/Fishing3_2.java	2
095	Fishing3_3	com/moonsworth/lunar/client/framework/feature/mod/fishing/Fishing3_3.java	16
095	Fishing4	com/moonsworth/lunar/client/framework/feature/mod/fishing/Fishing4.java	78
095	Fishing5	com/moonsworth/lunar/client/framework/feature/mod/fishing/Fishing5.java	14
095	Fishing6	com/moonsworth/lunar/client/framework/feature/mod/fishing/Fishing6.java	10
095	FishingChatType	com/moonsworth/lunar/client/framework/feature/mod/fishing/FishingChatType.java	1
095	Fishing_2	com/moonsworth/lunar/client/framework/feature/mod/fishing/Fishing_2.java	22
095	Fishing_3	com/moonsworth/lunar/client/framework/feature/mod/fishing/Fishing_3.java	6
095	Fishing_4	com/moonsworth/lunar/client/framework/feature/mod/fishing/Fishing_4.java	13
095	FpsCommand	com/moonsworth/lunar/client/framework/feature/mod/fishing/FpsCommand.java	3
095	GlaciteTunnelGraph	com/moonsworth/lunar/client/framework/feature/mod/fishing/GlaciteTunnelGraph.java	6
095	GlaciteTunnelsDeserializer	com/moonsworth/lunar/client/framework/feature/mod/fishing/GlaciteTunnelsDeserializer.java	3
095	Gui2Extension	com/moonsworth/lunar/client/framework/feature/mod/fishing/Gui2Extension.java	5
095	InviteCommand	com/moonsworth/lunar/client/framework/feature/mod/fishing/InviteCommand.java	4
095	JsonDeserializerIterator$Data	com/moonsworth/lunar/client/framework/feature/mod/fishing/JsonDeserializerIterator$Data.java	2
095	JsonDeserializerIterator	com/moonsworth/lunar/client/framework/feature/mod/fishing/JsonDeserializerIterator.java	13
095	JsonDeserializerIterator2	com/moonsworth/lunar/client/framework/feature/mod/fishing/JsonDeserializerIterator2.java	16
095	JsonDeserializerIterator_2	com/moonsworth/lunar/client/framework/feature/mod/fishing/JsonDeserializerIterator_2.java	9
095	JsonDeserializerIterator_3	com/moonsworth/lunar/client/framework/feature/mod/fishing/JsonDeserializerIterator_3.java	27
095	KickCommand	com/moonsworth/lunar/client/framework/feature/mod/fishing/KickCommand.java	9
095	MetalDetectorLocationsDeserializer	com/moonsworth/lunar/client/framework/feature/mod/fishing/MetalDetectorLocationsDeserializer.java	2
095	PartyTransferCommand	com/moonsworth/lunar/client/framework/feature/mod/fishing/PartyTransferCommand.java	11
095	PartyWarpCommand	com/moonsworth/lunar/client/framework/feature/mod/fishing/PartyWarpCommand.java	3
095	PingCommand	com/moonsworth/lunar/client/framework/feature/mod/fishing/PingCommand.java	3
096	QueueInstanceCommand	com/moonsworth/lunar/client/framework/feature/mod/fishing/QueueInstanceCommand.java	5
096	SkyBlockChat	com/moonsworth/lunar/client/framework/feature/mod/fishing/SkyBlockChat.java	8
096	SkyBlockChatCommand	com/moonsworth/lunar/client/framework/feature/mod/fishing/SkyBlockChatCommand.java	13
096	SkyBlockCommand	com/moonsworth/lunar/client/framework/feature/mod/fishing/SkyBlockCommand.java	21
096	SkyBlockCommandBuilder	com/moonsworth/lunar/client/framework/feature/mod/fishing/SkyBlockCommandBuilder.java	20
096	SkyBlockCommandConfig	com/moonsworth/lunar/client/framework/feature/mod/fishing/SkyBlockCommandConfig.java	2
096	SkyBlockCommandDeserializer	com/moonsworth/lunar/client/framework/feature/mod/fishing/SkyBlockCommandDeserializer.java	9
096	SkyBlockCommandKeybinds	com/moonsworth/lunar/client/framework/feature/mod/fishing/SkyBlockCommandKeybinds.java	39
096	SkyBlockCommandMigration	com/moonsworth/lunar/client/framework/feature/mod/fishing/SkyBlockCommandMigration.java	9
096	SkyBlockCommandMigrationStep	com/moonsworth/lunar/client/framework/feature/mod/fishing/SkyBlockCommandMigrationStep.java	1
096	SkyBlockCommandMigrations	com/moonsworth/lunar/client/framework/feature/mod/fishing/SkyBlockCommandMigrations.java	2
096	SkyBlockCommission	com/moonsworth/lunar/client/framework/feature/mod/fishing/SkyBlockCommission.java	77
096	TimeCommand	com/moonsworth/lunar/client/framework/feature/mod/fishing/TimeCommand.java	5
096	TpsCommand	com/moonsworth/lunar/client/framework/feature/mod/fishing/TpsCommand.java	4
096	Chest	com/moonsworth/lunar/client/framework/feature/mod/fishing/chest/Chest.java	2
096	ImportantNpcLocationsDeserializer	com/moonsworth/lunar/client/framework/feature/mod/fishing/chest/ImportantNpcLocationsDeserializer.java	6
096	JsonDeserializerIterator	com/moonsworth/lunar/client/framework/feature/mod/fishing/chest/JsonDeserializerIterator.java	12
096	AnimatedValue	com/moonsworth/lunar/client/framework/feature/mod/fishing/click/AnimatedValue.java	11
096	AverageInterval	com/moonsworth/lunar/client/framework/feature/mod/fishing/click/AverageInterval.java	4
096	CalculatorParser	com/moonsworth/lunar/client/framework/feature/mod/fishing/click/CalculatorParser.java	63
096	CircleFitter	com/moonsworth/lunar/client/framework/feature/mod/fishing/click/CircleFitter.java	40
096	Click	com/moonsworth/lunar/client/framework/feature/mod/fishing/click/Click.java	458
096	Click10	com/moonsworth/lunar/client/framework/feature/mod/fishing/click/Click10.java	32
096	Click11	com/moonsworth/lunar/client/framework/feature/mod/fishing/click/Click11.java	7
096	Click12	com/moonsworth/lunar/client/framework/feature/mod/fishing/click/Click12.java	30
097	Click14	com/moonsworth/lunar/client/framework/feature/mod/fishing/click/Click14.java	26
097	Click15	com/moonsworth/lunar/client/framework/feature/mod/fishing/click/Click15.java	6
097	Click16	com/moonsworth/lunar/client/framework/feature/mod/fishing/click/Click16.java	209
097	Click17	com/moonsworth/lunar/client/framework/feature/mod/fishing/click/Click17.java	22
097	Click2	com/moonsworth/lunar/client/framework/feature/mod/fishing/click/Click2.java	81
097	Click3	com/moonsworth/lunar/client/framework/feature/mod/fishing/click/Click3.java	5
097	Click4	com/moonsworth/lunar/client/framework/feature/mod/fishing/click/Click4.java	11
097	Click5	com/moonsworth/lunar/client/framework/feature/mod/fishing/click/Click5.java	57
097	Click6	com/moonsworth/lunar/client/framework/feature/mod/fishing/click/Click6.java	21
097	Click7	com/moonsworth/lunar/client/framework/feature/mod/fishing/click/Click7.java	33
097	Click8	com/moonsworth/lunar/client/framework/feature/mod/fishing/click/Click8.java	2
097	Click9	com/moonsworth/lunar/client/framework/feature/mod/fishing/click/Click9.java	1
097	EntityFinder	com/moonsworth/lunar/client/framework/feature/mod/fishing/click/EntityFinder.java	9
097	FaceMerger	com/moonsworth/lunar/client/framework/feature/mod/fishing/click/FaceMerger.java	204
097	IslandUtils	com/moonsworth/lunar/client/framework/feature/mod/fishing/click/IslandUtils.java	5
097	JsonDeserializerImpl	com/moonsworth/lunar/client/framework/feature/mod/fishing/click/JsonDeserializerImpl.java	8
097	LineFitter	com/moonsworth/lunar/client/framework/feature/mod/fishing/click/LineFitter.java	12
097	MiddleClickGuiRegistry	com/moonsworth/lunar/client/framework/feature/mod/fishing/click/MiddleClickGuiRegistry.java	12
097	ParticleSample	com/moonsworth/lunar/client/framework/feature/mod/fishing/click/ParticleSample.java	1
097	SkyblockCalendar	com/moonsworth/lunar/client/framework/feature/mod/fishing/click/SkyblockCalendar.java	1
097	TextComponentFactory	com/moonsworth/lunar/client/framework/feature/mod/fishing/click/TextComponentFactory.java	32
097	Vec3iDeserializer	com/moonsworth/lunar/client/framework/feature/mod/fishing/click/Vec3iDeserializer.java	4
097	VoidgloomBoss	com/moonsworth/lunar/client/framework/feature/mod/fishing/click/VoidgloomBoss.java	10
097	WidgetFactory	com/moonsworth/lunar/client/framework/feature/mod/fishing/click/WidgetFactory.java	4
097	WorldRenderUtils	com/moonsworth/lunar/client/framework/feature/mod/fishing/click/WorldRenderUtils.java	275
098	JsonDeserializerIterator	com/moonsworth/lunar/client/framework/feature/mod/fishing/colorsaturation/JsonDeserializerIterator.java	7
098	MinionDataDeserializer	com/moonsworth/lunar/client/framework/feature/mod/fishing/colorsaturation/MinionDataDeserializer.java	1
098	Coordinates	com/moonsworth/lunar/client/framework/feature/mod/fishing/coordinates/Coordinates.java	38
098	JsonDeserializerIterator	com/moonsworth/lunar/client/framework/feature/mod/fishing/coordinates/JsonDeserializerIterator.java	4
098	SkillLevelCalculator	com/moonsworth/lunar/client/framework/feature/mod/fishing/coordinates/SkillLevelCalculator.java	20
098	CoordinatesType	com/moonsworth/lunar/client/framework/feature/mod/fishing/coordinates/mixin/CoordinatesType.java	2
098	ApiItemValueParser	com/moonsworth/lunar/client/framework/feature/mod/fishing/gui/ApiItemValueParser.java	2
098	DyeItemValueParser	com/moonsworth/lunar/client/framework/feature/mod/fishing/gui/DyeItemValueParser.java	5
098	EnchantedBookItemValueParser	com/moonsworth/lunar/client/framework/feature/mod/fishing/gui/EnchantedBookItemValueParser.java	8
098	EssenceItemValueParser	com/moonsworth/lunar/client/framework/feature/mod/fishing/gui/EssenceItemValueParser.java	5
098	Gui	com/moonsworth/lunar/client/framework/feature/mod/fishing/gui/Gui.java	18
098	Gui2	com/moonsworth/lunar/client/framework/feature/mod/fishing/gui/Gui2.java	37
098	Gui2_2	com/moonsworth/lunar/client/framework/feature/mod/fishing/gui/Gui2_2.java	14
098	Gui3	com/moonsworth/lunar/client/framework/feature/mod/fishing/gui/Gui3.java	223
098	Gui3_2	com/moonsworth/lunar/client/framework/feature/mod/fishing/gui/Gui3_2.java	17
098	Gui4	com/moonsworth/lunar/client/framework/feature/mod/fishing/gui/Gui4.java	28
098	Gui4_2	com/moonsworth/lunar/client/framework/feature/mod/fishing/gui/Gui4_2.java	6
098	Gui5	com/moonsworth/lunar/client/framework/feature/mod/fishing/gui/Gui5.java	2
098	GuiHandler	com/moonsworth/lunar/client/framework/feature/mod/fishing/gui/GuiHandler.java	8
098	GuiHandler10	com/moonsworth/lunar/client/framework/feature/mod/fishing/gui/GuiHandler10.java	10
098	GuiHandler11	com/moonsworth/lunar/client/framework/feature/mod/fishing/gui/GuiHandler11.java	14
098	GuiHandler2	com/moonsworth/lunar/client/framework/feature/mod/fishing/gui/GuiHandler2.java	11
098	GuiHandler3	com/moonsworth/lunar/client/framework/feature/mod/fishing/gui/GuiHandler3.java	11
098	GuiHandler4	com/moonsworth/lunar/client/framework/feature/mod/fishing/gui/GuiHandler4.java	8
098	GuiHandler5	com/moonsworth/lunar/client/framework/feature/mod/fishing/gui/GuiHandler5.java	4
099	GuiHandler6	com/moonsworth/lunar/client/framework/feature/mod/fishing/gui/GuiHandler6.java	8
099	GuiHandler7	com/moonsworth/lunar/client/framework/feature/mod/fishing/gui/GuiHandler7.java	8
099	GuiHandler8	com/moonsworth/lunar/client/framework/feature/mod/fishing/gui/GuiHandler8.java	7
099	GuiHandler9	com/moonsworth/lunar/client/framework/feature/mod/fishing/gui/GuiHandler9.java	10
099	GuiIterator	com/moonsworth/lunar/client/framework/feature/mod/fishing/gui/GuiIterator.java	22
099	Gui_2	com/moonsworth/lunar/client/framework/feature/mod/fishing/gui/Gui_2.java	5
099	Gui_3	com/moonsworth/lunar/client/framework/feature/mod/fishing/gui/Gui_3.java	6
099	ImportantItemsDeserializer	com/moonsworth/lunar/client/framework/feature/mod/fishing/gui/ImportantItemsDeserializer.java	4
099	ItemIdCodec	com/moonsworth/lunar/client/framework/feature/mod/fishing/gui/ItemIdCodec.java	22
099	ItemShopPrices	com/moonsworth/lunar/client/framework/feature/mod/fishing/gui/ItemShopPrices.java	14
099	ItemShopPricesDeserializer	com/moonsworth/lunar/client/framework/feature/mod/fishing/gui/ItemShopPricesDeserializer.java	5
099	ItemSkin	com/moonsworth/lunar/client/framework/feature/mod/fishing/gui/ItemSkin.java	6
099	ItemValueParser	com/moonsworth/lunar/client/framework/feature/mod/fishing/gui/ItemValueParser.java	3
099	ItemValueResponse	com/moonsworth/lunar/client/framework/feature/mod/fishing/gui/ItemValueResponse.java	17
099	JsonDeserializerIterator	com/moonsworth/lunar/client/framework/feature/mod/fishing/gui/JsonDeserializerIterator.java	16
099	JsonDeserializerIterator2	com/moonsworth/lunar/client/framework/feature/mod/fishing/gui/JsonDeserializerIterator2.java	26
099	JsonDeserializerIterator_2	com/moonsworth/lunar/client/framework/feature/mod/fishing/gui/JsonDeserializerIterator_2.java	32
099	KuudraKeyItemValueParser	com/moonsworth/lunar/client/framework/feature/mod/fishing/gui/KuudraKeyItemValueParser.java	15
099	NamedItemValueParser	com/moonsworth/lunar/client/framework/feature/mod/fishing/gui/NamedItemValueParser.java	4
099	PotionItemValueParser	com/moonsworth/lunar/client/framework/feature/mod/fishing/gui/PotionItemValueParser.java	7
099	RequiredItem	com/moonsworth/lunar/client/framework/feature/mod/fishing/gui/RequiredItem.java	2
099	ShardItemValueParser	com/moonsworth/lunar/client/framework/feature/mod/fishing/gui/ShardItemValueParser.java	5
099	ShinyItemValueParser	com/moonsworth/lunar/client/framework/feature/mod/fishing/gui/ShinyItemValueParser.java	7
099	ShopItem	com/moonsworth/lunar/client/framework/feature/mod/fishing/gui/ShopItem.java	16
099	ShopPriceLine	com/moonsworth/lunar/client/framework/feature/mod/fishing/gui/ShopPriceLine.java	6
100	SkyblockItemRegistry	com/moonsworth/lunar/client/framework/feature/mod/fishing/gui/SkyblockItemRegistry.java	25
100	SkyblockItemUtil	com/moonsworth/lunar/client/framework/feature/mod/fishing/gui/SkyblockItemUtil.java	93
100	StarCountItemValueParser	com/moonsworth/lunar/client/framework/feature/mod/fishing/gui/StarCountItemValueParser.java	4
100	StarredItemValueParser	com/moonsworth/lunar/client/framework/feature/mod/fishing/gui/StarredItemValueParser.java	12
100	Gui	com/moonsworth/lunar/client/framework/feature/mod/fishing/gui/mixin/Gui.java	20
100	Gui2	com/moonsworth/lunar/client/framework/feature/mod/fishing/gui/mixin/Gui2.java	6
100	Gui3	com/moonsworth/lunar/client/framework/feature/mod/fishing/gui/mixin/Gui3.java	12
100	Gui4	com/moonsworth/lunar/client/framework/feature/mod/fishing/gui/mixin/Gui4.java	16
100	Gui5	com/moonsworth/lunar/client/framework/feature/mod/fishing/gui/mixin/Gui5.java	4
100	GuiType	com/moonsworth/lunar/client/framework/feature/mod/fishing/gui/mixin/GuiType.java	0
100	GuiType2	com/moonsworth/lunar/client/framework/feature/mod/fishing/gui/mixin/GuiType2.java	11
100	GuiType3	com/moonsworth/lunar/client/framework/feature/mod/fishing/gui/mixin/GuiType3.java	8
100	ImportantItemCategory	com/moonsworth/lunar/client/framework/feature/mod/fishing/gui/mixin/ImportantItemCategory.java	6
100	ImportantItems	com/moonsworth/lunar/client/framework/feature/mod/fishing/gui/mixin/ImportantItems.java	4
100	ItemRarity	com/moonsworth/lunar/client/framework/feature/mod/fishing/gui/mixin/ItemRarity.java	3
100	LegacyItemRegistry	com/moonsworth/lunar/client/framework/feature/mod/fishing/gui/mixin/LegacyItemRegistry.java	6
100	VanillaItemRegistry	com/moonsworth/lunar/client/framework/feature/mod/fishing/gui/mixin/VanillaItemRegistry.java	15
100	Highlight	com/moonsworth/lunar/client/framework/feature/mod/fishing/highlight/Highlight.java	2
100	Highlight2	com/moonsworth/lunar/client/framework/feature/mod/fishing/highlight/Highlight2.java	8
100	Highlight3	com/moonsworth/lunar/client/framework/feature/mod/fishing/highlight/Highlight3.java	7
100	Highlight4	com/moonsworth/lunar/client/framework/feature/mod/fishing/highlight/Highlight4.java	20
100	Highlight5	com/moonsworth/lunar/client/framework/feature/mod/fishing/highlight/Highlight5.java	112
100	HighlightButton	com/moonsworth/lunar/client/framework/feature/mod/fishing/highlight/HighlightButton.java	98
100	HighlightConfigMigrations	com/moonsworth/lunar/client/framework/feature/mod/fishing/highlight/HighlightConfigMigrations.java	6
100	HighlightHandler	com/moonsworth/lunar/client/framework/feature/mod/fishing/highlight/HighlightHandler.java	5
101	HighlightMigrationContext	com/moonsworth/lunar/client/framework/feature/mod/fishing/highlight/HighlightMigrationContext.java	7
101	HighlightMigrationStep	com/moonsworth/lunar/client/framework/feature/mod/fishing/highlight/HighlightMigrationStep.java	1
101	HighlightSerializer	com/moonsworth/lunar/client/framework/feature/mod/fishing/highlight/HighlightSerializer.java	9
101	HighlightButtonShape	com/moonsworth/lunar/client/framework/feature/mod/fishing/highlight/mixin/HighlightButtonShape.java	2
101	HighlightTextSide	com/moonsworth/lunar/client/framework/feature/mod/fishing/highlight/mixin/HighlightTextSide.java	1
101	AddRoomPositionAction	com/moonsworth/lunar/client/framework/feature/mod/fishing/holograms/AddRoomPositionAction.java	3
101	BettermapSettings	com/moonsworth/lunar/client/framework/feature/mod/fishing/holograms/BettermapSettings.java	115
101	BossMapElement	com/moonsworth/lunar/client/framework/feature/mod/fishing/holograms/BossMapElement.java	33
101	BossMapFloor	com/moonsworth/lunar/client/framework/feature/mod/fishing/holograms/BossMapFloor.java	4
101	ChatFilterRule	com/moonsworth/lunar/client/framework/feature/mod/fishing/holograms/ChatFilterRule.java	8
101	DungeonClass	com/moonsworth/lunar/client/framework/feature/mod/fishing/holograms/DungeonClass.java	2
101	DungeonMapElement	com/moonsworth/lunar/client/framework/feature/mod/fishing/holograms/DungeonMapElement.java	30
101	DungeonMapOverlay	com/moonsworth/lunar/client/framework/feature/mod/fishing/holograms/DungeonMapOverlay.java	159
101	DungeonRoomPreset	com/moonsworth/lunar/client/framework/feature/mod/fishing/holograms/DungeonRoomPreset.java	8
101	DungeonRoomRegistry	com/moonsworth/lunar/client/framework/feature/mod/fishing/holograms/DungeonRoomRegistry.java	48
101	DungeonRoute	com/moonsworth/lunar/client/framework/feature/mod/fishing/holograms/DungeonRoute.java	37
101	DungeonScorePanel	com/moonsworth/lunar/client/framework/feature/mod/fishing/holograms/DungeonScorePanel.java	33
101	DungeonSplit	com/moonsworth/lunar/client/framework/feature/mod/fishing/holograms/DungeonSplit.java	39
101	DungeonSplits	com/moonsworth/lunar/client/framework/feature/mod/fishing/holograms/DungeonSplits.java	4
101	DungeonSplitsDeserializer	com/moonsworth/lunar/client/framework/feature/mod/fishing/holograms/DungeonSplitsDeserializer.java	26
101	DungeonStateTracker	com/moonsworth/lunar/client/framework/feature/mod/fishing/holograms/DungeonStateTracker.java	134
101	DungeonStats	com/moonsworth/lunar/client/framework/feature/mod/fishing/holograms/DungeonStats.java	14
101	DungeonSync	com/moonsworth/lunar/client/framework/feature/mod/fishing/holograms/DungeonSync.java	3
101	DungeonTrackable	com/moonsworth/lunar/client/framework/feature/mod/fishing/holograms/DungeonTrackable.java	1
101	DungeonUpdateAction	com/moonsworth/lunar/client/framework/feature/mod/fishing/holograms/DungeonUpdateAction.java	2
102	HeadBorderStyle	com/moonsworth/lunar/client/framework/feature/mod/fishing/holograms/HeadBorderStyle.java	1
102	Holograms$Data2	com/moonsworth/lunar/client/framework/feature/mod/fishing/holograms/Holograms$Data2.java	4
102	Holograms$Type	com/moonsworth/lunar/client/framework/feature/mod/fishing/holograms/Holograms$Type.java	1
102	Holograms	com/moonsworth/lunar/client/framework/feature/mod/fishing/holograms/Holograms.java	121
102	Holograms10$Data	com/moonsworth/lunar/client/framework/feature/mod/fishing/holograms/Holograms10$Data.java	2
102	Holograms10	com/moonsworth/lunar/client/framework/feature/mod/fishing/holograms/Holograms10.java	14
102	Holograms11	com/moonsworth/lunar/client/framework/feature/mod/fishing/holograms/Holograms11.java	4
102	Holograms12	com/moonsworth/lunar/client/framework/feature/mod/fishing/holograms/Holograms12.java	13
102	Holograms2$Data	com/moonsworth/lunar/client/framework/feature/mod/fishing/holograms/Holograms2$Data.java	8
102	Holograms2$Data2	com/moonsworth/lunar/client/framework/feature/mod/fishing/holograms/Holograms2$Data2.java	2
102	Holograms2	com/moonsworth/lunar/client/framework/feature/mod/fishing/holograms/Holograms2.java	60
102	Holograms2_2	com/moonsworth/lunar/client/framework/feature/mod/fishing/holograms/Holograms2_2.java	72
102	Holograms2_3	com/moonsworth/lunar/client/framework/feature/mod/fishing/holograms/Holograms2_3.java	37
102	Holograms2_4	com/moonsworth/lunar/client/framework/feature/mod/fishing/holograms/Holograms2_4.java	14
102	Holograms2_5	com/moonsworth/lunar/client/framework/feature/mod/fishing/holograms/Holograms2_5.java	222
102	Holograms2_6	com/moonsworth/lunar/client/framework/feature/mod/fishing/holograms/Holograms2_6.java	24
102	Holograms3	com/moonsworth/lunar/client/framework/feature/mod/fishing/holograms/Holograms3.java	96
102	Holograms3Impl	com/moonsworth/lunar/client/framework/feature/mod/fishing/holograms/Holograms3Impl.java	11
102	Holograms3Impl2	com/moonsworth/lunar/client/framework/feature/mod/fishing/holograms/Holograms3Impl2.java	6
102	Holograms3Impl3	com/moonsworth/lunar/client/framework/feature/mod/fishing/holograms/Holograms3Impl3.java	7
102	Holograms3Impl4	com/moonsworth/lunar/client/framework/feature/mod/fishing/holograms/Holograms3Impl4.java	6
102	Holograms3Impl5	com/moonsworth/lunar/client/framework/feature/mod/fishing/holograms/Holograms3Impl5.java	6
102	Holograms3Impl6	com/moonsworth/lunar/client/framework/feature/mod/fishing/holograms/Holograms3Impl6.java	6
102	Holograms3Impl7	com/moonsworth/lunar/client/framework/feature/mod/fishing/holograms/Holograms3Impl7.java	6
102	Holograms3_2	com/moonsworth/lunar/client/framework/feature/mod/fishing/holograms/Holograms3_2.java	215
103	Holograms3_3	com/moonsworth/lunar/client/framework/feature/mod/fishing/holograms/Holograms3_3.java	115
103	Holograms3_4	com/moonsworth/lunar/client/framework/feature/mod/fishing/holograms/Holograms3_4.java	26
103	Holograms3_5	com/moonsworth/lunar/client/framework/feature/mod/fishing/holograms/Holograms3_5.java	5
103	Holograms3_6	com/moonsworth/lunar/client/framework/feature/mod/fishing/holograms/Holograms3_6.java	21
103	Holograms4	com/moonsworth/lunar/client/framework/feature/mod/fishing/holograms/Holograms4.java	11
103	Holograms4_2	com/moonsworth/lunar/client/framework/feature/mod/fishing/holograms/Holograms4_2.java	1
103	Holograms4_3	com/moonsworth/lunar/client/framework/feature/mod/fishing/holograms/Holograms4_3.java	8
103	Holograms4_4	com/moonsworth/lunar/client/framework/feature/mod/fishing/holograms/Holograms4_4.java	54
103	Holograms5	com/moonsworth/lunar/client/framework/feature/mod/fishing/holograms/Holograms5.java	28
103	Holograms5_2	com/moonsworth/lunar/client/framework/feature/mod/fishing/holograms/Holograms5_2.java	92
103	Holograms5_3	com/moonsworth/lunar/client/framework/feature/mod/fishing/holograms/Holograms5_3.java	34
103	Holograms6$Extension	com/moonsworth/lunar/client/framework/feature/mod/fishing/holograms/Holograms6$Extension.java	3
103	Holograms6	com/moonsworth/lunar/client/framework/feature/mod/fishing/holograms/Holograms6.java	52
103	Holograms6Impl	com/moonsworth/lunar/client/framework/feature/mod/fishing/holograms/Holograms6Impl.java	24
103	Holograms6Iterator	com/moonsworth/lunar/client/framework/feature/mod/fishing/holograms/Holograms6Iterator.java	49
103	Holograms6Iterator_2	com/moonsworth/lunar/client/framework/feature/mod/fishing/holograms/Holograms6Iterator_2.java	52
103	Holograms6_2	com/moonsworth/lunar/client/framework/feature/mod/fishing/holograms/Holograms6_2.java	17
103	Holograms6_3	com/moonsworth/lunar/client/framework/feature/mod/fishing/holograms/Holograms6_3.java	60
103	Holograms7	com/moonsworth/lunar/client/framework/feature/mod/fishing/holograms/Holograms7.java	42
103	Holograms7_2	com/moonsworth/lunar/client/framework/feature/mod/fishing/holograms/Holograms7_2.java	5
103	Holograms8	com/moonsworth/lunar/client/framework/feature/mod/fishing/holograms/Holograms8.java	24
103	Holograms8_2	com/moonsworth/lunar/client/framework/feature/mod/fishing/holograms/Holograms8_2.java	12
103	Holograms9	com/moonsworth/lunar/client/framework/feature/mod/fishing/holograms/Holograms9.java	85
103	Holograms9_2	com/moonsworth/lunar/client/framework/feature/mod/fishing/holograms/Holograms9_2.java	34
103	HologramsHandler	com/moonsworth/lunar/client/framework/feature/mod/fishing/holograms/HologramsHandler.java	16
104	HologramsType2	com/moonsworth/lunar/client/framework/feature/mod/fishing/holograms/HologramsType2.java	1
104	HologramsType2_2	com/moonsworth/lunar/client/framework/feature/mod/fishing/holograms/HologramsType2_2.java	9
104	HologramsType4	com/moonsworth/lunar/client/framework/feature/mod/fishing/holograms/HologramsType4.java	17
104	HologramsType7	com/moonsworth/lunar/client/framework/feature/mod/fishing/holograms/HologramsType7.java	21
104	HologramsType8	com/moonsworth/lunar/client/framework/feature/mod/fishing/holograms/HologramsType8.java	3
104	HologramsType9	com/moonsworth/lunar/client/framework/feature/mod/fishing/holograms/HologramsType9.java	3
104	HologramsType_2	com/moonsworth/lunar/client/framework/feature/mod/fishing/holograms/HologramsType_2.java	4
104	HologramsType_3	com/moonsworth/lunar/client/framework/feature/mod/fishing/holograms/HologramsType_3.java	3
104	Holograms_10	com/moonsworth/lunar/client/framework/feature/mod/fishing/holograms/Holograms_10.java	87
104	Holograms_11	com/moonsworth/lunar/client/framework/feature/mod/fishing/holograms/Holograms_11.java	26
104	Holograms_2	com/moonsworth/lunar/client/framework/feature/mod/fishing/holograms/Holograms_2.java	3
104	Holograms_3	com/moonsworth/lunar/client/framework/feature/mod/fishing/holograms/Holograms_3.java	8
104	Holograms_4	com/moonsworth/lunar/client/framework/feature/mod/fishing/holograms/Holograms_4.java	203
104	Holograms_5	com/moonsworth/lunar/client/framework/feature/mod/fishing/holograms/Holograms_5.java	8
104	Holograms_6	com/moonsworth/lunar/client/framework/feature/mod/fishing/holograms/Holograms_6.java	14
104	Holograms_7	com/moonsworth/lunar/client/framework/feature/mod/fishing/holograms/Holograms_7.java	16
104	Holograms_8	com/moonsworth/lunar/client/framework/feature/mod/fishing/holograms/Holograms_8.java	17
104	Holograms_9	com/moonsworth/lunar/client/framework/feature/mod/fishing/holograms/Holograms_9.java	144
104	JsonDeserializerIterator	com/moonsworth/lunar/client/framework/feature/mod/fishing/holograms/JsonDeserializerIterator.java	59
104	JsonDeserializerIterator2	com/moonsworth/lunar/client/framework/feature/mod/fishing/holograms/JsonDeserializerIterator2.java	23
104	KingRelic	com/moonsworth/lunar/client/framework/feature/mod/fishing/holograms/KingRelic.java	4
104	KingRelicTracker	com/moonsworth/lunar/client/framework/feature/mod/fishing/holograms/KingRelicTracker.java	25
104	MapColorCodes	com/moonsworth/lunar/client/framework/feature/mod/fishing/holograms/MapColorCodes.java	21
104	MapElement	com/moonsworth/lunar/client/framework/feature/mod/fishing/holograms/MapElement.java	32
104	MapGridShape	com/moonsworth/lunar/client/framework/feature/mod/fishing/holograms/MapGridShape.java	19
105	MapPlayerStyle	com/moonsworth/lunar/client/framework/feature/mod/fishing/holograms/MapPlayerStyle.java	1
105	MapRenderCallback	com/moonsworth/lunar/client/framework/feature/mod/fishing/holograms/MapRenderCallback.java	2
105	MapRoomRenderer	com/moonsworth/lunar/client/framework/feature/mod/fishing/holograms/MapRoomRenderer.java	60
105	MapRoomType	com/moonsworth/lunar/client/framework/feature/mod/fishing/holograms/MapRoomType.java	1
105	MapRotation	com/moonsworth/lunar/client/framework/feature/mod/fishing/holograms/MapRotation.java	1
105	MapScoreStyle	com/moonsworth/lunar/client/framework/feature/mod/fishing/holograms/MapScoreStyle.java	1
105	MapStyle	com/moonsworth/lunar/client/framework/feature/mod/fishing/holograms/MapStyle.java	1
105	MapTickIcon	com/moonsworth/lunar/client/framework/feature/mod/fishing/holograms/MapTickIcon.java	1
105	MapTickStyle	com/moonsworth/lunar/client/framework/feature/mod/fishing/holograms/MapTickStyle.java	1
105	ParticleTrail	com/moonsworth/lunar/client/framework/feature/mod/fishing/holograms/ParticleTrail.java	25
105	PlayerNameDisplay	com/moonsworth/lunar/client/framework/feature/mod/fishing/holograms/PlayerNameDisplay.java	1
105	PuzzleTracker	com/moonsworth/lunar/client/framework/feature/mod/fishing/holograms/PuzzleTracker.java	2
105	PuzzleType	com/moonsworth/lunar/client/framework/feature/mod/fishing/holograms/PuzzleType.java	2
105	QuizKey	com/moonsworth/lunar/client/framework/feature/mod/fishing/holograms/QuizKey.java	14
105	QuizKeyDeserializer	com/moonsworth/lunar/client/framework/feature/mod/fishing/holograms/QuizKeyDeserializer.java	7
105	RemoveRoomPositionAction	com/moonsworth/lunar/client/framework/feature/mod/fishing/holograms/RemoveRoomPositionAction.java	3
105	RenameRoomAction	com/moonsworth/lunar/client/framework/feature/mod/fishing/holograms/RenameRoomAction.java	4
105	RoomCoordinateTransform	com/moonsworth/lunar/client/framework/feature/mod/fishing/holograms/RoomCoordinateTransform.java	19
105	RoomEvent	com/moonsworth/lunar/client/framework/feature/mod/fishing/holograms/RoomEvent.java	3
105	RoomHistoryRenderer	com/moonsworth/lunar/client/framework/feature/mod/fishing/holograms/RoomHistoryRenderer.java	21
105	RoomInfoPosition	com/moonsworth/lunar/client/framework/feature/mod/fishing/holograms/RoomInfoPosition.java	1
105	RoomPuzzle	com/moonsworth/lunar/client/framework/feature/mod/fishing/holograms/RoomPuzzle.java	5
105	RoomRotation	com/moonsworth/lunar/client/framework/feature/mod/fishing/holograms/RoomRotation.java	1
105	RoomSecret	com/moonsworth/lunar/client/framework/feature/mod/fishing/holograms/RoomSecret.java	16
105	RoomStateChange	com/moonsworth/lunar/client/framework/feature/mod/fishing/holograms/RoomStateChange.java	5
106	RoomTemplateDetector	com/moonsworth/lunar/client/framework/feature/mod/fishing/holograms/RoomTemplateDetector.java	107
106	RouteConditions	com/moonsworth/lunar/client/framework/feature/mod/fishing/holograms/RouteConditions.java	9
106	RouteDataCodec	com/moonsworth/lunar/client/framework/feature/mod/fishing/holograms/RouteDataCodec.java	3
106	RouteFileLoader	com/moonsworth/lunar/client/framework/feature/mod/fishing/holograms/RouteFileLoader.java	9
106	RouteLink	com/moonsworth/lunar/client/framework/feature/mod/fishing/holograms/RouteLink.java	10
106	RouteManager	com/moonsworth/lunar/client/framework/feature/mod/fishing/holograms/RouteManager.java	62
106	RouteRecorder	com/moonsworth/lunar/client/framework/feature/mod/fishing/holograms/RouteRecorder.java	15
106	RouteRenderer	com/moonsworth/lunar/client/framework/feature/mod/fishing/holograms/RouteRenderer.java	36
106	RouteRequirements	com/moonsworth/lunar/client/framework/feature/mod/fishing/holograms/RouteRequirements.java	9
106	RouteSection	com/moonsworth/lunar/client/framework/feature/mod/fishing/holograms/RouteSection.java	24
106	RouteSectionEntity	com/moonsworth/lunar/client/framework/feature/mod/fishing/holograms/RouteSectionEntity.java	4
106	RouteTracker	com/moonsworth/lunar/client/framework/feature/mod/fishing/holograms/RouteTracker.java	35
106	ScoreGrade	com/moonsworth/lunar/client/framework/feature/mod/fishing/holograms/ScoreGrade.java	2
106	ScoreMapElement	com/moonsworth/lunar/client/framework/feature/mod/fishing/holograms/ScoreMapElement.java	9
106	SetRoomCoordinatesAction	com/moonsworth/lunar/client/framework/feature/mod/fishing/holograms/SetRoomCoordinatesAction.java	9
106	SetRoomInstanceAction	com/moonsworth/lunar/client/framework/feature/mod/fishing/holograms/SetRoomInstanceAction.java	4
106	SetRoomStateAction	com/moonsworth/lunar/client/framework/feature/mod/fishing/holograms/SetRoomStateAction.java	4
106	SetRoomTypeAction	com/moonsworth/lunar/client/framework/feature/mod/fishing/holograms/SetRoomTypeAction.java	4
106	SpiritLeapMap	com/moonsworth/lunar/client/framework/feature/mod/fishing/holograms/SpiritLeapMap.java	21
106	StackedPlayersTooltip	com/moonsworth/lunar/client/framework/feature/mod/fishing/holograms/StackedPlayersTooltip.java	9
106	TestDungeonStateTracker	com/moonsworth/lunar/client/framework/feature/mod/fishing/holograms/TestDungeonStateTracker.java	2
106	TextHologram	com/moonsworth/lunar/client/framework/feature/mod/fishing/holograms/TextHologram.java	1
106	TrackedRoom	com/moonsworth/lunar/client/framework/feature/mod/fishing/holograms/TrackedRoom.java	32
106	WaterBoardSolutions	com/moonsworth/lunar/client/framework/feature/mod/fishing/holograms/WaterBoardSolutions.java	29
106	DungeonMapItem	com/moonsworth/lunar/client/framework/feature/mod/fishing/holograms/holograms/DungeonMapItem.java	4
107	DungeonRoom	com/moonsworth/lunar/client/framework/feature/mod/fishing/holograms/holograms/DungeonRoom.java	1
107	EarlyInDoorAction	com/moonsworth/lunar/client/framework/feature/mod/fishing/holograms/holograms/EarlyInDoorAction.java	9
107	EarlyInRoomAction	com/moonsworth/lunar/client/framework/feature/mod/fishing/holograms/holograms/EarlyInRoomAction.java	7
107	EarlyInUnknownAction	com/moonsworth/lunar/client/framework/feature/mod/fishing/holograms/holograms/EarlyInUnknownAction.java	5
107	Holograms	com/moonsworth/lunar/client/framework/feature/mod/fishing/holograms/holograms/Holograms.java	3
107	Holograms2	com/moonsworth/lunar/client/framework/feature/mod/fishing/holograms/holograms/Holograms2.java	4
107	Holograms3	com/moonsworth/lunar/client/framework/feature/mod/fishing/holograms/holograms/Holograms3.java	91
107	HologramsType22	com/moonsworth/lunar/client/framework/feature/mod/fishing/holograms/holograms/HologramsType22.java	12
107	HologramsType23	com/moonsworth/lunar/client/framework/feature/mod/fishing/holograms/holograms/HologramsType23.java	13
107	HologramsType24	com/moonsworth/lunar/client/framework/feature/mod/fishing/holograms/holograms/HologramsType24.java	14
107	HologramsType25	com/moonsworth/lunar/client/framework/feature/mod/fishing/holograms/holograms/HologramsType25.java	19
107	HologramsType26	com/moonsworth/lunar/client/framework/feature/mod/fishing/holograms/holograms/HologramsType26.java	9
107	RoomDetectionAction	com/moonsworth/lunar/client/framework/feature/mod/fishing/holograms/holograms/RoomDetectionAction.java	11
107	RoomInstance	com/moonsworth/lunar/client/framework/feature/mod/fishing/holograms/holograms/RoomInstance.java	50
107	RoomSecretsAction	com/moonsworth/lunar/client/framework/feature/mod/fishing/holograms/holograms/RoomSecretsAction.java	9
107	Holograms	com/moonsworth/lunar/client/framework/feature/mod/fishing/holograms/mixin/Holograms.java	6
107	Holograms2	com/moonsworth/lunar/client/framework/feature/mod/fishing/holograms/mixin/Holograms2.java	4
107	JsonDeserializerIterator	com/moonsworth/lunar/client/framework/feature/mod/fishing/holograms/mixin/JsonDeserializerIterator.java	24
107	KuudraPearlWaypoint	com/moonsworth/lunar/client/framework/feature/mod/fishing/holograms/mixin/KuudraPearlWaypoint.java	6
107	KuudraWaypoints	com/moonsworth/lunar/client/framework/feature/mod/fishing/holograms/mixin/KuudraWaypoints.java	4
107	KuudraWaypointsDeserializer	com/moonsworth/lunar/client/framework/feature/mod/fishing/holograms/mixin/KuudraWaypointsDeserializer.java	9
107	DungeonPlayerTracker	com/moonsworth/lunar/client/framework/feature/mod/fishing/holograms/nameplate/DungeonPlayerTracker.java	116
107	HologramTextRenderer	com/moonsworth/lunar/client/framework/feature/mod/fishing/holograms/nameplate/HologramTextRenderer.java	23
107	Holograms4Updater	com/moonsworth/lunar/client/framework/feature/mod/fishing/holograms/nameplate/Holograms4Updater.java	146
107	LineBatchRenderer	com/moonsworth/lunar/client/framework/feature/mod/fishing/holograms/nameplate/LineBatchRenderer.java	48
108	Nameplate	com/moonsworth/lunar/client/framework/feature/mod/fishing/holograms/nameplate/Nameplate.java	28
108	Nameplate2	com/moonsworth/lunar/client/framework/feature/mod/fishing/holograms/nameplate/Nameplate2.java	54
108	Nameplate3	com/moonsworth/lunar/client/framework/feature/mod/fishing/holograms/nameplate/Nameplate3.java	20
108	Nameplate4	com/moonsworth/lunar/client/framework/feature/mod/fishing/holograms/nameplate/Nameplate4.java	46
108	NameplateType	com/moonsworth/lunar/client/framework/feature/mod/fishing/holograms/nameplate/NameplateType.java	1
108	NameplateType2	com/moonsworth/lunar/client/framework/feature/mod/fishing/holograms/nameplate/NameplateType2.java	1
108	PickaxeTier	com/moonsworth/lunar/client/framework/feature/mod/fishing/holograms/nameplate/PickaxeTier.java	0
108	RouteRenderType	com/moonsworth/lunar/client/framework/feature/mod/fishing/holograms/nameplate/RouteRenderType.java	1
108	TextRenderHelper	com/moonsworth/lunar/client/framework/feature/mod/fishing/holograms/nameplate/TextRenderHelper.java	12
108	WorldPosition	com/moonsworth/lunar/client/framework/feature/mod/fishing/holograms/nameplate/WorldPosition.java	40
108	DungeonRoomTracker	com/moonsworth/lunar/client/framework/feature/mod/fishing/holograms/rewindhandlers/DungeonRoomTracker.java	58
108	Holograms4Iterator	com/moonsworth/lunar/client/framework/feature/mod/fishing/holograms/rewindhandlers/Holograms4Iterator.java	87
108	Rewindhandlers	com/moonsworth/lunar/client/framework/feature/mod/fishing/holograms/rewindhandlers/Rewindhandlers.java	24
108	RoomStateHistory	com/moonsworth/lunar/client/framework/feature/mod/fishing/holograms/rewindhandlers/RoomStateHistory.java	16
108	Lotusfish	com/moonsworth/lunar/client/framework/feature/mod/fishing/lotusfish/Lotusfish.java	10
108	Lotusfish2	com/moonsworth/lunar/client/framework/feature/mod/fishing/lotusfish/Lotusfish2.java	24
108	Lotusfish3	com/moonsworth/lunar/client/framework/feature/mod/fishing/lotusfish/Lotusfish3.java	16
108	PlayerListEntryParser	com/moonsworth/lunar/client/framework/feature/mod/fishing/lotusfish/PlayerListEntryParser.java	23
108	ScoreboardSection	com/moonsworth/lunar/client/framework/feature/mod/fishing/lotusfish/ScoreboardSection.java	7
108	Lotusfish	com/moonsworth/lunar/client/framework/feature/mod/fishing/lotusfish/mixin/Lotusfish.java	1
108	ChocolateEggLocations	com/moonsworth/lunar/client/framework/feature/mod/fishing/mixin/ChocolateEggLocations.java	4
108	ChocolateEggLocationsDeserializer	com/moonsworth/lunar/client/framework/feature/mod/fishing/mixin/ChocolateEggLocationsDeserializer.java	8
108	ChocolateRabbit	com/moonsworth/lunar/client/framework/feature/mod/fishing/mixin/ChocolateRabbit.java	10
108	Fishing	com/moonsworth/lunar/client/framework/feature/mod/fishing/mixin/Fishing.java	2
108	Fishing2	com/moonsworth/lunar/client/framework/feature/mod/fishing/mixin/Fishing2.java	6
109	Fishing3	com/moonsworth/lunar/client/framework/feature/mod/fishing/mixin/Fishing3.java	36
109	Fishing4	com/moonsworth/lunar/client/framework/feature/mod/fishing/mixin/Fishing4.java	46
109	Fishing5	com/moonsworth/lunar/client/framework/feature/mod/fishing/mixin/Fishing5.java	15
109	Fishing6	com/moonsworth/lunar/client/framework/feature/mod/fishing/mixin/Fishing6.java	6
109	Fishing7	com/moonsworth/lunar/client/framework/feature/mod/fishing/mixin/Fishing7.java	10
109	FishingType2	com/moonsworth/lunar/client/framework/feature/mod/fishing/mixin/FishingType2.java	1
109	JsonDeserializerIterator	com/moonsworth/lunar/client/framework/feature/mod/fishing/mixin/JsonDeserializerIterator.java	16
109	MetalDetectorTreasureMap	com/moonsworth/lunar/client/framework/feature/mod/fishing/mixin/MetalDetectorTreasureMap.java	2
109	MetalDetectorTreasureType	com/moonsworth/lunar/client/framework/feature/mod/fishing/mixin/MetalDetectorTreasureType.java	1
109	RabbitCollection	com/moonsworth/lunar/client/framework/feature/mod/fishing/mixin/RabbitCollection.java	28
109	RabbitCollectionStore	com/moonsworth/lunar/client/framework/feature/mod/fishing/mixin/RabbitCollectionStore.java	26
109	RabbitLevel	com/moonsworth/lunar/client/framework/feature/mod/fishing/mixin/RabbitLevel.java	13
109	JsonDeserializerImpl	com/moonsworth/lunar/client/framework/feature/mod/fishing/nameplate/JsonDeserializerImpl.java	14
109	VisitorTrackerDeserializer	com/moonsworth/lunar/client/framework/feature/mod/fishing/nameplate/VisitorTrackerDeserializer.java	8
109	JsonDeserializerIterator	com/moonsworth/lunar/client/framework/feature/mod/fishing/rewindhandlers/JsonDeserializerIterator.java	8
109	Rewindhandlers	com/moonsworth/lunar/client/framework/feature/mod/fishing/rewindhandlers/Rewindhandlers.java	10
109	Rewindhandlers2	com/moonsworth/lunar/client/framework/feature/mod/fishing/rewindhandlers/Rewindhandlers2.java	4
109	SeaCreature	com/moonsworth/lunar/client/framework/feature/mod/fishing/rewindhandlers/SeaCreature.java	10
109	SeaCreatureRegistry	com/moonsworth/lunar/client/framework/feature/mod/fishing/rewindhandlers/SeaCreatureRegistry.java	4
109	SeaCreatureRegistryDeserializer	com/moonsworth/lunar/client/framework/feature/mod/fishing/rewindhandlers/SeaCreatureRegistryDeserializer.java	2
109	Bridge7Iterator	com/moonsworth/lunar/client/framework/feature/mod/gui/Bridge7Iterator.java	59
109	Bridge7Iterator2	com/moonsworth/lunar/client/framework/feature/mod/gui/Bridge7Iterator2.java	14
109	Bridge7Iterator22	com/moonsworth/lunar/client/framework/feature/mod/gui/Bridge7Iterator22.java	13
109	Bridge7Iterator222	com/moonsworth/lunar/client/framework/feature/mod/gui/Bridge7Iterator222.java	28
109	Calculator2Updater	com/moonsworth/lunar/client/framework/feature/mod/gui/Calculator2Updater.java	16
110	Calculator2Updater2	com/moonsworth/lunar/client/framework/feature/mod/gui/Calculator2Updater2.java	25
110	Gui	com/moonsworth/lunar/client/framework/feature/mod/gui/Gui.java	43
110	Gui2	com/moonsworth/lunar/client/framework/feature/mod/gui/Gui2.java	35
110	Gui3	com/moonsworth/lunar/client/framework/feature/mod/gui/Gui3.java	34
110	Gui4	com/moonsworth/lunar/client/framework/feature/mod/gui/Gui4.java	45
110	Gui_2	com/moonsworth/lunar/client/framework/feature/mod/gui/Gui_2.java	28
110	InventoryButtonRegistry	com/moonsworth/lunar/client/framework/feature/mod/gui/InventoryButtonRegistry.java	12
110	InventoryButtonWidget	com/moonsworth/lunar/client/framework/feature/mod/gui/InventoryButtonWidget.java	21
110	InventoryButtonsEditor	com/moonsworth/lunar/client/framework/feature/mod/gui/InventoryButtonsEditor.java	46
110	ScreenButtonGroup	com/moonsworth/lunar/client/framework/feature/mod/gui/ScreenButtonGroup.java	10
110	SkyBlockCommandEntry	com/moonsworth/lunar/client/framework/feature/mod/gui/SkyBlockCommandEntry.java	10
110	SkyBlockCommandOptionsGui	com/moonsworth/lunar/client/framework/feature/mod/gui/SkyBlockCommandOptionsGui.java	26
110	SkyBlockCommandsGui	com/moonsworth/lunar/client/framework/feature/mod/gui/SkyBlockCommandsGui.java	20
110	SkyBlockSubCommandEditorGui	com/moonsworth/lunar/client/framework/feature/mod/gui/SkyBlockSubCommandEditorGui.java	32
110	SkyBlockSubCommandEntry	com/moonsworth/lunar/client/framework/feature/mod/gui/SkyBlockSubCommandEntry.java	17
110	SkyBlockSubCommandSelectGui	com/moonsworth/lunar/client/framework/feature/mod/gui/SkyBlockSubCommandSelectGui.java	20
110	SkyblockInventoryButtonsMovementGui	com/moonsworth/lunar/client/framework/feature/mod/gui/SkyblockInventoryButtonsMovementGui.java	36
110	Bridge7Impl	com/moonsworth/lunar/client/framework/feature/mod/gui/mixin/Bridge7Impl.java	11
110	Bridge7Iterator	com/moonsworth/lunar/client/framework/feature/mod/gui/mixin/Bridge7Iterator.java	68
110	DungeonWaypointHudSettings	com/moonsworth/lunar/client/framework/feature/mod/gui/mixin/DungeonWaypointHudSettings.java	41
110	DungeonWaypointShareScreen	com/moonsworth/lunar/client/framework/feature/mod/gui/mixin/DungeonWaypointShareScreen.java	53
110	Gui	com/moonsworth/lunar/client/framework/feature/mod/gui/mixin/Gui.java	59
110	Markers3Handler	com/moonsworth/lunar/client/framework/feature/mod/gui/mixin/Markers3Handler.java	1
110	SpiritLeapGuiContainer	com/moonsworth/lunar/client/framework/feature/mod/gui/mixin/SpiritLeapGuiContainer.java	5
110	SpiritLeapMarkerDispatcher	com/moonsworth/lunar/client/framework/feature/mod/gui/mixin/SpiritLeapMarkerDispatcher.java	1
111	HudVisibilityWrapper	com/moonsworth/lunar/client/framework/feature/mod/gui/nameplate/HudVisibilityWrapper.java	60
111	Nameplate	com/moonsworth/lunar/client/framework/feature/mod/gui/nameplate/Nameplate.java	70
111	Nameplate2	com/moonsworth/lunar/client/framework/feature/mod/gui/nameplate/Nameplate2.java	76
111	Nameplate3	com/moonsworth/lunar/client/framework/feature/mod/gui/nameplate/Nameplate3.java	103
111	NameplateComponent	com/moonsworth/lunar/client/framework/feature/mod/gui/nameplate/NameplateComponent.java	55
111	StatBarComponent	com/moonsworth/lunar/client/framework/feature/mod/gui/nameplate/StatBarComponent.java	81
111	ContainerOverlayPreviewMode	com/moonsworth/lunar/client/framework/feature/mod/highlight/ContainerOverlayPreviewMode.java	1
111	CropType	com/moonsworth/lunar/client/framework/feature/mod/highlight/CropType.java	18
111	DungeonFloor	com/moonsworth/lunar/client/framework/feature/mod/highlight/DungeonFloor.java	6
111	Gui2Extension3	com/moonsworth/lunar/client/framework/feature/mod/highlight/Gui2Extension3.java	7
111	HighlightType	com/moonsworth/lunar/client/framework/feature/mod/highlight/HighlightType.java	10
111	HighlightType3	com/moonsworth/lunar/client/framework/feature/mod/highlight/HighlightType3.java	20
111	HighlightType5	com/moonsworth/lunar/client/framework/feature/mod/highlight/HighlightType5.java	1
111	HighlightType6	com/moonsworth/lunar/client/framework/feature/mod/highlight/HighlightType6.java	2
111	SkyblockCave	com/moonsworth/lunar/client/framework/feature/mod/highlight/SkyblockCave.java	2
111	SkyblockIsland	com/moonsworth/lunar/client/framework/feature/mod/highlight/SkyblockIsland.java	3
111	SkyblockVisibility	com/moonsworth/lunar/client/framework/feature/mod/highlight/SkyblockVisibility.java	1
111	AlertDisplayListener	com/moonsworth/lunar/client/framework/feature/mod/holograms/AlertDisplayListener.java	16
111	ClassFilteredEntityQuery	com/moonsworth/lunar/client/framework/feature/mod/holograms/ClassFilteredEntityQuery.java	4
111	ComparableImpl	com/moonsworth/lunar/client/framework/feature/mod/holograms/ComparableImpl.java	31
111	DoubleHookListener	com/moonsworth/lunar/client/framework/feature/mod/holograms/DoubleHookListener.java	4
111	DungeonFloorListener	com/moonsworth/lunar/client/framework/feature/mod/holograms/DungeonFloorListener.java	9
111	DungeonMapListener	com/moonsworth/lunar/client/framework/feature/mod/holograms/DungeonMapListener.java	37
111	DungeonScoreListener	com/moonsworth/lunar/client/framework/feature/mod/holograms/DungeonScoreListener.java	95
111	DungeonSecretListener	com/moonsworth/lunar/client/framework/feature/mod/holograms/DungeonSecretListener.java	36
112	DungeonTerminalListener	com/moonsworth/lunar/client/framework/feature/mod/holograms/DungeonTerminalListener.java	47
112	EntityChangeListener	com/moonsworth/lunar/client/framework/feature/mod/holograms/EntityChangeListener.java	6
112	EntityQuery	com/moonsworth/lunar/client/framework/feature/mod/holograms/EntityQuery.java	6
112	EntitySubscription	com/moonsworth/lunar/client/framework/feature/mod/holograms/EntitySubscription.java	5
112	GuiRewindhandlersHandler2	com/moonsworth/lunar/client/framework/feature/mod/holograms/GuiRewindhandlersHandler2.java	23
112	GuiRewindhandlersHandler22	com/moonsworth/lunar/client/framework/feature/mod/holograms/GuiRewindhandlersHandler22.java	3
112	GuiRewindhandlersHandler22_2	com/moonsworth/lunar/client/framework/feature/mod/holograms/GuiRewindhandlersHandler22_2.java	16
112	GuiRewindhandlersHandler23	com/moonsworth/lunar/client/framework/feature/mod/holograms/GuiRewindhandlersHandler23.java	6
112	GuiRewindhandlersHandler23_2	com/moonsworth/lunar/client/framework/feature/mod/holograms/GuiRewindhandlersHandler23_2.java	127
112	GuiRewindhandlersHandler24	com/moonsworth/lunar/client/framework/feature/mod/holograms/GuiRewindhandlersHandler24.java	94
112	GuiRewindhandlersHandler25	com/moonsworth/lunar/client/framework/feature/mod/holograms/GuiRewindhandlersHandler25.java	50
112	GuiRewindhandlersHandler26	com/moonsworth/lunar/client/framework/feature/mod/holograms/GuiRewindhandlersHandler26.java	25
112	GuiRewindhandlersHandler2_2	com/moonsworth/lunar/client/framework/feature/mod/holograms/GuiRewindhandlersHandler2_2.java	51
112	GuiRewindhandlersHandler2_3	com/moonsworth/lunar/client/framework/feature/mod/holograms/GuiRewindhandlersHandler2_3.java	13
112	HologramEntityListener	com/moonsworth/lunar/client/framework/feature/mod/holograms/HologramEntityListener.java	9
112	Holograms	com/moonsworth/lunar/client/framework/feature/mod/holograms/Holograms.java	6
112	Holograms2	com/moonsworth/lunar/client/framework/feature/mod/holograms/Holograms2.java	14
112	Holograms3	com/moonsworth/lunar/client/framework/feature/mod/holograms/Holograms3.java	9
112	Holograms3Iterator	com/moonsworth/lunar/client/framework/feature/mod/holograms/Holograms3Iterator.java	22
112	IterableEntityTracker	com/moonsworth/lunar/client/framework/feature/mod/holograms/IterableEntityTracker.java	5
112	LightingExtension443	com/moonsworth/lunar/client/framework/feature/mod/holograms/LightingExtension443.java	21
112	ParentTHandler	com/moonsworth/lunar/client/framework/feature/mod/holograms/ParentTHandler.java	25
112	ParentTImpl	com/moonsworth/lunar/client/framework/feature/mod/holograms/ParentTImpl.java	7
112	ParentTImpl2	com/moonsworth/lunar/client/framework/feature/mod/holograms/ParentTImpl2.java	9
112	ParentTImpl3	com/moonsworth/lunar/client/framework/feature/mod/holograms/ParentTImpl3.java	9
113	SackCountListener	com/moonsworth/lunar/client/framework/feature/mod/holograms/SackCountListener.java	18
113	SimpleEntitySubscription	com/moonsworth/lunar/client/framework/feature/mod/holograms/SimpleEntitySubscription.java	17
113	WorldTimeListener	com/moonsworth/lunar/client/framework/feature/mod/holograms/WorldTimeListener.java	3
113	ActionBarStatsListener	com/moonsworth/lunar/client/framework/feature/mod/holograms/fishing/ActionBarStatsListener.java	61
113	CommissionListener	com/moonsworth/lunar/client/framework/feature/mod/holograms/fishing/CommissionListener.java	41
113	EquippedItemListener	com/moonsworth/lunar/client/framework/feature/mod/holograms/fishing/EquippedItemListener.java	10
113	FishingHookTracker	com/moonsworth/lunar/client/framework/feature/mod/holograms/fishing/FishingHookTracker.java	105
113	GiftTracker	com/moonsworth/lunar/client/framework/feature/mod/holograms/fishing/GiftTracker.java	17
113	GuiRewindhandlersHandler2	com/moonsworth/lunar/client/framework/feature/mod/holograms/fishing/GuiRewindhandlersHandler2.java	31
113	GuiRewindhandlersHandler210	com/moonsworth/lunar/client/framework/feature/mod/holograms/fishing/GuiRewindhandlersHandler210.java	11
113	GuiRewindhandlersHandler211	com/moonsworth/lunar/client/framework/feature/mod/holograms/fishing/GuiRewindhandlersHandler211.java	8
113	GuiRewindhandlersHandler212	com/moonsworth/lunar/client/framework/feature/mod/holograms/fishing/GuiRewindhandlersHandler212.java	21
113	GuiRewindhandlersHandler213	com/moonsworth/lunar/client/framework/feature/mod/holograms/fishing/GuiRewindhandlersHandler213.java	29
113	GuiRewindhandlersHandler22	com/moonsworth/lunar/client/framework/feature/mod/holograms/fishing/GuiRewindhandlersHandler22.java	16
113	GuiRewindhandlersHandler23	com/moonsworth/lunar/client/framework/feature/mod/holograms/fishing/GuiRewindhandlersHandler23.java	11
113	GuiRewindhandlersHandler24	com/moonsworth/lunar/client/framework/feature/mod/holograms/fishing/GuiRewindhandlersHandler24.java	69
113	GuiRewindhandlersHandler25	com/moonsworth/lunar/client/framework/feature/mod/holograms/fishing/GuiRewindhandlersHandler25.java	62
113	GuiRewindhandlersHandler26	com/moonsworth/lunar/client/framework/feature/mod/holograms/fishing/GuiRewindhandlersHandler26.java	144
113	GuiRewindhandlersHandler27	com/moonsworth/lunar/client/framework/feature/mod/holograms/fishing/GuiRewindhandlersHandler27.java	124
113	GuiRewindhandlersHandler28	com/moonsworth/lunar/client/framework/feature/mod/holograms/fishing/GuiRewindhandlersHandler28.java	7
113	GuiRewindhandlersHandler29	com/moonsworth/lunar/client/framework/feature/mod/holograms/fishing/GuiRewindhandlersHandler29.java	13
113	ProfileIdListener	com/moonsworth/lunar/client/framework/feature/mod/holograms/fishing/ProfileIdListener.java	17
113	SkillXpListener	com/moonsworth/lunar/client/framework/feature/mod/holograms/fishing/SkillXpListener.java	101
113	SkyblockElectionListener	com/moonsworth/lunar/client/framework/feature/mod/holograms/fishing/SkyblockElectionListener.java	5
113	SkyblockLocationListener	com/moonsworth/lunar/client/framework/feature/mod/holograms/fishing/SkyblockLocationListener.java	9
114	SkyblockProfileCache	com/moonsworth/lunar/client/framework/feature/mod/holograms/fishing/SkyblockProfileCache.java	15
114	SkyblockScoreboardParser	com/moonsworth/lunar/client/framework/feature/mod/holograms/fishing/SkyblockScoreboardParser.java	6
114	SkyblockTimeListener	com/moonsworth/lunar/client/framework/feature/mod/holograms/fishing/SkyblockTimeListener.java	6
114	SlayerQuestListener	com/moonsworth/lunar/client/framework/feature/mod/holograms/fishing/SlayerQuestListener.java	18
114	Fishing	com/moonsworth/lunar/client/framework/feature/mod/holograms/fishing/mixin/Fishing.java	17
114	GiftRecord	com/moonsworth/lunar/client/framework/feature/mod/holograms/fishing/mixin/GiftRecord.java	17
114	GuiRewindhandlersHandler2	com/moonsworth/lunar/client/framework/feature/mod/holograms/gui/GuiRewindhandlersHandler2.java	9
114	WormScathaSpawnListener	com/moonsworth/lunar/client/framework/feature/mod/holograms/gui/WormScathaSpawnListener.java	8
114	GuiRewindhandlersHandler2	com/moonsworth/lunar/client/framework/feature/mod/holograms/highlight/GuiRewindhandlersHandler2.java	97
114	GuiRewindhandlersHandler22	com/moonsworth/lunar/client/framework/feature/mod/holograms/highlight/GuiRewindhandlersHandler22.java	14
114	GuiRewindhandlersHandler23	com/moonsworth/lunar/client/framework/feature/mod/holograms/highlight/GuiRewindhandlersHandler23.java	52
114	HighlightTypeListener	com/moonsworth/lunar/client/framework/feature/mod/holograms/highlight/HighlightTypeListener.java	9
114	StorageOverlayListener	com/moonsworth/lunar/client/framework/feature/mod/holograms/highlight/StorageOverlayListener.java	24
114	BurrowGroundScanner	com/moonsworth/lunar/client/framework/feature/mod/holograms/mixin/BurrowGroundScanner.java	30
114	BurrowLocatingListener	com/moonsworth/lunar/client/framework/feature/mod/holograms/mixin/BurrowLocatingListener.java	27
114	BurrowTracker	com/moonsworth/lunar/client/framework/feature/mod/holograms/mixin/BurrowTracker.java	31
114	BurrowTrailLocator	com/moonsworth/lunar/client/framework/feature/mod/holograms/mixin/BurrowTrailLocator.java	55
114	BurrowTrailPredictor	com/moonsworth/lunar/client/framework/feature/mod/holograms/mixin/BurrowTrailPredictor.java	72
114	GuiRewindhandlersHandler2	com/moonsworth/lunar/client/framework/feature/mod/holograms/mixin/GuiRewindhandlersHandler2.java	13
114	GuiRewindhandlersHandler22	com/moonsworth/lunar/client/framework/feature/mod/holograms/mixin/GuiRewindhandlersHandler22.java	26
114	GuiRewindhandlersHandler23	com/moonsworth/lunar/client/framework/feature/mod/holograms/mixin/GuiRewindhandlersHandler23.java	39
114	GuiRewindhandlersHandler24	com/moonsworth/lunar/client/framework/feature/mod/holograms/mixin/GuiRewindhandlersHandler24.java	41
114	Holograms	com/moonsworth/lunar/client/framework/feature/mod/holograms/mixin/Holograms.java	83
114	Holograms2	com/moonsworth/lunar/client/framework/feature/mod/holograms/mixin/Holograms2.java	86
114	Holograms3	com/moonsworth/lunar/client/framework/feature/mod/holograms/mixin/Holograms3.java	54
115	KuudraBossHealth	com/moonsworth/lunar/client/framework/feature/mod/holograms/mixin/KuudraBossHealth.java	24
115	KuudraTierListener	com/moonsworth/lunar/client/framework/feature/mod/holograms/mixin/KuudraTierListener.java	8
115	CropTracker	com/moonsworth/lunar/client/framework/feature/mod/holograms/nameplate/CropTracker.java	6
115	GuiRewindhandlersHandler2	com/moonsworth/lunar/client/framework/feature/mod/holograms/nameplate/GuiRewindhandlersHandler2.java	10
115	ChatMessageListener	com/moonsworth/lunar/client/framework/feature/mod/holograms/rewindhandlers/ChatMessageListener.java	5
115	ChatMessageParser	com/moonsworth/lunar/client/framework/feature/mod/holograms/rewindhandlers/ChatMessageParser.java	111
115	GuiRewindhandlersHandler2	com/moonsworth/lunar/client/framework/feature/mod/holograms/rewindhandlers/GuiRewindhandlersHandler2.java	5
115	Rewindhandlers	com/moonsworth/lunar/client/framework/feature/mod/holograms/rewindhandlers/Rewindhandlers.java	121
115	Excavation	com/moonsworth/lunar/client/framework/feature/mod/impl/alert/excavation/Excavation.java	12
115	Excavation2	com/moonsworth/lunar/client/framework/feature/mod/impl/alert/excavation/Excavation2.java	13
115	ExcavationGrid	com/moonsworth/lunar/client/framework/feature/mod/impl/alert/excavation/ExcavationGrid.java	5
115	ExcavationIterator	com/moonsworth/lunar/client/framework/feature/mod/impl/alert/excavation/ExcavationIterator.java	9
115	ExcavationType	com/moonsworth/lunar/client/framework/feature/mod/impl/alert/excavation/mixin/ExcavationType.java	7
115	ExcavationType2	com/moonsworth/lunar/client/framework/feature/mod/impl/alert/excavation/mixin/ExcavationType2.java	1
115	ExcavationType3	com/moonsworth/lunar/client/framework/feature/mod/impl/alert/excavation/mixin/ExcavationType3.java	1
115	FossilCellState	com/moonsworth/lunar/client/framework/feature/mod/impl/alert/excavation/mixin/FossilCellState.java	1
115	Burrow	com/moonsworth/lunar/client/framework/feature/mod/impl/burrow/Burrow.java	15
115	BurrowType2	com/moonsworth/lunar/client/framework/feature/mod/impl/burrow/mixin/BurrowType2.java	1
115	BurrowType3	com/moonsworth/lunar/client/framework/feature/mod/impl/burrow/mixin/BurrowType3.java	11
115	BurrowWarp	com/moonsworth/lunar/client/framework/feature/mod/impl/burrow/mixin/BurrowWarp.java	3
115	Calculator	com/moonsworth/lunar/client/framework/feature/mod/impl/calculator/Calculator.java	22
115	Calculator2	com/moonsworth/lunar/client/framework/feature/mod/impl/calculator/Calculator2.java	20
115	TrackedBlockHighlight	com/moonsworth/lunar/client/framework/feature/mod/impl/calculator/TrackedBlockHighlight.java	11
115	Calculator	com/moonsworth/lunar/client/framework/feature/mod/impl/calculator/mixin/Calculator.java	12
115	CalculatorType	com/moonsworth/lunar/client/framework/feature/mod/impl/calculator/mixin/CalculatorType.java	2
116	CalculatorType2	com/moonsworth/lunar/client/framework/feature/mod/impl/calculator/mixin/CalculatorType2.java	2
116	Gui2Extension	com/moonsworth/lunar/client/framework/feature/mod/impl/calculator/mixin/Gui2Extension.java	1
116	RaffleTaskFilter	com/moonsworth/lunar/client/framework/feature/mod/impl/calculator/mixin/RaffleTaskFilter.java	1
116	DungeonWaypointCodec	com/moonsworth/lunar/client/framework/feature/mod/impl/chest/dungeon/dungeonwaypoints/DungeonWaypointCodec.java	25
116	DungeonWaypointDecoder	com/moonsworth/lunar/client/framework/feature/mod/impl/chest/dungeon/dungeonwaypoints/DungeonWaypointDecoder.java	1
116	DungeonWaypointManager	com/moonsworth/lunar/client/framework/feature/mod/impl/chest/dungeon/dungeonwaypoints/DungeonWaypointManager.java	71
116	DungeonWaypointRaycast	com/moonsworth/lunar/client/framework/feature/mod/impl/chest/dungeon/dungeonwaypoints/DungeonWaypointRaycast.java	22
116	Dungeonwaypoints	com/moonsworth/lunar/client/framework/feature/mod/impl/chest/dungeon/dungeonwaypoints/Dungeonwaypoints.java	30
116	Dungeonwaypoints2	com/moonsworth/lunar/client/framework/feature/mod/impl/chest/dungeon/dungeonwaypoints/Dungeonwaypoints2.java	60
116	Dungeonwaypoints3	com/moonsworth/lunar/client/framework/feature/mod/impl/chest/dungeon/dungeonwaypoints/Dungeonwaypoints3.java	120
116	Dungeonwaypoints4	com/moonsworth/lunar/client/framework/feature/mod/impl/chest/dungeon/dungeonwaypoints/Dungeonwaypoints4.java	29
116	Dungeonwaypoints5	com/moonsworth/lunar/client/framework/feature/mod/impl/chest/dungeon/dungeonwaypoints/Dungeonwaypoints5.java	38
116	DungeonwaypointsIterator	com/moonsworth/lunar/client/framework/feature/mod/impl/chest/dungeon/dungeonwaypoints/DungeonwaypointsIterator.java	32
116	Dungeonwaypoints_2	com/moonsworth/lunar/client/framework/feature/mod/impl/chest/dungeon/dungeonwaypoints/Dungeonwaypoints_2.java	1
116	JsonDeserializerImpl	com/moonsworth/lunar/client/framework/feature/mod/impl/chest/dungeon/dungeonwaypoints/JsonDeserializerImpl.java	8
116	LegacyDungeonWaypointDeserializer	com/moonsworth/lunar/client/framework/feature/mod/impl/chest/dungeon/dungeonwaypoints/LegacyDungeonWaypointDeserializer.java	6
116	DungeonFloorWaypoints	com/moonsworth/lunar/client/framework/feature/mod/impl/chest/dungeon/dungeonwaypoints/mixin/DungeonFloorWaypoints.java	6
116	DungeonRoomWaypoints	com/moonsworth/lunar/client/framework/feature/mod/impl/chest/dungeon/dungeonwaypoints/mixin/DungeonRoomWaypoints.java	9
116	DungeonWaypointBoxMode	com/moonsworth/lunar/client/framework/feature/mod/impl/chest/dungeon/dungeonwaypoints/mixin/DungeonWaypointBoxMode.java	1
116	Dungeonwaypoints	com/moonsworth/lunar/client/framework/feature/mod/impl/chest/dungeon/dungeonwaypoints/mixin/Dungeonwaypoints.java	10
116	Dungeonwaypoints2	com/moonsworth/lunar/client/framework/feature/mod/impl/chest/dungeon/dungeonwaypoints/mixin/Dungeonwaypoints2.java	9
116	Dungeonwaypoints3	com/moonsworth/lunar/client/framework/feature/mod/impl/chest/dungeon/dungeonwaypoints/mixin/Dungeonwaypoints3.java	11
116	Dungeonwaypoints4	com/moonsworth/lunar/client/framework/feature/mod/impl/chest/dungeon/dungeonwaypoints/mixin/Dungeonwaypoints4.java	63
116	Dungeonwaypoints5	com/moonsworth/lunar/client/framework/feature/mod/impl/chest/dungeon/dungeonwaypoints/mixin/Dungeonwaypoints5.java	12
116	WaypointPreset	com/moonsworth/lunar/client/framework/feature/mod/impl/chest/dungeon/dungeonwaypoints/mixin/WaypointPreset.java	7
117	WaypointRenderMode	com/moonsworth/lunar/client/framework/feature/mod/impl/chest/dungeon/dungeonwaypoints/mixin/WaypointRenderMode.java	1
117	WaypointStyle	com/moonsworth/lunar/client/framework/feature/mod/impl/chest/dungeon/dungeonwaypoints/mixin/WaypointStyle.java	53
117	WaypointVisibility	com/moonsworth/lunar/client/framework/feature/mod/impl/chest/dungeon/dungeonwaypoints/mixin/WaypointVisibility.java	1
117	Ice	com/moonsworth/lunar/client/framework/feature/mod/impl/chest/dungeon/ice/Ice.java	5
117	Framework7Extension2	com/moonsworth/lunar/client/framework/feature/mod/impl/chest/dungeon/practice/Framework7Extension2.java	12
117	TerminalSolverModule	com/moonsworth/lunar/client/framework/feature/mod/impl/chest/dungeon/practice/TerminalSolverModule.java	8
117	ChestType	com/moonsworth/lunar/client/framework/feature/mod/impl/chest/mixin/ChestType.java	1
117	Storageoverlay	com/moonsworth/lunar/client/framework/feature/mod/impl/click/storageoverlay/Storageoverlay.java	33
117	Storageoverlay2	com/moonsworth/lunar/client/framework/feature/mod/impl/click/storageoverlay/Storageoverlay2.java	234
117	Framework7Extension2	com/moonsworth/lunar/client/framework/feature/mod/impl/gui/Framework7Extension2.java	18
117	BettermapHud	com/moonsworth/lunar/client/framework/feature/mod/impl/guiCore/BettermapHud.java	25
117	Framework7Extension2	com/moonsworth/lunar/client/framework/feature/mod/impl/guiCore/Framework7Extension2.java	36
117	ExperimentSolverModule	com/moonsworth/lunar/client/framework/feature/mod/impl/ultrasequencer/ExperimentSolverModule.java	2
117	Framework7Extension2	com/moonsworth/lunar/client/framework/feature/mod/impl/ultrasequencer/Framework7Extension2.java	2
117	MixinHelper	com/moonsworth/lunar/client/framework/feature/mod/mixin/MixinHelper.java	39
117	MixinHelper10	com/moonsworth/lunar/client/framework/feature/mod/mixin/MixinHelper10.java	13
117	MixinHelper1010	com/moonsworth/lunar/client/framework/feature/mod/mixin/MixinHelper1010.java	14
117	MixinHelper1011	com/moonsworth/lunar/client/framework/feature/mod/mixin/MixinHelper1011.java	8
117	MixinHelper1012	com/moonsworth/lunar/client/framework/feature/mod/mixin/MixinHelper1012.java	16
117	MixinHelper1013	com/moonsworth/lunar/client/framework/feature/mod/mixin/MixinHelper1013.java	19
117	MixinHelper102	com/moonsworth/lunar/client/framework/feature/mod/mixin/MixinHelper102.java	18
117	MixinHelper103	com/moonsworth/lunar/client/framework/feature/mod/mixin/MixinHelper103.java	15
117	MixinHelper104	com/moonsworth/lunar/client/framework/feature/mod/mixin/MixinHelper104.java	23
117	MixinHelper105	com/moonsworth/lunar/client/framework/feature/mod/mixin/MixinHelper105.java	8
117	MixinHelper106	com/moonsworth/lunar/client/framework/feature/mod/mixin/MixinHelper106.java	15
118	MixinHelper107	com/moonsworth/lunar/client/framework/feature/mod/mixin/MixinHelper107.java	7
118	MixinHelper108	com/moonsworth/lunar/client/framework/feature/mod/mixin/MixinHelper108.java	19
118	MixinHelper109	com/moonsworth/lunar/client/framework/feature/mod/mixin/MixinHelper109.java	14
118	MixinHelper2	com/moonsworth/lunar/client/framework/feature/mod/mixin/MixinHelper2.java	4
118	MixinHelper3	com/moonsworth/lunar/client/framework/feature/mod/mixin/MixinHelper3.java	8
118	MixinHelper4	com/moonsworth/lunar/client/framework/feature/mod/mixin/MixinHelper4.java	12
118	MixinHelper5	com/moonsworth/lunar/client/framework/feature/mod/mixin/MixinHelper5.java	19
118	MixinHelper6	com/moonsworth/lunar/client/framework/feature/mod/mixin/MixinHelper6.java	6
118	MixinHelper7	com/moonsworth/lunar/client/framework/feature/mod/mixin/MixinHelper7.java	7
118	MixinHelper8	com/moonsworth/lunar/client/framework/feature/mod/mixin/MixinHelper8.java	29
118	MixinHelper9	com/moonsworth/lunar/client/framework/feature/mod/mixin/MixinHelper9.java	18
118	RouteBlacklistSubcommand	com/moonsworth/lunar/client/framework/feature/mod/mixin/RouteBlacklistSubcommand.java	11
118	RouteCancelSubcommand	com/moonsworth/lunar/client/framework/feature/mod/mixin/RouteCancelSubcommand.java	4
118	RouteCloneSubcommand	com/moonsworth/lunar/client/framework/feature/mod/mixin/RouteCloneSubcommand.java	5
118	RouteCommand	com/moonsworth/lunar/client/framework/feature/mod/mixin/RouteCommand.java	9
118	RouteDeleteSubcommand	com/moonsworth/lunar/client/framework/feature/mod/mixin/RouteDeleteSubcommand.java	8
118	RouteDeselectSubcommand	com/moonsworth/lunar/client/framework/feature/mod/mixin/RouteDeselectSubcommand.java	3
118	RouteHelpSubcommand	com/moonsworth/lunar/client/framework/feature/mod/mixin/RouteHelpSubcommand.java	5
118	RouteInfoSubcommand	com/moonsworth/lunar/client/framework/feature/mod/mixin/RouteInfoSubcommand.java	6
118	RouteListSubcommand	com/moonsworth/lunar/client/framework/feature/mod/mixin/RouteListSubcommand.java	7
118	RouteMetaSubcommand	com/moonsworth/lunar/client/framework/feature/mod/mixin/RouteMetaSubcommand.java	13
118	RouteResetSubcommand	com/moonsworth/lunar/client/framework/feature/mod/mixin/RouteResetSubcommand.java	3
118	RouteSaveSubcommand	com/moonsworth/lunar/client/framework/feature/mod/mixin/RouteSaveSubcommand.java	7
118	RouteSectionMetaSubcommand	com/moonsworth/lunar/client/framework/feature/mod/mixin/RouteSectionMetaSubcommand.java	16
118	RouteSectionSubcommand	com/moonsworth/lunar/client/framework/feature/mod/mixin/RouteSectionSubcommand.java	5
119	RouteSelectSubcommand	com/moonsworth/lunar/client/framework/feature/mod/mixin/RouteSelectSubcommand.java	5
119	RouteShowSubcommand	com/moonsworth/lunar/client/framework/feature/mod/mixin/RouteShowSubcommand.java	12
119	RouteStartSubcommand	com/moonsworth/lunar/client/framework/feature/mod/mixin/RouteStartSubcommand.java	5
119	RouteSubcommand	com/moonsworth/lunar/client/framework/feature/mod/mixin/RouteSubcommand.java	2
119	RouteWhitelistSubcommand	com/moonsworth/lunar/client/framework/feature/mod/mixin/RouteWhitelistSubcommand.java	13
119	SendCoordsCommand	com/moonsworth/lunar/client/framework/feature/mod/mixin/SendCoordsCommand.java	12
119	WarpCommand	com/moonsworth/lunar/client/framework/feature/mod/mixin/WarpCommand.java	7
119	CommissionEvent	com/moonsworth/lunar/client/framework/feature/mod/rewindhandlers/CommissionEvent.java	2
119	DungeonClassChangedEvent	com/moonsworth/lunar/client/framework/feature/mod/rewindhandlers/DungeonClassChangedEvent.java	4
119	DungeonFloorDetectedEvent	com/moonsworth/lunar/client/framework/feature/mod/rewindhandlers/DungeonFloorDetectedEvent.java	2
119	DungeonScoreUpdateEvent	com/moonsworth/lunar/client/framework/feature/mod/rewindhandlers/DungeonScoreUpdateEvent.java	2
119	EventEquippedItemChange	com/moonsworth/lunar/client/framework/feature/mod/rewindhandlers/EventEquippedItemChange.java	6
119	HighlightBase	com/moonsworth/lunar/client/framework/feature/mod/rewindhandlers/HighlightBase.java	2
119	HighlightBase2	com/moonsworth/lunar/client/framework/feature/mod/rewindhandlers/HighlightBase2.java	6
119	HighlightBase3	com/moonsworth/lunar/client/framework/feature/mod/rewindhandlers/HighlightBase3.java	14
119	HighlightImpl	com/moonsworth/lunar/client/framework/feature/mod/rewindhandlers/HighlightImpl.java	6
119	HighlightImpl3	com/moonsworth/lunar/client/framework/feature/mod/rewindhandlers/HighlightImpl3.java	4
119	HighlightImpl4	com/moonsworth/lunar/client/framework/feature/mod/rewindhandlers/HighlightImpl4.java	18
119	Rewindhandlers$Data10	com/moonsworth/lunar/client/framework/feature/mod/rewindhandlers/Rewindhandlers$Data10.java	2
119	Rewindhandlers$Data11	com/moonsworth/lunar/client/framework/feature/mod/rewindhandlers/Rewindhandlers$Data11.java	2
119	Rewindhandlers$Data12	com/moonsworth/lunar/client/framework/feature/mod/rewindhandlers/Rewindhandlers$Data12.java	4
119	Rewindhandlers	com/moonsworth/lunar/client/framework/feature/mod/rewindhandlers/Rewindhandlers.java	8
119	Rewindhandlers2	com/moonsworth/lunar/client/framework/feature/mod/rewindhandlers/Rewindhandlers2.java	16
119	Rewindhandlers3	com/moonsworth/lunar/client/framework/feature/mod/rewindhandlers/Rewindhandlers3.java	14
119	RoomSecretEvent	com/moonsworth/lunar/client/framework/feature/mod/rewindhandlers/RoomSecretEvent.java	6
120	SeaCreatureCatchEvent	com/moonsworth/lunar/client/framework/feature/mod/rewindhandlers/SeaCreatureCatchEvent.java	4
120	SkillXpUpdateEvent	com/moonsworth/lunar/client/framework/feature/mod/rewindhandlers/SkillXpUpdateEvent.java	18
120	SkyblockProfileEvents	com/moonsworth/lunar/client/framework/feature/mod/rewindhandlers/SkyblockProfileEvents.java	8
120	SlayerQuestEvent	com/moonsworth/lunar/client/framework/feature/mod/rewindhandlers/SlayerQuestEvent.java	14
120	TerminalEvents	com/moonsworth/lunar/client/framework/feature/mod/rewindhandlers/TerminalEvents.java	12
120	WormScathaEventBase	com/moonsworth/lunar/client/framework/feature/mod/rewindhandlers/WormScathaEventBase.java	2
120	EventCropPlaced	com/moonsworth/lunar/client/framework/feature/mod/rewindhandlers/mixin/EventCropPlaced.java	1
120	Rewindhandlers	com/moonsworth/lunar/client/framework/feature/mod/rewindhandlers/mixin/Rewindhandlers.java	1
120	MomentumRounding	com/moonsworth/lunar/client/framework/feature/momentum/MomentumRounding.java	2
120	ColorsaturationExtension	com/moonsworth/lunar/client/framework/feature/motionblur/ColorsaturationExtension.java	5
120	MotionBlurShader	com/moonsworth/lunar/client/framework/feature/motionblur/MotionBlurShader.java	3
120	Highlight3Handler	com/moonsworth/lunar/client/framework/feature/nickhider/Highlight3Handler.java	26
120	NickHiderBridge	com/moonsworth/lunar/client/framework/feature/nickhider/NickHiderBridge.java	3
120	Nickhider	com/moonsworth/lunar/client/framework/feature/nickhider/Nickhider.java	10
120	Nickhider2	com/moonsworth/lunar/client/framework/feature/nickhider/Nickhider2.java	3
120	Nickhider3	com/moonsworth/lunar/client/framework/feature/nickhider/Nickhider3.java	10
120	NickhiderImpl	com/moonsworth/lunar/client/framework/feature/nickhider/NickhiderImpl.java	28
120	NicknameListener	com/moonsworth/lunar/client/framework/feature/nickhider/NicknameListener.java	19
120	NicknameTransformerCache	com/moonsworth/lunar/client/framework/feature/nickhider/NicknameTransformerCache.java	4
120	ConsumerImpl	com/moonsworth/lunar/client/framework/feature/onesevenvisuals/ConsumerImpl.java	9
120	Onesevenvisuals	com/moonsworth/lunar/client/framework/feature/onesevenvisuals/Onesevenvisuals.java	22
120	Onesevenvisuals	com/moonsworth/lunar/client/framework/feature/onesevenvisuals/legacy/Onesevenvisuals.java	31
120	Modern	com/moonsworth/lunar/client/framework/feature/onesevenvisuals/modern/Modern.java	41
120	ConnectedTexturesListener	com/moonsworth/lunar/client/framework/feature/overlay/ConnectedTexturesListener.java	33
120	GlassTextureProcessor	com/moonsworth/lunar/client/framework/feature/overlay/GlassTextureProcessor.java	31
121	HudColorOverride	com/moonsworth/lunar/client/framework/feature/overlay/HudColorOverride.java	51
121	OreTextureProcessor	com/moonsworth/lunar/client/framework/feature/overlay/OreTextureProcessor.java	33
121	OverlayTextureProcessor	com/moonsworth/lunar/client/framework/feature/overlay/OverlayTextureProcessor.java	104
121	TextureAnimationCache	com/moonsworth/lunar/client/framework/feature/overlay/TextureAnimationCache.java	15
121	Pkg	com/moonsworth/lunar/client/framework/feature/pkg/Pkg.java	6
121	Pkg2	com/moonsworth/lunar/client/framework/feature/pkg/Pkg2.java	37
121	Pkg2_2	com/moonsworth/lunar/client/framework/feature/pkg/Pkg2_2.java	34
121	Pkg3$Data	com/moonsworth/lunar/client/framework/feature/pkg/Pkg3$Data.java	36
121	Pkg3	com/moonsworth/lunar/client/framework/feature/pkg/Pkg3.java	38
121	Pkg3_2	com/moonsworth/lunar/client/framework/feature/pkg/Pkg3_2.java	63
121	Pkg4	com/moonsworth/lunar/client/framework/feature/pkg/Pkg4.java	23
121	Pkg5	com/moonsworth/lunar/client/framework/feature/pkg/Pkg5.java	10
121	Pkg6	com/moonsworth/lunar/client/framework/feature/pkg/Pkg6.java	64
121	Pkg_2	com/moonsworth/lunar/client/framework/feature/pkg/Pkg_2.java	7
121	Pkg	com/moonsworth/lunar/client/framework/feature/pkg/mixin/Pkg.java	21
121	Pkg2	com/moonsworth/lunar/client/framework/feature/pkg/mixin/Pkg2.java	113
121	Pkg3	com/moonsworth/lunar/client/framework/feature/pkg/mixin/Pkg3.java	56
121	Pkg4	com/moonsworth/lunar/client/framework/feature/pkg/mixin/Pkg4.java	123
121	PkgType	com/moonsworth/lunar/client/framework/feature/pkg/mixin/PkgType.java	5
121	PotionCounterType	com/moonsworth/lunar/client/framework/feature/potioncounter/PotionCounterType.java	1
121	CompactPotionEffectRenderer	com/moonsworth/lunar/client/framework/feature/potioneffects/CompactPotionEffectRenderer.java	23
121	GridPotionEffectRenderer	com/moonsworth/lunar/client/framework/feature/potioneffects/GridPotionEffectRenderer.java	33
121	IconPotionEffectRenderer	com/moonsworth/lunar/client/framework/feature/potioneffects/IconPotionEffectRenderer.java	81
121	Potioneffects2	com/moonsworth/lunar/client/framework/feature/potioneffects/Potioneffects2.java	101
121	Potioneffects3	com/moonsworth/lunar/client/framework/feature/potioneffects/Potioneffects3.java	54
122	Potioneffects3Impl	com/moonsworth/lunar/client/framework/feature/potioneffects/Potioneffects3Impl.java	42
122	Potioneffects3Impl2	com/moonsworth/lunar/client/framework/feature/potioneffects/Potioneffects3Impl2.java	37
122	Potioneffects3Impl3	com/moonsworth/lunar/client/framework/feature/potioneffects/Potioneffects3Impl3.java	100
122	Potioneffects4	com/moonsworth/lunar/client/framework/feature/potioneffects/Potioneffects4.java	19
122	PvpInfoTimePeriod	com/moonsworth/lunar/client/framework/feature/pvpinfo/PvpInfoTimePeriod.java	1
122	Framework7Extension2	com/moonsworth/lunar/client/framework/feature/pvpinfo/pvp/Framework7Extension2.java	30
122	PvpInfoStatHud	com/moonsworth/lunar/client/framework/feature/pvpinfo/pvp/PvpInfoStatHud.java	26
122	Quickplay	com/moonsworth/lunar/client/framework/feature/quickplay/Quickplay.java	16
122	Bridge7Iterator	com/moonsworth/lunar/client/framework/feature/quickplay/mixin/Bridge7Iterator.java	35
122	Bridge7Iterator2	com/moonsworth/lunar/client/framework/feature/quickplay/mixin/Bridge7Iterator2.java	32
122	Bridge7Iterator3	com/moonsworth/lunar/client/framework/feature/quickplay/mixin/Bridge7Iterator3.java	28
122	Calculator2Updater	com/moonsworth/lunar/client/framework/feature/quickplay/mixin/Calculator2Updater.java	28
122	Calculator2Updater2	com/moonsworth/lunar/client/framework/feature/quickplay/mixin/Calculator2Updater2.java	18
122	QuickplayGameEntry	com/moonsworth/lunar/client/framework/feature/quickplay/mixin/QuickplayGameEntry.java	12
122	QuickplayGamesScreen	com/moonsworth/lunar/client/framework/feature/quickplay/mixin/QuickplayGamesScreen.java	21
122	QuickplayModeEntry	com/moonsworth/lunar/client/framework/feature/quickplay/mixin/QuickplayModeEntry.java	20
122	QuickplayModesScreen	com/moonsworth/lunar/client/framework/feature/quickplay/mixin/QuickplayModesScreen.java	20
122	QuickplayOverlay	com/moonsworth/lunar/client/framework/feature/quickplay/mixin/QuickplayOverlay.java	26
122	ParticleColorMode	com/moonsworth/lunar/client/framework/feature/render/ParticleColorMode.java	1
122	Fishing2Loader	com/moonsworth/lunar/client/framework/feature/rewind/Fishing2Loader.java	121
122	Fishing2Loader2	com/moonsworth/lunar/client/framework/feature/rewind/Fishing2Loader2.java	15
122	Fishing2Loader3	com/moonsworth/lunar/client/framework/feature/rewind/Fishing2Loader3.java	15
122	Fishing2Loader32	com/moonsworth/lunar/client/framework/feature/rewind/Fishing2Loader32.java	34
122	Fishing2Loader4	com/moonsworth/lunar/client/framework/feature/rewind/Fishing2Loader4.java	35
122	Fishing2Loader5	com/moonsworth/lunar/client/framework/feature/rewind/Fishing2Loader5.java	27
123	Fishing2Loader52	com/moonsworth/lunar/client/framework/feature/rewind/Fishing2Loader52.java	32
123	Rewind	com/moonsworth/lunar/client/framework/feature/rewind/Rewind.java	1
123	Rewind2	com/moonsworth/lunar/client/framework/feature/rewind/Rewind2.java	10
123	Rewind2_2	com/moonsworth/lunar/client/framework/feature/rewind/Rewind2_2.java	12
123	Rewind2_3	com/moonsworth/lunar/client/framework/feature/rewind/Rewind2_3.java	126
123	Rewind3	com/moonsworth/lunar/client/framework/feature/rewind/Rewind3.java	59
123	Rewind3_2	com/moonsworth/lunar/client/framework/feature/rewind/Rewind3_2.java	34
123	Rewind3_3	com/moonsworth/lunar/client/framework/feature/rewind/Rewind3_3.java	10
123	Rewind4	com/moonsworth/lunar/client/framework/feature/rewind/Rewind4.java	56
123	Rewind4_2	com/moonsworth/lunar/client/framework/feature/rewind/Rewind4_2.java	25
123	RewindImpl	com/moonsworth/lunar/client/framework/feature/rewind/RewindImpl.java	19
123	RewindImpl2	com/moonsworth/lunar/client/framework/feature/rewind/RewindImpl2.java	14
123	RewindIterator	com/moonsworth/lunar/client/framework/feature/rewind/RewindIterator.java	112
123	RewindIterator2	com/moonsworth/lunar/client/framework/feature/rewind/RewindIterator2.java	130
123	RewindIterator22	com/moonsworth/lunar/client/framework/feature/rewind/RewindIterator22.java	46
123	RewindIterator23	com/moonsworth/lunar/client/framework/feature/rewind/RewindIterator23.java	53
123	RewindIterator2_2	com/moonsworth/lunar/client/framework/feature/rewind/RewindIterator2_2.java	41
123	RewindIterator_2	com/moonsworth/lunar/client/framework/feature/rewind/RewindIterator_2.java	34
123	RewindType	com/moonsworth/lunar/client/framework/feature/rewind/RewindType.java	4
123	Rewind_2	com/moonsworth/lunar/client/framework/feature/rewind/Rewind_2.java	6
123	Rewind_3	com/moonsworth/lunar/client/framework/feature/rewind/Rewind_3.java	32
123	Rewind_4	com/moonsworth/lunar/client/framework/feature/rewind/Rewind_4.java	30
123	Rewind_5	com/moonsworth/lunar/client/framework/feature/rewind/Rewind_5.java	48
123	Fishing	com/moonsworth/lunar/client/framework/feature/rewind/fishing/Fishing.java	1
123	Fishing2	com/moonsworth/lunar/client/framework/feature/rewind/fishing/Fishing2.java	4
124	Fishing3	com/moonsworth/lunar/client/framework/feature/rewind/fishing/Fishing3.java	8
124	Fishing4	com/moonsworth/lunar/client/framework/feature/rewind/fishing/Fishing4.java	34
124	AlertImpl	com/moonsworth/lunar/client/framework/feature/rewind/gui/AlertImpl.java	14
124	ByteBufLoader	com/moonsworth/lunar/client/framework/feature/rewind/gui/ByteBufLoader.java	226
124	Gui	com/moonsworth/lunar/client/framework/feature/rewind/gui/Gui.java	14
124	Gui2$Data	com/moonsworth/lunar/client/framework/feature/rewind/gui/Gui2$Data.java	15
124	Gui2	com/moonsworth/lunar/client/framework/feature/rewind/gui/Gui2.java	6
124	Gui2_2	com/moonsworth/lunar/client/framework/feature/rewind/gui/Gui2_2.java	15
124	Gui3	com/moonsworth/lunar/client/framework/feature/rewind/gui/Gui3.java	9
124	Gui4	com/moonsworth/lunar/client/framework/feature/rewind/gui/Gui4.java	73
124	Gui5	com/moonsworth/lunar/client/framework/feature/rewind/gui/Gui5.java	11
124	Gui6	com/moonsworth/lunar/client/framework/feature/rewind/gui/Gui6.java	4
124	Gui7	com/moonsworth/lunar/client/framework/feature/rewind/gui/Gui7.java	3
124	GuiType	com/moonsworth/lunar/client/framework/feature/rewind/gui/GuiType.java	4
124	GuiType2	com/moonsworth/lunar/client/framework/feature/rewind/gui/GuiType2.java	4
124	GuiType4	com/moonsworth/lunar/client/framework/feature/rewind/gui/GuiType4.java	0
124	Gui_2	com/moonsworth/lunar/client/framework/feature/rewind/gui/Gui_2.java	42
124	Highlight$Data	com/moonsworth/lunar/client/framework/feature/rewind/highlight/Highlight$Data.java	25
124	Highlight	com/moonsworth/lunar/client/framework/feature/rewind/highlight/Highlight.java	70
124	Highlight2	com/moonsworth/lunar/client/framework/feature/rewind/highlight/Highlight2.java	51
124	Highlight2_2	com/moonsworth/lunar/client/framework/feature/rewind/highlight/Highlight2_2.java	8
124	Highlight3	com/moonsworth/lunar/client/framework/feature/rewind/highlight/Highlight3.java	55
124	HighlightImpl	com/moonsworth/lunar/client/framework/feature/rewind/highlight/HighlightImpl.java	8
124	Highlight_2	com/moonsworth/lunar/client/framework/feature/rewind/highlight/Highlight_2.java	10
124	Highlight_3	com/moonsworth/lunar/client/framework/feature/rewind/highlight/Highlight_3.java	77
125	Highlight_4	com/moonsworth/lunar/client/framework/feature/rewind/highlight/Highlight_4.java	73
125	LinkedHashMapImpl	com/moonsworth/lunar/client/framework/feature/rewind/highlight/LinkedHashMapImpl.java	32
125	LinkedHashMapImpl	com/moonsworth/lunar/client/framework/feature/rewind/highlight/nameplate/LinkedHashMapImpl.java	17
125	LinkedHashSetImpl	com/moonsworth/lunar/client/framework/feature/rewind/highlight/nameplate/LinkedHashSetImpl.java	11
125	Nameplate	com/moonsworth/lunar/client/framework/feature/rewind/highlight/nameplate/Nameplate.java	21
125	Nameplate2	com/moonsworth/lunar/client/framework/feature/rewind/highlight/nameplate/Nameplate2.java	19
125	Nameplate3	com/moonsworth/lunar/client/framework/feature/rewind/highlight/nameplate/Nameplate3.java	17
125	TreeMapImpl	com/moonsworth/lunar/client/framework/feature/rewind/highlight/nameplate/TreeMapImpl.java	17
125	TreeMapImpl2	com/moonsworth/lunar/client/framework/feature/rewind/highlight/nameplate/TreeMapImpl2.java	12
125	Holograms	com/moonsworth/lunar/client/framework/feature/rewind/holograms/Holograms.java	27
125	Holograms2	com/moonsworth/lunar/client/framework/feature/rewind/holograms/Holograms2.java	13
125	Holograms3	com/moonsworth/lunar/client/framework/feature/rewind/holograms/Holograms3.java	9
125	Holograms4	com/moonsworth/lunar/client/framework/feature/rewind/holograms/Holograms4.java	5
125	InputStreamLoader	com/moonsworth/lunar/client/framework/feature/rewind/mixin/InputStreamLoader.java	8
125	Rewind	com/moonsworth/lunar/client/framework/feature/rewind/mixin/Rewind.java	35
125	Rewind2	com/moonsworth/lunar/client/framework/feature/rewind/mixin/Rewind2.java	101
125	Rewind3	com/moonsworth/lunar/client/framework/feature/rewind/mixin/Rewind3.java	72
125	RewindThread	com/moonsworth/lunar/client/framework/feature/rewind/mixin/RewindThread.java	14
125	Nameplate	com/moonsworth/lunar/client/framework/feature/rewind/mixin/nameplate/Nameplate.java	144
125	SeekableByteChannelLoader	com/moonsworth/lunar/client/framework/feature/rewind/mixin/nameplate/SeekableByteChannelLoader.java	25
125	Fishing2Iterator	com/moonsworth/lunar/client/framework/feature/rewind/nameplate/Fishing2Iterator.java	51
125	Fishing2Iterator2	com/moonsworth/lunar/client/framework/feature/rewind/nameplate/Fishing2Iterator2.java	12
125	Fishing2Iterator3	com/moonsworth/lunar/client/framework/feature/rewind/nameplate/Fishing2Iterator3.java	13
125	Nameplate	com/moonsworth/lunar/client/framework/feature/rewind/nameplate/Nameplate.java	7
125	Nameplate2	com/moonsworth/lunar/client/framework/feature/rewind/nameplate/Nameplate2.java	14
126	Nameplate2Impl	com/moonsworth/lunar/client/framework/feature/rewind/nameplate/Nameplate2Impl.java	10
126	Nameplate2Impl2	com/moonsworth/lunar/client/framework/feature/rewind/nameplate/Nameplate2Impl2.java	10
126	Nameplate2Impl3	com/moonsworth/lunar/client/framework/feature/rewind/nameplate/Nameplate2Impl3.java	17
126	Nameplate2Impl4	com/moonsworth/lunar/client/framework/feature/rewind/nameplate/Nameplate2Impl4.java	9
126	Nameplate2Impl5	com/moonsworth/lunar/client/framework/feature/rewind/nameplate/Nameplate2Impl5.java	11
126	Nameplate2Impl6	com/moonsworth/lunar/client/framework/feature/rewind/nameplate/Nameplate2Impl6.java	15
126	Nameplate2Impl_2	com/moonsworth/lunar/client/framework/feature/rewind/nameplate/Nameplate2Impl_2.java	15
126	Nameplate2Iterator	com/moonsworth/lunar/client/framework/feature/rewind/nameplate/Nameplate2Iterator.java	13
126	Nameplate2Iterator2	com/moonsworth/lunar/client/framework/feature/rewind/nameplate/Nameplate2Iterator2.java	20
126	Nameplate2Iterator3	com/moonsworth/lunar/client/framework/feature/rewind/nameplate/Nameplate2Iterator3.java	23
126	Nameplate2Iterator4	com/moonsworth/lunar/client/framework/feature/rewind/nameplate/Nameplate2Iterator4.java	21
126	Nameplate2Iterator5	com/moonsworth/lunar/client/framework/feature/rewind/nameplate/Nameplate2Iterator5.java	15
126	Nameplate2Iterator6	com/moonsworth/lunar/client/framework/feature/rewind/nameplate/Nameplate2Iterator6.java	22
126	Nameplate2Task	com/moonsworth/lunar/client/framework/feature/rewind/nameplate/Nameplate2Task.java	17
126	Nameplate2_2	com/moonsworth/lunar/client/framework/feature/rewind/nameplate/Nameplate2_2.java	5
126	Nameplate3	com/moonsworth/lunar/client/framework/feature/rewind/nameplate/Nameplate3.java	13
126	Nameplate3Iterator	com/moonsworth/lunar/client/framework/feature/rewind/nameplate/Nameplate3Iterator.java	9
126	Nameplate3Iterator2	com/moonsworth/lunar/client/framework/feature/rewind/nameplate/Nameplate3Iterator2.java	7
126	Nameplate3Iterator3	com/moonsworth/lunar/client/framework/feature/rewind/nameplate/Nameplate3Iterator3.java	8
126	Nameplate_2	com/moonsworth/lunar/client/framework/feature/rewind/nameplate/Nameplate_2.java	9
126	Nameplate2Impl	com/moonsworth/lunar/client/framework/feature/rewind/nameplate/mixin/Nameplate2Impl.java	8
126	Nameplate2Impl2	com/moonsworth/lunar/client/framework/feature/rewind/nameplate/mixin/Nameplate2Impl2.java	8
126	Nameplate2Impl	com/moonsworth/lunar/client/framework/feature/rewind/nameplate/mixin/colorsaturation/Nameplate2Impl.java	7
126	Nameplate2Impl	com/moonsworth/lunar/client/framework/feature/rewind/nameplate/mixin/fishing/Nameplate2Impl.java	6
126	Nameplate2Impl2	com/moonsworth/lunar/client/framework/feature/rewind/nameplate/mixin/fishing/Nameplate2Impl2.java	9
127	Nameplate2Impl3	com/moonsworth/lunar/client/framework/feature/rewind/nameplate/mixin/fishing/Nameplate2Impl3.java	8
127	Nameplate2Impl4	com/moonsworth/lunar/client/framework/feature/rewind/nameplate/mixin/fishing/Nameplate2Impl4.java	6
127	Nameplate2Impl	com/moonsworth/lunar/client/framework/feature/rewind/nameplate/mixin/gui/Nameplate2Impl.java	27
127	Nameplate2Impl2	com/moonsworth/lunar/client/framework/feature/rewind/nameplate/mixin/gui/Nameplate2Impl2.java	11
127	Nameplate2Impl3	com/moonsworth/lunar/client/framework/feature/rewind/nameplate/mixin/gui/Nameplate2Impl3.java	26
127	Nameplate2Impl4	com/moonsworth/lunar/client/framework/feature/rewind/nameplate/mixin/gui/Nameplate2Impl4.java	11
127	Nameplate2Impl5	com/moonsworth/lunar/client/framework/feature/rewind/nameplate/mixin/gui/Nameplate2Impl5.java	9
127	Nameplate2Impl6	com/moonsworth/lunar/client/framework/feature/rewind/nameplate/mixin/gui/Nameplate2Impl6.java	10
127	Nameplate2Impl7	com/moonsworth/lunar/client/framework/feature/rewind/nameplate/mixin/gui/Nameplate2Impl7.java	9
127	Nameplate2Impl	com/moonsworth/lunar/client/framework/feature/rewind/nameplate/mixin/highlight/Nameplate2Impl.java	6
127	Nameplate2Impl	com/moonsworth/lunar/client/framework/feature/rewind/nameplate/mixin/holograms/Nameplate2Impl.java	8
127	Nameplate2Impl10	com/moonsworth/lunar/client/framework/feature/rewind/nameplate/mixin/holograms/Nameplate2Impl10.java	10
127	Nameplate2Impl11	com/moonsworth/lunar/client/framework/feature/rewind/nameplate/mixin/holograms/Nameplate2Impl11.java	13
127	Nameplate2Impl12	com/moonsworth/lunar/client/framework/feature/rewind/nameplate/mixin/holograms/Nameplate2Impl12.java	14
127	Nameplate2Impl13	com/moonsworth/lunar/client/framework/feature/rewind/nameplate/mixin/holograms/Nameplate2Impl13.java	9
127	Nameplate2Impl14	com/moonsworth/lunar/client/framework/feature/rewind/nameplate/mixin/holograms/Nameplate2Impl14.java	9
127	Nameplate2Impl15	com/moonsworth/lunar/client/framework/feature/rewind/nameplate/mixin/holograms/Nameplate2Impl15.java	8
127	Nameplate2Impl16	com/moonsworth/lunar/client/framework/feature/rewind/nameplate/mixin/holograms/Nameplate2Impl16.java	22
127	Nameplate2Impl17	com/moonsworth/lunar/client/framework/feature/rewind/nameplate/mixin/holograms/Nameplate2Impl17.java	14
127	Nameplate2Impl2	com/moonsworth/lunar/client/framework/feature/rewind/nameplate/mixin/holograms/Nameplate2Impl2.java	8
127	Nameplate2Impl3	com/moonsworth/lunar/client/framework/feature/rewind/nameplate/mixin/holograms/Nameplate2Impl3.java	7
127	Nameplate2Impl4	com/moonsworth/lunar/client/framework/feature/rewind/nameplate/mixin/holograms/Nameplate2Impl4.java	6
127	Nameplate2Impl5	com/moonsworth/lunar/client/framework/feature/rewind/nameplate/mixin/holograms/Nameplate2Impl5.java	8
127	Nameplate2Impl6	com/moonsworth/lunar/client/framework/feature/rewind/nameplate/mixin/holograms/Nameplate2Impl6.java	6
127	Nameplate2Impl7	com/moonsworth/lunar/client/framework/feature/rewind/nameplate/mixin/holograms/Nameplate2Impl7.java	7
128	Nameplate2Impl8	com/moonsworth/lunar/client/framework/feature/rewind/nameplate/mixin/holograms/Nameplate2Impl8.java	9
128	Nameplate2Impl9	com/moonsworth/lunar/client/framework/feature/rewind/nameplate/mixin/holograms/Nameplate2Impl9.java	8
128	Nameplate2Impl	com/moonsworth/lunar/client/framework/feature/rewind/nameplate/mixin/nameplate/Nameplate2Impl.java	8
128	Nameplate2Impl2	com/moonsworth/lunar/client/framework/feature/rewind/nameplate/mixin/nameplate/Nameplate2Impl2.java	9
128	Nameplate2Impl3	com/moonsworth/lunar/client/framework/feature/rewind/nameplate/mixin/nameplate/Nameplate2Impl3.java	31
128	Nameplate2Iterator	com/moonsworth/lunar/client/framework/feature/rewind/nameplate/mixin/rewindhandlers/Nameplate2Iterator.java	12
128	Nameplate2Iterator2	com/moonsworth/lunar/client/framework/feature/rewind/nameplate/mixin/rewindhandlers/Nameplate2Iterator2.java	12
128	Gui	com/moonsworth/lunar/client/framework/feature/rewind/rewindhandlers/Gui.java	16
128	Gui2Extension3	com/moonsworth/lunar/client/framework/feature/rewind/rewindhandlers/Gui2Extension3.java	1
128	GuiIterator	com/moonsworth/lunar/client/framework/feature/rewind/rewindhandlers/GuiIterator.java	35
128	Rewindhandlers	com/moonsworth/lunar/client/framework/feature/rewind/rewindhandlers/Rewindhandlers.java	19
128	Rewindhandlers2	com/moonsworth/lunar/client/framework/feature/rewind/rewindhandlers/Rewindhandlers2.java	48
128	Rewindhandlers2Impl	com/moonsworth/lunar/client/framework/feature/rewind/rewindhandlers/Rewindhandlers2Impl.java	34
128	Rewindhandlers2Impl2	com/moonsworth/lunar/client/framework/feature/rewind/rewindhandlers/Rewindhandlers2Impl2.java	12
128	Rewindhandlers2_2	com/moonsworth/lunar/client/framework/feature/rewind/rewindhandlers/Rewindhandlers2_2.java	6
128	Rewindhandlers2_3	com/moonsworth/lunar/client/framework/feature/rewind/rewindhandlers/Rewindhandlers2_3.java	1
128	Rewindhandlers2_4	com/moonsworth/lunar/client/framework/feature/rewind/rewindhandlers/Rewindhandlers2_4.java	32
128	Rewindhandlers2_5	com/moonsworth/lunar/client/framework/feature/rewind/rewindhandlers/Rewindhandlers2_5.java	7
128	Rewindhandlers_2	com/moonsworth/lunar/client/framework/feature/rewind/rewindhandlers/Rewindhandlers_2.java	24
128	Rewindhandlers_3	com/moonsworth/lunar/client/framework/feature/rewind/rewindhandlers/Rewindhandlers_3.java	60
128	Rewindhandlers_4	com/moonsworth/lunar/client/framework/feature/rewind/rewindhandlers/Rewindhandlers_4.java	18
128	Rewindhandlers_5	com/moonsworth/lunar/client/framework/feature/rewind/rewindhandlers/Rewindhandlers_5.java	16
128	Rewindhandlers_6	com/moonsworth/lunar/client/framework/feature/rewind/rewindhandlers/Rewindhandlers_6.java	19
128	Chest	com/moonsworth/lunar/client/framework/feature/rewind/rewindhandlers/chest/Chest.java	37
128	Chest2	com/moonsworth/lunar/client/framework/feature/rewind/rewindhandlers/chest/Chest2.java	178
129	Click	com/moonsworth/lunar/client/framework/feature/rewind/rewindhandlers/click/Click.java	4
129	Click2	com/moonsworth/lunar/client/framework/feature/rewind/rewindhandlers/click/Click2.java	21
129	Colorsaturation	com/moonsworth/lunar/client/framework/feature/rewind/rewindhandlers/colorsaturation/Colorsaturation.java	38
129	Colorsaturation2	com/moonsworth/lunar/client/framework/feature/rewind/rewindhandlers/colorsaturation/Colorsaturation2.java	70
129	Coordinates	com/moonsworth/lunar/client/framework/feature/rewind/rewindhandlers/coordinates/Coordinates.java	110
129	Coordinates3	com/moonsworth/lunar/client/framework/feature/rewind/rewindhandlers/coordinates/Coordinates3.java	17
129	Coordinates4	com/moonsworth/lunar/client/framework/feature/rewind/rewindhandlers/coordinates/Coordinates4.java	6
129	GuiIterator	com/moonsworth/lunar/client/framework/feature/rewind/rewindhandlers/coordinates/GuiIterator.java	2
129	Gui2Extension	com/moonsworth/lunar/client/framework/feature/rewind/rewindhandlers/fishing/Gui2Extension.java	1
129	GuiIterator	com/moonsworth/lunar/client/framework/feature/rewind/rewindhandlers/fishing/GuiIterator.java	54
129	Highlight	com/moonsworth/lunar/client/framework/feature/rewind/rewindhandlers/highlight/Highlight.java	12
129	Highlight2	com/moonsworth/lunar/client/framework/feature/rewind/rewindhandlers/highlight/Highlight2.java	7
129	Highlight2_2	com/moonsworth/lunar/client/framework/feature/rewind/rewindhandlers/highlight/Highlight2_2.java	51
129	Highlight_2	com/moonsworth/lunar/client/framework/feature/rewind/rewindhandlers/highlight/Highlight_2.java	23
129	Bridge7Iterator	com/moonsworth/lunar/client/framework/feature/rewind/rewindhandlers/holograms/Bridge7Iterator.java	14
129	Holograms	com/moonsworth/lunar/client/framework/feature/rewind/rewindhandlers/holograms/Holograms.java	7
129	Holograms2	com/moonsworth/lunar/client/framework/feature/rewind/rewindhandlers/holograms/Holograms2.java	66
129	Markers3Iterator	com/moonsworth/lunar/client/framework/feature/rewind/rewindhandlers/holograms/Markers3Iterator.java	51
129	Rewindhandlers	com/moonsworth/lunar/client/framework/feature/rewind/rewindhandlers/mixin/Rewindhandlers.java	10
129	Rewindhandlers2	com/moonsworth/lunar/client/framework/feature/rewind/rewindhandlers/mixin/Rewindhandlers2.java	60
129	RewindhandlersImpl	com/moonsworth/lunar/client/framework/feature/rewind/rewindhandlers/mixin/RewindhandlersImpl.java	133
129	RewindhandlersImpl2	com/moonsworth/lunar/client/framework/feature/rewind/rewindhandlers/mixin/RewindhandlersImpl2.java	11
129	Nameplate	com/moonsworth/lunar/client/framework/feature/rewind/rewindhandlers/nameplate/Nameplate.java	23
129	Nameplate2$Data4	com/moonsworth/lunar/client/framework/feature/rewind/rewindhandlers/nameplate/Nameplate2$Data4.java	8
129	Nameplate2	com/moonsworth/lunar/client/framework/feature/rewind/rewindhandlers/nameplate/Nameplate2.java	71
130	Nameplate2_2	com/moonsworth/lunar/client/framework/feature/rewind/rewindhandlers/nameplate/Nameplate2_2.java	28
130	Nameplate3	com/moonsworth/lunar/client/framework/feature/rewind/rewindhandlers/nameplate/Nameplate3.java	53
130	Nameplate4	com/moonsworth/lunar/client/framework/feature/rewind/rewindhandlers/nameplate/Nameplate4.java	127
130	Nameplate5	com/moonsworth/lunar/client/framework/feature/rewind/rewindhandlers/nameplate/Nameplate5.java	7
130	Nameplate_2	com/moonsworth/lunar/client/framework/feature/rewind/rewindhandlers/nameplate/Nameplate_2.java	4
130	RewindHandlers3Handler	com/moonsworth/lunar/client/framework/feature/rewind/rewindhandlers/rewindhandlersCore/RewindHandlers3Handler.java	63
130	RewindHandlers3Impl	com/moonsworth/lunar/client/framework/feature/rewind/rewindhandlers/rewindhandlersCore/RewindHandlers3Impl.java	19
130	RewindHandlers3Impl2	com/moonsworth/lunar/client/framework/feature/rewind/rewindhandlers/rewindhandlersCore/RewindHandlers3Impl2.java	34
130	RewindHandlers3Impl3	com/moonsworth/lunar/client/framework/feature/rewind/rewindhandlers/rewindhandlersCore/RewindHandlers3Impl3.java	15
130	RewindHandlers3Impl4	com/moonsworth/lunar/client/framework/feature/rewind/rewindhandlers/rewindhandlersCore/RewindHandlers3Impl4.java	27
130	RewindHandlers3Impl5	com/moonsworth/lunar/client/framework/feature/rewind/rewindhandlers/rewindhandlersCore/RewindHandlers3Impl5.java	55
130	RewindHandlers3Impl6	com/moonsworth/lunar/client/framework/feature/rewind/rewindhandlers/rewindhandlersCore/RewindHandlers3Impl6.java	30
130	RewindHandlers3Impl7	com/moonsworth/lunar/client/framework/feature/rewind/rewindhandlers/rewindhandlersCore/RewindHandlers3Impl7.java	17
130	RewindHandlers3Impl8	com/moonsworth/lunar/client/framework/feature/rewind/rewindhandlers/rewindhandlersCore/RewindHandlers3Impl8.java	74
130	RewindHandlers3Iterator	com/moonsworth/lunar/client/framework/feature/rewind/rewindhandlers/rewindhandlersCore/RewindHandlers3Iterator.java	35
130	RewindHandlers3Updater	com/moonsworth/lunar/client/framework/feature/rewind/rewindhandlers/rewindhandlersCore/RewindHandlers3Updater.java	172
130	Gui2Extension3	com/moonsworth/lunar/client/framework/feature/rewind/rewindhandlersNameplate/Gui2Extension3.java	6
130	Nameplate	com/moonsworth/lunar/client/framework/feature/rewind/rewindhandlersNameplate/Nameplate.java	6
130	RewindhandlersNameplate	com/moonsworth/lunar/client/framework/feature/rewind/rewindhandlersNameplate/RewindhandlersNameplate.java	78
130	RewindhandlersNameplate2	com/moonsworth/lunar/client/framework/feature/rewind/rewindhandlersNameplate/RewindhandlersNameplate2.java	45
130	RewindhandlersNameplate_2	com/moonsworth/lunar/client/framework/feature/rewind/rewindhandlersNameplate/RewindhandlersNameplate_2.java	31
130	RewindhandlersNameplate_3	com/moonsworth/lunar/client/framework/feature/rewind/rewindhandlersNameplate/RewindhandlersNameplate_3.java	35
130	RewindhandlersNameplate_4	com/moonsworth/lunar/client/framework/feature/rewind/rewindhandlersNameplate/RewindhandlersNameplate_4.java	40
130	RewindhandlersNameplate	com/moonsworth/lunar/client/framework/feature/rewind/rewindhandlersNameplate/mixin/RewindhandlersNameplate.java	5
130	RewindhandlersNameplateImpl	com/moonsworth/lunar/client/framework/feature/rewind/rewindhandlersNameplate/mixin/RewindhandlersNameplateImpl.java	30
131	RewindhandlersNameplateImpl2	com/moonsworth/lunar/client/framework/feature/rewind/rewindhandlersNameplate/mixin/RewindhandlersNameplateImpl2.java	53
131	Nameplate	com/moonsworth/lunar/client/framework/feature/rewind/rewindhandlersNameplateCore/Nameplate.java	4
131	RewindhandlersNameplateCore	com/moonsworth/lunar/client/framework/feature/rewind/rewindhandlersNameplateCore/RewindhandlersNameplateCore.java	5
131	RewindhandlersNameplateCore2	com/moonsworth/lunar/client/framework/feature/rewind/rewindhandlersNameplateCore/RewindhandlersNameplateCore2.java	30
131	RewindhandlersNameplateCore3	com/moonsworth/lunar/client/framework/feature/rewind/rewindhandlersNameplateCore/RewindhandlersNameplateCore3.java	14
131	RewindhandlersNameplateCore4	com/moonsworth/lunar/client/framework/feature/rewind/rewindhandlersNameplateCore/RewindhandlersNameplateCore4.java	14
131	RewindhandlersNameplateCore4Iterator	com/moonsworth/lunar/client/framework/feature/rewind/rewindhandlersNameplateCore/RewindhandlersNameplateCore4Iterator.java	28
131	RewindhandlersNameplateCore4Iterator2	com/moonsworth/lunar/client/framework/feature/rewind/rewindhandlersNameplateCore/RewindhandlersNameplateCore4Iterator2.java	47
131	RewindhandlersNameplateCore4Iterator3	com/moonsworth/lunar/client/framework/feature/rewind/rewindhandlersNameplateCore/RewindhandlersNameplateCore4Iterator3.java	38
131	RewindhandlersNameplateCore4Task	com/moonsworth/lunar/client/framework/feature/rewind/rewindhandlersNameplateCore/RewindhandlersNameplateCore4Task.java	13
131	RewindhandlersNameplateCoreHandler	com/moonsworth/lunar/client/framework/feature/rewind/rewindhandlersNameplateCore/RewindhandlersNameplateCoreHandler.java	7
131	RewindhandlersNameplateCoreHandler2	com/moonsworth/lunar/client/framework/feature/rewind/rewindhandlersNameplateCore/RewindhandlersNameplateCoreHandler2.java	5
131	RewindhandlersNameplateCoreIterator	com/moonsworth/lunar/client/framework/feature/rewind/rewindhandlersNameplateCore/RewindhandlersNameplateCoreIterator.java	7
131	RewindhandlersNameplateCoreIterator2	com/moonsworth/lunar/client/framework/feature/rewind/rewindhandlersNameplateCore/RewindhandlersNameplateCoreIterator2.java	7
131	RewindhandlersNameplateCoreIterator3	com/moonsworth/lunar/client/framework/feature/rewind/rewindhandlersNameplateCore/RewindhandlersNameplateCoreIterator3.java	5
131	RewindhandlersNameplateCoreIterator4	com/moonsworth/lunar/client/framework/feature/rewind/rewindhandlersNameplateCore/RewindhandlersNameplateCoreIterator4.java	6
131	RewindhandlersNameplateCoreIterator5	com/moonsworth/lunar/client/framework/feature/rewind/rewindhandlersNameplateCore/RewindhandlersNameplateCoreIterator5.java	5
131	RewindhandlersNameplateCoreIterator6	com/moonsworth/lunar/client/framework/feature/rewind/rewindhandlersNameplateCore/RewindhandlersNameplateCoreIterator6.java	5
131	RewindhandlersNameplateCore_2	com/moonsworth/lunar/client/framework/feature/rewind/rewindhandlersNameplateCore/RewindhandlersNameplateCore_2.java	4
131	RewindhandlersNameplateCore_3	com/moonsworth/lunar/client/framework/feature/rewind/rewindhandlersNameplateCore/RewindhandlersNameplateCore_3.java	11
131	RewindhandlersNameplateCore	com/moonsworth/lunar/client/framework/feature/rewind/rewindhandlersNameplateCore/mixin/RewindhandlersNameplateCore.java	76
131	RewindhandlersNameplateCoreImpl	com/moonsworth/lunar/client/framework/feature/rewind/rewindhandlersNameplateCore/mixin/RewindhandlersNameplateCoreImpl.java	28
131	RewindhandlersNameplateCoreImpl10	com/moonsworth/lunar/client/framework/feature/rewind/rewindhandlersNameplateCore/mixin/RewindhandlersNameplateCoreImpl10.java	25
131	RewindhandlersNameplateCoreImpl11	com/moonsworth/lunar/client/framework/feature/rewind/rewindhandlersNameplateCore/mixin/RewindhandlersNameplateCoreImpl11.java	4
131	RewindhandlersNameplateCoreImpl12	com/moonsworth/lunar/client/framework/feature/rewind/rewindhandlersNameplateCore/mixin/RewindhandlersNameplateCoreImpl12.java	3
132	RewindhandlersNameplateCoreImpl13	com/moonsworth/lunar/client/framework/feature/rewind/rewindhandlersNameplateCore/mixin/RewindhandlersNameplateCoreImpl13.java	25
132	RewindhandlersNameplateCoreImpl2	com/moonsworth/lunar/client/framework/feature/rewind/rewindhandlersNameplateCore/mixin/RewindhandlersNameplateCoreImpl2.java	3
132	RewindhandlersNameplateCoreImpl3	com/moonsworth/lunar/client/framework/feature/rewind/rewindhandlersNameplateCore/mixin/RewindhandlersNameplateCoreImpl3.java	32
132	RewindhandlersNameplateCoreImpl4	com/moonsworth/lunar/client/framework/feature/rewind/rewindhandlersNameplateCore/mixin/RewindhandlersNameplateCoreImpl4.java	1
132	RewindhandlersNameplateCoreImpl5	com/moonsworth/lunar/client/framework/feature/rewind/rewindhandlersNameplateCore/mixin/RewindhandlersNameplateCoreImpl5.java	2
132	RewindhandlersNameplateCoreImpl6	com/moonsworth/lunar/client/framework/feature/rewind/rewindhandlersNameplateCore/mixin/RewindhandlersNameplateCoreImpl6.java	32
132	RewindhandlersNameplateCoreImpl7	com/moonsworth/lunar/client/framework/feature/rewind/rewindhandlersNameplateCore/mixin/RewindhandlersNameplateCoreImpl7.java	12
132	RewindhandlersNameplateCoreImpl8	com/moonsworth/lunar/client/framework/feature/rewind/rewindhandlersNameplateCore/mixin/RewindhandlersNameplateCoreImpl8.java	12
132	RewindhandlersNameplateCoreImpl9	com/moonsworth/lunar/client/framework/feature/rewind/rewindhandlersNameplateCore/mixin/RewindhandlersNameplateCoreImpl9.java	4
132	RewindhandlersNameplateCoreIterator	com/moonsworth/lunar/client/framework/feature/rewind/rewindhandlersNameplateCore/mixin/RewindhandlersNameplateCoreIterator.java	7
132	Saturation	com/moonsworth/lunar/client/framework/feature/saturation/Saturation.java	39
132	Saturation2	com/moonsworth/lunar/client/framework/feature/saturation/Saturation2.java	109
132	Saturation3	com/moonsworth/lunar/client/framework/feature/saturation/Saturation3.java	84
132	SaturationRenderer	com/moonsworth/lunar/client/framework/feature/saturation/SaturationRenderer.java	90
132	ByteArrayInputStreamLoader	com/moonsworth/lunar/client/framework/feature/screenshot/ByteArrayInputStreamLoader.java	8
132	Gui2Iterator	com/moonsworth/lunar/client/framework/feature/screenshot/Gui2Iterator.java	14
132	ProgressNotification	com/moonsworth/lunar/client/framework/feature/screenshot/ProgressNotification.java	14
132	Screenshot	com/moonsworth/lunar/client/framework/feature/screenshot/Screenshot.java	15
132	Screenshot2	com/moonsworth/lunar/client/framework/feature/screenshot/Screenshot2.java	44
132	ScreenshotCallable	com/moonsworth/lunar/client/framework/feature/screenshot/ScreenshotCallable.java	11
132	ScreenshotCapture	com/moonsworth/lunar/client/framework/feature/screenshot/ScreenshotCapture.java	24
132	ScreenshotShareThread	com/moonsworth/lunar/client/framework/feature/screenshot/ScreenshotShareThread.java	19
132	ScreenshotThread	com/moonsworth/lunar/client/framework/feature/screenshot/ScreenshotThread.java	19
132	ScreenshotThread2	com/moonsworth/lunar/client/framework/feature/screenshot/ScreenshotThread2.java	23
132	ScrollableTooltipsController	com/moonsworth/lunar/client/framework/feature/scrollabletooltips/ScrollableTooltipsController.java	35
133	Scrollabletooltips	com/moonsworth/lunar/client/framework/feature/scrollabletooltips/Scrollabletooltips.java	22
133	Scrollabletooltips2	com/moonsworth/lunar/client/framework/feature/scrollabletooltips/Scrollabletooltips2.java	44
133	BasicTooltipScroll	com/moonsworth/lunar/client/framework/feature/scrollabletooltips/mixin/BasicTooltipScroll.java	5
133	ScaleTooltipScroll	com/moonsworth/lunar/client/framework/feature/scrollabletooltips/mixin/ScaleTooltipScroll.java	8
133	Scrollabletooltips	com/moonsworth/lunar/client/framework/feature/scrollabletooltips/mixin/Scrollabletooltips.java	10
133	ScrollabletooltipsHandler	com/moonsworth/lunar/client/framework/feature/scrollabletooltips/mixin/ScrollabletooltipsHandler.java	6
133	ScrollabletooltipsHandler2	com/moonsworth/lunar/client/framework/feature/scrollabletooltips/mixin/ScrollabletooltipsHandler2.java	12
133	ScrollabletooltipsHandler3	com/moonsworth/lunar/client/framework/feature/scrollabletooltips/mixin/ScrollabletooltipsHandler3.java	9
133	SnaplookPerspective	com/moonsworth/lunar/client/framework/feature/snaplook/SnaplookPerspective.java	2
133	SoundChangerEntry	com/moonsworth/lunar/client/framework/feature/soundchanger/SoundChangerEntry.java	12
133	Soundchanger	com/moonsworth/lunar/client/framework/feature/soundchanger/Soundchanger.java	34
133	Soundchanger2	com/moonsworth/lunar/client/framework/feature/soundchanger/Soundchanger2.java	16
133	Teamview	com/moonsworth/lunar/client/framework/feature/teamview/Teamview.java	37
133	MctiersMetadata	com/moonsworth/lunar/client/framework/feature/tiertagger/MctiersMetadata.java	10
133	PvphqMetadata	com/moonsworth/lunar/client/framework/feature/tiertagger/PvphqMetadata.java	8
133	TierApiProvider	com/moonsworth/lunar/client/framework/feature/tiertagger/TierApiProvider.java	15
133	TierBadgeFormatter	com/moonsworth/lunar/client/framework/feature/tiertagger/TierBadgeFormatter.java	11
133	TierGameMode	com/moonsworth/lunar/client/framework/feature/tiertagger/TierGameMode.java	9
133	TierLookupHandler	com/moonsworth/lunar/client/framework/feature/tiertagger/TierLookupHandler.java	17
133	TierMetadataRegistry	com/moonsworth/lunar/client/framework/feature/tiertagger/TierMetadataRegistry.java	25
133	TierPlacement	com/moonsworth/lunar/client/framework/feature/tiertagger/TierPlacement.java	12
133	TierPlayerProfile	com/moonsworth/lunar/client/framework/feature/tiertagger/TierPlayerProfile.java	8
133	TierProviderData	com/moonsworth/lunar/client/framework/feature/tiertagger/TierProviderData.java	10
133	TierRanking	com/moonsworth/lunar/client/framework/feature/tiertagger/TierRanking.java	8
133	Tiertagger	com/moonsworth/lunar/client/framework/feature/tiertagger/Tiertagger.java	39
134	Tiertagger2$Data	com/moonsworth/lunar/client/framework/feature/tiertagger/Tiertagger2$Data.java	10
134	Tiertagger2	com/moonsworth/lunar/client/framework/feature/tiertagger/Tiertagger2.java	41
134	Tiertagger2Iterator	com/moonsworth/lunar/client/framework/feature/tiertagger/Tiertagger2Iterator.java	32
134	Tiertagger2Iterator2	com/moonsworth/lunar/client/framework/feature/tiertagger/Tiertagger2Iterator2.java	8
134	Tiertagger2Iterator_2	com/moonsworth/lunar/client/framework/feature/tiertagger/Tiertagger2Iterator_2.java	8
134	Tiertagger2Iterator_3	com/moonsworth/lunar/client/framework/feature/tiertagger/Tiertagger2Iterator_3.java	38
134	Tiertagger2_2	com/moonsworth/lunar/client/framework/feature/tiertagger/Tiertagger2_2.java	25
134	Tiertagger3	com/moonsworth/lunar/client/framework/feature/tiertagger/Tiertagger3.java	14
134	Tiertagger3_2	com/moonsworth/lunar/client/framework/feature/tiertagger/Tiertagger3_2.java	10
134	Tiertagger4	com/moonsworth/lunar/client/framework/feature/tiertagger/Tiertagger4.java	9
134	Tiertagger5	com/moonsworth/lunar/client/framework/feature/tiertagger/Tiertagger5.java	12
134	Tiertagger6	com/moonsworth/lunar/client/framework/feature/tiertagger/Tiertagger6.java	41
134	Tiertagger6Impl	com/moonsworth/lunar/client/framework/feature/tiertagger/Tiertagger6Impl.java	15
134	Tiertagger6Impl_2	com/moonsworth/lunar/client/framework/feature/tiertagger/Tiertagger6Impl_2.java	11
134	TiertaggerSource	com/moonsworth/lunar/client/framework/feature/tiertagger/TiertaggerSource.java	1
134	Tiertagger_2	com/moonsworth/lunar/client/framework/feature/tiertagger/Tiertagger_2.java	11
134	LightingExtension4952	com/moonsworth/lunar/client/framework/feature/tiertagger/mixin/LightingExtension4952.java	15
134	LightingExtension49522	com/moonsworth/lunar/client/framework/feature/tiertagger/mixin/LightingExtension49522.java	36
134	TierFallbackMode	com/moonsworth/lunar/client/framework/feature/tiertagger/mixin/TierFallbackMode.java	1
134	TierSourceModeOption	com/moonsworth/lunar/client/framework/feature/tiertagger/mixin/TierSourceModeOption.java	21
134	TierSourceOption	com/moonsworth/lunar/client/framework/feature/tiertagger/mixin/TierSourceOption.java	8
134	TiertaggerShownStatistic	com/moonsworth/lunar/client/framework/feature/tiertagger/mixin/TiertaggerShownStatistic.java	1
134	SubtiersMetadata	com/moonsworth/lunar/client/framework/feature/tiertagger/nameplate/SubtiersMetadata.java	8
134	Tiertagger2Iterator	com/moonsworth/lunar/client/framework/feature/tiertagger/nameplate/Tiertagger2Iterator.java	8
134	Tiertagger6Impl	com/moonsworth/lunar/client/framework/feature/tiertagger/nameplate/Tiertagger6Impl.java	12
135	Tiertagger2Iterator	com/moonsworth/lunar/client/framework/feature/tiertagger/rewindhandlers/Tiertagger2Iterator.java	58
135	Tiertagger6Iterator	com/moonsworth/lunar/client/framework/feature/tiertagger/rewindhandlers/Tiertagger6Iterator.java	49
135	TiertestsMetadata	com/moonsworth/lunar/client/framework/feature/tiertagger/rewindhandlers/TiertestsMetadata.java	40
135	TitleRenderer	com/moonsworth/lunar/client/framework/feature/titles/TitleRenderer.java	36
135	Titles	com/moonsworth/lunar/client/framework/feature/titles/Titles.java	1
135	Titles2	com/moonsworth/lunar/client/framework/feature/titles/Titles2.java	42
135	Calculator2Type	com/moonsworth/lunar/client/framework/feature/toggle/Calculator2Type.java	9
135	ToggleActionType	com/moonsworth/lunar/client/framework/feature/toggle/ToggleActionType.java	7
135	BedwarsLevelFormats	com/moonsworth/lunar/client/framework/feature/tps/BedwarsLevelFormats.java	3
135	Gui2Extension	com/moonsworth/lunar/client/framework/feature/tps/Gui2Extension.java	8
135	JsonDeserializerIterator	com/moonsworth/lunar/client/framework/feature/tps/JsonDeserializerIterator.java	10
135	LevelHeadSource	com/moonsworth/lunar/client/framework/feature/tps/LevelHeadSource.java	8
135	Tps	com/moonsworth/lunar/client/framework/feature/tps/Tps.java	3
135	Tps2	com/moonsworth/lunar/client/framework/feature/tps/Tps2.java	3
135	TpsDeserializer	com/moonsworth/lunar/client/framework/feature/tps/TpsDeserializer.java	2
135	CosmeticWailaComponent	com/moonsworth/lunar/client/framework/feature/waila/CosmeticWailaComponent.java	34
135	EntityWailaComponent	com/moonsworth/lunar/client/framework/feature/waila/EntityWailaComponent.java	36
135	ItemWailaComponent	com/moonsworth/lunar/client/framework/feature/waila/ItemWailaComponent.java	5
135	SpacerWailaComponent	com/moonsworth/lunar/client/framework/feature/waila/SpacerWailaComponent.java	8
135	StringWailaComponent	com/moonsworth/lunar/client/framework/feature/waila/StringWailaComponent.java	10
135	TextureWailaComponent	com/moonsworth/lunar/client/framework/feature/waila/TextureWailaComponent.java	5
135	VerticalWailaGroup	com/moonsworth/lunar/client/framework/feature/waila/VerticalWailaGroup.java	2
135	Waila	com/moonsworth/lunar/client/framework/feature/waila/Waila.java	5
135	WailaComponent	com/moonsworth/lunar/client/framework/feature/waila/WailaComponent.java	3
135	WailaHandler	com/moonsworth/lunar/client/framework/feature/waila/WailaHandler.java	10
136	WailaHandler2	com/moonsworth/lunar/client/framework/feature/waila/WailaHandler2.java	46
136	WailaHandler3	com/moonsworth/lunar/client/framework/feature/waila/WailaHandler3.java	13
136	WailaHandler4	com/moonsworth/lunar/client/framework/feature/waila/WailaHandler4.java	47
136	WailaHandler5	com/moonsworth/lunar/client/framework/feature/waila/WailaHandler5.java	11
136	WailaHandler6	com/moonsworth/lunar/client/framework/feature/waila/WailaHandler6.java	8
136	WailaHandler7	com/moonsworth/lunar/client/framework/feature/waila/WailaHandler7.java	9
136	WailaIterator	com/moonsworth/lunar/client/framework/feature/waila/WailaIterator.java	4
136	WailaIterator2	com/moonsworth/lunar/client/framework/feature/waila/WailaIterator2.java	6
136	Waila	com/moonsworth/lunar/client/framework/feature/waila/mixin/Waila.java	27
136	Waila2	com/moonsworth/lunar/client/framework/feature/waila/mixin/Waila2.java	23
136	WailaLayout	com/moonsworth/lunar/client/framework/feature/waila/mixin/WailaLayout.java	13
136	WailaRow	com/moonsworth/lunar/client/framework/feature/waila/mixin/WailaRow.java	13
136	BadlionWaypointImporter	com/moonsworth/lunar/client/framework/feature/waypoints/BadlionWaypointImporter.java	39
136	Gui2Loader	com/moonsworth/lunar/client/framework/feature/waypoints/Gui2Loader.java	69
136	Gui2Loader_2	com/moonsworth/lunar/client/framework/feature/waypoints/Gui2Loader_2.java	44
136	GuiHandler	com/moonsworth/lunar/client/framework/feature/waypoints/GuiHandler.java	92
136	GuiHandler2	com/moonsworth/lunar/client/framework/feature/waypoints/GuiHandler2.java	172
136	GuiLoader	com/moonsworth/lunar/client/framework/feature/waypoints/GuiLoader.java	45
136	JourneyMapWaypointImporter	com/moonsworth/lunar/client/framework/feature/waypoints/JourneyMapWaypointImporter.java	26
136	Waypoint	com/moonsworth/lunar/client/framework/feature/waypoints/Waypoint.java	155
136	WaypointStringPool	com/moonsworth/lunar/client/framework/feature/waypoints/WaypointStringPool.java	9
136	Waypoints	com/moonsworth/lunar/client/framework/feature/waypoints/Waypoints.java	3
136	Waypoints2	com/moonsworth/lunar/client/framework/feature/waypoints/Waypoints2.java	17
136	ColeWeightWaypointImporter	com/moonsworth/lunar/client/framework/feature/waypoints/mixin/ColeWeightWaypointImporter.java	8
136	Gui2Loader	com/moonsworth/lunar/client/framework/feature/waypoints/mixin/Gui2Loader.java	41
137	Gui2Loader2	com/moonsworth/lunar/client/framework/feature/waypoints/mixin/Gui2Loader2.java	17
137	SkytilsWaypointImporter	com/moonsworth/lunar/client/framework/feature/waypoints/mixin/SkytilsWaypointImporter.java	16
137	VoxelMapWaypointImporter	com/moonsworth/lunar/client/framework/feature/waypoints/mixin/VoxelMapWaypointImporter.java	32
137	WaypointImporter	com/moonsworth/lunar/client/framework/feature/waypoints/mixin/WaypointImporter.java	32
137	XaeroWaypointImporter	com/moonsworth/lunar/client/framework/feature/waypoints/mixin/XaeroWaypointImporter.java	31
137	Gui2Loader	com/moonsworth/lunar/client/framework/feature/waypoints/mixin/holograms/Gui2Loader.java	54
137	Gui2Loader	com/moonsworth/lunar/client/framework/feature/waypoints/mixin/nameplate/Gui2Loader.java	28
137	Gui2Loader	com/moonsworth/lunar/client/framework/feature/waypoints/mixin/rewindhandlers/Gui2Loader.java	48
137	BoundedSelection	com/moonsworth/lunar/client/framework/feature/worldeditcui/BoundedSelection.java	6
137	CylinderSelection	com/moonsworth/lunar/client/framework/feature/worldeditcui/CylinderSelection.java	11
137	EllipsoidSelection	com/moonsworth/lunar/client/framework/feature/worldeditcui/EllipsoidSelection.java	6
137	PolyhedronSelection	com/moonsworth/lunar/client/framework/feature/worldeditcui/PolyhedronSelection.java	3
137	VersionedBoundedSelection	com/moonsworth/lunar/client/framework/feature/worldeditcui/VersionedBoundedSelection.java	3
137	VersionedSelection	com/moonsworth/lunar/client/framework/feature/worldeditcui/VersionedSelection.java	3
137	WorldEditSelectionBase	com/moonsworth/lunar/client/framework/feature/worldeditcui/WorldEditSelectionBase.java	10
137	WorldeditSelection	com/moonsworth/lunar/client/framework/feature/worldeditcui/WorldeditSelection.java	13
137	WorldeditSelectionVersion	com/moonsworth/lunar/client/framework/feature/worldeditcui/WorldeditSelectionVersion.java	3
137	Worldeditcui	com/moonsworth/lunar/client/framework/feature/worldeditcui/Worldeditcui.java	5
137	Worldeditcui2	com/moonsworth/lunar/client/framework/feature/worldeditcui/Worldeditcui2.java	14
137	Worldeditcui2Base	com/moonsworth/lunar/client/framework/feature/worldeditcui/Worldeditcui2Base.java	6
137	Worldeditcui2Base2	com/moonsworth/lunar/client/framework/feature/worldeditcui/Worldeditcui2Base2.java	3
137	Worldeditcui2Base23	com/moonsworth/lunar/client/framework/feature/worldeditcui/Worldeditcui2Base23.java	4
137	Worldeditcui2Base3	com/moonsworth/lunar/client/framework/feature/worldeditcui/Worldeditcui2Base3.java	3
137	Worldeditcui2Base4	com/moonsworth/lunar/client/framework/feature/worldeditcui/Worldeditcui2Base4.java	11
137	Worldeditcui2Handler	com/moonsworth/lunar/client/framework/feature/worldeditcui/Worldeditcui2Handler.java	11
138	Worldeditcui2Impl	com/moonsworth/lunar/client/framework/feature/worldeditcui/Worldeditcui2Impl.java	8
138	Worldeditcui_2	com/moonsworth/lunar/client/framework/feature/worldeditcui/Worldeditcui_2.java	3
138	Worldeditcui	com/moonsworth/lunar/client/framework/feature/worldeditcui/mixin/Worldeditcui.java	3
138	WorldeditcuiHandler	com/moonsworth/lunar/client/framework/feature/worldeditcui/mixin/WorldeditcuiHandler.java	4
138	WorldeditcuiIterator	com/moonsworth/lunar/client/framework/feature/worldeditcui/mixin/WorldeditcuiIterator.java	1
138	HudTimer	com/moonsworth/lunar/client/framework/hud/HudTimer.java	34
138	AutoReconnectListener	com/moonsworth/lunar/client/framework/listener/AutoReconnectListener.java	13
138	BiomeListener	com/moonsworth/lunar/client/framework/listener/BiomeListener.java	9
138	CpsListener	com/moonsworth/lunar/client/framework/listener/CpsListener.java	14
138	DependencyTracker	com/moonsworth/lunar/client/framework/listener/DependencyTracker.java	9
138	DependencyValue	com/moonsworth/lunar/client/framework/listener/DependencyValue.java	2
138	DynamicListener	com/moonsworth/lunar/client/framework/listener/DynamicListener.java	59
138	DynamicListenerIsEnabled	com/moonsworth/lunar/client/framework/listener/DynamicListenerIsEnabled.java	1
138	EventSubscriptionRegistry	com/moonsworth/lunar/client/framework/listener/EventSubscriptionRegistry.java	13
138	AutoReconnectListener	com/moonsworth/lunar/client/framework/listener/GuiRewindhandlers.java	2
138	GuiRewindhandlersHandler	com/moonsworth/lunar/client/framework/listener/GuiRewindhandlersHandler.java	8
138	HudTimerTicker	com/moonsworth/lunar/client/framework/listener/HudTimerTicker.java	2
138	HypixelLocation	com/moonsworth/lunar/client/framework/listener/HypixelLocation.java	8
138	HypixelLocationListener	com/moonsworth/lunar/client/framework/listener/HypixelLocationListener.java	19
138	HypixelPartyTracker	com/moonsworth/lunar/client/framework/listener/HypixelPartyTracker.java	40
138	KeybindOptionListener	com/moonsworth/lunar/client/framework/listener/KeybindOptionListener.java	7
138	KnockbackListener	com/moonsworth/lunar/client/framework/listener/KnockbackListener.java	24
138	LambdaFactory	com/moonsworth/lunar/client/framework/listener/LambdaFactory.java	9
138	LocalPlayerNameListener	com/moonsworth/lunar/client/framework/listener/LocalPlayerNameListener.java	8
138	LocrawResponse	com/moonsworth/lunar/client/framework/listener/LocrawResponse.java	5
139	PartyState	com/moonsworth/lunar/client/framework/listener/PartyState.java	4
139	PersistentValuesListener	com/moonsworth/lunar/client/framework/listener/PersistentValuesListener.java	12
139	PlayerCosmeticsSubscription	com/moonsworth/lunar/client/framework/listener/PlayerCosmeticsSubscription.java	20
139	PlayerStatTracker	com/moonsworth/lunar/client/framework/listener/PlayerStatTracker.java	27
139	ProjectileTracker	com/moonsworth/lunar/client/framework/listener/ProjectileTracker.java	12
139	RefCountedListener	com/moonsworth/lunar/client/framework/listener/RefCountedListener.java	3
139	ReflectionUtils	com/moonsworth/lunar/client/framework/listener/ReflectionUtils.java	10
139	RequiresDynamicListener	com/moonsworth/lunar/client/framework/listener/RequiresDynamicListener.java	1
139	ScoreboardListener	com/moonsworth/lunar/client/framework/listener/ScoreboardListener.java	9
139	ScreenInteractionHandler	com/moonsworth/lunar/client/framework/listener/ScreenInteractionHandler.java	18
139	ScreenTitleListener	com/moonsworth/lunar/client/framework/listener/ScreenTitleListener.java	6
139	ServerSettingsListener	com/moonsworth/lunar/client/framework/listener/ServerSettingsListener.java	2
139	TabListListener	com/moonsworth/lunar/client/framework/listener/TabListListener.java	5
139	TpsTracker	com/moonsworth/lunar/client/framework/listener/TpsTracker.java	14
139	TrackedValue	com/moonsworth/lunar/client/framework/listener/TrackedValue.java	6
139	TrackedValueImpl	com/moonsworth/lunar/client/framework/listener/TrackedValueImpl.java	10
139	ItemMapHandler	com/moonsworth/lunar/client/framework/loading/ItemMapHandler.java	3
139	ItemSetHandler	com/moonsworth/lunar/client/framework/loading/ItemSetHandler.java	3
139	LoadableResource	com/moonsworth/lunar/client/framework/loading/LoadableResource.java	1
139	LoadingStage	com/moonsworth/lunar/client/framework/loading/LoadingStage.java	2
139	LoadingStageImpl	com/moonsworth/lunar/client/framework/loading/LoadingStageImpl.java	44
139	AlertConsumer	com/moonsworth/lunar/client/framework/metadata/AlertConsumer.java	12
139	BlogPostConsumer	com/moonsworth/lunar/client/framework/metadata/BlogPostConsumer.java	4
139	ClientSettingsConsumer	com/moonsworth/lunar/client/framework/metadata/ClientSettingsConsumer.java	16
139	FeatureFlagConsumer	com/moonsworth/lunar/client/framework/metadata/FeatureFlagConsumer.java	8
140	LanguageOverrideConsumer	com/moonsworth/lunar/client/framework/metadata/LanguageOverrideConsumer.java	2
140	LinkOverrideConsumer	com/moonsworth/lunar/client/framework/metadata/LinkOverrideConsumer.java	3
140	MetadataConsumer	com/moonsworth/lunar/client/framework/metadata/MetadataConsumer.java	5
140	ModMetadataFetcher	com/moonsworth/lunar/client/framework/metadata/ModMetadataFetcher.java	99
140	ModSettingsConsumer	com/moonsworth/lunar/client/framework/metadata/ModSettingsConsumer.java	34
140	PinnedServerConsumer	com/moonsworth/lunar/client/framework/metadata/PinnedServerConsumer.java	23
140	RemoteMetadataManager	com/moonsworth/lunar/client/framework/metadata/RemoteMetadataManager.java	43
140	SentryFilterConsumer	com/moonsworth/lunar/client/framework/metadata/SentryFilterConsumer.java	5
140	ServerIntegrationConsumer	com/moonsworth/lunar/client/framework/metadata/ServerIntegrationConsumer.java	22
140	StarServerConsumer	com/moonsworth/lunar/client/framework/metadata/StarServerConsumer.java	7
140	StoreBadgeConsumer	com/moonsworth/lunar/client/framework/metadata/StoreBadgeConsumer.java	4
140	AbstractFeature	com/moonsworth/lunar/client/framework/mod/AbstractFeature.java	152
140	Alert2Iterator	com/moonsworth/lunar/client/framework/mod/Alert2Iterator.java	47
140	Alert2Iterator2	com/moonsworth/lunar/client/framework/mod/Alert2Iterator2.java	4
140	AlertExtension	com/moonsworth/lunar/client/framework/mod/AlertExtension.java	4
140	Calculator2Handler	com/moonsworth/lunar/client/framework/mod/Calculator2Handler.java	16
140	ChildModBinding	com/moonsworth/lunar/client/framework/mod/ChildModBinding.java	5
140	ConditionalChildBinding	com/moonsworth/lunar/client/framework/mod/ConditionalChildBinding.java	4
140	ConfigPanelPosition	com/moonsworth/lunar/client/framework/mod/ConfigPanelPosition.java	13
140	DynamicCondition	com/moonsworth/lunar/client/framework/mod/DynamicCondition.java	4
140	DynamicFeatureDetails	com/moonsworth/lunar/client/framework/mod/DynamicFeatureDetails.java	3
140	FeatureChildren	com/moonsworth/lunar/client/framework/mod/FeatureChildren.java	12
140	FeatureDetails	com/moonsworth/lunar/client/framework/mod/FeatureDetails.java	17
140	FeatureIndex	com/moonsworth/lunar/client/framework/mod/FeatureIndex.java	12
140	FeatureLifecycleManager	com/moonsworth/lunar/client/framework/mod/FeatureLifecycleManager.java	36
141	FeatureOptionContainer	com/moonsworth/lunar/client/framework/mod/FeatureOptionContainer.java	16
141	FeatureToggleKeybind	com/moonsworth/lunar/client/framework/mod/FeatureToggleKeybind.java	22
141	Framework	com/moonsworth/lunar/client/framework/mod/Framework.java	45
141	Framework10	com/moonsworth/lunar/client/framework/mod/Framework10.java	27
141	Framework10Extension	com/moonsworth/lunar/client/framework/mod/Framework10Extension.java	26
141	Framework11	com/moonsworth/lunar/client/framework/mod/Framework11.java	5
141	Framework11Handler	com/moonsworth/lunar/client/framework/mod/Framework11Handler.java	12
141	Framework12	com/moonsworth/lunar/client/framework/mod/Framework12.java	11
141	Framework2	com/moonsworth/lunar/client/framework/mod/Framework2.java	5
141	Framework4	com/moonsworth/lunar/client/framework/mod/Framework4.java	12
141	Framework4Handler	com/moonsworth/lunar/client/framework/mod/Framework4Handler.java	6
141	Framework5	com/moonsworth/lunar/client/framework/mod/Framework5.java	10
141	Framework6	com/moonsworth/lunar/client/framework/mod/Framework6.java	4
141	Framework7	com/moonsworth/lunar/client/framework/mod/Framework7.java	9
141	Framework7Extension	com/moonsworth/lunar/client/framework/mod/Framework7Extension.java	19
141	Framework7Loader	com/moonsworth/lunar/client/framework/mod/Framework7Loader.java	25
141	KeystrokeSupport	com/moonsworth/lunar/client/framework/mod/KeystrokeSupport.java	10
141	ModCategories	com/moonsworth/lunar/client/framework/mod/ModCategories.java	3
141	ModCategory	com/moonsworth/lunar/client/framework/mod/ModCategory.java	12
141	ModCategorySet	com/moonsworth/lunar/client/framework/mod/ModCategorySet.java	2
141	ModChildren	com/moonsworth/lunar/client/framework/mod/ModChildren.java	4
141	ModDetails	com/moonsworth/lunar/client/framework/mod/ModDetails.java	65
141	ModDisplay	com/moonsworth/lunar/client/framework/mod/ModDisplay.java	19
141	ModDisplayData	com/moonsworth/lunar/client/framework/mod/ModDisplayData.java	27
141	ModEnabledState	com/moonsworth/lunar/client/framework/mod/ModEnabledState.java	41
142	ModLifecycle	com/moonsworth/lunar/client/framework/mod/ModLifecycle.java	15
142	ModMetadata	com/moonsworth/lunar/client/framework/mod/ModMetadata.java	15
142	ModRestriction	com/moonsworth/lunar/client/framework/mod/ModRestriction.java	4
142	ModSearchIndex	com/moonsworth/lunar/client/framework/mod/ModSearchIndex.java	24
142	ModSupport	com/moonsworth/lunar/client/framework/mod/ModSupport.java	28
142	ModTraits	com/moonsworth/lunar/client/framework/mod/ModTraits.java	44
142	MutablePageState	com/moonsworth/lunar/client/framework/mod/MutablePageState.java	3
142	Nameplate	com/moonsworth/lunar/client/framework/mod/Nameplate.java	19
142	Nameplate10	com/moonsworth/lunar/client/framework/mod/Nameplate10.java	18
142	Nameplate11	com/moonsworth/lunar/client/framework/mod/Nameplate11.java	14
142	Nameplate2	com/moonsworth/lunar/client/framework/mod/Nameplate2.java	3
142	Nameplate3	com/moonsworth/lunar/client/framework/mod/Nameplate3.java	28
142	Nameplate4	com/moonsworth/lunar/client/framework/mod/Nameplate4.java	9
142	Nameplate4Impl	com/moonsworth/lunar/client/framework/mod/Nameplate4Impl.java	13
142	Nameplate4Impl2	com/moonsworth/lunar/client/framework/mod/Nameplate4Impl2.java	10
142	Nameplate4Impl22	com/moonsworth/lunar/client/framework/mod/Nameplate4Impl22.java	41
142	Nameplate4Loader	com/moonsworth/lunar/client/framework/mod/Nameplate4Loader.java	6
142	Nameplate5	com/moonsworth/lunar/client/framework/mod/Nameplate5.java	18
142	Nameplate6	com/moonsworth/lunar/client/framework/mod/Nameplate6.java	39
142	Nameplate7	com/moonsworth/lunar/client/framework/mod/Nameplate7.java	3
142	Nameplate8	com/moonsworth/lunar/client/framework/mod/Nameplate8.java	11
142	Nameplate9	com/moonsworth/lunar/client/framework/mod/Nameplate9.java	14
142	NameplateTask	com/moonsworth/lunar/client/framework/mod/NameplateTask.java	67
142	OptionContainer	com/moonsworth/lunar/client/framework/mod/OptionContainer.java	6
142	PageState	com/moonsworth/lunar/client/framework/mod/PageState.java	4
143	PanelPosition	com/moonsworth/lunar/client/framework/mod/PanelPosition.java	11
143	UnlockableFeature	com/moonsworth/lunar/client/framework/mod/UnlockableFeature.java	12
143	GlAccessTransform	com/moonsworth/lunar/client/framework/transform/GlAccessTransform.java	8
143	LunarIntermediaryMapper	com/moonsworth/lunar/client/framework/transform/LunarIntermediaryMapper.java	30
143	LunarTransformLoader	com/moonsworth/lunar/client/framework/transform/LunarTransformLoader.java	1
143	LwjglFunctionProvider	com/moonsworth/lunar/client/framework/transform/LwjglFunctionProvider.java	5
143	LwjglRelocationTransform	com/moonsworth/lunar/client/framework/transform/LwjglRelocationTransform.java	6
143	MixinTaskTransform	com/moonsworth/lunar/client/framework/transform/MixinTaskTransform.java	23
143	NewInstanceFactoryTransform	com/moonsworth/lunar/client/framework/transform/NewInstanceFactoryTransform.java	7
143	OmniMixinValidationTransform	com/moonsworth/lunar/client/framework/transform/OmniMixinValidationTransform.java	55
143	PreMixinTransform	com/moonsworth/lunar/client/framework/transform/PreMixinTransform.java	2
143	RandomRewriteTransform	com/moonsworth/lunar/client/framework/transform/RandomRewriteTransform.java	8
143	Highlight3Handler	com/moonsworth/lunar/client/freelook/Highlight3Handler.java	28
143	BugReportScreen	com/moonsworth/lunar/client/gui/BugReportScreen.java	41
143	ConfirmDialog	com/moonsworth/lunar/client/gui/ConfirmDialog.java	44
143	ConfirmScreen	com/moonsworth/lunar/client/gui/ConfirmScreen.java	49
143	HostWorldScreen	com/moonsworth/lunar/client/gui/HostWorldScreen.java	76
143	LoadingScreen	com/moonsworth/lunar/client/gui/LoadingScreen.java	84
143	PlayerConfirmDialog	com/moonsworth/lunar/client/gui/PlayerConfirmDialog.java	35
143	UiStateStore	com/moonsworth/lunar/client/gui/UiStateStore.java	26
143	BlogPostManager	com/moonsworth/lunar/client/gui/blog/BlogPostManager.java	17
143	FormattedNotification	com/moonsworth/lunar/client/gui/notification/FormattedNotification.java	20
143	NotificationManager	com/moonsworth/lunar/client/gui/notification/NotificationManager.java	43
143	RememberServerPrompt	com/moonsworth/lunar/client/gui/prompt/RememberServerPrompt.java	11
143	Annotation	com/moonsworth/lunar/client/guiRewindhandlers/Annotation.java	1
144	Annotation2	com/moonsworth/lunar/client/guiRewindhandlers/Annotation2.java	1
144	GuiRewindhandlers	com/moonsworth/lunar/client/guiRewindhandlers/GuiRewindhandlers.java	2
144	GuiRewindhandlers2	com/moonsworth/lunar/client/guiRewindhandlers/GuiRewindhandlers2.java	4
144	GuiRewindhandlers3	com/moonsworth/lunar/client/guiRewindhandlers/GuiRewindhandlers3.java	16
144	GuiRewindhandlersHandler	com/moonsworth/lunar/client/guiRewindhandlers/GuiRewindhandlersHandler.java	9
144	GuiRewindhandlersHandler22	com/moonsworth/lunar/client/guiRewindhandlers/GuiRewindhandlersHandler22.java	18
144	GuiRewindhandlersHandler23	com/moonsworth/lunar/client/guiRewindhandlers/GuiRewindhandlersHandler23.java	40
144	GuiRewindhandlersHandler24	com/moonsworth/lunar/client/guiRewindhandlers/GuiRewindhandlersHandler24.java	11
144	GuiRewindhandlersHandler25	com/moonsworth/lunar/client/guiRewindhandlers/GuiRewindhandlersHandler25.java	14
144	GuiRewindhandlersHandler26	com/moonsworth/lunar/client/guiRewindhandlers/GuiRewindhandlersHandler26.java	14
144	GuiRewindhandlersHandler27	com/moonsworth/lunar/client/guiRewindhandlers/GuiRewindhandlersHandler27.java	13
144	GuiRewindhandlersHandler28	com/moonsworth/lunar/client/guiRewindhandlers/GuiRewindhandlersHandler28.java	21
144	GuiRewindhandlersHandler29	com/moonsworth/lunar/client/guiRewindhandlers/GuiRewindhandlersHandler29.java	33
144	GuiRewindhandlersHandler2_2	com/moonsworth/lunar/client/guiRewindhandlers/GuiRewindhandlersHandler2_2.java	12
144	GuiRewindhandlersHandler3	com/moonsworth/lunar/client/guiRewindhandlers/GuiRewindhandlersHandler3.java	3
144	GuiRewindhandlers_2	com/moonsworth/lunar/client/guiRewindhandlers/GuiRewindhandlers_2.java	17
144	GuiRewindhandlers	com/moonsworth/lunar/client/guiRewindhandlers/mixin/GuiRewindhandlers.java	17
144	GuiRewindhandlers2	com/moonsworth/lunar/client/guiRewindhandlers/mixin/GuiRewindhandlers2.java	15
144	GuiRewindhandlers3	com/moonsworth/lunar/client/guiRewindhandlers/mixin/GuiRewindhandlers3.java	27
144	GuiRewindhandlers4	com/moonsworth/lunar/client/guiRewindhandlers/mixin/GuiRewindhandlers4.java	2
144	GuiRewindhandlers5	com/moonsworth/lunar/client/guiRewindhandlers/mixin/GuiRewindhandlers5.java	29
144	GuiRewindhandlers6	com/moonsworth/lunar/client/guiRewindhandlers/mixin/GuiRewindhandlers6.java	45
144	GuiRewindhandlers6Impl	com/moonsworth/lunar/client/guiRewindhandlers/mixin/GuiRewindhandlers6Impl.java	4
144	GuiRewindhandlers6Task	com/moonsworth/lunar/client/guiRewindhandlers/mixin/GuiRewindhandlers6Task.java	17
144	Nameplate	com/moonsworth/lunar/client/guiRewindhandlers/nameplate/Nameplate.java	17
145	GuiRewindhandlersHandler2	com/moonsworth/lunar/client/guiRewindhandlers/rewindhandlers/GuiRewindhandlersHandler2.java	60
145	GuiRewindhandlersHandler22	com/moonsworth/lunar/client/guiRewindhandlers/rewindhandlers/GuiRewindhandlersHandler22.java	18
145	Rewindhandlers	com/moonsworth/lunar/client/guiRewindhandlers/rewindhandlers/Rewindhandlers.java	5
145	Rewindhandlers2	com/moonsworth/lunar/client/guiRewindhandlers/rewindhandlers/Rewindhandlers2.java	8
145	Rewindhandlers3	com/moonsworth/lunar/client/guiRewindhandlers/rewindhandlers/Rewindhandlers3.java	4
145	Heightlimit	com/moonsworth/lunar/client/heightlimit/Heightlimit.java	7
145	Heightlimit2	com/moonsworth/lunar/client/heightlimit/Heightlimit2.java	4
145	HighlightImpl_3	com/moonsworth/lunar/client/highlight/HighlightImpl_3.java	1
145	FogHandler	com/moonsworth/lunar/client/hitcolor/FogHandler.java	18
145	Inventorymod	com/moonsworth/lunar/client/inventorymod/Inventorymod.java	11
145	Inventorymod2	com/moonsworth/lunar/client/inventorymod/Inventorymod2.java	76
145	Inventorymod3	com/moonsworth/lunar/client/inventorymod/Inventorymod3.java	25
145	InventorymodError	com/moonsworth/lunar/client/inventorymod/InventorymodError.java	3
145	JsonSerializer	com/moonsworth/lunar/client/inventorymod/JsonSerializer.java	8
145	Itemcounter	com/moonsworth/lunar/client/itemcounter/Itemcounter.java	62
145	Itemphysics	com/moonsworth/lunar/client/itemphysics/mixin/Itemphysics.java	8
145	Itemphysics2	com/moonsworth/lunar/client/itemphysics/mixin/Itemphysics2.java	8
145	Itemphysics3	com/moonsworth/lunar/client/itemphysics/mixin/Itemphysics3.java	8
145	TypeAdapter	com/moonsworth/lunar/client/itemtracker/TypeAdapter.java	5
145	Highlight3Iterator	com/moonsworth/lunar/client/keystrokes/Highlight3Iterator.java	43
145	Keystrokes	com/moonsworth/lunar/client/keystrokes/Keystrokes.java	1
145	Keystrokes2	com/moonsworth/lunar/client/keystrokes/Keystrokes2.java	12
145	Keystrokes3	com/moonsworth/lunar/client/keystrokes/Keystrokes3.java	4
145	KnockbacktrainerThread	com/moonsworth/lunar/client/knockbacktrainer/KnockbacktrainerThread.java	6
145	Memory	com/moonsworth/lunar/client/memory/Memory.java	115
146	MemoryTask	com/moonsworth/lunar/client/memory/MemoryTask.java	8
146	EntityClientPlayerMPMixin	com/moonsworth/lunar/client/mixin/EntityClientPlayerMPMixin.java	2
146	EntityFXMixin	com/moonsworth/lunar/client/mixin/EntityFXMixin.java	3
146	EntityFXMixin2	com/moonsworth/lunar/client/mixin/EntityFXMixin2.java	4
146	EntityFXMovementMixin	com/moonsworth/lunar/client/mixin/EntityFXMovementMixin.java	3
146	EntityRenderer	com/moonsworth/lunar/client/mixin/EntityRenderer.java	5
146	EntityRenderer2	com/moonsworth/lunar/client/mixin/EntityRenderer2.java	4
146	EntityRenderer3	com/moonsworth/lunar/client/mixin/EntityRenderer3.java	16
146	EntityRenderer4	com/moonsworth/lunar/client/mixin/EntityRenderer4.java	369
146	EntityRenderer5	com/moonsworth/lunar/client/mixin/EntityRenderer5.java	17
146	EntityRenderer6	com/moonsworth/lunar/client/mixin/EntityRenderer6.java	16
146	EntityRendererMixin	com/moonsworth/lunar/client/mixin/EntityRendererMixin.java	48
146	EntityRendererMixin2	com/moonsworth/lunar/client/mixin/EntityRendererMixin2.java	25
146	EntityRendererMixin3	com/moonsworth/lunar/client/mixin/EntityRendererMixin3.java	15
146	EntityRendererOverlayMixin	com/moonsworth/lunar/client/mixin/EntityRendererOverlayMixin.java	7
146	EntityRendererReachMixin	com/moonsworth/lunar/client/mixin/EntityRendererReachMixin.java	14
146	EntityRendererType	com/moonsworth/lunar/client/mixin/EntityRendererType.java	1
146	EntityRendererType2	com/moonsworth/lunar/client/mixin/EntityRendererType2.java	1
146	GuiButtonRecipeMixin	com/moonsworth/lunar/client/mixin/GuiButtonRecipeMixin.java	6
146	GuiCraftingMixin	com/moonsworth/lunar/client/mixin/GuiCraftingMixin.java	17
146	GuiInventoryMixin	com/moonsworth/lunar/client/mixin/GuiInventoryMixin.java	18
146	GuiRecipeBookMixin	com/moonsworth/lunar/client/mixin/GuiRecipeBookMixin.java	12
146	GuiSubtitleOverlayMixin	com/moonsworth/lunar/client/mixin/GuiSubtitleOverlayMixin.java	1
146	KeyBindingMixin	com/moonsworth/lunar/client/mixin/KeyBindingMixin.java	4
146	MapCoordMixin	com/moonsworth/lunar/client/mixin/MapCoordMixin.java	3
147	RegionRenderCacheMixin	com/moonsworth/lunar/client/mixin/RegionRenderCacheMixin.java	1
147	RenderBlocksMixin	com/moonsworth/lunar/client/mixin/RenderBlocksMixin.java	8
147	RenderGlobalMixin	com/moonsworth/lunar/client/mixin/RenderGlobalMixin.java	15
147	RpcChannelImpl	com/moonsworth/lunar/client/mixin/RpcChannelImpl.java	22
147	TextureMapAtlasLoadMixin	com/moonsworth/lunar/client/mixin/TextureMapAtlasLoadMixin.java	1
147	TextureMapMixin2	com/moonsworth/lunar/client/mixin/TextureMapMixin2.java	6
147	TextureMapMixin3	com/moonsworth/lunar/client/mixin/TextureMapMixin3.java	5
147	TextureMapOpaqueFixMixin	com/moonsworth/lunar/client/mixin/TextureMapOpaqueFixMixin.java	1
147	WebSocketClientHandler	com/moonsworth/lunar/client/mixin/WebSocketClientHandler.java	43
147	TessellatorRenderer	com/moonsworth/lunar/client/mobsize/mixin/TessellatorRenderer.java	1
147	WorldRenderer	com/moonsworth/lunar/client/mobsize/mixin/WorldRenderer.java	29
147	PlayerCombatState	com/moonsworth/lunar/client/mod/combat/PlayerCombatState.java	16
147	AttackIndicator	com/moonsworth/lunar/client/mod/combat/attackindicator/AttackIndicator.java	62
147	Combo	com/moonsworth/lunar/client/mod/combat/combo/Combo.java	9
147	Cooldowns	com/moonsworth/lunar/client/mod/combat/cooldowns/Cooldowns.java	52
147	DamageTint	com/moonsworth/lunar/client/mod/combat/damagetint/DamageTint.java	21
147	Hitbox	com/moonsworth/lunar/client/mod/combat/hitbox/Hitbox.java	40
147	HitColor	com/moonsworth/lunar/client/mod/combat/hitcolor/HitColor.java	21
147	KillSoundChildMod	com/moonsworth/lunar/client/mod/combat/killsounds/KillSoundChildMod.java	7
147	KillSounds	com/moonsworth/lunar/client/mod/combat/killsounds/KillSounds.java	13
147	KnockbackGroundGraph	com/moonsworth/lunar/client/mod/combat/knockbacktrainer/KnockbackGroundGraph.java	64
147	KnockbackJumpTiming	com/moonsworth/lunar/client/mod/combat/knockbacktrainer/KnockbackJumpTiming.java	13
147	KnockbackStats	com/moonsworth/lunar/client/mod/combat/knockbacktrainer/KnockbackStats.java	8
147	KnockbackTrainer	com/moonsworth/lunar/client/mod/combat/knockbacktrainer/KnockbackTrainer.java	47
147	PotionCounter	com/moonsworth/lunar/client/mod/combat/potioncounter/PotionCounter.java	11
148	PvpInfo	com/moonsworth/lunar/client/mod/combat/pvpinfo/PvpInfo.java	9
148	PvpInfoHealthChild	com/moonsworth/lunar/client/mod/combat/pvpinfo/PvpInfoHealthChild.java	17
148	PvpInfoMeleeChild	com/moonsworth/lunar/client/mod/combat/pvpinfo/PvpInfoMeleeChild.java	17
148	PvpInfoProjectileChild	com/moonsworth/lunar/client/mod/combat/pvpinfo/PvpInfoProjectileChild.java	17
148	ReachDisplay	com/moonsworth/lunar/client/mod/combat/reachdisplay/ReachDisplay.java	14
148	Shields	com/moonsworth/lunar/client/mod/combat/shields/Shields.java	40
148	TntCountdown	com/moonsworth/lunar/client/mod/combat/tntcountdown/TntCountdown.java	45
148	TotemCounter	com/moonsworth/lunar/client/mod/combat/totemcounter/TotemCounter.java	39
148	TotemCounterHudChild	com/moonsworth/lunar/client/mod/combat/totemcounter/TotemCounterHudChild.java	21
148	ActionBar	com/moonsworth/lunar/client/mod/hud/actionbar/ActionBar.java	23
148	AudioSubtitles	com/moonsworth/lunar/client/mod/hud/audiosubtitles/AudioSubtitles.java	35
148	Bossbar	com/moonsworth/lunar/client/mod/hud/bossbar/Bossbar.java	42
148	Clock	com/moonsworth/lunar/client/mod/hud/clock/Clock.java	9
148	Coordinates	com/moonsworth/lunar/client/mod/hud/coordinates/Coordinates.java	117
148	CoordinatesChildHudMod	com/moonsworth/lunar/client/mod/hud/coordinates/CoordinatesChildHudMod.java	36
148	CoordinatesHud	com/moonsworth/lunar/client/mod/hud/coordinates/CoordinatesHud.java	97
148	Cps	com/moonsworth/lunar/client/mod/hud/cps/Cps.java	18
148	DayCounter	com/moonsworth/lunar/client/mod/hud/daycounter/DayCounter.java	4
148	DirectionHud	com/moonsworth/lunar/client/mod/hud/directionhud/DirectionHud.java	29
148	F3Display	com/moonsworth/lunar/client/mod/hud/f3display/F3Display.java	60
148	F3ModuleChildMod	com/moonsworth/lunar/client/mod/hud/f3display/F3ModuleChildMod.java	81
148	HorseStats	com/moonsworth/lunar/client/mod/hud/horsestats/HorseStats.java	25
148	InventoryHud	com/moonsworth/lunar/client/mod/hud/inventoryhud/InventoryHud.java	20
148	ItemCounter	com/moonsworth/lunar/client/mod/hud/itemcounter/ItemCounter.java	41
148	ItemCounterElementChildMod	com/moonsworth/lunar/client/mod/hud/itemcounter/ItemCounterElementChildMod.java	14
149	CustomKeystrokeKey	com/moonsworth/lunar/client/mod/hud/keystrokes/CustomKeystrokeKey.java	9
149	Keystrokes	com/moonsworth/lunar/client/mod/hud/keystrokes/Keystrokes.java	9
149	Memory	com/moonsworth/lunar/client/mod/hud/memory/Memory.java	11
149	PackDisplay	com/moonsworth/lunar/client/mod/hud/packdisplay/PackDisplay.java	59
149	Ping	com/moonsworth/lunar/client/mod/hud/ping/Ping.java	43
149	PingHud	com/moonsworth/lunar/client/mod/hud/ping/PingHud.java	42
149	PingNametag	com/moonsworth/lunar/client/mod/hud/ping/PingNametag.java	10
149	Playtime	com/moonsworth/lunar/client/mod/hud/playtime/Playtime.java	3
149	Scoreboard	com/moonsworth/lunar/client/mod/hud/scoreboard/Scoreboard.java	40
149	ServerAddress	com/moonsworth/lunar/client/mod/hud/serveraddress/ServerAddress.java	32
149	ShaderPackDisplay	com/moonsworth/lunar/client/mod/hud/shaderpackdisplay/ShaderPackDisplay.java	31
149	Stopwatch	com/moonsworth/lunar/client/mod/hud/stopwatch/Stopwatch.java	24
149	StopwatchChildMod	com/moonsworth/lunar/client/mod/hud/stopwatch/StopwatchChildMod.java	46
149	TimerChildMod	com/moonsworth/lunar/client/mod/hud/stopwatch/TimerChildMod.java	47
149	Tab	com/moonsworth/lunar/client/mod/hud/tab/Tab.java	28
149	Waila	com/moonsworth/lunar/client/mod/hud/waila/Waila.java	101
149	WailaHud	com/moonsworth/lunar/client/mod/hud/waila/WailaHud.java	39
149	AnniversaryChest	com/moonsworth/lunar/client/mod/misc/AnniversaryChest.java	8
149	AprilFoolsChest	com/moonsworth/lunar/client/mod/misc/AprilFoolsChest.java	7
149	EventChest	com/moonsworth/lunar/client/mod/misc/EventChest.java	5
149	EventChestDefinition	com/moonsworth/lunar/client/mod/misc/EventChestDefinition.java	3
149	EventChestEntityHook	com/moonsworth/lunar/client/mod/misc/EventChestEntityHook.java	13
149	EventChestRegistry	com/moonsworth/lunar/client/mod/misc/EventChestRegistry.java	9
149	EventChestSpawner	com/moonsworth/lunar/client/mod/misc/EventChestSpawner.java	12
149	StaffModsManager	com/moonsworth/lunar/client/mod/misc/StaffModsManager.java	5
150	AutoTextActions	com/moonsworth/lunar/client/mod/misc/autotextactions/AutoTextActions.java	24
150	AutoTextHotkey	com/moonsworth/lunar/client/mod/misc/autotextactions/AutoTextHotkey.java	34
150	Chat	com/moonsworth/lunar/client/mod/misc/chat/Chat.java	162
150	ChatCommandAliasesChild	com/moonsworth/lunar/client/mod/misc/chat/ChatCommandAliasesChild.java	28
150	ApolloDebugMod	com/moonsworth/lunar/client/mod/misc/debug/ApolloDebugMod.java	52
150	BasicDebugMod	com/moonsworth/lunar/client/mod/misc/debug/BasicDebugMod.java	4
150	CompanionDebug	com/moonsworth/lunar/client/mod/misc/debug/CompanionDebug.java	18
150	CosmeticDebugMod	com/moonsworth/lunar/client/mod/misc/debug/CosmeticDebugMod.java	11
150	DirectMemoryDebugChildMod	com/moonsworth/lunar/client/mod/misc/debug/DirectMemoryDebugChildMod.java	12
150	DynamiclistenerDebugMod	com/moonsworth/lunar/client/mod/misc/debug/DynamiclistenerDebugMod.java	22
150	EventDebugMod	com/moonsworth/lunar/client/mod/misc/debug/EventDebugMod.java	5
150	FeatureFlagDebug	com/moonsworth/lunar/client/mod/misc/debug/FeatureFlagDebug.java	7
150	FpsDebugMod	com/moonsworth/lunar/client/mod/misc/debug/FpsDebugMod.java	10
150	FragmentDebugChildMod	com/moonsworth/lunar/client/mod/misc/debug/FragmentDebugChildMod.java	31
150	GeckolibDebugMod	com/moonsworth/lunar/client/mod/misc/debug/GeckolibDebugMod.java	37
150	GraphDebugMod	com/moonsworth/lunar/client/mod/misc/debug/GraphDebugMod.java	4
150	McDebugRenderer	com/moonsworth/lunar/client/mod/misc/debug/McDebugRenderer.java	35
150	MemoryDebugChildMod	com/moonsworth/lunar/client/mod/misc/debug/MemoryDebugChildMod.java	16
150	ModsEnabledDebugMod	com/moonsworth/lunar/client/mod/misc/debug/ModsEnabledDebugMod.java	19
150	OffHeapMemoryDebugChildMod	com/moonsworth/lunar/client/mod/misc/debug/OffHeapMemoryDebugChildMod.java	13
150	OptimizationDebugMod	com/moonsworth/lunar/client/mod/misc/debug/OptimizationDebugMod.java	49
150	OptionDumpMod	com/moonsworth/lunar/client/mod/misc/debug/OptionDumpMod.java	8
150	PathfindingDebug	com/moonsworth/lunar/client/mod/misc/debug/PathfindingDebug.java	18
150	ProfilerDebugMod	com/moonsworth/lunar/client/mod/misc/debug/ProfilerDebugMod.java	24
150	RaycastDebug	com/moonsworth/lunar/client/mod/misc/debug/RaycastDebug.java	61
151	SettingsOverrideDebug	com/moonsworth/lunar/client/mod/misc/debug/SettingsOverrideDebug.java	38
151	ShaderDebugMod	com/moonsworth/lunar/client/mod/misc/debug/ShaderDebugMod.java	32
151	TickDebug	com/moonsworth/lunar/client/mod/misc/debug/TickDebug.java	1
151	TransformationDebug	com/moonsworth/lunar/client/mod/misc/debug/TransformationDebug.java	8
151	TurboGroupRebuildsChildHudMod	com/moonsworth/lunar/client/mod/misc/debug/TurboGroupRebuildsChildHudMod.java	7
151	TurboRenderingDebugMod	com/moonsworth/lunar/client/mod/misc/debug/TurboRenderingDebugMod.java	11
151	GuiScale	com/moonsworth/lunar/client/mod/misc/guiscale/GuiScale.java	13
151	HypixelMod	com/moonsworth/lunar/client/mod/misc/hypixel/HypixelMod.java	123
151	HypixelTps	com/moonsworth/lunar/client/mod/misc/hypixel/HypixelTps.java	5
151	BedwarsUpgrade	com/moonsworth/lunar/client/mod/misc/hypixelbedwars/BedwarsUpgrade.java	12
151	HypixelBedwars	com/moonsworth/lunar/client/mod/misc/hypixelbedwars/HypixelBedwars.java	72
151	HypixelBedwarsResourceCounterChild	com/moonsworth/lunar/client/mod/misc/hypixelbedwars/HypixelBedwarsResourceCounterChild.java	13
151	HypixelBedwarsStatsChild	com/moonsworth/lunar/client/mod/misc/hypixelbedwars/HypixelBedwarsStatsChild.java	34
151	HypixelBedwarsTeamDisplayChild	com/moonsworth/lunar/client/mod/misc/hypixelbedwars/HypixelBedwarsTeamDisplayChild.java	67
151	HypixelBedwarsTimersChildHud	com/moonsworth/lunar/client/mod/misc/hypixelbedwars/HypixelBedwarsTimersChildHud.java	46
151	HypixelBedwarsUpgradeDisplayChild$HRICOROOOCCOCOROCRHHCRRIRCOICO$Data	com/moonsworth/lunar/client/mod/misc/hypixelbedwars/HypixelBedwarsUpgradeDisplayChild$HRICOROOOCCOCOROCRHHCRRIRCOICO$Data.java	2
151	HypixelBedwarsUpgradeDisplayChild	com/moonsworth/lunar/client/mod/misc/hypixelbedwars/HypixelBedwarsUpgradeDisplayChild.java	27
151	ItemTracker	com/moonsworth/lunar/client/mod/misc/itemtracker/ItemTracker.java	77
151	PackOrganizer	com/moonsworth/lunar/client/mod/misc/packorganizer/PackOrganizer.java	3
151	PanoramaMaker	com/moonsworth/lunar/client/mod/misc/panoramamaker/PanoramaMaker.java	13
151	Quickplay	com/moonsworth/lunar/client/mod/misc/quickplay/Quickplay.java	24
151	Radio	com/moonsworth/lunar/client/mod/misc/radio/Radio.java	81
151	Replaymod	com/moonsworth/lunar/client/mod/misc/replaymod/Replaymod.java	10
151	ReplaymodRecordingIndicatorChild	com/moonsworth/lunar/client/mod/misc/replaymod/ReplaymodRecordingIndicatorChild.java	15
151	Rewind	com/moonsworth/lunar/client/mod/misc/rewind/Rewind.java	97
152	RewindAudioManager	com/moonsworth/lunar/client/mod/misc/rewind/RewindAudioManager.java	6
152	RewindHandler	com/moonsworth/lunar/client/mod/misc/rewind/RewindHandler.java	2
152	RewindHandlers	com/moonsworth/lunar/client/mod/misc/rewind/RewindHandlers.java	136
152	RewindHandlers2	com/moonsworth/lunar/client/mod/misc/rewind/RewindHandlers2.java	12
152	RewindHandlers3	com/moonsworth/lunar/client/mod/misc/rewind/RewindHandlers3.java	4
152	RewindHandlers4	com/moonsworth/lunar/client/mod/misc/rewind/RewindHandlers4.java	82
152	RewindHandlers5	com/moonsworth/lunar/client/mod/misc/rewind/RewindHandlers5.java	57
152	RewindMod	com/moonsworth/lunar/client/mod/misc/rewind/RewindMod.java	52
152	RewindRecorder	com/moonsworth/lunar/client/mod/misc/rewind/RewindRecorder.java	45
152	RewindRecordingIndicatorChild	com/moonsworth/lunar/client/mod/misc/rewind/RewindRecordingIndicatorChild.java	72
152	RewindRenderQueue	com/moonsworth/lunar/client/mod/misc/rewind/RewindRenderQueue.java	53
152	Screenshot	com/moonsworth/lunar/client/mod/misc/screenshot/Screenshot.java	37
152	ServerCommandConfig	com/moonsworth/lunar/client/mod/misc/servercommandconfig/ServerCommandConfig.java	4
152	SoundChanger	com/moonsworth/lunar/client/mod/misc/soundchanger/SoundChanger.java	17
152	Freelook	com/moonsworth/lunar/client/mod/movement/freelook/Freelook.java	20
152	Momentum	com/moonsworth/lunar/client/mod/movement/momentum/Momentum.java	22
152	Snaplook	com/moonsworth/lunar/client/mod/movement/snaplook/Snaplook.java	8
152	ToggleSneak	com/moonsworth/lunar/client/mod/movement/togglesneak/ToggleSneak.java	52
152	ToggleSneakHudChild	com/moonsworth/lunar/client/mod/movement/togglesneak/ToggleSneakHudChild.java	35
152	Zoom	com/moonsworth/lunar/client/mod/movement/zoom/Zoom.java	23
152	HotbarKeyOverlay	com/moonsworth/lunar/client/mod/player/hotbarkeyoverlay/HotbarKeyOverlay.java	29
152	InventoryMod	com/moonsworth/lunar/client/mod/player/inventorymod/InventoryMod.java	25
152	InventorySearch	com/moonsworth/lunar/client/mod/player/inventorysearch/InventorySearch.java	30
152	ItemDropProtection	com/moonsworth/lunar/client/mod/player/itemdropprotection/ItemDropProtection.java	20
152	MumbleLink	com/moonsworth/lunar/client/mod/player/mumblelink/MumbleLink.java	36
153	SlotBinding	com/moonsworth/lunar/client/mod/player/slotbinding/SlotBinding.java	37
153	SlotLocking	com/moonsworth/lunar/client/mod/player/slotlocking/SlotLocking.java	37
153	TeamView	com/moonsworth/lunar/client/mod/player/teamview/TeamView.java	109
153	NametagOverrideStore	com/moonsworth/lunar/client/mod/render/NametagOverrideStore.java	2
153	ServerBorderManager	com/moonsworth/lunar/client/mod/render/ServerBorderManager.java	25
153	ServerHologramStore	com/moonsworth/lunar/client/mod/render/ServerHologramStore.java	1
153	WaypointManager	com/moonsworth/lunar/client/mod/render/WaypointManager.java	149
153	Armorstatus	com/moonsworth/lunar/client/mod/render/armorstatus/Armorstatus.java	15
153	ArmorstatusBarsChild	com/moonsworth/lunar/client/mod/render/armorstatus/ArmorstatusBarsChild.java	51
153	ArmorstatusProtectionChild	com/moonsworth/lunar/client/mod/render/armorstatus/ArmorstatusProtectionChild.java	10
153	BlockOutline	com/moonsworth/lunar/client/mod/render/blockoutline/BlockOutline.java	63
153	ChunkBorders	com/moonsworth/lunar/client/mod/render/chunkborders/ChunkBorders.java	38
153	ColorSaturation	com/moonsworth/lunar/client/mod/render/colorsaturation/ColorSaturation.java	13
153	Crosshair	com/moonsworth/lunar/client/mod/render/crosshair/Crosshair.java	26
153	CrosshairChildMod	com/moonsworth/lunar/client/mod/render/crosshair/CrosshairChildMod.java	75
153	CrosshairElytra	com/moonsworth/lunar/client/mod/render/crosshair/CrosshairElytra.java	37
153	Fog	com/moonsworth/lunar/client/mod/render/fog/Fog.java	26
153	Fov	com/moonsworth/lunar/client/mod/render/fov/Fov.java	36
153	GlintColorizer	com/moonsworth/lunar/client/mod/render/glintcolorizer/GlintColorizer.java	58
153	HeightLimit	com/moonsworth/lunar/client/mod/render/heightlimit/HeightLimit.java	133
153	HeightLimitChildMod	com/moonsworth/lunar/client/mod/render/heightlimit/HeightLimitChildMod.java	32
153	HurtCam	com/moonsworth/lunar/client/mod/render/hurtcam/HurtCam.java	10
153	CustomDroppedItems	com/moonsworth/lunar/client/mod/render/itemcustomizer/CustomDroppedItems.java	15
153	CustomHeldItems	com/moonsworth/lunar/client/mod/render/itemcustomizer/CustomHeldItems.java	50
153	HeldItemAnimations	com/moonsworth/lunar/client/mod/render/itemcustomizer/HeldItemAnimations.java	7
154	ItemCustomizer	com/moonsworth/lunar/client/mod/render/itemcustomizer/ItemCustomizer.java	19
154	ItemPhysics	com/moonsworth/lunar/client/mod/render/itemphysics/ItemPhysics.java	29
154	Items2d	com/moonsworth/lunar/client/mod/render/items2d/Items2d.java	3
154	Lighting	com/moonsworth/lunar/client/mod/render/lighting/Lighting.java	8
154	LightOverlay	com/moonsworth/lunar/client/mod/render/lightoverlay/LightOverlay.java	66
154	MarkerData$Builder	com/moonsworth/lunar/client/mod/render/markers/MarkerData$Builder.java	47
154	MarkerData	com/moonsworth/lunar/client/mod/render/markers/MarkerData.java	30
154	Markers	com/moonsworth/lunar/client/mod/render/markers/Markers.java	52
154	MenuBlur	com/moonsworth/lunar/client/mod/render/menublur/MenuBlur.java	33
154	Minimap	com/moonsworth/lunar/client/mod/render/minimap/Minimap.java	211
154	MinimapMod	com/moonsworth/lunar/client/mod/render/minimap/MinimapMod.java	174
154	MobSize	com/moonsworth/lunar/client/mod/render/mobsize/MobSize.java	10
154	MotionBlur	com/moonsworth/lunar/client/mod/render/motionblur/MotionBlur.java	10
154	Nametag	com/moonsworth/lunar/client/mod/render/nametag/Nametag.java	5
154	NickHider	com/moonsworth/lunar/client/mod/render/nickhider/NickHider.java	60
154	OneSevenAnimationsLegacy	com/moonsworth/lunar/client/mod/render/onesevenvisuals/OneSevenAnimationsLegacy.java	2
154	OneSevenAnimationsModern	com/moonsworth/lunar/client/mod/render/onesevenvisuals/OneSevenAnimationsModern.java	2
154	OneSevenItemsLegacy	com/moonsworth/lunar/client/mod/render/onesevenvisuals/OneSevenItemsLegacy.java	47
154	OneSevenItemsModern	com/moonsworth/lunar/client/mod/render/onesevenvisuals/OneSevenItemsModern.java	24
154	OneSevenVisuals	com/moonsworth/lunar/client/mod/render/onesevenvisuals/OneSevenVisuals.java	6
154	OverlayMod	com/moonsworth/lunar/client/mod/render/overlay/OverlayMod.java	71
154	TotemAnimationOverlayChild	com/moonsworth/lunar/client/mod/render/overlay/TotemAnimationOverlayChild.java	32
154	ParticleChanger	com/moonsworth/lunar/client/mod/render/particlechanger/ParticleChanger.java	18
154	ParticleChangerBloodChild	com/moonsworth/lunar/client/mod/render/particlechanger/ParticleChangerBloodChild.java	13
154	ParticleChildMod	com/moonsworth/lunar/client/mod/render/particlechanger/ParticleChildMod.java	32
155	PotionEffects	com/moonsworth/lunar/client/mod/render/potioneffects/PotionEffects.java	26
155	FoodUtils	com/moonsworth/lunar/client/mod/render/saturation/FoodUtils.java	21
155	FoodValues	com/moonsworth/lunar/client/mod/render/saturation/FoodValues.java	5
155	Saturation	com/moonsworth/lunar/client/mod/render/saturation/Saturation.java	62
155	SaturationHudChild	com/moonsworth/lunar/client/mod/render/saturation/SaturationHudChild.java	2
155	ScrollableTooltips	com/moonsworth/lunar/client/mod/render/scrollabletooltips/ScrollableTooltips.java	6
155	ServerBorders	com/moonsworth/lunar/client/mod/render/serverborders/ServerBorders.java	47
155	ServerCustomNameplate	com/moonsworth/lunar/client/mod/render/servercustomnameplate/ServerCustomNameplate.java	4
155	ServerHolograms	com/moonsworth/lunar/client/mod/render/serverholograms/ServerHolograms.java	19
155	Serverholograms	com/moonsworth/lunar/client/mod/render/serverholograms/Serverholograms.java	35
155	ShinyPots	com/moonsworth/lunar/client/mod/render/shinypots/ShinyPots.java	19
155	ShulkerPreview	com/moonsworth/lunar/client/mod/render/shulkerpreview/ShulkerPreview.java	20
155	Skins3d	com/moonsworth/lunar/client/mod/render/skins3d/Skins3d.java	30
155	StaffXray	com/moonsworth/lunar/client/mod/render/staffxray/StaffXray.java	14
155	TierTagger	com/moonsworth/lunar/client/mod/render/tiertagger/TierTagger.java	20
155	TimeChanger	com/moonsworth/lunar/client/mod/render/timechanger/TimeChanger.java	34
155	Titles	com/moonsworth/lunar/client/mod/render/titles/Titles.java	36
155	Waypoints	com/moonsworth/lunar/client/mod/render/waypoints/Waypoints.java	146
155	WeatherChanger	com/moonsworth/lunar/client/mod/render/weatherchanger/WeatherChanger.java	13
155	WorldeditCui	com/moonsworth/lunar/client/mod/render/worldeditcui/WorldeditCui.java	11
155	SkyblockAngleHud	com/moonsworth/lunar/client/mod/skyblock/anglehud/SkyblockAngleHud.java	9
155	SkyblockArmorDyeColor	com/moonsworth/lunar/client/mod/skyblock/armordyecolor/SkyblockArmorDyeColor.java	7
155	SkyblockArrowPoisonHud	com/moonsworth/lunar/client/mod/skyblock/arrowpoisonhud/SkyblockArrowPoisonHud.java	16
155	SkyblockAutoCopyRareDrops	com/moonsworth/lunar/client/mod/skyblock/autocopyraredrops/SkyblockAutoCopyRareDrops.java	4
155	SkyblockAutoRequeue	com/moonsworth/lunar/client/mod/skyblock/autorequeue/SkyblockAutoRequeue.java	19
156	SkyblockBitsShopHelper	com/moonsworth/lunar/client/mod/skyblock/bitsshophelper/SkyblockBitsShopHelper.java	68
156	SkyblockBlazeSlayer	com/moonsworth/lunar/client/mod/skyblock/blazeslayer/SkyblockBlazeSlayer.java	53
156	SkyblockBossTimer	com/moonsworth/lunar/client/mod/skyblock/bosstimer/SkyblockBossTimer.java	7
156	SkyblockBurrowLocating	com/moonsworth/lunar/client/mod/skyblock/burrowlocating/SkyblockBurrowLocating.java	32
156	SkyblockBurrowSharing	com/moonsworth/lunar/client/mod/skyblock/burrowsharing/SkyblockBurrowSharing.java	10
156	SkyblockCalculatorInSigns	com/moonsworth/lunar/client/mod/skyblock/calculatorinsigns/SkyblockCalculatorInSigns.java	9
156	SkyblockCaughtCrittersHud	com/moonsworth/lunar/client/mod/skyblock/caughtcrittershud/SkyblockCaughtCrittersHud.java	27
156	SkyblockChatCommands	com/moonsworth/lunar/client/mod/skyblock/chatcommands/SkyblockChatCommands.java	37
156	SkyblockChatWaypoints	com/moonsworth/lunar/client/mod/skyblock/chatwaypoints/SkyblockChatWaypoints.java	41
156	SkyblockChestLooted	com/moonsworth/lunar/client/mod/skyblock/chestlooted/SkyblockChestLooted.java	13
156	SkyblockChestProfit	com/moonsworth/lunar/client/mod/skyblock/chestprofit/SkyblockChestProfit.java	65
156	SkyblockAffordableRabbit	com/moonsworth/lunar/client/mod/skyblock/chocolatefactory/SkyblockAffordableRabbit.java	7
156	SkyblockBestRabbit	com/moonsworth/lunar/client/mod/skyblock/chocolatefactory/SkyblockBestRabbit.java	9
156	SkyblockChocolateFactory	com/moonsworth/lunar/client/mod/skyblock/chocolatefactory/SkyblockChocolateFactory.java	153
156	SkyblockChocolateShopHelper	com/moonsworth/lunar/client/mod/skyblock/chocolatefactory/SkyblockChocolateShopHelper.java	30
156	SkyblockChocolateStats	com/moonsworth/lunar/client/mod/skyblock/chocolatefactory/SkyblockChocolateStats.java	30
156	SkyblockExtraPurchaseStats	com/moonsworth/lunar/client/mod/skyblock/chocolatefactory/SkyblockExtraPurchaseStats.java	7
156	SkyblockGoldenRabbit	com/moonsworth/lunar/client/mod/skyblock/chocolatefactory/SkyblockGoldenRabbit.java	9
156	SkyblockRabbitCollectionOverlay	com/moonsworth/lunar/client/mod/skyblock/chocolatefactory/SkyblockRabbitCollectionOverlay.java	39
156	SkyblockRabbitLevels	com/moonsworth/lunar/client/mod/skyblock/chocolatefactory/SkyblockRabbitLevels.java	6
156	SkyblockStrayRabbit	com/moonsworth/lunar/client/mod/skyblock/chocolatefactory/SkyblockStrayRabbit.java	8
156	SkyblockCollectedSecret	com/moonsworth/lunar/client/mod/skyblock/collectedsecret/SkyblockCollectedSecret.java	18
156	SkyblockCompletedCommissions	com/moonsworth/lunar/client/mod/skyblock/completedcommissions/SkyblockCompletedCommissions.java	11
156	SkyblockComposterHud	com/moonsworth/lunar/client/mod/skyblock/composterhud/SkyblockComposterHud.java	32
156	Skyblock	com/moonsworth/lunar/client/mod/skyblock/core/Skyblock.java	412
157	SkyblockCreationDate	com/moonsworth/lunar/client/mod/skyblock/creationdate/SkyblockCreationDate.java	9
157	SkyblockCriticalDungeonTeammate	com/moonsworth/lunar/client/mod/skyblock/criticaldungeonteammate/SkyblockCriticalDungeonTeammate.java	13
157	SkyblockCroesusChests	com/moonsworth/lunar/client/mod/skyblock/croesuschests/SkyblockCroesusChests.java	15
157	SkyblockCropTrackerHud	com/moonsworth/lunar/client/mod/skyblock/croptrackerhud/SkyblockCropTrackerHud.java	49
157	SkyblockCrystalHollowsMap	com/moonsworth/lunar/client/mod/skyblock/crystalhollowsmap/SkyblockCrystalHollowsMap.java	16
157	SkyblockCustomMenuClick	com/moonsworth/lunar/client/mod/skyblock/custommenuclick/SkyblockCustomMenuClick.java	1
157	SkyblockDamageSplash	com/moonsworth/lunar/client/mod/skyblock/damagesplash/SkyblockDamageSplash.java	22
157	SkyblockDeathCounterHud	com/moonsworth/lunar/client/mod/skyblock/deathcounterhud/SkyblockDeathCounterHud.java	16
157	DebugTimerHud	com/moonsworth/lunar/client/mod/skyblock/debug/DebugTimerHud.java	2
157	SkyblockChildEnabledDebug	com/moonsworth/lunar/client/mod/skyblock/debug/SkyblockChildEnabledDebug.java	20
157	SkyblockDebugChime	com/moonsworth/lunar/client/mod/skyblock/debug/SkyblockDebugChime.java	2
157	SkyblockDebugDisplayAlert	com/moonsworth/lunar/client/mod/skyblock/debug/SkyblockDebugDisplayAlert.java	4
157	SkyblockDebugGraphs	com/moonsworth/lunar/client/mod/skyblock/debug/SkyblockDebugGraphs.java	25
157	SkyblockDebugHideHud	com/moonsworth/lunar/client/mod/skyblock/debug/SkyblockDebugHideHud.java	6
157	SkyblockDebugHotbarStackSize	com/moonsworth/lunar/client/mod/skyblock/debug/SkyblockDebugHotbarStackSize.java	6
157	SkyblockDebugHud	com/moonsworth/lunar/client/mod/skyblock/debug/SkyblockDebugHud.java	3
157	SkyblockDebugHudInteractable	com/moonsworth/lunar/client/mod/skyblock/debug/SkyblockDebugHudInteractable.java	5
157	SkyblockDebugHudScrollable	com/moonsworth/lunar/client/mod/skyblock/debug/SkyblockDebugHudScrollable.java	4
157	SkyblockDebugMod	com/moonsworth/lunar/client/mod/skyblock/debug/SkyblockDebugMod.java	29
157	SkyblockDebugRandomLore	com/moonsworth/lunar/client/mod/skyblock/debug/SkyblockDebugRandomLore.java	10
157	SkyblockDebugRarityBackground	com/moonsworth/lunar/client/mod/skyblock/debug/SkyblockDebugRarityBackground.java	10
157	SkyblockMetalDetectorDataGen	com/moonsworth/lunar/client/mod/skyblock/debug/SkyblockMetalDetectorDataGen.java	22
157	SkyblockPreviewIsolationDebug	com/moonsworth/lunar/client/mod/skyblock/debug/SkyblockPreviewIsolationDebug.java	14
157	SkyblockRenderDebugBlockColors	com/moonsworth/lunar/client/mod/skyblock/debug/SkyblockRenderDebugBlockColors.java	5
157	SkyblockRenderDebugLavaWater	com/moonsworth/lunar/client/mod/skyblock/debug/SkyblockRenderDebugLavaWater.java	5
158	SkyblockRenderDebugUtilities	com/moonsworth/lunar/client/mod/skyblock/debug/SkyblockRenderDebugUtilities.java	58
158	SkyblockSpiritLeapDebug	com/moonsworth/lunar/client/mod/skyblock/debug/SkyblockSpiritLeapDebug.java	14
158	WaterRoomSolutionGenerator	com/moonsworth/lunar/client/mod/skyblock/debug/WaterRoomSolutionGenerator.java	9
158	SkyblockDefHud	com/moonsworth/lunar/client/mod/skyblock/defhud/SkyblockDefHud.java	12
158	SkyblockDianaMobHud	com/moonsworth/lunar/client/mod/skyblock/dianamobhud/SkyblockDianaMobHud.java	25
158	SkyblockDivanAllToolsAlert	com/moonsworth/lunar/client/mod/skyblock/divanalltoolsalert/SkyblockDivanAllToolsAlert.java	12
158	SkyblockDnaAnalyzerSolver	com/moonsworth/lunar/client/mod/skyblock/dnaanalyzersolver/SkyblockDnaAnalyzerSolver.java	21
158	SkyblockDragonFeatures	com/moonsworth/lunar/client/mod/skyblock/dragonfeatures/SkyblockDragonFeatures.java	89
158	SkyblockDungeonBatHelper	com/moonsworth/lunar/client/mod/skyblock/dungeonbathelper/SkyblockDungeonBatHelper.java	12
158	SkyblockDungeonBlessingHud	com/moonsworth/lunar/client/mod/skyblock/dungeonblessinghud/SkyblockDungeonBlessingHud.java	20
158	SkyblockDungeonBloodCampHelper	com/moonsworth/lunar/client/mod/skyblock/dungeonbloodcamphelper/SkyblockDungeonBloodCampHelper.java	77
158	SkyblockDungeonBreaker	com/moonsworth/lunar/client/mod/skyblock/dungeonbreaker/SkyblockDungeonBreaker.java	21
158	SkyblockDungeonColors	com/moonsworth/lunar/client/mod/skyblock/dungeoncolors/SkyblockDungeonColors.java	12
158	SkyblockDungeonFeedback	com/moonsworth/lunar/client/mod/skyblock/dungeonfeedback/SkyblockDungeonFeedback.java	12
158	SkyblockDungeonHighlightDoors	com/moonsworth/lunar/client/mod/skyblock/dungeonhighlightdoors/SkyblockDungeonHighlightDoors.java	70
158	SkyblockDungeonMilestoneHud	com/moonsworth/lunar/client/mod/skyblock/dungeonmilestonehud/SkyblockDungeonMilestoneHud.java	17
158	SkyblockDungeonNametags	com/moonsworth/lunar/client/mod/skyblock/dungeonnametags/SkyblockDungeonNametags.java	5
158	SkyblockBoulder	com/moonsworth/lunar/client/mod/skyblock/dungeonpuzzles/SkyblockBoulder.java	37
158	SkyblockCreeperBeams	com/moonsworth/lunar/client/mod/skyblock/dungeonpuzzles/SkyblockCreeperBeams.java	24
158	SkyblockDungeonPuzzles	com/moonsworth/lunar/client/mod/skyblock/dungeonpuzzles/SkyblockDungeonPuzzles.java	59
158	SkyblockHigherLower	com/moonsworth/lunar/client/mod/skyblock/dungeonpuzzles/SkyblockHigherLower.java	61
158	SkyblockIceFill	com/moonsworth/lunar/client/mod/skyblock/dungeonpuzzles/SkyblockIceFill.java	71
158	SkyblockIcePath	com/moonsworth/lunar/client/mod/skyblock/dungeonpuzzles/SkyblockIcePath.java	89
158	SkyblockQuiz	com/moonsworth/lunar/client/mod/skyblock/dungeonpuzzles/SkyblockQuiz.java	46
158	SkyblockThreeWeirdos	com/moonsworth/lunar/client/mod/skyblock/dungeonpuzzles/SkyblockThreeWeirdos.java	36
159	SkyblockTicTacToe	com/moonsworth/lunar/client/mod/skyblock/dungeonpuzzles/SkyblockTicTacToe.java	97
159	SkyblockTpMaze	com/moonsworth/lunar/client/mod/skyblock/dungeonpuzzles/SkyblockTpMaze.java	16
159	SkyblockWaterRoom	com/moonsworth/lunar/client/mod/skyblock/dungeonpuzzles/SkyblockWaterRoom.java	106
159	SkyblockDungeonQuality	com/moonsworth/lunar/client/mod/skyblock/dungeonquality/SkyblockDungeonQuality.java	4
159	SkyblockDungeonRoutes	com/moonsworth/lunar/client/mod/skyblock/dungeonroutes/SkyblockDungeonRoutes.java	26
159	SkyblockDungeonBloodNotification	com/moonsworth/lunar/client/mod/skyblock/dungeonscorealert/SkyblockDungeonBloodNotification.java	16
159	SkyblockDungeonRoomNotifications	com/moonsworth/lunar/client/mod/skyblock/dungeonscorealert/SkyblockDungeonRoomNotifications.java	34
159	SkyblockDungeonScoreAlert	com/moonsworth/lunar/client/mod/skyblock/dungeonscorealert/SkyblockDungeonScoreAlert.java	29
159	DungeonSecretWaypoints	com/moonsworth/lunar/client/mod/skyblock/dungeonsecretwaypoints/DungeonSecretWaypoints.java	74
159	SkyblockDungeonTeammateHighlight	com/moonsworth/lunar/client/mod/skyblock/dungeonteammatehighlight/SkyblockDungeonTeammateHighlight.java	41
159	SkyblockDungeonTimer	com/moonsworth/lunar/client/mod/skyblock/dungeontimer/SkyblockDungeonTimer.java	132
159	DungeonWaypoints	com/moonsworth/lunar/client/mod/skyblock/dungeonwaypoints/DungeonWaypoints.java	105
159	SkyblockEnchantDisplay	com/moonsworth/lunar/client/mod/skyblock/enchantdisplay/SkyblockEnchantDisplay.java	18
159	SkyblockEnchants	com/moonsworth/lunar/client/mod/skyblock/enchants/SkyblockEnchants.java	45
159	SkyblockEndermanSlayer	com/moonsworth/lunar/client/mod/skyblock/endermanslayer/SkyblockEndermanSlayer.java	70
159	SkyblockEndNodeHighlight	com/moonsworth/lunar/client/mod/skyblock/endnodehighlight/SkyblockEndNodeHighlight.java	6
159	SkyblockEnhancedMinionMenu	com/moonsworth/lunar/client/mod/skyblock/enhancedminionmenu/SkyblockEnhancedMinionMenu.java	53
159	EtherwarpPreview	com/moonsworth/lunar/client/mod/skyblock/etherwarppreview/EtherwarpPreview.java	31
159	SkyblockChronomatron	com/moonsworth/lunar/client/mod/skyblock/experimentsolvers/SkyblockChronomatron.java	16
159	SkyblockExperimentSolvers	com/moonsworth/lunar/client/mod/skyblock/experimentsolvers/SkyblockExperimentSolvers.java	16
159	SkyblockSuperpairs	com/moonsworth/lunar/client/mod/skyblock/experimentsolvers/SkyblockSuperpairs.java	33
159	SkyblockUltrasequencer	com/moonsworth/lunar/client/mod/skyblock/experimentsolvers/SkyblockUltrasequencer.java	24
159	SkyblockFairySouls	com/moonsworth/lunar/client/mod/skyblock/fairysouls/SkyblockFairySouls.java	24
159	SkyblockFarmingHud	com/moonsworth/lunar/client/mod/skyblock/farminghud/SkyblockFarmingHud.java	104
159	SkyblockFarmingToolCropIcon	com/moonsworth/lunar/client/mod/skyblock/farmingtoolcropicon/SkyblockFarmingToolCropIcon.java	7
160	SkyblockFireFreezeTimer	com/moonsworth/lunar/client/mod/skyblock/firefreezetimer/SkyblockFireFreezeTimer.java	14
160	SkyblockFishingBaitHud	com/moonsworth/lunar/client/mod/skyblock/fishingbaithud/SkyblockFishingBaitHud.java	46
160	SkyblockFishingCircleOverlay	com/moonsworth/lunar/client/mod/skyblock/fishingcircleoverlay/SkyblockFishingCircleOverlay.java	21
160	SkyblockFishingHidePlayers	com/moonsworth/lunar/client/mod/skyblock/fishinghideplayers/SkyblockFishingHidePlayers.java	9
160	SkyblockFishingHotspotLocator	com/moonsworth/lunar/client/mod/skyblock/fishinghotspotlocator/SkyblockFishingHotspotLocator.java	40
160	SkyblockFishingInfoHud	com/moonsworth/lunar/client/mod/skyblock/fishinginfohud/SkyblockFishingInfoHud.java	54
160	SkyblockFishingMarker	com/moonsworth/lunar/client/mod/skyblock/fishingmarker/SkyblockFishingMarker.java	12
160	SkyblockFishingReelTimerHud	com/moonsworth/lunar/client/mod/skyblock/fishingreeltimerhud/SkyblockFishingReelTimerHud.java	14
160	SkyblockFloorFour	com/moonsworth/lunar/client/mod/skyblock/floorfour/SkyblockFloorFour.java	27
160	SkyblockForagingBeaconSolver	com/moonsworth/lunar/client/mod/skyblock/foragingbeaconsolver/SkyblockForagingBeaconSolver.java	104
160	SkyblockFossilExcavationSolver	com/moonsworth/lunar/client/mod/skyblock/fossilexcavationsolver/SkyblockFossilExcavationSolver.java	16
160	SkyblockGalateaMobHighlight	com/moonsworth/lunar/client/mod/skyblock/galateamobhighlight/SkyblockGalateaMobHighlight.java	38
160	SkyblockGardenPests	com/moonsworth/lunar/client/mod/skyblock/gardenpests/SkyblockGardenPests.java	61
160	SkyblockGemstoneProfit	com/moonsworth/lunar/client/mod/skyblock/gemstoneprofit/SkyblockGemstoneProfit.java	29
160	SkyblockGiantHpAtFeet	com/moonsworth/lunar/client/mod/skyblock/gianthpatfeet/SkyblockGiantHpAtFeet.java	15
160	SkyblockGlaciteCommissions	com/moonsworth/lunar/client/mod/skyblock/glacitecommissions/SkyblockGlaciteCommissions.java	39
160	SkyblockGlowingMushroomHighlight	com/moonsworth/lunar/client/mod/skyblock/glowingmushroomhighlight/SkyblockGlowingMushroomHighlight.java	3
160	GravityStormPreview	com/moonsworth/lunar/client/mod/skyblock/gravitystormpreview/GravityStormPreview.java	6
160	SkyblockGravityWellWaypoints	com/moonsworth/lunar/client/mod/skyblock/gravitywellwaypoints/SkyblockGravityWellWaypoints.java	13
160	SkyblockHarvestFeastTrackerHud	com/moonsworth/lunar/client/mod/skyblock/harvestfeasttrackerhud/SkyblockHarvestFeastTrackerHud.java	46
160	SkyblockHealingCircleOverlay	com/moonsworth/lunar/client/mod/skyblock/healingcircleoverlay/SkyblockHealingCircleOverlay.java	7
160	SkyblockHealthHud	com/moonsworth/lunar/client/mod/skyblock/healthhud/SkyblockHealthHud.java	10
160	SkyblockHideArmor	com/moonsworth/lunar/client/mod/skyblock/hidearmor/SkyblockHideArmor.java	1
160	SkyblockHideChumBuckets	com/moonsworth/lunar/client/mod/skyblock/hidechumbuckets/SkyblockHideChumBuckets.java	25
160	SkyblockHideExCoops	com/moonsworth/lunar/client/mod/skyblock/hideexcoops/SkyblockHideExCoops.java	10
161	SkyblockHideFallingBlocks	com/moonsworth/lunar/client/mod/skyblock/hidefallingblocks/SkyblockHideFallingBlocks.java	3
161	SkyblockHideFarEntities	com/moonsworth/lunar/client/mod/skyblock/hidefarentities/SkyblockHideFarEntities.java	4
161	SkyblockHideFood	com/moonsworth/lunar/client/mod/skyblock/hidefood/SkyblockHideFood.java	1
161	SkyblockHideLotusfishNametag	com/moonsworth/lunar/client/mod/skyblock/hidelotusfishnametag/SkyblockHideLotusfishNametag.java	5
161	SkyblockHideMagicSoupMessages	com/moonsworth/lunar/client/mod/skyblock/hidemagicsoupmessages/SkyblockHideMagicSoupMessages.java	2
161	SkyblockHideMidasBlocks	com/moonsworth/lunar/client/mod/skyblock/hidemidasblocks/SkyblockHideMidasBlocks.java	2
161	SkyblockHideOthersGifts	com/moonsworth/lunar/client/mod/skyblock/hideothersgifts/SkyblockHideOthersGifts.java	3
161	SkyblockHidePlayersNearNpc	com/moonsworth/lunar/client/mod/skyblock/hideplayersnearnpc/SkyblockHidePlayersNearNpc.java	3
161	SkyblockHighlightFilledBzOrders	com/moonsworth/lunar/client/mod/skyblock/highlightfilledbzorders/SkyblockHighlightFilledBzOrders.java	8
161	SkyblockHighlightTrashDungeonItems	com/moonsworth/lunar/client/mod/skyblock/highlighttrashdungeonitems/SkyblockHighlightTrashDungeonItems.java	9
161	SkyblockEggLocator	com/moonsworth/lunar/client/mod/skyblock/hoppityegghud/SkyblockEggLocator.java	57
161	SkyblockEggWaypoints	com/moonsworth/lunar/client/mod/skyblock/hoppityegghud/SkyblockEggWaypoints.java	11
161	SkyblockHoppityEggHud	com/moonsworth/lunar/client/mod/skyblock/hoppityegghud/SkyblockHoppityEggHud.java	91
161	SkyblockInactiveEffigyDisplay	com/moonsworth/lunar/client/mod/skyblock/inactiveeffigydisplay/SkyblockInactiveEffigyDisplay.java	15
161	SkyblockInventoryButtons	com/moonsworth/lunar/client/mod/skyblock/inventorybuttons/SkyblockInventoryButtons.java	29
161	SkyblockInvincibilityHud	com/moonsworth/lunar/client/mod/skyblock/invincibilityhud/SkyblockInvincibilityHud.java	69
161	SkyblockItemIdLore	com/moonsworth/lunar/client/mod/skyblock/itemidlore/SkyblockItemIdLore.java	4
161	SkyblockKeyGuardianTimer	com/moonsworth/lunar/client/mod/skyblock/keyguardiantimer/SkyblockKeyGuardianTimer.java	25
161	SkyblockKuudra	com/moonsworth/lunar/client/mod/skyblock/kuudra/SkyblockKuudra.java	67
161	SkyblockKuudraAlerts	com/moonsworth/lunar/client/mod/skyblock/kuudra/SkyblockKuudraAlerts.java	30
161	SkyblockKuudraWaypoints	com/moonsworth/lunar/client/mod/skyblock/kuudra/SkyblockKuudraWaypoints.java	50
161	SkyblockKuudraArmorStacksHud	com/moonsworth/lunar/client/mod/skyblock/kuudraarmorstackshud/SkyblockKuudraArmorStacksHud.java	10
161	SkyblockKuudraHealth	com/moonsworth/lunar/client/mod/skyblock/kuudrahealth/SkyblockKuudraHealth.java	9
161	SkyblockLassoHelper	com/moonsworth/lunar/client/mod/skyblock/lassohelper/SkyblockLassoHelper.java	12
161	SkyblockLilyPadHelper	com/moonsworth/lunar/client/mod/skyblock/lilypadhelper/SkyblockLilyPadHelper.java	23
162	SkyblockLividSolverHud	com/moonsworth/lunar/client/mod/skyblock/lividsolverhud/SkyblockLividSolverHud.java	47
162	SkyblockLockMouse	com/moonsworth/lunar/client/mod/skyblock/lockmouse/SkyblockLockMouse.java	22
162	SkyblockMageBeam	com/moonsworth/lunar/client/mod/skyblock/magebeam/SkyblockMageBeam.java	17
162	SkyblockManaHud	com/moonsworth/lunar/client/mod/skyblock/manahud/SkyblockManaHud.java	13
162	SkyblockMetalDetector	com/moonsworth/lunar/client/mod/skyblock/metaldetector/SkyblockMetalDetector.java	34
162	SkyblockMiddleClickGui	com/moonsworth/lunar/client/mod/skyblock/middleclickgui/SkyblockMiddleClickGui.java	13
162	SkyblockMineshaftCorpseWaypoints	com/moonsworth/lunar/client/mod/skyblock/mineshaftcorpsewaypoints/SkyblockMineshaftCorpseWaypoints.java	9
162	SkyblockMiniBossAlert	com/moonsworth/lunar/client/mod/skyblock/minibossalert/SkyblockMiniBossAlert.java	5
162	SkyblockMiningSpeedBoostAlert	com/moonsworth/lunar/client/mod/skyblock/miningspeedboostalert/SkyblockMiningSpeedBoostAlert.java	4
162	SkyblockMuteBeeheemothSounds	com/moonsworth/lunar/client/mod/skyblock/mutebeeheemothsounds/SkyblockMuteBeeheemothSounds.java	2
162	SkyblockNetherBossHud	com/moonsworth/lunar/client/mod/skyblock/netherbosshud/SkyblockNetherBossHud.java	39
162	SkyblockPartyFinder	com/moonsworth/lunar/client/mod/skyblock/partyfinder/SkyblockPartyFinder.java	121
162	SkyblockPickonimbusDurability	com/moonsworth/lunar/client/mod/skyblock/pickonimbusdurability/SkyblockPickonimbusDurability.java	4
162	SkyblockPowderTrackerHud	com/moonsworth/lunar/client/mod/skyblock/powdertrackerhud/SkyblockPowderTrackerHud.java	40
162	SkyblockPriceInLore	com/moonsworth/lunar/client/mod/skyblock/priceinlore/SkyblockPriceInLore.java	32
162	SkyblockProfessorGuardianHp	com/moonsworth/lunar/client/mod/skyblock/professorguardianhp/SkyblockProfessorGuardianHp.java	23
162	SkyblockProfileViewer	com/moonsworth/lunar/client/mod/skyblock/profileviewer/SkyblockProfileViewer.java	8
162	SkyblockProtectItem	com/moonsworth/lunar/client/mod/skyblock/protectitem/SkyblockProtectItem.java	33
162	SkyblockQuiverHud	com/moonsworth/lunar/client/mod/skyblock/quiverhud/SkyblockQuiverHud.java	23
162	SkyblockRaffleTasksHud	com/moonsworth/lunar/client/mod/skyblock/raffletaskshud/SkyblockRaffleTasksHud.java	40
162	SkyblockRainbowBellWaypoints	com/moonsworth/lunar/client/mod/skyblock/rainbowbellwaypoints/SkyblockRainbowBellWaypoints.java	14
162	SkyblockRarityBackground	com/moonsworth/lunar/client/mod/skyblock/raritybackground/SkyblockRarityBackground.java	23
162	SkyblockReplaceLavaTexture	com/moonsworth/lunar/client/mod/skyblock/replacelavatexture/SkyblockReplaceLavaTexture.java	6
162	SkyblockReviveHud	com/moonsworth/lunar/client/mod/skyblock/revivehud/SkyblockReviveHud.java	21
162	SkyblockScathaTrackerHud	com/moonsworth/lunar/client/mod/skyblock/scathatrackerhud/SkyblockScathaTrackerHud.java	45
163	SkyblockSeaCreatureAlert	com/moonsworth/lunar/client/mod/skyblock/seacreaturealert/SkyblockSeaCreatureAlert.java	22
163	SkyblockSeaCreatureMessages	com/moonsworth/lunar/client/mod/skyblock/seacreaturemessages/SkyblockSeaCreatureMessages.java	22
163	SkyblockSendCoords	com/moonsworth/lunar/client/mod/skyblock/sendcoords/SkyblockSendCoords.java	3
163	SkyblockSkeletonHelmetHud	com/moonsworth/lunar/client/mod/skyblock/skeletonhelmethud/SkyblockSkeletonHelmetHud.java	14
163	SkyblockSkillGlobeHud	com/moonsworth/lunar/client/mod/skyblock/skillglobehud/SkyblockSkillGlobeHud.java	12
163	SkyblockSkillProgressBarHud	com/moonsworth/lunar/client/mod/skyblock/skillprogressbarhud/SkyblockSkillProgressBarHud.java	14
163	SkyblockSkillProgressHud	com/moonsworth/lunar/client/mod/skyblock/skillprogresshud/SkyblockSkillProgressHud.java	20
163	SkyblockSkillXpTrackerHud	com/moonsworth/lunar/client/mod/skyblock/skillxptrackerhud/SkyblockSkillXpTrackerHud.java	29
163	SkyblockSkyMallBuffAlert	com/moonsworth/lunar/client/mod/skyblock/skymallbuffalert/SkyblockSkyMallBuffAlert.java	4
163	SkyblockSkymartHelper	com/moonsworth/lunar/client/mod/skyblock/skymarthelper/SkyblockSkymartHelper.java	61
163	SkyblockSmoothTeleport	com/moonsworth/lunar/client/mod/skyblock/smoothteleport/SkyblockSmoothTeleport.java	31
163	SkyblockSparklingCritterAlert	com/moonsworth/lunar/client/mod/skyblock/sparklingcritteralert/SkyblockSparklingCritterAlert.java	19
163	SkyblockSpeedHud	com/moonsworth/lunar/client/mod/skyblock/speedhud/SkyblockSpeedHud.java	10
163	SkyblockSphinxHelper	com/moonsworth/lunar/client/mod/skyblock/sphinxhelper/SkyblockSphinxHelper.java	9
163	SkyblockSpiderDenRainHud	com/moonsworth/lunar/client/mod/skyblock/spiderdenrainhud/SkyblockSpiderDenRainHud.java	19
163	SkyblockSpiritLeapAnnounce	com/moonsworth/lunar/client/mod/skyblock/spiritleapannounce/SkyblockSpiritLeapAnnounce.java	9
163	SpiritLeapOverlay	com/moonsworth/lunar/client/mod/skyblock/spiritleapoverlay/SpiritLeapOverlay.java	56
163	SkyblockStackingEnchants	com/moonsworth/lunar/client/mod/skyblock/stackingenchants/SkyblockStackingEnchants.java	31
163	StarredMobHighlight	com/moonsworth/lunar/client/mod/skyblock/starredmobhighlight/StarredMobHighlight.java	17
163	SkyblockStorageHoverPreview	com/moonsworth/lunar/client/mod/skyblock/storagehoverpreview/SkyblockStorageHoverPreview.java	53
163	StorageOverlay	com/moonsworth/lunar/client/mod/skyblock/storageoverlay/StorageOverlay.java	13
163	SkyblockStormHud	com/moonsworth/lunar/client/mod/skyblock/stormhud/SkyblockStormHud.java	20
163	SkyBlockTabWidgetHud	com/moonsworth/lunar/client/mod/skyblock/tabwidget/SkyBlockTabWidgetHud.java	20
163	TeamCakeHighlight	com/moonsworth/lunar/client/mod/skyblock/teamcakehighlight/TeamCakeHighlight.java	3
163	SkyblockArrowAlign	com/moonsworth/lunar/client/mod/skyblock/terminalsolvers/SkyblockArrowAlign.java	49
164	SkyblockClickInOrder	com/moonsworth/lunar/client/mod/skyblock/terminalsolvers/SkyblockClickInOrder.java	15
164	SkyblockFirstLetter	com/moonsworth/lunar/client/mod/skyblock/terminalsolvers/SkyblockFirstLetter.java	18
164	SkyblockMatchColors	com/moonsworth/lunar/client/mod/skyblock/terminalsolvers/SkyblockMatchColors.java	23
164	SkyblockSelectColor	com/moonsworth/lunar/client/mod/skyblock/terminalsolvers/SkyblockSelectColor.java	17
164	SkyblockSimonSays	com/moonsworth/lunar/client/mod/skyblock/terminalsolvers/SkyblockSimonSays.java	25
164	SkyblockTargetPractice	com/moonsworth/lunar/client/mod/skyblock/terminalsolvers/SkyblockTargetPractice.java	40
164	SkyblockTerminalSolvers	com/moonsworth/lunar/client/mod/skyblock/terminalsolvers/SkyblockTerminalSolvers.java	89
164	SkyblockTerminalSplits	com/moonsworth/lunar/client/mod/skyblock/terminalsplits/SkyblockTerminalSplits.java	9
164	SkyblockTerminalStatus	com/moonsworth/lunar/client/mod/skyblock/terminalstatus/SkyblockTerminalStatus.java	54
164	SkyblockTerracottaTimer	com/moonsworth/lunar/client/mod/skyblock/terracottatimer/SkyblockTerracottaTimer.java	18
164	TestCustomGuiOverlay	com/moonsworth/lunar/client/mod/skyblock/test/TestCustomGuiOverlay.java	2
164	TestCustomGuiOverride	com/moonsworth/lunar/client/mod/skyblock/test/TestCustomGuiOverride.java	2
164	SkyblockTickTimerHud	com/moonsworth/lunar/client/mod/skyblock/ticktimerhud/SkyblockTickTimerHud.java	21
164	TiersAsStackSize	com/moonsworth/lunar/client/mod/skyblock/tiersasstacksize/TiersAsStackSize.java	33
164	SkyblockTitaniumSpawnAlert	com/moonsworth/lunar/client/mod/skyblock/titaniumspawnalert/SkyblockTitaniumSpawnAlert.java	5
164	SkyblockTreasureChestHelper	com/moonsworth/lunar/client/mod/skyblock/treasurechesthelper/SkyblockTreasureChestHelper.java	27
164	SkyblockTrophyFishExchangeRate	com/moonsworth/lunar/client/mod/skyblock/trophyfishexchangerate/SkyblockTrophyFishExchangeRate.java	50
164	SkyblockUnfinishedTerminals	com/moonsworth/lunar/client/mod/skyblock/unfinishedterminals/SkyblockUnfinishedTerminals.java	42
164	SkyblockVampireSlayer	com/moonsworth/lunar/client/mod/skyblock/vampireslayer/SkyblockVampireSlayer.java	19
164	SkyblockVanillaItemModels$HHRROIIHRRICIIHIIHICRHHRHOHHOO$Data	com/moonsworth/lunar/client/mod/skyblock/vanillaitemmodels/SkyblockVanillaItemModels$HHRROIIHRRICIIHIIHICRHHRHOHHOO$Data.java	3
164	SkyblockVanillaItemModels$HHRROIIHRRICIIHIIHICRHHRHOHHOO$Data2	com/moonsworth/lunar/client/mod/skyblock/vanillaitemmodels/SkyblockVanillaItemModels$HHRROIIHRRICIIHIIHICRHHRHOHHOO$Data2.java	3
164	SkyblockVanillaItemModels	com/moonsworth/lunar/client/mod/skyblock/vanillaitemmodels/SkyblockVanillaItemModels.java	60
164	SkyblockVisitorAlert	com/moonsworth/lunar/client/mod/skyblock/visitoralert/SkyblockVisitorAlert.java	10
164	SkyblockVisitorBazaarHelper	com/moonsworth/lunar/client/mod/skyblock/visitorbazaarhelper/SkyblockVisitorBazaarHelper.java	27
164	SkyblockVisitorHud	com/moonsworth/lunar/client/mod/skyblock/visitorhud/SkyblockVisitorHud.java	18
165	SkyblockVisitorProfit	com/moonsworth/lunar/client/mod/skyblock/visitorprofit/SkyblockVisitorProfit.java	74
165	SkyblockVisitorShoppingListHud	com/moonsworth/lunar/client/mod/skyblock/visitorshoppinglisthud/SkyblockVisitorShoppingListHud.java	25
165	SkyblockVisitorTrackerHud	com/moonsworth/lunar/client/mod/skyblock/visitortrackerhud/SkyblockVisitorTrackerHud.java	111
165	SkyblockVitalityHud	com/moonsworth/lunar/client/mod/skyblock/vitalityhud/SkyblockVitalityHud.java	11
165	SkyblockWardrobeHotkeys	com/moonsworth/lunar/client/mod/skyblock/wardrobehotkeys/SkyblockWardrobeHotkeys.java	38
165	SkyblockWebsiteAdblock	com/moonsworth/lunar/client/mod/skyblock/websiteadblock/SkyblockWebsiteAdblock.java	3
165	SkyblockWhisperTrackerHud	com/moonsworth/lunar/client/mod/skyblock/whispertrackerhud/SkyblockWhisperTrackerHud.java	31
165	SkyblockWishingCompass	com/moonsworth/lunar/client/mod/skyblock/wishingcompass/SkyblockWishingCompass.java	19
165	SkyblockWitherHealthHud	com/moonsworth/lunar/client/mod/skyblock/witherhealthhud/SkyblockWitherHealthHud.java	26
165	SkyblockWormScathaAlert	com/moonsworth/lunar/client/mod/skyblock/wormscathaalert/SkyblockWormScathaAlert.java	5
165	LinkData	com/moonsworth/lunar/client/mumble/LinkData.java	9
165	MumbleLink	com/moonsworth/lunar/client/mumble/MumbleLink.java	1
165	MumbleVec	com/moonsworth/lunar/client/mumble/MumbleVec.java	2
165	ApolloButtonContent	com/moonsworth/lunar/client/network/apollo/ApolloButtonContent.java	13
165	ApolloButtonRenderer	com/moonsworth/lunar/client/network/apollo/ApolloButtonRenderer.java	229
165	ApolloModSettingsBridge	com/moonsworth/lunar/client/network/apollo/ApolloModSettingsBridge.java	36
165	ApolloModuleHandler$ListenerEntry	com/moonsworth/lunar/client/network/apollo/ApolloModuleHandler$ListenerEntry.java	4
165	ApolloModuleHandler	com/moonsworth/lunar/client/network/apollo/ApolloModuleHandler.java	23
165	ApolloModuleManager	com/moonsworth/lunar/client/network/apollo/ApolloModuleManager.java	105
165	ApolloPacketUtils	com/moonsworth/lunar/client/network/apollo/ApolloPacketUtils.java	26
165	ApolloTypeRegistry	com/moonsworth/lunar/client/network/apollo/ApolloTypeRegistry.java	1
165	AutoTextHotkeyApolloHandler	com/moonsworth/lunar/client/network/apollo/AutoTextHotkeyApolloHandler.java	2
165	BeamApolloHandler	com/moonsworth/lunar/client/network/apollo/BeamApolloHandler.java	6
165	BorderApolloHandler	com/moonsworth/lunar/client/network/apollo/BorderApolloHandler.java	28
165	ChatApolloHandler	com/moonsworth/lunar/client/network/apollo/ChatApolloHandler.java	66
166	ColoredFireApolloHandler	com/moonsworth/lunar/client/network/apollo/ColoredFireApolloHandler.java	10
166	CombatApolloHandler	com/moonsworth/lunar/client/network/apollo/CombatApolloHandler.java	2
166	CooldownApolloHandler	com/moonsworth/lunar/client/network/apollo/CooldownApolloHandler.java	8
166	CosmeticApolloHandler	com/moonsworth/lunar/client/network/apollo/CosmeticApolloHandler.java	72
166	EntityApolloHandler	com/moonsworth/lunar/client/network/apollo/EntityApolloHandler.java	17
166	GlintApolloHandler	com/moonsworth/lunar/client/network/apollo/GlintApolloHandler.java	14
166	GlowApolloHandler	com/moonsworth/lunar/client/network/apollo/GlowApolloHandler.java	8
166	HeightLimitApolloHandler	com/moonsworth/lunar/client/network/apollo/HeightLimitApolloHandler.java	7
166	HologramApolloHandler	com/moonsworth/lunar/client/network/apollo/HologramApolloHandler.java	6
166	InventoryApolloHandler	com/moonsworth/lunar/client/network/apollo/InventoryApolloHandler.java	101
166	LimbApolloHandler	com/moonsworth/lunar/client/network/apollo/LimbApolloHandler.java	24
166	MarkerApolloHandler	com/moonsworth/lunar/client/network/apollo/MarkerApolloHandler.java	38
166	ModSettingApolloHandler	com/moonsworth/lunar/client/network/apollo/ModSettingApolloHandler.java	69
166	NametagApolloHandler	com/moonsworth/lunar/client/network/apollo/NametagApolloHandler.java	17
166	NickHiderApolloHandler	com/moonsworth/lunar/client/network/apollo/NickHiderApolloHandler.java	2
166	NotificationApolloHandler	com/moonsworth/lunar/client/network/apollo/NotificationApolloHandler.java	7
166	OptionsImpl	com/moonsworth/lunar/client/network/apollo/OptionsImpl.java	27
166	PacketEnrichmentApolloHandler	com/moonsworth/lunar/client/network/apollo/PacketEnrichmentApolloHandler.java	28
166	PayNowApolloHandler	com/moonsworth/lunar/client/network/apollo/PayNowApolloHandler.java	2
166	ProtoConverter	com/moonsworth/lunar/client/network/apollo/ProtoConverter.java	26
166	RichPresenceApolloHandler	com/moonsworth/lunar/client/network/apollo/RichPresenceApolloHandler.java	2
166	SaturationApolloHandler	com/moonsworth/lunar/client/network/apollo/SaturationApolloHandler.java	1
166	ServerLinkApolloHandler	com/moonsworth/lunar/client/network/apollo/ServerLinkApolloHandler.java	28
166	ServerRuleApolloHandler	com/moonsworth/lunar/client/network/apollo/ServerRuleApolloHandler.java	23
166	StaffModApolloHandler	com/moonsworth/lunar/client/network/apollo/StaffModApolloHandler.java	8
167	StopwatchApolloHandler	com/moonsworth/lunar/client/network/apollo/StopwatchApolloHandler.java	74
167	TeamApolloHandler	com/moonsworth/lunar/client/network/apollo/TeamApolloHandler.java	19
167	TebexApolloHandler	com/moonsworth/lunar/client/network/apollo/TebexApolloHandler.java	2
167	TitleApolloHandler	com/moonsworth/lunar/client/network/apollo/TitleApolloHandler.java	5
167	TntCountdownApolloHandler	com/moonsworth/lunar/client/network/apollo/TntCountdownApolloHandler.java	5
167	VignetteApolloHandler	com/moonsworth/lunar/client/network/apollo/VignetteApolloHandler.java	12
167	WaypointApolloHandler	com/moonsworth/lunar/client/network/apollo/WaypointApolloHandler.java	13
167	FriendRequestManager	com/moonsworth/lunar/client/network/friend/FriendRequestManager.java	73
167	FriendStatusUtils	com/moonsworth/lunar/client/network/friend/FriendStatusUtils.java	11
167	HostedWorldEntryRenderer	com/moonsworth/lunar/client/network/hostedworld/HostedWorldEntryRenderer.java	30
167	HostedWorldHost	com/moonsworth/lunar/client/network/hostedworld/HostedWorldHost.java	2
167	HostedWorldJoinHandler	com/moonsworth/lunar/client/network/hostedworld/HostedWorldJoinHandler.java	13
167	HostedWorldPlayer	com/moonsworth/lunar/client/network/hostedworld/HostedWorldPlayer.java	43
167	HostedWorldRefreshThread	com/moonsworth/lunar/client/network/hostedworld/HostedWorldRefreshThread.java	2
167	HostedWorldRelay	com/moonsworth/lunar/client/network/hostedworld/HostedWorldRelay.java	6
167	HostedWorldSettingsHolder	com/moonsworth/lunar/client/network/hostedworld/HostedWorldSettingsHolder.java	2
167	LocalHostedWorldSettings	com/moonsworth/lunar/client/network/hostedworld/LocalHostedWorldSettings.java	67
167	CheckoutUtils	com/moonsworth/lunar/client/network/ipc/CheckoutUtils.java	4
167	RpcChannelImpl	com/moonsworth/lunar/client/network/ipc/RpcChannelImpl.java	8
167	WebSocketClientIterator	com/moonsworth/lunar/client/network/ipc/WebSocketClientIterator.java	45
167	LinkData	com/moonsworth/lunar/client/network/mumble/LinkData.java	3
167	MumbleVec	com/moonsworth/lunar/client/network/mumble/MumbleVec.java	2
167	DiscoveryCard	com/moonsworth/lunar/client/network/server/DiscoveryCard.java	9
167	DiscoverySection	com/moonsworth/lunar/client/network/server/DiscoverySection.java	24
167	KeystrokesType	com/moonsworth/lunar/client/network/server/KeystrokesType.java	2
168	MaliciousListFetcher	com/moonsworth/lunar/client/network/server/MaliciousListFetcher.java	35
168	PingEntry	com/moonsworth/lunar/client/network/server/PingEntry.java	3
168	PingEntryConfig	com/moonsworth/lunar/client/network/server/PingEntryConfig.java	24
168	PingEntryRegistry	com/moonsworth/lunar/client/network/server/PingEntryRegistry.java	4
168	PingEntryStore	com/moonsworth/lunar/client/network/server/PingEntryStore.java	11
168	PingHistory	com/moonsworth/lunar/client/network/server/PingHistory.java	7
168	PingStatistics	com/moonsworth/lunar/client/network/server/PingStatistics.java	9
168	PinnedServer	com/moonsworth/lunar/client/network/server/PinnedServer.java	12
168	PinnedServerManager	com/moonsworth/lunar/client/network/server/PinnedServerManager.java	34
168	PluginMessageHandler	com/moonsworth/lunar/client/network/server/PluginMessageHandler.java	17
168	RecommendedServer	com/moonsworth/lunar/client/network/server/RecommendedServer.java	27
168	ResolvedServerAddress	com/moonsworth/lunar/client/network/server/ResolvedServerAddress.java	7
168	ServerAddressBook	com/moonsworth/lunar/client/network/server/ServerAddressBook.java	32
168	ServerAddressBookImpl	com/moonsworth/lunar/client/network/server/ServerAddressBookImpl.java	3
168	ServerAddressPipeline	com/moonsworth/lunar/client/network/server/ServerAddressPipeline.java	10
168	ServerAnnouncement	com/moonsworth/lunar/client/network/server/ServerAnnouncement.java	10
168	ServerBlocklist	com/moonsworth/lunar/client/network/server/ServerBlocklist.java	18
168	ServerBrandWatcher	com/moonsworth/lunar/client/network/server/ServerBrandWatcher.java	20
168	ServerDiscoveryManager	com/moonsworth/lunar/client/network/server/ServerDiscoveryManager.java	55
168	ServerIconEntry	com/moonsworth/lunar/client/network/server/ServerIconEntry.java	4
168	ServerIconManager	com/moonsworth/lunar/client/network/server/ServerIconManager.java	10
168	ServerMapping	com/moonsworth/lunar/client/network/server/ServerMapping.java	10
168	ServerPinger	com/moonsworth/lunar/client/network/server/ServerPinger.java	53
168	ServerRecommendation	com/moonsworth/lunar/client/network/server/ServerRecommendation.java	8
168	SocialLinks	com/moonsworth/lunar/client/network/server/SocialLinks.java	26
169	UnresolvedServerAddress	com/moonsworth/lunar/client/network/server/UnresolvedServerAddress.java	15
169	PingServerCache	com/moonsworth/lunar/client/network/transfer/PingServerCache.java	3
169	PingServerData	com/moonsworth/lunar/client/network/transfer/PingServerData.java	20
169	TransferHandler	com/moonsworth/lunar/client/network/transfer/TransferHandler.java	30
169	TransferSrvResolver	com/moonsworth/lunar/client/network/transfer/TransferSrvResolver.java	23
169	AnalyticsCounters	com/moonsworth/lunar/client/network/websocket/AnalyticsCounters.java	17
169	AssetServerClient	com/moonsworth/lunar/client/network/websocket/AssetServerClient.java	186
169	ConnectionState	com/moonsworth/lunar/client/network/websocket/ConnectionState.java	0
169	PromotionMessageHandler	com/moonsworth/lunar/client/network/websocket/PromotionMessageHandler.java	21
169	ReconnectBackoff	com/moonsworth/lunar/client/network/websocket/ReconnectBackoff.java	13
169	WebSocketClientHandler	com/moonsworth/lunar/client/network/websocket/WebSocketClientHandler.java	21
169	WebSocketRpcChannel	com/moonsworth/lunar/client/network/websocket/WebSocketRpcChannel.java	10
169	Pkg	com/moonsworth/lunar/client/pkg/Pkg.java	7
169	Pkg2	com/moonsworth/lunar/client/pkg/Pkg2.java	32
169	Pkg3	com/moonsworth/lunar/client/pkg/Pkg3.java	24
169	Pkg4	com/moonsworth/lunar/client/pkg/Pkg4.java	2
169	Pkg5	com/moonsworth/lunar/client/pkg/Pkg5.java	7
169	Pkg6	com/moonsworth/lunar/client/pkg/Pkg6.java	19
169	Click7	com/moonsworth/lunar/client/render/Click7.java	31
169	CubeGeometry	com/moonsworth/lunar/client/render/CubeGeometry.java	33
169	GlBufferFunctions	com/moonsworth/lunar/client/render/GlBufferFunctions.java	23
169	GlScratchBuffers	com/moonsworth/lunar/client/render/GlScratchBuffers.java	15
169	MatrixStack	com/moonsworth/lunar/client/render/MatrixStack.java	108
169	OpenGlInfo	com/moonsworth/lunar/client/render/OpenGlInfo.java	181
169	ScreenProjection	com/moonsworth/lunar/client/render/ScreenProjection.java	27
170	SvgTextureRenderer	com/moonsworth/lunar/client/render/SvgTextureRenderer.java	67
170	AnimatedColor	com/moonsworth/lunar/client/render/color/AnimatedColor.java	8
170	AnimatedColorImpl	com/moonsworth/lunar/client/render/color/AnimatedColorImpl.java	8
170	ColorAnimation	com/moonsworth/lunar/client/render/color/ColorAnimation.java	10
170	ColorMutator	com/moonsworth/lunar/client/render/color/ColorMutator.java	16
170	MutableColor	com/moonsworth/lunar/client/render/color/MutableColor.java	9
170	RewindhandlersExtension	com/moonsworth/lunar/client/render/color/RewindhandlersExtension.java	123
170	SolidColor	com/moonsworth/lunar/client/render/color/SolidColor.java	2
170	CachedFont	com/moonsworth/lunar/client/render/font/CachedFont.java	41
170	CachedFontImpl	com/moonsworth/lunar/client/render/font/CachedFontImpl.java	311
170	CachedTextMesh	com/moonsworth/lunar/client/render/font/CachedTextMesh.java	8
170	FontRegistry	com/moonsworth/lunar/client/render/font/FontRegistry.java	64
170	TextRenderCache	com/moonsworth/lunar/client/render/font/TextRenderCache.java	11
170	TextRenderPass	com/moonsworth/lunar/client/render/font/TextRenderPass.java	4
170	JitAnimatedResource	com/moonsworth/lunar/client/render/jit/JitAnimatedResource.java	53
170	JitAssetIndex	com/moonsworth/lunar/client/render/jit/JitAssetIndex.java	34
170	JitAssetKey	com/moonsworth/lunar/client/render/jit/JitAssetKey.java	12
170	JitCacheSettings	com/moonsworth/lunar/client/render/jit/JitCacheSettings.java	7
170	JitEmoteResource	com/moonsworth/lunar/client/render/jit/JitEmoteResource.java	24
170	JitEntityResource	com/moonsworth/lunar/client/render/jit/JitEntityResource.java	5
170	JitImageResource	com/moonsworth/lunar/client/render/jit/JitImageResource.java	7
170	JitIndexCache	com/moonsworth/lunar/client/render/jit/JitIndexCache.java	23
170	JitItemModelResource	com/moonsworth/lunar/client/render/jit/JitItemModelResource.java	4
170	JitItemResource	com/moonsworth/lunar/client/render/jit/JitItemResource.java	4
170	JitModelResource	com/moonsworth/lunar/client/render/jit/JitModelResource.java	9
171	JitPaths	com/moonsworth/lunar/client/render/jit/JitPaths.java	10
171	JitResource	com/moonsworth/lunar/client/render/jit/JitResource.java	41
171	JitResourceBase	com/moonsworth/lunar/client/render/jit/JitResourceBase.java	2
171	JitResourceCache	com/moonsworth/lunar/client/render/jit/JitResourceCache.java	19
171	JitShaderResource	com/moonsworth/lunar/client/render/jit/JitShaderResource.java	12
171	AngleMath	com/moonsworth/lunar/client/render/particle/AngleMath.java	4
171	BedrockComponentAppearanceBillboard	com/moonsworth/lunar/client/render/particle/BedrockComponentAppearanceBillboard.java	41
171	BedrockComponentAppearanceLighting	com/moonsworth/lunar/client/render/particle/BedrockComponentAppearanceLighting.java	2
171	BedrockComponentAppearanceTinting	com/moonsworth/lunar/client/render/particle/BedrockComponentAppearanceTinting.java	7
171	BedrockComponentBase	com/moonsworth/lunar/client/render/particle/BedrockComponentBase.java	3
171	BedrockComponentInitialSpeed	com/moonsworth/lunar/client/render/particle/BedrockComponentInitialSpeed.java	8
171	BedrockComponentInitialSpin	com/moonsworth/lunar/client/render/particle/BedrockComponentInitialSpin.java	5
171	BedrockComponentInitialization	com/moonsworth/lunar/client/render/particle/BedrockComponentInitialization.java	6
171	BedrockComponentKillPlane	com/moonsworth/lunar/client/render/particle/BedrockComponentKillPlane.java	10
171	BedrockComponentLifetime	com/moonsworth/lunar/client/render/particle/BedrockComponentLifetime.java	6
171	BedrockComponentLifetimeExpression	com/moonsworth/lunar/client/render/particle/BedrockComponentLifetimeExpression.java	5
171	BedrockComponentLifetimeLooping	com/moonsworth/lunar/client/render/particle/BedrockComponentLifetimeLooping.java	7
171	BedrockComponentLifetimeOnce	com/moonsworth/lunar/client/render/particle/BedrockComponentLifetimeOnce.java	1
171	BedrockComponentLocalSpace	com/moonsworth/lunar/client/render/particle/BedrockComponentLocalSpace.java	13
171	BedrockComponentMotionCollision	com/moonsworth/lunar/client/render/particle/BedrockComponentMotionCollision.java	24
171	BedrockComponentMotionDynamic	com/moonsworth/lunar/client/render/particle/BedrockComponentMotionDynamic.java	7
171	BedrockComponentMotionParametric	com/moonsworth/lunar/client/render/particle/BedrockComponentMotionParametric.java	7
171	BedrockComponentParticleLifetime	com/moonsworth/lunar/client/render/particle/BedrockComponentParticleLifetime.java	6
171	BedrockComponentRate	com/moonsworth/lunar/client/render/particle/BedrockComponentRate.java	1
171	BedrockComponentRateInstant	com/moonsworth/lunar/client/render/particle/BedrockComponentRateInstant.java	5
172	BedrockComponentRateSteady	com/moonsworth/lunar/client/render/particle/BedrockComponentRateSteady.java	12
172	BedrockComponentShapeBase	com/moonsworth/lunar/client/render/particle/BedrockComponentShapeBase.java	6
172	BedrockComponentShapeBox	com/moonsworth/lunar/client/render/particle/BedrockComponentShapeBox.java	11
172	BedrockComponentShapeDisc	com/moonsworth/lunar/client/render/particle/BedrockComponentShapeDisc.java	7
172	BedrockComponentShapeEntityAABB	com/moonsworth/lunar/client/render/particle/BedrockComponentShapeEntityAABB.java	9
172	BedrockComponentShapePoint	com/moonsworth/lunar/client/render/particle/BedrockComponentShapePoint.java	1
172	BedrockComponentShapeSphere	com/moonsworth/lunar/client/render/particle/BedrockComponentShapeSphere.java	9
172	BedrockCurve	com/moonsworth/lunar/client/render/particle/BedrockCurve.java	12
172	BedrockEmitter	com/moonsworth/lunar/client/render/particle/BedrockEmitter.java	59
172	BedrockLibrary	com/moonsworth/lunar/client/render/particle/BedrockLibrary.java	19
172	BedrockParticle	com/moonsworth/lunar/client/render/particle/BedrockParticle.java	51
172	BedrockParticleDeserializer	com/moonsworth/lunar/client/render/particle/BedrockParticleDeserializer.java	23
172	BedrockScheme	com/moonsworth/lunar/client/render/particle/BedrockScheme.java	36
172	ClampUtils	com/moonsworth/lunar/client/render/particle/ClampUtils.java	18
172	Constant	com/moonsworth/lunar/client/render/particle/Constant.java	7
172	CooldownTimer	com/moonsworth/lunar/client/render/particle/CooldownTimer.java	4
172	Group	com/moonsworth/lunar/client/render/particle/Group.java	3
172	HermiteBlend	com/moonsworth/lunar/client/render/particle/HermiteBlend.java	1
172	HologramBatchRenderer	com/moonsworth/lunar/client/render/particle/HologramBatchRenderer.java	14
172	HologramParticleEmitter	com/moonsworth/lunar/client/render/particle/HologramParticleEmitter.java	62
172	HologramSorting	com/moonsworth/lunar/client/render/particle/HologramSorting.java	5
172	IComponentBase	com/moonsworth/lunar/client/render/particle/IComponentBase.java	1
172	IComponentEmitterInitialize	com/moonsworth/lunar/client/render/particle/IComponentEmitterInitialize.java	1
172	IComponentEmitterUpdate	com/moonsworth/lunar/client/render/particle/IComponentEmitterUpdate.java	1
172	IComponentParticleInitialize	com/moonsworth/lunar/client/render/particle/IComponentParticleInitialize.java	1
173	IComponentParticleRender	com/moonsworth/lunar/client/render/particle/IComponentParticleRender.java	4
173	IComponentParticleUpdate	com/moonsworth/lunar/client/render/particle/IComponentParticleUpdate.java	1
173	IValue	com/moonsworth/lunar/client/render/particle/IValue.java	4
173	Interpolation	com/moonsworth/lunar/client/render/particle/Interpolation.java	35
173	Interpolations	com/moonsworth/lunar/client/render/particle/Interpolations.java	182
173	MathBuilder	com/moonsworth/lunar/client/render/particle/MathBuilder.java	57
173	MathFunction	com/moonsworth/lunar/client/render/particle/MathFunction.java	12
173	MolangAssignment	com/moonsworth/lunar/client/render/particle/MolangAssignment.java	4
173	MolangExpression	com/moonsworth/lunar/client/render/particle/MolangExpression.java	8
173	MolangMultiStatement	com/moonsworth/lunar/client/render/particle/MolangMultiStatement.java	3
173	MolangParser	com/moonsworth/lunar/client/render/particle/MolangParser.java	24
173	MolangValue	com/moonsworth/lunar/client/render/particle/MolangValue.java	4
173	NNFunction	com/moonsworth/lunar/client/render/particle/NNFunction.java	6
173	NSFunction	com/moonsworth/lunar/client/render/particle/NSFunction.java	6
173	NameplateBillboardComponent	com/moonsworth/lunar/client/render/particle/NameplateBillboardComponent.java	48
173	NameplateCollisionAppearanceComponent	com/moonsworth/lunar/client/render/particle/NameplateCollisionAppearanceComponent.java	107
173	NameplateCollisionTintingComponent	com/moonsworth/lunar/client/render/particle/NameplateCollisionTintingComponent.java	12
173	NameplateGlintRenderer	com/moonsworth/lunar/client/render/particle/NameplateGlintRenderer.java	6
173	NameplateTintingComponent	com/moonsworth/lunar/client/render/particle/NameplateTintingComponent.java	6
173	Negate	com/moonsworth/lunar/client/render/particle/Negate.java	2
173	Negative	com/moonsworth/lunar/client/render/particle/Negative.java	2
173	Operation	com/moonsworth/lunar/client/render/particle/Operation.java	35
173	Operator	com/moonsworth/lunar/client/render/particle/Operator.java	6
173	ParticleDirection	com/moonsworth/lunar/client/render/particle/ParticleDirection.java	20
173	ParticleEffectLoader	com/moonsworth/lunar/client/render/particle/ParticleEffectLoader.java	1
174	ParticleMath	com/moonsworth/lunar/client/render/particle/ParticleMath.java	1
174	RandomFunction	com/moonsworth/lunar/client/render/particle/RandomFunction.java	11
174	SNFunction	com/moonsworth/lunar/client/render/particle/SNFunction.java	6
174	SSFunction	com/moonsworth/lunar/client/render/particle/SSFunction.java	6
174	Ternary	com/moonsworth/lunar/client/render/particle/Ternary.java	6
174	Tint	com/moonsworth/lunar/client/render/particle/Tint.java	12
174	TintGradient	com/moonsworth/lunar/client/render/particle/TintGradient.java	17
174	TintSolid	com/moonsworth/lunar/client/render/particle/TintSolid.java	17
174	TruePredicate	com/moonsworth/lunar/client/render/particle/TruePredicate.java	1
174	Trunc	com/moonsworth/lunar/client/render/particle/Trunc.java	1
174	ValueWrapper	com/moonsworth/lunar/client/render/particle/ValueWrapper.java	5
174	Variable	com/moonsworth/lunar/client/render/particle/Variable.java	2
174	ByteBufferCache	com/moonsworth/lunar/client/render/pipeline/ByteBufferCache.java	1
174	FloatArrayBuilder	com/moonsworth/lunar/client/render/pipeline/FloatArrayBuilder.java	1
174	GpuResourceTracker	com/moonsworth/lunar/client/render/pipeline/GpuResourceTracker.java	16
174	PipelinePass	com/moonsworth/lunar/client/render/pipeline/PipelinePass.java	2
174	RenderContextLegacyTransform	com/moonsworth/lunar/client/render/pipeline/RenderContextLegacyTransform.java	56
174	RenderContextModernTransform	com/moonsworth/lunar/client/render/pipeline/RenderContextModernTransform.java	41
174	RenderPipeline	com/moonsworth/lunar/client/render/pipeline/RenderPipeline.java	3
174	RenderStageException	com/moonsworth/lunar/client/render/pipeline/RenderStageException.java	1
174	RenderSubmission	com/moonsworth/lunar/client/render/pipeline/RenderSubmission.java	3
174	RenderSubmissionManager	com/moonsworth/lunar/client/render/pipeline/RenderSubmissionManager.java	10
174	StencilEmulator	com/moonsworth/lunar/client/render/pipeline/StencilEmulator.java	37
174	ThreadedPresentSupport	com/moonsworth/lunar/client/render/pipeline/ThreadedPresentSupport.java	4
174	BlitPostEffect	com/moonsworth/lunar/client/render/shader/BlitPostEffect.java	5
175	BundledShaderLoader	com/moonsworth/lunar/client/render/shader/BundledShaderLoader.java	24
175	ComputeShaderCache	com/moonsworth/lunar/client/render/shader/ComputeShaderCache.java	109
175	DevShaderEditor	com/moonsworth/lunar/client/render/shader/DevShaderEditor.java	99
175	GlslBuiltin	com/moonsworth/lunar/client/render/shader/GlslBuiltin.java	1
175	HudShaderTarget	com/moonsworth/lunar/client/render/shader/HudShaderTarget.java	2
175	LunarPostEffect	com/moonsworth/lunar/client/render/shader/LunarPostEffect.java	24
175	ShaderCatalog	com/moonsworth/lunar/client/render/shader/ShaderCatalog.java	24
175	ShaderDefinition	com/moonsworth/lunar/client/render/shader/ShaderDefinition.java	45
175	ShaderInjectRegistry	com/moonsworth/lunar/client/render/shader/ShaderInjectRegistry.java	82
175	ShaderInjectedPipeline	com/moonsworth/lunar/client/render/shader/ShaderInjectedPipeline.java	25
175	ShaderKey	com/moonsworth/lunar/client/render/shader/ShaderKey.java	43
175	ShaderKeyFactory	com/moonsworth/lunar/client/render/shader/ShaderKeyFactory.java	7
175	ShaderPackHelper	com/moonsworth/lunar/client/render/shader/ShaderPackHelper.java	16
175	ShaderPass	com/moonsworth/lunar/client/render/shader/ShaderPass.java	7
175	ShaderPipeline	com/moonsworth/lunar/client/render/shader/ShaderPipeline.java	8
175	ShaderPreprocessor	com/moonsworth/lunar/client/render/shader/ShaderPreprocessor.java	45
175	ShaderProgramDefinition	com/moonsworth/lunar/client/render/shader/ShaderProgramDefinition.java	22
175	ShaderResource	com/moonsworth/lunar/client/render/shader/ShaderResource.java	4
175	ShaderSource	com/moonsworth/lunar/client/render/shader/ShaderSource.java	4
175	ShaderStateHelper	com/moonsworth/lunar/client/render/shader/ShaderStateHelper.java	23
175	ShaderUniform	com/moonsworth/lunar/client/render/shader/ShaderUniform.java	27
175	ShaderUniformUpdater	com/moonsworth/lunar/client/render/shader/ShaderUniformUpdater.java	14
175	Alert4	com/moonsworth/lunar/client/render/texture/Alert4.java	56
175	AnimatedSprite	com/moonsworth/lunar/client/render/texture/AnimatedSprite.java	32
175	AnimatedSpriteImpl	com/moonsworth/lunar/client/render/texture/AnimatedSpriteImpl.java	14
176	AnimatedTexture	com/moonsworth/lunar/client/render/texture/AnimatedTexture.java	2
176	AsyncRasterLoader	com/moonsworth/lunar/client/render/texture/AsyncRasterLoader.java	56
176	BaseTexture	com/moonsworth/lunar/client/render/texture/BaseTexture.java	2
176	ChromaTexture	com/moonsworth/lunar/client/render/texture/ChromaTexture.java	56
176	ClickImpl	com/moonsworth/lunar/client/render/texture/ClickImpl.java	3
176	DownloadedImageCache	com/moonsworth/lunar/client/render/texture/DownloadedImageCache.java	14
176	FramebufferCapture	com/moonsworth/lunar/client/render/texture/FramebufferCapture.java	45
176	FramebufferCaptureTask	com/moonsworth/lunar/client/render/texture/FramebufferCaptureTask.java	33
176	GifTexture	com/moonsworth/lunar/client/render/texture/GifTexture.java	14
176	GlintTexture	com/moonsworth/lunar/client/render/texture/GlintTexture.java	84
176	HeadTextureCache	com/moonsworth/lunar/client/render/texture/HeadTextureCache.java	6
176	ModelTextureUpdater	com/moonsworth/lunar/client/render/texture/ModelTextureUpdater.java	31
176	NativeImageBuilder	com/moonsworth/lunar/client/render/texture/NativeImageBuilder.java	53
176	OpaqueTextureFix	com/moonsworth/lunar/client/render/texture/OpaqueTextureFix.java	9
176	ResourcePackSprite	com/moonsworth/lunar/client/render/texture/ResourcePackSprite.java	66
176	SpriteFrameList	com/moonsworth/lunar/client/render/texture/SpriteFrameList.java	42
176	SpriteGroupBuilder	com/moonsworth/lunar/client/render/texture/SpriteGroupBuilder.java	30
176	SpriteHandler	com/moonsworth/lunar/client/render/texture/SpriteHandler.java	22
176	SpriteImage	com/moonsworth/lunar/client/render/texture/SpriteImage.java	16
176	SpriteSource	com/moonsworth/lunar/client/render/texture/SpriteSource.java	28
176	SpriteTask	com/moonsworth/lunar/client/render/texture/SpriteTask.java	10
176	TexturePathResolver	com/moonsworth/lunar/client/render/texture/TexturePathResolver.java	67
176	TextureProcessor	com/moonsworth/lunar/client/render/texture/TextureProcessor.java	10
176	Util2Handler	com/moonsworth/lunar/client/render/texture/Util2Handler.java	78
176	VanillaTextureIndex	com/moonsworth/lunar/client/render/texture/VanillaTextureIndex.java	120
177	BatchEntityType	com/moonsworth/lunar/client/render/turbo/BatchEntityType.java	1
177	BatchGroup	com/moonsworth/lunar/client/render/turbo/BatchGroup.java	8
177	BoneTransformTable	com/moonsworth/lunar/client/render/turbo/BoneTransformTable.java	40
177	ConsumerEntityBatchGroup	com/moonsworth/lunar/client/render/turbo/ConsumerEntityBatchGroup.java	7
177	CreeperJumpscareFilter	com/moonsworth/lunar/client/render/turbo/CreeperJumpscareFilter.java	18
177	DelegatingFragData	com/moonsworth/lunar/client/render/turbo/DelegatingFragData.java	7
177	EntityBatchGroup	com/moonsworth/lunar/client/render/turbo/EntityBatchGroup.java	14
177	EntityBatchType	com/moonsworth/lunar/client/render/turbo/EntityBatchType.java	29
177	EntityFragDataFactory	com/moonsworth/lunar/client/render/turbo/EntityFragDataFactory.java	11
177	FarEntityRelocator	com/moonsworth/lunar/client/render/turbo/FarEntityRelocator.java	11
177	FragData	com/moonsworth/lunar/client/render/turbo/FragData.java	3
177	FragDataFactory	com/moonsworth/lunar/client/render/turbo/FragDataFactory.java	2
177	FunctionFragDataFactory	com/moonsworth/lunar/client/render/turbo/FunctionFragDataFactory.java	6
177	GroundPathFinder	com/moonsworth/lunar/client/render/turbo/GroundPathFinder.java	169
177	LivingEntityBatchType	com/moonsworth/lunar/client/render/turbo/LivingEntityBatchType.java	44
177	MatrixBuffer	com/moonsworth/lunar/client/render/turbo/MatrixBuffer.java	52
177	NodeHeap	com/moonsworth/lunar/client/render/turbo/NodeHeap.java	43
177	PathEntity	com/moonsworth/lunar/client/render/turbo/PathEntity.java	18
177	PathFilter	com/moonsworth/lunar/client/render/turbo/PathFilter.java	36
177	PathFinder	com/moonsworth/lunar/client/render/turbo/PathFinder.java	31
177	PathFinderHooks	com/moonsworth/lunar/client/render/turbo/PathFinderHooks.java	2
177	PathFollower	com/moonsworth/lunar/client/render/turbo/PathFollower.java	30
177	PathMovementHelper	com/moonsworth/lunar/client/render/turbo/PathMovementHelper.java	54
177	PathNode	com/moonsworth/lunar/client/render/turbo/PathNode.java	70
177	PathSearch	com/moonsworth/lunar/client/render/turbo/PathSearch.java	50
178	PathSearchContext	com/moonsworth/lunar/client/render/turbo/PathSearchContext.java	43
178	PathWorldView	com/moonsworth/lunar/client/render/turbo/PathWorldView.java	13
178	RenderGroup	com/moonsworth/lunar/client/render/turbo/RenderGroup.java	17
178	RenderGroupRegistry	com/moonsworth/lunar/client/render/turbo/RenderGroupRegistry.java	9
178	ScoredPathNode	com/moonsworth/lunar/client/render/turbo/ScoredPathNode.java	13
178	SectionBatchGroup	com/moonsworth/lunar/client/render/turbo/SectionBatchGroup.java	10
178	SimpleFragData	com/moonsworth/lunar/client/render/turbo/SimpleFragData.java	9
178	SimpleFragDataFactory	com/moonsworth/lunar/client/render/turbo/SimpleFragDataFactory.java	3
178	SingleEntityBatchGroup	com/moonsworth/lunar/client/render/turbo/SingleEntityBatchGroup.java	7
178	SortedEntityBatchGroup	com/moonsworth/lunar/client/render/turbo/SortedEntityBatchGroup.java	16
178	SwimmingPathFinder	com/moonsworth/lunar/client/render/turbo/SwimmingPathFinder.java	72
178	TickPathFollower	com/moonsworth/lunar/client/render/turbo/TickPathFollower.java	13
178	TurboBatchCollector	com/moonsworth/lunar/client/render/turbo/TurboBatchCollector.java	60
178	TurboBatchRecorder	com/moonsworth/lunar/client/render/turbo/TurboBatchRecorder.java	18
178	TurboBlockEntityRecorder	com/moonsworth/lunar/client/render/turbo/TurboBlockEntityRecorder.java	115
178	TurboEngineManager	com/moonsworth/lunar/client/render/turbo/TurboEngineManager.java	82
178	TurboEntityCost	com/moonsworth/lunar/client/render/turbo/TurboEntityCost.java	7
178	TurboEntityFilter	com/moonsworth/lunar/client/render/turbo/TurboEntityFilter.java	5
178	TurboEntityGroupCollector	com/moonsworth/lunar/client/render/turbo/TurboEntityGroupCollector.java	30
178	TurboEntityManager	com/moonsworth/lunar/client/render/turbo/TurboEntityManager.java	181
178	TurboEntityRecorder	com/moonsworth/lunar/client/render/turbo/TurboEntityRecorder.java	56
178	TurboGroupCollector	com/moonsworth/lunar/client/render/turbo/TurboGroupCollector.java	72
178	TurboPath	com/moonsworth/lunar/client/render/turbo/TurboPath.java	45
178	TurboPathFollower	com/moonsworth/lunar/client/render/turbo/TurboPathFollower.java	140
178	TurboPipelineHook	com/moonsworth/lunar/client/render/turbo/TurboPipelineHook.java	17
179	TurboSectionCache	com/moonsworth/lunar/client/render/turbo/TurboSectionCache.java	38
179	TurboSectionCollector	com/moonsworth/lunar/client/render/turbo/TurboSectionCollector.java	34
179	AudioSampleFormat	com/moonsworth/lunar/client/replay/audio/AudioSampleFormat.java	3
179	AudioStream	com/moonsworth/lunar/client/replay/audio/AudioStream.java	76
179	AudioWaveformRenderer	com/moonsworth/lunar/client/replay/audio/AudioWaveformRenderer.java	38
179	BitrateMode	com/moonsworth/lunar/client/replay/audio/BitrateMode.java	1
179	LoopbackAudioRecorder	com/moonsworth/lunar/client/replay/audio/LoopbackAudioRecorder.java	23
179	MediaAudioStream	com/moonsworth/lunar/client/replay/audio/MediaAudioStream.java	25
179	MusicTrack	com/moonsworth/lunar/client/replay/audio/MusicTrack.java	7
179	MusicTrackManager	com/moonsworth/lunar/client/replay/audio/MusicTrackManager.java	10
179	ReplayAudioChannels	com/moonsworth/lunar/client/replay/audio/ReplayAudioChannels.java	1
179	EncoderProbe	com/moonsworth/lunar/client/replay/export/EncoderProbe.java	28
179	ExportSettings	com/moonsworth/lunar/client/replay/export/ExportSettings.java	61
179	ExportSettingsJsApi	com/moonsworth/lunar/client/replay/export/ExportSettingsJsApi.java	10
179	ExportSettingsPanel	com/moonsworth/lunar/client/replay/export/ExportSettingsPanel.java	52
179	ExportSettingsSection	com/moonsworth/lunar/client/replay/export/ExportSettingsSection.java	2
179	FFmpegDownloader	com/moonsworth/lunar/client/replay/export/FFmpegDownloader.java	25
179	FFmpegRenderer	com/moonsworth/lunar/client/replay/export/FFmpegRenderer.java	17
179	MediaExporter	com/moonsworth/lunar/client/replay/export/MediaExporter.java	2
179	MediaExporterJsApi	com/moonsworth/lunar/client/replay/export/MediaExporterJsApi.java	7
179	RenderRange	com/moonsworth/lunar/client/replay/export/RenderRange.java	1
179	ReplayClipDuration	com/moonsworth/lunar/client/replay/export/ReplayClipDuration.java	2
179	VideoCodec	com/moonsworth/lunar/client/replay/export/VideoCodec.java	1
179	VideoEncoder	com/moonsworth/lunar/client/replay/export/VideoEncoder.java	8
179	VideoFormat	com/moonsworth/lunar/client/replay/export/VideoFormat.java	2
180	VideoOrientation	com/moonsworth/lunar/client/replay/export/VideoOrientation.java	1
180	VideoResolution	com/moonsworth/lunar/client/replay/export/VideoResolution.java	3
180	AlertImpl	com/moonsworth/lunar/client/replay/gui/AlertImpl.java	12
180	CreateProjectBridge	com/moonsworth/lunar/client/replay/gui/CreateProjectBridge.java	41
180	EffectsJsApi	com/moonsworth/lunar/client/replay/gui/EffectsJsApi.java	1
180	EffectsPanel	com/moonsworth/lunar/client/replay/gui/EffectsPanel.java	4
180	EntityContextMenu	com/moonsworth/lunar/client/replay/gui/EntityContextMenu.java	1
180	EntityOptionOverrides	com/moonsworth/lunar/client/replay/gui/EntityOptionOverrides.java	12
180	GuiScreenContext	com/moonsworth/lunar/client/replay/gui/GuiScreenContext.java	55
180	GuiType	com/moonsworth/lunar/client/replay/gui/GuiType.java	4
180	HighlightOptionWatcher	com/moonsworth/lunar/client/replay/gui/HighlightOptionWatcher.java	6
180	InputTimelineJsApi	com/moonsworth/lunar/client/replay/gui/InputTimelineJsApi.java	5
180	InputTimelinePanel	com/moonsworth/lunar/client/replay/gui/InputTimelinePanel.java	12
180	KeybindCombination	com/moonsworth/lunar/client/replay/gui/KeybindCombination.java	10
180	LayerPropertiesContext	com/moonsworth/lunar/client/replay/gui/LayerPropertiesContext.java	13
180	LocalPlayerContext	com/moonsworth/lunar/client/replay/gui/LocalPlayerContext.java	51
180	ProgressListener	com/moonsworth/lunar/client/replay/gui/ProgressListener.java	8
180	ReplayContext	com/moonsworth/lunar/client/replay/gui/ReplayContext.java	78
180	ReplayKeybindHandler	com/moonsworth/lunar/client/replay/gui/ReplayKeybindHandler.java	28
180	RewindEditorBridge	com/moonsworth/lunar/client/replay/gui/RewindEditorBridge.java	32
180	RewindEditorContext	com/moonsworth/lunar/client/replay/gui/RewindEditorContext.java	61
180	RewindFileCallbacks	com/moonsworth/lunar/client/replay/gui/RewindFileCallbacks.java	17
180	RewindInteractionJsApi	com/moonsworth/lunar/client/replay/gui/RewindInteractionJsApi.java	9
180	RewindListProvider	com/moonsworth/lunar/client/replay/gui/RewindListProvider.java	12
180	RewindPackListProvider	com/moonsworth/lunar/client/replay/gui/RewindPackListProvider.java	8
181	RewindPropertiesBridge	com/moonsworth/lunar/client/replay/gui/RewindPropertiesBridge.java	34
181	RewindPropertiesPanel	com/moonsworth/lunar/client/replay/gui/RewindPropertiesPanel.java	11
181	RewindPropertyProvider	com/moonsworth/lunar/client/replay/gui/RewindPropertyProvider.java	1
181	RewindTimelineBridge	com/moonsworth/lunar/client/replay/gui/RewindTimelineBridge.java	58
181	RewindTimelinePanel	com/moonsworth/lunar/client/replay/gui/RewindTimelinePanel.java	9
181	RewindTimelinesListBridge	com/moonsworth/lunar/client/replay/gui/RewindTimelinesListBridge.java	1
181	RewindTimelinesListPanel	com/moonsworth/lunar/client/replay/gui/RewindTimelinesListPanel.java	1
181	RewindingContext	com/moonsworth/lunar/client/replay/gui/RewindingContext.java	5
181	SelectedElement	com/moonsworth/lunar/client/replay/gui/SelectedElement.java	8
181	SelectedKeyframe	com/moonsworth/lunar/client/replay/gui/SelectedKeyframe.java	6
181	TimelineBridgePayloads	com/moonsworth/lunar/client/replay/gui/TimelineBridgePayloads.java	17
181	TimelineSelection	com/moonsworth/lunar/client/replay/gui/TimelineSelection.java	10
181	Highlight	com/moonsworth/lunar/client/replay/modsettings/Highlight.java	7
181	AttackPacket	com/moonsworth/lunar/client/replay/network/AttackPacket.java	3
181	AttackStrengthPacket	com/moonsworth/lunar/client/replay/network/AttackStrengthPacket.java	3
181	BeamPacket	com/moonsworth/lunar/client/replay/network/BeamPacket.java	7
181	ButtonStatePacket	com/moonsworth/lunar/client/replay/network/ButtonStatePacket.java	11
181	ByteBufLoader	com/moonsworth/lunar/client/replay/network/ByteBufLoader.java	146
181	ClickHandlerPacket	com/moonsworth/lunar/client/replay/network/ClickHandlerPacket.java	11
181	ClientPackPacket	com/moonsworth/lunar/client/replay/network/ClientPackPacket.java	4
181	CloseScreenPacket	com/moonsworth/lunar/client/replay/network/CloseScreenPacket.java	4
181	CursorPositionPacket	com/moonsworth/lunar/client/replay/network/CursorPositionPacket.java	4
181	DisconnectPacket	com/moonsworth/lunar/client/replay/network/DisconnectPacket.java	5
181	DropItemPacket	com/moonsworth/lunar/client/replay/network/DropItemPacket.java	4
181	HeldItemPacket	com/moonsworth/lunar/client/replay/network/HeldItemPacket.java	4
182	HudPositionPacket	com/moonsworth/lunar/client/replay/network/HudPositionPacket.java	10
182	HypixelLocationPacket	com/moonsworth/lunar/client/replay/network/HypixelLocationPacket.java	3
182	ItemSwapPacket	com/moonsworth/lunar/client/replay/network/ItemSwapPacket.java	3
182	KeybindPacket	com/moonsworth/lunar/client/replay/network/KeybindPacket.java	5
182	LocationPacket	com/moonsworth/lunar/client/replay/network/LocationPacket.java	4
182	LookPacket	com/moonsworth/lunar/client/replay/network/LookPacket.java	5
182	MessageSignaturePacket	com/moonsworth/lunar/client/replay/network/MessageSignaturePacket.java	3
182	ModuleConfigPacket	com/moonsworth/lunar/client/replay/network/ModuleConfigPacket.java	8
182	MouseInputPacket	com/moonsworth/lunar/client/replay/network/MouseInputPacket.java	20
182	MouseWheelPacket	com/moonsworth/lunar/client/replay/network/MouseWheelPacket.java	6
182	MovementInputPacket	com/moonsworth/lunar/client/replay/network/MovementInputPacket.java	9
182	NoOpPacket	com/moonsworth/lunar/client/replay/network/NoOpPacket.java	3
182	OpenChatPacket	com/moonsworth/lunar/client/replay/network/OpenChatPacket.java	4
182	OpenInventoryPacket	com/moonsworth/lunar/client/replay/network/OpenInventoryPacket.java	5
182	PickBlockPacket	com/moonsworth/lunar/client/replay/network/PickBlockPacket.java	3
182	PlayerAnimationPacket	com/moonsworth/lunar/client/replay/network/PlayerAnimationPacket.java	4
182	PositionPacket	com/moonsworth/lunar/client/replay/network/PositionPacket.java	8
182	ProtobufMessagePacket	com/moonsworth/lunar/client/replay/network/ProtobufMessagePacket.java	3
182	RawNetworkPacket	com/moonsworth/lunar/client/replay/network/RawNetworkPacket.java	12
182	RelativePositionPacket	com/moonsworth/lunar/client/replay/network/RelativePositionPacket.java	16
182	ReplayPacket	com/moonsworth/lunar/client/replay/network/ReplayPacket.java	8
182	ReplayPacketRegistry	com/moonsworth/lunar/client/replay/network/ReplayPacketRegistry.java	3
182	ResetLevelPacket	com/moonsworth/lunar/client/replay/network/ResetLevelPacket.java	3
182	ScreenAlignmentPacket	com/moonsworth/lunar/client/replay/network/ScreenAlignmentPacket.java	5
182	ServerHologramPacket	com/moonsworth/lunar/client/replay/network/ServerHologramPacket.java	15
183	ServerPackPacket	com/moonsworth/lunar/client/replay/network/ServerPackPacket.java	4
183	ServerSettingOverridePacket	com/moonsworth/lunar/client/replay/network/ServerSettingOverridePacket.java	11
183	SetPausedPacket	com/moonsworth/lunar/client/replay/network/SetPausedPacket.java	4
183	SetSprintingPacket	com/moonsworth/lunar/client/replay/network/SetSprintingPacket.java	3
183	SettingValuePacket	com/moonsworth/lunar/client/replay/network/SettingValuePacket.java	9
183	SnapshotEndPacket	com/moonsworth/lunar/client/replay/network/SnapshotEndPacket.java	3
183	SnapshotLoadPacket	com/moonsworth/lunar/client/replay/network/SnapshotLoadPacket.java	4
183	SnapshotStartPacket	com/moonsworth/lunar/client/replay/network/SnapshotStartPacket.java	5
183	StartUsingItemPacket	com/moonsworth/lunar/client/replay/network/StartUsingItemPacket.java	4
183	StopUsingItemPacket	com/moonsworth/lunar/client/replay/network/StopUsingItemPacket.java	3
183	SwingHandPacket	com/moonsworth/lunar/client/replay/network/SwingHandPacket.java	4
183	TickMarkerPacket	com/moonsworth/lunar/client/replay/network/TickMarkerPacket.java	3
183	UseItemOnBlockPacket	com/moonsworth/lunar/client/replay/network/UseItemOnBlockPacket.java	4
183	UseItemPacket	com/moonsworth/lunar/client/replay/network/UseItemPacket.java	4
183	WaypointPacket	com/moonsworth/lunar/client/replay/network/WaypointPacket.java	14
183	WorldBorderPacket	com/moonsworth/lunar/client/replay/network/WorldBorderPacket.java	17
183	InputStreamLoader	com/moonsworth/lunar/client/replay/project/InputStreamLoader.java	5
183	PathUtils	com/moonsworth/lunar/client/replay/project/PathUtils.java	3
183	ReplayCompression	com/moonsworth/lunar/client/replay/project/ReplayCompression.java	4
183	ReplayMetadata	com/moonsworth/lunar/client/replay/project/ReplayMetadata.java	19
183	ReplayProjectManager	com/moonsworth/lunar/client/replay/project/ReplayProjectManager.java	81
183	RewindFileCache	com/moonsworth/lunar/client/replay/project/RewindFileCache.java	12
183	RewindFileReader	com/moonsworth/lunar/client/replay/project/RewindFileReader.java	50
183	RewindPaths	com/moonsworth/lunar/client/replay/project/RewindPaths.java	14
183	RewindProject	com/moonsworth/lunar/client/replay/project/RewindProject.java	42
184	RewindThread	com/moonsworth/lunar/client/replay/project/RewindThread.java	8
184	RewindType	com/moonsworth/lunar/client/replay/project/RewindType.java	4
184	SeekableByteChannelLoader	com/moonsworth/lunar/client/replay/project/SeekableByteChannelLoader.java	17
184	ZipEntryLocator	com/moonsworth/lunar/client/replay/project/ZipEntryLocator.java	117
184	ApolloSettingsCapture	com/moonsworth/lunar/client/replay/recording/ApolloSettingsCapture.java	1
184	AudioSampleConverter	com/moonsworth/lunar/client/replay/recording/AudioSampleConverter.java	12
184	AudioTrack	com/moonsworth/lunar/client/replay/recording/AudioTrack.java	8
184	ClientboundPacketEventFactory	com/moonsworth/lunar/client/replay/recording/ClientboundPacketEventFactory.java	2
184	ContainerCapture	com/moonsworth/lunar/client/replay/recording/ContainerCapture.java	1
184	CosmeticsRecorder	com/moonsworth/lunar/client/replay/recording/CosmeticsRecorder.java	1
184	EntityPairingCapture	com/moonsworth/lunar/client/replay/recording/EntityPairingCapture.java	1
184	EntityStateCapture	com/moonsworth/lunar/client/replay/recording/EntityStateCapture.java	1
184	GuiStateRecorder	com/moonsworth/lunar/client/replay/recording/GuiStateRecorder.java	11
184	HudStateRecorder	com/moonsworth/lunar/client/replay/recording/HudStateRecorder.java	1
184	KeybindRecorder	com/moonsworth/lunar/client/replay/recording/KeybindRecorder.java	7
184	KeyframeRecorder	com/moonsworth/lunar/client/replay/recording/KeyframeRecorder.java	3
184	LocationRecorder	com/moonsworth/lunar/client/replay/recording/LocationRecorder.java	2
184	MessageSignatureRecorder	com/moonsworth/lunar/client/replay/recording/MessageSignatureRecorder.java	2
184	PacketRecorder	com/moonsworth/lunar/client/replay/recording/PacketRecorder.java	6
184	PlayerListCapture	com/moonsworth/lunar/client/replay/recording/PlayerListCapture.java	1
184	PlayerStateCapture	com/moonsworth/lunar/client/replay/recording/PlayerStateCapture.java	1
184	PlayerStateRecorder	com/moonsworth/lunar/client/replay/recording/PlayerStateRecorder.java	13
184	RecorderCapture	com/moonsworth/lunar/client/replay/recording/RecorderCapture.java	1
184	RecorderConstants	com/moonsworth/lunar/client/replay/recording/RecorderConstants.java	5
184	RecorderEventAdapter	com/moonsworth/lunar/client/replay/recording/RecorderEventAdapter.java	14
185	RecorderEventListener	com/moonsworth/lunar/client/replay/recording/RecorderEventListener.java	19
185	ReplayClock	com/moonsworth/lunar/client/replay/recording/ReplayClock.java	51
185	ReplayEnvironment	com/moonsworth/lunar/client/replay/recording/ReplayEnvironment.java	0
185	ReplayHandler	com/moonsworth/lunar/client/replay/recording/ReplayHandler.java	19
185	ReplayHandlerImpl	com/moonsworth/lunar/client/replay/recording/ReplayHandlerImpl.java	24
185	ReplayLocation	com/moonsworth/lunar/client/replay/recording/ReplayLocation.java	3
185	ResourcePackRecorder	com/moonsworth/lunar/client/replay/recording/ResourcePackRecorder.java	5
185	RewindAudioMetadata	com/moonsworth/lunar/client/replay/recording/RewindAudioMetadata.java	14
185	ScoreboardCapture	com/moonsworth/lunar/client/replay/recording/ScoreboardCapture.java	1
185	ScoreboardRecorder	com/moonsworth/lunar/client/replay/recording/ScoreboardRecorder.java	2
185	SettingRecorder	com/moonsworth/lunar/client/replay/recording/SettingRecorder.java	1
185	WorldEffectRecorder	com/moonsworth/lunar/client/replay/recording/WorldEffectRecorder.java	4
185	WorldStateCapture	com/moonsworth/lunar/client/replay/recording/WorldStateCapture.java	1
185	CameraFollowMode	com/moonsworth/lunar/client/replay/render/CameraFollowMode.java	1
185	CameraMode	com/moonsworth/lunar/client/replay/render/CameraMode.java	1
185	CameraRewindHandler	com/moonsworth/lunar/client/replay/render/CameraRewindHandler.java	4
185	CameraUpdateHandler	com/moonsworth/lunar/client/replay/render/CameraUpdateHandler.java	101
185	EntityOverrideRenderer	com/moonsworth/lunar/client/replay/render/EntityOverrideRenderer.java	8
185	ExportTargetHandler	com/moonsworth/lunar/client/replay/render/ExportTargetHandler.java	54
185	FrameBufferPool	com/moonsworth/lunar/client/replay/render/FrameBufferPool.java	3
185	HudVisibilityHandler	com/moonsworth/lunar/client/replay/render/HudVisibilityHandler.java	25
185	PersistentPixelBufferPool	com/moonsworth/lunar/client/replay/render/PersistentPixelBufferPool.java	31
185	PlaybackStateProvider	com/moonsworth/lunar/client/replay/render/PlaybackStateProvider.java	1
185	QueuedFrameBufferPool	com/moonsworth/lunar/client/replay/render/QueuedFrameBufferPool.java	21
185	ReplayDriverHandler	com/moonsworth/lunar/client/replay/render/ReplayDriverHandler.java	48
186	ReplaySoundHandler	com/moonsworth/lunar/client/replay/render/ReplaySoundHandler.java	15
186	ReplayViewContext	com/moonsworth/lunar/client/replay/render/ReplayViewContext.java	40
186	ResourcePackHandler	com/moonsworth/lunar/client/replay/render/ResourcePackHandler.java	30
186	RewindCameraController	com/moonsworth/lunar/client/replay/render/RewindCameraController.java	6
186	RewindLoadingScreen	com/moonsworth/lunar/client/replay/render/RewindLoadingScreen.java	11
186	RewindhandlersImpl	com/moonsworth/lunar/client/replay/render/RewindhandlersImpl.java	104
186	ScreenRenderHandler	com/moonsworth/lunar/client/replay/render/ScreenRenderHandler.java	34
186	SelectionHighlightHandler	com/moonsworth/lunar/client/replay/render/SelectionHighlightHandler.java	25
186	VideoFrameBuffer	com/moonsworth/lunar/client/replay/render/VideoFrameBuffer.java	6
186	WorldRenderHandler	com/moonsworth/lunar/client/replay/render/WorldRenderHandler.java	27
186	ZoomKeyHandler	com/moonsworth/lunar/client/replay/render/ZoomKeyHandler.java	9
186	Ichor5Loader	com/moonsworth/lunar/client/replay/replaymod/forge/Ichor5Loader.java	1
186	Ichor5Loader2	com/moonsworth/lunar/client/replay/replaymod/forge/Ichor5Loader2.java	2
186	Ichor6Impl	com/moonsworth/lunar/client/replay/replaymod/forge/Ichor6Impl.java	3
186	Ichor2Handler2	com/moonsworth/lunar/client/replay/replaymod/forge/ichor/Ichor2Handler2.java	10
186	EventRegistrationsHandler	com/moonsworth/lunar/client/replay/replaymod/forge/v1_12/mixin/EventRegistrationsHandler.java	32
186	PacketLoader	com/moonsworth/lunar/client/replay/replaymod/forge/v1_12/mixin/PacketLoader.java	2
186	ReplayHandlerAccessor	com/moonsworth/lunar/client/replay/replaymod/forge/v1_12/mixin/ReplayHandlerAccessor.java	2
186	EventRegistrationsHandler	com/moonsworth/lunar/client/replay/replaymod/forge/v1_8/mixin/EventRegistrationsHandler.java	32
186	PacketLoader	com/moonsworth/lunar/client/replay/replaymod/forge/v1_8/mixin/PacketLoader.java	2
186	ReplayHandlerAccessor	com/moonsworth/lunar/client/replay/replaymod/forge/v1_8/mixin/ReplayHandlerAccessor.java	2
186	AbstractGuiButtonMixin	com/moonsworth/lunar/client/replay/replaymod/mixin/AbstractGuiButtonMixin.java	9
186	AbstractGuiButtonV1_8Mixin	com/moonsworth/lunar/client/replay/replaymod/mixin/AbstractGuiButtonV1_8Mixin.java	9
186	AbstractGuiDropdownMenuEntryV1_8Mixin	com/moonsworth/lunar/client/replay/replaymod/mixin/AbstractGuiDropdownMenuEntryV1_8Mixin.java	7
186	AbstractGuiDropdownMenuMixin	com/moonsworth/lunar/client/replay/replaymod/mixin/AbstractGuiDropdownMenuMixin.java	4
187	AbstractGuiDropdownMenuV1_8Mixin	com/moonsworth/lunar/client/replay/replaymod/mixin/AbstractGuiDropdownMenuV1_8Mixin.java	4
187	AbstractGuiPopupMixin	com/moonsworth/lunar/client/replay/replaymod/mixin/AbstractGuiPopupMixin.java	1
187	AbstractGuiPopupV1_8Mixin	com/moonsworth/lunar/client/replay/replaymod/mixin/AbstractGuiPopupV1_8Mixin.java	1
187	AbstractGuiScreenMixin	com/moonsworth/lunar/client/replay/replaymod/mixin/AbstractGuiScreenMixin.java	4
187	AbstractGuiScreenV1_8Mixin	com/moonsworth/lunar/client/replay/replaymod/mixin/AbstractGuiScreenV1_8Mixin.java	4
187	AbstractGuiSliderMixin	com/moonsworth/lunar/client/replay/replaymod/mixin/AbstractGuiSliderMixin.java	8
187	AbstractGuiSliderV1_8Mixin	com/moonsworth/lunar/client/replay/replaymod/mixin/AbstractGuiSliderV1_8Mixin.java	8
187	AbstractGuiTimelineMixin	com/moonsworth/lunar/client/replay/replaymod/mixin/AbstractGuiTimelineMixin.java	13
187	AbstractGuiTimelineTimeMixin	com/moonsworth/lunar/client/replay/replaymod/mixin/AbstractGuiTimelineTimeMixin.java	4
187	AbstractGuiTimelineTimeV1_8Mixin	com/moonsworth/lunar/client/replay/replaymod/mixin/AbstractGuiTimelineTimeV1_8Mixin.java	4
187	AbstractGuiTimelineV1_8Mixin	com/moonsworth/lunar/client/replay/replaymod/mixin/AbstractGuiTimelineV1_8Mixin.java	13
187	CameraEntityMixin	com/moonsworth/lunar/client/replay/replaymod/mixin/CameraEntityMixin.java	2
187	CameraEntityV1_8Mixin	com/moonsworth/lunar/client/replay/replaymod/mixin/CameraEntityV1_8Mixin.java	2
187	DropdownEntryMixin	com/moonsworth/lunar/client/replay/replaymod/mixin/DropdownEntryMixin.java	7
187	ElementMixin	com/moonsworth/lunar/client/replay/replaymod/mixin/ElementMixin.java	1
187	EntityRendererHandlerMixin	com/moonsworth/lunar/client/replay/replaymod/mixin/EntityRendererHandlerMixin.java	4
187	EntityRendererHandlerV1_8Mixin	com/moonsworth/lunar/client/replay/replaymod/mixin/EntityRendererHandlerV1_8Mixin.java	4
187	EventHandlerMixin	com/moonsworth/lunar/client/replay/replaymod/mixin/EventHandlerMixin.java	2
187	GuiBackgroundProcessesElementV1_8Mixin	com/moonsworth/lunar/client/replay/replaymod/mixin/GuiBackgroundProcessesElementV1_8Mixin.java	1
187	GuiPathingRealtimeTickMixin	com/moonsworth/lunar/client/replay/replaymod/mixin/GuiPathingRealtimeTickMixin.java	1
187	GuiPathingRealtimeTickV1_8Mixin	com/moonsworth/lunar/client/replay/replaymod/mixin/GuiPathingRealtimeTickV1_8Mixin.java	1
187	GuiRecordingControlsMixin	com/moonsworth/lunar/client/replay/replaymod/mixin/GuiRecordingControlsMixin.java	2
187	GuiRecordingControlsV1_8Mixin	com/moonsworth/lunar/client/replay/replaymod/mixin/GuiRecordingControlsV1_8Mixin.java	2
187	PacketListenerMixin	com/moonsworth/lunar/client/replay/replaymod/mixin/PacketListenerMixin.java	2
187	ReplayHandlerMixin	com/moonsworth/lunar/client/replay/replaymod/mixin/ReplayHandlerMixin.java	2
188	ReplayHandlerV1_8Mixin	com/moonsworth/lunar/client/replay/replaymod/mixin/ReplayHandlerV1_8Mixin.java	2
188	ReplayModMixin	com/moonsworth/lunar/client/replay/replaymod/mixin/ReplayModMixin.java	2
188	ReplayModMixinConfigPluginMixin	com/moonsworth/lunar/client/replay/replaymod/mixin/ReplayModMixinConfigPluginMixin.java	1
188	ReplayModMixinConfigPluginV1_8Mixin	com/moonsworth/lunar/client/replay/replaymod/mixin/ReplayModMixinConfigPluginV1_8Mixin.java	1
188	ReplayModV1_8Mixin	com/moonsworth/lunar/client/replay/replaymod/mixin/ReplayModV1_8Mixin.java	2
188	SettingKeysMixin	com/moonsworth/lunar/client/replay/replaymod/mixin/SettingKeysMixin.java	1
188	SettingKeysV1_8Mixin	com/moonsworth/lunar/client/replay/replaymod/mixin/SettingKeysV1_8Mixin.java	1
188	SettingsRegistryMixin	com/moonsworth/lunar/client/replay/replaymod/mixin/SettingsRegistryMixin.java	2
188	SettingsRegistryV1_8Mixin	com/moonsworth/lunar/client/replay/replaymod/mixin/SettingsRegistryV1_8Mixin.java	2
188	VanillaGuiScreenEventHandlerV1_8Mixin	com/moonsworth/lunar/client/replay/replaymod/mixin/VanillaGuiScreenEventHandlerV1_8Mixin.java	2
188	AngleUtils	com/moonsworth/lunar/client/replay/timeline/AngleUtils.java	6
188	AnimatedPropertyGroup	com/moonsworth/lunar/client/replay/timeline/AnimatedPropertyGroup.java	8
188	AudioSegment	com/moonsworth/lunar/client/replay/timeline/AudioSegment.java	18
188	BooleanProperty	com/moonsworth/lunar/client/replay/timeline/BooleanProperty.java	7
188	ColorProperty	com/moonsworth/lunar/client/replay/timeline/ColorProperty.java	24
188	DynamicCategory	com/moonsworth/lunar/client/replay/timeline/DynamicCategory.java	8
188	EffectSegment	com/moonsworth/lunar/client/replay/timeline/EffectSegment.java	1
188	EntityIdOverrideGroup	com/moonsworth/lunar/client/replay/timeline/EntityIdOverrideGroup.java	4
188	EntityOverrideGroup	com/moonsworth/lunar/client/replay/timeline/EntityOverrideGroup.java	7
188	EntityOverrideRegistry	com/moonsworth/lunar/client/replay/timeline/EntityOverrideRegistry.java	6
188	EntityOverridesCategory	com/moonsworth/lunar/client/replay/timeline/EntityOverridesCategory.java	2
188	EntityPositionApplier	com/moonsworth/lunar/client/replay/timeline/EntityPositionApplier.java	3
188	GameplaySegment	com/moonsworth/lunar/client/replay/timeline/GameplaySegment.java	24
188	HighlightTreeMap	com/moonsworth/lunar/client/replay/timeline/HighlightTreeMap.java	5
188	HudPositionProperty	com/moonsworth/lunar/client/replay/timeline/HudPositionProperty.java	18
189	ImageSegment	com/moonsworth/lunar/client/replay/timeline/ImageSegment.java	6
189	KeyframeProperty	com/moonsworth/lunar/client/replay/timeline/KeyframeProperty.java	97
189	LinkedHashMapImpl	com/moonsworth/lunar/client/replay/timeline/LinkedHashMapImpl.java	14
189	LinkedHashSetImpl	com/moonsworth/lunar/client/replay/timeline/LinkedHashSetImpl.java	9
189	ListProperty	com/moonsworth/lunar/client/replay/timeline/ListProperty.java	6
189	MediaPool	com/moonsworth/lunar/client/replay/timeline/MediaPool.java	30
189	MediaPoolAdapter	com/moonsworth/lunar/client/replay/timeline/MediaPoolAdapter.java	7
189	ModPropertyGroup	com/moonsworth/lunar/client/replay/timeline/ModPropertyGroup.java	8
189	NumberInterpolator	com/moonsworth/lunar/client/replay/timeline/NumberInterpolator.java	6
189	NumberProperty	com/moonsworth/lunar/client/replay/timeline/NumberProperty.java	7
189	PlayerOverrideGroup	com/moonsworth/lunar/client/replay/timeline/PlayerOverrideGroup.java	4
189	PropertyGroup	com/moonsworth/lunar/client/replay/timeline/PropertyGroup.java	42
189	PropertyMap	com/moonsworth/lunar/client/replay/timeline/PropertyMap.java	5
189	ReplayTimeline	com/moonsworth/lunar/client/replay/timeline/ReplayTimeline.java	48
189	RewindIterator	com/moonsworth/lunar/client/replay/timeline/RewindIterator.java	77
189	RewindSettingKeys	com/moonsworth/lunar/client/replay/timeline/RewindSettingKeys.java	32
189	SegmentLinkManager	com/moonsworth/lunar/client/replay/timeline/SegmentLinkManager.java	18
189	SegmentRegistry	com/moonsworth/lunar/client/replay/timeline/SegmentRegistry.java	7
189	SegmentTimeline	com/moonsworth/lunar/client/replay/timeline/SegmentTimeline.java	37
189	SettingOption	com/moonsworth/lunar/client/replay/timeline/SettingOption.java	9
189	Sliceable	com/moonsworth/lunar/client/replay/timeline/Sliceable.java	1
189	TextSegment	com/moonsworth/lunar/client/replay/timeline/TextSegment.java	3
189	ThumbnailManager	com/moonsworth/lunar/client/replay/timeline/ThumbnailManager.java	31
189	ThumbnailRequest	com/moonsworth/lunar/client/replay/timeline/ThumbnailRequest.java	8
189	TimelineElementRegistry	com/moonsworth/lunar/client/replay/timeline/TimelineElementRegistry.java	9
190	TimelineMarker	com/moonsworth/lunar/client/replay/timeline/TimelineMarker.java	10
190	TimelineRenderJob	com/moonsworth/lunar/client/replay/timeline/TimelineRenderJob.java	6
190	TimelineSegment	com/moonsworth/lunar/client/replay/timeline/TimelineSegment.java	23
190	Track	com/moonsworth/lunar/client/replay/timeline/Track.java	31
190	TrackCollection	com/moonsworth/lunar/client/replay/timeline/TrackCollection.java	12
190	TrackCollectionDeserializer	com/moonsworth/lunar/client/replay/timeline/TrackCollectionDeserializer.java	4
190	TrackRegistry	com/moonsworth/lunar/client/replay/timeline/TrackRegistry.java	3
190	TransactionalSet	com/moonsworth/lunar/client/replay/timeline/TransactionalSet.java	10
190	TransformProperty	com/moonsworth/lunar/client/replay/timeline/TransformProperty.java	16
190	TreeMapImpl	com/moonsworth/lunar/client/replay/timeline/TreeMapImpl.java	13
190	UndoRedoManager	com/moonsworth/lunar/client/replay/timeline/UndoRedoManager.java	14
190	UndoRedoStore	com/moonsworth/lunar/client/replay/timeline/UndoRedoStore.java	14
190	UuidProvider	com/moonsworth/lunar/client/replay/timeline/UuidProvider.java	1
190	Rewindhandlers	com/moonsworth/lunar/client/rewindhandlers/Rewindhandlers.java	21
190	Rewindhandlers2	com/moonsworth/lunar/client/rewindhandlers/Rewindhandlers2.java	55
190	Rewindhandlers3	com/moonsworth/lunar/client/rewindhandlers/Rewindhandlers3.java	37
190	FogIterator	com/moonsworth/lunar/client/tps/FogIterator.java	13
190	Tps	com/moonsworth/lunar/client/tps/Tps.java	7
190	TpsException	com/moonsworth/lunar/client/tps/TpsException.java	2
190	TpsType	com/moonsworth/lunar/client/tps/TpsType.java	2
190	TranslationEntry	com/moonsworth/lunar/client/translation/TranslationEntry.java	3
190	TranslationFormatter	com/moonsworth/lunar/client/translation/TranslationFormatter.java	28
190	TranslationKey	com/moonsworth/lunar/client/translation/TranslationKey.java	1
190	TranslationManager	com/moonsworth/lunar/client/translation/TranslationManager.java	114
190	AnimatedValue	com/moonsworth/lunar/client/ui/AnimatedValue.java	28
191	Animation	com/moonsworth/lunar/client/ui/Animation.java	6
191	AnimationTimer	com/moonsworth/lunar/client/ui/AnimationTimer.java	40
191	Click2Base	com/moonsworth/lunar/client/ui/Click2Base.java	12
191	ColorAnimation	com/moonsworth/lunar/client/ui/ColorAnimation.java	5
191	ColorTransition	com/moonsworth/lunar/client/ui/ColorTransition.java	20
191	CosmeticsBrowserWidget	com/moonsworth/lunar/client/ui/CosmeticsBrowserWidget.java	47
191	CosmeticsScreen	com/moonsworth/lunar/client/ui/CosmeticsScreen.java	21
191	CursorManager	com/moonsworth/lunar/client/ui/CursorManager.java	18
191	EaseAnimation	com/moonsworth/lunar/client/ui/EaseAnimation.java	3
191	EmptyScreen	com/moonsworth/lunar/client/ui/EmptyScreen.java	10
191	FadeAnimation	com/moonsworth/lunar/client/ui/FadeAnimation.java	7
191	GuiClipState	com/moonsworth/lunar/client/ui/GuiClipState.java	6
191	GuiResolution	com/moonsworth/lunar/client/ui/GuiResolution.java	19
191	HoverAnimation	com/moonsworth/lunar/client/ui/HoverAnimation.java	4
191	HudElementAnimation	com/moonsworth/lunar/client/ui/HudElementAnimation.java	6
191	LcuiPopupScreen	com/moonsworth/lunar/client/ui/LcuiPopupScreen.java	34
191	LcuiScreen	com/moonsworth/lunar/client/ui/LcuiScreen.java	1463
191	MinimapOptionWidget	com/moonsworth/lunar/client/ui/MinimapOptionWidget.java	79
191	MinimapScreen	com/moonsworth/lunar/client/ui/MinimapScreen.java	44
191	MousePosition	com/moonsworth/lunar/client/ui/MousePosition.java	4
191	ProfileEditorScreen	com/moonsworth/lunar/client/ui/ProfileEditorScreen.java	62
191	PulseAnimation	com/moonsworth/lunar/client/ui/PulseAnimation.java	3
191	ScreenStack	com/moonsworth/lunar/client/ui/ScreenStack.java	21
191	BlogPost	com/moonsworth/lunar/client/ui/blog/BlogPost.java	10
191	BlogPostDownloadTask	com/moonsworth/lunar/client/ui/blog/BlogPostDownloadTask.java	1
192	ExternalLinkRegistry	com/moonsworth/lunar/client/ui/external/ExternalLinkRegistry.java	4
192	FancyMenuCompat	com/moonsworth/lunar/client/ui/external/FancyMenuCompat.java	4
192	GuiExternalLink	com/moonsworth/lunar/client/ui/external/GuiExternalLink.java	1
192	ModMenuCompat	com/moonsworth/lunar/client/ui/external/ModMenuCompat.java	8
192	RecordingExternalLink	com/moonsworth/lunar/client/ui/external/RecordingExternalLink.java	20
192	TurboExternalLink	com/moonsworth/lunar/client/ui/external/TurboExternalLink.java	2
192	BackgroundHudComponent	com/moonsworth/lunar/client/ui/hud/BackgroundHudComponent.java	10
192	ConditionSetBuilder	com/moonsworth/lunar/client/ui/hud/ConditionSetBuilder.java	16
192	EditorShortcut	com/moonsworth/lunar/client/ui/hud/EditorShortcut.java	17
192	EmptyHudComponent	com/moonsworth/lunar/client/ui/hud/EmptyHudComponent.java	2
192	HideableHudComponent	com/moonsworth/lunar/client/ui/hud/HideableHudComponent.java	5
192	HorizontalHudRow	com/moonsworth/lunar/client/ui/hud/HorizontalHudRow.java	10
192	HudAnchor	com/moonsworth/lunar/client/ui/hud/HudAnchor.java	32
192	HudComponent	com/moonsworth/lunar/client/ui/hud/HudComponent.java	3
192	HudComponentDecorator	com/moonsworth/lunar/client/ui/hud/HudComponentDecorator.java	3
192	HudComponentGroup	com/moonsworth/lunar/client/ui/hud/HudComponentGroup.java	73
192	HudComponentStyle	com/moonsworth/lunar/client/ui/hud/HudComponentStyle.java	15
192	HudComponentValue	com/moonsworth/lunar/client/ui/hud/HudComponentValue.java	12
192	HudComponentWrapper	com/moonsworth/lunar/client/ui/hud/HudComponentWrapper.java	4
192	HudConditionSet	com/moonsworth/lunar/client/ui/hud/HudConditionSet.java	19
192	HudEditor	com/moonsworth/lunar/client/ui/hud/HudEditor.java	54
192	HudEditorOverlay	com/moonsworth/lunar/client/ui/hud/HudEditorOverlay.java	376
192	HudEditorScreen	com/moonsworth/lunar/client/ui/hud/HudEditorScreen.java	36
192	HudEditorState	com/moonsworth/lunar/client/ui/hud/HudEditorState.java	8
192	HudEditorStateMachine	com/moonsworth/lunar/client/ui/hud/HudEditorStateMachine.java	16
193	HudEditorWidget	com/moonsworth/lunar/client/ui/hud/HudEditorWidget.java	5
193	HudElementBase	com/moonsworth/lunar/client/ui/hud/HudElementBase.java	70
193	HudElementRegistry	com/moonsworth/lunar/client/ui/hud/HudElementRegistry.java	3
193	HudElementRegistryImpl	com/moonsworth/lunar/client/ui/hud/HudElementRegistryImpl.java	14
193	HudLine	com/moonsworth/lunar/client/ui/hud/HudLine.java	6
193	HudRenderContext	com/moonsworth/lunar/client/ui/hud/HudRenderContext.java	44
193	HudRow	com/moonsworth/lunar/client/ui/hud/HudRow.java	5
193	HudRowAlignment	com/moonsworth/lunar/client/ui/hud/HudRowAlignment.java	1
193	HudRowElement	com/moonsworth/lunar/client/ui/hud/HudRowElement.java	19
193	HudRowLayout	com/moonsworth/lunar/client/ui/hud/HudRowLayout.java	26
193	HudSize	com/moonsworth/lunar/client/ui/hud/HudSize.java	35
193	ItemIconHudRow	com/moonsworth/lunar/client/ui/hud/ItemIconHudRow.java	6
193	ItemStackHudComponent	com/moonsworth/lunar/client/ui/hud/ItemStackHudComponent.java	27
193	MixinCore$Data	com/moonsworth/lunar/client/ui/hud/MixinCore$Data.java	19
193	MixinCore2	com/moonsworth/lunar/client/ui/hud/MixinCore2.java	35
193	MixinCore3	com/moonsworth/lunar/client/ui/hud/MixinCore3.java	17
193	MixinCore5	com/moonsworth/lunar/client/ui/hud/MixinCore5.java	4
193	MixinCore5Handler	com/moonsworth/lunar/client/ui/hud/MixinCore5Handler.java	2
193	MixinCore5Handler2	com/moonsworth/lunar/client/ui/hud/MixinCore5Handler2.java	4
193	MixinCore5Handler2_2	com/moonsworth/lunar/client/ui/hud/MixinCore5Handler2_2.java	9
193	MixinCore5Handler2_3	com/moonsworth/lunar/client/ui/hud/MixinCore5Handler2_3.java	11
193	MixinCore5Handler4	com/moonsworth/lunar/client/ui/hud/MixinCore5Handler4.java	36
193	MixinCore5Handler_2	com/moonsworth/lunar/client/ui/hud/MixinCore5Handler_2.java	6
193	MixinCore5Impl	com/moonsworth/lunar/client/ui/hud/MixinCore5Impl.java	8
193	MixinCore5Impl2	com/moonsworth/lunar/client/ui/hud/MixinCore5Impl2.java	18
194	MixinCore5Iterator	com/moonsworth/lunar/client/ui/hud/MixinCore5Iterator.java	89
194	MixinCore5Task	com/moonsworth/lunar/client/ui/hud/MixinCore5Task.java	57
194	MixinCore6	com/moonsworth/lunar/client/ui/hud/MixinCore6.java	13
194	MixinCore7	com/moonsworth/lunar/client/ui/hud/MixinCore7.java	20
194	MixinCore9Base	com/moonsworth/lunar/client/ui/hud/MixinCore9Base.java	39
194	MixinCore9Extension	com/moonsworth/lunar/client/ui/hud/MixinCore9Extension.java	59
194	MovableHudElement	com/moonsworth/lunar/client/ui/hud/MovableHudElement.java	22
194	MovableHudElementImpl	com/moonsworth/lunar/client/ui/hud/MovableHudElementImpl.java	32
194	PaddedHudComponent	com/moonsworth/lunar/client/ui/hud/PaddedHudComponent.java	30
194	ScrollableHudComponent	com/moonsworth/lunar/client/ui/hud/ScrollableHudComponent.java	55
194	SpacerHudRow	com/moonsworth/lunar/client/ui/hud/SpacerHudRow.java	5
194	TextHudComponent	com/moonsworth/lunar/client/ui/hud/TextHudComponent.java	53
194	TextHudRow	com/moonsworth/lunar/client/ui/hud/TextHudRow.java	11
194	TextureHudComponent	com/moonsworth/lunar/client/ui/hud/TextureHudComponent.java	5
194	TitledHudElement	com/moonsworth/lunar/client/ui/hud/TitledHudElement.java	19
194	ToggleHudComponent	com/moonsworth/lunar/client/ui/hud/ToggleHudComponent.java	8
194	TwoColumnHudComponent	com/moonsworth/lunar/client/ui/hud/TwoColumnHudComponent.java	15
194	TypedHudRenderer	com/moonsworth/lunar/client/ui/hud/TypedHudRenderer.java	186
194	Hitbox	com/moonsworth/lunar/client/ui/hud/row/Hitbox.java	39
194	Hitbox2	com/moonsworth/lunar/client/ui/hud/row/Hitbox2.java	6
194	Hitbox2Handler	com/moonsworth/lunar/client/ui/hud/row/Hitbox2Handler.java	13
194	Hitbox2Handler2	com/moonsworth/lunar/client/ui/hud/row/Hitbox2Handler2.java	7
194	Hitbox2Handler3	com/moonsworth/lunar/client/ui/hud/row/Hitbox2Handler3.java	14
194	Hitbox2Handler4	com/moonsworth/lunar/client/ui/hud/row/Hitbox2Handler4.java	7
194	AnimatedLogoWidget	com/moonsworth/lunar/client/ui/mainmenu/AnimatedLogoWidget.java	31
195	AnniversaryTheme	com/moonsworth/lunar/client/ui/mainmenu/AnniversaryTheme.java	2
195	BedrockTheme	com/moonsworth/lunar/client/ui/mainmenu/BedrockTheme.java	4
195	ChristmasTheme	com/moonsworth/lunar/client/ui/mainmenu/ChristmasTheme.java	2
195	ClassicTheme	com/moonsworth/lunar/client/ui/mainmenu/ClassicTheme.java	2
195	HalloweenTheme	com/moonsworth/lunar/client/ui/mainmenu/HalloweenTheme.java	2
195	JapanTheme	com/moonsworth/lunar/client/ui/mainmenu/JapanTheme.java	2
195	LunarTheme	com/moonsworth/lunar/client/ui/mainmenu/LunarTheme.java	6
195	MainMenuBackground	com/moonsworth/lunar/client/ui/mainmenu/MainMenuBackground.java	64
195	MainMenuButton	com/moonsworth/lunar/client/ui/mainmenu/MainMenuButton.java	49
195	MainMenuHomeScreen	com/moonsworth/lunar/client/ui/mainmenu/MainMenuHomeScreen.java	9
195	MainMenuScreen	com/moonsworth/lunar/client/ui/mainmenu/MainMenuScreen.java	20
195	MainMenuTheme	com/moonsworth/lunar/client/ui/mainmenu/MainMenuTheme.java	5
195	MainMenuThemeId	com/moonsworth/lunar/client/ui/mainmenu/MainMenuThemeId.java	11
195	MainMenuThemeManager	com/moonsworth/lunar/client/ui/mainmenu/MainMenuThemeManager.java	57
195	NewYearTheme	com/moonsworth/lunar/client/ui/mainmenu/NewYearTheme.java	2
195	PollingRateDetector	com/moonsworth/lunar/client/ui/mainmenu/PollingRateDetector.java	33
195	SeasonalTheme	com/moonsworth/lunar/client/ui/mainmenu/SeasonalTheme.java	7
195	SeasonalThemeHandler	com/moonsworth/lunar/client/ui/mainmenu/SeasonalThemeHandler.java	79
195	SpringTheme	com/moonsworth/lunar/client/ui/mainmenu/SpringTheme.java	2
195	SummerTheme	com/moonsworth/lunar/client/ui/mainmenu/SummerTheme.java	2
195	ThemeCondition	com/moonsworth/lunar/client/ui/mainmenu/ThemeCondition.java	7
195	TournamentTheme	com/moonsworth/lunar/client/ui/mainmenu/TournamentTheme.java	2
195	VanillaTheme	com/moonsworth/lunar/client/ui/mainmenu/VanillaTheme.java	7
195	ChildLabelWidget	com/moonsworth/lunar/client/ui/menu/ChildLabelWidget.java	14
195	CogButtonWidget	com/moonsworth/lunar/client/ui/menu/CogButtonWidget.java	13
196	EditableLabelWidget	com/moonsworth/lunar/client/ui/menu/EditableLabelWidget.java	23
196	EditorToolbarWidget	com/moonsworth/lunar/client/ui/menu/EditorToolbarWidget.java	30
196	FavoriteStarWidget	com/moonsworth/lunar/client/ui/menu/FavoriteStarWidget.java	17
196	FeatureSettingsScreen	com/moonsworth/lunar/client/ui/menu/FeatureSettingsScreen.java	24
196	FeatureSettingsWidget	com/moonsworth/lunar/client/ui/menu/FeatureSettingsWidget.java	150
196	KeybindToggleRow	com/moonsworth/lunar/client/ui/menu/KeybindToggleRow.java	29
196	LayoutToggleWidget	com/moonsworth/lunar/client/ui/menu/LayoutToggleWidget.java	10
196	ModConflictAlertWidget	com/moonsworth/lunar/client/ui/menu/ModConflictAlertWidget.java	46
196	ModListWidget	com/moonsworth/lunar/client/ui/menu/ModListWidget.java	62
196	ModMenuWidget	com/moonsworth/lunar/client/ui/menu/ModMenuWidget.java	71
196	ModSearchWidget	com/moonsworth/lunar/client/ui/menu/ModSearchWidget.java	109
196	ModStateWidget	com/moonsworth/lunar/client/ui/menu/ModStateWidget.java	25
196	OptionsButtonWidget	com/moonsworth/lunar/client/ui/menu/OptionsButtonWidget.java	13
196	SearchResultsWidget	com/moonsworth/lunar/client/ui/menu/SearchResultsWidget.java	42
196	SelectionWidget	com/moonsworth/lunar/client/ui/menu/SelectionWidget.java	1
196	SortModeWidget	com/moonsworth/lunar/client/ui/menu/SortModeWidget.java	18
196	SubLabelWidget	com/moonsworth/lunar/client/ui/menu/SubLabelWidget.java	22
196	TypeLabelWidget	com/moonsworth/lunar/client/ui/menu/TypeLabelWidget.java	13
196	AnchorFunction	com/moonsworth/lunar/client/ui/notification/AnchorFunction.java	4
196	DesktopNotifier	com/moonsworth/lunar/client/ui/notification/DesktopNotifier.java	15
196	FriendNotification	com/moonsworth/lunar/client/ui/notification/FriendNotification.java	9
196	HostedWorldNotification	com/moonsworth/lunar/client/ui/notification/HostedWorldNotification.java	2
196	Notification	com/moonsworth/lunar/client/ui/notification/Notification.java	78
196	NotificationAnchor	com/moonsworth/lunar/client/ui/notification/NotificationAnchor.java	9
196	NotificationLink	com/moonsworth/lunar/client/ui/notification/NotificationLink.java	3
197	ActivePrompt	com/moonsworth/lunar/client/ui/prompt/ActivePrompt.java	4
197	BlockedActionPrompt	com/moonsworth/lunar/client/ui/prompt/BlockedActionPrompt.java	2
197	MaliciousServerPrompt	com/moonsworth/lunar/client/ui/prompt/MaliciousServerPrompt.java	3
197	MaliciousUrlPrompt	com/moonsworth/lunar/client/ui/prompt/MaliciousUrlPrompt.java	3
197	OpenUrlPrompt	com/moonsworth/lunar/client/ui/prompt/OpenUrlPrompt.java	9
197	PromptAction	com/moonsworth/lunar/client/ui/prompt/PromptAction.java	6
197	RunCommandPrompt	com/moonsworth/lunar/client/ui/prompt/RunCommandPrompt.java	9
197	AdvancedOptionWidget	com/moonsworth/lunar/client/ui/widget/AdvancedOptionWidget.java	38
197	ApplyToAllColorWidget	com/moonsworth/lunar/client/ui/widget/ApplyToAllColorWidget.java	16
197	ApplyToAllEnumWidget	com/moonsworth/lunar/client/ui/widget/ApplyToAllEnumWidget.java	20
197	ApplyToAllInfoWidget	com/moonsworth/lunar/client/ui/widget/ApplyToAllInfoWidget.java	14
197	ApplyToAllNumberWidget	com/moonsworth/lunar/client/ui/widget/ApplyToAllNumberWidget.java	16
197	ArmorHudOptionWidget	com/moonsworth/lunar/client/ui/widget/ArmorHudOptionWidget.java	39
197	AttachedPanel	com/moonsworth/lunar/client/ui/widget/AttachedPanel.java	12
197	BiomePreviewWidget	com/moonsworth/lunar/client/ui/widget/BiomePreviewWidget.java	30
197	CheckboxButton	com/moonsworth/lunar/client/ui/widget/CheckboxButton.java	16
197	CheckboxToggleWidget	com/moonsworth/lunar/client/ui/widget/CheckboxToggleWidget.java	15
197	CheckboxWidget	com/moonsworth/lunar/client/ui/widget/CheckboxWidget.java	17
197	ClientOptionWidget	com/moonsworth/lunar/client/ui/widget/ClientOptionWidget.java	48
197	CollapsibleListOptionWidget	com/moonsworth/lunar/client/ui/widget/CollapsibleListOptionWidget.java	12
197	ColorPickerOptionWidget	com/moonsworth/lunar/client/ui/widget/ColorPickerOptionWidget.java	94
197	ColorPickerWidget	com/moonsworth/lunar/client/ui/widget/ColorPickerWidget.java	13
197	CommandFieldWidget	com/moonsworth/lunar/client/ui/widget/CommandFieldWidget.java	59
197	CommandOptionWidget	com/moonsworth/lunar/client/ui/widget/CommandOptionWidget.java	24
197	ConfirmButtonWidget	com/moonsworth/lunar/client/ui/widget/ConfirmButtonWidget.java	30
198	CrosshairEditorWidget	com/moonsworth/lunar/client/ui/widget/CrosshairEditorWidget.java	62
198	CrosshairPattern	com/moonsworth/lunar/client/ui/widget/CrosshairPattern.java	6
198	CrosshairPreviewWidget	com/moonsworth/lunar/client/ui/widget/CrosshairPreviewWidget.java	131
198	CycleOptionWidget	com/moonsworth/lunar/client/ui/widget/CycleOptionWidget.java	19
198	CyclingEnumOptionWidget	com/moonsworth/lunar/client/ui/widget/CyclingEnumOptionWidget.java	23
198	DayNightOptionWidget	com/moonsworth/lunar/client/ui/widget/DayNightOptionWidget.java	17
198	DeviceSelectOptionWidget	com/moonsworth/lunar/client/ui/widget/DeviceSelectOptionWidget.java	22
198	DropdownWidget	com/moonsworth/lunar/client/ui/widget/DropdownWidget.java	56
198	EnumDropdownWidget	com/moonsworth/lunar/client/ui/widget/EnumDropdownWidget.java	36
198	ExpandableListOptionWidget	com/moonsworth/lunar/client/ui/widget/ExpandableListOptionWidget.java	30
198	GuiRenderState	com/moonsworth/lunar/client/ui/widget/GuiRenderState.java	9
198	GuiWidget	com/moonsworth/lunar/client/ui/widget/GuiWidget.java	109
198	HoverInfoOptionWidget	com/moonsworth/lunar/client/ui/widget/HoverInfoOptionWidget.java	25
198	IconTextButton	com/moonsworth/lunar/client/ui/widget/IconTextButton.java	7
198	IconWidget	com/moonsworth/lunar/client/ui/widget/IconWidget.java	23
198	KeybindCaptureWidget	com/moonsworth/lunar/client/ui/widget/KeybindCaptureWidget.java	39
198	KeybindClearButton	com/moonsworth/lunar/client/ui/widget/KeybindClearButton.java	13
198	KeybindOptionWidget	com/moonsworth/lunar/client/ui/widget/KeybindOptionWidget.java	13
198	KeybindResetWidget	com/moonsworth/lunar/client/ui/widget/KeybindResetWidget.java	20
198	KeybindToggleWidget	com/moonsworth/lunar/client/ui/widget/KeybindToggleWidget.java	22
198	LegacyRenderStateScope	com/moonsworth/lunar/client/ui/widget/LegacyRenderStateScope.java	36
198	ListOptionRowWidget	com/moonsworth/lunar/client/ui/widget/ListOptionRowWidget.java	15
198	ListOptionWidget	com/moonsworth/lunar/client/ui/widget/ListOptionWidget.java	109
198	MenuButtonWidget	com/moonsworth/lunar/client/ui/widget/MenuButtonWidget.java	184
198	ModernRenderStateScope	com/moonsworth/lunar/client/ui/widget/ModernRenderStateScope.java	31
199	MultiNumberOptionWidget	com/moonsworth/lunar/client/ui/widget/MultiNumberOptionWidget.java	27
199	MultiSelectWidget	com/moonsworth/lunar/client/ui/widget/MultiSelectWidget.java	59
199	NavigationButtonWidget	com/moonsworth/lunar/client/ui/widget/NavigationButtonWidget.java	24
199	NumberOptionWidget	com/moonsworth/lunar/client/ui/widget/NumberOptionWidget.java	59
199	NumberSliderWidget	com/moonsworth/lunar/client/ui/widget/NumberSliderWidget.java	90
199	OptionWidget	com/moonsworth/lunar/client/ui/widget/OptionWidget.java	28
199	ProgressBarWidget	com/moonsworth/lunar/client/ui/widget/ProgressBarWidget.java	59
199	ResetDefaultsWidget	com/moonsworth/lunar/client/ui/widget/ResetDefaultsWidget.java	19
199	ResourcePackListWidget	com/moonsworth/lunar/client/ui/widget/ResourcePackListWidget.java	56
199	ScreenLifecycle	com/moonsworth/lunar/client/ui/widget/ScreenLifecycle.java	1
199	ScrollListWidget	com/moonsworth/lunar/client/ui/widget/ScrollListWidget.java	52
199	SelectionContainer	com/moonsworth/lunar/client/ui/widget/SelectionContainer.java	15
199	SliderOptionWidget	com/moonsworth/lunar/client/ui/widget/SliderOptionWidget.java	26
199	SoundListOptionWidget	com/moonsworth/lunar/client/ui/widget/SoundListOptionWidget.java	141
199	SpacerWidget	com/moonsworth/lunar/client/ui/widget/SpacerWidget.java	9
199	SubMenuButton	com/moonsworth/lunar/client/ui/widget/SubMenuButton.java	5
199	TextAreaWidget	com/moonsworth/lunar/client/ui/widget/TextAreaWidget.java	7
199	TextButtonWidget	com/moonsworth/lunar/client/ui/widget/TextButtonWidget.java	36
199	TextFieldWidget	com/moonsworth/lunar/client/ui/widget/TextFieldWidget.java	30
199	TextLabelWidget	com/moonsworth/lunar/client/ui/widget/TextLabelWidget.java	69
199	TextOptionWidget	com/moonsworth/lunar/client/ui/widget/TextOptionWidget.java	15
199	TextShadowWidget	com/moonsworth/lunar/client/ui/widget/TextShadowWidget.java	19
199	TitledWidget	com/moonsworth/lunar/client/ui/widget/TitledWidget.java	30
199	ToggleButtonWidget	com/moonsworth/lunar/client/ui/widget/ToggleButtonWidget.java	26
199	ToggleGroupWidget	com/moonsworth/lunar/client/ui/widget/ToggleGroupWidget.java	39
200	WidgetContainer	com/moonsworth/lunar/client/ui/widget/WidgetContainer.java	38
200	WidgetHooks	com/moonsworth/lunar/client/ui/widget/WidgetHooks.java	2
200	WidgetPanel	com/moonsworth/lunar/client/ui/widget/WidgetPanel.java	58
200	Annotation	com/moonsworth/lunar/client/util/Annotation.java	1
200	Annotation2	com/moonsworth/lunar/client/util/Annotation2.java	9
200	Annotation4	com/moonsworth/lunar/client/util/Annotation4.java	3
200	Annotation6	com/moonsworth/lunar/client/util/Annotation6.java	1
200	Coordinates	com/moonsworth/lunar/client/util/Coordinates.java	74
200	Highlight3Task	com/moonsworth/lunar/client/util/Highlight3Task.java	29
200	InputStreamLoader2	com/moonsworth/lunar/client/util/InputStreamLoader2.java	18
200	LunarLogger	com/moonsworth/lunar/client/util/LunarLogger.java	24
200	MixinHelper	com/moonsworth/lunar/client/util/MixinHelper.java	20
200	MixinHelper2	com/moonsworth/lunar/client/util/MixinHelper2.java	2
200	MixinHelper22	com/moonsworth/lunar/client/util/MixinHelper22.java	10
200	MixinHelper223	com/moonsworth/lunar/client/util/MixinHelper223.java	37
200	MixinHelper224	com/moonsworth/lunar/client/util/MixinHelper224.java	36
200	MixinHelper23	com/moonsworth/lunar/client/util/MixinHelper23.java	48
200	MixinHelper24	com/moonsworth/lunar/client/util/MixinHelper24.java	10
200	MixinHelper25	com/moonsworth/lunar/client/util/MixinHelper25.java	24
200	Slayer	com/moonsworth/lunar/client/util/Slayer.java	37
200	ThreadModuleDump11	com/moonsworth/lunar/client/util/ThreadModuleDump11.java	99
200	ThreadModuleDump13	com/moonsworth/lunar/client/util/ThreadModuleDump13.java	4
200	ThreadModuleDump14	com/moonsworth/lunar/client/util/ThreadModuleDump14.java	10
200	ThreadModuleDump15	com/moonsworth/lunar/client/util/ThreadModuleDump15.java	9
200	ThreadModuleDump17	com/moonsworth/lunar/client/util/ThreadModuleDump17.java	79
201	ThreadModuleDump18	com/moonsworth/lunar/client/util/ThreadModuleDump18.java	124
201	ThreadModuleDump19	com/moonsworth/lunar/client/util/ThreadModuleDump19.java	7
201	ThreadModuleDump2	com/moonsworth/lunar/client/util/ThreadModuleDump2.java	29
201	ThreadModuleDump21	com/moonsworth/lunar/client/util/ThreadModuleDump21.java	27
201	ThreadModuleDump22	com/moonsworth/lunar/client/util/ThreadModuleDump22.java	14
201	ThreadModuleDump23	com/moonsworth/lunar/client/util/ThreadModuleDump23.java	237
201	ThreadModuleDump24	com/moonsworth/lunar/client/util/ThreadModuleDump24.java	48
201	ThreadModuleDump25	com/moonsworth/lunar/client/util/ThreadModuleDump25.java	18
201	ThreadModuleDump27	com/moonsworth/lunar/client/util/ThreadModuleDump27.java	10
201	ThreadModuleDump28	com/moonsworth/lunar/client/util/ThreadModuleDump28.java	7
201	ThreadModuleDump29	com/moonsworth/lunar/client/util/ThreadModuleDump29.java	29
201	ThreadModuleDump3	com/moonsworth/lunar/client/util/ThreadModuleDump3.java	21
201	ThreadModuleDump30	com/moonsworth/lunar/client/util/ThreadModuleDump30.java	28
201	ThreadModuleDump31	com/moonsworth/lunar/client/util/ThreadModuleDump31.java	26
201	ThreadModuleDump32	com/moonsworth/lunar/client/util/ThreadModuleDump32.java	2
201	ThreadModuleDump33	com/moonsworth/lunar/client/util/ThreadModuleDump33.java	18
201	ThreadModuleDump34	com/moonsworth/lunar/client/util/ThreadModuleDump34.java	32
201	ThreadModuleDump36	com/moonsworth/lunar/client/util/ThreadModuleDump36.java	16
201	ThreadModuleDump37	com/moonsworth/lunar/client/util/ThreadModuleDump37.java	72
201	ThreadModuleDump38	com/moonsworth/lunar/client/util/ThreadModuleDump38.java	18
201	ThreadModuleDump4	com/moonsworth/lunar/client/util/ThreadModuleDump4.java	20
201	ThreadModuleDump40	com/moonsworth/lunar/client/util/ThreadModuleDump40.java	36
201	ThreadModuleDump41	com/moonsworth/lunar/client/util/ThreadModuleDump41.java	15
201	ThreadModuleDump42	com/moonsworth/lunar/client/util/ThreadModuleDump42.java	9
201	ThreadModuleDump43	com/moonsworth/lunar/client/util/ThreadModuleDump43.java	43
202	ThreadModuleDump45	com/moonsworth/lunar/client/util/ThreadModuleDump45.java	35
202	ThreadModuleDump46	com/moonsworth/lunar/client/util/ThreadModuleDump46.java	40
202	ThreadModuleDump47	com/moonsworth/lunar/client/util/ThreadModuleDump47.java	50
202	ThreadModuleDump48	com/moonsworth/lunar/client/util/ThreadModuleDump48.java	34
202	ThreadModuleDump49	com/moonsworth/lunar/client/util/ThreadModuleDump49.java	19
202	ThreadModuleDump5	com/moonsworth/lunar/client/util/ThreadModuleDump5.java	7
202	ThreadModuleDump50	com/moonsworth/lunar/client/util/ThreadModuleDump50.java	15
202	ThreadModuleDump51	com/moonsworth/lunar/client/util/ThreadModuleDump51.java	2
202	ThreadModuleDump52	com/moonsworth/lunar/client/util/ThreadModuleDump52.java	10
202	ThreadModuleDump53	com/moonsworth/lunar/client/util/ThreadModuleDump53.java	3
202	ThreadModuleDump54	com/moonsworth/lunar/client/util/ThreadModuleDump54.java	3
202	ThreadModuleDump55	com/moonsworth/lunar/client/util/ThreadModuleDump55.java	12
202	ThreadModuleDump56	com/moonsworth/lunar/client/util/ThreadModuleDump56.java	40
202	ThreadModuleDump57	com/moonsworth/lunar/client/util/ThreadModuleDump57.java	6
202	ThreadModuleDump58	com/moonsworth/lunar/client/util/ThreadModuleDump58.java	6
202	ThreadModuleDump59	com/moonsworth/lunar/client/util/ThreadModuleDump59.java	49
202	ThreadModuleDump6	com/moonsworth/lunar/client/util/ThreadModuleDump6.java	2
202	ThreadModuleDump60	com/moonsworth/lunar/client/util/ThreadModuleDump60.java	7
202	ThreadModuleDump61	com/moonsworth/lunar/client/util/ThreadModuleDump61.java	53
202	ThreadModuleDump62	com/moonsworth/lunar/client/util/ThreadModuleDump62.java	6
202	ThreadModuleDump63	com/moonsworth/lunar/client/util/ThreadModuleDump63.java	151
202	ThreadModuleDump64	com/moonsworth/lunar/client/util/ThreadModuleDump64.java	51
202	ThreadModuleDump65	com/moonsworth/lunar/client/util/ThreadModuleDump65.java	69
202	ThreadModuleDump66	com/moonsworth/lunar/client/util/ThreadModuleDump66.java	47
202	ThreadModuleDump67	com/moonsworth/lunar/client/util/ThreadModuleDump67.java	76
203	ThreadModuleDump68	com/moonsworth/lunar/client/util/ThreadModuleDump68.java	13
203	ThreadModuleDump69	com/moonsworth/lunar/client/util/ThreadModuleDump69.java	10
203	ThreadModuleDump7	com/moonsworth/lunar/client/util/ThreadModuleDump7.java	24
203	ThreadModuleDump70	com/moonsworth/lunar/client/util/ThreadModuleDump70.java	25
203	ThreadModuleDump71	com/moonsworth/lunar/client/util/ThreadModuleDump71.java	11
203	ThreadModuleDump72	com/moonsworth/lunar/client/util/ThreadModuleDump72.java	19
203	ThreadModuleDump73	com/moonsworth/lunar/client/util/ThreadModuleDump73.java	16
203	ThreadModuleDump73Type	com/moonsworth/lunar/client/util/ThreadModuleDump73Type.java	21
203	ThreadModuleDump75	com/moonsworth/lunar/client/util/ThreadModuleDump75.java	6
203	ThreadModuleDump76	com/moonsworth/lunar/client/util/ThreadModuleDump76.java	23
203	ThreadModuleDump77	com/moonsworth/lunar/client/util/ThreadModuleDump77.java	6
203	ThreadModuleDump78	com/moonsworth/lunar/client/util/ThreadModuleDump78.java	8
203	ThreadModuleDump79	com/moonsworth/lunar/client/util/ThreadModuleDump79.java	2
203	ThreadModuleDump8	com/moonsworth/lunar/client/util/ThreadModuleDump8.java	9
203	ThreadModuleDump80	com/moonsworth/lunar/client/util/ThreadModuleDump80.java	1
203	ThreadModuleDump81	com/moonsworth/lunar/client/util/ThreadModuleDump81.java	2
203	ThreadModuleDump82	com/moonsworth/lunar/client/util/ThreadModuleDump82.java	35
203	ThreadModuleDump83	com/moonsworth/lunar/client/util/ThreadModuleDump83.java	21
203	ThreadModuleDump84	com/moonsworth/lunar/client/util/ThreadModuleDump84.java	3
203	ThreadModuleDump85	com/moonsworth/lunar/client/util/ThreadModuleDump85.java	3
203	ThreadModuleDump86	com/moonsworth/lunar/client/util/ThreadModuleDump86.java	11
203	ThreadModuleDump87	com/moonsworth/lunar/client/util/ThreadModuleDump87.java	1
203	ThreadModuleDump89	com/moonsworth/lunar/client/util/ThreadModuleDump89.java	6
203	ThreadModuleDump90	com/moonsworth/lunar/client/util/ThreadModuleDump90.java	5
203	ThreadModuleDump92	com/moonsworth/lunar/client/util/ThreadModuleDump92.java	36
204	ThreadModuleDump93	com/moonsworth/lunar/client/util/ThreadModuleDump93.java	2
204	ThreadModuleDump94	com/moonsworth/lunar/client/util/ThreadModuleDump94.java	76
204	ThreadModuleDump95	com/moonsworth/lunar/client/util/ThreadModuleDump95.java	15
204	ThreadModuleDumpIterator2	com/moonsworth/lunar/client/util/ThreadModuleDumpIterator2.java	9
204	ThreadModuleDumpThread	com/moonsworth/lunar/client/util/ThreadModuleDumpThread.java	50
204	ThreadModuleDumpType	com/moonsworth/lunar/client/util/ThreadModuleDumpType.java	2
204	ThreadModuleDumpType2	com/moonsworth/lunar/client/util/ThreadModuleDumpType2.java	3
204	ThreadModuleDumpType5	com/moonsworth/lunar/client/util/ThreadModuleDumpType5.java	23
204	Util$Data	com/moonsworth/lunar/client/util/Util$Data.java	7
204	Util	com/moonsworth/lunar/client/util/Util.java	27
204	Util2	com/moonsworth/lunar/client/util/Util2.java	16
204	Util_2	com/moonsworth/lunar/client/util/Util_2.java	45
204	Alert	com/moonsworth/lunar/client/util/alert/Alert.java	5
204	Alert2	com/moonsworth/lunar/client/util/alert/Alert2.java	39
204	Alert3	com/moonsworth/lunar/client/util/alert/Alert3.java	7
204	Alert5Handler	com/moonsworth/lunar/client/util/alert/Alert5Handler.java	2
204	Alert6	com/moonsworth/lunar/client/util/alert/Alert6.java	37
204	GuiRewindhandlersHandler2	com/moonsworth/lunar/client/util/alert/GuiRewindhandlersHandler2.java	39
204	Chest	com/moonsworth/lunar/client/util/chest/Chest.java	3
204	SBase	com/moonsworth/lunar/client/util/chest/SBase.java	2
204	SExtension	com/moonsworth/lunar/client/util/chest/SExtension.java	82
204	SImpl	com/moonsworth/lunar/client/util/chest/SImpl.java	17
204	ChestHandler3	com/moonsworth/lunar/client/util/chest/mixin/ChestHandler3.java	3
204	BridgeExtension2	com/moonsworth/lunar/client/util/click/BridgeExtension2.java	45
204	BridgeExtension3	com/moonsworth/lunar/client/util/click/BridgeExtension3.java	64
205	Click	com/moonsworth/lunar/client/util/click/Click.java	6
205	Click10	com/moonsworth/lunar/client/util/click/Click10.java	5
205	Click12	com/moonsworth/lunar/client/util/click/Click12.java	5
205	Click2	com/moonsworth/lunar/client/util/click/Click2.java	5
205	Click3	com/moonsworth/lunar/client/util/click/Click3.java	52
205	Click4	com/moonsworth/lunar/client/util/click/Click4.java	6
205	Click5	com/moonsworth/lunar/client/util/click/Click5.java	36
205	Click6	com/moonsworth/lunar/client/util/click/Click6.java	42
205	Click8	com/moonsworth/lunar/client/util/click/Click8.java	1
205	Click9	com/moonsworth/lunar/client/util/click/Click9.java	2
205	AbstractQueueImpl	com/moonsworth/lunar/client/util/collection/AbstractQueueImpl.java	2
205	ArrayUtils	com/moonsworth/lunar/client/util/collection/ArrayUtils.java	6
205	CachedValuesMap	com/moonsworth/lunar/client/util/collection/CachedValuesMap.java	5
205	CollectionUtils	com/moonsworth/lunar/client/util/collection/CollectionUtils.java	33
205	CopyOnWriteIfNeededArrayList	com/moonsworth/lunar/client/util/collection/CopyOnWriteIfNeededArrayList.java	16
205	ElementAdder	com/moonsworth/lunar/client/util/collection/ElementAdder.java	2
205	ExpiringWeightedCache	com/moonsworth/lunar/client/util/collection/ExpiringWeightedCache.java	43
205	FilteringIterator	com/moonsworth/lunar/client/util/collection/FilteringIterator.java	5
205	ImmutableListView	com/moonsworth/lunar/client/util/collection/ImmutableListView.java	7
205	ImmutableListViewImpl	com/moonsworth/lunar/client/util/collection/ImmutableListViewImpl.java	6
205	IterableImpl	com/moonsworth/lunar/client/util/collection/IterableImpl.java	7
205	KImpl	com/moonsworth/lunar/client/util/collection/KImpl.java	9
205	LinkRegistry	com/moonsworth/lunar/client/util/collection/LinkRegistry.java	1
205	ListBuilder	com/moonsworth/lunar/client/util/collection/ListBuilder.java	2
205	ListBuilderImpl	com/moonsworth/lunar/client/util/collection/ListBuilderImpl.java	16
206	ListExtension	com/moonsworth/lunar/client/util/collection/ListExtension.java	1
206	ListUtils	com/moonsworth/lunar/client/util/collection/ListUtils.java	2
206	MapIterator	com/moonsworth/lunar/client/util/collection/MapIterator.java	15
206	MapRemoval	com/moonsworth/lunar/client/util/collection/MapRemoval.java	4
206	ReadOnlyCollection	com/moonsworth/lunar/client/util/collection/ReadOnlyCollection.java	3
206	RingBuffer	com/moonsworth/lunar/client/util/collection/RingBuffer.java	11
206	TickQueue	com/moonsworth/lunar/client/util/collection/TickQueue.java	17
206	UnorderedPair	com/moonsworth/lunar/client/util/collection/UnorderedPair.java	4
206	ValueHolder	com/moonsworth/lunar/client/util/collection/ValueHolder.java	2
206	Colorsaturation	com/moonsworth/lunar/client/util/colorsaturation/Colorsaturation.java	11
206	Colorsaturation2	com/moonsworth/lunar/client/util/colorsaturation/Colorsaturation2.java	28
206	ColorsaturationHandler	com/moonsworth/lunar/client/util/colorsaturation/ColorsaturationHandler.java	45
206	ColorsaturationTask	com/moonsworth/lunar/client/util/colorsaturation/ColorsaturationTask.java	123
206	AsyncCacheLoader	com/moonsworth/lunar/client/util/concurrent/AsyncCacheLoader.java	43
206	AsyncResource	com/moonsworth/lunar/client/util/concurrent/AsyncResource.java	11
206	AsyncResourceManager	com/moonsworth/lunar/client/util/concurrent/AsyncResourceManager.java	25
206	BackgroundExecutor	com/moonsworth/lunar/client/util/concurrent/BackgroundExecutor.java	54
206	ConsumerExtension	com/moonsworth/lunar/client/util/concurrent/ConsumerExtension.java	2
206	ResourceUsageCounter	com/moonsworth/lunar/client/util/concurrent/ResourceUsageCounter.java	7
206	ResourceUsageTracker	com/moonsworth/lunar/client/util/concurrent/ResourceUsageTracker.java	16
206	SupplierExtension	com/moonsworth/lunar/client/util/concurrent/SupplierExtension.java	1
206	UncheckedFunctional	com/moonsworth/lunar/client/util/concurrent/UncheckedFunctional.java	7
206	BlockSearch	com/moonsworth/lunar/client/util/game/BlockSearch.java	26
206	EntityLookup	com/moonsworth/lunar/client/util/game/EntityLookup.java	8
206	ItemTagUtils	com/moonsworth/lunar/client/util/game/ItemTagUtils.java	14
207	ItemTypeLookup	com/moonsworth/lunar/client/util/game/ItemTypeLookup.java	4
207	NpcUtils	com/moonsworth/lunar/client/util/game/NpcUtils.java	9
207	PotionUtils	com/moonsworth/lunar/client/util/game/PotionUtils.java	13
207	PredicateEntitySelector	com/moonsworth/lunar/client/util/game/PredicateEntitySelector.java	2
207	Gui	com/moonsworth/lunar/client/util/gui/Gui.java	5
207	ListExtension	com/moonsworth/lunar/client/util/gui/ListExtension.java	2
207	ListExtension2	com/moonsworth/lunar/client/util/gui/ListExtension2.java	13
207	ListExtension22	com/moonsworth/lunar/client/util/gui/ListExtension22.java	12
207	ListExtension3	com/moonsworth/lunar/client/util/gui/ListExtension3.java	29
207	CloseableImpl	com/moonsworth/lunar/client/util/highlight/CloseableImpl.java	17
207	FilenameFilter	com/moonsworth/lunar/client/util/highlight/FilenameFilter.java	4
207	Highlight	com/moonsworth/lunar/client/util/highlight/Highlight.java	4
207	MapImpl	com/moonsworth/lunar/client/util/holograms/MapImpl.java	7
207	AtomicFileWriter	com/moonsworth/lunar/client/util/io/AtomicFileWriter.java	2
207	ClipboardUtils	com/moonsworth/lunar/client/util/io/ClipboardUtils.java	8
207	CompressionUtils	com/moonsworth/lunar/client/util/io/CompressionUtils.java	5
207	DirectoryWatcher	com/moonsworth/lunar/client/util/io/DirectoryWatcher.java	9
207	ExtraCodecs	com/moonsworth/lunar/client/util/io/ExtraCodecs.java	94
207	FileExplorer	com/moonsworth/lunar/client/util/io/FileExplorer.java	7
207	FileExtensionFilter	com/moonsworth/lunar/client/util/io/FileExtensionFilter.java	2
207	ImageUtils	com/moonsworth/lunar/client/util/io/ImageUtils.java	16
207	InputStreamLoader	com/moonsworth/lunar/client/util/io/InputStreamLoader.java	32
207	JsonAdapters	com/moonsworth/lunar/client/util/io/JsonAdapters.java	35
207	JsonDateAdapter	com/moonsworth/lunar/client/util/io/JsonDateAdapter.java	2
207	MimeTypeUtils	com/moonsworth/lunar/client/util/io/MimeTypeUtils.java	12
208	NotNullSerialized	com/moonsworth/lunar/client/util/io/NotNullSerialized.java	2
208	ResourcePackUtils	com/moonsworth/lunar/client/util/io/ResourcePackUtils.java	20
208	RewindableInputStream	com/moonsworth/lunar/client/util/io/RewindableInputStream.java	14
208	ThreadModuleDump9	com/moonsworth/lunar/client/util/io/ThreadModuleDump9.java	506
208	Lotusfish	com/moonsworth/lunar/client/util/lotusfish/mixin/Lotusfish.java	11
208	Lotusfish2	com/moonsworth/lunar/client/util/lotusfish/mixin/Lotusfish2.java	54
208	Lotusfish3	com/moonsworth/lunar/client/util/lotusfish/mixin/Lotusfish3.java	26
208	BinarySearchState	com/moonsworth/lunar/client/util/math/BinarySearchState.java	17
208	ColorMath	com/moonsworth/lunar/client/util/math/ColorMath.java	126
208	ColorUtils	com/moonsworth/lunar/client/util/math/ColorUtils.java	228
208	Direction2D	com/moonsworth/lunar/client/util/math/Direction2D.java	1
208	DoubleRectangle	com/moonsworth/lunar/client/util/math/DoubleRectangle.java	13
208	Easing	com/moonsworth/lunar/client/util/math/Easing.java	217
208	FastMath	com/moonsworth/lunar/client/util/math/FastMath.java	17
208	Fishing	com/moonsworth/lunar/client/util/math/Fishing.java	4
208	IntRectangle	com/moonsworth/lunar/client/util/math/IntRectangle.java	35
208	LineMath	com/moonsworth/lunar/client/util/math/LineMath.java	9
208	LineSegment	com/moonsworth/lunar/client/util/math/LineSegment.java	4
208	MathUtils	com/moonsworth/lunar/client/util/math/MathUtils.java	74
208	MatrixConversion	com/moonsworth/lunar/client/util/math/MatrixConversion.java	3
208	NumberUtils	com/moonsworth/lunar/client/util/math/NumberUtils.java	31
208	RandomImpl	com/moonsworth/lunar/client/util/math/RandomImpl.java	29
208	RectangleQuadtree	com/moonsworth/lunar/client/util/math/RectangleQuadtree.java	23
208	Vector2dPair	com/moonsworth/lunar/client/util/math/Vector2dPair.java	1
208	Vector2f	com/moonsworth/lunar/client/util/math/Vector2f.java	6
209	WeightedQuadtree	com/moonsworth/lunar/client/util/math/WeightedQuadtree.java	36
209	WeightedValue	com/moonsworth/lunar/client/util/math/WeightedValue.java	2
209	Memory	com/moonsworth/lunar/client/util/memory/Memory.java	93
209	MemoryTask	com/moonsworth/lunar/client/util/memory/MemoryTask.java	3
209	MixinHelper	com/moonsworth/lunar/client/util/mixin/MixinHelper.java	4
209	MixinHelper2	com/moonsworth/lunar/client/util/mixin/MixinHelper2.java	4
209	MixinHelper22	com/moonsworth/lunar/client/util/mixin/MixinHelper22.java	30
209	Nameplate	com/moonsworth/lunar/client/util/nameplate/Nameplate.java	171
209	BrowserUtils	com/moonsworth/lunar/client/util/net/BrowserUtils.java	36
209	DisconnectUtils	com/moonsworth/lunar/client/util/net/DisconnectUtils.java	1
209	PortUtils	com/moonsworth/lunar/client/util/net/PortUtils.java	2
209	ServerUtils	com/moonsworth/lunar/client/util/net/ServerUtils.java	7
209	ServiceEndpoints	com/moonsworth/lunar/client/util/net/ServiceEndpoints.java	54
209	ThreadModuleDump74	com/moonsworth/lunar/client/util/net/ThreadModuleDump74.java	24
209	GcMonitor	com/moonsworth/lunar/client/util/performance/GcMonitor.java	12
209	PerfSnapshotRecorder	com/moonsworth/lunar/client/util/performance/PerfSnapshotRecorder.java	25
209	PerformanceReporter	com/moonsworth/lunar/client/util/performance/PerformanceReporter.java	50
209	BlockRaycastContext	com/moonsworth/lunar/client/util/raytrace/BlockRaycastContext.java	2
209	Chest2	com/moonsworth/lunar/client/util/raytrace/Chest2.java	298
209	CosmeticRaycastContext	com/moonsworth/lunar/client/util/raytrace/CosmeticRaycastContext.java	2
209	DynamicRay	com/moonsworth/lunar/client/util/raytrace/DynamicRay.java	9
209	EntityRaycastContext	com/moonsworth/lunar/client/util/raytrace/EntityRaycastContext.java	9
209	FixedRay	com/moonsworth/lunar/client/util/raytrace/FixedRay.java	6
209	Ray	com/moonsworth/lunar/client/util/raytrace/Ray.java	61
209	RaySegment	com/moonsworth/lunar/client/util/raytrace/RaySegment.java	5
210	Raycaster	com/moonsworth/lunar/client/util/raytrace/Raycaster.java	20
210	Gui2Extension	com/moonsworth/lunar/client/util/rewindhandlers/Gui2Extension.java	12
210	Rewindhandlers	com/moonsworth/lunar/client/util/rewindhandlers/Rewindhandlers.java	16
210	RewindhandlersExtension2	com/moonsworth/lunar/client/util/rewindhandlers/RewindhandlersExtension2.java	4
210	RewindhandlersExtension3	com/moonsworth/lunar/client/util/rewindhandlers/RewindhandlersExtension3.java	10
210	RewindhandlersExtension32	com/moonsworth/lunar/client/util/rewindhandlers/RewindhandlersExtension32.java	10
210	RewindhandlersExtension4	com/moonsworth/lunar/client/util/rewindhandlers/RewindhandlersExtension4.java	12
210	DateUtils	com/moonsworth/lunar/client/util/text/DateUtils.java	22
210	FormattingCodes	com/moonsworth/lunar/client/util/text/FormattingCodes.java	6
210	RegexPatterns	com/moonsworth/lunar/client/util/text/RegexPatterns.java	3
210	RomanNumeralParser	com/moonsworth/lunar/client/util/text/RomanNumeralParser.java	16
210	RomanNumeralUtils	com/moonsworth/lunar/client/util/text/RomanNumeralUtils.java	5
210	StringCursor	com/moonsworth/lunar/client/util/text/StringCursor.java	2
210	TextUtils	com/moonsworth/lunar/client/util/text/TextUtils.java	22
210	TimeFormatting	com/moonsworth/lunar/client/util/text/TimeFormatting.java	96
210	UuidUtils	com/moonsworth/lunar/client/util/text/UuidUtils.java	13
210	RpcChannelImpl	com/moonsworth/lunar/client/waypoints/RpcChannelImpl.java	20
210	WebSocketClientIterator	com/moonsworth/lunar/client/waypoints/WebSocketClientIterator.java	65
210	Config	com/moonsworth/lunar/config/Config.java	379
210	Config2	com/moonsworth/lunar/config/Config2.java	40
210	ConfigType	com/moonsworth/lunar/config/ConfigType.java	11
210	MinecraftVersionOrdinal	com/moonsworth/lunar/config/MinecraftVersionOrdinal.java	40
210	ArtifactData	com/moonsworth/lunar/files/ArtifactData.java	4
210	BinaryMappingsReader	com/moonsworth/lunar/files/BinaryMappingsReader.java	11
210	BinaryMappingsWriter	com/moonsworth/lunar/files/BinaryMappingsWriter.java	1
211	ClassInfoImpl	com/moonsworth/lunar/files/ClassInfoImpl.java	7
211	ClasspathMappingProvider	com/moonsworth/lunar/files/ClasspathMappingProvider.java	3
211	DelegatingMappingProvider	com/moonsworth/lunar/files/DelegatingMappingProvider.java	4
211	FileHashUtils	com/moonsworth/lunar/files/FileHashUtils.java	12
211	FileMappingProvider	com/moonsworth/lunar/files/FileMappingProvider.java	9
211	Files$Data3	com/moonsworth/lunar/files/Files$Data3.java	29
211	Files$Data5	com/moonsworth/lunar/files/Files$Data5.java	33
211	Files$Data6	com/moonsworth/lunar/files/Files$Data6.java	33
211	Files$Extension	com/moonsworth/lunar/files/Files$Extension.java	3
211	Files	com/moonsworth/lunar/files/Files.java	19
211	Files2_2	com/moonsworth/lunar/files/Files2_2.java	5
211	Files3	com/moonsworth/lunar/files/Files3.java	37
211	Files3_2	com/moonsworth/lunar/files/Files3_2.java	54
211	Files4$Data	com/moonsworth/lunar/files/Files4$Data.java	9
211	Files4	com/moonsworth/lunar/files/Files4.java	23
211	Files4Base	com/moonsworth/lunar/files/Files4Base.java	9
211	Files4Base2	com/moonsworth/lunar/files/Files4Base2.java	37
211	Files4Base3	com/moonsworth/lunar/files/Files4Base3.java	10
211	Files4Base4	com/moonsworth/lunar/files/Files4Base4.java	10
211	Files4Impl	com/moonsworth/lunar/files/Files4Impl.java	26
211	Files4_2	com/moonsworth/lunar/files/Files4_2.java	29
211	Files5	com/moonsworth/lunar/files/Files5.java	18
211	Files5_2	com/moonsworth/lunar/files/Files5_2.java	2
211	Files6	com/moonsworth/lunar/files/Files6.java	32
211	Files6_2	com/moonsworth/lunar/files/Files6_2.java	5
212	Files7	com/moonsworth/lunar/files/Files7.java	87
212	FilesException	com/moonsworth/lunar/files/FilesException.java	2
212	FilesImpl	com/moonsworth/lunar/files/FilesImpl.java	7
212	Files_2	com/moonsworth/lunar/files/Files_2.java	99
212	Files_3	com/moonsworth/lunar/files/Files_3.java	10
212	Files_4	com/moonsworth/lunar/files/Files_4.java	90
212	Files_5	com/moonsworth/lunar/files/Files_5.java	26
212	InheritanceProvider	com/moonsworth/lunar/files/InheritanceProvider.java	41
212	MappingArtifacts	com/moonsworth/lunar/files/MappingArtifacts.java	1
212	MappingBundle	com/moonsworth/lunar/files/MappingBundle.java	3
212	MappingDownloader	com/moonsworth/lunar/files/MappingDownloader.java	23
212	MappingNormalizer	com/moonsworth/lunar/files/MappingNormalizer.java	26
212	MappingResolution	com/moonsworth/lunar/files/MappingResolution.java	5
212	MappingsGson	com/moonsworth/lunar/files/MappingsGson.java	1
212	NameDescription	com/moonsworth/lunar/files/NameDescription.java	4
212	PlaceholderResolver	com/moonsworth/lunar/files/PlaceholderResolver.java	4
212	PredefinedMappingBundle	com/moonsworth/lunar/files/PredefinedMappingBundle.java	1
212	RegistryMappingProvider	com/moonsworth/lunar/files/RegistryMappingProvider.java	4
212	RemoteMappingProvider	com/moonsworth/lunar/files/RemoteMappingProvider.java	14
212	ValuePair	com/moonsworth/lunar/files/ValuePair.java	5
212	VersionPlaceholder	com/moonsworth/lunar/files/VersionPlaceholder.java	10
212	AssetIndex	com/moonsworth/lunar/files/mixin/AssetIndex.java	19
212	Files	com/moonsworth/lunar/files/mixin/Files.java	67
212	Files2	com/moonsworth/lunar/files/mixin/Files2.java	19
212	Files3	com/moonsworth/lunar/files/mixin/Files3.java	38
213	Files4	com/moonsworth/lunar/files/mixin/Files4.java	48
213	ResolvedVersion	com/moonsworth/lunar/files/mixin/ResolvedVersion.java	53
213	VersionInfo	com/moonsworth/lunar/files/mixin/VersionInfo.java	35
213	VersionManifest	com/moonsworth/lunar/files/mixin/VersionManifest.java	31
213	ClassPatch	com/moonsworth/lunar/forge/ClassPatch.java	9
213	ClassPatchHook	com/moonsworth/lunar/forge/ClassPatchHook.java	5
213	ClassPatchRegistry	com/moonsworth/lunar/forge/ClassPatchRegistry.java	13
213	ForgeModMixinScanner	com/moonsworth/lunar/forge/ForgeModMixinScanner.java	25
213	ForgeModRegistrar	com/moonsworth/lunar/forge/ForgeModRegistrar.java	4
213	ForgeModRegistrationTask	com/moonsworth/lunar/forge/ForgeModRegistrationTask.java	1
213	ForgeTransformerHook	com/moonsworth/lunar/forge/ForgeTransformerHook.java	7
213	Ichor2Handler	com/moonsworth/lunar/forge/Ichor2Handler.java	5
213	Ichor2Handler2	com/moonsworth/lunar/forge/Ichor2Handler2.java	10
213	Ichor2Handler2_2	com/moonsworth/lunar/forge/Ichor2Handler2_2.java	12
213	Ichor2Handler_2	com/moonsworth/lunar/forge/Ichor2Handler_2.java	8
213	Ichor2Impl	com/moonsworth/lunar/forge/Ichor2Impl.java	10
213	Ichor2Iterator	com/moonsworth/lunar/forge/Ichor2Iterator.java	37
213	Ichor2Iterator2	com/moonsworth/lunar/forge/Ichor2Iterator2.java	10
213	Ichor2Iterator3	com/moonsworth/lunar/forge/Ichor2Iterator3.java	13
213	Ichor2Iterator_2	com/moonsworth/lunar/forge/Ichor2Iterator_2.java	23
213	Ichor5Iterator	com/moonsworth/lunar/forge/Ichor5Iterator.java	49
213	Ichor5Loader	com/moonsworth/lunar/forge/Ichor5Loader.java	18
213	Ichor6Impl	com/moonsworth/lunar/forge/Ichor6Impl.java	14
213	Ichor6Iterator	com/moonsworth/lunar/forge/Ichor6Iterator.java	29
213	LegacyForgeEventHook	com/moonsworth/lunar/forge/LegacyForgeEventHook.java	32
214	MixinCore	com/moonsworth/lunar/forge/MixinCore.java	14
214	MixinHelper	com/moonsworth/lunar/forge/MixinHelper.java	41
214	MixinMisc	com/moonsworth/lunar/forge/MixinMisc.java	26
214	MixinMisc2	com/moonsworth/lunar/forge/MixinMisc2.java	14
214	MixinMisc3	com/moonsworth/lunar/forge/MixinMisc3.java	16
214	ModMixinLoader	com/moonsworth/lunar/forge/ModMixinLoader.java	13
214	ASMClassLoaderMixin	com/moonsworth/lunar/forge/mixin/ASMClassLoaderMixin.java	3
214	ASMClassLoaderMixin2	com/moonsworth/lunar/forge/mixin/ASMClassLoaderMixin2.java	3
214	ChunkProviderServerMixin	com/moonsworth/lunar/forge/mixin/ChunkProviderServerMixin.java	4
214	EnumHelperMixin	com/moonsworth/lunar/forge/mixin/EnumHelperMixin.java	1
214	EventBus	com/moonsworth/lunar/forge/mixin/EventBus.java	6
214	EventBusMixin	com/moonsworth/lunar/forge/mixin/EventBusMixin.java	1
214	EventBusMixin2	com/moonsworth/lunar/forge/mixin/EventBusMixin2.java	2
214	EventBusMixin22	com/moonsworth/lunar/forge/mixin/EventBusMixin22.java	2
214	EventBusMixin3	com/moonsworth/lunar/forge/mixin/EventBusMixin3.java	7
214	EventBusV1_12Mixin	com/moonsworth/lunar/forge/mixin/EventBusV1_12Mixin.java	3
214	FMLCommonHandlerMixin	com/moonsworth/lunar/forge/mixin/FMLCommonHandlerMixin.java	2
214	FMLCommonHandlerMixin2	com/moonsworth/lunar/forge/mixin/FMLCommonHandlerMixin2.java	5
214	FMLCommonHandlerV1_12Mixin	com/moonsworth/lunar/forge/mixin/FMLCommonHandlerV1_12Mixin.java	3
214	FMLNetworkHandlerMixin2	com/moonsworth/lunar/forge/mixin/FMLNetworkHandlerMixin2.java	4
214	ForgeEventFactoryMixin	com/moonsworth/lunar/forge/mixin/ForgeEventFactoryMixin.java	1
214	ForgeEventFactoryMixin2	com/moonsworth/lunar/forge/mixin/ForgeEventFactoryMixin2.java	3
214	ForgeEventFactoryV1_12Mixin	com/moonsworth/lunar/forge/mixin/ForgeEventFactoryV1_12Mixin.java	2
214	ForgeHooksMixin	com/moonsworth/lunar/forge/mixin/ForgeHooksMixin.java	2
214	ForgeVersionMixin2	com/moonsworth/lunar/forge/mixin/ForgeVersionMixin2.java	2
215	GuavaEventBusMixin	com/moonsworth/lunar/forge/mixin/GuavaEventBusMixin.java	1
215	GuavaEventBusV1_12Mixin	com/moonsworth/lunar/forge/mixin/GuavaEventBusV1_12Mixin.java	1
215	LoaderMixin2	com/moonsworth/lunar/forge/mixin/LoaderMixin2.java	4
215	ModelLoaderMixin2	com/moonsworth/lunar/forge/mixin/ModelLoaderMixin2.java	9
215	ObjectHolderRefMixin	com/moonsworth/lunar/forge/mixin/ObjectHolderRefMixin.java	5
215	FrameworkType	com/moonsworth/lunar/framework/FrameworkType.java	3
215	Ichor5Handler	com/moonsworth/lunar/framework/Ichor5Handler.java	13
215	Ichor6Impl	com/moonsworth/lunar/framework/Ichor6Impl.java	20
215	MappingNamespace	com/moonsworth/lunar/framework/MappingNamespace.java	2
215	OptifineMixinHandler	com/moonsworth/lunar/framework/OptifineMixinHandler.java	1
215	Ichor2Handler	com/moonsworth/lunar/framework/mixin/Ichor2Handler.java	5
215	Ichor2Iterator	com/moonsworth/lunar/framework/mixin/Ichor2Iterator.java	70
215	Ichor2Iterator2	com/moonsworth/lunar/framework/mixin/Ichor2Iterator2.java	9
215	NotchResourceTransformer	com/moonsworth/lunar/framework/mixin/NotchResourceTransformer.java	4
215	AccessWideningHook	com/moonsworth/lunar/ichor/AccessWideningHook.java	8
215	Annotation8	com/moonsworth/lunar/ichor/Annotation8.java	6
215	AnnotationRemapTask	com/moonsworth/lunar/ichor/AnnotationRemapTask.java	6
215	AnnotationTransformInvoker	com/moonsworth/lunar/ichor/AnnotationTransformInvoker.java	9
215	AutoCloseableIterator	com/moonsworth/lunar/ichor/AutoCloseableIterator.java	49
215	BytecodeTransformInvoker	com/moonsworth/lunar/ichor/BytecodeTransformInvoker.java	2
215	ClassAccessRule	com/moonsworth/lunar/ichor/ClassAccessRule.java	2
215	ClassHierarchyFactory	com/moonsworth/lunar/ichor/ClassHierarchyFactory.java	1
215	ClassHierarchyNode	com/moonsworth/lunar/ichor/ClassHierarchyNode.java	6
215	ClassInfoIterator	com/moonsworth/lunar/ichor/ClassInfoIterator.java	49
215	ClassNameMapper	com/moonsworth/lunar/ichor/ClassNameMapper.java	2
216	ClassNodeClassInfo	com/moonsworth/lunar/ichor/ClassNodeClassInfo.java	1
216	ClassNodeInheritanceProvider	com/moonsworth/lunar/ichor/ClassNodeInheritanceProvider.java	2
216	ClassNodeRemapper	com/moonsworth/lunar/ichor/ClassNodeRemapper.java	67
216	ClassTransformContext	com/moonsworth/lunar/ichor/ClassTransformContext.java	10
216	ClassTransformInvoker	com/moonsworth/lunar/ichor/ClassTransformInvoker.java	6
216	ClassWriter	com/moonsworth/lunar/ichor/ClassWriter.java	11
216	ClasspathHierarchyResolver	com/moonsworth/lunar/ichor/ClasspathHierarchyResolver.java	11
216	ExternalAccessWideningHook	com/moonsworth/lunar/ichor/ExternalAccessWideningHook.java	2
216	ExternalFieldWideningHook	com/moonsworth/lunar/ichor/ExternalFieldWideningHook.java	3
216	FieldAccessRule	com/moonsworth/lunar/ichor/FieldAccessRule.java	1
216	FieldAccessWideningHook	com/moonsworth/lunar/ichor/FieldAccessWideningHook.java	1
216	FieldRemapTask	com/moonsworth/lunar/ichor/FieldRemapTask.java	1
216	FieldTransformInvoker	com/moonsworth/lunar/ichor/FieldTransformInvoker.java	9
216	FieldTypeProvider	com/moonsworth/lunar/ichor/FieldTypeProvider.java	4
216	ForgeAccessWideningHook	com/moonsworth/lunar/ichor/ForgeAccessWideningHook.java	1
216	HandlerRegistrationTask	com/moonsworth/lunar/ichor/HandlerRegistrationTask.java	1
216	HierarchyCacheEntry	com/moonsworth/lunar/ichor/HierarchyCacheEntry.java	3
216	HierarchyCacheKey	com/moonsworth/lunar/ichor/HierarchyCacheKey.java	3
216	HierarchyClassWriter	com/moonsworth/lunar/ichor/HierarchyClassWriter.java	4
216	IClassBytecodeProvider	com/moonsworth/lunar/ichor/IClassBytecodeProvider.java	13
216	IClassProvider	com/moonsworth/lunar/ichor/IClassProvider.java	5
216	IGlobalPropertyServiceImpl	com/moonsworth/lunar/ichor/IGlobalPropertyServiceImpl.java	10
216	IMixinErrorImpl	com/moonsworth/lunar/ichor/IMixinErrorImpl.java	10
216	Ichor	com/moonsworth/lunar/ichor/Ichor.java	2
216	Ichor2Handler	com/moonsworth/lunar/ichor/Ichor2Handler.java	3
217	Ichor2Handler2	com/moonsworth/lunar/ichor/Ichor2Handler2.java	3
217	Ichor2Handler22	com/moonsworth/lunar/ichor/Ichor2Handler22.java	1
217	Ichor2Handler23	com/moonsworth/lunar/ichor/Ichor2Handler23.java	3
217	Ichor2Handler24	com/moonsworth/lunar/ichor/Ichor2Handler24.java	1
217	Ichor2Handler3	com/moonsworth/lunar/ichor/Ichor2Handler3.java	3
217	Ichor2Handler4	com/moonsworth/lunar/ichor/Ichor2Handler4.java	15
217	Ichor2Handler5	com/moonsworth/lunar/ichor/Ichor2Handler5.java	1
217	Ichor2Handler6	com/moonsworth/lunar/ichor/Ichor2Handler6.java	1
217	Ichor2Impl	com/moonsworth/lunar/ichor/Ichor2Impl.java	1
217	Ichor2Impl2	com/moonsworth/lunar/ichor/Ichor2Impl2.java	5
217	Ichor2Iterator	com/moonsworth/lunar/ichor/Ichor2Iterator.java	85
217	Ichor2Iterator2	com/moonsworth/lunar/ichor/Ichor2Iterator2.java	20
217	Ichor2Iterator3	com/moonsworth/lunar/ichor/Ichor2Iterator3.java	5
217	Ichor2Iterator_2	com/moonsworth/lunar/ichor/Ichor2Iterator_2.java	9
217	Ichor3	com/moonsworth/lunar/ichor/Ichor3.java	17
217	Ichor5	com/moonsworth/lunar/ichor/Ichor5.java	1
217	Ichor5Handler$Data	com/moonsworth/lunar/ichor/Ichor5Handler$Data.java	5
217	Ichor5Handler	com/moonsworth/lunar/ichor/Ichor5Handler.java	16
217	Ichor5Handler2	com/moonsworth/lunar/ichor/Ichor5Handler2.java	4
217	Ichor5Handler_2	com/moonsworth/lunar/ichor/Ichor5Handler_2.java	14
217	Ichor6Impl	com/moonsworth/lunar/ichor/Ichor6Impl.java	4
217	IchorConsoleLogger	com/moonsworth/lunar/ichor/IchorConsoleLogger.java	10
217	IchorErrorHandler	com/moonsworth/lunar/ichor/IchorErrorHandler.java	1
217	IchorInjection	com/moonsworth/lunar/ichor/IchorInjection.java	2
217	IchorInjector	com/moonsworth/lunar/ichor/IchorInjector.java	2
218	IchorMixinService	com/moonsworth/lunar/ichor/IchorMixinService.java	6
218	IchorModule	com/moonsworth/lunar/ichor/IchorModule.java	15
218	IchorOptions	com/moonsworth/lunar/ichor/IchorOptions.java	14
218	IchorPipeline	com/moonsworth/lunar/ichor/IchorPipeline.java	224
218	IchorTransformer	com/moonsworth/lunar/ichor/IchorTransformer.java	199
218	InheritanceFixer	com/moonsworth/lunar/ichor/InheritanceFixer.java	1
218	InheritanceMapProvider	com/moonsworth/lunar/ichor/InheritanceMapProvider.java	13
218	InheritanceProvider	com/moonsworth/lunar/ichor/InheritanceProvider.java	12
218	InheritanceProvider2	com/moonsworth/lunar/ichor/InheritanceProvider2.java	12
218	InheritanceRemapper	com/moonsworth/lunar/ichor/InheritanceRemapper.java	11
218	InnerClassRenameInfo	com/moonsworth/lunar/ichor/InnerClassRenameInfo.java	28
218	IsRecordRewriter	com/moonsworth/lunar/ichor/IsRecordRewriter.java	3
218	LegacyAccessWideningHook	com/moonsworth/lunar/ichor/LegacyAccessWideningHook.java	3
218	LoaderDescriptor	com/moonsworth/lunar/ichor/LoaderDescriptor.java	3
218	LoggerAdapterAbstractIterator	com/moonsworth/lunar/ichor/LoggerAdapterAbstractIterator.java	25
218	LunarMappingProviderHook	com/moonsworth/lunar/ichor/LunarMappingProviderHook.java	3
218	MappingMergeFilter	com/moonsworth/lunar/ichor/MappingMergeFilter.java	2
218	MappingSetNameMapper	com/moonsworth/lunar/ichor/MappingSetNameMapper.java	6
218	MappingSetRemapper	com/moonsworth/lunar/ichor/MappingSetRemapper.java	21
218	MappingSetUtils	com/moonsworth/lunar/ichor/MappingSetUtils.java	40
218	MethodAccessRule	com/moonsworth/lunar/ichor/MethodAccessRule.java	2
218	MethodRemapTask	com/moonsworth/lunar/ichor/MethodRemapTask.java	5
218	MethodTransformInvoker	com/moonsworth/lunar/ichor/MethodTransformInvoker.java	9
218	MixinClassPostProcessor	com/moonsworth/lunar/ichor/MixinClassPostProcessor.java	24
218	MixinClassSource	com/moonsworth/lunar/ichor/MixinClassSource.java	5
219	MixinErrorRow	com/moonsworth/lunar/ichor/MixinErrorRow.java	7
219	MixinErrorStderrStream	com/moonsworth/lunar/ichor/MixinErrorStderrStream.java	2
219	MixinErrorStdoutStream	com/moonsworth/lunar/ichor/MixinErrorStdoutStream.java	2
219	MixinExtra	com/moonsworth/lunar/ichor/MixinExtra.java	18
219	MixinExtra2	com/moonsworth/lunar/ichor/MixinExtra2.java	5
219	MixinHelper	com/moonsworth/lunar/ichor/MixinHelper.java	16
219	MixinHelper2_2	com/moonsworth/lunar/ichor/MixinHelper2_2.java	11
219	MixinHelper2_3	com/moonsworth/lunar/ichor/MixinHelper2_3.java	11
219	MixinHelper3_2	com/moonsworth/lunar/ichor/MixinHelper3_2.java	1
219	MixinHelper4_2	com/moonsworth/lunar/ichor/MixinHelper4_2.java	6
219	MixinHelper7	com/moonsworth/lunar/ichor/MixinHelper7.java	13
219	MixinHelper_2	com/moonsworth/lunar/ichor/MixinHelper_2.java	13
219	MixinHelper_3	com/moonsworth/lunar/ichor/MixinHelper_3.java	14
219	MixinInternal	com/moonsworth/lunar/ichor/MixinInternal.java	6
219	MixinInternal2	com/moonsworth/lunar/ichor/MixinInternal2.java	8
219	MixinInternal3	com/moonsworth/lunar/ichor/MixinInternal3.java	4
219	MixinInternalError	com/moonsworth/lunar/ichor/MixinInternalError.java	2
219	MixinInternalTask	com/moonsworth/lunar/ichor/MixinInternalTask.java	165
219	MixinLegacy	com/moonsworth/lunar/ichor/MixinLegacy.java	14
219	MixinLegacy2	com/moonsworth/lunar/ichor/MixinLegacy2.java	1
219	MixinLegacy2Iterator	com/moonsworth/lunar/ichor/MixinLegacy2Iterator.java	28
219	MixinMisc2	com/moonsworth/lunar/ichor/MixinMisc2.java	2
219	MixinMisc2Handler	com/moonsworth/lunar/ichor/MixinMisc2Handler.java	8
219	MixinMisc4	com/moonsworth/lunar/ichor/MixinMisc4.java	86
219	MixinMisc5	com/moonsworth/lunar/ichor/MixinMisc5.java	23
220	MixinMore	com/moonsworth/lunar/ichor/MixinMore.java	2
220	MixinMoreHandler	com/moonsworth/lunar/ichor/MixinMoreHandler.java	17
220	MixinOther	com/moonsworth/lunar/ichor/MixinOther.java	76
220	MixinRegistrationTask	com/moonsworth/lunar/ichor/MixinRegistrationTask.java	1
220	MixinServiceAbstractImpl	com/moonsworth/lunar/ichor/MixinServiceAbstractImpl.java	14
220	MixinShared	com/moonsworth/lunar/ichor/MixinShared.java	6
220	MixinSourceArchive	com/moonsworth/lunar/ichor/MixinSourceArchive.java	9
220	MixinSupport	com/moonsworth/lunar/ichor/MixinSupport.java	41
220	MixinTargetRemapper	com/moonsworth/lunar/ichor/MixinTargetRemapper.java	264
220	MixinTransformTask	com/moonsworth/lunar/ichor/MixinTransformTask.java	2
220	ModuleRemapTask	com/moonsworth/lunar/ichor/ModuleRemapTask.java	1
220	NestClassNameMapper	com/moonsworth/lunar/ichor/NestClassNameMapper.java	41
220	PipelineMetrics	com/moonsworth/lunar/ichor/PipelineMetrics.java	18
220	PropertyKey	com/moonsworth/lunar/ichor/PropertyKey.java	1
220	ProvideRemapper	com/moonsworth/lunar/ichor/ProvideRemapper.java	6
220	RecordComponentRemapTask	com/moonsworth/lunar/ichor/RecordComponentRemapTask.java	1
220	RemapTransformInvoker	com/moonsworth/lunar/ichor/RemapTransformInvoker.java	63
220	RemappedClassInfo	com/moonsworth/lunar/ichor/RemappedClassInfo.java	12
220	RemapperIterator	com/moonsworth/lunar/ichor/RemapperIterator.java	30
220	RemapperIterator2	com/moonsworth/lunar/ichor/RemapperIterator2.java	28
220	RemappingInheritanceProvider	com/moonsworth/lunar/ichor/RemappingInheritanceProvider.java	2
220	ReplayModFieldWideningHook	com/moonsworth/lunar/ichor/ReplayModFieldWideningHook.java	1
220	ReplayModMappingHook	com/moonsworth/lunar/ichor/ReplayModMappingHook.java	1
220	ResourceCacheKey	com/moonsworth/lunar/ichor/ResourceCacheKey.java	3
220	ResourceLookup	com/moonsworth/lunar/ichor/ResourceLookup.java	2
221	ResourcePayload	com/moonsworth/lunar/ichor/ResourcePayload.java	5
221	ResourceTransformInvoker	com/moonsworth/lunar/ichor/ResourceTransformInvoker.java	5
221	SmuggleHideHook	com/moonsworth/lunar/ichor/SmuggleHideHook.java	4
221	SmuggleHideStageHook	com/moonsworth/lunar/ichor/SmuggleHideStageHook.java	1
221	SmuggleRestoreHook	com/moonsworth/lunar/ichor/SmuggleRestoreHook.java	4
221	SmuggleRestoreStageHook	com/moonsworth/lunar/ichor/SmuggleRestoreStageHook.java	1
221	StageClassLoaderKey	com/moonsworth/lunar/ichor/StageClassLoaderKey.java	4
221	StubConstructorInjector	com/moonsworth/lunar/ichor/StubConstructorInjector.java	11
221	StubRemovalHook	com/moonsworth/lunar/ichor/StubRemovalHook.java	2
221	SyntheticClassRenameHook	com/moonsworth/lunar/ichor/SyntheticClassRenameHook.java	5
221	ThreadClassLoaderKey	com/moonsworth/lunar/ichor/ThreadClassLoaderKey.java	4
221	URLClassLoader	com/moonsworth/lunar/ichor/URLClassLoader.java	141
221	IchorAPI	com/moonsworth/lunar/ichor/api/IchorAPI.java	2
221	IchorAPI2	com/moonsworth/lunar/ichor/api/IchorAPI2.java	9
221	IchorAPI3	com/moonsworth/lunar/ichor/api/IchorAPI3.java	3
221	IchorClassLoader	com/moonsworth/lunar/ichor/api/IchorClassLoader.java	7
221	IchorExclusionFilter	com/moonsworth/lunar/ichor/api/IchorExclusionFilter.java	2
221	ArrayElementSignature	com/moonsworth/lunar/ichor/mixin/ArrayElementSignature.java	5
221	ArrayTypeSignature	com/moonsworth/lunar/ichor/mixin/ArrayTypeSignature.java	2
221	ClassSignature	com/moonsworth/lunar/ichor/mixin/ClassSignature.java	8
221	ClassTypeSignature	com/moonsworth/lunar/ichor/mixin/ClassTypeSignature.java	1
221	GenericSignatureParser	com/moonsworth/lunar/ichor/mixin/GenericSignatureParser.java	52
221	MethodSignature	com/moonsworth/lunar/ichor/mixin/MethodSignature.java	4
221	MixinHelper2	com/moonsworth/lunar/ichor/mixin/MixinHelper2.java	6
221	MixinHelper3	com/moonsworth/lunar/ichor/mixin/MixinHelper3.java	5
222	MixinHelper32	com/moonsworth/lunar/ichor/mixin/MixinHelper32.java	3
222	MixinHelper33	com/moonsworth/lunar/ichor/mixin/MixinHelper33.java	4
222	MixinHelper4	com/moonsworth/lunar/ichor/mixin/MixinHelper4.java	11
222	MixinHelper5	com/moonsworth/lunar/ichor/mixin/MixinHelper5.java	4
222	MixinHelper6	com/moonsworth/lunar/ichor/mixin/MixinHelper6.java	9
222	MixinHelper7	com/moonsworth/lunar/ichor/mixin/MixinHelper7.java	1
222	PrimitiveTypeSignature	com/moonsworth/lunar/ichor/mixin/PrimitiveTypeSignature.java	2
222	SignatureVisitorImpl	com/moonsworth/lunar/ichor/mixin/SignatureVisitorImpl.java	84
222	WildcardTypeSignature	com/moonsworth/lunar/ichor/mixin/WildcardTypeSignature.java	1
222	Annotation3	com/moonsworth/lunar/ichor/util/Annotation3.java	2
222	AnnotationUtils	com/moonsworth/lunar/ichor/util/AnnotationUtils.java	40
222	AsmUtils	com/moonsworth/lunar/ichor/util/AsmUtils.java	141
222	CachingInheritanceProvider	com/moonsworth/lunar/ichor/util/CachingInheritanceProvider.java	5
222	ClassBytes	com/moonsworth/lunar/ichor/util/ClassBytes.java	3
222	ClassEntry	com/moonsworth/lunar/ichor/util/ClassEntry.java	5
222	ClassNameRegexFilter	com/moonsworth/lunar/ichor/util/ClassNameRegexFilter.java	3
222	ClassPrefixFilter	com/moonsworth/lunar/ichor/util/ClassPrefixFilter.java	3
222	ClassRemapperImpl	com/moonsworth/lunar/ichor/util/ClassRemapperImpl.java	35
222	ClassVisitorImpl	com/moonsworth/lunar/ichor/util/ClassVisitorImpl.java	8
222	ClassWriter	com/moonsworth/lunar/ichor/util/ClassWriter.java	20
222	ClassWriterSymbolTable	com/moonsworth/lunar/ichor/util/ClassWriterSymbolTable.java	8
222	DebugStack	com/moonsworth/lunar/ichor/util/DebugStack.java	17
222	ErrorReporter	com/moonsworth/lunar/ichor/util/ErrorReporter.java	6
222	FatalIchorError	com/moonsworth/lunar/ichor/util/FatalIchorError.java	2
222	FatalIchorError10	com/moonsworth/lunar/ichor/util/FatalIchorError10.java	13
223	FatalIchorError11	com/moonsworth/lunar/ichor/util/FatalIchorError11.java	8
223	FatalIchorError12	com/moonsworth/lunar/ichor/util/FatalIchorError12.java	19
223	FatalIchorError13	com/moonsworth/lunar/ichor/util/FatalIchorError13.java	46
223	FatalIchorError14	com/moonsworth/lunar/ichor/util/FatalIchorError14.java	3
223	FatalIchorError2	com/moonsworth/lunar/ichor/util/FatalIchorError2.java	3
223	FatalIchorError3	com/moonsworth/lunar/ichor/util/FatalIchorError3.java	2
223	FatalIchorError4	com/moonsworth/lunar/ichor/util/FatalIchorError4.java	108
223	FatalIchorError5	com/moonsworth/lunar/ichor/util/FatalIchorError5.java	41
223	FatalIchorError6	com/moonsworth/lunar/ichor/util/FatalIchorError6.java	236
223	FatalIchorError7	com/moonsworth/lunar/ichor/util/FatalIchorError7.java	13
223	FatalIchorError8	com/moonsworth/lunar/ichor/util/FatalIchorError8.java	12
223	FatalIchorError9	com/moonsworth/lunar/ichor/util/FatalIchorError9.java	86
223	Ichor2Handler	com/moonsworth/lunar/ichor/util/Ichor2Handler.java	5
223	Ichor2Handler2	com/moonsworth/lunar/ichor/util/Ichor2Handler2.java	5
223	IchorLogger	com/moonsworth/lunar/ichor/util/IchorLogger.java	27
223	IchorProcessed	com/moonsworth/lunar/ichor/util/IchorProcessed.java	2
223	InheritanceProvider	com/moonsworth/lunar/ichor/util/InheritanceProvider.java	6
223	IoUtils	com/moonsworth/lunar/ichor/util/IoUtils.java	10
223	JarUtils	com/moonsworth/lunar/ichor/util/JarUtils.java	29
223	JsrInlinerClassVisitor	com/moonsworth/lunar/ichor/util/JsrInlinerClassVisitor.java	5
223	LinkedHashMapImpl	com/moonsworth/lunar/ichor/util/LinkedHashMapImpl.java	3
223	LoaderAwareClassWriter	com/moonsworth/lunar/ichor/util/LoaderAwareClassWriter.java	5
223	LruCache	com/moonsworth/lunar/ichor/util/LruCache.java	1
223	PatchedClassRemapper	com/moonsworth/lunar/ichor/util/PatchedClassRemapper.java	18
223	PrintStreamImpl	com/moonsworth/lunar/ichor/util/PrintStreamImpl.java	13
224	ResourceProvider	com/moonsworth/lunar/ichor/util/ResourceProvider.java	2
224	StageMemberTracker	com/moonsworth/lunar/ichor/util/StageMemberTracker.java	28
224	TeePrintStream	com/moonsworth/lunar/ichor/util/TeePrintStream.java	10
224	TriFunction	com/moonsworth/lunar/ichor/util/TriFunction.java	3
224	Icon	com/moonsworth/lunar/icon/Icon.java	8
224	Bridge2Handler	com/moonsworth/lunar/icon/mixin/Bridge2Handler.java	20
224	Bridge3Handler	com/moonsworth/lunar/icon/mixin/Bridge3Handler.java	17
224	Bridge2Handler	com/moonsworth/lunar/legacy/Bridge2Handler.java	17
224	Bridge3Handler	com/moonsworth/lunar/legacy/Bridge3Handler.java	33
224	BufferedImageTexture	com/moonsworth/lunar/legacy/BufferedImageTexture.java	22
224	ClickIterator	com/moonsworth/lunar/legacy/ClickIterator.java	54
224	ConnectingScreenLock	com/moonsworth/lunar/legacy/ConnectingScreenLock.java	1
224	DesktopPlatform	com/moonsworth/lunar/legacy/DesktopPlatform.java	4
224	FirstPersonHandTransform	com/moonsworth/lunar/legacy/FirstPersonHandTransform.java	2
224	FirstPersonItemRenderer	com/moonsworth/lunar/legacy/FirstPersonItemRenderer.java	7
224	GuiButtonImpl	com/moonsworth/lunar/legacy/GuiButtonImpl.java	23
224	GuiListExtendedImpl	com/moonsworth/lunar/legacy/GuiListExtendedImpl.java	44
224	GuiListExtendedImpl2	com/moonsworth/lunar/legacy/GuiListExtendedImpl2.java	52
224	HostedWorldListEntry	com/moonsworth/lunar/legacy/HostedWorldListEntry.java	49
224	KeyboardBridgeImpl	com/moonsworth/lunar/legacy/KeyboardBridgeImpl.java	13
224	Legacy	com/moonsworth/lunar/legacy/Legacy.java	4
224	Legacy2	com/moonsworth/lunar/legacy/Legacy2.java	218
224	MatrixStackHolder	com/moonsworth/lunar/legacy/MatrixStackHolder.java	1
224	MixinCore	com/moonsworth/lunar/legacy/MixinCore.java	1
224	MixinCore2	com/moonsworth/lunar/legacy/MixinCore2.java	1
225	MixinCore3	com/moonsworth/lunar/legacy/MixinCore3.java	48
225	MixinCore4	com/moonsworth/lunar/legacy/MixinCore4.java	1
225	MixinHelper	com/moonsworth/lunar/legacy/MixinHelper.java	3
225	MixinHelper2	com/moonsworth/lunar/legacy/MixinHelper2.java	20
225	MixinHelper3	com/moonsworth/lunar/legacy/MixinHelper3.java	2
225	MixinHelper4	com/moonsworth/lunar/legacy/MixinHelper4.java	22
225	MixinMisc	com/moonsworth/lunar/legacy/MixinMisc.java	13
225	ModelBipedImpl	com/moonsworth/lunar/legacy/ModelBipedImpl.java	23
225	ModelSkeletonHeadImpl	com/moonsworth/lunar/legacy/ModelSkeletonHeadImpl.java	13
225	MouseBridgeImpl	com/moonsworth/lunar/legacy/MouseBridgeImpl.java	28
225	RunnableErrorScreen	com/moonsworth/lunar/legacy/RunnableErrorScreen.java	3
225	ServerListDragBridge	com/moonsworth/lunar/legacy/ServerListDragBridge.java	3
225	AbstractClientPlayerFovMixin	com/moonsworth/lunar/legacy/mixin/AbstractClientPlayerFovMixin.java	5
225	AbstractClientPlayerMixin	com/moonsworth/lunar/legacy/mixin/AbstractClientPlayerMixin.java	32
225	AbstractClientPlayerMixin3	com/moonsworth/lunar/legacy/mixin/AbstractClientPlayerMixin3.java	2
225	AbstractComponentMixin	com/moonsworth/lunar/legacy/mixin/AbstractComponentMixin.java	15
225	AbstractHorseMixin	com/moonsworth/lunar/legacy/mixin/AbstractHorseMixin.java	1
225	AbstractResourcePackMixin	com/moonsworth/lunar/legacy/mixin/AbstractResourcePackMixin.java	7
225	AbstractTextureMixin	com/moonsworth/lunar/legacy/mixin/AbstractTextureMixin.java	40
225	AbstractTextureMixin3	com/moonsworth/lunar/legacy/mixin/AbstractTextureMixin3.java	2
225	AbstractTextureMultiTexMixin	com/moonsworth/lunar/legacy/mixin/AbstractTextureMultiTexMixin.java	1
225	ActiveRenderInfoMixin	com/moonsworth/lunar/legacy/mixin/ActiveRenderInfoMixin.java	1
225	AdvancementListMixin	com/moonsworth/lunar/legacy/mixin/AdvancementListMixin.java	9
225	AnimationMetadataSectionMixin	com/moonsworth/lunar/legacy/mixin/AnimationMetadataSectionMixin.java	7
225	AxisAlignedBBBoundsMixin	com/moonsworth/lunar/legacy/mixin/AxisAlignedBBBoundsMixin.java	2
226	AxisAlignedBBMixin	com/moonsworth/lunar/legacy/mixin/AxisAlignedBBMixin.java	38
226	AxisAlignedBBMixin2	com/moonsworth/lunar/legacy/mixin/AxisAlignedBBMixin2.java	2
226	BiomeGenBaseMixin	com/moonsworth/lunar/legacy/mixin/BiomeGenBaseMixin.java	3
226	BlockBarrierMixin	com/moonsworth/lunar/legacy/mixin/BlockBarrierMixin.java	1
226	BlockDoublePlantHideFoliageMixin	com/moonsworth/lunar/legacy/mixin/BlockDoublePlantHideFoliageMixin.java	1
226	BlockMixin	com/moonsworth/lunar/legacy/mixin/BlockMixin.java	145
226	BlockMixin2	com/moonsworth/lunar/legacy/mixin/BlockMixin2.java	4
226	BlockModelRendererMixin	com/moonsworth/lunar/legacy/mixin/BlockModelRendererMixin.java	1
226	BlockModelRendererMixin2	com/moonsworth/lunar/legacy/mixin/BlockModelRendererMixin2.java	4
226	BlockPosMixin	com/moonsworth/lunar/legacy/mixin/BlockPosMixin.java	2
226	BlockShulkerBoxMixin	com/moonsworth/lunar/legacy/mixin/BlockShulkerBoxMixin.java	1
226	BlockStateBaseMixin	com/moonsworth/lunar/legacy/mixin/BlockStateBaseMixin.java	59
226	BossStatusMixin	com/moonsworth/lunar/legacy/mixin/BossStatusMixin.java	1
226	BridgeHandler	com/moonsworth/lunar/legacy/mixin/BridgeHandler.java	7
226	BuilderMixin	com/moonsworth/lunar/legacy/mixin/BuilderMixin.java	13
226	C01PacketChatMessageChatLengthMixin	com/moonsworth/lunar/legacy/mixin/C01PacketChatMessageChatLengthMixin.java	2
226	C01PacketChatMessageMixin2	com/moonsworth/lunar/legacy/mixin/C01PacketChatMessageMixin2.java	3
226	CapeUtilsMixin	com/moonsworth/lunar/legacy/mixin/CapeUtilsMixin.java	3
226	ChatComponentStyleMixin	com/moonsworth/lunar/legacy/mixin/ChatComponentStyleMixin.java	15
226	ChunkLightingMixin	com/moonsworth/lunar/legacy/mixin/ChunkLightingMixin.java	16
226	ChunkMixin	com/moonsworth/lunar/legacy/mixin/ChunkMixin.java	15
226	ChunkMixin2	com/moonsworth/lunar/legacy/mixin/ChunkMixin2.java	37
226	ChunkProviderClientMixin	com/moonsworth/lunar/legacy/mixin/ChunkProviderClientMixin.java	5
226	ChunkRenderDispatcherMixin	com/moonsworth/lunar/legacy/mixin/ChunkRenderDispatcherMixin.java	2
226	ConfigMixin	com/moonsworth/lunar/legacy/mixin/ConfigMixin.java	6
227	ContainerRepairMixin	com/moonsworth/lunar/legacy/mixin/ContainerRepairMixin.java	2
227	CustomColorsMixin	com/moonsworth/lunar/legacy/mixin/CustomColorsMixin.java	1
227	CustomItemPropertiesMixin	com/moonsworth/lunar/legacy/mixin/CustomItemPropertiesMixin.java	1
227	DataWatcherMixin	com/moonsworth/lunar/legacy/mixin/DataWatcherMixin.java	8
227	DebugRendererChunkBorderMixin	com/moonsworth/lunar/legacy/mixin/DebugRendererChunkBorderMixin.java	3
227	DebugRendererMixin	com/moonsworth/lunar/legacy/mixin/DebugRendererMixin.java	3
227	DefaultResourcePackMixin	com/moonsworth/lunar/legacy/mixin/DefaultResourcePackMixin.java	2
227	EffectRendererMixin	com/moonsworth/lunar/legacy/mixin/EffectRendererMixin.java	33
227	EffectRendererMixin2	com/moonsworth/lunar/legacy/mixin/EffectRendererMixin2.java	37
227	EffectRendererParticleChangerMixin	com/moonsworth/lunar/legacy/mixin/EffectRendererParticleChangerMixin.java	13
227	EntityArmorStandMixin	com/moonsworth/lunar/legacy/mixin/EntityArmorStandMixin.java	1
227	EntityArrowMixin	com/moonsworth/lunar/legacy/mixin/EntityArrowMixin.java	14
227	EntityClientPlayerMPMixin	com/moonsworth/lunar/legacy/mixin/EntityClientPlayerMPMixin.java	11
227	EntityCreeperMixin	com/moonsworth/lunar/legacy/mixin/EntityCreeperMixin.java	4
227	EntityDiggingFXMixin	com/moonsworth/lunar/legacy/mixin/EntityDiggingFXMixin.java	8
227	EntityEndermanMixin	com/moonsworth/lunar/legacy/mixin/EntityEndermanMixin.java	3
227	EntityFXMixin	com/moonsworth/lunar/legacy/mixin/EntityFXMixin.java	6
227	EntityFootStepFXMixin	com/moonsworth/lunar/legacy/mixin/EntityFootStepFXMixin.java	45
227	EntityHooksMixin	com/moonsworth/lunar/legacy/mixin/EntityHooksMixin.java	35
227	EntityHorseMixin	com/moonsworth/lunar/legacy/mixin/EntityHorseMixin.java	1
227	EntityItemMixin	com/moonsworth/lunar/legacy/mixin/EntityItemMixin.java	4
227	EntityLivingBaseEventMixin	com/moonsworth/lunar/legacy/mixin/EntityLivingBaseEventMixin.java	11
227	EntityLivingBaseMixin	com/moonsworth/lunar/legacy/mixin/EntityLivingBaseMixin.java	35
227	EntityLivingBaseMixin2	com/moonsworth/lunar/legacy/mixin/EntityLivingBaseMixin2.java	35
227	EntityMixin	com/moonsworth/lunar/legacy/mixin/EntityMixin.java	80
228	EntityOtherPlayerMPMixin	com/moonsworth/lunar/legacy/mixin/EntityOtherPlayerMPMixin.java	4
228	EntityPlayerMPMixin	com/moonsworth/lunar/legacy/mixin/EntityPlayerMPMixin.java	1
228	EntityPlayerMixin	com/moonsworth/lunar/legacy/mixin/EntityPlayerMixin.java	29
228	EntityPlayerMixin2	com/moonsworth/lunar/legacy/mixin/EntityPlayerMixin2.java	7
228	EntityPlayerMixin3	com/moonsworth/lunar/legacy/mixin/EntityPlayerMixin3.java	1
228	EntityPlayerNameplateMixin	com/moonsworth/lunar/legacy/mixin/EntityPlayerNameplateMixin.java	2
228	EntityPlayerSPEventMixin	com/moonsworth/lunar/legacy/mixin/EntityPlayerSPEventMixin.java	9
228	EntityPlayerSPMixin	com/moonsworth/lunar/legacy/mixin/EntityPlayerSPMixin.java	40
228	EntityPlayerSPMixin2	com/moonsworth/lunar/legacy/mixin/EntityPlayerSPMixin2.java	34
228	EntityRendererFogMixin	com/moonsworth/lunar/legacy/mixin/EntityRendererFogMixin.java	316
228	EntityRendererMixin	com/moonsworth/lunar/legacy/mixin/EntityRendererMixin.java	10
228	EntityTrackerEntryMixin	com/moonsworth/lunar/legacy/mixin/EntityTrackerEntryMixin.java	79
228	FieldLocatorNameMixin	com/moonsworth/lunar/legacy/mixin/FieldLocatorNameMixin.java	2
228	FieldLocatorTypeMixin	com/moonsworth/lunar/legacy/mixin/FieldLocatorTypeMixin.java	2
228	FieldLocatorTypesMixin	com/moonsworth/lunar/legacy/mixin/FieldLocatorTypesMixin.java	2
228	FontRendererCacheMixin	com/moonsworth/lunar/legacy/mixin/FontRendererCacheMixin.java	111
228	FontRendererMixin	com/moonsworth/lunar/legacy/mixin/FontRendererMixin.java	80
228	FontRendererMixin2	com/moonsworth/lunar/legacy/mixin/FontRendererMixin2.java	2
228	FontRendererOverlayMixin	com/moonsworth/lunar/legacy/mixin/FontRendererOverlayMixin.java	2
228	FramebufferMixin	com/moonsworth/lunar/legacy/mixin/FramebufferMixin.java	46
228	GL11Mixin	com/moonsworth/lunar/legacy/mixin/GL11Mixin.java	16
228	GL14Mixin	com/moonsworth/lunar/legacy/mixin/GL14Mixin.java	4
228	GameSettingsMixin	com/moonsworth/lunar/legacy/mixin/GameSettingsMixin.java	46
228	GameSettingsMixin2	com/moonsworth/lunar/legacy/mixin/GameSettingsMixin2.java	4
228	GameSettingsOptifineMixin	com/moonsworth/lunar/legacy/mixin/GameSettingsOptifineMixin.java	20
229	GlStateManagerMixin	com/moonsworth/lunar/legacy/mixin/GlStateManagerMixin.java	26
229	GuiButtonMixin2	com/moonsworth/lunar/legacy/mixin/GuiButtonMixin2.java	8
229	GuiButtonOverlayMixin	com/moonsworth/lunar/legacy/mixin/GuiButtonOverlayMixin.java	4
229	GuiChatEventsMixin	com/moonsworth/lunar/legacy/mixin/GuiChatEventsMixin.java	57
229	GuiChatMixin	com/moonsworth/lunar/legacy/mixin/GuiChatMixin.java	2
229	GuiChatMixin3	com/moonsworth/lunar/legacy/mixin/GuiChatMixin3.java	3
229	GuiConfirmOpenLinkLayoutMixin	com/moonsworth/lunar/legacy/mixin/GuiConfirmOpenLinkLayoutMixin.java	2
229	GuiConfirmOpenLinkMixin2	com/moonsworth/lunar/legacy/mixin/GuiConfirmOpenLinkMixin2.java	4
229	GuiConnectingConnectMixin	com/moonsworth/lunar/legacy/mixin/GuiConnectingConnectMixin.java	23
229	GuiConnectingMixin	com/moonsworth/lunar/legacy/mixin/GuiConnectingMixin.java	9
229	GuiConnectingMixin2	com/moonsworth/lunar/legacy/mixin/GuiConnectingMixin2.java	5
229	GuiContainerCreativeSlotClickMixin	com/moonsworth/lunar/legacy/mixin/GuiContainerCreativeSlotClickMixin.java	25
229	GuiContainerMixin	com/moonsworth/lunar/legacy/mixin/GuiContainerMixin.java	35
229	GuiContainerSlotEventsMixin	com/moonsworth/lunar/legacy/mixin/GuiContainerSlotEventsMixin.java	92
229	GuiControlsMixin	com/moonsworth/lunar/legacy/mixin/GuiControlsMixin.java	3
229	GuiDisconnectedMixin	com/moonsworth/lunar/legacy/mixin/GuiDisconnectedMixin.java	6
229	GuiEditSignMixin2	com/moonsworth/lunar/legacy/mixin/GuiEditSignMixin2.java	3
229	GuiErrorScreenLayoutMixin	com/moonsworth/lunar/legacy/mixin/GuiErrorScreenLayoutMixin.java	11
229	GuiErrorScreenMixin2	com/moonsworth/lunar/legacy/mixin/GuiErrorScreenMixin2.java	19
229	GuiIngameBridgeMixin	com/moonsworth/lunar/legacy/mixin/GuiIngameBridgeMixin.java	29
229	GuiIngameHudMixin	com/moonsworth/lunar/legacy/mixin/GuiIngameHudMixin.java	257
229	GuiIngameMenuMixin	com/moonsworth/lunar/legacy/mixin/GuiIngameMenuMixin.java	9
229	GuiIngameMixin	com/moonsworth/lunar/legacy/mixin/GuiIngameMixin.java	4
229	GuiIngameMixin22	com/moonsworth/lunar/legacy/mixin/GuiIngameMixin22.java	15
229	GuiIngameVignetteMixin	com/moonsworth/lunar/legacy/mixin/GuiIngameVignetteMixin.java	4
230	GuiKeyBindingListMixin	com/moonsworth/lunar/legacy/mixin/GuiKeyBindingListMixin.java	1
230	GuiMainMenuLinkMixin	com/moonsworth/lunar/legacy/mixin/GuiMainMenuLinkMixin.java	2
230	GuiMainMenuMixin	com/moonsworth/lunar/legacy/mixin/GuiMainMenuMixin.java	5
230	GuiMainMenuMixin2	com/moonsworth/lunar/legacy/mixin/GuiMainMenuMixin2.java	9
230	GuiMultiplayerBlocklistMixin	com/moonsworth/lunar/legacy/mixin/GuiMultiplayerBlocklistMixin.java	8
230	GuiMultiplayerMixin	com/moonsworth/lunar/legacy/mixin/GuiMultiplayerMixin.java	9
230	GuiMultiplayerMixin2	com/moonsworth/lunar/legacy/mixin/GuiMultiplayerMixin2.java	24
230	GuiNewChatMessageMixin	com/moonsworth/lunar/legacy/mixin/GuiNewChatMessageMixin.java	99
230	GuiNewChatMixin	com/moonsworth/lunar/legacy/mixin/GuiNewChatMixin.java	18
230	GuiNewChatMixin2	com/moonsworth/lunar/legacy/mixin/GuiNewChatMixin2.java	153
230	GuiPlayerInfoMixin	com/moonsworth/lunar/legacy/mixin/GuiPlayerInfoMixin.java	9
230	GuiPlayerTabOverlayMixin2	com/moonsworth/lunar/legacy/mixin/GuiPlayerTabOverlayMixin2.java	73
230	GuiPlayerTabOverlayTabMixin	com/moonsworth/lunar/legacy/mixin/GuiPlayerTabOverlayTabMixin.java	32
230	GuiResourcePackListMixin	com/moonsworth/lunar/legacy/mixin/GuiResourcePackListMixin.java	44
230	GuiScreenEventsMixin	com/moonsworth/lunar/legacy/mixin/GuiScreenEventsMixin.java	146
230	GuiScreenMixin	com/moonsworth/lunar/legacy/mixin/GuiScreenMixin.java	42
230	GuiScreenMixin3	com/moonsworth/lunar/legacy/mixin/GuiScreenMixin3.java	2
230	GuiScreenResourcePacksMixin	com/moonsworth/lunar/legacy/mixin/GuiScreenResourcePacksMixin.java	63
230	GuiSlotBackgroundMixin	com/moonsworth/lunar/legacy/mixin/GuiSlotBackgroundMixin.java	3
230	GuiSlotMixin	com/moonsworth/lunar/legacy/mixin/GuiSlotMixin.java	5
230	GuiSlotMixin2	com/moonsworth/lunar/legacy/mixin/GuiSlotMixin2.java	11
230	GuiTextFieldMixin	com/moonsworth/lunar/legacy/mixin/GuiTextFieldMixin.java	2
230	GuiToastMixin	com/moonsworth/lunar/legacy/mixin/GuiToastMixin.java	2
230	GuiVideoSettingsMixin	com/moonsworth/lunar/legacy/mixin/GuiVideoSettingsMixin.java	1
230	GuiYesNoChoiceMixin	com/moonsworth/lunar/legacy/mixin/GuiYesNoChoiceMixin.java	29
231	GuiYesNoMixin	com/moonsworth/lunar/legacy/mixin/GuiYesNoMixin.java	1
231	GuiYesNoMixin2	com/moonsworth/lunar/legacy/mixin/GuiYesNoMixin2.java	50
231	I18nMixin	com/moonsworth/lunar/legacy/mixin/I18nMixin.java	1
231	ICommandSenderMixin	com/moonsworth/lunar/legacy/mixin/ICommandSenderMixin.java	2
231	IMetadataSerializerMixin	com/moonsworth/lunar/legacy/mixin/IMetadataSerializerMixin.java	5
231	ImageBufferDownloadMixin	com/moonsworth/lunar/legacy/mixin/ImageBufferDownloadMixin.java	18
231	IntegratedPlayerListMixin	com/moonsworth/lunar/legacy/mixin/IntegratedPlayerListMixin.java	2
231	IntegratedServerMixin	com/moonsworth/lunar/legacy/mixin/IntegratedServerMixin.java	20
231	InventoryEffectRendererMixin	com/moonsworth/lunar/legacy/mixin/InventoryEffectRendererMixin.java	1
231	InventoryPlayerMixin	com/moonsworth/lunar/legacy/mixin/InventoryPlayerMixin.java	1
231	InventoryPlayerMixin2	com/moonsworth/lunar/legacy/mixin/InventoryPlayerMixin2.java	1
231	ItemArmorMixin	com/moonsworth/lunar/legacy/mixin/ItemArmorMixin.java	12
231	ItemBucketMixin	com/moonsworth/lunar/legacy/mixin/ItemBucketMixin.java	9
231	ItemCameraTransformsMixin	com/moonsworth/lunar/legacy/mixin/ItemCameraTransformsMixin.java	5
231	ItemGlintMixin	com/moonsworth/lunar/legacy/mixin/ItemGlintMixin.java	2
231	ItemMapMixin	com/moonsworth/lunar/legacy/mixin/ItemMapMixin.java	3
231	ItemMixin	com/moonsworth/lunar/legacy/mixin/ItemMixin.java	30
231	ItemMixin2	com/moonsworth/lunar/legacy/mixin/ItemMixin2.java	4
231	ItemPotionMixin	com/moonsworth/lunar/legacy/mixin/ItemPotionMixin.java	3
231	ItemPotionMixin2	com/moonsworth/lunar/legacy/mixin/ItemPotionMixin2.java	4
231	ItemRendererFirstPersonMixin	com/moonsworth/lunar/legacy/mixin/ItemRendererFirstPersonMixin.java	136
231	ItemRendererMixin	com/moonsworth/lunar/legacy/mixin/ItemRendererMixin.java	14
231	ItemSplashPotionMixin	com/moonsworth/lunar/legacy/mixin/ItemSplashPotionMixin.java	4
231	ItemStackMixin	com/moonsworth/lunar/legacy/mixin/ItemStackMixin.java	79
231	ItemStackUseItemMixin	com/moonsworth/lunar/legacy/mixin/ItemStackUseItemMixin.java	7
232	JndiManagerMixin	com/moonsworth/lunar/legacy/mixin/JndiManagerMixin.java	1
232	KeyBindingMixin	com/moonsworth/lunar/legacy/mixin/KeyBindingMixin.java	2
232	KeyBindingMixin2	com/moonsworth/lunar/legacy/mixin/KeyBindingMixin2.java	10
232	KeyBindingModMixin	com/moonsworth/lunar/legacy/mixin/KeyBindingModMixin.java	4
232	KeyBinding_v1_7Mixin	com/moonsworth/lunar/legacy/mixin/KeyBinding_v1_7Mixin.java	8
232	KeyBinding_v1_7Mixin2	com/moonsworth/lunar/legacy/mixin/KeyBinding_v1_7Mixin2.java	10
232	KeyEntryMixin	com/moonsworth/lunar/legacy/mixin/KeyEntryMixin.java	35
232	KeyEventBridgeImpl	com/moonsworth/lunar/legacy/mixin/KeyEventBridgeImpl.java	7
232	KeyResourceLocationMixin	com/moonsworth/lunar/legacy/mixin/KeyResourceLocationMixin.java	1
232	LanguageManagerMixin	com/moonsworth/lunar/legacy/mixin/LanguageManagerMixin.java	13
232	LayerArmorBaseMixin	com/moonsworth/lunar/legacy/mixin/LayerArmorBaseMixin.java	21
232	LayerArmorBaseMixin2	com/moonsworth/lunar/legacy/mixin/LayerArmorBaseMixin2.java	1
232	LayerCapeMixin	com/moonsworth/lunar/legacy/mixin/LayerCapeMixin.java	15
232	LayerElytraMixin	com/moonsworth/lunar/legacy/mixin/LayerElytraMixin.java	3
232	LayerHeldItemGeckoLibMixin	com/moonsworth/lunar/legacy/mixin/LayerHeldItemGeckoLibMixin.java	7
232	LayerHeldItemLimbMixin	com/moonsworth/lunar/legacy/mixin/LayerHeldItemLimbMixin.java	8
232	LayerHeldItemMixin	com/moonsworth/lunar/legacy/mixin/LayerHeldItemMixin.java	29
232	LayerSheepWoolMixin	com/moonsworth/lunar/legacy/mixin/LayerSheepWoolMixin.java	2
232	LegacyV2AdapterMixin	com/moonsworth/lunar/legacy/mixin/LegacyV2AdapterMixin.java	10
232	ListMixin	com/moonsworth/lunar/legacy/mixin/ListMixin.java	33
232	MainMixin	com/moonsworth/lunar/legacy/mixin/MainMixin.java	6
232	MapDataMixin	com/moonsworth/lunar/legacy/mixin/MapDataMixin.java	2
232	MapDecorationMixin	com/moonsworth/lunar/legacy/mixin/MapDecorationMixin.java	3
232	MapItemRendererMixin	com/moonsworth/lunar/legacy/mixin/MapItemRendererMixin.java	10
232	MessageDeserializer2Mixin	com/moonsworth/lunar/legacy/mixin/MessageDeserializer2Mixin.java	4
233	MinecraftEventMixin	com/moonsworth/lunar/legacy/mixin/MinecraftEventMixin.java	265
233	MinecraftMixin	com/moonsworth/lunar/legacy/mixin/MinecraftMixin.java	102
233	MinecraftMixin3	com/moonsworth/lunar/legacy/mixin/MinecraftMixin3.java	2
233	MinecraftMixin4	com/moonsworth/lunar/legacy/mixin/MinecraftMixin4.java	1
233	ModelBakeryMixin2	com/moonsworth/lunar/legacy/mixin/ModelBakeryMixin2.java	30
233	ModelBakeryOptifineMixin	com/moonsworth/lunar/legacy/mixin/ModelBakeryOptifineMixin.java	14
233	ModelBipedBridgeMixin	com/moonsworth/lunar/legacy/mixin/ModelBipedBridgeMixin.java	3
233	ModelBipedMixin	com/moonsworth/lunar/legacy/mixin/ModelBipedMixin.java	15
233	ModelBipedMixin2	com/moonsworth/lunar/legacy/mixin/ModelBipedMixin2.java	3
233	ModelHorseMixin	com/moonsworth/lunar/legacy/mixin/ModelHorseMixin.java	12
233	ModelLlamaMixin	com/moonsworth/lunar/legacy/mixin/ModelLlamaMixin.java	5
233	ModelPlayerLayerMixin	com/moonsworth/lunar/legacy/mixin/ModelPlayerLayerMixin.java	8
233	ModelPlayerMixin	com/moonsworth/lunar/legacy/mixin/ModelPlayerMixin.java	6
233	ModelPlayerMixin2	com/moonsworth/lunar/legacy/mixin/ModelPlayerMixin2.java	17
233	ModelRendererAttachMixin	com/moonsworth/lunar/legacy/mixin/ModelRendererAttachMixin.java	1
233	ModelRendererMixin	com/moonsworth/lunar/legacy/mixin/ModelRendererMixin.java	14
233	ModelRendererMixin2	com/moonsworth/lunar/legacy/mixin/ModelRendererMixin2.java	6
233	ModelRendererOptifineAttachMixin	com/moonsworth/lunar/legacy/mixin/ModelRendererOptifineAttachMixin.java	8
233	MouseMixin	com/moonsworth/lunar/legacy/mixin/MouseMixin.java	8
233	MovementInputMixin	com/moonsworth/lunar/legacy/mixin/MovementInputMixin.java	4
233	MovingObjectPositionMixin	com/moonsworth/lunar/legacy/mixin/MovingObjectPositionMixin.java	1
233	MutableBlockPosMixin	com/moonsworth/lunar/legacy/mixin/MutableBlockPosMixin.java	7
233	NBTTagCompoundMixin	com/moonsworth/lunar/legacy/mixin/NBTTagCompoundMixin.java	34
233	NBTTagListMixin	com/moonsworth/lunar/legacy/mixin/NBTTagListMixin.java	4
233	NBTUtilMixin	com/moonsworth/lunar/legacy/mixin/NBTUtilMixin.java	5
234	NarratorMixin	com/moonsworth/lunar/legacy/mixin/NarratorMixin.java	2
234	NetHandlerHandshakeTCPMixin	com/moonsworth/lunar/legacy/mixin/NetHandlerHandshakeTCPMixin.java	6
234	NetHandlerLoginServerMixin	com/moonsworth/lunar/legacy/mixin/NetHandlerLoginServerMixin.java	8
234	NetHandlerPlayClientEventMixin	com/moonsworth/lunar/legacy/mixin/NetHandlerPlayClientEventMixin.java	105
234	NetHandlerPlayClientMixin	com/moonsworth/lunar/legacy/mixin/NetHandlerPlayClientMixin.java	59
234	NetHandlerPlayServerMixin	com/moonsworth/lunar/legacy/mixin/NetHandlerPlayServerMixin.java	4
234	NetworkManagerRewindMixin	com/moonsworth/lunar/legacy/mixin/NetworkManagerRewindMixin.java	13
234	NetworkManager_v1_12Mixin	com/moonsworth/lunar/legacy/mixin/NetworkManager_v1_12Mixin.java	2
234	NetworkManager_v1_12Mixin2	com/moonsworth/lunar/legacy/mixin/NetworkManager_v1_12Mixin2.java	13
234	NetworkManager_v1_7Mixin	com/moonsworth/lunar/legacy/mixin/NetworkManager_v1_7Mixin.java	2
234	NetworkManager_v1_7Mixin2	com/moonsworth/lunar/legacy/mixin/NetworkManager_v1_7Mixin2.java	10
234	NetworkPlayerInfoMixin	com/moonsworth/lunar/legacy/mixin/NetworkPlayerInfoMixin.java	4
234	PacketBufferMixin	com/moonsworth/lunar/legacy/mixin/PacketBufferMixin.java	18
234	PacketMixin	com/moonsworth/lunar/legacy/mixin/PacketMixin.java	1
234	Packet_v1_7Mixin	com/moonsworth/lunar/legacy/mixin/Packet_v1_7Mixin.java	6
234	PlayerControllerMPInteractionMixin	com/moonsworth/lunar/legacy/mixin/PlayerControllerMPInteractionMixin.java	76
234	PlayerControllerMPMixin	com/moonsworth/lunar/legacy/mixin/PlayerControllerMPMixin.java	56
234	PlayerItemsLayerMixin	com/moonsworth/lunar/legacy/mixin/PlayerItemsLayerMixin.java	1
234	PotionEffectMixin2	com/moonsworth/lunar/legacy/mixin/PotionEffectMixin2.java	1
234	PotionEffectNullFixMixin	com/moonsworth/lunar/legacy/mixin/PotionEffectNullFixMixin.java	1
234	ReflectorClassMixin	com/moonsworth/lunar/legacy/mixin/ReflectorClassMixin.java	2
234	ReflectorMethodMixin	com/moonsworth/lunar/legacy/mixin/ReflectorMethodMixin.java	2
234	RenderChunkMixin	com/moonsworth/lunar/legacy/mixin/RenderChunkMixin.java	5
234	RenderEntityItemMixin	com/moonsworth/lunar/legacy/mixin/RenderEntityItemMixin.java	18
234	RenderEntityItemMixin2	com/moonsworth/lunar/legacy/mixin/RenderEntityItemMixin2.java	9
235	RenderEntityItemPhysicsMixin	com/moonsworth/lunar/legacy/mixin/RenderEntityItemPhysicsMixin.java	5
235	RenderFish_v1_7Mixin	com/moonsworth/lunar/legacy/mixin/RenderFish_v1_7Mixin.java	54
235	RenderGlobalEntityOutlineMixin	com/moonsworth/lunar/legacy/mixin/RenderGlobalEntityOutlineMixin.java	41
235	RenderGlobalFlawlessMixin	com/moonsworth/lunar/legacy/mixin/RenderGlobalFlawlessMixin.java	4
235	RenderGlobalMixin	com/moonsworth/lunar/legacy/mixin/RenderGlobalMixin.java	49
235	RenderGlobalMixin2	com/moonsworth/lunar/legacy/mixin/RenderGlobalMixin2.java	92
235	RenderGlobalMixin3	com/moonsworth/lunar/legacy/mixin/RenderGlobalMixin3.java	19
235	RenderGuardianMixin	com/moonsworth/lunar/legacy/mixin/RenderGuardianMixin.java	4
235	RenderItemBridgeMixin	com/moonsworth/lunar/legacy/mixin/RenderItemBridgeMixin.java	1
235	RenderItemEventMixin	com/moonsworth/lunar/legacy/mixin/RenderItemEventMixin.java	116
235	RenderItemMixin	com/moonsworth/lunar/legacy/mixin/RenderItemMixin.java	94
235	RenderItemMixin3	com/moonsworth/lunar/legacy/mixin/RenderItemMixin3.java	6
235	RenderManagerFreelookMixin	com/moonsworth/lunar/legacy/mixin/RenderManagerFreelookMixin.java	51
235	RenderManagerMixin	com/moonsworth/lunar/legacy/mixin/RenderManagerMixin.java	138
235	RenderMixin	com/moonsworth/lunar/legacy/mixin/RenderMixin.java	14
235	RenderPlayerEventMixin	com/moonsworth/lunar/legacy/mixin/RenderPlayerEventMixin.java	11
235	RenderPlayerMixin	com/moonsworth/lunar/legacy/mixin/RenderPlayerMixin.java	1
235	RenderPlayerMixin2	com/moonsworth/lunar/legacy/mixin/RenderPlayerMixin2.java	32
235	RenderPlayerMixin3	com/moonsworth/lunar/legacy/mixin/RenderPlayerMixin3.java	12
235	RenderPlayer_v1_7Mixin	com/moonsworth/lunar/legacy/mixin/RenderPlayer_v1_7Mixin.java	60
235	RenderPlayer_v1_7Mixin2	com/moonsworth/lunar/legacy/mixin/RenderPlayer_v1_7Mixin2.java	4
235	RenderPlayer_v1_7Mixin3	com/moonsworth/lunar/legacy/mixin/RenderPlayer_v1_7Mixin3.java	49
235	RenderSheep_v1_7Mixin	com/moonsworth/lunar/legacy/mixin/RenderSheep_v1_7Mixin.java	4
235	RenderXPOrb_v1_7Mixin	com/moonsworth/lunar/legacy/mixin/RenderXPOrb_v1_7Mixin.java	19
235	Render_v1_7Mixin	com/moonsworth/lunar/legacy/mixin/Render_v1_7Mixin.java	22
236	RendererLivingEntityGlowMixin	com/moonsworth/lunar/legacy/mixin/RendererLivingEntityGlowMixin.java	85
236	RendererLivingEntityGlowV1_7Mixin	com/moonsworth/lunar/legacy/mixin/RendererLivingEntityGlowV1_7Mixin.java	51
236	RendererLivingEntityHitColorMixin	com/moonsworth/lunar/legacy/mixin/RendererLivingEntityHitColorMixin.java	12
236	RendererLivingEntityMixin	com/moonsworth/lunar/legacy/mixin/RendererLivingEntityMixin.java	80
236	RendererLivingEntityMixin2	com/moonsworth/lunar/legacy/mixin/RendererLivingEntityMixin2.java	114
236	RendererLivingEntityMixin3	com/moonsworth/lunar/legacy/mixin/RendererLivingEntityMixin3.java	13
236	ResourcePackListEntryMixin	com/moonsworth/lunar/legacy/mixin/ResourcePackListEntryMixin.java	31
236	ResourcePackRepositoryMixin	com/moonsworth/lunar/legacy/mixin/ResourcePackRepositoryMixin.java	13
236	ResourcePackRepositoryMixin2	com/moonsworth/lunar/legacy/mixin/ResourcePackRepositoryMixin2.java	3
236	S38PacketPlayerListItemMixin	com/moonsworth/lunar/legacy/mixin/S38PacketPlayerListItemMixin.java	11
236	ScoreMixin	com/moonsworth/lunar/legacy/mixin/ScoreMixin.java	3
236	ScoreObjectiveMixin	com/moonsworth/lunar/legacy/mixin/ScoreObjectiveMixin.java	2
236	ScorePlayerTeamMixin	com/moonsworth/lunar/legacy/mixin/ScorePlayerTeamMixin.java	1
236	ScoreboardMixin	com/moonsworth/lunar/legacy/mixin/ScoreboardMixin.java	26
236	ScoreboardMixin2	com/moonsworth/lunar/legacy/mixin/ScoreboardMixin2.java	13
236	ScoreboardMixin3	com/moonsworth/lunar/legacy/mixin/ScoreboardMixin3.java	3
236	ScoreboardNameTagMixin	com/moonsworth/lunar/legacy/mixin/ScoreboardNameTagMixin.java	7
236	SerializerMixin	com/moonsworth/lunar/legacy/mixin/SerializerMixin.java	1
236	Serializer_v1_7Mixin	com/moonsworth/lunar/legacy/mixin/Serializer_v1_7Mixin.java	7
236	ServerConfigurationManagerMixin	com/moonsworth/lunar/legacy/mixin/ServerConfigurationManagerMixin.java	1
236	ServerDataMixin	com/moonsworth/lunar/legacy/mixin/ServerDataMixin.java	4
236	ServerListEntryNormalMixin2	com/moonsworth/lunar/legacy/mixin/ServerListEntryNormalMixin2.java	34
236	ServerListEntryNormalMixin3	com/moonsworth/lunar/legacy/mixin/ServerListEntryNormalMixin3.java	1
236	ServerListEntryNormalPingMixin	com/moonsworth/lunar/legacy/mixin/ServerListEntryNormalPingMixin.java	25
236	ServerListMixin	com/moonsworth/lunar/legacy/mixin/ServerListMixin.java	6
237	ServerPingerMixin2	com/moonsworth/lunar/legacy/mixin/ServerPingerMixin2.java	3
237	ServerSelectionListMixin	com/moonsworth/lunar/legacy/mixin/ServerSelectionListMixin.java	51
237	ShaderCustomResourceMixin	com/moonsworth/lunar/legacy/mixin/ShaderCustomResourceMixin.java	2
237	ShaderGroupMixin	com/moonsworth/lunar/legacy/mixin/ShaderGroupMixin.java	3
237	ShaderGroupMixin2	com/moonsworth/lunar/legacy/mixin/ShaderGroupMixin2.java	4
237	ShaderManagerMixin	com/moonsworth/lunar/legacy/mixin/ShaderManagerMixin.java	5
237	ShaderMixin	com/moonsworth/lunar/legacy/mixin/ShaderMixin.java	16
237	ShaderMixin2	com/moonsworth/lunar/legacy/mixin/ShaderMixin2.java	3
237	ShaderUniformMixin	com/moonsworth/lunar/legacy/mixin/ShaderUniformMixin.java	12
237	SimpleReloadableResourceManagerMixin	com/moonsworth/lunar/legacy/mixin/SimpleReloadableResourceManagerMixin.java	2
237	SimpleResourceMixin	com/moonsworth/lunar/legacy/mixin/SimpleResourceMixin.java	2
237	SimpleTextureMixin	com/moonsworth/lunar/legacy/mixin/SimpleTextureMixin.java	2
237	SkinManagerMixin	com/moonsworth/lunar/legacy/mixin/SkinManagerMixin.java	3
237	SkinManagerMixin2	com/moonsworth/lunar/legacy/mixin/SkinManagerMixin2.java	2
237	SoundHandlerMixin	com/moonsworth/lunar/legacy/mixin/SoundHandlerMixin.java	41
237	SoundManagerMixin	com/moonsworth/lunar/legacy/mixin/SoundManagerMixin.java	9
237	SoundManagerRewindMixin	com/moonsworth/lunar/legacy/mixin/SoundManagerRewindMixin.java	58
237	SourceLWJGLOpenALMixin	com/moonsworth/lunar/legacy/mixin/SourceLWJGLOpenALMixin.java	5
237	StatFileWriter	com/moonsworth/lunar/legacy/mixin/StatFileWriter.java	1
237	StatFileWriterMixin	com/moonsworth/lunar/legacy/mixin/StatFileWriterMixin.java	28
237	StatListMixin	com/moonsworth/lunar/legacy/mixin/StatListMixin.java	27
237	StatisticsFileMixin	com/moonsworth/lunar/legacy/mixin/StatisticsFileMixin.java	3
237	TessellatorMixin	com/moonsworth/lunar/legacy/mixin/TessellatorMixin.java	23
237	TextureAtlasSpriteMixin	com/moonsworth/lunar/legacy/mixin/TextureAtlasSpriteMixin.java	1
237	TextureManagerMixin	com/moonsworth/lunar/legacy/mixin/TextureManagerMixin.java	2
238	TextureMapMixin	com/moonsworth/lunar/legacy/mixin/TextureMapMixin.java	2
238	TextureMapMixin2	com/moonsworth/lunar/legacy/mixin/TextureMapMixin2.java	18
238	TextureMapMixin3	com/moonsworth/lunar/legacy/mixin/TextureMapMixin3.java	13
238	TextureMapTransparencyMixin	com/moonsworth/lunar/legacy/mixin/TextureMapTransparencyMixin.java	2
238	TextureUtilMixin	com/moonsworth/lunar/legacy/mixin/TextureUtilMixin.java	3
238	TileEntityBeaconRendererMixin	com/moonsworth/lunar/legacy/mixin/TileEntityBeaconRendererMixin.java	23
238	TileEntityBeaconRenderer_v1_7Mixin	com/moonsworth/lunar/legacy/mixin/TileEntityBeaconRenderer_v1_7Mixin.java	34
238	TileEntityItemStackRendererMixin	com/moonsworth/lunar/legacy/mixin/TileEntityItemStackRendererMixin.java	17
238	TileEntityRendererDispatcherMixin	com/moonsworth/lunar/legacy/mixin/TileEntityRendererDispatcherMixin.java	5
238	TileEntitySkullRendererMixin2	com/moonsworth/lunar/legacy/mixin/TileEntitySkullRendererMixin2.java	11
238	TileEntitySkullRendererSkinsMixin	com/moonsworth/lunar/legacy/mixin/TileEntitySkullRendererSkinsMixin.java	5
238	TileEntitySkullRenderer_v1_7Mixin	com/moonsworth/lunar/legacy/mixin/TileEntitySkullRenderer_v1_7Mixin.java	16
238	TileEntitySkullRenderer_v1_7Mixin2	com/moonsworth/lunar/legacy/mixin/TileEntitySkullRenderer_v1_7Mixin2.java	6
238	TimerMixin2	com/moonsworth/lunar/legacy/mixin/TimerMixin2.java	7
238	TimerRewindMixin	com/moonsworth/lunar/legacy/mixin/TimerRewindMixin.java	1
238	ToastInstanceMixin	com/moonsworth/lunar/legacy/mixin/ToastInstanceMixin.java	1
238	TutorialToastMixin	com/moonsworth/lunar/legacy/mixin/TutorialToastMixin.java	1
238	Vec3Mixin	com/moonsworth/lunar/legacy/mixin/Vec3Mixin.java	3
238	WindowsDisplayMixin	com/moonsworth/lunar/legacy/mixin/WindowsDisplayMixin.java	41
238	WindowsMouseMixin	com/moonsworth/lunar/legacy/mixin/WindowsMouseMixin.java	18
238	WorldAccessorMixin	com/moonsworth/lunar/legacy/mixin/WorldAccessorMixin.java	1
238	WorldClientMixin	com/moonsworth/lunar/legacy/mixin/WorldClientMixin.java	26
238	WorldEventMixin	com/moonsworth/lunar/legacy/mixin/WorldEventMixin.java	37
238	WorldMixin	com/moonsworth/lunar/legacy/mixin/WorldMixin.java	163
238	WorldMixin2	com/moonsworth/lunar/legacy/mixin/WorldMixin2.java	30
239	WorldMixin3	com/moonsworth/lunar/legacy/mixin/WorldMixin3.java	86
239	WorldMixin4	com/moonsworth/lunar/legacy/mixin/WorldMixin4.java	1
239	CustomColorsBridgeImpl	com/moonsworth/lunar/legacy/optifine/wrapper/CustomColorsBridgeImpl.java	3
239	CustomItemsBridgeImpl	com/moonsworth/lunar/legacy/optifine/wrapper/CustomItemsBridgeImpl.java	1
239	IImageBufferLoader	com/moonsworth/lunar/legacy/optifine/wrapper/IImageBufferLoader.java	4
239	ShadersBridgeImpl	com/moonsworth/lunar/legacy/optifine/wrapper/ShadersBridgeImpl.java	2
239	Slayer3Handler	com/moonsworth/lunar/legacy/optifine/wrapper/Slayer3Handler.java	4
239	Slayer3Renderer	com/moonsworth/lunar/legacy/optifine/wrapper/Slayer3Renderer.java	7
239	Slayer3Renderer22	com/moonsworth/lunar/legacy/optifine/wrapper/Slayer3Renderer22.java	11
239	Slayer3Renderer222	com/moonsworth/lunar/legacy/optifine/wrapper/Slayer3Renderer222.java	3
239	Slayer3Renderer2222	com/moonsworth/lunar/legacy/optifine/wrapper/Slayer3Renderer2222.java	4
239	AbstractRewindPacketBuilder	com/moonsworth/lunar/legacy/wrapper/AbstractRewindPacketBuilder.java	18
239	AbstractTextureImpl	com/moonsworth/lunar/legacy/wrapper/AbstractTextureImpl.java	8
239	AdventureStyleConverter	com/moonsworth/lunar/legacy/wrapper/AdventureStyleConverter.java	54
239	AlcBridgeImpl	com/moonsworth/lunar/legacy/wrapper/AlcBridgeImpl.java	52
239	AncientDummyPlayerFactory	com/moonsworth/lunar/legacy/wrapper/AncientDummyPlayerFactory.java	6
239	AudioStreamCache	com/moonsworth/lunar/legacy/wrapper/AudioStreamCache.java	12
239	AudioStreamCodec	com/moonsworth/lunar/legacy/wrapper/AudioStreamCodec.java	10
239	AudioStreamLoader	com/moonsworth/lunar/legacy/wrapper/AudioStreamLoader.java	21
239	BakedQuadBuilder	com/moonsworth/lunar/legacy/wrapper/BakedQuadBuilder.java	13
239	BlockBreakAnimPacketBuilder	com/moonsworth/lunar/legacy/wrapper/BlockBreakAnimPacketBuilder.java	3
239	BlockBreakAnimPacketFactory	com/moonsworth/lunar/legacy/wrapper/BlockBreakAnimPacketFactory.java	6
239	BlocksBridgeAdapter	com/moonsworth/lunar/legacy/wrapper/BlocksBridgeAdapter.java	116
239	BlocksBridgeImpl	com/moonsworth/lunar/legacy/wrapper/BlocksBridgeImpl.java	115
239	BossInfoPacketBuilder	com/moonsworth/lunar/legacy/wrapper/BossInfoPacketBuilder.java	5
240	Bridge18Handler	com/moonsworth/lunar/legacy/wrapper/Bridge18Handler.java	49
240	Bridge19Handler	com/moonsworth/lunar/legacy/wrapper/Bridge19Handler.java	11
240	Bridge19Task	com/moonsworth/lunar/legacy/wrapper/Bridge19Task.java	16
240	Bridge20Iterator	com/moonsworth/lunar/legacy/wrapper/Bridge20Iterator.java	23
240	Bridge2Handler	com/moonsworth/lunar/legacy/wrapper/Bridge2Handler.java	5
240	Bridge2Handler_2	com/moonsworth/lunar/legacy/wrapper/Bridge2Handler_2.java	30
240	Bridge2Iterator	com/moonsworth/lunar/legacy/wrapper/Bridge2Iterator.java	103
240	Bridge3Iterator	com/moonsworth/lunar/legacy/wrapper/Bridge3Iterator.java	50
240	Bridge4Handler	com/moonsworth/lunar/legacy/wrapper/Bridge4Handler.java	22
240	Bridge4Handler_2	com/moonsworth/lunar/legacy/wrapper/Bridge4Handler_2.java	7
240	Bridge5Handler	com/moonsworth/lunar/legacy/wrapper/Bridge5Handler.java	65
240	Bridge5Handler_2	com/moonsworth/lunar/legacy/wrapper/Bridge5Handler_2.java	5
240	Bridge6Handler	com/moonsworth/lunar/legacy/wrapper/Bridge6Handler.java	11
240	Bridge7Handler	com/moonsworth/lunar/legacy/wrapper/Bridge7Handler.java	9
240	Bridge8Handler	com/moonsworth/lunar/legacy/wrapper/Bridge8Handler.java	3
240	BridgeHandler$Data	com/moonsworth/lunar/legacy/wrapper/BridgeHandler$Data.java	14
240	BridgeHandler	com/moonsworth/lunar/legacy/wrapper/BridgeHandler.java	8
240	BridgeIterator	com/moonsworth/lunar/legacy/wrapper/BridgeIterator.java	95
240	ChunkDataPacketBuilder	com/moonsworth/lunar/legacy/wrapper/ChunkDataPacketBuilder.java	1
240	ChunkDataPacketFactory	com/moonsworth/lunar/legacy/wrapper/ChunkDataPacketFactory.java	9
240	ChunkUnloadPacketFactory	com/moonsworth/lunar/legacy/wrapper/ChunkUnloadPacketFactory.java	2
240	ClipboardBridgeImpl	com/moonsworth/lunar/legacy/wrapper/ClipboardBridgeImpl.java	2
240	CompositeRenderType	com/moonsworth/lunar/legacy/wrapper/CompositeRenderType.java	13
240	ContainerItemsComponentAdapter	com/moonsworth/lunar/legacy/wrapper/ContainerItemsComponentAdapter.java	2
240	DummyNetworkManagerFactory	com/moonsworth/lunar/legacy/wrapper/DummyNetworkManagerFactory.java	1
241	DummyNetworkManagerProvider	com/moonsworth/lunar/legacy/wrapper/DummyNetworkManagerProvider.java	1
241	EffectPacketBuilder	com/moonsworth/lunar/legacy/wrapper/EffectPacketBuilder.java	3
241	EffectPacketFactory	com/moonsworth/lunar/legacy/wrapper/EffectPacketFactory.java	6
241	EntityDiggingFXImpl	com/moonsworth/lunar/legacy/wrapper/EntityDiggingFXImpl.java	19
241	EntityFactoryBridgeImpl	com/moonsworth/lunar/legacy/wrapper/EntityFactoryBridgeImpl.java	1
241	EntityHeadLookPacketBuilder	com/moonsworth/lunar/legacy/wrapper/EntityHeadLookPacketBuilder.java	1
241	EntityHeadLookPacketFactory	com/moonsworth/lunar/legacy/wrapper/EntityHeadLookPacketFactory.java	5
241	EntityListBridgeAdapter	com/moonsworth/lunar/legacy/wrapper/EntityListBridgeAdapter.java	17
241	EntityListBridgeImpl	com/moonsworth/lunar/legacy/wrapper/EntityListBridgeImpl.java	12
241	EntityLivingBase	com/moonsworth/lunar/legacy/wrapper/EntityLivingBase.java	8
241	EntityMovePacketBuilder	com/moonsworth/lunar/legacy/wrapper/EntityMovePacketBuilder.java	9
241	EntityPlayerSPImpl	com/moonsworth/lunar/legacy/wrapper/EntityPlayerSPImpl.java	24
241	ExternalTextureFramebuffer	com/moonsworth/lunar/legacy/wrapper/ExternalTextureFramebuffer.java	6
241	ExternalTextureFramebufferAdapter	com/moonsworth/lunar/legacy/wrapper/ExternalTextureFramebufferAdapter.java	7
241	FaceEdgeMasks	com/moonsworth/lunar/legacy/wrapper/FaceEdgeMasks.java	20
241	Fog3Handler	com/moonsworth/lunar/legacy/wrapper/Fog3Handler.java	33
241	FolderResourcePackImpl	com/moonsworth/lunar/legacy/wrapper/FolderResourcePackImpl.java	11
241	FramebufferImpl	com/moonsworth/lunar/legacy/wrapper/FramebufferImpl.java	11
241	GameSettingsAccess	com/moonsworth/lunar/legacy/wrapper/GameSettingsAccess.java	2
241	GameSettingsBridge	com/moonsworth/lunar/legacy/wrapper/GameSettingsBridge.java	2
241	GlFenceSyncBridgeImpl	com/moonsworth/lunar/legacy/wrapper/GlFenceSyncBridgeImpl.java	7
241	GlStateRecorder	com/moonsworth/lunar/legacy/wrapper/GlStateRecorder.java	24
241	GlStateSnapshot	com/moonsworth/lunar/legacy/wrapper/GlStateSnapshot.java	24
241	GuiScreenImpl	com/moonsworth/lunar/legacy/wrapper/GuiScreenImpl.java	41
241	HeldItemChangePacketBuilder	com/moonsworth/lunar/legacy/wrapper/HeldItemChangePacketBuilder.java	1
242	HeldItemChangePacketFactory	com/moonsworth/lunar/legacy/wrapper/HeldItemChangePacketFactory.java	5
242	Horsestats23Handler	com/moonsworth/lunar/legacy/wrapper/Horsestats23Handler.java	2
242	Horsestats7Handler	com/moonsworth/lunar/legacy/wrapper/Horsestats7Handler.java	21
242	IBorderImpl	com/moonsworth/lunar/legacy/wrapper/IBorderImpl.java	9
242	ICodecImpl	com/moonsworth/lunar/legacy/wrapper/ICodecImpl.java	25
242	IResourceManager	com/moonsworth/lunar/legacy/wrapper/IResourceManager.java	4
242	InventoryBridgeImpl	com/moonsworth/lunar/legacy/wrapper/InventoryBridgeImpl.java	3
242	ItemDataComponentAccessors	com/moonsworth/lunar/legacy/wrapper/ItemDataComponentAccessors.java	17
242	ItemEntityRendererBridgeImpl	com/moonsworth/lunar/legacy/wrapper/ItemEntityRendererBridgeImpl.java	90
242	ItemModelBaker	com/moonsworth/lunar/legacy/wrapper/ItemModelBaker.java	100
242	ItemsBridgeImpl	com/moonsworth/lunar/legacy/wrapper/ItemsBridgeImpl.java	101
242	JoinGamePacketBuilder	com/moonsworth/lunar/legacy/wrapper/JoinGamePacketBuilder.java	1
242	JoinGamePacketFactory	com/moonsworth/lunar/legacy/wrapper/JoinGamePacketFactory.java	8
242	LayerRendererBridgeAdapter	com/moonsworth/lunar/legacy/wrapper/LayerRendererBridgeAdapter.java	17
242	LegacyGlStateManagerBridge	com/moonsworth/lunar/legacy/wrapper/LegacyGlStateManagerBridge.java	177
242	LegacyHoverEventSerializer	com/moonsworth/lunar/legacy/wrapper/LegacyHoverEventSerializer.java	13
242	LegacyRenderPipelineBuilder	com/moonsworth/lunar/legacy/wrapper/LegacyRenderPipelineBuilder.java	3
242	LegacyRenderTypeFactory	com/moonsworth/lunar/legacy/wrapper/LegacyRenderTypeFactory.java	155
242	LegacyServerBorder	com/moonsworth/lunar/legacy/wrapper/LegacyServerBorder.java	51
242	LegacyServerBorderState	com/moonsworth/lunar/legacy/wrapper/LegacyServerBorderState.java	53
242	LegacyWorldBorder	com/moonsworth/lunar/legacy/wrapper/LegacyWorldBorder.java	80
242	LegacyWorldBorderBase	com/moonsworth/lunar/legacy/wrapper/LegacyWorldBorderBase.java	83
242	LoggerPrintStream	com/moonsworth/lunar/legacy/wrapper/LoggerPrintStream.java	10
242	MixinHelper	com/moonsworth/lunar/legacy/wrapper/MixinHelper.java	26
242	ModelBakeryHolder	com/moonsworth/lunar/legacy/wrapper/ModelBakeryHolder.java	1
243	ModelBakeryReference	com/moonsworth/lunar/legacy/wrapper/ModelBakeryReference.java	1
243	ModelBase	com/moonsworth/lunar/legacy/wrapper/ModelBase.java	7
243	NameTagRendererBridgeImpl	com/moonsworth/lunar/legacy/wrapper/NameTagRendererBridgeImpl.java	106
243	NetHandlerPlayClientImpl	com/moonsworth/lunar/legacy/wrapper/NetHandlerPlayClientImpl.java	8
243	NetworkPlayerInfoImpl	com/moonsworth/lunar/legacy/wrapper/NetworkPlayerInfoImpl.java	1
243	NoopFramebuffer	com/moonsworth/lunar/legacy/wrapper/NoopFramebuffer.java	4
243	NoopFramebufferAdapter	com/moonsworth/lunar/legacy/wrapper/NoopFramebufferAdapter.java	4
243	OpenWindowPacketBuilder	com/moonsworth/lunar/legacy/wrapper/OpenWindowPacketBuilder.java	1
243	OpenWindowPacketFactory	com/moonsworth/lunar/legacy/wrapper/OpenWindowPacketFactory.java	7
243	PlayerAbilitiesPacketBuilder	com/moonsworth/lunar/legacy/wrapper/PlayerAbilitiesPacketBuilder.java	1
243	PlayerAbilitiesPacketFactory	com/moonsworth/lunar/legacy/wrapper/PlayerAbilitiesPacketFactory.java	5
243	PlayerListItemPacketBuilder	com/moonsworth/lunar/legacy/wrapper/PlayerListItemPacketBuilder.java	15
243	PlayerModelPartsBridgeImpl	com/moonsworth/lunar/legacy/wrapper/PlayerModelPartsBridgeImpl.java	7
243	PrintStreamImpl	com/moonsworth/lunar/legacy/wrapper/PrintStreamImpl.java	12
243	ProtectionEnchantmentsBridgeImpl	com/moonsworth/lunar/legacy/wrapper/ProtectionEnchantmentsBridgeImpl.java	5
243	RenderBackgroundExtension	com/moonsworth/lunar/legacy/wrapper/RenderBackgroundExtension.java	1
243	RenderBackgroundToggle	com/moonsworth/lunar/legacy/wrapper/RenderBackgroundToggle.java	1
243	RenderPipelineBridgeAdapter	com/moonsworth/lunar/legacy/wrapper/RenderPipelineBridgeAdapter.java	21
243	RenderViewEntityAdapter	com/moonsworth/lunar/legacy/wrapper/RenderViewEntityAdapter.java	11
243	RenderViewEntityProxy	com/moonsworth/lunar/legacy/wrapper/RenderViewEntityProxy.java	13
243	RendererLivingEntityBrightnessAdapter	com/moonsworth/lunar/legacy/wrapper/RendererLivingEntityBrightnessAdapter.java	16
243	RendererLivingEntityBrightnessImpl	com/moonsworth/lunar/legacy/wrapper/RendererLivingEntityBrightnessImpl.java	9
243	RendererLivingEntityImpl	com/moonsworth/lunar/legacy/wrapper/RendererLivingEntityImpl.java	14
243	ResourcePackListEntryImpl	com/moonsworth/lunar/legacy/wrapper/ResourcePackListEntryImpl.java	9
243	ResourcePackListEntryIterator	com/moonsworth/lunar/legacy/wrapper/ResourcePackListEntryIterator.java	18
244	RewindPacketBuilder	com/moonsworth/lunar/legacy/wrapper/RewindPacketBuilder.java	13
244	RunnableRenderStateShard	com/moonsworth/lunar/legacy/wrapper/RunnableRenderStateShard.java	7
244	ServerDifficultyPacketBuilder	com/moonsworth/lunar/legacy/wrapper/ServerDifficultyPacketBuilder.java	1
244	ServerDifficultyPacketFactory	com/moonsworth/lunar/legacy/wrapper/ServerDifficultyPacketFactory.java	5
244	ServerLinkScreen	com/moonsworth/lunar/legacy/wrapper/ServerLinkScreen.java	101
244	SetExperiencePacketBuilder	com/moonsworth/lunar/legacy/wrapper/SetExperiencePacketBuilder.java	1
244	SetExperiencePacketFactory	com/moonsworth/lunar/legacy/wrapper/SetExperiencePacketFactory.java	5
244	ShaderBridgeImpl	com/moonsworth/lunar/legacy/wrapper/ShaderBridgeImpl.java	21
244	ShaderRenderState	com/moonsworth/lunar/legacy/wrapper/ShaderRenderState.java	1
244	ShaderRenderStateShard	com/moonsworth/lunar/legacy/wrapper/ShaderRenderStateShard.java	8
244	ShaderStateLifecycle	com/moonsworth/lunar/legacy/wrapper/ShaderStateLifecycle.java	1
244	SkinManager	com/moonsworth/lunar/legacy/wrapper/SkinManager.java	3
244	SpawnExperienceOrbPacketBuilder	com/moonsworth/lunar/legacy/wrapper/SpawnExperienceOrbPacketBuilder.java	1
244	SpawnExperienceOrbPacketFactory	com/moonsworth/lunar/legacy/wrapper/SpawnExperienceOrbPacketFactory.java	6
244	SpawnMobPacketBuilder	com/moonsworth/lunar/legacy/wrapper/SpawnMobPacketBuilder.java	1
244	SpawnMobPacketFactory	com/moonsworth/lunar/legacy/wrapper/SpawnMobPacketFactory.java	6
244	SpawnObjectPacketBuilder	com/moonsworth/lunar/legacy/wrapper/SpawnObjectPacketBuilder.java	1
244	SpawnObjectPacketFactory	com/moonsworth/lunar/legacy/wrapper/SpawnObjectPacketFactory.java	6
244	SpawnPaintingPacketBuilder	com/moonsworth/lunar/legacy/wrapper/SpawnPaintingPacketBuilder.java	1
244	SpawnPaintingPacketFactory	com/moonsworth/lunar/legacy/wrapper/SpawnPaintingPacketFactory.java	6
244	SpawnPlayerPacketBuilder	com/moonsworth/lunar/legacy/wrapper/SpawnPlayerPacketBuilder.java	2
244	SpawnPlayerPacketFactory	com/moonsworth/lunar/legacy/wrapper/SpawnPlayerPacketFactory.java	8
244	SpawnPointPacketBuilder	com/moonsworth/lunar/legacy/wrapper/SpawnPointPacketBuilder.java	6
244	StaticMp3Codec	com/moonsworth/lunar/legacy/wrapper/StaticMp3Codec.java	5
244	TabListHeaderFooterPacketBuilder	com/moonsworth/lunar/legacy/wrapper/TabListHeaderFooterPacketBuilder.java	1
245	TabListHeaderFooterPacketFactory	com/moonsworth/lunar/legacy/wrapper/TabListHeaderFooterPacketFactory.java	6
245	TessellatorImpl	com/moonsworth/lunar/legacy/wrapper/TessellatorImpl.java	90
245	TextMeshBuilder	com/moonsworth/lunar/legacy/wrapper/TextMeshBuilder.java	169
245	TextureBatch	com/moonsworth/lunar/legacy/wrapper/TextureBatch.java	5
245	TextureDataBridgeImpl	com/moonsworth/lunar/legacy/wrapper/TextureDataBridgeImpl.java	6
245	TextureUtilBridgeImpl	com/moonsworth/lunar/legacy/wrapper/TextureUtilBridgeImpl.java	5
245	TiersBridgeAdapter	com/moonsworth/lunar/legacy/wrapper/TiersBridgeAdapter.java	13
245	TimeUpdatePacketBuilder	com/moonsworth/lunar/legacy/wrapper/TimeUpdatePacketBuilder.java	1
245	TimeUpdatePacketFactory	com/moonsworth/lunar/legacy/wrapper/TimeUpdatePacketFactory.java	5
245	ToolMaterialBridgeImpl	com/moonsworth/lunar/legacy/wrapper/ToolMaterialBridgeImpl.java	12
245	UnsupportedNetPacketBuilder	com/moonsworth/lunar/legacy/wrapper/UnsupportedNetPacketBuilder.java	1
245	UnsupportedNetPacketFactory	com/moonsworth/lunar/legacy/wrapper/UnsupportedNetPacketFactory.java	4
245	UnsupportedPacketBuilder	com/moonsworth/lunar/legacy/wrapper/UnsupportedPacketBuilder.java	1
245	UnsupportedPacketFactory	com/moonsworth/lunar/legacy/wrapper/UnsupportedPacketFactory.java	1
245	UnsupportedPacketListBuilder	com/moonsworth/lunar/legacy/wrapper/UnsupportedPacketListBuilder.java	1
245	UnsupportedPacketListFactory	com/moonsworth/lunar/legacy/wrapper/UnsupportedPacketListFactory.java	1
245	UnsupportedSnapshotPacketBuilder	com/moonsworth/lunar/legacy/wrapper/UnsupportedSnapshotPacketBuilder.java	1
245	UnsupportedSnapshotPacketFactory	com/moonsworth/lunar/legacy/wrapper/UnsupportedSnapshotPacketFactory.java	1
245	UnsupportedStatePacketBuilder	com/moonsworth/lunar/legacy/wrapper/UnsupportedStatePacketBuilder.java	1
245	UnsupportedStatePacketFactory	com/moonsworth/lunar/legacy/wrapper/UnsupportedStatePacketFactory.java	1
245	UnsupportedWorldPacketBuilder	com/moonsworth/lunar/legacy/wrapper/UnsupportedWorldPacketBuilder.java	1
245	UnsupportedWorldPacketFactory	com/moonsworth/lunar/legacy/wrapper/UnsupportedWorldPacketFactory.java	4
245	WindowItemsPacketBuilder	com/moonsworth/lunar/legacy/wrapper/WindowItemsPacketBuilder.java	2
245	WindowItemsPacketFactory	com/moonsworth/lunar/legacy/wrapper/WindowItemsPacketFactory.java	8
245	WorldBorderImpl	com/moonsworth/lunar/legacy/wrapper/WorldBorderImpl.java	44
246	WorldBorderPacketBuilder	com/moonsworth/lunar/legacy/wrapper/WorldBorderPacketBuilder.java	5
246	WorldClientImpl	com/moonsworth/lunar/legacy/wrapper/WorldClientImpl.java	4
246	Wrapper$Data3	com/moonsworth/lunar/legacy/wrapper/Wrapper$Data3.java	5
246	Wrapper	com/moonsworth/lunar/legacy/wrapper/Wrapper.java	20
246	Wrapper2$Data	com/moonsworth/lunar/legacy/wrapper/Wrapper2$Data.java	17
246	Bridge2Handler	com/moonsworth/lunar/legacy/wrapper/mixin/Bridge2Handler.java	2
246	Bridge5Handler	com/moonsworth/lunar/legacy/wrapper/mixin/Bridge5Handler.java	2
246	JsonToNbtBridgeImpl	com/moonsworth/lunar/legacy/wrapper/mixin/JsonToNbtBridgeImpl.java	2
246	NbtIoBridgeImpl	com/moonsworth/lunar/legacy/wrapper/mixin/NbtIoBridgeImpl.java	2
246	BlockPathEvaluator	com/moonsworth/lunar/legacy/wrapper/util/BlockPathEvaluator.java	1
246	BlockStateBridgeV1_7	com/moonsworth/lunar/legacy/wrapper/util/BlockStateBridgeV1_7.java	9
246	Bridge2Handler	com/moonsworth/lunar/legacy/wrapper/util/Bridge2Handler.java	41
246	Bridge3Extension2	com/moonsworth/lunar/legacy/wrapper/util/Bridge3Extension2.java	7
246	ChatComponentFactoryBridgeImpl	com/moonsworth/lunar/legacy/wrapper/util/ChatComponentFactoryBridgeImpl.java	2
246	EmissiveMetadataSection	com/moonsworth/lunar/legacy/wrapper/util/EmissiveMetadataSection.java	7
246	EmissiveMetadataSectionSerializer	com/moonsworth/lunar/legacy/wrapper/util/EmissiveMetadataSectionSerializer.java	3
246	GuavaFunctionAdapter	com/moonsworth/lunar/legacy/wrapper/util/GuavaFunctionAdapter.java	1
246	Horsestats13Handler	com/moonsworth/lunar/legacy/wrapper/util/Horsestats13Handler.java	4
246	Horsestats16Task	com/moonsworth/lunar/legacy/wrapper/util/Horsestats16Task.java	61
246	IMetadataSectionSerializer	com/moonsworth/lunar/legacy/wrapper/util/IMetadataSectionSerializer.java	6
246	JsonDeserializerImpl	com/moonsworth/lunar/legacy/wrapper/util/JsonDeserializerImpl.java	6
246	OpenALNative	com/moonsworth/lunar/legacy/wrapper/util/OpenALNative.java	11
246	OpenALNative2	com/moonsworth/lunar/legacy/wrapper/util/OpenALNative2.java	1
246	OpenALNative3	com/moonsworth/lunar/legacy/wrapper/util/OpenALNative3.java	8
246	OpenALNative4	com/moonsworth/lunar/legacy/wrapper/util/OpenALNative4.java	4
247	OpenALSupport	com/moonsworth/lunar/legacy/wrapper/util/OpenALSupport.java	1
247	TexturedBoxBridgeImpl	com/moonsworth/lunar/legacy/wrapper/util/TexturedBoxBridgeImpl.java	40
247	AdventureDependency	com/moonsworth/lunar/loader/AdventureDependency.java	1
247	FabricLoaderDependency	com/moonsworth/lunar/loader/FabricLoaderDependency.java	1
247	Ichor2Iterator	com/moonsworth/lunar/loader/Ichor2Iterator.java	13
247	Ichor4Type	com/moonsworth/lunar/loader/Ichor4Type.java	7
247	Ichor4Type2	com/moonsworth/lunar/loader/Ichor4Type2.java	9
247	Ichor6Impl	com/moonsworth/lunar/loader/Ichor6Impl.java	4
247	Loader	com/moonsworth/lunar/loader/Loader.java	1
247	LoaderDependency	com/moonsworth/lunar/loader/LoaderDependency.java	4
247	LunarPlatformAgent	com/moonsworth/lunar/loader/LunarPlatformAgent.java	1
247	PipelineStage	com/moonsworth/lunar/loader/PipelineStage.java	1
247	ConfigRegistrationTask	com/moonsworth/lunar/loader/mixin/ConfigRegistrationTask.java	3
247	Ichor5Loader	com/moonsworth/lunar/loader/mixin/Ichor5Loader.java	16
247	MixinConfigLoader	com/moonsworth/lunar/loader/mixin/MixinConfigLoader.java	4
247	MixinHelper	com/moonsworth/lunar/loader/mixin/MixinHelper.java	19
247	MixinInternal3Handler	com/moonsworth/lunar/loader/mixin/MixinInternal3Handler.java	5
247	VersionGateEvaluator	com/moonsworth/lunar/loader/mixin/VersionGateEvaluator.java	12
247	ChannelInitializerImpl	com/moonsworth/lunar/mixin/ChannelInitializerImpl.java	5
247	EntityClientPlayerMPImpl	com/moonsworth/lunar/mixin/EntityClientPlayerMPImpl.java	8
247	NetworkChannelInitializer	com/moonsworth/lunar/mixin/NetworkChannelInitializer.java	3
247	BiomeGenBaseMixin	com/moonsworth/lunar/mixin/mixin/BiomeGenBaseMixin.java	3
247	BiomeGenBaseMixin2	com/moonsworth/lunar/mixin/mixin/BiomeGenBaseMixin2.java	2
247	ChunkMixin	com/moonsworth/lunar/mixin/mixin/ChunkMixin.java	13
247	ChunkMixin2	com/moonsworth/lunar/mixin/mixin/ChunkMixin2.java	5
248	EntityClientPlayerMPMixin	com/moonsworth/lunar/mixin/mixin/EntityClientPlayerMPMixin.java	27
248	EntityFXMixin	com/moonsworth/lunar/mixin/mixin/EntityFXMixin.java	1
248	OpenGlHelperMixin	com/moonsworth/lunar/mixin/mixin/OpenGlHelperMixin.java	3
248	RenderBipedMixin	com/moonsworth/lunar/mixin/mixin/RenderBipedMixin.java	12
248	RendererLivingEntityMixin	com/moonsworth/lunar/mixin/mixin/RendererLivingEntityMixin.java	85
248	TessellatorMixin	com/moonsworth/lunar/mixin/mixin/TessellatorMixin.java	48
248	Vec4bMixin	com/moonsworth/lunar/mixin/mixin/Vec4bMixin.java	3
248	WorldBiomeMixin	com/moonsworth/lunar/mixin/mixin/WorldBiomeMixin.java	3
248	WorldMixin	com/moonsworth/lunar/mixin/mixin/WorldMixin.java	10
248	WorldMixin2	com/moonsworth/lunar/mixin/mixin/WorldMixin2.java	3
248	AbstractOpenApiSchema	com/moonsworth/lunar/network/AbstractOpenApiSchema.java	12
248	AnalyticsBatchEntry	com/moonsworth/lunar/network/AnalyticsBatchEntry.java	2
248	AnalyticsEvent	com/moonsworth/lunar/network/AnalyticsEvent.java	1
248	BaseGameEvent	com/moonsworth/lunar/network/BaseGameEvent.java	47
248	BaseGameEventGeoLocation	com/moonsworth/lunar/network/BaseGameEventGeoLocation.java	24
248	BaseGameEventInboundLocation	com/moonsworth/lunar/network/BaseGameEventInboundLocation.java	12
248	BaseGameEventInstalledModsInner	com/moonsworth/lunar/network/BaseGameEventInstalledModsInner.java	15
248	BaseGameEventLocation	com/moonsworth/lunar/network/BaseGameEventLocation.java	10
248	BaseGameEventLocationHostedWorld	com/moonsworth/lunar/network/BaseGameEventLocationHostedWorld.java	11
248	BaseGameEventLocationPublicServer	com/moonsworth/lunar/network/BaseGameEventLocationPublicServer.java	23
248	GameBatchEvent	com/moonsworth/lunar/network/GameBatchEvent.java	16
248	GameEventApi	com/moonsworth/lunar/network/GameEventApi.java	21
248	GameEventBatchPostRequest	com/moonsworth/lunar/network/GameEventBatchPostRequest.java	8
248	GameFailedParseEvent	com/moonsworth/lunar/network/GameFailedParseEvent.java	12
248	GameFailedParseEventData	com/moonsworth/lunar/network/GameFailedParseEventData.java	14
249	GameRewindBaseLayer	com/moonsworth/lunar/network/GameRewindBaseLayer.java	9
249	GameRewindEditorTimeline	com/moonsworth/lunar/network/GameRewindEditorTimeline.java	10
249	GameRewindExportResolution	com/moonsworth/lunar/network/GameRewindExportResolution.java	12
249	GameRewindLayer	com/moonsworth/lunar/network/GameRewindLayer.java	12
249	GameRewindLayerAddEventData	com/moonsworth/lunar/network/GameRewindLayerAddEventData.java	10
249	GameRewindProjectExportEventData	com/moonsworth/lunar/network/GameRewindProjectExportEventData.java	30
249	GameRewindRecordingEventData	com/moonsworth/lunar/network/GameRewindRecordingEventData.java	24
249	MixinHelper	com/moonsworth/lunar/network/MixinHelper.java	27
249	MixinHelper10	com/moonsworth/lunar/network/MixinHelper10.java	29
249	MixinHelper11	com/moonsworth/lunar/network/MixinHelper11.java	27
249	MixinHelper12	com/moonsworth/lunar/network/MixinHelper12.java	26
249	MixinHelper13	com/moonsworth/lunar/network/MixinHelper13.java	38
249	MixinHelper14	com/moonsworth/lunar/network/MixinHelper14.java	30
249	MixinHelper15	com/moonsworth/lunar/network/MixinHelper15.java	31
249	MixinHelper16	com/moonsworth/lunar/network/MixinHelper16.java	17
249	GameRewindLayerGameplay	com/moonsworth/lunar/network/MixinHelper162.java	37
249	GameRewindLayerAudio	com/moonsworth/lunar/network/MixinHelper163.java	39
249	GameRewindLayerEffect	com/moonsworth/lunar/network/MixinHelper164.java	41
249	MixinHelper2	com/moonsworth/lunar/network/MixinHelper2.java	73
249	MixinHelper22	com/moonsworth/lunar/network/MixinHelper22.java	48
249	MixinHelper23	com/moonsworth/lunar/network/MixinHelper23.java	26
249	GamePromotionInteractionEventData	com/moonsworth/lunar/network/MixinHelper24.java	39
249	GameBlogPostInteractionEventData	com/moonsworth/lunar/network/MixinHelper25.java	37
249	MixinHelper26	com/moonsworth/lunar/network/MixinHelper26.java	42
249	GameRewindEditorSessionEventData	com/moonsworth/lunar/network/MixinHelper27.java	49
250	GameRewindExportAudio	com/moonsworth/lunar/network/MixinHelper3.java	38
250	MixinHelper4	com/moonsworth/lunar/network/MixinHelper4.java	29
250	GameRewindRecordingLocation	com/moonsworth/lunar/network/MixinHelper5.java	44
250	MixinHelper6	com/moonsworth/lunar/network/MixinHelper6.java	17
250	MixinHelper62	com/moonsworth/lunar/network/MixinHelper62.java	44
250	MixinHelper63	com/moonsworth/lunar/network/MixinHelper63.java	27
250	MixinHelper7	com/moonsworth/lunar/network/MixinHelper7.java	39
250	MixinHelper8	com/moonsworth/lunar/network/MixinHelper8.java	29
250	MixinHelper9	com/moonsworth/lunar/network/MixinHelper9.java	27
250	MixinHelper_2	com/moonsworth/lunar/network/MixinHelper_2.java	46
250	Network	com/moonsworth/lunar/network/Network.java	1
250	AnalyticsBatcher	com/moonsworth/lunar/network/Network2.java	46
250	NetworkIterator	com/moonsworth/lunar/network/NetworkIterator.java	39
250	GameRewindLayerAddEvent	com/moonsworth/lunar/network/NetworkIterator2.java	39
250	GameRewindProjectExportEvent	com/moonsworth/lunar/network/NetworkIterator3.java	39
250	GamePromotionInteractionEvent	com/moonsworth/lunar/network/NetworkIterator4.java	39
250	GameRewindEditorSessionEvent	com/moonsworth/lunar/network/NetworkIterator5.java	39
250	GameRewindRecordingEvent	com/moonsworth/lunar/network/NetworkIterator6.java	39
250	ApiCallback	com/moonsworth/lunar/network/mixin/ApiCallback.java	13
250	ApiClient	com/moonsworth/lunar/network/mixin/ApiClient.java	201
250	ApiException	com/moonsworth/lunar/network/mixin/ApiException.java	19
250	ApiKeyAuth	com/moonsworth/lunar/network/mixin/ApiKeyAuth.java	17
250	ApiResponse	com/moonsworth/lunar/network/mixin/ApiResponse.java	4
250	Authentication	com/moonsworth/lunar/network/mixin/Authentication.java	3
250	Configuration	com/moonsworth/lunar/network/mixin/Configuration.java	6
251	GzipRequestInterceptor	com/moonsworth/lunar/network/mixin/GzipRequestInterceptor.java	2
251	HttpBasicAuth	com/moonsworth/lunar/network/mixin/HttpBasicAuth.java	4
251	HttpBearerAuth	com/moonsworth/lunar/network/mixin/HttpBearerAuth.java	10
251	InterceptorImpl	com/moonsworth/lunar/network/mixin/InterceptorImpl.java	9
251	MixinHelper	com/moonsworth/lunar/network/mixin/MixinHelper.java	310
251	MixinHelper10	com/moonsworth/lunar/network/mixin/MixinHelper10.java	7
251	MixinHelper102	com/moonsworth/lunar/network/mixin/MixinHelper102.java	20
251	MixinHelper103	com/moonsworth/lunar/network/mixin/MixinHelper103.java	5
251	MixinHelper104	com/moonsworth/lunar/network/mixin/MixinHelper104.java	12
251	MixinHelper2	com/moonsworth/lunar/network/mixin/MixinHelper2.java	12
251	MixinHelper3	com/moonsworth/lunar/network/mixin/MixinHelper3.java	16
251	MixinHelper4	com/moonsworth/lunar/network/mixin/MixinHelper4.java	7
251	MixinHelper5	com/moonsworth/lunar/network/mixin/MixinHelper5.java	14
251	MixinHelper6	com/moonsworth/lunar/network/mixin/MixinHelper6.java	3
251	MixinHelper7	com/moonsworth/lunar/network/mixin/MixinHelper7.java	89
251	MixinHelper8	com/moonsworth/lunar/network/mixin/MixinHelper8.java	5
251	MixinHelper9	com/moonsworth/lunar/network/mixin/MixinHelper9.java	6
251	MixinHelperException	com/moonsworth/lunar/network/mixin/MixinHelperException.java	32
251	Pair	com/moonsworth/lunar/network/mixin/Pair.java	5
251	ProgressRequestBody	com/moonsworth/lunar/network/mixin/ProgressRequestBody.java	3
251	ProgressResponseBody	com/moonsworth/lunar/network/mixin/ProgressResponseBody.java	7
251	RequestBodyImpl	com/moonsworth/lunar/network/mixin/RequestBodyImpl.java	10
251	ResponseBodyImpl	com/moonsworth/lunar/network/mixin/ResponseBodyImpl.java	12
251	ServerConfiguration	com/moonsworth/lunar/network/mixin/ServerConfiguration.java	11
251	ServerVariable	com/moonsworth/lunar/network/mixin/ServerVariable.java	3
252	StringUtil	com/moonsworth/lunar/network/mixin/StringUtil.java	6
252	AbstractGuiButtonMixin_v1_8	com/moonsworth/lunar/replaymod/mixin/AbstractGuiButtonMixin_v1_8.java	12
252	AbstractGuiDropdownEntryMixin_v1_8	com/moonsworth/lunar/replaymod/mixin/AbstractGuiDropdownEntryMixin_v1_8.java	15
252	AbstractGuiDropdownMenuMixin_v1_8	com/moonsworth/lunar/replaymod/mixin/AbstractGuiDropdownMenuMixin_v1_8.java	10
252	AbstractGuiLabel_v1_8	com/moonsworth/lunar/replaymod/mixin/AbstractGuiLabel_v1_8.java	2
252	AbstractGuiPopup_GuiPanel_v1_8	com/moonsworth/lunar/replaymod/mixin/AbstractGuiPopup_GuiPanel_v1_8.java	1
252	AbstractGuiScreenMixin_v1_8	com/moonsworth/lunar/replaymod/mixin/AbstractGuiScreenMixin_v1_8.java	17
252	AbstractGuiSliderMixin_v1_8	com/moonsworth/lunar/replaymod/mixin/AbstractGuiSliderMixin_v1_8.java	9
252	AbstractGuiTimelineMixin_v1_8	com/moonsworth/lunar/replaymod/mixin/AbstractGuiTimelineMixin_v1_8.java	18
252	AbstractGuiTimelineTimeMixin_v1_8	com/moonsworth/lunar/replaymod/mixin/AbstractGuiTimelineTimeMixin_v1_8.java	5
252	CameraEntityMixin_v1_8	com/moonsworth/lunar/replaymod/mixin/CameraEntityMixin_v1_8.java	4
252	ConnectionEventHandlerMixin_v1_8	com/moonsworth/lunar/replaymod/mixin/ConnectionEventHandlerMixin_v1_8.java	5
252	EntityRendererHandlerMixin_v1_8	com/moonsworth/lunar/replaymod/mixin/EntityRendererHandlerMixin_v1_8.java	6
252	GuiBackgroundProcessMixin_Element_v1_8	com/moonsworth/lunar/replaymod/mixin/GuiBackgroundProcessMixin_Element_v1_8.java	1
252	GuiHandlerReplayMixin_v1_12	com/moonsworth/lunar/replaymod/mixin/GuiHandlerReplayMixin_v1_12.java	2
252	GuiHandlerReplayMixin_v1_8	com/moonsworth/lunar/replaymod/mixin/GuiHandlerReplayMixin_v1_8.java	2
252	GuiPathingMixin$11_v1_12	com/moonsworth/lunar/replaymod/mixin/GuiPathingMixin$11_v1_12.java	4
252	GuiPathingMixin$11_v1_8	com/moonsworth/lunar/replaymod/mixin/GuiPathingMixin$11_v1_8.java	4
252	GuiRecordingControlsMixin_v1_8	com/moonsworth/lunar/replaymod/mixin/GuiRecordingControlsMixin_v1_8.java	4
252	GuiReplayViewerMixin_v1_8	com/moonsworth/lunar/replaymod/mixin/GuiReplayViewerMixin_v1_8.java	3
252	GuiSavingReplayMixin_v1_8	com/moonsworth/lunar/replaymod/mixin/GuiSavingReplayMixin_v1_8.java	2
252	MCVerMixin_v1_8	com/moonsworth/lunar/replaymod/mixin/MCVerMixin_v1_8.java	3
252	MessageDeserializerMixin_v1_8	com/moonsworth/lunar/replaymod/mixin/MessageDeserializerMixin_v1_8.java	2
252	PacketListenerMixin_v1_8	com/moonsworth/lunar/replaymod/mixin/PacketListenerMixin_v1_8.java	12
252	PboOpenGlFrameCapturerMixin_v1_8	com/moonsworth/lunar/replaymod/mixin/PboOpenGlFrameCapturerMixin_v1_8.java	4
253	ReplayHandlerMixin_v1_8	com/moonsworth/lunar/replaymod/mixin/ReplayHandlerMixin_v1_8.java	6
253	ReplayModBackendMixin_v1_8	com/moonsworth/lunar/replaymod/mixin/ReplayModBackendMixin_v1_8.java	1
253	ReplayModMixinConfigPluginMixin_v1_8	com/moonsworth/lunar/replaymod/mixin/ReplayModMixinConfigPluginMixin_v1_8.java	1
253	SettingKeysMixin_v1_8	com/moonsworth/lunar/replaymod/mixin/SettingKeysMixin_v1_8.java	6
253	SettingsRegistryMixin_v1_8	com/moonsworth/lunar/replaymod/mixin/SettingsRegistryMixin_v1_8.java	7
253	VanillaGuiScreen_EventHandlerMixin_v1_8	com/moonsworth/lunar/replaymod/mixin/VanillaGuiScreen_EventHandlerMixin_v1_8.java	8
253	ForgeHooksClientMixin	com/moonsworth/lunar/v1_12/mixin/ForgeHooksClientMixin.java	10
253	GuiIngameForgeMixin	com/moonsworth/lunar/v1_12/mixin/GuiIngameForgeMixin.java	80
253	GuiScreenMixin	com/moonsworth/lunar/v1_12/mixin/GuiScreenMixin.java	1
253	GuiUtilsMixin	com/moonsworth/lunar/v1_12/mixin/GuiUtilsMixin.java	3
253	KeyBindingMixin	com/moonsworth/lunar/v1_12/mixin/KeyBindingMixin.java	8
253	ServerListEntryNormalMixin	com/moonsworth/lunar/v1_12/mixin/ServerListEntryNormalMixin.java	4
253	AbstractTextureMixin	com/moonsworth/lunar/v1_7/mixin/AbstractTextureMixin.java	2
253	ConfigMixin	com/moonsworth/lunar/v1_7/mixin/ConfigMixin.java	12
253	CustomColorizerMixin	com/moonsworth/lunar/v1_7/mixin/CustomColorizerMixin.java	5
253	CustomSkyLayerMixin	com/moonsworth/lunar/v1_7/mixin/CustomSkyLayerMixin.java	4
253	CustomSkyMixin	com/moonsworth/lunar/v1_7/mixin/CustomSkyMixin.java	12
253	EntityRendererMixin	com/moonsworth/lunar/v1_7/mixin/EntityRendererMixin.java	3
253	FontRendererMixin	com/moonsworth/lunar/v1_7/mixin/FontRendererMixin.java	91
253	GuiVideoSettingsMixin	com/moonsworth/lunar/v1_7/mixin/GuiVideoSettingsMixin.java	1
253	ItemRendererOFMixin	com/moonsworth/lunar/v1_7/mixin/ItemRendererOFMixin.java	9
253	RenderPlayerOFMixin	com/moonsworth/lunar/v1_7/mixin/RenderPlayerOFMixin.java	3
253	Slayer3Handler	com/moonsworth/lunar/v1_7/optifine/wrapper/Slayer3Handler.java	4
253	Slayer6Renderer2	com/moonsworth/lunar/v1_7/optifine/wrapper/Slayer6Renderer2.java	4
253	Slayer6Renderer22	com/moonsworth/lunar/v1_7/optifine/wrapper/Slayer6Renderer22.java	4
254	ForgeHooksClientMixin	com/moonsworth/lunar/v1_8/mixin/ForgeHooksClientMixin.java	15
254	GuiIngameForgeMixin	com/moonsworth/lunar/v1_8/mixin/GuiIngameForgeMixin.java	83
254	GuiScreenMixin	com/moonsworth/lunar/v1_8/mixin/GuiScreenMixin.java	1
254	GuiSlotMixin	com/moonsworth/lunar/v1_8/mixin/GuiSlotMixin.java	3
254	GuiUtilsMixin	com/moonsworth/lunar/v1_8/mixin/GuiUtilsMixin.java	3
254	ServerConfigurationManagerMixin	com/moonsworth/lunar/v1_8/mixin/ServerConfigurationManagerMixin.java	4
254	ServerListEntryNormalMixin	com/moonsworth/lunar/v1_8/mixin/ServerListEntryNormalMixin.java	4
254	TextureMapMixin	com/moonsworth/lunar/v1_8/mixin/TextureMapMixin.java	2
254	TileEntitySignRendererMixin	com/moonsworth/lunar/v1_8/mixin/TileEntitySignRendererMixin.java	3
254	VboRegionMixin	com/moonsworth/lunar/v1_8/mixin/VboRegionMixin.java	12
254	CustomItemsWrapper	com/moonsworth/lunar/v1_8/optifine/wrapper/CustomItemsWrapper.java	1
254	Slayer3Handler	com/moonsworth/lunar/v1_8/optifine/wrapper/Slayer3Handler.java	2
254	Slayer3Impl	com/moonsworth/lunar/v1_8/optifine/wrapper/Slayer3Impl.java	2
254	Slayer3Impl2	com/moonsworth/lunar/v1_8/optifine/wrapper/Slayer3Impl2.java	6
254	Wrapper2	com/moonsworth/lunar/v1_8/optifine/wrapper/Wrapper2.java	7
254	Wrapper22	com/moonsworth/lunar/v1_8/optifine/wrapper/Wrapper22.java	4
254	BridgeValueCodec	com/moonsworth/webosr/BridgeValueCodec.java	1
254	TextureHandler	com/moonsworth/webosr/TextureHandler.java	18
254	UltralightConfig	com/moonsworth/webosr/config/UltralightConfig.java	2
254	Clipboard	com/moonsworth/webosr/handler/Clipboard.java	1
254	FileSystem	com/moonsworth/webosr/handler/FileSystem.java	4
254	FunctionJS	com/moonsworth/webosr/handler/FunctionJS.java	1
254	Logger	com/moonsworth/webosr/handler/Logger.java	9
254	Modifiers	com/moonsworth/webosr/input/Modifiers.java	2
254	FunctionBus	com/moonsworth/webosr/javascript/FunctionBus.java	63
255	Browser	com/moonsworth/webosr/wrappers/Browser.java	96
255	NativeFuture	com/moonsworth/webosr/wrappers/NativeFuture.java	3
255	PlatformInterface	com/moonsworth/webosr/wrappers/PlatformInterface.java	4
255	PromiseJS	com/moonsworth/webosr/wrappers/PromiseJS.java	4
255	WebEngine	com/moonsworth/webosr/wrappers/WebEngine.java	5
255	ChildImageSource	com/moonsworth/webosr/wrappers/image/ChildImageSource.java	5
255	ImageSource	com/moonsworth/webosr/wrappers/image/ImageSource.java	4
255	TexturedImageSource	com/moonsworth/webosr/wrappers/image/TexturedImageSource.java	8
255	Block	net/minecraft/block/Block.java	5
255	BlockBasePressurePlate	net/minecraft/block/BlockBasePressurePlate.java	1
255	BlockButton	net/minecraft/block/BlockButton.java	1
255	BlockChest	net/minecraft/block/BlockChest.java	4
255	BlockCommandBlock	net/minecraft/block/BlockCommandBlock.java	1
255	BlockCrops	net/minecraft/block/BlockCrops.java	2
255	BlockDispenser	net/minecraft/block/BlockDispenser.java	4
255	BlockDoor	net/minecraft/block/BlockDoor.java	6
255	BlockFence	net/minecraft/block/BlockFence.java	6
255	BlockFire	net/minecraft/block/BlockFire.java	2
255	BlockPane	net/minecraft/block/BlockPane.java	6
255	BlockPistonBase	net/minecraft/block/BlockPistonBase.java	2
255	BlockPortal	net/minecraft/block/BlockPortal.java	5
255	BlockRailBase	net/minecraft/block/BlockRailBase.java	6
255	BlockRailDetector	net/minecraft/block/BlockRailDetector.java	2
255	BlockRailPowered	net/minecraft/block/BlockRailPowered.java	1
255	BlockRedstoneComparator	net/minecraft/block/BlockRedstoneComparator.java	1
256	BlockRedstoneWire	net/minecraft/block/BlockRedstoneWire.java	1
256	BlockSlab	net/minecraft/block/BlockSlab.java	1
256	BlockStairs	net/minecraft/block/BlockStairs.java	20
256	BlockTrapDoor	net/minecraft/block/BlockTrapDoor.java	1
256	BlockTripWire	net/minecraft/block/BlockTripWire.java	5
256	BlockTripWireHook	net/minecraft/block/BlockTripWireHook.java	11
256	BlockVine	net/minecraft/block/BlockVine.java	2
256	BlockWall	net/minecraft/block/BlockWall.java	3
256	Minecraft	net/minecraft/client/Minecraft.java	9
256	SoundManager	net/minecraft/client/audio/SoundManager.java	1
256	EntityPlayerSP	net/minecraft/client/entity/EntityPlayerSP.java	7
256	FontRenderer	net/minecraft/client/gui/FontRenderer.java	3
256	GuiIngame	net/minecraft/client/gui/GuiIngame.java	1
256	GuiIngameMenu	net/minecraft/client/gui/GuiIngameMenu.java	1
256	GuiKeyBindingList	net/minecraft/client/gui/GuiKeyBindingList.java	2
256	GuiPageButtonList	net/minecraft/client/gui/GuiPageButtonList.java	1
256	GuiPlayerTabOverlay	net/minecraft/client/gui/GuiPlayerTabOverlay.java	1
256	GuiSlot	net/minecraft/client/gui/GuiSlot.java	2
256	GuiTextField	net/minecraft/client/gui/GuiTextField.java	2
256	ServerListEntryNormal	net/minecraft/client/gui/ServerListEntryNormal.java	2
256	GuiAchievements	net/minecraft/client/gui/achievement/GuiAchievements.java	1
256	GuiContainer	net/minecraft/client/gui/inventory/GuiContainer.java	6
256	GuiContainerCreative	net/minecraft/client/gui/inventory/GuiContainerCreative.java	1
256	Main	net/minecraft/client/main/Main.java	2
256	ModelHorse	net/minecraft/client/model/ModelHorse.java	6
257	PlayerControllerMP	net/minecraft/client/multiplayer/PlayerControllerMP.java	2
257	EntityFirework	net/minecraft/client/particle/EntityFirework.java	6
257	ActiveRenderInfo	net/minecraft/client/renderer/ActiveRenderInfo.java	0
257	BlockFluidRenderer	net/minecraft/client/renderer/BlockFluidRenderer.java	6
257	BlockModelRenderer	net/minecraft/client/renderer/BlockModelRenderer.java	3
257	RenderGlobal	net/minecraft/client/renderer/RenderGlobal.java	8
257	ModelBlock	net/minecraft/client/renderer/block/model/ModelBlock.java	2
257	ChunkRenderDispatcher	net/minecraft/client/renderer/chunk/ChunkRenderDispatcher.java	5
257	RendererLivingEntity	net/minecraft/client/renderer/entity/RendererLivingEntity.java	3
257	SimpleTexture	net/minecraft/client/renderer/texture/SimpleTexture.java	2
257	Stitcher	net/minecraft/client/renderer/texture/Stitcher.java	10
257	TileEntityBannerRenderer	net/minecraft/client/renderer/tileentity/TileEntityBannerRenderer.java	1
257	ResourcePackRepository	net/minecraft/client/resources/ResourcePackRepository.java	1
257	TextureMetadataSectionSerializer	net/minecraft/client/resources/data/TextureMetadataSectionSerializer.java	2
257	TwitchStream	net/minecraft/client/stream/TwitchStream.java	1
257	JsonBlendingMode	net/minecraft/client/util/JsonBlendingMode.java	3
257	CommandBase	net/minecraft/command/CommandBase.java	4
257	CommandClone	net/minecraft/command/CommandClone.java	2
257	CommandCompare	net/minecraft/command/CommandCompare.java	4
257	CommandParticle	net/minecraft/command/CommandParticle.java	2
257	CommandXP	net/minecraft/command/CommandXP.java	1
257	PlayerSelector	net/minecraft/command/PlayerSelector.java	6
257	ServerCommandManager	net/minecraft/command/ServerCommandManager.java	4
257	CommandAchievement	net/minecraft/command/server/CommandAchievement.java	3
257	CommandSaveAll	net/minecraft/command/server/CommandSaveAll.java	1
258	Entity	net/minecraft/entity/Entity.java	2
258	EntityLivingBase	net/minecraft/entity/EntityLivingBase.java	2
258	EntityTrackerEntry	net/minecraft/entity/EntityTrackerEntry.java	2
258	RandomPositionGenerator	net/minecraft/entity/ai/RandomPositionGenerator.java	3
258	EntityDragon	net/minecraft/entity/boss/EntityDragon.java	2
258	EntityArmorStand	net/minecraft/entity/item/EntityArmorStand.java	3
258	EntityMinecart	net/minecraft/entity/item/EntityMinecart.java	3
258	EntityEnderman	net/minecraft/entity/monster/EntityEnderman.java	2
258	EntityPlayer	net/minecraft/entity/player/EntityPlayer.java	4
258	EntitySmallFireball	net/minecraft/entity/projectile/EntitySmallFireball.java	2
258	ContainerRepair	net/minecraft/inventory/ContainerRepair.java	3
258	ItemArmorStand	net/minecraft/item/ItemArmorStand.java	2
258	ItemBed	net/minecraft/item/ItemBed.java	3
258	ItemDoor	net/minecraft/item/ItemDoor.java	3
258	ItemEnderEye	net/minecraft/item/ItemEnderEye.java	2
258	ItemFireworkCharge	net/minecraft/item/ItemFireworkCharge.java	8
258	ItemMap	net/minecraft/item/ItemMap.java	1
258	ItemStack	net/minecraft/item/ItemStack.java	0
258	RecipesArmor	net/minecraft/item/crafting/RecipesArmor.java	1
258	RecipesBanners	net/minecraft/item/crafting/RecipesBanners.java	4
258	JsonToNBT	net/minecraft/nbt/JsonToNBT.java	5
258	NBTTagCompound	net/minecraft/nbt/NBTTagCompound.java	7
258	NetHandlerPlayServer	net/minecraft/network/NetHandlerPlayServer.java	6
258	PingResponseHandler	net/minecraft/network/PingResponseHandler.java	7
258	PotionEffect	net/minecraft/potion/PotionEffect.java	2
259	PotionHelper	net/minecraft/potion/PotionHelper.java	42
259	ItemInWorldManager	net/minecraft/server/management/ItemInWorldManager.java	2
259	PlayerProfileCache	net/minecraft/server/management/PlayerProfileCache.java	2
259	TileEntityBeacon	net/minecraft/tileentity/TileEntityBeacon.java	2
259	TileEntityFurnace	net/minecraft/tileentity/TileEntityFurnace.java	4
259	EnumChatFormatting	net/minecraft/util/EnumChatFormatting.java	0
259	IntHashMap	net/minecraft/util/IntHashMap.java	9
259	LongHashMap	net/minecraft/util/LongHashMap.java	9
259	MathHelper	net/minecraft/util/MathHelper.java	2
259	Village	net/minecraft/village/Village.java	1
259	Teleporter	net/minecraft/world/Teleporter.java	2
259	World	net/minecraft/world/World.java	5
259	WorldServer	net/minecraft/world/WorldServer.java	1
259	BiomeGenMesa	net/minecraft/world/biome/BiomeGenMesa.java	3
259	Chunk	net/minecraft/world/chunk/Chunk.java	9
259	ChunkProviderFlat	net/minecraft/world/gen/ChunkProviderFlat.java	1
259	ChunkProviderHell	net/minecraft/world/gen/ChunkProviderHell.java	1
259	MapGenCaves	net/minecraft/world/gen/MapGenCaves.java	6
259	MapGenCavesHell	net/minecraft/world/gen/MapGenCavesHell.java	4
259	MapGenRavine	net/minecraft/world/gen/MapGenRavine.java	4
259	WorldGenDungeons	net/minecraft/world/gen/feature/WorldGenDungeons.java	0
259	WorldGenLakes	net/minecraft/world/gen/feature/WorldGenLakes.java	1
259	GenLayerEdge	net/minecraft/world/gen/layer/GenLayerEdge.java	2
