com.moonsworth.lunar.client.fishing.highlight	Highlight	com.moonsworth.lunar.client.replay.modsettings	Highlight	ReplayMod settings-registry adapter (implemented by replaymod.mixin SettingKeys*); ClientOption factory (getOption/method1); belongs to the replay subsystem, not external links
com.moonsworth.lunar.client.hitbox	Gui2Extension	com.moonsworth.lunar.client.ui.hud.row	Gui2Extension	HUD row-layout engine (Hitbox2 row iface + 4 handlers + LEFT/CENTER/RIGHT alignment enum); used by framework.TypedHudRenderer/HudRowElement
com.moonsworth.lunar.client.hitbox	Hitbox	com.moonsworth.lunar.client.ui.hud.row	Hitbox	HUD row-layout engine (Hitbox2 row iface + 4 handlers + LEFT/CENTER/RIGHT alignment enum); used by framework.TypedHudRenderer/HudRowElement
com.moonsworth.lunar.client.hitbox	Hitbox2	com.moonsworth.lunar.client.ui.hud.row	Hitbox2	HUD row-layout engine (Hitbox2 row iface + 4 handlers + LEFT/CENTER/RIGHT alignment enum); used by framework.TypedHudRenderer/HudRowElement
com.moonsworth.lunar.client.hitbox	Hitbox2Handler	com.moonsworth.lunar.client.ui.hud.row	Hitbox2Handler	HUD row-layout engine (Hitbox2 row iface + 4 handlers + LEFT/CENTER/RIGHT alignment enum); used by framework.TypedHudRenderer/HudRowElement
com.moonsworth.lunar.client.hitbox	Hitbox2Handler2	com.moonsworth.lunar.client.ui.hud.row	Hitbox2Handler2	HUD row-layout engine (Hitbox2 row iface + 4 handlers + LEFT/CENTER/RIGHT alignment enum); used by framework.TypedHudRenderer/HudRowElement
com.moonsworth.lunar.client.hitbox	Hitbox2Handler3	com.moonsworth.lunar.client.ui.hud.row	Hitbox2Handler3	HUD row-layout engine (Hitbox2 row iface + 4 handlers + LEFT/CENTER/RIGHT alignment enum); used by framework.TypedHudRenderer/HudRowElement
com.moonsworth.lunar.client.hitbox	Hitbox2Handler4	com.moonsworth.lunar.client.ui.hud.row	Hitbox2Handler4	HUD row-layout engine (Hitbox2 row iface + 4 handlers + LEFT/CENTER/RIGHT alignment enum); used by framework.TypedHudRenderer/HudRowElement
com.moonsworth.lunar.client.keystrokes	KeystrokesType	com.moonsworth.lunar.client.network.server	KeystrokesType	server-brand enum (HYPIXEL "Hypixel BungeeCord"/TEST); consumed by network.server.ServerBrandWatcher
com.moonsworth.lunar.client.mod.combat	AttackIndicator	com.moonsworth.lunar.client.mod.combat.attackindicator	AttackIndicator	move into feature folder; extends AbstractFeature; getId "ATTACK_INDICATOR"; keys: attackIndicatorDisplayMode, horizontal
com.moonsworth.lunar.client.mod.combat	Combo	com.moonsworth.lunar.client.mod.combat.combo	Combo	move into feature folder; extends AbstractFeature; getId "COMBO"; keys: combo, noCombo
com.moonsworth.lunar.client.mod.combat	Cooldowns	com.moonsworth.lunar.client.mod.combat.cooldowns	Cooldowns	move into feature folder; extends AbstractFeature; getId "COOLDOWNS"; keys: mode, cooldownTextPosition; Apollo cooldown module
com.moonsworth.lunar.client.mod.combat	DamageTint	com.moonsworth.lunar.client.mod.combat.damagetint	DamageTint	move into feature folder; extends AbstractFeature; getId "DAMAGE_TINT"; keys: textures/misc/vignette.png, lunar; Apollo vignette module
com.moonsworth.lunar.client.mod.combat	HitColor	com.moonsworth.lunar.client.mod.combat.hitcolor	HitColor	move into feature folder; extends AbstractFeature; getId "HIT_COLOR"; keys: hitArmorColor, shouldColorArmor
com.moonsworth.lunar.client.mod.combat	Hitbox	com.moonsworth.lunar.client.mod.combat.hitbox	Hitbox	move into feature folder; extends AbstractFeature; getId "HITBOX"; keys: Player, Item
com.moonsworth.lunar.client.mod.combat	KillSoundChildMod	com.moonsworth.lunar.client.mod.combat.killsounds	KillSoundChildMod	move into feature folder; child of KillSounds (ctor param); extends AbstractFeature; keys: soundFileName, volume
com.moonsworth.lunar.client.mod.combat	KillSounds	com.moonsworth.lunar.client.mod.combat.killsounds	KillSounds	move into feature folder; extends AbstractFeature; getId "KILL_SOUNDS"; keys: KILL_SOUNDS, openSoundFolder
com.moonsworth.lunar.client.mod.combat	KnockbackGroundGraph	com.moonsworth.lunar.client.mod.combat.knockbacktrainer	KnockbackGroundGraph	move into feature folder; child of KnockbackTrainer (ctor param); extends AbstractFeature; getId "KNOCKBACK_GROUND_GRAPH"; keys: groundScanCap, graphColor
com.moonsworth.lunar.client.mod.combat	KnockbackJumpTiming	com.moonsworth.lunar.client.mod.combat.knockbacktrainer	KnockbackJumpTiming	move into feature folder; child of KnockbackTrainer (ctor param); extends AbstractFeature; getId "KNOCKBACK_JUMP_TIMING"; keys: perfectColor, earlyColor
com.moonsworth.lunar.client.mod.combat	KnockbackStats	com.moonsworth.lunar.client.mod.combat.knockbacktrainer	KnockbackStats	move into feature folder; child of KnockbackTrainer (ctor param); extends AbstractFeature; getId "KNOCKBACK_STATS"; keys: showFallingPercent, showStreak
com.moonsworth.lunar.client.mod.combat	KnockbackTrainer	com.moonsworth.lunar.client.mod.combat.knockbacktrainer	KnockbackTrainer	move into feature folder; extends AbstractFeature; getId "KNOCKBACK_TRAINER"; keys: lunar, sound/voice_up.ogg
com.moonsworth.lunar.client.mod.combat	PotionCounter	com.moonsworth.lunar.client.mod.combat.potioncounter	PotionCounter	move into feature folder; extends AbstractFeature; getId "POTION_COUNTER"; keys: potionCounter, POTION_COUNTER
com.moonsworth.lunar.client.mod.combat	PvpInfo	com.moonsworth.lunar.client.mod.combat.pvpinfo	PvpInfo	move into feature folder; extends AbstractFeature; getId "PVP_INFO"; keys: timePeriod, resetOnWorldChange
com.moonsworth.lunar.client.mod.combat	PvpInfoHealthChild	com.moonsworth.lunar.client.mod.combat.pvpinfo	PvpInfoHealthChild	move into feature folder; child of PvpInfo (ctor param); extends Framework7Extension2; getId "PVP_INFO_HEALTH_CHILD"; keys: lostHealth, recoveredHealth
com.moonsworth.lunar.client.mod.combat	PvpInfoMeleeChild	com.moonsworth.lunar.client.mod.combat.pvpinfo	PvpInfoMeleeChild	move into feature folder; child of PvpInfo (ctor param); extends Framework7Extension2; getId "PVP_INFO_MELEE_CHILD"; keys: hitAccuracy, hitsTaken
com.moonsworth.lunar.client.mod.combat	PvpInfoProjectileChild	com.moonsworth.lunar.client.mod.combat.pvpinfo	PvpInfoProjectileChild	move into feature folder; child of PvpInfo (ctor param); extends Framework7Extension2; getId "PVP_INFO_PROJECTILE_CHILD"; keys: bowAccuracy, rodAccuracy
com.moonsworth.lunar.client.mod.combat	ReachDisplay	com.moonsworth.lunar.client.mod.combat.reachdisplay	ReachDisplay	move into feature folder; extends AbstractFeature; getId "REACH_DISPLAY"; keys: #.##, reverseOrder
com.moonsworth.lunar.client.mod.combat	Shields	com.moonsworth.lunar.client.mod.combat.shields	Shields	move into feature folder; extends AbstractFeature; getId "SHIELDS"; keys: enableShieldColors, animateColorTransition
com.moonsworth.lunar.client.mod.combat	SkyblockDamageSplash	com.moonsworth.lunar.client.mod.skyblock.damagesplash	SkyblockDamageSplash	move into feature folder; extends AbstractFeature; getId "SKYBLOCK_DAMAGE_SPLASH"; keys: ^(\\d{1,3}(,\\d{3})*|\\d+)$, ^[✧✯](\\d{1,3}(,\\d{3})*|\\d+)[✧✯]$
com.moonsworth.lunar.client.mod.combat	TntCountdown	com.moonsworth.lunar.client.mod.combat.tntcountdown	TntCountdown	move into feature folder; extends AbstractFeature; getId "TNT_COUNTDOWN"; keys: 0.00, textPrefix; Apollo tntcountdown module
com.moonsworth.lunar.client.mod.combat	TotemCounter	com.moonsworth.lunar.client.mod.combat.totemcounter	TotemCounter	move into feature folder; extends AbstractFeature; getId "TOTEM_COUNTER"; keys: showNametag, showTabList
com.moonsworth.lunar.client.mod.combat	TotemCounterHudChild	com.moonsworth.lunar.client.mod.combat.totemcounter	TotemCounterHudChild	move into feature folder; child of TotemCounter (ctor param); extends AbstractFeature; getId "TOTEM_COUNTER_HUD_CHILD"; keys: iconMode, showPrefix
com.moonsworth.lunar.client.mod.hud	ActionBar	com.moonsworth.lunar.client.mod.hud.actionbar	ActionBar	move into feature folder; extends AbstractFeature; getId "ACTION_BAR"; keys: textShadow, minecraftDefault
com.moonsworth.lunar.client.mod.hud	AudioSubtitles	com.moonsworth.lunar.client.mod.hud.audiosubtitles	AudioSubtitles	move into feature folder; extends AbstractFeature; getId "AUDIO_SUBTITLES"; keys: Subtitle 1, Subtitle 2
com.moonsworth.lunar.client.mod.hud	BedwarsUpgrade	com.moonsworth.lunar.client.mod.misc.hypixelbedwars	BedwarsUpgrade	move into feature folder; child of HypixelBedwars (ctor param); keys: Forge
com.moonsworth.lunar.client.mod.hud	Bossbar	com.moonsworth.lunar.client.mod.hud.bossbar	Bossbar	move into feature folder; extends AbstractFeature; getId "BOSSBAR"; keys: lunar, icons/icons.png
com.moonsworth.lunar.client.mod.hud	Clock	com.moonsworth.lunar.client.mod.hud.clock	Clock	move into feature folder; extends AbstractFeature; getId "CLOCK"; keys: h:mm, h:mm a
com.moonsworth.lunar.client.mod.hud	Coordinates	com.moonsworth.lunar.client.mod.hud.coordinates	Coordinates	move into feature folder; child of CoordinatesHud (ctor param); extends AbstractFeature; getId "COORDINATES"; keys: showWhileTyping, textShadow
com.moonsworth.lunar.client.mod.hud	CoordinatesChildHudMod	com.moonsworth.lunar.client.mod.hud.coordinates	CoordinatesChildHudMod	move into feature folder; child of CoordinatesHud (ctor param); extends AbstractFeature; keys: showLabel, labelColor
com.moonsworth.lunar.client.mod.hud	CoordinatesHud	com.moonsworth.lunar.client.mod.hud.coordinates	CoordinatesHud	move into feature folder; extends AbstractFeature; getId "COORDINATES"; keys: showWhileTyping, textShadow
com.moonsworth.lunar.client.mod.hud	Cps	com.moonsworth.lunar.client.mod.hud.cps	Cps	move into feature folder; extends AbstractFeature; getId "CPS"; keys: rightClick, showCPSText
com.moonsworth.lunar.client.mod.hud	CustomKeystrokeKey	com.moonsworth.lunar.client.mod.hud.keystrokes	CustomKeystrokeKey	move into feature folder; child of Keystrokes (ctor param); extends KeystrokeKey; getId "KEYSTROKE_KEY_"; keys: customKey, customText
com.moonsworth.lunar.client.mod.hud	DayCounter	com.moonsworth.lunar.client.mod.hud.daycounter	DayCounter	move into feature folder; extends AbstractFeature; getId "DAY_COUNTER"; keys: useWorldType, DAY_COUNTER
com.moonsworth.lunar.client.mod.hud	DebugTimerHud	com.moonsworth.lunar.client.mod.skyblock.debug	DebugTimerHud	move into feature folder; child of SkyblockDebugMod (ctor param); extends AbstractFeature; getId "DEBUG_TIMER_HUD"; keys: DEBUG_TIMER_HUD, start
com.moonsworth.lunar.client.mod.hud	DirectionHud	com.moonsworth.lunar.client.mod.hud.directionhud	DirectionHud	move into feature folder; extends AbstractFeature; getId "DIRECTION_HUD"; keys: borderThickness, background
com.moonsworth.lunar.client.mod.hud	F3Display	com.moonsworth.lunar.client.mod.hud.f3display	F3Display	move into feature folder; extends AbstractFeature; getId "F3_DISPLAY"; keys: enterAnimationDuration, exitAnimationDuration
com.moonsworth.lunar.client.mod.hud	F3ModuleChildMod	com.moonsworth.lunar.client.mod.hud.f3display	F3ModuleChildMod	move into feature folder; child of F3Display (ctor param); extends AbstractFeature; keys: name, New Module
com.moonsworth.lunar.client.mod.hud	Fps	com.moonsworth.lunar.client.mod.hud.fps	Fps	move into feature folder; extends AbstractFeature; getId "FPS"; keys: reverseOrder, reverse
com.moonsworth.lunar.client.mod.hud	HorseStats	com.moonsworth.lunar.client.mod.hud.horsestats	HorseStats	move into feature folder; extends AbstractFeature; getId "HORSE_STATS"; keys: textColor, speedColor
com.moonsworth.lunar.client.mod.hud	HudDebug	com.moonsworth.lunar.client.mod.misc.debug	HudDebug	move into feature folder; child of Debug (ctor param); extends AbstractFeature; getId "HUD_DEBUG"; keys: AbsX: %.2f - AbsY: %.2f, X: %.2f - Y: %,2f - Scale: %.2f - MC_Scale: %
com.moonsworth.lunar.client.mod.hud	HypixelBedwarsResourceCounterChild	com.moonsworth.lunar.client.mod.misc.hypixelbedwars	HypixelBedwarsResourceCounterChild	move into feature folder; child of HypixelBedwars (ctor param); extends AbstractFeature; getId "HYPIXEL_BEDWARS_RESOURCE_COUNTER_CHILD"; keys: lunar-bedwars-resource-counter-thread, textShadow
com.moonsworth.lunar.client.mod.hud	HypixelBedwarsStatsChild	com.moonsworth.lunar.client.mod.misc.hypixelbedwars	HypixelBedwarsStatsChild	move into feature folder; child of HypixelBedwars (ctor param); extends AbstractFeature; getId "HYPIXEL_BEDWARS_STATS_CHILD"; keys: textShadow, background
com.moonsworth.lunar.client.mod.hud	HypixelBedwarsTeamDisplayChild	com.moonsworth.lunar.client.mod.misc.hypixelbedwars	HypixelBedwarsTeamDisplayChild	move into feature folder; child of HypixelBedwars (ctor param); extends AbstractFeature; getId "HYPIXEL_BEDWARS_TEAM_DISPLAY_CHILD"; keys: flip, displayMode
com.moonsworth.lunar.client.mod.hud	HypixelBedwarsTimersChildHud	com.moonsworth.lunar.client.mod.misc.hypixelbedwars	HypixelBedwarsTimersChildHud	move into feature folder; child of HypixelBedwars (ctor param); extends AbstractFeature; getId "HYPIXEL_BEDWARS_TIMERS_CHILD_HUD"; keys: showTitle, showName
com.moonsworth.lunar.client.mod.hud	HypixelBedwarsUpgradeDisplayChild	com.moonsworth.lunar.client.mod.misc.hypixelbedwars	HypixelBedwarsUpgradeDisplayChild	move into feature folder; child of HypixelBedwars (ctor param); extends AbstractFeature; getId "HYPIXEL_BEDWARS_UPGRADE_DISPLAY_CHILD"; keys: )          .put(2, , )          .put(3, 
com.moonsworth.lunar.client.mod.hud	HypixelBedwarsUpgradeDisplayChild$HRICOROOOCCOCOROCRHHCRRIRCOICO$Data	com.moonsworth.lunar.client.mod.misc.hypixelbedwars	HypixelBedwarsUpgradeDisplayChild$HRICOROOOCCOCOROCRHHCRRIRCOICO$Data	move into feature folder; child of HypixelBedwars (ctor param); keys: Forge
com.moonsworth.lunar.client.mod.hud	HypixelTps	com.moonsworth.lunar.client.mod.misc.hypixel	HypixelTps	move into feature folder; child of HypixelMod (ctor param); extends AbstractFeature; getId "HYPIXEL_TPS"; keys: rollingAverageWindow, HYPIXEL_TPS
com.moonsworth.lunar.client.mod.hud	InventoryHud	com.moonsworth.lunar.client.mod.hud.inventoryhud	InventoryHud	move into feature folder; extends AbstractFeature; getId "INVENTORY_HUD"; keys: textures/gui/container/inventory.png, mcBackground
com.moonsworth.lunar.client.mod.hud	ItemCounter	com.moonsworth.lunar.client.mod.hud.itemcounter	ItemCounter	move into feature folder; extends AbstractFeature; getId "ITEM_COUNTER"; keys: childScale, itemCounterGrouped
com.moonsworth.lunar.client.mod.hud	ItemCounterElementChildMod	com.moonsworth.lunar.client.mod.hud.itemcounter	ItemCounterElementChildMod	move into feature folder; child of ItemCounter (ctor param); extends AbstractFeature; keys: renderItemIcon, textSide
com.moonsworth.lunar.client.mod.hud	Keystrokes	com.moonsworth.lunar.client.mod.hud.keystrokes	Keystrokes	move into feature folder; extends AbstractFeature; getId "KEYSTROKES"; keys: keystrokesMode, keyStrokesClicks
com.moonsworth.lunar.client.mod.hud	Memory	com.moonsworth.lunar.client.mod.hud.memory	Memory	move into feature folder; extends AbstractFeature; getId "MEMORY"; keys: displayMode, colorBasedOnUsage
com.moonsworth.lunar.client.mod.hud	PackDisplay	com.moonsworth.lunar.client.mod.hud.packdisplay	PackDisplay	move into feature folder; extends AbstractFeature; getId "PACK_DISPLAY"; keys: (?i)§[0-9A-F], packIcon
com.moonsworth.lunar.client.mod.hud	Ping	com.moonsworth.lunar.client.mod.hud.ping	Ping	move into feature folder; extends AbstractFeature; getId "PING"; keys: lunar-ping-mod-thread, updateIntervalSec
com.moonsworth.lunar.client.mod.hud	PingHud	com.moonsworth.lunar.client.mod.hud.ping	PingHud	move into feature folder; child of Ping (ctor param); extends AbstractFeature; getId "PING_HUD"; keys: pingIconColor, pingIconBackgroundColor
com.moonsworth.lunar.client.mod.hud	PingNametag	com.moonsworth.lunar.client.mod.hud.ping	PingNametag	move into feature folder; child of Ping (ctor param); extends AbstractFeature; getId "PING_NAMETAG"; keys: pingAbove, PING_NAMETAG
com.moonsworth.lunar.client.mod.hud	Playtime	com.moonsworth.lunar.client.mod.hud.playtime	Playtime	move into feature folder; extends AbstractFeature; getId "PLAYTIME"; keys: timeDisplayOption, time
com.moonsworth.lunar.client.mod.hud	ReplaymodRecordingIndicatorChild	com.moonsworth.lunar.client.mod.misc.replaymod	ReplaymodRecordingIndicatorChild	move into feature folder; child of Replaymod (ctor param); extends AbstractFeature; getId "REPLAYMOD_RECORDING_INDICATOR_CHILD"; keys: textShadow, REPLAYMOD_RECORDING_INDICATOR_CHILD
com.moonsworth.lunar.client.mod.hud	RewindRecordingIndicatorChild	com.moonsworth.lunar.client.mod.misc.rewind	RewindRecordingIndicatorChild	move into feature folder; child of RewindMod (ctor param); extends AbstractFeature; getId "REWIND_RECORDING_INDICATOR_CHILD"; keys: lunar, icons/rewind/circle.png
com.moonsworth.lunar.client.mod.hud	SaturationHudChild	com.moonsworth.lunar.client.mod.render.saturation	SaturationHudChild	move into feature folder; child of Saturation (ctor param); extends AbstractFeature; getId "SATURATION_HUD_CHILD"; keys: SATURATION_HUD_CHILD; Apollo saturation module
com.moonsworth.lunar.client.mod.hud	Scoreboard	com.moonsworth.lunar.client.mod.hud.scoreboard	Scoreboard	move into feature folder; extends AbstractFeature; getId "SCOREBOARD"; keys: ^[0-2][0-9]/[0-3][0-9]/[0-9][0-9] +([LlmM]), numbers
com.moonsworth.lunar.client.mod.hud	ServerAddress	com.moonsworth.lunar.client.mod.hud.serveraddress	ServerAddress	move into feature folder; extends AbstractFeature; getId "SERVER_ADDRESS"; keys: minecraft, textures/misc/unknown_server.png
com.moonsworth.lunar.client.mod.hud	ShaderPackDisplay	com.moonsworth.lunar.client.mod.hud.shaderpackdisplay	ShaderPackDisplay	move into feature folder; extends AbstractFeature; getId "SHADER_PACK_DISPLAY"; keys: displayPrefix, showIfNoShaders
com.moonsworth.lunar.client.mod.hud	SkyBlockTabWidgetHud	com.moonsworth.lunar.client.mod.skyblock.tabwidget	SkyBlockTabWidgetHud	move into feature folder; extends AbstractFeature; keys: skyBlockTabWidgetHuds, showTitle
com.moonsworth.lunar.client.mod.hud	SkyblockAngleHud	com.moonsworth.lunar.client.mod.skyblock.anglehud	SkyblockAngleHud	move into feature folder; extends AbstractFeature; getId "SKYBLOCK_ANGLE_HUD"; keys: angleHudDecimalPlaces, angleHudHoldingTool
com.moonsworth.lunar.client.mod.hud	SkyblockArrowPoisonHud	com.moonsworth.lunar.client.mod.skyblock.arrowpoisonhud	SkyblockArrowPoisonHud	move into feature folder; extends AbstractFeature; getId "SKYBLOCK_ARROW_POISON_HUD"; keys: showToxicArrowPoison, showTwilightArrowPoison
com.moonsworth.lunar.client.mod.hud	SkyblockBossTimer	com.moonsworth.lunar.client.mod.skyblock.bosstimer	SkyblockBossTimer	move into feature folder; extends AbstractFeature; getId "SKYBLOCK_BOSS_TIMER"; keys: SKYBLOCK_BOSS_TIMER, Slayer boss took 
com.moonsworth.lunar.client.mod.hud	SkyblockCaughtCrittersHud	com.moonsworth.lunar.client.mod.skyblock.caughtcrittershud	SkyblockCaughtCrittersHud	move into feature folder; extends AbstractFeature; getId "SKYBLOCK_CAUGHT_CRITTERS_HUD"; keys: ^CAPTURE! You caught a (?<critter>[\\w\\s]+?) and .*!$, ^CAPTURE! You 
com.moonsworth.lunar.client.mod.hud	SkyblockComposterHud	com.moonsworth.lunar.client.mod.skyblock.composterhud	SkyblockComposterHud	move into feature folder; extends AbstractFeature; getId "SKYBLOCK_COMPOSTER_HUD"; keys: Stored Compost: (.+), Time Left: (.+)
com.moonsworth.lunar.client.mod.hud	SkyblockCropTrackerHud	com.moonsworth.lunar.client.mod.skyblock.croptrackerhud	SkyblockCropTrackerHud	move into feature folder; extends AbstractFeature; getId "SKYBLOCK_CROP_TRACKER_HUD"; keys: skyblock_crop_drops.json, ^RARE CROP! (?<item>[\\w ]+)(?: \\(.+\\))*$
com.moonsworth.lunar.client.mod.hud	SkyblockDeathCounterHud	com.moonsworth.lunar.client.mod.skyblock.deathcounterhud	SkyblockDeathCounterHud	move into feature folder; extends AbstractFeature; getId "SKYBLOCK_DEATH_COUNTER_HUD"; keys: ^Team Deaths: (?<deaths>\\d+)$, deaths
com.moonsworth.lunar.client.mod.hud	SkyblockDebugHideHud	com.moonsworth.lunar.client.mod.skyblock.debug	SkyblockDebugHideHud	move into feature folder; child of SkyblockDebugMod (ctor param); extends AbstractFeature; getId "SKYBLOCK_DEBUG_HIDE_HUD"; keys: debugHideArmor, debugHideHearts
com.moonsworth.lunar.client.mod.hud	SkyblockDebugHud	com.moonsworth.lunar.client.mod.skyblock.debug	SkyblockDebugHud	move into feature folder; child of SkyblockDebugMod (ctor param); extends AbstractFeature; getId "SKYBLOCK_DEBUG_HUD"; keys: lunar, skyblock/hud/dolphin.png
com.moonsworth.lunar.client.mod.hud	SkyblockDebugHudInteractable	com.moonsworth.lunar.client.mod.skyblock.debug	SkyblockDebugHudInteractable	move into feature folder; child of SkyblockDebugMod (ctor param); extends AbstractFeature; getId "SKYBLOCK_DEBUG_HUD_INTERACTABLE"; keys: SKYBLOCK_DEBUG_HUD_INTERACTABLE, Interactable
com.moonsworth.lunar.client.mod.hud	SkyblockDebugHudScrollable	com.moonsworth.lunar.client.mod.skyblock.debug	SkyblockDebugHudScrollable	move into feature folder; child of SkyblockDebugMod (ctor param); extends AbstractFeature; getId "SKYBLOCK_DEBUG_HUD_SCROLLABLE"; keys: SKYBLOCK_DEBUG_HUD_SCROLLABLE, Row 
com.moonsworth.lunar.client.mod.hud	SkyblockDefHud	com.moonsworth.lunar.client.mod.skyblock.defhud	SkyblockDefHud	move into feature folder; extends Framework7Extension2; getId "SKYBLOCK_DEF_HUD"; keys: showEHP, SKYBLOCK_DEF_HUD
com.moonsworth.lunar.client.mod.hud	SkyblockDianaMobHud	com.moonsworth.lunar.client.mod.skyblock.dianamobhud	SkyblockDianaMobHud	move into feature folder; extends AbstractFeature; getId "SKYBLOCK_DIANA_MOB_HUD"; keys: showLootShareWarning, showShurikenWarning
com.moonsworth.lunar.client.mod.hud	SkyblockDungeonBlessingHud	com.moonsworth.lunar.client.mod.skyblock.dungeonblessinghud	SkyblockDungeonBlessingHud	move into feature folder; extends AbstractFeature; getId "SKYBLOCK_DUNGEON_BLESSING_HUD"; keys: lifeBlessingColor, powerBlessingColor
com.moonsworth.lunar.client.mod.hud	SkyblockDungeonMilestoneHud	com.moonsworth.lunar.client.mod.skyblock.dungeonmilestonehud	SkyblockDungeonMilestoneHud	move into feature folder; extends AbstractFeature; getId "SKYBLOCK_DUNGEON_MILESTONE_HUD"; keys: showMilestoneCondition, milestoneColor
com.moonsworth.lunar.client.mod.hud	SkyblockDungeonTimer	com.moonsworth.lunar.client.mod.skyblock.dungeontimer	SkyblockDungeonTimer	move into feature folder; extends AbstractFeature; getId "SKYBLOCK_DUNGEON_TIMER"; keys: skyblock_times.json, ^ +> EXTRA STATS <$
com.moonsworth.lunar.client.mod.hud	SkyblockFarmingHud	com.moonsworth.lunar.client.mod.skyblock.farminghud	SkyblockFarmingHud	move into feature folder; extends AbstractFeature; getId "SKYBLOCK_FARMING_HUD"; keys: skyblockShowCropsPerHour, skyblockShowFarmingXPPerHour
com.moonsworth.lunar.client.mod.hud	SkyblockFireFreezeTimer	com.moonsworth.lunar.client.mod.skyblock.firefreezetimer	SkyblockFireFreezeTimer	move into feature folder; extends AbstractFeature; getId "SKYBLOCK_FIRE_FREEZE_TIMER"; keys: timerColor, decimalPlaces
com.moonsworth.lunar.client.mod.hud	SkyblockFishingBaitHud	com.moonsworth.lunar.client.mod.skyblock.fishingbaithud	SkyblockFishingBaitHud	move into feature folder; extends AbstractFeature; getId "SKYBLOCK_FISHING_BAIT_HUD"; keys: countInventoryBait, groupBait
com.moonsworth.lunar.client.mod.hud	SkyblockFishingInfoHud	com.moonsworth.lunar.client.mod.skyblock.fishinginfohud	SkyblockFishingInfoHud	move into feature folder; extends AbstractFeature; getId "SKYBLOCK_FISHING_INFO_HUD"; keys: ^ §.\\[Lvl (?<level>\\d{1,3})] §(?<rarity>.)Dolphin.*$, GRAPPLING_HOOK
com.moonsworth.lunar.client.mod.hud	SkyblockFishingReelTimerHud	com.moonsworth.lunar.client.mod.skyblock.fishingreeltimerhud	SkyblockFishingReelTimerHud	move into feature folder; extends AbstractFeature; getId "SKYBLOCK_FISHING_REEL_TIMER_HUD"; keys: ^\\d\\.\\d|!!!$, textColor
com.moonsworth.lunar.client.mod.hud	SkyblockGiantHpAtFeet	com.moonsworth.lunar.client.mod.skyblock.gianthpatfeet	SkyblockGiantHpAtFeet	move into feature folder; extends AbstractFeature; getId "SKYBLOCK_GIANT_HP_AT_FEET"; keys: Giant, Sadan
com.moonsworth.lunar.client.mod.hud	SkyblockHarvestFeastTrackerHud	com.moonsworth.lunar.client.mod.skyblock.harvestfeasttrackerhud	SkyblockHarvestFeastTrackerHud	move into feature folder; extends AbstractFeature; getId "SKYBLOCK_HARVEST_FEAST_TRACKER_HUD"; keys: skyblock_harvest_feast_drops.json, ^RARE CROP! (?<item>[\\w ]+)(?: \\(
com.moonsworth.lunar.client.mod.hud	SkyblockHealthHud	com.moonsworth.lunar.client.mod.skyblock.healthhud	SkyblockHealthHud	move into feature folder; extends Framework7Extension2; getId "SKYBLOCK_HEALTH_HUD"; keys: SKYBLOCK_HEALTH_HUD
com.moonsworth.lunar.client.mod.hud	SkyblockHoppityEggHud	com.moonsworth.lunar.client.mod.skyblock.hoppityegghud	SkyblockHoppityEggHud	move into feature folder; extends AbstractFeature; getId "SKYBLOCK_HOPPITY_EGG_HUD"; keys: skyblock_hoppity_eggs.json, lunar
com.moonsworth.lunar.client.mod.hud	SkyblockInvincibilityHud	com.moonsworth.lunar.client.mod.skyblock.invincibilityhud	SkyblockInvincibilityHud	move into feature folder; extends AbstractFeature; getId "SKYBLOCK_INVINCIBILITY_HUD"; keys: lunar, skyblock/hud/totem_of_undying.png
com.moonsworth.lunar.client.mod.hud	SkyblockKeyGuardianTimer	com.moonsworth.lunar.client.mod.skyblock.keyguardiantimer	SkyblockKeyGuardianTimer	move into feature folder; extends AbstractFeature; getId "SKYBLOCK_KEY_GUARDIAN_TIMER"; keys: SKYBLOCK_KEY_GUARDIAN_TIMER, Key Guardian
com.moonsworth.lunar.client.mod.hud	SkyblockKuudraArmorStacksHud	com.moonsworth.lunar.client.mod.skyblock.kuudraarmorstackshud	SkyblockKuudraArmorStacksHud	move into feature folder; extends Framework7Extension2; getId "SKYBLOCK_KUUDRA_ARMOR_STACKS_HUD"; keys: skyblockOnlyShowWhenStacks, SKYBLOCK_KUUDRA_ARMOR_STACKS_HUD
com.moonsworth.lunar.client.mod.hud	SkyblockLividSolverHud	com.moonsworth.lunar.client.mod.skyblock.lividsolverhud	SkyblockLividSolverHud	move into feature folder; extends AbstractFeature; getId "SKYBLOCK_LIVID_SOLVER_HUD"; keys: lunar, skyblock/hud/livid.png
com.moonsworth.lunar.client.mod.hud	SkyblockManaHud	com.moonsworth.lunar.client.mod.skyblock.manahud	SkyblockManaHud	move into feature folder; extends Framework7Extension2; getId "SKYBLOCK_MANA_HUD"; keys: skyblockShowOverflowMana, SKYBLOCK_MANA_HUD
com.moonsworth.lunar.client.mod.hud	SkyblockNetherBossHud	com.moonsworth.lunar.client.mod.skyblock.netherbosshud	SkyblockNetherBossHud	move into feature folder; extends AbstractFeature; getId "SKYBLOCK_NETHER_BOSS_HUD"; keys: lunar, skyblock/hud/bladesoul.png
com.moonsworth.lunar.client.mod.hud	SkyblockPickonimbusDurability	com.moonsworth.lunar.client.mod.skyblock.pickonimbusdurability	SkyblockPickonimbusDurability	move into feature folder; extends AbstractFeature; getId "SKYBLOCK_PICKONIMBUS_DURABILITY"; keys: PICKONIMBUS, pickonimbus_durability
com.moonsworth.lunar.client.mod.hud	SkyblockPowderTrackerHud	com.moonsworth.lunar.client.mod.skyblock.powdertrackerhud	SkyblockPowderTrackerHud	move into feature folder; extends AbstractFeature; getId "SKYBLOCK_POWDER_TRACKER_HUD"; keys: powderTrackerResetTimeout, powderTrackerTimeoutLength
com.moonsworth.lunar.client.mod.hud	SkyblockProfessorGuardianHp	com.moonsworth.lunar.client.mod.skyblock.professorguardianhp	SkyblockProfessorGuardianHp	move into feature folder; extends AbstractFeature; getId "SKYBLOCK_PROFESSOR_GUARDIAN_HP"; keys: SKYBLOCK_PROFESSOR_GUARDIAN_HP
com.moonsworth.lunar.client.mod.hud	SkyblockQuiverHud	com.moonsworth.lunar.client.mod.skyblock.quiverhud	SkyblockQuiverHud	move into feature folder; extends AbstractFeature; getId "SKYBLOCK_QUIVER_HUD"; keys: ^Arrows Remaining: ([\\d,]+)$, quiver_arrow
com.moonsworth.lunar.client.mod.hud	SkyblockRaffleTasksHud	com.moonsworth.lunar.client.mod.skyblock.raffletaskshud	SkyblockRaffleTasksHud	move into feature folder; extends AbstractFeature; getId "SKYBLOCK_RAFFLE_TASKS_HUD"; keys: ^Your Raffle Tasks have refreshed!$, raffleTaskFilter
com.moonsworth.lunar.client.mod.hud	SkyblockReviveHud	com.moonsworth.lunar.client.mod.skyblock.revivehud	SkyblockReviveHud	move into feature folder; extends AbstractFeature; getId "SKYBLOCK_REVIVE_HUD"; keys: ^ ❣ (?<revivedPlayer>\\w+) was revived by (?<reviver>\\w+)!$, lunar
com.moonsworth.lunar.client.mod.hud	SkyblockScathaTrackerHud	com.moonsworth.lunar.client.mod.skyblock.scathatrackerhud	SkyblockScathaTrackerHud	move into feature folder; extends AbstractFeature; getId "SKYBLOCK_SCATHA_TRACKER_HUD"; keys: 730a6086-ad87-38fa-8fa4-0b76a060f4fc, ,       
com.moonsworth.lunar.client.mod.hud	SkyblockSkeletonHelmetHud	com.moonsworth.lunar.client.mod.skyblock.skeletonhelmethud	SkyblockSkeletonHelmetHud	move into feature folder; extends AbstractFeature; getId "SKYBLOCK_SKELETON_HELMET_HUD"; keys: hideSkeletonHatBones, SKELETON_HELMET
com.moonsworth.lunar.client.mod.hud	SkyblockSkillGlobeHud	com.moonsworth.lunar.client.mod.skyblock.skillglobehud	SkyblockSkillGlobeHud	move into feature folder; extends AbstractFeature; getId "SKYBLOCK_SKILL_GLOBE_HUD"; keys: displayTime, skillGlobeCircleColor
com.moonsworth.lunar.client.mod.hud	SkyblockSkillProgressBarHud	com.moonsworth.lunar.client.mod.skyblock.skillprogressbarhud	SkyblockSkillProgressBarHud	move into feature folder; extends AbstractFeature; getId "SKYBLOCK_SKILL_PROGRESS_BAR_HUD"; keys: skillBarColor, SKYBLOCK_SKILL_PROGRESS_BAR_HUD
com.moonsworth.lunar.client.mod.hud	SkyblockSkillProgressHud	com.moonsworth.lunar.client.mod.skyblock.skillprogresshud	SkyblockSkillProgressHud	move into feature folder; extends AbstractFeature; getId "SKYBLOCK_SKILL_PROGRESS_HUD"; keys: showSkillXpGained, showSkillProgress
com.moonsworth.lunar.client.mod.hud	SkyblockSkillXpTrackerHud	com.moonsworth.lunar.client.mod.skyblock.skillxptrackerhud	SkyblockSkillXpTrackerHud	move into feature folder; extends AbstractFeature; getId "SKYBLOCK_SKILL_XP_TRACKER_HUD"; keys: showSkillXpGained, showSkillXpPerHour
com.moonsworth.lunar.client.mod.hud	SkyblockSpeedHud	com.moonsworth.lunar.client.mod.skyblock.speedhud	SkyblockSpeedHud	move into feature folder; extends AbstractFeature; getId "SKYBLOCK_SPEED_HUD"; keys: showIcon, SKYBLOCK_SPEED_HUD
com.moonsworth.lunar.client.mod.hud	SkyblockSpiderDenRainHud	com.moonsworth.lunar.client.mod.skyblock.spiderdenrainhud	SkyblockSpiderDenRainHud	move into feature folder; extends AbstractFeature; getId "SKYBLOCK_SPIDER_DEN_RAIN_HUD"; keys: lunar, skyblock/entity/toxicrainslime.png
com.moonsworth.lunar.client.mod.hud	SkyblockStormHud	com.moonsworth.lunar.client.mod.skyblock.stormhud	SkyblockStormHud	move into feature folder; extends AbstractFeature; getId "SKYBLOCK_STORM_HUD"; keys: [BOSS] Storm: Pathetic Maxor, just like expected., [BOSS] Storm: I sho
com.moonsworth.lunar.client.mod.hud	SkyblockTerminalStatus	com.moonsworth.lunar.client.mod.skyblock.terminalstatus	SkyblockTerminalStatus	move into feature folder; extends AbstractFeature; getId "SKYBLOCK_TERMINAL_STATUS"; keys: showHud, skyBlockHideTerminalMessages
com.moonsworth.lunar.client.mod.hud	SkyblockTerracottaTimer	com.moonsworth.lunar.client.mod.skyblock.terracottatimer	SkyblockTerracottaTimer	move into feature folder; extends AbstractFeature; getId "SKYBLOCK_TERRACOTTA_TIMER"; keys: skyblockTerracottaTimerColor, skyblockTerracottaTimerDecimals
com.moonsworth.lunar.client.mod.hud	SkyblockTickTimerHud	com.moonsworth.lunar.client.mod.skyblock.ticktimerhud	SkyblockTickTimerHud	move into feature folder; extends AbstractFeature; getId "SKYBLOCK_TICK_TIMER_HUD"; keys: skyblockTickTimerMode, skyblockTickTimerDecimals
com.moonsworth.lunar.client.mod.hud	SkyblockVisitorHud	com.moonsworth.lunar.client.mod.skyblock.visitorhud	SkyblockVisitorHud	move into feature folder; extends AbstractFeature; getId "SKYBLOCK_VISITOR_HUD"; keys: ^Visitors: \\((\\d)\\)$, ^ Next Visitor: (.+)
com.moonsworth.lunar.client.mod.hud	SkyblockVisitorShoppingListHud	com.moonsworth.lunar.client.mod.skyblock.visitorshoppinglisthud	SkyblockVisitorShoppingListHud	move into feature folder; extends AbstractFeature; getId "SKYBLOCK_VISITOR_SHOPPING_LIST_HUD"; keys: ^OFFER ACCEPTED with (?<name>[\\w ]+) \\([A-Z]+\\)$, ^ (?<item>[\\w' ]
com.moonsworth.lunar.client.mod.hud	SkyblockVisitorTrackerHud	com.moonsworth.lunar.client.mod.skyblock.visitortrackerhud	SkyblockVisitorTrackerHud	move into feature folder; extends AbstractFeature; getId "SKYBLOCK_VISITOR_TRACKER_HUD"; keys: skyblock_visitors.json, ^OFFER ACCEPTED with ([\\w ]+) \\((?<rarity>[A
com.moonsworth.lunar.client.mod.hud	SkyblockVitalityHud	com.moonsworth.lunar.client.mod.skyblock.vitalityhud	SkyblockVitalityHud	move into feature folder; extends Framework7Extension2; getId "SKYBLOCK_VITALITY_HUD"; keys: alwaysShow, SKYBLOCK_VITALITY_HUD
com.moonsworth.lunar.client.mod.hud	SkyblockWhisperTrackerHud	com.moonsworth.lunar.client.mod.skyblock.whispertrackerhud	SkyblockWhisperTrackerHud	move into feature folder; extends AbstractFeature; getId "SKYBLOCK_WHISPER_TRACKER_HUD"; keys: whisperTrackerResetTimeout, whisperTrackerTimeoutLength
com.moonsworth.lunar.client.mod.hud	SkyblockWitherHealthHud	com.moonsworth.lunar.client.mod.skyblock.witherhealthhud	SkyblockWitherHealthHud	move into feature folder; extends AbstractFeature; getId "SKYBLOCK_WITHER_HEALTH_HUD"; keys: [BOSS] Maxor: YOU TRICKED ME!, [BOSS] Maxor: THAT BEAM! IT HURTS! IT H
com.moonsworth.lunar.client.mod.hud	Stopwatch	com.moonsworth.lunar.client.mod.hud.stopwatch	Stopwatch	move into feature folder; extends AbstractFeature; getId "STOPWATCH"; keys: STOPWATCH, addTimer; Apollo stopwatch module
com.moonsworth.lunar.client.mod.hud	StopwatchChildMod	com.moonsworth.lunar.client.mod.hud.stopwatch	StopwatchChildMod	move into feature folder; child of Stopwatch (ctor param); extends AbstractFeature; keys: stopwatchName, New Stopwatch; Apollo stopwatch module
com.moonsworth.lunar.client.mod.hud	Tab	com.moonsworth.lunar.client.mod.hud.tab	Tab	move into feature folder; extends AbstractFeature; getId "TAB"; keys: pingRow, headerColor
com.moonsworth.lunar.client.mod.hud	TimerChildMod	com.moonsworth.lunar.client.mod.hud.stopwatch	TimerChildMod	move into feature folder; child of Stopwatch (ctor param); extends AbstractFeature; keys: timerName, New Timer; Apollo stopwatch module
com.moonsworth.lunar.client.mod.hud	ToggleSneakHudChild	com.moonsworth.lunar.client.mod.movement.togglesneak	ToggleSneakHudChild	move into feature folder; child of ToggleSneak (ctor param); extends AbstractFeature; getId "TOGGLE_SNEAK_HUD_CHILD"; keys: lunar, icons/sprinting.png
com.moonsworth.lunar.client.mod.hud	TurboGroupRebuildsChildHudMod	com.moonsworth.lunar.client.mod.misc.debug	TurboGroupRebuildsChildHudMod	move into feature folder; child of TurboRenderingDebugMod (ctor param); extends AbstractFeature; getId "TURBO_GROUP_REBUILDS_CHILD_HUD_MOD"; keys: rebuildsPerFrame, avgInSeconds
com.moonsworth.lunar.client.mod.hud	Waila	com.moonsworth.lunar.client.mod.hud.waila	Waila	move into feature folder; extends AbstractFeature; getId "WAILA"; keys: showBlockCoords, blockCoordsColor
com.moonsworth.lunar.client.mod.hud	WailaHud	com.moonsworth.lunar.client.mod.hud.waila	WailaHud	move into feature folder; extends AbstractFeature; getId "WAILA"; keys: showBlockCoords, blockCoordsColor
com.moonsworth.lunar.client.mod.misc	ApolloDebugMod	com.moonsworth.lunar.client.mod.misc.debug	ApolloDebugMod	move into feature folder; extends AbstractFeature; getId "APOLLO_DEBUG_MOD"; keys: apolloRegisterPayloadPrint, apolloPacketReceivePrint
com.moonsworth.lunar.client.mod.misc	AutoTextActions	com.moonsworth.lunar.client.mod.misc.autotextactions	AutoTextActions	move into feature folder; extends AbstractFeature; getId "AUTO_TEXT_ACTIONS"; keys: AUTO_TEXT_ACTIONS, alert; Apollo autotexthotkey module
com.moonsworth.lunar.client.mod.misc	AutoTextHotkey	com.moonsworth.lunar.client.mod.misc.autotextactions	AutoTextHotkey	move into feature folder; extends AbstractFeature; getId "AUTO_TEXT_HOTKEY"; keys: notifyOnBlockedInput, AUTO_TEXT_HOTKEY; Apollo autotexthotkey module
com.moonsworth.lunar.client.mod.misc	BasicDebugMod	com.moonsworth.lunar.client.mod.misc.debug	BasicDebugMod	move into feature folder; extends AbstractFeature; getId "BASIC_DEBUG_MOD"; keys: showDebugOutput, debugType
com.moonsworth.lunar.client.mod.misc	Chat	com.moonsworth.lunar.client.mod.misc.chat	Chat	move into feature folder; extends AbstractFeature; getId "CHAT"; keys: minecraft:random.orb, minecraft:entity.experience_orb.pickup; Apollo chat module
com.moonsworth.lunar.client.mod.misc	ChatCommandAliasesChild	com.moonsworth.lunar.client.mod.misc.chat	ChatCommandAliasesChild	move into feature folder; extends AbstractFeature; getId "CHAT_COMMAND_ALIASES_CHILD"; keys: CHAT_COMMAND_ALIASES_CHILD, options; Apollo chat module
com.moonsworth.lunar.client.mod.misc	CompanionDebug	com.moonsworth.lunar.client.mod.misc.debug	CompanionDebug	move into feature folder; extends AbstractFeature; getId "COMPANION_DEBUG"; keys: showCompanionPath, showCompanionCollisionBox
com.moonsworth.lunar.client.mod.misc	CosmeticDebugMod	com.moonsworth.lunar.client.mod.misc.debug	CosmeticDebugMod	move into feature folder; extends AbstractFeature; getId "COSMETIC_DEBUG_MOD"; keys: COSMETIC_DEBUG_MOD, Cosmetic Debug
com.moonsworth.lunar.client.mod.misc	DirectMemoryDebugChildMod	com.moonsworth.lunar.client.mod.misc.debug	DirectMemoryDebugChildMod	move into feature folder; child of GraphDebugMod (ctor param); extends Debug; getId "DIRECT_MEMORY_DEBUG_CHILD_MOD"; keys: memoryFormat, DIRECT_MEMORY_DEBUG_CHILD_MOD
com.moonsworth.lunar.client.mod.misc	DynamiclistenerDebugMod	com.moonsworth.lunar.client.mod.misc.debug	DynamiclistenerDebugMod	move into feature folder; extends AbstractFeature; getId "DYNAMICLISTENER_DEBUG_MOD"; keys: enabledColor, disabledColor
com.moonsworth.lunar.client.mod.misc	EventDebugMod	com.moonsworth.lunar.client.mod.misc.debug	EventDebugMod	move into feature folder; extends AbstractFeature; getId "EVENT_DEBUG_MOD"; keys: mustUseDebuggingBus, , 
com.moonsworth.lunar.client.mod.misc	FeatureFlagDebug	com.moonsworth.lunar.client.mod.misc.debug	FeatureFlagDebug	move into feature folder; extends AbstractFeature; getId "FEATURE_FLAG_DEBUG"; keys: FEATURE_FLAG_DEBUG
com.moonsworth.lunar.client.mod.misc	FpsDebugMod	com.moonsworth.lunar.client.mod.misc.debug	FpsDebugMod	move into feature folder; extends AbstractFeature; getId "FPS_DEBUG_MOD"; keys: yyyy-MM-dd_HH-mm-ss, lunar-fps-debug
com.moonsworth.lunar.client.mod.misc	FragmentDebugChildMod	com.moonsworth.lunar.client.mod.misc.debug	FragmentDebugChildMod	move into feature folder; child of GraphDebugMod (ctor param); extends AbstractFeature; keys: turboShowGroupBounds, turboShowGroupCullBounds
com.moonsworth.lunar.client.mod.misc	GeckolibDebugMod	com.moonsworth.lunar.client.mod.misc.debug	GeckolibDebugMod	move into feature folder; extends AbstractFeature; getId "GECKOLIB_DEBUG_MOD"; keys: debugBoundingBoxes, background
com.moonsworth.lunar.client.mod.misc	GraphDebugMod	com.moonsworth.lunar.client.mod.misc.debug	GraphDebugMod	move into feature folder; extends AbstractFeature; getId "GRAPH_DEBUG_MOD"; keys: showChildModNames, GRAPH_DEBUG_MOD
com.moonsworth.lunar.client.mod.misc	GuiScale	com.moonsworth.lunar.client.mod.misc.guiscale	GuiScale	move into feature folder; extends AbstractFeature; getId "GUI_SCALE"; keys: hotbarScale, inventoryScale
com.moonsworth.lunar.client.mod.misc	HypixelBedwars	com.moonsworth.lunar.client.mod.misc.hypixelbedwars	HypixelBedwars	move into feature folder; extends AbstractFeature; getId "HYPIXEL_BEDWARS"; keys: coloredBeds, enablePracticeColor
com.moonsworth.lunar.client.mod.misc	HypixelMod	com.moonsworth.lunar.client.mod.misc.hypixel	HypixelMod	move into feature folder; extends AbstractFeature; getId "HYPIXEL_MOD"; keys: ^From .*: .*, ^You found .*in the well!
com.moonsworth.lunar.client.mod.misc	ItemTracker	com.moonsworth.lunar.client.mod.misc.itemtracker	ItemTracker	move into feature folder; extends AbstractFeature; getId "ITEM_TRACKER"; keys: textShadow, skyblockOnly
com.moonsworth.lunar.client.mod.misc	McDebugRenderer	com.moonsworth.lunar.client.mod.misc.debug	McDebugRenderer	move into feature folder; extends AbstractFeature; getId "MC_DEBUG_RENDERER"; keys: pathfinding, waterDebug
com.moonsworth.lunar.client.mod.misc	MemoryDebugChildMod	com.moonsworth.lunar.client.mod.misc.debug	MemoryDebugChildMod	move into feature folder; child of GraphDebugMod (ctor param); extends Debug; getId "MEMORY_DEBUG_CHILD_MOD"; keys: memoryFormat, MEMORY_DEBUG_CHILD_MOD
com.moonsworth.lunar.client.mod.misc	ModsEnabledDebugMod	com.moonsworth.lunar.client.mod.misc.debug	ModsEnabledDebugMod	move into feature folder; extends AbstractFeature; getId "MODS_ENABLED_DEBUG_MOD"; keys: showModsWithoutFeatureDynamic, MODS_ENABLED_DEBUG_MOD
com.moonsworth.lunar.client.mod.misc	OffHeapMemoryDebugChildMod	com.moonsworth.lunar.client.mod.misc.debug	OffHeapMemoryDebugChildMod	move into feature folder; child of GraphDebugMod (ctor param); extends Debug; getId "OFF_HEAP_MEMORY_DEBUG_CHILD_MOD"; keys: memoryFormat, OFF_HEAP_MEMORY_DEBUG_CHILD_MOD
com.moonsworth.lunar.client.mod.misc	OptimizationDebugMod	com.moonsworth.lunar.client.mod.misc.debug	OptimizationDebugMod	move into feature folder; extends AbstractFeature; getId "OPTIMIZATION_DEBUG_MOD"; keys: disabledOptimizations, forceEnabledOptimizations
com.moonsworth.lunar.client.mod.misc	OptionDumpMod	com.moonsworth.lunar.client.mod.misc.debug	OptionDumpMod	move into feature folder; extends AbstractFeature; getId "OPTION_DUMP_MOD"; keys: OPTION_DUMP_MOD, FX
com.moonsworth.lunar.client.mod.misc	PackOrganizer	com.moonsworth.lunar.client.mod.misc.packorganizer	PackOrganizer	move into feature folder; extends AbstractFeature; getId "PACK_ORGANIZER"; keys: showIncompatible, PACK_ORGANIZER
com.moonsworth.lunar.client.mod.misc	PanoramaMaker	com.moonsworth.lunar.client.mod.misc.panoramamaker	PanoramaMaker	move into feature folder; extends AbstractFeature; getId "PANORAMA_MAKER"; keys: makePanorama, screenshotMainMenu
com.moonsworth.lunar.client.mod.misc	PathfindingDebug	com.moonsworth.lunar.client.mod.misc.debug	PathfindingDebug	move into feature folder; extends AbstractFeature; getId "PATHFINDING_DEBUG"; keys: closed, open
com.moonsworth.lunar.client.mod.misc	ProfilerDebugMod	com.moonsworth.lunar.client.mod.misc.debug	ProfilerDebugMod	move into feature folder; child of FpsDebugMod (ctor param); extends AbstractFeature; getId "PROFILER_DEBUG_MOD"; keys: lunar-profiler, runProfiler
com.moonsworth.lunar.client.mod.misc	Quickplay	com.moonsworth.lunar.client.mod.misc.quickplay	Quickplay	move into feature folder; extends AbstractFeature; getId "QUICKPLAY"; keys: quickplayUIKeybind, QUICKPLAY
com.moonsworth.lunar.client.mod.misc	Radio	com.moonsworth.lunar.client.mod.misc.radio	Radio	move into feature folder; extends AbstractFeature; getId "RADIO"; keys: lunar, icons/assets/play-15x15-other.png
com.moonsworth.lunar.client.mod.misc	RaycastDebug	com.moonsworth.lunar.client.mod.misc.debug	RaycastDebug	move into feature folder; extends AbstractFeature; getId "RAYCAST_DEBUG"; keys: testDynamicBlockRaycast, raycastMode
com.moonsworth.lunar.client.mod.misc	Replaymod	com.moonsworth.lunar.client.mod.misc.replaymod	Replaymod	move into feature folder; extends AbstractFeature; getId "REPLAYMOD"; keys: lunar, replaymod/gui_lunar.png
com.moonsworth.lunar.client.mod.misc	Rewind	com.moonsworth.lunar.client.mod.misc.rewind	Rewind	move into feature folder; extends AbstractFeature; getId "REWIND"; keys: recordKey, pauseKey
com.moonsworth.lunar.client.mod.misc	RewindAudioManager	com.moonsworth.lunar.client.mod.misc.rewind	RewindAudioManager	move into feature folder; extends AbstractFeature; getId "REWIND_HANDLERS"; keys: RewindMod, REWIND_HANDLERS
com.moonsworth.lunar.client.mod.misc	RewindHandler	com.moonsworth.lunar.client.mod.misc.rewind	RewindHandler	move into feature folder; extends AbstractFeature; getId "REWIND_HANDLERS"; keys: REWIND_HANDLERS
com.moonsworth.lunar.client.mod.misc	RewindHandlers	com.moonsworth.lunar.client.mod.misc.rewind	RewindHandlers	move into feature folder; extends AbstractFeature; getId "REWIND_HANDLERS"; keys: localhost, camera
com.moonsworth.lunar.client.mod.misc	RewindHandlers2	com.moonsworth.lunar.client.mod.misc.rewind	RewindHandlers2	move into feature folder; extends AbstractFeature; getId "REWIND_HANDLERS"; keys: Rewind, REWIND_HANDLERS
com.moonsworth.lunar.client.mod.misc	RewindHandlers3	com.moonsworth.lunar.client.mod.misc.rewind	RewindHandlers3	move into feature folder; extends AbstractFeature; getId "REWIND_HANDLERS"; keys: REWIND_HANDLERS
com.moonsworth.lunar.client.mod.misc	RewindHandlers4	com.moonsworth.lunar.client.mod.misc.rewind	RewindHandlers4	move into feature folder; extends AbstractFeature; getId "REWIND_HANDLERS"; keys: render_queue, .json
com.moonsworth.lunar.client.mod.misc	RewindHandlers5	com.moonsworth.lunar.client.mod.misc.rewind	RewindHandlers5	move into feature folder; extends AbstractFeature; getId "REWIND_HANDLERS"; keys: lunar-rewind-recorder-thread, Rewind
com.moonsworth.lunar.client.mod.misc	RewindMod	com.moonsworth.lunar.client.mod.misc.rewind	RewindMod	move into feature folder; extends AbstractFeature; getId "REWIND"; keys: recordKey, pauseKey
com.moonsworth.lunar.client.mod.misc	RewindRecorder	com.moonsworth.lunar.client.mod.misc.rewind	RewindRecorder	move into feature folder; extends AbstractFeature; getId "REWIND_HANDLERS"; keys: lunar-rewind-recorder-thread, RewindMod
com.moonsworth.lunar.client.mod.misc	RewindRenderQueue	com.moonsworth.lunar.client.mod.misc.rewind	RewindRenderQueue	move into feature folder; extends AbstractFeature; getId "REWIND_HANDLERS"; keys: render_queue, .json
com.moonsworth.lunar.client.mod.misc	Screenshot	com.moonsworth.lunar.client.mod.misc.screenshot	Screenshot	move into feature folder; extends AbstractFeature; getId "SCREENSHOT"; keys: copyAutomatically, uploadOption
com.moonsworth.lunar.client.mod.misc	ServerCommandConfig	com.moonsworth.lunar.client.mod.misc.servercommandconfig	ServerCommandConfig	move into feature folder; extends AbstractFeature; getId "SERVER_COMMAND_CONFIG"; keys: SERVER_COMMAND_CONFIG
com.moonsworth.lunar.client.mod.misc	SettingsOverrideDebug	com.moonsworth.lunar.client.mod.misc.debug	SettingsOverrideDebug	move into feature folder; extends AbstractFeature; getId "SETTINGS_OVERRIDE_DEBUG"; keys: SETTINGS_OVERRIDE_DEBUG, modOverrides
com.moonsworth.lunar.client.mod.misc	ShaderDebugMod	com.moonsworth.lunar.client.mod.misc.debug	ShaderDebugMod	move into feature folder; extends AbstractFeature; getId "SHADER_DEBUG_MOD"; keys: reloadWornShader, openShaderCloakEditor
com.moonsworth.lunar.client.mod.misc	Skyblock	com.moonsworth.lunar.client.mod.skyblock.core	Skyblock	move into feature folder; extends AbstractFeature; getId "SKYBLOCK"; keys: chimeSound, minecraft:entity.experience_orb.pickup
com.moonsworth.lunar.client.mod.misc	SkyblockAffordableRabbit	com.moonsworth.lunar.client.mod.skyblock.chocolatefactory	SkyblockAffordableRabbit	move into feature folder; child of SkyblockChocolateFactory (ctor param); extends AbstractFeature; getId "SKYBLOCK_AFFORDABLE_RABBIT"; keys: SKYBLOCK_AFFORDABLE_RABBIT
com.moonsworth.lunar.client.mod.misc	SkyblockArrowAlign	com.moonsworth.lunar.client.mod.skyblock.terminalsolvers	SkyblockArrowAlign	move into feature folder; child of SkyblockTerminalSolvers (ctor param); extends TerminalSolverModule; getId "SKYBLOCK_ARROW_ALIGN"; keys: SKYBLOCK_ARROW_ALIGN
com.moonsworth.lunar.client.mod.misc	SkyblockAutoCopyRareDrops	com.moonsworth.lunar.client.mod.skyblock.autocopyraredrops	SkyblockAutoCopyRareDrops	move into feature folder; extends AbstractFeature; getId "SKYBLOCK_AUTO_COPY_RARE_DROPS"; keys: ^((((VERY|CRAZY) )?RARE)|INSANE) DROP!.*$, SKYBLOCK_AUTO_COPY_RARE_DRO
com.moonsworth.lunar.client.mod.misc	SkyblockAutoRequeue	com.moonsworth.lunar.client.mod.skyblock.autorequeue	SkyblockAutoRequeue	move into feature folder; extends AbstractFeature; getId "SKYBLOCK_AUTO_REQUEUE"; keys: ^ {6}Click HERE to re-queue into .*!$, ^Party > .*: !(dt|downtime).*$
com.moonsworth.lunar.client.mod.misc	SkyblockBestRabbit	com.moonsworth.lunar.client.mod.skyblock.chocolatefactory	SkyblockBestRabbit	move into feature folder; child of SkyblockChocolateFactory (ctor param); extends AbstractFeature; getId "SKYBLOCK_BEST_RABBIT"; keys: lunar, icons/assets/crown-16x16.png
com.moonsworth.lunar.client.mod.misc	SkyblockBitsShopHelper	com.moonsworth.lunar.client.mod.skyblock.bitsshophelper	SkyblockBitsShopHelper	move into feature folder; extends AbstractFeature; getId "SKYBLOCK_BITS_SHOP_HELPER"; keys: Speed Enrichment, God Potion
com.moonsworth.lunar.client.mod.misc	SkyblockBlazeSlayer	com.moonsworth.lunar.client.mod.skyblock.blazeslayer	SkyblockBlazeSlayer	move into feature folder; extends AbstractFeature; getId "SKYBLOCK_BLAZE_SLAYER"; keys: ^(?<mobTypes>[^ ]+ )?☠ Inferno Demonlord [IV]+ (.+)$, ^Spawned by: (.+
com.moonsworth.lunar.client.mod.misc	SkyblockBoulder	com.moonsworth.lunar.client.mod.skyblock.dungeonpuzzles	SkyblockBoulder	move into feature folder; child of SkyblockDungeonPuzzles (ctor param); extends AbstractFeature; getId "SKYBLOCK_BOULDER"; keys: SKYBLOCK_BOULDER
com.moonsworth.lunar.client.mod.misc	SkyblockBurrowLocating	com.moonsworth.lunar.client.mod.skyblock.burrowlocating	SkyblockBurrowLocating	move into feature folder; extends AbstractFeature; getId "SKYBLOCK_BURROW_LOCATING"; keys: burrowEstimateColor, burrowEstimateLine
com.moonsworth.lunar.client.mod.misc	SkyblockBurrowSharing	com.moonsworth.lunar.client.mod.skyblock.burrowsharing	SkyblockBurrowSharing	move into feature folder; extends AbstractFeature; getId "SKYBLOCK_BURROW_SHARING"; keys: ^[A-Za-z ]+! You dug out (a )?(?<mob>[A-Za-z ]+)!$, skyblockBurrowShar
com.moonsworth.lunar.client.mod.misc	SkyblockCalculatorInSigns	com.moonsworth.lunar.client.mod.skyblock.calculatorinsigns	SkyblockCalculatorInSigns	move into feature folder; extends AbstractFeature; getId "SKYBLOCK_CALCULATOR_IN_SIGNS"; keys: calculatorAllLines, answerColor
com.moonsworth.lunar.client.mod.misc	SkyblockChatCommands	com.moonsworth.lunar.client.mod.skyblock.chatcommands	SkyblockChatCommands	move into feature folder; extends AbstractFeature; getId "SKYBLOCK_CHAT_COMMANDS"; keys: commandPrefix, \\s+
com.moonsworth.lunar.client.mod.misc	SkyblockChestLooted	com.moonsworth.lunar.client.mod.skyblock.chestlooted	SkyblockChestLooted	move into feature folder; extends AbstractFeature; getId "SKYBLOCK_CHEST_LOOTED"; keys: );    private static final Pattern field9 = Pattern.compile(, announce
com.moonsworth.lunar.client.mod.misc	SkyblockChestProfit	com.moonsworth.lunar.client.mod.skyblock.chestprofit	SkyblockChestProfit	move into feature folder; extends AbstractFeature; getId "SKYBLOCK_CHEST_PROFIT"; keys: ^(Master )?Catacombs - (Floor (\\w+))$, ^Kuudra - \\w+$
com.moonsworth.lunar.client.mod.misc	SkyblockChildEnabledDebug	com.moonsworth.lunar.client.mod.skyblock.debug	SkyblockChildEnabledDebug	move into feature folder; child of SkyblockDebugMod (ctor param); extends AbstractFeature; getId "SKYBLOCK_CHILD_ENABLED_DEBUG"; keys: preMigration, SKYBLOCK_CHILD_ENABLED_DEBUG
com.moonsworth.lunar.client.mod.misc	SkyblockChocolateFactory	com.moonsworth.lunar.client.mod.skyblock.chocolatefactory	SkyblockChocolateFactory	move into feature folder; extends AbstractFeature; getId "SKYBLOCK_CHOCOLATE_FACTORY"; keys: );    private final Pattern field13 = Pattern.compile(, );    private 
com.moonsworth.lunar.client.mod.misc	SkyblockChocolateShopHelper	com.moonsworth.lunar.client.mod.skyblock.chocolatefactory	SkyblockChocolateShopHelper	move into feature folder; child of SkyblockChocolateFactory (ctor param); extends AbstractFeature; getId "SKYBLOCK_CHOCOLATE_SHOP_HELPER"; keys: : , title
com.moonsworth.lunar.client.mod.misc	SkyblockChocolateStats	com.moonsworth.lunar.client.mod.skyblock.chocolatefactory	SkyblockChocolateStats	move into feature folder; child of SkyblockChocolateFactory (ctor param); extends AbstractFeature; getId "SKYBLOCK_CHOCOLATE_STATS"; keys: SKYBLOCK_CHOCOLATE_STATS, copiedStats
com.moonsworth.lunar.client.mod.misc	SkyblockChronomatron	com.moonsworth.lunar.client.mod.skyblock.experimentsolvers	SkyblockChronomatron	move into feature folder; child of SkyblockExperimentSolvers (ctor param); extends ExperimentSolverModule; getId "SKYBLOCK_CHRONOMATRON"; keys: SKYBLOCK_CHRONOMATRON
com.moonsworth.lunar.client.mod.misc	SkyblockClickInOrder	com.moonsworth.lunar.client.mod.skyblock.terminalsolvers	SkyblockClickInOrder	move into feature folder; child of SkyblockTerminalSolvers (ctor param); extends TerminalSolverModule; getId "SKYBLOCK_CLICK_IN_ORDER"; keys: SKYBLOCK_CLICK_IN_ORDER
com.moonsworth.lunar.client.mod.misc	SkyblockCollectedSecret	com.moonsworth.lunar.client.mod.skyblock.collectedsecret	SkyblockCollectedSecret	move into feature folder; extends AbstractFeature; getId "SKYBLOCK_COLLECTED_SECRET"; keys: skyblockSecretCollectedChime, skyblockLeverChime
com.moonsworth.lunar.client.mod.misc	SkyblockCompletedCommissions	com.moonsworth.lunar.client.mod.skyblock.completedcommissions	SkyblockCompletedCommissions	move into feature folder; extends AbstractFeature; getId "SKYBLOCK_COMPLETED_COMMISSIONS"; keys: SKYBLOCK_COMPLETED_COMMISSIONS, Commission #
com.moonsworth.lunar.client.mod.misc	SkyblockCreationDate	com.moonsworth.lunar.client.mod.skyblock.creationdate	SkyblockCreationDate	move into feature folder; extends AbstractFeature; getId "SKYBLOCK_CREATION_DATE"; keys: MMMM d, yyyy h:mm a, M/d/yy h:mm a
com.moonsworth.lunar.client.mod.misc	SkyblockCriticalDungeonTeammate	com.moonsworth.lunar.client.mod.skyblock.criticaldungeonteammate	SkyblockCriticalDungeonTeammate	move into feature folder; extends AbstractFeature; getId "SKYBLOCK_CRITICAL_DUNGEON_TEAMMATE"; keys: skyBlockOnlyAlertAsHealer, skyBlockOnlyAlertWhenWishOffCooldown
com.moonsworth.lunar.client.mod.misc	SkyblockCustomMenuClick	com.moonsworth.lunar.client.mod.skyblock.custommenuclick	SkyblockCustomMenuClick	move into feature folder; extends AbstractFeature; getId "SKYBLOCK_CUSTOM_MENU_CLICK"; keys: SKYBLOCK_CUSTOM_MENU_CLICK, SKYBLOCK_MENU
com.moonsworth.lunar.client.mod.misc	SkyblockDebugChime	com.moonsworth.lunar.client.mod.skyblock.debug	SkyblockDebugChime	move into feature folder; child of SkyblockDebugMod (ctor param); extends AbstractFeature; getId "SKYBLOCK_DEBUG_CHIME"; keys: SKYBLOCK_DEBUG_CHIME, debugPlayChime
com.moonsworth.lunar.client.mod.misc	SkyblockDebugDisplayAlert	com.moonsworth.lunar.client.mod.skyblock.debug	SkyblockDebugDisplayAlert	move into feature folder; child of SkyblockDebugMod (ctor param); extends AbstractFeature; getId "SKYBLOCK_DEBUG_DISPLAY_ALERT"; keys: SKYBLOCK_DEBUG_DISPLAY_ALERT, debugTriggerDisplayAlert
com.moonsworth.lunar.client.mod.misc	SkyblockDebugGraphs	com.moonsworth.lunar.client.mod.skyblock.debug	SkyblockDebugGraphs	move into feature folder; child of SkyblockDebugMod (ctor param); extends AbstractFeature; getId "SKYBLOCK_DEBUG_GRAPHS"; keys: showPathEdges, showPathVertices
com.moonsworth.lunar.client.mod.misc	SkyblockDebugHotbarStackSize	com.moonsworth.lunar.client.mod.skyblock.debug	SkyblockDebugHotbarStackSize	move into feature folder; child of SkyblockDebugMod (ctor param); extends AbstractFeature; getId "SKYBLOCK_DEBUG_HOTBAR_STACK_SIZE"; keys: SKYBLOCK_DEBUG_HOTBAR_STACK_SIZE, debugRerollStackSizes
com.moonsworth.lunar.client.mod.misc	SkyblockDebugMod	com.moonsworth.lunar.client.mod.skyblock.debug	SkyblockDebugMod	move into feature folder; extends AbstractFeature; getId "SKYBLOCK_DEBUG_MOD"; keys: metalDetectorDataGen, SKYBLOCK_DEBUG_MOD
com.moonsworth.lunar.client.mod.misc	SkyblockDebugRandomLore	com.moonsworth.lunar.client.mod.skyblock.debug	SkyblockDebugRandomLore	move into feature folder; child of SkyblockDebugMod (ctor param); extends AbstractFeature; getId "SKYBLOCK_DEBUG_RANDOM_LORE"; keys: Ancient, Cursed
com.moonsworth.lunar.client.mod.misc	SkyblockDebugRarityBackground	com.moonsworth.lunar.client.mod.skyblock.debug	SkyblockDebugRarityBackground	move into feature folder; child of SkyblockDebugMod (ctor param); extends AbstractFeature; getId "SKYBLOCK_DEBUG_RARITY_BACKGROUND"; keys: debugRarityFallbackColor, SKYBLOCK_DEBUG_RARITY_BACKGROUND
com.moonsworth.lunar.client.mod.misc	SkyblockDivanAllToolsAlert	com.moonsworth.lunar.client.mod.skyblock.divanalltoolsalert	SkyblockDivanAllToolsAlert	move into feature folder; extends AbstractFeature; getId "SKYBLOCK_DIVAN_ALL_TOOLS_ALERT"; keys: DWARVEN_METAL_DETECTOR, Scavenged Lapis
com.moonsworth.lunar.client.mod.misc	SkyblockDnaAnalyzerSolver	com.moonsworth.lunar.client.mod.skyblock.dnaanalyzersolver	SkyblockDnaAnalyzerSolver	move into feature folder; extends AbstractFeature; getId "SKYBLOCK_DNA_ANALYZER_SOLVER"; keys: highlightColor, hideTooltips
com.moonsworth.lunar.client.mod.misc	SkyblockDragonFeatures	com.moonsworth.lunar.client.mod.skyblock.dragonfeatures	SkyblockDragonFeatures	move into feature folder; extends AbstractFeature; getId "SKYBLOCK_DRAGON_FEATURES"; keys: ^﴾ Withered Dragon( ᛤ)? ([\\w.]+)/([\\w.]+)❤ ﴿$, ^- (\\w+) Dragon ([\\
com.moonsworth.lunar.client.mod.misc	SkyblockDungeonBatHelper	com.moonsworth.lunar.client.mod.skyblock.dungeonbathelper	SkyblockDungeonBatHelper	move into feature folder; extends AbstractFeature; getId "SKYBLOCK_DUNGEON_BAT_HELPER"; keys: batScale, batHitbox
com.moonsworth.lunar.client.mod.misc	SkyblockDungeonBloodCampHelper	com.moonsworth.lunar.client.mod.skyblock.dungeonbloodcamphelper	SkyblockDungeonBloodCampHelper	move into feature folder; extends AbstractFeature; getId "SKYBLOCK_DUNGEON_BLOOD_CAMP_HELPER"; keys: bloodMobColor, showBloodMobLine
com.moonsworth.lunar.client.mod.misc	SkyblockDungeonBloodNotification	com.moonsworth.lunar.client.mod.skyblock.dungeonscorealert	SkyblockDungeonBloodNotification	move into feature folder; child of SkyblockDungeonScoreAlert (ctor param); extends AbstractFeature; getId "SKYBLOCK_DUNGEON_BLOOD_NOTIFICATION"; keys: DUNGEON_KILL_BLOOD, DUNGEON_KILL_BLOOD_TIMER
com.moonsworth.lunar.client.mod.misc	SkyblockDungeonBreaker	com.moonsworth.lunar.client.mod.skyblock.dungeonbreaker	SkyblockDungeonBreaker	move into feature folder; extends AbstractFeature; getId "SKYBLOCK_DUNGEON_BREAKER"; keys: ^Charges: (?<charges>\\d+)/20⸕$, DUNGEONBREAKER
com.moonsworth.lunar.client.mod.misc	SkyblockDungeonFeedback	com.moonsworth.lunar.client.mod.skyblock.dungeonfeedback	SkyblockDungeonFeedback	move into feature folder; extends AbstractFeature; getId "SKYBLOCK_DUNGEON_FEEDBACK"; keys: ^ +Team Score:.*$, SKYBLOCK_DUNGEON_FEEDBACK
com.moonsworth.lunar.client.mod.misc	SkyblockDungeonPuzzles	com.moonsworth.lunar.client.mod.skyblock.dungeonpuzzles	SkyblockDungeonPuzzles	move into feature folder; extends AbstractFeature; getId "SKYBLOCK_DUNGEON_PUZZLES"; keys: threeWeirdos, creeperBeams
com.moonsworth.lunar.client.mod.misc	SkyblockDungeonQuality	com.moonsworth.lunar.client.mod.skyblock.dungeonquality	SkyblockDungeonQuality	move into feature folder; extends AbstractFeature; getId "SKYBLOCK_DUNGEON_QUALITY"; keys: item_tier, baseStatBoostPercentage
com.moonsworth.lunar.client.mod.misc	SkyblockDungeonRoomNotifications	com.moonsworth.lunar.client.mod.skyblock.dungeonscorealert	SkyblockDungeonRoomNotifications	move into feature folder; child of SkyblockDungeonScoreAlert (ctor param); extends AbstractFeature; getId "SKYBLOCK_DUNGEON_ROOM_NOTIFICATIONS"; keys: DUNGEON_ROOM_CLEARED, DUNGEON_ROOM_SECRETS
com.moonsworth.lunar.client.mod.misc	SkyblockDungeonScoreAlert	com.moonsworth.lunar.client.mod.skyblock.dungeonscorealert	SkyblockDungeonScoreAlert	move into feature folder; extends AbstractFeature; getId "SKYBLOCK_DUNGEON_SCORE_ALERT"; keys: dungeonSAlert, dungeonSPlusAlert
com.moonsworth.lunar.client.mod.misc	SkyblockEnchants	com.moonsworth.lunar.client.mod.skyblock.enchants	SkyblockEnchants	move into feature folder; extends AbstractFeature; getId "SKYBLOCK_ENCHANTS"; keys: (?<= )(?<numeral>[IVXLCDM]+)(?=[^\\w\\.]|$), skyblockReplaceRoman
com.moonsworth.lunar.client.mod.misc	SkyblockEndermanSlayer	com.moonsworth.lunar.client.mod.skyblock.endermanslayer	SkyblockEndermanSlayer	move into feature folder; extends AbstractFeature; getId "SKYBLOCK_ENDERMAN_SLAYER"; keys: ;    public static final Pattern field10 = Pattern.compile(, );    pub
com.moonsworth.lunar.client.mod.misc	SkyblockEnhancedMinionMenu	com.moonsworth.lunar.client.mod.skyblock.enhancedminionmenu	SkyblockEnhancedMinionMenu	move into feature folder; extends AbstractFeature; getId "SKYBLOCK_ENHANCED_MINION_MENU"; keys: showCookieBuff, showActivePet
com.moonsworth.lunar.client.mod.misc	SkyblockExperimentSolvers	com.moonsworth.lunar.client.mod.skyblock.experimentsolvers	SkyblockExperimentSolvers	move into feature folder; extends AbstractFeature; getId "SKYBLOCK_EXPERIMENT_SOLVERS"; keys: blockIncorrectClicks, blockClicksOverride
com.moonsworth.lunar.client.mod.misc	SkyblockExtraPurchaseStats	com.moonsworth.lunar.client.mod.skyblock.chocolatefactory	SkyblockExtraPurchaseStats	move into feature folder; child of SkyblockChocolateFactory (ctor param); extends AbstractFeature; getId "SKYBLOCK_EXTRA_PURCHASE_STATS"; keys: SKYBLOCK_EXTRA_PURCHASE_STATS,  choc/sec
com.moonsworth.lunar.client.mod.misc	SkyblockFairySouls	com.moonsworth.lunar.client.mod.skyblock.fairysouls	SkyblockFairySouls	move into feature folder; extends AbstractFeature; getId "SKYBLOCK_FAIRY_SOULS"; keys: skyblock_fairy_souls.json, SOUL! You found a Fairy Soul!
com.moonsworth.lunar.client.mod.misc	SkyblockFirstLetter	com.moonsworth.lunar.client.mod.skyblock.terminalsolvers	SkyblockFirstLetter	move into feature folder; child of SkyblockTerminalSolvers (ctor param); extends TerminalSolverModule; getId "SKYBLOCK_FIRST_LETTER"; keys: SKYBLOCK_FIRST_LETTER
com.moonsworth.lunar.client.mod.misc	SkyblockFloorFour	com.moonsworth.lunar.client.mod.skyblock.floorfour	SkyblockFloorFour	move into feature folder; extends AbstractFeature; getId "SKYBLOCK_FLOOR_FOUR"; keys: lunar, skyblock/hud/spirit_bear.png
com.moonsworth.lunar.client.mod.misc	SkyblockForagingBeaconSolver	com.moonsworth.lunar.client.mod.skyblock.foragingbeaconsolver	SkyblockForagingBeaconSolver	move into feature folder; extends AbstractFeature; getId "SKYBLOCK_FORAGING_BEACON_SOLVER"; keys: ^Current color: (?<color>[\\w\\s]+)$, ^Current speed: (?<speed>\\d)$
com.moonsworth.lunar.client.mod.misc	SkyblockGardenPests	com.moonsworth.lunar.client.mod.skyblock.gardenpests	SkyblockGardenPests	move into feature folder; extends AbstractFeature; getId "SKYBLOCK_GARDEN_PESTS"; keys: skyblock_garden_plots.json, lunar
com.moonsworth.lunar.client.mod.misc	SkyblockGemstoneProfit	com.moonsworth.lunar.client.mod.skyblock.gemstoneprofit	SkyblockGemstoneProfit	move into feature folder; extends AbstractFeature; getId "SKYBLOCK_GEMSTONE_PROFIT"; keys: JADE, AMBER
com.moonsworth.lunar.client.mod.misc	SkyblockGlaciteCommissions	com.moonsworth.lunar.client.mod.skyblock.glacitecommissions	SkyblockGlaciteCommissions	move into feature folder; extends AbstractFeature; getId "SKYBLOCK_GLACITE_COMMISSIONS"; keys: skipPositionKeyBind, glaciteCommissionLineThickness
com.moonsworth.lunar.client.mod.misc	SkyblockGoldenRabbit	com.moonsworth.lunar.client.mod.skyblock.chocolatefactory	SkyblockGoldenRabbit	move into feature folder; child of SkyblockChocolateFactory (ctor param); extends AbstractFeature; getId "SKYBLOCK_GOLDEN_RABBIT"; keys: SKYBLOCK_GOLDEN_RABBIT, Golden Rabbit
com.moonsworth.lunar.client.mod.misc	SkyblockHigherLower	com.moonsworth.lunar.client.mod.skyblock.dungeonpuzzles	SkyblockHigherLower	move into feature folder; child of SkyblockDungeonPuzzles (ctor param); extends AbstractFeature; getId "SKYBLOCK_HIGHER_LOWER"; keys: ^\\[Lv15] (?<mobType>[^ ] )?Blaze ([0-9,]+)/([0-9,]+), SKYBLOCK_HIGHER
com.moonsworth.lunar.client.mod.misc	SkyblockIceFill	com.moonsworth.lunar.client.mod.skyblock.dungeonpuzzles	SkyblockIceFill	move into feature folder; child of SkyblockDungeonPuzzles (ctor param); extends AbstractFeature; getId "SKYBLOCK_ICE_FILL"; keys: SKYBLOCK_ICE_FILL
com.moonsworth.lunar.client.mod.misc	SkyblockIcePath	com.moonsworth.lunar.client.mod.skyblock.dungeonpuzzles	SkyblockIcePath	move into feature folder; child of SkyblockDungeonPuzzles (ctor param); extends AbstractFeature; getId "SKYBLOCK_ICE_PATH"; keys: SKYBLOCK_ICE_PATH
com.moonsworth.lunar.client.mod.misc	SkyblockItemIdLore	com.moonsworth.lunar.client.mod.skyblock.itemidlore	SkyblockItemIdLore	move into feature folder; extends AbstractFeature; getId "SKYBLOCK_ITEM_ID_LORE"; keys: SKYBLOCK_ITEM_ID_LORE, skyblock:
com.moonsworth.lunar.client.mod.misc	SkyblockKuudra	com.moonsworth.lunar.client.mod.skyblock.kuudra	SkyblockKuudra	move into feature folder; extends AbstractFeature; getId "SKYBLOCK_KUUDRA"; keys: );    private static final Pattern field9 = Pattern.compile(, );    pr
com.moonsworth.lunar.client.mod.misc	SkyblockKuudraAlerts	com.moonsworth.lunar.client.mod.skyblock.kuudra	SkyblockKuudraAlerts	move into feature folder; child of SkyblockKuudra (ctor param); extends AbstractFeature; getId "SKYBLOCK_KUUDRA_ALERTS"; keys: ;    private static final String field12 = , ;    private static final
com.moonsworth.lunar.client.mod.misc	SkyblockKuudraHealth	com.moonsworth.lunar.client.mod.skyblock.kuudrahealth	SkyblockKuudraHealth	move into feature folder; extends AbstractFeature; getId "SKYBLOCK_KUUDRA_HEALTH"; keys: SKYBLOCK_KUUDRA_HEALTH,  / 
com.moonsworth.lunar.client.mod.misc	SkyblockLassoHelper	com.moonsworth.lunar.client.mod.skyblock.lassohelper	SkyblockLassoHelper	move into feature folder; extends AbstractFeature; getId "SKYBLOCK_LASSO_HELPER"; keys: _LASSO, FORAGING_LASSO_PRIMARY
com.moonsworth.lunar.client.mod.misc	SkyblockLilyPadHelper	com.moonsworth.lunar.client.mod.skyblock.lilypadhelper	SkyblockLilyPadHelper	move into feature folder; extends AbstractFeature; getId "SKYBLOCK_LILY_PAD_HELPER"; keys: showLilyPadProgreess, lilyPadProgressGradient
com.moonsworth.lunar.client.mod.misc	SkyblockMatchColors	com.moonsworth.lunar.client.mod.skyblock.terminalsolvers	SkyblockMatchColors	move into feature folder; child of SkyblockTerminalSolvers (ctor param); extends TerminalSolverModule; getId "SKYBLOCK_MATCH_COLORS"; keys: SKYBLOCK_MATCH_COLORS, >>
com.moonsworth.lunar.client.mod.misc	SkyblockMetalDetectorDataGen	com.moonsworth.lunar.client.mod.skyblock.debug	SkyblockMetalDetectorDataGen	move into feature folder; child of SkyblockDebugMod (ctor param); extends AbstractFeature; getId "SKYBLOCK_METAL_DETECTOR_DATA_GEN"; keys: metal-detector-locations.json, SKYBLOCK_METAL_DETECTOR_DATA_GEN
com.moonsworth.lunar.client.mod.misc	SkyblockMiddleClickGui	com.moonsworth.lunar.client.mod.skyblock.middleclickgui	SkyblockMiddleClickGui	move into feature folder; extends AbstractFeature; getId "SKYBLOCK_MIDDLE_CLICK_GUI"; keys: Rename Loadout, Your Equipment and Stats
com.moonsworth.lunar.client.mod.misc	SkyblockMiniBossAlert	com.moonsworth.lunar.client.mod.skyblock.minibossalert	SkyblockMiniBossAlert	move into feature folder; extends AbstractFeature; getId "SKYBLOCK_MINI_BOSS_ALERT"; keys: Mini-Boss Spawned!, SKYBLOCK_MINI_BOSS_ALERT
com.moonsworth.lunar.client.mod.misc	SkyblockMiningSpeedBoostAlert	com.moonsworth.lunar.client.mod.skyblock.miningspeedboostalert	SkyblockMiningSpeedBoostAlert	move into feature folder; extends AbstractFeature; getId "SKYBLOCK_MINING_SPEED_BOOST_ALERT"; keys: Mining Speed Boost is now available!, random.orb
com.moonsworth.lunar.client.mod.misc	SkyblockMuteBeeheemothSounds	com.moonsworth.lunar.client.mod.skyblock.mutebeeheemothsounds	SkyblockMuteBeeheemothSounds	move into feature folder; extends AbstractFeature; getId "SKYBLOCK_MUTE_BEEHEEMOTH_SOUNDS"; keys: entity.bee.loop_aggressive, entity.bee.death
com.moonsworth.lunar.client.mod.misc	SkyblockPartyFinder	com.moonsworth.lunar.client.mod.skyblock.partyfinder	SkyblockPartyFinder	move into feature folder; extends AbstractFeature; getId "SKYBLOCK_PARTY_FINDER"; keys: -----------------------------, 0.00
com.moonsworth.lunar.client.mod.misc	SkyblockPreviewIsolationDebug	com.moonsworth.lunar.client.mod.skyblock.debug	SkyblockPreviewIsolationDebug	move into feature folder; extends AbstractFeature; getId "SKYBLOCK_PREVIEW_ISOLATION_DEBUG"; keys: previewIsolationSnapshot.json, SKYBLOCK_TAB_WIDGET_
com.moonsworth.lunar.client.mod.misc	SkyblockPriceInLore	com.moonsworth.lunar.client.mod.skyblock.priceinlore	SkyblockPriceInLore	move into feature folder; extends AbstractFeature; getId "SKYBLOCK_PRICE_IN_LORE"; keys: skyblockShowAuctionPrices, skyblockShowBazaarPrices
com.moonsworth.lunar.client.mod.misc	SkyblockProfileViewer	com.moonsworth.lunar.client.mod.skyblock.profileviewer	SkyblockProfileViewer	move into feature folder; extends AbstractFeature; getId "SKYBLOCK_PROFILE_VIEWER"; keys: useLunarAlias, pv
com.moonsworth.lunar.client.mod.misc	SkyblockProtectItem	com.moonsworth.lunar.client.mod.skyblock.protectitem	SkyblockProtectItem	move into feature folder; extends AbstractFeature; getId "SKYBLOCK_PROTECT_ITEM"; keys: lunar, icons/stars/star-12x12.png
com.moonsworth.lunar.client.mod.misc	SkyblockQuiz	com.moonsworth.lunar.client.mod.skyblock.dungeonpuzzles	SkyblockQuiz	move into feature folder; child of SkyblockDungeonPuzzles (ctor param); extends AbstractFeature; getId "SKYBLOCK_QUIZ"; keys: 2019-06-11T17:55:00.00Z, SKYBLOCK_QUIZ
com.moonsworth.lunar.client.mod.misc	SkyblockRabbitLevels	com.moonsworth.lunar.client.mod.skyblock.chocolatefactory	SkyblockRabbitLevels	move into feature folder; child of SkyblockChocolateFactory (ctor param); extends AbstractFeature; getId "SKYBLOCK_RABBIT_LEVELS"; keys: SKYBLOCK_RABBIT_LEVELS, SkyblockChocolateFactory
com.moonsworth.lunar.client.mod.misc	SkyblockRarityBackground	com.moonsworth.lunar.client.mod.skyblock.raritybackground	SkyblockRarityBackground	move into feature folder; extends AbstractFeature; getId "SKYBLOCK_RARITY_BACKGROUND"; keys: skyBlockRarityOpacity, SKYBLOCK_RARITY_BACKGROUND
com.moonsworth.lunar.client.mod.misc	SkyblockRenderDebugBlockColors	com.moonsworth.lunar.client.mod.skyblock.debug	SkyblockRenderDebugBlockColors	move into feature folder; extends AbstractFeature; getId "SKYBLOCK_RENDER_DEBUG_BLOCK_COLORS"; keys: SKYBLOCK_RENDER_DEBUG_BLOCK_COLORS
com.moonsworth.lunar.client.mod.misc	SkyblockRenderDebugLavaWater	com.moonsworth.lunar.client.mod.skyblock.debug	SkyblockRenderDebugLavaWater	move into feature folder; extends AbstractFeature; getId "SKYBLOCK_RENDER_DEBUG_LAVA_WATER"; keys: SKYBLOCK_RENDER_DEBUG_LAVA_WATER
com.moonsworth.lunar.client.mod.misc	SkyblockRenderDebugUtilities	com.moonsworth.lunar.client.mod.skyblock.debug	SkyblockRenderDebugUtilities	move into feature folder; extends AbstractFeature; getId "SKYBLOCK_RENDER_DEBUG_UTILITIES"; keys: debugTestBoxMethods, debugTestLineMethods
com.moonsworth.lunar.client.mod.misc	SkyblockSeaCreatureAlert	com.moonsworth.lunar.client.mod.skyblock.seacreaturealert	SkyblockSeaCreatureAlert	move into feature folder; extends AbstractFeature; getId "SKYBLOCK_SEA_CREATURE_ALERT"; keys: entity.experience_orb.pickup, skyBlockSeaCreatureAlerts
com.moonsworth.lunar.client.mod.misc	SkyblockSeaCreatureMessages	com.moonsworth.lunar.client.mod.skyblock.seacreaturemessages	SkyblockSeaCreatureMessages	move into feature folder; extends AbstractFeature; getId "SKYBLOCK_SEA_CREATURE_MESSAGES"; keys: compactDoubleHook, doubleHookText
com.moonsworth.lunar.client.mod.misc	SkyblockSelectColor	com.moonsworth.lunar.client.mod.skyblock.terminalsolvers	SkyblockSelectColor	move into feature folder; child of SkyblockTerminalSolvers (ctor param); extends TerminalSolverModule; getId "SKYBLOCK_SELECT_COLOR"; keys: ^Select all the (?<color>[A-Z ]+) items!$, SKYBLOCK_SELECT_COLOR
com.moonsworth.lunar.client.mod.misc	SkyblockSendCoords	com.moonsworth.lunar.client.mod.skyblock.sendcoords	SkyblockSendCoords	move into feature folder; extends AbstractFeature; getId "SKYBLOCK_SEND_COORDS"; keys: sendCoordsKeybind, Diana
com.moonsworth.lunar.client.mod.misc	SkyblockSimonSays	com.moonsworth.lunar.client.mod.skyblock.terminalsolvers	SkyblockSimonSays	move into feature folder; child of SkyblockTerminalSolvers (ctor param); extends TerminalSolverModule; getId "SKYBLOCK_SIMON_SAYS"; keys: SKYBLOCK_SIMON_SAYS
com.moonsworth.lunar.client.mod.misc	SkyblockSkyMallBuffAlert	com.moonsworth.lunar.client.mod.skyblock.skymallbuffalert	SkyblockSkyMallBuffAlert	move into feature folder; extends AbstractFeature; getId "SKYBLOCK_SKY_MALL_BUFF_ALERT"; keys: SkyMall buff has changed!, New day! Your Sky Mall buff changed!
com.moonsworth.lunar.client.mod.misc	SkyblockSkymartHelper	com.moonsworth.lunar.client.mod.skyblock.skymarthelper	SkyblockSkymartHelper	move into feature folder; extends AbstractFeature; getId "SKYBLOCK_SKYMART_HELPER"; keys: Basic Gardening Hoe, Basic Gardening Axe
com.moonsworth.lunar.client.mod.misc	SkyblockSparklingCritterAlert	com.moonsworth.lunar.client.mod.skyblock.sparklingcritteralert	SkyblockSparklingCritterAlert	move into feature folder; extends AbstractFeature; getId "SKYBLOCK_SPARKLING_CRITTER_ALERT"; keys: );    private static final Pattern field9 = Pattern.compile(, );    pr
com.moonsworth.lunar.client.mod.misc	SkyblockSphinxHelper	com.moonsworth.lunar.client.mod.skyblock.sphinxhelper	SkyblockSphinxHelper	move into feature folder; extends AbstractFeature; getId "SKYBLOCK_SPHINX_HELPER"; keys: ^\\s+(?<letter>[ABC])\\) (?<answer>.+)$, answerSphinxQuestionKeybind
com.moonsworth.lunar.client.mod.misc	SkyblockSpiritLeapAnnounce	com.moonsworth.lunar.client.mod.skyblock.spiritleapannounce	SkyblockSpiritLeapAnnounce	move into feature folder; extends AbstractFeature; getId "SKYBLOCK_SPIRIT_LEAP_ANNOUNCE"; keys: ^You have teleported to (?<username>\\w+)!$, leapMessage
com.moonsworth.lunar.client.mod.misc	SkyblockSpiritLeapDebug	com.moonsworth.lunar.client.mod.skyblock.debug	SkyblockSpiritLeapDebug	move into feature folder; child of SkyblockDebugMod (ctor param); extends AbstractFeature; getId "SKYBLOCK_SPIRIT_LEAP_DEBUG"; keys: openSpiritLeapMenuKeybind, SKYBLOCK_SPIRIT_LEAP_DEBUG
com.moonsworth.lunar.client.mod.misc	SkyblockStackingEnchants	com.moonsworth.lunar.client.mod.skyblock.stackingenchants	SkyblockStackingEnchants	move into feature folder; extends AbstractFeature; getId "SKYBLOCK_STACKING_ENCHANTS"; keys: Expertise, expertise_kills
com.moonsworth.lunar.client.mod.misc	SkyblockStrayRabbit	com.moonsworth.lunar.client.mod.skyblock.chocolatefactory	SkyblockStrayRabbit	move into feature folder; child of SkyblockChocolateFactory (ctor param); extends AbstractFeature; getId "SKYBLOCK_STRAY_RABBIT"; keys: SKYBLOCK_STRAY_RABBIT, CLICK ME!
com.moonsworth.lunar.client.mod.misc	SkyblockSuperpairs	com.moonsworth.lunar.client.mod.skyblock.experimentsolvers	SkyblockSuperpairs	move into feature folder; child of SkyblockExperimentSolvers (ctor param); extends ExperimentSolverModule; getId "SKYBLOCK_SUPERPAIRS"; keys: SKYBLOCK_SUPERPAIRS, Click any button!
com.moonsworth.lunar.client.mod.misc	SkyblockTargetPractice	com.moonsworth.lunar.client.mod.skyblock.terminalsolvers	SkyblockTargetPractice	move into feature folder; child of SkyblockTerminalSolvers (ctor param); extends AbstractFeature; getId "SKYBLOCK_TARGET_PRACTICE"; keys: Device Done!, TARGET_PRACTICE_DEVICE_COMPLETE
com.moonsworth.lunar.client.mod.misc	SkyblockTerminalSolvers	com.moonsworth.lunar.client.mod.skyblock.terminalsolvers	SkyblockTerminalSolvers	move into feature folder; extends AbstractFeature; getId "SKYBLOCK_TERMINAL_SOLVERS"; keys: selectColorTerminal, clickInOrderTerminal
com.moonsworth.lunar.client.mod.misc	SkyblockTerminalSplits	com.moonsworth.lunar.client.mod.skyblock.terminalsplits	SkyblockTerminalSplits	move into feature folder; extends AbstractFeature; getId "SKYBLOCK_TERMINAL_SPLITS"; keys: Simon Says: , Terminal splits: 
com.moonsworth.lunar.client.mod.misc	SkyblockThreeWeirdos	com.moonsworth.lunar.client.mod.skyblock.dungeonpuzzles	SkyblockThreeWeirdos	move into feature folder; child of SkyblockDungeonPuzzles (ctor param); extends AbstractFeature; getId "SKYBLOCK_THREE_WEIRDOS"; keys: ^(\\[NPC]) (\\w+): (.+), ^The reward is not in my chest!$
com.moonsworth.lunar.client.mod.misc	SkyblockTicTacToe	com.moonsworth.lunar.client.mod.skyblock.dungeonpuzzles	SkyblockTicTacToe	move into feature folder; child of SkyblockDungeonPuzzles (ctor param); extends AbstractFeature; getId "SKYBLOCK_TIC_TAC_TOE"; keys: SKYBLOCK_TIC_TAC_TOE, Internal state:
com.moonsworth.lunar.client.mod.misc	SkyblockTitaniumSpawnAlert	com.moonsworth.lunar.client.mod.skyblock.titaniumspawnalert	SkyblockTitaniumSpawnAlert	move into feature folder; extends AbstractFeature; getId "SKYBLOCK_TITANIUM_SPAWN_ALERT"; keys: Titanium Spawned!, playChime
com.moonsworth.lunar.client.mod.misc	SkyblockTpMaze	com.moonsworth.lunar.client.mod.skyblock.dungeonpuzzles	SkyblockTpMaze	move into feature folder; child of SkyblockDungeonPuzzles (ctor param); extends AbstractFeature; getId "SKYBLOCK_TP_MAZE"; keys: SKYBLOCK_TP_MAZE
com.moonsworth.lunar.client.mod.misc	SkyblockTreasureChestHelper	com.moonsworth.lunar.client.mod.skyblock.treasurechesthelper	SkyblockTreasureChestHelper	move into feature folder; extends AbstractFeature; getId "SKYBLOCK_TREASURE_CHEST_HELPER"; keys: random.orb, entity.experience_orb.pickup
com.moonsworth.lunar.client.mod.misc	SkyblockTrophyFishExchangeRate	com.moonsworth.lunar.client.mod.skyblock.trophyfishexchangerate	SkyblockTrophyFishExchangeRate	move into feature folder; extends AbstractFeature; getId "SKYBLOCK_TROPHY_FISH_EXCHANGE_RATE"; keys: lunar, skyblock/hud/magmafish.png
com.moonsworth.lunar.client.mod.misc	SkyblockUltrasequencer	com.moonsworth.lunar.client.mod.skyblock.experimentsolvers	SkyblockUltrasequencer	move into feature folder; child of SkyblockExperimentSolvers (ctor param); extends ExperimentSolverModule; getId "SKYBLOCK_ULTRASEQUENCER"; keys: SKYBLOCK_ULTRASEQUENCER, SkyBlockUltrasequencer
com.moonsworth.lunar.client.mod.misc	SkyblockUnfinishedTerminals	com.moonsworth.lunar.client.mod.skyblock.unfinishedterminals	SkyblockUnfinishedTerminals	move into feature folder; extends AbstractFeature; getId "SKYBLOCK_UNFINISHED_TERMINALS"; keys: skyblockUnfinishedTerminalWaypoints, skyblockUnfinishedTerminalWaypoin
com.moonsworth.lunar.client.mod.misc	SkyblockVampireSlayer	com.moonsworth.lunar.client.mod.skyblock.vampireslayer	SkyblockVampireSlayer	move into feature folder; extends AbstractFeature; getId "SKYBLOCK_VAMPIRE_SLAYER"; keys: vampireSteakDisplay, vampireIchorDisplay
com.moonsworth.lunar.client.mod.misc	SkyblockVisitorAlert	com.moonsworth.lunar.client.mod.skyblock.visitoralert	SkyblockVisitorAlert	move into feature folder; extends AbstractFeature; getId "SKYBLOCK_VISITOR_ALERT"; keys: MAX_VISITORS, maxVisitorAlertDuration
com.moonsworth.lunar.client.mod.misc	SkyblockVisitorBazaarHelper	com.moonsworth.lunar.client.mod.skyblock.visitorbazaarhelper	SkyblockVisitorBazaarHelper	move into feature folder; extends AbstractFeature; getId "SKYBLOCK_VISITOR_BAZAAR_HELPER"; keys: ^ (?<item>[\\w' ]+?)( x(?<amount>[\\d,]+))?$, openRecipeMenu
com.moonsworth.lunar.client.mod.misc	SkyblockVisitorProfit	com.moonsworth.lunar.client.mod.skyblock.visitorprofit	SkyblockVisitorProfit	move into feature folder; extends AbstractFeature; getId "SKYBLOCK_VISITOR_PROFIT"; keys: ^ (?<book>[\\w- ]+) Book$, ^ (?<item>[^+].+?)(?: ❤)?$
com.moonsworth.lunar.client.mod.misc	SkyblockWaterRoom	com.moonsworth.lunar.client.mod.skyblock.dungeonpuzzles	SkyblockWaterRoom	move into feature folder; child of SkyblockDungeonPuzzles (ctor param); extends AbstractFeature; getId "SKYBLOCK_WATER_ROOM"; keys: SKYBLOCK_WATER_ROOM, Couldn't find water room layout.
com.moonsworth.lunar.client.mod.misc	SkyblockWebsiteAdblock	com.moonsworth.lunar.client.mod.skyblock.websiteadblock	SkyblockWebsiteAdblock	move into feature folder; extends AbstractFeature; getId "SKYBLOCK_WEBSITE_ADBLOCK"; keys: SKYBLOCK_WEBSITE_ADBLOCK
com.moonsworth.lunar.client.mod.misc	SkyblockWormScathaAlert	com.moonsworth.lunar.client.mod.skyblock.wormscathaalert	SkyblockWormScathaAlert	move into feature folder; extends AbstractFeature; getId "SKYBLOCK_WORM_SCATHA_ALERT"; keys: WORM_SPAWNING, wormSpawning
com.moonsworth.lunar.client.mod.misc	SoundChanger	com.moonsworth.lunar.client.mod.misc.soundchanger	SoundChanger	move into feature folder; extends AbstractFeature; getId "SOUND_CHANGER"; keys: SOUND_CHANGER, openSoundFile
com.moonsworth.lunar.client.mod.misc	TestCustomGuiOverlay	com.moonsworth.lunar.client.mod.skyblock.test	TestCustomGuiOverlay	move into feature folder; extends AbstractFeature; getId "TEST_CUSTOM_GUI_OVERLAY"; keys: TEST_CUSTOM_GUI_OVERLAY
com.moonsworth.lunar.client.mod.misc	TestCustomGuiOverride	com.moonsworth.lunar.client.mod.skyblock.test	TestCustomGuiOverride	move into feature folder; extends AbstractFeature; getId "TEST_CUSTOM_GUI_OVERRIDE"; keys: TEST_CUSTOM_GUI_OVERRIDE
com.moonsworth.lunar.client.mod.misc	TickDebug	com.moonsworth.lunar.client.mod.misc.debug	TickDebug	move into feature folder; extends AbstractFeature; getId "TICK_DEBUG"; keys: tick, TICK_DEBUG
com.moonsworth.lunar.client.mod.misc	TransformationDebug	com.moonsworth.lunar.client.mod.misc.debug	TransformationDebug	move into feature folder; extends AbstractFeature; getId "TRANSFORMATION_DEBUG"; keys: xRotate, yRotate
com.moonsworth.lunar.client.mod.misc	TurboRenderingDebugMod	com.moonsworth.lunar.client.mod.misc.debug	TurboRenderingDebugMod	move into feature folder; extends AbstractFeature; getId "TURBO_RENDERING_DEBUG_MOD"; keys: TURBO_RENDERING_DEBUG_MOD, turboEntityToggle
com.moonsworth.lunar.client.mod.misc	WaterRoomSolutionGenerator	com.moonsworth.lunar.client.mod.skyblock.debug	WaterRoomSolutionGenerator	move into feature folder; child of SkyblockDebugMod (ctor param); extends AbstractFeature; getId "WATER_ROOM_SOLUTION_GENERATOR"; keys: /sbdm-water, help
com.moonsworth.lunar.client.mod.movement	Freelook	com.moonsworth.lunar.client.mod.movement.freelook	Freelook	move into feature folder; extends AbstractFeature; getId "FREELOOK"; keys: freelook, mode
com.moonsworth.lunar.client.mod.movement	Momentum	com.moonsworth.lunar.client.mod.movement.momentum	Momentum	move into feature folder; extends AbstractFeature; getId "MOMENTUM"; keys: useGroundSpeed, rounding
com.moonsworth.lunar.client.mod.movement	SkyblockSmoothTeleport	com.moonsworth.lunar.client.mod.skyblock.smoothteleport	SkyblockSmoothTeleport	move into feature folder; extends AbstractFeature; getId "SKYBLOCK_SMOOTH_TELEPORT"; keys: ASPECT_OF_THE_END, ASPECT_OF_THE_VOID
com.moonsworth.lunar.client.mod.movement	Snaplook	com.moonsworth.lunar.client.mod.movement.snaplook	Snaplook	move into feature folder; extends AbstractFeature; getId "SNAPLOOK"; keys: thirdPersonKey, forwardPersonKey
com.moonsworth.lunar.client.mod.movement	ToggleSneak	com.moonsworth.lunar.client.mod.movement.togglesneak	ToggleSneak	move into feature folder; extends AbstractFeature; getId "TOGGLE_SNEAK"; keys: toggleSprint, sprintKeybindOverride
com.moonsworth.lunar.client.mod.movement	Zoom	com.moonsworth.lunar.client.mod.movement.zoom	Zoom	move into feature folder; extends AbstractFeature; getId "ZOOM"; keys: zoomKeybind, smoothCamera
com.moonsworth.lunar.client.mod.player	HotbarKeyOverlay	com.moonsworth.lunar.client.mod.player.hotbarkeyoverlay	HotbarKeyOverlay	move into feature folder; extends AbstractFeature; getId "HOTBAR_KEY_OVERLAY"; keys: position, color
com.moonsworth.lunar.client.mod.player	InventoryMod	com.moonsworth.lunar.client.mod.player.inventorymod	InventoryMod	move into feature folder; extends AbstractFeature; getId "INVENTORY_MOD"; keys: dontResetCursor, cursorResetChestScreensOnly
com.moonsworth.lunar.client.mod.player	InventorySearch	com.moonsworth.lunar.client.mod.player.inventorysearch	InventorySearch	move into feature folder; extends AbstractFeature; getId "INVENTORY_SEARCH"; keys: inventorySearchTheme, invSearchOnlyOnSkyblock
com.moonsworth.lunar.client.mod.player	ItemDropProtection	com.moonsworth.lunar.client.mod.player.itemdropprotection	ItemDropProtection	move into feature folder; extends AbstractFeature; getId "ITEM_DROP_PROTECTION"; keys: itemDropProtectionProtectedItems, itemDropProtectionIconColor
com.moonsworth.lunar.client.mod.player	MumbleLink	com.moonsworth.lunar.client.mod.player.mumblelink	MumbleLink	move into feature folder; extends AbstractFeature; getId "MUMBLE_LINK"; keys: mumbleLinkEnabledPopup, mumbleLinkDisabledPopup
com.moonsworth.lunar.client.mod.player	SkyblockFishingHidePlayers	com.moonsworth.lunar.client.mod.skyblock.fishinghideplayers	SkyblockFishingHidePlayers	move into feature folder; extends AbstractFeature; getId "SKYBLOCK_FISHING_HIDE_PLAYERS"; keys: SKYBLOCK_FISHING_HIDE_PLAYERS
com.moonsworth.lunar.client.mod.player	SkyblockHideArmor	com.moonsworth.lunar.client.mod.skyblock.hidearmor	SkyblockHideArmor	move into feature folder; extends AbstractFeature; getId "SKYBLOCK_HIDE_ARMOR"; keys: SKYBLOCK_HIDE_ARMOR
com.moonsworth.lunar.client.mod.player	SkyblockHideChumBuckets	com.moonsworth.lunar.client.mod.skyblock.hidechumbuckets	SkyblockHideChumBuckets	move into feature folder; extends AbstractFeature; getId "SKYBLOCK_HIDE_CHUM_BUCKETS"; keys: ^\\w+'s Chum Bucket$, ^\\w+'s Chumcap Bucket$
com.moonsworth.lunar.client.mod.player	SkyblockHideExCoops	com.moonsworth.lunar.client.mod.skyblock.hideexcoops	SkyblockHideExCoops	move into feature folder; extends AbstractFeature; getId "SKYBLOCK_HIDE_EX_COOPS"; keys: ^(\\[.*] )?(?<name>\\w+): .*$, Co-op Contributions:
com.moonsworth.lunar.client.mod.player	SkyblockHideFallingBlocks	com.moonsworth.lunar.client.mod.skyblock.hidefallingblocks	SkyblockHideFallingBlocks	move into feature folder; extends AbstractFeature; getId "SKYBLOCK_HIDE_FALLING_BLOCKS"; keys: SKYBLOCK_HIDE_FALLING_BLOCKS
com.moonsworth.lunar.client.mod.player	SkyblockHideFarEntities	com.moonsworth.lunar.client.mod.skyblock.hidefarentities	SkyblockHideFarEntities	move into feature folder; extends AbstractFeature; getId "SKYBLOCK_HIDE_FAR_ENTITIES"; keys: hideFarEntitiesDistance, hidePlayers
com.moonsworth.lunar.client.mod.player	SkyblockHideFood	com.moonsworth.lunar.client.mod.skyblock.hidefood	SkyblockHideFood	move into feature folder; extends AbstractFeature; getId "SKYBLOCK_HIDE_FOOD"; keys: SKYBLOCK_HIDE_FOOD
com.moonsworth.lunar.client.mod.player	SkyblockHideMagicSoupMessages	com.moonsworth.lunar.client.mod.skyblock.hidemagicsoupmessages	SkyblockHideMagicSoupMessages	move into feature folder; extends AbstractFeature; getId "SKYBLOCK_HIDE_MAGIC_SOUP_MESSAGES"; keys: I feel like I can fly!, What was in that soup?
com.moonsworth.lunar.client.mod.player	SkyblockHideMidasBlocks	com.moonsworth.lunar.client.mod.skyblock.hidemidasblocks	SkyblockHideMidasBlocks	move into feature folder; extends AbstractFeature; getId "SKYBLOCK_HIDE_MIDAS_BLOCKS"; keys: SKYBLOCK_HIDE_MIDAS_BLOCKS
com.moonsworth.lunar.client.mod.player	SkyblockHideOthersGifts	com.moonsworth.lunar.client.mod.skyblock.hideothersgifts	SkyblockHideOthersGifts	move into feature folder; extends AbstractFeature; getId "SKYBLOCK_HIDE_OTHERS_GIFTS"; keys: SKYBLOCK_HIDE_OTHERS_GIFTS
com.moonsworth.lunar.client.mod.player	SkyblockHidePlayersNearNpc	com.moonsworth.lunar.client.mod.skyblock.hideplayersnearnpc	SkyblockHidePlayersNearNpc	move into feature folder; extends AbstractFeature; getId "SKYBLOCK_HIDE_PLAYERS_NEAR_NPC"; keys: SKYBLOCK_HIDE_PLAYERS_NEAR_NPC
com.moonsworth.lunar.client.mod.player	SkyblockInventoryButtons	com.moonsworth.lunar.client.mod.skyblock.inventorybuttons	SkyblockInventoryButtons	move into feature folder; extends AbstractFeature; getId "SKYBLOCK_INVENTORY_BUTTONS"; keys: openInventoryButtonMovementUIKey, Dropping a malformed SkyBlock invent; Apollo inventory module
com.moonsworth.lunar.client.mod.player	SkyblockLockMouse	com.moonsworth.lunar.client.mod.skyblock.lockmouse	SkyblockLockMouse	move into feature folder; extends AbstractFeature; getId "SKYBLOCK_LOCK_MOUSE"; keys: lockMouseKeybind, lockMouseHud
com.moonsworth.lunar.client.mod.player	SkyblockWardrobeHotkeys	com.moonsworth.lunar.client.mod.skyblock.wardrobehotkeys	SkyblockWardrobeHotkeys	move into feature folder; extends AbstractFeature; getId "SKYBLOCK_WARDROBE_HOTKEYS"; keys: wardrobeHotkeys, equipmentHotkeys
com.moonsworth.lunar.client.mod.player	SlotBinding	com.moonsworth.lunar.client.mod.player.slotbinding	SlotBinding	move into feature folder; extends AbstractFeature; getId "SLOT_BINDING"; keys: lunar, icons/assets/link-24x24.png
com.moonsworth.lunar.client.mod.player	SlotLocking	com.moonsworth.lunar.client.mod.player.slotlocking	SlotLocking	move into feature folder; extends AbstractFeature; getId "SLOT_LOCKING"; keys: lunar, icons/cosmetics/padlock-32x32.png
com.moonsworth.lunar.client.mod.player	TeamView	com.moonsworth.lunar.client.mod.player.teamview	TeamView	move into feature folder; extends AbstractFeature; getId "TEAM_VIEW"; keys: apolloTeams, teamviewHypixel; Apollo team module
com.moonsworth.lunar.client.mod.render	Armorstatus	com.moonsworth.lunar.client.mod.render.armorstatus	Armorstatus	move into feature folder; extends AbstractFeature; getId "ARMORSTATUS"; keys: itemName, itemCount
com.moonsworth.lunar.client.mod.render	ArmorstatusBarsChild	com.moonsworth.lunar.client.mod.render.armorstatus	ArmorstatusBarsChild	move into feature folder; child of Armorstatus (ctor param); extends AbstractFeature; getId "ARMORSTATUS_BARS_CHILD"; keys: smartArmorColors, showGlint
com.moonsworth.lunar.client.mod.render	ArmorstatusProtectionChild	com.moonsworth.lunar.client.mod.render.armorstatus	ArmorstatusProtectionChild	move into feature folder; child of Armorstatus (ctor param); extends AbstractFeature; getId "ARMORSTATUS_PROTECTION_CHILD"; keys: showArmorToughness, ;    private String field10 = 
com.moonsworth.lunar.client.mod.render	BettermapPrimary	com.moonsworth.lunar.client.mod.skyblock.bettermap	BettermapPrimary	move into feature folder; extends BettermapHud; getId "BETTERMAP_PRIMARY"; keys: BETTERMAP_PRIMARY
com.moonsworth.lunar.client.mod.render	BettermapSecondary	com.moonsworth.lunar.client.mod.skyblock.bettermap	BettermapSecondary	move into feature folder; extends BettermapHud; getId "BETTERMAP_SECONDARY"; keys: BETTERMAP_SECONDARY
com.moonsworth.lunar.client.mod.render	BlockOutline	com.moonsworth.lunar.client.mod.render.blockoutline	BlockOutline	move into feature folder; extends AbstractFeature; getId "BLOCK_OUTLINE"; keys: blockOutline, blockOutlineWidth
com.moonsworth.lunar.client.mod.render	ChunkBorders	com.moonsworth.lunar.client.mod.render.chunkborders	ChunkBorders	move into feature folder; extends AbstractFeature; getId "CHUNK_BORDERS"; keys: toggleChunkBorders, grid
com.moonsworth.lunar.client.mod.render	ColorSaturation	com.moonsworth.lunar.client.mod.render.colorsaturation	ColorSaturation	move into feature folder; extends AbstractFeature; getId "COLOR_SATURATION"; keys: colorSaturationSaturation, colorSaturationHue
com.moonsworth.lunar.client.mod.render	Crosshair	com.moonsworth.lunar.client.mod.render.crosshair	Crosshair	move into feature folder; extends AbstractFeature; getId "CROSSHAIR"; keys: showInF5, CROSSHAIR
com.moonsworth.lunar.client.mod.render	CrosshairChildMod	com.moonsworth.lunar.client.mod.render.crosshair	CrosshairChildMod	move into feature folder; child of Crosshair (ctor param); extends AbstractFeature; keys: crosshairMode, color
com.moonsworth.lunar.client.mod.render	CrosshairElytra	com.moonsworth.lunar.client.mod.render.crosshair	CrosshairElytra	move into feature folder; child of CrosshairChildMod (ctor param); extends CrosshairChildMod; getId "CROSSHAIR_ELYTRA"; keys: offset, alignment
com.moonsworth.lunar.client.mod.render	CustomDroppedItems	com.moonsworth.lunar.client.mod.render.itemcustomizer	CustomDroppedItems	move into feature folder; child of ItemCustomizer (ctor param); extends AbstractFeature; getId "CUSTOM_DROPPED_ITEMS"; keys: selectedItems, CUSTOM_DROPPED_ITEMS
com.moonsworth.lunar.client.mod.render	CustomHeldItems	com.moonsworth.lunar.client.mod.render.itemcustomizer	CustomHeldItems	move into feature folder; child of ItemCustomizer (ctor param); extends AbstractFeature; getId "CUSTOM_HELD_ITEMS"; keys: settings, allItems
com.moonsworth.lunar.client.mod.render	DungeonSecretWaypoints	com.moonsworth.lunar.client.mod.skyblock.dungeonsecretwaypoints	DungeonSecretWaypoints	move into feature folder; extends AbstractFeature; getId "DUNGEON_SECRET_WAYPOINTS"; keys: hideCollectedWaypoints, showWaypointDistances
com.moonsworth.lunar.client.mod.render	DungeonWaypoints	com.moonsworth.lunar.client.mod.skyblock.dungeonwaypoints	DungeonWaypoints	move into feature folder; extends AbstractFeature; getId "DUNGEON_WAYPOINTS"; keys: settings, dungeonWaypointsWriter; Apollo waypoint module
com.moonsworth.lunar.client.mod.render	EtherwarpPreview	com.moonsworth.lunar.client.mod.skyblock.etherwarppreview	EtherwarpPreview	move into feature folder; extends AbstractFeature; getId "ETHERWARP_PREVIEW"; keys: etherwarpPreviewColor, etherwarpPreviewInvalid
com.moonsworth.lunar.client.mod.render	Fog	com.moonsworth.lunar.client.mod.render.fog	Fog	move into feature folder; extends AbstractFeature; getId "FOG"; keys: waterFogDensity, renderDistanceFogDensity
com.moonsworth.lunar.client.mod.render	Fov	com.moonsworth.lunar.client.mod.render.fov	Fov	move into feature folder; extends AbstractFeature; getId "FOV"; keys: staticFOV, defaultFov
com.moonsworth.lunar.client.mod.render	GlintColorizer	com.moonsworth.lunar.client.mod.render.glintcolorizer	GlintColorizer	move into feature folder; extends AbstractFeature; getId "GLINT_COLORIZER"; keys: textures/misc/enchanted_glint_item.png, textures/misc/enchanted_item_g; Apollo glint module
com.moonsworth.lunar.client.mod.render	GravityStormPreview	com.moonsworth.lunar.client.mod.skyblock.gravitystormpreview	GravityStormPreview	move into feature folder; extends AbstractFeature; getId "GRAVITY_STORM_PREVIEW"; keys: gyroPreviewColor, gyroLineWidth
com.moonsworth.lunar.client.mod.render	HeightLimit	com.moonsworth.lunar.client.mod.render.heightlimit	HeightLimit	move into feature folder; extends AbstractFeature; getId "HEIGHT_LIMIT"; keys: planks, log; Apollo heightlimit module
com.moonsworth.lunar.client.mod.render	HeightLimitChildMod	com.moonsworth.lunar.client.mod.render.heightlimit	HeightLimitChildMod	move into feature folder; child of HeightLimit (ctor param); extends AbstractFeature; keys: showOverlay, overlayMode; Apollo heightlimit module
com.moonsworth.lunar.client.mod.render	HeldItemAnimations	com.moonsworth.lunar.client.mod.render.itemcustomizer	HeldItemAnimations	move into feature folder; child of ItemCustomizer (ctor param); extends AbstractFeature; getId "HELD_ITEM_ANIMATIONS"; keys: heldItemScaleSwing, customHeldItemSwingSpeed
com.moonsworth.lunar.client.mod.render	HurtCam	com.moonsworth.lunar.client.mod.render.hurtcam	HurtCam	move into feature folder; extends AbstractFeature; getId "HURT_CAM"; keys: disableHurtCam, hurtShakingIntensity
com.moonsworth.lunar.client.mod.render	ItemCustomizer	com.moonsworth.lunar.client.mod.render.itemcustomizer	ItemCustomizer	move into feature folder; extends AbstractFeature; getId "ITEM_CUSTOMIZER"; keys: minecraft:air, ITEM_CUSTOMIZER
com.moonsworth.lunar.client.mod.render	ItemPhysics	com.moonsworth.lunar.client.mod.render.itemphysics	ItemPhysics	move into feature folder; extends AbstractFeature; getId "ITEM_PHYSICS"; keys: rotationSpeed, ITEM_PHYSICS
com.moonsworth.lunar.client.mod.render	Items2d	com.moonsworth.lunar.client.mod.render.items2d	Items2d	move into feature folder; extends AbstractFeature; getId "2D_ITEMS"; keys: renderingOptions, 2D_ITEMS
com.moonsworth.lunar.client.mod.render	LightOverlay	com.moonsworth.lunar.client.mod.render.lightoverlay	LightOverlay	move into feature folder; extends AbstractFeature; getId "LIGHT_OVERLAY"; keys: renderRangeLimit, toggleKeybind
com.moonsworth.lunar.client.mod.render	Lighting	com.moonsworth.lunar.client.mod.render.lighting	Lighting	move into feature folder; extends AbstractFeature; getId "LIGHTING"; keys: fullBright, brightnessBoost
com.moonsworth.lunar.client.mod.render	Markers	com.moonsworth.lunar.client.mod.render.markers	Markers	move into feature folder; extends AbstractFeature; getId "MARKERS"; keys: markerKeybind, clearMarkersKeybind; Apollo marker module
com.moonsworth.lunar.client.mod.render	MenuBlur	com.moonsworth.lunar.client.mod.render.menublur	MenuBlur	move into feature folder; extends AbstractFeature; getId "MENU_BLUR"; keys: blurStrength, Inventory
com.moonsworth.lunar.client.mod.render	Minimap	com.moonsworth.lunar.client.mod.render.minimap	Minimap	move into feature folder; extends AbstractFeature; getId "MINIMAP"; keys: lunar, icons/rewind/record.png
com.moonsworth.lunar.client.mod.render	MinimapMod	com.moonsworth.lunar.client.mod.render.minimap	MinimapMod	move into feature folder; child of Minimap (ctor param); extends AbstractFeature; getId "MINIMAP"; keys: lunar, icons/rewind/record.png
com.moonsworth.lunar.client.mod.render	MobSize	com.moonsworth.lunar.client.mod.render.mobsize	MobSize	move into feature folder; extends AbstractFeature; getId "MOB_SIZE"; keys: playerSize, otherPlayerSize
com.moonsworth.lunar.client.mod.render	MotionBlur	com.moonsworth.lunar.client.mod.render.motionblur	MotionBlur	move into feature folder; extends AbstractFeature; getId "MOTION_BLUR"; keys: value, type
com.moonsworth.lunar.client.mod.render	Nametag	com.moonsworth.lunar.client.mod.render.nametag	Nametag	move into feature folder; extends AbstractFeature; getId "NAMETAG"; keys: nametagBackgroundOpacity, toggleNametagsKeybind; Apollo nametag module
com.moonsworth.lunar.client.mod.render	NickHider	com.moonsworth.lunar.client.mod.render.nickhider	NickHider	move into feature folder; extends AbstractFeature; getId "NICK_HIDER"; keys: minecraft, textures/skins/wide/steve.png; Apollo nickhider module
com.moonsworth.lunar.client.mod.render	OneSevenAnimationsLegacy	com.moonsworth.lunar.client.mod.render.onesevenvisuals	OneSevenAnimationsLegacy	move into feature folder; child of OneSevenVisuals (ctor param); extends AbstractFeature; getId "ONE_SEVEN_ANIMATIONS_LEGACY"; keys: healthAnimation, glintAnimation
com.moonsworth.lunar.client.mod.render	OneSevenAnimationsModern	com.moonsworth.lunar.client.mod.render.onesevenvisuals	OneSevenAnimationsModern	move into feature folder; child of OneSevenVisuals (ctor param); extends AbstractFeature; getId "ONE_SEVEN_ANIMATIONS_MODERN"; keys: healthAnimation, glintAnimation
com.moonsworth.lunar.client.mod.render	OneSevenItemsLegacy	com.moonsworth.lunar.client.mod.render.onesevenvisuals	OneSevenItemsLegacy	move into feature folder; child of OneSevenVisuals (ctor param); extends AbstractFeature; getId "ONE_SEVEN_ITEMS_LEGACY"; keys: blockHitAnimation, itemTransforms
com.moonsworth.lunar.client.mod.render	OneSevenItemsModern	com.moonsworth.lunar.client.mod.render.onesevenvisuals	OneSevenItemsModern	move into feature folder; child of OneSevenVisuals (ctor param); extends AbstractFeature; getId "ONE_SEVEN_ITEMS_MODERN"; keys: blockHitAnimation, itemTransforms
com.moonsworth.lunar.client.mod.render	OneSevenVisuals	com.moonsworth.lunar.client.mod.render.onesevenvisuals	OneSevenVisuals	move into feature folder; extends AbstractFeature; getId "ONE_SEVEN_VISUALS"; keys: ONE_SEVEN_ITEMS_LEGACY, ONE_SEVEN_ANIMATIONS_LEGACY
com.moonsworth.lunar.client.mod.render	OverlayMod	com.moonsworth.lunar.client.mod.render.overlay	OverlayMod	move into feature folder; extends AbstractFeature; getId "OVERLAY_MOD"; keys: lunar, barrier_outline
com.moonsworth.lunar.client.mod.render	ParticleChanger	com.moonsworth.lunar.client.mod.render.particlechanger	ParticleChanger	move into feature folder; extends AbstractFeature; getId "PARTICLE_CHANGER"; keys: alwaysEnchantStrikes, hideFirstPersonParticles
com.moonsworth.lunar.client.mod.render	ParticleChangerBloodChild	com.moonsworth.lunar.client.mod.render.particlechanger	ParticleChangerBloodChild	move into feature folder; child of ParticleChildMod (ctor param); extends ParticleChildMod; getId "PARTICLE_CHANGER_BLOOD_CHILD"; keys: playerBloodParticles, entityBloodParticles
com.moonsworth.lunar.client.mod.render	ParticleChildMod	com.moonsworth.lunar.client.mod.render.particlechanger	ParticleChildMod	move into feature folder; child of ParticleChanger (ctor param); extends AbstractFeature; keys: overlayColor, colorMode
com.moonsworth.lunar.client.mod.render	PotionEffects	com.moonsworth.lunar.client.mod.render.potioneffects	PotionEffects	move into feature folder; extends AbstractFeature; getId "POTION_EFFECTS"; keys: potionEffectsMode, minimalModeHorizontal
com.moonsworth.lunar.client.mod.render	Saturation	com.moonsworth.lunar.client.mod.render.saturation	Saturation	move into feature folder; extends AbstractFeature; getId "SATURATION"; keys: showSaturationOverlay, showHeldItemHunger; Apollo saturation module
com.moonsworth.lunar.client.mod.render	ScrollableTooltips	com.moonsworth.lunar.client.mod.render.scrollabletooltips	ScrollableTooltips	move into feature folder; extends AbstractFeature; getId "SCROLLABLE_TOOLTIPS"; keys: startAtTop, verticalKeybind
com.moonsworth.lunar.client.mod.render	ServerBorders	com.moonsworth.lunar.client.mod.render.serverborders	ServerBorders	move into feature folder; extends AbstractFeature; getId "SERVER_BORDERS"; keys: SERVER_BORDERS; Apollo border module
com.moonsworth.lunar.client.mod.render	ServerCustomNameplate	com.moonsworth.lunar.client.mod.render.servercustomnameplate	ServerCustomNameplate	move into feature folder; extends AbstractFeature; getId "SERVER_CUSTOM_NAMEPLATE"; keys: SERVER_CUSTOM_NAMEPLATE
com.moonsworth.lunar.client.mod.render	ServerHolograms	com.moonsworth.lunar.client.mod.render.serverholograms	ServerHolograms	move into feature folder; extends AbstractFeature; getId "SERVER_HOLOGRAMS"; keys: SERVER_HOLOGRAMS; Apollo hologram module
com.moonsworth.lunar.client.mod.render	ShinyPots	com.moonsworth.lunar.client.mod.render.shinypots	ShinyPots	move into feature folder; extends AbstractFeature; getId "SHINY_POTS"; keys: coloredPotions, renderGlintBehindPotion; Apollo glint module
com.moonsworth.lunar.client.mod.render	ShulkerPreview	com.moonsworth.lunar.client.mod.render.shulkerpreview	ShulkerPreview	move into feature folder; extends AbstractFeature; getId "SHULKER_PREVIEW"; keys: minecraft, textures/gui/container/shulker_box.png
com.moonsworth.lunar.client.mod.render	Skins3d	com.moonsworth.lunar.client.mod.render.skins3d	Skins3d	move into feature folder; extends AbstractFeature; getId "3D_SKINS"; keys: enableHat, enableJacket
com.moonsworth.lunar.client.mod.render	SkyblockArmorDyeColor	com.moonsworth.lunar.client.mod.skyblock.armordyecolor	SkyblockArmorDyeColor	move into feature folder; extends AbstractFeature; getId "SKYBLOCK_ARMOR_DYE_COLOR"; keys: textColor, matchColorOfArmor
com.moonsworth.lunar.client.mod.render	SkyblockChatWaypoints	com.moonsworth.lunar.client.mod.skyblock.chatwaypoints	SkyblockChatWaypoints	move into feature folder; extends AbstractFeature; getId "SKYBLOCK_CHAT_WAYPOINTS"; keys: chatWaypointColor, chatWaypointLifetime
com.moonsworth.lunar.client.mod.render	SkyblockCreeperBeams	com.moonsworth.lunar.client.mod.skyblock.dungeonpuzzles	SkyblockCreeperBeams	move into feature folder; child of SkyblockDungeonPuzzles (ctor param); extends AbstractFeature; getId "SKYBLOCK_CREEPER_BEAMS"; keys: SKYBLOCK_CREEPER_BEAMS
com.moonsworth.lunar.client.mod.render	SkyblockCroesusChests	com.moonsworth.lunar.client.mod.skyblock.croesuschests	SkyblockCroesusChests	move into feature folder; extends AbstractFeature; getId "SKYBLOCK_CROESUS_CHESTS"; keys: skyblockHideOpenedCroesusChests, skyblockHideCroesusChestKeyChests
com.moonsworth.lunar.client.mod.render	SkyblockCrystalHollowsMap	com.moonsworth.lunar.client.mod.skyblock.crystalhollowsmap	SkyblockCrystalHollowsMap	move into feature folder; extends AbstractFeature; getId "SKYBLOCK_CRYSTAL_HOLLOWS_MAP"; keys: minecraft, textures/skins/wide/steve.png
com.moonsworth.lunar.client.mod.render	SkyblockDungeonColors	com.moonsworth.lunar.client.mod.skyblock.dungeoncolors	SkyblockDungeonColors	move into feature folder; extends AbstractFeature; getId "SKYBLOCK_DUNGEON_COLORS"; keys: highlightDungeonCrackedStoneBricks, highlightDungeonChests
com.moonsworth.lunar.client.mod.render	SkyblockDungeonHighlightDoors	com.moonsworth.lunar.client.mod.skyblock.dungeonhighlightdoors	SkyblockDungeonHighlightDoors	move into feature folder; extends AbstractFeature; getId "SKYBLOCK_DUNGEON_HIGHLIGHT_DOORS"; keys: dungeonDoorOpenable, dungeonDoorOpenableFill
com.moonsworth.lunar.client.mod.render	SkyblockDungeonNametags	com.moonsworth.lunar.client.mod.skyblock.dungeonnametags	SkyblockDungeonNametags	move into feature folder; extends AbstractFeature; getId "SKYBLOCK_DUNGEON_NAMETAGS"; keys: ) && !text2.contains(, SKYBLOCK_DUNGEON_NAMETAGS
com.moonsworth.lunar.client.mod.render	SkyblockDungeonRoutes	com.moonsworth.lunar.client.mod.skyblock.dungeonroutes	SkyblockDungeonRoutes	move into feature folder; extends AbstractFeature; getId "SKYBLOCK_DUNGEON_ROUTES"; keys: defaultSecretRoutesEnabled, secretRoutesNamesAtStart
com.moonsworth.lunar.client.mod.render	SkyblockDungeonTeammateHighlight	com.moonsworth.lunar.client.mod.skyblock.dungeonteammatehighlight	SkyblockDungeonTeammateHighlight	move into feature folder; extends AbstractFeature; getId "SKYBLOCK_DUNGEON_TEAMMATE_HIGHLIGHT"; keys: skyblockDungeonGlowHealer, skyblockDungeonGlowArcher
com.moonsworth.lunar.client.mod.render	SkyblockEggLocator	com.moonsworth.lunar.client.mod.skyblock.hoppityegghud	SkyblockEggLocator	move into feature folder; child of SkyblockHoppityEggHud (ctor param); extends AbstractFeature; getId "SKYBLOCK_EGG_LOCATOR"; keys: block.sand.step, entity.cat.purreow
com.moonsworth.lunar.client.mod.render	SkyblockEggWaypoints	com.moonsworth.lunar.client.mod.skyblock.hoppityegghud	SkyblockEggWaypoints	move into feature folder; child of SkyblockHoppityEggHud (ctor param); extends AbstractFeature; getId "SKYBLOCK_EGG_WAYPOINTS"; keys: SKYBLOCK_EGG_WAYPOINTS, Egg (Duplicate)
com.moonsworth.lunar.client.mod.render	SkyblockEnchantDisplay	com.moonsworth.lunar.client.mod.skyblock.enchantdisplay	SkyblockEnchantDisplay	move into feature folder; extends AbstractFeature; getId "SKYBLOCK_ENCHANT_DISPLAY"; keys: showItemEnchant, showBookEnchant
com.moonsworth.lunar.client.mod.render	SkyblockEndNodeHighlight	com.moonsworth.lunar.client.mod.skyblock.endnodehighlight	SkyblockEndNodeHighlight	move into feature folder; extends TrackedBlockHighlight; getId "SKYBLOCK_END_NODE_HIGHLIGHT"; keys: SKYBLOCK_END_NODE_HIGHLIGHT
com.moonsworth.lunar.client.mod.render	SkyblockFarmingToolCropIcon	com.moonsworth.lunar.client.mod.skyblock.farmingtoolcropicon	SkyblockFarmingToolCropIcon	move into feature folder; extends AbstractFeature; getId "SKYBLOCK_FARMING_TOOL_CROP_ICON"; keys: THEORETICAL_HOE_WHEAT, THEORETICAL_HOE_CARROT
com.moonsworth.lunar.client.mod.render	SkyblockFishingCircleOverlay	com.moonsworth.lunar.client.mod.skyblock.fishingcircleoverlay	SkyblockFishingCircleOverlay	move into feature folder; extends AbstractFeature; getId "SKYBLOCK_FISHING_CIRCLE_OVERLAY"; keys: overlayShape, hotspotOverlay
com.moonsworth.lunar.client.mod.render	SkyblockFishingHotspotLocator	com.moonsworth.lunar.client.mod.skyblock.fishinghotspotlocator	SkyblockFishingHotspotLocator	move into feature folder; extends AbstractFeature; getId "SKYBLOCK_FISHING_HOTSPOT_LOCATOR"; keys: block.note_block.pling, entity.guardian.death
com.moonsworth.lunar.client.mod.render	SkyblockFishingMarker	com.moonsworth.lunar.client.mod.skyblock.fishingmarker	SkyblockFishingMarker	move into feature folder; extends AbstractFeature; getId "SKYBLOCK_FISHING_MARKER"; keys: skyblockFishingMarkerType, skyblockFishingMarkerColor
com.moonsworth.lunar.client.mod.render	SkyblockFossilExcavationSolver	com.moonsworth.lunar.client.mod.skyblock.fossilexcavationsolver	SkyblockFossilExcavationSolver	move into feature folder; extends AbstractFeature; getId "SKYBLOCK_FOSSIL_EXCAVATION_SOLVER"; keys: SKYBLOCK_FOSSIL_EXCAVATION_SOLVER, Fossil Excavator
com.moonsworth.lunar.client.mod.render	SkyblockGalateaMobHighlight	com.moonsworth.lunar.client.mod.skyblock.galateamobhighlight	SkyblockGalateaMobHighlight	move into feature folder; extends AbstractFeature; getId "SKYBLOCK_GALATEA_MOB_HIGHLIGHT"; keys: skyblockHighlightHideonleafs, skyblockHideonleafHighlightColor
com.moonsworth.lunar.client.mod.render	SkyblockGlowingMushroomHighlight	com.moonsworth.lunar.client.mod.skyblock.glowingmushroomhighlight	SkyblockGlowingMushroomHighlight	move into feature folder; extends TrackedBlockHighlight; getId "SKYBLOCK_GLOWING_MUSHROOM_HIGHLIGHT"; keys: SKYBLOCK_GLOWING_MUSHROOM_HIGHLIGHT
com.moonsworth.lunar.client.mod.render	SkyblockGravityWellWaypoints	com.moonsworth.lunar.client.mod.skyblock.gravitywellwaypoints	SkyblockGravityWellWaypoints	move into feature folder; extends AbstractFeature; getId "SKYBLOCK_GRAVITY_WELL_WAYPOINTS"; keys: SKYBLOCK_GRAVITY_WELL_WAYPOINTS, Gravity Well: 
com.moonsworth.lunar.client.mod.render	SkyblockHealingCircleOverlay	com.moonsworth.lunar.client.mod.skyblock.healingcircleoverlay	SkyblockHealingCircleOverlay	move into feature folder; extends AbstractFeature; getId "SKYBLOCK_HEALING_CIRCLE_OVERLAY"; keys: healingCircleColor, SKYBLOCK_HEALING_CIRCLE_OVERLAY
com.moonsworth.lunar.client.mod.render	SkyblockHideLotusfishNametag	com.moonsworth.lunar.client.mod.skyblock.hidelotusfishnametag	SkyblockHideLotusfishNametag	move into feature folder; extends AbstractFeature; getId "SKYBLOCK_HIDE_LOTUSFISH_NAMETAG"; keys: hideFarEntitiesDistance, SKYBLOCK_HIDE_LOTUSFISH_NAMETAG
com.moonsworth.lunar.client.mod.render	SkyblockHighlightFilledBzOrders	com.moonsworth.lunar.client.mod.skyblock.highlightfilledbzorders	SkyblockHighlightFilledBzOrders	move into feature folder; extends AbstractFeature; getId "SKYBLOCK_HIGHLIGHT_FILLED_BZ_ORDERS"; keys: highlightColor,  100%!
com.moonsworth.lunar.client.mod.render	SkyblockHighlightTrashDungeonItems	com.moonsworth.lunar.client.mod.skyblock.highlighttrashdungeonitems	SkyblockHighlightTrashDungeonItems	move into feature folder; extends AbstractFeature; getId "SKYBLOCK_HIGHLIGHT_TRASH_DUNGEON_ITEMS"; keys: highlightColor, highlight50Quality
com.moonsworth.lunar.client.mod.render	SkyblockInactiveEffigyDisplay	com.moonsworth.lunar.client.mod.skyblock.inactiveeffigydisplay	SkyblockInactiveEffigyDisplay	move into feature folder; extends AbstractFeature; getId "SKYBLOCK_INACTIVE_EFFIGY_DISPLAY"; keys: ;    private final Pattern field10 = Pattern.compile(, SKYBLOCK_INACTI
com.moonsworth.lunar.client.mod.render	SkyblockKuudraWaypoints	com.moonsworth.lunar.client.mod.skyblock.kuudra	SkyblockKuudraWaypoints	move into feature folder; child of SkyblockKuudra (ctor param); extends AbstractFeature; getId "SKYBLOCK_KUUDRA_WAYPOINTS"; keys: SKYBLOCK_KUUDRA_WAYPOINTS, \\D
com.moonsworth.lunar.client.mod.render	SkyblockMageBeam	com.moonsworth.lunar.client.mod.skyblock.magebeam	SkyblockMageBeam	move into feature folder; extends AbstractFeature; getId "SKYBLOCK_MAGE_BEAM"; keys: customMageBeam, hideSheepOption
com.moonsworth.lunar.client.mod.render	SkyblockMetalDetector	com.moonsworth.lunar.client.mod.skyblock.metaldetector	SkyblockMetalDetector	move into feature folder; extends AbstractFeature; getId "SKYBLOCK_METAL_DETECTOR"; keys: skyBlockMetalDetectorLine, TREASURE: ([\\d.]+)m
com.moonsworth.lunar.client.mod.render	SkyblockMineshaftCorpseWaypoints	com.moonsworth.lunar.client.mod.skyblock.mineshaftcorpsewaypoints	SkyblockMineshaftCorpseWaypoints	move into feature folder; extends AbstractFeature; getId "SKYBLOCK_MINESHAFT_CORPSE_WAYPOINTS"; keys: SKYBLOCK_MINESHAFT_CORPSE_WAYPOINTS, _C
com.moonsworth.lunar.client.mod.render	SkyblockRabbitCollectionOverlay	com.moonsworth.lunar.client.mod.skyblock.chocolatefactory	SkyblockRabbitCollectionOverlay	move into feature folder; child of SkyblockChocolateFactory (ctor param); extends AbstractFeature; getId "SKYBLOCK_RABBIT_COLLECTION_OVERLAY"; keys: SKYBLOCK_RABBIT_COLLECTION_OVERLAY, Switching to profile 
com.moonsworth.lunar.client.mod.render	SkyblockRainbowBellWaypoints	com.moonsworth.lunar.client.mod.skyblock.rainbowbellwaypoints	SkyblockRainbowBellWaypoints	move into feature folder; extends AbstractFeature; getId "SKYBLOCK_RAINBOW_BELL_WAYPOINTS"; keys: You rang the bell!, This bell has already been rung!
com.moonsworth.lunar.client.mod.render	SkyblockReplaceLavaTexture	com.moonsworth.lunar.client.mod.skyblock.replacelavatexture	SkyblockReplaceLavaTexture	move into feature folder; extends AbstractFeature; getId "SKYBLOCK_REPLACE_LAVA_TEXTURE"; keys: replaceLavaWithWaterEverywhere, SKYBLOCK_REPLACE_LAVA_TEXTURE
com.moonsworth.lunar.client.mod.render	SkyblockStorageHoverPreview	com.moonsworth.lunar.client.mod.skyblock.storagehoverpreview	SkyblockStorageHoverPreview	move into feature folder; extends AbstractFeature; getId "SKYBLOCK_STORAGE_HOVER_PREVIEW"; keys: minecraft, textures/gui/container/generic_54.png
com.moonsworth.lunar.client.mod.render	SkyblockVanillaItemModels	com.moonsworth.lunar.client.mod.skyblock.vanillaitemmodels	SkyblockVanillaItemModels	move into feature folder; extends AbstractFeature; getId "SKYBLOCK_VANILLA_ITEM_MODELS"; keys: skyBlockVanillaModelOverrides, skyBlockVanillaModelWhitelist
com.moonsworth.lunar.client.mod.render	SkyblockVanillaItemModels$HHRROIIHRRICIIHIIHICRHHRHOHHOO$Data	com.moonsworth.lunar.client.mod.skyblock.vanillaitemmodels	SkyblockVanillaItemModels$HHRROIIHRRICIIHIIHICRHHRHOHHOO$Data	move into feature folder; 
com.moonsworth.lunar.client.mod.render	SkyblockVanillaItemModels$HHRROIIHRRICIIHIIHICRHHRHOHHOO$Data2	com.moonsworth.lunar.client.mod.skyblock.vanillaitemmodels	SkyblockVanillaItemModels$HHRROIIHRRICIIHIIHICRHHRHOHHOO$Data2	move into feature folder; 
com.moonsworth.lunar.client.mod.render	SkyblockWishingCompass	com.moonsworth.lunar.client.mod.skyblock.wishingcompass	SkyblockWishingCompass	move into feature folder; extends AbstractFeature; getId "SKYBLOCK_WISHING_COMPASS"; keys: SKYBLOCK_WISHING_COMPASS, wishingCompassSuccess
com.moonsworth.lunar.client.mod.render	SpiritLeapOverlay	com.moonsworth.lunar.client.mod.skyblock.spiritleapoverlay	SpiritLeapOverlay	move into feature folder; extends AbstractFeature; getId "SPIRIT_LEAP_OVERLAY"; keys: spiritLeapMenuMode, spiritLeapNames
com.moonsworth.lunar.client.mod.render	StaffXray	com.moonsworth.lunar.client.mod.render.staffxray	StaffXray	move into feature folder; extends AbstractFeature; getId "STAFF_XRAY"; keys: xrayToggle, opacity; Apollo staffmod module
com.moonsworth.lunar.client.mod.render	StarredMobHighlight	com.moonsworth.lunar.client.mod.skyblock.starredmobhighlight	StarredMobHighlight	move into feature folder; extends AbstractFeature; getId "STARRED_MOB_HIGHLIGHT"; keys: ^(?<mobTypes>[^ ]+ )?✯[A-Za-z ]+([\\d.,]+[kmbKMB]?)❤$, starredMobHighl
com.moonsworth.lunar.client.mod.render	StorageOverlay	com.moonsworth.lunar.client.mod.skyblock.storageoverlay	StorageOverlay	move into feature folder; extends AbstractFeature; getId "STORAGE_OVERLAY"; keys: storageOverlayLockedSlots, storageOverlayAnimationsEnabled
com.moonsworth.lunar.client.mod.render	TeamCakeHighlight	com.moonsworth.lunar.client.mod.skyblock.teamcakehighlight	TeamCakeHighlight	move into feature folder; extends AbstractFeature; getId "TEAM_CAKE_HIGHLIGHT"; keys: TEAM_CAKE_HIGHLIGHT
com.moonsworth.lunar.client.mod.render	TierTagger	com.moonsworth.lunar.client.mod.render.tiertagger	TierTagger	move into feature folder; extends AbstractFeature; getId "TIER_TAGGER"; keys: Tier Tagger Thread %d, Uncaught error on thread %s!
com.moonsworth.lunar.client.mod.render	TiersAsStackSize	com.moonsworth.lunar.client.mod.skyblock.tiersasstacksize	TiersAsStackSize	move into feature folder; extends AbstractFeature; getId "TIERS_AS_STACK_SIZE"; keys: bookLevelAsStack, potionLevelAsStack
com.moonsworth.lunar.client.mod.render	TimeChanger	com.moonsworth.lunar.client.mod.render.timechanger	TimeChanger	move into feature folder; extends AbstractFeature; getId "TIME_CHANGER"; keys: timeChangerTime, horizonYLevel
com.moonsworth.lunar.client.mod.render	Titles	com.moonsworth.lunar.client.mod.render.titles	Titles	move into feature folder; extends AbstractFeature; getId "TITLES"; keys: showInHudEditor, keepTitleCentered; Apollo title module
com.moonsworth.lunar.client.mod.render	TotemAnimationOverlayChild	com.moonsworth.lunar.client.mod.render.overlay	TotemAnimationOverlayChild	move into feature folder; child of OverlayMod (ctor param); extends AbstractFeature; getId "TOTEM_ANIMATION_OVERLAY_CHILD"; keys: hidePopAnim, popAnimCustomPos
com.moonsworth.lunar.client.mod.render	Waypoints	com.moonsworth.lunar.client.mod.render.waypoints	Waypoints	move into feature folder; extends AbstractFeature; getId "WAYPOINTS"; keys: waypointBeams, boxBorder; Apollo waypoint module
com.moonsworth.lunar.client.mod.render	WeatherChanger	com.moonsworth.lunar.client.mod.render.weatherchanger	WeatherChanger	move into feature folder; extends AbstractFeature; getId "WEATHER_CHANGER"; keys: weatherMode, rainStrength
com.moonsworth.lunar.client.mod.render	WorldeditCui	com.moonsworth.lunar.client.mod.render.worldeditcui	WorldeditCui	move into feature folder; extends AbstractFeature; getId "WORLDEDIT_CUI"; keys: WECUI, worldedit:cui
